timestep,fps,ep_len_min,ep_len_mean,ep_len_max,ep_len_std,return_min,return_mean,return_max,return_std,disc_return_mean,total_loss,value_loss,actor_loss,entropy,prob_fail,prob_success,prob_reject,lambda
8192,164.20540218285694,57.0,424.11765,500.0,143.08733,-1.0,-0.23529412,1.0,0.54550695,-0.002989082,-0.0022277706,0.016539447,-0.010497495,2.180272,0.9411765,0.05882353,0.29411766,0.5012205839157104
16384,880.1450838514919,40.0,370.38235,500.0,182.53444,-1.0,-0.29411766,1.0,0.57031524,-0.06644443,-0.009115844,0.0042340793,-0.011232885,2.1797707,0.9411765,0.05882353,0.3529412,0.5030294060707092
24576,878.7325605167723,40.0,411.86,500.0,162.2117,-1.0,-0.2,1.0,0.48989797,-0.04518221,-0.0077948123,0.0013259971,-0.008457811,2.165462,0.96,0.04,0.24,0.5027794241905212
32768,880.0819386088483,40.0,428.42648,500.0,151.81822,-1.0,-0.16176471,1.0,0.44093132,-0.043159407,-0.0029905522,0.0010640824,-0.0035225935,2.1520252,0.9705882,0.029411765,0.19117647,0.5028071999549866
40960,881.3035709687159,32.0,437.96512,500.0,144.82278,-1.0,-0.11627907,1.0,0.41536215,-0.025610888,-0.0035326192,0.00096797507,-0.004016606,2.1419673,0.96511626,0.034883723,0.15116279,0.5025572180747986
49152,884.6044839902619,26.0,444.14423,500.0,139.87973,-1.0,-0.086538464,1.0,0.3949337,-0.01369918,-0.0032220937,0.00069164875,-0.003567918,2.1362245,0.96153843,0.03846154,0.125,0.5023072361946106
57344,883.9564103265315,26.0,448.5082,500.0,136.0937,-1.0,-0.08196721,1.0,0.37526304,-0.017989822,-0.00070033397,0.0007344544,-0.0010675612,2.1313195,0.9672131,0.032786883,0.114754096,0.5023350119590759
65536,881.2629519645709,26.0,454.80576,500.0,128.61139,-1.0,-0.07194245,1.0,0.35259137,-0.015789626,-0.002096001,0.00037657033,-0.002284286,2.1332192,0.971223,0.02877698,0.10071942,0.5020850300788879
73728,883.0481772240814,21.0,454.4114,500.0,130.22678,-1.0,-0.050632913,1.0,0.35216275,-0.005145224,-0.0019248329,0.00072651246,-0.0022880891,2.127623,0.96202534,0.03797468,0.088607594,0.5018350481987
81920,883.8461751252668,11.0,453.4,500.0,132.69441,-1.0,-0.057142857,1.0,0.3499271,-0.013792806,-0.0023985738,0.00074970326,-0.0027734258,2.1249247,0.9657143,0.034285713,0.09142857,0.5021733045578003
90112,882.3802415993988,11.0,455.35233,500.0,130.56482,-1.0,-0.05699482,1.0,0.34047407,-0.016078707,-0.0018317292,0.00060743256,-0.0021354456,2.138553,0.96891195,0.031088082,0.0880829,0.5022010803222656
98304,879.1081121367735,11.0,452.6887,500.0,135.05348,-1.0,-0.056603774,1.0,0.34559733,-0.017366165,-0.0039303023,0.0009098528,-0.004385229,2.1498518,0.9669811,0.03301887,0.08962264,0.5024774074554443
106496,877.9696089885557,11.0,456.20087,500.0,130.5345,-1.0,-0.052401748,1.0,0.33285308,-0.016076975,-0.0020849095,0.000346897,-0.002258358,2.1487749,0.9694323,0.030567685,0.082969435,0.5022274255752563
114688,882.5595646965266,10.0,457.23578,500.0,129.59465,-1.0,-0.044715445,1.0,0.32826307,-0.011252479,-0.004375839,0.00045997387,-0.004605826,2.145714,0.96747965,0.032520324,0.07723577,0.5019774436950684
122880,882.8153712481442,10.0,459.84732,500.0,125.992065,-1.0,-0.041984733,1.0,0.31826204,-0.010565304,-0.0025473912,0.0004561922,-0.002775487,2.1417391,0.9694657,0.030534351,0.07251909,0.5017274618148804
131072,880.5727982071852,10.0,455.89362,500.0,132.52597,-1.0,-0.04609929,1.0,0.3283351,-0.015298416,-0.0033044983,0.0012217395,-0.003915368,2.1428351,0.9680851,0.031914894,0.07801419,0.5022274851799011
139264,878.7472581904932,10.0,456.505,500.0,131.47365,-1.0,-0.04347826,1.0,0.32935926,-0.016946908,-0.0037080552,0.00076680485,-0.004091458,2.1429756,0.9665552,0.033444814,0.07692308,0.5022715926170349
147456,883.5053203701854,10.0,457.4889,500.0,129.88019,-1.0,-0.03809524,1.0,0.3263208,-0.015066425,-0.0038288564,0.00051482575,-0.004086269,2.1365051,0.96507937,0.034920637,0.073015876,0.5020216107368469
155648,878.5671444683243,10.0,455.72836,500.0,132.90851,-1.0,-0.03880597,1.0,0.3300634,-0.016232522,-0.0034580918,0.00084498804,-0.0038805862,2.1310534,0.9641791,0.035820894,0.07462686,0.5022715926170349
163840,879.4159601595942,10.0,454.30792,500.0,134.37276,-1.0,-0.036723163,1.0,0.3383351,-0.010775888,-0.0034778921,0.0010135351,-0.00398466,2.133168,0.96045196,0.03954802,0.076271184,0.5025479197502136
172032,880.8568774334466,10.0,451.79947,500.0,137.98984,-1.0,-0.029411765,1.0,0.3456238,-0.005553937,-0.0006233297,0.00077416643,-0.0010104129,2.1349893,0.95454544,0.045454547,0.07486631,0.5025479197502136
180224,880.5750775160561,10.0,451.97443,500.0,137.11932,-1.0,-0.020460358,1.0,0.34977636,-0.003643095,-0.002437492,0.00073021936,-0.0028026015,2.1345515,0.9488491,0.051150896,0.071611255,0.5022979378700256
188416,882.9712952480621,10.0,452.53302,500.0,136.18282,-1.0,-0.024449877,1.0,0.34878588,-0.00554195,-0.006458719,0.00062286214,-0.0067701493,2.125622,0.95110023,0.048899755,0.07334963,0.5026034712791443
196608,881.5204046076058,10.0,449.31396,500.0,140.89912,-1.0,-0.01627907,1.0,0.35727018,0.00027520602,-0.0026450478,0.0008044304,-0.0030472632,2.115129,0.94418603,0.055813953,0.072093025,0.5025915503501892
204800,880.5918906044359,10.0,449.46875,500.0,140.64651,-1.0,-0.011160715,1.0,0.3565215,0.0028178378,-0.0020173287,0.00045957818,-0.002247118,2.104859,0.94196427,0.058035713,0.069196425,0.5023415684700012
212992,879.6936176871583,10.0,449.8301,500.0,139.99432,-1.0,-0.010752688,1.0,0.35604227,0.0009597014,-0.0018517486,0.0005797487,-0.0021416226,2.0999908,0.9419355,0.058064517,0.068817206,0.502385675907135
221184,878.9347303624636,10.0,449.80786,500.0,140.31474,-1.0,-0.010330578,1.0,0.35486102,0.0011672821,-0.0022995006,0.00067317253,-0.0026360871,2.0968938,0.94214875,0.05785124,0.06818182,0.5023988485336304
229376,882.869063867995,10.0,448.68192,500.0,141.32753,-1.0,-0.0019880715,1.0,0.3594728,0.0049573686,-0.0034926136,0.0010487494,-0.0040169884,2.0861075,0.9363817,0.06361829,0.06560636,0.5021488666534424
237568,880.7498747177593,10.0,449.54318,500.0,140.40349,-1.0,0.0,1.0,0.35592058,0.006294118,-0.004189362,0.00034898386,-0.004363854,2.0820825,0.9366603,0.06333973,0.06333973,0.5018988847732544
245760,887.9410706547274,10.0,448.02948,500.0,142.74088,-1.0,-0.0036832413,1.0,0.3590263,0.002682195,-0.0040932163,0.00088698056,-0.0045367065,2.0788083,0.9373849,0.062615104,0.06629834,0.5023307204246521
253952,883.8627723143159,10.0,447.99823,500.0,142.97232,-1.0,-0.0035650623,1.0,0.35823113,0.0028680447,-0.0039281403,0.0005320054,-0.004194143,2.0707018,0.9376114,0.06238859,0.06595366,0.5023584961891174
262144,879.454495715519,10.0,447.962,500.0,143.20853,-1.0,-0.0034542314,1.0,0.35748374,0.0027082455,-0.0035985971,0.00057846354,-0.0038878291,2.061998,0.93782383,0.062176164,0.0656304,0.5023862719535828
270336,882.3879914195076,10.0,447.2893,500.0,144.15712,-1.0,0.0016722408,1.0,0.35883108,0.0062141675,-0.0034418968,0.0005597617,-0.0037217776,2.0602005,0.9347826,0.06521739,0.06354515,0.5021362900733948
278528,882.705012253534,10.0,446.46268,500.0,145.449,-1.0,0.0,1.0,0.360375,0.0046618897,-0.0056291525,0.0007760001,-0.0060171527,2.0565054,0.9350649,0.064935066,0.064935066,0.5024418234825134
286720,885.0939048507533,10.0,447.2417,500.0,144.4569,-1.0,-0.0015797789,1.0,0.35771438,0.0038437692,-0.0026411386,0.0004612122,-0.0028717448,2.0521646,0.9368088,0.06319115,0.06477093,0.5024859309196472
294912,882.410561846588,10.0,446.5399,500.0,145.58093,-1.0,0.0030674846,1.0,0.35892192,0.007796895,-0.002768109,0.0004331412,-0.0029846798,2.0406556,0.93404907,0.06595092,0.06288344,0.5022359490394592
303104,894.388760227697,10.0,447.1779,500.0,144.90585,-1.0,0.0014947683,1.0,0.356445,0.006338763,-0.004338925,0.00030221732,-0.0044900333,2.0319805,0.935725,0.064275034,0.06278027,0.502280056476593
311296,888.8851788831663,10.0,448.41168,500.0,143.42558,-1.0,0.001459854,1.0,0.35225767,0.0061907037,-0.005304197,0.00016254983,-0.005385472,2.033339,0.9372263,0.06277372,0.061313868,0.502030074596405
319488,882.5556655933106,10.0,449.58917,500.0,141.9885,-1.0,0.0014265336,1.0,0.34821448,0.0060494044,-0.0050078956,0.00015481372,-0.0050853025,2.0278037,0.9386591,0.061340943,0.059914406,0.501780092716217
327680,881.7082248735428,10.0,450.11282,500.0,141.41418,-1.0,0.0027855153,1.0,0.34607717,0.0070684482,-0.0037549876,0.00026355765,-0.003886766,2.0276005,0.9387187,0.06128134,0.058495823,0.501530110836029
335872,878.6083241408195,10.0,451.26666,500.0,139.97023,-1.0,0.0027210885,1.0,0.34205174,0.00690496,-0.0038327063,0.00013260319,-0.0038990078,2.033602,0.9401361,0.059863947,0.057142857,0.5012801289558411
344064,883.2160343077034,10.0,451.7822,500.0,139.40627,-1.0,0.003984064,1.0,0.33988523,0.007940941,-0.004414282,0.0003031494,-0.004565856,2.035577,0.9402391,0.059760958,0.055776894,0.5010301470756531
352256,881.3245713545531,10.0,452.41763,500.0,138.46411,-1.0,0.0051880674,1.0,0.3378026,0.008139968,-0.004255244,0.00029429272,-0.00440239,2.0394077,0.94033724,0.059662774,0.054474708,0.5007801651954651
360448,879.8775508416761,10.0,452.82486,500.0,138.02411,-1.0,0.0063451775,1.0,0.33601177,0.009100574,-0.0036781954,0.00027230935,-0.0038143499,2.0350287,0.9403553,0.05964467,0.053299494,0.5005301833152771
368640,883.3331975416722,10.0,453.28073,500.0,137.40163,-1.0,0.004968944,1.0,0.33433002,0.008255474,-0.005411879,0.00036235072,-0.005593054,2.0396626,0.9416149,0.058385093,0.053416148,0.5005742907524109
376832,880.1890947480822,10.0,454.19122,500.0,136.20935,-1.0,0.0048721074,1.0,0.33105692,0.008094586,-0.0054102093,0.00010188809,-0.005461153,2.0462465,0.9427527,0.05724726,0.052375153,0.5003243088722229
385024,883.8480849070652,10.0,454.537,500.0,135.83429,-1.0,0.005966587,1.0,0.3294788,0.009009592,-0.0034837392,0.00029497506,-0.0036312265,2.0416536,0.9427208,0.057279237,0.051312648,0.5000743269920349
393216,887.8606500884559,10.0,454.94385,500.0,135.24454,-1.0,0.007017544,1.0,0.3279529,0.009386408,-0.00319131,0.00032026382,-0.003351442,2.0352383,0.9426901,0.05730994,0.0502924,0.49982431530952454
401408,879.8190623469475,10.0,455.82224,500.0,134.06451,-1.0,0.006880734,1.0,0.32474184,0.009203416,-0.004246868,0.00011919517,-0.0043064663,2.0291896,0.94380736,0.05619266,0.04931193,0.49957430362701416
409600,877.422467809318,10.0,456.61826,500.0,132.98112,-1.0,0.006756757,1.0,0.3218042,0.009037589,-0.003912748,0.00013568134,-0.0039805886,2.023996,0.9448198,0.05518018,0.048423424,0.4993242919445038
417792,880.3137334958493,10.0,456.90387,500.0,132.64491,-1.0,0.005524862,1.0,0.3205182,0.007964057,-0.004376618,0.00031914868,-0.0045361924,2.023512,0.94585633,0.054143645,0.048618786,0.4993683993816376
425984,879.9119581457829,9.0,456.21103,500.0,133.80016,-1.0,0.0064935065,1.0,0.32226378,0.008724077,-0.0029640628,0.00054049876,-0.003234312,2.0205803,0.9448052,0.055194806,0.048701297,0.49938157200813293
434176,879.4399769582924,9.0,456.4878,500.0,133.48228,-1.0,0.007438895,1.0,0.3209774,0.009480452,-0.004963204,0.00019955193,-0.0050629796,2.0119843,0.94473964,0.05526036,0.047821466,0.49913156032562256
442368,880.4187352586072,9.0,457.25992,500.0,132.41731,-1.0,0.007306889,1.0,0.31811827,0.009312219,-0.000985451,0.00010655495,-0.0010387285,2.0112185,0.94572026,0.05427975,0.04697286,0.4988815486431122
450560,891.6733313786958,9.0,458.00513,500.0,131.37698,-1.0,0.007179487,1.0,0.31533414,0.00914985,-0.0035642963,0.00013197864,-0.0036302856,2.0147796,0.94666666,0.053333335,0.046153847,0.4986315369606018
458752,884.7224715193669,9.0,458.68314,500.0,130.41956,-1.0,0.0070635723,1.0,0.31277955,0.009002124,-0.0029505114,0.00010625342,-0.0030036382,2.012331,0.94752777,0.05247225,0.045408677,0.49838152527809143
466944,879.7700650681461,9.0,458.90378,500.0,130.15515,-1.0,0.007936508,1.0,0.31170374,0.009669915,-0.0030774898,0.00026947103,-0.0032122252,2.005137,0.94742066,0.052579366,0.04464286,0.49813151359558105
475136,886.7395393874327,9.0,459.5459,500.0,129.23485,-1.0,0.0078125,1.0,0.30926055,0.009518823,-0.0040250644,0.0001291943,-0.004089662,2.0041263,0.9482422,0.051757812,0.043945312,0.4978815019130707
483328,885.1677135863999,9.0,460.16827,500.0,128.3335,-1.0,0.0076923077,1.0,0.3068739,0.00937238,-0.003895099,9.380346e-05,-0.0039420007,2.0070937,0.94903845,0.05096154,0.043269232,0.4976314902305603
491520,878.8833586287064,9.0,460.35004,500.0,128.12523,-1.0,0.008514664,1.0,0.30592287,0.010043538,-0.0030949216,0.00021219261,-0.003201018,1.9968944,0.948912,0.051087987,0.04257332,0.4973814785480499
499712,880.5411824763795,9.0,459.93307,500.0,128.57904,-1.0,0.00929368,1.0,0.30774856,0.00962445,-0.001929072,0.0005443027,-0.0022012233,1.9803834,0.94795537,0.05204461,0.04275093,0.4973946511745453
507904,882.1782051542091,9.0,460.55627,500.0,127.67151,-1.0,0.00914913,1.0,0.305348,0.009474755,-0.0048819883,0.00010640415,-0.0049351905,1.9648803,0.94876486,0.051235132,0.042086,0.4971446394920349
516096,884.3901597718585,9.0,460.78198,500.0,127.29186,-1.0,0.00990991,1.0,0.30445787,0.009736893,-0.004424537,0.00024078877,-0.0045449315,1.9496751,0.94864863,0.05135135,0.04144144,0.49689462780952454
524288,884.3159799327719,9.0,461.37357,500.0,126.41857,-1.0,0.009760426,1.0,0.3021553,0.0095900195,-0.004213908,0.00012927063,-0.0042785434,1.9454998,0.94942325,0.050576754,0.040816326,0.49664461612701416
532480,882.72353956954,9.0,461.91425,500.0,125.61263,-1.0,0.009623797,1.0,0.3000352,0.009455776,-0.003012968,8.1545215e-05,-0.0030537406,1.9407833,0.95013124,0.049868766,0.04024497,0.4963946044445038
540672,884.8825566481094,9.0,462.4724,500.0,124.77275,-1.0,0.009482759,1.0,0.2978308,0.0093172,-0.0054516112,8.030864e-05,-0.005491765,1.933681,0.95086205,0.04913793,0.03965517,0.4961445927619934
548864,881.5227114408357,9.0,462.983,500.0,123.99731,-1.0,0.009353741,1.0,0.29579985,0.0091904355,-0.0042305985,7.1002076e-05,-0.0042661,1.9328828,0.95153064,0.048469387,0.039115645,0.49589458107948303
557056,882.5698793508027,9.0,463.47986,500.0,123.23592,-1.0,0.009228188,1.0,0.29380986,0.009067073,-0.0029753703,6.322812e-05,-0.0030069845,1.9304037,0.9521812,0.04781879,0.038590603,0.49564456939697266
565248,881.1283957712183,9.0,463.62067,500.0,123.0756,-1.0,0.009917355,1.0,0.29300523,0.009664741,-0.002682276,0.00028181713,-0.0028231847,1.9301279,0.9520661,0.047933884,0.038016528,0.4953945577144623
573440,885.6130159711316,9.0,463.79822,500.0,122.805115,-1.0,0.011391375,1.0,0.2934608,0.010093613,-0.0032633496,0.00042049296,-0.0034735962,1.9210751,0.9511798,0.04882018,0.037428804,0.4951445460319519
581632,884.0660361190039,9.0,464.29214,500.0,122.036766,-1.0,0.011235955,1.0,0.29145494,0.009955898,-0.006045804,8.384379e-05,-0.0060877264,1.9073944,0.9518459,0.048154093,0.036918137,0.49489453434944153
589824,879.764163235492,9.0,464.74484,500.0,121.32648,-1.0,0.011093502,1.0,0.2896042,0.009829675,-0.0043515116,5.861441e-05,-0.0043808194,1.9018238,0.9524564,0.04754358,0.03645008,0.49464452266693115
598016,880.9757872883662,9.0,465.24063,500.0,120.54189,-1.0,0.0109375,1.0,0.28756368,0.009691444,-0.0040735495,6.298102e-05,-0.00410504,1.898552,0.953125,0.046875,0.0359375,0.4943945109844208
606208,883.1003547617964,9.0,465.3215,500.0,120.46487,-1.0,0.011565151,1.0,0.28699183,0.010240994,-0.0027591179,0.00015670255,-0.0028374689,1.8901867,0.95296836,0.04703161,0.035466462,0.4941444993019104
614400,879.6353112776839,9.0,465.7441,500.0,119.78908,-1.0,0.011424219,1.0,0.28524068,0.010116201,-0.0048571294,5.7871344e-05,-0.0048860647,1.8768764,0.9535415,0.04645849,0.035034273,0.4938944876194
622592,882.0579968330899,9.0,466.1565,500.0,119.12442,-1.0,0.0112866815,1.0,0.2835212,0.009994411,-0.0050373403,8.017423e-05,-0.005077428,1.8693285,0.95410085,0.04589917,0.03461249,0.49364447593688965
630784,882.9450658541729,9.0,466.5591,500.0,118.47058,-1.0,0.0111524165,1.0,0.28183246,0.009875516,-0.0039357077,7.134657e-05,-0.003971381,1.8725175,0.9546468,0.04535316,0.034200743,0.4933944642543793
638976,879.9438216640438,9.0,466.62555,500.0,118.39904,-1.0,0.01174743,1.0,0.28134882,0.0103467675,-0.002652754,0.00011173723,-0.0027086225,1.8729432,0.9544787,0.045521293,0.03377386,0.4931444525718689
647168,884.5598482664528,9.0,467.01306,500.0,117.763954,-1.0,0.01161103,1.0,0.27971348,0.010226632,-0.0037545478,7.320335e-05,-0.0037911492,1.8700544,0.95500726,0.044992745,0.03338171,0.4928944408893585
655360,881.7916080618951,9.0,467.3917,500.0,117.13888,-1.0,0.011477762,1.0,0.2781064,0.010109253,-0.0035764405,8.834996e-05,-0.0036206157,1.8674326,0.95552367,0.044476327,0.032998566,0.49264442920684814
663552,886.6180848552608,9.0,467.7617,500.0,116.52357,-1.0,0.011347517,1.0,0.27652663,0.009994538,-0.002743448,3.6335234e-05,-0.0027616152,1.8703278,0.95602834,0.04397163,0.032624114,0.49239441752433777
671744,884.0000299471441,9.0,467.8129,500.0,116.46895,-1.0,0.011913104,1.0,0.2761197,0.010426052,-0.0025847373,0.00015997599,-0.002664725,1.8722878,0.95585144,0.044148564,0.03223546,0.4921444058418274
679936,881.7436353458302,9.0,467.85458,500.0,116.4476,-1.0,0.011080332,1.0,0.27577984,0.009689468,-0.0051946477,0.00024677993,-0.005318038,1.865465,0.9563712,0.043628808,0.032548476,0.4921885132789612
688128,881.1622682417878,9.0,468.2286,500.0,115.81946,-1.0,0.0109514035,1.0,0.27417323,0.009576722,-0.0048155515,7.66812e-05,-0.0048538917,1.8588381,0.95687884,0.04312115,0.032169748,0.4919385015964508
696320,880.2896915037666,9.0,468.26456,500.0,115.80584,-1.0,0.011502029,1.0,0.27380505,0.010066289,-0.003476165,0.00014080529,-0.0035465676,1.8526354,0.95669824,0.043301757,0.03179973,0.49168848991394043
704512,880.849335136986,9.0,468.60443,500.0,115.230385,-1.0,0.011378849,1.0,0.2723375,0.009958485,-0.0009810727,4.8821665e-05,-0.0010054836,1.8425994,0.95716196,0.04283802,0.03145917,0.49143847823143005
712704,878.5957653918697,9.0,468.93707,500.0,114.66333,-1.0,0.011258278,1.0,0.27089328,0.009852964,-0.0017828824,4.692653e-05,-0.0018063454,1.8428298,0.9576159,0.042384107,0.031125829,0.4911884665489197
720896,879.803540319532,9.0,469.2628,500.0,114.10451,-1.0,0.011140236,1.0,0.26947185,0.009749657,-0.002434499,4.2913194e-05,-0.0024559556,1.8407898,0.95806026,0.041939713,0.030799476,0.4909384548664093
729088,884.9192253436408,9.0,469.60144,500.0,113.51954,-1.0,0.011017499,1.0,0.26798582,0.00964224,-0.0032765649,4.656513e-05,-0.0032998475,1.8292339,0.9585224,0.04147764,0.030460143,0.4906884431838989
737280,887.6682734635361,9.0,469.071,500.0,114.533905,-1.0,0.012795906,1.0,0.2697646,0.011096562,-0.0037197715,0.00027511586,-0.0038573295,1.817178,0.9571337,0.042866282,0.030070378,0.49043843150138855
745472,881.2446893254115,9.0,469.1,500.0,114.51723,-1.0,0.013291139,1.0,0.269459,0.01150006,-0.0040429663,0.00012312159,-0.0041045267,1.8139312,0.95696205,0.043037973,0.029746836,0.4901884198188782
753664,879.4243557610861,9.0,469.40976,500.0,113.98333,-1.0,0.013157895,1.0,0.2681082,0.01138477,-0.0037333919,4.5592806e-05,-0.0037561883,1.8126985,0.95739347,0.042606518,0.029448621,0.4899384081363678
761856,899.8896649346889,9.0,469.4675,500.0,113.92685,-1.0,0.013622291,1.0,0.26765847,0.011805222,-0.001919132,0.00015728355,-0.0019977738,1.8117185,0.95727557,0.042724457,0.029102167,0.4896883964538574
770048,902.5489839600905,9.0,469.48837,500.0,113.929016,-1.0,0.014093137,1.0,0.26738092,0.012214569,-0.0024069343,0.00014642758,-0.0024801479,1.82298,0.95710784,0.042892158,0.02879902,0.48943838477134705
778240,882.1554880720296,9.0,469.78458,500.0,113.41407,-1.0,0.01395631,1.0,0.2660834,0.012095981,-0.003913642,0.00010896084,-0.0039681224,1.8382337,0.9575243,0.042475726,0.028519418,0.48918837308883667
786432,881.877587323678,9.0,470.07513,500.0,112.90602,-1.0,0.013822115,1.0,0.2648045,0.011979675,-0.005650066,6.466863e-05,-0.0056823995,1.8520379,0.9579327,0.042067308,0.028245192,0.4889383614063263
794624,884.7163663732094,9.0,470.10403,500.0,112.89925,-1.0,0.014268728,1.0,0.26448247,0.0123945875,-0.0038856692,0.00012530352,-0.003948321,1.8588328,0.95778835,0.04221165,0.027942926,0.4886883497238159
802816,887.425278351736,9.0,470.1441,500.0,112.8457,-1.0,0.014705882,1.0,0.26416612,0.0127028655,-0.0040887976,0.00016023297,-0.0041689146,1.8652067,0.9576471,0.04235294,0.02764706,0.48843833804130554
811008,880.7312044031974,9.0,470.4225,500.0,112.355034,-1.0,0.014568765,1.0,0.26293546,0.012584424,-0.0054949326,6.511798e-05,-0.005527492,1.8652713,0.95804197,0.04195804,0.027389277,0.48818832635879517
819200,888.4274148240879,9.0,470.17242,500.0,112.86166,-1.0,0.014417532,1.0,0.2637669,0.012443919,-0.003510164,0.00041679418,-0.003718561,1.8640647,0.9579008,0.042099193,0.027681662,0.4882161021232605
827392,881.354253908192,9.0,470.44513,500.0,112.380394,-1.0,0.014285714,1.0,0.26256195,0.012330146,-0.0059679216,5.080647e-05,-0.005993325,1.8611242,0.9582857,0.041714285,0.027428571,0.4879660904407501
835584,890.3035198402126,9.0,470.71292,500.0,111.9052,-1.0,0.014156286,1.0,0.26137334,0.012218434,-0.006165766,5.679703e-05,-0.006194165,1.8493811,0.95866364,0.041336354,0.027180068,0.48771607875823975
843776,878.2844950779141,9.0,470.72293,500.0,111.91516,-1.0,0.014582165,1.0,0.26117307,0.012565296,-0.0014036967,0.00016829012,-0.0014878416,1.8408852,0.9584969,0.041503083,0.02692092,0.48746606707572937
851968,886.3438362868163,9.0,470.7311,500.0,111.93169,-1.0,0.013888889,1.0,0.2610372,0.0119735915,-0.002006372,0.000236255,-0.0021244995,1.8353641,0.9588889,0.04111111,0.027222222,0.48751017451286316
860160,881.348308194665,9.0,470.74573,500.0,111.92147,-1.0,0.014309301,1.0,0.26084402,0.012276932,-0.005936533,0.00020051052,-0.006036788,1.8325965,0.9587232,0.04127683,0.02696753,0.4872601628303528
868352,880.8411381169421,9.0,471.0169,500.0,111.436806,-1.0,0.014176663,1.0,0.2596359,0.012163132,-0.005784179,3.1878448e-05,-0.0058001187,1.8319473,0.9591058,0.04089422,0.026717557,0.4870101511478424
876544,879.4123588783241,9.0,471.26758,500.0,110.98632,-1.0,0.014054054,1.0,0.25851402,0.012057938,-0.004468824,4.477786e-05,-0.0044912123,1.8352258,0.9594595,0.04054054,0.026486486,0.48676013946533203
884736,881.0525932401007,9.0,471.5292,500.0,110.51359,-1.0,0.013926085,1.0,0.25733787,0.011948145,-0.0051973583,4.3013122e-05,-0.005218866,1.8344897,0.9598286,0.0401714,0.026245313,0.48651012778282166
892928,879.4976721546614,9.0,471.7861,500.0,110.04679,-1.0,0.0138004245,1.0,0.25617757,0.011840331,-0.0050649657,3.2439028e-05,-0.0050811847,1.8302704,0.9601911,0.039808918,0.026008492,0.4862601161003113
901120,884.8949539279386,9.0,472.02368,500.0,109.61277,-1.0,0.01368421,1.0,0.25509977,0.011740623,-0.004288163,3.499612e-05,-0.0043056607,1.8251923,0.9605263,0.039473683,0.025789473,0.4860101044178009
909312,880.2138302627402,9.0,472.2573,500.0,109.18383,-1.0,0.013569937,1.0,0.25403544,0.011642581,-0.0040604733,3.606033e-05,-0.004078503,1.8255619,0.96085596,0.03914405,0.025574112,0.4857600927352905
917504,879.2534142020621,9.0,472.28284,500.0,109.12888,-1.0,0.013960703,1.0,0.25384638,0.011850207,-0.0014672837,0.00020357469,-0.0015690711,1.8289882,0.9607032,0.039296795,0.02533609,0.48551008105278015
925696,885.1026372163609,9.0,472.29303,500.0,109.13441,-1.0,0.014344262,1.0,0.25366005,0.012159943,-0.003364087,0.00013134493,-0.0034297598,1.8177708,0.9605533,0.039446723,0.025102459,0.4852600693702698
933888,880.2251950856213,9.0,472.51828,500.0,108.718346,-1.0,0.014227643,1.0,0.25263008,0.012061081,-0.0034360378,5.081399e-05,-0.0034614448,1.8032367,0.96087396,0.039126016,0.024898374,0.4850100576877594
942080,884.0581885561244,9.0,472.54254,500.0,108.691475,-1.0,0.014594867,1.0,0.25239342,0.012337207,-0.002687327,0.00028006334,-0.002827359,1.7976327,0.96074486,0.039255157,0.024660291,0.484760046005249
950272,876.9862797565676,9.0,472.77545,500.0,108.25877,-1.0,0.014471058,1.0,0.25132415,0.01223255,-0.0049125375,3.6450358e-05,-0.0049307626,1.7872618,0.96107787,0.038922157,0.024451097,0.48451003432273865
958464,879.4886448218215,9.0,473.00446,500.0,107.83117,-1.0,0.014349332,1.0,0.2502684,0.012129654,-0.004549899,2.7098022e-05,-0.004563448,1.7894418,0.9614052,0.038594756,0.024245422,0.48426002264022827
966656,882.6219550338194,9.0,472.99756,500.0,107.86053,-1.0,0.014720314,1.0,0.25017992,0.012406317,-0.0012594145,0.0002085462,-0.0013636877,1.7946618,0.9612365,0.038763493,0.02404318,0.4840100109577179
974848,884.6167368289451,9.0,473.2079,500.0,107.46583,-1.0,0.014605648,1.0,0.24920695,0.012309675,-0.0035484852,3.1641393e-05,-0.0035643056,1.7858247,0.96153843,0.03846154,0.023855891,0.4837599992752075
983040,884.0114472635688,9.0,473.19217,500.0,107.52843,-1.0,0.014968614,1.0,0.24912786,0.012640953,-0.0036590383,0.00017893646,-0.0037485068,1.7738048,0.9613713,0.038628682,0.023660067,0.48350998759269714
991232,882.1033768334784,9.0,473.17624,500.0,107.592,-1.0,0.01532567,1.0,0.2490495,0.0129711665,-0.0042277346,0.00010589192,-0.004280681,1.7712461,0.9612069,0.038793102,0.023467433,0.48325997591018677
999424,881.3544347676554,9.0,473.38022,500.0,107.20746,-1.0,0.015209125,1.0,0.2481043,0.012872526,-0.0043067373,3.8168124e-05,-0.0043258215,1.7714765,0.9615019,0.0384981,0.023288973,0.4830099642276764
1007616,885.3659887106215,9.0,473.58115,500.0,106.82698,-1.0,0.01509434,1.0,0.24716981,0.0127753755,-0.0034037558,4.0741645e-05,-0.003424127,1.7670732,0.96179247,0.038207546,0.023113208,0.482759952545166
1015808,881.1691831555894,9.0,473.77902,500.0,106.45051,-1.0,0.014981274,1.0,0.24624577,0.012679678,-0.0062220097,4.1244344e-05,-0.0062426315,1.7673373,0.96207863,0.037921347,0.022940075,0.48250994086265564
1024000,879.8132724990912,9.0,473.56918,500.0,106.857796,-1.0,0.015784588,1.0,0.24704693,0.013220225,-0.0038768766,0.00042811554,-0.0040909345,1.7711555,0.961467,0.03853296,0.022748375,0.48225992918014526
1032192,880.7589956912716,9.0,473.76407,500.0,106.48712,-1.0,0.015668202,1.0,0.24613817,0.013122749,-0.0047798143,5.597899e-05,-0.004807804,1.7711957,0.96175116,0.03824885,0.022580646,0.4820099174976349
1040384,880.3808144394212,9.0,473.74576,500.0,106.550705,-1.0,0.016003657,1.0,0.24608488,0.013421988,-0.0031661098,0.00014482938,-0.0032385243,1.7751819,0.96159124,0.03840878,0.022405121,0.4817599058151245
1048576,884.2011270253372,9.0,473.94827,500.0,106.16383,-1.0,0.015880218,1.0,0.245138,0.01331846,-0.004022547,3.7785347e-05,-0.0040414394,1.7769362,0.9618875,0.03811252,0.022232305,0.48150989413261414
1056768,878.8557754973963,9.0,474.13605,500.0,105.80351,-1.0,0.015765766,1.0,0.24425673,0.013222472,-0.0049496335,3.121415e-05,-0.00496524,1.776047,0.96216214,0.037837837,0.022072071,0.48125988245010376
1064960,880.4435288035347,9.0,474.11713,500.0,105.86362,-1.0,0.015198927,1.0,0.24427576,0.012745169,-0.0037076378,0.00014631441,-0.003780795,1.7758722,0.9624497,0.03755029,0.022351364,0.48130398988723755
1073152,883.693873869022,9.0,474.30093,500.0,105.50944,-1.0,0.01509099,1.0,0.24341017,0.012654658,-0.005277471,6.5626904e-05,-0.0053102844,1.7781788,0.9627164,0.03728362,0.022192633,0.4810539782047272
1081344,878.6532375242821,9.0,474.2859,500.0,105.55038,-1.0,0.014537445,1.0,0.24343383,0.012227412,-0.0054653925,0.00024985912,-0.0055903224,1.7877568,0.9629956,0.037004404,0.02246696,0.48109808564186096
1089536,879.7528553651225,9.0,474.4882,500.0,105.158905,-1.0,0.014423077,1.0,0.24247777,0.012131218,-0.0057233577,5.605032e-05,-0.0057513826,1.7937039,0.9632867,0.036713287,0.02229021,0.4808480739593506
1097728,880.7888433657382,9.0,474.66537,500.0,104.81455,-1.0,0.014322917,1.0,0.24163735,0.012046973,-0.004773697,7.2013376e-05,-0.0048097046,1.7932321,0.9635417,0.036458332,0.022135416,0.4805980622768402
1105920,878.3418366809592,9.0,474.48492,500.0,105.13382,-1.0,0.015073213,1.0,0.2424328,0.012458784,-0.002735854,0.000381834,-0.002926771,1.7900939,0.962963,0.037037037,0.021963824,0.48034805059432983
1114112,880.2785505380833,9.0,474.4643,500.0,105.19662,-1.0,0.015391192,1.0,0.24241015,0.0127286175,-0.0036254358,0.00017571244,-0.003713292,1.7794011,0.9628046,0.037195385,0.02180419,0.48009803891181946
1122304,883.1674751720352,9.0,474.6378,500.0,104.85963,-1.0,0.015286624,1.0,0.2415886,0.012642139,-0.004950748,7.986592e-05,-0.0049906806,1.7781544,0.96305734,0.036942676,0.021656051,0.4798480272293091
1130496,879.625335327712,9.0,474.4423,500.0,105.26654,-1.0,0.01600674,1.0,0.2423138,0.013194413,-0.003649226,0.00026720137,-0.0037828267,1.7753191,0.9625105,0.03748947,0.02148273,0.4795980155467987
1138688,880.9766456338301,9.0,474.4352,500.0,105.29721,-1.0,0.016304348,1.0,0.2422409,0.0134302545,-0.0038121908,0.00024052904,-0.003932455,1.7700623,0.96237457,0.037625417,0.02132107,0.47934800386428833
1146880,879.4707032665777,9.0,474.6156,500.0,104.94683,-1.0,0.01618929,1.0,0.24138853,0.0133354785,-0.0042469343,4.4045002e-05,-0.004268957,1.7670377,0.9626401,0.0373599,0.02117061,0.47909799218177795
1155072,882.7921450324463,9.0,474.61047,500.0,104.94351,-1.0,0.016488045,1.0,0.24137253,0.013479194,-0.0035696207,0.00022290986,-0.0036810753,1.7669532,0.9624897,0.037510306,0.021022258,0.4788479804992676
1163264,883.3301545374221,9.0,474.5006,500.0,105.01145,-1.0,0.017191976,1.0,0.24217424,0.013576356,-0.0020864354,0.0004324075,-0.0023026394,1.7644697,0.96193206,0.038067948,0.020875972,0.4785979688167572
1171456,880.6951076962984,9.0,474.48883,500.0,105.06263,-1.0,0.017472573,1.0,0.24210298,0.013840867,-0.0041241935,0.00015979123,-0.004204089,1.7587484,0.96180415,0.038195856,0.020723283,0.4783479571342468
1179648,880.7439597319565,9.0,474.65363,500.0,104.74271,-1.0,0.01735971,1.0,0.24132384,0.013751463,-0.0036128939,4.2306587e-05,-0.003634047,1.7551987,0.96205086,0.037949134,0.020589422,0.47809794545173645
1187840,885.1184607930367,9.0,474.68085,500.0,104.62355,-1.0,0.017642342,1.0,0.24130736,0.013759939,-0.0033515517,0.00024716737,-0.0034751354,1.7533932,0.9619086,0.03809142,0.020449078,0.4778479337692261
1196032,881.0865050701709,9.0,474.84222,500.0,104.30901,-1.0,0.01752988,1.0,0.24054115,0.013672226,-0.0050525013,4.6428653e-05,-0.0050757155,1.7452886,0.9621514,0.037848607,0.020318724,0.4775979220867157
1204224,888.3991834422022,9.0,474.35745,500.0,105.173615,-1.0,0.018979834,1.0,0.24279982,0.0144525375,-0.0032594912,0.00060559605,-0.0035622888,1.7370985,0.9608541,0.03914591,0.020166073,0.4773479104042053
1212416,888.4544993413466,9.0,474.17078,500.0,105.55379,-1.0,0.018845702,1.0,0.24356294,0.014440794,-0.00027801568,0.00032865634,-0.00044234368,1.7290545,0.9607381,0.039261878,0.020416176,0.47737568616867065
1220608,896.8255050345807,9.0,474.34204,500.0,105.22416,-1.0,0.018720748,1.0,0.24275894,0.014345047,-0.0054128324,4.4264747e-05,-0.0054349652,1.7257229,0.9609984,0.03900156,0.020280812,0.4771256744861603
1228800,881.0066210100397,9.0,474.3528,500.0,105.18484,-1.0,0.018977536,1.0,0.24268548,0.014446569,-0.0031760347,0.0002076362,-0.0032798527,1.7222915,0.960883,0.039116964,0.020139426,0.4768756628036499
1236992,887.1887845470161,9.0,474.34784,500.0,105.155,-1.0,0.019622931,1.0,0.24341993,0.014543722,-0.0025927247,0.00033820744,-0.0027618287,1.723723,0.96036935,0.039630625,0.020007696,0.4766256511211395
1245184,880.552533187742,9.0,474.02444,500.0,105.752144,-1.0,0.020634314,1.0,0.24484424,0.015179106,-0.004914006,0.00035841524,-0.0050932136,1.7128922,0.9594956,0.040504396,0.01987008,0.47637563943862915
1253376,881.1433770697666,9.0,474.1921,500.0,105.43085,-1.0,0.020501139,1.0,0.24405842,0.01508114,-0.006149607,3.7609294e-05,-0.00616841,1.7100332,0.95975703,0.040242977,0.019741837,0.4761256277561188
1261568,882.6422700704517,9.0,474.0796,500.0,105.53605,-1.0,0.020369671,1.0,0.24482577,0.01506505,-0.003010381,0.00037465402,-0.003197708,1.7117274,0.9596379,0.040362127,0.019992456,0.47616973519325256
1269760,880.7490393905191,9.0,473.8093,500.0,105.956,-1.0,0.01910828,1.0,0.24638677,0.014450455,-0.0025991793,0.00065120094,-0.0029247797,1.7156303,0.9599101,0.04008992,0.020981641,0.4767530560493469
1277952,885.1426304604165,9.0,473.82812,500.0,105.91407,-1.0,0.019345239,1.0,0.24624717,0.014568911,-0.0046348753,0.00018801737,-0.0047288844,1.7187712,0.9598214,0.04017857,0.020833334,0.47650304436683655
1286144,881.6036391725856,9.0,473.6817,500.0,106.14278,-1.0,0.019963032,1.0,0.24691965,0.014819085,-0.0019798,0.0001681005,-0.0020638502,1.7127129,0.95933455,0.040665433,0.020702403,0.47625303268432617
1294336,890.3962432870259,9.0,473.83646,500.0,105.84937,-1.0,0.019845646,1.0,0.24619736,0.014731945,-0.0038664732,2.779508e-05,-0.0038803706,1.704932,0.9595737,0.040426314,0.020580668,0.4760030210018158
1302528,882.2277202168592,9.0,473.96603,500.0,105.535,-1.0,0.019350128,1.0,0.24616404,0.014627356,-0.0038984055,0.00022223326,-0.0040095216,1.7096572,0.95983934,0.04016064,0.020810515,0.47603079676628113
1310720,880.2687404070537,9.0,473.96878,500.0,105.498245,-1.0,0.019600727,1.0,0.24616224,0.014689315,-0.0009740435,0.00016980566,-0.0010589464,1.712029,0.95970964,0.04029038,0.020689655,0.47578078508377075
1318912,882.3857027157784,9.0,474.13776,500.0,105.17606,-1.0,0.019473495,1.0,0.24536707,0.014593964,-0.0026184975,9.859796e-05,-0.0026677966,1.710639,0.95997113,0.04002885,0.020555355,0.4755307734012604
1327104,883.2655524171455,9.0,474.1201,500.0,105.239334,-1.0,0.019713262,1.0,0.24532604,0.014829191,-0.004341462,0.0001345195,-0.004408722,1.7142736,0.9598566,0.04014337,0.020430107,0.47528076171875
1335296,878.4157362168019,9.0,474.10544,500.0,105.28937,-1.0,0.01923762,1.0,0.24534221,0.014442085,-0.0044937227,0.00021935091,-0.004603398,1.7164983,0.96009976,0.03990025,0.02066263,0.4753248691558838
1343488,879.7660554174901,9.0,474.1111,500.0,105.29615,-1.0,0.019462137,1.0,0.24521579,0.014625811,-0.003970948,0.00010247044,-0.0040221834,1.7236371,0.96001416,0.039985847,0.020523708,0.4750748574733734
1351680,891.7582860898118,9.0,474.0939,500.0,105.357445,-1.0,0.019697502,1.0,0.24517643,0.014856464,-0.0047058295,0.00012654316,-0.0047691013,1.7226857,0.9599015,0.04009849,0.020400984,0.47482484579086304
1359872,881.7561484803462,9.0,474.07938,500.0,105.4073,-1.0,0.01993007,1.0,0.2451373,0.015062891,-0.005155678,0.000117028634,-0.0052141924,1.7271758,0.9597902,0.04020979,0.02027972,0.47457483410835266
1368064,881.3743297617906,9.0,473.64435,500.0,106.241585,-1.0,0.020471895,1.0,0.24697489,0.0155102415,-0.0041317423,0.00046322212,-0.0043633534,1.7262928,0.9590562,0.04094379,0.020471895,0.47455209493637085
1376256,881.7652676791305,9.0,473.65723,500.0,106.20467,-1.0,0.020689655,1.0,0.24688306,0.015598891,-0.0050332323,7.211561e-05,-0.0050692903,1.7216203,0.95896554,0.041034482,0.020344827,0.4743020832538605
1384448,878.8486046164304,9.0,473.481,500.0,106.578575,-1.0,0.021254715,1.0,0.24749842,0.016081197,-0.0012347931,0.00023889302,-0.0013542399,1.71352,0.95851904,0.041480973,0.02022626,0.4740520715713501
1392640,879.3132676919445,9.0,473.29578,500.0,106.89623,-1.0,0.021443158,1.0,0.24865128,0.016023824,-0.0013545953,0.0003783898,-0.0015437903,1.710456,0.9581348,0.041865215,0.020422056,0.4740401804447174
1400832,878.9644095493712,9.0,472.97766,500.0,107.53425,-1.0,0.02097429,1.0,0.24996589,0.015728325,-0.0049673496,0.00033085872,-0.0051327785,1.7067714,0.95805144,0.04194858,0.02097429,0.47434574365615845
1409024,884.9648546512714,9.0,473.12314,500.0,107.262634,-1.0,0.020861372,1.0,0.24929684,0.01564365,-0.00417405,2.6365378e-05,-0.004187233,1.7116566,0.9582772,0.041722745,0.020861372,0.47409573197364807
1417216,884.4685184856744,9.0,473.26706,500.0,106.99305,-1.0,0.020749666,1.0,0.24863316,0.015559882,-0.00508796,0.000106993735,-0.005141457,1.7179365,0.9585007,0.04149933,0.020749666,0.4738457202911377
1425408,883.2167153994711,9.0,473.11145,500.0,107.31357,-1.0,0.021290751,1.0,0.24917522,0.015989201,-0.0040870034,0.00027786306,-0.0042259353,1.7201576,0.9580838,0.04191617,0.020625416,0.4735957086086273
1433600,883.8599302856602,9.0,473.12073,500.0,107.27886,-1.0,0.020840226,1.0,0.24917135,0.015735593,-0.0065466566,0.000112298396,-0.0066028056,1.7066841,0.95831954,0.04168045,0.020840226,0.4736398160457611
1441792,879.7074015600946,9.0,472.9816,500.0,107.557,-1.0,0.020710059,1.0,0.24971731,0.015733767,-0.00534174,0.00022561106,-0.005454545,1.7027019,0.9582512,0.041748848,0.021038791,0.47365298867225647
1449984,882.1305300743719,9.0,472.6978,500.0,108.09833,-1.0,0.020254819,1.0,0.2509337,0.015275822,-0.0050140508,0.00032278674,-0.0051754448,1.6987605,0.9581836,0.0418164,0.021561582,0.4739293158054352
1458176,880.6933469570147,9.0,472.69623,500.0,108.110916,-1.0,0.020467836,1.0,0.2508663,0.015431772,-0.0017891802,0.00019585258,-0.0018871063,1.6914306,0.95808965,0.04191033,0.021442495,0.4736793041229248
1466368,886.7994094015494,9.0,472.611,500.0,108.202385,-1.0,0.021001615,1.0,0.25141594,0.015614967,-0.005576526,0.00018929769,-0.005671175,1.684218,0.95767367,0.04232633,0.021324717,0.47342929244041443
1474560,881.138292861569,8.0,472.166,500.0,109.10295,-1.0,0.021508828,1.0,0.2531084,0.01611713,-0.003167801,0.00037868996,-0.003357146,1.6772432,0.9569823,0.043017656,0.021508828,0.47342929244041443
1482752,881.3035709687159,8.0,472.3082,500.0,108.84193,-1.0,0.021398915,1.0,0.25246552,0.016034767,-0.005415164,2.3373384e-05,-0.0054268506,1.6745633,0.9572022,0.04279783,0.021398915,0.47317928075790405
1490944,884.3603406666393,8.0,472.4085,500.0,108.58926,-1.0,0.021601016,1.0,0.25239077,0.015958184,-0.0021021017,0.00016396224,-0.002184083,1.6751505,0.95711565,0.042884372,0.021283355,0.4729292690753937
1499136,878.1013394929698,8.0,472.30542,500.0,108.736115,-1.0,0.022109918,1.0,0.252875,0.016173055,-0.0032004185,0.00031328222,-0.0033570596,1.6779845,0.95672774,0.043272268,0.02116235,0.4726792573928833
1507328,883.406985457663,8.0,472.31543,500.0,108.70787,-1.0,0.022306,1.0,0.25279853,0.016258577,-0.002853253,0.00014035906,-0.0029234327,1.6750864,0.95664465,0.043355323,0.021049324,0.4724292457103729
1515520,884.9238974591004,8.0,472.4539,500.0,108.45324,-1.0,0.022194436,1.0,0.2521704,0.016177258,-0.0044005765,5.7707708e-05,-0.0044294302,1.6790837,0.9568615,0.04313848,0.020944046,0.47217923402786255
1523712,885.5121346110336,8.0,472.0258,500.0,109.31413,-1.0,0.02143523,1.0,0.25390455,0.015533007,-0.0070539676,0.0005318467,-0.007319892,1.695549,0.9568189,0.043181114,0.021745883,0.4726792275905609
1531904,882.5965172106347,8.0,472.10226,500.0,109.10223,-1.0,0.021007106,1.0,0.2538377,0.015419765,-0.0037966685,0.00017952189,-0.0038864291,1.7087476,0.957059,0.042940997,0.021933889,0.47270700335502625
1540096,881.0650641759242,8.0,472.23178,500.0,108.850006,-1.0,0.02121119,1.0,0.2537977,0.015346545,-0.0027713643,0.00020596822,-0.0028743483,1.709498,0.9569628,0.043037195,0.021826006,0.47245699167251587
1548288,882.2275163465602,8.0,472.2278,500.0,108.878075,-1.0,0.021406727,1.0,0.25371945,0.015532432,-0.0032615804,7.9804566e-05,-0.0033014824,1.7004464,0.95688075,0.043119267,0.021712538,0.4722069799900055
1556480,886.2500575641335,8.0,472.36307,500.0,108.629875,-1.0,0.021302495,1.0,0.25310537,0.015456803,-0.0047780704,2.577015e-05,-0.0047909557,1.6982241,0.9570907,0.042909313,0.021606816,0.4719569683074951
1564672,885.4639159625466,8.0,472.21793,500.0,108.94223,-1.0,0.021791767,1.0,0.2535648,0.01591736,-0.0019206752,0.0002020152,-0.002021683,1.6939095,0.9567191,0.043280873,0.021489104,0.47170695662498474
1572864,882.7019055459638,8.0,471.68842,500.0,109.96002,-1.0,0.023157895,1.0,0.25559413,0.016985862,-0.004943477,0.0004100362,-0.005148495,1.6802355,0.95548874,0.044511277,0.021353383,0.47145694494247437
1581056,883.4991865754413,8.0,471.824,500.0,109.71382,-1.0,0.023046993,1.0,0.2549864,0.016904516,-0.0023369608,0.00021125797,-0.00244259,1.6719761,0.9557019,0.044298116,0.021251122,0.471206933259964
1589248,879.2359997169841,8.0,471.96664,500.0,109.454025,-1.0,0.022930315,1.0,0.2543454,0.016818937,-0.0009473411,4.817494e-05,-0.00097142847,1.6750041,0.9559261,0.044073854,0.021143537,0.4709569215774536
1597440,885.4959774698832,8.0,471.56128,500.0,110.26059,-1.0,0.02338662,1.0,0.25586805,0.01724388,-0.005423203,0.0005293698,-0.005687888,1.6745683,0.955299,0.044701006,0.021314388,0.4709569215774536
1605632,882.7095476323178,8.0,471.4255,500.0,110.54561,-1.0,0.02385159,1.0,0.25629187,0.017672414,-0.0032180205,0.0001929599,-0.0033145007,1.6797993,0.954947,0.045053005,0.021201413,0.47070690989494324
1613824,882.8297975208276,8.0,471.56784,500.0,110.2883,-1.0,0.023732787,1.0,0.2556583,0.01758439,-0.004683724,4.18599e-05,-0.0047046547,1.6854519,0.9551714,0.044828597,0.02109581,0.47045689821243286
1622016,884.8135803334831,8.0,471.58264,500.0,110.264404,-1.0,0.023316817,1.0,0.25559017,0.0172932,-0.006095125,0.00028283105,-0.006236541,1.6924018,0.9554066,0.044593412,0.021276595,0.4704846739768982
1630208,887.4091200783447,8.0,471.72275,500.0,110.01026,-1.0,0.023201857,1.0,0.25496453,0.017207935,-0.005110046,7.080939e-05,-0.00514545,1.6947609,0.9556264,0.04437355,0.021171695,0.4702346622943878
1638400,884.365462125654,8.0,471.62405,500.0,110.164314,-1.0,0.023658397,1.0,0.25538632,0.017445015,-0.0015100157,0.0003466921,-0.0016833617,1.6974982,0.9552799,0.04472014,0.021061743,0.46998465061187744
1646592,887.8399105993182,8.0,471.62247,500.0,110.18754,-1.0,0.023255814,1.0,0.2553568,0.017102808,-0.00427139,0.00013522155,-0.004339001,1.6976683,0.95549816,0.044501867,0.021246051,0.47002875804901123
1654784,887.7760234622697,8.0,471.4887,500.0,110.47175,-1.0,0.023707513,1.0,0.2557716,0.017534286,-0.005199172,0.00026529745,-0.0053318203,1.6923494,0.9551557,0.04484433,0.021136818,0.46977874636650085
1662976,882.6741729137448,8.0,471.61844,500.0,110.23687,-1.0,0.023599658,1.0,0.2551941,0.017454516,-0.0034896098,7.866812e-05,-0.0035289442,1.6881971,0.9553597,0.044640318,0.02104066,0.4695287346839905
1671168,882.451649332926,8.0,471.4232,500.0,110.563446,-1.0,0.023762377,1.0,0.25618458,0.017386034,-0.0039730137,0.0005073925,-0.0042267097,1.6840883,0.9550212,0.044978783,0.021216407,0.4695565104484558
1679360,883.4764695589771,8.0,471.42484,500.0,110.57495,-1.0,0.023367116,1.0,0.2561521,0.01707023,-0.0050010406,0.00021316303,-0.005107622,1.6856192,0.9552365,0.044763513,0.021396397,0.4696006178855896
1687552,880.2740175538121,8.0,471.2495,500.0,110.852936,-1.0,0.023522822,1.0,0.25708887,0.017423477,-0.0058250744,0.0004885307,-0.00606934,1.6920488,0.95491457,0.04508541,0.021562587,0.46961379051208496
1695744,880.1832098394781,8.0,471.37775,500.0,110.622025,-1.0,0.023417898,1.0,0.25651962,0.017345756,-0.0025844534,2.8649112e-05,-0.0025987779,1.6905909,0.9551157,0.044884305,0.021466406,0.4693637788295746
1703936,885.427955070013,8.0,471.3718,500.0,110.64128,-1.0,0.023862375,1.0,0.25694993,0.01751462,-0.003583915,0.00018943314,-0.0036786315,1.6887323,0.9547725,0.045227524,0.021365149,0.4691137671470642
1712128,889.0173762563643,8.0,471.3824,500.0,110.634575,-1.0,0.023467697,1.0,0.25687954,0.017206255,-0.0021679294,0.00021274369,-0.0022743014,1.6784704,0.95499724,0.045002762,0.021535063,0.46914154291152954
1720320,880.6708191449246,8.0,471.30844,500.0,110.72731,-1.0,0.023894535,1.0,0.25723326,0.017377466,-0.0024647163,0.0002910818,-0.0026102574,1.6721879,0.95468277,0.04531722,0.021422686,0.46889153122901917
1728512,878.2740782998038,8.0,471.3245,500.0,110.68408,-1.0,0.024056861,1.0,0.25714663,0.017431984,-0.006584226,0.00023149006,-0.0066999705,1.6627537,0.95462,0.04537999,0.021323128,0.4686415195465088
1736704,884.4959313778324,8.0,471.16907,500.0,110.933044,-1.0,0.024734983,1.0,0.25792632,0.01781228,-0.0025624952,0.00042401382,-0.0027745022,1.6609467,0.9540636,0.045936394,0.021201413,0.4683915078639984
1744896,879.974470506673,8.0,471.23978,500.0,110.74363,-1.0,0.024357239,1.0,0.25792333,0.017721744,-0.004153737,0.00028777326,-0.0042976234,1.6610962,0.9542625,0.045737483,0.021380244,0.4684540033340454
1753088,880.8926034786857,8.0,471.36377,500.0,110.5207,-1.0,0.024252223,1.0,0.25737166,0.017645337,-0.0031099624,3.6420384e-05,-0.0031281728,1.6711824,0.9544597,0.045540284,0.021288063,0.46820399165153503
1761280,880.7831536378467,8.0,471.37088,500.0,110.527985,-1.0,0.024403326,1.0,0.25725165,0.01780269,-0.0013833134,0.00014646983,-0.0014565482,1.675496,0.9544114,0.04558863,0.021185305,0.46795397996902466
1769472,888.1426793984974,8.0,471.4932,500.0,110.307434,-1.0,0.024299065,1.0,0.25670648,0.017726628,-0.0040653013,3.5090114e-05,-0.0040828465,1.6636498,0.9546061,0.045393858,0.021094793,0.4677039682865143
1777664,881.6385661820269,8.0,471.50372,500.0,110.28286,-1.0,0.024455078,1.0,0.25662416,0.017801007,-0.0028907189,0.00015560987,-0.0029685237,1.6631844,0.95454544,0.045454547,0.020999469,0.4674539566040039
1785856,883.702283166138,8.0,471.51138,500.0,110.2857,-1.0,0.024603175,1.0,0.2565089,0.01794377,-0.002579132,0.00015058693,-0.0026544253,1.658138,0.95449734,0.045502644,0.02089947,0.46720394492149353
1794048,882.1562807720456,8.0,471.63892,500.0,110.05497,-1.0,0.02449302,1.0,0.25593925,0.01786343,-0.0034891139,2.2345193e-05,-0.0035002865,1.6497613,0.95470107,0.04529892,0.020805899,0.46695393323898315
1802240,888.1475922293112,8.0,471.42557,500.0,110.437,-1.0,0.024633124,1.0,0.25681716,0.0178282,-0.0010449581,0.00046064574,-0.0012752811,1.6557021,0.9544025,0.045597482,0.02096436,0.4669671058654785
1810432,884.7691057699823,8.0,471.35193,500.0,110.52903,-1.0,0.024523871,1.0,0.25726837,0.017552242,-0.003994811,0.00022710921,-0.0041083656,1.6592312,0.95434386,0.045656145,0.021132272,0.4670112133026123
1818624,887.1406579969265,8.0,471.3646,500.0,110.51281,-1.0,0.024668917,1.0,0.25715238,0.017658457,-0.0026483175,0.00012093161,-0.0027087834,1.6620932,0.9542976,0.045702416,0.021033498,0.46676120162010193
1826816,880.8992431515524,8.0,471.24527,500.0,110.76533,-1.0,0.025071077,1.0,0.25751463,0.018041607,-0.0040290076,0.00024523883,-0.004151627,1.662223,0.95399326,0.04600672,0.020935642,0.46651118993759155
1835008,881.8444293442692,8.0,471.2468,500.0,110.778114,-1.0,0.025218735,1.0,0.25743127,0.018181792,-0.0049664816,0.00012113019,-0.0050270464,1.6553104,0.95393723,0.04606279,0.020844055,0.4662611782550812
1843200,881.2197828371702,8.0,470.90323,500.0,111.44583,-1.0,0.025601638,1.0,0.2587139,0.01846555,-0.0033994876,0.00040588877,-0.0036024319,1.6554568,0.953405,0.04659498,0.020993344,0.4662611782550812
1851392,880.2388603207588,8.0,470.78976,500.0,111.67965,-1.0,0.0254842,1.0,0.25911105,0.018374205,-0.0027984856,0.00032354266,-0.0029602572,1.6592003,0.9533639,0.046636086,0.021151885,0.4662889540195465
1859584,879.8702506202479,8.0,470.91577,500.0,111.454956,-1.0,0.025374271,1.0,0.258557,0.018294945,-0.003227469,2.3274704e-05,-0.0032391064,1.6659542,0.95356506,0.046434917,0.021060644,0.46603894233703613
1867776,880.9736414320238,8.0,470.8621,500.0,111.49136,-1.0,0.025764082,1.0,0.25890166,0.018392147,-0.0032572015,0.0002880127,-0.0034012075,1.6715896,0.95327103,0.046728972,0.02096489,0.46578893065452576
1875968,889.5227241390397,8.0,470.94943,500.0,111.28404,-1.0,0.025905432,1.0,0.25881433,0.0183209,-0.0043572946,0.0002952803,-0.004504935,1.6703974,0.9532193,0.046780683,0.02087525,0.4655389189720154
1884160,882.1830522204993,8.0,471.0659,500.0,111.07598,-1.0,0.025801603,1.0,0.2583003,0.018247468,-0.00042422197,0.0001169304,-0.0004826871,1.6704874,0.9534068,0.046593186,0.020791583,0.465288907289505
1892352,881.5777850148442,8.0,471.1814,500.0,110.86906,-1.0,0.025698602,1.0,0.25778937,0.018174624,-0.0034825779,2.7280392e-05,-0.003496218,1.6744287,0.95359284,0.046407185,0.020708583,0.46503889560699463
1900544,882.4453035253573,8.0,471.0636,500.0,110.974106,-1.0,0.02583851,1.0,0.25866967,0.018289372,-0.0054025333,0.00054624095,-0.0056756544,1.6803739,0.95329195,0.046708073,0.020869566,0.4650830030441284
1908736,878.6365657875443,8.0,470.98022,500.0,111.10611,-1.0,0.026218155,1.0,0.25900593,0.018495513,-0.0009460903,0.0002132914,-0.0010527361,1.6878934,0.9530052,0.046994805,0.020776652,0.46483299136161804
1916928,885.9738891502079,8.0,471.00787,500.0,111.03657,-1.0,0.02634819,1.0,0.25888819,0.018514203,-0.002756912,0.00022222844,-0.0028680263,1.6924285,0.9529672,0.04703275,0.02068456,0.46458297967910767
1925120,878.0887952333215,8.0,470.90393,500.0,111.25651,-1.0,0.026960785,1.0,0.2596351,0.018864153,-0.005049914,0.0003364662,-0.0052181473,1.6983557,0.952451,0.04754902,0.020588236,0.4643329679965973
1933312,881.2395587449124,8.0,470.8602,500.0,111.26332,-1.0,0.026835814,1.0,0.2599792,0.018774135,-0.0042937826,0.00037483257,-0.004481199,1.7005827,0.95242745,0.04757258,0.020736765,0.46434614062309265
1941504,883.7976148754663,8.0,470.86685,500.0,111.25867,-1.0,0.02696793,1.0,0.25989014,0.018874511,-0.0019391231,0.00014614407,-0.002012195,1.71575,0.95238096,0.04761905,0.020651117,0.4640961289405823
1949696,878.3749114172864,8.0,470.67706,500.0,111.61548,-1.0,0.0275562,1.0,0.26055604,0.019315049,-0.0022737281,0.0001567161,-0.0023520861,1.7188592,0.9518975,0.04810249,0.02054629,0.4638461172580719
1957888,879.6500842061439,8.0,470.46017,500.0,112.03297,-1.0,0.027677497,1.0,0.2613568,0.019439746,-0.0046572452,0.00029101945,-0.004802755,1.7093502,0.9516246,0.04837545,0.020697955,0.46387389302253723
1966080,884.8303050197583,8.0,470.36017,500.0,112.22958,-1.0,0.027558113,1.0,0.26171604,0.019369075,-0.003147891,0.0002617271,-0.0032787544,1.7042226,0.9515936,0.048406422,0.020848311,0.46390166878700256
1974272,879.8583091611591,8.0,470.28537,500.0,112.337845,-1.0,0.027916964,1.0,0.26202127,0.01953418,-0.0025384007,0.00027512538,-0.0026759636,1.6996309,0.9513243,0.048675735,0.020758769,0.4636516571044922
1982464,892.5532841742968,8.0,470.29895,500.0,112.31093,-1.0,0.028041825,1.0,0.2619261,0.019597601,-0.003447298,0.00028212956,-0.0035883628,1.6941977,0.9512833,0.04871673,0.020674905,0.4634016454219818
1990656,881.0384057206597,8.0,470.30325,500.0,112.304596,-1.0,0.027698863,1.0,0.26191276,0.019368144,-0.0043774773,0.00023857811,-0.0044967663,1.7000647,0.9514678,0.048532195,0.020833334,0.4634641408920288
1998848,884.7727054915061,8.0,470.2107,500.0,112.49141,-1.0,0.02757483,1.0,0.26223254,0.019287197,-0.0031769574,0.0002835403,-0.0033187275,1.705297,0.95144945,0.048550554,0.020975724,0.46347731351852417
2007040,884.111713975023,8.0,470.25357,500.0,112.36676,-1.0,0.027706034,1.0,0.26216838,0.019244658,-0.0043219114,0.00012536497,-0.004384594,1.7028267,0.95139706,0.048602957,0.020896925,0.4632273018360138
2015232,881.4929044668377,8.0,470.26584,500.0,112.3597,-1.0,0.027823241,1.0,0.262044,0.019362744,-0.0053494964,5.1793606e-05,-0.005375393,1.697299,0.9513678,0.04863222,0.020808978,0.4629772901535034
2023424,881.0959719298534,8.0,470.17902,500.0,112.52642,-1.0,0.027234636,1.0,0.2624079,0.01893246,-0.0036481137,0.00029209926,-0.0037941635,1.7049866,0.95158285,0.048417132,0.021182496,0.46325361728668213
2031616,885.1422200210854,8.0,469.8823,500.0,113.074234,-1.0,0.027571825,1.0,0.2635217,0.019225657,-0.006038229,0.00055937946,-0.006317918,1.7120099,0.95111215,0.04888786,0.021316033,0.46325361728668213
2039808,881.172889232493,8.0,469.8694,500.0,113.058945,-1.0,0.02746365,1.0,0.26388592,0.019003583,-0.0042925826,0.00026089736,-0.0044230316,1.7130094,0.95107317,0.04892684,0.02146319,0.4632977247238159
2048000,886.8182692148863,8.0,469.5512,500.0,113.5304,-1.0,0.02847956,1.0,0.26530704,0.019447656,-0.0030055759,0.0006309324,-0.0033210418,1.7097937,0.9501608,0.04983923,0.021359669,0.46304771304130554
2056192,882.272709900721,8.0,469.46204,500.0,113.69905,-1.0,0.028362306,1.0,0.26562905,0.019343764,-0.0033496094,0.00021498332,-0.003457101,1.6992068,0.95013726,0.049862765,0.021500457,0.4630754888057709
2064384,883.1209188084675,8.0,469.28354,500.0,114.00946,-1.0,0.028922796,1.0,0.26627263,0.019708546,-0.0038972828,0.00052957895,-0.0041620717,1.6938589,0.9496698,0.05033022,0.021407424,0.4628254771232605
2072576,882.3092758938432,8.0,469.08185,500.0,114.360695,-1.0,0.029698482,1.0,0.26727742,0.020169059,-0.0032360614,0.0005014018,-0.003486762,1.6813085,0.9489912,0.051008843,0.021310361,0.4625754654407501
2080768,877.9707531303754,8.0,469.10184,500.0,114.319084,-1.0,0.029810298,1.0,0.267168,0.020212734,-0.0029061374,0.0001262027,-0.0029692384,1.6744694,0.94896114,0.051038843,0.021228546,0.46232545375823975
2088960,882.6030919085538,8.0,469.2131,500.0,114.128105,-1.0,0.02970297,1.0,0.2666926,0.02013996,-0.0033235736,8.2609426e-05,-0.0033648787,1.6708884,0.9491449,0.050855085,0.021152114,0.46207544207572937
2097152,882.9046810801183,8.0,469.12125,500.0,114.312416,-1.0,0.029583147,1.0,0.26700148,0.02006631,-0.003520269,0.000270346,-0.003655442,1.6746328,0.94912595,0.050874047,0.0212909,0.4621032178401947
2105344,879.6899240429586,8.0,468.84854,500.0,114.80422,-1.0,0.029444568,1.0,0.26805258,0.019931376,-0.0027050693,0.0006240442,-0.0030170912,1.6748035,0.94891816,0.051081866,0.021637296,0.4623294174671173
2113536,885.4769228422108,8.0,468.95932,500.0,114.614914,-1.0,0.029339854,1.0,0.26758125,0.019860493,-0.0031803495,8.819655e-05,-0.0032244478,1.6728561,0.9490998,0.0509002,0.021560347,0.46207940578460693
2121728,888.0800340926079,8.0,468.7975,500.0,114.87649,-1.0,0.029437805,1.0,0.26824105,0.019863289,-0.0033013625,0.0004992425,-0.0035509842,1.6771259,0.9488712,0.05112882,0.021691013,0.4620925784111023
2129920,881.1258198526596,8.0,468.81415,500.0,114.86292,-1.0,0.029541446,1.0,0.2681019,0.019977923,-0.0042160754,0.00016601082,-0.004299081,1.6760079,0.9488536,0.051146384,0.021604938,0.4618425667285919
2138112,879.3048517089443,8.0,468.63455,500.0,115.2051,-1.0,0.029631255,1.0,0.2687237,0.020060787,-0.0045714956,0.000343375,-0.004743183,1.6678568,0.94863915,0.05136084,0.021729587,0.4618425667285919
2146304,880.8333025406774,8.0,468.5481,500.0,115.37524,-1.0,0.029514648,1.0,0.26901475,0.020007275,-0.0044204677,0.0003288666,-0.004584901,1.6610644,0.94862264,0.05137735,0.021862702,0.46187034249305725
2154496,884.1827879128616,8.0,468.65775,500.0,115.188896,-1.0,0.029411765,1.0,0.2685511,0.019937532,-0.004501925,9.866047e-05,-0.0045512547,1.658367,0.94880176,0.051198255,0.021786492,0.4616203308105469
2162688,884.6265530096546,8.0,468.59116,500.0,115.28933,-1.0,0.029730903,1.0,0.26879314,0.020107232,-0.004622424,0.00023701451,-0.004740931,1.6506355,0.9485677,0.051432293,0.021701388,0.4613703191280365
2170880,882.5406815695771,8.0,468.25525,500.0,115.827835,-1.0,0.030257186,1.0,0.2701823,0.020591833,-0.0058192243,0.00052977697,-0.006084114,1.639108,0.9479144,0.052085586,0.021828398,0.46138349175453186
2179072,883.0223063515538,8.0,468.03638,500.0,116.14239,-1.0,0.03055735,1.0,0.27115107,0.020538235,-0.0045295698,0.00063531764,-0.0048472285,1.6301439,0.947493,0.052506994,0.021949645,0.46138349175453186
2187264,882.1475611502234,8.0,467.95413,500.0,116.303055,-1.0,0.030439442,1.0,0.27142498,0.020428844,-0.006323036,0.00031740923,-0.0064817397,1.6320425,0.9474812,0.052518755,0.022079313,0.4614112675189972
2195456,881.5397642884291,8.0,467.8751,500.0,116.46722,-1.0,0.030742954,1.0,0.27161986,0.020734202,-0.0035277153,0.00012133186,-0.0035883812,1.6354717,0.9472673,0.052732706,0.021989752,0.4611612558364868
2203648,880.1346679821655,8.0,467.70233,500.0,116.78292,-1.0,0.031256646,1.0,0.27217916,0.02115664,-0.0050579626,0.0001784645,-0.0051471954,1.6308045,0.94684243,0.05315756,0.021900915,0.46091124415397644
2211840,880.1201042145958,8.0,467.81183,500.0,116.59989,-1.0,0.031150667,1.0,0.27172342,0.021084908,-0.0047183707,6.916219e-05,-0.0047529517,1.6204315,0.9470227,0.052977327,0.021826658,0.46066123247146606
2220032,879.9884885565282,8.0,467.83066,500.0,116.56979,-1.0,0.03125,1.0,0.27160645,0.021149063,-0.004653637,0.00026430812,-0.004785791,1.6260486,0.9470017,0.05299831,0.02174831,0.4604112207889557
2228224,879.1639641764056,8.0,467.76178,500.0,116.712074,-1.0,0.030698065,1.0,0.27186474,0.020692917,-0.0045346143,0.00017196052,-0.004620595,1.6385639,0.94722456,0.052775443,0.022077376,0.46066123247146606
2236416,885.8989865841746,8.0,467.49496,500.0,117.20085,-1.0,0.031407036,1.0,0.27274618,0.021305678,-0.0035535633,0.0005433411,-0.0038252338,1.6451426,0.94660807,0.05339196,0.021984925,0.4604112207889557
2244608,885.4640985125997,8.0,467.41803,500.0,117.34757,-1.0,0.0317063,1.0,0.27295744,0.021561801,-0.003764723,0.00024080454,-0.0038851257,1.6417811,0.94639134,0.05360868,0.021902379,0.4601612091064453
2252800,885.5403197360966,8.0,467.4311,500.0,117.34141,-1.0,0.03180212,1.0,0.27283826,0.02167741,-0.006559118,0.00011316492,-0.0066157007,1.6357431,0.94637287,0.053627104,0.021824984,0.45991119742393494
2260992,884.6882792303452,8.0,467.4601,500.0,117.26812,-1.0,0.031903874,1.0,0.2727477,0.02166884,-0.0031147618,0.00028902158,-0.0032592728,1.6306896,0.9463435,0.053656515,0.02175264,0.45966118574142456
2269184,885.9865226396421,8.0,467.4738,500.0,117.259056,-1.0,0.031585466,1.0,0.27267805,0.021409808,-0.006339874,0.00011853802,-0.0063991426,1.629362,0.9465318,0.05346821,0.02188274,0.45970529317855835
2277376,881.4855321878587,8.0,467.49527,500.0,117.23415,-1.0,0.031262856,1.0,0.2725808,0.021158904,-0.0056225266,6.680399e-05,-0.005655929,1.6366767,0.9467297,0.053270258,0.022007404,0.4597330689430237
2285568,882.8160290396271,8.0,467.60852,500.0,117.0454,-1.0,0.031153925,1.0,0.27211174,0.021085177,-0.00406919,2.147794e-05,-0.0040799286,1.6410682,0.9469153,0.05308465,0.021930724,0.4594830572605133
2293760,881.3328677999866,8.0,467.4553,500.0,117.3039,-1.0,0.03164557,1.0,0.27264524,0.021422023,-0.0038052795,0.00042117716,-0.004015868,1.6454635,0.94650877,0.05349122,0.021845652,0.45923304557800293
2301952,885.7398121552217,8.0,467.38214,500.0,117.454,-1.0,0.031930037,1.0,0.27282408,0.02170727,-0.0040882006,0.0002743134,-0.004225357,1.6378659,0.94630873,0.053691275,0.021761237,0.45898303389549255
2310144,883.2663698190416,8.0,467.32333,500.0,117.55122,-1.0,0.032212317,1.0,0.27300113,0.021884093,-0.0032814557,0.0004953842,-0.0035291477,1.6227583,0.9461102,0.05388979,0.021677472,0.4587330222129822
2318336,893.1144269983997,8.0,467.24207,500.0,117.70542,-1.0,0.032101758,1.0,0.27327853,0.021842228,-0.006126497,0.0003064425,-0.006279718,1.6232572,0.94609326,0.053906724,0.021804966,0.45877712965011597
2326528,884.8536613957555,8.0,467.34756,500.0,117.53042,-1.0,0.03199839,1.0,0.27284428,0.021771897,-0.0059262346,3.0581403e-05,-0.005941525,1.6223553,0.94626683,0.053733144,0.021734755,0.4585271179676056
2334720,879.3084971149582,8.0,467.20145,500.0,117.78061,-1.0,0.032471437,1.0,0.2733355,0.02210911,-0.0054723527,0.00041179673,-0.0056782505,1.617054,0.94588095,0.05411906,0.021647625,0.4582771062850952
2342912,883.4873054301096,8.0,467.15015,500.0,117.854904,-1.0,0.032747604,1.0,0.2735072,0.02225353,-0.0040799477,0.00021732211,-0.0041886093,1.6168469,0.9456869,0.0543131,0.021565495,0.45802709460258484
2351104,888.5413922892794,8.0,467.0006,500.0,118.106735,-1.0,0.033220608,1.0,0.27401638,0.022577493,-0.0041970816,0.0004195996,-0.004406881,1.6179577,0.9452954,0.054704595,0.021483986,0.45777708292007446
2359296,882.3734662834082,8.0,466.95758,500.0,118.13658,-1.0,0.033505153,1.0,0.27423662,0.022642346,-0.0035393876,0.0002247723,-0.0036517743,1.6061785,0.94508326,0.054916732,0.021411577,0.4575270712375641
2367488,882.0006897421127,8.0,467.07507,500.0,117.94275,-1.0,0.033386014,1.0,0.27375585,0.022561831,-0.003199107,4.0694373e-05,-0.0032194543,1.5999933,0.9452785,0.054721452,0.02133544,0.4572770595550537
2375680,882.9875646084685,8.0,467.1788,500.0,117.77125,-1.0,0.03328082,1.0,0.27333063,0.022490744,-0.006265426,3.775743e-05,-0.0062843044,1.608703,0.94545096,0.054549035,0.021268215,0.45702704787254333
2383872,885.2430855315706,8.0,467.2819,500.0,117.60049,-1.0,0.033176284,1.0,0.27290738,0.0224201,-0.004105304,1.4932018e-05,-0.00411277,1.6178824,0.9456223,0.054377697,0.021201413,0.45677703619003296
2392064,879.3357936155538,8.0,467.1267,500.0,117.89039,-1.0,0.032459915,1.0,0.27352607,0.021832302,-0.0054369126,0.0005575475,-0.005715687,1.6290368,0.94583493,0.054165035,0.021705123,0.4572770297527313
2400256,880.9984210624019,8.0,466.9772,500.0,118.14796,-1.0,0.032924216,1.0,0.27402514,0.02217198,-0.0046535204,0.0004982752,-0.004902658,1.6371233,0.945451,0.054548997,0.021624781,0.45702701807022095
2408448,877.7812700590259,8.0,466.71317,500.0,118.5399,-1.0,0.033378616,1.0,0.27519867,0.022571856,-0.0040376736,0.0006232915,-0.0043493193,1.6368657,0.94488645,0.055113528,0.021734912,0.45702701807022095
2416640,878.9138437121204,8.0,466.72824,500.0,118.52817,-1.0,0.033462282,1.0,0.2750808,0.022670815,-0.0039967936,9.554733e-05,-0.0040445672,1.6317532,0.9448743,0.055125725,0.021663442,0.45677700638771057
2424832,881.9068091526813,8.0,466.61374,500.0,118.67703,-1.0,0.033538938,1.0,0.2756377,0.02262853,-0.0030057337,0.00034716402,-0.0031793157,1.633945,0.94468004,0.05531997,0.021781033,0.4568047821521759
2433024,882.6555796472356,8.0,466.4978,500.0,118.85468,-1.0,0.03321175,1.0,0.2761577,0.022537742,-0.0048390506,0.00055038824,-0.0051142448,1.638685,0.9447111,0.055288922,0.022077175,0.4570309817790985
2441216,877.8622075423604,8.0,466.42404,500.0,118.992455,-1.0,0.033486415,1.0,0.27636167,0.022775194,-0.004067624,0.00028575386,-0.004210501,1.6356959,0.94450825,0.05549177,0.022005359,0.45678097009658813
2449408,882.1296241845021,8.0,466.1939,500.0,119.37961,-1.0,0.034127742,1.0,0.27715397,0.023244474,-0.0044274013,0.00046023622,-0.0046575195,1.6265799,0.9439466,0.056053385,0.021925643,0.45653095841407776
2457600,881.7237010495594,8.0,465.99298,500.0,119.69344,-1.0,0.034751233,1.0,0.27788484,0.023621215,-0.0042008413,0.0003695657,-0.004385624,1.6198931,0.9434106,0.056589443,0.021838207,0.4562809467315674
2465792,883.1763284733589,8.0,465.8844,500.0,119.84428,-1.0,0.034437086,1.0,0.27843747,0.023255996,-0.0042913887,0.0004351181,-0.004508948,1.617157,0.94342476,0.056575213,0.022138126,0.4565572738647461
2473984,889.3623830910527,8.0,465.82986,500.0,119.91969,-1.0,0.034703884,1.0,0.27862844,0.023388669,-0.004770142,0.00018162366,-0.0048609544,1.6240706,0.94322896,0.05677103,0.022067145,0.4563072621822357
2482176,881.4158634566638,8.0,465.59827,500.0,120.32867,-1.0,0.034949265,1.0,0.27941376,0.023671404,-0.0035222159,0.00030552244,-0.003674977,1.6213129,0.9428786,0.05712138,0.022172116,0.4563072621822357
2490368,882.0051046819169,8.0,465.53522,500.0,120.44699,-1.0,0.03483146,1.0,0.27962032,0.02355495,-0.0066960547,0.0002471194,-0.006819613,1.6167467,0.9428839,0.057116106,0.022284644,0.45633503794670105
2498560,890.7327153633639,7.0,465.32544,500.0,120.8069,-1.0,0.035061546,1.0,0.280342,0.02368346,-0.005734819,0.00056781975,-0.006018728,1.6276133,0.94255877,0.057441253,0.02237971,0.45631229877471924
2506752,885.1478065890946,7.0,465.36847,500.0,120.71119,-1.0,0.035136644,1.0,0.28021425,0.023653679,-0.0055973637,0.000120301374,-0.0056575136,1.6299431,0.94255435,0.057445623,0.02230898,0.45606228709220886
2514944,893.815784776885,7.0,465.32523,500.0,120.75662,-1.0,0.03539659,1.0,0.28039446,0.023754448,-0.0041100895,0.00016733917,-0.0041937586,1.6245233,0.9423647,0.057635285,0.022238696,0.4558122754096985
2523136,891.0571020242477,7.0,465.42776,500.0,120.592674,-1.0,0.035291944,1.0,0.27998626,0.02368422,-0.0061978577,0.0001566108,-0.006276164,1.6241298,0.9425351,0.057464894,0.022172948,0.4555622637271881
2531328,891.5889943762259,7.0,465.29706,500.0,120.79607,-1.0,0.03499079,1.0,0.28053874,0.023354694,-0.00353869,0.00043587404,-0.0037566272,1.6305894,0.9425414,0.057458565,0.022467772,0.45586782693862915
2539520,879.6315505656821,7.0,465.0756,500.0,121.17798,-1.0,0.03559633,1.0,0.281247,0.02384802,-0.0030565453,0.0004294928,-0.0032712917,1.6318291,0.94201833,0.05798165,0.022385322,0.4556178152561188
2547712,879.6068027301094,7.0,465.09824,500.0,121.147156,-1.0,0.035302725,1.0,0.2811649,0.023637192,-0.0021262267,0.00016079923,-0.0022066263,1.6280715,0.94219863,0.057801355,0.022498628,0.45566192269325256
2555904,881.6727041264264,7.0,465.12308,500.0,121.12117,-1.0,0.035369188,1.0,0.28101212,0.023729557,-0.004720549,0.000100687685,-0.0047708927,1.6268438,0.942206,0.057793982,0.022424795,0.4554119110107422
2564096,877.2655630483127,7.0,464.9962,500.0,121.31852,-1.0,0.03507178,1.0,0.28155196,0.023630997,-0.0050956616,0.0003217297,-0.005256526,1.6207604,0.94221336,0.057786662,0.022714883,0.4557174742221832
2572288,882.1304847798342,7.0,465.11032,500.0,121.13703,-1.0,0.034957435,1.0,0.28109974,0.023553954,-0.0037438497,6.5073036e-06,-0.0037471033,1.6252576,0.94240177,0.057598263,0.022640826,0.45546746253967285
2580480,882.8516646569819,7.0,465.14444,500.0,121.077286,-1.0,0.03502437,1.0,0.2809487,0.023576193,-0.003391675,0.00018916298,-0.0034862563,1.6267345,0.9424084,0.057591625,0.02256725,0.4552174508571625
2588672,883.2904611487413,7.0,465.00217,500.0,121.322105,-1.0,0.035450783,1.0,0.28139356,0.023917714,-0.0032686691,0.00028802353,-0.0034126807,1.6213322,0.94205505,0.057944935,0.022494152,0.4549674391746521
2596864,883.2470931605282,7.0,464.8718,500.0,121.55047,-1.0,0.03550296,1.0,0.2818299,0.023935905,-0.005456004,0.00037324242,-0.005642625,1.6059537,0.94190425,0.05809575,0.022592792,0.4549674391746521
2605056,881.8612909402923,7.0,464.8216,500.0,121.62306,-1.0,0.03575259,1.0,0.28199753,0.024085052,-0.003450583,0.00015411005,-0.0035276383,1.5911816,0.9417233,0.058276724,0.022524133,0.4547174274921417
2613248,880.3868373376336,7.0,464.848,500.0,121.59164,-1.0,0.035816107,1.0,0.28184584,0.024162602,-0.0039738296,7.4559444e-05,-0.0040111095,1.5804316,0.941732,0.058267996,0.022451889,0.45446741580963135
2621440,882.9705691539027,7.0,464.7152,500.0,121.831436,-1.0,0.03622159,1.0,0.28223026,0.02453364,-0.00458967,0.00013646038,-0.0046579004,1.5738302,0.94140625,0.05859375,0.022372158,0.45421740412712097
2629632,886.4102158162171,7.0,464.66425,500.0,121.91688,-1.0,0.036106195,1.0,0.28241512,0.024384972,-0.004633393,0.00035297323,-0.0048098797,1.5676756,0.9414159,0.05858407,0.022477876,0.4542451798915863
2637824,882.5302089231521,7.0,464.68625,500.0,121.889,-1.0,0.035821423,1.0,0.28233323,0.024171779,-0.0049099457,0.00013475202,-0.0049773217,1.5735079,0.9415917,0.058408327,0.022586906,0.4542892873287201
2646016,884.2903305796333,7.0,464.48022,500.0,122.23364,-1.0,0.035695445,1.0,0.28308934,0.024059987,-0.0062358747,0.00032374592,-0.0063977474,1.5784783,0.9414454,0.058554597,0.022859152,0.45453929901123047
2654208,881.5289082879177,7.0,464.14044,500.0,122.77788,-1.0,0.03625219,1.0,0.28429276,0.02443033,-0.005198556,0.001239309,-0.0058182105,1.5785908,0.9408056,0.059194397,0.022942206,0.45450669527053833
2662400,877.8275790948215,7.0,464.01047,500.0,123.00111,-1.0,0.03595741,1.0,0.28477168,0.024231141,-0.005259851,0.0003562818,-0.005437992,1.5748538,0.94082737,0.05917263,0.023215221,0.45478302240371704
2670592,879.9739296262383,7.0,464.1232,500.0,122.82479,-1.0,0.035844788,1.0,0.28433245,0.024155248,-0.004116419,5.1106163e-06,-0.0041189743,1.574779,0.9410127,0.058987297,0.02314251,0.45453301072120667
2678784,882.6663727163178,7.0,463.9223,500.0,123.15764,-1.0,0.03641408,1.0,0.28497824,0.024603175,-0.0053105215,0.00038778054,-0.0055044116,1.5697019,0.9405237,0.05947633,0.023062252,0.4542829990386963
2686976,882.5532853437478,7.0,463.80142,500.0,123.35123,-1.0,0.036813,1.0,0.28536087,0.024879683,-0.0031158235,0.000283204,-0.0032574255,1.5509799,0.9402005,0.059799515,0.02298652,0.4540329873561859
2695168,878.991954527425,7.0,463.90747,500.0,123.18594,-1.0,0.03670515,1.0,0.28494954,0.024806798,-0.0048003835,0.00018488547,-0.0048928265,1.547706,0.9403757,0.059624333,0.02291918,0.45378297567367554
2703360,880.262471058525,7.0,463.86255,500.0,123.245224,-1.0,0.03694158,1.0,0.28509888,0.024925195,-0.005250318,0.00022302469,-0.0053618304,1.5455558,0.94020617,0.059793815,0.022852235,0.45353296399116516
2711552,882.2603633322714,7.0,463.8835,500.0,123.22471,-1.0,0.037005313,1.0,0.2849689,0.025012283,-0.005829746,0.00014726452,-0.005903378,1.5543729,0.94020903,0.059790988,0.022785677,0.4532829523086548
2719744,880.9394898413905,7.0,463.68927,500.0,123.53852,-1.0,0.03722042,1.0,0.28564358,0.025181973,-0.004404599,0.0004921442,-0.00465067,1.5656191,0.939901,0.060099028,0.022878606,0.4532829523086548
2727936,880.1715304455086,7.0,463.5771,500.0,123.70788,-1.0,0.03727025,1.0,0.28606084,0.025123015,-0.005209893,0.0005140545,-0.0054669203,1.5548646,0.93975496,0.060245063,0.022974813,0.45329612493515015
2736128,882.2033470577421,7.0,463.30066,500.0,124.17277,-1.0,0.03764626,1.0,0.28697416,0.02541934,-0.0033521089,0.00043627873,-0.0035702484,1.542548,0.9392912,0.060708836,0.023062574,0.45328423380851746
2744320,881.6652609695159,7.0,463.1802,500.0,124.36371,-1.0,0.03736264,1.0,0.2874503,0.025089221,-0.0059899203,0.00035529074,-0.0061675655,1.5235312,0.93930686,0.060693152,0.023330515,0.4535897970199585
2752512,881.6239073591986,7.0,463.05408,500.0,124.52054,-1.0,0.0379107,1.0,0.28805774,0.025349103,-0.004334036,0.00043819236,-0.0045531318,1.5097308,0.9388374,0.061162595,0.023251895,0.4533397853374481
2760704,879.7916682531288,7.0,462.9276,500.0,124.74254,-1.0,0.037621766,1.0,0.2885023,0.025113234,-0.0049363924,0.0004993179,-0.005186052,1.500234,0.93886465,0.06113537,0.023513604,0.45361611247062683
2768896,885.6567764136772,7.0,462.95914,500.0,124.7013,-1.0,0.03767582,1.0,0.28834325,0.025174499,-0.005626047,0.00025753584,-0.005754815,1.491448,0.93888146,0.061118554,0.023442732,0.45336610078811646
2777088,888.4363968685947,7.0,463.0581,500.0,124.54926,-1.0,0.03757515,1.0,0.28796434,0.025107231,-0.005081014,0.00019984046,-0.0051809344,1.4783115,0.9390448,0.060955245,0.023380093,0.4531160891056061
2785280,879.0393809059628,7.0,463.01865,500.0,124.608315,-1.0,0.037795536,1.0,0.2880748,0.025252717,-0.0051575317,0.00017217567,-0.00524362,1.4683993,0.93889445,0.06110556,0.023310022,0.4528660774230957
2793472,883.1040771010217,7.0,463.05295,500.0,124.556244,-1.0,0.0375166,1.0,0.28796154,0.025066208,-0.0017997173,0.0002111891,-0.001905312,1.4550077,0.939077,0.060922977,0.023406375,0.45289385318756104
2801664,878.9387099552564,7.0,462.94788,500.0,124.71609,-1.0,0.037564125,1.0,0.2883567,0.025024392,-0.0044122464,0.00032704038,-0.0045757666,1.4484807,0.9389376,0.061062384,0.023498263,0.4529070258140564
2809856,881.2560129766192,7.0,462.8362,500.0,124.902275,-1.0,0.037935015,1.0,0.28868228,0.02532362,-0.0067128194,0.0004832836,-0.0069544623,1.4419342,0.93864423,0.061355766,0.02342075,0.452657014131546
2818048,881.5270537479039,7.0,462.27304,500.0,125.82661,-1.0,0.038278297,1.0,0.29061243,0.02559426,-0.004574567,0.0009781157,-0.005063625,1.4453995,0.9379004,0.062099557,0.023821259,0.4530320167541504
2826240,882.7469889646023,7.0,462.15704,500.0,126.01925,-1.0,0.038322963,1.0,0.29099163,0.025609098,-0.0059876433,0.00030134717,-0.006138317,1.4456302,0.93776613,0.06223387,0.023910908,0.45304518938064575
2834432,883.7489008482254,7.0,462.1979,500.0,125.94994,-1.0,0.038373612,1.0,0.2908304,0.025616273,-0.0052621737,0.00018323249,-0.00535379,1.4460293,0.93778574,0.06221424,0.023840627,0.4527951776981354
2842624,879.456679197996,7.0,462.10468,500.0,126.08105,-1.0,0.038092136,1.0,0.29124913,0.025274228,-0.0060873483,0.00036779122,-0.006271244,1.4442015,0.9378154,0.062184602,0.024092464,0.4530715048313141
2850816,881.2196698345335,7.0,462.04285,500.0,126.17104,-1.0,0.038143158,1.0,0.29164538,0.02548308,-0.007459644,0.00047364953,-0.0076964693,1.4461669,0.93767244,0.062327545,0.024184385,0.4530992805957794
2859008,881.0914983049373,7.0,462.1473,500.0,126.013016,-1.0,0.0380382,1.0,0.29125074,0.025412958,-0.0064873863,3.3230448e-05,-0.006504002,1.4570315,0.937844,0.062156036,0.024117837,0.45284926891326904
2867200,882.5738692597618,7.0,462.10443,500.0,126.08776,-1.0,0.038250484,1.0,0.29134676,0.025589477,-0.002699992,0.0003038621,-0.0028519232,1.4676809,0.93770176,0.062298257,0.024047773,0.45259925723075867
2875392,891.7046407792665,7.0,461.97522,500.0,126.26252,-1.0,0.038436797,1.0,0.2919014,0.025586255,-0.0029939061,0.0006992727,-0.0033435426,1.4613744,0.9374397,0.06256031,0.024123512,0.45257651805877686
2883584,880.2339669452208,7.0,461.9293,500.0,126.34926,-1.0,0.038646568,1.0,0.29199448,0.025792463,-0.004955339,0.00038023537,-0.0051454566,1.4575117,0.93729955,0.06270045,0.024053881,0.4523265063762665
2891776,886.4576456547945,7.0,461.81375,500.0,126.54617,-1.0,0.039008792,1.0,0.29231617,0.026121635,-0.0052981,0.00019690783,-0.0053965542,1.4458649,0.9370104,0.06298961,0.023980815,0.4520764946937561
2899968,879.3128626409442,7.0,461.70895,500.0,126.70822,-1.0,0.038731273,1.0,0.2927202,0.025933322,-0.004839197,0.00027371309,-0.0049760537,1.4371616,0.93704176,0.06295824,0.02422697,0.4523528218269348
2908160,879.752765263737,7.0,461.6672,500.0,126.78197,-1.0,0.038620472,1.0,0.2928517,0.025856597,-0.002194683,0.00044404407,-0.0024167052,1.438488,0.9370629,0.062937066,0.024316592,0.45238059759140015
2916352,881.5526335187183,7.0,461.4935,500.0,127.05429,-1.0,0.038814954,1.0,0.29343534,0.025952555,-0.0043584,0.0005888436,-0.0046528224,1.4387134,0.93678707,0.06321293,0.024397973,0.45238059759140015
2924544,883.9795613930667,7.0,461.14227,500.0,127.55842,-1.0,0.03979157,1.0,0.29469025,0.02656429,-0.004983268,0.0010102303,-0.005488383,1.438369,0.9358914,0.06410864,0.024317069,0.45213058590888977
2932736,883.5620052072953,7.0,461.03683,500.0,127.737495,-1.0,0.040138517,1.0,0.29497194,0.02688181,-0.005018767,0.0003317133,-0.005184624,1.4357351,0.93562096,0.06437904,0.024240516,0.4518805742263794
2940928,876.844344040409,7.0,460.79666,500.0,128.11298,-1.0,0.040476937,1.0,0.2957594,0.02710761,-0.002930532,0.0006389196,-0.0032499917,1.4261492,0.9352055,0.06479448,0.02431754,0.4518686830997467
2949120,884.0778645929754,7.0,460.755,500.0,128.19136,-1.0,0.040675845,1.0,0.29583687,0.027305968,-0.0048355497,0.00011692529,-0.0048940126,1.416995,0.9350751,0.0649249,0.024249062,0.45161867141723633
2957312,885.3250400041907,7.0,460.72562,500.0,128.24037,-1.0,0.040867258,1.0,0.29589105,0.027454922,-0.0051482436,0.00018811408,-0.0052423007,1.4161389,0.93495554,0.065044455,0.024177196,0.45136865973472595
2965504,879.4748678032473,7.0,460.58173,500.0,128.43759,-1.0,0.041051157,1.0,0.29644722,0.027478209,-0.005032171,0.0005285652,-0.0052964534,1.4100053,0.9346913,0.06530866,0.024257503,0.45136865973472595
2973696,881.7699065498988,7.0,460.6104,500.0,128.40317,-1.0,0.040787842,1.0,0.29634687,0.027271029,-0.0038538398,0.000217267,-0.0039624735,1.41106,0.9348635,0.06513648,0.024348635,0.45141276717185974
2981888,879.1484652550512,7.0,460.43887,500.0,128.68677,-1.0,0.0409646,1.0,0.29687515,0.027433993,-0.0055943765,0.00044877146,-0.0058187624,1.4150524,0.9346112,0.06538878,0.024424177,0.45140087604522705
2990080,882.4118309008697,7.0,460.46762,500.0,128.65251,-1.0,0.040703055,1.0,0.2967743,0.027226793,-0.0058214585,0.00026817335,-0.0059555457,1.4223675,0.9347826,0.06521739,0.024514338,0.45144498348236084
2998272,880.1221782820925,7.0,460.2276,500.0,129.0348,-1.0,0.04041801,1.0,0.29761878,0.026935231,-0.0044769924,0.0006173588,-0.004785672,1.4319496,0.9346857,0.06531428,0.024896266,0.45190927386283875
3006464,882.5761362695602,7.0,459.9974,500.0,129.38599,-1.0,0.04074755,1.0,0.2983721,0.02720421,-0.0052878447,0.0006811222,-0.005628406,1.4301581,0.9342831,0.065716915,0.024969364,0.45189738273620605
3014656,877.2326613874015,7.0,459.8412,500.0,129.61174,-1.0,0.040928528,1.0,0.29890633,0.027341764,-0.0050560003,0.00051911344,-0.005315557,1.4247578,0.93402565,0.06597434,0.025045816,0.45189738273620605
3022848,877.9645613396553,7.0,459.6077,500.0,129.97559,-1.0,0.041558836,1.0,0.29960507,0.027858503,-0.0053914348,0.00030635757,-0.005544613,1.4155587,0.93347543,0.06652459,0.024965748,0.4516473710536957
3031040,883.2970234823063,7.0,459.70584,500.0,129.83282,-1.0,0.041457858,1.0,0.29924786,0.027790813,-0.0052838596,3.3932578e-05,-0.005300825,1.4093926,0.9336371,0.06636295,0.024905087,0.4513973593711853
3039232,879.7580812770539,7.0,459.3567,500.0,130.34651,-1.0,0.042070217,1.0,0.3003994,0.028178964,-0.0056694085,0.00056585553,-0.005952336,1.4175396,0.93296003,0.06703995,0.024969734,0.45136475563049316
3047424,882.266298703698,7.0,459.26068,500.0,130.4735,-1.0,0.042113207,1.0,0.3007539,0.028193938,-0.004368379,0.0003678967,-0.004552327,1.4120439,0.9328302,0.06716981,0.025056604,0.45140886306762695
3055616,885.2516611863607,7.0,459.10007,500.0,130.73,-1.0,0.04198014,1.0,0.30128813,0.028065946,-0.0061873696,0.00061818224,-0.00649646,1.4166815,0.9327415,0.0672585,0.025278363,0.45163506269454956
3063808,886.1584927164877,7.0,459.07352,500.0,130.7785,-1.0,0.04216054,1.0,0.30132315,0.028229227,-0.006449366,0.00033755318,-0.006618143,1.4197588,0.93263316,0.06736684,0.025206301,0.4513850510120392
3072000,884.1243399122703,7.0,458.4546,500.0,131.6432,-1.0,0.04257544,1.0,0.30356562,0.028220618,-0.0063885488,0.0013978973,-0.007087497,1.4171767,0.9317299,0.068270095,0.025694652,0.45182469487190247
3080192,882.1768008739265,7.0,458.54544,500.0,131.5009,-1.0,0.04262295,1.0,0.30343533,0.028155044,-0.005665949,0.00022689243,-0.005779395,1.4126549,0.9317437,0.06825633,0.025633384,0.4515746831893921
3088384,884.6784161231449,7.0,458.22617,500.0,131.94489,-1.0,0.04294205,1.0,0.30464208,0.028244613,-0.002928394,0.0008779176,-0.0033673528,1.4041883,0.93120354,0.06879643,0.025854383,0.45182469487190247
3096576,883.6610791394475,7.0,458.0068,500.0,132.27367,-1.0,0.042956598,1.0,0.3053715,0.028214859,-0.0055434695,0.00070837315,-0.005897656,1.3971487,0.9309732,0.06902681,0.026070211,0.4520508944988251
3104768,883.8973555832949,7.0,457.73328,500.0,132.65703,-1.0,0.04342047,1.0,0.30629548,0.028465386,-0.0055523436,0.00080361863,-0.0059541524,1.3996228,0.93043864,0.06956136,0.026140895,0.4520508944988251
3112960,884.850311673899,7.0,457.78632,500.0,132.5784,-1.0,0.043446243,1.0,0.306095,0.028469624,-0.007087999,0.00019772528,-0.0071868617,1.3939074,0.930486,0.06951399,0.026067747,0.4518008828163147
3121152,878.2520781580777,7.0,457.40887,500.0,133.11064,-1.0,0.04417376,1.0,0.30735615,0.028928613,-0.00501123,0.0008446494,-0.0054335548,1.3917238,0.92970353,0.07029645,0.02612269,0.4517592191696167
3129344,881.6864822165869,7.0,457.37857,500.0,133.15736,-1.0,0.04435661,1.0,0.30741575,0.029072609,-0.0057360297,0.00022286265,-0.0058474606,1.3822126,0.9295857,0.07041429,0.026057677,0.4515092074871063
3137536,881.261754020736,7.0,457.1202,500.0,133.4697,-1.0,0.044347193,1.0,0.30852664,0.029032435,-0.0075364904,0.0010726167,-0.008072799,1.3881199,0.92924875,0.07075128,0.026404085,0.4518842101097107
3145728,881.5880767332305,7.0,457.0892,500.0,133.53133,-1.0,0.04423105,1.0,0.30860254,0.02895503,-0.0036570942,0.0002695826,-0.0037918855,1.3980542,0.9292885,0.07071148,0.02648043,0.451911985874176
3153920,884.8812804772585,7.0,456.74445,500.0,134.04082,-1.0,0.045105148,1.0,0.30961674,0.029666958,-0.0050001405,0.000926205,-0.0054632425,1.404394,0.9284989,0.07150109,0.02639594,0.45166197419166565
3162112,882.5063403786094,7.0,456.33588,500.0,134.62682,-1.0,0.04538228,1.0,0.31112486,0.029843176,-0.0053009735,0.0013059317,-0.0059539396,1.3865417,0.92787975,0.07212025,0.026737968,0.45203697681427
3170304,886.2087984696842,7.0,455.76648,500.0,135.43515,-1.0,0.04563778,1.0,0.31300923,0.02989943,-0.00672458,0.0013932028,-0.007421182,1.3786136,0.92715234,0.07284768,0.027209906,0.4525277316570282
3178496,893.4167159228352,7.0,455.74008,500.0,135.4874,-1.0,0.045232624,1.0,0.31311366,0.029559676,-0.005935857,0.0004455457,-0.0061586304,1.379231,0.9273406,0.07265939,0.027426766,0.45283329486846924
3186688,885.3898296742825,7.0,455.2956,500.0,136.1154,-1.0,0.045786235,1.0,0.3145147,0.029946193,-0.006529599,0.001088684,-0.0070739416,1.3891636,0.92659897,0.073401056,0.027614823,0.4529832899570465
3194880,889.3636722198826,7.0,455.11072,500.0,136.34763,-1.0,0.046368953,1.0,0.31510463,0.030286057,-0.004145068,0.0005065441,-0.0043983404,1.3820256,0.926095,0.073904976,0.027536025,0.45273327827453613
3203072,885.5891401613995,7.0,454.7052,500.0,136.89355,-1.0,0.046624023,1.0,0.31649902,0.030363034,-0.005644208,0.001153667,-0.006221041,1.3666269,0.9255153,0.07448472,0.027860697,0.45306020975112915
3211264,879.6696996386414,7.0,454.62036,500.0,137.02829,-1.0,0.046640202,1.0,0.3167329,0.030392116,-0.0064665596,0.00029713512,-0.006615127,1.3530797,0.9254324,0.07456762,0.027927417,0.4530733823776245
3219456,883.2799707003828,7.0,454.48712,500.0,137.21072,-1.0,0.046791065,1.0,0.31714556,0.030465266,-0.0077101584,0.0005644125,-0.0079923645,1.3488908,0.9252191,0.07478089,0.027989822,0.4530733823776245
3227648,878.508380818999,7.0,454.28522,500.0,137.51576,-1.0,0.046505075,1.0,0.3177955,0.030220656,-0.0063555366,0.0006951322,-0.006703103,1.359644,0.9251691,0.07483089,0.028325817,0.45350518822669983
3235840,881.3372534500538,7.0,454.3311,500.0,137.45247,-1.0,0.046534516,1.0,0.31762445,0.03023521,-0.0046752077,0.00022724303,-0.004788829,1.371975,0.9252074,0.07479263,0.028258119,0.45325517654418945
3244032,883.5702529460259,7.0,454.2443,500.0,137.5603,-1.0,0.046417054,1.0,0.3181148,0.030082172,-0.007813539,0.0007255158,-0.008176297,1.375203,0.9251157,0.07488431,0.028467255,0.4535607397556305
3252224,880.5876929141804,7.0,454.14813,500.0,137.67816,-1.0,0.0468597,1.0,0.31852007,0.030329246,-0.005371908,0.0003293554,-0.0055365856,1.3686271,0.9247447,0.07525528,0.02839558,0.4533107280731201
3260416,879.2760270628687,7.0,454.18652,500.0,137.60255,-1.0,0.04701451,1.0,0.31850398,0.030340616,-0.006281338,0.00034683876,-0.0064547574,1.3674378,0.92466515,0.075334825,0.028320312,0.45306071639060974
3268608,878.9834547500298,7.0,453.91824,500.0,137.92314,-1.0,0.047559448,1.0,0.31942937,0.030580299,-0.004916182,0.00074174115,-0.0052870517,1.3641915,0.9240717,0.07592824,0.028368793,0.4530281126499176
3276800,888.6021263510812,7.0,453.8444,500.0,138.04024,-1.0,0.047288865,1.0,0.31966788,0.03038927,-0.0062974095,0.00022915054,-0.0064119855,1.35482,0.9241437,0.07585633,0.028567467,0.453278124332428
3284992,883.9524761302715,7.0,453.54404,500.0,138.44113,-1.0,0.048112817,1.0,0.32056066,0.030981923,-0.005572362,0.0010384034,-0.0060915635,1.3563395,0.9234066,0.07659339,0.028480574,0.4530281126499176
3293184,890.673652200385,7.0,453.42865,500.0,138.58621,-1.0,0.04853164,1.0,0.32090563,0.031258177,-0.0057090363,0.0006111744,-0.006014624,1.3519032,0.9230663,0.07693368,0.02840204,0.4527781009674072
3301376,891.8870796946889,7.0,453.3183,500.0,138.71101,-1.0,0.048398186,1.0,0.32133108,0.031102816,-0.0057788054,0.0007015742,-0.0061295927,1.3435457,0.9230029,0.076997116,0.028598927,0.4530281126499176
3309568,885.2097424102476,7.0,452.73456,500.0,139.4963,-1.0,0.04958225,1.0,0.32307318,0.031944197,-0.0048784134,0.0014820533,-0.00561944,1.3297653,0.92179155,0.07820846,0.028626215,0.4529566764831543
3317760,881.1511503726149,7.0,452.4419,500.0,139.88171,-1.0,0.04984296,1.0,0.32401437,0.032032177,-0.0054062027,0.00081495434,-0.0058136806,1.3204732,0.9213437,0.078656286,0.028813329,0.45316120982170105
3325952,879.9314500522803,7.0,452.31277,500.0,140.07585,-1.0,0.049428105,1.0,0.32444388,0.03167188,-0.00593419,0.00040576092,-0.0061370702,1.3217578,0.92143244,0.078567535,0.029139433,0.45362550020217896
3334144,878.1964990363534,7.0,452.02362,500.0,140.45581,-1.0,0.049138047,1.0,0.32543254,0.031476747,-0.006055592,0.0010763237,-0.0065937536,1.3159906,0.92127055,0.078729466,0.02959142,0.45424506068229675
3342336,882.5677483914785,7.0,451.7967,500.0,140.73509,-1.0,0.049810503,1.0,0.3261043,0.031883463,-0.0047202464,0.00070004986,-0.005070271,1.300504,0.9206822,0.079317816,0.02950731,0.4539950489997864
3350528,879.5646287814783,7.0,451.52988,500.0,141.04918,-1.0,0.050195657,1.0,0.32718077,0.031932317,-0.0064320257,0.0009722598,-0.0069181547,1.2818372,0.92011875,0.07988126,0.029685602,0.4541798233985901
3358720,878.6296680976727,7.0,451.33945,500.0,141.26234,-1.0,0.05031616,1.0,0.3278995,0.031845227,-0.006455254,0.0006980687,-0.006804288,1.2677144,0.91981703,0.08018297,0.02986681,0.45438435673713684
3366912,880.2156116342334,7.0,451.29456,500.0,141.3007,-1.0,0.05032206,1.0,0.32808453,0.031723585,-0.0052454714,0.00030015333,-0.0053955484,1.2655804,0.9197531,0.08024691,0.029924853,0.4543975293636322
3375104,881.6694463158394,7.0,451.06476,500.0,141.60416,-1.0,0.050709125,1.0,0.32875347,0.03210403,-0.0059527066,0.0008121687,-0.006358791,1.2694526,0.9193203,0.08067969,0.029970564,0.4543747901916504
3383296,880.0370368302403,7.0,451.01788,500.0,141.64842,-1.0,0.050980914,1.0,0.32889357,0.032241557,-0.004708389,0.00042722822,-0.0049220026,1.2598724,0.91912454,0.080875486,0.029894568,0.45412477850914
3391488,879.6706455254633,7.0,450.6491,500.0,142.12091,-1.0,0.05121043,1.0,0.33011562,0.03231247,-0.0060337866,0.0010082044,-0.0065378887,1.2553548,0.9185954,0.08140463,0.0301942,0.4544747769832611
3399680,889.3749292357859,7.0,450.38846,500.0,142.3678,-1.0,0.05172414,1.0,0.33134794,0.03220943,-0.0055374196,0.0010997294,-0.006087284,1.2578213,0.9179045,0.08209549,0.030371353,0.45467931032180786
3407872,886.6471412198633,7.0,450.27615,500.0,142.52264,-1.0,0.05210951,1.0,0.33161438,0.03253289,-0.0060145888,0.0006144404,-0.006321809,1.2570481,0.9176035,0.08239651,0.030287,0.4544292986392975
3416064,879.5009814727202,7.0,450.112,500.0,142.72217,-1.0,0.052103944,1.0,0.33216104,0.03239239,-0.0058306614,0.0006588717,-0.0061600967,1.2505425,0.91742516,0.08257486,0.030470913,0.45467931032180786
3424256,883.4039646577104,7.0,449.59418,500.0,143.34029,-1.0,0.052714605,1.0,0.33385333,0.032796185,-0.00748984,0.001756219,-0.008367949,1.2396035,0.91652423,0.083475746,0.030761141,0.4550062417984009
3432448,880.7074104941598,7.0,449.53265,500.0,143.37088,-1.0,0.052831672,1.0,0.33414903,0.032859605,-0.005501693,0.000607387,-0.0058053867,1.2342734,0.9163608,0.08363923,0.030807551,0.4549943506717682
3440640,882.702404431837,7.0,449.2844,500.0,143.61284,-1.0,0.05319566,1.0,0.33513963,0.033021767,-0.005227076,0.0012333672,-0.0058437595,1.2439626,0.915828,0.084172,0.030976342,0.4551791250705719
3448832,886.9239127323208,7.0,449.08224,500.0,143.8426,-1.0,0.053050052,1.0,0.33585846,0.033006363,-0.0043027746,0.0007312184,-0.004668384,1.2438014,0.91566736,0.08433264,0.031282585,0.4556434154510498
3457024,882.3935432749146,7.0,448.65063,500.0,144.38055,-1.0,0.053657267,1.0,0.33713472,0.03332922,-0.005475394,0.0011381572,-0.0060444716,1.2344831,0.9149019,0.08509809,0.03144082,0.4557934105396271
3465216,882.897693527843,7.0,448.56174,500.0,144.4785,-1.0,0.053777374,1.0,0.33743623,0.03337891,-0.0060154633,0.0005173624,-0.006274144,1.225249,0.9147337,0.08526629,0.03148892,0.4557934105396271
3473408,879.9623008577137,7.0,448.43964,500.0,144.5933,-1.0,0.054019127,1.0,0.33788523,0.03349699,-0.006337315,0.00054702297,-0.0066108275,1.23003,0.9144482,0.08555182,0.031532697,0.4557815194129944
3481600,880.8943424309526,7.0,448.44687,500.0,144.55647,-1.0,0.054280557,1.0,0.33801362,0.03353484,-0.0069972044,0.00020415775,-0.007099283,1.2330369,0.9142599,0.085740075,0.031459514,0.455531507730484
3489792,881.453014220285,7.0,448.39307,500.0,144.6295,-1.0,0.054276526,1.0,0.33816135,0.03350987,-0.0073218127,0.00030785688,-0.007475741,1.2279935,0.9142122,0.08578778,0.031511255,0.45554468035697937
3497984,878.4682661149149,7.0,448.32687,500.0,144.70386,-1.0,0.05465042,1.0,0.33841476,0.033732153,-0.0068695038,0.0002972184,-0.007018113,1.2256131,0.91391915,0.08608082,0.031430405,0.455294668674469
3506176,879.4412825013425,7.0,448.11743,500.0,144.91765,-1.0,0.05513624,1.0,0.33916953,0.033857256,-0.005465744,0.0003705945,-0.0056510414,1.2224678,0.9133939,0.086606115,0.031469874,0.4552719295024872
3514368,881.636846912141,7.0,447.91376,500.0,145.1696,-1.0,0.055236638,1.0,0.33979246,0.03384147,-0.0062649404,0.00048471938,-0.0065073,1.2129552,0.91312665,0.08687332,0.03163669,0.45547646284103394
3522560,880.4006655018778,7.0,447.7955,500.0,145.26566,-1.0,0.055484857,1.0,0.34026635,0.033998214,-0.0070726117,0.00057896675,-0.007362095,1.2012846,0.9128277,0.08717231,0.031687453,0.4554896354675293
3530752,885.5487185656806,7.0,447.43942,500.0,145.63826,-1.0,0.05645059,1.0,0.34160146,0.03434857,-0.00677273,0.0013432342,-0.0074443473,1.1984804,0.9118356,0.088164404,0.031713814,0.45543962717056274
3538944,882.452601211933,7.0,447.41226,500.0,145.6584,-1.0,0.056687333,1.0,0.3416738,0.034475163,-0.0058324104,0.00043943583,-0.006052127,1.1948092,0.9116791,0.08832089,0.031633556,0.45518961548805237
3547136,879.1026240389731,7.0,446.99356,500.0,146.1253,-1.0,0.057132047,1.0,0.34305152,0.034714427,-0.006644211,0.00127137,-0.0072798952,1.1906691,0.9109598,0.089040235,0.031908184,0.4555165469646454
3555328,879.939247056682,7.0,446.94302,500.0,146.20564,-1.0,0.057114102,1.0,0.34316105,0.034737878,-0.0068310746,0.00025158806,-0.006956869,1.1905892,0.9109322,0.08906781,0.031953704,0.4555165469646454
3563520,885.0789029121327,7.0,446.64136,500.0,146.56381,-1.0,0.057952836,1.0,0.34397286,0.035292577,-0.0048699672,0.0010866105,-0.0054132724,1.1934983,0.91018564,0.08981435,0.031861514,0.455266535282135
3571712,879.328682410114,7.0,446.54398,500.0,146.69542,-1.0,0.058050793,1.0,0.344219,0.035363775,-0.0039154487,0.00024877733,-0.004039837,1.1825603,0.9100463,0.08995371,0.031902917,0.4552546441555023
3579904,881.2912289053413,7.0,446.34964,500.0,146.91653,-1.0,0.058647368,1.0,0.34474117,0.03572077,-0.0058401693,0.00044007535,-0.0060602063,1.1731062,0.9095333,0.090466686,0.031819317,0.45500463247299194
3588096,879.2715718997815,7.0,446.3519,500.0,146.91054,-1.0,0.05877226,1.0,0.34470567,0.03579343,-0.0076957885,0.00019422403,-0.0077929003,1.1670568,0.9094758,0.09052422,0.03175196,0.45475462079048157
3596288,886.4737464260207,7.0,446.09796,500.0,147.17767,-1.0,0.059597716,1.0,0.34585652,0.036065746,-0.007208719,0.0012255372,-0.007821486,1.1652497,0.90861684,0.09138317,0.031785447,0.45472201704978943
3604480,885.789453822859,7.0,446.02094,500.0,147.19734,-1.0,0.0600768,1.0,0.3462497,0.036140468,-0.005378638,0.00031914975,-0.0055382126,1.1570315,0.90821254,0.09178744,0.03171064,0.45447200536727905
3612672,886.994935803769,7.0,445.8264,500.0,147.34729,-1.0,0.06075574,1.0,0.3471843,0.0364407,-0.0063962913,0.0009636189,-0.0068781003,1.1411533,0.907508,0.09249198,0.031736232,0.4544219970703125
3620864,880.1441143987038,7.0,445.6118,500.0,147.55829,-1.0,0.061091267,1.0,0.3480806,0.036553286,-0.0055935215,0.0008420389,-0.0060145417,1.1253175,0.90700823,0.09299175,0.03190048,0.4546481966972351
3629056,879.7402413507383,7.0,445.5045,500.0,147.63272,-1.0,0.061324812,1.0,0.34852505,0.036680017,-0.005646663,0.0005550906,-0.005924208,1.115819,0.90672237,0.09327762,0.03195281,0.45467597246170044
3637248,879.3835271835104,7.0,445.34943,500.0,147.77457,-1.0,0.06167239,1.0,0.34910008,0.036743063,-0.007540245,0.00078540173,-0.007932946,1.1110574,0.90632665,0.09367337,0.03200098,0.4546891450881958
3645440,883.3440753178418,7.0,445.27557,500.0,147.84225,-1.0,0.061766144,1.0,0.34934384,0.03670425,-0.0073560965,0.00054351514,-0.007627854,1.1079719,0.90618885,0.093811154,0.03204501,0.4546891450881958
3653632,879.0516599773634,7.0,445.31958,500.0,147.75142,-1.0,0.06237793,1.0,0.3492327,0.03662748,-0.008775029,0.0007029805,-0.009126521,1.0982051,0.9058838,0.09411621,0.03173828,0.4546891450881958
3661824,887.5570418087497,7.0,445.39148,500.0,147.69989,-1.0,0.063964844,1.0,0.34842038,0.037115384,-0.008144055,0.00051259936,-0.0084003555,1.0849528,0.90527344,0.09472656,0.030761719,0.4544391334056854
3670016,884.9910902148139,7.0,445.35498,500.0,147.71043,-1.0,0.064453125,1.0,0.34868068,0.037280515,-0.008805875,0.0003007023,-0.008956226,1.0821302,0.9049072,0.09509277,0.030639648,0.45418912172317505
3678208,888.0450538977152,7.0,445.12793,500.0,147.92491,-1.0,0.06506348,1.0,0.34944174,0.037501723,-0.0059776763,0.00071551505,-0.0063354336,1.0926527,0.9042969,0.095703125,0.030639648,0.4539391100406647
3686400,885.3770991243641,7.0,444.97546,500.0,148.08798,-1.0,0.06518555,1.0,0.34994256,0.037412837,-0.0047853137,0.0007877345,-0.0051791808,1.0974952,0.90405273,0.095947266,0.030761719,0.4541653096675873
3694592,880.8746723453264,7.0,444.9192,500.0,148.15494,-1.0,0.06506348,1.0,0.3501397,0.03728098,-0.0051134024,0.00045646325,-0.0053416346,1.1029099,0.90405273,0.095947266,0.030883789,0.4541930854320526
3702784,891.0201539609493,7.0,444.7124,500.0,148.39008,-1.0,0.06555176,1.0,0.35074535,0.037599385,-0.008922068,0.0007524579,-0.0092982985,1.1035659,0.90356445,0.09643555,0.030883789,0.4541811943054199
3710976,884.2221519562779,7.0,444.526,500.0,148.51129,-1.0,0.06604004,1.0,0.35169655,0.037683588,-0.008480715,0.0009691339,-0.008965281,1.0987415,0.9029541,0.0970459,0.03100586,0.4541943669319153
3719168,880.1124843548953,7.0,444.29675,500.0,148.75458,-1.0,0.06689453,1.0,0.3524021,0.038152967,-0.0065134,0.001084562,-0.007055681,1.0837965,0.9022217,0.09777832,0.030883789,0.45416176319122314
3727360,883.4382394577067,7.0,443.97107,500.0,149.08113,-1.0,0.06774902,1.0,0.3534497,0.0385568,-0.0077841114,0.0008205102,-0.0081943665,1.0773485,0.9013672,0.09863281,0.030883789,0.45391175150871277
3735552,878.9512560260484,7.0,444.02197,500.0,148.98798,-1.0,0.068237305,1.0,0.3533557,0.038729332,-0.005080661,0.00044840464,-0.0053048627,1.0771013,0.90112305,0.09887695,0.030639648,0.4536617398262024
3743744,883.1634344935009,7.0,443.6233,500.0,149.35457,-1.0,0.06945801,1.0,0.35484204,0.03935826,-0.0058898185,0.0012835289,-0.006531583,1.0677345,0.89990234,0.100097656,0.030639648,0.45361173152923584
3751936,882.1727919048168,7.0,443.43494,500.0,149.5369,-1.0,0.06945801,1.0,0.35552943,0.03914446,-0.0058929613,0.0010483844,-0.006417154,1.0556686,0.8996582,0.1003418,0.030883789,0.4538617432117462
3760128,885.2467119185078,7.0,443.23218,500.0,149.75095,-1.0,0.07019043,1.0,0.35607183,0.039579578,-0.0066746823,0.00075104175,-0.0070502027,1.0497298,0.89904785,0.10095215,0.030761719,0.4538390040397644
3768320,882.8831742923841,7.0,443.00977,500.0,149.97987,-1.0,0.07116699,1.0,0.35656333,0.0402499,-0.0054381676,0.0005295039,-0.0057029193,1.0387017,0.8983154,0.10168457,0.030517578,0.45358899235725403
3776512,880.236830803564,7.0,442.7777,500.0,150.26004,-1.0,0.07141113,1.0,0.35719863,0.040414874,-0.0047853207,0.00044584772,-0.0050082444,1.0301207,0.8979492,0.10205078,0.030639648,0.45357710123062134
3784704,882.8235143220963,7.0,442.76843,500.0,150.26436,-1.0,0.072021484,1.0,0.35724694,0.040822096,-0.005190606,0.0004845257,-0.005432869,1.0390579,0.897583,0.10241699,0.030395508,0.45332708954811096
3792896,887.6081255717767,7.0,442.6095,500.0,150.45866,-1.0,0.07299805,1.0,0.3573904,0.041217048,-0.0051517985,0.0006635965,-0.005483597,1.0447838,0.89697266,0.103027344,0.030029297,0.4530770778656006
3801088,880.8604679732487,7.0,442.4568,500.0,150.62279,-1.0,0.07299805,1.0,0.3577318,0.04118225,-0.008516537,0.0008041112,-0.008918593,1.0403798,0.8968506,0.103149414,0.030151367,0.4530543386936188
3809280,883.6738058418073,7.0,442.18457,500.0,150.92462,-1.0,0.0736084,1.0,0.35845914,0.041365772,-0.0066720718,0.00088802207,-0.007116083,1.039487,0.89624023,0.103759766,0.030151367,0.4530424475669861
3817472,880.3255745468371,7.0,442.02893,500.0,151.10097,-1.0,0.07397461,1.0,0.35889423,0.04161525,-0.0055628046,0.00086554664,-0.005995578,1.0350899,0.895874,0.10412598,0.030151367,0.4530007839202881
3825664,879.0432490013343,7.0,441.72388,500.0,151.4732,-1.0,0.07495117,1.0,0.35971108,0.042344294,-0.005086641,0.0010739383,-0.0056236098,1.0314026,0.89501953,0.10498047,0.030029297,0.4527507722377777
3833856,883.1213954699126,7.0,441.46643,500.0,151.74135,-1.0,0.075805664,1.0,0.36037982,0.042892348,-0.007302791,0.0008456336,-0.0077256085,1.0249885,0.8942871,0.10571289,0.029907227,0.4527280330657959
3842048,882.4566127245973,7.0,441.20764,500.0,152.01068,-1.0,0.075683594,1.0,0.36125124,0.042608216,-0.0058121197,0.0010174854,-0.0063208626,1.0228996,0.89404297,0.10595703,0.030273438,0.45310303568840027
3850240,882.3879460985264,7.0,440.79456,500.0,152.47119,-1.0,0.075927734,1.0,0.36254928,0.042717874,-0.005327643,0.0009936552,-0.0058244704,1.0212156,0.8934326,0.10656738,0.030639648,0.45347803831100464
3858432,881.8709102604306,7.0,440.5277,500.0,152.67355,-1.0,0.07678223,1.0,0.36354646,0.04294162,-0.006975903,0.0011690832,-0.007560445,1.012692,0.8925781,0.107421875,0.030639648,0.45382803678512573
3866624,880.1190446404082,7.0,440.4707,500.0,152.73926,-1.0,0.07714844,1.0,0.3636368,0.043215375,-0.0042546624,0.00035128865,-0.004430307,0.997145,0.892334,0.107666016,0.030517578,0.45357802510261536
3874816,879.794056157252,7.0,440.04883,500.0,153.18073,-1.0,0.07788086,1.0,0.36482146,0.043650776,-0.005400896,0.0012276168,-0.0060147042,0.97648877,0.8914795,0.10852051,0.030639648,0.45369839668273926
3883008,881.0313121322833,7.0,440.04358,500.0,153.10231,-1.0,0.07861328,1.0,0.36499894,0.043890815,-0.005535135,0.0008272793,-0.0059487745,0.96381694,0.8909912,0.10900879,0.030395508,0.4534483850002289
3891200,881.0158828424568,7.0,439.9729,500.0,153.1495,-1.0,0.07910156,1.0,0.36522785,0.04406037,-0.00470243,0.00031066156,-0.004857761,0.9558658,0.890625,0.109375,0.030273438,0.4531983733177185
3899392,878.3467314950797,7.0,439.83667,500.0,153.20575,-1.0,0.079956055,1.0,0.36587676,0.04424925,-0.0071185813,0.00088546646,-0.0075613153,0.94307816,0.8898926,0.11010742,0.030151367,0.45294836163520813
3907584,882.2762893374712,7.0,439.3778,500.0,153.72644,-1.0,0.080566406,1.0,0.3672417,0.04455866,-0.006330438,0.00074900687,-0.006704942,0.9434647,0.8890381,0.110961914,0.030395508,0.4531150162220001
3915776,881.8918924232564,7.0,439.24963,500.0,153.8291,-1.0,0.08093262,1.0,0.36765954,0.044663355,-0.00652293,0.00023928251,-0.0066425717,0.9505974,0.8886719,0.111328125,0.030395508,0.45286500453948975
3923968,880.578914003177,7.0,438.9281,500.0,154.16818,-1.0,0.0814209,1.0,0.36854675,0.0449567,-0.00738048,0.0006363146,-0.0076986365,0.9573585,0.8880615,0.11193848,0.030517578,0.4528324007987976
3932160,884.5383973936914,7.0,438.83362,500.0,154.25768,-1.0,0.08166504,1.0,0.36882383,0.04508228,-0.0056943004,0.0002622599,-0.0058254306,0.9538611,0.8878174,0.11218262,0.030517578,0.45258238911628723
3940352,886.7917421097065,7.0,438.72217,500.0,154.37833,-1.0,0.08190918,1.0,0.36910054,0.04524165,-0.0066642906,0.0002735318,-0.0068010557,0.9557141,0.88757324,0.11242676,0.030517578,0.45233237743377686
3948544,885.5703097663994,7.0,438.55774,500.0,154.55254,-1.0,0.08203125,1.0,0.36956924,0.04526172,-0.006953222,0.0003899767,-0.007148211,0.95554316,0.8873291,0.1126709,0.030639648,0.45233237743377686
3956736,880.8649166700827,7.0,438.35693,500.0,154.74405,-1.0,0.08276367,1.0,0.37006617,0.04561691,-0.006042428,0.00094699534,-0.0065159258,0.95467657,0.88671875,0.11328125,0.030517578,0.4520823657512665
3964928,882.6784358705985,7.0,437.8673,500.0,155.26527,-1.0,0.08312988,1.0,0.37146583,0.045700546,-0.006851593,0.0012131518,-0.007458168,0.95330065,0.8859863,0.11401367,0.030883789,0.45245736837387085
3973120,877.9413653349316,7.0,437.8756,500.0,155.24426,-1.0,0.08288574,1.0,0.3715204,0.04553441,-0.008245604,0.00018762355,-0.008339416,0.95063746,0.8861084,0.1138916,0.03100586,0.45251986384391785
3981312,880.0300720551878,7.0,437.76282,500.0,155.36661,-1.0,0.08312988,1.0,0.3717943,0.04570035,-0.004334879,0.00030844664,-0.004489103,0.9633943,0.88586426,0.11413574,0.03100586,0.45226985216140747
3989504,883.0330630039122,7.0,437.4137,500.0,155.7022,-1.0,0.083740234,1.0,0.3728051,0.045914754,-0.005809293,0.0006313457,-0.006124966,0.9683113,0.88513184,0.114868164,0.03112793,0.45223724842071533
3997696,888.3433691475119,7.0,437.09668,500.0,156.02026,-1.0,0.084472656,1.0,0.3736213,0.046344437,-0.007035557,0.00064157986,-0.0073563466,0.958252,0.8843994,0.115600586,0.03112793,0.45219558477401733
4005888,879.243739402966,7.0,437.0464,500.0,156.03659,-1.0,0.08496094,1.0,0.37383726,0.046537716,-0.005309225,0.00041357672,-0.005516014,0.9497971,0.8840332,0.1159668,0.03100586,0.45194557309150696
4014080,882.9295013969717,7.0,436.67505,500.0,156.38487,-1.0,0.08557129,1.0,0.37516508,0.04664961,-0.006322695,0.0010223326,-0.0068338616,0.9529035,0.8831787,0.11682129,0.03125,0.45209556818008423
4022272,883.3626294707494,7.0,436.21375,500.0,156.89536,-1.0,0.08605957,1.0,0.376353,0.04696193,-0.005176359,0.00084705075,-0.005599884,0.95905656,0.8824463,0.11755371,0.03149414,0.4522622227668762
4030464,880.3502275092376,7.0,436.01392,500.0,157.08572,-1.0,0.08630371,1.0,0.37694535,0.047054574,-0.0044247024,0.00048013072,-0.0046647675,0.9605872,0.8820801,0.11791992,0.03161621,0.4522753953933716
4038656,884.6623121690682,7.0,435.96008,500.0,157.13924,-1.0,0.08642578,1.0,0.37707928,0.047121547,-0.003311721,0.00021952,-0.003421481,0.954088,0.881958,0.11804199,0.03161621,0.4520253837108612
4046848,882.2980610941622,7.0,435.787,500.0,157.3289,-1.0,0.08630371,1.0,0.37759247,0.047033235,-0.0072307424,0.0004927147,-0.007477099,0.945666,0.88183594,0.11816406,0.03186035,0.4522753953933716
4055040,882.8338805137937,7.0,435.54932,500.0,157.58287,-1.0,0.08666992,1.0,0.37831607,0.0472005,-0.006629749,0.0007222317,-0.0069908653,0.9442642,0.88134766,0.118652344,0.031982422,0.4522753953933716
4063232,880.8225768337694,7.0,435.45032,500.0,157.67244,-1.0,0.08691406,1.0,0.3785827,0.047313467,-0.0047314772,0.00029133513,-0.0048771454,0.94617295,0.8811035,0.118896484,0.031982422,0.4520253837108612
4071424,880.8075161241426,7.0,435.42444,500.0,157.68425,-1.0,0.08728027,1.0,0.37865967,0.047552817,-0.0039388794,0.00034158878,-0.0041096737,0.94414365,0.8808594,0.119140625,0.03186035,0.45177537202835083
4079616,881.4598884724128,7.0,435.07617,500.0,158.0733,-1.0,0.087768555,1.0,0.37951294,0.04796435,-0.0053259246,0.0007315811,-0.005691715,0.9187607,0.880249,0.11975098,0.031982422,0.4517427682876587
4087808,883.8921485932798,7.0,434.96704,500.0,158.18427,-1.0,0.088012695,1.0,0.37977794,0.048124176,-0.0046366677,7.546918e-05,-0.0046744025,0.89719784,0.8800049,0.11999512,0.031982422,0.4514927566051483
4096000,878.3386707981279,7.0,434.69678,500.0,158.45357,-1.0,0.088378906,1.0,0.38049582,0.048323676,-0.0037664967,0.00037245997,-0.0039527267,0.89224464,0.8795166,0.1204834,0.032104492,0.4514808654785156
4104192,882.2930315190288,7.0,434.5415,500.0,158.59995,-1.0,0.08874512,1.0,0.38089156,0.04851924,-0.0065015955,0.00016471534,-0.006583953,0.89208525,0.8791504,0.12084961,0.032104492,0.45123085379600525
4112384,887.4713727734365,7.0,434.18115,500.0,158.91652,-1.0,0.08972168,1.0,0.3819433,0.04895618,-0.0047293203,0.001184405,-0.0053215227,0.88986295,0.8781738,0.12182617,0.032104492,0.4509808421134949
4120576,883.3532728115187,7.0,433.93945,500.0,159.1604,-1.0,0.08984375,1.0,0.38271284,0.048938684,-0.005821123,0.0006765794,-0.006159413,0.88538176,0.8778076,0.12219238,0.032348633,0.45123085379600525
4128768,879.4510516878768,7.0,433.55627,500.0,159.5139,-1.0,0.09069824,1.0,0.38362655,0.049465388,-0.005702137,0.0010950455,-0.0062496597,0.8816389,0.8769531,0.123046875,0.032348633,0.4509808421134949
4136960,883.050696311079,7.0,433.24866,500.0,159.77055,-1.0,0.091552734,1.0,0.38453618,0.049830265,-0.005629502,0.0009681581,-0.006113581,0.8803039,0.87609863,0.12390137,0.032348633,0.4507308304309845
4145152,882.7040825066397,7.0,433.24866,500.0,159.77055,-1.0,0.091552734,1.0,0.38453618,0.04983027,-0.004899953,9.8958066e-05,-0.004949432,0.8918408,0.87609863,0.12390137,0.032348633,0.4504808187484741
4153344,882.460216317918,7.0,433.0161,500.0,159.9726,-1.0,0.091918945,1.0,0.3852418,0.049996078,-0.005734666,0.0005804491,-0.00602489,0.899089,0.87561035,0.12438965,0.032470703,0.4504808187484741
4161536,883.5051386268946,7.0,432.95178,500.0,160.03894,-1.0,0.091796875,1.0,0.38574588,0.04988667,-0.005933569,0.0005953963,-0.006231267,0.8938651,0.8754883,0.12451172,0.032714844,0.45078638195991516
4169728,880.2934127393415,7.0,432.6565,500.0,160.30132,-1.0,0.0925293,1.0,0.38651946,0.050243698,-0.0047623743,0.00059864594,-0.005061697,0.8895999,0.87475586,0.12524414,0.032714844,0.4505363702774048
4177920,882.1239850619022,7.0,432.44434,500.0,160.50401,-1.0,0.09277344,1.0,0.38709217,0.050328027,-0.0032305375,0.00051333854,-0.003487207,0.88461876,0.87438965,0.12561035,0.032836914,0.4505244791507721
4186112,877.4057755291913,7.0,432.25208,500.0,160.66592,-1.0,0.09277344,1.0,0.38772237,0.050187618,-0.007684123,0.0006930239,-0.008030635,0.8900611,0.8741455,0.12585449,0.033081055,0.45077449083328247
4194304,883.3778003977236,7.0,431.83325,500.0,161.04953,-1.0,0.09362793,1.0,0.38893184,0.050581813,-0.00763145,0.0007206929,-0.007991797,0.89056003,0.87316895,0.12683105,0.033203125,0.45074188709259033
4202496,880.7749578494962,7.0,431.83508,500.0,161.045,-1.0,0.09362793,1.0,0.38893184,0.05056839,-0.0056916527,0.00019837904,-0.0057908418,0.8862684,0.87316895,0.12683105,0.033203125,0.45049187541007996
4210688,881.1442131451766,7.0,431.55103,500.0,161.31952,-1.0,0.09411621,1.0,0.3897547,0.050781824,-0.0062786303,0.0005497857,-0.0065535237,0.88520366,0.8725586,0.1274414,0.033325195,0.45067664980888367
4218880,881.3881663554337,7.0,431.2909,500.0,161.54213,-1.0,0.09484863,1.0,0.390516,0.051126566,-0.0051400536,0.0007706289,-0.0055253683,0.884329,0.8718262,0.12817383,0.033325195,0.4504266381263733
4227072,883.0383279588203,7.0,431.03015,500.0,161.77019,-1.0,0.095581055,1.0,0.39127445,0.051448222,-0.005510464,0.00042933715,-0.005725132,0.88073707,0.87109375,0.12890625,0.033325195,0.4501766264438629
4235264,887.4694931459377,7.0,430.75952,500.0,162.03853,-1.0,0.096191406,1.0,0.39190432,0.05188722,-0.009951529,0.0006596307,-0.010281345,0.8738485,0.8704834,0.1295166,0.033325195,0.44992661476135254
4243456,885.0426313290528,7.0,430.4657,500.0,162.29692,-1.0,0.09667969,1.0,0.39271778,0.052114964,-0.003364957,0.00061048294,-0.0036701984,0.8775019,0.86987305,0.13012695,0.033447266,0.44991472363471985
4251648,883.3188910623257,7.0,430.21423,500.0,162.53387,-1.0,0.0970459,1.0,0.39340398,0.052330095,-0.0069916146,0.00048712277,-0.007235176,0.8662559,0.86938477,0.13061523,0.033569336,0.44989198446273804
4259840,880.8556805933506,7.0,430.01184,500.0,162.66064,-1.0,0.09765625,1.0,0.39402816,0.052460697,-0.006862573,0.00064434245,-0.007184744,0.85860074,0.8687744,0.13122559,0.033569336,0.44964197278022766
4268032,880.8875899144781,7.0,429.864,500.0,162.79257,-1.0,0.09777832,1.0,0.39446232,0.05248435,-0.004528471,0.00069724466,-0.0048770932,0.8551777,0.8685303,0.13146973,0.033691406,0.44963008165359497
4276224,878.8704997734129,7.0,429.62305,500.0,162.98595,-1.0,0.09838867,1.0,0.3950837,0.05273044,-0.0061867475,0.00047642906,-0.006424962,0.84422857,0.8679199,0.13208008,0.033691406,0.4493800699710846
4284416,886.8475676032839,7.0,429.56946,500.0,163.03523,-1.0,0.0982666,1.0,0.39526856,0.052572872,-0.006389971,0.00035379728,-0.0065668696,0.8266101,0.8679199,0.13208008,0.033813477,0.44939324259757996
4292608,883.4077122697576,7.0,429.22388,500.0,163.29735,-1.0,0.099121094,1.0,0.3964432,0.052754097,-0.0074059274,0.0007552458,-0.00778355,0.8205243,0.86694336,0.13305664,0.033935547,0.44937050342559814
4300800,881.1522576274939,7.0,429.07446,500.0,163.42087,-1.0,0.099487305,1.0,0.39681312,0.05291148,-0.006568957,0.00023367802,-0.006685796,0.8098515,0.86657715,0.13342285,0.033935547,0.44912049174308777
4308992,884.0247071864552,7.0,428.67517,500.0,163.76494,-1.0,0.10021973,1.0,0.39785802,0.0532033,-0.0042905747,0.000630348,-0.0046057487,0.7974061,0.86572266,0.13427734,0.034057617,0.4490627944469452
4317184,887.5555286451171,7.0,428.2024,500.0,164.19664,-1.0,0.10107422,1.0,0.3990208,0.053652175,-0.005677894,0.00052946014,-0.0059426245,0.7860795,0.8647461,0.1352539,0.034179688,0.44903019070625305
4325376,878.0928793715321,7.0,427.84387,500.0,164.46924,-1.0,0.10180664,1.0,0.40036193,0.05387041,-0.0055531017,0.001090629,-0.0060984157,0.7855789,0.86376953,0.13623047,0.034423828,0.4494051933288574
4333568,878.5477578848153,7.0,427.5072,500.0,164.79318,-1.0,0.10205078,1.0,0.4012136,0.05399093,-0.0053245537,0.00041932915,-0.0055342186,0.7878671,0.86328125,0.13671875,0.03466797,0.4496097266674042
4341760,881.4408036420714,7.0,427.15564,500.0,165.10454,-1.0,0.10266113,1.0,0.40212172,0.05426046,-0.0063505513,0.000799948,-0.006750525,0.7797212,0.8625488,0.13745117,0.03479004,0.44957712292671204
4349952,880.8377509631224,7.0,426.7411,500.0,165.45914,-1.0,0.103881836,1.0,0.40302148,0.054972924,-0.0056621823,0.0006293823,-0.005976873,0.76643586,0.8614502,0.1385498,0.03466797,0.44932711124420166
4358144,882.0335877661934,7.0,426.43066,500.0,165.71645,-1.0,0.10473633,1.0,0.40385956,0.05535331,-0.0053866245,0.00032825442,-0.0055507515,0.7577504,0.8605957,0.1394043,0.03466797,0.4490770995616913
4366336,886.4150408957504,7.0,425.95752,500.0,166.07582,-1.0,0.10559082,1.0,0.40529692,0.055505022,-0.007350993,0.0010199551,-0.00786097,0.7443908,0.8594971,0.14050293,0.03491211,0.449261873960495
4374528,878.5920809611891,7.0,425.67505,500.0,166.28241,-1.0,0.10632324,1.0,0.40600842,0.055770516,-0.006377028,0.00035903027,-0.0065565435,0.7362284,0.85876465,0.14123535,0.03491211,0.4490118622779846
4382720,879.8307098592746,7.0,425.13867,500.0,166.72192,-1.0,0.107177734,1.0,0.40743482,0.056081638,-0.006832405,0.0010533197,-0.007359065,0.7330687,0.857666,0.14233398,0.03515625,0.44914647936820984
4390912,881.7798633153815,7.0,424.9131,500.0,166.93411,-1.0,0.107421875,1.0,0.40796944,0.056204848,-0.0061176545,0.00024257472,-0.006238942,0.7349134,0.8572998,0.1427002,0.03527832,0.44914647936820984
4399104,881.2770789063956,7.0,424.6681,500.0,167.13516,-1.0,0.107788086,1.0,0.40862033,0.056311045,-0.0038509367,0.00039563022,-0.0040487517,0.7287271,0.8568115,0.14318848,0.03540039,0.4491138756275177
4407296,878.5919910974122,7.0,424.51416,500.0,167.20308,-1.0,0.10852051,1.0,0.40932208,0.05640781,-0.005833398,0.0006460963,-0.0061564464,0.71362907,0.8560791,0.1439209,0.03540039,0.4488638639450073
4415488,880.0126493305245,7.0,423.92188,500.0,167.68169,-1.0,0.10974121,1.0,0.41078338,0.05712018,-0.005638887,0.0010940166,-0.0061858958,0.69867253,0.8547363,0.14526367,0.03552246,0.44878628849983215
4423680,887.5503243186791,7.0,423.5907,500.0,167.90512,-1.0,0.11071777,1.0,0.411709,0.0574623,-0.005938163,0.00062970136,-0.0062530143,0.6956775,0.85375977,0.14624023,0.03552246,0.4485362768173218
4431872,881.1365755422781,7.0,423.15747,500.0,168.26201,-1.0,0.111328125,1.0,0.41287696,0.057848103,-0.0036738191,0.0010248765,-0.0041862577,0.69303656,0.8529053,0.14709473,0.0357666,0.4487624764442444
4440064,884.2728980620404,7.0,422.61243,500.0,168.69914,-1.0,0.11230469,1.0,0.41438368,0.058346547,-0.0047562276,0.001410723,-0.0054615894,0.6822152,0.8516846,0.14831543,0.036010742,0.4488828480243683
4448256,884.1396052657142,7.0,422.432,500.0,168.855,-1.0,0.11206055,1.0,0.41503838,0.057996303,-0.007935035,0.00060279184,-0.008236431,0.67012256,0.8515625,0.1484375,0.036376953,0.44938284158706665
4456448,880.5810805047911,7.0,421.95325,500.0,169.23605,-1.0,0.11328125,1.0,0.41617605,0.05858439,-0.0049829152,0.00096441264,-0.005465122,0.67002153,0.8503418,0.1496582,0.036376953,0.4491328299045563
4464640,879.8699802440029,7.0,421.71887,500.0,169.46028,-1.0,0.11352539,1.0,0.4166958,0.058770295,-0.0068664155,0.00035017013,-0.0070415004,0.6579965,0.8499756,0.15002441,0.036499023,0.4491328299045563
4472832,889.0363995386912,7.0,421.05823,500.0,169.99149,-1.0,0.114868164,1.0,0.4182292,0.05958207,-0.0059862016,0.0011023472,-0.006537375,0.63983977,0.84851074,0.15148926,0.036621094,0.4490495026111603
4481024,881.2626807317193,7.0,420.78052,500.0,170.19803,-1.0,0.115600586,1.0,0.41890246,0.05989359,-0.004368131,0.00071670697,-0.0047264844,0.633176,0.8477783,0.15222168,0.036621094,0.4487994909286499
4489216,880.4374148879461,7.0,420.4679,500.0,170.42865,-1.0,0.11645508,1.0,0.41968495,0.060285047,-0.009108882,0.00039463164,-0.009306198,0.6210204,0.8469238,0.15307617,0.036621094,0.4485494792461395
4497408,883.9186616793312,7.0,419.98706,500.0,170.85121,-1.0,0.11730957,1.0,0.4207545,0.06082098,-0.005563097,0.0007026615,-0.005914428,0.615246,0.84594727,0.15405273,0.036743164,0.44850781559944153
4505600,885.9936048618418,7.0,419.44873,500.0,171.2826,-1.0,0.11816406,1.0,0.4221089,0.06124554,-0.007996238,0.001169431,-0.008580953,0.6177412,0.84484863,0.15515137,0.036987305,0.44883474707603455
4513792,880.3491448249937,7.0,418.96155,500.0,171.69466,-1.0,0.11804199,1.0,0.42344233,0.060979366,-0.0049386607,0.0008513623,-0.0053643417,0.6184788,0.84436035,0.15563965,0.037597656,0.4497847557067871
4521984,881.3867193710524,7.0,418.58008,500.0,172.02002,-1.0,0.11816406,1.0,0.42441612,0.061112307,-0.003921544,0.0016231821,-0.004733135,0.61917526,0.8438721,0.15612793,0.037963867,0.4501597583293915
4530176,883.952362425698,7.0,418.24316,500.0,172.27168,-1.0,0.11853027,1.0,0.42531976,0.061221533,-0.0066795927,0.00091759284,-0.0071383887,0.62633973,0.8432617,0.15673828,0.038208008,0.45036429166793823
4538368,886.7215296155762,7.0,417.89978,500.0,172.47777,-1.0,0.119262695,1.0,0.42626193,0.06138501,-0.0058834082,0.0005742717,-0.006170544,0.6308508,0.8424072,0.15759277,0.038330078,0.4503316879272461
4546560,881.3526939984016,7.0,417.19336,500.0,173.01527,-1.0,0.11999512,1.0,0.42805722,0.06160669,-0.0053928522,0.0011978965,-0.0059918,0.62745804,0.8411865,0.15881348,0.03881836,0.45074835419654846
4554752,879.4553285889991,7.0,416.87122,500.0,173.27214,-1.0,0.12072754,1.0,0.42870632,0.06203191,-0.0058510373,0.00025983283,-0.0059809536,0.6243037,0.8404541,0.1595459,0.03881836,0.4504983425140381
4562944,884.9756586827913,7.0,416.35974,500.0,173.65079,-1.0,0.1217041,1.0,0.42985243,0.062483773,-0.0051687555,0.0008387959,-0.005588153,0.6154562,0.83935547,0.16064453,0.03894043,0.45043352246284485
4571136,881.1513989397945,7.0,415.97534,500.0,173.99472,-1.0,0.122558594,1.0,0.43060288,0.06315939,-0.0055892174,0.000593298,-0.0058858665,0.6081468,0.838501,0.16149902,0.03894043,0.4501835107803345
4579328,882.0870268142122,7.0,415.7882,500.0,174.13374,-1.0,0.123046875,1.0,0.4310304,0.06340726,-0.006144969,0.00053420954,-0.006412073,0.6084999,0.8380127,0.1619873,0.03894043,0.4499334990978241
4587520,881.2741630685092,7.0,415.62927,500.0,174.25589,-1.0,0.123413086,1.0,0.43135038,0.06360695,-0.004915847,0.00027956063,-0.005055627,0.61403066,0.8376465,0.16235352,0.03894043,0.4496834874153137
4595712,882.2324772172512,7.0,415.39172,500.0,174.42123,-1.0,0.12414551,1.0,0.43198872,0.06389611,-0.0058888057,0.00070655276,-0.0062420825,0.6144157,0.83691406,0.16308594,0.03894043,0.44943347573280334
4603904,879.8805926363574,7.0,415.0287,500.0,174.71358,-1.0,0.12426758,1.0,0.43294156,0.06402297,-0.0052984348,0.0011896861,-0.005893278,0.6179664,0.8364258,0.16357422,0.03930664,0.44978347420692444
4612096,880.4983096661307,7.0,414.73914,500.0,174.96664,-1.0,0.12487793,1.0,0.43347052,0.064486496,-0.007081312,0.00067382073,-0.0074182223,0.60662866,0.8358154,0.16418457,0.03930664,0.44974181056022644
4620288,881.3634778354635,7.0,414.21716,500.0,175.33626,-1.0,0.12561035,1.0,0.43494612,0.06474108,-0.0066671944,0.0010859218,-0.0072101555,0.59665686,0.8347168,0.1652832,0.03967285,0.45006874203681946
4628480,880.8709913591435,7.0,414.0863,500.0,175.43182,-1.0,0.12561035,1.0,0.43522668,0.06476735,-0.0048579355,0.00039754726,-0.005056709,0.59855795,0.8345947,0.16540527,0.039794922,0.4500819146633148
4636672,879.7344300158251,7.0,413.9662,500.0,175.52127,-1.0,0.12597656,1.0,0.4355414,0.064938664,-0.006583553,0.0003750845,-0.006771095,0.6057302,0.8342285,0.16577148,0.039794922,0.44983190298080444
4644864,883.9981195086569,7.0,413.68933,500.0,175.74298,-1.0,0.12683105,1.0,0.43599385,0.06537607,-0.004882895,0.0005661349,-0.0051659625,0.609385,0.8334961,0.1665039,0.03967285,0.44958189129829407
4653056,880.6113223694509,7.0,413.48877,500.0,175.94025,-1.0,0.12768555,1.0,0.43616432,0.06601982,-0.0052468376,0.00045840302,-0.005476039,0.60305387,0.83288574,0.16711426,0.03942871,0.4493318796157837
4661248,885.9441459015695,7.0,412.9154,500.0,176.37639,-1.0,0.12902832,1.0,0.437307,0.0667177,-0.005900711,0.0012267514,-0.0065140864,0.5946269,0.83154297,0.16845703,0.03942871,0.4492604434490204
4669440,882.1594742351117,7.0,412.71704,500.0,176.49815,-1.0,0.12963867,1.0,0.437824,0.06693138,-0.0067323092,0.0001636924,-0.0068141553,0.59338397,0.8309326,0.16906738,0.03942871,0.44901043176651
4677632,877.3188739051591,7.0,412.32544,500.0,176.82098,-1.0,0.13024902,1.0,0.43861806,0.06710291,-0.006451155,0.000659907,-0.0067811087,0.5904882,0.8302002,0.1697998,0.03955078,0.449177086353302
4685824,878.5188256179779,7.0,411.97583,500.0,177.11882,-1.0,0.1307373,1.0,0.43930712,0.06749066,-0.003849034,0.00043243295,-0.004065251,0.5844973,0.82958984,0.17041016,0.03967285,0.44914448261260986
4694016,882.2332247505483,7.0,411.00012,500.0,177.8642,-1.0,0.13195801,1.0,0.44143784,0.068003066,-0.0062843785,0.0012378288,-0.0069032926,0.57374626,0.82788086,0.17211914,0.040161133,0.4494827091693878
4702208,879.9452188442472,7.0,410.61487,500.0,178.16666,-1.0,0.13305664,1.0,0.4420754,0.06880297,-0.0067972075,0.0004183364,-0.0070063756,0.55551636,0.8269043,0.1730957,0.040039062,0.44923269748687744
4710400,878.8458846577099,7.0,410.41992,500.0,178.3025,-1.0,0.13354492,1.0,0.44248024,0.06905735,-0.006796474,0.00045935382,-0.0070261518,0.5469811,0.826416,0.17358398,0.040039062,0.44898268580436707
4718592,882.9952343335832,7.0,410.19067,500.0,178.43913,-1.0,0.13391113,1.0,0.4430589,0.06927206,-0.0065450035,0.0006042298,-0.006847118,0.5472584,0.82592773,0.17407227,0.040161133,0.4489707946777344
4726784,885.936150745195,7.0,410.0061,500.0,178.5257,-1.0,0.13452148,1.0,0.44356248,0.06942262,-0.0049872114,0.0011506034,-0.005562513,0.5459848,0.8253174,0.17468262,0.040161133,0.44894805550575256
4734976,885.0885241577428,7.0,409.40747,500.0,178.97516,-1.0,0.13562012,1.0,0.44474003,0.07009284,-0.0066963737,0.0011077652,-0.007250256,0.5333177,0.8240967,0.17590332,0.040283203,0.44884955883026123
4743168,885.347213429593,7.0,409.10962,500.0,179.20445,-1.0,0.13647461,1.0,0.4451646,0.07070941,-0.0060456702,0.0008119504,-0.006451645,0.52051073,0.82336426,0.17663574,0.040161133,0.44859954714775085
4751360,887.3926873740311,7.0,408.7185,500.0,179.45177,-1.0,0.13757324,1.0,0.44605953,0.07131175,-0.0065804813,0.0012329817,-0.007196971,0.51905864,0.8222656,0.17773438,0.040161133,0.4487495422363281
4759552,879.8657894334535,7.0,408.02588,500.0,179.97624,-1.0,0.1381836,1.0,0.44764686,0.07155635,-0.0057997126,0.0012624422,-0.0064309337,0.51628006,0.821167,0.17883301,0.040649414,0.44921383261680603
4767744,887.2987782401901,7.0,407.53406,500.0,180.34102,-1.0,0.13928223,1.0,0.44853267,0.072159156,-0.008463536,0.001343518,-0.009135295,0.5095544,0.82006836,0.17993164,0.040649414,0.4491490125656128
4775936,879.2706493716532,7.0,407.30273,500.0,180.48198,-1.0,0.13977051,1.0,0.4491967,0.07222788,-0.006580277,0.00066698174,-0.0069137677,0.50774103,0.819458,0.18054199,0.040771484,0.4491371214389801
4784128,879.7884243286703,7.0,407.1864,500.0,180.53282,-1.0,0.14074707,1.0,0.4494352,0.072690405,-0.004558093,0.00063907716,-0.0048776316,0.5095553,0.8187256,0.18127441,0.040527344,0.4488871097564697
4792320,881.294913404549,7.0,406.98132,500.0,180.63013,-1.0,0.14135742,1.0,0.44992238,0.072853915,-0.0063637,0.00066646974,-0.006696935,0.50698686,0.81811523,0.18188477,0.040527344,0.4488643705844879
4800512,881.4440597631832,7.0,406.54346,500.0,180.93132,-1.0,0.14172363,1.0,0.45102677,0.07280366,-0.0073616263,0.0011104898,-0.0079168705,0.5021657,0.8173828,0.18261719,0.040893555,0.4493551254272461
4808704,878.6945600950716,7.0,406.2185,500.0,181.15948,-1.0,0.1418457,1.0,0.45193473,0.07282758,-0.005341068,0.00064344826,-0.005662792,0.49921474,0.81689453,0.18310547,0.041259766,0.4497869312763214
4816896,882.3566530724671,7.0,405.70984,500.0,181.53023,-1.0,0.14221191,1.0,0.4530338,0.07301221,-0.0042745085,0.00054645276,-0.0045477347,0.48803717,0.8161621,0.18383789,0.041625977,0.4501369297504425
4825088,887.2045911689574,7.0,405.20178,500.0,181.857,-1.0,0.14257812,1.0,0.45439863,0.07315122,-0.0070416126,0.0015217146,-0.00780247,0.4808547,0.8153076,0.18469238,0.042114258,0.4506276845932007
4833280,887.0198263348589,7.0,404.8125,500.0,182.12384,-1.0,0.14233398,1.0,0.45554823,0.07289268,-0.008665418,0.0008239491,-0.0090773925,0.478763,0.8149414,0.1850586,0.04272461,0.4514646530151367
4841472,883.5532804942505,7.0,404.7069,500.0,182.19461,-1.0,0.14331055,1.0,0.45551002,0.073651165,-0.0067292172,0.0009029287,-0.0071806815,0.47848555,0.81433105,0.18566895,0.0423584,0.45121464133262634
4849664,879.715690109954,7.0,404.0089,500.0,182.69164,-1.0,0.14440918,1.0,0.45690286,0.07412174,-0.007126229,0.0013250653,-0.0077887615,0.47106618,0.8129883,0.18701172,0.04260254,0.45154157280921936
4857856,879.8605847727033,7.0,403.8578,500.0,182.76588,-1.0,0.14465332,1.0,0.45735976,0.07403138,-0.0074189305,0.0003769066,-0.0076073846,0.46187028,0.8126221,0.18737793,0.04272461,0.45154157280921936
4866048,882.8802478168141,7.0,403.6703,500.0,182.86604,-1.0,0.14489746,1.0,0.45781606,0.07413248,-0.0050146785,0.0006228578,-0.0053261076,0.45061538,0.81225586,0.18774414,0.04284668,0.45154157280921936
4874240,881.8324568709169,7.0,403.43433,500.0,182.99849,-1.0,0.14501953,1.0,0.45844358,0.073915526,-0.006944663,0.0010951209,-0.0074922238,0.44850898,0.81188965,0.18811035,0.04309082,0.4516761898994446
4882432,884.6247765153299,7.0,402.82483,500.0,183.41623,-1.0,0.14575195,1.0,0.45980686,0.07427036,-0.00257268,0.0008652033,-0.0030052816,0.4441803,0.810791,0.18920898,0.04345703,0.4519619047641754
4890624,879.6453550134624,7.0,402.60168,500.0,183.53596,-1.0,0.14611816,1.0,0.46035406,0.07431579,-0.0058529573,0.0006982005,-0.006202057,0.4355752,0.81030273,0.18969727,0.0435791,0.4519293010234833
4898816,884.5789545376247,7.0,402.3103,500.0,183.70448,-1.0,0.14685059,1.0,0.46091616,0.07464254,-0.0052515725,0.00051682116,-0.005509983,0.41890258,0.8095703,0.19042969,0.0435791,0.4518792927265167
4907008,882.1033541876031,7.0,402.2212,500.0,183.74516,-1.0,0.14709473,1.0,0.46110314,0.07469949,-0.004854154,0.00030186784,-0.0050050877,0.4033703,0.8093262,0.19067383,0.0435791,0.45162928104400635
4915200,884.6010222832076,7.0,401.82434,500.0,184.00719,-1.0,0.14746094,1.0,0.4621762,0.07478454,-0.0052657705,0.0008661502,-0.0056988457,0.40296552,0.80859375,0.19140625,0.043945312,0.45224884152412415
4923392,884.2573777827201,7.0,401.7268,500.0,184.06296,-1.0,0.14746094,1.0,0.46244025,0.07483575,-0.0053447057,0.0005035273,-0.00559647,0.40657005,0.8084717,0.19152832,0.044067383,0.45224884152412415
4931584,883.5089325336025,7.0,401.44128,500.0,184.27373,-1.0,0.14758301,1.0,0.4630608,0.074874304,-0.008547067,0.00074157835,-0.008917856,0.40063673,0.80810547,0.19189453,0.044311523,0.4526510238647461
4939776,883.5147711243471,7.0,401.01672,500.0,184.55316,-1.0,0.14831543,1.0,0.4638805,0.075396754,-0.0041690404,0.00095556665,-0.004646824,0.38435075,0.807251,0.19274902,0.044433594,0.45260101556777954
4947968,882.6825854904888,7.0,400.5763,500.0,184.81407,-1.0,0.14892578,1.0,0.4648681,0.07567527,-0.005271732,0.00087451306,-0.0057089888,0.37177068,0.8063965,0.19360352,0.044677734,0.45278578996658325
4956160,879.9503568999287,7.0,400.14575,500.0,185.08887,-1.0,0.15014648,1.0,0.4655253,0.07639984,-0.0056547998,0.0008300474,-0.006069823,0.3672727,0.80529785,0.19470215,0.044555664,0.4527280926704407
4964352,879.6888429822313,7.0,399.52026,500.0,185.47192,-1.0,0.15136719,1.0,0.46670187,0.07672584,-0.0068349396,0.0014059811,-0.0075379307,0.36159873,0.8039551,0.19604492,0.044677734,0.4528229236602783
4972544,882.0374369727341,7.0,399.0763,500.0,185.74239,-1.0,0.15185547,1.0,0.46758863,0.07689254,-0.0058291284,0.000887586,-0.006272922,0.36383232,0.80322266,0.19677734,0.044921875,0.4529729187488556
4980736,880.9315621722441,7.0,398.33215,500.0,186.21033,-1.0,0.15319824,1.0,0.46910617,0.07781509,-0.0034818116,0.0014070997,-0.004185362,0.3642542,0.80163574,0.19836426,0.045166016,0.45320677757263184
4988928,885.897136452351,7.0,397.71802,500.0,186.61287,-1.0,0.15319824,1.0,0.47066486,0.07783271,-0.006489196,0.0015343396,-0.0072563654,0.36859515,0.8009033,0.19909668,0.045898438,0.4539567828178406
4997120,882.7429748114979,7.0,397.48328,500.0,186.7725,-1.0,0.15368652,1.0,0.47102427,0.07817082,-0.007362351,0.00027144607,-0.0074980743,0.37503234,0.80041504,0.19958496,0.045898438,0.4537067711353302
5005312,878.4970378240087,7.0,396.93677,500.0,187.12762,-1.0,0.15466309,1.0,0.47199938,0.078615785,-0.004498261,0.0011703746,-0.0050834483,0.37277263,0.7993164,0.2006836,0.046020508,0.45385676622390747
5013504,880.3425585532183,7.0,396.41016,500.0,187.46228,-1.0,0.15563965,1.0,0.47297055,0.0792568,-0.004771109,0.00092097186,-0.005231595,0.36353266,0.7982178,0.20178223,0.046142578,0.4537990689277649
5021696,881.5049355672966,7.0,396.25366,500.0,187.51688,-1.0,0.15612793,1.0,0.4733256,0.07936779,-0.006683195,0.00056278234,-0.0069645857,0.36126375,0.7977295,0.20227051,0.046142578,0.4535490572452545
5029888,881.551774050505,7.0,395.27686,500.0,188.09904,-1.0,0.15759277,1.0,0.4754146,0.08013351,-0.00724202,0.0018740988,-0.0081790695,0.36626902,0.79577637,0.20422363,0.04663086,0.4538704752922058
5038080,879.9238559929622,7.0,395.16357,500.0,188.16159,-1.0,0.15722656,1.0,0.4759207,0.079974055,-0.008054385,0.0008084977,-0.008458633,0.37177476,0.79577637,0.20422363,0.04699707,0.45462048053741455
5046272,881.5447174274892,7.0,394.57727,500.0,188.50958,-1.0,0.1586914,1.0,0.47697228,0.080767706,-0.0054435097,0.00072983943,-0.00580843,0.3776088,0.7943115,0.20568848,0.04699707,0.45454904437065125
5054464,879.6968383900371,7.0,394.59888,500.0,188.47755,-1.0,0.1586914,1.0,0.47697228,0.08068882,-0.005005916,0.00016249297,-0.005087163,0.37602186,0.7943115,0.20568848,0.04699707,0.45429903268814087
5062656,881.7277285645699,7.0,394.07556,500.0,188.84567,-1.0,0.15881348,1.0,0.4780821,0.080714054,-0.004806109,0.0010946317,-0.005353425,0.3749894,0.7937012,0.20629883,0.04748535,0.45478978753089905
5070848,884.7435212514386,7.0,394.125,500.0,188.7793,-1.0,0.15881348,1.0,0.4780821,0.08057385,-0.00612091,0.00056014594,-0.006400983,0.37258974,0.7937012,0.20629883,0.04748535,0.45478978753089905
5079040,878.7611023205915,7.0,393.88635,500.0,188.90445,-1.0,0.15942383,1.0,0.478517,0.080859244,-0.0062890397,0.00081762177,-0.0066978503,0.37691978,0.7930908,0.20690918,0.04748535,0.45476704835891724
5087232,879.699608663827,7.0,393.5736,500.0,189.08813,-1.0,0.15991211,1.0,0.479119,0.08122535,-0.004024913,0.000990069,-0.0045199473,0.38041592,0.79248047,0.20751953,0.047607422,0.4547443091869354
5095424,879.9498836554493,7.0,393.0863,500.0,189.42358,-1.0,0.16015625,1.0,0.48005572,0.081470035,-0.0041478802,0.0011083155,-0.0047020377,0.37812075,0.7918701,0.20812988,0.047973633,0.45507124066352844
5103616,879.6013534392893,7.0,392.58386,500.0,189.74736,-1.0,0.1607666,1.0,0.4809951,0.08182826,-0.006176018,0.0008419446,-0.006596991,0.37537533,0.7910156,0.20898438,0.048217773,0.45520585775375366
5111808,881.3004741181292,7.0,391.95093,500.0,190.17656,-1.0,0.16137695,1.0,0.48218498,0.08232651,-0.005700829,0.0017794878,-0.006590572,0.3683217,0.79003906,0.20996094,0.048583984,0.45567014813423157
5120000,881.2173871874786,7.0,391.56116,500.0,190.42766,-1.0,0.16149902,1.0,0.4830295,0.082334936,-0.004099059,0.0007290163,-0.0044635674,0.3676871,0.7895508,0.21044922,0.048950195,0.45602014660835266
5128192,880.1739429590173,7.0,391.35535,500.0,190.54446,-1.0,0.1619873,1.0,0.4833713,0.082611285,-0.0067083305,0.0005036752,-0.0069601685,0.3652679,0.7890625,0.2109375,0.048950195,0.4557701349258423
5136384,881.4304023052402,7.0,391.45923,500.0,190.48555,-1.0,0.1616211,1.0,0.48311496,0.08247192,-0.004835819,5.5344633e-05,-0.004863491,0.3557948,0.7894287,0.21057129,0.048950195,0.4555201232433319
5144576,889.4654561318949,7.0,390.75452,500.0,190.90617,-1.0,0.16308594,1.0,0.48438975,0.083416924,-0.0050878115,0.0017418874,-0.0059587546,0.35457164,0.7878418,0.2121582,0.049072266,0.4555731415748596
5152768,885.1302490413807,7.0,390.66394,500.0,190.95319,-1.0,0.16333008,1.0,0.48455945,0.08371497,-0.0072295396,0.0007048734,-0.0075819762,0.34764257,0.78759766,0.21240234,0.049072266,0.455586314201355
5160960,881.0608619733288,7.0,390.47754,500.0,191.0474,-1.0,0.16381836,1.0,0.48489833,0.08389509,-0.0058251196,0.00045205868,-0.006051149,0.3402776,0.7871094,0.21289062,0.049072266,0.45555371046066284
5169152,882.6888666833461,7.0,390.02698,500.0,191.33713,-1.0,0.16479492,1.0,0.48557392,0.08461929,-0.004942778,0.0005254019,-0.0052054785,0.33049935,0.7861328,0.21386719,0.049072266,0.45530369877815247
5177344,883.5698212423837,7.0,389.91638,500.0,191.39851,-1.0,0.16540527,1.0,0.48574355,0.08493672,-0.004889507,0.0003343909,-0.0050567025,0.32472417,0.78564453,0.21435547,0.048950195,0.4550536870956421
5185536,882.3218050880312,7.0,389.62842,500.0,191.54533,-1.0,0.1661377,1.0,0.4862472,0.08527208,-0.0069930023,0.00026662313,-0.0071263127,0.3314967,0.7849121,0.21508789,0.048950195,0.4548036754131317
5193728,880.9988050785814,7.0,389.5741,500.0,191.58061,-1.0,0.1665039,1.0,0.48624745,0.085561454,-0.006299558,0.00035133376,-0.006475225,0.33102652,0.78466797,0.21533203,0.048828125,0.45455366373062134
5201920,881.1051904517217,7.0,389.41028,500.0,191.67908,-1.0,0.16687012,1.0,0.48649842,0.08579765,-0.006405346,0.00030838337,-0.006559537,0.33075157,0.78430176,0.21569824,0.048828125,0.45430365204811096
5210112,885.4990354146387,7.0,389.16333,500.0,191.80455,-1.0,0.16796875,1.0,0.4867476,0.08645004,-0.0048183277,0.00048227457,-0.005059465,0.3335926,0.78344727,0.21655273,0.048583984,0.4540536403656006
5218304,881.1424958028089,7.0,389.08582,500.0,191.82022,-1.0,0.16845703,1.0,0.4868296,0.0866284,-0.0050543062,0.0002722731,-0.0051904432,0.32996744,0.78308105,0.21691895,0.048461914,0.4538036286830902
5226496,891.6310567634143,7.0,388.94458,500.0,191.91368,-1.0,0.16845703,1.0,0.4870803,0.086621135,-0.0056661675,0.0006801505,-0.0060062436,0.32100725,0.782959,0.21704102,0.048583984,0.4540536403656006
5234688,883.4589101057772,7.0,388.364,500.0,192.26582,-1.0,0.16870117,1.0,0.48849738,0.08668576,-0.0031772582,0.0016821702,-0.004018343,0.31868926,0.7821045,0.21789551,0.049194336,0.45471271872520447
5242880,883.2709563799641,7.0,388.05823,500.0,192.42975,-1.0,0.16870117,1.0,0.4892465,0.08663012,-0.00510626,0.001002717,-0.005607618,0.31287825,0.7817383,0.21826172,0.049560547,0.45508772134780884
5251072,880.3252362266738,7.0,387.83276,500.0,192.50177,-1.0,0.16918945,1.0,0.48982605,0.08666296,-0.0053275116,0.00096256554,-0.0058087944,0.3092833,0.7811279,0.21887207,0.049682617,0.455064982175827
5259264,880.7843277026622,7.0,387.412,500.0,192.7707,-1.0,0.16967773,1.0,0.4906533,0.08700066,-0.005067708,0.00066789263,-0.0054016546,0.3031084,0.7803955,0.21960449,0.049926758,0.455231636762619
5267456,882.8559066439061,7.0,387.03113,500.0,192.98856,-1.0,0.17028809,1.0,0.4913122,0.08735974,-0.00707142,0.00082922936,-0.0074860347,0.29947057,0.7796631,0.22033691,0.050048828,0.455398291349411
5275648,881.0271102516388,7.0,386.73767,500.0,193.14436,-1.0,0.17102051,1.0,0.49180296,0.087740764,-0.0051924866,0.0011737125,-0.005779343,0.29647994,0.77893066,0.22106934,0.050048828,0.4555186629295349
5283840,891.1588579012001,7.0,386.23535,500.0,193.44579,-1.0,0.17236328,1.0,0.49245068,0.08865493,-0.0059402855,0.0012722259,-0.006576398,0.29666847,0.77770996,0.22229004,0.049926758,0.45526865124702454
5292032,885.778903932035,7.0,386.08105,500.0,193.52611,-1.0,0.17248535,1.0,0.49277973,0.08865131,-0.0029876363,0.0006424148,-0.0033088438,0.29608792,0.7774658,0.22253418,0.050048828,0.45526865124702454
5300224,879.1668885624711,7.0,386.06726,500.0,193.51733,-1.0,0.17285156,1.0,0.49277523,0.08884616,-0.005644869,0.00039757014,-0.0058436543,0.2963735,0.7772217,0.22277832,0.049926758,0.45501863956451416
5308416,880.2852486152246,7.0,385.9829,500.0,193.55467,-1.0,0.1730957,1.0,0.49293718,0.08891676,-0.0062911725,0.000517658,-0.0065500014,0.29696667,0.77697754,0.22302246,0.049926758,0.45501863956451416
5316608,881.1730248212637,7.0,385.80273,500.0,193.63356,-1.0,0.17358398,1.0,0.49326062,0.08912556,-0.003893218,0.0004893599,-0.004137898,0.28836465,0.77648926,0.22351074,0.049926758,0.4547686278820038
5324800,879.5252505661347,7.0,385.77686,500.0,193.67128,-1.0,0.17358398,1.0,0.49326062,0.08912723,-0.0043687806,0.0005409182,-0.00463924,0.28490266,0.77648926,0.22351074,0.049926758,0.4547567367553711
5332992,885.4196041639158,7.0,385.4922,500.0,193.84752,-1.0,0.17346191,1.0,0.49392185,0.08896365,-0.008198168,0.0006991187,-0.008547728,0.28636453,0.7762451,0.22375488,0.05029297,0.45513173937797546
5341184,880.1336985523227,7.0,385.29053,500.0,193.9499,-1.0,0.17443848,1.0,0.49407226,0.089637786,-0.005076194,0.0004934487,-0.0053229188,0.28010136,0.7755127,0.2244873,0.050048828,0.4548817276954651
5349376,883.7494918401728,7.0,385.1493,500.0,194.00768,-1.0,0.17456055,1.0,0.49439955,0.089652434,-0.004349745,0.00053765276,-0.004618571,0.26610556,0.77526855,0.22473145,0.0501709,0.4548817276954651
5357568,880.1838411669011,7.0,384.797,500.0,194.20525,-1.0,0.17541504,1.0,0.494961,0.09017083,-0.007233159,0.0006827068,-0.007574513,0.2554536,0.77441406,0.22558594,0.0501709,0.4546317160129547
5365760,881.272445219562,7.0,384.4308,500.0,194.39511,-1.0,0.17626953,1.0,0.4955203,0.090626016,-0.006283397,0.00039454614,-0.0064806705,0.2399009,0.7735596,0.22644043,0.0501709,0.45438170433044434
5373952,886.0612343633564,7.0,384.03516,500.0,194.57848,-1.0,0.17700195,1.0,0.49624404,0.091020465,-0.0059542838,0.0010762877,-0.006492428,0.23380978,0.7727051,0.22729492,0.05029297,0.45473170280456543
5382144,883.1740129774105,7.0,383.85645,500.0,194.65111,-1.0,0.17675781,1.0,0.49682274,0.090577796,-0.0039979946,0.0008523689,-0.004424179,0.23425773,0.772583,0.22741699,0.05065918,0.45519599318504333
5390336,883.0018376651979,7.0,383.59814,500.0,194.7904,-1.0,0.17663574,1.0,0.49748,0.09035426,-0.0064652152,0.000615934,-0.0067731827,0.2308256,0.77233887,0.22766113,0.05102539,0.4555709958076477
5398528,880.351671092372,7.0,383.4292,500.0,194.89027,-1.0,0.17675781,1.0,0.49780458,0.09043526,-0.0041358285,0.00041384363,-0.00434275,0.21918306,0.7720947,0.22790527,0.05114746,0.4555709958076477
5406720,884.6447738761482,7.0,383.10303,500.0,195.07475,-1.0,0.17749023,1.0,0.49827936,0.090913266,-0.006664431,0.00090075086,-0.0071148067,0.21680441,0.7713623,0.2286377,0.05114746,0.4555482566356659
5414912,880.4326772257724,7.0,382.45667,500.0,195.42325,-1.0,0.17907715,1.0,0.499303,0.09183505,-0.0067296075,0.0010214753,-0.007240345,0.22606832,0.7697754,0.23022461,0.05114746,0.4554595351219177
5423104,880.0404629089063,7.0,381.9795,500.0,195.68622,-1.0,0.18017578,1.0,0.50000733,0.09255047,-0.005783163,0.00080936047,-0.0061878436,0.22114637,0.76867676,0.23132324,0.05114746,0.45520952343940735
5431296,881.5783957254924,7.0,381.63928,500.0,195.86787,-1.0,0.18103027,1.0,0.50055295,0.093031436,-0.006972422,0.00023900057,-0.0070919218,0.20982355,0.76782227,0.23217773,0.05114746,0.454959511756897
5439488,878.7496853765732,7.0,381.63562,500.0,195.87482,-1.0,0.18078613,1.0,0.50064117,0.09280735,-0.0043466548,0.00062707596,-0.004660193,0.1986743,0.76794434,0.23205566,0.05126953,0.45520952343940735
5447680,882.0060103160578,7.0,381.1023,500.0,196.1679,-1.0,0.1817627,1.0,0.5015059,0.09349455,-0.0046786396,0.001100814,-0.0052290466,0.19854137,0.7668457,0.2331543,0.0513916,0.4551595151424408
5455872,883.5989053782318,7.0,380.66956,500.0,196.39565,-1.0,0.18200684,1.0,0.50239027,0.09349997,-0.0057519097,0.0009633857,-0.0062336023,0.20447919,0.76623535,0.23376465,0.051757812,0.4555913209915161
5464064,880.8249929175851,7.0,380.67053,500.0,196.395,-1.0,0.1817627,1.0,0.5024786,0.093341425,-0.003919158,0.00045071845,-0.0041445177,0.19869797,0.7663574,0.23364258,0.051879883,0.4555913209915161
5472256,892.2818401162634,7.0,380.59253,500.0,196.44614,-1.0,0.18200684,1.0,0.50263315,0.09349996,-0.0045992625,0.0009611151,-0.00507982,0.19289395,0.7661133,0.23388672,0.051879883,0.45534130930900574
5480448,884.0845751179654,7.0,380.31934,500.0,196.59398,-1.0,0.18237305,1.0,0.5031073,0.09367005,-0.004543839,0.00054730277,-0.0048174905,0.19288832,0.765625,0.234375,0.052001953,0.4553185701370239
5488640,882.3716761671291,7.0,379.92065,500.0,196.80064,-1.0,0.18286133,1.0,0.5039,0.09382459,-0.004431151,0.0006206155,-0.0047414587,0.19543007,0.7648926,0.23510742,0.052246094,0.4555231034755707
5496832,879.2136813855305,7.0,379.49792,500.0,197.01683,-1.0,0.18457031,1.0,0.5042459,0.09503694,-0.004042351,0.0009846255,-0.0045346646,0.1999878,0.7635498,0.2364502,0.051879883,0.4552730917930603
5505024,888.7769755760106,7.0,379.2484,500.0,197.13608,-1.0,0.18530273,1.0,0.5047032,0.09540314,-0.0046338025,0.00055068027,-0.0049091424,0.19390008,0.7628174,0.23718262,0.051879883,0.4550230801105499
5513216,885.5163337385967,7.0,378.69458,500.0,197.40234,-1.0,0.18615723,1.0,0.5057181,0.095583394,-0.0068151983,0.0011818724,-0.007406134,0.17974576,0.76171875,0.23828125,0.052124023,0.45530879497528076
5521408,886.4469426248265,7.0,378.4431,500.0,197.50044,-1.0,0.18713379,1.0,0.50608164,0.096040025,-0.004919355,0.0007339983,-0.0052863536,0.17171887,0.76086426,0.23913574,0.052001953,0.4550587832927704
5529600,879.6653981313726,7.0,378.1914,500.0,197.62065,-1.0,0.18762207,1.0,0.50662416,0.09622742,-0.0045030937,0.0006595909,-0.004832889,0.16942838,0.7602539,0.2397461,0.052124023,0.4550468921661377
5537792,881.0528417516787,7.0,378.1604,500.0,197.62187,-1.0,0.18774414,1.0,0.5066994,0.096066505,-0.0066788513,0.0006089286,-0.006983316,0.17013717,0.76013184,0.23986816,0.052124023,0.4552730917930603
5545984,883.580954786952,7.0,377.97253,500.0,197.65341,-1.0,0.18835449,1.0,0.5070751,0.09612711,-0.0046149236,0.00073466625,-0.004982257,0.1645205,0.7595215,0.24047852,0.052124023,0.4550230801105499
5554176,891.3034082939215,7.0,377.80908,500.0,197.72797,-1.0,0.18859863,1.0,0.5074656,0.09609987,-0.0066472027,0.0006935631,-0.0069939843,0.15414593,0.7591553,0.24084473,0.052246094,0.4551730751991272
5562368,892.7035985841967,7.0,377.46094,500.0,197.91261,-1.0,0.1887207,1.0,0.5082615,0.0963664,-0.0028228639,0.0011995526,-0.0034226403,0.14718284,0.758667,0.24133301,0.052612305,0.4558321535587311
5570560,885.2252505263215,7.0,377.0598,500.0,198.09502,-1.0,0.18945312,1.0,0.5089493,0.09663077,-0.0040921187,0.0011993902,-0.004691814,0.14446247,0.7578125,0.2421875,0.052734375,0.45593929290771484
5578752,886.5387958368688,7.0,377.0027,500.0,198.12708,-1.0,0.18981934,1.0,0.50893277,0.09694381,-0.0027213192,0.00048307495,-0.0029628566,0.14326139,0.75756836,0.24243164,0.052612305,0.45568928122520447
5586944,879.8823726592959,7.0,376.92273,500.0,198.13843,-1.0,0.19042969,1.0,0.5090645,0.09717681,-0.0049941004,0.0006145678,-0.0053013847,0.13897121,0.7570801,0.24291992,0.052490234,0.4554392695426941
5595136,878.7256613196212,7.0,376.4464,500.0,198.39879,-1.0,0.19128418,1.0,0.50982267,0.097916596,-0.0069012903,0.001011169,-0.0074068746,0.13345906,0.7561035,0.24389648,0.052612305,0.4553815722465515
5603328,881.0264777139373,7.0,375.9591,500.0,198.64197,-1.0,0.19213867,1.0,0.5105782,0.09853926,-0.00666113,0.0011985577,-0.0072604096,0.13309301,0.75512695,0.24487305,0.052734375,0.45551618933677673
5611520,880.2774003734752,7.0,375.9546,500.0,198.6484,-1.0,0.19213867,1.0,0.5105782,0.098506615,-0.004719006,0.00061225786,-0.005025135,0.1377401,0.75512695,0.24487305,0.052734375,0.45554396510124207
5619712,882.7952296938402,7.0,375.56506,500.0,198.856,-1.0,0.19274902,1.0,0.5111847,0.09898044,-0.0036932656,0.0007367564,-0.004061644,0.13978429,0.75439453,0.24560547,0.052856445,0.4554862678050995
5627904,881.4101430147585,7.0,375.26135,500.0,198.99724,-1.0,0.19348145,1.0,0.51162416,0.09935356,-0.004454222,0.0005267926,-0.004717618,0.13071835,0.7536621,0.24633789,0.052856445,0.45545366406440735
5636096,880.3509493002131,7.0,374.91724,500.0,199.18541,-1.0,0.19470215,1.0,0.5118768,0.10014008,-0.0052129384,0.00060979754,-0.0055178367,0.13150081,0.75268555,0.24731445,0.052612305,0.455203652381897
5644288,881.1292770099723,7.0,374.68555,500.0,199.3159,-1.0,0.19519043,1.0,0.5121677,0.100524746,-0.0039336914,0.00031657598,-0.0040919795,0.12694182,0.75219727,0.24780273,0.052612305,0.4549536406993866
5652480,880.092375772901,7.0,374.37634,500.0,199.42207,-1.0,0.19580078,1.0,0.5127685,0.10072941,-0.0051230155,0.0008878591,-0.0055669453,0.12836419,0.75146484,0.24853516,0.052734375,0.454895943403244
5660672,878.4649870233677,7.0,374.30798,500.0,199.42229,-1.0,0.19580078,1.0,0.5130065,0.100625664,-0.005194581,0.0007142867,-0.0055517247,0.12072902,0.7513428,0.24865723,0.052856445,0.4551221430301666
5668864,886.5449261610305,7.0,374.1577,500.0,199.48886,-1.0,0.19616699,1.0,0.5132235,0.10081869,-0.0053668516,0.0002977053,-0.0055157044,0.11594605,0.75097656,0.24902344,0.052856445,0.45487213134765625
5677056,881.259651976218,7.0,373.94678,500.0,199.58516,-1.0,0.19665527,1.0,0.5135123,0.10108029,-0.004566767,0.0006671253,-0.0049003297,0.11685225,0.7504883,0.24951172,0.052856445,0.4546221196651459
5685248,880.5194973384455,7.0,373.67517,500.0,199.63953,-1.0,0.1977539,1.0,0.5139222,0.10145783,-0.0036382498,0.0005193914,-0.0038979454,0.11238989,0.7495117,0.25048828,0.052734375,0.4543721079826355
5693440,882.4588111396635,7.0,373.312,500.0,199.80142,-1.0,0.19812012,1.0,0.514612,0.10165086,-0.0060596364,0.00093372713,-0.0065265,0.10043122,0.74890137,0.25109863,0.052978516,0.45477429032325745
5701632,877.953995115871,7.0,373.141,500.0,199.86119,-1.0,0.19909668,1.0,0.51470953,0.10222193,-0.004298115,0.0006092016,-0.0046027163,0.09987638,0.74816895,0.25183105,0.052734375,0.45452427864074707
5709824,880.5822088952705,7.0,372.90442,500.0,199.95323,-1.0,0.19946289,1.0,0.51516044,0.1023256,-0.008617908,0.0009153817,-0.009075599,0.09738028,0.74768066,0.25231934,0.052856445,0.45464465022087097
5718016,884.636278303749,7.0,372.47632,500.0,200.15485,-1.0,0.20043945,1.0,0.5157289,0.10287093,-0.0055158217,0.0008937021,-0.0059626736,0.09049664,0.7467041,0.2532959,0.052856445,0.45479464530944824
5726208,883.9853379778764,7.0,372.16907,500.0,200.29233,-1.0,0.20092773,1.0,0.5162487,0.10307017,-0.0038819178,0.0007239735,-0.0042439047,0.08653373,0.74609375,0.25390625,0.052978516,0.45475298166275024
5734400,884.9317376076034,7.0,372.04272,500.0,200.37457,-1.0,0.20092773,1.0,0.51648515,0.10312453,-0.0044005383,0.00077513757,-0.0047881072,0.08477449,0.7459717,0.25402832,0.053100586,0.45473024249076843
5742592,876.2409255520813,7.0,371.81946,500.0,200.4881,-1.0,0.20092773,1.0,0.51695764,0.10312244,-0.0060352283,0.0004747584,-0.0062726075,0.079510644,0.74572754,0.25427246,0.053344727,0.4549347758293152
5750784,879.6830323263446,7.0,371.5492,500.0,200.6154,-1.0,0.20129395,1.0,0.51740533,0.10328938,-0.0053549837,0.00053560955,-0.0056227874,0.08084699,0.74523926,0.25476074,0.053466797,0.4549228847026825
5758976,881.2416832952289,7.0,371.36255,500.0,200.66362,-1.0,0.2019043,1.0,0.5177572,0.103441834,-0.0035932967,0.00071673165,-0.0039516627,0.075889364,0.7446289,0.2553711,0.053466797,0.45489028096199036
5767168,880.7592214603386,7.0,371.13196,500.0,200.78874,-1.0,0.20263672,1.0,0.51794255,0.10405335,-0.004380674,0.0005076483,-0.0046344977,0.0712764,0.74401855,0.25598145,0.053344727,0.45464026927948
5775360,880.1804590662762,7.0,371.27954,500.0,200.68149,-1.0,0.20239258,1.0,0.5178023,0.10371801,-0.005530265,0.00042174914,-0.0057411394,0.065776475,0.7442627,0.2557373,0.053344727,0.45465344190597534
5783552,880.3627913524041,7.0,370.95544,500.0,200.84222,-1.0,0.203125,1.0,0.51822263,0.10423375,-0.0044242702,0.0010717346,-0.0049601374,0.055467255,0.7435303,0.25646973,0.053344727,0.45482009649276733
5791744,881.7272986595282,7.0,370.68298,500.0,200.98007,-1.0,0.20373535,1.0,0.51857185,0.10463084,-0.00626004,0.00087018835,-0.0066951346,0.04623264,0.7429199,0.25708008,0.053344727,0.45457008481025696
5799936,880.6329443192258,7.0,370.5089,500.0,201.04834,-1.0,0.20422363,1.0,0.51885045,0.10489438,-0.0058998247,0.0008127343,-0.006306191,0.03960318,0.74243164,0.25756836,0.053344727,0.4547746181488037
5808128,880.2396721302572,7.0,370.3994,500.0,201.10019,-1.0,0.20446777,1.0,0.5189896,0.10504511,-0.005130919,0.0002113242,-0.005236581,0.044127382,0.7421875,0.2578125,0.053344727,0.45452460646629333
5816320,879.1321121235621,7.0,370.19482,500.0,201.1846,-1.0,0.20495605,1.0,0.51926726,0.1052941,-0.0067317938,0.00046586507,-0.0069647264,0.04333867,0.7416992,0.25830078,0.053344727,0.45427459478378296
5824512,880.097605719264,7.0,369.9037,500.0,201.34206,-1.0,0.2055664,1.0,0.51961356,0.105723254,-0.0026826474,0.0008460213,-0.003105658,0.039099127,0.74108887,0.25891113,0.053344727,0.45425185561180115
5832704,882.6505686691702,7.0,369.79065,500.0,201.39731,-1.0,0.20581055,1.0,0.51975185,0.10592437,-0.004667758,0.0007712596,-0.005053387,0.044968635,0.7408447,0.25915527,0.053344727,0.454219251871109
5840896,884.1779643520713,7.0,369.69604,500.0,201.42667,-1.0,0.20581055,1.0,0.5199866,0.10586509,-0.006459645,0.0009795204,-0.0069494047,0.051461093,0.74072266,0.25927734,0.053466797,0.4544040262699127
5849088,883.4028971619155,7.0,369.86987,500.0,201.33406,-1.0,0.20568848,1.0,0.5196828,0.10579538,-0.005321713,0.00038631982,-0.005514873,0.052642025,0.7409668,0.2590332,0.053344727,0.4544040262699127
5857280,883.3084907698316,7.0,369.2517,500.0,201.64537,-1.0,0.20605469,1.0,0.52082837,0.106111005,-0.0063562514,0.001274108,-0.006993306,0.056923777,0.7401123,0.2598877,0.053833008,0.4550161063671112
5865472,882.5080177080332,7.0,369.08362,500.0,201.7296,-1.0,0.20690918,1.0,0.5208411,0.106801614,-0.0032454347,0.00079111324,-0.0036409912,0.061921135,0.73950195,0.26049805,0.053588867,0.45476609468460083
5873664,880.666801279509,7.0,369.01392,500.0,201.74509,-1.0,0.20727539,1.0,0.5208127,0.106822416,-0.0046365885,0.00059544714,-0.0049343123,0.050173603,0.7392578,0.2607422,0.053466797,0.45451608300209045
5881856,882.3946536543795,7.0,368.6764,500.0,201.91159,-1.0,0.20800781,1.0,0.5212237,0.10732831,-0.004303233,0.0004106742,-0.00450857,0.03873752,0.7385254,0.2614746,0.053466797,0.4542660713195801
5890048,881.865500781635,7.0,368.68262,500.0,201.9027,-1.0,0.20825195,1.0,0.52112615,0.107524075,-0.0044924477,0.00022267645,-0.0046037864,0.028579578,0.7384033,0.26159668,0.053344727,0.4540160596370697
5898240,884.229752123242,7.0,368.55286,500.0,201.97035,-1.0,0.20825195,1.0,0.52136034,0.10750826,-0.00569003,0.0009882993,-0.0061841793,0.027176991,0.73828125,0.26171875,0.053466797,0.45398345589637756
5906432,880.0307257025278,7.0,368.4735,500.0,201.9783,-1.0,0.2084961,1.0,0.5214969,0.10751586,-0.005476637,0.00049990916,-0.0057265917,0.019814976,0.7380371,0.2619629,0.053466797,0.4537334442138672
5914624,892.2959286143279,7.0,368.24426,500.0,202.04974,-1.0,0.20935059,1.0,0.5217397,0.10784772,-0.0047324467,0.001189654,-0.005327274,0.0070799515,0.7373047,0.2626953,0.053344727,0.4536917805671692
5922816,881.897370131731,7.0,367.6504,500.0,202.28941,-1.0,0.21057129,1.0,0.5226515,0.10843786,-0.005205716,0.0016648313,-0.0060381317,0.0035023913,0.7359619,0.2640381,0.053466797,0.4539105296134949
5931008,879.8806377001405,7.0,367.85486,500.0,202.16954,-1.0,0.21020508,1.0,0.5224485,0.108080536,-0.00557899,0.00016469853,-0.005661339,0.0060410425,0.7363281,0.26367188,0.053466797,0.4536605179309845
5939200,881.3989058411258,7.0,367.64612,500.0,202.25128,-1.0,0.21069336,1.0,0.522719,0.10830722,-0.005396598,0.00076666335,-0.0057799295,0.007905863,0.73583984,0.26416016,0.053466797,0.4534105062484741
5947392,879.7279430349801,7.0,367.3711,500.0,202.3607,-1.0,0.21142578,1.0,0.52312374,0.108648404,-0.005591898,0.0009006728,-0.0060422346,-0.00597392,0.7351074,0.26489258,0.053466797,0.45316049456596375
5955584,885.7334646339222,7.0,367.28235,500.0,202.3826,-1.0,0.21118164,1.0,0.5234556,0.10831481,-0.006393289,0.00071327074,-0.006749924,-0.01725863,0.7351074,0.26489258,0.053710938,0.45359230041503906
5963776,887.6124592495335,7.0,367.094,500.0,202.45126,-1.0,0.21166992,1.0,0.52372473,0.10855989,-0.006853643,0.0008656392,-0.0072864615,-0.018127553,0.73461914,0.26538086,0.053710938,0.4533422887325287
5971968,883.0906405121121,7.0,366.6665,500.0,202.63492,-1.0,0.21289062,1.0,0.5241621,0.109339565,-0.0077631464,0.0010482289,-0.008287261,-0.025334306,0.7335205,0.2664795,0.053588867,0.4530922770500183
5980160,882.4141197401419,7.0,366.52185,500.0,202.68045,-1.0,0.21350098,1.0,0.52426326,0.10967468,-0.005241326,0.00033254622,-0.0054075993,-0.030948892,0.7330322,0.26696777,0.053466797,0.45284226536750793
5988352,879.4796852083778,7.0,366.31042,500.0,202.74327,-1.0,0.21435547,1.0,0.5244965,0.1100812,-0.004593174,0.00082135445,-0.005003851,-0.03749778,0.7322998,0.2677002,0.053344727,0.4528096616268158
5996544,880.0313793508387,7.0,365.94885,500.0,202.88925,-1.0,0.21569824,1.0,0.5247606,0.11099289,-0.0058392007,0.0011203898,-0.0063993954,-0.04782664,0.7312012,0.26879883,0.053100586,0.45290449261665344
6004736,880.6123605598913,7.0,365.74255,500.0,202.9787,-1.0,0.21594238,1.0,0.52512527,0.1110726,-0.0055550127,0.00046418575,-0.0057871053,-0.051250823,0.73083496,0.26916504,0.053222656,0.45288175344467163
6012928,879.9788651848539,7.0,365.80627,500.0,202.94165,-1.0,0.21606445,1.0,0.5249588,0.11110024,-0.0047192634,0.00044309074,-0.0049408088,-0.055307344,0.73083496,0.26916504,0.053100586,0.45263174176216125
6021120,882.4173150702719,7.0,365.54944,500.0,203.04138,-1.0,0.21618652,1.0,0.5254897,0.11101933,-0.0052996497,0.0011497893,-0.005874544,-0.061786048,0.73046875,0.26953125,0.053344727,0.452836275100708
6029312,880.9414548412793,7.0,365.0431,500.0,203.28941,-1.0,0.2163086,1.0,0.5264838,0.11108993,-0.0041635847,0.0014165206,-0.0048718452,-0.06673091,0.7298584,0.2701416,0.053833008,0.45323142409324646
6037504,879.0325668440155,7.0,364.80078,500.0,203.42381,-1.0,0.21704102,1.0,0.526646,0.111683436,-0.0067658816,0.0003593488,-0.006945555,-0.06871743,0.72924805,0.27075195,0.053710938,0.4533660411834717
6045696,882.2042984011491,7.0,364.70178,500.0,203.4261,-1.0,0.21740723,1.0,0.5268427,0.11178907,-0.0033426378,0.00076095667,-0.003723116,-0.0647593,0.72888184,0.27111816,0.053710938,0.45333343744277954
6053888,883.8779831623564,7.0,364.48206,500.0,203.52481,-1.0,0.21813965,1.0,0.52700335,0.11233711,-0.0064094965,0.0007509706,-0.006784982,-0.05754794,0.7282715,0.27172852,0.053588867,0.45327574014663696
6062080,884.1562362283769,7.0,364.4928,500.0,203.53712,-1.0,0.21826172,1.0,0.5268369,0.11262891,-0.008680258,0.0004947416,-0.00892763,-0.058938593,0.7282715,0.27172852,0.053466797,0.45325300097465515
6070272,878.6064594022679,7.0,364.1775,500.0,203.65509,-1.0,0.21862793,1.0,0.5274956,0.112749524,-0.0058849687,0.0010512245,-0.006410581,-0.061899096,0.72766113,0.27233887,0.053710938,0.4537722170352936
6078464,886.7094701137665,7.0,364.0503,500.0,203.68149,-1.0,0.21923828,1.0,0.52758944,0.113074,-0.0033736858,0.000785928,-0.0037666499,-0.07404625,0.72717285,0.27282715,0.053588867,0.45374947786331177
6086656,882.9383726165526,7.0,363.97498,500.0,203.72563,-1.0,0.21899414,1.0,0.52792203,0.11305925,-0.005052068,0.0009970306,-0.005550583,-0.079349354,0.72717285,0.27282715,0.053833008,0.4541516602039337
6094848,882.4405895559587,7.0,363.66284,500.0,203.82812,-1.0,0.21960449,1.0,0.52847755,0.11321393,-0.005325561,0.0006206648,-0.005635893,-0.08524599,0.7264404,0.27355957,0.053955078,0.4541099965572357
6103040,880.420314423652,7.0,363.67395,500.0,203.81396,-1.0,0.21984863,1.0,0.52837604,0.113401555,-0.0058823447,0.0010433613,-0.0064040255,-0.09279653,0.72631836,0.27368164,0.053833008,0.45385998487472534
6111232,879.5222562549073,7.0,363.59314,500.0,203.84373,-1.0,0.22058105,1.0,0.5283018,0.1136861,-0.0048054066,0.00072217826,-0.0051664957,-0.09873901,0.7258301,0.27416992,0.053588867,0.45360997319221497
6119424,883.2970007751015,7.0,363.4984,500.0,203.87158,-1.0,0.22131348,1.0,0.52822655,0.114183396,-0.0037563017,0.0005496631,-0.004031133,-0.105969034,0.7253418,0.2746582,0.053344727,0.4533599615097046
6127616,879.998968580084,6.0,363.44116,500.0,203.90016,-1.0,0.22094727,1.0,0.52849525,0.11386149,-0.0058799186,0.00083196606,-0.0062959017,-0.10567187,0.72546387,0.27453613,0.053588867,0.45350995659828186
6135808,880.1864566758732,6.0,363.2865,500.0,203.92444,-1.0,0.22106934,1.0,0.52879065,0.113866605,-0.0052614026,0.0012077582,-0.005865282,-0.11161132,0.7252197,0.27478027,0.053710938,0.45385995507240295
6144000,878.6256014322422,6.0,363.57434,500.0,203.78398,-1.0,0.22094727,1.0,0.5282642,0.11379607,-0.005381131,0.0007072069,-0.0057347347,-0.10987774,0.72558594,0.27441406,0.053466797,0.45404472947120667
6152192,880.715243830794,6.0,363.52087,500.0,203.75858,-1.0,0.22167969,1.0,0.5281885,0.114142425,-0.0023278021,0.00072539435,-0.0026904994,-0.10589297,0.72509766,0.27490234,0.053222656,0.45404472947120667
6160384,879.3538872011728,6.0,363.68628,500.0,203.6852,-1.0,0.22155762,1.0,0.527893,0.114128776,-0.0038560287,0.00068091083,-0.0041964836,-0.1099841,0.7253418,0.2746582,0.053100586,0.45404472947120667
6168576,879.5586171277529,6.0,363.6377,500.0,203.70728,-1.0,0.22167969,1.0,0.5279574,0.11422059,-0.0033652182,0.0008206198,-0.0037755282,-0.11332529,0.7252197,0.27478027,0.053100586,0.4537947177886963
6176768,884.086099217498,6.0,363.36267,500.0,203.83171,-1.0,0.22229004,1.0,0.52827865,0.11457737,-0.006057972,0.0012276117,-0.0066717775,-0.12080124,0.7246094,0.27539062,0.053100586,0.4539293348789215
6184960,884.6380776204765,6.0,363.36377,500.0,203.82152,-1.0,0.22253418,1.0,0.52817583,0.114746615,-0.00442154,0.00073513365,-0.0047891065,-0.12556076,0.7244873,0.2755127,0.052978516,0.45389673113822937
6193152,882.5892624852269,6.0,362.86133,500.0,204.05199,-1.0,0.22290039,1.0,0.52906066,0.11492767,-0.00029572274,0.0014409119,-0.0010161786,-0.121383354,0.7237549,0.27624512,0.053344727,0.4543610215187073
6201344,881.1245996859675,6.0,362.74023,500.0,204.04361,-1.0,0.22387695,1.0,0.5291098,0.115416706,-0.0043683816,0.0012175307,-0.004977147,-0.12272502,0.72302246,0.27697754,0.053100586,0.4543193578720093
6209536,879.7137080512134,6.0,362.4724,500.0,204.13988,-1.0,0.22473145,1.0,0.52932435,0.11599965,-0.0026392313,0.0012990774,-0.00328877,-0.12768626,0.72229004,0.27770996,0.052978516,0.4542776942253113
6217728,879.7644785985931,6.0,362.17578,500.0,204.2287,-1.0,0.22509766,1.0,0.5299755,0.11597797,-0.0071624024,0.0014179247,-0.007871365,-0.12435683,0.7216797,0.2783203,0.053222656,0.4544123113155365
6225920,883.6515116278083,6.0,362.1316,500.0,204.23732,-1.0,0.22521973,1.0,0.53003883,0.116023645,-0.005839231,0.00060220656,-0.0061403345,-0.1243667,0.7215576,0.27844238,0.053222656,0.4541622996330261
6234112,882.5970613198482,6.0,361.3484,500.0,204.55685,-1.0,0.2277832,1.0,0.53067017,0.117677204,-0.0060096,0.0017494881,-0.0068843444,-0.13292353,0.71936035,0.28063965,0.052856445,0.45391228795051575
6242304,879.6419320104827,6.0,361.0381,500.0,204.68079,-1.0,0.22827148,1.0,0.5311502,0.11787513,-0.0061951177,0.0008818549,-0.006636046,-0.13948995,0.71875,0.28125,0.052978516,0.4538474678993225
6250496,881.5677875756442,6.0,360.89453,500.0,204.74289,-1.0,0.2286377,1.0,0.5313375,0.11811068,-0.007075385,0.000502189,-0.00732648,-0.139703,0.7183838,0.2816162,0.052978516,0.45359745621681213
6258688,881.1408914495396,6.0,360.7776,500.0,204.80406,-1.0,0.22937012,1.0,0.53125155,0.118667394,-0.0026695954,0.00036366456,-0.0028514275,-0.13966449,0.7178955,0.2821045,0.052734375,0.45334744453430176
6266880,879.7260510169209,6.0,361.10266,500.0,204.64362,-1.0,0.22875977,1.0,0.5309401,0.11813559,-0.0064392556,0.0005295366,-0.006704024,-0.13773894,0.71850586,0.28149414,0.052734375,0.4533752202987671
6275072,880.9484114630618,6.0,360.98254,500.0,204.66995,-1.0,0.2286377,1.0,0.5313375,0.11790487,-0.0048054047,0.0013436299,-0.0054772194,-0.14051272,0.7183838,0.2816162,0.052978516,0.45405113697052
6283264,879.8023238122258,6.0,360.8484,500.0,204.71695,-1.0,0.22949219,1.0,0.5313137,0.118535906,-0.0031257423,0.0004498217,-0.003350653,-0.14573649,0.71777344,0.28222656,0.052734375,0.45380112528800964
6291456,885.2905274068298,6.0,360.91687,500.0,204.67513,-1.0,0.23034668,1.0,0.53082883,0.11908698,-0.005718039,0.00059539586,-0.0060157366,-0.15637368,0.7174072,0.28259277,0.052246094,0.45355111360549927
6299648,885.831564548493,6.0,360.56055,500.0,204.8045,-1.0,0.23095703,1.0,0.5313682,0.11935355,-0.005224415,0.001027531,-0.0057381806,-0.15856603,0.7166748,0.2833252,0.052368164,0.4536459445953369
6307840,883.9002888055569,6.0,360.44666,500.0,204.86908,-1.0,0.2310791,1.0,0.53143007,0.11980125,-0.0072050528,0.000824307,-0.0076172054,-0.1683717,0.71655273,0.28344727,0.052368164,0.4537959396839142
6316032,882.95071547948,6.0,360.34607,500.0,204.91974,-1.0,0.23181152,1.0,0.5313408,0.12041052,-0.005103091,0.0004799473,-0.005343064,-0.17740345,0.71606445,0.28393555,0.052124023,0.4535459280014038
6324224,881.9644209865904,6.0,360.3048,500.0,204.92012,-1.0,0.2319336,1.0,0.5314023,0.12030374,-0.007828715,0.0007485481,-0.008202989,-0.1776627,0.7159424,0.28405762,0.052124023,0.4535042643547058
6332416,882.95032975979,6.0,359.91882,500.0,205.09181,-1.0,0.23205566,1.0,0.5321525,0.12032118,-0.0058691846,0.0011760339,-0.0064572017,-0.1823071,0.7154541,0.2845459,0.052490234,0.4538542628288269
6340608,878.9441510387493,6.0,359.95776,500.0,205.07451,-1.0,0.23168945,1.0,0.53219736,0.12003435,-0.006585299,0.0011454426,-0.0071580205,-0.19202894,0.71569824,0.28430176,0.052612305,0.4544738233089447
6348800,877.6124460491559,6.0,359.9663,500.0,205.10759,-1.0,0.23144531,1.0,0.5320742,0.12018647,-0.0058489162,0.00069653464,-0.0061971834,-0.19633353,0.7159424,0.28405762,0.052612305,0.45467835664749146
6356992,882.8004464496648,6.0,359.93896,500.0,205.09431,-1.0,0.23132324,1.0,0.532242,0.12000148,-0.005682038,0.0002925847,-0.00582833,-0.20393628,0.7159424,0.28405762,0.052734375,0.45467835664749146
6365184,880.5737009023566,6.0,359.88025,500.0,205.12575,-1.0,0.23168945,1.0,0.53219736,0.12034491,-0.0053413804,0.00091109483,-0.005796928,-0.21242797,0.71569824,0.28430176,0.052612305,0.45479872822761536
6373376,881.7879420380666,6.0,359.6897,500.0,205.2775,-1.0,0.23071289,1.0,0.53285056,0.11963485,-0.0042652357,0.0012870915,-0.0049087815,-0.21692616,0.71606445,0.28393555,0.053222656,0.4557153880596161
6381568,888.5796517123986,6.0,359.44495,500.0,205.40517,-1.0,0.23120117,1.0,0.533097,0.11982995,-0.0062716403,0.0009468168,-0.0067450493,-0.21773294,0.7155762,0.28442383,0.053222656,0.45583575963974
6389760,882.2186141020587,6.0,359.23682,500.0,205.56618,-1.0,0.23144531,1.0,0.5332201,0.119932465,-0.0025619161,0.001203492,-0.003163662,-0.22781421,0.71533203,0.28466797,0.053222656,0.4563857614994049
6397952,879.6223853723111,6.0,359.4485,500.0,205.44366,-1.0,0.2310791,1.0,0.5330356,0.11956815,-0.0060895076,0.00059010816,-0.006384561,-0.23835811,0.71569824,0.28430176,0.053222656,0.4566119611263275
6406144,878.1390866363898,6.0,359.26575,500.0,205.48761,-1.0,0.2310791,1.0,0.5334934,0.11957946,-0.004873026,0.0011898578,-0.0054679546,-0.2492817,0.7154541,0.2845459,0.053466797,0.4569619596004486
6414336,879.5340985372387,6.0,359.08435,500.0,205.58842,-1.0,0.23046875,1.0,0.53410023,0.119096704,-0.0033835287,0.0009335775,-0.0038503176,-0.25574762,0.7155762,0.28442383,0.053955078,0.45779892802238464
6422528,881.047803771621,6.0,358.70703,500.0,205.76083,-1.0,0.23071289,1.0,0.5346801,0.11931941,-0.004164859,0.0013674981,-0.0048486083,-0.25975537,0.7150879,0.2849121,0.05419922,0.45798370242118835
6430720,883.7858166317719,6.0,358.52124,500.0,205.80423,-1.0,0.23120117,1.0,0.53492576,0.11947549,-0.0062076254,0.00083914574,-0.0066271983,-0.26931915,0.7145996,0.2854004,0.05419922,0.4579510986804962
6438912,881.0578346049023,6.0,358.36584,500.0,205.89932,-1.0,0.23071289,1.0,0.53536457,0.11919706,-0.0061486317,0.0015225975,-0.00690993,-0.27103508,0.7147217,0.28527832,0.05456543,0.45827803015708923
6447104,881.1578391383339,6.0,358.26306,500.0,205.93161,-1.0,0.23120117,1.0,0.535382,0.11956059,-0.0058842986,0.0011082627,-0.0064384295,-0.2712735,0.71435547,0.28564453,0.05444336,0.4584446847438812
6455296,879.2930831044748,6.0,357.98743,500.0,206.09065,-1.0,0.23168945,1.0,0.5356268,0.11990553,-0.0060945572,0.00057076185,-0.0063799387,-0.2716844,0.7138672,0.2861328,0.05444336,0.4583946764469147
6463488,883.6369903136086,6.0,357.91248,500.0,206.13928,-1.0,0.2319336,1.0,0.53552115,0.120274395,-0.0042156107,0.0009767389,-0.00470398,-0.2833932,0.7137451,0.28625488,0.05432129,0.4581446647644043
6471680,882.1893942568314,6.0,357.7163,500.0,206.19594,-1.0,0.23242188,1.0,0.53576535,0.120323926,-0.005598961,0.0010918195,-0.00614487,-0.2864207,0.71325684,0.28674316,0.05432129,0.4581030011177063
6479872,883.5238585786384,6.0,357.64343,500.0,206.1984,-1.0,0.23278809,1.0,0.5359481,0.12036036,-0.004462013,0.0012432963,-0.005083661,-0.28503385,0.7128906,0.28710938,0.05432129,0.4582376182079315
6488064,881.9574030325243,6.0,357.60254,500.0,206.20161,-1.0,0.23291016,1.0,0.5360089,0.1203602,-0.005145128,0.0006572277,-0.005473742,-0.28404397,0.71276855,0.28723145,0.05432129,0.4582148790359497
6496256,884.0812539640514,6.0,357.56677,500.0,206.20067,-1.0,0.23254395,1.0,0.53628176,0.12026897,-0.00598752,0.0011374734,-0.0065562567,-0.29503414,0.7128906,0.28710938,0.05456543,0.4585898816585541
6504448,882.0276102414556,6.0,357.4375,500.0,206.2616,-1.0,0.23291016,1.0,0.53646415,0.120510876,-0.0038942334,0.00047720718,-0.004132837,-0.30164844,0.7125244,0.2874756,0.05456543,0.4583398699760437
6512640,878.6474630101561,6.0,357.38794,500.0,206.26936,-1.0,0.23266602,1.0,0.5367976,0.120338425,-0.0060126353,0.00078429456,-0.0064047826,-0.3121041,0.7125244,0.2874756,0.05480957,0.4585246443748474
6520832,880.5195650323235,6.0,357.1311,500.0,206.36955,-1.0,0.23303223,1.0,0.53697985,0.12064819,-0.004408841,0.00072238425,-0.004770033,-0.32803372,0.7121582,0.2878418,0.05480957,0.4584598243236542
6529024,880.9101965721462,6.0,357.1173,500.0,206.4472,-1.0,0.2322998,1.0,0.53706986,0.12052358,-0.0031703934,0.00060277723,-0.0034717822,-0.33432028,0.7126465,0.28735352,0.05505371,0.4587361514568329
6537216,881.9321619597072,6.0,356.9375,500.0,206.54344,-1.0,0.2322998,1.0,0.53729707,0.12044926,-0.0049306545,0.0013520337,-0.005606672,-0.34154904,0.7125244,0.2874756,0.05517578,0.4588707685470581
6545408,883.3454833168034,6.0,356.86047,500.0,206.59148,-1.0,0.2322998,1.0,0.53729707,0.120537154,-0.0048970478,0.00090327725,-0.005348686,-0.3490608,0.7125244,0.2874756,0.05517578,0.4590555429458618
6553600,882.3231645156709,6.0,356.6361,500.0,206.74745,-1.0,0.23266602,1.0,0.53747934,0.12090846,-0.0047780797,0.0009626933,-0.005259427,-0.3529344,0.7121582,0.2878418,0.05517578,0.45919016003608704
6561792,884.1512081969366,6.0,356.4386,500.0,206.84125,-1.0,0.23327637,1.0,0.5375555,0.121392414,-0.004070347,0.0010374545,-0.0045890743,-0.3646425,0.7116699,0.28833008,0.05505371,0.45894014835357666
6569984,878.367142110788,6.0,355.89307,500.0,207.0429,-1.0,0.23400879,1.0,0.538372,0.12179277,-0.0067329803,0.0015509697,-0.0075084646,-0.37485537,0.71069336,0.28930664,0.05529785,0.4591740071773529
6578176,884.4107611678944,6.0,355.70142,500.0,207.124,-1.0,0.23413086,1.0,0.53865886,0.12183885,-0.005795991,0.0009863914,-0.0062891864,-0.38003346,0.7104492,0.28955078,0.055419922,0.45914140343666077
6586368,881.3909246825712,6.0,355.42688,500.0,207.28079,-1.0,0.23425293,1.0,0.5391722,0.122012794,-0.0037056252,0.0011798728,-0.0042955615,-0.381755,0.710083,0.289917,0.055664062,0.45929139852523804
6594560,881.1785613983661,6.0,355.0464,500.0,207.47475,-1.0,0.23449707,1.0,0.5397449,0.12237382,-0.005447208,0.0013571525,-0.0061257845,-0.38943246,0.7095947,0.29040527,0.055908203,0.45975568890571594
6602752,877.8954928997873,6.0,354.6067,500.0,207.60979,-1.0,0.23535156,1.0,0.5403904,0.1227984,-0.003676665,0.0009859384,-0.004169634,-0.38954815,0.70861816,0.29138184,0.056030273,0.45987606048583984
6610944,885.4304877529935,6.0,354.03748,500.0,207.83653,-1.0,0.2364502,1.0,0.540927,0.123410486,-0.0044119908,0.0014329301,-0.0051284563,-0.38935786,0.70751953,0.29248047,0.056030273,0.45992907881736755
6619136,880.0882279286036,6.0,353.9934,500.0,207.8586,-1.0,0.23608398,1.0,0.5411997,0.12329702,-0.0021902062,0.0013745518,-0.0028774822,-0.39633453,0.7076416,0.2923584,0.056274414,0.4603040814399719
6627328,889.1925960540407,6.0,353.9021,500.0,207.91577,-1.0,0.23547363,1.0,0.5415783,0.12306057,-0.0067803906,0.0009733641,-0.007267073,-0.3966209,0.70788574,0.29211426,0.056640625,0.460654079914093
6635520,879.2047723680315,6.0,353.6101,500.0,208.08612,-1.0,0.23535156,1.0,0.5419693,0.1232786,-0.0046742363,0.0007912417,-0.0050698575,-0.3949017,0.7077637,0.29223633,0.056884766,0.46078869700431824
6643712,882.411015079841,6.0,353.34155,500.0,208.22092,-1.0,0.23535156,1.0,0.5424196,0.12343759,-0.007070133,0.0013304406,-0.0077353534,-0.4019463,0.70751953,0.29248047,0.057128906,0.46150022745132446
6651904,876.132851922374,6.0,353.14697,500.0,208.3271,-1.0,0.23583984,1.0,0.54265755,0.12386792,-0.0048266975,0.0009330768,-0.005293236,-0.39794418,0.70703125,0.29296875,0.057128906,0.4614354074001312
6660096,880.7096453512121,6.0,353.14197,500.0,208.32219,-1.0,0.23583984,1.0,0.54265755,0.12381634,-0.004448,0.00043947762,-0.0046677385,-0.40137163,0.70703125,0.29296875,0.057128906,0.46118539571762085
6668288,880.346618572114,6.0,353.28418,500.0,208.25249,-1.0,0.2355957,1.0,0.5425386,0.12359318,-0.005972365,0.00047262048,-0.0062086754,-0.4103065,0.7072754,0.2927246,0.057128906,0.4611985683441162
6676480,887.9344391354037,6.0,352.96094,500.0,208.32928,-1.0,0.23596191,1.0,0.54316664,0.12364338,-0.0059368922,0.0014418277,-0.006657806,-0.42098984,0.70666504,0.29333496,0.057373047,0.4613189399242401
6684672,883.9514073084353,6.0,352.50085,500.0,208.52318,-1.0,0.2364502,1.0,0.5438528,0.12404509,-0.0050588,0.0015441724,-0.005830886,-0.43498692,0.7059326,0.29406738,0.057617188,0.4613814353942871
6692864,887.1708023359106,6.0,352.23547,500.0,208.61578,-1.0,0.23657227,1.0,0.5443606,0.124065936,-0.0027296578,0.0014538917,-0.0034566035,-0.4434231,0.7055664,0.2944336,0.057861328,0.4618721902370453
6701056,882.1434618551177,6.0,352.2428,500.0,208.59062,-1.0,0.23632812,1.0,0.5444667,0.12371999,-0.0075038285,0.00063095207,-0.007819303,-0.4481044,0.7056885,0.29431152,0.0579834,0.462056964635849
6709248,878.2755150820941,6.0,352.21643,500.0,208.60529,-1.0,0.23632812,1.0,0.5444667,0.12372627,-0.0045232363,0.0007297165,-0.004888094,-0.45218322,0.7056885,0.29431152,0.0579834,0.4618069529533386
6717440,881.6215547540162,6.0,352.43677,500.0,208.52032,-1.0,0.23522949,1.0,0.5443819,0.12313056,-0.003841016,0.0011223742,-0.0044022035,-0.44664454,0.70654297,0.29345703,0.05822754,0.46199172735214233
6725632,885.4426722141774,6.0,352.43652,500.0,208.52095,-1.0,0.23571777,1.0,0.5441707,0.123538606,-0.0052532256,0.0007107245,-0.0056085875,-0.44097865,0.7062988,0.29370117,0.0579834,0.4619591236114502
6733824,884.9402616476127,6.0,352.38452,500.0,208.58293,-1.0,0.23522949,1.0,0.5443819,0.12360828,-0.0066726822,0.0010547466,-0.0072000558,-0.43636355,0.70654297,0.29345703,0.05822754,0.4623909294605255
6742016,880.6794870243859,6.0,352.42163,500.0,208.52145,-1.0,0.2355957,1.0,0.5443356,0.123544,-0.0056080753,0.0015338282,-0.0063749896,-0.44295222,0.7062988,0.29370117,0.05810547,0.462658166885376
6750208,880.9711567693188,6.0,352.22766,500.0,208.60333,-1.0,0.23620605,1.0,0.5444075,0.12401346,-0.005179853,0.0011848011,-0.005772253,-0.4564528,0.70581055,0.29418945,0.0579834,0.4626004695892334
6758400,881.0023741861467,6.0,352.21094,500.0,208.58154,-1.0,0.23583984,1.0,0.5446783,0.12375024,-0.00638157,0.0008786284,-0.0068208836,-0.46286893,0.7059326,0.29406738,0.05822754,0.4630322754383087
6766592,880.7294209441922,6.0,352.33398,500.0,208.54628,-1.0,0.23571777,1.0,0.54439497,0.12371362,-0.002684041,0.0005105926,-0.002939337,-0.45240912,0.70617676,0.29382324,0.05810547,0.46278226375579834
6774784,878.531831424515,6.0,352.45276,500.0,208.53273,-1.0,0.23535156,1.0,0.544217,0.12363137,-0.004424996,0.0001805546,-0.0045152735,-0.45310417,0.70654297,0.29345703,0.05810547,0.46253225207328796
6782976,879.1840978438025,6.0,352.25342,500.0,208.60461,-1.0,0.23522949,1.0,0.54460615,0.12368882,-0.004861953,0.0007861843,-0.0052550454,-0.45747617,0.7064209,0.2935791,0.05834961,0.4627170264720917
6791168,880.7402346862497,6.0,352.3589,500.0,208.54173,-1.0,0.23498535,1.0,0.54448736,0.12344633,-0.006429576,0.00077646784,-0.0068178093,-0.45870706,0.70666504,0.29333496,0.05834961,0.46288368105888367
6799360,880.3185375409907,6.0,351.9751,500.0,208.73064,-1.0,0.23522949,1.0,0.5450542,0.12370076,-0.0032833118,0.0007023994,-0.0036345115,-0.46342778,0.70617676,0.29382324,0.05859375,0.46299082040786743
6807552,886.0919452210487,6.0,351.75134,500.0,208.82637,-1.0,0.23522949,1.0,0.54550195,0.12366202,-0.0045589535,0.0009063907,-0.0050121495,-0.4779714,0.7059326,0.29406738,0.05883789,0.46331775188446045
6815744,888.4979666662297,6.0,351.33167,500.0,208.99138,-1.0,0.23596191,1.0,0.5460804,0.12411231,-0.0054017645,0.0012531445,-0.0060283365,-0.48411277,0.7050781,0.29492188,0.05895996,0.4632677435874939
6823936,888.704770389373,6.0,351.14807,500.0,209.04742,-1.0,0.23620605,1.0,0.5464218,0.12419577,-0.005116508,0.0009512594,-0.005592138,-0.49542525,0.7047119,0.2952881,0.05908203,0.4634023606777191
6832128,880.4142685081541,6.0,351.07263,500.0,209.05548,-1.0,0.23620605,1.0,0.54664516,0.12404192,-0.0042704972,0.00083634385,-0.004688669,-0.50529426,0.70458984,0.29541016,0.0592041,0.46334466338157654
6840320,888.4410602523285,6.0,351.05542,500.0,209.07347,-1.0,0.23669434,1.0,0.5464339,0.12445846,-0.0053612003,0.0010976752,-0.0059100376,-0.51574457,0.7043457,0.2956543,0.05895996,0.46351131796836853
6848512,885.7797259924217,6.0,350.57483,500.0,209.20087,-1.0,0.23754883,1.0,0.5472911,0.124795444,-0.0029950764,0.0013773933,-0.003683773,-0.5257741,0.7032471,0.29675293,0.0592041,0.4636613130569458
6856704,881.7678473378261,6.0,350.3811,500.0,209.29233,-1.0,0.23791504,1.0,0.5474666,0.1251368,-0.0050071124,0.00070007995,-0.005357152,-0.53740233,0.70288086,0.29711914,0.0592041,0.4634113013744354
6864896,885.0010514747679,6.0,350.40356,500.0,209.2628,-1.0,0.23840332,1.0,0.54725415,0.1254366,-0.005157685,0.0010844383,-0.0056999037,-0.5476424,0.7026367,0.29736328,0.05895996,0.46316128969192505
6873088,881.0951359459883,6.0,350.19592,500.0,209.30579,-1.0,0.23864746,1.0,0.5475937,0.12547252,-0.0046949247,0.00089154515,-0.005140697,-0.5596352,0.7022705,0.2977295,0.05908203,0.46313855051994324
6881280,876.7783155046488,6.0,350.33508,500.0,209.2729,-1.0,0.23815918,1.0,0.5473604,0.12534592,-0.0050822133,0.00045650513,-0.0053104656,-0.5649538,0.7027588,0.2972412,0.05908203,0.4631158113479614
6889472,883.2683452132031,6.0,350.5338,500.0,209.19144,-1.0,0.23815918,1.0,0.5469142,0.12540281,-0.003818024,0.00059749704,-0.004116772,-0.56980735,0.7030029,0.29699707,0.05883789,0.46286579966545105
6897664,879.69066727375,6.0,350.54126,500.0,209.16096,-1.0,0.23876953,1.0,0.5467596,0.12566257,-0.005683029,0.00027461507,-0.005820336,-0.56802315,0.7026367,0.29736328,0.05859375,0.4626157879829407
6905856,881.0556657567313,6.0,350.35693,500.0,209.20128,-1.0,0.23901367,1.0,0.54709935,0.12581684,-0.0025548101,0.000618023,-0.0028638216,-0.56666934,0.7022705,0.2977295,0.05871582,0.46258318424224854
6914048,883.4534811276212,6.0,350.1598,500.0,209.25064,-1.0,0.2397461,1.0,0.5472252,0.12626103,-0.007116782,0.00058719557,-0.0074103796,-0.5738764,0.70166016,0.29833984,0.05859375,0.46257129311561584
6922240,879.5694471700099,6.0,350.0686,500.0,209.27657,-1.0,0.2401123,1.0,0.5471761,0.1265695,-0.003125077,0.0005822989,-0.003416227,-0.5769631,0.701416,0.29858398,0.05847168,0.46232128143310547
6930432,891.7518057268084,6.0,349.53162,500.0,209.4971,-1.0,0.24035645,1.0,0.5481835,0.12666845,-0.0051681,0.001459734,-0.0058979667,-0.57903475,0.7006836,0.2993164,0.05895996,0.4627855718135834
6938624,889.2691383446999,6.0,349.3617,500.0,209.51506,-1.0,0.24060059,1.0,0.54852164,0.12656973,-0.003019107,0.0014912297,-0.0037647223,-0.58650565,0.7003174,0.29968262,0.05908203,0.4627439081668854
6946816,881.022253289006,6.0,349.19482,500.0,209.54892,-1.0,0.24108887,1.0,0.5487523,0.12675205,-0.005310409,0.0010041647,-0.0058124913,-0.5948976,0.6998291,0.3001709,0.05908203,0.4626938998699188
6955008,881.1007167331942,6.0,349.07886,500.0,209.58073,-1.0,0.24133301,1.0,0.5490898,0.12669078,-0.0052822353,0.0008544735,-0.0057094716,-0.5988283,0.6994629,0.3005371,0.0592041,0.4628605544567108
6963200,879.7355787619871,6.0,348.60632,500.0,209.78091,-1.0,0.24157715,1.0,0.54987115,0.12688866,-0.0038685862,0.000672105,-0.0042046383,-0.6053485,0.69885254,0.30114746,0.059570312,0.4631277918815613
6971392,886.9277589516435,6.0,348.67126,500.0,209.77704,-1.0,0.24157715,1.0,0.5496491,0.12699279,-0.0017869003,0.0007199172,-0.002146859,-0.61514103,0.6989746,0.3010254,0.059448242,0.4628777801990509
6979584,886.3862512706428,6.0,348.43835,500.0,209.89795,-1.0,0.2421875,1.0,0.5497136,0.12762865,-0.00064496265,0.000879423,-0.0010846741,-0.62050825,0.6984863,0.30151367,0.059326172,0.4626277685165405
6987776,879.0678976644605,6.0,348.42236,500.0,209.8556,-1.0,0.24243164,1.0,0.549828,0.12751979,-0.0039640395,0.00048096696,-0.0042045237,-0.6286176,0.6982422,0.3017578,0.059326172,0.46237775683403015
6995968,879.8157956919015,6.0,348.35266,500.0,209.91685,-1.0,0.24243164,1.0,0.549828,0.12771258,-0.0041973954,0.00045301966,-0.004423905,-0.6440829,0.6982422,0.3017578,0.059326172,0.4621277451515198
7004160,888.6151336654407,6.0,348.06287,500.0,210.01857,-1.0,0.24243164,1.0,0.55049366,0.12798151,-0.00647822,0.0017917505,-0.007374096,-0.6524782,0.697876,0.30212402,0.059692383,0.4626469612121582
7012352,881.7807232284034,6.0,347.6261,500.0,210.1746,-1.0,0.24365234,1.0,0.5506199,0.12881827,-0.0011570691,0.0010916853,-0.0017029117,-0.65472376,0.6968994,0.3031006,0.059448242,0.4623969495296478
7020544,880.6145046565922,6.0,347.62805,500.0,210.1761,-1.0,0.24389648,1.0,0.55051184,0.12905139,-0.005149237,0.00056779414,-0.005433134,-0.6548517,0.69677734,0.30322266,0.059326172,0.46214693784713745
7028736,882.5359212449358,6.0,347.49524,500.0,210.1805,-1.0,0.24438477,1.0,0.5507387,0.12912188,-0.0038034315,0.00087584683,-0.0042413548,-0.65699124,0.69628906,0.30371094,0.059326172,0.4618969261646271
7036928,885.7768031179787,6.0,347.6223,500.0,210.16447,-1.0,0.2442627,1.0,0.5504604,0.1292814,-0.0076327724,0.00046775903,-0.007866653,-0.6584214,0.6965332,0.3034668,0.0592041,0.4618969261646271
7045120,878.3841179988693,6.0,347.60022,500.0,210.1624,-1.0,0.24401855,1.0,0.55056864,0.12904292,-0.007179782,0.00089451234,-0.0076270383,-0.6633603,0.6966553,0.30334473,0.059326172,0.4621231257915497
7053312,882.7004315682693,6.0,347.3971,500.0,210.23201,-1.0,0.24438477,1.0,0.5507387,0.12932026,-0.002618447,0.00077508023,-0.0030059873,-0.67268443,0.69628906,0.30371094,0.059326172,0.46207311749458313
7061504,885.9480521590159,6.0,347.30347,500.0,210.28963,-1.0,0.2446289,1.0,0.55085194,0.12949756,-0.0055679725,0.0008381222,-0.0059870332,-0.67350805,0.6960449,0.30395508,0.059326172,0.46206122636795044
7069696,883.6945784256105,6.0,347.49683,500.0,210.23091,-1.0,0.2442627,1.0,0.55068207,0.12923823,-0.0031409757,0.000605639,-0.0034437953,-0.675656,0.69641113,0.30358887,0.059326172,0.46181121468544006
7077888,882.9409137660042,6.0,347.12268,500.0,210.36476,-1.0,0.2442627,1.0,0.5513467,0.12921338,-0.004291291,0.0013464257,-0.0049645035,-0.67506343,0.6960449,0.30395508,0.059692383,0.46206122636795044
7086080,879.231724948838,6.0,347.04968,500.0,210.3897,-1.0,0.2442627,1.0,0.55156803,0.1291106,-0.0061411904,0.00048592244,-0.006384152,-0.67373943,0.69592285,0.30407715,0.059814453,0.4622657597064972
7094272,884.797425889411,6.0,346.7932,500.0,210.48457,-1.0,0.2446289,1.0,0.55195886,0.1292887,-0.006824937,0.0011051302,-0.007377502,-0.6771617,0.6954346,0.30456543,0.059936523,0.46241575479507446
7102464,883.4701771520325,6.0,346.35437,500.0,210.67465,-1.0,0.24523926,1.0,0.5524619,0.12983686,-0.0024898602,0.00088688836,-0.0029333043,-0.6808944,0.69470215,0.30529785,0.060058594,0.46233242750167847
7110656,878.963487665677,6.0,346.29248,500.0,210.69582,-1.0,0.24523926,1.0,0.5526828,0.13003702,-0.0058732876,0.0011776374,-0.0064621055,-0.68534184,0.6945801,0.30541992,0.060180664,0.4625172019004822
7118848,879.0304529320763,6.0,345.93018,500.0,210.85208,-1.0,0.2454834,1.0,0.5532368,0.13027704,-0.0070342836,0.0008251211,-0.007446844,-0.6891953,0.6940918,0.3059082,0.060424805,0.46289220452308655
7127040,888.4293444551606,6.0,345.92993,500.0,210.87007,-1.0,0.24536133,1.0,0.5531805,0.13027777,-0.0048232046,0.001064613,-0.005355512,-0.68755704,0.69421387,0.30578613,0.060424805,0.4628596007823944
7135232,880.3540845934991,6.0,345.80603,500.0,210.93692,-1.0,0.24536133,1.0,0.5534012,0.1303575,-0.0052729608,0.00078959204,-0.0056677563,-0.69001055,0.6940918,0.3059082,0.060546875,0.4628368616104126
7143424,881.8687147735874,6.0,345.9475,500.0,210.89821,-1.0,0.24499512,1.0,0.55323255,0.13013132,-0.005041388,0.00055409985,-0.0053184377,-0.6940457,0.694458,0.305542,0.060546875,0.46280425786972046
7151616,885.811650517625,6.0,345.5558,500.0,211.05711,-1.0,0.2446289,1.0,0.554166,0.12996122,-0.0027607563,0.0014892975,-0.003505405,-0.7002042,0.69421387,0.30578613,0.061157227,0.4634917676448822
7159808,879.4535953135312,6.0,345.52893,500.0,211.06955,-1.0,0.2442627,1.0,0.55421746,0.12971805,-0.0025815018,0.0007878184,-0.0029754112,-0.71175265,0.694458,0.305542,0.061279297,0.46432873606681824
7168000,883.2038656451618,6.0,345.6089,500.0,211.02007,-1.0,0.24438477,1.0,0.5540535,0.12969144,-0.0054230927,0.0003300644,-0.0055881254,-0.7123087,0.694458,0.305542,0.061157227,0.46407872438430786
7176192,881.4128110377119,6.0,345.6797,500.0,211.01804,-1.0,0.24414062,1.0,0.55394083,0.12968062,-0.0005947418,0.0009107286,-0.0010501058,-0.7085246,0.69470215,0.30529785,0.061157227,0.46403706073760986
7184384,885.9452652349775,6.0,345.67676,500.0,210.96182,-1.0,0.24438477,1.0,0.5540535,0.12958251,-0.0038645125,0.0010051527,-0.004367089,-0.7116361,0.694458,0.305542,0.061157227,0.4637870490550995
7192576,893.588398970493,6.0,345.50293,500.0,211.09065,-1.0,0.24450684,1.0,0.5541098,0.13003299,-0.0033843815,0.00046579324,-0.0036172783,-0.711229,0.69433594,0.30566406,0.061157227,0.4635370373725891
7200768,883.882030382004,6.0,345.51904,500.0,211.12335,-1.0,0.2446289,1.0,0.5539457,0.13033059,-0.004480019,0.0007147528,-0.004837396,-0.7202581,0.69433594,0.30566406,0.061035156,0.4635142982006073
7208960,881.568918496306,6.0,345.203,500.0,211.24013,-1.0,0.24511719,1.0,0.55439085,0.13063534,-0.0020009512,0.00084606954,-0.002423986,-0.7198601,0.6937256,0.3062744,0.061157227,0.4636489152908325
7217152,880.3311906995325,6.0,345.4214,500.0,211.19531,-1.0,0.24450684,1.0,0.5541098,0.13033597,-0.005553937,0.00041227872,-0.005760076,-0.71765727,0.69433594,0.30566406,0.061157227,0.4636489152908325
7225344,879.918087299602,6.0,345.10083,500.0,211.29964,-1.0,0.24499512,1.0,0.5545549,0.13091242,-0.0023940094,0.0011698857,-0.0029789521,-0.71341807,0.6937256,0.3062744,0.061279297,0.46395447850227356
7233536,881.4576271934314,6.0,344.96375,500.0,211.41808,-1.0,0.2446289,1.0,0.55460644,0.13112366,-0.0056709684,0.0004063229,-0.00587413,-0.7122014,0.6939697,0.30603027,0.061401367,0.46393173933029175
7241728,883.1613233671743,6.0,345.0006,500.0,211.41068,-1.0,0.2442627,1.0,0.5546578,0.130926,-0.0025978875,0.00055879366,-0.0028772845,-0.7222969,0.69421387,0.30578613,0.061523438,0.46389007568359375
7249920,882.8198850783804,6.0,345.00146,500.0,211.47824,-1.0,0.24377441,1.0,0.5546526,0.13073742,-0.005242684,0.0009944589,-0.005739914,-0.7217354,0.6945801,0.30541992,0.061645508,0.46405673027038574
7258112,884.2504370716429,6.0,345.28577,500.0,211.39288,-1.0,0.2434082,1.0,0.554263,0.13056564,-0.0068096314,0.00044627904,-0.00703277,-0.7150294,0.69506836,0.30493164,0.061523438,0.46380671858787537
7266304,884.853068926098,6.0,345.24402,500.0,211.39362,-1.0,0.24316406,1.0,0.5543702,0.13026538,-0.006503739,0.0014159777,-0.0072117276,-0.714893,0.6951904,0.30480957,0.061645508,0.46392709016799927
7274496,879.9548640157184,6.0,345.19324,500.0,211.40453,-1.0,0.24377441,1.0,0.5542122,0.13054901,-0.0050693634,0.00087407243,-0.0055064,-0.71782565,0.6948242,0.30517578,0.061401367,0.464131623506546
7282688,880.572730505122,6.0,345.06567,500.0,211.48964,-1.0,0.24365234,1.0,0.55437595,0.13062273,-0.00711397,0.0008728881,-0.0075504137,-0.7221389,0.6948242,0.30517578,0.061523438,0.4643361568450928
7290880,880.3864989703807,6.0,345.18445,500.0,211.43857,-1.0,0.2434082,1.0,0.554263,0.13053195,-0.0045352476,0.0007137658,-0.0048921304,-0.7270627,0.69506836,0.30493164,0.061523438,0.4642861485481262
7299072,882.18558902409,6.0,345.10278,500.0,211.43895,-1.0,0.2434082,1.0,0.5544832,0.13048083,-0.002667638,0.0012905456,-0.003312911,-0.73661774,0.6949463,0.3050537,0.061645508,0.46422845125198364
7307264,880.9921413159077,6.0,345.13623,500.0,211.43497,-1.0,0.24279785,1.0,0.55464077,0.13014266,-0.003694268,0.0012854812,-0.004337008,-0.7378985,0.6953125,0.3046875,0.06188965,0.46457844972610474
7315456,879.8634462019455,6.0,344.93213,500.0,211.56244,-1.0,0.24304199,1.0,0.5547539,0.13062984,-0.0025448017,0.0011278008,-0.0031087021,-0.7310671,0.69506836,0.30493164,0.06188965,0.46432843804359436
7323648,876.8045601533593,6.0,344.90015,500.0,211.5844,-1.0,0.24255371,1.0,0.5549675,0.13027197,-0.0071609775,0.0010141318,-0.007668043,-0.73310274,0.6953125,0.3046875,0.06213379,0.46467843651771545
7331840,878.6232198666507,6.0,345.06958,500.0,211.53691,-1.0,0.24255371,1.0,0.55452746,0.1303542,-0.0035294436,0.0009265692,-0.003992728,-0.7317798,0.69555664,0.30444336,0.06188965,0.4646458327770233
7340032,880.1822403026989,6.0,345.20056,500.0,211.49376,-1.0,0.24304199,1.0,0.5540934,0.13077173,-0.006321855,0.00074570335,-0.006694707,-0.7283324,0.6954346,0.30456543,0.061523438,0.46439582109451294
7348224,882.3270615647881,6.0,344.9713,500.0,211.57698,-1.0,0.24377441,1.0,0.5542122,0.13117802,-0.008938411,0.001803882,-0.009840352,-0.73354757,0.6948242,0.30517578,0.061401367,0.4650079011917114
7356416,880.0793913472118,6.0,344.979,500.0,211.59927,-1.0,0.24365234,1.0,0.5541557,0.1313281,-0.0053947154,0.0012141069,-0.0060017686,-0.74148476,0.6949463,0.3050537,0.061401367,0.4651578962802887
7364608,879.2341098143617,6.0,345.09924,500.0,211.59631,-1.0,0.24304199,1.0,0.55409336,0.13113126,-0.005425604,0.0006863916,-0.005768799,-0.7456525,0.6954346,0.30456543,0.061523438,0.46536242961883545
7372800,881.3369821714637,6.0,345.5204,500.0,211.46854,-1.0,0.24304199,1.0,0.55321145,0.13127542,-0.0047561093,0.00052053906,-0.005016379,-0.7536107,0.69592285,0.30407715,0.061035156,0.4651124179363251
7380992,882.3465246683985,6.0,345.27502,500.0,211.5759,-1.0,0.24353027,1.0,0.553438,0.13169183,-0.0052597234,0.0013985373,-0.005958992,-0.75080043,0.6954346,0.30456543,0.061035156,0.4648624062538147
7389184,880.4996409169044,6.0,345.3529,500.0,211.54573,-1.0,0.24267578,1.0,0.5537029,0.13109985,-0.0068547833,0.0012428887,-0.007476228,-0.757607,0.69592285,0.30407715,0.061401367,0.4652124047279358
7397376,877.7603036521979,6.0,345.26794,500.0,211.58467,-1.0,0.24206543,1.0,0.55408025,0.13093409,-0.0019457648,0.0014771727,-0.002684351,-0.7658687,0.696167,0.303833,0.061767578,0.4656766951084137
7405568,880.7377287641392,6.0,345.3993,500.0,211.54323,-1.0,0.24182129,1.0,0.5539665,0.13073406,-0.0040622083,0.00043775022,-0.004281083,-0.7773412,0.69641113,0.30358887,0.061767578,0.4654266834259033
7413760,880.124387625613,6.0,344.85876,500.0,211.72804,-1.0,0.24157715,1.0,0.5551736,0.1304711,-0.0034829355,0.001484601,-0.0042252364,-0.7817228,0.69592285,0.30407715,0.0625,0.46624812483787537
7421952,885.0325323539037,6.0,344.83533,500.0,211.74486,-1.0,0.2409668,1.0,0.5553287,0.13028286,-0.0045604636,0.0009528726,-0.0050369008,-0.78756654,0.69628906,0.30371094,0.06274414,0.46641477942466736
7430144,881.5126247884776,6.0,344.81567,500.0,211.72737,-1.0,0.24133301,1.0,0.55527973,0.1303661,-0.006014614,0.0010061323,-0.0065176804,-0.79606456,0.6960449,0.30395508,0.06262207,0.46658143401145935
7438336,880.8662716120557,6.0,344.64294,500.0,211.78111,-1.0,0.24133301,1.0,0.5554995,0.13045695,-0.004857238,0.001071091,-0.0053927833,-0.808596,0.69592285,0.30407715,0.06274414,0.46670180559158325
7446528,881.915727741815,6.0,344.7246,500.0,211.79913,-1.0,0.24145508,1.0,0.5551166,0.13064733,-0.0043106996,0.00080288685,-0.004712143,-0.8208247,0.6960449,0.30395508,0.0625,0.46667906641960144
7454720,879.4887798927676,6.0,344.62195,500.0,211.82637,-1.0,0.24169922,1.0,0.55523026,0.13068436,-0.004723503,0.00067644106,-0.0050617238,-0.8183336,0.6958008,0.30419922,0.0625,0.4666290581226349
7462912,880.2784828812585,6.0,344.54822,500.0,211.88158,-1.0,0.24169922,1.0,0.55523026,0.13087878,-0.0071038846,0.0008006698,-0.00750422,-0.81961584,0.6958008,0.30419922,0.0625,0.4663790464401245
7471104,885.3967426531482,6.0,344.42358,500.0,211.89598,-1.0,0.24108887,1.0,0.5558251,0.13039443,-0.00461966,0.0010735159,-0.005156418,-0.832489,0.69592285,0.30407715,0.06298828,0.46696236729621887
7479296,880.2877745159002,6.0,344.35022,500.0,211.92049,-1.0,0.24157715,1.0,0.5558328,0.13073872,-0.005032066,0.0012360163,-0.005650074,-0.83061075,0.69555664,0.30444336,0.06286621,0.4667123556137085
7487488,879.6494311241283,6.0,344.5266,500.0,211.88248,-1.0,0.24084473,1.0,0.5557114,0.1303368,-0.0051608398,0.00080608006,-0.0055638803,-0.82772654,0.696167,0.303833,0.06298828,0.46667975187301636
7495680,879.4930121367632,6.0,344.42334,500.0,211.9021,-1.0,0.2409668,1.0,0.55598783,0.13039544,-0.0034687608,0.0014628146,-0.0042001684,-0.8244678,0.69592285,0.30407715,0.06311035,0.4670547544956207
7503872,882.9234890349242,6.0,344.60815,500.0,211.84087,-1.0,0.24047852,1.0,0.5557601,0.1301049,-0.004960466,0.00019384062,-0.005057386,-0.82121456,0.69641113,0.30358887,0.06311035,0.46680474281311035
7512064,879.3099372836881,6.0,344.71338,500.0,211.78288,-1.0,0.24108887,1.0,0.5553857,0.13052374,-0.002975039,0.00092836836,-0.0034392234,-0.8230703,0.696167,0.303833,0.06274414,0.4665547311306
7520256,887.1399021241766,6.0,345.12488,500.0,211.64183,-1.0,0.24084473,1.0,0.55483204,0.13036834,-0.0035216305,0.00046091885,-0.0037520896,-0.8299965,0.6966553,0.30334473,0.0625,0.4663047194480896
7528448,884.0923549049566,6.0,345.3728,500.0,211.5451,-1.0,0.2401123,1.0,0.5547094,0.12980801,-0.0028641932,0.00061780814,-0.003173097,-0.83135945,0.6972656,0.30273438,0.06262207,0.4662819802761078
7536640,887.524211901687,6.0,345.2301,500.0,211.61417,-1.0,0.23986816,1.0,0.555035,0.12978339,-0.0069027105,0.00090630667,-0.007355864,-0.83730155,0.6972656,0.30273438,0.06286621,0.4664486348628998
7544832,881.1550596726802,6.0,345.11963,500.0,211.6767,-1.0,0.23986816,1.0,0.5552549,0.1297079,-0.006396438,0.001046462,-0.006919669,-0.8373248,0.69714355,0.30285645,0.06298828,0.46665316820144653
7553024,882.3927728091729,6.0,345.07336,500.0,211.7506,-1.0,0.2397461,1.0,0.55519766,0.12985021,-0.0062532052,0.00064840575,-0.006577408,-0.83711004,0.6972656,0.30273438,0.06298828,0.4666304290294647
7561216,889.2821421779379,6.0,345.25647,500.0,211.67522,-1.0,0.23913574,1.0,0.55513114,0.12932666,-0.0047047543,0.00031468738,-0.004862098,-0.8393065,0.6977539,0.3022461,0.06311035,0.4668804407119751
7569408,884.0337368984932,6.0,345.4054,500.0,211.6389,-1.0,0.23828125,1.0,0.5551687,0.12878634,-0.005774251,0.00056270626,-0.006055604,-0.8399068,0.69836426,0.30163574,0.06335449,0.4670652151107788
7577600,885.7524389698775,6.0,345.49097,500.0,211.6538,-1.0,0.23791504,1.0,0.5549959,0.12871405,-0.003940021,0.0009751816,-0.004427612,-0.843511,0.69873047,0.30126953,0.06335449,0.46701520681381226
7585792,879.2502867437169,6.0,345.82397,500.0,211.48866,-1.0,0.23828125,1.0,0.5542885,0.12879205,-0.0038714912,0.0007087364,-0.0042258594,-0.85047865,0.69885254,0.30114746,0.06286621,0.4667651951313019
7593984,879.8232977702942,6.0,345.66357,500.0,211.53915,-1.0,0.23913574,1.0,0.55425084,0.12948596,-0.005825591,0.00090924534,-0.0062802136,-0.8497531,0.6982422,0.3017578,0.06262207,0.4665151834487915
7602176,879.317588259168,6.0,345.60718,500.0,211.52013,-1.0,0.23913574,1.0,0.5544711,0.12943432,-0.0049198014,0.00088477513,-0.005362189,-0.8498754,0.6981201,0.30187988,0.06274414,0.46646517515182495
7610368,890.626278029928,6.0,345.59314,500.0,211.4587,-1.0,0.23950195,1.0,0.554423,0.12947457,-0.004137073,0.0010729784,-0.0046735625,-0.8527226,0.697876,0.30212402,0.06262207,0.4662151634693146
7618560,881.4157277931504,6.0,345.27148,500.0,211.63737,-1.0,0.2397461,1.0,0.5547578,0.12993896,-0.0063701225,0.001128799,-0.0069345217,-0.85817355,0.69750977,0.30249023,0.06274414,0.46629849076271057
7626752,882.3753923659978,6.0,345.26306,500.0,211.61539,-1.0,0.24072266,1.0,0.5543347,0.1306515,-0.0035726056,0.00088122964,-0.0040132203,-0.8717498,0.6970215,0.30297852,0.06225586,0.4660484790802002
7634944,884.8895300752703,6.0,344.82654,500.0,211.73265,-1.0,0.24108887,1.0,0.5551659,0.13061577,-0.0044829915,0.0023846824,-0.0056753326,-0.88577265,0.69628906,0.30371094,0.06262207,0.4666959047317505
7643136,880.0101926240703,6.0,344.78333,500.0,211.72409,-1.0,0.24108887,1.0,0.5553857,0.13044494,-0.005543343,0.00081666606,-0.0059516765,-0.8919137,0.696167,0.303833,0.06274414,0.4671277105808258
7651328,878.8796942662229,6.0,345.01526,500.0,211.68283,-1.0,0.24145508,1.0,0.55467665,0.13071637,-0.0065967254,0.00040972256,-0.0068015866,-0.8980156,0.69628906,0.30371094,0.06225586,0.46687769889831543
7659520,879.3458530171428,6.0,344.88123,500.0,211.69777,-1.0,0.24279785,1.0,0.55442065,0.13143721,-0.0074035763,0.00079998723,-0.0078035695,-0.91004884,0.6954346,0.30456543,0.061767578,0.46683603525161743
7667712,881.6508953533231,6.0,345.00635,500.0,211.64175,-1.0,0.24255371,1.0,0.5543073,0.13120717,-0.0044333683,0.0007065359,-0.004786636,-0.92332983,0.6956787,0.3043213,0.061767578,0.46658602356910706
7675904,879.399597075283,6.0,345.3606,500.0,211.53697,-1.0,0.24157715,1.0,0.55385274,0.13071236,-0.006937933,0.0009151794,-0.007395523,-0.9246531,0.6966553,0.30334473,0.061767578,0.46677079796791077
7684096,883.3910186061922,6.0,345.16052,500.0,211.60373,-1.0,0.24255371,1.0,0.5538666,0.13149408,-0.005564452,0.0006501384,-0.0058895214,-0.9222789,0.69592285,0.30407715,0.061523438,0.4665207862854004
7692288,880.2617268612117,6.0,345.0454,500.0,211.66359,-1.0,0.24255371,1.0,0.554087,0.13159269,-0.0025309739,0.0006578934,-0.0028599207,-0.92835295,0.6958008,0.30419922,0.061645508,0.466746985912323
7700480,879.8165391354006,6.0,345.12903,500.0,211.651,-1.0,0.24206543,1.0,0.55408025,0.1314106,-0.004153113,0.0008427149,-0.0045744707,-0.94020027,0.696167,0.303833,0.061767578,0.4670969843864441
7708672,882.8959239704677,6.0,345.21692,500.0,211.60623,-1.0,0.24194336,1.0,0.5540233,0.13135938,-0.0014904006,0.0009497077,-0.001965254,-0.9486541,0.69628906,0.30371094,0.061767578,0.4670850932598114
7716864,882.3784514556287,6.0,345.39783,500.0,211.52869,-1.0,0.24206543,1.0,0.5536394,0.13141488,-0.0066560833,0.00051523646,-0.006913701,-0.94463515,0.69641113,0.30358887,0.061523438,0.466835081577301
7725056,879.8157956919015,6.0,345.35083,500.0,211.54109,-1.0,0.2421875,1.0,0.5536963,0.13166825,-0.007027252,0.0009383894,-0.0074964473,-0.9356196,0.69628906,0.30371094,0.061523438,0.4667850732803345
7733248,880.1766485973768,6.0,345.55188,500.0,211.45753,-1.0,0.24206543,1.0,0.5534189,0.13152605,-0.005947809,0.00024079256,-0.0060682055,-0.93988734,0.6965332,0.3034668,0.061401367,0.4665350615978241
7741440,886.3219101321553,6.0,345.35486,500.0,211.53387,-1.0,0.24230957,1.0,0.5535326,0.13182628,-0.004273521,0.0009139428,-0.0047304924,-0.95408773,0.69628906,0.30371094,0.061401367,0.4668619930744171
7749632,884.3825796102242,6.0,345.0901,500.0,211.58678,-1.0,0.24255371,1.0,0.554087,0.13175541,-0.0058250586,0.0011079133,-0.0063790153,-0.951275,0.6958008,0.30419922,0.061645508,0.4672119915485382
7757824,883.8457431519569,6.0,345.06287,500.0,211.61937,-1.0,0.24304199,1.0,0.55387306,0.13216238,-0.008649839,0.00085890177,-0.009079291,-0.9476212,0.69555664,0.30444336,0.061401367,0.4673619866371155
7766016,886.4016177004297,6.0,345.2638,500.0,211.56873,-1.0,0.24255371,1.0,0.5536462,0.13176441,-0.0010470629,0.0006620411,-0.0013780837,-0.9520701,0.6960449,0.30395508,0.061401367,0.46733924746513367
7774208,882.1563260692325,6.0,345.40454,500.0,211.5403,-1.0,0.24267578,1.0,0.5532618,0.13187388,-0.0047498182,0.00030941202,-0.0049045244,-0.9510739,0.696167,0.303833,0.061157227,0.4670892357826233
7782400,883.7742232887496,6.0,345.52283,500.0,211.4689,-1.0,0.24230957,1.0,0.55331206,0.13163024,-0.0037261546,0.0006943809,-0.004073345,-0.94832885,0.69641113,0.30358887,0.061279297,0.4670892357826233
7790592,885.7476211011953,6.0,345.79163,500.0,211.38177,-1.0,0.24194336,1.0,0.5529206,0.13166013,-0.0044638924,0.0004270908,-0.004677438,-0.9519632,0.6968994,0.3031006,0.061157227,0.4670664966106415
7798784,882.7307738244903,6.0,345.76086,500.0,211.41994,-1.0,0.24169922,1.0,0.55302733,0.13185588,-0.0069844313,0.0015569148,-0.0077628894,-0.9602143,0.6970215,0.30297852,0.061279297,0.4673522114753723
7806976,884.6617427330509,6.0,345.93372,500.0,211.35301,-1.0,0.24169922,1.0,0.55280656,0.1317814,-0.0056537176,0.000555645,-0.0059315404,-0.9692625,0.69714355,0.30285645,0.061157227,0.46710219979286194
7815168,880.741882732888,6.0,346.16992,500.0,211.26266,-1.0,0.24157715,1.0,0.5523077,0.13141811,-0.005001348,0.00066350435,-0.0053330995,-0.9700497,0.69750977,0.30249023,0.060913086,0.4670695960521698
7823360,880.3154476092259,6.0,346.11853,500.0,211.23186,-1.0,0.24255371,1.0,0.55210066,0.13176863,-0.0051522814,0.0007830334,-0.0055437977,-0.9677359,0.6968994,0.3031006,0.060546875,0.4668195843696594
7831552,880.6749499099493,6.0,346.26733,500.0,211.1958,-1.0,0.24304199,1.0,0.5516647,0.13205563,-0.0046058767,0.0006297118,-0.004920733,-0.9756596,0.69677734,0.30322266,0.060180664,0.46656957268714905
7839744,878.4781484566765,6.0,346.36584,500.0,211.16835,-1.0,0.24255371,1.0,0.5516583,0.13165559,-0.005339954,0.0005431815,-0.0056115445,-0.9870944,0.69714355,0.30285645,0.060302734,0.46673622727394104
7847936,885.5554286146684,6.0,346.3888,500.0,211.17758,-1.0,0.2421875,1.0,0.5517086,0.13140725,-0.0059865676,0.0012660639,-0.0066195987,-0.99921715,0.6973877,0.3026123,0.060424805,0.467138409614563
7856128,884.6276917918206,6.0,346.62097,500.0,211.08202,-1.0,0.24169922,1.0,0.55148005,0.13098139,-0.0077911015,0.00036981233,-0.007976008,-0.9956498,0.697876,0.30212402,0.060424805,0.4668883979320526
7864320,883.636785791465,6.0,346.43835,500.0,211.13547,-1.0,0.24157715,1.0,0.5518655,0.13111609,-0.0033578842,0.0013524392,-0.004034104,-0.98672795,0.6977539,0.3022461,0.060668945,0.4671071469783783
7872512,886.0735047408646,6.0,346.4712,500.0,211.1861,-1.0,0.24169922,1.0,0.55148005,0.13116452,-0.008408424,0.0009362153,-0.008876532,-0.9883489,0.697876,0.30212402,0.060424805,0.46769046783447266
7880704,880.7155147267725,6.0,346.36633,500.0,211.20325,-1.0,0.24145508,1.0,0.55180824,0.13123591,-0.0056930864,0.0015194297,-0.0064528016,-0.98779476,0.697876,0.30212402,0.060668945,0.468107134103775
7888896,879.4608886226483,6.0,346.15796,500.0,211.26317,-1.0,0.24194336,1.0,0.55203676,0.13149606,-0.0059428057,0.0007463353,-0.006315973,-0.99722296,0.6973877,0.3026123,0.060668945,0.46785712242126465
7897088,881.8646859704962,6.0,346.19324,500.0,211.1859,-1.0,0.24304199,1.0,0.5516647,0.13207865,-0.005836471,0.0005815265,-0.0061272345,-1.0120189,0.69677734,0.30322266,0.060180664,0.4676071107387543
7905280,881.7670100785248,6.0,345.7129,500.0,211.3314,-1.0,0.2434082,1.0,0.5524983,0.1324428,-0.008560149,0.0011048686,-0.009112584,-1.0201309,0.6960449,0.30395508,0.060546875,0.46809786558151245
7913472,879.023751448667,6.0,345.75208,500.0,211.32861,-1.0,0.24353027,1.0,0.5523341,0.13262518,-0.0053510857,0.0007090502,-0.005705611,-1.023473,0.6960449,0.30395508,0.060424805,0.4678478538990021
7921664,881.2300209963115,6.0,345.83386,500.0,211.29266,-1.0,0.24377441,1.0,0.5522263,0.13251355,-0.0024089091,0.00093783776,-0.0028778282,-1.0260009,0.69592285,0.30407715,0.060302734,0.4675978422164917
7929856,879.5764947212081,6.0,345.64697,500.0,211.33905,-1.0,0.24438477,1.0,0.55250907,0.13279124,-0.0053984374,0.0015694539,-0.0061831647,-1.0293233,0.6953125,0.3046875,0.060302734,0.468037486076355
7938048,881.4136476245067,6.0,345.98877,500.0,211.21117,-1.0,0.24414062,1.0,0.551954,0.13263816,-0.004023225,0.00031227592,-0.0041793627,-1.0325145,0.6958008,0.30419922,0.060058594,0.4677874743938446
7946240,877.5688045105337,6.0,346.15442,500.0,211.13683,-1.0,0.2442627,1.0,0.55156803,0.13253003,-0.0061815702,0.0010110404,-0.0066870907,-1.0337243,0.69592285,0.30407715,0.059814453,0.46775487065315247
7954432,879.6010156755515,6.0,346.1499,500.0,211.14287,-1.0,0.2442627,1.0,0.55156803,0.13253915,-0.00621692,0.000799492,-0.006616666,-1.0333482,0.69592285,0.30407715,0.059814453,0.4681570529937744
7962624,878.5436245871664,6.0,345.9381,500.0,211.22087,-1.0,0.24377441,1.0,0.5522263,0.13232735,-0.005706435,0.0010846064,-0.0062487377,-1.034897,0.69592285,0.30407715,0.060302734,0.46870705485343933
7970816,883.0692835323698,6.0,345.81702,500.0,211.25279,-1.0,0.24377441,1.0,0.5524473,0.1321068,-0.0053947964,0.0005597857,-0.0056746895,-1.0342377,0.6958008,0.30419922,0.060424805,0.46898338198661804
7979008,883.8363989905565,6.0,346.03113,500.0,211.16797,-1.0,0.24328613,1.0,0.5522206,0.13166201,-0.003684429,0.0007933616,-0.0040811095,-1.0262749,0.69628906,0.30371094,0.060424805,0.4689333736896515
7987200,883.7662672489417,6.0,346.0476,500.0,211.14827,-1.0,0.24328613,1.0,0.5522206,0.13152257,-0.0042564534,0.00047735652,-0.0044951313,-1.0264945,0.69628906,0.30371094,0.060424805,0.4689333736896515
7995392,882.1888733004095,6.0,345.7782,500.0,211.2778,-1.0,0.24328613,1.0,0.55266255,0.1318086,-0.0048327465,0.0013485419,-0.0055070175,-1.0307021,0.6960449,0.30395508,0.060668945,0.46920061111450195
8003584,883.8318292901321,6.0,345.7024,500.0,211.27028,-1.0,0.24353027,1.0,0.5527759,0.13177142,-0.006889648,0.000716868,-0.0072480817,-1.0365511,0.6958008,0.30419922,0.060668945,0.4689505994319916
8011776,879.7995528914759,6.0,345.5204,500.0,211.31833,-1.0,0.24389648,1.0,0.5529456,0.13198817,-0.0048746266,0.0008681561,-0.0053087045,-1.0438455,0.6954346,0.30456543,0.060668945,0.4687005877494812
8019968,879.8640320086524,6.0,345.2129,500.0,211.43968,-1.0,0.24328613,1.0,0.55376583,0.13166979,-0.0035627163,0.0012540468,-0.00418974,-1.0485454,0.6954346,0.30456543,0.061279297,0.4694121181964874
8028160,885.4902952256401,6.0,344.96216,500.0,211.47705,-1.0,0.24255371,1.0,0.5547475,0.13113204,-0.004158995,0.0018524134,-0.0050852024,-1.0493133,0.6954346,0.30456543,0.06201172,0.4702335596084595
8036352,878.1265637403856,6.0,344.83496,500.0,211.51314,-1.0,0.24194336,1.0,0.5553438,0.13072813,-0.0061016358,0.00079749955,-0.0065003857,-1.0493255,0.69555664,0.30444336,0.0625,0.47081688046455383
8044544,876.7371729644653,6.0,344.68982,500.0,211.55809,-1.0,0.24182129,1.0,0.5557266,0.13073331,-0.0078733545,0.00057237496,-0.008159542,-1.0440192,0.6954346,0.30456543,0.06274414,0.4710214138031006
8052736,883.277177830808,6.0,344.5691,500.0,211.58209,-1.0,0.24169922,1.0,0.556109,0.13051568,-0.0036546465,0.0009573947,-0.0041333437,-1.0445874,0.6953125,0.3046875,0.06298828,0.47160473465919495
8060928,886.0804055494019,6.0,344.93054,500.0,211.4612,-1.0,0.24169922,1.0,0.55523026,0.1305756,-0.0035006008,0.0006011698,-0.0038011856,-1.0504752,0.6958008,0.30419922,0.0625,0.4715721309185028
8069120,882.3260646419698,6.0,345.03455,500.0,211.43544,-1.0,0.2421875,1.0,0.55479753,0.1309365,-0.0056009674,0.00062744383,-0.005914689,-1.0540633,0.6956787,0.3043213,0.06213379,0.471549391746521
8077312,880.3647312237027,6.0,345.05945,500.0,211.46361,-1.0,0.2421875,1.0,0.55457747,0.1311265,-0.0030189292,0.00077008025,-0.0034039696,-1.0561836,0.6958008,0.30419922,0.06201172,0.4712993800640106
8085504,879.5284475224306,6.0,345.36804,500.0,211.3094,-1.0,0.24182129,1.0,0.5541868,0.13069503,-0.0056626736,0.0010268079,-0.0061760778,-1.059769,0.69628906,0.30371094,0.06188965,0.4712667763233185
8093696,883.2353550185887,6.0,345.32983,500.0,211.30995,-1.0,0.24206543,1.0,0.5543005,0.13073395,-0.0027677575,0.0010334769,-0.003284496,-1.0631104,0.6960449,0.30395508,0.06188965,0.47123417258262634
8101888,885.1476469718871,6.0,345.1316,500.0,211.37332,-1.0,0.24304199,1.0,0.55431366,0.13141757,-0.0037582582,0.0011897539,-0.0043531354,-1.0759535,0.6953125,0.3046875,0.061645508,0.47116273641586304
8110080,883.9751948908726,6.0,345.56677,500.0,211.194,-1.0,0.2421875,1.0,0.5539167,0.13072142,-0.0047956817,0.0003639876,-0.0049776756,-1.0832069,0.696167,0.303833,0.061645508,0.47091272473335266
8118272,883.3993767153434,6.0,345.32568,500.0,211.26753,-1.0,0.24255371,1.0,0.5543073,0.13108513,-0.0073199742,0.0007807228,-0.007710336,-1.0841485,0.6956787,0.3043213,0.061767578,0.47087106108665466
8126464,877.8661549999981,6.0,345.17322,500.0,211.33699,-1.0,0.24255371,1.0,0.55452746,0.13111903,-0.00679676,0.00083880016,-0.00721616,-1.0875664,0.69555664,0.30444336,0.06188965,0.47103771567344666
8134656,880.9300037583386,6.0,345.15015,500.0,211.32353,-1.0,0.24267578,1.0,0.5545841,0.13109463,-0.0027029496,0.0006322141,-0.0030190563,-1.0946366,0.6954346,0.30456543,0.06188965,0.47102582454681396
8142848,879.4396168091675,6.0,344.8429,500.0,211.4452,-1.0,0.24304199,1.0,0.5549739,0.13127282,-0.0055362824,0.0008707782,-0.0059716715,-1.1009364,0.6949463,0.3050537,0.06201172,0.4711604416370392
8151040,881.7155782520066,6.0,344.8888,500.0,211.43796,-1.0,0.24316406,1.0,0.5548104,0.13149092,-0.0032552644,0.0005494767,-0.0035300027,-1.1004112,0.6949463,0.3050537,0.06188965,0.4711377024650574
8159232,890.5262131989379,6.0,344.66833,500.0,211.51823,-1.0,0.24389648,1.0,0.5549289,0.13209349,-0.005003952,0.00071386463,-0.005360885,-1.1098772,0.69433594,0.30566406,0.061767578,0.470887690782547
8167424,894.4543943621662,6.0,344.68213,500.0,211.50212,-1.0,0.24389648,1.0,0.5549289,0.13203974,-0.0070444588,0.0006066155,-0.0073477654,-1.1271757,0.69433594,0.30566406,0.061767578,0.4706376791000366
8175616,889.2309345921931,6.0,344.5288,500.0,211.54382,-1.0,0.24353027,1.0,0.55541956,0.13154724,-0.008902941,0.0016059352,-0.009705909,-1.1270599,0.69433594,0.30566406,0.06213379,0.471220999956131
8183808,885.1743722549821,6.0,344.29602,500.0,211.58258,-1.0,0.24304199,1.0,0.55629206,0.13117626,-0.008070144,0.0018277811,-0.008984035,-1.129528,0.69421387,0.30578613,0.06274414,0.47177743911743164
8192000,884.9513841713443,6.0,344.0962,500.0,211.66351,-1.0,0.24316406,1.0,0.5567871,0.1311872,-0.0049208794,0.001350261,-0.00559601,-1.1411813,0.69384766,0.30615234,0.06298828,0.472152441740036
8200192,882.5177644781533,6.0,344.10657,500.0,211.68962,-1.0,0.24353027,1.0,0.55651736,0.13163346,-0.0042647272,0.000767432,-0.004648443,-1.1411256,0.6937256,0.3062744,0.06274414,0.4723786413669586
8208384,883.6458757559235,6.0,344.01807,500.0,211.743,-1.0,0.24365234,1.0,0.5565735,0.1318638,-0.0041236556,0.0004926458,-0.004369979,-1.1385474,0.6936035,0.30639648,0.06274414,0.472753643989563
8216576,885.0800200602492,6.0,343.9165,500.0,211.76733,-1.0,0.24389648,1.0,0.5566859,0.13191518,-0.0070420434,0.00057220313,-0.0073281443,-1.1389487,0.6933594,0.30664062,0.06274414,0.47272104024887085
8224768,883.6244691880039,6.0,343.60718,500.0,211.82892,-1.0,0.24438477,1.0,0.55712944,0.13205771,-0.005521896,0.0015527592,-0.006298275,-1.1445115,0.692749,0.30725098,0.06286621,0.4729548990726471
8232960,881.6152208793937,6.0,343.81848,500.0,211.77643,-1.0,0.24365234,1.0,0.557012,0.13160351,-0.0045616515,0.00079635094,-0.0049598273,-1.1458595,0.6933594,0.30664062,0.06298828,0.4729132354259491
8241152,880.1506075185927,6.0,344.00916,500.0,211.68791,-1.0,0.24328613,1.0,0.55684334,0.13122684,-0.0052976366,0.00031369252,-0.005454482,-1.148962,0.6937256,0.3062744,0.06298828,0.4726632237434387
8249344,879.3765277364021,6.0,343.9983,500.0,211.68178,-1.0,0.24304199,1.0,0.55695,0.13097738,-0.006344108,0.00077051506,-0.0067293653,-1.1520464,0.69384766,0.30615234,0.06311035,0.4726215600967407
8257536,879.7180550780921,6.0,343.80408,500.0,211.77737,-1.0,0.24267578,1.0,0.5574382,0.13076262,-0.003498313,0.001361966,-0.004179296,-1.1543448,0.69384766,0.30615234,0.06347656,0.4734826683998108
8265728,885.6543565788097,6.0,343.99536,500.0,211.67802,-1.0,0.24243164,1.0,0.5573254,0.1303958,-0.0049700607,0.00046518404,-0.005202653,-1.1566657,0.6940918,0.3059082,0.06347656,0.4732326567173004
8273920,883.1303613405764,6.0,344.1145,500.0,211.61014,-1.0,0.24255371,1.0,0.5571628,0.13061322,-0.005096658,0.0010579817,-0.00562565,-1.159965,0.6940918,0.3059082,0.06335449,0.4733993113040924
8282112,877.4728621830016,6.0,343.91833,500.0,211.66228,-1.0,0.24328613,1.0,0.5572816,0.13102207,-0.0053701513,0.0005553651,-0.0056478344,-1.1614418,0.69348145,0.30651855,0.06323242,0.47314929962158203
8290304,879.8208421209395,6.0,343.9618,500.0,211.62485,-1.0,0.24316406,1.0,0.5572254,0.13086767,-0.0049425466,0.00065962254,-0.005272358,-1.160171,0.6936035,0.30639648,0.06323242,0.47289928793907166
8298496,885.622032505669,6.0,344.03955,500.0,211.58531,-1.0,0.24304199,1.0,0.55716914,0.13092314,-0.0027839933,0.00048854045,-0.0030282636,-1.1587201,0.6937256,0.3062744,0.06323242,0.47288739681243896
8306688,880.4627960892599,6.0,343.81665,500.0,211.64311,-1.0,0.24328613,1.0,0.55750066,0.13101476,-0.0049172193,0.00076519785,-0.0052998187,-1.1602886,0.6933594,0.30664062,0.06335449,0.47323739528656006
8314880,877.067675169438,6.0,343.95984,500.0,211.6111,-1.0,0.24291992,1.0,0.5573318,0.13084993,-0.0046179993,0.00017231554,-0.004704157,-1.1640403,0.6937256,0.3062744,0.06335449,0.4729873836040497
8323072,884.0354882745796,6.0,343.8169,500.0,211.65862,-1.0,0.24316406,1.0,0.55744445,0.13105418,-0.0044182334,0.0008322536,-0.0048343595,-1.173064,0.69348145,0.30651855,0.06335449,0.4727373719215393
8331264,882.3127876574081,6.0,344.35864,500.0,211.4586,-1.0,0.24230957,1.0,0.55683076,0.13048503,-0.0033443018,0.0006210751,-0.0036548395,-1.1744401,0.694458,0.305542,0.06323242,0.47275054454803467
8339456,890.030998440802,6.0,344.4596,500.0,211.45978,-1.0,0.2421875,1.0,0.556555,0.13059495,-0.0068412432,0.00047921282,-0.0070808483,-1.1685736,0.69470215,0.30529785,0.06311035,0.4725005328655243
8347648,878.4454926557205,6.0,344.48022,500.0,211.5022,-1.0,0.24108887,1.0,0.5567029,0.1299968,-0.0029921732,0.0010039427,-0.0034941449,-1.1639531,0.6954346,0.30456543,0.06347656,0.47308385372161865
8355840,880.0089079298268,6.0,344.41553,500.0,211.53423,-1.0,0.24072266,1.0,0.5569709,0.12966658,-0.006784047,0.000698335,-0.0071332147,-1.1632987,0.69555664,0.30444336,0.0637207,0.47351565957069397
8364032,884.0887379694123,6.0,344.4386,500.0,211.54073,-1.0,0.24047852,1.0,0.5570764,0.12956116,-0.0063549047,0.0007462655,-0.0067280373,-1.164896,0.6956787,0.3043213,0.06384277,0.4737201929092407
8372224,880.1204649212843,6.0,344.2489,500.0,211.58766,-1.0,0.24108887,1.0,0.5571413,0.13003066,-0.0036773023,0.00091118587,-0.004132895,-1.1677642,0.6951904,0.30480957,0.0637207,0.4736785292625427
8380416,894.4100163439317,6.0,344.37573,500.0,211.55116,-1.0,0.2409668,1.0,0.55686533,0.12986204,-0.007127011,0.0010109493,-0.0076324856,-1.1632519,0.6954346,0.30456543,0.06359863,0.4738451838493347
8388608,897.015220944807,6.0,344.5282,500.0,211.47353,-1.0,0.24108887,1.0,0.5567029,0.12974347,-0.0069907485,0.0008067152,-0.007394106,-1.1644173,0.6954346,0.30456543,0.06347656,0.4738224446773529
8396800,882.0320480929839,6.0,344.15686,500.0,211.59735,-1.0,0.24121094,1.0,0.55741704,0.129684,-0.0043062726,0.0016271035,-0.0051198243,-1.167931,0.6949463,0.3050537,0.06384277,0.4742620885372162
8404992,885.0674808044377,6.0,344.1964,500.0,211.59912,-1.0,0.24072266,1.0,0.5574091,0.12946585,-0.0024037594,0.00068120804,-0.0027443636,-1.1663591,0.6953125,0.3046875,0.063964844,0.47427526116371155
8413184,879.7124242224771,6.0,344.34924,500.0,211.58328,-1.0,0.24047852,1.0,0.5570764,0.12938422,-0.0011263593,0.00037855507,-0.0013156367,-1.162807,0.6956787,0.3043213,0.06384277,0.47402524948120117
8421376,879.7180325545261,6.0,344.21997,500.0,211.60913,-1.0,0.24084473,1.0,0.5572469,0.1295608,-0.003147602,0.0012923199,-0.003793762,-1.173291,0.6953125,0.3046875,0.06384277,0.473936527967453
8429568,881.3982275500763,6.0,344.1725,500.0,211.60228,-1.0,0.24108887,1.0,0.55736035,0.12960565,-0.0056234,0.00091477996,-0.0060807904,-1.1910316,0.69506836,0.30493164,0.06384277,0.4740865230560303
8437760,881.1866743043599,6.0,344.15076,500.0,211.58047,-1.0,0.24121094,1.0,0.55741704,0.12950298,-0.0030178337,0.0008180276,-0.003426848,-1.188745,0.6949463,0.3050537,0.06384277,0.47405391931533813
8445952,880.0178557904578,6.0,344.13733,500.0,211.56686,-1.0,0.24108887,1.0,0.55757934,0.12924439,-0.0054836394,0.00088142604,-0.005924352,-1.1965566,0.6949463,0.3050537,0.063964844,0.4740311801433563
8454144,881.4415724462755,6.0,344.30396,500.0,211.47488,-1.0,0.24023438,1.0,0.5578386,0.12839276,-0.003376455,0.0013184265,-0.0040356684,-1.2084596,0.6954346,0.30456543,0.064331055,0.4746902585029602
8462336,880.8746949281586,6.0,344.42566,500.0,211.42175,-1.0,0.2397461,1.0,0.5578298,0.12795258,-0.0043365173,0.0005996508,-0.004636342,-1.2138784,0.6958008,0.30419922,0.064453125,0.4746675193309784
8470528,882.6310921499821,6.0,344.28333,500.0,211.46216,-1.0,0.23986816,1.0,0.5581055,0.12807742,-0.0056451126,0.001311935,-0.00630108,-1.2277423,0.69555664,0.30444336,0.064575195,0.4748341739177704
8478720,880.5562340793592,6.0,344.17493,500.0,211.48123,-1.0,0.23999023,1.0,0.558381,0.12806043,-0.0043279664,0.0010262912,-0.004841112,-1.2404939,0.6953125,0.3046875,0.064697266,0.4750008285045624
8486912,878.0439170961794,6.0,343.89062,500.0,211.58899,-1.0,0.24084473,1.0,0.5585597,0.12863229,-0.00583857,0.0007250853,-0.0062011126,-1.250229,0.6945801,0.30541992,0.064575195,0.474750816822052
8495104,884.112282703179,6.0,344.05713,500.0,211.53326,-1.0,0.24023438,1.0,0.55849475,0.12832391,-0.007994673,0.00027539578,-0.008132371,-1.2574712,0.69506836,0.30493164,0.064697266,0.4747949242591858
8503296,881.5693256284545,6.0,344.03552,500.0,211.5294,-1.0,0.24035645,1.0,0.5585515,0.12831374,-0.0039907983,0.0010264154,-0.0045040064,-1.2543389,0.6949463,0.3050537,0.064697266,0.4745449125766754
8511488,881.7376843775396,6.0,344.1454,500.0,211.52463,-1.0,0.23986816,1.0,0.55854285,0.1281604,-0.005005626,0.0005364216,-0.0052738376,-1.2551211,0.6953125,0.3046875,0.064819336,0.4745221734046936
8519680,882.5527412885075,6.0,344.37354,500.0,211.42494,-1.0,0.23999023,1.0,0.5581624,0.12824088,-0.0034077177,0.0006945575,-0.0037549962,-1.2609371,0.6954346,0.30456543,0.064575195,0.4745102822780609
8527872,880.6664175527073,6.0,344.48254,500.0,211.3729,-1.0,0.23950195,1.0,0.5581534,0.12779923,-0.0038394523,0.0007549615,-0.004216933,-1.2685312,0.6958008,0.30419922,0.064697266,0.4744983911514282
8536064,886.473517717789,6.0,344.58643,500.0,211.38158,-1.0,0.2401123,1.0,0.5575628,0.12854615,-0.0037021462,0.00045017304,-0.0039272327,-1.2695899,0.6956787,0.3043213,0.064208984,0.47424837946891785
8544256,881.3240062072769,6.0,344.72888,500.0,211.32118,-1.0,0.23962402,1.0,0.55755407,0.12811232,-0.0071229544,0.0006579099,-0.00745191,-1.2679007,0.6960449,0.30395508,0.064331055,0.4742615520954132
8552448,881.6884053011842,6.0,344.78577,500.0,211.24081,-1.0,0.23999023,1.0,0.5575059,0.1280575,-0.004182758,0.000949037,-0.0046572755,-1.2733413,0.6958008,0.30419922,0.064208984,0.47401154041290283
8560640,882.1733354917134,6.0,344.30103,500.0,211.4069,-1.0,0.24157715,1.0,0.55780584,0.12915616,-0.0043494855,0.0011287966,-0.0049138837,-1.2812959,0.694458,0.305542,0.063964844,0.47392281889915466
8568832,895.6967145745538,6.0,344.10107,500.0,211.46811,-1.0,0.24182129,1.0,0.5581376,0.12928332,-0.008289353,0.0011278815,-0.008853294,-1.2857208,0.6940918,0.3059082,0.064086914,0.4740574359893799
8577024,880.9115742381448,6.0,344.32764,500.0,211.40062,-1.0,0.24145508,1.0,0.5577492,0.12912995,-0.0029064137,0.00045854851,-0.0031356884,-1.2832224,0.6945801,0.30541992,0.063964844,0.4738074243068695
8585216,882.9827086975462,6.0,344.34412,500.0,211.42114,-1.0,0.24072266,1.0,0.5580657,0.12858087,-7.779623e-05,0.00085566076,-0.0005056263,-1.2797565,0.6949463,0.3050537,0.064331055,0.4741824269294739
8593408,889.3572035932478,6.0,344.24023,500.0,211.4495,-1.0,0.24121094,1.0,0.55807364,0.12892547,-0.0027859234,0.00041611854,-0.002993983,-1.2774233,0.6945801,0.30541992,0.064208984,0.4739324152469635
8601600,881.9337239213793,6.0,344.35388,500.0,211.37271,-1.0,0.24035645,1.0,0.55833286,0.12851885,-0.005532812,0.0012291018,-0.0061473628,-1.2730746,0.69506836,0.30493164,0.064575195,0.4745914936065674
8609792,883.9683268340842,6.0,344.56018,500.0,211.31555,-1.0,0.23986816,1.0,0.5581055,0.1282669,-0.0064362152,0.0005705213,-0.006721476,-1.2717453,0.69555664,0.30444336,0.064575195,0.47460466623306274
8617984,884.2991836487204,6.0,344.73706,500.0,211.24176,-1.0,0.23962402,1.0,0.55777293,0.12806734,-0.0048798984,0.0007517955,-0.0052557955,-1.2698015,0.69592285,0.30407715,0.064453125,0.47435465455055237
8626176,880.3856192167403,6.0,344.609,500.0,211.30272,-1.0,0.23962402,1.0,0.55799174,0.12833601,-0.005342772,0.00086102076,-0.0057732826,-1.2615442,0.6958008,0.30419922,0.064575195,0.4745394289493561
8634368,880.739128466623,6.0,344.50537,500.0,211.33185,-1.0,0.23986816,1.0,0.5581055,0.12846512,-0.003423687,0.00023307587,-0.0035402246,-1.2573678,0.69555664,0.30444336,0.064575195,0.4742894172668457
8642560,892.5343883052376,6.0,344.4381,500.0,211.35146,-1.0,0.23986816,1.0,0.5583242,0.12838975,-0.006224356,0.000918766,-0.0066837394,-1.2552656,0.6954346,0.30456543,0.064697266,0.4742477536201477
8650752,886.9885473830773,6.0,344.50073,500.0,211.29012,-1.0,0.2401123,1.0,0.55821925,0.12841707,-0.006646125,0.00094038266,-0.0071163164,-1.2686225,0.6953125,0.3046875,0.064575195,0.47421514987945557
8658944,879.3988768434725,6.0,344.4674,500.0,211.28287,-1.0,0.24047852,1.0,0.5581709,0.12857042,2.4905312e-05,0.0003944493,-0.00017231982,-1.2808074,0.69506836,0.30493164,0.064453125,0.4739651381969452
8667136,878.9920669594445,6.0,344.59277,500.0,211.20322,-1.0,0.24060059,1.0,0.55800897,0.12849915,-0.007414543,0.00079561037,-0.007812349,-1.2824566,0.69506836,0.30493164,0.064331055,0.4739651381969452
8675328,887.367615494383,6.0,344.3175,500.0,211.24455,-1.0,0.24084473,1.0,0.5587782,0.1285386,-0.0057629934,0.0015722744,-0.00654913,-1.2925013,0.694458,0.305542,0.064697266,0.4744843542575836
8683520,878.865666559715,6.0,344.45837,500.0,211.18626,-1.0,0.24133301,1.0,0.55834895,0.12878664,-0.0058180448,0.00096282584,-0.0062994575,-1.3022591,0.69433594,0.30566406,0.064331055,0.4744195342063904
8691712,880.5863839651892,6.0,344.0951,500.0,211.30392,-1.0,0.2409668,1.0,0.55927145,0.12844191,-0.0041438593,0.0016506608,-0.00496919,-1.311496,0.6940918,0.3059082,0.064941406,0.47503161430358887
8699904,880.9151426389634,6.0,344.10938,500.0,211.2866,-1.0,0.24047852,1.0,0.55948156,0.1280506,-0.003752362,0.0007442919,-0.004124508,-1.3232791,0.69433594,0.30566406,0.06518555,0.4752578139305115
8708096,883.7166020673313,6.0,343.92737,500.0,211.29907,-1.0,0.24072266,1.0,0.5600309,0.1277959,-0.004170085,0.00097509264,-0.0046576313,-1.3289645,0.69384766,0.30615234,0.06542969,0.4754425883293152
8716288,886.4220613659496,6.0,343.8435,500.0,211.31038,-1.0,0.24121094,1.0,0.5600388,0.12806569,-0.006604364,0.0011245823,-0.0071666553,-1.3325307,0.69348145,0.30651855,0.06530762,0.4751925766468048
8724480,882.0268177726676,6.0,343.6615,500.0,211.3893,-1.0,0.24133301,1.0,0.5603131,0.12818718,-0.005835372,0.00085965963,-0.0062652016,-1.3497591,0.6932373,0.3067627,0.06542969,0.47514256834983826
8732672,887.3270543017303,6.0,343.92554,500.0,211.30081,-1.0,0.2409668,1.0,0.55992585,0.12799244,-0.0046069925,0.0002940182,-0.0047540017,-1.3662816,0.6937256,0.3062744,0.06530762,0.4748925566673279
8740864,885.3791524141054,6.0,344.19714,500.0,211.22382,-1.0,0.24060059,1.0,0.55953825,0.12786439,-0.0063176323,0.0006767672,-0.0066560158,-1.3651032,0.69421387,0.30578613,0.06518555,0.47485995292663574
8749056,882.1860193761464,6.0,344.31348,500.0,211.20914,-1.0,0.24047852,1.0,0.55926335,0.12796316,-0.0033318792,0.00053952204,-0.0036016402,-1.3586614,0.694458,0.305542,0.06506348,0.47460994124412537
8757248,880.552781417304,6.0,344.33325,500.0,211.23131,-1.0,0.24035645,1.0,0.5592067,0.12802891,-0.00092782185,0.0003038002,-0.0010797222,-1.3590829,0.6945801,0.30541992,0.06506348,0.474359929561615
8765440,880.3399646718624,6.0,344.60754,500.0,211.13881,-1.0,0.23962402,1.0,0.55908453,0.12742147,-0.00094084145,0.0003819564,-0.0011318197,-1.356473,0.6951904,0.30480957,0.06518555,0.47437310218811035
8773632,878.9330216218146,6.0,344.68433,500.0,211.10696,-1.0,0.23937988,1.0,0.5589707,0.12725228,-0.007884267,0.00033184842,-0.008050191,-1.3552084,0.6954346,0.30456543,0.06518555,0.4741230905056
8781824,878.4064391465885,6.0,344.6129,500.0,211.12204,-1.0,0.23962402,1.0,0.55908453,0.12737444,-0.00587841,0.0011892885,-0.0064730532,-1.3572246,0.6951904,0.30480957,0.06518555,0.47449809312820435
8790016,884.1164458155615,6.0,344.55164,500.0,211.12515,-1.0,0.23864746,1.0,0.55972016,0.12674117,-0.005570971,0.0015538413,-0.006347892,-1.3594209,0.69555664,0.30444336,0.0657959,0.47520962357521057
8798208,884.8555527465098,6.0,344.61646,500.0,211.14305,-1.0,0.23791504,1.0,0.55981386,0.1263491,-0.004304408,0.00087627314,-0.004742545,-1.3686382,0.6960449,0.30395508,0.06604004,0.4753943979740143
8806400,887.562521338408,6.0,344.6814,500.0,211.13414,-1.0,0.23742676,1.0,0.5598031,0.126204,-0.003198323,0.00071870413,-0.0035576753,-1.3818464,0.69641113,0.30358887,0.06616211,0.4756205976009369
8814592,878.4967682910569,6.0,344.73523,500.0,211.12335,-1.0,0.2368164,1.0,0.55995256,0.1257448,-0.0024095513,0.0008350564,-0.00282708,-1.3868558,0.69677734,0.30322266,0.06640625,0.47582513093948364
8822784,887.6091803254295,6.0,345.02747,500.0,211.01524,-1.0,0.23669434,1.0,0.559459,0.12568507,-0.0032861056,0.0005335443,-0.0035528778,-1.3952749,0.69714355,0.30285645,0.06616211,0.47557511925697327
8830976,880.8856929050654,6.0,345.4098,500.0,210.87749,-1.0,0.23608398,1.0,0.5589529,0.1252937,-0.0024433378,0.000112973394,-0.0024998249,-1.3972385,0.697876,0.30212402,0.06604004,0.4753251075744629
8839168,885.8243250552472,6.0,345.34082,500.0,210.91586,-1.0,0.23596191,1.0,0.5591137,0.12523493,-0.0023110223,0.00062520744,-0.002623626,-1.3943152,0.697876,0.30212402,0.06616211,0.4753132164478302
8847360,879.1069875209864,6.0,345.4215,500.0,210.90564,-1.0,0.2355957,1.0,0.5591589,0.12499485,-0.004487179,0.00056965614,-0.0047720075,-1.3882959,0.6981201,0.30187988,0.06628418,0.4753013253211975
8855552,880.350813964315,6.0,345.5558,500.0,210.80984,-1.0,0.2364502,1.0,0.5586889,0.12558961,-0.003252334,0.00090126833,-0.003702968,-1.3853353,0.6977539,0.3022461,0.0657959,0.4753013253211975
8863744,883.2176916328367,6.0,345.7942,500.0,210.73434,-1.0,0.23583984,1.0,0.5586191,0.12504375,-0.0035942625,0.0009093771,-0.004048951,-1.3917637,0.6982422,0.3017578,0.06591797,0.4754679799079895
8871936,883.828646442133,6.0,346.03723,500.0,210.6254,-1.0,0.2355957,1.0,0.55828494,0.124835014,-0.0018096797,0.00044679365,-0.0020330767,-1.3934335,0.6986084,0.3013916,0.0657959,0.4754679799079895
8880128,887.1018352898045,6.0,345.8661,500.0,210.69357,-1.0,0.23571777,1.0,0.55856144,0.12496281,-0.00027239544,0.0014773916,-0.0010110908,-1.3989381,0.69836426,0.30163574,0.06591797,0.4756527543067932
8888320,892.1708392415867,6.0,346.23047,500.0,210.56712,-1.0,0.23486328,1.0,0.55815625,0.12446299,0.00023110164,0.00058044627,-5.9120823e-05,-1.4039418,0.69921875,0.30078125,0.06591797,0.4756659269332886
8896512,880.8389703354966,6.0,346.12524,500.0,210.58443,-1.0,0.23535156,1.0,0.5581693,0.124690056,-0.0003444451,0.0009180686,-0.0008034793,-1.4095317,0.69885254,0.30114746,0.0657959,0.4754159152507782
8904704,876.8341627807042,6.0,346.42725,500.0,210.49144,-1.0,0.234375,1.0,0.5579241,0.124079734,-0.0011033795,0.00036170427,-0.0012842319,-1.4201152,0.69970703,0.30029297,0.06591797,0.47542908787727356
8912896,884.9533215247656,6.0,346.1986,500.0,210.5855,-1.0,0.23547363,1.0,0.5577897,0.124945045,-0.0030289898,0.0009246449,-0.0034913127,-1.4229543,0.6989746,0.3010254,0.06555176,0.47534576058387756
8921088,881.5284107276359,6.0,346.43604,500.0,210.48903,-1.0,0.23535156,1.0,0.55729383,0.12477979,-0.0050513344,0.00043353686,-0.0052681034,-1.431862,0.6993408,0.30065918,0.06530762,0.47534576058387756
8929280,882.6658511964067,6.0,346.58472,500.0,210.43567,-1.0,0.23498535,1.0,0.55711985,0.124609984,-0.005485838,0.00022821523,-0.005599945,-1.4350811,0.69970703,0.30029297,0.06530762,0.4753589332103729
8937472,882.461689493474,6.0,346.55798,500.0,210.45395,-1.0,0.23449707,1.0,0.5573255,0.12434821,-0.004881926,0.0012537075,-0.0055087795,-1.440697,0.6999512,0.30004883,0.06555176,0.475708931684494
8945664,879.1971233556477,6.0,346.64258,500.0,210.44133,-1.0,0.23376465,1.0,0.5574142,0.12397179,-0.0030289325,0.00039392745,-0.003225896,-1.4538656,0.70043945,0.29956055,0.0657959,0.4759589433670044
8953856,879.7980210078214,6.0,346.62744,500.0,210.47725,-1.0,0.23339844,1.0,0.5574581,0.12406339,-0.0023933954,0.0006262281,-0.0027065095,-1.4608347,0.7006836,0.2993164,0.06591797,0.47592633962631226
8962048,878.7005824146482,7.0,346.72766,500.0,210.4328,-1.0,0.23327637,1.0,0.5573997,0.12395921,-0.0004752623,0.0006754893,-0.000813007,-1.4610744,0.70080566,0.29919434,0.06591797,0.47591444849967957
8970240,886.5860106705928,7.0,346.83972,500.0,210.39183,-1.0,0.23327637,1.0,0.55718064,0.123969354,-0.0028639077,0.0004669924,-0.0030974038,-1.4629385,0.70092773,0.29907227,0.0657959,0.47589170932769775
8978432,888.3470898823037,7.0,346.73706,500.0,210.43907,-1.0,0.23352051,1.0,0.5572975,0.124057874,-0.0013682195,0.0009197679,-0.0018281036,-1.4655998,0.7006836,0.2993164,0.0657959,0.476026326417923
8986624,885.0226159772886,7.0,347.01013,500.0,210.3225,-1.0,0.23352051,1.0,0.55685925,0.124045126,-0.0013893715,0.0003195702,-0.0015491564,-1.4737701,0.70092773,0.29907227,0.06555176,0.4757763147354126
8994816,884.3728143682953,7.0,346.97144,500.0,210.36835,-1.0,0.23352051,1.0,0.55685925,0.12419979,-0.004792113,0.00071130967,-0.0051477673,-1.4808259,0.70092773,0.29907227,0.06555176,0.4757644236087799
9003008,879.624547169752,7.0,346.8047,500.0,210.38423,-1.0,0.23376465,1.0,0.5571951,0.12423358,-0.0019451136,0.0007866437,-0.0023384357,-1.4768193,0.7005615,0.29943848,0.06567383,0.47596895694732666
9011200,879.1631093595379,7.0,346.78857,500.0,210.39502,-1.0,0.23339844,1.0,0.5574581,0.12392486,-0.0059501827,0.0009506154,-0.0064254906,-1.4662952,0.7006836,0.2993164,0.06591797,0.47613561153411865
9019392,882.7067356919817,7.0,347.09314,500.0,210.26215,-1.0,0.23327637,1.0,0.55696154,0.12382684,-0.0029134688,0.00036803202,-0.0030974848,-1.4628077,0.7010498,0.2989502,0.06567383,0.4758855998516083
9027584,880.3356791622421,7.0,347.14502,500.0,210.21579,-1.0,0.23278809,1.0,0.5571658,0.123361215,-0.006085699,0.00066746154,-0.006419429,-1.4624175,0.70129395,0.29870605,0.06591797,0.4763174057006836
9035776,882.4953925607487,7.0,347.2793,500.0,210.14606,-1.0,0.23303223,1.0,0.5568446,0.123456925,-0.0033185761,0.00059399643,-0.0036155744,-1.4652748,0.70129395,0.29870605,0.06567383,0.4760673940181732
9043968,887.3553092491665,7.0,347.32263,500.0,210.13045,-1.0,0.23364258,1.0,0.55647904,0.123977005,-0.0031612334,0.00097583054,-0.0036491489,-1.4735638,0.7010498,0.2989502,0.06530762,0.47581738233566284
9052160,888.0885500295803,7.0,347.36755,500.0,210.13681,-1.0,0.23352051,1.0,0.5564207,0.1238503,-0.00062553154,0.001406606,-0.0013288343,-1.4762822,0.7011719,0.29882812,0.06530762,0.4757673740386963
9060352,884.0103328113277,7.0,347.53015,500.0,210.07413,-1.0,0.2331543,1.0,0.556245,0.12357284,-0.0017548753,0.00073560816,-0.0021226793,-1.4809793,0.7015381,0.2984619,0.06530762,0.4757951498031616
9068544,881.0960623065824,7.0,347.48987,500.0,210.10622,-1.0,0.23291016,1.0,0.5563473,0.123575,-0.004456703,0.0011768895,-0.0050451476,-1.4847157,0.70166016,0.29833984,0.06542969,0.4759618043899536
9076736,883.0392357160121,7.0,347.44226,500.0,210.15587,-1.0,0.23266602,1.0,0.5564495,0.12356642,-0.003911161,0.001012642,-0.004417482,-1.4860302,0.7017822,0.29821777,0.06555176,0.47590410709381104
9084928,892.3162047830383,7.0,347.87793,500.0,209.99445,-1.0,0.23095703,1.0,0.5562839,0.12230619,-0.00529862,0.0013566355,-0.0059769372,-1.4862361,0.703125,0.296875,0.06591797,0.47625410556793213
9093120,880.9261642113739,7.0,348.08167,500.0,209.92545,-1.0,0.23071289,1.0,0.55594623,0.12222229,-0.005191769,0.00023268627,-0.005308112,-1.4863927,0.7034912,0.2965088,0.0657959,0.47600409388542175
9101312,882.5959277597439,7.0,348.21375,500.0,209.89279,-1.0,0.2298584,1.0,0.5559709,0.1216512,-0.001419833,0.0007446045,-0.0017921353,-1.4869373,0.70410156,0.29589844,0.06604004,0.4762086272239685
9109504,883.7320806395718,7.0,348.13525,500.0,209.94167,-1.0,0.22924805,1.0,0.55633247,0.1212048,-0.0050779358,0.0010352235,-0.0055955476,-1.4823084,0.7043457,0.2956543,0.06640625,0.4765586256980896
9117696,887.4884960881503,7.0,347.8313,500.0,210.05096,-1.0,0.2298584,1.0,0.5566292,0.12161914,-0.00023043746,0.0011336126,-0.000797244,-1.4857576,0.70373535,0.29626465,0.06640625,0.47649380564689636
9125888,884.1473405193582,7.0,347.8994,500.0,210.01778,-1.0,0.23022461,1.0,0.55636805,0.121899486,-0.0015985401,0.001452396,-0.0023247385,-1.4945427,0.7036133,0.29638672,0.06616211,0.4767993688583374
9134080,881.9811286944247,7.0,347.97803,500.0,209.96675,-1.0,0.2298584,1.0,0.55640984,0.12150415,-0.0037098909,0.0006355661,-0.0040276735,-1.5064011,0.7038574,0.29614258,0.06628418,0.4767993688583374
9142272,881.4986033682226,7.0,347.74304,500.0,210.00015,-1.0,0.23022461,1.0,0.55702585,0.12135649,-0.0041847234,0.0016848969,-0.0050271717,-1.5151064,0.7032471,0.29675293,0.06652832,0.47689419984817505
9150464,880.6496919035383,7.0,347.9967,500.0,209.92897,-1.0,0.23010254,1.0,0.5565283,0.12141512,-0.0052566146,0.00031697098,-0.0054151,-1.5259004,0.7036133,0.29638672,0.06628418,0.4766441881656647
9158656,884.327860616514,7.0,347.94763,500.0,209.94101,-1.0,0.22973633,1.0,0.5567891,0.12102486,-0.004631321,0.00082672597,-0.0050446843,-1.5258434,0.70373535,0.29626465,0.06652832,0.47713494300842285
9166848,883.9745353708536,7.0,347.92993,500.0,209.9491,-1.0,0.22949219,1.0,0.55688983,0.12081581,-0.0023364453,0.00067251053,-0.0026727004,-1.5343583,0.7038574,0.29614258,0.06665039,0.47711220383644104
9175040,877.8793209250261,7.0,347.99524,500.0,209.97069,-1.0,0.22875977,1.0,0.5569719,0.12046223,-0.007491735,0.00064676907,-0.007815119,-1.5438296,0.7043457,0.2956543,0.06689453,0.4774872064590454
9183232,881.593166133315,7.0,348.03857,500.0,209.9647,-1.0,0.22888184,1.0,0.5568122,0.12070012,-0.006573477,0.0007961649,-0.00697156,-1.5437857,0.7043457,0.2956543,0.06677246,0.4776538610458374
9191424,883.7590842046203,7.0,347.86084,500.0,210.00845,-1.0,0.23034668,1.0,0.5566466,0.121818125,-0.0048637786,0.0013442652,-0.005535911,-1.5519412,0.70336914,0.29663086,0.06628418,0.47758904099464417
9199616,880.3574229159345,7.0,347.94348,500.0,209.99615,-1.0,0.23034668,1.0,0.55642724,0.12189844,-0.0056741694,0.00026770038,-0.00580802,-1.5643785,0.7034912,0.2965088,0.06616211,0.4773390293121338
9207808,881.2455255930935,7.0,347.9546,500.0,209.99599,-1.0,0.23034668,1.0,0.55642724,0.122003354,-0.0053798817,0.0006155891,-0.0056876754,-1.5661604,0.7034912,0.2965088,0.06616211,0.47735220193862915
9216000,879.1908917586485,7.0,348.06848,500.0,209.91708,-1.0,0.22998047,1.0,0.556469,0.12177612,-0.0037184574,0.0008661648,-0.00415154,-1.5620947,0.70373535,0.29626465,0.06628418,0.4777543842792511
9224192,878.441292945554,7.0,348.19324,500.0,209.82007,-1.0,0.23083496,1.0,0.55600536,0.12229939,-0.0016089934,0.0006388963,-0.0019284417,-1.5618483,0.70336914,0.29663086,0.0657959,0.4779210388660431
9232384,883.1837063600533,7.0,348.1814,500.0,209.79831,-1.0,0.23144531,1.0,0.5558614,0.1226582,-0.0038598464,0.0009412062,-0.0043304497,-1.5583014,0.7030029,0.29699707,0.06555176,0.4776710271835327
9240576,881.6255134718716,7.0,348.10938,500.0,209.82565,-1.0,0.23217773,1.0,0.5557755,0.12326085,-0.0017129097,0.00087910105,-0.0021524602,-1.5615637,0.70251465,0.29748535,0.06530762,0.4776062071323395
9248768,888.438694095843,7.0,348.3523,500.0,209.75758,-1.0,0.2322998,1.0,0.5551751,0.123522624,-0.00496459,0.00047211806,-0.005200649,-1.5583221,0.7027588,0.2972412,0.064941406,0.4775943160057068
9256960,880.8835700708863,7.0,348.52075,500.0,209.6954,-1.0,0.2319336,1.0,0.55499834,0.12315108,0.00036307675,0.00039828132,0.00016393556,-1.550472,0.703125,0.296875,0.064941406,0.4776384234428406
9265152,883.6415125496438,7.0,348.45093,500.0,209.76636,-1.0,0.2331543,1.0,0.55448663,0.124163195,-0.0044097872,0.0008761242,-0.0048478493,-1.5500095,0.70251465,0.29748535,0.064331055,0.4773884117603302
9273344,880.3890705680259,7.0,348.5708,500.0,209.70837,-1.0,0.23352051,1.0,0.55422246,0.12437007,-0.0013029493,0.00066903373,-0.0016374663,-1.5605344,0.7023926,0.29760742,0.064086914,0.4773765206336975
9281536,878.3442167213778,7.0,348.76,500.0,209.62363,-1.0,0.23364258,1.0,0.5538404,0.12441657,-0.004189479,0.00039313606,-0.004386047,-1.5629112,0.70251465,0.29748535,0.06384277,0.47712650895118713
9289728,885.9817250695776,7.0,348.59827,500.0,209.71582,-1.0,0.23364258,1.0,0.55406076,0.124573775,-0.007159216,0.0015865362,-0.007952483,-1.5661393,0.7023926,0.29760742,0.063964844,0.4772213399410248
9297920,878.9782830082457,7.0,348.48682,500.0,209.72594,-1.0,0.234375,1.0,0.5541921,0.124768615,-0.0036295946,0.0011422067,-0.0042006983,-1.5682935,0.7017822,0.29821777,0.06384277,0.47735595703125
9306112,884.8757656384054,7.0,348.36047,500.0,209.78867,-1.0,0.23461914,1.0,0.554309,0.124991596,-0.002846509,0.001447876,-0.0035704467,-1.5713241,0.7015381,0.2984619,0.06384277,0.47729113698005676
9314304,879.3143703326695,7.0,348.55542,500.0,209.69524,-1.0,0.23449707,1.0,0.5540303,0.12485702,-0.0036585226,0.0006985211,-0.0040077837,-1.579203,0.7017822,0.29821777,0.0637207,0.4770411252975464
9322496,882.3346971619884,7.0,348.49756,500.0,209.7382,-1.0,0.23413086,1.0,0.55429524,0.12470151,-0.0026166546,0.0009105102,-0.0030719098,-1.5835567,0.7019043,0.2980957,0.063964844,0.4772077798843384
9330688,887.281249820044,7.0,348.72717,500.0,209.69356,-1.0,0.23352051,1.0,0.55400217,0.124466866,-0.002243068,0.0011231368,-0.0028046365,-1.5846379,0.70251465,0.29748535,0.063964844,0.4776099622249603
9338880,889.9556157934963,7.0,348.8319,500.0,209.7018,-1.0,0.23303223,1.0,0.553767,0.124418944,-0.00049917644,0.00037892,-0.0006886362,-1.5809249,0.7030029,0.29699707,0.063964844,0.47735995054244995
9347072,893.3256616978039,7.0,348.7318,500.0,209.72495,-1.0,0.23376465,1.0,0.55367875,0.124762565,-0.0032390556,0.0009817836,-0.0037299474,-1.5849197,0.70251465,0.29748535,0.0637207,0.4771099388599396
9355264,881.39886062169,7.0,349.03003,500.0,209.59422,-1.0,0.23339844,1.0,0.5532819,0.124347284,-0.00024702877,0.0004353432,-0.0004647008,-1.5898981,0.7030029,0.29699707,0.06359863,0.47712311148643494
9363456,879.96976036187,7.0,348.8401,500.0,209.62508,-1.0,0.23339844,1.0,0.553723,0.12411627,-0.004555214,0.0011218872,-0.005116158,-1.5836377,0.7027588,0.2972412,0.06384277,0.4772731065750122
9371648,878.0773508725935,7.0,348.948,500.0,209.60046,-1.0,0.23352051,1.0,0.55334073,0.12424588,-0.0050152177,0.0006830863,-0.0053567607,-1.5848753,0.70288086,0.29711914,0.06359863,0.47702309489250183
9379840,881.7244250944891,7.0,349.20117,500.0,209.52927,-1.0,0.23266602,1.0,0.55314904,0.12391454,-0.0050416808,0.0006641226,-0.005373742,-1.582264,0.7036133,0.29638672,0.0637207,0.47701120376586914
9388032,880.3958380020376,7.0,349.11768,500.0,209.54163,-1.0,0.23339844,1.0,0.55306125,0.12432784,-0.003875154,0.00070760853,-0.004228958,-1.5820264,0.703125,0.296875,0.06347656,0.476978600025177
9396224,880.3765736466746,7.0,349.24036,500.0,209.50665,-1.0,0.23352051,1.0,0.5526785,0.12452751,-0.0026264158,0.0007030602,-0.002977946,-1.5859665,0.7032471,0.29675293,0.06323242,0.4767285883426666
9404416,883.2422570990751,7.0,349.28394,500.0,209.4997,-1.0,0.23364258,1.0,0.5525164,0.12466383,-0.00538609,0.00078055257,-0.005776366,-1.5844078,0.7032471,0.29675293,0.06311035,0.4766959846019745
9412608,879.3877359079218,7.0,349.3905,500.0,209.46428,-1.0,0.23364258,1.0,0.5522954,0.124738306,-0.0033483258,0.00033966952,-0.0035181604,-1.5876259,0.70336914,0.29663086,0.06298828,0.4766840934753418
9420800,881.9318450406229,7.0,349.54553,500.0,209.45291,-1.0,0.23291016,1.0,0.55216277,0.124451056,-0.0040325606,0.0005325057,-0.004298813,-1.5929158,0.7039795,0.2960205,0.06311035,0.47666135430336
9428992,881.1644828102119,7.0,349.6847,500.0,209.3789,-1.0,0.23242188,1.0,0.55214745,0.12421479,-0.004205106,0.00084180164,-0.004626007,-1.594651,0.7043457,0.2956543,0.06323242,0.4768875539302826
9437184,880.8886061728816,7.0,349.995,500.0,209.35692,-1.0,0.2319336,1.0,0.55146796,0.12435397,-0.0041873846,0.00048933615,-0.0044320524,-1.5923299,0.7050781,0.29492188,0.06298828,0.4766375422477722
9445376,882.8280282356042,7.0,349.99866,500.0,209.36366,-1.0,0.23144531,1.0,0.5516731,0.12405341,-0.0060542505,0.0007962126,-0.0064523565,-1.5867659,0.70532227,0.29467773,0.06323242,0.47706934809684753
9453568,880.9482759434064,7.0,350.31055,500.0,209.26875,-1.0,0.23071289,1.0,0.5510945,0.123816535,-0.0029454033,0.00040261773,-0.0031467122,-1.583956,0.70617676,0.29382324,0.06311035,0.47681933641433716
9461760,880.0699237783462,7.0,350.6006,500.0,209.14667,-1.0,0.2310791,1.0,0.5503869,0.124161795,-0.0032225517,0.00042085187,-0.0034329777,-1.5880783,0.7062988,0.29370117,0.06262207,0.4765693247318268
9469952,878.726200666635,7.0,350.71558,500.0,209.09727,-1.0,0.23059082,1.0,0.55036986,0.1236913,-0.0039140675,0.0009415964,-0.004384865,-1.5848832,0.70666504,0.29333496,0.06274414,0.47671931982040405
9478144,883.501208446521,7.0,350.85706,500.0,209.07262,-1.0,0.23071289,1.0,0.5499858,0.123928756,-0.0006833774,0.0008297979,-0.001098276,-1.5951765,0.7067871,0.2932129,0.0625,0.4764693081378937
9486336,879.9571626625494,7.0,351.24585,500.0,208.95361,-1.0,0.23034668,1.0,0.5493622,0.123860896,-0.0068500033,0.00046259214,-0.007081299,-1.6070051,0.70739746,0.29260254,0.06225586,0.4762192964553833
9494528,878.6330832270046,7.0,351.34338,500.0,208.92674,-1.0,0.23010254,1.0,0.54924226,0.12396422,-0.001682615,0.001043301,-0.0022042654,-1.6133075,0.7076416,0.2923584,0.06225586,0.4766835868358612
9502720,883.2599441727137,7.0,351.64392,500.0,208.7899,-1.0,0.22998047,1.0,0.54873747,0.12383722,-0.004595764,0.00052563695,-0.0048585823,-1.619145,0.7080078,0.2919922,0.06201172,0.47643357515335083
9510912,886.5356849585278,7.0,351.5553,500.0,208.84648,-1.0,0.23059082,1.0,0.54859257,0.12427877,0.001828722,0.0007963063,0.0014305688,-1.6223308,0.7076416,0.2923584,0.061767578,0.47618356347084045
9519104,881.2018157819728,7.0,351.7213,500.0,208.74362,-1.0,0.23059082,1.0,0.54837006,0.12408372,-0.0038206235,0.00038852586,-0.004014886,-1.6233968,0.7077637,0.29223633,0.061645508,0.4759335517883301
9527296,881.5743469558731,7.0,352.09558,500.0,208.60535,-1.0,0.23046875,1.0,0.54764175,0.123926885,-0.00538237,0.0002440349,-0.005504388,-1.6285565,0.70825195,0.29174805,0.061279297,0.4759613275527954
9535488,879.0552583050376,7.0,352.44226,500.0,208.43771,-1.0,0.23022461,1.0,0.5470754,0.12367652,0.00016452267,0.00045369365,-6.2324165e-05,-1.6212677,0.70874023,0.29125977,0.061035156,0.47571131587028503
9543680,879.1786087972366,7.0,352.50952,500.0,208.43773,-1.0,0.22998047,1.0,0.546955,0.12365667,-0.003829913,0.00035940998,-0.004009618,-1.6217163,0.7089844,0.29101562,0.061035156,0.47546130418777466
9551872,882.1954872276198,7.0,352.313,500.0,208.54439,-1.0,0.2298584,1.0,0.547341,0.12369221,-0.0036891117,0.00088993035,-0.004134077,-1.6319073,0.7088623,0.2911377,0.061279297,0.4755959212779999
9560064,881.5974412747976,7.0,352.45276,500.0,208.49382,-1.0,0.22973633,1.0,0.5470575,0.123553224,-0.0048621064,0.0007404338,-0.0052323234,-1.6397188,0.70910645,0.29089355,0.061157227,0.4757806956768036
9568256,879.6730552939401,7.0,352.5337,500.0,208.49304,-1.0,0.22924805,1.0,0.5470392,0.12333626,-0.0024640288,0.0009832307,-0.0029556444,-1.6480312,0.70947266,0.29052734,0.061279297,0.47574809193611145
9576448,880.728563080408,7.0,352.88867,500.0,208.34647,-1.0,0.22875977,1.0,0.546574,0.12293984,-0.004505864,0.0005499911,-0.0047808597,-1.640436,0.710083,0.289917,0.061157227,0.47572535276412964
9584640,883.3438028024322,7.0,353.14758,500.0,208.24379,-1.0,0.2290039,1.0,0.5460248,0.12313484,-0.0011283746,0.0011918239,-0.0017242865,-1.6287909,0.7102051,0.28979492,0.060791016,0.4757026135921478
9592832,879.4202817360523,7.0,353.1952,500.0,208.28116,-1.0,0.22851562,1.0,0.54600585,0.123053305,-0.0027992772,0.00097401836,-0.0032862863,-1.6331501,0.7105713,0.2894287,0.060913086,0.47588738799095154
9601024,882.805708631046,7.0,353.2229,500.0,208.29686,-1.0,0.22814941,1.0,0.5460472,0.12293382,-0.008071175,0.00050178694,-0.008322069,-1.6341544,0.7108154,0.28918457,0.061035156,0.47616371512413025
9609216,886.955438978137,7.0,353.39026,500.0,208.23105,-1.0,0.2277832,1.0,0.5458647,0.12267462,-0.0035011896,0.00042725168,-0.0037148157,-1.6262012,0.71118164,0.28881836,0.061035156,0.4761914908885956
9617408,880.6378421317523,7.0,353.45667,500.0,208.19823,-1.0,0.22790527,1.0,0.545702,0.12262872,-0.0032779411,0.0010142019,-0.003785042,-1.617967,0.71118164,0.28881836,0.060913086,0.47615888714790344
9625600,883.4176379171086,7.0,353.57935,500.0,208.12231,-1.0,0.22827148,1.0,0.5454369,0.12246872,-0.0033567792,0.0009633065,-0.003838432,-1.617937,0.7110596,0.28894043,0.060668945,0.47590887546539307
9633792,885.1629020765884,7.0,353.38977,500.0,208.23668,-1.0,0.22802734,1.0,0.5457628,0.12237371,-0.003946378,0.0013154981,-0.004604127,-1.6203647,0.7110596,0.28894043,0.060913086,0.4764280915260315
9641984,879.473584671529,7.0,353.62244,500.0,208.20607,-1.0,0.22705078,1.0,0.54549885,0.12196598,-0.0049463157,0.0010656032,-0.005479117,-1.6192338,0.71191406,0.28808594,0.061035156,0.47671380639076233
9650176,880.437685613039,7.0,353.65625,500.0,208.2041,-1.0,0.22668457,1.0,0.54553926,0.12184029,-0.001715338,0.00068668625,-0.0020586809,-1.6219583,0.7121582,0.2878418,0.061157227,0.4769638180732727
9658368,881.9070807821744,7.0,353.92432,500.0,208.1054,-1.0,0.22680664,1.0,0.5449288,0.12187504,-0.0035171793,0.00023488265,-0.0036346205,-1.6222034,0.71240234,0.28759766,0.060791016,0.47671380639076233
9666560,880.1699521727991,7.0,354.0028,500.0,208.09412,-1.0,0.22631836,1.0,0.54490775,0.12159556,-0.0046078283,0.0003097941,-0.004762725,-1.6167917,0.71276855,0.28723145,0.060913086,0.4767269790172577
9674752,881.1579747224729,7.0,353.72974,500.0,208.19856,-1.0,0.22644043,1.0,0.5454169,0.12172171,-0.003984539,0.0007978674,-0.0043834727,-1.6121328,0.71240234,0.28759766,0.061157227,0.4768936336040497
9682944,882.0816826180219,7.0,353.70923,500.0,208.20816,-1.0,0.22692871,1.0,0.54521394,0.12209624,-0.0064919456,0.0007750335,-0.006879462,-1.6145607,0.7121582,0.2878418,0.060913086,0.4768359363079071
9691136,885.1712709448227,7.0,353.90393,500.0,208.16669,-1.0,0.22668457,1.0,0.5448676,0.122127175,-0.0012915243,0.0006656268,-0.0016243372,-1.6165204,0.7125244,0.2874756,0.060791016,0.47658592462539673
9699328,884.3590204779317,7.0,354.21704,500.0,208.01926,-1.0,0.22607422,1.0,0.54456097,0.121720806,-0.0044206977,0.00080005854,-0.004820727,-1.6094677,0.71313477,0.28686523,0.060791016,0.4768359363079071
9707520,886.5474194887673,7.0,354.38293,500.0,207.94524,-1.0,0.22619629,1.0,0.54417396,0.121818215,-0.0055479542,0.00062724086,-0.0058615757,-1.599826,0.71325684,0.28674316,0.060546875,0.47658592462539673
9715712,877.5008740087625,7.0,354.432,500.0,207.91286,-1.0,0.22631836,1.0,0.54401094,0.12189702,-0.0035884224,0.00070003123,-0.003938438,-1.5965711,0.71325684,0.28674316,0.060424805,0.47633591294288635
9723904,881.8298089386707,7.0,354.5255,500.0,207.85777,-1.0,0.22595215,1.0,0.54405105,0.12167823,-0.0024530534,0.0005431741,-0.0027246405,-1.6019146,0.713501,0.28649902,0.060546875,0.47656211256980896
9732096,880.2863762476636,7.0,354.85754,500.0,207.7579,-1.0,0.22558594,1.0,0.54341733,0.121667325,-0.002732013,0.00020985564,-0.0028369408,-1.6129867,0.7141113,0.28588867,0.060302734,0.4763121008872986
9740288,886.8152021517873,7.0,354.78687,500.0,207.79485,-1.0,0.22583008,1.0,0.5435405,0.121970266,-0.0050295168,0.0008704916,-0.005464763,-1.6244378,0.7138672,0.2861328,0.060302734,0.476254403591156
9748480,883.9977101300555,7.0,354.84937,500.0,207.76274,-1.0,0.22595215,1.0,0.5433775,0.122020945,-0.0015421733,0.00066949514,-0.0018769207,-1.6278,0.7138672,0.2861328,0.060180664,0.4762316644191742
9756672,881.2612115566747,7.0,354.96338,500.0,207.75966,-1.0,0.22570801,1.0,0.54302955,0.12197937,-0.004962763,0.00095607183,-0.0054407986,-1.6354213,0.7142334,0.2857666,0.060058594,0.4761900007724762
9764864,881.1791263591252,7.0,355.02063,500.0,207.68922,-1.0,0.22583008,1.0,0.5430911,0.12181341,-0.0032590013,0.0010522712,-0.0037851369,-1.6430906,0.7141113,0.28588867,0.060058594,0.4759399890899658
9773056,881.0955200464861,7.0,355.2196,500.0,207.59462,-1.0,0.22497559,1.0,0.54310864,0.12117857,-0.0049974704,0.0008346234,-0.005414782,-1.6508466,0.7147217,0.28527832,0.060302734,0.47624555230140686
9781248,891.0772988212353,7.0,355.46875,500.0,207.52148,-1.0,0.22460938,1.0,0.5426982,0.12106358,-0.0026401794,0.00060366216,-0.0029420103,-1.6470315,0.71520996,0.28479004,0.060180664,0.4759955406188965
9789440,883.2163748534559,7.0,355.479,500.0,207.52133,-1.0,0.22485352,1.0,0.54259706,0.12124275,-0.0024035454,0.0006813268,-0.0027442086,-1.6419673,0.7150879,0.2849121,0.060058594,0.4757455289363861
9797632,879.9588528517044,7.0,355.09607,500.0,207.65895,-1.0,0.22558594,1.0,0.5431926,0.12176401,-0.0016172333,0.0011081871,-0.002171327,-1.6372826,0.7142334,0.2857666,0.060180664,0.4756740927696228
9805824,881.9360555556183,7.0,354.82397,500.0,207.77907,-1.0,0.2253418,1.0,0.5437431,0.121605545,-0.0030448772,0.0010484736,-0.003569114,-1.6431987,0.7141113,0.28588867,0.060546875,0.4760490953922272
9814016,880.2990284816822,7.0,354.9491,500.0,207.76318,-1.0,0.22497559,1.0,0.543558,0.12133927,0.00013391429,0.0002896567,-1.0914111e-05,-1.6486732,0.71447754,0.28552246,0.060546875,0.4760490953922272
9822208,885.740382979941,7.0,354.98706,500.0,207.7661,-1.0,0.22509766,1.0,0.5433951,0.121476226,-0.0029545603,0.00077766064,-0.0033433903,-1.6515244,0.71447754,0.28552246,0.060424805,0.4757990837097168
9830400,888.9326439792736,7.0,354.85864,500.0,207.71608,-1.0,0.22570801,1.0,0.54370356,0.121494524,-0.0048524938,0.0017467515,-0.005725869,-1.6441292,0.7138672,0.2861328,0.060424805,0.4757157564163208
9838592,888.2340577640377,7.0,355.16553,500.0,207.56749,-1.0,0.22570801,1.0,0.54302955,0.12154536,-0.004794282,0.00063170644,-0.0051101353,-1.643036,0.7142334,0.2857666,0.060058594,0.4754657447338104
9846784,884.2037209562535,7.0,354.92993,500.0,207.71684,-1.0,0.2265625,1.0,0.5430109,0.12244829,-0.0044301804,0.0011877433,-0.0050240518,-1.6440014,0.71362305,0.28637695,0.059814453,0.47521573305130005
9854976,885.3594184123489,7.0,354.9325,500.0,207.73918,-1.0,0.22619629,1.0,0.5430512,0.122311026,-0.0026134679,0.0009299327,-0.0030784337,-1.6533108,0.7138672,0.2861328,0.059936523,0.4751831293106079
9863168,881.3765680048378,7.0,354.958,500.0,207.72444,-1.0,0.22619629,1.0,0.54282635,0.12248467,-0.0060507576,0.00053238467,-0.0063169496,-1.6545305,0.71398926,0.28601074,0.059814453,0.4751831293106079
9871360,880.7624499706585,7.0,355.0432,500.0,207.7139,-1.0,0.22570801,1.0,0.5428047,0.12220383,-0.007970946,0.0014910767,-0.0087164845,-1.6486753,0.71435547,0.28564453,0.059936523,0.4756474196910858
9879552,883.3758926477242,7.0,355.20813,500.0,207.65205,-1.0,0.2253418,1.0,0.54261947,0.121977136,-0.008017913,0.00057635206,-0.00830609,-1.6364508,0.7147217,0.28527832,0.059936523,0.47539740800857544
9887744,880.9536515883823,7.0,355.26538,500.0,207.62592,-1.0,0.22497559,1.0,0.542659,0.12170236,-0.0025316323,0.00078289374,-0.0029230793,-1.6268809,0.7149658,0.28503418,0.060058594,0.4753648042678833
9895936,878.9485579160779,7.0,355.20886,500.0,207.64323,-1.0,0.22485352,1.0,0.54282194,0.12175025,0.000112834794,0.0013456296,-0.0005599803,-1.625002,0.7149658,0.28503418,0.060180664,0.47531479597091675
9904128,881.5973507951833,7.0,354.86,500.0,207.76492,-1.0,0.22424316,1.0,0.54386055,0.121212505,-0.0033296035,0.0017477621,-0.004203485,-1.627607,0.71484375,0.28515625,0.060913086,0.47609928250312805
9912320,878.2310219118775,7.0,354.82715,500.0,207.80649,-1.0,0.22509766,1.0,0.54339516,0.12158633,-0.0056426562,0.00094150385,-0.006113408,-1.6189581,0.71447754,0.28552246,0.060424805,0.4758492708206177
9920512,881.6411677215779,7.0,355.10303,500.0,207.69115,-1.0,0.2244873,1.0,0.54308593,0.1211405,-0.005055062,0.0003019897,-0.0052060573,-1.6121457,0.7150879,0.2849121,0.060424805,0.4755992591381073
9928704,878.8213158761329,7.0,355.3086,500.0,207.61961,-1.0,0.22375488,1.0,0.54293865,0.1206333,-0.0024411702,0.00044494678,-0.0026636433,-1.6164337,0.71569824,0.28430176,0.060546875,0.4755992591381073
9936896,879.0299356998521,7.0,354.87634,500.0,207.80429,-1.0,0.2241211,1.0,0.54357415,0.12085078,-0.003978399,0.0016045154,-0.004780657,-1.6130409,0.7150879,0.2849121,0.060791016,0.47570639848709106
9945088,882.1298053623271,7.0,354.7085,500.0,207.86748,-1.0,0.2244873,1.0,0.5437598,0.121037476,-0.0065850047,0.00072010484,-0.0069450573,-1.6165838,0.7147217,0.28527832,0.060791016,0.47566473484039307
9953280,883.3810027108897,7.0,354.92834,500.0,207.77585,-1.0,0.22473145,1.0,0.54320973,0.121322505,-0.005059908,0.0006643778,-0.005392097,-1.6179228,0.71484375,0.28515625,0.060424805,0.4754147231578827
9961472,883.0996511524204,7.0,354.8285,500.0,207.7613,-1.0,0.22485352,1.0,0.5434962,0.12131144,-0.0022586393,0.0017483791,-0.0031328287,-1.6105348,0.7145996,0.2854004,0.060546875,0.4753730595111847
9969664,881.8079245006526,7.0,354.73767,500.0,207.7663,-1.0,0.22509766,1.0,0.54361975,0.12138092,-0.0033440269,0.0010904775,-0.0038892657,-1.6112248,0.71435547,0.28564453,0.060546875,0.475361168384552
9977856,879.5592475594925,7.0,354.59302,500.0,207.81158,-1.0,0.2253418,1.0,0.5437431,0.12152719,-0.0010938476,0.0007106818,-0.0014491885,-1.6189674,0.7141113,0.28588867,0.060546875,0.4751111567020416
9986048,883.224343699037,7.0,354.81482,500.0,207.72427,-1.0,0.2253418,1.0,0.5432939,0.12155763,-1.1397176e-05,0.00077786326,-0.0004003283,-1.6203259,0.71435547,0.28564453,0.060302734,0.47486114501953125
9994240,878.1131435422311,7.0,354.84875,500.0,207.69765,-1.0,0.22521973,1.0,0.54323226,0.12167915,-0.0033806604,0.0008876569,-0.0038244885,-1.6191744,0.71447754,0.28552246,0.060302734,0.47508734464645386
