timestep,fps,ep_len_min,ep_len_mean,ep_len_max,ep_len_std,return_min,return_mean,return_max,return_std,disc_return_mean,total_loss,value_loss,actor_loss,entropy,prob_fail,prob_success,prob_reject,lambda
8192,177.87194991932597,91.0,419.29413,500.0,136.20908,-1.0,-0.11764706,1.0,0.5823232,0.007007149,-0.0020450964,0.014616213,-0.009353203,2.1822968,0.88235295,0.11764706,0.23529412,0.5009264945983887
16384,2090.656341974596,58.0,413.70587,500.0,153.46,-1.0,-0.11764706,1.0,0.52941173,-0.010203264,-0.0077499067,0.0030275718,-0.009263693,2.167163,0.9117647,0.0882353,0.20588236,0.5015588402748108
24576,2089.018547051002,58.0,436.68,500.0,133.24931,-1.0,-0.04,1.0,0.48826224,-0.0059212577,-0.009081115,0.001829498,-0.009995864,2.1548429,0.9,0.1,0.14,0.5013088583946228
32768,2082.4972391549313,58.0,446.37314,500.0,126.838005,-1.0,-0.014925373,1.0,0.4402353,0.0028198336,-0.005220555,0.0009495481,-0.0056953286,2.1234813,0.9104478,0.08955224,0.104477614,0.5010588765144348
40960,2088.857130993678,58.0,453.15295,500.0,120.55484,-1.0,0.0,1.0,0.40583974,0.0061172023,-0.0029684363,0.0009656581,-0.0034512654,2.0863838,0.91764706,0.08235294,0.08235294,0.5008088946342468
49152,2091.853421083072,26.0,452.20587,500.0,124.81872,-1.0,0.019607844,1.0,0.3955734,0.017110856,-0.003314469,0.0007650225,-0.0036969804,2.0763392,0.9117647,0.0882353,0.068627454,0.5005589127540588
57344,2084.376416253868,26.0,455.66666,500.0,121.93913,-1.0,0.025,1.0,0.37555507,0.019387284,-0.0055641504,0.0005407998,-0.0058345515,2.042142,0.9166667,0.083333336,0.058333334,0.5003089308738708
65536,2089.7474523406536,24.0,455.0072,500.0,125.09297,-1.0,0.021582734,1.0,0.3690865,0.01768206,-0.0010618898,0.0008829974,-0.0015033885,2.0082757,0.92086333,0.07913669,0.05755396,0.5003221035003662
73728,2083.863680557034,24.0,449.03143,500.0,135.05551,-1.0,0.044025157,1.0,0.37777752,0.03311625,-0.0037959898,0.0008618024,-0.0042268904,1.9710712,0.9056604,0.094339624,0.050314464,0.5000721216201782
81920,2085.772547442733,24.0,448.8644,500.0,136.51837,-1.0,0.03954802,1.0,0.3737364,0.029968243,-0.0063138455,0.00079744076,-0.0067125657,1.9431775,0.90960455,0.09039548,0.050847456,0.5000998973846436
90112,2088.261847177695,24.0,450.9433,500.0,134.54597,-1.0,0.041237112,1.0,0.3637583,0.031041801,-0.00633718,0.00049218815,-0.006583274,1.912351,0.91237116,0.087628864,0.04639175,0.4998498857021332
98304,2085.9398188423966,21.0,443.82712,500.0,143.0632,-1.0,0.06542056,1.0,0.38112053,0.043341927,-0.0003572675,0.0009831041,-0.00084881956,1.8465974,0.89252335,0.10747664,0.042056076,0.4995998740196228
106496,2083.4848531135026,21.0,446.2069,500.0,140.72705,-1.0,0.06465517,1.0,0.3715657,0.042862695,-0.0037563657,0.0004368762,-0.003974804,1.7948935,0.8965517,0.10344828,0.038793102,0.4993498623371124
114688,2088.840495508837,19.0,447.94778,500.0,139.16853,-1.0,0.064257026,1.0,0.36389175,0.043287788,-0.0035774717,0.00039186305,-0.0037734036,1.7497525,0.8995984,0.10040161,0.036144577,0.49909985065460205
122880,2088.6952320001246,15.0,448.76865,500.0,138.0802,-1.0,0.06716418,1.0,0.36030173,0.04389043,-0.0017032556,0.00053957466,-0.0019730427,1.766218,0.8992537,0.10074627,0.03358209,0.4988498389720917
131072,2094.214041641411,15.0,448.74475,500.0,138.59058,-1.0,0.06993007,1.0,0.3577386,0.04607216,-0.004105924,0.0004711383,-0.004341493,1.7599878,0.8986014,0.1013986,0.031468533,0.4985998272895813
139264,2073.911632825515,15.0,450.23102,500.0,136.81161,-1.0,0.06930693,1.0,0.3520077,0.044994216,-0.0020842056,0.00031253978,-0.0022404753,1.7649456,0.9009901,0.0990099,0.02970297,0.4983498156070709
147456,2063.828426557902,15.0,446.41666,500.0,142.0472,-1.0,0.06790123,1.0,0.36220422,0.04244758,-0.0023277085,0.0011378024,-0.0028966097,1.8182509,0.8981481,0.10185185,0.033950616,0.49857601523399353
155648,2078.6088150018622,15.0,444.5351,500.0,143.90625,-1.0,0.07017544,1.0,0.36800307,0.04076747,-0.0021166606,0.00072832353,-0.0024808226,1.9287208,0.8947368,0.10526316,0.03508772,0.49860379099845886
163840,2069.907649126054,15.0,445.82452,500.0,142.70892,-1.0,0.06963788,1.0,0.3628234,0.041138284,-0.0029038643,0.00059920375,-0.0032034658,1.8333788,0.89693594,0.10306407,0.033426184,0.4983537793159485
172032,2085.424162056414,15.0,448.27393,500.0,139.89905,-1.0,0.06648936,1.0,0.35482153,0.039278306,-0.0066568474,0.00028558561,-0.00679964,1.7816882,0.9015958,0.09840426,0.031914894,0.4981037676334381
180224,2087.93381807067,15.0,444.0628,500.0,145.63814,-1.0,0.06281407,1.0,0.3663951,0.03620491,-0.005567305,0.0011338223,-0.0061342167,1.7995253,0.8994975,0.10050251,0.03768844,0.4985355734825134
188416,2088.146232122315,15.0,445.18268,500.0,144.18655,-1.0,0.06490385,1.0,0.36442655,0.036161643,-0.0063831145,0.00040895017,-0.006587588,1.7692376,0.89903843,0.100961536,0.036057692,0.49828556180000305
196608,2086.2467005508256,15.0,446.7783,500.0,141.99326,-1.0,0.064665124,1.0,0.3602327,0.03491464,-0.0021048067,0.00034594987,-0.0022777813,1.8533819,0.9006928,0.09930716,0.034642033,0.4980355501174927
204800,2093.6344538811045,15.0,445.2936,500.0,143.79636,-1.0,0.06622516,1.0,0.36397743,0.034812953,-0.003990817,0.00074547343,-0.004363553,1.8706495,0.8984547,0.10154525,0.03532009,0.4980355501174927
212992,2091.9106046002535,15.0,443.6242,500.0,145.81223,-1.0,0.072186835,1.0,0.36730975,0.03857481,-0.0018870977,0.0007164108,-0.002245303,1.7480406,0.8938429,0.10615711,0.033970278,0.4977855384349823
221184,2083.034811317197,15.0,445.47638,500.0,143.74864,-1.0,0.069815196,1.0,0.3614546,0.037307464,-0.006264323,0.000244821,-0.0063867336,1.8288221,0.8973306,0.1026694,0.03285421,0.4975355267524719
229376,2093.9811216047965,14.0,445.25888,500.0,144.01709,-1.0,0.06521739,1.0,0.36346987,0.032584943,-0.006347257,0.00081268465,-0.0067535997,1.7596338,0.8992095,0.100790516,0.03557312,0.49781185388565063
237568,2089.038995711783,14.0,443.80038,500.0,146.03334,-1.0,0.06653992,1.0,0.36654568,0.03361964,-0.0050342754,0.000892554,-0.005480553,1.6597823,0.8973384,0.102661595,0.036121674,0.49781185388565063
245760,2102.6401165738016,14.0,442.0989,500.0,147.74028,-1.0,0.07326008,1.0,0.3707966,0.036936577,-0.0035938525,0.0009697792,-0.0040787426,1.5278786,0.89194137,0.10805861,0.034798536,0.49756184220314026
253952,2089.224830151903,14.0,441.83392,500.0,148.04137,-1.0,0.07597173,1.0,0.3705912,0.038497813,-0.00438712,0.0005152819,-0.0046447604,1.6106284,0.89045936,0.109540634,0.033568904,0.4973118305206299
262144,2085.28329651085,14.0,443.43298,500.0,146.30171,-1.0,0.07388316,1.0,0.3656727,0.03743945,-0.004137048,0.00038036436,-0.00432723,1.7681906,0.89347076,0.106529206,0.03264605,0.4970618188381195
270336,2093.0783921697316,14.0,443.56332,500.0,146.3485,-1.0,0.071666665,1.0,0.36496195,0.03593938,-0.0037521536,0.0005118516,-0.00400808,1.6382201,0.895,0.105,0.033333335,0.49708959460258484
278528,2079.7391352928425,14.0,444.38412,500.0,145.48047,-1.0,0.07131281,1.0,0.3620181,0.03596994,-0.0038488985,0.00021954047,-0.0039586686,1.6631169,0.8962723,0.10372771,0.03241491,0.49683958292007446
286720,2085.0187029907684,14.0,444.46143,500.0,145.5996,-1.0,0.072440945,1.0,0.36081213,0.037453048,-0.003953699,0.0004341976,-0.0041707978,1.572091,0.89606297,0.10393701,0.031496063,0.4965895712375641
294912,2090.754042515284,14.0,442.843,500.0,147.5193,-1.0,0.074695125,1.0,0.36488375,0.03849153,-0.0028867703,0.00092945935,-0.0033514998,1.489408,0.89329267,0.10670732,0.032012194,0.4965776801109314
303104,2092.2735189836294,14.0,443.6003,500.0,146.7408,-1.0,0.0742942,1.0,0.36219016,0.03854367,-0.0047153253,0.00042578287,-0.0049282163,1.8686229,0.8945022,0.10549777,0.031203566,0.496327668428421
311296,2086.4629524914353,14.0,444.14618,500.0,145.98854,-1.0,0.075253256,1.0,0.3610702,0.038693823,-0.0036352107,0.00040403736,-0.0038372295,1.7388453,0.894356,0.105643995,0.030390738,0.49607765674591064
319488,2085.656701449324,14.0,443.52112,500.0,146.45363,-1.0,0.07605634,1.0,0.36365312,0.03777944,-0.0042150165,0.0007887872,-0.00460941,1.4927717,0.89295775,0.10704225,0.030985916,0.496090829372406
327680,2088.3247999453483,14.0,444.41483,500.0,145.33972,-1.0,0.07554945,1.0,0.36094502,0.037206203,-0.0049265083,0.000287001,-0.0050700083,1.6792972,0.8942308,0.10576923,0.03021978,0.49584081768989563
335872,2084.8441156374024,13.0,444.63455,500.0,145.15237,-1.0,0.073627844,1.0,0.36025885,0.035593726,-0.004968373,0.00040536356,-0.005171054,1.4549248,0.8955823,0.104417674,0.030789826,0.495853990316391
344064,2085.774193434812,13.0,444.36813,500.0,145.38826,-1.0,0.075718015,1.0,0.36060646,0.03670898,-0.00287455,0.0006304134,-0.0031897568,1.616174,0.8942559,0.10574412,0.03002611,0.4956039786338806
352256,2087.5077245056923,13.0,443.9592,500.0,145.92757,-1.0,0.07780612,1.0,0.36114514,0.038398523,-0.0016624087,0.0006752414,-0.0020000294,1.5694859,0.89285713,0.10714286,0.029336736,0.49535396695137024
360448,2089.9606169591257,12.0,442.56415,500.0,147.26599,-1.0,0.07845579,1.0,0.3668337,0.03662163,-0.0054519065,0.0009303511,-0.005917082,1.2428724,0.89041096,0.10958904,0.03113325,0.49563029408454895
368640,2091.261774346876,11.0,440.8483,500.0,149.22136,-1.0,0.08131068,1.0,0.37122235,0.038025707,-0.0034076278,0.00091505644,-0.0038651556,1.2072127,0.8871359,0.11286408,0.0315534,0.49561840295791626
376832,2087.350346016189,11.0,440.39572,500.0,149.533,-1.0,0.084123224,1.0,0.37236795,0.039235644,-0.003605937,0.00041513774,-0.003813506,1.3836832,0.8850711,0.11492891,0.030805686,0.4953683912754059
385024,2085.9474169691293,10.0,437.82257,500.0,152.55135,-1.0,0.085253455,1.0,0.38053328,0.038937803,-0.0032500324,0.0012730778,-0.0038865712,1.7583864,0.8813364,0.118663594,0.03341014,0.49574339389801025
393216,2087.181580470149,10.0,437.57498,500.0,152.62639,-1.0,0.08793686,1.0,0.38156638,0.040188413,-0.0032617725,0.0006987381,-0.0036111414,1.5723017,0.87936866,0.120631345,0.032694478,0.4954933822154999
401408,2086.7418531878475,10.0,436.56717,500.0,153.73404,-1.0,0.09140969,1.0,0.38331527,0.042570233,-0.0048151603,0.0006492873,-0.0051398044,1.7486912,0.876652,0.12334802,0.031938326,0.4952433705329895
409600,2089.9742192782855,10.0,435.41766,500.0,155.19702,-1.0,0.09364908,1.0,0.38660643,0.04401395,-0.0046573854,0.00078035664,-0.0050475635,1.7926657,0.8740581,0.12594187,0.032292787,0.4952314794063568
417792,2079.4736814456883,10.0,434.96942,500.0,155.56007,-1.0,0.09599156,1.0,0.38738656,0.04528421,-0.0046646977,0.00064640446,-0.0049879,1.5140667,0.87236285,0.12763713,0.03164557,0.49498146772384644
425984,2090.5480933155736,10.0,433.48508,500.0,156.9978,-1.0,0.100926876,1.0,0.39055422,0.04826217,-0.00089619117,0.00090267387,-0.001347528,1.4063485,0.8681771,0.13182287,0.030895984,0.49473145604133606
434176,2088.1127302616087,10.0,433.4773,500.0,157.05708,-1.0,0.10191725,1.0,0.389968,0.049182925,-0.0062541235,0.00034261568,-0.006425431,1.2273582,0.8678103,0.1321897,0.030272452,0.4944814443588257
442368,2091.0591610541037,10.0,431.6144,500.0,158.88094,-1.0,0.10650887,1.0,0.395359,0.051111374,-0.0056218132,0.0010851024,-0.0061643636,1.202668,0.86291915,0.13708086,0.030571992,0.49444884061813354
450560,2087.264121290651,10.0,431.26788,500.0,159.25551,-1.0,0.10638298,1.0,0.39618325,0.050852112,-0.005158072,0.0005598861,-0.005438015,1.5280538,0.8626692,0.13733076,0.030947777,0.49444884061813354
458752,2086.9152374944024,10.0,431.1567,500.0,159.51648,-1.0,0.10541311,1.0,0.39620608,0.05045441,-0.0021610758,0.00064685114,-0.0024845013,1.1947844,0.8632479,0.13675214,0.03133903,0.4944620132446289
466944,2085.6125187720213,10.0,431.50888,500.0,159.16489,-1.0,0.10550887,1.0,0.39497015,0.050549462,-0.0028753527,0.0006308006,-0.0031907533,0.69036436,0.8636788,0.1363212,0.030812325,0.49421200156211853
475136,2086.4994423004428,10.0,432.3067,500.0,158.16183,-1.0,0.10560147,1.0,0.39377132,0.049808286,-0.0038770766,0.0003643864,-0.00405927,0.87304,0.8640955,0.1359045,0.030303031,0.49396198987960815
483328,2088.923929577923,10.0,432.17706,500.0,158.37218,-1.0,0.10298103,1.0,0.39447424,0.047637746,-0.0037629972,0.00053269387,-0.004029344,1.0048648,0.865402,0.13459802,0.031616982,0.4942675530910492
491520,2085.850671623534,10.0,431.8678,500.0,158.68355,-1.0,0.10470275,1.0,0.39478078,0.048936106,-0.0031495276,0.0004177172,-0.0033583858,0.5148656,0.86424136,0.13575865,0.031055901,0.4940175414085388
499712,2085.4165677411397,10.0,432.05508,500.0,158.59467,-1.0,0.10489511,1.0,0.39380315,0.049541745,-0.0035783884,0.00022272664,-0.0036897517,0.4565261,0.8645105,0.13548951,0.030594405,0.49376752972602844
507904,2090.578366194482,10.0,432.7541,500.0,157.97752,-1.0,0.10404127,1.0,0.39167058,0.049428616,-0.0024076046,0.00034739013,-0.0025812997,0.8755486,0.86586416,0.13413586,0.030094583,0.49351751804351807
516096,2086.3665393807414,10.0,433.4323,500.0,157.2732,-1.0,0.10490694,1.0,0.39130953,0.049092654,-0.0032804396,0.00068692537,-0.0036239023,0.6832335,0.8654822,0.13451776,0.02961083,0.4932675063610077
524288,2086.1268754869666,9.0,432.31036,500.0,158.17345,-1.0,0.10788382,1.0,0.3949632,0.04980858,-0.006891137,0.0013520778,-0.0075671766,1.0102452,0.8622407,0.13775934,0.029875519,0.49323490262031555
532480,2082.015326682266,9.0,431.99265,500.0,158.11073,-1.0,0.11111111,1.0,0.39697477,0.050147474,-0.0029731712,0.0009166398,-0.003431491,0.6076861,0.8594771,0.14052288,0.029411765,0.4929848909378052
540672,2086.236566820219,9.0,432.00885,500.0,158.01106,-1.0,0.11254019,1.0,0.39718094,0.050569195,-0.0033862349,0.0006808439,-0.0037266568,0.58507913,0.8585209,0.1414791,0.028938906,0.4927348792552948
548864,2085.98325554649,9.0,431.92392,500.0,158.14047,-1.0,0.11172742,1.0,0.39734304,0.049938805,-0.0048327376,0.00052757864,-0.005096527,0.010219173,0.858954,0.14104596,0.029318541,0.49276265501976013
557056,2090.407679325613,9.0,432.41953,500.0,157.60248,-1.0,0.11171875,1.0,0.39629555,0.04979413,-0.0037338512,0.00027930975,-0.0038735066,0.52455264,0.859375,0.140625,0.02890625,0.49251264333724976
565248,2088.5988663976473,9.0,432.04767,500.0,158.14696,-1.0,0.11145273,1.0,0.39679673,0.050060626,-0.0045478083,0.0006714541,-0.004883535,0.25751802,0.859339,0.14066103,0.0292083,0.49250075221061707
573440,2087.9966241771917,9.0,430.64227,500.0,159.24702,-1.0,0.114716984,1.0,0.4005308,0.05075359,-0.006304588,0.0012782186,-0.006943697,0.40575045,0.855849,0.14415094,0.029433962,0.49245908856391907
581632,2082.8831570638617,9.0,430.5878,500.0,159.39163,-1.0,0.11532738,1.0,0.40007836,0.051610243,-0.0055427477,0.00039263003,-0.005739062,0.32882875,0.8556548,0.14434524,0.029017856,0.4922090768814087
589824,2087.8831952925775,9.0,430.20322,500.0,159.86592,-1.0,0.11665444,1.0,0.40034094,0.052990146,-0.0050868164,0.0003622401,-0.0052679367,0.18099508,0.8547322,0.14526778,0.028613353,0.4919590651988983
598016,2091.1801897754385,9.0,429.89243,500.0,160.0666,-1.0,0.11696751,1.0,0.40130767,0.05261624,-0.005000798,0.0007322561,-0.005366925,0.51627713,0.8541516,0.14584838,0.028880866,0.4919363260269165
606208,2090.2769484741593,9.0,430.01425,500.0,159.81677,-1.0,0.116809115,1.0,0.40195686,0.05149391,-0.0032728876,0.00060803094,-0.003576903,0.31730023,0.8539886,0.1460114,0.029202279,0.49194949865341187
614400,2089.3442490848106,9.0,430.4138,500.0,159.41685,-1.0,0.11681914,1.0,0.40109634,0.051532086,-0.0022668873,0.0004260626,-0.0024799188,0.13497528,0.8543279,0.14567207,0.028852921,0.4916994869709015
622592,2090.2896647651132,9.0,429.77078,500.0,160.01723,-1.0,0.11911357,1.0,0.4021346,0.05312898,-0.006010283,0.0007829726,-0.00640177,0.28849235,0.85249305,0.14750692,0.028393352,0.4914494752883911
630784,2079.7294423292565,9.0,429.2131,500.0,160.60814,-1.0,0.12090164,1.0,0.40285897,0.054637033,-0.0042994265,0.0003197262,-0.00445929,0.07219333,0.8510929,0.14890711,0.028005464,0.49119946360588074
638976,2086.3252403011397,9.0,429.32727,500.0,160.35558,-1.0,0.12145749,1.0,0.4025372,0.054547448,-0.004906333,0.00033510136,-0.0050738845,-0.11495976,0.85087717,0.1491228,0.027665317,0.49094945192337036
647168,2089.6288768962036,9.0,429.501,500.0,160.15727,-1.0,0.12191872,1.0,0.40210047,0.054811757,-0.005792219,0.0006009735,-0.0060927058,0.34837338,0.8507662,0.14923385,0.027315123,0.49069944024086
655360,2088.559764051735,9.0,429.45462,500.0,160.30573,-1.0,0.12105263,1.0,0.40207216,0.054419532,-0.004186506,0.00075805327,-0.0045655323,0.17582272,0.8513158,0.1486842,0.027631579,0.49071261286735535
663552,2086.982545744503,9.0,429.55658,500.0,160.0755,-1.0,0.12093628,1.0,0.40277472,0.053417914,-0.00086150895,0.0007826484,-0.0012528329,0.091454715,0.85110533,0.14889467,0.027958388,0.4907403886318207
671744,2094.119973997609,9.0,429.87717,500.0,159.7195,-1.0,0.12090032,1.0,0.4019812,0.053352684,-0.0047351466,0.00021026818,-0.0048402804,-0.13813502,0.8514469,0.14855306,0.027652733,0.4904903769493103
679936,2082.8914905293486,9.0,430.12787,500.0,159.43323,-1.0,0.12086514,1.0,0.40120336,0.053242255,-0.003315946,0.00028592502,-0.0034589088,0.040211875,0.8517812,0.14821883,0.02735369,0.4902403652667999
688128,2091.573407085192,9.0,429.82727,500.0,159.84732,-1.0,0.12060302,1.0,0.40166444,0.053350627,-0.0042868555,0.00044774398,-0.0045107277,-0.32731676,0.8517588,0.1482412,0.027638191,0.4902403652667999
696320,2080.198332801575,9.0,430.1703,500.0,159.40024,-1.0,0.120571785,1.0,0.4009072,0.053024262,-0.003995833,0.00039110266,-0.004191384,-0.23546866,0.852082,0.14791796,0.027346177,0.48999035358428955
704512,2089.5358560636955,9.0,429.9558,500.0,159.62444,-1.0,0.12031922,1.0,0.40136155,0.05272734,-0.0038258133,0.00054327317,-0.0040974505,-0.20625338,0.8520565,0.14794353,0.027624309,0.48999035358428955
712704,2086.4814506378816,9.0,429.5182,500.0,160.0693,-1.0,0.121818185,1.0,0.40190044,0.053886708,-0.003037341,0.00037321597,-0.003223949,-0.30388874,0.8509091,0.14909092,0.027272727,0.4897403419017792
720896,2087.279590496439,9.0,429.31097,500.0,160.25133,-1.0,0.122828044,1.0,0.40207684,0.05461669,-0.006395415,0.0004438327,-0.006617332,-0.44052067,0.8502097,0.14979029,0.026962252,0.4894903302192688
729088,2060.347557854922,9.0,429.65994,500.0,159.77666,-1.0,0.123222746,1.0,0.40169197,0.054264486,-0.003920405,0.0004913175,-0.0041660643,0.031699393,0.85011846,0.14988151,0.026658768,0.4892403185367584
737280,2067.458779455946,9.0,429.2598,500.0,160.1708,-1.0,0.12346401,1.0,0.40255845,0.054264218,-0.0053734663,0.0005998246,-0.0056733787,-0.08569692,0.8496197,0.15038034,0.026916325,0.48922842741012573
745472,2057.6666282797532,9.0,429.03644,500.0,160.43608,-1.0,0.12434933,1.0,0.40261218,0.055119634,-0.0033690662,0.00055163057,-0.0036448813,-0.17872952,0.8490457,0.1509543,0.026604975,0.48897841572761536
753664,2064.367689035126,9.0,429.11786,500.0,160.30757,-1.0,0.12471396,1.0,0.4022337,0.055261627,-0.0051082484,0.00029066094,-0.0052535795,-0.17784429,0.84897023,0.15102975,0.02631579,0.488728404045105
761856,2063.3839855922333,9.0,429.3441,500.0,160.16866,-1.0,0.12450481,1.0,0.40133405,0.05554526,-0.004022491,0.00029181107,-0.0041683963,-0.4898563,0.8494624,0.15053764,0.026032824,0.4884783923625946
770048,2079.364322593198,9.0,429.4353,500.0,160.02493,-1.0,0.123809524,1.0,0.40142474,0.05534239,-0.0015255144,0.00072696037,-0.0018889947,-0.20891166,0.84985995,0.15014006,0.026330533,0.48850616812705994
778240,2084.0550420353343,9.0,429.10022,500.0,160.40553,-1.0,0.12513843,1.0,0.40190485,0.0565479,-0.0029828143,0.000557701,-0.003261665,0.07545193,0.8488372,0.15116279,0.026024364,0.48825615644454956
786432,2087.462321990234,9.0,428.25696,500.0,161.09303,-1.0,0.12684527,1.0,0.40403372,0.056923125,-0.004894105,0.00089430244,-0.005341256,0.05695071,0.8469109,0.15308912,0.026243849,0.4882235527038574
794624,2085.0359102837897,9.0,427.71713,500.0,161.45908,-1.0,0.12925906,1.0,0.40555036,0.057967022,-0.0015621518,0.00079689693,-0.0019606003,-0.43765256,0.844781,0.15521903,0.025959978,0.48797354102134705
802816,2091.6331218349046,9.0,428.15533,500.0,161.1069,-1.0,0.12854847,1.0,0.40428105,0.057864208,-0.0052002496,0.000108091015,-0.005254295,-0.78197676,0.8457418,0.15425816,0.025709694,0.48772352933883667
811008,2088.7367519373392,9.0,428.05463,500.0,161.13116,-1.0,0.12937434,1.0,0.4043983,0.0582099,-0.0048775193,0.0005125214,-0.0051337797,-0.625391,0.84517497,0.15482503,0.02545069,0.4874735176563263
819200,2085.7757128144212,9.0,427.7109,500.0,161.43504,-1.0,0.13064009,1.0,0.40489566,0.05904449,-0.002989571,0.00041014512,-0.0031946432,0.08807685,0.8441763,0.15582371,0.025183631,0.4872235059738159
827392,2082.758920577118,9.0,427.95065,500.0,161.2551,-1.0,0.13038962,1.0,0.40405235,0.059139516,-0.0066315047,0.00036026537,-0.006811638,0.38397688,0.8446753,0.15532468,0.024935065,0.48697349429130554
835584,2091.506184325308,8.0,427.9501,500.0,161.31323,-1.0,0.13065843,1.0,0.40369484,0.05962966,0.0002793118,0.00051240355,2.3110246e-05,-0.590754,0.8446502,0.15534979,0.024691358,0.48672348260879517
843776,2084.2750121123627,8.0,427.6351,500.0,161.6625,-1.0,0.129771,1.0,0.4047481,0.059054278,-0.0055336067,0.000741204,-0.0059042093,-0.4636031,0.8447837,0.15521629,0.025445292,0.4869496822357178
851968,2085.411758036741,8.0,427.64044,500.0,161.65681,-1.0,0.1301059,1.0,0.40448362,0.059322078,-0.008725894,0.00041237907,-0.008932084,-0.026397888,0.8446798,0.15532023,0.025214322,0.4866996705532074
860160,2089.8881589903644,8.0,427.69995,500.0,161.62245,-1.0,0.13030455,1.0,0.4040425,0.05958026,-0.004304084,0.00022277507,-0.0044154716,-0.74967045,0.8447329,0.1552671,0.024962556,0.486449658870697
868352,2090.1589486736757,8.0,427.4713,500.0,161.9076,-1.0,0.13006924,1.0,0.40447044,0.059525963,-0.0047531007,0.0006095521,-0.005057877,-0.16191678,0.8447082,0.1552918,0.025222551,0.4864628314971924
876544,2083.6472089163317,8.0,427.72906,500.0,161.63342,-1.0,0.13032827,1.0,0.40412658,0.05945781,-0.0045498786,0.00046571897,-0.004782738,0.10227232,0.844684,0.15531603,0.024987752,0.486212819814682
884736,2089.478166976118,8.0,427.20224,500.0,162.12665,-1.0,0.13191077,1.0,0.40494058,0.060542904,-0.0045183646,0.00075927103,-0.0048979996,-0.16997994,0.84335595,0.15664403,0.02473327,0.48596280813217163
892928,2088.033040761377,8.0,427.02545,500.0,162.17126,-1.0,0.13298127,1.0,0.40529627,0.060885746,-0.0037086755,0.00056087854,-0.0039891144,-0.27127078,0.8425348,0.15746519,0.024483917,0.48571279644966125
901120,2088.643429622393,8.0,426.6711,500.0,162.56747,-1.0,0.13403042,1.0,0.40564188,0.061903596,-0.0025646654,0.00069705053,-0.0029131905,-0.54148716,0.84173006,0.15826996,0.024239544,0.4854627847671509
909312,2084.0554212541306,8.0,426.30447,500.0,163.00706,-1.0,0.13411765,1.0,0.40628964,0.06223419,-0.0041881865,0.000617011,-0.0044966927,-0.0058859987,0.84141177,0.15858823,0.024470588,0.4854508936405182
917504,2085.4652988920607,8.0,426.09525,500.0,163.0162,-1.0,0.1353875,1.0,0.40695268,0.062388115,-0.0039151944,0.0008489238,-0.0043396563,-0.22779724,0.84033614,0.15966387,0.024276378,0.4852008819580078
925696,2082.4053569861476,8.0,426.30618,500.0,162.74399,-1.0,0.13552266,1.0,0.40652168,0.062288452,-0.004277424,0.0005440262,-0.0045494377,-0.7639685,0.84042555,0.15957446,0.024051804,0.48495087027549744
933888,2088.7775116464213,8.0,426.5523,500.0,162.49341,-1.0,0.1353211,1.0,0.40585184,0.0621454,-0.0041257422,0.00026805565,-0.0042597703,-0.77077,0.8408257,0.15917431,0.02385321,0.48470085859298706
942080,2044.6115724944093,8.0,425.90778,500.0,163.07526,-1.0,0.13721035,1.0,0.40698272,0.063421935,-0.0039531216,0.00095126784,-0.0044287555,0.029798213,0.839164,0.16083598,0.023625625,0.4844508469104767
950272,2085.8399086254326,8.0,424.79156,500.0,164.08331,-1.0,0.13836478,1.0,0.40955767,0.06369123,-0.0044422215,0.0012035216,-0.0050439825,-0.9540959,0.8373765,0.16262354,0.02425876,0.48460084199905396
958464,2090.6134736561835,8.0,424.745,500.0,164.10574,-1.0,0.1388518,1.0,0.4094338,0.06398676,-0.0030490938,0.00053366943,-0.0033159284,-0.73196507,0.8371162,0.16288385,0.024032043,0.4843508303165436
966656,2092.0219240209112,8.0,425.09845,500.0,163.70229,-1.0,0.13863134,1.0,0.40877232,0.06360718,-0.0044753714,0.00043078215,-0.004690762,0.0031010336,0.8375276,0.16247241,0.023841059,0.4841008186340332
974848,2082.445996176173,8.0,424.35678,500.0,164.42552,-1.0,0.139738,1.0,0.4101783,0.06436686,-0.0020754093,0.0009488041,-0.0025498113,-0.54341507,0.8362445,0.16375546,0.024017468,0.48405081033706665
983040,2084.637052460934,8.0,424.4634,500.0,164.33876,-1.0,0.13988739,1.0,0.4098275,0.06461634,-0.0013443984,0.0004338434,-0.0015613199,-0.8023007,0.83629274,0.16370723,0.023819836,0.4838007986545563
991232,2083.7900018557757,8.0,424.84567,500.0,163.99031,-1.0,0.13929492,1.0,0.40888062,0.06429524,-0.0016990621,0.0004145695,-0.0019063465,-1.1019462,0.8370593,0.16294067,0.023645744,0.4835507869720459
999424,2076.4356760230467,8.0,424.87628,500.0,163.80511,-1.0,0.13993174,1.0,0.40899777,0.06417327,-0.0031902636,0.0005501726,-0.0034653498,-1.0967478,0.8366041,0.16339591,0.023464164,0.4833007752895355
1007616,2080.79356402501,8.0,424.56998,500.0,164.15894,-1.0,0.13995771,1.0,0.4095447,0.06448426,-0.0029950165,0.00093764253,-0.0034638378,-1.4735155,0.8363636,0.16363636,0.023678647,0.48328888416290283
1015808,2091.4435488244703,8.0,423.92966,500.0,164.60226,-1.0,0.14237855,1.0,0.4111059,0.06537939,-0.003165408,0.0008609804,-0.003595898,-0.78384227,0.8341709,0.16582915,0.023450587,0.48303887248039246
1024000,2084.2987817738936,8.0,423.3001,500.0,165.20384,-1.0,0.14321294,1.0,0.41234156,0.065905645,-0.004866149,0.00095937186,-0.0053458344,-1.3418773,0.83312577,0.16687422,0.02366127,0.48302698135375977
1032192,2081.5814304074956,8.0,422.65887,500.0,165.6829,-1.0,0.14449918,1.0,0.4138094,0.06657797,-0.0034018974,0.001082428,-0.0039431113,-0.6104388,0.8316913,0.1683087,0.023809524,0.48296216130256653
1040384,2084.353277033528,8.0,421.3974,500.0,166.66895,-1.0,0.14831369,1.0,0.41647574,0.06843807,-0.0052263173,0.0015458439,-0.0059992396,-0.040486958,0.8281186,0.17188135,0.023567656,0.48271214962005615
1048576,2082.504559786337,8.0,421.33,500.0,166.60323,-1.0,0.14925373,1.0,0.41685742,0.068573244,-0.0018357714,0.0007401221,-0.0022058324,-0.6499597,0.8273497,0.17265026,0.023396531,0.4824621379375458
1056768,2083.0833049301914,8.0,420.9664,500.0,166.83803,-1.0,0.14994003,1.0,0.4178985,0.06845485,-0.0037703863,0.00087582524,-0.004208299,-1.2597959,0.8264694,0.1735306,0.023590563,0.48243939876556396
1064960,2090.3901289031,8.0,420.05664,500.0,167.60283,-1.0,0.1508911,1.0,0.42004737,0.06864615,-0.0029328323,0.0012000004,-0.0035328327,-0.60648143,0.8249505,0.1750495,0.024158416,0.48260605335235596
1073152,2081.5429686809,8.0,420.0216,500.0,167.41454,-1.0,0.15200314,1.0,0.4204955,0.06854542,-0.0065701734,0.0006846085,-0.006912478,-0.84171987,0.82403773,0.1759623,0.023959152,0.4823560416698456
1081344,2088.7184677248897,8.0,420.02768,500.0,167.20709,-1.0,0.15354638,1.0,0.42132494,0.06845476,-0.0062116277,0.00081568595,-0.0066194707,-0.9640291,0.8226812,0.17731878,0.02377241,0.4821060299873352
1089536,2084.8766271536256,8.0,419.70428,500.0,167.31503,-1.0,0.15461925,1.0,0.42266312,0.068299,-0.0033805221,0.00089046994,-0.0038257572,-1.4095261,0.82141477,0.17858523,0.023965985,0.4820941388607025
1097728,2094.3215213959797,8.0,419.40958,500.0,167.50267,-1.0,0.15517241,1.0,0.4235207,0.0682986,-0.004212064,0.000716963,-0.0045705456,-1.0037043,0.8206897,0.17931035,0.024137931,0.4820615351200104
1105920,2088.051312975569,8.0,418.45255,500.0,168.05817,-1.0,0.15755504,1.0,0.4258248,0.06890459,-0.0028566609,0.0012903264,-0.0035018236,-1.0475857,0.8181473,0.1818527,0.024297645,0.4820198714733124
1114112,2089.518701486811,8.0,418.15933,500.0,168.28973,-1.0,0.15856874,1.0,0.4261873,0.06956423,-0.004868661,0.0006512387,-0.005194281,-1.6721394,0.8173258,0.1826742,0.024105461,0.481769859790802
1122304,2082.701857564778,8.0,417.84677,500.0,168.52245,-1.0,0.15994021,1.0,0.42683947,0.07021598,-0.0024693669,0.00053495547,-0.0027368448,-1.1851352,0.8161435,0.1838565,0.023916293,0.4815198481082916
1130496,2091.57060605059,8.0,417.6977,500.0,168.67642,-1.0,0.15986647,1.0,0.42723387,0.07016888,-0.0012899323,0.00047234178,-0.001526103,-1.3561237,0.81602377,0.18397626,0.024109792,0.4815198481082916
1138688,2091.585629869434,8.0,417.36365,500.0,168.99867,-1.0,0.15936695,1.0,0.42812172,0.069744654,-0.0018924447,0.0007806113,-0.0022827503,-1.5571892,0.8159735,0.1840265,0.024659552,0.48174604773521423
1146880,2084.620737074358,8.0,417.45505,500.0,168.82741,-1.0,0.15972222,1.0,0.4280043,0.06967621,-0.0046116454,0.00041335102,-0.0048183207,-1.1712675,0.81578946,0.18421052,0.024488304,0.48149603605270386
1155072,2083.307490948063,8.0,416.71127,500.0,169.32924,-1.0,0.16136035,1.0,0.42956635,0.07018952,-0.006277157,0.0010786937,-0.006816504,-0.77033174,0.8140376,0.18596238,0.024602026,0.48142459988594055
1163264,2082.969904129307,8.0,416.05667,500.0,169.87576,-1.0,0.16319942,1.0,0.43051812,0.07146875,-0.005381124,0.0007144588,-0.0057383534,-0.8697483,0.81241035,0.18758968,0.024390243,0.4811745882034302
1171456,2087.6443244289603,8.0,415.60092,500.0,170.25569,-1.0,0.16447134,1.0,0.43108737,0.07233101,-0.0051201717,0.00063893624,-0.00543964,-1.5461035,0.8113208,0.18867925,0.024207903,0.4809245765209198
1179648,2088.0580382460275,8.0,415.57724,500.0,170.30241,-1.0,0.16472252,1.0,0.43088576,0.072663985,-0.0031582194,0.00035926697,-0.0033378527,-1.5703077,0.81124073,0.18875928,0.024036761,0.4806745648384094
1187840,2087.619336848937,8.0,415.59775,500.0,170.2629,-1.0,0.16497016,1.0,0.43068674,0.07278941,-0.0055877836,0.0004137199,-0.005794643,-1.6783466,0.8111618,0.18883818,0.023868024,0.48042455315589905
1196032,2090.940945682101,8.0,415.6009,500.0,170.26146,-1.0,0.16451725,1.0,0.43075714,0.072406866,-0.0049400935,0.00047004115,-0.0051751146,-1.3907541,0.81143254,0.18856744,0.024050191,0.48042455315589905
1204224,2084.825646511722,8.0,415.15152,500.0,170.60854,-1.0,0.1653407,1.0,0.43177462,0.072693095,-0.00380594,0.00074089214,-0.0041763857,-1.5542363,0.8104462,0.18955378,0.024213076,0.48040181398391724
1212416,2088.095472146837,8.0,414.91653,500.0,170.75542,-1.0,0.16626589,1.0,0.4321053,0.07317442,-0.001721116,0.00087741966,-0.0021598258,-1.736464,0.8096874,0.19031261,0.02404672,0.48015180230140686
1220608,2086.742233385069,8.0,414.6043,500.0,170.9784,-1.0,0.16734833,1.0,0.43250352,0.073852345,-0.004113026,0.0010658035,-0.004645927,-1.1895405,0.8087935,0.19120654,0.023858214,0.4799017906188965
1228800,2088.288500103929,8.0,414.04257,500.0,171.39381,-1.0,0.16796215,1.0,0.43406907,0.07370518,-0.0025429467,0.0012021398,-0.0031440165,-1.0006526,0.8077053,0.19229469,0.024332546,0.48005178570747375
1236992,2086.934250684378,8.0,413.9114,500.0,171.53418,-1.0,0.1671141,1.0,0.43457037,0.07301284,-0.0027809748,0.00072143815,-0.003141694,-1.7381318,0.8080537,0.19194631,0.024832215,0.48027798533439636
1245184,2091.380407889239,8.0,413.5679,500.0,171.74889,-1.0,0.16844207,1.0,0.4351287,0.07359032,-0.0042308066,0.0007102729,-0.0045859427,-1.1697451,0.8069241,0.1930759,0.024633821,0.480027973651886
1253376,2061.190738320425,8.0,412.92572,500.0,172.27695,-1.0,0.16837241,1.0,0.436881,0.07307243,-0.005475421,0.0009980918,-0.0059744664,-1.394578,0.80620664,0.19379333,0.02542093,0.4803779721260071
1261568,2074.9778274611394,8.0,412.85986,500.0,172.28815,-1.0,0.1690187,1.0,0.43702736,0.0733777,-0.005522853,0.0006572245,-0.0058514657,-1.2735746,0.80571055,0.19428946,0.025270758,0.4801279604434967
1269760,2068.356971514667,8.0,412.76785,500.0,172.28171,-1.0,0.16987284,1.0,0.4372962,0.07364444,-0.0026348773,0.00049387856,-0.0028818164,-1.8176811,0.80502117,0.1949788,0.025105966,0.47987794876098633
1277952,2071.827749968283,8.0,411.96347,500.0,172.8682,-1.0,0.1723246,1.0,0.43865556,0.07510601,-0.002516676,0.00077139423,-0.002902373,-1.303942,0.80278045,0.19721952,0.024894925,0.47962793707847595
1286144,2086.784436137867,8.0,411.55008,500.0,173.16269,-1.0,0.17297818,1.0,0.43945527,0.07530169,-0.004772122,0.00087167515,-0.0052079596,-1.5613917,0.80198973,0.19801027,0.025032092,0.4795953333377838
1294336,2085.439097704476,8.0,411.11218,500.0,173.48964,-1.0,0.1736775,1.0,0.44030008,0.075611055,-0.005006652,0.0006630111,-0.005338157,-1.8291849,0.8011472,0.19885278,0.025175272,0.479572594165802
1302528,2087.863657333027,8.0,410.4218,500.0,173.97206,-1.0,0.1756714,1.0,0.44128445,0.07672018,-0.0026611062,0.00082268444,-0.0030724485,-1.553963,0.7993681,0.20063192,0.024960505,0.4793225824832916
1310720,2078.022750409847,8.0,409.8222,500.0,174.3373,-1.0,0.17779869,1.0,0.44241568,0.077633835,-0.0020824326,0.0010263021,-0.0025955837,-1.5543777,0.79742867,0.20257133,0.024772655,0.47907257080078125
1318912,2088.32264222719,8.0,409.69012,500.0,174.40767,-1.0,0.17844908,1.0,0.4425052,0.077976115,-0.0034397636,0.0003731578,-0.0036263424,-1.6595364,0.796948,0.20305201,0.024602927,0.4788225591182709
1327104,2084.647423614624,8.0,409.40884,500.0,174.56783,-1.0,0.17951098,1.0,0.44293123,0.07850082,-0.0010931189,0.00079310156,-0.0014896694,-0.9617329,0.7960384,0.20396163,0.024450634,0.4785725474357605
1335296,2085.3051908047537,8.0,409.14444,500.0,174.71097,-1.0,0.181008,1.0,0.44362116,0.07903736,-0.005533867,0.0006372808,-0.005852508,-1.4007413,0.7947142,0.2052858,0.024277812,0.4783225357532501
1343488,2085.152320019672,8.0,408.55258,500.0,175.14433,-1.0,0.18226151,1.0,0.44475597,0.07966005,-0.0026865813,0.0006643515,-0.0030187569,-1.5983075,0.7933557,0.20664431,0.024382811,0.4782577157020569
1351680,2089.823967969737,8.0,408.39975,500.0,175.25662,-1.0,0.1832223,1.0,0.4450925,0.080201834,-0.003914493,0.0006766823,-0.0042528342,-1.3614902,0.79254997,0.20745003,0.02422774,0.4780077040195465
1359872,2087.887001431149,8.0,408.2275,500.0,175.2666,-1.0,0.18417093,1.0,0.44542253,0.08037971,-0.003884813,0.0007077543,-0.0042386902,-1.1537061,0.7917544,0.20824556,0.02407463,0.47775769233703613
1368064,2083.8913588081896,8.0,407.55426,500.0,175.70502,-1.0,0.18565023,1.0,0.44678262,0.08090146,-0.00483603,0.0007046984,-0.0051883794,-2.035828,0.79013455,0.20986547,0.024215247,0.4777349531650543
1376256,2085.932600673271,8.0,407.39282,500.0,175.76497,-1.0,0.18646081,1.0,0.44698203,0.081274666,-0.004887344,0.0006165919,-0.00519564,-1.703587,0.7894893,0.21051069,0.024049882,0.47748494148254395
1384448,2076.3834761401718,8.0,407.33255,500.0,175.775,-1.0,0.18707584,1.0,0.44707966,0.081500396,-0.0042120246,0.0005860711,-0.0045050606,-2.0755029,0.78902334,0.21097669,0.023900855,0.47723492980003357
1392640,2085.3873301437266,8.0,407.03723,500.0,176.0187,-1.0,0.18792143,1.0,0.4473258,0.08220648,-0.0048047677,0.00028417355,-0.0049468544,-2.4898577,0.78833187,0.21166813,0.023746701,0.4769849181175232
1400832,2083.60955527817,8.0,406.72003,500.0,176.17447,-1.0,0.18917346,1.0,0.44781104,0.08277978,-0.0050376775,0.00082387164,-0.0054496136,-1.532748,0.7872526,0.21274738,0.023573924,0.4767349064350128
1409024,2086.3980848711426,8.0,406.37848,500.0,176.31406,-1.0,0.19039352,1.0,0.44835123,0.08313589,-0.005097169,0.00056863524,-0.0053814864,-1.5537502,0.786169,0.21383102,0.0234375,0.47648489475250244
1417216,2087.6145169784622,8.0,405.90894,500.0,176.56593,-1.0,0.19218615,1.0,0.4492093,0.083910905,-0.0082426695,0.0006080712,-0.008546705,-1.5344174,0.78454465,0.21545532,0.023269175,0.47623488306999207
1425408,2080.084616258697,8.0,405.43225,500.0,176.77951,-1.0,0.19343795,1.0,0.45034432,0.08441033,-0.0067366106,0.0009199391,-0.00719658,-1.9367899,0.7831669,0.2168331,0.023395149,0.47619321942329407
1433600,2081.2639430451363,8.0,405.59467,500.0,176.66698,-1.0,0.19330117,1.0,0.44998562,0.08441089,-0.0042316206,0.0002894196,-0.0043763304,-2.4507697,0.78342324,0.21657678,0.023275618,0.4759432077407837
1441792,2079.2639088292717,8.0,405.50732,500.0,176.7189,-1.0,0.19384876,1.0,0.45005202,0.084774554,-0.0066563785,0.00038149292,-0.006847126,-2.313721,0.7830135,0.21698646,0.023137698,0.4756931960582733
1449984,2090.959777806447,8.0,405.00476,500.0,177.05586,-1.0,0.19551821,1.0,0.4508095,0.085736886,-0.0053522605,0.0009946006,-0.0058495607,-1.5949386,0.7815126,0.2184874,0.022969188,0.47544318437576294
1458176,2083.3710296199893,8.0,404.8171,500.0,177.17175,-1.0,0.19626948,1.0,0.45100424,0.08614754,-0.0037849518,0.00069489126,-0.0041323975,-2.1046433,0.780902,0.219098,0.022828508,0.47519317269325256
1466368,2084.536887604992,8.0,404.8804,500.0,177.133,-1.0,0.19629015,1.0,0.4507378,0.08624425,-0.007642316,0.00029974023,-0.007792186,-2.2202892,0.78100777,0.21899225,0.022702103,0.4749431610107422
1474560,2088.2249149616196,8.0,404.68408,500.0,177.29814,-1.0,0.19702807,1.0,0.4509294,0.086859085,-0.0039808154,0.00030491297,-0.004133272,-2.2255304,0.78040725,0.21959274,0.022564666,0.4746931493282318
1482752,2082.348691943558,8.0,404.09918,500.0,177.82124,-1.0,0.19836065,1.0,0.45146698,0.08820567,-0.0039956253,0.00049485953,-0.0042430554,-2.1344178,0.77923495,0.22076502,0.02240437,0.47444313764572144
1490944,2082.968010011417,8.0,403.23508,500.0,178.51738,-1.0,0.20037961,1.0,0.45243365,0.08987803,-0.004941759,0.00075130805,-0.0053174132,-2.1052966,0.7773861,0.22261389,0.022234274,0.47419312596321106
1499136,2084.168055344182,8.0,402.11966,500.0,179.3721,-1.0,0.20301156,1.0,0.45375735,0.091884755,-0.0062110666,0.000726357,-0.0065742456,-2.0130754,0.7749395,0.2250605,0.022048937,0.4739431142807007
1507328,2089.1764312594005,8.0,401.76108,500.0,179.59961,-1.0,0.2041689,1.0,0.45421445,0.092550896,-0.008098246,0.0006358188,-0.008416155,-1.959062,0.7739177,0.22608231,0.021913415,0.4736931025981903
1515520,2083.145314375758,8.0,401.46198,500.0,179.8387,-1.0,0.20494418,1.0,0.4544622,0.093221605,-0.0058999783,0.00037831726,-0.006089136,-1.9940003,0.7732589,0.22674109,0.021796916,0.47344309091567993
1523712,2076.6093599105093,8.0,401.06125,500.0,180.16985,-1.0,0.20543966,1.0,0.45504764,0.09372129,-0.003204518,0.0005723872,-0.0034907116,-2.3303695,0.77264327,0.22735675,0.021917084,0.4733930826187134
1531904,2082.130516157783,8.0,400.46173,500.0,180.65065,-1.0,0.20686942,1.0,0.4556296,0.09497932,-0.004807573,0.00044940077,-0.005032273,-2.5101595,0.7713686,0.22863136,0.02176193,0.473143070936203
1540096,2085.256593687997,8.0,399.5554,500.0,181.29927,-1.0,0.20982839,1.0,0.4571238,0.09679176,-0.0038491553,0.0005780587,-0.0041381847,-1.5581962,0.76859075,0.23140925,0.021580864,0.4728930592536926
1548288,2076.31019996361,8.0,399.0284,500.0,181.6898,-1.0,0.21094759,1.0,0.45806763,0.097473964,-0.003309281,0.00082622305,-0.0037223925,-1.7944577,0.7673638,0.2326362,0.021688614,0.4728282392024994
1556480,2085.2596309414344,8.0,398.75763,500.0,181.84184,-1.0,0.21181001,1.0,0.45834348,0.09795915,-0.0037038464,0.0002948534,-0.0038512733,-2.8474038,0.76662385,0.23337613,0.02156611,0.472578227519989
1564672,2082.4430933242825,8.0,398.41818,500.0,182.10841,-1.0,0.21266276,1.0,0.4586145,0.09873291,-0.004871236,0.0003067273,-0.0050246,-2.2786577,0.76589227,0.23410773,0.021444984,0.47232821583747864
1572864,2080.711786159334,8.0,398.14008,500.0,182.26283,-1.0,0.21365136,1.0,0.45894796,0.09925524,-0.004210164,0.0005797717,-0.0045000496,-2.4226418,0.76503426,0.23496574,0.021314388,0.47207820415496826
1581056,2077.3220942661605,8.0,397.3985,500.0,182.83075,-1.0,0.21536525,1.0,0.45967427,0.100707285,-0.004662959,0.00040799938,-0.004866959,-2.9716225,0.7634761,0.23652393,0.02115869,0.4718281924724579
1589248,2083.901848931128,8.0,396.8989,500.0,183.13484,-1.0,0.21671672,1.0,0.46020934,0.101475805,-0.004036169,0.0007133508,-0.0043928446,-2.3185554,0.7622623,0.23773775,0.021021022,0.4715781807899475
1597440,2086.7389383470836,8.0,397.0097,500.0,183.03398,-1.0,0.21668743,1.0,0.45997506,0.10138639,-0.0012218035,0.0003756521,-0.0014096296,-2.6168027,0.76239103,0.23760897,0.020921545,0.47132816910743713
1605632,2066.184703646363,8.0,396.67978,500.0,183.2237,-1.0,0.21768202,1.0,0.46032742,0.10194946,-0.0030055307,0.0004343525,-0.0032227067,-2.2920349,0.7615156,0.2384844,0.020802377,0.47107815742492676
1613824,2066.9285939911956,8.0,396.20773,500.0,183.49702,-1.0,0.21904996,1.0,0.46088594,0.10274044,-0.0062088,0.00064378825,-0.0065306937,-2.4179258,0.76027566,0.23972434,0.020674378,0.4708281457424164
1622016,2076.5964330135416,8.0,396.02594,500.0,183.66367,-1.0,0.2195301,1.0,0.46092582,0.1033281,-0.0055664326,0.00034613712,-0.005739501,-2.7386098,0.7599119,0.2400881,0.020558003,0.470578134059906
1630208,2067.2674684227904,8.0,395.79196,500.0,183.8349,-1.0,0.22019465,1.0,0.4610693,0.10389471,-0.0059633506,0.00051317224,-0.006219937,-2.6975524,0.7593674,0.24063261,0.020437956,0.47032812237739563
1638400,2070.009780087499,8.0,395.39413,500.0,183.97633,-1.0,0.22163078,1.0,0.46169144,0.1043075,-0.0042794384,0.0006814797,-0.0046201777,-2.4328873,0.758045,0.241955,0.020324219,0.47007811069488525
1646592,2071.271348197531,8.0,394.7712,500.0,184.42654,-1.0,0.22278298,1.0,0.46260816,0.105116874,-0.0052231257,0.00047888808,-0.0054625697,-2.8294282,0.7567892,0.24321076,0.020427782,0.47000667452812195
1654784,2080.898284360186,8.0,393.64285,500.0,185.13947,-1.0,0.22563736,1.0,0.46392915,0.1070012,-0.0054266006,0.00096306927,-0.005908136,-2.1014957,0.7541101,0.24588992,0.020252561,0.4697566628456116
1662976,2079.073677764725,8.0,393.27853,500.0,185.42618,-1.0,0.2257224,1.0,0.4647413,0.10729641,-0.005581082,0.0009258345,-0.0060439995,-2.5476022,0.7536712,0.24632876,0.020606348,0.46990665793418884
1671168,2071.8426164267134,8.0,392.89566,500.0,185.66074,-1.0,0.2268017,1.0,0.46512625,0.10796931,-0.003419638,0.0005402326,-0.0036897538,-2.9912565,0.75270844,0.24729156,0.020489873,0.46965664625167847
1679360,2065.6266094170323,8.0,392.86545,500.0,185.72148,-1.0,0.22691046,1.0,0.46498358,0.108281374,-0.0032121753,0.00017866076,-0.003301506,-3.0100102,0.75269574,0.24730426,0.020393811,0.4694066345691681
1687552,2077.1722752458,8.0,392.25186,500.0,186.06615,-1.0,0.2276328,1.0,0.4661423,0.10858353,-0.0027281162,0.0009859254,-0.003221079,-2.6690462,0.75163096,0.24836905,0.020736253,0.4695412516593933
1695744,2069.4038757290623,8.0,391.7389,500.0,186.39877,-1.0,0.22893518,1.0,0.46661285,0.10950318,-0.007231623,0.0006074786,-0.0075353626,-2.8393319,0.75046295,0.24953704,0.020601852,0.46929123997688293
1703936,2078.114623288657,8.0,391.01105,500.0,186.85146,-1.0,0.23073384,1.0,0.4673794,0.11067552,-0.0038087042,0.00082543335,-0.004221421,-1.9138926,0.7487923,0.25120774,0.02047389,0.46904122829437256
1712128,2070.973100048532,8.0,390.56787,500.0,187.10953,-1.0,0.23194699,1.0,0.46778625,0.11141154,-0.0029334174,0.00096134667,-0.0034140907,-1.5913239,0.7477148,0.25228518,0.020338207,0.4687912166118622
1720320,2068.799571593865,8.0,390.10724,500.0,187.35576,-1.0,0.23375738,1.0,0.46856272,0.11214722,-0.008213517,0.00085879304,-0.008642914,-1.9266442,0.74602455,0.25397545,0.020218082,0.4685412049293518
1728512,2069.846799327427,8.0,389.78577,500.0,187.4903,-1.0,0.23480226,1.0,0.46893087,0.11256424,-0.0025567228,0.00044843138,-0.0027809385,-2.9055097,0.74508476,0.25491527,0.020112995,0.46829119324684143
1736704,2053.5993737789104,8.0,390.12943,500.0,187.30623,-1.0,0.23407607,1.0,0.4683455,0.11225578,-0.0038804365,0.00019758426,-0.003979229,-3.5083466,0.7458924,0.2541076,0.02003151,0.46804118156433105
1744896,2054.571310551416,8.0,389.47595,500.0,187.75067,-1.0,0.23574145,1.0,0.46901977,0.11359217,-0.0039607566,0.0005511052,-0.004236309,-2.8269153,0.7443525,0.2556475,0.01990606,0.4677911698818207
1753088,2061.24390826099,8.0,388.88846,500.0,188.08847,-1.0,0.23755555,1.0,0.46976426,0.114627674,-0.0077429856,0.0007125588,-0.008099264,-2.6262326,0.74266666,0.25733334,0.019777779,0.4675411581993103
1761280,2062.8295084845017,8.0,388.8571,500.0,188.16856,-1.0,0.23716815,1.0,0.46983236,0.11459613,-0.00063642755,0.00022134745,-0.00074710103,-3.5143604,0.74292034,0.25707966,0.019911505,0.4675411581993103
1769472,2067.1307860625475,8.0,388.77206,500.0,188.25414,-1.0,0.23739265,1.0,0.46976188,0.11491486,-0.0021576388,0.00042679487,-0.0023710362,-2.9829512,0.74278796,0.25721207,0.019819424,0.4672911465167999
1777664,2083.156681069618,8.0,388.77722,500.0,188.27502,-1.0,0.23745893,1.0,0.46957707,0.11511042,-0.005750314,0.00031971923,-0.005910173,-2.942207,0.74282587,0.25717416,0.019715225,0.46704113483428955
1785856,2083.439751751049,8.0,388.6979,500.0,188.30626,-1.0,0.23779425,1.0,0.46955395,0.11528179,-0.0033831063,0.00034285084,-0.0035545318,-3.048287,0.74258935,0.25741065,0.019616392,0.4667911231517792
1794048,2062.470050467874,8.0,387.7041,500.0,188.89598,-1.0,0.24025974,1.0,0.47063363,0.11689102,-0.0049810186,0.00088974106,-0.0054258895,-2.4417105,0.74025977,0.25974026,0.019480519,0.4665411114692688
1802240,2083.102627233161,8.0,387.0611,500.0,189.22003,-1.0,0.24203959,1.0,0.47136268,0.11779797,-0.0018054738,0.00069524854,-0.0021530981,-1.7291381,0.7385973,0.26140276,0.019363167,0.4662910997867584
1810432,2078.4845849492976,8.0,386.3532,500.0,189.62581,-1.0,0.2439598,1.0,0.47215423,0.118959256,-0.0046674567,0.0006655641,-0.0050002392,-2.3036263,0.7367971,0.2632029,0.019243104,0.46604108810424805
1818624,2074.308525436734,7.0,385.95258,500.0,189.90855,-1.0,0.24495003,1.0,0.47246474,0.11986248,-0.004065388,0.0007425153,-0.0044366457,-2.8823855,0.7359132,0.26408675,0.019136721,0.46579107642173767
1826816,2084.6294638772706,7.0,385.27515,500.0,190.30052,-1.0,0.24661876,1.0,0.47311398,0.12095693,-0.00715979,0.0005731884,-0.007446384,-3.0235982,0.73436177,0.2656382,0.019019442,0.4655410647392273
1835008,2068.0123877051997,7.0,384.5416,500.0,190.69891,-1.0,0.2485294,1.0,0.47389624,0.122120194,-0.004195394,0.0008243263,-0.0046075573,-2.8636463,0.732563,0.26743698,0.018907564,0.4652910530567169
1843200,2078.8823494889216,7.0,383.61618,500.0,191.26683,-1.0,0.25073007,1.0,0.47477517,0.123824365,-0.0034108101,0.0005311076,-0.003676364,-3.0407481,0.73049647,0.26950353,0.018773466,0.46504104137420654
1851392,2073.1195539018204,7.0,383.17587,500.0,191.55971,-1.0,0.25197014,1.0,0.47519478,0.12479373,-0.0041399496,0.0003706309,-0.004325265,-3.049445,0.7293654,0.2706346,0.018664455,0.46479102969169617
1859584,2076.4676748449256,7.0,382.90656,500.0,191.69951,-1.0,0.25273365,1.0,0.4753901,0.12527403,-0.0025827545,0.00040144613,-0.0027834778,-2.8395803,0.72869813,0.27130184,0.018568186,0.4645410180091858
1867776,2068.816138526479,7.0,382.2233,500.0,192.03128,-1.0,0.25466475,1.0,0.47614968,0.126315,-0.005000492,0.00085261697,-0.0054268003,-2.227952,0.72688127,0.27311873,0.018453967,0.4642910063266754
1875968,2084.241381496175,7.0,381.4959,500.0,192.41618,-1.0,0.25611246,1.0,0.47707564,0.12719016,-0.00013620644,0.00081674807,-0.0005445805,-2.999432,0.7253464,0.2746536,0.018541157,0.46420228481292725
1884160,2078.726646090585,7.0,381.0391,500.0,192.67407,-1.0,0.25729334,1.0,0.47745723,0.12804867,-0.0052561876,0.0005518533,-0.005532114,-2.4737236,0.72427064,0.27572933,0.018435981,0.46395227313041687
1892352,2084.1114207446,7.0,380.54492,500.0,193.02132,-1.0,0.2576551,1.0,0.4782664,0.12884054,-0.0011491976,0.0008926132,-0.0015955043,-2.483633,0.72361,0.27639002,0.018734891,0.46405941247940063
1900544,2092.213003275897,7.0,380.0114,500.0,193.24933,-1.0,0.25911823,1.0,0.47880113,0.12950762,-0.0028745972,0.000745005,-0.0032471,-2.6980991,0.7222445,0.2777555,0.018637275,0.46380940079689026
1908736,2080.916683967396,7.0,379.93,500.0,193.27019,-1.0,0.2596729,1.0,0.47889358,0.1296983,-0.006087798,0.0004490367,-0.006312316,-3.094424,0.72177905,0.27822098,0.018548066,0.4635593891143799
1916928,2088.243190534133,7.0,379.87387,500.0,193.30058,-1.0,0.25998014,1.0,0.4788861,0.12989025,-0.0034484628,0.00032638136,-0.0036116533,-3.3427525,0.72154915,0.27845085,0.018470705,0.4633093774318695
1925120,2083.5014034029005,7.0,379.63025,500.0,193.40993,-1.0,0.26067194,1.0,0.47904173,0.13022634,-0.0055512735,0.00029626238,-0.0056994045,-3.2902374,0.72094864,0.2790514,0.018379446,0.46305936574935913
1933312,2083.310901474166,7.0,379.394,500.0,193.53505,-1.0,0.26130554,1.0,0.47916168,0.13062198,-0.0032955601,0.0004345377,-0.0035128293,-3.086751,0.720409,0.27959102,0.018285489,0.46280935406684875
1941504,2078.9053673981957,7.0,379.1307,500.0,193.68892,-1.0,0.26198396,1.0,0.47931248,0.1311493,-0.0026075006,0.00060997717,-0.0029124892,-3.2820785,0.71982,0.28018,0.018196048,0.4625593423843384
1949696,2078.547452553133,7.0,379.02628,500.0,193.71815,-1.0,0.26207164,1.0,0.47957742,0.13103236,-0.0046077007,0.00090363505,-0.0050595184,-2.7640965,0.7196262,0.28037384,0.01830218,0.4625093340873718
1957888,2083.422697122787,7.0,378.69702,500.0,193.80377,-1.0,0.26327005,1.0,0.47997805,0.13140082,-0.0040479293,0.0007904376,-0.004443148,-2.9249709,0.7185199,0.28148004,0.018209996,0.46225932240486145
1966080,2091.1604627926713,7.0,378.36932,500.0,194.00198,-1.0,0.26407093,1.0,0.48018223,0.13206646,-0.0055793496,0.0007073618,-0.00593303,-2.9640682,0.71781033,0.28218967,0.018118735,0.4620093107223511
1974272,2083.8553393104535,7.0,377.95203,500.0,194.2116,-1.0,0.26515734,1.0,0.48054087,0.13274187,-0.0026067458,0.00044755044,-0.0028305212,-3.4901202,0.71680737,0.28319263,0.018035304,0.4617592990398407
1982464,2089.809859184912,7.0,377.5472,500.0,194.44025,-1.0,0.2661706,1.0,0.4808272,0.13351783,-0.003841247,0.0006195132,-0.0041510034,-3.1372292,0.7158939,0.28410608,0.017935509,0.4615092873573303
1990656,2086.870621235625,7.0,377.49487,500.0,194.44156,-1.0,0.2664386,1.0,0.48080865,0.13359305,-0.001408308,0.00042005838,-0.0016183372,-3.3547626,0.71569747,0.28430253,0.01786393,0.46125927567481995
1998848,2089.7325820132014,7.0,377.4109,500.0,194.50328,-1.0,0.26674235,1.0,0.4807874,0.13390663,-0.0038626953,0.00047669065,-0.004101041,-3.3083727,0.71547484,0.28452516,0.017782822,0.46100926399230957
2007040,2086.683684645037,7.0,376.7585,500.0,194.91136,-1.0,0.26819634,1.0,0.4812747,0.13521013,-0.0037053614,0.00079574285,-0.0041032336,-2.8070776,0.7141245,0.2858755,0.017679142,0.4607592523097992
2015232,2087.2561331839925,7.0,376.5158,500.0,195.03368,-1.0,0.26848903,1.0,0.48163944,0.13534938,-0.0027268347,0.0007124562,-0.0030830626,-2.6886513,0.713724,0.28627598,0.017786931,0.4607175886631012
2023424,2083.8438386102816,7.0,376.34967,500.0,195.11731,-1.0,0.26859275,1.0,0.481911,0.13554262,-0.0076673776,0.0005844803,-0.007959617,-3.1557548,0.7135135,0.28648648,0.017893756,0.4606759250164032
2031616,2091.4594619600434,7.0,376.35367,500.0,195.06088,-1.0,0.26888105,1.0,0.48188397,0.13550064,0.0005087488,0.0007273817,0.00014505803,-2.6280425,0.7133049,0.28669512,0.017814066,0.4604259133338928
2039808,2085.921963462455,7.0,376.1622,500.0,195.18378,-1.0,0.26935157,1.0,0.48194548,0.13593538,-0.004238671,0.00074691477,-0.0046121283,-3.272741,0.71291333,0.28708664,0.017735083,0.46017590165138245
2048000,2090.4790286426405,7.0,375.91507,500.0,195.29063,-1.0,0.2700864,1.0,0.4821207,0.13633351,-0.006729487,0.000939143,-0.0071990583,-2.747618,0.7122633,0.2877367,0.017650302,0.45992588996887207
2056192,2082.4962294167076,7.0,375.5581,500.0,195.40263,-1.0,0.27099726,1.0,0.48275912,0.1364396,-0.005394815,0.0012272738,-0.006008452,-2.258995,0.7112534,0.28874657,0.017749313,0.4598681926727295
2064384,2080.704100126472,7.0,375.3784,500.0,195.48927,-1.0,0.2716342,1.0,0.48290005,0.13677363,-0.006181232,0.00081569323,-0.006589079,-2.454556,0.71069413,0.2893059,0.017671706,0.4596181809902191
2072576,2084.5055248310423,7.0,375.26913,500.0,195.6001,-1.0,0.27185348,1.0,0.4828378,0.13721244,-0.0055842875,0.00061236555,-0.00589047,-3.500434,0.71055496,0.28944504,0.017591584,0.45936816930770874
2080768,2093.8771219939517,7.0,375.11935,500.0,195.67674,-1.0,0.27193934,1.0,0.48309436,0.13720438,-0.0024657627,0.00077826437,-0.0028548948,-2.8277473,0.71036476,0.28963524,0.017695919,0.45932650566101074
2088960,2082.790735826595,7.0,374.55496,500.0,196.04834,-1.0,0.27316812,1.0,0.48347536,0.13847227,-0.006955192,0.0005879921,-0.0072491877,-2.5434854,0.7092313,0.29076868,0.017600575,0.45907649397850037
2097152,2088.14242503855,7.0,374.2321,500.0,196.24402,-1.0,0.27355623,1.0,0.48386425,0.13882692,-0.004396515,0.00065086,-0.004721945,-3.4890022,0.7087431,0.29125693,0.017700698,0.4590264856815338
2105344,2086.5070445046354,7.0,374.2331,500.0,196.18625,-1.0,0.2738604,1.0,0.4838567,0.13877569,-0.003104549,0.00051001017,-0.0033595539,-3.5673935,0.7085114,0.29148862,0.017628206,0.45877647399902344
2113536,2088.455159778673,7.0,374.09998,500.0,196.27988,-1.0,0.2738876,1.0,0.48407423,0.13888775,-0.0065091494,0.0006352071,-0.006826753,-3.3271532,0.70838505,0.29161495,0.017727353,0.4587264657020569
2121728,2084.2240608879515,7.0,373.77002,500.0,196.44667,-1.0,0.27444404,1.0,0.48453665,0.13920392,-0.0077092466,0.0007364841,-0.008077488,-3.1121695,0.7077303,0.29226968,0.017825626,0.45867645740509033
2129920,2088.1091770970115,7.0,373.38443,500.0,196.64343,-1.0,0.27555323,1.0,0.4848707,0.13990672,-0.00584191,0.00068382575,-0.0061838226,-2.7742088,0.7067088,0.29329118,0.01773797,0.45842644572257996
2138112,2084.614286875688,7.0,373.32587,500.0,196.7183,-1.0,0.27566907,1.0,0.48477712,0.14023516,-0.006946645,0.000324068,-0.007108678,-3.3835049,0.7066643,0.29333568,0.017666608,0.4581764340400696
2146304,2082.7134719067635,7.0,372.89072,500.0,196.94975,-1.0,0.27671424,1.0,0.48507562,0.14099462,-0.0048522977,0.00090088433,-0.0053027403,-2.5168753,0.7057083,0.29429168,0.017577445,0.4579264223575592
2154496,2077.321089540234,7.0,372.00363,500.0,197.39601,-1.0,0.27884448,1.0,0.48583156,0.14245676,-0.0052559483,0.0009546558,-0.005733276,-2.0669665,0.7036845,0.29631552,0.017471027,0.45767641067504883
2162688,2090.023290798359,7.0,371.66132,500.0,197.60742,-1.0,0.27961433,1.0,0.48601416,0.14320247,-0.00283835,0.0007103054,-0.0031935023,-3.3251932,0.7029959,0.29700413,0.017389808,0.45742639899253845
2170880,2085.8419345930597,7.0,371.66605,500.0,197.58315,-1.0,0.27975985,1.0,0.4859451,0.14323053,-0.0045701447,0.0004415258,-0.0047909077,-3.500918,0.70291597,0.29708403,0.017324185,0.4571763873100281
2179072,2082.7417508463022,7.0,371.53143,500.0,197.65004,-1.0,0.28015032,1.0,0.4859758,0.14352788,-0.0055769808,0.000839947,-0.005996955,-2.8860357,0.7025965,0.29740348,0.01725316,0.4569263756275177
2187264,2086.5402414453933,7.0,371.64926,500.0,197.59906,-1.0,0.27995235,1.0,0.4857532,0.14347044,-0.0022777168,0.00026706138,-0.0024112475,-3.487721,0.7028591,0.29714093,0.017188564,0.4566763639450073
2195456,2098.0285262000634,7.0,370.42587,500.0,198.26463,-1.0,0.28267118,1.0,0.48674288,0.14560328,-0.0047928854,0.0008057927,-0.0051957816,-2.9870336,0.7002536,0.2997464,0.017075233,0.45642635226249695
2203648,2086.6449074180914,7.0,370.0924,500.0,198.4419,-1.0,0.28323796,1.0,0.48718184,0.14606251,-0.007993504,0.0006863034,-0.008336655,-3.1152914,0.6995961,0.3004039,0.017165937,0.4563615322113037
2211840,2090.434132693203,7.0,369.7974,500.0,198.54938,-1.0,0.28372717,1.0,0.48759538,0.14615525,-0.0030506982,0.0005323453,-0.0033168704,-3.534061,0.6990112,0.30098876,0.017261606,0.45631152391433716
2220032,2086.809403735223,7.0,369.1965,500.0,198.9189,-1.0,0.285,1.0,0.48796347,0.14741437,-0.0020921384,0.0005626086,-0.002373443,-3.3953178,0.69783336,0.30216667,0.017166667,0.4560615122318268
2228224,2087.76165989739,7.0,368.29214,500.0,199.41388,-1.0,0.28668433,1.0,0.48881993,0.14881712,-0.0064656995,0.0006283343,-0.0067798663,-3.3203993,0.6960914,0.3039086,0.017224247,0.4559430778026581
2236416,2078.3065645288557,7.0,367.9713,500.0,199.63658,-1.0,0.28733927,1.0,0.48894265,0.14963777,-0.0023525276,0.00037154963,-0.0025383022,-3.625575,0.695516,0.304484,0.017144741,0.4556930661201477
2244608,2073.827766447553,7.0,367.87195,500.0,199.68404,-1.0,0.28730914,1.0,0.4891213,0.14960776,-0.0011099135,0.0008050951,-0.0015124606,-2.886659,0.69545233,0.3045477,0.017238548,0.45564305782318115
2252800,2088.3381271269104,7.0,367.45343,500.0,199.92705,-1.0,0.2882353,1.0,0.48935613,0.15047285,-0.0059057726,0.00039686006,-0.006104203,-3.2198281,0.69460785,0.30539215,0.017156864,0.4553930461406708
2260992,2083.2932173859053,7.0,366.9766,500.0,200.16331,-1.0,0.28873354,1.0,0.49005875,0.15074538,-0.002094411,0.001066645,-0.0026277336,-2.3886936,0.6938709,0.3061291,0.017395545,0.4554656147956848
2269184,2084.815906077236,7.0,366.70395,500.0,200.37558,-1.0,0.28892845,1.0,0.49031782,0.15127383,-0.00037908676,0.00068838324,-0.0007232784,-3.4620538,0.69359016,0.30640984,0.017481385,0.4554007947444916
2277376,2082.099478089554,7.0,366.52573,500.0,200.471,-1.0,0.2893761,1.0,0.49036664,0.15163787,-0.007947123,0.00039896296,-0.008146604,-3.4895673,0.693213,0.30678704,0.01741093,0.4551507830619812
2285568,2080.900804835091,7.0,365.94196,500.0,200.82523,-1.0,0.2902967,1.0,0.49090573,0.15265045,-0.0048620477,0.0004642781,-0.0050941864,-3.4185224,0.69222134,0.30777866,0.017481957,0.4550570249557495
2293760,2088.317946032494,7.0,365.7839,500.0,200.92093,-1.0,0.2906884,1.0,0.490925,0.15305246,-0.0049551665,0.0002926874,-0.0051015103,-3.6855488,0.6919023,0.30809775,0.01740936,0.45480701327323914
2301952,2087.876344278118,7.0,365.59747,500.0,201.01506,-1.0,0.29118958,1.0,0.4909862,0.1534677,-0.0053806584,0.0003559002,-0.005558609,-3.5911188,0.6914758,0.30852416,0.017334606,0.45455700159072876
2310144,2091.2023353479062,7.0,365.47528,500.0,201.09677,-1.0,0.29157427,1.0,0.49100426,0.15389699,-0.0030366492,0.00052433566,-0.003298817,-2.7385902,0.69116247,0.3088375,0.017263224,0.4543069899082184
2318336,2084.8391820717998,7.0,364.79883,500.0,201.41086,-1.0,0.2931632,1.0,0.49148762,0.15495853,-0.006679093,0.00069855934,-0.007028374,-3.0536296,0.68966603,0.31033397,0.017170763,0.454056978225708
2326528,2088.3674475251137,7.0,364.08932,500.0,201.78853,-1.0,0.2947814,1.0,0.49198502,0.15632074,-0.0001895157,0.0004409338,-0.00040998246,-3.4089167,0.68813664,0.31186333,0.017081963,0.45380696654319763
2334720,2086.881014625467,7.0,363.89435,500.0,201.88277,-1.0,0.295302,1.0,0.49206096,0.15674242,-0.0037925954,0.00026830952,-0.00392675,-3.536232,0.6876854,0.31231466,0.017012643,0.45355695486068726
2342912,2083.244335075305,7.0,363.84558,500.0,201.92172,-1.0,0.29544395,1.0,0.491991,0.15693367,-0.006974426,0.0002582283,-0.0071035395,-3.49745,0.68760693,0.3123931,0.016949153,0.4533069431781769
2351104,2080.6859562741365,7.0,363.7603,500.0,201.99403,-1.0,0.2956306,1.0,0.4919458,0.1572541,-0.0038378462,0.00039070894,-0.0040332004,-3.2837555,0.6874806,0.31251937,0.01688875,0.4530569314956665
2359296,2090.9512524108345,7.0,363.255,500.0,202.24994,-1.0,0.29648474,1.0,0.49244368,0.15792194,-0.0071721105,0.0010793885,-0.0077118045,-2.8291352,0.6865557,0.31344435,0.016959606,0.4529631733894348
2367488,2087.5540168132006,7.0,363.06787,500.0,202.35,-1.0,0.2969902,1.0,0.49251476,0.15837388,-0.0035524075,0.0006657031,-0.0038852585,-3.5311456,0.68611795,0.31388205,0.016891891,0.45271316170692444
2375680,2093.923314410891,7.0,362.81366,500.0,202.48877,-1.0,0.29758263,1.0,0.49263263,0.158922,-0.00069378014,0.00063860824,-0.0010130844,-2.8622818,0.6855875,0.31441247,0.016829865,0.45246315002441406
2383872,2082.859672201704,7.0,362.88016,500.0,202.48601,-1.0,0.29745388,1.0,0.49245992,0.15900728,-0.0022000424,0.0005118337,-0.0024559596,-3.1045723,0.6857753,0.31422472,0.016770849,0.4522131383419037
2392064,2087.013222507795,7.0,362.48398,500.0,202.68993,-1.0,0.297769,1.0,0.4930504,0.15940294,-0.0034111692,0.001052847,-0.0039375927,-3.390318,0.68523294,0.31476703,0.016998027,0.4522964656352997
2400256,2083.853696345514,7.0,362.09076,500.0,202.8898,-1.0,0.29839927,1.0,0.49344283,0.15992752,-0.0023045307,0.000667069,-0.0026380653,-3.4807255,0.6845364,0.3154636,0.017064331,0.45219796895980835
2408448,2082.4813358916454,7.0,361.40762,500.0,203.23831,-1.0,0.29963952,1.0,0.494065,0.16100685,-0.00020307073,0.0010002473,-0.0007031946,-3.2553852,0.6832382,0.3167618,0.01712226,0.452086865901947
2416640,2085.7421603633493,7.0,360.82523,500.0,203.52838,-1.0,0.30064285,1.0,0.49461251,0.16180195,-0.005454776,0.0004276884,-0.0056686196,-3.474115,0.6821647,0.31783524,0.017192405,0.45199814438819885
2424832,2086.9461657933434,7.0,360.65494,500.0,203.60239,-1.0,0.30081907,1.0,0.49484995,0.16187559,-0.0040961085,0.0005964845,-0.0043943506,-2.7634425,0.68190616,0.3180938,0.017274758,0.4519404470920563
2433024,2079.9482483627244,7.0,359.99954,500.0,203.86833,-1.0,0.30241516,1.0,0.4953138,0.16286692,-0.0058685364,0.0007501269,-0.0062436005,-2.4411373,0.6803971,0.3196029,0.017187731,0.4516904354095459
2441216,2077.179684060741,7.0,359.9721,500.0,203.89154,-1.0,0.30252472,1.0,0.49523452,0.16301502,-0.0077490155,0.0004471565,-0.007972593,-2.748442,0.68034846,0.31965154,0.017126827,0.4514404237270355
2449408,2088.8933236126504,7.0,359.51007,500.0,204.13518,-1.0,0.30324855,1.0,0.49566668,0.16369152,-0.007635794,0.0007413486,-0.008006468,-3.123555,0.67955315,0.32044685,0.017198294,0.4513570964336395
2457600,2088.6227347829513,7.0,359.30453,500.0,204.22003,-1.0,0.3035139,1.0,0.4959301,0.16387269,-0.0071283113,0.0008203219,-0.0075384714,-3.17947,0.67920935,0.32079062,0.017276721,0.4512922763824463
2465792,2079.9560547219053,7.0,358.82574,500.0,204.44612,-1.0,0.30405012,1.0,0.49655685,0.16426833,0.0014219066,0.0012640076,0.00078990305,-2.6638312,0.6784674,0.32153264,0.017482517,0.4513363838195801
2473984,2095.679242992931,7.0,358.8831,500.0,204.44594,-1.0,0.30395004,1.0,0.4964048,0.16436458,-0.0051153954,0.00048811204,-0.0053594513,-3.716999,0.6786233,0.3213767,0.017426662,0.4510863721370697
2482176,2084.555857482757,7.0,358.7768,500.0,204.48035,-1.0,0.3042849,1.0,0.49642515,0.1645503,-0.0014497329,0.00043584433,-0.0016676548,-3.5348403,0.67834395,0.32165605,0.017371165,0.4508363604545593
2490368,2083.1316745068634,7.0,358.69977,500.0,204.49042,-1.0,0.30457366,1.0,0.49642277,0.16462545,-0.0040558074,0.00035754754,-0.004234581,-3.563512,0.6781128,0.32188717,0.01731352,0.45058634877204895
2498560,2082.4058618110766,7.0,358.87988,500.0,204.41718,-1.0,0.304229,1.0,0.49618158,0.16441302,0.0002885015,0.00014107456,0.00021796464,-3.7824004,0.6785098,0.32149023,0.01726122,0.4503363370895386
2506752,2090.6577412668435,7.0,358.5775,500.0,204.5951,-1.0,0.30458453,1.0,0.49647087,0.16485333,-0.004926701,0.00066246407,-0.005257933,-3.2115235,0.6780802,0.32191977,0.017335244,0.45026490092277527
2514944,2089.5819842118594,7.0,358.20172,500.0,204.75003,-1.0,0.30556348,1.0,0.49670568,0.16549382,-0.00082226575,0.0010966401,-0.0013705862,-2.9635003,0.67717546,0.32282454,0.017261056,0.4500148892402649
2523136,2090.89577541515,7.0,357.7372,500.0,204.96667,-1.0,0.30664396,1.0,0.4969597,0.16635343,-0.0054035895,0.00062995154,-0.0057185655,-2.8761687,0.67617834,0.3238217,0.01717774,0.4497648775577545
2531328,2088.2023247654597,7.0,357.54575,500.0,205.0803,-1.0,0.30708328,1.0,0.49698868,0.16684905,-0.0031743804,0.00039815382,-0.0033734576,-3.01072,0.67580944,0.3241906,0.01710731,0.44951486587524414
2539520,2084.4702428383857,7.0,357.14215,500.0,205.25783,-1.0,0.30726966,1.0,0.49778956,0.16692439,-0.0036340018,0.0010781029,-0.0041730534,-3.1582966,0.67526066,0.32473937,0.01746971,0.44986486434936523
2547712,2081.2480586126558,7.0,356.4855,500.0,205.51294,-1.0,0.30895334,1.0,0.49824655,0.1680098,-0.0045014527,0.0009438599,-0.004973383,-2.2123275,0.67367244,0.3263276,0.017374247,0.44961485266685486
2555904,2084.3790716070953,7.0,356.0671,500.0,205.69505,-1.0,0.30998883,1.0,0.4984917,0.16878009,-0.0038140812,0.0006324315,-0.004130297,-3.3776035,0.672712,0.32728794,0.017299106,0.4493648409843445
2564096,2081.726336692354,7.0,355.90295,500.0,205.8204,-1.0,0.30974558,1.0,0.49883598,0.16884233,-0.0016228266,0.00080614095,-0.002025897,-3.5737686,0.67273736,0.3272626,0.01751703,0.44951483607292175
2572288,2090.889159089215,7.0,356.01068,500.0,205.7788,-1.0,0.30957994,1.0,0.49867535,0.16876823,-0.0032396703,0.0003584117,-0.0034188759,-3.772377,0.67295164,0.3270484,0.01746846,0.4492648243904114
2580480,2087.3812872132767,7.0,355.9421,500.0,205.82826,-1.0,0.30975407,1.0,0.49862084,0.16899878,-0.0035172887,0.00059340865,-0.003813993,-3.2003877,0.6728378,0.3271622,0.017408123,0.449014812707901
2588672,2094.5485160809335,7.0,355.43304,500.0,206.042,-1.0,0.31050605,1.0,0.4992951,0.16947478,-0.0052957553,0.0012788465,-0.005935179,-3.048761,0.67189217,0.3281078,0.01760176,0.4490589201450348
2596864,2088.5733481422985,7.0,355.0404,500.0,206.22273,-1.0,0.3114215,1.0,0.49949682,0.17023198,-0.0035143776,0.00068165106,-0.0038552037,-3.5386698,0.671049,0.32895097,0.017529445,0.4488089084625244
2605056,2086.463079189953,7.0,354.8318,500.0,206.3529,-1.0,0.31186903,1.0,0.4995315,0.17081006,-0.0050670067,0.0004363564,-0.0052851858,-3.6972578,0.6706685,0.32933152,0.017462483,0.44855889678001404
2613248,2085.311012486289,7.0,354.72476,500.0,206.41841,-1.0,0.31221965,1.0,0.49953514,0.17116307,-0.002052709,0.0005670579,-0.0023362378,-3.430167,0.67038196,0.32961804,0.017398397,0.44830888509750366
2621440,2086.198312874449,7.0,354.5909,500.0,206.45714,-1.0,0.31278786,1.0,0.4996304,0.17142674,-0.005570433,0.00070684665,-0.005923856,-2.5166216,0.66987264,0.33012733,0.017339474,0.4480588734149933
2629632,2085.0255352642944,7.0,354.32587,500.0,206.58414,-1.0,0.3131831,1.0,0.4999126,0.17179778,-0.0048802556,0.0006996703,-0.00523009,-3.3717835,0.66941035,0.33058965,0.017406559,0.4479812979698181
2637824,2071.9764241539297,7.0,354.04556,500.0,206.71065,-1.0,0.31384408,1.0,0.5000234,0.17231199,-0.0050394484,0.00035681,-0.0052178535,-3.303864,0.6688172,0.3311828,0.01733871,0.44773128628730774
2646016,2083.9061461204146,7.0,353.51807,500.0,206.98929,-1.0,0.31469092,1.0,0.50044763,0.1732532,-0.0008653386,0.0009833749,-0.0013570262,-3.5412977,0.66791546,0.33208457,0.017393632,0.44762834906578064
2654208,2089.27755065731,7.0,353.18045,500.0,207.16707,-1.0,0.31543177,1.0,0.50058246,0.17402811,-0.007722177,0.0007974222,-0.008120889,-3.845575,0.66724414,0.33275586,0.017324094,0.44737833738327026
2662400,2072.680104846079,7.0,352.7929,500.0,207.32812,-1.0,0.31639692,1.0,0.5007812,0.17476286,-0.004019524,0.000663136,-0.0043510916,-3.3722563,0.6663571,0.33364287,0.017245954,0.4471283257007599
2670592,2087.057464552098,7.0,352.19278,500.0,207.58034,-1.0,0.31700554,1.0,0.50163054,0.17541607,0.0011025432,0.0018103283,0.00019737898,-2.787492,0.66543436,0.3345656,0.017560074,0.4472949802875519
2678784,2086.819289548017,7.0,351.85693,500.0,207.75229,-1.0,0.31755424,1.0,0.5019497,0.17596743,-0.0044651274,0.0007569771,-0.0048436164,-3.338706,0.6648258,0.33517423,0.017619986,0.4472062587738037
2686976,2087.881419099326,7.0,351.35303,500.0,207.96785,-1.0,0.31844965,1.0,0.50238794,0.17665727,-0.003279366,0.000769491,-0.0036641117,-3.6272795,0.66387326,0.33612674,0.017677099,0.447112500667572
2695168,2082.521851826957,7.0,351.22116,500.0,208.04736,-1.0,0.31876305,1.0,0.50237715,0.17705551,-0.0040608584,0.0003490041,-0.0042353603,-3.71165,0.66362214,0.33637786,0.017614823,0.44686248898506165
2703360,2082.9861936853636,7.0,350.70673,500.0,208.24748,-1.0,0.32003638,1.0,0.502689,0.17794819,-0.0039473763,0.0007750991,-0.0043349257,-3.0254207,0.66242206,0.33757797,0.01754158,0.44661247730255127
2711552,2085.8700453000274,7.0,350.5022,500.0,208.34233,-1.0,0.3205593,1.0,0.50274944,0.17841803,-0.0046620537,0.00033210387,-0.0048281057,-3.9330096,0.6619627,0.33803728,0.017477991,0.4463624656200409
2719744,2076.8740829285935,7.0,350.57642,500.0,208.33263,-1.0,0.3204698,1.0,0.5026098,0.17847033,-0.0043245777,0.0002715864,-0.004460371,-3.7021933,0.66210634,0.33789366,0.017423851,0.4461124539375305
2727936,2074.7645760114447,7.0,350.53326,500.0,208.34026,-1.0,0.32067946,1.0,0.5025821,0.17859782,-0.00801765,0.00035704894,-0.008196174,-3.6144323,0.66194826,0.33805174,0.017372282,0.44586244225502014
2736128,2082.4606367699166,7.0,350.04022,500.0,208.55229,-1.0,0.32180375,1.0,0.50282687,0.17951073,-0.0045735124,0.0006975807,-0.0049223024,-3.5132737,0.66090184,0.33909813,0.017294388,0.44561243057250977
2744320,2081.7345347787727,7.0,349.97626,500.0,208.5813,-1.0,0.3217569,1.0,0.50295,0.1794867,-0.0066354237,0.0008457357,-0.0070582908,-3.5822666,0.6608784,0.33912155,0.017364658,0.4455547332763672
2752512,2078.7614823860226,7.0,349.6752,500.0,208.69865,-1.0,0.32226884,1.0,0.50324786,0.17994557,-0.005310678,0.0006038562,-0.005612606,-3.7027473,0.66030777,0.33969223,0.017423375,0.445466011762619
2760704,2082.7816456561336,7.0,349.5206,500.0,208.79475,-1.0,0.32260108,1.0,0.50325096,0.18040542,-0.007062715,0.00044458857,-0.0072850087,-3.1287892,0.6600329,0.33996704,0.017365953,0.44521600008010864
2768896,2086.889887113339,7.0,349.31586,500.0,208.85443,-1.0,0.32306138,1.0,0.50353754,0.18068482,-0.0051943297,0.00090532465,-0.0056469915,-2.9242356,0.65950996,0.34049,0.017428644,0.44513842463493347
2777088,2085.56226166989,7.0,349.18842,500.0,208.93233,-1.0,0.32284456,1.0,0.5038434,0.18061852,-0.005088696,0.0010128764,-0.0055951336,-3.3539536,0.6595343,0.3404657,0.017621145,0.4452587962150574
2785280,2087.9034948586504,7.0,348.8334,500.0,209.08087,-1.0,0.32342985,1.0,0.50415736,0.1810976,-0.0059723835,0.000925442,-0.0064351046,-2.9008324,0.6588943,0.34110567,0.017675819,0.4451650381088257
2793472,2069.474670936868,7.0,348.40933,500.0,209.18794,-1.0,0.3248002,1.0,0.50449955,0.18172431,-0.008187039,0.0008561049,-0.008615092,-2.4047213,0.6575924,0.34240758,0.017607393,0.4449150264263153
2801664,2072.0255288032135,7.0,348.1245,500.0,209.33716,-1.0,0.3254136,1.0,0.50457764,0.18240169,0.002940614,0.0009900898,0.002445569,-3.7902079,0.6570469,0.34295312,0.017539496,0.44466501474380493
2809856,2079.1427457334285,7.0,348.0863,500.0,209.37167,-1.0,0.32552084,1.0,0.50450695,0.18260118,0.00545518,0.0006227639,0.0051437984,-3.2300096,0.65699404,0.34300596,0.01748512,0.44441500306129456
2818048,2080.6974221440214,7.0,347.93176,500.0,209.45282,-1.0,0.3256274,1.0,0.50468165,0.18276194,-0.004552749,0.0005364951,-0.004820997,-4.0026093,0.6568179,0.3431821,0.017554704,0.444364994764328
2826240,2081.891572128519,7.0,347.44516,500.0,209.64279,-1.0,0.32652307,1.0,0.5050799,0.18345428,0.0016130167,0.0010607715,0.0010826307,-3.3829663,0.65587693,0.34412307,0.0176,0.4442538917064667
2834432,2084.327103780565,7.0,347.32184,500.0,209.68494,-1.0,0.32687116,1.0,0.5050925,0.18368724,-0.0042702416,0.00074642454,-0.0046434538,-3.0737174,0.65558285,0.34441718,0.017546013,0.4440038800239563
2842624,2078.409400289032,7.0,346.967,500.0,209.84537,-1.0,0.32767048,1.0,0.50523,0.18443131,-0.0034124884,0.00082887,-0.0038269232,-3.5049891,0.6548521,0.34514788,0.01747739,0.4437538683414459
2850816,2084.2320258034256,7.0,346.7744,500.0,209.98238,-1.0,0.3284912,1.0,0.5047419,0.18487212,-0.006016411,0.00078197464,-0.006407398,-3.5760767,0.65441895,0.34558105,0.017089844,0.44370386004447937
2859008,2081.725706072996,7.0,346.78735,500.0,210.01477,-1.0,0.32910156,1.0,0.50422317,0.18524845,-0.0043484927,9.630711e-05,-0.0043966463,-4.191599,0.6541748,0.3458252,0.016723633,0.443453848361969
2867200,2082.9546250098433,7.0,346.37244,500.0,210.18234,-1.0,0.32983398,1.0,0.50447077,0.18588655,-0.0063877627,0.00032112727,-0.0065483265,-3.4755678,0.6534424,0.34655762,0.016723633,0.4432038366794586
2875392,2076.785206794016,7.0,345.82715,500.0,210.37442,-1.0,0.3310547,1.0,0.5048809,0.18671604,-0.006656707,0.0003498481,-0.006831631,-3.381419,0.6522217,0.34777832,0.016723633,0.44295382499694824
2883584,2086.35944494401,7.0,345.10095,500.0,210.5598,-1.0,0.3326416,1.0,0.5056507,0.18757701,-0.0038514715,0.0007471958,-0.0042250697,-2.903218,0.6505127,0.3494873,0.016845703,0.44286006689071655
2891776,2085.4337816018306,7.0,344.64465,500.0,210.68994,-1.0,0.33374023,1.0,0.50601286,0.18817742,-0.0034575758,0.00078828726,-0.003851719,-2.606357,0.64941406,0.35058594,0.016845703,0.442802369594574
2899968,2088.9119918748243,7.0,344.20105,500.0,210.84387,-1.0,0.3347168,1.0,0.5063327,0.18884352,-0.0018882586,0.0005401814,-0.0021583491,-3.216999,0.6484375,0.3515625,0.016845703,0.4425523579120636
2908160,2080.9111388460374,7.0,343.8994,500.0,210.93163,-1.0,0.33569336,1.0,0.50640947,0.18943757,-0.004410462,0.00030610617,-0.0045635155,-2.8757515,0.647583,0.352417,0.016723633,0.4423023462295532
2916352,2085.365434124983,7.0,343.98193,500.0,210.92342,-1.0,0.33544922,1.0,0.50633025,0.18936794,-0.003276873,0.0003105172,-0.0034321314,-2.8078518,0.64782715,0.35217285,0.016723633,0.44205233454704285
2924544,2076.339685474443,7.0,343.4524,500.0,211.0826,-1.0,0.33666992,1.0,0.50672525,0.19006792,-0.0038856105,0.0005382526,-0.0041547366,-3.0536633,0.64660645,0.35339355,0.016723633,0.44180232286453247
2932736,2078.394942324101,7.0,343.08923,500.0,211.22952,-1.0,0.33691406,1.0,0.5072855,0.1902424,-0.0043430245,0.0005460834,-0.0046160663,-4.0845428,0.64611816,0.35388184,0.016967773,0.44196897745132446
2940928,2080.1216388843804,7.0,342.3009,500.0,211.5111,-1.0,0.33862305,1.0,0.50783163,0.19150159,-0.006702751,0.00047605883,-0.00694078,-3.1594427,0.6444092,0.35559082,0.016967773,0.4417189657688141
2949120,2076.7937425897308,7.0,342.00134,500.0,211.63483,-1.0,0.3392334,1.0,0.5080253,0.1920349,-0.0029883126,0.000488287,-0.0032324563,-3.4034479,0.6437988,0.35620117,0.016967773,0.44168636202812195
2957312,2080.945292222117,7.0,341.9618,500.0,211.68103,-1.0,0.33972168,1.0,0.50769883,0.19261706,-0.0064582177,0.0001828486,-0.0065496424,-3.789503,0.6435547,0.3564453,0.016723633,0.4414363503456116
2965504,2082.2752465221165,7.0,341.23145,500.0,211.91444,-1.0,0.34118652,1.0,0.5083992,0.19352296,-0.0035715178,0.0006418574,-0.0038924469,-3.0379257,0.6419678,0.35803223,0.016845703,0.4413476288318634
2973696,2079.611119927535,7.0,340.98206,500.0,211.97133,-1.0,0.3425293,1.0,0.50809634,0.1943961,-0.0019220322,0.0003883683,-0.0021162163,-2.8894024,0.6409912,0.3590088,0.016479492,0.441097617149353
2981888,2079.3127303502392,7.0,340.3723,500.0,212.16176,-1.0,0.34387207,1.0,0.5085106,0.19528715,-0.0032251868,0.00077385316,-0.003612114,-2.2862408,0.63964844,0.36035156,0.016479492,0.44084760546684265
2990080,2077.024737818967,7.0,339.78748,500.0,212.36465,-1.0,0.34545898,1.0,0.5087552,0.19643739,0.0033507776,0.0010915891,0.002804983,-3.303536,0.6381836,0.3618164,0.016357422,0.4405975937843323
2998272,2077.3740901594474,7.0,338.89368,500.0,212.62973,-1.0,0.34777832,1.0,0.50921434,0.19795053,-0.0059148194,0.00075901597,-0.0062943273,-2.544204,0.6359863,0.36401367,0.016235352,0.4403475821018219
3006464,2074.1394831997045,7.0,338.35022,500.0,212.78716,-1.0,0.34899902,1.0,0.5095777,0.19876663,-0.0014374465,0.0010368793,-0.0019558857,-2.9829473,0.6347656,0.36523438,0.016235352,0.4402761459350586
3014656,2080.3337258509773,7.0,338.04053,500.0,212.90858,-1.0,0.34985352,1.0,0.50959057,0.19951318,-0.0013042474,0.0003351396,-0.0014718175,-3.9401782,0.6340332,0.3659668,0.016113281,0.4400261342525482
3022848,2076.5262791659434,7.0,337.45386,500.0,213.07372,-1.0,0.3511963,1.0,0.5099843,0.2003352,-0.005788291,0.00050167134,-0.006039127,-3.1344428,0.6326904,0.36730957,0.016113281,0.43977612257003784
3031040,2084.01370801387,7.0,336.80957,500.0,213.30736,-1.0,0.3527832,1.0,0.51020545,0.2016671,-0.0035306779,0.0006183222,-0.0038398388,-3.0038939,0.6312256,0.3687744,0.015991211,0.43952611088752747
3039232,2083.9611264295954,7.0,335.71887,500.0,213.63165,-1.0,0.35498047,1.0,0.5110733,0.203155,-0.0042950353,0.0010957159,-0.0048428937,-3.4216218,0.62890625,0.37109375,0.016113281,0.43941500782966614
3047424,2075.738346718605,7.0,335.0205,500.0,213.87418,-1.0,0.3564453,1.0,0.51148665,0.20440647,0.00093419105,0.0008885347,0.0004899238,-3.967533,0.6274414,0.3725586,0.016113281,0.43931207060813904
3055616,2067.7919790243895,7.0,334.36755,500.0,214.12717,-1.0,0.35742188,1.0,0.51199824,0.20537016,-0.0044292337,0.00091471267,-0.00488659,-3.144895,0.6263428,0.37365723,0.016235352,0.43937456607818604
3063808,2071.188444320081,7.0,333.58398,500.0,214.35966,-1.0,0.35888672,1.0,0.5126421,0.20644204,-0.0024442864,0.0010386837,-0.0029636282,-1.9884275,0.62475586,0.37524414,0.016357422,0.4394471347332001
3072000,2066.998225171333,7.0,333.15308,500.0,214.50154,-1.0,0.35888672,1.0,0.5135937,0.20643009,-0.0038696073,0.0011858654,-0.0044625406,-2.5706851,0.6242676,0.37573242,0.016845703,0.4399663507938385
3080192,2085.259884046287,7.0,332.3213,500.0,214.75458,-1.0,0.36035156,1.0,0.5142313,0.20752996,-0.00054717367,0.001505987,-0.0013001673,-2.9040325,0.62268066,0.37731934,0.016967773,0.43999412655830383
3088384,2076.5783607283406,7.0,332.01135,500.0,214.83418,-1.0,0.36157227,1.0,0.51408654,0.20840913,-0.006865684,0.00052106724,-0.0071262177,-2.520796,0.6217041,0.3782959,0.016723633,0.43974411487579346
3096576,2084.1445414983573,7.0,331.6786,500.0,214.9316,-1.0,0.36254883,1.0,0.5141111,0.20913947,-0.0020840997,0.0008503302,-0.002509265,-3.6489735,0.6208496,0.3791504,0.016601562,0.4396864175796509
3104768,2088.581219378437,7.0,330.92615,500.0,215.14854,-1.0,0.3635254,1.0,0.5148456,0.20980164,0.00074566505,0.0013436578,7.383549e-05,-3.2304442,0.6196289,0.3803711,0.016845703,0.4398418366909027
3112960,2091.7351158915917,7.0,330.51013,500.0,215.26141,-1.0,0.3638916,1.0,0.51541656,0.21017694,-0.005021065,0.0009469072,-0.005494518,-3.5700276,0.61901855,0.38098145,0.017089844,0.4401090741157532
3121152,2080.360680617339,7.0,330.33582,500.0,215.3141,-1.0,0.3635254,1.0,0.5160298,0.20981157,-0.0024746484,0.0011734221,-0.0030613593,-3.386241,0.61901855,0.38098145,0.017456055,0.4404360055923462
3129344,2084.9436774511746,7.0,329.90137,500.0,215.4644,-1.0,0.36364746,1.0,0.51677126,0.20997116,-0.004441511,0.000940916,-0.0049119685,-2.9179707,0.6185303,0.38146973,0.017822266,0.44068601727485657
3137536,2071.1415016939063,7.0,329.4165,500.0,215.61363,-1.0,0.36413574,1.0,0.5173719,0.21037254,-0.0019586345,0.0011184196,-0.0025178443,-2.6158056,0.61779785,0.38220215,0.018066406,0.44086459279060364
3145728,2087.902099250847,7.0,328.94287,500.0,215.72557,-1.0,0.36535645,1.0,0.5174551,0.21121639,0.0006209962,0.0009863474,0.00012782251,-2.7625346,0.6166992,0.38330078,0.017944336,0.44061458110809326
3153920,2076.885004673329,7.0,328.40466,500.0,215.87231,-1.0,0.3668213,1.0,0.5175983,0.21229248,-0.0056095277,0.00035979878,-0.005789427,-3.3808846,0.61535645,0.38464355,0.017822266,0.4403645694255829
3162112,2080.8994185731376,7.0,327.15222,500.0,216.25995,-1.0,0.36865234,1.0,0.51877236,0.21374501,0.009512717,0.0022683125,0.008378559,-3.3199058,0.6131592,0.38684082,0.018188477,0.44070979952812195
3170304,2085.6513842372115,7.0,326.8374,500.0,216.32594,-1.0,0.36889648,1.0,0.5193044,0.21372369,0.0076500266,0.0012381896,0.0070309327,-3.1842244,0.6126709,0.3873291,0.018432617,0.44084441661834717
3178496,2084.3171151278534,7.0,325.61743,500.0,216.65799,-1.0,0.37072754,1.0,0.52046734,0.21510299,0.002976588,0.0021802103,0.0018864826,-2.3243704,0.61047363,0.38952637,0.018798828,0.440999835729599
3186688,2081.471471477657,7.0,325.0265,500.0,216.81581,-1.0,0.37060547,1.0,0.5216085,0.21511182,-0.00045460346,0.0018274899,-0.001368348,-2.3780904,0.60998535,0.39001465,0.01940918,0.4416589140892029
3194880,2081.057716419083,7.0,324.67017,500.0,216.95276,-1.0,0.3704834,1.0,0.52227986,0.21523406,0.000433992,0.0012361456,-0.00018408068,-2.2220247,0.6097412,0.3902588,0.01977539,0.4419644773006439
3203072,2075.7452437070942,7.0,323.58704,500.0,217.25491,-1.0,0.37145996,1.0,0.52368784,0.21605533,0.0003544505,0.0024327738,-0.0008619365,-1.905057,0.6081543,0.3918457,0.020385742,0.4424644708633423
3211264,2086.8627628876447,7.0,322.99292,500.0,217.41263,-1.0,0.37243652,1.0,0.52415955,0.21680693,-0.002460707,0.00097342464,-0.002947419,-3.005657,0.60705566,0.39294434,0.020507812,0.4425370395183563
3219456,2090.5156590610704,7.0,322.78284,500.0,217.50975,-1.0,0.3725586,1.0,0.524422,0.2171332,-0.0035999208,0.0009182669,-0.0040590544,-2.9511428,0.6068115,0.39318848,0.020629883,0.4426441788673401
3227648,2083.079011133766,7.0,321.74072,500.0,217.78574,-1.0,0.37329102,1.0,0.5259937,0.21755004,0.0038641524,0.0019360095,0.0028961473,-3.5326238,0.6053467,0.39465332,0.021362305,0.44318366050720215
3235840,2090.701629110723,7.0,321.28943,500.0,217.91324,-1.0,0.37426758,1.0,0.526228,0.21835655,0.0017798129,0.0011907071,0.0011844595,-3.2559776,0.6043701,0.39562988,0.021362305,0.4432784914970398
3244032,2068.995402230883,7.0,320.4077,500.0,218.14462,-1.0,0.37573242,1.0,0.5268076,0.21953332,0.005050294,0.0016200407,0.004240274,-3.327326,0.6027832,0.3972168,0.021484375,0.44317999482154846
3252224,2081.315253939961,7.0,319.87744,500.0,218.2756,-1.0,0.3762207,1.0,0.5276171,0.21985388,-0.0045321235,0.0014489506,-0.0052565993,-2.650814,0.6019287,0.3980713,0.021850586,0.4433711767196655
3260416,2081.5268277895398,7.0,318.93872,500.0,218.56122,-1.0,0.37756348,1.0,0.5283927,0.22112381,-0.0052537336,0.000959255,-0.0057333605,-3.4047413,0.6003418,0.3996582,0.022094727,0.44339895248413086
3268608,2081.2212069091256,7.0,317.98975,500.0,218.77592,-1.0,0.37927246,1.0,0.5290165,0.22233292,0.00086392433,0.0015298573,9.899575e-05,-2.745189,0.59851074,0.40148926,0.022216797,0.4435543715953827
3276800,2084.583807065082,7.0,316.94397,500.0,219.03143,-1.0,0.38098145,1.0,0.52986455,0.22359148,-0.0026757177,0.0014468683,-0.0033991518,-2.9348993,0.5965576,0.40344238,0.022460938,0.44356754422187805
3284992,2084.5606632399367,7.0,316.30676,500.0,219.18578,-1.0,0.38146973,1.0,0.5308946,0.22377038,0.0012053582,0.0016766011,0.00036705798,-3.3964987,0.59558105,0.40441895,0.022949219,0.4441239833831787
3293184,2087.343244887261,7.0,315.46143,500.0,219.37437,-1.0,0.38256836,1.0,0.5318276,0.2244565,-0.0030448565,0.0015104617,-0.0038000878,-3.4270887,0.5941162,0.4058838,0.02331543,0.44446220993995667
3301376,2085.4327690139235,7.0,314.5968,500.0,219.59508,-1.0,0.38354492,1.0,0.53273016,0.2252982,0.0020410996,0.0013232618,0.0013794687,-3.2554984,0.59277344,0.40722656,0.02368164,0.4445968270301819
3309568,2079.582044887479,7.0,313.7456,500.0,219.77844,-1.0,0.3843994,1.0,0.5338318,0.22577465,-0.0025414058,0.0013960408,-0.0032394258,-3.208735,0.59143066,0.40856934,0.024169922,0.4450412690639496
3317760,2082.5329592745943,7.0,313.20227,500.0,219.89667,-1.0,0.38513184,1.0,0.53444684,0.22622931,0.0007147659,0.0011054317,0.00016205024,-2.4026632,0.5904541,0.4095459,0.024414062,0.4451245963573456
3325952,2076.830648161054,7.0,312.3777,500.0,220.02332,-1.0,0.3861084,1.0,0.53556836,0.22658569,-0.004440808,0.0016753151,-0.0052784663,-2.9354365,0.58898926,0.41101074,0.024902344,0.44549959897994995
3334144,2073.682956447438,7.0,311.55774,500.0,220.19212,-1.0,0.3873291,1.0,0.5362819,0.22732559,-0.002027662,0.001004895,-0.0025301091,-3.5554028,0.5875244,0.4124756,0.025146484,0.445678174495697
3342336,2083.745392755946,7.0,311.28833,500.0,220.3189,-1.0,0.38757324,1.0,0.5363331,0.22794323,0.0046032136,0.0010552767,0.004075576,-2.7180407,0.5872803,0.41271973,0.025146484,0.44558945298194885
3350528,2084.172480051903,7.0,309.99023,500.0,220.62123,-1.0,0.38830566,1.0,0.5383033,0.22869085,0.00064668775,0.002707305,-0.00070696493,-2.1015015,0.5855713,0.4144287,0.026123047,0.44620901346206665
3358720,2088.2895154669527,7.0,309.15405,500.0,220.78297,-1.0,0.38867188,1.0,0.5397379,0.2288593,0.0037419365,0.0023134314,0.0025852208,-2.6777492,0.58447266,0.41552734,0.026855469,0.4468161463737488
3366912,2084.8313390155736,7.0,308.53687,500.0,220.8971,-1.0,0.3890381,1.0,0.54071707,0.22906975,0.002239396,0.0014854674,0.0014966631,-3.5853612,0.58361816,0.41638184,0.02734375,0.4475036561489105
3375104,2082.909041530831,7.0,307.2964,500.0,221.16023,-1.0,0.3894043,1.0,0.54281974,0.22915371,-0.00045032363,0.0022313911,-0.001566019,-2.8022602,0.5821533,0.41784668,0.028442383,0.44830015301704407
3383296,2066.4444140262367,7.0,306.3866,500.0,221.30592,-1.0,0.38989258,1.0,0.5442664,0.22942571,0.0008497795,0.0020295742,-0.00016500766,-2.7615857,0.5809326,0.41906738,0.029174805,0.4490223824977875
3391488,2079.1105386050685,7.0,305.12207,500.0,221.58582,-1.0,0.390625,1.0,0.5462049,0.23009872,0.003132238,0.0030219401,0.001621268,-3.3477452,0.57922363,0.42077637,0.030151367,0.4496612846851349
3399680,2084.1738706782103,7.0,304.11523,500.0,221.79378,-1.0,0.39172363,1.0,0.5473167,0.23094551,0.002567764,0.0022564074,0.0014395602,-3.076418,0.5776367,0.42236328,0.030639648,0.44999268651008606
3407872,2091.160080983773,7.0,303.29944,500.0,221.9998,-1.0,0.39257812,1.0,0.5481535,0.2318947,0.0007580118,0.0021119076,-0.00029794197,-2.9314923,0.576416,0.42358398,0.03100586,0.45017126202583313
3416064,2072.383575788778,7.0,301.76636,500.0,222.29521,-1.0,0.39367676,1.0,0.5503675,0.23254421,0.0046665636,0.002803458,0.0032648346,-2.1958032,0.57421875,0.42578125,0.032104492,0.450839638710022
3424256,2087.727916671072,7.0,301.0548,500.0,222.43684,-1.0,0.39367676,1.0,0.55169666,0.23253286,-0.0005993146,0.002409029,-0.0018038291,-3.4080508,0.5734863,0.42651367,0.032836914,0.45161527395248413
3432448,2080.1227722508543,7.0,300.28467,500.0,222.62146,-1.0,0.39416504,1.0,0.5526747,0.23312485,0.0034879446,0.0015535441,0.002711172,-3.2074537,0.57250977,0.42749023,0.033325195,0.4519713222980499
3440640,2076.346711932498,7.0,298.72607,500.0,222.90157,-1.0,0.39587402,1.0,0.5543222,0.23445523,-0.0011559657,0.0024560764,-0.0023840044,-2.389082,0.57006836,0.42993164,0.034057617,0.4523817002773285
3448832,2073.661931266274,7.0,297.86963,500.0,223.02477,-1.0,0.39697266,1.0,0.5551874,0.23511502,-0.000571025,0.0019811792,-0.0015616149,-3.207736,0.5686035,0.43139648,0.034423828,0.45271992683410645
3457024,2084.092079722588,7.0,297.07385,500.0,223.17017,-1.0,0.39733887,1.0,0.55635333,0.23546863,-0.0007751288,0.002119741,-0.0018349994,-2.258552,0.56762695,0.43237305,0.03503418,0.45318421721458435
3465216,2069.2381242081083,7.0,296.49646,500.0,223.31993,-1.0,0.39672852,1.0,0.5577744,0.23502797,-0.0038089277,0.0020804724,-0.0048491633,-2.5998228,0.5673828,0.4326172,0.035888672,0.45398685336112976
3473408,2086.164620163663,7.0,295.5116,500.0,223.53827,-1.0,0.39746094,1.0,0.55878407,0.23598933,0.003442268,0.0017068431,0.0025888465,-2.786201,0.5661621,0.4338379,0.036376953,0.4541812837123871
3481600,2066.996359989287,7.0,294.91516,500.0,223.67854,-1.0,0.3980713,1.0,0.5593324,0.23676917,0.0023694946,0.0021782299,0.0012803794,-2.248659,0.5653076,0.43469238,0.036621094,0.45455628633499146
3489792,2075.147006381367,7.0,294.08997,500.0,223.85204,-1.0,0.39855957,1.0,0.5600754,0.23752216,-0.0030842333,0.0014068913,-0.003787679,-3.0919633,0.5644531,0.43554688,0.036987305,0.4547348618507385
3497984,2067.3167232756364,7.0,292.9442,500.0,224.10124,-1.0,0.4000244,1.0,0.56077427,0.23917072,0.000907287,0.0014267513,0.00019391126,-3.3052974,0.56274414,0.43725586,0.037231445,0.45492929220199585
3506176,2078.353706798676,7.0,292.58264,500.0,224.23672,-1.0,0.4000244,1.0,0.56120944,0.23953557,0.0011944403,0.0012795447,0.0005546679,-2.9879854,0.5625,0.4375,0.037475586,0.4551793038845062
3514368,2074.1610189013286,7.0,291.56067,500.0,224.40364,-1.0,0.39978027,1.0,0.5631203,0.23963478,-0.0015474679,0.0027703773,-0.0029326566,-2.2269487,0.5616455,0.4383545,0.03857422,0.4559931457042694
3522560,2076.073593381456,7.0,290.047,500.0,224.58047,-1.0,0.40124512,1.0,0.56489366,0.24070998,0.0015092609,0.0034610084,-0.00022124342,-2.2763882,0.5593262,0.44067383,0.03942871,0.45664313435554504
3530752,2072.5229538791973,7.0,289.46338,500.0,224.73653,-1.0,0.40100098,1.0,0.56593055,0.24086374,0.0009283246,0.0016008754,0.00012788764,-2.409221,0.55895996,0.44104004,0.040039062,0.4571431279182434
3538944,2080.9726409367017,7.0,288.89526,500.0,224.8169,-1.0,0.40148926,1.0,0.5666623,0.24122834,-0.000397596,0.0012318377,-0.0010135149,-2.8751998,0.55810547,0.44189453,0.040405273,0.45734766125679016
3547136,2072.767504597555,7.0,287.37537,500.0,225.01091,-1.0,0.40222168,1.0,0.5689388,0.2417016,0.0034396257,0.0028492792,0.002014987,-3.2201543,0.55615234,0.44384766,0.041625977,0.45822012424468994
3555328,2082.2903894839897,7.0,286.69348,500.0,225.14647,-1.0,0.40246582,1.0,0.5698382,0.24244332,-0.00023546151,0.0020611498,-0.0012660362,-2.8280578,0.5554199,0.44458008,0.042114258,0.4585798680782318
3563520,2083.003114889348,7.0,286.13452,500.0,225.18521,-1.0,0.40368652,1.0,0.5700458,0.24328342,-0.0011411539,0.0008726978,-0.0015775029,-2.8358104,0.5541992,0.44580078,0.042114258,0.45832985639572144
3571712,2085.0857624271844,7.0,285.03662,500.0,225.30989,-1.0,0.40490723,1.0,0.5711064,0.24436596,0.0012224243,0.002980536,-0.00026784383,-2.4199152,0.55249023,0.44750977,0.04260254,0.45894941687583923
3579904,2082.2235097308026,7.0,283.85254,500.0,225.4587,-1.0,0.40600586,1.0,0.5723555,0.24547587,-0.0015734956,0.0035891498,-0.0033680703,-2.0208113,0.55078125,0.44921875,0.04321289,0.4594401717185974
3588096,2071.838368845392,7.0,282.35742,500.0,225.65353,-1.0,0.40563965,1.0,0.57506156,0.24534386,-0.00074979634,0.002627381,-0.0020634867,-2.523955,0.54956055,0.45043945,0.044799805,0.4604901671409607
3596288,2083.43419317487,7.0,281.60278,500.0,225.73749,-1.0,0.40734863,1.0,0.5753393,0.24687718,-0.0016524941,0.002065607,-0.0026852977,-2.7103047,0.54785156,0.45214844,0.044799805,0.4603564441204071
3604480,2084.5808982500794,7.0,280.8391,500.0,225.86353,-1.0,0.40820312,1.0,0.5759004,0.24798802,-0.0015215527,0.0017661577,-0.0024046316,-2.0044806,0.5467529,0.45324707,0.045043945,0.46046358346939087
3612672,2087.6778112609445,7.0,279.99707,500.0,226.01785,-1.0,0.40881348,1.0,0.57684445,0.24886909,-0.00083197956,0.0020953433,-0.0018796511,-1.0674984,0.5456543,0.4543457,0.045532227,0.4606580138206482
3620864,2080.637322230865,7.0,279.30566,500.0,226.12393,-1.0,0.40930176,1.0,0.57755584,0.24953261,-0.00016790384,0.0018067419,-0.0010712745,-2.379702,0.5447998,0.4552002,0.045898438,0.4608246684074402
3629056,2075.7794785283263,7.0,277.91223,500.0,226.23964,-1.0,0.41125488,1.0,0.5784925,0.25118217,-0.0020418498,0.0023974122,-0.0032405558,-2.0094872,0.54248047,0.45751953,0.04626465,0.4609520137310028
3637248,2075.5532737450903,7.0,277.53174,500.0,226.37053,-1.0,0.41101074,1.0,0.5790878,0.2517579,-0.0019184714,0.0015779673,-0.0027074553,-3.4197304,0.5423584,0.4576416,0.04663086,0.4613686800003052
3645440,2074.307774076944,7.0,275.9922,500.0,226.5587,-1.0,0.41174316,1.0,0.58109355,0.25286555,-0.0030817313,0.002920813,-0.0045421375,-2.5467935,0.54052734,0.45947266,0.047729492,0.4618563950061798
3653632,2079.4028296917986,7.0,275.40503,500.0,226.59698,-1.0,0.4119873,1.0,0.5819702,0.25307894,-0.002250778,0.0016729629,-0.0030872594,-2.9411016,0.5397949,0.46020508,0.048217773,0.46219462156295776
3661824,2079.511059893582,7.0,274.57568,500.0,226.77951,-1.0,0.4116211,1.0,0.58338124,0.25347087,-0.0013094888,0.0022654454,-0.0024422114,-2.5835333,0.53930664,0.46069336,0.049072266,0.4627779424190521
3670016,2069.4126002289017,7.0,273.98303,500.0,226.93994,-1.0,0.4116211,1.0,0.58400863,0.25402698,0.0077692876,0.0014797506,0.0070294114,-3.3147318,0.5389404,0.46105957,0.049438477,0.46305426955223083
3678208,2088.9066580515837,7.0,272.6598,500.0,227.01942,-1.0,0.41381836,1.0,0.5847546,0.2559828,-0.001934378,0.0022437617,-0.003056259,-2.590026,0.536499,0.46350098,0.049682617,0.4630170464515686
3686400,2085.783562977667,7.0,271.7472,500.0,227.06499,-1.0,0.41345215,1.0,0.5865765,0.25570923,-0.0036276083,0.0023594194,-0.0048073176,-2.1203632,0.5357666,0.4642334,0.05078125,0.46378976106643677
3694592,2074.804040512367,7.0,270.74414,500.0,227.1388,-1.0,0.41418457,1.0,0.5877235,0.25637552,0.0010375095,0.0021075062,-1.6243372e-05,-2.991562,0.5344238,0.46557617,0.0513916,0.46413499116897583
3702784,2087.1416437070225,7.0,270.36328,500.0,227.13669,-1.0,0.41381836,1.0,0.58870757,0.25604784,-0.0011010781,0.0018976157,-0.0020498862,-3.5509794,0.5341797,0.4658203,0.052001953,0.4645099937915802
3710976,2089.729150429228,7.0,270.0487,500.0,227.18108,-1.0,0.41345215,1.0,0.5894828,0.25587782,-0.004805562,0.0012830866,-0.0054471055,-3.1013575,0.5340576,0.46594238,0.052490234,0.4648314118385315
3719168,2089.9971020838148,7.0,269.69116,500.0,227.20004,-1.0,0.4136963,1.0,0.58993256,0.2560809,-0.006293176,0.0012228906,-0.006904621,-2.743318,0.53356934,0.46643066,0.052734375,0.4648516774177551
3727360,2087.502905150582,7.0,269.35132,500.0,227.17276,-1.0,0.4140625,1.0,0.5903997,0.25607365,-0.0031993545,0.0012654448,-0.0038320762,-2.5089076,0.532959,0.46704102,0.052978516,0.4649588167667389
3735552,2088.0468717829795,7.0,268.9801,500.0,227.19565,-1.0,0.41455078,1.0,0.5906772,0.25656828,-0.0027897032,0.0012658177,-0.003422612,-3.6893575,0.53234863,0.46765137,0.053100586,0.4650118350982666
3743744,2078.7871387437026,7.0,268.98682,500.0,227.20815,-1.0,0.4140625,1.0,0.59081304,0.25635472,-0.0027293158,0.0011894722,-0.0033240523,-2.9021542,0.53271484,0.46728516,0.053222656,0.4649180769920349
3751936,2082.6310381303797,7.0,268.427,500.0,227.3088,-1.0,0.41479492,1.0,0.5909191,0.2576194,0.0023320362,0.00087288517,0.0018955942,-3.1258607,0.5319824,0.46801758,0.053222656,0.4647962749004364
3760128,2080.5166289100885,7.0,268.02173,500.0,227.36263,-1.0,0.41503906,1.0,0.59136724,0.25802132,0.0020785574,0.0013110569,0.0014230293,-3.296866,0.53149414,0.46850586,0.053466797,0.4648403823375702
3768320,2078.240317540119,7.0,267.49316,500.0,227.41243,-1.0,0.41577148,1.0,0.5916783,0.25885066,-0.0028327894,0.0015238633,-0.0035947212,-3.0227969,0.53063965,0.46936035,0.053588867,0.4647332429885864
3776512,2070.4691822536543,7.0,267.00818,500.0,227.42488,-1.0,0.41589355,1.0,0.59252036,0.25886166,-0.0009321737,0.0020222648,-0.0019433061,-2.744919,0.5300293,0.4699707,0.05407715,0.46492767333984375
3784704,2086.032899709198,7.0,266.12366,500.0,227.48677,-1.0,0.41711426,1.0,0.5931042,0.26006007,-0.0067542964,0.001503621,-0.0075061065,-2.7946117,0.52856445,0.47143555,0.05432129,0.4649408459663391
3792896,2081.6124530323527,7.0,265.76,500.0,227.53241,-1.0,0.4173584,1.0,0.5935497,0.26030323,-0.0039996514,0.0012740418,-0.004636672,-3.0470843,0.5280762,0.47192383,0.05456543,0.46497654914855957
3801088,2083.429645270967,7.0,264.83545,500.0,227.53928,-1.0,0.41931152,1.0,0.59381837,0.26180002,-0.0020078048,0.0016968611,-0.0028562355,-2.5824645,0.52612305,0.47387695,0.05456543,0.4647265374660492
3809280,2079.655678060071,7.0,264.28394,500.0,227.6075,-1.0,0.41918945,1.0,0.59462345,0.26207808,-0.0037242984,0.0014135807,-0.004431089,-3.3017669,0.52575684,0.47424316,0.05505371,0.4651344418525696
3817472,2084.0204073005075,7.0,264.02234,500.0,227.63492,-1.0,0.4189453,1.0,0.59520584,0.26211563,-0.004864863,0.0011085488,-0.005419138,-3.1584265,0.52563477,0.47436523,0.055419922,0.46533897519111633
3825664,2079.990428581175,7.0,263.4668,500.0,227.7077,-1.0,0.41833496,1.0,0.5963518,0.26191923,-0.0015262841,0.0025127565,-0.0027826624,-2.9661312,0.5255127,0.4744873,0.056152344,0.46595853567123413
3833856,2089.9584558592974,7.0,262.8025,500.0,227.6952,-1.0,0.41931152,1.0,0.59689397,0.26260328,-0.0030712006,0.001984881,-0.004063641,-2.236503,0.524292,0.475708,0.056396484,0.46597880125045776
3842048,2084.2182452738352,7.0,262.0442,500.0,227.79549,-1.0,0.42016602,1.0,0.59741753,0.2637356,-0.0036743265,0.0017690286,-0.0045588408,-2.8307502,0.52319336,0.47680664,0.056640625,0.46612879633903503
3850240,2085.534159258088,7.0,261.37415,500.0,227.82585,-1.0,0.42004395,1.0,0.598626,0.2637201,0.0026671335,0.0026097428,0.0013622623,-2.2670913,0.522583,0.477417,0.057373047,0.4665037989616394
3858432,2074.39318212526,7.0,261.078,500.0,227.90305,-1.0,0.41967773,1.0,0.59898466,0.26405597,-0.0024735432,0.0011117472,-0.0030294172,-3.338207,0.5227051,0.47729492,0.057617188,0.4665662944316864
3866624,2085.7822968183077,7.0,260.53162,500.0,227.95503,-1.0,0.41992188,1.0,0.59962845,0.2645067,-0.0045470446,0.000970155,-0.0050321217,-3.9020915,0.5220947,0.47790527,0.0579834,0.46680015325546265
3874816,2081.622541890095,7.0,260.20178,500.0,227.9316,-1.0,0.41992188,1.0,0.60023886,0.26435253,0.0037566803,0.0015420552,0.002985652,-3.2017603,0.5217285,0.47827148,0.05834961,0.4669787287712097
3883008,2085.13080854597,7.0,259.73608,500.0,228.01033,-1.0,0.4197998,1.0,0.6008324,0.26477152,0.00045098117,0.0013789699,-0.00023850368,-3.912031,0.5214844,0.47851562,0.05871582,0.46712347865104675
3891200,2081.0618758432424,7.0,258.45056,500.0,228.00331,-1.0,0.4202881,1.0,0.6027229,0.2650968,0.0026768614,0.0023247828,0.0015144693,-3.486842,0.51989746,0.48010254,0.059814453,0.46793732047080994
3899392,2083.10477417784,7.0,257.52148,500.0,228.03621,-1.0,0.42114258,1.0,0.60364467,0.26603347,-0.0043414845,0.0017304663,-0.005206717,-3.508299,0.5185547,0.4814453,0.060302734,0.46809548139572144
3907584,2079.7215117898895,7.0,256.82104,500.0,228.14702,-1.0,0.42077637,1.0,0.604809,0.26637417,0.0010601885,0.002075787,2.2294815e-05,-2.8307397,0.5181885,0.48181152,0.061035156,0.46841150522232056
3915776,2083.2813439522474,7.0,256.5421,500.0,228.19666,-1.0,0.41992188,1.0,0.60570496,0.26595825,0.00058290514,0.0015405761,-0.00018738282,-3.5000458,0.5184326,0.48156738,0.061645508,0.4689427614212036
3923968,2078.730167395922,7.0,256.70874,500.0,228.24234,-1.0,0.41870117,1.0,0.60614675,0.2651738,-0.004442491,0.00090127834,-0.0048931297,-3.4631252,0.5192871,0.4807129,0.06201172,0.469192773103714
3932160,2073.0871578693836,7.0,256.64478,500.0,228.31001,-1.0,0.41748047,1.0,0.60698813,0.26449516,-0.0045700613,0.0011547606,-0.005147442,-3.0718355,0.51989746,0.48010254,0.06262207,0.46977609395980835
3940352,2079.9641129605875,7.0,256.3363,500.0,228.32646,-1.0,0.41760254,1.0,0.60740685,0.26462346,-0.005149357,0.0016426817,-0.005970698,-2.7828164,0.51953125,0.48046875,0.06286621,0.4698486626148224
3948544,2086.3712268029094,7.0,256.03357,500.0,228.3296,-1.0,0.41760254,1.0,0.60780865,0.26470304,-0.0035345764,0.0017414257,-0.0044052894,-2.394103,0.5192871,0.4807129,0.06311035,0.4698367714881897
3956736,2078.0591969546404,7.0,255.6908,500.0,228.38354,-1.0,0.41796875,1.0,0.608059,0.26537985,-0.005668045,0.0012296982,-0.006282895,-3.075913,0.5187988,0.48120117,0.06323242,0.46972566843032837
3964928,2083.8266509873083,7.0,255.54822,500.0,228.45164,-1.0,0.41711426,1.0,0.60874575,0.26509976,-0.0016489936,0.0014939322,-0.00239596,-3.2700675,0.51916504,0.48083496,0.0637207,0.47010067105293274
3973120,2075.9800194464497,7.0,254.719,500.0,228.48305,-1.0,0.41796875,1.0,0.6094626,0.26571125,-0.0050820983,0.0024852983,-0.0063247476,-3.0807114,0.51794434,0.48205566,0.064086914,0.4703679084777832
3981312,2081.4891246514344,7.0,254.28809,500.0,228.53918,-1.0,0.41625977,1.0,0.6112305,0.26462287,-0.0053659994,0.0024409483,-0.006586474,-2.8586226,0.5184326,0.48156738,0.06530762,0.47136789560317993
3989504,2079.3031671913477,7.0,253.40442,500.0,228.5256,-1.0,0.41674805,1.0,0.61229485,0.26506335,-0.0039453246,0.0018847534,-0.0048877015,-2.6559877,0.517334,0.48266602,0.06591797,0.47167345881462097
3997696,2078.6101982135674,7.0,252.7334,500.0,228.53395,-1.0,0.41760254,1.0,0.612809,0.26593733,0.0012050234,0.0018649931,0.0002725271,-2.862747,0.51623535,0.48376465,0.06616211,0.47168663144111633
4005888,2076.590910893023,7.0,251.70154,500.0,228.53906,-1.0,0.4169922,1.0,0.6149142,0.2655393,0.0006950295,0.0025325767,-0.00057125906,-3.020671,0.5155029,0.48449707,0.06750488,0.47258245944976807
4014080,2073.9068760435252,7.0,251.27515,500.0,228.62685,-1.0,0.41577148,1.0,0.61613655,0.26511,-0.0007143377,0.0018724222,-0.0016505489,-3.1749845,0.51586914,0.48413086,0.068359375,0.47341352701187134
4022272,2073.636526407866,7.0,251.12476,500.0,228.64626,-1.0,0.41601562,1.0,0.6161699,0.26546443,-0.005546198,0.00046586368,-0.0057791304,-3.4103608,0.515625,0.484375,0.068359375,0.47316351532936096
4030464,2074.887234092662,7.0,251.057,500.0,228.69476,-1.0,0.4152832,1.0,0.61666375,0.26527274,0.0016314781,0.0014837352,0.0008896104,-3.2985115,0.5159912,0.4840088,0.068725586,0.4733680486679077
4038656,2082.0599879014185,7.0,250.2085,500.0,228.72647,-1.0,0.41418457,1.0,0.618686,0.26468307,9.899546e-05,0.0027244687,-0.0012632388,-3.0103698,0.5157471,0.48425293,0.07006836,0.4742405116558075
4046848,2083.307238316944,7.0,249.8396,500.0,228.71475,-1.0,0.41394043,1.0,0.6194409,0.2644443,-0.0063710427,0.0014343127,-0.0070881993,-2.9972177,0.5155029,0.48449707,0.07055664,0.47457873821258545
4055040,2077.7730631240247,7.0,248.65259,500.0,228.70747,-1.0,0.4140625,1.0,0.6212289,0.26483575,0.00046382076,0.0024849316,-0.00077864516,-2.710956,0.5142822,0.48571777,0.07165527,0.4752546548843384
4063232,2083.55118219387,7.0,247.95593,500.0,228.74042,-1.0,0.41430664,1.0,0.62204796,0.26523536,-0.00018596891,0.0015698961,-0.0009709168,-3.4357111,0.5135498,0.4864502,0.072143555,0.47564569115638733
4071424,2077.923597142942,7.0,247.2771,500.0,228.7364,-1.0,0.414917,1.0,0.6227202,0.26593637,-0.004395206,0.0020792524,-0.0054348316,-3.4753072,0.51257324,0.48742676,0.072509766,0.4757445156574249
4079616,2076.302044544632,7.0,246.86987,500.0,228.77899,-1.0,0.4140625,1.0,0.6237781,0.2656868,-0.005809731,0.0017852267,-0.006702345,-3.1451619,0.5126953,0.4873047,0.07324219,0.47646674513816833
4087808,2086.537707290537,7.0,246.26599,500.0,228.72646,-1.0,0.41479492,1.0,0.6242697,0.26621047,-0.0011867074,0.001376014,-0.0018747144,-3.1996856,0.51171875,0.48828125,0.07348633,0.4765024483203888
4096000,2080.947560751746,7.0,245.72168,500.0,228.69852,-1.0,0.41418457,1.0,0.6255536,0.26583785,-0.003927775,0.0018670883,-0.0048613185,-3.3462753,0.5114746,0.4885254,0.07434082,0.477204829454422
4104192,2076.942251559154,7.0,245.66467,500.0,228.72313,-1.0,0.41308594,1.0,0.6263771,0.26496673,0.0028386933,0.0017029599,0.0019872133,-3.4589224,0.5119629,0.4880371,0.07495117,0.47771239280700684
4112384,2088.4670922609243,7.0,245.31396,500.0,228.7286,-1.0,0.41296387,1.0,0.62694454,0.26500958,-0.00053800544,0.0015318339,-0.0013039225,-3.4832006,0.51171875,0.48828125,0.07531738,0.4781075417995453
4120576,2082.8649751888033,7.0,244.19177,500.0,228.69583,-1.0,0.4136963,1.0,0.62821275,0.2658007,-0.0020729264,0.0020661105,-0.0031059813,-3.3490334,0.5102539,0.4897461,0.076049805,0.47860223054885864
4128768,2085.765330431208,7.0,244.0459,500.0,228.74493,-1.0,0.41345215,1.0,0.6283735,0.2660264,-0.003911741,0.0011149589,-0.0044692205,-3.5221322,0.510376,0.48962402,0.076171875,0.47864633798599243
4136960,2080.6816723551783,7.0,243.74255,500.0,228.72766,-1.0,0.413208,1.0,0.6291165,0.26575023,0.0014721503,0.0016567659,0.0006437679,-3.2680418,0.51013184,0.48986816,0.076660156,0.4790213406085968
4145152,2086.491966853673,7.0,243.46655,500.0,228.79018,-1.0,0.4116211,1.0,0.6304463,0.26487207,0.0003640717,0.0019992914,-0.0006355738,-3.4381151,0.5107422,0.4892578,0.07763672,0.47970157861709595
4153344,2080.5050390566935,7.0,243.11328,500.0,228.81055,-1.0,0.41101074,1.0,0.63132805,0.26464164,-0.0031975857,0.0018313609,-0.0041132662,-3.5658875,0.5107422,0.4892578,0.07824707,0.480046808719635
4161536,2078.485716532556,7.0,242.47742,500.0,228.79207,-1.0,0.41052246,1.0,0.63261116,0.26440054,-0.0031777842,0.001998516,-0.004177042,-2.8426764,0.510376,0.48962402,0.07910156,0.4806942343711853
4169728,2070.7549301940544,7.0,241.77759,500.0,228.7565,-1.0,0.41101074,1.0,0.6334514,0.26487654,-0.0043742307,0.0017455259,-0.005246993,-2.8893642,0.5093994,0.4906006,0.079589844,0.48086977005004883
4177920,2079.6595801343547,7.0,241.22021,500.0,228.70541,-1.0,0.41052246,1.0,0.6347302,0.26425594,-0.0033101123,0.0024685566,-0.004544391,-2.8089483,0.5090332,0.4909668,0.080444336,0.48141977190971375
4186112,2068.306546553083,7.0,240.78381,500.0,228.70201,-1.0,0.4104004,1.0,0.6354818,0.26434374,-0.0018642776,0.001729382,-0.0027289689,-3.2661452,0.508667,0.491333,0.08093262,0.4818454384803772
4194304,2080.0571649585672,7.0,240.71985,500.0,228.67816,-1.0,0.40942383,1.0,0.63630325,0.26334006,-0.0029851145,0.0015100007,-0.0037401142,-2.7239456,0.5090332,0.4909668,0.08154297,0.48237669467926025
4202496,2085.679489808319,7.0,240.81445,500.0,228.70752,-1.0,0.40881348,1.0,0.6365998,0.26289403,-0.0013171055,0.0009923128,-0.001813262,-3.6658,0.5093994,0.4906006,0.08178711,0.48262670636177063
4210688,2083.7844414105216,7.0,240.25659,500.0,228.66539,-1.0,0.40856934,1.0,0.63771427,0.26269594,-0.0039599007,0.0017583085,-0.0048390552,-3.224835,0.50891113,0.49108887,0.08251953,0.48317214846611023
4218880,2072.7817593333652,7.0,239.96301,500.0,228.69168,-1.0,0.40734863,1.0,0.638877,0.26198643,-0.0019607532,0.0016794116,-0.002800459,-3.6074407,0.50927734,0.49072266,0.08337402,0.48389437794685364
4227072,2084.455953338892,7.0,239.35364,500.0,228.67545,-1.0,0.4071045,1.0,0.63998705,0.26199955,-0.0036640347,0.0022629597,-0.0047955145,-3.2554975,0.50878906,0.49121094,0.084106445,0.4845534563064575
4235264,2083.2387775418115,7.0,239.02783,500.0,228.6567,-1.0,0.40734863,1.0,0.6404037,0.2621953,-0.0024195644,0.0012118962,-0.0030255127,-3.5009532,0.5083008,0.49169922,0.084350586,0.48469820618629456
4243456,2082.095062179431,7.0,238.4884,500.0,228.61212,-1.0,0.40673828,1.0,0.6416482,0.26164126,-0.002511715,0.0018653199,-0.0034443748,-2.6402779,0.50805664,0.49194336,0.08520508,0.4854238033294678
4251648,2074.0320617858615,7.0,238.10803,500.0,228.60165,-1.0,0.40649414,1.0,0.6423732,0.26155013,-0.0035885614,0.0018634116,-0.0045202672,-2.5934744,0.5078125,0.4921875,0.08569336,0.4857293665409088
4259840,2078.7919179391247,7.0,237.5741,500.0,228.57936,-1.0,0.40600586,1.0,0.6434412,0.2612422,-0.0023100348,0.0019423389,-0.0032812043,-3.2965457,0.50756836,0.49243164,0.08642578,0.4861770272254944
4268032,2081.1194792752294,7.0,237.59497,500.0,228.61723,-1.0,0.40490723,1.0,0.64403844,0.2607007,-0.003106712,0.0013800194,-0.0037967216,-3.5611484,0.5081787,0.4918213,0.08691406,0.48643985390663147
4276224,2068.4025428542136,7.0,236.93787,500.0,228.58513,-1.0,0.40441895,1.0,0.6452917,0.26047802,-0.0023407186,0.0018915564,-0.003286497,-3.2157898,0.5078125,0.4921875,0.087768555,0.48700380325317383
4284416,2083.627244737346,7.0,236.00195,500.0,228.50911,-1.0,0.40319824,1.0,0.647565,0.25958025,-0.0011146758,0.0024549733,-0.0023421631,-3.387282,0.5074463,0.4925537,0.08935547,0.48813676834106445
4292608,2079.063487797148,7.0,235.76233,500.0,228.52115,-1.0,0.40307617,1.0,0.6479235,0.25966394,-0.0038063833,0.0019271648,-0.0047699655,-2.3255966,0.5073242,0.49267578,0.08959961,0.4882526099681854
4300800,2076.8744595385688,7.0,234.82227,500.0,228.41692,-1.0,0.4025879,1.0,0.6497318,0.2591281,-0.0013335708,0.0020637203,-0.0023654308,-3.439598,0.5065918,0.4934082,0.09082031,0.48904427886009216
4308992,2083.102879814658,7.0,234.26477,500.0,228.37317,-1.0,0.40319824,1.0,0.65019876,0.25958413,-0.0011343398,0.0014144706,-0.001841575,-3.3585672,0.5057373,0.4942627,0.09106445,0.48925939202308655
4317184,2080.1576553562986,7.0,233.52307,500.0,228.32013,-1.0,0.40319824,1.0,0.6513242,0.25997832,-0.0051133945,0.0023258957,-0.0062763426,-2.7726943,0.5050049,0.49499512,0.091796875,0.4897385537624359
4325376,2075.9164291065517,7.0,233.4209,500.0,228.34372,-1.0,0.40222168,1.0,0.65211487,0.25922003,-0.0030484619,0.0017880644,-0.0039424943,-2.5843225,0.5053711,0.4946289,0.09240723,0.49040961265563965
4333568,2078.409023122174,7.0,233.00879,500.0,228.2785,-1.0,0.4025879,1.0,0.65273094,0.25930852,-0.0033841184,0.0022305592,-0.004499398,-2.4026585,0.5046387,0.49536133,0.09277344,0.49063581228256226
4341760,2078.8369440694823,7.0,232.96985,500.0,228.34283,-1.0,0.40185547,1.0,0.6531821,0.2590158,-0.0020953023,0.0013926683,-0.0027916362,-2.7906969,0.5050049,0.49499512,0.09313965,0.49080246686935425
4349952,2076.902203515722,7.0,232.41406,500.0,228.29991,-1.0,0.40197754,1.0,0.6539476,0.25917602,-0.0041085607,0.001542012,-0.004879567,-3.0514932,0.50439453,0.49560547,0.09362793,0.4910524785518646
4358144,2082.4921904736043,7.0,231.89343,500.0,228.27792,-1.0,0.40222168,1.0,0.6545439,0.25959256,-0.0069276346,0.0018287555,-0.007842012,-2.7203562,0.5037842,0.49621582,0.09399414,0.49135804176330566
4366336,2075.385908928401,7.0,231.85828,500.0,228.30626,-1.0,0.40222168,1.0,0.6545439,0.2597843,-0.0053156056,0.0009000818,-0.0057656467,-3.1974251,0.5037842,0.49621582,0.09399414,0.49142053723335266
4374528,2073.546926063971,7.0,231.81042,500.0,228.29977,-1.0,0.40234375,1.0,0.6545621,0.25988075,-0.00508666,0.0010107971,-0.0055920584,-2.9618175,0.5036621,0.4963379,0.09399414,0.4911705255508423
4382720,2074.830852172611,7.0,230.98572,500.0,228.26686,-1.0,0.40270996,1.0,0.65554833,0.26054084,-0.0058304854,0.0016807739,-0.006670872,-2.9294267,0.50268555,0.49731445,0.09460449,0.49150192737579346
4390912,2085.179020172015,7.0,230.16663,500.0,228.18416,-1.0,0.40197754,1.0,0.657299,0.25990245,-0.0006269243,0.0017694662,-0.0015116574,-3.2583857,0.50219727,0.49780273,0.095825195,0.49247413873672485
4399104,2074.348473516025,7.0,229.5044,500.0,228.14656,-1.0,0.40100098,1.0,0.65882236,0.25923863,-0.0028464317,0.0019403298,-0.0038165965,-2.4824913,0.5020752,0.4979248,0.09692383,0.4931425154209137
4407296,2085.9046149109076,7.0,229.33191,500.0,228.17186,-1.0,0.40075684,1.0,0.6591561,0.25936237,-0.0035681415,0.0011813532,-0.004158818,-2.923983,0.5020752,0.4979248,0.09716797,0.49317821860313416
4415488,2078.0568090384304,7.0,229.26514,500.0,228.18953,-1.0,0.40075684,1.0,0.6591561,0.25960994,-0.0059485557,0.0013960338,-0.0066465726,-3.246444,0.5020752,0.4979248,0.09716797,0.4933694005012512
4423680,2080.384864927441,7.0,228.87231,500.0,228.2455,-1.0,0.39904785,1.0,0.6605618,0.25874144,-0.0029076124,0.0016607472,-0.003737986,-3.6666741,0.50268555,0.49731445,0.0982666,0.4941421151161194
4431872,2080.095571796353,7.0,229.11768,500.0,228.26369,-1.0,0.3980713,1.0,0.6607813,0.25788423,-0.0050697844,0.0010625691,-0.005601069,-2.835343,0.50341797,0.49658203,0.09851074,0.49423694610595703
4440064,2084.02837065952,7.0,228.89563,500.0,228.21573,-1.0,0.3980713,1.0,0.6611507,0.25776085,-0.002915606,0.0011843925,-0.0035078023,-3.704435,0.5031738,0.49682617,0.09875488,0.4946536123752594
4448256,2081.8641992550674,7.0,227.8811,500.0,228.09503,-1.0,0.39819336,1.0,0.66264486,0.25801018,-0.0014429757,0.0016722882,-0.0022791198,-3.1190424,0.5020752,0.4979248,0.099731445,0.4952199459075928
4456448,2075.147131709311,7.0,227.75159,500.0,228.10245,-1.0,0.39831543,1.0,0.66266364,0.25831276,-0.0063823657,0.0010741095,-0.0069194203,-3.2002988,0.5019531,0.49804688,0.099731445,0.49530327320098877
4464640,2075.173450912896,7.0,227.36499,500.0,228.05223,-1.0,0.39794922,1.0,0.6635278,0.2579619,-0.0034357319,0.0017665661,-0.004319015,-3.0597134,0.501709,0.49829102,0.1003418,0.4955967366695404
4472832,2070.119030220172,7.0,226.40295,500.0,227.89792,-1.0,0.39855957,1.0,0.6645405,0.25847292,-0.0011626085,0.0020860215,-0.0022056191,-2.8979096,0.5004883,0.49951172,0.10095215,0.4958569407463074
4481024,2075.956689993565,7.0,225.94275,500.0,227.85571,-1.0,0.39868164,1.0,0.66510993,0.25877136,-0.0003699406,0.001475425,-0.001107653,-3.322749,0.5,0.5,0.10131836,0.49610695242881775
4489216,2074.92820687699,7.0,225.56274,500.0,227.78593,-1.0,0.39782715,1.0,0.66626304,0.25804323,-0.0016415608,0.0025671374,-0.002925129,-3.2579677,0.5,0.5,0.10217285,0.4967080056667328
4497408,2067.3107528654373,7.0,225.67188,500.0,227.80705,-1.0,0.3968506,1.0,0.66666204,0.25718057,-0.0049330154,0.00090950873,-0.00538777,-3.33802,0.50061035,0.49938965,0.10253906,0.4970580041408539
4505600,2081.2170468480317,7.0,224.95508,500.0,227.74977,-1.0,0.3959961,1.0,0.66817546,0.25663015,-0.0018974005,0.0021243645,-0.002959583,-3.1168487,0.5003662,0.4996338,0.103637695,0.49764132499694824
4513792,2074.785247705642,7.0,224.82166,500.0,227.71506,-1.0,0.39660645,1.0,0.6680876,0.25678727,-0.0033173864,0.0012120176,-0.003923395,-2.686494,0.49987793,0.5001221,0.103515625,0.4976691007614136
4521984,2077.488012966139,7.0,224.62585,500.0,227.62999,-1.0,0.39709473,1.0,0.668163,0.25684634,0.00010448256,0.001210272,-0.00050065364,-3.1704402,0.49938965,0.50061035,0.103515625,0.4976691007614136
4530176,2073.548928221711,7.0,224.1969,500.0,227.57732,-1.0,0.39770508,1.0,0.6684393,0.2574684,-0.0038895032,0.0014214127,-0.004600209,-3.2427945,0.49865723,0.5013428,0.103637695,0.49754104018211365
4538368,2087.837268981113,7.0,223.60864,500.0,227.52034,-1.0,0.3968506,1.0,0.6697676,0.2570199,-0.0035174831,0.0025089772,-0.0047719716,-3.3042922,0.49853516,0.50146484,0.10461426,0.4980317950248718
4546560,2080.2125639862456,7.0,222.71118,500.0,227.41832,-1.0,0.397583,1.0,0.67060864,0.25783494,-0.00068170845,0.0017085203,-0.0015359682,-2.9966338,0.49731445,0.50268555,0.10510254,0.49821656942367554
4554752,2084.1890412675607,7.0,222.43945,500.0,227.41142,-1.0,0.39660645,1.0,0.6715502,0.2572173,-0.0036990691,0.0012441397,-0.0043211393,-3.9532025,0.4975586,0.5024414,0.10583496,0.49900105595588684
4562944,2085.2310304888465,7.0,222.92798,500.0,227.5116,-1.0,0.39489746,1.0,0.6718302,0.25583225,-0.0013153828,0.00085029675,-0.0017405311,-3.513851,0.49890137,0.50109863,0.10620117,0.49943286180496216
4571136,2076.664959952577,7.0,222.54016,500.0,227.47536,-1.0,0.3947754,1.0,0.67253745,0.25581083,-0.001198787,0.0016267254,-0.0020121494,-2.1749165,0.49853516,0.50146484,0.10668945,0.4999181628227234
4579328,2079.874972170262,7.0,222.24036,500.0,227.42166,-1.0,0.39489746,1.0,0.67291945,0.2557694,-0.0010356645,0.0012480428,-0.001659686,-3.0757885,0.49816895,0.50183105,0.106933594,0.5001227259635925
4587520,2083.264039296625,7.0,221.86206,500.0,227.4269,-1.0,0.39465332,1.0,0.6734253,0.25592497,0.0014488195,0.0016937064,0.0006019661,-3.5324998,0.49804688,0.5019531,0.107299805,0.5003378391265869
4595712,2076.8459631029427,7.0,221.60278,500.0,227.40628,-1.0,0.39465332,1.0,0.6737878,0.25614583,0.00015801808,0.0017213839,-0.0007026738,-3.33948,0.49780273,0.50219727,0.107543945,0.5007457137107849
4603904,2076.9386107641126,7.0,221.3966,500.0,227.46825,-1.0,0.3927002,1.0,0.67492795,0.25513932,-0.0031883214,0.0018898223,-0.0041332324,-2.9946907,0.4987793,0.5012207,0.10852051,0.5014048218727112
4612096,2062.836319956034,7.0,220.62366,500.0,227.38641,-1.0,0.39318848,1.0,0.67572844,0.255808,-0.0008655254,0.0016822226,-0.0017066364,-2.2888706,0.49780273,0.50219727,0.10900879,0.5015630125999451
4620288,2079.039208400399,7.0,220.40173,500.0,227.3346,-1.0,0.39367676,1.0,0.67580545,0.25616077,-0.0011175049,0.001029765,-0.0016323875,-2.992651,0.49731445,0.50268555,0.10900879,0.5014743208885193
4628480,2083.773320609039,7.0,220.09741,500.0,227.30818,-1.0,0.3935547,1.0,0.6763279,0.2561956,-0.0010517678,0.0014285359,-0.0017660357,-3.220401,0.4970703,0.5029297,0.109375,0.5015993118286133
4636672,2084.3923484747147,7.0,219.49524,500.0,227.21106,-1.0,0.39367676,1.0,0.67724895,0.2561398,0.0012200503,0.002354804,4.2648287e-05,-2.665182,0.4963379,0.5036621,0.10998535,0.5020014643669128
4644864,2083.209095762747,7.0,219.12378,500.0,227.17119,-1.0,0.39294434,1.0,0.6782143,0.25554717,-0.00067403517,0.0017053527,-0.001526711,-3.1822765,0.4963379,0.5036621,0.11071777,0.5026724934577942
4653056,2085.692909852704,7.0,217.97852,500.0,226.93942,-1.0,0.39294434,1.0,0.6800118,0.25546253,-0.00044209234,0.002506278,-0.0016952311,-3.5231647,0.4951172,0.5048828,0.11193848,0.5035094618797302
4661248,2087.5862323976285,7.0,217.78467,500.0,226.95454,-1.0,0.3922119,1.0,0.6806139,0.25519782,-0.002964954,0.0011719925,-0.00355095,-3.7400641,0.49536133,0.5046387,0.11242676,0.5038149952888489
4669440,2084.088540228007,7.0,217.15845,500.0,226.946,-1.0,0.3909912,1.0,0.68203217,0.25453395,-0.0015110803,0.0022218814,-0.002622021,-3.3930905,0.4954834,0.5045166,0.11352539,0.5047352313995361
4677632,2068.478250501968,7.0,216.64307,500.0,226.83025,-1.0,0.39160156,1.0,0.68248725,0.25493518,-0.0030338229,0.0014527226,-0.0037601837,-3.126024,0.4946289,0.5053711,0.11376953,0.5047484040260315
4685824,2085.9984524882007,7.0,215.7229,500.0,226.64334,-1.0,0.39208984,1.0,0.6836367,0.25530276,0.0018463111,0.0024543423,0.0006191402,-3.0394065,0.4934082,0.5065918,0.11450195,0.5051960945129395
4694016,2084.283103851167,7.0,215.2179,500.0,226.5282,-1.0,0.3935547,1.0,0.6836879,0.2563794,-0.0038962397,0.001285828,-0.0045391535,-3.0363934,0.49206543,0.5079346,0.11437988,0.5050889253616333
4702208,2083.5861803820862,7.0,214.62634,500.0,226.36644,-1.0,0.3939209,1.0,0.6844586,0.25630844,-0.00037952134,0.0017853007,-0.0012721726,-2.772609,0.49121094,0.50878906,0.114868164,0.5052555799484253
4710400,2083.033043363549,7.0,213.90063,500.0,226.19841,-1.0,0.39501953,1.0,0.6849844,0.2570474,-0.00021619187,0.0012530806,-0.0008427316,-3.6139824,0.48986816,0.51013184,0.115112305,0.5053714513778687
4718592,2082.7845494519615,7.0,213.03491,500.0,226.03319,-1.0,0.3947754,1.0,0.6863712,0.25678417,-0.00248327,0.0020784386,-0.0035224892,-3.2440808,0.48913574,0.51086426,0.11608887,0.5060788989067078
4726784,2075.1117898289517,7.0,212.87756,500.0,226.05222,-1.0,0.39416504,1.0,0.6868108,0.25655478,-0.0019145156,0.0011958437,-0.002512437,-3.388006,0.48937988,0.5106201,0.11645508,0.5062236189842224
4734976,2083.1316745068634,7.0,212.34631,500.0,225.9968,-1.0,0.3939209,1.0,0.68766135,0.25660193,0.0030351467,0.0018621142,0.0021040896,-3.3529844,0.48901367,0.5109863,0.11706543,0.5064544081687927
4743168,2085.7563408902106,7.0,211.3789,500.0,225.84105,-1.0,0.3942871,1.0,0.68878186,0.25714493,-0.0054766606,0.0015716116,-0.0062624663,-3.0800302,0.48791504,0.51208496,0.11779785,0.5068647861480713
4751360,2070.835552828707,7.0,211.05066,500.0,225.79088,-1.0,0.39331055,1.0,0.689871,0.2563104,0.00024185784,0.002603231,-0.0010597578,-1.5789979,0.4880371,0.5119629,0.118652344,0.5074684619903564
4759552,2072.378951007587,7.0,210.67566,500.0,225.6831,-1.0,0.3927002,1.0,0.6908374,0.25563103,-0.0068989675,0.0017093592,-0.0077536483,-2.631231,0.48791504,0.51208496,0.119384766,0.5080934762954712
4767744,2090.594774970036,7.0,210.91418,500.0,225.73839,-1.0,0.3922119,1.0,0.6907613,0.2552489,-0.003966043,0.0010115935,-0.0044718403,-3.404256,0.48840332,0.5115967,0.119384766,0.5078434944152832
4775936,2090.417599260001,7.0,210.93542,500.0,225.73488,-1.0,0.3922119,1.0,0.6907613,0.25513262,-0.002545558,0.00095129677,-0.003021206,-2.9629529,0.48840332,0.5115967,0.119384766,0.5077601671218872
4784128,2091.2346636348807,7.0,210.15173,500.0,225.5322,-1.0,0.39257812,1.0,0.69187784,0.25497746,-0.0009028153,0.0026719612,-0.0022387963,-2.4050326,0.4873047,0.5126953,0.12011719,0.5084360837936401
4792320,2080.582391175357,7.0,209.74512,500.0,225.51274,-1.0,0.39245605,1.0,0.69238794,0.25518763,2.138567e-05,0.0019638964,-0.00096056284,-3.5200322,0.48706055,0.51293945,0.1204834,0.5090397596359253
4800512,2082.0252932854296,7.0,209.5238,500.0,225.5408,-1.0,0.39196777,1.0,0.69284075,0.25516862,0.0007805979,0.0017648608,-0.00010183285,-3.1197686,0.48718262,0.5128174,0.12084961,0.5093995332717896
4808704,2068.8212456795113,7.0,209.01953,500.0,225.44783,-1.0,0.3922119,1.0,0.69340706,0.25555292,0.00023760216,0.0014421145,-0.00048345543,-3.8094597,0.48657227,0.51342773,0.12121582,0.5096623301506042
4816896,2072.2818353705497,7.0,208.93616,500.0,225.5004,-1.0,0.39123535,1.0,0.6939585,0.25521135,-0.0022276393,0.0018084956,-0.0031318872,-2.9645817,0.48706055,0.51293945,0.1217041,0.5103097558021545
4825088,2065.7429732039354,7.0,208.57251,500.0,225.46507,-1.0,0.39208984,1.0,0.69391596,0.25609273,-0.0032810185,0.0011890599,-0.003875548,-2.8141184,0.48632812,0.5136719,0.12158203,0.5103300213813782
4833280,2075.4109805902294,7.0,207.8435,500.0,225.32481,-1.0,0.39379883,1.0,0.69400376,0.25764418,-0.002112587,0.0015800736,-0.0029026237,-3.1027544,0.4847412,0.5152588,0.12145996,0.5106119513511658
4841472,1831.1650011607414,7.0,207.55298,500.0,225.31026,-1.0,0.39282227,1.0,0.6949084,0.25703532,0.00073981215,0.0019403361,-0.00023035554,-2.593753,0.48498535,0.51501465,0.12219238,0.5113846659660339
4849664,2066.160351379822,7.0,207.26135,500.0,225.26935,-1.0,0.39233398,1.0,0.69553524,0.25676572,-0.0027736994,0.0009980046,-0.003272701,-3.6723716,0.48498535,0.51501465,0.122680664,0.5117229223251343
4857856,2048.4164665083445,7.0,207.18262,500.0,225.22583,-1.0,0.39282227,1.0,0.69543517,0.25706977,-0.003987178,0.0013585134,-0.0046664346,-3.3957646,0.48461914,0.51538086,0.122558594,0.5119491219520569
4866048,1963.9596017978713,7.0,206.90369,500.0,225.23007,-1.0,0.3922119,1.0,0.6960427,0.256969,-0.0035312646,0.0015320748,-0.004297302,-2.7607584,0.4847412,0.5152588,0.123046875,0.5124683380126953
4874240,2017.6138779068895,7.0,206.81506,500.0,225.21394,-1.0,0.39208984,1.0,0.69619906,0.25693244,-0.006707241,0.0022143484,-0.007814415,-2.9014397,0.4847412,0.5152588,0.123168945,0.5127588510513306
4882432,2079.8939831949824,7.0,206.67285,500.0,225.24455,-1.0,0.3927002,1.0,0.69594276,0.2576703,0.0005051561,0.0017327401,-0.00036121334,-2.8785002,0.484375,0.515625,0.122924805,0.5130351781845093
4890624,2079.551334472657,7.0,206.68408,500.0,225.29042,-1.0,0.3927002,1.0,0.69576734,0.25787416,-0.00062437804,0.0017096444,-0.0014792004,-3.4566138,0.48449707,0.5155029,0.122802734,0.5134608745574951
4898816,2096.108167813648,7.0,206.71887,500.0,225.27803,-1.0,0.3927002,1.0,0.69576734,0.2579018,-0.004849682,0.0009644901,-0.005331927,-3.550231,0.48449707,0.5155029,0.122802734,0.5136520266532898
4907008,2083.3654714105023,7.0,206.35156,500.0,225.19652,-1.0,0.39343262,1.0,0.69587994,0.2585186,-0.0046426198,0.0011759138,-0.0052305767,-3.0996437,0.48376465,0.51623535,0.122802734,0.5138186812400818
4915200,2080.100986644936,7.0,206.18762,500.0,225.16614,-1.0,0.3927002,1.0,0.696644,0.2579087,-0.0027642515,0.0019239191,-0.0037262111,-3.2037115,0.48388672,0.5161133,0.123413086,0.5145443081855774
4923392,2083.7149383486153,7.0,205.81909,500.0,225.12068,-1.0,0.3930664,1.0,0.69687545,0.25869137,-0.0012159485,0.0024096589,-0.002420778,-2.639594,0.48339844,0.51660156,0.123535156,0.5150389671325684
4931584,2066.675598751035,7.0,205.55774,500.0,225.09702,-1.0,0.39245605,1.0,0.697482,0.25845045,0.0004890104,0.0012025847,-0.00011228229,-3.6464136,0.4835205,0.5164795,0.12402344,0.5155581831932068
4939776,2066.8053831667403,7.0,205.85156,500.0,225.16727,-1.0,0.39160156,1.0,0.6975248,0.25764766,-0.0043479875,0.0010947805,-0.0048953774,-2.8274956,0.48425293,0.5157471,0.12414551,0.5159331560134888
4947968,2082.755638106693,7.0,205.66467,500.0,225.18231,-1.0,0.39086914,1.0,0.6981103,0.25742036,-0.005050794,0.0015933396,-0.0058474643,-3.1720138,0.48449707,0.5155029,0.12463379,0.5164148807525635
4956160,2072.916438750705,7.0,205.47498,500.0,225.13292,-1.0,0.39135742,1.0,0.69818646,0.25774607,-0.0016950602,0.0018942521,-0.0026421861,-3.2879965,0.4840088,0.5159912,0.12463379,0.5165702700614929
4964352,2073.15382725453,7.0,205.05542,500.0,225.0875,-1.0,0.39172363,1.0,0.69841814,0.25848484,-0.00016731466,0.0022575823,-0.0012961056,-3.0668306,0.4835205,0.5164795,0.12475586,0.5170202851295471
4972544,330.5515868400793,7.0,205.13428,500.0,225.1338,-1.0,0.3914795,1.0,0.69838035,0.2584304,-0.0024810699,0.0013047911,-0.003133465,-3.3570204,0.48376465,0.51623535,0.12475586,0.5173763632774353
4980736,1981.6205239315373,7.0,205.1482,500.0,225.16551,-1.0,0.39135742,1.0,0.6983613,0.25848615,-0.0047744196,0.00078163884,-0.00516524,-3.9920306,0.48388672,0.5161133,0.12475586,0.5174489617347717
4988928,2085.73595644348,7.0,205.0094,500.0,225.15445,-1.0,0.3918457,1.0,0.6982623,0.2590064,-0.0024616788,0.0019180167,-0.0034206868,-2.7361138,0.4835205,0.5164795,0.12463379,0.5177308917045593
4997120,2088.766972379129,7.0,204.76636,500.0,225.12688,-1.0,0.3922119,1.0,0.6983189,0.2595191,-0.003728357,0.0012649207,-0.0043608174,-3.639846,0.4831543,0.5168457,0.12463379,0.5177665948867798
5005312,2080.577855713249,7.0,204.20728,500.0,225.0854,-1.0,0.39282227,1.0,0.6985876,0.2605816,-0.0023196596,0.0012493936,-0.0029443563,-3.5836644,0.48242188,0.5175781,0.12475586,0.5180826187133789
5013504,2084.86435615094,7.0,203.7782,500.0,224.99583,-1.0,0.39318848,1.0,0.6989931,0.26100886,-0.003933532,0.0014379624,-0.004652513,-2.9815216,0.48181152,0.5181885,0.125,0.518427848815918
5021696,2091.3436198682566,7.0,204.08496,500.0,225.102,-1.0,0.39343262,1.0,0.6983315,0.2611841,-0.0046240743,0.0010509123,-0.0051495307,-3.7658453,0.48205566,0.51794434,0.12451172,0.5186190009117126
5029888,2092.0198860303212,7.0,203.94226,500.0,225.0787,-1.0,0.3939209,1.0,0.698231,0.26159143,-0.0033994357,0.001285114,-0.0040419926,-3.3128874,0.48168945,0.51831055,0.12438965,0.5190666913986206
5038080,2074.6430598344054,7.0,203.6272,500.0,224.97305,-1.0,0.3951416,1.0,0.6980657,0.2624908,-0.0065226955,0.0018200426,-0.007432717,-3.1086094,0.4807129,0.5192871,0.12414551,0.5196121335029602
5046272,2079.933894887476,7.0,203.77441,500.0,225.03677,-1.0,0.39526367,1.0,0.69773424,0.2627322,-0.0037405281,0.0015874745,-0.004534266,-3.0676863,0.48083496,0.51916504,0.12390137,0.5200763940811157
5054464,2089.914472092769,7.0,203.9137,500.0,225.08798,-1.0,0.39562988,1.0,0.6972641,0.26312128,-0.0026612694,0.0013708628,-0.0033467007,-2.6863706,0.48083496,0.51916504,0.123535156,0.5202675461769104
5062656,2073.3088220022464,7.0,203.93652,500.0,225.09425,-1.0,0.3968506,1.0,0.69657004,0.26404363,-0.001071572,0.001693858,-0.001918501,-2.920912,0.4802246,0.5197754,0.122924805,0.5203436613082886
5070848,2081.4684452493602,7.0,203.71997,500.0,225.00705,-1.0,0.397583,1.0,0.6965029,0.26451504,-0.0019402992,0.0021640726,-0.0030223355,-2.7577922,0.47961426,0.52038574,0.122802734,0.5205744504928589
5079040,2085.517070323916,7.0,204.01001,500.0,225.07521,-1.0,0.39770508,1.0,0.6959948,0.2646176,-0.0064284643,0.0007591649,-0.006808047,-3.762447,0.4798584,0.5201416,0.12243652,0.5206470489501953
5087232,2086.6068919280006,7.0,204.36987,500.0,225.18425,-1.0,0.397583,1.0,0.69545054,0.2647661,-0.0046271896,0.001076635,-0.005165507,-3.7238064,0.48034668,0.5196533,0.12207031,0.5208256244659424
5095424,2096.70460746413,7.0,204.17017,500.0,225.19345,-1.0,0.39831543,1.0,0.6952069,0.26592088,-0.0016259751,0.0017668119,-0.0025093807,-1.7114158,0.4798584,0.5201416,0.12182617,0.5212277770042419
5103616,2086.245433829116,7.0,203.72925,500.0,225.0586,-1.0,0.39904785,1.0,0.6954891,0.26638147,-0.0016976036,0.0018869727,-0.00264109,-3.054986,0.4790039,0.5209961,0.12194824,0.5216596126556396
5111808,2092.9153282606753,7.0,203.81812,500.0,225.11168,-1.0,0.39782715,1.0,0.69601274,0.2656176,-0.0028888143,0.0019835415,-0.0038805848,-3.0766377,0.47973633,0.5202637,0.12243652,0.5224096179008484
5120000,2079.4155398642,7.0,203.469,500.0,225.01614,-1.0,0.39855957,1.0,0.69611984,0.2661336,0.00046770548,0.0016614797,-0.00036303437,-2.6511793,0.4790039,0.5209961,0.12243652,0.5227277874946594
5128192,2074.030935046784,7.0,203.7732,500.0,225.09207,-1.0,0.3996582,1.0,0.6950508,0.26713398,-0.0026214498,0.0012457293,-0.0032443148,-2.65783,0.47875977,0.52124023,0.12158203,0.5226060152053833
5136384,2083.1743628399604,7.0,203.72156,500.0,225.07495,-1.0,0.40039062,1.0,0.69462913,0.26792756,-0.002575324,0.0019710425,-0.0035608455,-2.9509857,0.47839355,0.52160645,0.12121582,0.5228965282440186
5144576,2089.4813436051136,7.0,204.0315,500.0,225.14334,-1.0,0.39953613,1.0,0.69468176,0.2671866,-0.0025369306,0.0013804316,-0.0032271468,-2.9496195,0.47912598,0.520874,0.12133789,0.5230412483215332
5152768,2078.7695313712366,7.0,203.99841,500.0,225.16643,-1.0,0.39904785,1.0,0.6949624,0.26691818,-0.00213833,0.0014367425,-0.0028567011,-3.8665388,0.47937012,0.5206299,0.12158203,0.5238518714904785
5160960,2082.5454552948154,7.0,203.95056,500.0,225.19458,-1.0,0.39904785,1.0,0.6949624,0.26723987,-0.002054147,0.0014865408,-0.0027974176,-3.4150736,0.47937012,0.5206299,0.12158203,0.5241018533706665
5169152,2087.071662969618,7.0,204.02393,500.0,225.19774,-1.0,0.39868164,1.0,0.6950847,0.26688623,-0.0022232947,0.0016055636,-0.0030260766,-2.8778763,0.47961426,0.52038574,0.1217041,0.5243646502494812
5177344,2088.5311999517617,7.0,203.8385,500.0,225.15079,-1.0,0.39990234,1.0,0.6947346,0.2679418,0.000569988,0.0018883921,-0.0003742081,-3.2784684,0.47875977,0.52124023,0.12133789,0.5245590806007385
5185536,2079.7575144069397,7.0,203.6449,500.0,225.15216,-1.0,0.40039062,1.0,0.69462913,0.2683777,0.0015914472,0.0019981836,0.0005923559,-3.4913664,0.47839355,0.52160645,0.12121582,0.5249474048614502
5193728,2079.0924225338545,7.0,203.45154,500.0,225.12091,-1.0,0.40124512,1.0,0.6943996,0.26924944,-0.002285112,0.001987923,-0.0032790732,-3.0968435,0.4777832,0.5222168,0.12097168,0.5256974101066589
5201920,2087.53410452793,7.0,203.53748,500.0,225.19878,-1.0,0.39941406,1.0,0.6951911,0.26804325,-0.00092012464,0.0012357574,-0.0015380034,-3.7501738,0.47888184,0.52111816,0.1217041,0.5265284776687622
5210112,2083.4973605598466,7.0,203.50537,500.0,225.1689,-1.0,0.39904785,1.0,0.69548917,0.26775974,-0.006145864,0.0027568394,-0.0075242836,-2.3999665,0.4790039,0.5209961,0.12194824,0.5274821519851685
5218304,2083.30483832437,7.0,203.35999,500.0,225.16544,-1.0,0.3988037,1.0,0.6958046,0.26767522,-0.003381106,0.0016291513,-0.004195682,-3.0179265,0.4790039,0.5209961,0.12219238,0.5280655026435852
5226496,2083.995253597952,7.0,203.03052,500.0,225.1459,-1.0,0.3988037,1.0,0.6961554,0.2680163,-0.0022230074,0.0023366935,-0.0033913543,-2.801229,0.47875977,0.52124023,0.12243652,0.5283815264701843
5234688,2083.807568002782,7.0,202.89636,500.0,225.15698,-1.0,0.40039062,1.0,0.6953317,0.2696874,-0.0010258652,0.0023840878,-0.002217909,-2.4841604,0.47790527,0.5220947,0.1217041,0.5286769866943359
5242880,2075.1542754271295,7.0,203.03967,500.0,225.26587,-1.0,0.3996582,1.0,0.6954019,0.26955235,-0.0040196236,0.0011505876,-0.0045949174,-3.660402,0.47851562,0.5214844,0.12182617,0.5288436412811279
5251072,2079.6388111977417,7.0,203.35095,500.0,225.36006,-1.0,0.40039062,1.0,0.69445336,0.27041978,-0.0028110933,0.0010797435,-0.0033509652,-3.7328162,0.47851562,0.5214844,0.12109375,0.5288714170455933
5259264,2085.590491431624,7.0,203.53955,500.0,225.43927,-1.0,0.40124512,1.0,0.69352007,0.27134615,-0.0048627607,0.0011757566,-0.005450639,-3.3016462,0.47839355,0.52160645,0.12036133,0.5287529826164246
5267456,2083.163880039888,7.0,203.59375,500.0,225.53323,-1.0,0.4008789,1.0,0.6934678,0.2713598,-0.0065670297,0.0016647254,-0.0073993932,-3.1544561,0.47875977,0.52124023,0.12036133,0.5288290977478027
5275648,2090.975429086822,7.0,203.5315,500.0,225.49721,-1.0,0.40112305,1.0,0.69350266,0.2714201,-0.005547314,0.0015382344,-0.006316431,-2.27595,0.47851562,0.5214844,0.12036133,0.5288355350494385
5283840,2081.5313673899336,7.0,203.47925,500.0,225.5349,-1.0,0.39990234,1.0,0.69403136,0.27103293,-0.0028346265,0.002301617,-0.003985435,-2.53196,0.47924805,0.52075195,0.12084961,0.5294678807258606
5292032,2086.0586092221492,7.0,203.19812,500.0,225.4532,-1.0,0.40063477,1.0,0.6941367,0.27154174,-0.0025017676,0.0019539604,-0.0034787483,-3.1289475,0.47851562,0.5214844,0.12084961,0.5295882225036621
5300224,2084.719139171898,7.0,203.25476,500.0,225.50389,-1.0,0.39941406,1.0,0.6946641,0.27063206,-0.0070470134,0.0014960205,-0.0077950237,-3.839901,0.47924805,0.52075195,0.12133789,0.5303908586502075
5308416,2079.099216023563,7.0,203.48145,500.0,225.52957,-1.0,0.4000244,1.0,0.69404906,0.27086684,-0.0037101833,0.0009990905,-0.004209729,-3.8348308,0.47912598,0.520874,0.12084961,0.5304186344146729
5316608,2075.9198154761484,7.0,203.69788,500.0,225.60457,-1.0,0.3996582,1.0,0.6938203,0.27066293,-0.0054589496,0.0014409937,-0.0061794464,-3.541072,0.47961426,0.52038574,0.12072754,0.5307121276855469
5324800,2081.69127483599,7.0,203.82874,500.0,225.62311,-1.0,0.3996582,1.0,0.69364434,0.27045745,-0.007644072,0.0009382214,-0.008113182,-3.832024,0.47973633,0.5202637,0.12060547,0.5310335755348206
5332992,2070.548659680139,7.0,204.03369,500.0,225.67613,-1.0,0.3996582,1.0,0.69329226,0.27047488,-0.004601933,0.00068472663,-0.0049442966,-3.5484247,0.47998047,0.52001953,0.12036133,0.531106173992157
5341184,2076.8322800703395,7.0,203.94067,500.0,225.62766,-1.0,0.39941406,1.0,0.693609,0.2702378,-0.0031585407,0.0025612065,-0.004439144,-2.7621737,0.47998047,0.52001953,0.12060547,0.5316061973571777
5349376,2081.0834294892857,7.0,204.29614,500.0,225.70508,-1.0,0.3980713,1.0,0.6939408,0.26892176,-0.0029545396,0.0013561873,-0.0036326332,-2.2981362,0.48095703,0.51904297,0.12097168,0.5319622755050659
5357568,2065.85512701829,7.0,204.23633,500.0,225.77966,-1.0,0.39770508,1.0,0.6940628,0.26894543,-0.004825536,0.0019792318,-0.0058151525,-2.7758145,0.48120117,0.5187988,0.12109375,0.5326213836669922
5365760,2080.5095742013395,7.0,204.21692,500.0,225.77562,-1.0,0.39819336,1.0,0.6937828,0.26954234,-0.00361792,0.0012456196,-0.0042407303,-3.5239203,0.48095703,0.51904297,0.12084961,0.5327463746070862
5373952,2078.993544542776,7.0,204.51343,500.0,225.84392,-1.0,0.39782715,1.0,0.69355303,0.26936764,-0.004743317,0.0011225108,-0.0053045726,-3.2005773,0.4814453,0.5185547,0.12072754,0.5328667163848877
5382144,2082.4603843441423,7.0,204.39233,500.0,225.83968,-1.0,0.39855957,1.0,0.6933085,0.27006084,-0.0034701424,0.0025704158,-0.0047553503,-3.2218037,0.48095703,0.51904297,0.1204834,0.5333458781242371
5390336,2091.053307233511,7.0,204.21008,500.0,225.83209,-1.0,0.397583,1.0,0.69404495,0.2695258,-0.0032221973,0.0013974872,-0.0039209407,-3.1616695,0.48132324,0.51867676,0.12109375,0.5340169072151184
5398528,2078.0635957620243,7.0,203.86108,500.0,225.76762,-1.0,0.39819336,1.0,0.6941346,0.27028805,-0.0037319302,0.0019305056,-0.0046971827,-2.2718053,0.4807129,0.5192871,0.12109375,0.5340169072151184
5406720,2084.1679289242375,7.0,203.69165,500.0,225.7184,-1.0,0.3984375,1.0,0.69434625,0.2702577,-0.0074743573,0.0020076563,-0.008478186,-2.628148,0.48034668,0.5196533,0.12121582,0.5341514945030212
5414912,2086.2786224457236,7.0,203.15869,500.0,225.57997,-1.0,0.3980713,1.0,0.69534665,0.26995647,-0.0010500271,0.0024650919,-0.0022825731,-3.1215892,0.47998047,0.52001953,0.12194824,0.5346032381057739
5423104,2086.7001590665504,7.0,202.91492,500.0,225.50075,-1.0,0.39770508,1.0,0.69599485,0.26948512,-0.00405481,0.002051003,-0.0050803116,-3.112808,0.4798584,0.5201416,0.12243652,0.5350199341773987
5431296,2081.441083501316,7.0,202.67004,500.0,225.47585,-1.0,0.39782715,1.0,0.6961881,0.26978958,-0.0034300305,0.0014451352,-0.004152598,-3.2461793,0.47961426,0.52038574,0.122558594,0.5352244973182678
5439488,2085.1261266958013,7.0,202.90955,500.0,225.58875,-1.0,0.39648438,1.0,0.6965157,0.2689408,-0.0035967529,0.0010975668,-0.0041455366,-3.6105654,0.48059082,0.5194092,0.122924805,0.5358078479766846
5447680,2083.495465482566,7.0,202.92664,500.0,225.60733,-1.0,0.39575195,1.0,0.6969321,0.26848373,0.0011354341,0.0017092716,0.00028079838,-3.0037,0.48095703,0.51904297,0.123291016,0.5361530780792236
5455872,2094.9184772972762,7.0,202.65002,500.0,225.584,-1.0,0.39489746,1.0,0.69767916,0.26832834,-0.0061507244,0.001961551,-0.0071314997,-3.6401062,0.48120117,0.5187988,0.12390137,0.5366639494895935
5464064,2080.349974201284,7.0,202.97986,500.0,225.69785,-1.0,0.39367676,1.0,0.69784415,0.26755324,-0.0013219933,0.001364075,-0.0020040313,-3.4862714,0.48217773,0.51782227,0.12414551,0.5368551015853882
5472256,2087.886620816668,7.0,203.0072,500.0,225.67787,-1.0,0.3939209,1.0,0.6977063,0.26756454,-0.0032795859,0.0012765967,-0.0039178845,-3.3670354,0.48205566,0.51794434,0.12402344,0.5371606349945068
5480448,2087.9964972923594,7.0,202.77014,500.0,225.63777,-1.0,0.39489746,1.0,0.6975041,0.268417,-0.0017686882,0.0012908975,-0.0024141367,-3.5367155,0.48132324,0.51867676,0.1237793,0.5370388627052307
5488640,2085.859028851608,7.0,202.91736,500.0,225.66666,-1.0,0.39562988,1.0,0.69691384,0.2691273,-0.00043080206,0.001453288,-0.0011574461,-3.3545108,0.4810791,0.5189209,0.123291016,0.5371734499931335
5496832,2080.353878881432,7.0,203.09155,500.0,225.74431,-1.0,0.39489746,1.0,0.6969789,0.26873273,-0.0061979042,0.0011142979,-0.006755053,-3.7625763,0.48168945,0.51831055,0.123413086,0.5372264981269836
5505024,2086.039358689792,7.0,203.06616,500.0,225.71248,-1.0,0.39501953,1.0,0.6969972,0.26864523,-0.0048303823,0.00091714395,-0.005288954,-3.5871139,0.48156738,0.5184326,0.123413086,0.5373253226280212
5513216,2085.4104923287446,7.0,203.53796,500.0,225.82637,-1.0,0.3947754,1.0,0.69643486,0.26854312,-0.0038821376,0.000814473,-0.004289374,-2.8278282,0.48217773,0.51782227,0.123046875,0.5372419953346252
5521408,2082.8414907366496,7.0,203.78613,500.0,225.92311,-1.0,0.3951416,1.0,0.6957887,0.2691362,-0.0053137084,0.0008740312,-0.0057507236,-3.7527697,0.4822998,0.5177002,0.122558594,0.5371202230453491
5529600,2082.5109969357886,7.0,203.92944,500.0,225.94748,-1.0,0.39440918,1.0,0.69602877,0.2684304,-0.004823063,0.0012373667,-0.0054417467,-3.733516,0.4827881,0.5172119,0.122802734,0.5375280976295471
5537792,2086.362738783635,7.0,203.25024,500.0,225.76219,-1.0,0.39587402,1.0,0.6962494,0.2695728,-0.0058576553,0.0012708153,-0.0064930627,-3.797066,0.48132324,0.51867676,0.122802734,0.5377908945083618
5545984,2081.654826892059,7.0,203.44739,500.0,225.8256,-1.0,0.3951416,1.0,0.6963148,0.26908973,-0.0034399035,0.0013632716,-0.004121539,-3.2657669,0.4819336,0.5180664,0.122924805,0.5380287170410156
5554176,2086.8365265738425,7.0,203.30908,500.0,225.8102,-1.0,0.39660645,1.0,0.695657,0.27045175,-0.004178631,0.001317986,-0.0048376247,-3.3721778,0.4810791,0.5189209,0.12231445,0.5381537079811096
5562368,2084.027865047615,7.0,203.79529,500.0,225.88637,-1.0,0.39526367,1.0,0.69580704,0.26908603,-0.004638597,0.0012519521,-0.005264573,-2.7026556,0.48217773,0.51782227,0.122558594,0.5385286808013916
5570560,2092.74476943819,7.0,203.56104,500.0,225.83174,-1.0,0.39575195,1.0,0.6958804,0.26959658,-0.0024278671,0.0013362777,-0.0030960059,-3.4270883,0.48168945,0.51831055,0.122558594,0.5387134552001953
5578752,2082.0691979391477,7.0,203.80505,500.0,225.88432,-1.0,0.39575195,1.0,0.69552946,0.26961416,-0.0030336836,0.0018405812,-0.0039539747,-3.180692,0.4819336,0.5180664,0.12231445,0.5390069484710693
5586944,2077.941692850786,7.0,203.45483,500.0,225.7932,-1.0,0.39697266,1.0,0.69536024,0.2707319,-0.00040690578,0.001256885,-0.001035348,-3.529675,0.48095703,0.51904297,0.12207031,0.5391415357589722
5595136,2080.5541708435,7.0,203.39929,500.0,225.80428,-1.0,0.3972168,1.0,0.6952209,0.27115,-0.0046811206,0.000844719,-0.00510348,-3.4369328,0.48083496,0.51916504,0.12194824,0.539536714553833
5603328,2081.410192069706,7.0,202.40186,500.0,225.5747,-1.0,0.3972168,1.0,0.6966241,0.27131334,-0.004967612,0.0026067996,-0.006271012,-2.7959232,0.4798584,0.5201416,0.122924805,0.5401958227157593
5611520,2076.689309441151,7.0,202.76355,500.0,225.67987,-1.0,0.3963623,1.0,0.69649756,0.27078605,-0.0047159838,0.0011475026,-0.0052897353,-3.4074645,0.4807129,0.5192871,0.122924805,0.5403304100036621
5619712,2086.9961093261436,7.0,202.76038,500.0,225.68788,-1.0,0.39587402,1.0,0.6967752,0.27044874,-0.005418959,0.0013155511,-0.006076735,-3.4449668,0.48095703,0.51904297,0.123168945,0.5405682325363159
5627904,2080.11773507598,7.0,202.66235,500.0,225.62741,-1.0,0.39648438,1.0,0.6965157,0.27099276,-0.000508656,0.002045189,-0.0015312502,-2.280866,0.48059082,0.5194092,0.122924805,0.5408182144165039
5636096,2077.0313922472824,7.0,202.57312,500.0,225.67845,-1.0,0.39575195,1.0,0.6969321,0.27093983,-0.004158628,0.002370343,-0.0053438004,-2.8439817,0.48095703,0.51904297,0.123291016,0.5413089394569397
5644288,2084.3499895357068,7.0,202.83167,500.0,225.72957,-1.0,0.39648438,1.0,0.6961651,0.2715356,0.0023322678,0.0013486854,0.0016579253,-3.8475451,0.48083496,0.51916504,0.122680664,0.5417732000350952
5652480,2083.7811557068203,7.0,202.94238,500.0,225.83255,-1.0,0.3959961,1.0,0.69609225,0.27165717,-0.0029118196,0.0013394448,-0.0035815423,-3.157947,0.48132324,0.51867676,0.122680664,0.5418890714645386
5660672,2077.0080391583074,7.0,202.9436,500.0,225.88121,-1.0,0.3951416,1.0,0.6964901,0.2711855,-0.0038667815,0.0016611258,-0.0046973443,-3.1536002,0.48181152,0.5181885,0.123046875,0.5422969460487366
5668864,2087.5258606993593,7.0,202.83423,500.0,225.85274,-1.0,0.39660645,1.0,0.69583243,0.2724207,-0.008124721,0.0013288831,-0.008789163,-3.1034746,0.48095703,0.51904297,0.12243652,0.5427331924438477
5677056,2080.7596676427415,7.0,202.61328,500.0,225.78996,-1.0,0.39660645,1.0,0.6961832,0.27233177,-0.005359121,0.001758902,-0.006238572,-2.7491856,0.4807129,0.5192871,0.122680664,0.5435296893119812
5685248,2068.3798814452934,7.0,202.36694,500.0,225.73857,-1.0,0.39709473,1.0,0.6962556,0.2727104,-0.0035296523,0.0016316335,-0.004345469,-1.64238,0.4802246,0.5197754,0.122680664,0.543414831161499
5693440,2074.1165707058503,7.0,202.38489,500.0,225.7259,-1.0,0.39892578,1.0,0.6952958,0.27403203,-0.006649486,0.0017030558,-0.0075010136,-2.8286393,0.47924805,0.52075195,0.12182617,0.5434426069259644
5701632,2088.4816906959377,7.0,202.49597,500.0,225.75616,-1.0,0.39916992,1.0,0.6949801,0.27444077,-0.0019090793,0.0012708005,-0.0025444794,-3.3036032,0.47924805,0.52075195,0.12158203,0.5437189340591431
5709824,2082.6439140329444,7.0,202.5664,500.0,225.76903,-1.0,0.39953613,1.0,0.69468176,0.2747953,-0.0030751647,0.0019843802,-0.004067355,-3.258913,0.47912598,0.520874,0.12133789,0.5441831946372986
5718016,2085.333540168922,7.0,202.9779,500.0,225.86823,-1.0,0.399292,1.0,0.694295,0.2744055,-0.0053014243,0.0010632226,-0.005833035,-2.6234405,0.47961426,0.52038574,0.12109375,0.5442665219306946
5726208,2082.852349073436,7.0,203.28027,500.0,225.96553,-1.0,0.39916992,1.0,0.69392544,0.27450824,-0.0048965416,0.0016267739,-0.0057099285,-2.6157439,0.47998047,0.52001953,0.12084961,0.5444710850715637
5734400,2086.9377998515442,7.0,203.17407,500.0,225.92677,-1.0,0.39916992,1.0,0.69410133,0.27445084,-0.004680879,0.0016434446,-0.005502601,-2.506859,0.4798584,0.5201416,0.12097168,0.5447474122047424
5742592,2076.153125314016,7.0,202.96643,500.0,225.90932,-1.0,0.39892578,1.0,0.6944174,0.27463955,-0.006719789,0.0029793947,-0.0082094865,-2.6612523,0.4798584,0.5201416,0.12121582,0.5454157590866089
5750784,2083.729723157175,7.0,202.67688,500.0,225.86517,-1.0,0.39978027,1.0,0.69436556,0.27547818,-0.0053418777,0.0018574565,-0.006270606,-3.1611042,0.47912598,0.520874,0.12109375,0.5456308722496033
5758976,2083.5599000441516,7.0,202.90918,500.0,225.93541,-1.0,0.4000244,1.0,0.69387317,0.27566886,-0.0062736007,0.0012350114,-0.0068911067,-3.0421531,0.47924805,0.52075195,0.12072754,0.5456749796867371
5767168,2081.355850592888,7.0,202.32214,500.0,225.76723,-1.0,0.4017334,1.0,0.6937654,0.27699432,-0.001805781,0.0021256327,-0.0028685979,-2.3007889,0.4777832,0.5222168,0.1204834,0.5460731387138367
5775360,2078.4961523029046,7.0,202.45483,500.0,225.79475,-1.0,0.40222168,1.0,0.6933064,0.27741796,-0.00010591198,0.0012768732,-0.00074434816,-3.529311,0.47766113,0.52233887,0.12011719,0.5463359355926514
5783552,2086.2137662862983,7.0,202.4159,500.0,225.7788,-1.0,0.40185547,1.0,0.6936067,0.27704087,-0.0031983426,0.0010078207,-0.003702253,-3.777475,0.4777832,0.5222168,0.12036133,0.546480655670166
5791744,2079.7448000536524,7.0,201.94067,500.0,225.67125,-1.0,0.40197754,1.0,0.69415176,0.27725047,-0.0031864601,0.0017284923,-0.0040507065,-3.5628686,0.47729492,0.5227051,0.12072754,0.547046959400177
5799936,2074.3670079436906,7.0,202.22534,500.0,225.72903,-1.0,0.40222168,1.0,0.6936585,0.27744687,-0.006470994,0.00066370436,-0.0068028457,-3.5582538,0.477417,0.522583,0.12036133,0.5471815466880798
5808128,2082.713850637487,7.0,202.40625,500.0,225.75206,-1.0,0.40246582,1.0,0.6933408,0.27746564,-0.001989367,0.0014095706,-0.0026941518,-3.1170225,0.477417,0.522583,0.12011719,0.5472974181175232
5816320,2074.2700815593994,7.0,202.14282,500.0,225.72365,-1.0,0.40393066,1.0,0.6928409,0.27881235,-0.0064706234,0.0016216803,-0.0072814636,-2.1907911,0.47644043,0.5235596,0.119628906,0.5476243495941162
5824512,2077.7307215083715,7.0,202.17603,500.0,225.73586,-1.0,0.40368652,1.0,0.6929832,0.27857876,-0.006148373,0.0018788051,-0.0070877755,-2.8339167,0.4765625,0.5234375,0.11975098,0.5480153560638428
5832704,2090.879107443404,7.0,202.67847,500.0,225.93321,-1.0,0.4017334,1.0,0.69323736,0.27727246,-0.0032447327,0.0011516298,-0.0038205474,-2.734254,0.4781494,0.5218506,0.12011719,0.5485987067222595
5840896,2080.8288476777475,7.0,202.9541,500.0,226.00575,-1.0,0.40234375,1.0,0.6924427,0.27785122,-0.004833445,0.0011735088,-0.0054201996,-3.3317997,0.4781494,0.5218506,0.119506836,0.5486612319946289
5849088,2090.0662620528733,7.0,203.01208,500.0,226.05972,-1.0,0.4025879,1.0,0.6921244,0.27833995,-0.008081723,0.0011610079,-0.008662226,-2.7940764,0.4781494,0.5218506,0.119262695,0.5485674738883972
5857280,2080.8708115797103,7.0,203.08435,500.0,226.09468,-1.0,0.40307617,1.0,0.6916637,0.2789446,-0.0043606404,0.0009901731,-0.004855728,-3.9548454,0.47802734,0.52197266,0.118896484,0.5486508011817932
5865472,2091.615296179486,7.0,202.66174,500.0,225.99927,-1.0,0.40454102,1.0,0.6913379,0.2803427,-0.004878538,0.0011857522,-0.005471414,-3.6245346,0.4769287,0.5230713,0.11853027,0.5487133264541626
5873664,2087.6682978471576,7.0,202.4292,500.0,225.92647,-1.0,0.40576172,1.0,0.6909755,0.28134608,-0.0034135603,0.001815245,-0.004321182,-2.70046,0.47607422,0.5239258,0.11816406,0.548984169960022
5881856,2088.5729672775383,7.0,202.85657,500.0,226.01933,-1.0,0.4066162,1.0,0.689854,0.281954,-0.0059067737,0.00038371666,-0.006098632,-3.6112366,0.47607422,0.5239258,0.11730957,0.548734188079834
5890048,2086.924744046085,7.0,202.36096,500.0,225.91847,-1.0,0.40649414,1.0,0.6905449,0.28193617,-0.00057138986,0.003003282,-0.0020730314,-2.9496398,0.475708,0.524292,0.11779785,0.5492778420448303
5898240,2073.2870537865806,7.0,202.2804,500.0,225.9211,-1.0,0.4066162,1.0,0.6905615,0.2821771,-0.006350234,0.0007667584,-0.006733613,-3.685908,0.47558594,0.52441406,0.11779785,0.5497421026229858
5906432,2078.374072920757,7.0,202.69373,500.0,226.01997,-1.0,0.40600586,1.0,0.69030184,0.28165245,-0.0054964814,0.0015595234,-0.006276243,-3.091319,0.47631836,0.52368164,0.11767578,0.550349235534668
5914624,2074.726866891008,7.0,202.7638,500.0,226.02818,-1.0,0.40698242,1.0,0.6897266,0.28238672,-0.003504166,0.0012721287,-0.00414023,-2.9683213,0.47583008,0.5241699,0.1171875,0.5504651069641113
5922816,2078.301284727811,7.0,202.67065,500.0,226.00613,-1.0,0.40722656,1.0,0.68975943,0.28265703,-0.004969058,0.0014894657,-0.0057137907,-3.1886325,0.47558594,0.52441406,0.1171875,0.550649881362915
5931008,2079.905062627956,7.0,202.47607,500.0,225.97594,-1.0,0.40759277,1.0,0.6898086,0.28297913,-0.003927614,0.0013512886,-0.0046032583,-3.4892113,0.47521973,0.5247803,0.1171875,0.5510755777359009
5939200,2090.9391642824953,7.0,202.81934,500.0,226.07056,-1.0,0.4078369,1.0,0.68913305,0.28320432,-0.0030673002,0.0010140694,-0.003574335,-3.6721816,0.47546387,0.52453613,0.11669922,0.5509818196296692
5947392,2090.924531472031,7.0,202.87317,500.0,226.0691,-1.0,0.4091797,1.0,0.688248,0.28424516,-0.0053010355,0.0020765471,-0.006339308,-2.3984926,0.47485352,0.5251465,0.1159668,0.5513567924499512
5955584,2087.7203055677787,7.0,202.80957,500.0,226.0593,-1.0,0.40930176,1.0,0.68826413,0.28440088,-0.004316694,0.001235395,-0.0049343915,-3.3482373,0.47473145,0.52526855,0.1159668,0.5515121817588806
5963776,2082.1763179243235,7.0,202.73608,500.0,226.00563,-1.0,0.41027832,1.0,0.68785983,0.28504175,-0.009177868,0.0019565616,-0.010156149,-3.0392163,0.4741211,0.5258789,0.115600586,0.5519352555274963
5971968,2082.7359435014173,7.0,202.68079,500.0,225.9954,-1.0,0.41015625,1.0,0.68802136,0.2849683,-0.003807723,0.002049099,-0.0048322724,-3.1499023,0.4741211,0.5258789,0.115722656,0.5523995161056519
5980160,2077.269221884452,7.0,202.79492,500.0,226.02655,-1.0,0.40979004,1.0,0.6881508,0.28449225,-0.0023826563,0.0019743151,-0.0033698138,-3.0689363,0.47436523,0.52563477,0.11584473,0.5529449582099915
5988352,2076.5919149127512,7.0,202.83972,500.0,226.06053,-1.0,0.40966797,1.0,0.68795735,0.28472567,-0.0057888483,0.001366361,-0.006472029,-3.572019,0.47460938,0.5253906,0.115722656,0.5533706545829773
5996544,2081.9490953510863,7.0,202.96997,500.0,226.10135,-1.0,0.40881348,1.0,0.6881996,0.2842449,-0.0076255742,0.0011274419,-0.0081892945,-3.219814,0.47521973,0.5247803,0.1159668,0.553931474685669
6004736,2075.0230644555627,7.0,202.92114,500.0,226.1025,-1.0,0.4078369,1.0,0.6887787,0.28373206,-0.0042260815,0.0013615115,-0.004906837,-2.7169347,0.475708,0.524292,0.11645508,0.5545638203620911
6012928,2081.733651904825,7.0,202.47693,500.0,225.99586,-1.0,0.40856934,1.0,0.6890535,0.28442538,-0.0014750361,0.0032950137,-0.003122543,-2.336682,0.47485352,0.5251465,0.11657715,0.5550280809402466
6021120,2075.026197284437,7.0,202.34277,500.0,225.97754,-1.0,0.40759277,1.0,0.6898086,0.28354508,-0.006040428,0.0021447076,-0.007112782,-2.8698492,0.47521973,0.5247803,0.1171875,0.5556871891021729
6029312,2073.6853343221437,7.0,201.771,500.0,225.81844,-1.0,0.4078369,1.0,0.6905487,0.2836136,-0.0037755168,0.0018177077,-0.004684371,-2.9127755,0.4744873,0.5255127,0.11767578,0.5561190247535706
6037504,2076.5828787701507,7.0,201.70117,500.0,225.7926,-1.0,0.40844727,1.0,0.69027627,0.2841848,-0.0062138913,0.0014175456,-0.006922664,-2.9413288,0.4741211,0.5258789,0.11743164,0.5561071038246155
6045696,2087.65929189533,7.0,201.65955,500.0,225.79301,-1.0,0.4095459,1.0,0.68971354,0.28540963,-0.006123335,0.002084614,-0.0071656425,-2.7540202,0.47351074,0.52648926,0.11694336,0.5566179752349854
6053888,2082.8215419943604,7.0,201.7406,500.0,225.79958,-1.0,0.41064453,1.0,0.68897134,0.28642404,-0.0021422761,0.0013579638,-0.0028212578,-3.0872412,0.47302246,0.52697754,0.11633301,0.5568225383758545
6062080,2093.3461831812488,7.0,201.7461,500.0,225.78331,-1.0,0.41052246,1.0,0.6891327,0.2860959,-0.00397731,0.0018068496,-0.004880735,-2.5589848,0.47302246,0.52697754,0.11645508,0.5570487380027771
6070272,2071.369617864361,7.0,201.75098,500.0,225.77863,-1.0,0.41027832,1.0,0.6892781,0.28581282,-0.0042773765,0.0014386706,-0.004996712,-3.2925022,0.47314453,0.52685547,0.11657715,0.5575340390205383
6078464,2086.7882382714897,7.0,201.83484,500.0,225.7782,-1.0,0.4104004,1.0,0.68911684,0.28575444,-0.00599474,0.0009921237,-0.0064908015,-3.0544674,0.47314453,0.52685547,0.11645508,0.5581814646720886
6086656,2085.5082095053403,7.0,201.02258,500.0,225.61766,-1.0,0.4119873,1.0,0.68932134,0.2874636,-0.003081984,0.0027290164,-0.0044464916,-2.7527728,0.47155762,0.5284424,0.11645508,0.5584031343460083
6094848,2084.0369660994475,7.0,201.34998,500.0,225.73099,-1.0,0.41101074,1.0,0.68937314,0.286645,-0.0042572864,0.001818826,-0.0051666996,-2.7652233,0.4724121,0.5275879,0.11657715,0.5589426159858704
6103040,2074.5436025472645,7.0,201.00842,500.0,225.63533,-1.0,0.41101074,1.0,0.68990415,0.28652894,-0.004322509,0.0015063989,-0.005075708,-2.7605658,0.4720459,0.5279541,0.11694336,0.5596228241920471
6111232,2079.9486260884323,7.0,200.86047,500.0,225.59273,-1.0,0.4107666,1.0,0.6902264,0.28619528,-0.0017872753,0.0020154088,-0.0027949798,-1.6807133,0.4720459,0.5279541,0.1171875,0.5598856210708618
6119424,2081.153387381549,7.0,201.1211,500.0,225.73138,-1.0,0.40966797,1.0,0.690437,0.28550917,-0.0039388007,0.0015578271,-0.004717714,-3.3674047,0.4729004,0.5270996,0.11743164,0.5607070326805115
6127616,2078.089486262853,7.0,201.42981,500.0,225.79987,-1.0,0.40979004,1.0,0.68992245,0.28549653,-0.006663957,0.00085674284,-0.0070923287,-3.3221273,0.47314453,0.52685547,0.11706543,0.5607427358627319
6135808,2079.5048929863865,7.0,201.44592,500.0,225.84204,-1.0,0.4091797,1.0,0.6901962,0.28512308,-0.005487513,0.0005533556,-0.00576419,-3.4390848,0.47351074,0.52648926,0.11730957,0.5609472990036011
6144000,2081.6391887191744,7.0,201.0924,500.0,225.7588,-1.0,0.41064453,1.0,0.68985665,0.28635085,-0.0039268457,0.0022069225,-0.005030307,-3.2167904,0.4724121,0.5275879,0.11694336,0.5613336563110352
6152192,2081.180363392849,7.0,201.32825,500.0,225.82275,-1.0,0.4099121,1.0,0.68993837,0.28587455,-0.0054008467,0.0014797554,-0.0061407248,-3.4935062,0.47302246,0.52697754,0.11706543,0.5620046854019165
6160384,2079.296749857728,7.0,201.32715,500.0,225.85365,-1.0,0.40905762,1.0,0.69035697,0.28537396,-0.007606106,0.0016726025,-0.0084424075,-2.8588157,0.47351074,0.52648926,0.11743164,0.5624365210533142
6168576,2078.175331713723,7.0,201.31091,500.0,225.84625,-1.0,0.40844727,1.0,0.69080657,0.2852039,-0.005932916,0.0017919759,-0.0068289037,-2.2745826,0.47375488,0.5262451,0.11779785,0.563019871711731
6176768,2082.525638443522,7.0,201.8158,500.0,226.00609,-1.0,0.40612793,1.0,0.69137865,0.28338435,-0.0018666422,0.0010300913,-0.0023816875,-2.9509604,0.47546387,0.52453613,0.1184082,0.5637376308441162
6184960,2073.1808464627743,7.0,201.95984,500.0,226.06972,-1.0,0.40551758,1.0,0.691472,0.2829629,-0.0033612787,0.0007829869,-0.0037527722,-3.3184035,0.47595215,0.52404785,0.11853027,0.5638324618339539
6193152,2084.7573388901396,7.0,202.37415,500.0,226.18309,-1.0,0.4041748,1.0,0.6916403,0.28199324,-0.0028290718,0.0011039472,-0.003381045,-2.9039462,0.47705078,0.5229492,0.118774414,0.5645502209663391
6201344,2081.337191065059,7.0,202.45496,500.0,226.19496,-1.0,0.40307617,1.0,0.692193,0.28110301,-0.0053478535,0.0021069383,-0.006401323,-2.4166913,0.47766113,0.52233887,0.119262695,0.5652526021003723
6209536,2083.99727598375,7.0,202.2019,500.0,226.09573,-1.0,0.4053955,1.0,0.6912789,0.28294837,-0.0028862627,0.0018752451,-0.0038238855,-2.6143453,0.4761963,0.5238037,0.1184082,0.5652067065238953
6217728,2076.6837868266653,7.0,201.82349,500.0,225.95857,-1.0,0.4074707,1.0,0.6906765,0.28452736,-0.0055899015,0.0013259783,-0.0062528905,-2.2632225,0.47473145,0.52526855,0.11779785,0.5650956034660339
6225920,2091.123937039406,7.0,201.97815,500.0,226.01704,-1.0,0.40722656,1.0,0.690467,0.28440818,-0.005864881,0.0009890356,-0.006359398,-2.7258,0.47509766,0.52490234,0.11767578,0.5654011368751526
6234112,2082.707790962434,7.0,201.97144,500.0,226.02965,-1.0,0.40673828,1.0,0.69075465,0.28415212,-0.0008489572,0.0018288877,-0.0017634013,-2.7711499,0.4753418,0.5246582,0.11791992,0.5657921433448792
6242304,2088.3991804854995,7.0,201.98169,500.0,226.02667,-1.0,0.40649414,1.0,0.69089836,0.28391308,-0.005949169,0.0012263374,-0.0065623377,-2.4313743,0.47546387,0.52453613,0.11804199,0.5661135911941528
6250496,2082.969651580056,7.0,202.06726,500.0,226.0183,-1.0,0.40673828,1.0,0.69075465,0.28390062,-0.0044560763,0.0011965965,-0.005054374,-2.8540032,0.4753418,0.5246582,0.11791992,0.5661861896514893
6258688,2087.1337833177818,7.0,202.2334,500.0,226.07416,-1.0,0.40637207,1.0,0.6907052,0.28343785,-0.0050038677,0.0014065523,-0.0057071443,-2.94879,0.475708,0.524292,0.11791992,0.5668185353279114
6266880,2080.267979303961,7.0,202.50256,500.0,226.11542,-1.0,0.4066162,1.0,0.6902078,0.28351876,-0.0032724817,0.0014098629,-0.0039774133,-3.2852619,0.47583008,0.5241699,0.11755371,0.5670685172080994
6275072,2084.4718867756724,7.0,202.78784,500.0,226.19441,-1.0,0.40551758,1.0,0.690412,0.28272346,-0.0022037188,0.0014810119,-0.0029442243,-3.1899183,0.47668457,0.5233154,0.11779785,0.567302405834198
6283264,2076.371555861951,7.0,202.24927,500.0,226.08046,-1.0,0.4058838,1.0,0.69099224,0.2830772,-0.0071536014,0.0011457483,-0.0077264747,-2.6123524,0.47595215,0.52404785,0.11816406,0.5676338076591492
6291456,2083.4503636606623,7.0,202.40198,500.0,226.14444,-1.0,0.4053955,1.0,0.6909256,0.28293306,-0.005366365,0.0013235611,-0.0060281456,-2.3289185,0.47644043,0.5235596,0.11816406,0.5679652094841003
6299648,2073.2700398673073,7.0,202.65381,500.0,226.19275,-1.0,0.40490723,1.0,0.69085854,0.28240588,-0.007410378,0.0017227791,-0.008271769,-2.0864344,0.4769287,0.5230713,0.11816406,0.5683212876319885
6307840,2084.9142000910306,7.0,202.78113,500.0,226.19661,-1.0,0.40551758,1.0,0.690412,0.28279322,-0.0066209594,0.0019366513,-0.007589285,-2.5866032,0.47668457,0.5233154,0.11779785,0.5686665177345276
6316032,2083.641649233116,7.0,202.93384,500.0,226.26086,-1.0,0.4058838,1.0,0.68993145,0.28311318,-0.00121522,0.0012487554,-0.001839598,-3.2275815,0.47668457,0.5233154,0.11743164,0.5691518187522888
6324224,2081.7274718081608,7.0,202.78442,500.0,226.2491,-1.0,0.4058838,1.0,0.69010836,0.28324002,-0.00789059,0.001304576,-0.008542877,-3.0386744,0.4765625,0.5234375,0.11755371,0.5695428252220154
6332416,2087.3991675855304,7.0,202.90515,500.0,226.31985,-1.0,0.40722656,1.0,0.68905115,0.2846795,-0.0011043663,0.0015994312,-0.0019040816,-3.1983683,0.47607422,0.5239258,0.11669922,0.5697183609008789
6340608,2087.142024049939,7.0,202.9458,500.0,226.3471,-1.0,0.4066162,1.0,0.68932295,0.28418207,-0.006937382,0.0009861075,-0.0074304356,-3.1323159,0.47644043,0.5235596,0.11694336,0.5700088739395142
6348800,2074.239778269565,7.0,203.0437,500.0,226.37479,-1.0,0.40722656,1.0,0.688874,0.2846086,-0.009895666,0.0014818074,-0.01063657,-2.18165,0.4761963,0.5238037,0.11657715,0.5701338648796082
6356992,2083.747161919,7.0,203.09753,500.0,226.43546,-1.0,0.40637207,1.0,0.6891127,0.28420088,-0.002160488,0.0011689173,-0.0027449466,-2.1295013,0.47680664,0.52319336,0.11682129,0.5702892541885376
6365184,2083.5002663517057,7.0,203.06616,500.0,226.47905,-1.0,0.4046631,1.0,0.69011766,0.28317994,-0.0028053583,0.0015328722,-0.0035717944,-3.2955165,0.47766113,0.52233887,0.11767578,0.571161687374115
6373376,2090.9914623486916,7.0,203.02502,500.0,226.49722,-1.0,0.40490723,1.0,0.6899745,0.2835857,-0.0033167347,0.0017643234,-0.0041988967,-2.605435,0.47753906,0.52246094,0.11755371,0.571536660194397
6381568,2071.745051379789,7.0,203.0481,500.0,226.54028,-1.0,0.40454102,1.0,0.6901008,0.28349704,-0.0042479327,0.0011413652,-0.0048186155,-3.4258869,0.4777832,0.5222168,0.11767578,0.5720558762550354
6389760,2084.7443103521086,7.0,203.12524,500.0,226.55365,-1.0,0.4046631,1.0,0.68994075,0.28359908,-0.007421611,0.000970322,-0.007906772,-2.5950854,0.4777832,0.5222168,0.11755371,0.5720836520195007
6397952,2074.8848534607455,7.0,203.37952,500.0,226.61508,-1.0,0.40429688,1.0,0.6897131,0.28336552,-0.0050242213,0.0010389882,-0.005543716,-2.574417,0.47827148,0.5217285,0.11743164,0.5721461772918701
6406144,2081.116328020349,7.0,203.48914,500.0,226.64261,-1.0,0.4033203,1.0,0.69010776,0.28252667,-0.0052453615,0.0018068212,-0.0061487723,-1.9665982,0.47888184,0.52111816,0.11779785,0.5726739764213562
6414336,2081.9164227798533,7.0,203.78479,500.0,226.71169,-1.0,0.40319824,1.0,0.68973684,0.28242046,-0.0057110926,0.0011029373,-0.006262562,-3.6081598,0.47924805,0.52075195,0.11755371,0.5732134580612183
6422528,2071.3688686321348,7.0,203.776,500.0,226.72983,-1.0,0.40283203,1.0,0.6898622,0.28223738,-0.0047216145,0.0016279172,-0.005535573,-1.862433,0.4794922,0.5205078,0.11767578,0.5736579298973083
6430720,2080.527714977643,7.0,203.87,500.0,226.78029,-1.0,0.40356445,1.0,0.68925697,0.28307676,-0.0041892063,0.00158868,-0.0049835467,-1.9062077,0.47924805,0.52075195,0.1171875,0.573802649974823
6438912,2080.3372526031203,7.0,203.2666,500.0,226.65189,-1.0,0.4025879,1.0,0.69071203,0.28221917,-0.0038929742,0.0017307181,-0.0047583333,-1.6035473,0.47912598,0.520874,0.11828613,0.5744901299476624
6447104,2075.4444522029235,7.0,203.19153,500.0,226.66252,-1.0,0.4020996,1.0,0.691173,0.2820419,-0.0037410755,0.001687448,-0.0045847995,-2.2937155,0.47924805,0.52075195,0.118652344,0.5751097202301025
6455296,2081.4979513506123,7.0,202.97766,500.0,226.61507,-1.0,0.40344238,1.0,0.6906553,0.2833243,-0.0051486325,0.002945844,-0.0066215545,-1.9983335,0.47839355,0.52160645,0.11816406,0.5755376815795898
6463488,2083.921439202524,7.0,203.46887,500.0,226.76515,-1.0,0.40319824,1.0,0.6900907,0.28323114,-0.0026603863,0.00054392463,-0.0029323483,-3.4774024,0.4790039,0.5209961,0.11779785,0.5757876634597778
6471680,2087.2367337509418,7.0,203.12305,500.0,226.63524,-1.0,0.40356445,1.0,0.69049555,0.28325722,-0.004953126,0.0013050833,-0.0056056683,-2.8083885,0.47839355,0.52160645,0.11804199,0.5760695934295654
6479872,2085.887646533812,7.0,202.94312,500.0,226.59935,-1.0,0.40441895,1.0,0.69026077,0.2838387,-0.0027794521,0.0018162528,-0.0036875785,-3.044802,0.4777832,0.5222168,0.11779785,0.576467752456665
6488064,2087.5157145381936,7.0,202.88904,500.0,226.56053,-1.0,0.40441895,1.0,0.6904376,0.28353956,-0.004675826,0.0011927922,-0.0052722218,-3.2887013,0.47766113,0.52233887,0.11791992,0.5768275260925293
6496256,2084.2642653688968,7.0,202.50513,500.0,226.44499,-1.0,0.40478516,1.0,0.6908416,0.2836938,-0.005632658,0.0020274827,-0.0066463994,-1.3127545,0.47705078,0.5229492,0.11816406,0.5774369239807129
6504448,2089.562668596182,7.0,202.41138,500.0,226.40419,-1.0,0.4050293,1.0,0.6908753,0.2838177,-0.0037361025,0.0015758381,-0.0045240214,-2.35248,0.47680664,0.52319336,0.11816406,0.5779561400413513
6512640,2081.0516663772596,7.0,201.99036,500.0,226.30125,-1.0,0.4053955,1.0,0.6912789,0.28409255,-0.0024878446,0.0019794172,-0.0034775531,-2.7889247,0.4761963,0.5238037,0.1184082,0.5782721638679504
6520832,2083.60955527817,7.0,201.97046,500.0,226.2514,-1.0,0.4058838,1.0,0.69116884,0.28424656,-0.004355169,0.0018462674,-0.0052783024,-2.293151,0.47583008,0.5241699,0.11828613,0.578663170337677
6529024,2080.32705024573,7.0,202.0293,500.0,226.258,-1.0,0.4053955,1.0,0.6914554,0.2835708,-0.0045454623,0.0010502633,-0.0050705937,-3.3210144,0.47607422,0.5239258,0.11853027,0.5792239904403687
6537216,2087.0000389948846,7.0,201.92773,500.0,226.16728,-1.0,0.40576172,1.0,0.6915053,0.28370017,-0.0026100394,0.0017666953,-0.0034933868,-2.9064813,0.475708,0.524292,0.11853027,0.5796149969100952
6545408,2080.7813410386616,7.0,201.93762,500.0,226.19977,-1.0,0.40612793,1.0,0.69120204,0.28419405,-0.0036723898,0.0012261027,-0.004285441,-2.8391368,0.47558594,0.52441406,0.11828613,0.5796427726745605
6553600,2091.0237841160947,7.0,201.6034,500.0,226.15216,-1.0,0.40698242,1.0,0.691141,0.28501987,-0.004338788,0.001551462,-0.0051145186,-2.305444,0.47485352,0.5251465,0.11816406,0.5798689723014832
6561792,2080.197451230168,7.0,201.05481,500.0,225.97531,-1.0,0.4086914,1.0,0.69101554,0.28603667,-0.0023939305,0.0020881712,-0.0034380162,-2.4639845,0.47338867,0.5266113,0.11791992,0.5801107883453369
6569984,2077.645792194051,7.0,201.22668,500.0,226.03416,-1.0,0.40795898,1.0,0.69109505,0.28554934,-0.003981129,0.0018381829,-0.0049002203,-3.486684,0.47399902,0.526001,0.11804199,0.580650269985199
6578176,2087.504427049792,7.0,201.27856,500.0,226.05406,-1.0,0.40759277,1.0,0.6912229,0.28523758,-0.005942959,0.0008354559,-0.0063606864,-3.3186178,0.47424316,0.52575684,0.11816406,0.5811145305633545
6586368,2087.2727434426424,7.0,200.78308,500.0,225.91562,-1.0,0.4086914,1.0,0.69136876,0.28593832,-0.0026576607,0.0017034666,-0.0035093937,-3.2219992,0.47314453,0.52685547,0.11816406,0.5817645192146301
6594560,2081.1570429682856,7.0,200.84167,500.0,225.93044,-1.0,0.40905762,1.0,0.6910639,0.28621316,-0.007013053,0.0016361349,-0.007831121,-2.2051535,0.47302246,0.52697754,0.11791992,0.5819492936134338
6602752,2078.273629065374,7.0,200.87024,500.0,225.93893,-1.0,0.4086914,1.0,0.69119215,0.2859475,-0.0055786967,0.0014081822,-0.0062827873,-2.4014847,0.4732666,0.5267334,0.11804199,0.5823090672492981
6610944,2082.3408676142926,7.0,201.11804,500.0,225.94667,-1.0,0.40856934,1.0,0.69099945,0.28562135,-0.0024407788,0.00164442,-0.0032629888,-2.147586,0.47351074,0.52648926,0.11791992,0.5826473236083984
6619136,2080.6845702984256,7.0,200.89453,500.0,225.88101,-1.0,0.4095459,1.0,0.6907747,0.28645515,-0.0049576038,0.0014435165,-0.0056793615,-2.4013443,0.47277832,0.5272217,0.11767578,0.5828518867492676
6627328,2077.786381615103,7.0,200.83203,500.0,225.79697,-1.0,0.4091797,1.0,0.6912566,0.28571948,-0.003126571,0.001300832,-0.0037769866,-2.4591959,0.47277832,0.5272217,0.11804199,0.5831901431083679
6635520,2073.026621279346,7.0,200.8258,500.0,225.79411,-1.0,0.40905762,1.0,0.6914171,0.28557384,-0.0011301757,0.001697653,-0.0019790023,-2.6567335,0.47277832,0.5272217,0.11816406,0.5835922956466675
6643712,2073.200861145169,7.0,200.7622,500.0,225.77032,-1.0,0.40930176,1.0,0.6914492,0.2857266,-0.00084459095,0.0019088605,-0.0017990216,-1.6838531,0.47253418,0.5274658,0.11816406,0.5836756229400635
6651904,2064.935154953349,7.0,201.13416,500.0,225.8043,-1.0,0.40905762,1.0,0.6912405,0.285151,-0.0034617365,0.0017098867,-0.00431668,-1.3858136,0.4729004,0.5270996,0.11804199,0.5840317010879517
6660096,2082.209124835872,7.0,201.11877,500.0,225.77052,-1.0,0.40942383,1.0,0.691112,0.2853354,-0.006331549,0.0011079274,-0.0068855123,-2.8247142,0.47265625,0.52734375,0.11791992,0.5843080282211304
6668288,2077.394311487576,7.0,200.9762,500.0,225.75592,-1.0,0.4086914,1.0,0.6917218,0.28478476,-0.0048621073,0.0012383491,-0.0054812813,-2.095765,0.4729004,0.5270996,0.1184082,0.58485347032547
6676480,2081.9735689140316,7.0,201.1366,500.0,225.74036,-1.0,0.40930176,1.0,0.6912727,0.28497452,-0.0050479295,0.0007606668,-0.005428263,-2.651147,0.47265625,0.52734375,0.11804199,0.584782063961029
6684672,2084.780360588444,7.0,201.59973,500.0,225.90784,-1.0,0.4086914,1.0,0.6908389,0.28457955,-0.0024999904,0.001067994,-0.0030339872,-3.6629753,0.47351074,0.52648926,0.11779785,0.5852463245391846
6692864,2080.5830211022135,7.0,201.88428,500.0,225.99086,-1.0,0.40856934,1.0,0.69046926,0.28460068,-0.009645298,0.00076714024,-0.010028869,-2.461671,0.47387695,0.52612305,0.11755371,0.5851352214813232
6701056,2083.5111315582967,7.0,201.90051,500.0,225.98686,-1.0,0.40930176,1.0,0.69003546,0.28521103,-0.0045488477,0.0007022549,-0.004899975,-2.9089687,0.47351074,0.52648926,0.1171875,0.5853397846221924
6709248,2076.663704839775,7.0,201.81726,500.0,225.95674,-1.0,0.40844727,1.0,0.69062984,0.2844433,-0.0047575394,0.0016092315,-0.0055621546,-2.6159678,0.47387695,0.52612305,0.11767578,0.5859231352806091
6717440,2078.995934612297,7.0,201.8313,500.0,225.96126,-1.0,0.4074707,1.0,0.6912065,0.28358644,-0.0053394404,0.001932962,-0.0063059214,-1.0162702,0.47436523,0.52563477,0.11816406,0.5865268111228943
6725632,2074.8696927225024,7.0,202.09924,500.0,226.0504,-1.0,0.40649414,1.0,0.69142824,0.28285715,-0.00626555,0.0017952386,-0.007163169,-1.1743745,0.47509766,0.52490234,0.1184082,0.587008535861969
6733824,2086.1890662702795,7.0,202.2439,500.0,226.07396,-1.0,0.40625,1.0,0.6913952,0.28256512,-0.007668319,0.00087613415,-0.008106386,-3.1818438,0.4753418,0.5246582,0.1184082,0.5871288776397705
6742016,2079.6817341239816,7.0,201.84326,500.0,225.96245,-1.0,0.40637207,1.0,0.6919412,0.28248018,-0.004854341,0.0015935476,-0.0056511154,-2.627627,0.47485352,0.5251465,0.118774414,0.5875310301780701
6750208,2081.2299052724265,7.0,201.87708,500.0,225.9736,-1.0,0.40649414,1.0,0.6917812,0.28265208,-0.0076476536,0.0020014928,-0.0086484,-2.84014,0.47485352,0.5251465,0.118652344,0.5880419015884399
6758400,2084.6242783768757,7.0,202.1112,500.0,226.01987,-1.0,0.40490723,1.0,0.69244695,0.2814617,-0.003965485,0.0013048133,-0.0046178917,-2.783584,0.47583008,0.5241699,0.119262695,0.5888729691505432
6766592,2087.938385660105,7.0,202.4375,500.0,226.08974,-1.0,0.40527344,1.0,0.69179165,0.28169292,-0.007173784,0.0012793865,-0.007813478,-2.230502,0.47595215,0.52404785,0.118774414,0.5890515446662903
6774784,2080.264704680383,7.0,202.54431,500.0,226.1546,-1.0,0.40563965,1.0,0.6913122,0.2821491,-0.006435208,0.001053178,-0.0069617974,-2.4141138,0.47595215,0.52404785,0.1184082,0.5890515446662903
6782976,2084.926724704446,7.0,202.55798,500.0,226.1473,-1.0,0.40490723,1.0,0.69174147,0.28139287,-0.004127523,0.0017497701,-0.0050024074,-1.7792131,0.47631836,0.52368164,0.118774414,0.5897771716117859
6791168,2070.808844325579,7.0,202.09973,500.0,226.06087,-1.0,0.40454102,1.0,0.6925728,0.28117818,-0.003761957,0.0013624197,-0.004443167,-1.9602792,0.47607422,0.5239258,0.119384766,0.5903411507606506
6799360,2084.447101534822,7.0,202.05054,500.0,226.08018,-1.0,0.4046631,1.0,0.69258964,0.2813723,-0.006178361,0.00092650385,-0.0066416133,-3.3783538,0.47595215,0.52404785,0.119384766,0.5906174778938293
6807552,2080.50037795641,7.0,202.02917,500.0,226.06847,-1.0,0.40478516,1.0,0.69260633,0.28161484,-0.0029696652,0.0015360048,-0.0037376676,-3.1341338,0.47583008,0.5241699,0.119384766,0.5910817384719849
6815744,2084.5500400168708,7.0,201.96582,500.0,226.06033,-1.0,0.4041748,1.0,0.69305086,0.28114477,-0.0006912622,0.0019202485,-0.001651387,-2.5198426,0.47607422,0.5239258,0.11975098,0.5918521285057068
6823936,2092.2988729206786,7.0,201.7312,500.0,226.00928,-1.0,0.4033203,1.0,0.69381243,0.2805068,-0.0030698222,0.002767248,-0.0044534463,-2.3551316,0.47631836,0.52368164,0.12036133,0.5926225185394287
6832128,2084.8489227237824,7.0,201.7976,500.0,225.99358,-1.0,0.40283203,1.0,0.69409597,0.27987123,0.0034976369,0.0014170753,0.0027890988,-3.153654,0.4765625,0.5234375,0.12060547,0.5930392146110535
6840320,2083.695604684761,7.0,202.08716,500.0,226.07153,-1.0,0.4017334,1.0,0.6942931,0.27899426,-0.006622106,0.0011923044,-0.0072182575,-3.4013655,0.477417,0.522583,0.12084961,0.5936225652694702
6848512,2085.5798577096843,7.0,202.40466,500.0,226.14183,-1.0,0.40246582,1.0,0.69351685,0.27959192,-0.0041730306,0.001748736,-0.0050473986,-2.8022387,0.47729492,0.5227051,0.12023926,0.5938853621482849
6856704,2082.2086201063257,7.0,202.2876,500.0,226.11311,-1.0,0.40319824,1.0,0.69326746,0.28016084,-0.005224152,0.0016779625,-0.0060631335,-2.4944835,0.47680664,0.52319336,0.11999512,0.5941908955574036
6864896,2074.759690034822,7.0,202.28809,500.0,226.14647,-1.0,0.4046631,1.0,0.69241333,0.28141797,-0.0059233587,0.0016225447,-0.0067346306,-2.7832398,0.47607422,0.5239258,0.119262695,0.5946855545043945
6873088,2085.1734523113073,7.0,202.23267,500.0,226.11641,-1.0,0.4050293,1.0,0.6922874,0.2815922,-0.0052071903,0.0012640111,-0.005839196,-3.3017392,0.47583008,0.5241699,0.119140625,0.5950765609741211
6881280,2082.624726471586,7.0,202.11816,500.0,226.09033,-1.0,0.40429688,1.0,0.69289154,0.28093895,0.00025854667,0.0028967103,-0.0011898085,-2.7175505,0.47607422,0.5239258,0.119628906,0.5958086848258972
6889472,2079.847148714259,7.0,202.31323,500.0,226.12851,-1.0,0.40393066,1.0,0.6928409,0.28055423,-0.004061831,0.0018142202,-0.004968941,-1.6335196,0.47644043,0.5235596,0.119628906,0.5963695049285889
6897664,2077.2532727870253,7.0,202.1117,500.0,226.10408,-1.0,0.40283203,1.0,0.6937441,0.27958238,-0.0022702976,0.0019479586,-0.0032442766,-2.5090046,0.47680664,0.52319336,0.12036133,0.5971572399139404
6905856,2078.973921021866,7.0,201.82056,500.0,226.02167,-1.0,0.4029541,1.0,0.69411314,0.27964398,-0.0050671534,0.001937564,-0.006035935,-2.00222,0.47644043,0.5235596,0.12060547,0.5973789095878601
6914048,2089.1643636433505,7.0,201.57446,500.0,225.96909,-1.0,0.40270996,1.0,0.69460636,0.27944344,-0.005347976,0.0013916331,-0.0060437927,-2.2938468,0.47631836,0.52368164,0.12097168,0.5975544452667236
6922240,2088.602675145956,7.0,201.70374,500.0,225.98933,-1.0,0.40197754,1.0,0.6948548,0.27869523,-0.0025281303,0.0010201504,-0.003038206,-3.3611262,0.47680664,0.52319336,0.12121582,0.5978726148605347
6930432,2087.298356726015,7.0,201.87744,500.0,226.06195,-1.0,0.40124512,1.0,0.6949268,0.27822554,-0.0035126114,0.0014194124,-0.0042223176,-3.1770241,0.477417,0.522583,0.12133789,0.5980637669563293
6938624,2076.8501057080025,7.0,202.12952,500.0,226.10794,-1.0,0.40197754,1.0,0.69415176,0.27859783,-0.0030770001,0.00086613535,-0.003510068,-2.3305547,0.47729492,0.5227051,0.12072754,0.5981709361076355
6946816,2091.046053631723,7.0,202.1106,500.0,226.11313,-1.0,0.40075684,1.0,0.69485724,0.2777616,-0.0039653275,0.0017041664,-0.004817411,-1.746013,0.47790527,0.5220947,0.12133789,0.5986987352371216
6955008,2084.9673358495934,7.0,202.03027,500.0,226.06122,-1.0,0.40222168,1.0,0.6941862,0.2787572,-0.00448485,0.0018492398,-0.0054094694,-1.9662962,0.47705078,0.5229492,0.12072754,0.5990737080574036
6963200,2085.800403043325,7.0,202.05481,500.0,226.08643,-1.0,0.4020996,1.0,0.6941689,0.2788024,-0.005292199,0.0012259254,-0.0059051616,-1.5393852,0.47717285,0.52282715,0.12072754,0.5990868806838989
6971392,2082.7269800544036,7.0,201.39868,500.0,225.90356,-1.0,0.4038086,1.0,0.694232,0.28022334,-0.006888577,0.0020178119,-0.007897482,-1.732808,0.47558594,0.52441406,0.12060547,0.5993515849113464
6979584,2087.0023207448153,7.0,201.02039,500.0,225.8254,-1.0,0.4041748,1.0,0.69463426,0.280804,-0.0029116338,0.0014822809,-0.003652774,-1.5951972,0.4749756,0.5250244,0.12084961,0.5996571183204651
6987776,2083.0762328043356,7.0,201.00305,500.0,225.8331,-1.0,0.40478516,1.0,0.6943666,0.28122514,-0.008322538,0.0015535115,-0.009099294,-1.9042146,0.47460938,0.5253906,0.12060547,0.5999199151992798
6995968,2084.7878237755963,7.0,200.73389,500.0,225.76047,-1.0,0.40551758,1.0,0.6942909,0.28179866,-0.0031786826,0.0015581482,-0.003957757,-1.9963831,0.47399902,0.526001,0.1204834,0.6000270843505859
7004160,2090.475213047877,7.0,200.80005,500.0,225.76869,-1.0,0.40637207,1.0,0.6937031,0.28250813,-0.0027698248,0.0014394298,-0.0034895393,-2.7449024,0.4736328,0.5263672,0.11999512,0.6003868579864502
7012352,2082.685319975274,7.0,200.84961,500.0,225.79233,-1.0,0.40527344,1.0,0.6942576,0.28149763,-0.005128525,0.0011509011,-0.005703976,-3.0188422,0.47424316,0.52575684,0.1204834,0.6008685827255249
7020544,2076.3498487594834,7.0,200.6726,500.0,225.71352,-1.0,0.40576172,1.0,0.694324,0.28152078,0.022420574,0.0011628746,0.02183914,-2.606935,0.47375488,0.5262451,0.1204834,0.6012068390846252
7028736,2081.8861479535526,7.0,200.96436,500.0,225.79376,-1.0,0.40612793,1.0,0.69367015,0.28184032,-0.00068535947,0.0012333958,-0.0013020572,-3.3198705,0.47387695,0.52612305,0.11999512,0.6011292338371277
7036928,2080.8062912046385,7.0,200.82458,500.0,225.74805,-1.0,0.4071045,1.0,0.69327366,0.28256723,-0.005280583,0.0016549443,-0.006108055,-2.8583498,0.4732666,0.5267334,0.119628906,0.6012792587280273
7045120,2085.7451990314444,7.0,201.05115,500.0,225.86841,-1.0,0.40527344,1.0,0.6939059,0.2812374,-0.0042335633,0.0006187988,-0.0045429626,-3.3241355,0.4744873,0.5255127,0.12023926,0.6020586490631104
7053312,2085.335058906612,7.0,200.75061,500.0,225.84268,-1.0,0.40441895,1.0,0.6946679,0.28084725,-0.005058155,0.0011075117,-0.0056119105,-1.9928719,0.47473145,0.52526855,0.12084961,0.6026909947395325
7061504,2093.4338039736554,7.0,200.99866,500.0,225.89929,-1.0,0.40441895,1.0,0.6943163,0.28064546,-0.0023563134,0.0013929326,-0.00305278,-2.5446186,0.4749756,0.5250244,0.12060547,0.6029618382453918
7069696,2087.997131716675,7.0,200.72742,500.0,225.84395,-1.0,0.40490723,1.0,0.69438344,0.28132367,-0.0041281534,0.0019377223,-0.0050970144,-2.7353337,0.4744873,0.5255127,0.12060547,0.6033599972724915
7077888,2084.504386683604,7.0,200.63232,500.0,225.80095,-1.0,0.4046631,1.0,0.69470143,0.28114834,-0.003913639,0.0018918621,-0.00485957,-2.3473663,0.4744873,0.5255127,0.12084961,0.6038076877593994
7086080,2078.574989761307,7.0,200.40051,500.0,225.72046,-1.0,0.4053955,1.0,0.6946259,0.28164044,-0.0047541303,0.0016114742,-0.0055598672,-2.566099,0.47387695,0.52612305,0.12072754,0.6042395234107971
7094272,2087.573548978002,7.0,200.5968,500.0,225.75711,-1.0,0.40551758,1.0,0.6942909,0.28155982,-0.0056831837,0.0006198244,-0.005993096,-2.5434783,0.47399902,0.526001,0.1204834,0.6043020486831665
7102464,2088.634161330711,7.0,200.57214,500.0,225.75868,-1.0,0.40551758,1.0,0.69429094,0.281539,-0.0035377345,0.0014744182,-0.0042749434,-2.7204192,0.47399902,0.526001,0.1204834,0.6047187447547913
7110656,2079.559011991327,7.0,200.32092,500.0,225.71829,-1.0,0.40478516,1.0,0.69506943,0.28093106,-0.003209542,0.0014156868,-0.003917386,-3.3441477,0.4741211,0.5258789,0.12109375,0.6055471897125244
7118848,2075.635524325474,7.0,200.15979,500.0,225.68774,-1.0,0.40527344,1.0,0.6949606,0.28141284,-0.0009903358,0.0014756118,-0.0017281414,-2.7919877,0.47375488,0.5262451,0.12097168,0.6052972078323364
7127040,2090.90022873503,7.0,200.36536,500.0,225.7557,-1.0,0.40478516,1.0,0.6948938,0.28098023,-0.005532764,0.0010007259,-0.0060331267,-2.7025316,0.47424316,0.52575684,0.12097168,0.6053502559661865
7135232,2081.1090171457795,7.0,199.91968,500.0,225.6715,-1.0,0.40490723,1.0,0.69543743,0.28128684,-0.005370101,0.0015823791,-0.0061612907,-3.4794164,0.47375488,0.5262451,0.12133789,0.6058611273765564
7143424,2085.227234027575,7.0,199.73083,500.0,225.63524,-1.0,0.40454102,1.0,0.6959136,0.28099424,-0.004243184,0.0007972736,-0.0046418207,-3.4280548,0.47375488,0.5262451,0.1217041,0.6061319708824158
7151616,2083.906398896807,7.0,199.10132,500.0,225.50888,-1.0,0.40356445,1.0,0.69735616,0.28041512,-0.004439058,0.0025412333,-0.0057096747,-1.9324833,0.4736328,0.5263672,0.122802734,0.6067986488342285
7159808,2075.824123434904,7.0,198.78406,500.0,225.43713,-1.0,0.40368652,1.0,0.6977231,0.2807261,-0.0061995527,0.0019498776,-0.0071744914,-1.8176686,0.4732666,0.5267334,0.123046875,0.6074486374855042
7168000,2082.478432941229,7.0,198.90942,500.0,225.46156,-1.0,0.40319824,1.0,0.6978305,0.28016055,-0.0065629017,0.0010013949,-0.007063599,-2.5513265,0.4736328,0.5263672,0.123168945,0.6077343225479126
7176192,2085.7234221057406,7.0,198.47363,500.0,225.35582,-1.0,0.40344238,1.0,0.6983888,0.28029794,-0.0046367813,0.0023083251,-0.0057909437,-2.5994194,0.47302246,0.52697754,0.123535156,0.6081559658050537
7184384,2088.6703462234536,7.0,198.51611,500.0,225.39934,-1.0,0.40307617,1.0,0.69851285,0.28011438,-0.006472677,0.0007712859,-0.00685832,-3.634308,0.4732666,0.5267334,0.12365723,0.6083898544311523
7192576,2079.0579525479848,7.0,198.27856,500.0,225.33827,-1.0,0.40356445,1.0,0.69858044,0.28034523,-0.0077011734,0.0018698461,-0.0086360965,-2.5867722,0.47277832,0.5272217,0.12365723,0.6088002324104309
7200768,2085.9650195087174,7.0,198.46436,500.0,225.38034,-1.0,0.40246582,1.0,0.698952,0.27945498,-0.0015130639,0.0020704865,-0.0025483076,-2.179119,0.47351074,0.52648926,0.12402344,0.6090907454490662
7208960,2091.69602336094,7.0,198.54663,500.0,225.43182,-1.0,0.4017334,1.0,0.6991987,0.27896035,-0.004940143,0.0013191431,-0.0055997143,-3.0516798,0.47399902,0.526001,0.12426758,0.6097381711006165
7217152,2087.3200397492915,7.0,198.12744,500.0,225.27246,-1.0,0.4029541,1.0,0.6991946,0.27961895,-0.008705384,0.001290428,-0.009350599,-3.1148152,0.4729004,0.5270996,0.12414551,0.609998345375061
7225344,2079.8105135343067,7.0,198.06543,500.0,225.26044,-1.0,0.4025879,1.0,0.69949275,0.27931845,-0.0052257027,0.0016927439,-0.006072074,-1.9894406,0.47302246,0.52697754,0.12438965,0.6106785535812378
7233536,2086.632995748848,7.0,198.08496,500.0,225.29184,-1.0,0.4033203,1.0,0.69907075,0.27987933,-0.002404025,0.0018302726,-0.0033191617,-2.6760542,0.47265625,0.52734375,0.12402344,0.6109387278556824
7241728,2080.2240246393394,7.0,197.99146,500.0,225.2659,-1.0,0.4025879,1.0,0.6996673,0.27901635,-0.005495105,0.0015551025,-0.006272656,-2.6507468,0.4729004,0.5270996,0.12451172,0.6116189360618591
7249920,2084.481244621925,7.0,197.87622,500.0,225.304,-1.0,0.40270996,1.0,0.69968426,0.27946657,-0.0023424868,0.0015616266,-0.0031232997,-2.8739572,0.47277832,0.5272217,0.12451172,0.6117944717407227
7258112,2075.0027639537147,7.0,198.02173,500.0,225.34163,-1.0,0.4029541,1.0,0.6993692,0.27953336,-0.004208477,0.0015813594,-0.004999157,-2.7420752,0.47277832,0.5272217,0.12426758,0.6121258735656738
7266304,2082.6109671880204,7.0,198.16809,500.0,225.35988,-1.0,0.40246582,1.0,0.69947577,0.27892023,-0.0050824746,0.0007039955,-0.005434473,-3.1995904,0.47314453,0.52685547,0.12438965,0.6127687096595764
7274496,2085.4539069904754,7.0,198.11096,500.0,225.33229,-1.0,0.4025879,1.0,0.69949275,0.27909067,-0.004650764,0.0016135728,-0.00545755,-2.5350955,0.47302246,0.52697754,0.12438965,0.6131139397621155
7282688,2074.846764093018,7.0,198.07385,500.0,225.30434,-1.0,0.40344238,1.0,0.6990876,0.27981806,-0.0040681,0.0015579757,-0.004847088,-2.6880195,0.47253418,0.5274658,0.12402344,0.6129889488220215
7290880,2088.503906097329,7.0,198.4032,500.0,225.36218,-1.0,0.4038086,1.0,0.69843924,0.2800669,-0.006642483,0.0012628778,-0.0072739217,-2.8732343,0.47265625,0.52734375,0.123535156,0.6130092144012451
7299072,2087.657769770303,7.0,198.20886,500.0,225.35072,-1.0,0.40344238,1.0,0.698913,0.2802086,-0.007829704,0.0022188467,-0.008939128,-2.4456122,0.47265625,0.52734375,0.12390137,0.6139357089996338
7307264,2084.672846025413,7.0,198.45752,500.0,225.42767,-1.0,0.40222168,1.0,0.69926715,0.279201,-0.0054386775,0.0010872297,-0.005982293,-2.6898675,0.47351074,0.52648926,0.12426758,0.6145190596580505
7315456,2084.778842658613,7.0,198.25854,500.0,225.3836,-1.0,0.40234375,1.0,0.6994588,0.27930644,-0.0026489734,0.0010512341,-0.0031745904,-2.6691678,0.4732666,0.5267334,0.12438965,0.6147236227989197
7323648,2083.7912655974724,7.0,198.18701,500.0,225.38774,-1.0,0.40185547,1.0,0.69973934,0.278953,-0.00030768296,0.0018543311,-0.0012348488,-2.8145905,0.47351074,0.52648926,0.12463379,0.6150291562080383
7331840,2078.334095354646,7.0,198.2135,500.0,225.41493,-1.0,0.4017334,1.0,0.6997223,0.27893916,-0.010218897,0.00079120666,-0.0106145,-2.164074,0.4736328,0.5263672,0.12463379,0.61558997631073
7340032,2087.139868775245,7.0,197.91956,500.0,225.32564,-1.0,0.40185547,1.0,0.70008814,0.27914083,-0.0041580363,0.0014234544,-0.0048697637,-2.936385,0.4732666,0.5267334,0.12487793,0.6159809827804565
7348224,2079.7456812414407,7.0,197.43433,500.0,225.16675,-1.0,0.40393066,1.0,0.6996785,0.28068864,-0.0064408504,0.0013738861,-0.0071277935,-2.2475686,0.4716797,0.5283203,0.12438965,0.6159127950668335
7356416,2082.885808613829,7.0,197.35059,500.0,225.17479,-1.0,0.40307617,1.0,0.7002582,0.27996576,-0.0056696837,0.002346753,-0.0068430603,-2.6643996,0.4720459,0.5279541,0.12487793,0.6168330311775208
7364608,2084.468093078154,7.0,197.80896,500.0,225.30215,-1.0,0.4025879,1.0,0.6998417,0.27958715,-0.0029121023,0.0013471901,-0.0035856974,-2.8745928,0.47277832,0.5272217,0.12463379,0.6171002984046936
7372800,2087.1273175581105,7.0,198.01709,500.0,225.36598,-1.0,0.4020996,1.0,0.69977355,0.2792217,-0.0024878732,0.0012577773,-0.0031167616,-3.72513,0.4732666,0.5267334,0.12463379,0.6171444058418274
7380992,2079.2437769109356,7.0,197.9718,500.0,225.33888,-1.0,0.40100098,1.0,0.7004909,0.2783368,-0.0049125627,0.0018747833,-0.0058499547,-3.0823557,0.47375488,0.5262451,0.12524414,0.6178666353225708
7389184,2085.948176784847,7.0,197.99585,500.0,225.31828,-1.0,0.40148926,1.0,0.7002112,0.278952,0.00021554623,0.0016831382,-0.0006260233,-2.7809088,0.47351074,0.52648926,0.125,0.6181374788284302
7397376,2074.8853546459577,7.0,198.1239,500.0,225.38045,-1.0,0.40112305,1.0,0.7001595,0.27874303,-0.0032235566,0.001322071,-0.003884592,-2.3831549,0.47387695,0.52612305,0.125,0.6184002757072449
7405568,2078.33987817787,7.0,197.83728,500.0,225.33633,-1.0,0.40185547,1.0,0.70008814,0.27958536,-0.005443852,0.0018906111,-0.0063891574,-2.4967027,0.4732666,0.5267334,0.12487793,0.6186132431030273
7413760,2080.021026049011,7.0,197.05115,500.0,225.10979,-1.0,0.40356445,1.0,0.7003256,0.28091848,-0.0071226377,0.002394594,-0.008319936,-2.3558366,0.47155762,0.5284424,0.12487793,0.618956446647644
7421952,2083.5375370094507,7.0,196.854,500.0,225.05937,-1.0,0.4029541,1.0,0.7009383,0.2804088,-0.0037214733,0.0014202425,-0.004431594,-2.9382398,0.4716797,0.5283203,0.12536621,0.6195397973060608
7430144,2081.0151147895103,7.0,196.99146,500.0,225.06734,-1.0,0.40270996,1.0,0.7009044,0.28011888,-0.0068202117,0.0013393592,-0.0074898917,-3.2366896,0.47192383,0.5280762,0.12536621,0.6199281215667725
7438336,2084.1996608115132,7.0,196.6394,500.0,224.9724,-1.0,0.4025879,1.0,0.70140976,0.2800336,-0.004812622,0.0017893593,-0.0057073017,-2.717609,0.4716797,0.5283203,0.12573242,0.6204816699028015
7446528,2087.003968678424,7.0,196.0133,500.0,224.81032,-1.0,0.40356445,1.0,0.7017187,0.2810339,1.7509854e-05,0.0017959786,-0.0008804797,-2.727161,0.47058105,0.52941895,0.12585449,0.620945930480957
7454720,2077.1367387834366,7.0,195.6294,500.0,224.6608,-1.0,0.40454102,1.0,0.7018522,0.28157514,-0.0043214494,0.001636809,-0.0051398543,-2.2009392,0.4696045,0.5303955,0.12585449,0.6210447549819946
7462912,2088.653205854814,7.0,195.604,500.0,224.6322,-1.0,0.40368652,1.0,0.702431,0.28068918,-0.0031665913,0.0012621494,-0.003797666,-3.5087574,0.4699707,0.5300293,0.12634277,0.6213352680206299
7471104,2091.8548219782074,7.0,195.74707,500.0,224.70003,-1.0,0.4033203,1.0,0.70238066,0.28050625,-0.0050646206,0.00069359556,-0.005411418,-3.1493297,0.4703369,0.5296631,0.12634277,0.6215264201164246
7479296,2087.5980281161983,7.0,196.13525,500.0,224.83879,-1.0,0.40246582,1.0,0.7022625,0.27978593,-0.002154742,0.0013114228,-0.0028104526,-3.5009596,0.4711914,0.5288086,0.12634277,0.6219906806945801
7487488,2089.002036002121,7.0,195.58875,500.0,224.67102,-1.0,0.40222168,1.0,0.7032708,0.2794136,-0.0023879288,0.0018926172,-0.0033342375,-2.8768134,0.47070312,0.5292969,0.1270752,0.622761070728302
7495680,2081.603373143998,7.0,196.20459,500.0,224.87364,-1.0,0.40014648,1.0,0.70349985,0.27785754,-0.004809674,0.0015023148,-0.0055608316,-3.7183797,0.4724121,0.5275879,0.1274414,0.6235921382904053
7503872,2083.7956887054806,7.0,195.84766,500.0,224.72816,-1.0,0.4000244,1.0,0.7041763,0.27745283,-0.0047469665,0.0019716662,-0.0057327994,-3.25616,0.4720459,0.5279541,0.12792969,0.6244421601295471
7512064,2078.58115115435,7.0,195.4823,500.0,224.63966,-1.0,0.40075684,1.0,0.7042799,0.27808416,-0.0046279514,0.0014661722,-0.0053610373,-2.6946313,0.47131348,0.5286865,0.12792969,0.6249368190765381
7520256,2086.7528789635244,7.0,195.4823,500.0,224.64871,-1.0,0.39990234,1.0,0.7046788,0.27766523,-0.004717763,0.0013148672,-0.0053751967,-2.8532286,0.47180176,0.52819824,0.1282959,0.6252549886703491
7528448,2081.519009635277,7.0,195.61963,500.0,224.71262,-1.0,0.4005127,1.0,0.70407206,0.2783654,-0.0068071946,0.0015784797,-0.007596434,-1.9395474,0.4716797,0.5283203,0.12780762,0.6254494190216064
7536640,2082.5569416678995,7.0,195.51636,500.0,224.66945,-1.0,0.39978027,1.0,0.7046615,0.27773517,-0.005216621,0.0013767313,-0.0059049865,-2.7747989,0.47192383,0.5280762,0.1282959,0.6259347200393677
7544832,2077.4728141627165,7.0,194.78442,500.0,224.49066,-1.0,0.39953613,1.0,0.7058383,0.27753147,-0.0029979807,0.002472936,-0.004234449,-2.749146,0.47131348,0.5286865,0.12915039,0.6266683340072632
7553024,2081.7844814387445,7.0,194.55347,500.0,224.42867,-1.0,0.39978027,1.0,0.706046,0.27777368,-0.0033344608,0.0018845921,-0.0042767567,-2.0331695,0.47094727,0.52905273,0.12927246,0.6271942257881165
7561216,2091.8797836970093,7.0,194.80017,500.0,224.53812,-1.0,0.39916992,1.0,0.7059591,0.27743235,-0.00082243606,0.0017428803,-0.0016938767,-2.9176693,0.47155762,0.5284424,0.12927246,0.6274442076683044
7569408,2082.831768833495,7.0,194.71411,500.0,224.50027,-1.0,0.39868164,1.0,0.7064077,0.27685452,-0.004234436,0.0019414749,-0.005205174,-2.7258842,0.4716797,0.5283203,0.12963867,0.6282942295074463
7577600,2079.9953392252455,7.0,194.62683,500.0,224.53534,-1.0,0.39855957,1.0,0.70639026,0.27707633,-0.004928089,0.0013957066,-0.0056259427,-2.9973674,0.47180176,0.52819824,0.12963867,0.6286963820457458
7585792,2088.225422612092,7.0,194.55066,500.0,224.5267,-1.0,0.39819336,1.0,0.7066831,0.27674717,-0.004729198,0.0009995155,-0.0052289558,-2.9302592,0.47192383,0.5280762,0.12988281,0.6292358636856079
7593984,2085.765583658837,7.0,194.24512,500.0,224.43008,-1.0,0.39916992,1.0,0.7066504,0.27762812,-0.0028402144,0.0018421086,-0.0037612687,-2.4404404,0.47106934,0.52893066,0.12976074,0.6298858523368835
7602176,2085.0522321697854,7.0,194.06079,500.0,224.41472,-1.0,0.39819336,1.0,0.7073737,0.2769631,-0.002490347,0.0020528561,-0.003516775,-2.4034712,0.47143555,0.52856445,0.1303711,0.6305617690086365
7610368,2078.8673818323396,7.0,194.15552,500.0,224.41328,-1.0,0.399292,1.0,0.7066679,0.27785456,-0.0053018825,0.001619122,-0.0061114435,-3.097501,0.47094727,0.52905273,0.12976074,0.6310726404190063
7618560,2092.4702510703287,7.0,194.45154,500.0,224.53366,-1.0,0.39855957,1.0,0.706563,0.27742362,-0.0024501653,0.0017404004,-0.0033203657,-3.0453908,0.4716797,0.5283203,0.12976074,0.631263792514801
7626752,2083.1075525834067,7.0,194.17578,500.0,224.44508,-1.0,0.39990234,1.0,0.70623606,0.27865982,-0.0031140177,0.0018447095,-0.0040363716,-1.7915004,0.47070312,0.5292969,0.12939453,0.6312968134880066
7634944,2089.602952225207,7.0,194.48706,500.0,224.48471,-1.0,0.39904785,1.0,0.7062874,0.27789938,-0.0038578291,0.0016955333,-0.004705596,-2.7089357,0.47143555,0.52856445,0.1295166,0.6318422555923462
7643136,2088.4168244286334,7.0,194.69177,500.0,224.55853,-1.0,0.39831543,1.0,0.70635515,0.27719092,-0.007402696,0.00084179605,-0.007823594,-3.488282,0.4720459,0.5279541,0.12963867,0.6321805119514465
7651328,2084.798955408262,7.0,194.37134,500.0,224.50537,-1.0,0.39782715,1.0,0.7069757,0.27704942,-0.0066638403,0.0013954716,-0.007361576,-3.5826435,0.4720459,0.5279541,0.13012695,0.6329305171966553
7659520,2080.5369114642453,7.0,194.08777,500.0,224.4467,-1.0,0.39770508,1.0,0.7074758,0.27700996,-0.0060965098,0.001315433,-0.0067542265,-2.8310547,0.47180176,0.52819824,0.13049316,0.6336179971694946
7667712,2081.3697193776147,7.0,194.19348,500.0,224.49396,-1.0,0.39746094,1.0,0.7074405,0.27699113,-0.0075835893,0.00087065686,-0.008018917,-3.6687949,0.4720459,0.5279541,0.13049316,0.6339085102081299
7675904,2077.920958211881,7.0,194.1344,500.0,224.46991,-1.0,0.39709473,1.0,0.7077324,0.27650246,-0.004418875,0.0012963973,-0.005067074,-3.509962,0.47216797,0.52783203,0.1307373,0.6345959901809692
7684096,2088.480675146028,7.0,194.1195,500.0,224.4684,-1.0,0.39709473,1.0,0.7077324,0.2765111,-0.0021416845,0.0016272636,-0.0029553163,-3.045217,0.47216797,0.52783203,0.1307373,0.6350436806678772
7692288,2078.742617821167,7.0,194.08203,500.0,224.49043,-1.0,0.39733887,1.0,0.70759535,0.27689046,0.00030394655,0.00097422494,-0.00018316641,-4.039741,0.4720459,0.5279541,0.13061523,0.6355891227722168
7700480,2079.076068018496,7.0,193.87158,500.0,224.4731,-1.0,0.39733887,1.0,0.70776784,0.2772534,-0.00169493,0.0017099044,-0.002549882,-2.8606315,0.47192383,0.5280762,0.1307373,0.636039137840271
7708672,2093.5262792862095,7.0,193.83276,500.0,224.44522,-1.0,0.39855957,1.0,0.70725375,0.27821642,-0.0043039722,0.002165533,-0.005386738,-2.2656004,0.4711914,0.5288086,0.13024902,0.636289119720459
7716864,2086.0532899605796,7.0,193.81104,500.0,224.4577,-1.0,0.397583,1.0,0.7078033,0.27747667,-0.0008157971,0.0011015869,-0.0013665905,-2.6611469,0.4716797,0.5283203,0.1307373,0.6368499398231506
7725056,2085.811672111308,7.0,193.48328,500.0,224.37819,-1.0,0.3972168,1.0,0.7084397,0.27723312,-0.0038939544,0.0014698278,-0.0046288683,-3.4576876,0.47155762,0.5284424,0.13122559,0.6373999118804932
7733248,2087.2813656658677,7.0,193.25598,500.0,224.30052,-1.0,0.39794922,1.0,0.7083732,0.2779199,-0.00302755,0.0018918021,-0.003973451,-2.6372404,0.47094727,0.52905273,0.13110352,0.6379534602165222
7741440,2082.540027712055,7.0,193.15369,500.0,224.24916,-1.0,0.3984375,1.0,0.7082711,0.2781374,-0.0057448437,0.0019499406,-0.006719814,-1.4680682,0.47058105,0.52941895,0.13098145,0.6384177207946777
7749632,2078.7977033103534,7.0,192.98181,500.0,224.2673,-1.0,0.39831543,1.0,0.70842594,0.27828544,-0.004690063,0.0006659427,-0.0050230343,-2.9790623,0.47058105,0.52941895,0.13110352,0.638777494430542
7757824,2079.456439988252,7.0,192.3302,500.0,224.05652,-1.0,0.40112305,1.0,0.7077892,0.28037727,-0.005501029,0.0012447806,-0.00612342,-2.9241743,0.46850586,0.53149414,0.1303711,0.6389820575714111
7766016,2088.9494564008733,7.0,192.02173,500.0,223.96184,-1.0,0.40246582,1.0,0.707458,0.28134683,0.0012858314,0.0017370825,0.0004172899,-2.6294332,0.4675293,0.5324707,0.13000488,0.639116644859314
7774208,2084.731661441854,7.0,192.15918,500.0,223.99815,-1.0,0.40222168,1.0,0.70742434,0.2809508,-0.0028075129,0.0016717473,-0.0036433863,-2.3148258,0.46777344,0.53222656,0.13000488,0.6398041248321533
7782400,2089.934048453872,7.0,192.32263,500.0,224.05215,-1.0,0.4008789,1.0,0.7079274,0.2799669,-0.0025661653,0.0012005693,-0.00316645,-3.88656,0.46862793,0.5313721,0.13049316,0.6405263543128967
7790592,2080.043691420384,7.0,191.9779,500.0,223.97664,-1.0,0.39978027,1.0,0.70897907,0.2791291,-0.001247169,0.0016866509,-0.0020904946,-1.8530321,0.46887207,0.5311279,0.13134766,0.6410455703735352
7798784,2081.130571768328,7.0,191.76208,500.0,223.88957,-1.0,0.4008789,1.0,0.70878905,0.279812,-0.005349227,0.0009115642,-0.005805009,-2.6234837,0.46801758,0.5319824,0.13110352,0.6410658359527588
7806976,2069.0069887927134,7.0,191.72424,500.0,223.87067,-1.0,0.40124512,1.0,0.70866805,0.28000957,-0.007852962,0.0017004175,-0.008703171,-1.8910185,0.46777344,0.53222656,0.13098145,0.6412506103515625
7815168,2081.6292258122053,7.0,191.44641,500.0,223.73404,-1.0,0.40234375,1.0,0.7084757,0.28077143,-0.003833104,0.0016577292,-0.004661968,-2.8987062,0.46691895,0.53308105,0.1307373,0.6414551734924316
7823360,2086.395931132622,7.0,191.05371,500.0,223.58844,-1.0,0.4029541,1.0,0.7087319,0.2813712,-0.0036750487,0.0016674408,-0.004508769,-3.089527,0.46618652,0.5338135,0.13085938,0.6419194340705872
7831552,2083.9872904920267,7.0,191.08618,500.0,223.56207,-1.0,0.4029541,1.0,0.7087319,0.28121743,-0.005337216,0.0020887703,-0.006381601,-2.7568529,0.46618652,0.5338135,0.13085938,0.6421822309494019
7839744,2081.7137243777925,7.0,190.8009,500.0,223.46591,-1.0,0.40356445,1.0,0.70881516,0.281667,-0.005204263,0.0012482186,-0.005828372,-3.2757976,0.46557617,0.5344238,0.13085938,0.642386794090271
7847936,2087.9004498985755,7.0,190.86816,500.0,223.45686,-1.0,0.4033203,1.0,0.7089541,0.28123096,-0.0069350637,0.0015116945,-0.007690911,-2.774472,0.46569824,0.53430176,0.13098145,0.6429262757301331
7856128,2091.1680989999136,7.0,191.0852,500.0,223.53456,-1.0,0.40307617,1.0,0.7087486,0.28105038,-0.0005878116,0.0009980331,-0.0010868281,-3.1541154,0.46606445,0.53393555,0.13085938,0.6431174278259277
7864320,2087.72943889839,7.0,190.87268,500.0,223.46796,-1.0,0.40429688,1.0,0.7083977,0.28211784,-0.0030174288,0.0009932239,-0.0035140407,-2.951057,0.46520996,0.53479004,0.13049316,0.6429956555366516
7872512,2082.0082618061706,7.0,190.9779,500.0,223.51772,-1.0,0.4041748,1.0,0.7082088,0.28210253,-0.0052545387,0.001397567,-0.005953322,-3.4331279,0.4654541,0.5345459,0.1303711,0.6432334780693054
7880704,2088.736117063487,7.0,190.68481,500.0,223.37543,-1.0,0.40563965,1.0,0.70788836,0.28306493,-0.008353851,0.0011987058,-0.008953203,-3.3686028,0.46435547,0.53564453,0.13000488,0.6432334780693054
7888896,2080.6709626349584,7.0,190.5846,500.0,223.28653,-1.0,0.40576172,1.0,0.70807695,0.28266585,-0.005074233,0.0015770962,-0.005862782,-3.1931393,0.46411133,0.5358887,0.13012695,0.6437281370162964
7897088,2090.9097716272217,7.0,190.57996,500.0,223.28847,-1.0,0.40478516,1.0,0.7086356,0.28185314,-0.003960099,0.0013383095,-0.004629254,-3.5821853,0.4645996,0.5354004,0.13061523,0.6444240808486938
7905280,2087.380526353167,7.0,190.31921,500.0,223.19473,-1.0,0.40478516,1.0,0.7089801,0.28188455,-0.0032186762,0.0024284446,-0.0044328985,-2.784278,0.46435547,0.53564453,0.13085938,0.6449903845787048
7913472,2085.5040322884124,7.0,190.49231,500.0,223.24425,-1.0,0.40454102,1.0,0.7089473,0.2815944,-0.005022862,0.00102894,-0.005537332,-2.971882,0.4645996,0.5354004,0.13085938,0.6451815366744995
7921664,2070.7876277814066,7.0,190.39746,500.0,223.23315,-1.0,0.40393066,1.0,0.70938134,0.28096116,-0.0012623427,0.0011489124,-0.0018367989,-2.2696993,0.46484375,0.53515625,0.13122559,0.6457210183143616
7929856,2080.372646742164,7.0,190.83154,500.0,223.34532,-1.0,0.40405273,1.0,0.7087092,0.2810106,0.0001576583,0.0010141532,-0.00034941838,-3.4804611,0.46520996,0.53479004,0.1307373,0.6461852788925171
7938048,2086.663535513905,7.0,190.95862,500.0,223.37366,-1.0,0.40356445,1.0,0.70881516,0.28056264,-0.0040292083,0.0013303622,-0.004694389,-2.7273955,0.46557617,0.5344238,0.13085938,0.6464709639549255
7946240,2087.7768827625364,7.0,191.31201,500.0,223.49399,-1.0,0.4033203,1.0,0.7084374,0.2804248,-0.0072348733,0.0012688239,-0.0078692855,-3.8445582,0.46606445,0.53393555,0.13061523,0.6468023657798767
7954432,2086.064181810985,7.0,191.01697,500.0,223.40053,-1.0,0.40344238,1.0,0.7087985,0.28048474,-0.0037228242,0.0013080324,-0.0043768403,-3.754648,0.46569824,0.53430176,0.13085938,0.6472342014312744
7962624,2080.8783728230856,7.0,190.42456,500.0,223.26581,-1.0,0.4020996,1.0,0.71033484,0.27971023,-0.0035036996,0.0019325974,-0.004469998,-3.2972224,0.4658203,0.5341797,0.13208008,0.6483730673789978
7970816,2081.8329168524992,7.0,190.73889,500.0,223.34464,-1.0,0.40222168,1.0,0.709836,0.27976966,-0.0025107365,0.0012340163,-0.0031277447,-2.960055,0.46606445,0.53393555,0.13171387,0.6486945152282715
7979008,2082.5025402966703,7.0,190.6405,500.0,223.30322,-1.0,0.40319824,1.0,0.70945394,0.2806056,-0.0071205273,0.0010996095,-0.007670332,-3.29823,0.4654541,0.5345459,0.13134766,0.6486718058586121
7987200,2081.7246970828187,7.0,190.45813,500.0,223.21913,-1.0,0.40393066,1.0,0.70938134,0.28091955,9.42254e-06,0.001728382,-0.00085476827,-3.06759,0.46484375,0.53515625,0.13122559,0.6489899754524231
7995392,2085.2167305567536,7.0,190.37646,500.0,223.17001,-1.0,0.40405273,1.0,0.7093978,0.28104213,-0.007480404,0.0019735785,-0.008467194,-2.9856076,0.46472168,0.5352783,0.13122559,0.6492834687232971
8003584,2069.724487093248,7.0,190.13733,500.0,223.0678,-1.0,0.40527344,1.0,0.7090456,0.2819245,-0.005507207,0.0026069127,-0.0068106633,-2.5230834,0.4638672,0.5361328,0.13085938,0.6498516798019409
8011776,2074.086772700633,7.0,190.16138,500.0,223.1217,-1.0,0.40527344,1.0,0.7088734,0.28222513,-0.004806407,0.0010995204,-0.0053561674,-3.249017,0.46398926,0.53601074,0.1307373,0.6499790549278259
8019968,2078.4769153619122,7.0,190.45923,500.0,223.17758,-1.0,0.40563965,1.0,0.7082331,0.2824424,0.0037029416,0.0006585249,0.0033736797,-3.7553334,0.46411133,0.5358887,0.13024902,0.6498957276344299
8028160,2092.166121934148,7.0,190.43872,500.0,223.17801,-1.0,0.40637207,1.0,0.70781314,0.2831455,-0.008814687,0.0011183673,-0.009373871,-3.5010335,0.46374512,0.5362549,0.12988281,0.6500207185745239
8036352,2080.7358526294893,7.0,190.60205,500.0,223.18921,-1.0,0.40441895,1.0,0.7087587,0.2812786,-0.0038836338,0.0020092898,-0.0048882784,-2.4404397,0.46484375,0.53515625,0.1307373,0.6507707238197327
8044544,2084.4046139217694,7.0,190.81982,500.0,223.25017,-1.0,0.40454102,1.0,0.7084305,0.2813254,-0.0020258815,0.0011529224,-0.002602343,-3.4976945,0.46496582,0.5350342,0.13049316,0.6512151956558228
8052736,2080.9822194583253,7.0,191.27869,500.0,223.35373,-1.0,0.40393066,1.0,0.7081757,0.2807458,-0.0044892654,0.0018285358,-0.0054035336,-2.034206,0.46569824,0.53430176,0.1303711,0.6515901684761047
8060928,2090.389874551317,7.0,191.57654,500.0,223.41461,-1.0,0.4033203,1.0,0.7080927,0.28014162,-0.003344589,0.0015599628,-0.00412457,-3.4112713,0.4663086,0.5336914,0.1303711,0.6519116163253784
8069120,2087.5634023532657,7.0,191.88745,500.0,223.58694,-1.0,0.40344238,1.0,0.7074194,0.28078032,-0.006413774,0.0012188412,-0.0070231943,-3.7215703,0.4666748,0.5333252,0.12988281,0.6521267294883728
8077312,2082.9390935726897,7.0,192.04626,500.0,223.62279,-1.0,0.40319824,1.0,0.70738614,0.28042424,-0.003022269,0.0013469536,-0.003695746,-3.2033954,0.46691895,0.53308105,0.12988281,0.652612030506134
8085504,2080.4440684761944,7.0,192.21216,500.0,223.67647,-1.0,0.40283203,1.0,0.70733577,0.2800708,-0.0024425695,0.0014409121,-0.0031630252,-3.2292056,0.46728516,0.53271484,0.12988281,0.6530937552452087
8093696,2091.0449083307776,7.0,192.24023,500.0,223.7257,-1.0,0.40307617,1.0,0.7070241,0.28050968,-0.004096625,0.001307987,-0.0047506182,-2.861948,0.46728516,0.53271484,0.12963867,0.6531925797462463
8101888,2086.794194975355,7.0,192.29858,500.0,223.7517,-1.0,0.40319824,1.0,0.70686823,0.2806819,-0.0036994198,0.0011339437,-0.0042663915,-2.8029861,0.46728516,0.53271484,0.1295166,0.653383731842041
8110080,2086.614114764529,7.0,192.29639,500.0,223.80966,-1.0,0.40234375,1.0,0.7072686,0.2801813,-0.004619931,0.0014641061,-0.005351984,-3.094335,0.46777344,0.53222656,0.12988281,0.6539029479026794
8118272,2082.553786058275,7.0,192.0564,500.0,223.75832,-1.0,0.40307617,1.0,0.7071968,0.28108382,-0.005684444,0.0015689956,-0.006468942,-3.4990695,0.4671631,0.5328369,0.12976074,0.6542343497276306
8126464,2082.0718474171476,7.0,192.32153,500.0,223.81233,-1.0,0.40283203,1.0,0.70699054,0.28073576,-0.0053446214,0.0013259065,-0.0060075745,-3.2762783,0.4675293,0.5324707,0.12963867,0.6543790698051453
8134656,2078.941970697102,7.0,192.60059,500.0,223.91109,-1.0,0.40075684,1.0,0.7077379,0.27902955,-0.0059919264,0.0018990667,-0.00694146,-3.386521,0.46887207,0.5311279,0.1303711,0.6551517844200134
8142848,2073.7613040315955,7.0,192.59668,500.0,223.87708,-1.0,0.40124512,1.0,0.70746124,0.27917907,-0.006914398,0.0013896227,-0.007609209,-2.0168855,0.46862793,0.5313721,0.13012695,0.6552278995513916
8151040,2081.2715071458238,7.0,192.78552,500.0,223.93124,-1.0,0.4008789,1.0,0.7074099,0.2788182,-0.0069969203,0.0013265777,-0.007660209,-2.4423995,0.46899414,0.53100586,0.13012695,0.6557354927062988
8159232,2084.8117316331754,7.0,192.41577,500.0,223.77155,-1.0,0.40197754,1.0,0.7073905,0.2795803,-0.0033001984,0.0024081348,-0.004504266,-2.5683362,0.46801758,0.5319824,0.13000488,0.6561997532844543
8167424,2086.3303075848703,7.0,192.52393,500.0,223.81485,-1.0,0.4017334,1.0,0.7073567,0.27956182,-0.003120528,0.0013027411,-0.0037718988,-3.782776,0.46826172,0.5317383,0.13000488,0.656745195388794
8175616,2091.498800270387,7.0,192.64087,500.0,223.84962,-1.0,0.40148926,1.0,0.7073228,0.27938557,-0.0065247617,0.0011720575,-0.0071107903,-3.462027,0.46850586,0.53149414,0.13000488,0.6567391157150269
8183808,2088.15041993049,7.0,192.6947,500.0,223.8762,-1.0,0.4013672,1.0,0.70730567,0.27938104,-0.005046635,0.00089438114,-0.0054938253,-4.1283293,0.46862793,0.5313721,0.13000488,0.6573982238769531
8192000,2078.1581117793876,7.0,192.74817,500.0,223.94254,-1.0,0.40185547,1.0,0.70685565,0.2800252,-0.0063253613,0.0005119727,-0.0065813474,-3.6443646,0.46850586,0.53149414,0.12963867,0.657295286655426
8200192,2071.432805065717,7.0,192.67627,500.0,223.9316,-1.0,0.4000244,1.0,0.7079798,0.2784841,-0.0044884067,0.002103672,-0.005540242,-2.6796842,0.46936035,0.53063965,0.13061523,0.6582952737808228
8208384,2086.8459056634006,7.0,192.54968,500.0,223.90552,-1.0,0.39941406,1.0,0.70841044,0.27835014,-0.0075091096,0.002139008,-0.008578613,-2.4910345,0.4696045,0.5303955,0.13098145,0.6588963270187378
8216576,2088.1576534569026,7.0,192.27917,500.0,223.82584,-1.0,0.39868164,1.0,0.7091672,0.2778689,-0.005340578,0.0024676903,-0.006574423,-2.5996199,0.46972656,0.53027344,0.1315918,0.6596807837486267
8224768,2087.6652535730577,7.0,192.14551,500.0,223.81552,-1.0,0.3988037,1.0,0.7091847,0.27814412,-0.005192073,0.0014480773,-0.005916112,-3.5520575,0.4696045,0.5303955,0.1315918,0.6599435806274414
8232960,2077.272487084206,7.0,192.17688,500.0,223.87099,-1.0,0.3980713,1.0,0.709424,0.27784595,-0.005352286,0.0016720438,-0.006188308,-2.9825888,0.47009277,0.5299072,0.13183594,0.6604627966880798
8241152,2079.17231174921,7.0,192.2533,500.0,223.88155,-1.0,0.39892578,1.0,0.70885766,0.27845442,0.0018630616,0.0016062851,0.0010599187,-3.117028,0.46972656,0.53027344,0.13134766,0.6606413722038269
8249344,2074.9457492365486,7.0,191.46008,500.0,223.69241,-1.0,0.39990234,1.0,0.7093405,0.27963227,-0.0018738923,0.0022986953,-0.0030232398,-2.5713274,0.46850586,0.53149414,0.1315918,0.660845935344696
8257536,2072.0848823130045,7.0,191.33801,500.0,223.66293,-1.0,0.40063477,1.0,0.7090993,0.2803179,-0.0050800294,0.0012065021,-0.00568328,-2.478963,0.46801758,0.5319824,0.13134766,0.6608523726463318
8265728,2076.003098560931,7.0,190.86304,500.0,223.51701,-1.0,0.4013672,1.0,0.70937365,0.2809779,-0.0058043934,0.0017448597,-0.006676823,-1.582875,0.4671631,0.5328369,0.13146973,0.6610190272331238
8273920,2081.228770699177,7.0,191.04614,500.0,223.61946,-1.0,0.40185547,1.0,0.70875275,0.28169328,-0.004488291,0.00081959256,-0.004898087,-3.71434,0.4671631,0.5328369,0.13098145,0.6611856818199158
8282112,2077.1575833453735,7.0,191.26941,500.0,223.71233,-1.0,0.40075684,1.0,0.70894426,0.28091097,-0.0052588703,0.0015892052,-0.006053473,-2.8508024,0.46801758,0.5319824,0.13122559,0.6619356870651245
8290304,2078.3472953243304,7.0,191.32532,500.0,223.77234,-1.0,0.40124512,1.0,0.70849574,0.28162754,-0.0063820835,0.0015288083,-0.0071464875,-2.6677635,0.4678955,0.5321045,0.13085938,0.6621735095977783
8298496,2074.7951452080833,7.0,191.30713,500.0,223.77806,-1.0,0.40124512,1.0,0.70849574,0.28169537,-0.0074116252,0.0008956127,-0.007859431,-3.3933246,0.4678955,0.5321045,0.13085938,0.6625117659568787
8306688,2086.7805072810124,7.0,191.29675,500.0,223.7386,-1.0,0.40112305,1.0,0.70865095,0.28136563,-0.0040085837,0.001132098,-0.0045746327,-3.3201222,0.4678955,0.5321045,0.13098145,0.6628867387771606
8314880,2078.224479227214,7.0,191.29309,500.0,223.70706,-1.0,0.4017334,1.0,0.70839137,0.28162688,-0.0038278718,0.0014041614,-0.0045299525,-3.383009,0.4675293,0.5324707,0.1307373,0.6629939079284668
8323072,2089.3498392416695,7.0,191.54358,500.0,223.76717,-1.0,0.40197754,1.0,0.70790803,0.28178042,-0.0071658446,0.0004922927,-0.0074119903,-3.5875578,0.46765137,0.53234863,0.1303711,0.6629522442817688
8331264,2086.566090176535,7.0,191.31812,500.0,223.71837,-1.0,0.40283203,1.0,0.7076808,0.28241765,-0.006124423,0.001274789,-0.0067618173,-2.9914615,0.46704102,0.532959,0.13012695,0.6634314060211182
8339456,2078.577756096522,7.0,191.50049,500.0,223.79622,-1.0,0.4020996,1.0,0.7077524,0.28195444,-0.008753107,0.0013658602,-0.009436037,-3.1448412,0.46765137,0.53234863,0.13024902,0.6638224124908447
8347648,2082.797932267817,7.0,191.46558,500.0,223.81706,-1.0,0.40234375,1.0,0.7076137,0.28239214,-0.0050768815,0.0011969188,-0.005675341,-3.7964535,0.4675293,0.5324707,0.13012695,0.6641676425933838
8355840,2076.6644579072745,7.0,191.58643,500.0,223.84981,-1.0,0.40283203,1.0,0.70716316,0.28280994,-0.0060881656,0.0011674517,-0.006671892,-3.1638837,0.46740723,0.5325928,0.12976074,0.6640426516532898
8364032,2081.5641539807007,7.0,191.57129,500.0,223.86298,-1.0,0.40319824,1.0,0.70686823,0.28329217,-0.009863714,0.001257798,-0.010492614,-3.2232037,0.46728516,0.53271484,0.1295166,0.6644448041915894
8372224,2084.5906364887314,7.0,191.11035,500.0,223.74014,-1.0,0.40454102,1.0,0.70670533,0.2843832,-0.0062702047,0.001196892,-0.00686865,-2.9741173,0.46618652,0.5338135,0.12927246,0.6645606756210327
8380416,2083.0412517451514,7.0,191.15869,500.0,223.72179,-1.0,0.40625,1.0,0.70572436,0.28567576,-0.0066358508,0.0014578025,-0.0073647522,-2.4270184,0.46533203,0.53466797,0.12841797,0.6644326448440552
8388608,2095.067545894432,7.0,191.28699,500.0,223.73933,-1.0,0.40808105,1.0,0.70458055,0.287086,-0.0026960806,0.001699934,-0.0035460475,-2.9589274,0.46447754,0.53552246,0.1274414,0.6643953919410706
8396800,2081.4046443178886,7.0,191.59436,500.0,223.8602,-1.0,0.4078369,1.0,0.704202,0.28704727,-0.007181531,0.0015678282,-0.007965445,-2.8912463,0.46496582,0.5350342,0.12719727,0.6646717190742493
8404992,2086.5341594840806,7.0,191.87451,500.0,223.95558,-1.0,0.40771484,1.0,0.7038392,0.2870608,-0.005987267,0.00025856783,-0.0061165504,-3.567131,0.46533203,0.53466797,0.12695312,0.6646069288253784
8413184,2085.4349207644013,7.0,191.49829,500.0,223.83351,-1.0,0.40893555,1.0,0.7036513,0.28778848,-0.0078038047,0.001270691,-0.008439151,-3.2805843,0.46435547,0.53564453,0.12670898,0.664867103099823
8421376,2086.090398707974,7.0,191.28223,500.0,223.75786,-1.0,0.40856934,1.0,0.70412415,0.28758818,-0.007514787,0.0016108982,-0.008320237,-3.2093468,0.46435547,0.53564453,0.1270752,0.6654353141784668
8429568,2088.605595195733,7.0,191.41382,500.0,223.8038,-1.0,0.40844727,1.0,0.70393485,0.2875418,-0.005519693,0.0005992503,-0.005819318,-4.141456,0.4645996,0.5354004,0.12695312,0.6654978394508362
8437760,2087.7134556222622,7.0,191.60657,500.0,223.84076,-1.0,0.40930176,1.0,0.7031781,0.2882051,-0.0009053982,0.0006296453,-0.0012202207,-3.6883435,0.46435547,0.53564453,0.12634277,0.6655256152153015
8445952,2084.195994528155,7.0,191.81042,500.0,223.93692,-1.0,0.40905762,1.0,0.7029729,0.28822908,-0.0039290087,0.00120442,-0.0045312187,-3.1648903,0.46472168,0.5352783,0.1262207,0.6660109162330627
8454144,2088.7720515308124,7.0,192.18921,500.0,224.02226,-1.0,0.4091797,1.0,0.70246756,0.28818882,-0.0064469157,0.002234821,-0.0075643263,-2.6288447,0.46496582,0.5350342,0.12585449,0.6663992404937744
8462336,2086.596121124305,7.0,192.32996,500.0,224.08633,-1.0,0.40905762,1.0,0.70227796,0.28828365,-0.0063540596,0.0010844541,-0.0068962863,-3.4155545,0.46520996,0.53479004,0.12573242,0.6666179895401001
8470528,2087.903748605724,7.0,192.42944,500.0,224.08168,-1.0,0.4099121,1.0,0.7016925,0.28899878,-0.007934964,0.0015693961,-0.008719662,-3.4457712,0.46484375,0.53515625,0.12524414,0.6670656800270081
8478720,2091.092884789277,7.0,192.72058,500.0,224.11757,-1.0,0.40942383,1.0,0.7016297,0.2882507,-0.007102008,0.0009070581,-0.007555538,-3.0159328,0.46533203,0.53466797,0.12524414,0.6672442555427551
8486912,2082.478685371379,7.0,192.92017,500.0,224.16891,-1.0,0.41003418,1.0,0.701012,0.28869304,-0.0054873973,0.00085735973,-0.0059160776,-2.6125414,0.46520996,0.53479004,0.12475586,0.667129397392273
8495104,2087.161928856029,7.0,192.76501,500.0,224.08473,-1.0,0.41015625,1.0,0.70137584,0.2885035,-0.002701693,0.0021154275,-0.003759407,-2.3368247,0.46484375,0.53515625,0.125,0.6673555970191956
8503296,2090.3098839863096,7.0,192.64905,500.0,224.05573,-1.0,0.4104004,1.0,0.7014071,0.28876382,-0.0058346707,0.0010724555,-0.0063708983,-3.0858293,0.4645996,0.5354004,0.125,0.6679389476776123
8511488,2076.471690453004,7.0,192.50049,500.0,223.99686,-1.0,0.4107666,1.0,0.70145375,0.28897396,-0.005620187,0.002001701,-0.0066210376,-2.209261,0.4642334,0.5357666,0.125,0.6680735349655151
8519680,2092.5072061722367,7.0,192.75671,500.0,224.04027,-1.0,0.41064453,1.0,0.7012641,0.28876585,-0.004130422,0.0017373557,-0.0049991,-2.6313295,0.46447754,0.53552246,0.12487793,0.6681985259056091
8527872,2082.9978111988175,7.0,193.02075,500.0,224.07887,-1.0,0.41064453,1.0,0.7009159,0.2883696,-0.004933917,0.0011319184,-0.005499876,-3.1521301,0.46472168,0.5352783,0.12463379,0.6683771014213562
8536064,2089.088150341559,7.0,192.75024,500.0,224.02731,-1.0,0.40966797,1.0,0.70183504,0.28777748,-0.0042153667,0.0026702841,-0.005550509,-3.0118353,0.46496582,0.5350342,0.12536621,0.669267475605011
8544256,2080.4491072316805,7.0,192.69604,500.0,224.04422,-1.0,0.4086914,1.0,0.70240414,0.28707364,-0.005439157,0.0011445232,-0.006011419,-2.8261404,0.4654541,0.5345459,0.12585449,0.6695730090141296
8552448,2098.9006568582836,7.0,192.95459,500.0,224.1126,-1.0,0.40905762,1.0,0.7017563,0.28717646,-0.0072956854,0.00133197,-0.00796167,-2.9641056,0.46557617,0.5344238,0.12536621,0.669715166091919
8560640,2087.5173632826713,7.0,193.0028,500.0,224.13272,-1.0,0.40893555,1.0,0.70174044,0.28710562,-0.0025576148,0.0011216428,-0.0031184363,-3.591969,0.46569824,0.53430176,0.12536621,0.6698705554008484
8568832,2090.6475646386784,7.0,193.0376,500.0,224.16098,-1.0,0.4086914,1.0,0.7017087,0.28720728,-0.006916065,0.0012418793,-0.0075370045,-3.7927687,0.46594238,0.5340576,0.12536621,0.6701083779335022
8577024,2084.644388144326,7.0,193.14551,500.0,224.24316,-1.0,0.40759277,1.0,0.70208675,0.2867152,-0.0022394299,0.0016690536,-0.003073957,-3.9139624,0.4666748,0.5333252,0.12573242,0.6706275939941406
8585216,2087.7100306663606,7.0,193.22302,500.0,224.25064,-1.0,0.40722656,1.0,0.7022123,0.28629434,-0.0048431554,0.0010305631,-0.005358437,-3.5261335,0.46691895,0.53308105,0.12585449,0.6711840629577637
8593408,2082.3461679599513,7.0,193.04907,500.0,224.16704,-1.0,0.4074707,1.0,0.70241827,0.28640628,-0.008161123,0.0019561735,-0.00913921,-3.021113,0.46655273,0.53344727,0.12597656,0.6717340350151062
8601600,2088.798336535452,7.0,192.64368,500.0,224.08186,-1.0,0.40844727,1.0,0.70237243,0.28749388,-0.0052591576,0.0017167088,-0.006117512,-3.3879824,0.46569824,0.53430176,0.12585449,0.6718614101409912
8609792,2072.638220596378,7.0,192.3435,500.0,223.99472,-1.0,0.40905762,1.0,0.70245177,0.28816244,-0.006531327,0.0014157614,-0.0072392086,-2.8926878,0.4650879,0.5349121,0.12585449,0.6720461845397949
8617984,2092.5417412576794,7.0,192.60718,500.0,224.09663,-1.0,0.40844727,1.0,0.70237243,0.28780073,-0.0045905313,0.0007756087,-0.0049783355,-3.5745282,0.46569824,0.53430176,0.12585449,0.6719685792922974
8626176,2083.995506395962,7.0,192.67078,500.0,224.11217,-1.0,0.40979004,1.0,0.70150286,0.2889973,-0.009587599,0.00089175685,-0.010033477,-3.2736158,0.4650879,0.5349121,0.12512207,0.6719685792922974
8634368,2090.2972946139516,7.0,192.26062,500.0,223.99759,-1.0,0.41064453,1.0,0.7016122,0.28981555,-0.00540316,0.0019961817,-0.0064012515,-3.1892295,0.4642334,0.5357666,0.12512207,0.6724812984466553
8642560,2086.3462696895117,7.0,192.55603,500.0,224.08035,-1.0,0.4095459,1.0,0.7018194,0.28884205,-0.0027771008,0.00173464,-0.0036444205,-2.7936852,0.4650879,0.5349121,0.12536621,0.6729759573936462
8650752,2089.250872478659,7.0,192.62451,500.0,224.12701,-1.0,0.4095459,1.0,0.70164543,0.28898764,-0.008491624,0.0009566797,-0.0089699635,-3.9297013,0.46520996,0.53479004,0.12524414,0.6734706163406372
8658944,2083.253681903051,7.0,192.60425,500.0,224.14246,-1.0,0.40979004,1.0,0.70150286,0.28912723,-0.0034526773,0.00090626086,-0.0039058076,-3.2807798,0.4650879,0.5349121,0.12512207,0.6737761497497559
8667136,2084.9893500287476,7.0,192.86414,500.0,224.23926,-1.0,0.4086914,1.0,0.7017087,0.28831166,-0.0060829604,0.001107868,-0.0066368943,-3.4453714,0.46594238,0.5340576,0.12536621,0.6742837429046631
8675328,2085.689238313966,7.0,192.51868,500.0,224.10483,-1.0,0.40979004,1.0,0.70167685,0.28921062,-0.0053488244,0.0015122767,-0.006104962,-3.3830051,0.46496582,0.5350342,0.12524414,0.6743040084838867
8683520,2086.1910929162345,7.0,192.91357,500.0,224.21991,-1.0,0.40905762,1.0,0.7015823,0.28873867,-0.002167184,0.0015705882,-0.002952478,-3.7859893,0.46569824,0.53430176,0.12524414,0.6749842166900635
8691712,2079.3735087976447,7.0,193.22388,500.0,224.34355,-1.0,0.40856934,1.0,0.70134485,0.28848705,-0.0055212686,0.0006408766,-0.005841707,-3.5214663,0.4663086,0.5336914,0.12512207,0.6755406856536865
8699904,2084.4051197164995,7.0,193.06372,500.0,224.26747,-1.0,0.40734863,1.0,0.7024022,0.28723174,-0.0021201898,0.0021440396,-0.0031922099,-2.9992242,0.4666748,0.5333252,0.12597656,0.6762906908988953
8708096,2085.974897322932,7.0,192.95764,500.0,224.21704,-1.0,0.40734863,1.0,0.702576,0.28712314,-0.006023493,0.0010041443,-0.006525565,-3.5597222,0.46655273,0.53344727,0.12609863,0.6764460802078247
8716288,2082.028573454176,7.0,193.14868,500.0,224.22803,-1.0,0.4071045,1.0,0.7025438,0.28658342,-0.006451126,0.0013760555,-0.007139154,-2.8202484,0.46679688,0.5332031,0.12609863,0.6770497560501099
8724480,2085.3399948193837,7.0,193.29932,500.0,224.26393,-1.0,0.40637207,1.0,0.70279396,0.28590155,-0.0014799337,0.001249368,-0.0021046174,-3.3963451,0.46728516,0.53271484,0.12634277,0.6775289177894592
8732672,2083.3671136056732,7.0,193.34314,500.0,224.27449,-1.0,0.40563965,1.0,0.70321697,0.28543377,-0.008189296,0.0011307767,-0.008754684,-2.8327875,0.46765137,0.53234863,0.12670898,0.6783599853515625
8740864,2088.447797251263,7.0,193.52002,500.0,224.31503,-1.0,0.40563965,1.0,0.70304334,0.28521028,-0.004473343,0.0018478116,-0.005397248,-3.1372926,0.46777344,0.53222656,0.12658691,0.6790401935577393
8749056,2081.7490392436916,7.0,193.45251,500.0,224.30084,-1.0,0.40551758,1.0,0.7032005,0.28519192,-0.0038315556,0.0026393118,-0.005151212,-2.5906672,0.46777344,0.53222656,0.12670898,0.679530918598175
8757248,2084.209395488538,7.0,193.55359,500.0,224.32756,-1.0,0.40576172,1.0,0.702886,0.28537583,-0.0031198827,0.0015604618,-0.003900113,-3.5775042,0.46777344,0.53222656,0.12646484,0.6796380877494812
8765440,2085.4237823393364,7.0,193.92761,500.0,224.3942,-1.0,0.4058838,1.0,0.70238125,0.28551763,-0.006719018,0.0017078471,-0.007572941,-2.2559896,0.46801758,0.5319824,0.12609863,0.6797630786895752
8773632,2083.9128447155304,7.0,193.57642,500.0,224.27104,-1.0,0.40759277,1.0,0.7019129,0.2869354,-0.006643542,0.0011938141,-0.0072404486,-2.1375988,0.46679688,0.5332031,0.12561035,0.6798256039619446
8781824,2085.801036133804,7.0,193.81873,500.0,224.3589,-1.0,0.40637207,1.0,0.70227265,0.2862044,-0.0065669618,0.0017086883,-0.0074213054,-2.4235501,0.46765137,0.53234863,0.12597656,0.6806012392044067
8790016,2072.4777008206074,7.0,194.03516,500.0,224.43471,-1.0,0.4058838,1.0,0.7022074,0.28582853,-0.005568241,0.0013322217,-0.006234351,-3.5856676,0.46813965,0.53186035,0.12597656,0.6810457110404968
8798208,2084.050238609193,7.0,193.75574,500.0,224.34364,-1.0,0.40698242,1.0,0.7020061,0.28683156,-0.0051706578,0.0017565469,-0.0060489313,-3.4946337,0.46728516,0.53271484,0.12573242,0.6814687848091125
8806400,2089.225719391379,7.0,193.98145,500.0,224.4146,-1.0,0.40612793,1.0,0.7022401,0.28618228,-0.005764028,0.0012555536,-0.0063918056,-3.429279,0.4678955,0.5321045,0.12597656,0.6818437576293945
8814592,2085.0452731948944,7.0,194.12659,500.0,224.3922,-1.0,0.40649414,1.0,0.7019412,0.28611594,-0.0052664117,0.0009941565,-0.0057634898,-3.6232967,0.46777344,0.53222656,0.12573242,0.6820483207702637
8822784,2083.4221918047274,7.0,194.2893,500.0,224.45473,-1.0,0.40551758,1.0,0.7021582,0.28555518,-0.0061407113,0.0011405356,-0.0067109796,-3.1901836,0.46850586,0.53149414,0.12597656,0.6825795769691467
8830976,2086.604230895569,7.0,194.52954,500.0,224.51547,-1.0,0.40600586,1.0,0.7015281,0.28599352,-0.00037783658,0.0011074587,-0.0009315661,-3.5199275,0.46850586,0.53149414,0.12548828,0.6828295588493347
8839168,2085.1793997999644,7.0,194.28394,500.0,224.48668,-1.0,0.40612793,1.0,0.7017184,0.28642094,-0.003736584,0.0010935969,-0.0042833826,-3.5973644,0.46826172,0.5317383,0.12561035,0.6831795573234558
8847360,2083.1556706918077,7.0,194.48279,500.0,224.52243,-1.0,0.40600586,1.0,0.7015281,0.28629702,-0.009622211,0.0011205298,-0.010182476,-3.0072165,0.46850586,0.53149414,0.12548828,0.6831927299499512
8855552,2078.235163776884,7.0,194.5365,500.0,224.49142,-1.0,0.40698242,1.0,0.700962,0.2868538,-0.0019105957,0.0008352285,-0.00232821,-3.1251137,0.46801758,0.5319824,0.125,0.6830942630767822
8863744,2079.646111746362,7.0,194.53662,500.0,224.48772,-1.0,0.4074707,1.0,0.7006782,0.2873606,-0.00745652,0.0011181976,-0.00801562,-3.2548628,0.46777344,0.53222656,0.12475586,0.6833997964859009
8871936,2094.7537217826416,7.0,194.46863,500.0,224.47888,-1.0,0.40686035,1.0,0.7011199,0.28682038,-0.0038609412,0.0018667483,-0.0047943154,-3.4610453,0.46801758,0.5319824,0.12512207,0.6837747693061829
8880128,2088.207781902904,7.0,194.23975,500.0,224.44736,-1.0,0.40649414,1.0,0.7015933,0.28662315,-0.0060683964,0.0011163269,-0.0066265604,-3.205704,0.46801758,0.5319824,0.12548828,0.6840929388999939
8888320,2085.411758036741,7.0,194.43274,500.0,224.48619,-1.0,0.4071045,1.0,0.7009783,0.28697085,-0.0066204392,0.0010737377,-0.007157308,-3.4933004,0.4678955,0.5321045,0.125,0.6841286420822144
8896512,2088.2882462633274,7.0,194.41846,500.0,224.43974,-1.0,0.40844727,1.0,0.70028377,0.2878063,-0.0044201827,0.0009031957,-0.00487178,-3.7048888,0.4671631,0.5328369,0.12438965,0.6842840313911438
8904704,2071.6977087849755,7.0,194.37988,500.0,224.44685,-1.0,0.4091797,1.0,0.6998561,0.28856838,-0.009037817,0.0010995804,-0.009587606,-2.5901554,0.46679688,0.5332031,0.12402344,0.6844991445541382
8912896,2094.010600674196,7.0,194.43726,500.0,224.42523,-1.0,0.40893555,1.0,0.6999988,0.28808773,-0.004695015,0.0014375778,-0.005413804,-2.7971306,0.46691895,0.53308105,0.12414551,0.6847619414329529
8921088,2081.0916225127858,7.0,194.19812,500.0,224.36183,-1.0,0.4099121,1.0,0.6997763,0.28903905,-0.0024689804,0.0016578255,-0.003297893,-3.3607223,0.46618652,0.5338135,0.12390137,0.685077965259552
8929280,2092.455724249749,7.0,194.11914,500.0,224.32895,-1.0,0.41027832,1.0,0.6996489,0.28912753,-0.003664393,0.0014657422,-0.0043972638,-2.716576,0.46594238,0.5340576,0.1237793,0.6852226853370667
8937472,2082.0462360789365,7.0,194.53479,500.0,224.45964,-1.0,0.40942383,1.0,0.6995388,0.28847542,-0.00577264,0.0013969472,-0.0064711133,-2.3844252,0.46679688,0.5332031,0.1237793,0.6852429509162903
8945664,2086.4249436308783,7.0,194.51233,500.0,224.48366,-1.0,0.41052246,1.0,0.6988073,0.28964284,-0.004860066,0.0010617767,-0.0053909537,-3.023325,0.4663086,0.5336914,0.123168945,0.6852368712425232
8953856,2075.982151734425,7.0,194.45093,500.0,224.4701,-1.0,0.4104004,1.0,0.6989663,0.28941292,-0.0056055877,0.0014845676,-0.0063478714,-3.4149175,0.4663086,0.5336914,0.123291016,0.6858564615249634
8962048,2088.071488916911,7.0,194.38757,500.0,224.45323,-1.0,0.4095459,1.0,0.6995546,0.28871736,-0.009214099,0.0010031764,-0.0097156875,-3.6819296,0.4666748,0.5333252,0.1237793,0.6863756775856018
8970240,2087.007011024231,7.0,193.98889,500.0,224.32574,-1.0,0.41186523,1.0,0.69880325,0.29051682,-0.010427949,0.0015053845,-0.011180641,-3.272052,0.4650879,0.5349121,0.123046875,0.6863529682159424
8978432,2089.623412328714,7.0,194.33936,500.0,224.46959,-1.0,0.41052246,1.0,0.69898194,0.28949702,-0.008732097,0.0006651224,-0.009064658,-3.833005,0.46618652,0.5338135,0.123291016,0.6869650483131409
8986624,2085.350246405186,7.0,194.39905,500.0,224.48836,-1.0,0.41088867,1.0,0.6986794,0.28973025,-0.0070700836,0.0009832832,-0.0075617256,-2.943634,0.46606445,0.53393555,0.123046875,0.6869423389434814
8994816,2088.5465609928624,7.0,194.23145,500.0,224.43343,-1.0,0.41052246,1.0,0.6991566,0.28946704,-0.008565652,0.0017962358,-0.00946377,-2.9710324,0.46606445,0.53393555,0.123413086,0.6875923275947571
9003008,2088.231133696917,7.0,194.67444,500.0,224.58574,-1.0,0.4091797,1.0,0.6991581,0.28861648,-0.00748589,0.00095119723,-0.007961488,-3.5136404,0.46728516,0.53271484,0.123535156,0.6879104971885681
9011200,2086.042904813793,7.0,195.01575,500.0,224.70216,-1.0,0.40820312,1.0,0.6992051,0.28785184,-0.0042798547,0.0009695905,-0.00476465,-3.833537,0.46813965,0.53186035,0.12365723,0.6881292462348938
9019392,2083.6565593595583,7.0,195.11816,500.0,224.73291,-1.0,0.4086914,1.0,0.6987451,0.28823435,-0.0062444145,0.0018471172,-0.007167973,-3.1389258,0.46801758,0.5319824,0.123291016,0.6885610818862915
9027584,2089.227751941595,7.0,195.17297,500.0,224.72008,-1.0,0.4086914,1.0,0.6987451,0.2882887,-0.006780712,0.0017259774,-0.0076437006,-2.9909236,0.46801758,0.5319824,0.123291016,0.6889867782592773
9035776,2091.833299341798,7.0,195.05237,500.0,224.6498,-1.0,0.4095459,1.0,0.69850683,0.28877997,-0.0062291343,0.001590818,-0.007024543,-2.3354,0.46740723,0.5325928,0.123046875,0.6892802715301514
9043968,2088.3494236330507,7.0,195.4242,500.0,224.7912,-1.0,0.40820312,1.0,0.6986812,0.28775156,-0.0014233885,0.0019683307,-0.0024075536,-2.5321362,0.46850586,0.53149414,0.123291016,0.6899604797363281
9052160,2084.9856809666057,7.0,195.82446,500.0,224.86963,-1.0,0.40820312,1.0,0.69815683,0.28762677,-0.0033016275,0.0011408633,-0.0038720586,-3.9410388,0.46887207,0.5311279,0.122924805,0.6898667216300964
9060352,2094.871474632474,7.0,195.86877,500.0,224.91254,-1.0,0.4074707,1.0,0.6984098,0.28725222,-0.008108329,0.0021088514,-0.009162755,-2.7857504,0.46936035,0.53063965,0.123168945,0.6904677748680115
9068544,2087.5712659788364,7.0,195.42859,500.0,224.76901,-1.0,0.40771484,1.0,0.69896615,0.28728005,-0.0072461166,0.0013446694,-0.007918451,-2.6533175,0.46875,0.53125,0.123535156,0.6909177899360657
9076736,2078.1631394679453,7.0,195.62659,500.0,224.83453,-1.0,0.40722656,1.0,0.6989016,0.28693217,-0.008435338,0.0012763203,-0.009073498,-2.8610907,0.46923828,0.5307617,0.123535156,0.6910249590873718
9084928,2093.5225801168435,7.0,195.55237,500.0,224.74742,-1.0,0.40759277,1.0,0.6989501,0.28704408,-0.009634897,0.0019070866,-0.01058844,-2.9721658,0.46887207,0.5311279,0.123535156,0.6917051672935486
9093120,2091.615296179486,7.0,195.47961,500.0,224.74118,-1.0,0.4074707,1.0,0.69910854,0.2873929,-0.008885849,0.0019725994,-0.00987215,-3.872378,0.46887207,0.5311279,0.12365723,0.6925016641616821
9101312,2082.725212623254,7.0,195.32764,500.0,224.67476,-1.0,0.4083252,1.0,0.69887185,0.2879179,-0.006566692,0.0013567284,-0.0072450563,-3.280579,0.46826172,0.5317383,0.123413086,0.6932772994041443
9109504,2089.461521598088,7.0,195.76685,500.0,224.82788,-1.0,0.40759277,1.0,0.6986007,0.28749973,-0.007842228,0.0014300956,-0.008557276,-2.2317817,0.4691162,0.5308838,0.123291016,0.6937029957771301
9117696,2088.932819445462,7.0,195.96985,500.0,224.85304,-1.0,0.40856934,1.0,0.6978551,0.2881322,-0.00699984,0.002191759,-0.008095719,-1.9735134,0.46875,0.53125,0.122680664,0.6939075589179993
9125888,2096.219806548431,7.0,196.03601,500.0,224.90393,-1.0,0.4083252,1.0,0.69782305,0.28793275,-0.006882178,0.001078176,-0.0074212663,-3.1745248,0.46899414,0.53100586,0.122680664,0.6940742135047913
9134080,2076.823241835759,7.0,195.72656,500.0,224.8225,-1.0,0.40759277,1.0,0.6987755,0.28710485,-0.005088159,0.0017878913,-0.0059821047,-3.0102065,0.46899414,0.53100586,0.123413086,0.6947333216667175
9142272,2071.821003914662,7.0,195.52649,500.0,224.78549,-1.0,0.40844727,1.0,0.6985384,0.28794783,-0.004777112,0.0027826424,-0.0061684335,-2.6756706,0.4683838,0.5316162,0.123168945,0.6951436996459961
9150464,2077.804474933118,7.0,195.90271,500.0,224.86154,-1.0,0.40844727,1.0,0.69801396,0.28787678,-0.006493598,0.0019798074,-0.007483502,-2.1439443,0.46875,0.53125,0.122802734,0.6956383585929871
9158656,2094.9732738273474,7.0,196.17212,500.0,224.94852,-1.0,0.40881348,1.0,0.6973621,0.28827238,-0.0017866673,0.0014762187,-0.0025247768,-2.3062189,0.46887207,0.5311279,0.12231445,0.6957455277442932
9166848,2088.886338974484,7.0,196.03833,500.0,224.92421,-1.0,0.40820312,1.0,0.69798195,0.28779602,-0.0061460515,0.0018867408,-0.007089422,-3.1104696,0.46899414,0.53100586,0.122802734,0.6963465809822083
9175040,2077.6434052278405,7.0,196.26453,500.0,224.9851,-1.0,0.40795898,1.0,0.6977748,0.2877116,-0.0056998804,0.0014339171,-0.0064168386,-2.367755,0.46936035,0.53063965,0.122680664,0.697280764579773
9183232,2079.8370770584897,7.0,196.25671,500.0,224.98422,-1.0,0.4074707,1.0,0.69806015,0.28729987,-0.007248153,0.0013058075,-0.007901058,-3.4155338,0.4696045,0.5303955,0.122924805,0.6977450251579285
9191424,2085.2281198673018,7.0,196.05566,500.0,224.94934,-1.0,0.40808105,1.0,0.69796586,0.28803456,-0.0069023203,0.0008093567,-0.0073069986,-3.4523516,0.4691162,0.5308838,0.122802734,0.6982396841049194
9199616,2083.744381806978,7.0,196.28345,500.0,225.03075,-1.0,0.40795898,1.0,0.6975999,0.2878093,-0.005629978,0.001281407,-0.006270682,-3.8394096,0.46948242,0.5305176,0.122558594,0.6986475586891174
9207808,2083.2650497795607,7.0,196.55896,500.0,225.07983,-1.0,0.40771484,1.0,0.6973926,0.28733307,-0.008586945,0.0012125123,-0.009193202,-3.2363133,0.46984863,0.53015137,0.12243652,0.6990732550621033
9216000,2082.3149972667893,7.0,196.9054,500.0,225.1816,-1.0,0.4074707,1.0,0.6970101,0.28706992,-0.0074675735,0.0006694193,-0.007802283,-3.644418,0.4703369,0.5296631,0.12219238,0.6996127367019653
9224192,2083.6125877355544,7.0,196.60742,500.0,225.11836,-1.0,0.4071045,1.0,0.6976617,0.28702518,-0.007089764,0.0019582696,-0.008068898,-2.8545854,0.47021484,0.52978516,0.122680664,0.7002886533737183
9232384,2077.1079840201714,7.0,196.49683,500.0,225.08847,-1.0,0.40686035,1.0,0.697979,0.28684843,-0.0055152,0.0016991681,-0.0063647833,-3.110579,0.47021484,0.52978516,0.122924805,0.7006636261940002
9240576,2096.5187192906633,7.0,196.39124,500.0,225.08263,-1.0,0.40722656,1.0,0.6978528,0.2868232,-0.007966738,0.0017605624,-0.008847021,-3.5979786,0.4699707,0.5300293,0.122802734,0.7009796500205994
9248768,2082.918511618512,7.0,195.94836,500.0,224.99155,-1.0,0.4071045,1.0,0.69853604,0.28707662,-0.008861186,0.0013060458,-0.009514209,-2.5898771,0.4696045,0.5303955,0.123291016,0.7017078995704651
9256960,2086.6800096172633,7.0,196.0083,500.0,225.00822,-1.0,0.40722656,1.0,0.6983774,0.28713688,-0.0051638056,0.0014975799,-0.0059125954,-2.1706245,0.4696045,0.5303955,0.123168945,0.7020531296730042
9265152,2083.4363408030595,7.0,195.94897,500.0,224.96649,-1.0,0.40722656,1.0,0.69855213,0.28687313,-0.0036962056,0.00257704,-0.0049847257,-1.4420046,0.46948242,0.5305176,0.123291016,0.7030311822891235
9273344,2088.369732266044,7.0,195.47302,500.0,224.80481,-1.0,0.40734863,1.0,0.69926697,0.2866732,-0.0060193334,0.0020166796,-0.0070276726,-2.7987,0.46887207,0.5311279,0.1237793,0.7035219073295593
9281536,2083.646198062631,7.0,195.86731,500.0,224.89046,-1.0,0.4083252,1.0,0.69817287,0.28745976,-0.005195503,0.0015265661,-0.0059587862,-3.4955626,0.46875,0.53125,0.122924805,0.7036772966384888
9289728,2085.225462350379,7.0,195.7721,500.0,224.90175,-1.0,0.40771484,1.0,0.69861674,0.28724867,-0.006406523,0.0023052432,-0.007559144,-2.899733,0.46899414,0.53100586,0.123291016,0.7041900157928467
9297920,2075.049631144437,7.0,195.8518,500.0,224.86806,-1.0,0.4091797,1.0,0.69775987,0.28829262,-0.0065827467,0.0011205428,-0.007143019,-2.7087018,0.46826172,0.5317383,0.122558594,0.7041900157928467
9306112,2087.0586054892246,7.0,195.94019,500.0,224.87189,-1.0,0.4086914,1.0,0.697871,0.28784752,-0.0050695282,0.0014964943,-0.0058177756,-3.126805,0.46862793,0.5313721,0.122680664,0.7046900391578674
9314304,2083.3572604734823,7.0,196.01599,500.0,224.87585,-1.0,0.40905762,1.0,0.697569,0.28806585,-0.0043860804,0.000690931,-0.004731546,-3.9367034,0.46850586,0.53149414,0.12243652,0.7049528360366821
9322496,2089.17185825165,7.0,195.36511,500.0,224.65364,-1.0,0.40979004,1.0,0.6981888,0.28848892,-0.006756428,0.0025075783,-0.008010217,-2.236629,0.46740723,0.5325928,0.122802734,0.7056705951690674
9330688,2086.4227898369063,7.0,195.672,500.0,224.70433,-1.0,0.41015625,1.0,0.69771135,0.28842872,-0.008063454,0.0010826677,-0.008604787,-2.9460366,0.46740723,0.5325928,0.12243652,0.7059920430183411
9338880,2104.838824108993,7.0,195.79053,500.0,224.7343,-1.0,0.40966797,1.0,0.69782317,0.28779328,-0.0056828684,0.001155525,-0.006260631,-2.558495,0.46777344,0.53222656,0.122558594,0.7066722512245178
9347072,2091.4346375743216,7.0,195.85352,500.0,224.80888,-1.0,0.40905762,1.0,0.6980938,0.28750432,-0.0067335945,0.0014931445,-0.007480167,-1.6975845,0.46813965,0.53186035,0.122802734,0.7071831226348877
9355264,2085.5989731685286,7.0,195.95361,500.0,224.85284,-1.0,0.40930176,1.0,0.69777584,0.28786373,-0.005389026,0.0011791632,-0.0059786076,-3.0022473,0.46813965,0.53186035,0.122558594,0.7073081135749817
9363456,2084.0202808984745,7.0,196.10278,500.0,224.91501,-1.0,0.4091797,1.0,0.6975849,0.28788507,-0.0060127145,0.0014837605,-0.0067545953,-2.5740573,0.4683838,0.5316162,0.12243652,0.7073914408683777
9371648,2085.960080636691,7.0,196.18921,500.0,224.92348,-1.0,0.40856934,1.0,0.6978551,0.2874255,-0.0070328126,0.001185242,-0.0076254336,-3.2473245,0.46875,0.53125,0.122680664,0.7077664136886597
9379840,2088.008678306573,7.0,196.1416,500.0,224.93459,-1.0,0.4095459,1.0,0.6972825,0.28855202,-0.006474185,0.0012128307,-0.0070805997,-3.3765273,0.46826172,0.5317383,0.12219238,0.7079511880874634
9388032,2086.83297775113,7.0,195.6748,500.0,224.80635,-1.0,0.41223145,1.0,0.6963996,0.2907837,-0.005765823,0.0016087044,-0.0065701753,-2.6969082,0.46643066,0.53356934,0.12133789,0.7081249356269836
9396224,2082.5305610656433,7.0,195.89563,500.0,224.88742,-1.0,0.41210938,1.0,0.6960336,0.29089853,-0.0071536102,0.0008735013,-0.0075903605,-2.5942411,0.46679688,0.5332031,0.12109375,0.7082237601280212
9404416,2095.143301819764,7.0,195.68933,500.0,224.85347,-1.0,0.4119873,1.0,0.6963688,0.2909117,-0.0047064167,0.00066125573,-0.005037045,-3.0403209,0.4666748,0.5333252,0.12133789,0.7083396315574646
9412608,2081.971298146862,7.0,195.57336,500.0,224.8896,-1.0,0.4111328,1.0,0.6969612,0.29082865,-0.006445613,0.0018746868,-0.0073829563,-2.4297986,0.46704102,0.532959,0.12182617,0.708858847618103
9420800,2079.970282591781,7.0,195.36768,500.0,224.81429,-1.0,0.4119873,1.0,0.6968945,0.29116172,-0.0060311356,0.002340889,-0.0072015803,-1.8212076,0.4663086,0.5336914,0.1217041,0.7092819213867188
9428992,2082.553786058275,7.0,195.29578,500.0,224.8568,-1.0,0.4119873,1.0,0.6968945,0.291407,-0.00782783,0.0012731917,-0.008464425,-1.7891034,0.4663086,0.5336914,0.1217041,0.7095754146575928
9437184,2085.7814105076714,7.0,195.23694,500.0,224.84541,-1.0,0.4116211,1.0,0.69719833,0.2912495,-0.0058649722,0.001614713,-0.0066723293,-0.6672025,0.46643066,0.53356934,0.12194824,0.7098809480667114
9445376,2077.8470708634095,7.0,194.93884,500.0,224.77931,-1.0,0.4128418,1.0,0.69682676,0.29239538,-0.0073358594,0.0025939704,-0.008632845,-1.7285774,0.46557617,0.5344238,0.12158203,0.7101117372512817
9453568,2086.3746473675137,7.0,195.15503,500.0,224.86035,-1.0,0.41259766,1.0,0.6966209,0.29235852,-0.0042421725,0.0006521168,-0.004568231,-2.9726336,0.46594238,0.5340576,0.12145996,0.7102065682411194
9461760,2089.54894455994,7.0,195.26526,500.0,224.9317,-1.0,0.41174316,1.0,0.69686365,0.2918688,-0.0055695972,0.0007298983,-0.0059345462,-3.5127876,0.46655273,0.53344727,0.1217041,0.7103619575500488
9469952,2082.253163430847,7.0,195.02148,500.0,224.86938,-1.0,0.41174316,1.0,0.6972139,0.29196358,-0.004226162,0.0017259837,-0.0050891545,-2.769961,0.4663086,0.5336914,0.12194824,0.7107937932014465
9478144,2087.4955493356842,7.0,194.8728,500.0,224.85303,-1.0,0.41125488,1.0,0.697677,0.29186085,-0.0087852515,0.0013060002,-0.009438251,-2.1876984,0.46643066,0.53356934,0.12231445,0.7111687660217285
9486336,2087.8476720017375,7.0,194.87622,500.0,224.89445,-1.0,0.41137695,1.0,0.6975175,0.29219538,-0.0024561186,0.0017936216,-0.0033529294,-2.984902,0.46643066,0.53356934,0.12219238,0.7116734981536865
9494528,2074.4757165252026,7.0,194.84143,500.0,224.86769,-1.0,0.41223145,1.0,0.6971004,0.2927678,-0.0057003302,0.0013539037,-0.006377282,-1.450524,0.46594238,0.5340576,0.12182617,0.7119498252868652
9502720,2088.1577803613222,7.0,194.99255,500.0,224.93384,-1.0,0.41259766,1.0,0.6966209,0.293271,-0.007600914,0.0009914831,-0.008096656,-3.0346317,0.46594238,0.5340576,0.12145996,0.7120748162269592
9510912,2082.4128031786736,7.0,194.47144,500.0,224.82922,-1.0,0.41296387,1.0,0.69701713,0.29395583,-0.0038831742,0.001830571,-0.00479846,-2.9757235,0.46533203,0.53466797,0.1217041,0.7125248312950134
9519104,2084.526644014557,7.0,194.60706,500.0,224.84883,-1.0,0.41271973,1.0,0.6969867,0.29368073,-0.008381123,0.000999809,-0.008881027,-2.9367337,0.46557617,0.5344238,0.1217041,0.7130856513977051
9527296,2088.6441914034494,7.0,194.24268,500.0,224.70854,-1.0,0.41394043,1.0,0.69696325,0.29442638,-0.00955024,0.0008634847,-0.0099819815,-2.7725146,0.46447754,0.53552246,0.12158203,0.7133356332778931
9535488,2089.0260406131397,7.0,193.92798,500.0,224.60796,-1.0,0.41430664,1.0,0.6971835,0.2948184,-0.006774477,0.001361065,-0.007455009,-2.7971714,0.46398926,0.53601074,0.1217041,0.7136978507041931
9543680,2080.1814571358273,7.0,194.05481,500.0,224.64262,-1.0,0.41381836,1.0,0.69729835,0.29439002,-0.006332021,0.0014463617,-0.0070552016,-2.8742154,0.46435547,0.53564453,0.12182617,0.7141978740692139
9551872,2089.511204389807,7.0,194.41296,500.0,224.74817,-1.0,0.4140625,1.0,0.696628,0.29459286,-0.008433785,0.0011284561,-0.008998014,-2.4365916,0.4645996,0.5354004,0.12133789,0.714250922203064
9560064,2089.2883491614143,7.0,194.87622,500.0,224.87125,-1.0,0.41516113,1.0,0.69535965,0.29543704,-0.0070029264,0.0010390396,-0.0075224456,-2.8898957,0.46447754,0.53552246,0.12036133,0.7143457531929016
9568256,2077.8200555428025,7.0,194.45459,500.0,224.76096,-1.0,0.41552734,1.0,0.6957551,0.29571635,-0.005678552,0.0021393124,-0.0067482083,-2.3248105,0.4638672,0.5361328,0.12060547,0.7147957682609558
9576448,2078.9321593771383,7.0,194.35999,500.0,224.72293,-1.0,0.41479492,1.0,0.69636744,0.29489714,-0.0064346883,0.002037888,-0.0074536316,-2.5429442,0.46411133,0.5358887,0.12109375,0.7154281139373779
9584640,2086.995982562882,7.0,194.24219,500.0,224.6929,-1.0,0.41479492,1.0,0.6965427,0.29489136,-0.002593367,0.0013384758,-0.0032626046,-2.5009181,0.46398926,0.53601074,0.12121582,0.7156543135643005
9592832,2080.295310218227,7.0,194.4552,500.0,224.76593,-1.0,0.41479492,1.0,0.6961921,0.29480353,-0.0059247897,0.0018497492,-0.0068496643,-2.2187557,0.4642334,0.5357666,0.12097168,0.7159144878387451
9601024,2092.6133637767452,7.0,194.61084,500.0,224.79573,-1.0,0.41503906,1.0,0.6958712,0.29488513,-0.00784776,0.0011761948,-0.008435857,-2.3844976,0.4642334,0.5357666,0.12072754,0.7162200212478638
9609216,2072.751874630132,7.0,194.9613,500.0,224.85568,-1.0,0.41345215,1.0,0.6963771,0.2937099,-0.00443371,0.0019438816,-0.0054056505,-1.8754344,0.46533203,0.53466797,0.12121582,0.7168271541595459
9617408,2083.6027322813284,7.0,194.5708,500.0,224.71725,-1.0,0.41308594,1.0,0.6972075,0.29326174,-0.0067919986,0.0018150684,-0.0076995334,-1.8210034,0.4650879,0.5349121,0.12182617,0.7173063158988953
9625600,2080.2322108974363,7.0,194.32507,500.0,224.61172,-1.0,0.41345215,1.0,0.6974281,0.29332498,-0.0065759057,0.0016348656,-0.0073933383,-2.8759394,0.4645996,0.5354004,0.12194824,0.7178406119346619
9633792,2088.7907176254425,7.0,194.37292,500.0,224.64851,-1.0,0.41345215,1.0,0.69725305,0.29348814,-0.006556902,0.00095177535,-0.0070327898,-3.946415,0.46472168,0.5352783,0.12182617,0.7181788682937622
9641984,2086.6962305270313,7.0,194.37463,500.0,224.69814,-1.0,0.41308594,1.0,0.69738257,0.2935145,-0.0060762865,0.0008577196,-0.0065051466,-3.885004,0.46496582,0.5350342,0.12194824,0.7188748121261597
9650176,2091.1870624891135,7.0,193.78235,500.0,224.57486,-1.0,0.4136963,1.0,0.6978083,0.29411876,-0.0040967003,0.0015670214,-0.0048802113,-2.9629784,0.46411133,0.5358887,0.12219238,0.7194091081619263
9658368,2089.2960987449233,7.0,193.93262,500.0,224.5888,-1.0,0.41296387,1.0,0.6980671,0.29342645,-0.0070167673,0.0009284155,-0.0074809743,-2.4556801,0.4645996,0.5354004,0.12243652,0.7198733687400818
9666560,2087.983682003741,7.0,193.40076,500.0,224.41689,-1.0,0.41430664,1.0,0.69805837,0.29470903,-0.006806339,0.0018960382,-0.007754358,-2.7639718,0.4633789,0.5366211,0.12231445,0.7202685475349426
9674752,2086.905604277047,7.0,193.3634,500.0,224.34555,-1.0,0.414917,1.0,0.69795823,0.29489252,-0.0057781944,0.0016512107,-0.0066037993,-2.1653705,0.46289062,0.5371094,0.12219238,0.720483660697937
9682944,2085.492260221645,7.0,193.27747,500.0,224.3082,-1.0,0.41455078,1.0,0.6982631,0.29464707,-0.0016860944,0.001253029,-0.0023126085,-3.1703,0.4630127,0.5369873,0.12243652,0.7207741737365723
9691136,2074.602599359187,7.0,192.87378,500.0,224.1793,-1.0,0.41516113,1.0,0.6985124,0.29509264,-0.004367329,0.002264435,-0.005499547,-1.4515947,0.46228027,0.5377197,0.122558594,0.7212384343147278
9699328,2078.0736502488326,7.0,192.96252,500.0,224.18442,-1.0,0.4152832,1.0,0.6983524,0.294828,-0.003152003,0.0013290859,-0.0038165464,-2.1715417,0.46228027,0.5377197,0.12243652,0.7214429974555969
9707520,2087.6968383486337,7.0,192.70068,500.0,224.0783,-1.0,0.414917,1.0,0.69900686,0.2945522,-0.009767215,0.0022053595,-0.010869894,-2.2267442,0.4621582,0.5378418,0.122924805,0.722044050693512
9715712,2077.231547245196,7.0,193.00537,500.0,224.20988,-1.0,0.41516113,1.0,0.6983376,0.29509753,-0.005355343,0.0011347181,-0.005922702,-2.7063794,0.46240234,0.53759766,0.12243652,0.7223654985427856
9723904,2085.9149986808125,7.0,193.10254,500.0,224.26215,-1.0,0.41516113,1.0,0.6981628,0.29527134,-0.006755553,0.00090212247,-0.0072066137,-2.8195138,0.4625244,0.5374756,0.12231445,0.722378671169281
9732096,2087.7402214054428,7.0,192.84375,500.0,224.16391,-1.0,0.4169922,1.0,0.69750834,0.29666585,0.0013239937,0.0012449869,0.00070150057,-2.6400938,0.4613037,0.5386963,0.1217041,0.722378671169281
9740288,2084.51829745975,7.0,192.98254,500.0,224.19582,-1.0,0.4165039,1.0,0.69762504,0.29626143,-0.004566557,0.0013514322,-0.0052422723,-2.450831,0.46166992,0.5383301,0.12182617,0.7228862643241882
9748480,2083.1086892060016,7.0,193.15259,500.0,224.2517,-1.0,0.41662598,1.0,0.6972897,0.2963034,-0.0018250506,0.00092141563,-0.0022857585,-3.2964997,0.461792,0.538208,0.12158203,0.723124086856842
9756672,2082.501278117618,7.0,193.24329,500.0,224.25377,-1.0,0.4169922,1.0,0.69698316,0.2965042,-0.0068635764,0.00139167,-0.0075594117,-2.149906,0.46166992,0.5383301,0.12133789,0.7230056524276733
9764864,2080.06434252213,7.0,193.35364,500.0,224.29884,-1.0,0.41577148,1.0,0.697537,0.2954846,0.0019599635,0.0014677112,0.0012261074,-3.163856,0.46240234,0.53759766,0.12182617,0.7235890030860901
9773056,2086.860734936483,7.0,193.15063,500.0,224.21889,-1.0,0.4152832,1.0,0.6981776,0.29510155,-0.005486978,0.0018475445,-0.00641075,-2.8671823,0.46240234,0.53759766,0.12231445,0.7244501113891602
9781248,2087.95576805819,7.0,193.02368,500.0,224.17108,-1.0,0.4161377,1.0,0.69793105,0.29591084,-0.006287692,0.0015271246,-0.0070512537,-2.9325538,0.461792,0.538208,0.12207031,0.7249779105186462
9789440,2077.1597180530434,7.0,193.00964,500.0,224.22937,-1.0,0.41723633,1.0,0.69718724,0.2969882,-0.005796165,0.0017237583,-0.0066580446,-2.6971824,0.4613037,0.5386963,0.12145996,0.7251930236816406
9797632,2089.7574931087956,7.0,193.17908,500.0,224.33008,-1.0,0.41674805,1.0,0.69712913,0.296767,-0.0070231385,0.0014092627,-0.00772777,-3.458366,0.461792,0.538208,0.12145996,0.7258253693580627
9805824,2086.3347414783266,7.0,193.19739,500.0,224.3213,-1.0,0.4177246,1.0,0.69654435,0.29774284,-0.0048505766,0.001167357,-0.005434255,-3.3610454,0.4613037,0.5386963,0.12097168,0.7259325385093689
9814016,2088.3690976152843,7.0,193.1737,500.0,224.31216,-1.0,0.4182129,1.0,0.69625133,0.2982195,-0.0062011285,0.0012410023,-0.00682163,-3.0245676,0.46105957,0.5389404,0.12072754,0.726039707660675
9822208,2086.4150615539634,7.0,193.24597,500.0,224.32167,-1.0,0.41784668,1.0,0.69638354,0.2978201,-0.0076583,0.001077421,-0.00819701,-3.4224854,0.4613037,0.5386963,0.12084961,0.7265473008155823
9830400,2086.122949105741,7.0,193.20374,500.0,224.3405,-1.0,0.4173584,1.0,0.6966763,0.2975443,-0.0060872715,0.0015412985,-0.006857921,-3.1780114,0.46154785,0.53845215,0.12109375,0.7270419597625732
9838592,2091.5754442059783,7.0,193.37769,500.0,224.34053,-1.0,0.41687012,1.0,0.6967934,0.2969617,-0.0045886184,0.0015604884,-0.0053688623,-2.769581,0.46191406,0.53808594,0.12121582,0.7272681593894958
9846784,2095.399865103033,7.0,193.44885,500.0,224.35269,-1.0,0.41625977,1.0,0.6970706,0.296274,-0.0031613752,0.002021517,-0.004172134,-2.047518,0.46228027,0.5377197,0.12145996,0.7275083661079407
9854976,2085.2670975604133,7.0,192.58118,500.0,224.08206,-1.0,0.4185791,1.0,0.6969952,0.29816508,-0.004497324,0.0018118618,-0.005403255,-2.803098,0.46020508,0.5397949,0.12121582,0.7276750206947327
9863168,2093.66838830971,7.0,192.70703,500.0,224.10826,-1.0,0.41760254,1.0,0.6974057,0.29753685,-0.0046695834,0.0010605996,-0.005199883,-3.0407114,0.46081543,0.5391846,0.12158203,0.728362500667572
9871360,2092.0744036461797,7.0,192.39294,500.0,224.02533,-1.0,0.41748047,1.0,0.6979161,0.29740685,-0.004391568,0.0014914258,-0.0051372806,-3.735665,0.4605713,0.5394287,0.12194824,0.7290907502174377
9879552,2086.9506023048466,7.0,192.12927,500.0,223.93002,-1.0,0.41833496,1.0,0.69784176,0.2981432,-0.005629196,0.0022146502,-0.00673652,-2.2029488,0.45983887,0.54016113,0.12182617,0.7294657230377197
9887744,2080.330325065592,7.0,192.08545,500.0,223.9886,-1.0,0.4177246,1.0,0.6981199,0.29808983,-0.0035254324,0.0008793534,-0.003965109,-3.2520125,0.46020508,0.5397949,0.12207031,0.7297285199165344
9895936,2076.324879879219,7.0,191.58997,500.0,223.82162,-1.0,0.41809082,1.0,0.69868726,0.29817152,-0.0039104675,0.0024435492,-0.005132242,-2.4295323,0.45947266,0.54052734,0.12243652,0.7301785349845886
9904128,2085.99908569891,7.0,191.95789,500.0,223.92415,-1.0,0.41784668,1.0,0.69830906,0.29807207,-0.001693259,0.0010102936,-0.002198406,-3.691377,0.45996094,0.54003906,0.12219238,0.7303972840309143
9912320,2084.866759738028,7.0,192.00903,500.0,223.94403,-1.0,0.41845703,1.0,0.697856,0.2986496,-0.0071179206,0.00083842996,-0.007537135,-3.4928024,0.4597168,0.5402832,0.12182617,0.7304413914680481
9920512,2088.739164461498,7.0,191.92761,500.0,223.91765,-1.0,0.4189453,1.0,0.697738,0.29907036,-0.0047705644,0.0013696161,-0.005455372,-3.1428015,0.4593506,0.5406494,0.1217041,0.7306080460548401
9928704,2089.5780448138844,7.0,191.39343,500.0,223.75932,-1.0,0.41955566,1.0,0.69815844,0.29956877,-0.0044042068,0.0017282349,-0.005268324,-3.1374733,0.4584961,0.5415039,0.12194824,0.7310360074043274
9936896,2085.769635309265,7.0,191.90125,500.0,223.93144,-1.0,0.41870117,1.0,0.69788456,0.2990231,-0.005908104,0.0009786297,-0.0063974196,-3.1111696,0.45947266,0.54052734,0.12182617,0.7309526801109314
9945088,2082.0618803682733,7.0,191.9834,500.0,223.94229,-1.0,0.41687012,1.0,0.69889253,0.2973006,-0.0031847423,0.0015481949,-0.0039588395,-2.483396,0.46044922,0.5395508,0.122680664,0.7318276762962341
9953280,2089.606129233636,7.0,191.91602,500.0,223.92949,-1.0,0.41516113,1.0,0.69990903,0.29612738,-0.00469587,0.0021077592,-0.005749749,-2.1649725,0.4613037,0.5386963,0.123535156,0.7324110269546509
9961472,2087.9995425325887,7.0,192.26123,500.0,224.04471,-1.0,0.4144287,1.0,0.69981986,0.29561844,-0.0072576674,0.0003844096,-0.007449873,-2.8768675,0.46203613,0.53796387,0.123535156,0.7323610186576843
9969664,2076.552884360567,7.0,192.41614,500.0,224.07742,-1.0,0.414917,1.0,0.699356,0.2959335,-0.006563921,0.0010871404,-0.0071074916,-2.4270568,0.46191406,0.53808594,0.123168945,0.7322580814361572
9977856,2090.330993779271,7.0,192.56616,500.0,224.14444,-1.0,0.41467285,1.0,0.6993262,0.29582673,-0.0013544067,0.0012499918,-0.0019794027,-2.4635937,0.4621582,0.5378418,0.123168945,0.7323529124259949
9986048,2081.5033735029388,7.0,192.39307,500.0,224.09416,-1.0,0.41479492,1.0,0.69951564,0.29596347,-0.0042175357,0.001313655,-0.004874363,-2.60431,0.46191406,0.53808594,0.123291016,0.7327439188957214
9994240,2083.4343195058173,7.0,192.41602,500.0,224.10669,-1.0,0.41430664,1.0,0.6998049,0.29558685,-0.0058577647,0.0028025326,-0.0072590313,-2.073913,0.4621582,0.5378418,0.123535156,0.7331669926643372
