timestep,fps,ep_len_min,ep_len_mean,ep_len_max,ep_len_std,return_min,return_mean,return_max,return_std,disc_return_mean,total_loss,value_loss,actor_loss,entropy,prob_fail,prob_success
8192,258.79318972250604,6.0,139.57895,500.0,119.63027,-1.0,-0.31578946,1.0,0.92067665,-0.1547473,0.007930236,0.024511758,-0.0043256427,2.1776726,0.68421054,0.31578946
16384,6655.751558040784,6.0,142.85858,500.0,131.29988,-1.0,-0.35353535,1.0,0.9024448,-0.16674127,0.009182714,0.026977502,-0.0043060365,2.17839,0.7070707,0.2929293
24576,6657.088801125901,6.0,155.91176,500.0,140.59137,-1.0,-0.34558824,1.0,0.9024369,-0.13931546,0.00151192,0.013671696,-0.0053239283,2.1802678,0.7058824,0.29411766
32768,6651.986438052904,6.0,180.1132,500.0,161.03563,-1.0,-0.3081761,1.0,0.88274646,-0.10819193,-0.0032160168,0.004717122,-0.005574578,2.1865788,0.7169811,0.28301886
40960,6666.725851706907,4.0,192.7766,500.0,172.58464,-1.0,-0.27659574,1.0,0.86791825,-0.09086239,-0.0015777857,0.0067084827,-0.0049320273,2.1804616,0.7234042,0.27659574
49152,6670.622936867005,4.0,212.45755,500.0,183.97319,-1.0,-0.24528302,1.0,0.8446426,-0.08323185,0.0013728606,0.004069395,-0.00066183676,2.1686625,0.7358491,0.26415095
57344,6659.572572353144,4.0,226.34335,500.0,190.46251,-1.0,-0.2274678,1.0,0.8259322,-0.079561695,-0.0030043186,0.0033948757,-0.004701756,2.1684883,0.7467811,0.2532189
65536,6659.593224451903,4.0,236.68217,500.0,196.38354,-1.0,-0.18604651,1.0,0.81428564,-0.058473688,-0.0004955442,0.0032544534,-0.0021227708,2.1728437,0.74418604,0.25581396
73728,6662.44185937836,4.0,247.7,500.0,200.45195,-1.0,-0.16428572,1.0,0.7983082,-0.04640981,-0.0016355598,0.0022829762,-0.002777048,2.1741822,0.75,0.25
81920,6648.022337215568,4.0,258.14667,500.0,203.63814,-1.0,-0.14666666,1.0,0.7821906,-0.037500948,-0.0021487335,0.0013982139,-0.00284784,2.171234,0.75666666,0.24333334
90112,6665.100285305709,4.0,268.77814,500.0,205.9027,-1.0,-0.134375,1.0,0.76489764,-0.03311506,-0.0023317765,0.0012189543,-0.0029412536,2.168662,0.765625,0.234375
98304,6705.4971186243865,4.0,274.74417,500.0,207.41948,-1.0,-0.13081396,1.0,0.75312024,-0.035747923,0.001514546,0.005324101,-0.0011475042,2.1684597,0.7732558,0.22674419
106496,6672.788945613637,4.0,282.86227,500.0,208.23167,-1.0,-0.11570248,1.0,0.74067295,-0.028516993,-0.0023981566,0.00092976284,-0.0028630379,2.162355,0.7768595,0.2231405
114688,6674.770935308428,4.0,288.03116,500.0,208.851,-1.0,-0.1064935,1.0,0.73260576,-0.024846159,-0.0038764821,0.0027674863,-0.0052602254,2.1581452,0.77922076,0.22077923
122880,6705.888417538803,4.0,294.3111,500.0,208.94475,-1.0,-0.09135803,1.0,0.722854,-0.01864282,-0.001412075,0.0010727631,-0.0019484565,2.1532416,0.7802469,0.21975309
131072,6677.109615033328,4.0,299.82312,500.0,208.72948,-1.0,-0.08254717,1.0,0.71392953,-0.0138642,-0.0020315475,0.0016293628,-0.002846229,2.1472645,0.7830189,0.21698113
139264,6702.905752838027,4.0,305.7828,500.0,208.71976,-1.0,-0.07239819,1.0,0.7049971,-0.009457243,-0.0017313738,0.0012727949,-0.0023677712,2.1438456,0.78506786,0.21493213
147456,6686.380554082547,4.0,309.53995,500.0,209.01508,-1.0,-0.058315333,1.0,0.6977679,-0.0010757406,-0.0025526015,0.000665971,-0.002885587,2.134071,0.78401726,0.21598272
155648,6671.598244012651,4.0,316.28543,500.0,208.27695,-1.0,-0.05625,1.0,0.68538505,-0.0010376413,-0.0030016564,0.0003761818,-0.003189747,2.129137,0.7916667,0.20833333
163840,6676.816379544535,4.0,320.662,500.0,208.04262,-1.0,-0.05,1.0,0.6778643,0.0041069067,-0.0050328653,0.0014335008,-0.005749615,2.1251202,0.794,0.206
172032,6668.680943497443,4.0,323.85742,500.0,207.77586,-1.0,-0.05202312,1.0,0.6708856,0.0024039024,-0.0020068742,0.002420725,-0.0032172366,2.1236992,0.79961467,0.20038536
180224,6706.121386405519,4.0,327.3562,500.0,207.2525,-1.0,-0.050092764,1.0,0.66400635,0.0029174455,-0.0038109021,0.0017217688,-0.004671787,2.120532,0.80333954,0.19666049
188416,6703.827740751876,4.0,332.2316,500.0,206.24702,-1.0,-0.0502693,1.0,0.6544866,0.00221066,-0.0030433538,0.001016398,-0.0035515525,2.113476,0.80969477,0.1903052
196608,6674.739815844935,4.0,335.25174,500.0,205.97061,-1.0,-0.043402776,1.0,0.64806724,0.006559415,-0.005043964,0.0010524931,-0.0055702105,2.111744,0.8107639,0.1892361
204800,6680.384962642249,4.0,338.07407,500.0,205.41425,-1.0,-0.04040404,1.0,0.6422686,0.006450104,-0.0042243144,0.0012167052,-0.0048326673,2.1114674,0.81313133,0.18686868
212992,6707.567987946588,4.0,342.32132,500.0,204.34764,-1.0,-0.039344262,1.0,0.6338223,0.0062809195,-0.0039988654,0.00021980391,-0.004108767,2.1073282,0.8180328,0.18196721
221184,6659.810079222494,4.0,344.49445,500.0,204.23654,-1.0,-0.034865294,1.0,0.62847507,0.008714853,-0.0012258303,0.001260044,-0.0018558523,2.1018023,0.8193344,0.18066561
229376,6710.207515723995,4.0,347.42065,500.0,203.49883,-1.0,-0.03081664,1.0,0.6223665,0.0103945825,-0.0020693084,0.0007061404,-0.0024223789,2.0923047,0.8212635,0.17873652
237568,6711.560177720967,4.0,350.6216,500.0,202.60185,-1.0,-0.028528528,1.0,0.6156834,0.011164468,-0.0021795358,0.00020214196,-0.002280607,2.0822852,0.8243243,0.17567568
245760,6667.185085261451,4.0,352.76642,500.0,202.09584,-1.0,-0.023357663,1.0,0.61088216,0.01384617,-0.002399999,0.0005117856,-0.0026558917,2.0724883,0.82481754,0.17518248
253952,6712.957976875677,4.0,354.7088,500.0,201.72252,-1.0,-0.021306818,1.0,0.60617137,0.014415815,-0.0030878368,0.00093360466,-0.0035546394,2.0633645,0.82670456,0.17329545
262144,6700.7214578977555,4.0,355.5793,500.0,201.91577,-1.0,-0.016551724,1.0,0.6032114,0.017842207,-0.0024310704,0.0012314995,-0.0030468202,2.0661802,0.8262069,0.1737931
270336,6670.4299815979375,4.0,358.18927,500.0,201.15164,-1.0,-0.013422819,1.0,0.59738326,0.01946001,-0.0022625609,0.0008552056,-0.0026901634,2.0720515,0.82818794,0.17181209
278528,6714.711949757313,4.0,359.08487,500.0,201.09656,-1.0,-0.011749348,1.0,0.594683,0.020448714,-0.0040453803,0.002083778,-0.0050872695,2.0751963,0.8289817,0.17101827
286720,6677.934964658762,4.0,360.6586,500.0,200.76022,-1.0,-0.010191083,1.0,0.590712,0.021238705,-0.00083855103,0.0011898171,-0.0014334596,2.0801363,0.83057326,0.16942675
294912,6668.60328728158,4.0,360.6547,500.0,201.17905,-1.0,-0.006188119,1.0,0.58968973,0.023279374,-0.005250674,0.0021639783,-0.006332664,2.08164,0.8292079,0.17079207
303104,6698.017572098294,4.0,362.5,500.0,200.6611,-1.0,-0.0036319613,1.0,0.585322,0.02502935,-0.003719188,0.00063745707,-0.0040379167,2.0774434,0.8305085,0.16949153
311296,6664.654266099792,4.0,363.71243,500.0,200.21605,-1.0,0.001183432,1.0,0.5827894,0.02720207,-0.003098342,0.0008602911,-0.0035284874,2.0711906,0.8295858,0.1704142
319488,6706.514067196035,4.0,365.42758,500.0,199.68983,-1.0,0.0034762456,1.0,0.5786763,0.028678624,-0.005175596,0.00032545484,-0.005338324,2.062014,0.8308227,0.1691773
327680,6666.015781272311,4.0,364.66968,500.0,200.62022,-1.0,0.00789177,1.0,0.5785968,0.032076344,-0.003063328,0.0015080484,-0.0038173525,2.061775,0.8286359,0.17136414
335872,6708.759775563332,4.0,364.06705,500.0,201.17558,-1.0,0.012087912,1.0,0.57880807,0.03436024,-0.0035160002,0.002095529,-0.0045637647,2.058251,0.82637364,0.17362638
344064,6673.261975498687,4.0,365.55698,500.0,200.61894,-1.0,0.015053763,1.0,0.57528794,0.035605915,-0.0030869625,0.0005119286,-0.003342927,2.0498054,0.8268817,0.17311828
352256,6658.040801931854,4.0,367.83087,500.0,199.66916,-1.0,0.014799154,1.0,0.5704054,0.035003703,-0.003593474,0.0002102034,-0.0036985755,2.0517075,0.8298097,0.17019027
360448,6676.411601189016,4.0,367.7031,500.0,200.00206,-1.0,0.016494846,1.0,0.5705271,0.037056245,-0.002756182,0.00260059,-0.004056478,2.0525503,0.828866,0.17113402
368640,6665.746795916403,4.0,366.6167,500.0,200.87314,-1.0,0.02112676,1.0,0.57141525,0.040172853,-0.0047379863,0.0021740338,-0.005825003,2.0485399,0.82595575,0.17404427
376832,6687.22251376866,4.0,368.29883,500.0,200.26366,-1.0,0.020710059,1.0,0.56750005,0.03929774,-0.004284482,0.0016759872,-0.0051224753,2.0453455,0.82840234,0.17159763
385024,6663.754652493992,4.0,368.72903,500.0,200.17967,-1.0,0.022179363,1.0,0.5662391,0.040778216,-0.0027572506,0.001541523,-0.0035280122,2.0424562,0.828351,0.171649
393216,6679.648605816859,4.0,370.05023,500.0,199.71063,-1.0,0.023696683,1.0,0.56300443,0.04172131,-0.005515429,0.00013109247,-0.0055809747,2.0381687,0.8293839,0.17061612
401408,6663.20543889255,4.0,371.43057,500.0,199.0967,-1.0,0.025163094,1.0,0.5598567,0.04214124,-0.002085536,0.00049435557,-0.0023327137,2.034074,0.8303821,0.16961789
409600,6679.883650938039,4.0,372.68286,500.0,198.60793,-1.0,0.022914758,1.0,0.55695516,0.040019434,-0.002624846,0.0010073992,-0.0031285458,2.0304494,0.83318055,0.16681944
417792,6667.583570141728,4.0,373.91434,500.0,198.09303,-1.0,0.024346258,1.0,0.55397785,0.040640116,-0.0021390496,0.00056279753,-0.0024204482,2.0209796,0.83408475,0.16591524
425984,6674.143415536382,4.0,373.77344,500.0,198.35692,-1.0,0.025663717,1.0,0.5535531,0.041582678,-0.0029781912,0.00161664,-0.0037865117,2.006288,0.8336283,0.16637169
434176,6667.601684222619,4.0,375.23627,500.0,197.69743,-1.0,0.026155187,1.0,0.5501964,0.04160482,-0.0036318984,0.0003078183,-0.0037858072,2.0014088,0.8352223,0.16477768
442368,6663.9330048534985,4.0,376.06262,500.0,197.39702,-1.0,0.02658662,1.0,0.5480167,0.04174258,-0.0036236262,0.00070758985,-0.0039774207,1.9991031,0.83619213,0.16380788
450560,6665.992502835396,4.0,375.05872,500.0,197.99992,-1.0,0.031040268,1.0,0.54944414,0.04372464,-0.0016245635,0.003114396,-0.0031817618,1.9966881,0.8330537,0.1669463
458752,6658.9943655873885,4.0,375.85052,500.0,197.72148,-1.0,0.031379025,1.0,0.5473513,0.043583084,-0.005972491,0.0012497329,-0.006597358,1.9837815,0.83402145,0.16597854
466944,6691.4315854334445,4.0,376.93652,500.0,197.21432,-1.0,0.030919448,1.0,0.54483676,0.04294476,-0.0028289724,0.00057501096,-0.0031164777,1.9696559,0.8356387,0.16436127
475136,6665.698949834025,4.0,377.28745,500.0,197.17995,-1.0,0.034427542,1.0,0.54392314,0.045126863,-0.003774236,0.00051000644,-0.004029239,1.9684066,0.83426744,0.16573259
483328,6669.427829777669,4.0,377.77148,500.0,197.02007,-1.0,0.037037037,1.0,0.54234356,0.046597473,-0.0027428486,0.0011734971,-0.0033295972,1.974017,0.83372736,0.16627266
491520,6668.724949489264,4.0,378.5093,500.0,196.70787,-1.0,0.03726708,1.0,0.540453,0.04692362,-0.0026033516,0.0006659292,-0.002936316,1.9764438,0.83462733,0.16537267
499712,6662.417314040356,4.0,379.451,500.0,196.30592,-1.0,0.036753446,1.0,0.53815794,0.04642126,-0.0052689603,0.000632279,-0.0055850996,1.9815391,0.8361409,0.16385911
507904,6697.928785815721,4.0,380.2519,500.0,195.92766,-1.0,0.03846154,1.0,0.5360591,0.04716934,-0.002460701,0.00096066104,-0.0029410315,1.9800308,0.8363499,0.16365008
516096,6658.076926564883,4.0,380.05124,500.0,196.15955,-1.0,0.039346695,1.0,0.53594935,0.047343504,-0.0033331364,0.0020919417,-0.004379107,1.9693816,0.8359317,0.1640683
524288,6684.793509708686,4.0,380.22443,500.0,196.14775,-1.0,0.040935673,1.0,0.5351037,0.04783813,-0.0071217986,0.0010987973,-0.007671197,1.9656292,0.8355263,0.16447368
532480,6666.357217026891,4.0,380.56772,500.0,196.10983,-1.0,0.043227665,1.0,0.5337367,0.04955598,-0.0030997645,0.0004980131,-0.003348771,1.9601513,0.8350144,0.1649856
540672,6667.0828841523435,4.0,381.66974,500.0,195.57227,-1.0,0.04341637,1.0,0.53113157,0.049556326,-0.003684619,0.0006334328,-0.0040013352,1.9551237,0.83629894,0.16370107
548864,6693.3307868872835,4.0,382.66736,500.0,195.10008,-1.0,0.044210527,1.0,0.5286293,0.04995282,-0.0011295215,0.00036896343,-0.001314003,1.9492302,0.837193,0.16280702
557056,6656.616771624773,4.0,383.33148,500.0,194.79807,-1.0,0.044290658,1.0,0.5268995,0.049868025,-0.0020206452,0.0010302197,-0.0025357553,1.9486938,0.8380623,0.16193771
565248,6663.776622921238,4.0,384.60916,500.0,194.10863,-1.0,0.043805614,1.0,0.5240267,0.0493219,-0.002049488,0.00015602114,-0.0021274986,1.9551837,0.8398357,0.16016427
573440,6668.70165212713,4.0,385.15472,500.0,193.85863,-1.0,0.04391892,1.0,0.5225621,0.04918708,-0.0022042408,0.001005028,-0.0027067547,1.9586095,0.8405405,0.15945946
581632,6657.922109469009,4.0,385.66846,500.0,193.64769,-1.0,0.045363575,1.0,0.5210161,0.050094828,-0.003534567,0.0002862282,-0.0036776813,1.953359,0.8405604,0.15943962
589824,6670.982977214809,4.0,386.07574,500.0,193.45195,-1.0,0.04611331,1.0,0.52019304,0.04997168,-0.0038361957,0.00075597304,-0.004214182,1.9555316,0.8405797,0.1594203
598016,6671.254975908742,4.0,385.85388,500.0,193.68755,-1.0,0.047402598,1.0,0.52070105,0.05118213,-0.0031028886,0.0019042441,-0.0040550106,1.9586344,0.8396104,0.16038962
606208,6661.3116695592025,4.0,386.15823,500.0,193.64,-1.0,0.048046123,1.0,0.51957,0.051795203,-0.001578062,0.0010514874,-0.0021038058,1.9608285,0.83984625,0.16015375
614400,6674.953768016781,4.0,386.88663,500.0,193.24208,-1.0,0.047498416,1.0,0.5178496,0.05120088,-0.004170325,0.0010851074,-0.0047128787,1.9662702,0.84103864,0.15896137
622592,6671.142288044488,4.0,386.67395,500.0,193.49364,-1.0,0.05059338,1.0,0.51758695,0.053386785,-0.0031741103,0.0011961444,-0.0037721829,1.9616228,0.83947533,0.16052467
630784,6655.797972135704,4.0,387.10556,500.0,193.34618,-1.0,0.050617285,1.0,0.5163078,0.053261057,-0.0022650422,0.00067407184,-0.002602078,1.9486023,0.8401235,0.15987654
638976,6672.309504307324,4.0,387.75092,500.0,193.04764,-1.0,0.051282052,1.0,0.51455754,0.053764615,-0.004928405,0.00016003656,-0.0050084237,1.944744,0.8406593,0.15934066
647168,6672.062035891539,4.0,388.38284,500.0,192.75206,-1.0,0.05193237,1.0,0.51283866,0.054255113,-0.0034577115,0.00030459382,-0.0036100086,1.9398787,0.8411836,0.15881643
655360,6665.414473797796,4.0,388.889,500.0,192.49713,-1.0,0.05190931,1.0,0.51149315,0.054039184,-0.0029302803,0.0009481427,-0.0034043519,1.9385369,0.84188545,0.15811455
663552,6656.023605430396,4.0,388.1847,500.0,192.87256,-1.0,0.056470588,1.0,0.5125363,0.056346804,-0.0043062046,0.001515683,-0.005064046,1.931352,0.83882356,0.16117647
671744,6666.595208086277,4.0,388.56894,500.0,192.7483,-1.0,0.057591625,1.0,0.51124555,0.0572891,-0.0022018747,0.00024200918,-0.0023228792,1.9209625,0.8388598,0.1611402
679936,6683.944360213654,4.0,388.5876,500.0,192.87965,-1.0,0.05858702,1.0,0.5106697,0.058325883,-0.0061527505,0.00071989815,-0.0065127,1.9090697,0.8385985,0.1614015
688128,6673.47453679111,4.0,389.38397,500.0,192.45364,-1.0,0.058589306,1.0,0.50872105,0.058302823,-0.002636199,0.00015058069,-0.002711489,1.9065849,0.83959043,0.16040955
696320,6668.273268540357,4.0,389.57648,500.0,192.40538,-1.0,0.06017998,1.0,0.5078466,0.05933761,-0.0028511516,0.0005588499,-0.0031305766,1.9084647,0.8391451,0.16085489
704512,6673.694889010131,4.0,389.7653,500.0,192.35533,-1.0,0.059510566,1.0,0.50725126,0.058983393,-0.0023749368,0.0014141342,-0.003082004,1.9008107,0.83982205,0.16017798
712704,6684.692068560249,3.0,389.4879,500.0,192.69547,-1.0,0.062087912,1.0,0.50708395,0.061240327,-0.0020379047,0.000685242,-0.0023805257,1.8978149,0.8384615,0.16153847
720896,6675.775990649179,3.0,389.9217,500.0,192.42049,-1.0,0.06307776,1.0,0.5059101,0.06148141,-0.0032096335,0.0007430715,-0.0035811693,1.8892146,0.8384992,0.16150081
729088,6671.948025206796,3.0,390.5479,500.0,192.07486,-1.0,0.06350915,1.0,0.50429046,0.061625253,-0.0035135937,0.00038009154,-0.0037036394,1.8795867,0.83907425,0.16092573
737280,6667.117813292891,3.0,390.9057,500.0,191.90868,-1.0,0.06446457,1.0,0.5031598,0.062212218,-0.0033536977,0.00019482522,-0.0034511103,1.8716996,0.83910495,0.16089505
745472,6693.23299796786,3.0,391.0564,500.0,191.89072,-1.0,0.06483922,1.0,0.5025107,0.0623951,-0.002568326,0.001062619,-0.0030996355,1.8626287,0.8392198,0.16078018
753664,6670.49473044376,3.0,390.98434,500.0,192.06006,-1.0,0.06465068,1.0,0.50233203,0.06206984,-0.005047147,0.00096916175,-0.0055317283,1.8580049,0.8394161,0.16058394
761856,6677.7299059241395,3.0,391.10422,500.0,192.09253,-1.0,0.066047475,1.0,0.5015692,0.063265525,-0.0024000655,0.00023765663,-0.002518894,1.855586,0.8390093,0.16099072
770048,6673.045539804165,3.0,391.2288,500.0,192.11064,-1.0,0.06639428,1.0,0.5009535,0.06347477,-0.0038288846,0.0005628531,-0.004110311,1.8595794,0.8391216,0.16087845
778240,6669.769615163398,3.0,391.91644,500.0,191.7242,-1.0,0.066329114,1.0,0.4992708,0.06339561,-0.00021595162,0.00055250624,-0.00049220497,1.8640761,0.84,0.16
786432,6662.065947974996,3.0,392.21213,500.0,191.62146,-1.0,0.06720161,1.0,0.4982391,0.064141326,-0.0037109293,0.00038110046,-0.0039014793,1.8675761,0.84002006,0.15997994
794624,6679.983647524363,3.0,392.90103,500.0,191.20032,-1.0,0.06713078,1.0,0.49660078,0.06389396,-0.0065466543,0.00025502316,-0.006674165,1.8618529,0.8408752,0.1591248
802816,6676.6710688467965,3.0,393.55524,500.0,190.82713,-1.0,0.06706114,1.0,0.49498457,0.063827306,-0.0032278537,0.00015301291,-0.0033043602,1.8463554,0.841716,0.15828402
811008,6674.205643631612,3.0,394.2044,500.0,190.44547,-1.0,0.06601467,1.0,0.49352184,0.06288451,-0.002773547,0.00053904584,-0.0030430704,1.8369207,0.84303176,0.15696822
819200,6670.4273916702505,3.0,394.12296,500.0,190.5868,-1.0,0.06582769,1.0,0.49344563,0.062531054,-0.0035449006,0.0011676954,-0.004128748,1.8462104,0.84317523,0.15682478
827392,6674.081188601531,3.0,394.58398,500.0,190.32806,-1.0,0.065259114,1.0,0.4923234,0.06212846,-0.0040744585,0.00069576973,-0.0044223433,1.8486949,0.84404993,0.1559501
835584,6670.339335325521,3.0,394.19543,500.0,190.69452,-1.0,0.06499051,1.0,0.49287927,0.062056612,-0.006316795,0.0015453843,-0.0070894877,1.845685,0.8439279,0.15607211
843776,6673.233462209032,3.0,394.46027,500.0,190.58807,-1.0,0.06488011,1.0,0.49208426,0.061998922,-0.0058874656,0.0006622308,-0.0062185815,1.8499676,0.84438175,0.15561824
851968,6669.533986639479,3.0,394.58707,500.0,190.59529,-1.0,0.06610801,1.0,0.49136522,0.063034415,-0.004546125,0.0002594226,-0.0046758363,1.8505518,0.844041,0.15595903
860160,6673.026100159466,3.0,395.4148,500.0,190.07338,-1.0,0.065588914,1.0,0.48946705,0.06253945,-0.0023514617,0.00014119662,-0.00242206,1.8472884,0.84526557,0.15473442
868352,6682.258404277767,3.0,396.01236,500.0,189.70715,-1.0,0.06553621,1.0,0.4879991,0.062408686,-0.0043523274,9.97867e-05,-0.0044022207,1.8477068,0.84601283,0.15398717
876544,6675.30260430094,3.0,396.29156,500.0,189.59587,-1.0,0.06630336,1.0,0.4870343,0.06306592,-0.0050174585,0.0004198145,-0.005227366,1.8459084,0.8460491,0.15395096
884736,6680.056374194878,3.0,395.43582,500.0,190.26826,-1.0,0.06732496,1.0,0.48860502,0.06435934,-0.0047590323,0.0025648687,-0.0060414663,1.8442059,0.8447038,0.15529624
892928,6679.413577236168,3.0,395.84283,500.0,190.04684,-1.0,0.066785395,1.0,0.48759416,0.06384355,-0.0055478,0.0010094349,-0.0060525183,1.8440549,0.8455031,0.15449688
901120,6669.971595721324,3.0,396.09317,500.0,189.9207,-1.0,0.06666667,1.0,0.48688465,0.06382649,-0.0049998336,0.00072402455,-0.0053618453,1.8403242,0.8459161,0.15408388
909312,6671.587880684849,3.0,395.65298,500.0,190.33612,-1.0,0.06818182,1.0,0.4873234,0.06513182,-0.0024336274,0.0014498014,-0.0031585284,1.8380466,0.8448427,0.15515734
917504,6673.298265492474,3.0,394.7719,500.0,191.08337,-1.0,0.0699784,1.0,0.4886016,0.066692345,-0.003156499,0.0018764763,-0.004094737,1.8354342,0.8431966,0.15680346
925696,6671.955798538799,3.0,395.00385,500.0,190.99205,-1.0,0.07069409,1.0,0.48778367,0.067282975,-0.003940108,0.00036634345,-0.00412328,1.8335847,0.8431877,0.15681234
933888,6671.616379913777,3.0,394.9138,500.0,191.1332,-1.0,0.07133758,1.0,0.4876458,0.06771953,-0.00495382,0.0010628533,-0.0054852464,1.8282468,0.84288746,0.15711252
942080,6668.627878220922,3.0,394.49496,500.0,191.52928,-1.0,0.073591255,1.0,0.48792034,0.06969497,-0.00529886,0.00028025743,-0.005438988,1.8230822,0.8414634,0.15853658
950272,6675.865487669275,3.0,394.5617,500.0,191.56003,-1.0,0.07381151,1.0,0.48751524,0.06992025,-0.0015617455,0.0013675839,-0.0022455372,1.825295,0.8415346,0.15846539
958464,6675.1054878682535,3.0,394.34918,500.0,191.75287,-1.0,0.07396694,1.0,0.4877677,0.07002306,-0.00020855038,0.002182277,-0.0012996888,1.8343936,0.8413223,0.15867768
966656,6666.875904163123,3.0,393.67117,500.0,192.29065,-1.0,0.076891616,1.0,0.48853704,0.0722961,-0.0026287835,0.00088046363,-0.003069015,1.8347757,0.8392638,0.1607362
974848,6670.291423291064,3.0,393.93875,500.0,192.17656,-1.0,0.07748479,1.0,0.48765716,0.072810784,-0.0039925775,0.000101567566,-0.004043361,1.8231612,0.83935094,0.16064909
983040,6675.691684057079,3.0,394.3756,500.0,191.91238,-1.0,0.07769726,1.0,0.48653546,0.07284411,-0.0043288046,0.00015611736,-0.0044068634,1.8184304,0.83977455,0.16022544
991232,6666.270561459079,3.0,393.85925,500.0,192.33618,-1.0,0.08014354,1.0,0.48702917,0.0747608,-0.0023733936,0.00036296487,-0.0025548758,1.8169391,0.838118,0.16188198
999424,6673.531567734433,3.0,392.3257,500.0,193.47227,-1.0,0.08270973,1.0,0.48960483,0.07675777,-0.00072601996,0.0045758095,-0.0030139247,1.8200227,0.8353683,0.16463174
1007616,6681.277379737064,3.0,391.5649,500.0,194.0408,-1.0,0.084990256,1.0,0.4906423,0.078764826,-0.003891253,0.0015698862,-0.004676196,1.8255076,0.8335283,0.16647173
1015808,6675.855111080197,3.0,391.56165,500.0,194.09818,-1.0,0.08465404,1.0,0.49052122,0.078459576,-0.002548961,0.0019612738,-0.003529598,1.8263701,0.8337843,0.16621569
1024000,6651.759790657691,3.0,390.0409,500.0,195.21404,-1.0,0.08865113,1.0,0.49275723,0.08182803,-0.0037858617,0.001786447,-0.004679085,1.8280807,0.8303401,0.16965991
1032192,6666.464569585828,3.0,389.59296,500.0,195.56467,-1.0,0.09087467,1.0,0.49311432,0.08355184,-0.004856381,0.0004970422,-0.0051049027,1.8239301,0.8288527,0.17114729
1040384,6669.470551035231,3.0,389.55298,500.0,195.65465,-1.0,0.09203606,1.0,0.4927922,0.08452835,-0.0012907685,0.00045438352,-0.0015179603,1.8309855,0.82832456,0.17167543
1048576,6668.548929006584,3.0,388.96835,500.0,196.10768,-1.0,0.09304056,1.0,0.49362886,0.08535914,-0.002937717,0.0016031307,-0.0037392823,1.843447,0.8273167,0.17268328
1056768,6671.61249364095,3.0,388.6775,500.0,196.34584,-1.0,0.091881916,1.0,0.49429265,0.08441263,-0.0033988582,0.0023105342,-0.0045541255,1.8545351,0.8276753,0.17232472
1064960,6676.955209065493,3.0,388.63895,500.0,196.43959,-1.0,0.09154156,1.0,0.49424168,0.08418054,-0.005155606,0.0010309434,-0.0056710783,1.8595421,0.82790184,0.17209813
1073152,6673.096083410452,3.0,388.4653,500.0,196.62492,-1.0,0.09081002,1.0,0.4945388,0.08350127,-0.003927772,0.0014063462,-0.0046309456,1.8600438,0.8281874,0.17181256
1081344,6678.00245509806,3.0,387.91974,500.0,197.02942,-1.0,0.08963283,1.0,0.4957274,0.08243443,-0.0014541227,0.0042597894,-0.0035840177,1.8613095,0.82829374,0.17170626
1089536,6682.487134850156,3.0,387.76892,500.0,197.17963,-1.0,0.08964286,1.0,0.49587572,0.08245694,0.0006039785,0.0026081007,-0.0007000715,1.8551799,0.8282143,0.17178571
1097728,6670.700640128103,3.0,387.51877,500.0,197.4107,-1.0,0.08923513,1.0,0.49627247,0.08208195,-0.004808031,0.0021503812,-0.005883222,1.8444963,0.8282578,0.17174222
1105920,6658.744012559464,3.0,387.77206,500.0,197.27802,-1.0,0.089693986,1.0,0.49554047,0.082351446,-0.0036568502,0.0006429638,-0.0039783325,1.8334938,0.8283503,0.17164966
1114112,6666.822867609394,3.0,387.91656,500.0,197.23828,-1.0,0.090432964,1.0,0.49493873,0.082974456,-0.0065038125,0.00067628216,-0.006841954,1.8210151,0.82821226,0.17178771
1122304,6678.574880786725,3.0,388.1547,500.0,197.124,-1.0,0.09018384,1.0,0.4943497,0.082694404,-0.0007329789,0.0012337867,-0.0013498722,1.8211131,0.8286507,0.17134929
1130496,6676.324684033145,3.0,388.06815,500.0,197.20583,-1.0,0.08947006,1.0,0.49454623,0.0821692,-0.004110024,0.0019559858,-0.0050880164,1.8268682,0.82897455,0.17102547
1138688,6665.582570338824,3.0,387.29288,500.0,197.7687,-1.0,0.09035118,1.0,0.4958254,0.082977824,-0.0038400255,0.0027387606,-0.0052094054,1.8264118,0.8278213,0.17217866
1146880,6662.284255618824,3.0,386.87347,500.0,198.08351,-1.0,0.09032476,1.0,0.4965658,0.08315232,-0.0046791406,0.0016045892,-0.005481435,1.8245375,0.8274695,0.17253044
1155072,6675.392088628744,3.0,386.64764,500.0,198.28648,-1.0,0.09060403,1.0,0.4968143,0.08333547,-0.0032068812,0.0021158953,-0.0042648287,1.8181313,0.8271812,0.1728188
1163264,6670.993338663438,3.0,385.84998,500.0,198.86989,-1.0,0.09281437,1.0,0.49786794,0.08524309,-0.0032602288,0.0018897074,-0.004205083,1.812243,0.82534933,0.1746507
1171456,6681.871157530201,3.0,385.19104,500.0,199.35211,-1.0,0.09336852,1.0,0.49895194,0.085779406,-0.0040736683,0.0017256606,-0.0049364986,1.806138,0.82448035,0.17551963
1179648,6666.725851706907,3.0,384.7481,500.0,199.6847,-1.0,0.09486425,1.0,0.49942368,0.087068,-0.003167416,0.002265659,-0.0043002455,1.8036472,0.8233562,0.17664377
1187840,6671.227775041225,3.0,384.33118,500.0,199.90392,-1.0,0.09536166,1.0,0.5003935,0.0874185,-0.0019890545,0.002558475,-0.003268292,1.8047614,0.8225754,0.17742458
1196032,6674.52198772508,3.0,384.09628,500.0,200.05925,-1.0,0.09565217,1.0,0.50075346,0.08767395,-0.0045033493,0.0019935744,-0.005500137,1.8119569,0.82222223,0.17777778
1204224,6651.350319184007,3.0,384.01505,500.0,200.12062,-1.0,0.096258394,1.0,0.50072736,0.08807416,-0.002318203,0.0014288758,-0.003032641,1.813868,0.821874,0.17812599
1212416,6660.543359478815,3.0,384.06192,500.0,200.13228,-1.0,0.09590346,1.0,0.5005672,0.087868996,-0.0053093843,0.0012775254,-0.005948147,1.8095853,0.8221658,0.17783423
1220608,6668.222797965672,3.0,382.6828,500.0,201.01402,-1.0,0.09713926,1.0,0.50305074,0.08874177,-0.0036015348,0.0038398504,-0.0055214595,1.8096144,0.8201823,0.17981766
1228800,6664.028647007633,3.0,382.24524,500.0,201.28682,-1.0,0.097971916,1.0,0.5037262,0.08950342,-0.00412143,0.0022216202,-0.00523224,1.8143998,0.81934476,0.18065523
1236992,6669.698406985922,3.0,382.49194,500.0,201.16907,-1.0,0.097084366,1.0,0.503281,0.08875985,-0.0014243434,0.0019274754,-0.002388081,1.8120682,0.82009923,0.17990075
1245184,6682.041384632199,3.0,382.0825,500.0,201.4421,-1.0,0.09849184,1.0,0.5037509,0.08983518,-0.004227634,0.0020877852,-0.005271526,1.8216338,0.8190212,0.18097876
1253376,6650.407953762668,3.0,382.13544,500.0,201.45349,-1.0,0.0975237,1.0,0.50369775,0.08902936,-0.0031148577,0.0021937161,-0.004211716,1.8248386,0.81962705,0.18037297
1261568,6658.909191825914,3.0,381.70145,500.0,201.77658,-1.0,0.09951457,1.0,0.5040369,0.09076363,-0.005346467,0.00061276066,-0.005652847,1.8124661,0.81826454,0.18173544
1269760,6675.21052872888,3.0,381.39096,500.0,202.01152,-1.0,0.10060241,1.0,0.50431836,0.09165228,-0.0033947364,0.0005184592,-0.003653966,1.7957493,0.8174699,0.18253012
1277952,6678.289304684887,3.0,381.40646,500.0,202.04834,-1.0,0.101466626,1.0,0.5039808,0.09241443,-0.0036657294,0.0007373745,-0.0040344168,1.7908787,0.8171206,0.18287937
1286144,6657.524778542611,3.0,380.33493,500.0,202.72519,-1.0,0.10204687,1.0,0.505941,0.092725635,-0.0012265269,0.0047786618,-0.003615858,1.7831328,0.81578165,0.18421833
1294336,6670.4299815979375,3.0,380.2597,500.0,202.77438,-1.0,0.10276796,1.0,0.505894,0.0932286,-0.0031506713,0.0014635844,-0.0038824638,1.779872,0.81537104,0.18462898
1302528,6647.069341300591,3.0,380.17642,500.0,202.86957,-1.0,0.102691635,1.0,0.50594914,0.09319054,-0.0025661192,0.0014523015,-0.00329227,1.7821821,0.8153891,0.18461089
1310720,6666.251161267466,3.0,378.87332,500.0,203.62723,-1.0,0.10521739,1.0,0.5081384,0.095219985,-0.0011460605,0.0028760773,-0.0025840995,1.7920555,0.8127536,0.18724638
1318912,6663.069764772066,3.0,378.93634,500.0,203.63759,-1.0,0.10541475,1.0,0.5078355,0.09542193,-0.005381566,0.0004088608,-0.005585997,1.8047141,0.812788,0.18721198
1327104,6660.218010987117,3.0,378.83566,500.0,203.73087,-1.0,0.105353564,1.0,0.5079471,0.09533335,-0.0049838223,0.0008842145,-0.0054259296,1.8156834,0.8127684,0.1872316
1335296,6665.11709299364,3.0,378.59723,500.0,203.91472,-1.0,0.105741896,1.0,0.50822234,0.09578817,-0.0032138778,0.000904472,-0.0036661136,1.8121626,0.8123934,0.18760659
1343488,6672.751365293,3.0,378.21844,500.0,204.18794,-1.0,0.106971495,1.0,0.5085933,0.09695198,-0.0031293551,0.0010324458,-0.003645578,1.8113194,0.81145924,0.18854079
1351680,6654.0797930170365,3.0,378.28668,500.0,204.18979,-1.0,0.10715287,1.0,0.5082952,0.09710422,-0.0033596558,0.00044550767,-0.0035824098,1.8100058,0.8115007,0.1884993
1359872,6672.431301786501,3.0,378.42398,500.0,204.14375,-1.0,0.107112974,1.0,0.50792015,0.09706348,-0.002874635,0.00035900966,-0.00305414,1.8068194,0.8117155,0.18828452
1368064,6660.224466005266,3.0,378.65955,500.0,204.03845,-1.0,0.10738069,1.0,0.5072842,0.09728991,-0.0016922865,0.00074980204,-0.0020671873,1.7932848,0.8118757,0.1881243
1376256,6657.535098226517,3.0,378.7242,500.0,204.04056,-1.0,0.10755654,1.0,0.5069982,0.09744017,-0.0037361248,0.00024426877,-0.0038582594,1.7859738,0.81191397,0.18808605
1384448,6654.454803687247,3.0,378.85873,500.0,203.99228,-1.0,0.10751508,1.0,0.5066356,0.097365655,-0.005375093,0.00030691113,-0.0055285487,1.7931442,0.8121229,0.18787712
1392640,6663.516864198005,3.0,378.79553,500.0,204.06252,-1.0,0.10796074,1.0,0.5065674,0.097828105,-0.004823018,0.0006703199,-0.005158177,1.7957274,0.8118866,0.1881134
1400832,6671.0438511864395,3.0,379.02985,500.0,203.94933,-1.0,0.10821807,1.0,0.50595075,0.09800035,-0.0039081597,0.0008362224,-0.004326271,1.7912772,0.8120423,0.18795769
1409024,6673.81932963344,3.0,378.24146,500.0,204.46635,-1.0,0.110363394,1.0,0.5069506,0.09989628,-0.0037802754,0.0007367953,-0.0041486733,1.7800835,0.8102288,0.1897712
1417216,6665.477832267677,3.0,377.8933,500.0,204.70534,-1.0,0.11149733,1.0,0.50730115,0.100837916,-0.003998067,0.0007361319,-0.004366133,1.7676876,0.8093583,0.19064172
1425408,6672.677501758485,3.0,378.0678,500.0,204.62636,-1.0,0.11193831,1.0,0.5067673,0.10114084,-0.003216577,0.000416189,-0.0034246717,1.7581265,0.8093592,0.19064079
1433600,6659.5209426666315,3.0,377.91147,500.0,204.75462,-1.0,0.11257928,1.0,0.5068352,0.101725675,-0.003244149,0.0013809146,-0.0039346064,1.7562971,0.80893236,0.19106765
1441792,6658.31045597178,3.0,378.13806,500.0,204.65152,-1.0,0.11227978,1.0,0.5063511,0.10153008,-0.0054637673,0.0006891796,-0.005808357,1.7581376,0.80936104,0.19063897
1449984,6662.290714642764,3.0,378.1781,500.0,204.65575,-1.0,0.111924686,1.0,0.5062621,0.10132789,-0.007149658,0.002372114,-0.008335715,1.7588427,0.8096234,0.19037656
1458176,6665.311033986555,3.0,378.33072,500.0,204.56042,-1.0,0.111891754,1.0,0.50598466,0.101083994,-0.005540765,0.0011585708,-0.0061200494,1.7603244,0.809784,0.19021598
1466368,6671.609902794913,3.0,378.36438,500.0,204.57207,-1.0,0.11154244,1.0,0.5058982,0.100800484,-0.0036070622,0.001248316,-0.00423122,1.7552662,0.8100414,0.18995859
1474560,6658.554324605057,3.0,377.7279,500.0,204.94531,-1.0,0.11099692,1.0,0.507409,0.10012463,-0.0032428189,0.0035335815,-0.0050096097,1.7615325,0.8096095,0.19039054
1482752,6673.779145174836,3.0,377.23245,500.0,205.24867,-1.0,0.11048737,1.0,0.5084534,0.09983109,-0.004439152,0.0031596164,-0.00601896,1.7726512,0.8093901,0.19060984
1490944,6671.470000097082,3.0,377.37903,500.0,205.17673,-1.0,0.11043412,1.0,0.50811166,0.0999019,-0.0046694316,0.00054729835,-0.004943081,1.7755785,0.80959636,0.19040366
1499136,6651.837055079992,3.0,376.95636,500.0,205.46484,-1.0,0.11172762,1.0,0.5085659,0.10106486,-0.0060223695,0.0013845308,-0.0067146355,1.7652242,0.80857503,0.19142497
1507328,6668.789665238184,3.0,376.74405,500.0,205.60587,-1.0,0.113060914,1.0,0.5086392,0.10212106,-0.0035345443,0.0008995859,-0.003984337,1.7520932,0.80772126,0.19227877
1515520,6663.180887927973,3.0,376.1008,500.0,205.98006,-1.0,0.114982575,1.0,0.50946194,0.10354139,-0.004774765,0.00217981,-0.00586467,1.7379019,0.8061224,0.19387755
1523712,6659.144070206054,3.0,376.33267,500.0,205.8625,-1.0,0.115184546,1.0,0.50888544,0.10362743,-0.0049764263,0.00031894504,-0.005135899,1.7225418,0.8062918,0.1937082
1531904,6657.883406319999,3.0,376.46686,500.0,205.80963,-1.0,0.11510969,1.0,0.50855243,0.103588805,-0.0062388713,0.00070126774,-0.006589505,1.7183619,0.8065073,0.19349273
1540096,6660.4245777741335,3.0,376.69012,500.0,205.7015,-1.0,0.11432777,1.0,0.5082063,0.10292579,-0.0050482457,0.000945002,-0.005520747,1.7183994,0.8071639,0.19283612
1548288,6674.978405814191,3.0,377.02637,500.0,205.531,-1.0,0.113797314,1.0,0.50756675,0.10246497,-0.004330398,0.00042127303,-0.0045410343,1.7248179,0.8078144,0.1921856
1556480,6660.80159519271,3.0,377.3314,500.0,205.37448,-1.0,0.113299295,1.0,0.50699043,0.10203059,-0.0039587053,0.0007443955,-0.004330903,1.7317407,0.8084124,0.19158764
1564672,6662.600762520685,3.0,377.54453,500.0,205.27405,-1.0,0.11302033,1.0,0.50654465,0.10180276,-0.0034353123,0.0008946007,-0.0038826126,1.7297311,0.8088093,0.1911907
1572864,6663.335949688715,3.0,377.57852,500.0,205.25218,-1.0,0.11319846,1.0,0.5064128,0.101803936,-0.0028015503,0.001427433,-0.0035152666,1.7249744,0.80876684,0.19123314
1581056,6671.760175191349,3.0,377.1244,500.0,205.55199,-1.0,0.11507177,1.0,0.5068078,0.10339846,-0.0041198973,0.0011801857,-0.0047099898,1.7218415,0.80741626,0.19258372
1589248,6661.764991072663,3.0,376.7318,500.0,205.81274,-1.0,0.11673799,1.0,0.5071251,0.10481992,-0.0049251094,0.0009880032,-0.0054191113,1.7239046,0.8062292,0.19377081
1597440,6662.144743758506,3.0,377.02438,500.0,205.66978,-1.0,0.116714016,1.0,0.50645924,0.104812786,-0.00525897,0.00016955035,-0.0053437455,1.7262018,0.80658144,0.19341856
1605632,6676.3623046138755,3.0,377.17337,500.0,205.61266,-1.0,0.11660777,1.0,0.5060946,0.104737535,-0.0012832402,0.00078708166,-0.0016767809,1.729906,0.80683154,0.19316843
1613824,6658.107890848055,3.0,377.2065,500.0,205.62347,-1.0,0.11673699,1.0,0.50591093,0.10486874,-0.005203544,0.00033718912,-0.005372138,1.7321665,0.80684483,0.19315518
1622016,6665.617483760679,3.0,377.24213,500.0,205.62929,-1.0,0.11733147,1.0,0.5056209,0.1053723,-0.0030298322,0.00031520688,-0.0031874357,1.7327209,0.80662465,0.19337532
1630208,6669.574119991909,3.0,377.20956,500.0,205.65973,-1.0,0.11766071,1.0,0.5055611,0.10553497,-0.004730756,0.0013365769,-0.0053990446,1.7229173,0.8064516,0.19354838
1638400,6675.529561980122,3.0,377.16556,500.0,205.7075,-1.0,0.117986605,1.0,0.5055016,0.10580618,-0.0014517285,0.0007055219,-0.0018044893,1.7204145,0.8062803,0.1937197
1646592,6670.260345582686,3.0,377.116,500.0,205.76529,-1.0,0.11876866,1.0,0.5053349,0.106487714,-0.004086361,0.00016715023,-0.004169936,1.7151555,0.805881,0.19411899
1654784,6664.468119218855,3.0,377.06424,500.0,205.82729,-1.0,0.11954286,1.0,0.5051685,0.107186094,-0.0046757963,0.00033434283,-0.0048429677,1.7047939,0.8054857,0.19451429
1662976,6666.985860682219,3.0,377.45663,500.0,205.62129,-1.0,0.11928067,1.0,0.5043622,0.106952764,-0.002160845,0.00029432387,-0.0023080069,1.7100008,0.80605507,0.19394492
1671168,6662.246793526946,3.0,377.4916,500.0,205.62407,-1.0,0.11984594,1.0,0.5040843,0.107417434,-0.0049280236,0.00011004525,-0.004983046,1.7189358,0.805845,0.19415496
1679360,6659.14923255434,3.0,377.38464,500.0,205.71988,-1.0,0.120775126,1.0,0.50398695,0.1082486,-0.00311886,0.0003164217,-0.0032770708,1.7171454,0.8053177,0.19468229
1687552,6656.762500365679,3.0,377.49844,500.0,205.67795,-1.0,0.12113055,1.0,0.50359625,0.108553596,-0.0025686417,0.00014304873,-0.0026401659,1.7172459,0.80529386,0.19470614
1695744,6672.4377805003705,3.0,377.5625,500.0,205.66132,-1.0,0.12165178,1.0,0.5032705,0.10895918,-0.0038933274,0.00015798071,-0.003972318,1.7096535,0.80513394,0.19486608
1703936,6665.62136305235,3.0,377.41537,500.0,205.76274,-1.0,0.12261217,1.0,0.50328064,0.10971725,-0.0036956028,0.00036901186,-0.0038801092,1.7017356,0.80453134,0.19546868
1712128,6671.177259732887,3.0,377.2688,500.0,205.8647,-1.0,0.123121135,1.0,0.5033973,0.110089965,-0.0058440818,0.0004953745,-0.006091769,1.6967676,0.8041556,0.19584438
1720320,6667.6599087206705,3.0,377.4209,500.0,205.78635,-1.0,0.123432346,1.0,0.5029625,0.11025604,-0.005250939,0.00013296533,-0.005317422,1.69204,0.80418044,0.19581959
1728512,6657.613786868319,3.0,377.5833,500.0,205.71994,-1.0,0.1237136,1.0,0.50247943,0.110516705,-0.0060601546,4.1740965e-05,-0.0060810256,1.6822351,0.80424786,0.19575213
1736704,6671.212231787947,3.0,377.79703,500.0,205.62038,-1.0,0.12382821,1.0,0.5019399,0.11062967,-0.0034080725,8.375441e-05,-0.0034499494,1.6772277,0.80444735,0.19555265
1744896,6665.383441517313,3.0,377.7431,500.0,205.68304,-1.0,0.12453894,1.0,0.5017899,0.111290544,-0.002869069,0.000114603354,-0.002926371,1.6766943,0.804079,0.19592102
1753088,6664.120414357836,3.0,377.69315,500.0,205.73878,-1.0,0.12524293,1.0,0.5016404,0.111910895,-0.005008007,3.9203678e-05,-0.0050276085,1.6798661,0.8037141,0.1962859
1761280,6677.0784737590375,3.0,377.9054,500.0,205.63692,-1.0,0.12491937,1.0,0.501218,0.11161691,-0.0043697,0.0014933465,-0.005116373,1.6858759,0.80412817,0.19587186
1769472,6664.805518097529,3.0,378.1677,500.0,205.50284,-1.0,0.124866135,1.0,0.5006321,0.11156442,-0.0040709083,9.742246e-05,-0.0041196197,1.6977246,0.8044549,0.19554508
1777664,6663.687449733479,3.0,378.29788,500.0,205.45042,-1.0,0.12515992,1.0,0.5002198,0.11182249,-0.0049978723,0.00022168714,-0.0051087155,1.7039196,0.80447763,0.19552238
1785856,6657.93630073639,3.0,378.24362,500.0,205.51088,-1.0,0.12542444,1.0,0.50018543,0.11206642,-0.0025275191,0.0018425244,-0.003448781,1.7039964,0.8043294,0.19567063
1794048,6665.451971522241,3.0,378.26855,500.0,205.5213,-1.0,0.12592436,1.0,0.49993643,0.11251406,-0.0028276676,0.00022074535,-0.0029380405,1.7084605,0.80414116,0.19585887
1802240,6670.02209277225,3.0,378.15222,500.0,205.60353,-1.0,0.12636669,1.0,0.50001127,0.11280437,-0.0038718935,0.000933992,-0.00433889,1.7157567,0.80382675,0.19617325
1810432,6672.6256686755905,3.0,378.09943,500.0,205.66245,-1.0,0.12704061,1.0,0.49987152,0.11341993,-0.004356353,0.00024137524,-0.004477041,1.7196122,0.80347425,0.19652574
1818624,6657.456411444789,3.0,378.27725,500.0,205.57895,-1.0,0.12716281,1.0,0.4994119,0.113528766,-0.0029883045,0.00013965007,-0.0030581297,1.715827,0.80362725,0.19637273
1826816,6671.561972506198,3.0,378.13165,500.0,205.68774,-1.0,0.12772134,1.0,0.49949667,0.11396566,-0.003747148,0.001033545,-0.0042639202,1.717408,0.8032345,0.1967655
1835008,6673.563972113769,3.0,378.2294,500.0,205.6559,-1.0,0.12760685,1.0,0.4992538,0.11391023,-0.0028195623,0.0013184677,-0.003478796,1.7205281,0.80342764,0.19657238
1843200,6669.843414333595,3.0,378.11404,500.0,205.73848,-1.0,0.12803124,1.0,0.49932888,0.11420148,-0.0033287108,0.0005336868,-0.0035955543,1.7227135,0.8031237,0.19687629
1851392,6667.586157861544,3.0,378.01657,500.0,205.82053,-1.0,0.12883435,1.0,0.49924982,0.11490099,-0.0032239466,0.00013095897,-0.0032894257,1.7213814,0.8026585,0.19734152
1859584,6659.069217055332,3.0,377.9715,500.0,205.86707,-1.0,0.12947883,1.0,0.49911395,0.11544651,-0.0033975798,0.00093411055,-0.003864635,1.7211853,0.80232084,0.19767915
1867776,6674.712586552411,3.0,377.99777,500.0,205.87338,-1.0,0.12994121,1.0,0.49887523,0.11585022,-0.0041627595,0.0006780121,-0.0045017656,1.7237426,0.8021488,0.19785121
1875968,6671.7083563589285,3.0,378.2422,500.0,205.75084,-1.0,0.12987275,1.0,0.49832925,0.11580943,-0.002404508,0.0003531078,-0.0025810618,1.7310796,0.8024641,0.19753586
1884160,6657.693767393987,3.0,377.75357,500.0,206.06828,-1.0,0.13115083,1.0,0.498916,0.11695295,-0.0030730332,0.002005075,-0.0040755705,1.7332307,0.80136573,0.19863427
1892352,6651.33486841736,3.0,377.55927,500.0,206.20963,-1.0,0.13172096,1.0,0.49908894,0.11746282,-0.003938349,0.000958505,-0.004417602,1.7314895,0.8009195,0.19908056
1900544,6662.742877442604,3.0,377.1666,500.0,206.44998,-1.0,0.13240556,1.0,0.49966544,0.117990375,-0.00057048496,0.0013524572,-0.0012467136,1.734877,0.8001988,0.19980119
1908736,6657.425453220864,3.0,377.24402,500.0,206.42302,-1.0,0.13269955,1.0,0.49937397,0.11824374,8.132338e-05,0.00027338075,-5.536701e-05,1.7337742,0.80015844,0.19984156
1916928,6666.784060909569,3.0,377.5836,500.0,206.2426,-1.0,0.1324255,1.0,0.49869427,0.11800217,-0.0039996803,0.0003633187,-0.00418134,1.7429949,0.800671,0.19932899
1925120,6653.074818229874,3.0,377.7357,500.0,206.16446,-1.0,0.13254671,1.0,0.4983085,0.11806081,-0.0019317282,0.0002758725,-0.0020696644,1.748044,0.8007866,0.19921337
1933312,6673.745442453657,3.0,377.75696,500.0,206.17845,-1.0,0.13298081,1.0,0.4980782,0.11848664,-0.0044490322,0.00019748288,-0.004547774,1.7473284,0.8006267,0.19937329
1941504,6666.194254690138,3.0,377.7833,500.0,206.183,-1.0,0.13302127,1.0,0.49795362,0.11850942,-0.0041817813,0.0005211793,-0.0044423705,1.7444282,0.8006632,0.19933684
1949696,6662.220957846977,3.0,377.47324,500.0,206.39784,-1.0,0.1338766,1.0,0.49827507,0.11932435,-0.002448697,0.0017005517,-0.003298973,1.7385814,0.7999612,0.2000388
1957888,6678.210126544883,3.0,377.59827,500.0,206.34024,-1.0,0.13410628,1.0,0.49790484,0.11949605,-0.0022914405,0.0004849176,-0.0025338996,1.7391806,0.8,0.2
1966080,6678.8189379003115,3.0,377.74216,500.0,206.27617,-1.0,0.13430825,1.0,0.49749285,0.119668834,-0.0045230775,0.0006917373,-0.0048689465,1.7384322,0.80007696,0.19992304
1974272,6674.340475152169,3.0,377.97968,500.0,206.1508,-1.0,0.13422818,1.0,0.4969785,0.119575866,-0.007205831,0.00019619099,-0.007303927,1.7346592,0.8003835,0.19961649
1982464,6668.5528117111235,3.0,377.75455,500.0,206.26785,-1.0,0.13494942,1.0,0.49729002,0.11999754,-0.0060334546,0.0012948262,-0.0066808676,1.7318938,0.79977095,0.20022905
1990656,6667.693550005269,3.0,377.30035,500.0,206.55438,-1.0,0.1357509,1.0,0.49794304,0.12070342,-0.0046087243,0.0025533165,-0.0058853826,1.7315814,0.7989368,0.20106323
1998848,6664.385390609468,3.0,377.1717,500.0,206.64397,-1.0,0.13650973,1.0,0.49795192,0.12133152,-0.0039375992,0.00024120416,-0.004058201,1.7256957,0.79844964,0.2015504
2007040,6641.124756875191,3.0,377.35864,500.0,206.55386,-1.0,0.13618384,1.0,0.49760002,0.1210398,-0.0010919701,0.00088925665,-0.0015365983,1.7148237,0.7988322,0.20116782
2015232,6668.86603143746,3.0,377.04593,500.0,206.7578,-1.0,0.13701968,1.0,0.49795055,0.12179517,-0.0021537952,0.0010802139,-0.0026939022,1.7119961,0.79812557,0.20187442
2023424,6657.257767844774,3.0,377.27908,500.0,206.6361,-1.0,0.13655894,1.0,0.49755153,0.121384025,-0.004668678,0.0008959033,-0.00511663,1.7146429,0.7986176,0.2013824
2031616,6644.823615527114,3.0,377.3778,500.0,206.59123,-1.0,0.13605063,1.0,0.4974431,0.12093526,-0.0014840041,0.0009909678,-0.001979488,1.7155328,0.79899496,0.20100503
2039808,6659.288618983653,3.0,377.54062,500.0,206.51102,-1.0,0.13612759,1.0,0.49703914,0.12098775,0.0008575206,0.0012120695,0.0002514855,1.7049786,0.7991469,0.20085311
2048000,6659.022757325417,3.0,377.5107,500.0,206.53442,-1.0,0.13557443,1.0,0.4972195,0.12055856,-0.0008044358,0.0016538907,-0.0016313815,1.6972203,0.7994089,0.20059106
2056192,6669.658272137717,3.0,377.382,500.0,206.63057,-1.0,0.13566177,1.0,0.4973979,0.120670296,-0.00078993675,0.002135799,-0.0018578358,1.6963972,0.7992647,0.2007353
2064384,6674.348254059952,3.0,377.60626,500.0,206.517,-1.0,0.1355808,1.0,0.4969069,0.120612204,-0.0017169382,0.00046726887,-0.0019505727,1.6919577,0.79956025,0.20043972
2072576,6665.923961715266,3.0,377.82944,500.0,206.40321,-1.0,0.13513513,1.0,0.49651822,0.1202208,0.009953931,0.0007869734,0.009560443,1.6861246,0.80003655,0.19996348
2080768,6662.58913520447,3.0,377.9869,500.0,206.32602,-1.0,0.13521384,1.0,0.49612445,0.12028122,-0.0017915285,0.00060010515,-0.002091581,1.6805594,0.800182,0.19981802
2088960,6661.068890245066,3.0,377.7518,500.0,206.47878,-1.0,0.13623188,1.0,0.49628213,0.12113297,-0.0038115133,0.00070992304,-0.004166475,1.6693895,0.79945654,0.20054348
2097152,6654.948438864265,3.0,377.77713,500.0,206.48027,-1.0,0.13589604,1.0,0.49627203,0.120863155,-0.0038267314,0.0014866247,-0.004570044,1.6608899,0.79967517,0.20032485
2105344,6664.14755729785,3.0,377.93436,500.0,206.40125,-1.0,0.13597122,1.0,0.49588338,0.12090823,-0.004524144,8.599227e-05,-0.00456714,1.6649824,0.7998201,0.20017986
2113536,6655.857279976816,3.0,377.89288,500.0,206.4434,-1.0,0.13615191,1.0,0.4958669,0.12104385,-0.0046351994,0.0013319467,-0.005301173,1.6571698,0.7997134,0.20028664
2121728,6675.128829996035,3.0,377.98215,500.0,206.40639,-1.0,0.13602285,1.0,0.4956704,0.12091248,-0.003394183,0.0007282663,-0.0037583162,1.6487103,0.7998929,0.2001071
2129920,6669.0899627490835,3.0,377.87643,500.0,206.48608,-1.0,0.1367111,1.0,0.4956467,0.12150966,-0.0027594366,0.0004852657,-0.0030020694,1.6461709,0.79946667,0.20053333
2138112,6652.367652596621,3.0,377.90207,500.0,206.48523,-1.0,0.13673396,1.0,0.4955418,0.121514834,-0.0043976326,0.0010302506,-0.004912758,1.6504174,0.7995041,0.20049593
2146304,6675.311682311804,3.0,377.6123,500.0,206.66649,-1.0,0.13681242,1.0,0.49607655,0.12157413,-0.0049771825,0.00207932,-0.006016842,1.6554374,0.799189,0.200811
2154496,6665.285174535391,3.0,377.64236,500.0,206.65913,-1.0,0.13613209,1.0,0.49616438,0.12103459,-0.0059691835,0.0011246055,-0.006531486,1.6657319,0.7995784,0.20042157
2162688,6665.017541001032,3.0,377.4742,500.0,206.77747,-1.0,0.13695994,1.0,0.49622688,0.12177089,-0.0051346775,0.0011062537,-0.005687804,1.6618558,0.79902047,0.20097953
2170880,6670.687689458874,3.0,377.2694,500.0,206.89557,-1.0,0.13758272,1.0,0.4964713,0.122187145,-0.005392142,0.0020411864,-0.006412735,1.6484139,0.79850227,0.20149773
2179072,6658.093698849184,3.0,377.29517,500.0,206.89618,-1.0,0.13794899,1.0,0.49626938,0.12250403,-0.004974099,0.0005755259,-0.0052618627,1.6459379,0.79836893,0.2016311
2187264,6662.70411822628,3.0,377.25375,500.0,206.94131,-1.0,0.13846155,1.0,0.49615505,0.122985564,-0.0038552606,0.00023037146,-0.0039704465,1.6441108,0.7980985,0.20190147
2195456,6667.049249029574,3.0,377.38766,500.0,206.86235,-1.0,0.13869745,1.0,0.49590826,0.12304278,-0.0067555015,0.00028726357,-0.0068991333,1.6385972,0.7980703,0.2019297
2203648,6662.373391255316,3.0,377.18735,500.0,206.97276,-1.0,0.13930348,1.0,0.4961484,0.12346718,-0.0029912416,0.0015570758,-0.0037697796,1.6276821,0.7975639,0.20243609
2211840,6655.783789982465,3.0,377.033,500.0,207.0729,-1.0,0.13907398,1.0,0.49649268,0.123351894,-0.0021057623,0.0021335208,-0.0031725229,1.6182451,0.7975397,0.20246027
2220032,6673.413618451081,3.0,376.8962,500.0,207.16833,-1.0,0.13950323,1.0,0.4966042,0.123736195,-0.0029272314,0.0014962067,-0.0036753349,1.6175826,0.7972099,0.20279007
2228224,6673.567860660436,3.0,376.98914,500.0,207.12349,-1.0,0.13970837,1.0,0.49632084,0.12387587,-0.004523427,0.0004270517,-0.004736953,1.616521,0.7972194,0.2027806
2236416,6654.489600634622,3.0,376.8448,500.0,207.19089,-1.0,0.13984124,1.0,0.49660414,0.12387716,-0.0040348084,0.0031058996,-0.0055877576,1.6151079,0.79699373,0.20300625
2244608,6663.845119889033,3.0,376.895,500.0,207.1742,-1.0,0.13982837,1.0,0.4964628,0.12391469,-0.004379808,0.0007775576,-0.0047685867,1.6148959,0.7970722,0.20292781
2252800,6656.401414282972,3.0,376.9259,500.0,207.16571,-1.0,0.13983904,1.0,0.4963607,0.1239244,-0.0010025273,0.0011381267,-0.0015715909,1.6083653,0.79711604,0.20288397
2260992,6666.454222200665,3.0,376.6098,500.0,207.36725,-1.0,0.1403538,1.0,0.49681267,0.1244041,-0.0048822076,0.001789211,-0.0057768133,1.6013944,0.7965621,0.20343792
2269184,6648.028768615493,3.0,376.5167,500.0,207.4362,-1.0,0.14031588,1.0,0.49696895,0.12438635,-0.0018414061,0.000999988,-0.0023414,1.5988259,0.7965087,0.20349127
2277376,6670.993338663438,3.0,376.64743,500.0,207.3692,-1.0,0.14006299,1.0,0.49674,0.12422294,-0.003694686,0.00053609523,-0.003962734,1.5865759,0.79678434,0.20321564
2285568,6649.117140687566,3.0,376.27618,500.0,207.57991,-1.0,0.14007589,1.0,0.4974901,0.12433116,-0.0024857468,0.0027409063,-0.0038561993,1.5798545,0.7964032,0.20359677
2293760,6677.482035279373,3.0,376.2079,500.0,207.63263,-1.0,0.14034511,1.0,0.4975115,0.1245778,-0.0048232293,0.0013990315,-0.0055227447,1.5740763,0.79622024,0.20377979
2301952,6665.731278192805,3.0,376.16428,500.0,207.66327,-1.0,0.14051752,1.0,0.49752676,0.1246667,-0.0013529535,0.002451926,-0.002578916,1.565238,0.79610217,0.2038978
2310144,6673.067571538412,3.0,376.29596,500.0,207.57733,-1.0,0.14071172,1.0,0.4972511,0.12469241,-0.0070343856,0.0004346179,-0.007251695,1.5654156,0.7961149,0.20388508
2318336,6661.40336209559,3.0,376.26837,500.0,207.60402,-1.0,0.14085881,1.0,0.4972298,0.12488883,-0.0030170279,0.0010559604,-0.0035450081,1.5759022,0.79603124,0.20396876
2326528,6658.69368613051,3.0,376.2931,500.0,207.60706,-1.0,0.14118981,1.0,0.49703673,0.12519881,-0.002311707,0.00022491075,-0.002424162,1.5773804,0.79591507,0.20408495
2334720,6671.212231787947,3.0,376.3771,500.0,207.574,-1.0,0.14137986,1.0,0.4967649,0.12537585,-0.0022105852,0.00035158335,-0.0023863767,1.5766029,0.79592824,0.20407175
2342912,6664.687877061564,3.0,376.4502,500.0,207.53752,-1.0,0.14147754,1.0,0.4966719,0.12534365,-0.0051972247,0.001099019,-0.0057467343,1.5842388,0.7959118,0.2040882
2351104,6671.072345767652,3.0,376.24286,500.0,207.67476,-1.0,0.1420327,1.0,0.49688983,0.12586068,-0.0037882207,0.0005654463,-0.004070944,1.5852118,0.79544723,0.20455274
2359296,6654.503777273069,3.0,376.0388,500.0,207.80785,-1.0,0.1422641,1.0,0.4971968,0.12609251,-0.005430127,0.00094545796,-0.0059028557,1.5879035,0.7951461,0.2048539
2367488,6675.332432143641,3.0,376.12445,500.0,207.77132,-1.0,0.14212956,1.0,0.4970193,0.12600777,-0.0060583,0.00089384994,-0.006505225,1.5967607,0.7953207,0.2046793
2375680,6662.138285017598,3.0,376.03345,500.0,207.84229,-1.0,0.14208691,1.0,0.4971677,0.12601644,-0.0036633522,0.0026757796,-0.0050012423,1.5987463,0.7952743,0.20472565
2383872,6658.102730114192,3.0,375.96255,500.0,207.90247,-1.0,0.14265403,1.0,0.49709794,0.12654322,-0.0048220186,0.0013699185,-0.0055069784,1.5957602,0.7949447,0.2050553
2392064,6673.627485610124,3.0,376.10254,500.0,207.83623,-1.0,0.14238463,1.0,0.49684533,0.12630555,-0.0053341947,0.0012037315,-0.00593606,1.6023949,0.7952433,0.20475665
2400256,6678.799464603454,3.0,376.45728,500.0,207.63046,-1.0,0.14211683,1.0,0.49627766,0.12593141,-0.004555898,0.00031380364,-0.0047127996,1.6115121,0.7956972,0.20430276
2408448,6661.974237197172,3.0,376.59747,500.0,207.56078,-1.0,0.14185064,1.0,0.49602824,0.12573414,-0.0032006283,0.00077725895,-0.0035892576,1.6151365,0.79599184,0.20400815
2416640,6664.230280002599,3.0,376.33432,500.0,207.73508,-1.0,0.14283487,1.0,0.49622986,0.1266443,-0.004918923,0.0008922125,-0.005365029,1.615293,0.79525965,0.20474038
2424832,6671.817176836735,3.0,375.8743,500.0,208.01733,-1.0,0.14307883,1.0,0.4970555,0.12696275,-0.0056962846,0.0035218028,-0.0074571865,1.6096364,0.79469275,0.20530726
2433024,6658.702719023279,3.0,375.737,500.0,208.107,-1.0,0.14347558,1.0,0.4971867,0.12734392,-0.004802106,0.00092126266,-0.005262737,1.6069665,0.7943723,0.20562771
2441216,6663.294599180192,3.0,375.7165,500.0,208.12436,-1.0,0.14329737,1.0,0.49725494,0.1273017,-0.0042642383,0.0015137263,-0.005021102,1.6040473,0.794453,0.20554699
2449408,6666.472330145781,3.0,375.41122,500.0,208.31474,-1.0,0.14316404,1.0,0.49787456,0.1272738,-0.006561281,0.0024114288,-0.007766995,1.6073442,0.79423046,0.20576952
2457600,6655.171436468487,3.0,375.4932,500.0,208.2823,-1.0,0.14333792,1.0,0.4976144,0.12743866,-0.0053138225,0.00083348353,-0.0057305647,1.6003648,0.7942481,0.20575188
2465792,6661.261304310486,3.0,375.35513,500.0,208.3767,-1.0,0.14403293,1.0,0.49765322,0.12806004,-0.004526293,0.000673312,-0.004862949,1.5951049,0.79378146,0.20621857
2473984,6655.546570197956,3.0,375.4367,500.0,208.34431,-1.0,0.1438991,1.0,0.49748302,0.12793492,-0.003856085,0.0006924934,-0.0042023314,1.5968065,0.7939523,0.20604771
2482176,6675.713733267845,3.0,375.53604,500.0,208.30301,-1.0,0.14404726,1.0,0.49719158,0.12808172,-0.0043068426,0.00023335361,-0.0044235196,1.589351,0.7940018,0.20599818
2490368,6662.6692353171475,3.0,375.67105,500.0,208.23953,-1.0,0.144087,1.0,0.49686235,0.1281297,-0.0037426937,0.00022080936,-0.0038530985,1.581966,0.79413986,0.20586014
2498560,6658.688524488502,3.0,375.59317,500.0,208.2931,-1.0,0.14343768,1.0,0.49717805,0.12759906,-0.003110427,0.0025366088,-0.0043787314,1.5829674,0.794401,0.20559904
2506752,6663.635756224661,3.0,375.89203,500.0,208.13187,-1.0,0.1430931,1.0,0.49663013,0.12729251,-0.004893301,5.594529e-05,-0.0049212743,1.5808578,0.7948949,0.20510511
2514944,6660.499461398758,3.0,375.81415,500.0,208.18506,-1.0,0.14364806,1.0,0.49659893,0.12774186,-0.0015013067,0.00087744836,-0.0019400307,1.5710932,0.79455334,0.20544666
2523136,6661.7107442230645,3.0,375.62582,500.0,208.30597,-1.0,0.14415623,1.0,0.4967997,0.12823832,-0.004702813,0.0009331058,-0.005169366,1.5577757,0.7941264,0.20587358
2531328,6669.539165109426,3.0,375.5075,500.0,208.39061,-1.0,0.1445121,1.0,0.49689212,0.12858428,-0.0019266938,0.0018483056,-0.0028508469,1.5548297,0.7938512,0.20614882
2539520,6646.049771090586,3.0,375.2514,500.0,208.54736,-1.0,0.14516129,1.0,0.49719498,0.12917896,-0.0025099854,0.001101756,-0.0030608634,1.5517887,0.79328203,0.20671797
2547712,6652.169312550373,3.0,374.95828,500.0,208.73041,-1.0,0.1459101,1.0,0.49753246,0.12988786,-0.0024158792,0.0012156477,-0.0030237031,1.5492749,0.7926308,0.2073692
2555904,6663.551755983376,3.0,375.1445,500.0,208.63707,-1.0,0.14581802,1.0,0.49713993,0.12981823,-0.0058453484,0.00014903258,-0.005919865,1.5554328,0.7928855,0.2071145
2564096,6658.714332778565,3.0,375.38373,500.0,208.51161,-1.0,0.14560117,1.0,0.49667782,0.12962992,-0.0016884081,5.030065e-05,-0.0017135583,1.5576446,0.79325515,0.20674486
2572288,6672.715081247139,3.0,375.51498,500.0,208.4495,-1.0,0.14563532,1.0,0.4963601,0.12967058,-0.0036039578,0.00031990896,-0.0037639122,1.5610344,0.79339087,0.20660916
2580480,6675.237762084244,3.0,375.61182,500.0,208.40685,-1.0,0.14518951,1.0,0.49625292,0.12928945,-0.004790275,0.0017705404,-0.0056755445,1.5646894,0.79373175,0.20626822
2588672,6654.810522970214,3.0,375.6514,500.0,208.40202,-1.0,0.1454519,1.0,0.496047,0.12955898,-0.003547838,0.00026671402,-0.003681195,1.5564189,0.79366463,0.20633537
2596864,6664.1889183935145,3.0,375.5709,500.0,208.46265,-1.0,0.14598118,1.0,0.49601614,0.13003746,-0.004052137,0.0004921777,-0.004298226,1.5525422,0.7933382,0.20666184
2605056,6657.99177627117,3.0,375.64706,500.0,208.43283,-1.0,0.14613718,1.0,0.4957741,0.13019125,-0.0033626063,0.00035743086,-0.003541322,1.5484307,0.7933574,0.2066426
2613248,6672.050375529001,3.0,375.72482,500.0,208.39967,-1.0,0.14600432,1.0,0.4956182,0.13007176,-0.0026356466,0.0017289732,-0.0035001338,1.54603,0.7935205,0.20647947
2621440,6663.6460948622625,3.0,375.53802,500.0,208.52504,-1.0,0.14677188,1.0,0.49572816,0.13078408,0.0012177166,0.0007035761,0.00086592836,1.5494982,0.7929699,0.20703013
2629632,6668.894507417067,3.0,375.51016,500.0,208.55522,-1.0,0.14688215,1.0,0.49571273,0.13091429,-0.0048783915,0.0009464131,-0.0053515974,1.5563277,0.79290617,0.20709382
2637824,6666.48914475433,3.0,375.1691,500.0,208.7711,-1.0,0.1477208,1.0,0.49611217,0.13170175,-0.0020795828,0.0012391579,-0.0026991619,1.5616499,0.7921652,0.20783475
2646016,6650.014093259997,3.0,375.29706,500.0,208.7105,-1.0,0.14774826,1.0,0.49580455,0.13173713,-0.003776791,0.0002646008,-0.0039090915,1.5549694,0.79230005,0.20769995
2654208,6663.301060163318,3.0,375.3262,500.0,208.70209,-1.0,0.14773372,1.0,0.49572018,0.1317036,-0.0048251585,0.001350034,-0.005500175,1.5434245,0.79235125,0.20764872
2662400,6659.984347754622,3.0,375.24905,500.0,208.75952,-1.0,0.1471128,1.0,0.4960252,0.13118874,-0.003857404,0.002337822,-0.0050263144,1.5336862,0.792602,0.207398
2670592,6662.875954184041,3.0,375.19025,500.0,208.80649,-1.0,0.14760096,1.0,0.49596182,0.1316229,-0.003554871,0.00067391986,-0.003891831,1.5369025,0.79231745,0.20768256
2678784,6660.641486691313,3.0,375.368,500.0,208.71603,-1.0,0.14694737,1.0,0.4957569,0.13103394,0.0009304641,0.0011986482,0.00033113966,1.5350717,0.7928421,0.2071579
2686976,6665.754554805297,3.0,375.49454,500.0,208.65466,-1.0,0.14697649,1.0,0.49545452,0.13106193,-0.0037874815,0.0002249137,-0.0038999382,1.5360543,0.7929731,0.20702687
2695168,6666.561577883921,3.0,375.52115,500.0,208.64893,-1.0,0.14668527,1.0,0.49545512,0.1307858,-0.002067433,0.0017438333,-0.0029393497,1.5278952,0.7931612,0.2068388
2703360,6674.608857949411,3.0,375.24792,500.0,208.81395,-1.0,0.14682981,1.0,0.49594402,0.13089883,-0.005955908,0.0017051664,-0.0068084914,1.5253801,0.79282534,0.20717464
2711552,6670.87547908453,3.0,375.05807,500.0,208.93146,-1.0,0.14758869,1.0,0.49607915,0.13154663,-0.003963429,0.0005568148,-0.0042418363,1.5141733,0.7922672,0.20773281
2719744,6670.3250911352725,3.0,375.23502,500.0,208.83957,-1.0,0.14722146,1.0,0.49579504,0.1312205,-0.0028712119,0.00074951065,-0.003245967,1.500695,0.7926458,0.20735416
2727936,6656.847619219217,3.0,375.11407,500.0,208.917,-1.0,0.14701019,1.0,0.4960772,0.1310173,-0.0032138494,0.0026674913,-0.004547594,1.50555,0.7926426,0.20735739
2736128,6676.934449143855,3.0,374.99176,500.0,208.9976,-1.0,0.14762428,1.0,0.49611285,0.13155037,-0.0033009783,0.00079531694,-0.0036986363,1.5044475,0.7922274,0.20777258
2744320,6666.873316994584,3.0,375.28293,500.0,208.84102,-1.0,0.14728045,1.0,0.4955859,0.13124399,-0.0015822602,0.00017822073,-0.0016713707,1.4953841,0.7927113,0.20728867
2752512,6680.765542231082,3.0,375.30914,500.0,208.83563,-1.0,0.14754099,1.0,0.49542382,0.13146366,-0.0023164276,0.000509694,-0.0025712745,1.4967544,0.7926229,0.20737705
2760704,6666.366270723662,3.0,375.28412,500.0,208.86194,-1.0,0.1476437,1.0,0.4954099,0.13158055,-0.0024078488,0.00076655875,-0.0027911286,1.4940183,0.7925633,0.20743667
2768896,6672.201963421064,3.0,375.40662,500.0,208.80298,-1.0,0.14767015,1.0,0.4951171,0.13161099,-0.0051383786,0.00022982,-0.005253289,1.4931413,0.79269123,0.20730878
2777088,6657.475760480954,3.0,375.4494,500.0,208.7882,-1.0,0.14790736,1.0,0.49492687,0.13180824,-0.0058966377,0.00011167986,-0.0059524775,1.4871637,0.79263175,0.20736828
2785280,6649.81203261297,3.0,375.42538,500.0,208.81238,-1.0,0.14800811,1.0,0.49491444,0.13192175,-0.0026991202,0.00063347904,-0.0030158595,1.4775598,0.79257256,0.20742741
2793472,6660.416831288379,3.0,375.56363,500.0,208.74422,-1.0,0.14801347,1.0,0.49459478,0.13192998,-0.006386959,0.0006619552,-0.006717937,1.4739668,0.7927273,0.20727272
2801664,6651.766229290993,3.0,375.68497,500.0,208.68439,-1.0,0.14803869,1.0,0.49430683,0.13195045,-0.0015382108,0.000117824195,-0.001597123,1.466182,0.7928533,0.20714669
2809856,6664.231572561156,3.0,375.4619,500.0,208.81161,-1.0,0.14807872,1.0,0.49474746,0.13193835,-0.0063307104,0.0019901004,-0.00732576,1.4637057,0.79260945,0.20739055
2818048,6660.583384703183,3.0,375.55606,500.0,208.76256,-1.0,0.14819759,1.0,0.49449587,0.13200034,-0.002230796,0.0012002134,-0.0028309028,1.4684918,0.7926569,0.20734313
2826240,6672.468878502078,3.0,375.44785,500.0,208.82187,-1.0,0.14825659,1.0,0.49469396,0.13207234,-0.0055509214,0.0016816594,-0.0063917516,1.4677454,0.79252064,0.20747937
2834432,6665.281295635023,3.0,375.43997,500.0,208.83792,-1.0,0.14860024,1.0,0.49457288,0.13237815,-0.0052671605,0.0004026272,-0.0054684742,1.4608393,0.7923577,0.2076423
2842624,6660.826128627037,3.0,375.44022,500.0,208.84154,-1.0,0.1484127,1.0,0.4946113,0.1321931,-0.0051078387,0.0022006012,-0.0062081385,1.4571484,0.7924603,0.20753968
2850816,6681.142267802288,3.0,375.3353,500.0,208.89662,-1.0,0.14794303,1.0,0.49496514,0.13182186,-0.002674582,0.0018874664,-0.0036183149,1.4615715,0.79258966,0.20741034
2859008,6663.609909771009,3.0,375.02588,500.0,209.08621,-1.0,0.14844982,1.0,0.49541402,0.132302,-0.0041673696,0.0013297644,-0.004832252,1.4570847,0.79203886,0.20796111
2867200,6662.661483609166,3.0,375.0532,500.0,209.07794,-1.0,0.14843443,1.0,0.49533704,0.1322853,-0.0033637988,0.00089496473,-0.0038112812,1.4481705,0.792087,0.20791301
2875392,6665.8683539176245,3.0,375.08047,500.0,209.06946,-1.0,0.14763522,1.0,0.49549475,0.13158171,-0.0052002463,0.0015052217,-0.0059528565,1.4446076,0.7925268,0.20747322
2883584,6673.715628791747,3.0,375.0568,500.0,209.09456,-1.0,0.1477332,1.0,0.4954812,0.13167849,-0.0044647353,0.00031506055,-0.0046222657,1.4460652,0.79247004,0.20752996
2891776,6675.070474982671,3.0,374.98532,500.0,209.14818,-1.0,0.14820106,1.0,0.49545312,0.13210891,-0.0033530681,0.00041763348,-0.003561885,1.4323142,0.7921808,0.2078192
2899968,6680.713583417394,3.0,374.7317,500.0,209.30113,-1.0,0.14884804,1.0,0.49575272,0.13270117,-0.0030862712,0.0010196673,-0.0035961047,1.4247509,0.79161274,0.20838727
2908160,6674.984889475318,3.0,374.7546,500.0,209.30067,-1.0,0.14908998,1.0,0.49559838,0.13293467,-0.0032453812,0.00064122304,-0.0035659925,1.4236902,0.7915322,0.2084678
2916352,6670.009144737583,3.0,374.8737,500.0,209.24133,-1.0,0.14885397,1.0,0.49539796,0.13275036,-0.0026385249,0.0006115419,-0.0029442955,1.4262396,0.7917847,0.2082153
2924544,6671.161716714999,3.0,374.86917,500.0,209.2532,-1.0,0.14918475,1.0,0.4952784,0.13303293,-0.004181268,0.00046465654,-0.0044135964,1.430911,0.7916292,0.20837077
2932736,6675.735782624264,3.0,374.67975,500.0,209.37106,-1.0,0.14969294,1.0,0.4954836,0.13348365,-0.0031431355,0.0016528231,-0.0039695473,1.4335663,0.79119754,0.20880246
2940928,6658.838215355754,3.0,374.41418,500.0,209.53047,-1.0,0.1503443,1.0,0.4958054,0.13404083,-0.004420702,0.00091329176,-0.004877348,1.431352,0.79061466,0.20938537
2949120,6660.716375193489,3.0,374.35068,500.0,209.57361,-1.0,0.15003179,1.0,0.496006,0.13380565,-0.0066007846,0.0019952564,-0.0075984127,1.4364401,0.7907184,0.20928162
2957312,6675.988712130574,3.0,374.48688,500.0,209.50279,-1.0,0.1500317,1.0,0.49570286,0.13378045,-0.0033057465,0.00072232017,-0.0036669062,1.43531,0.79086876,0.20913126
2965504,6673.600265392224,3.0,374.57513,500.0,209.46103,-1.0,0.14988616,1.0,0.4955385,0.13366495,-0.0073109367,0.00092311,-0.0077724913,1.4283998,0.7910448,0.20895523
2973696,6673.38121553185,3.0,374.34964,500.0,209.59239,-1.0,0.15023948,1.0,0.49587592,0.13395812,-0.006839103,0.001304226,-0.007491216,1.4311776,0.79064786,0.20935215
2981888,6655.12889819977,3.0,374.16556,500.0,209.7063,-1.0,0.15023239,1.0,0.49622643,0.13401842,-0.004727097,0.001960967,-0.0057075806,1.43268,0.7904786,0.20952141
2990080,6681.1383704237205,3.0,374.23618,500.0,209.67621,-1.0,0.1503571,1.0,0.4960149,0.13413344,-0.004707714,0.00031783,-0.004866629,1.4374273,0.7905024,0.20949756
2998272,6667.3416272124305,3.0,374.31546,500.0,209.63153,-1.0,0.14973128,1.0,0.49603122,0.13362496,-0.0052649844,0.002279098,-0.006404533,1.4397407,0.7909011,0.20909886
3006464,6669.8796671557175,3.0,374.10318,500.0,209.75848,-1.0,0.14976327,1.0,0.4964344,0.13371837,-0.0062859347,0.0013362182,-0.006954044,1.446135,0.7906803,0.20931971
3014656,6659.462860226191,3.0,374.25015,500.0,209.6852,-1.0,0.14974524,1.0,0.49610853,0.1337014,-0.0057824114,0.0002775947,-0.0059212088,1.441746,0.79085374,0.20914626
3022848,6660.589840429584,3.0,374.24597,500.0,209.69812,-1.0,0.15006196,1.0,0.49599075,0.13398574,-0.0054831943,0.00029948802,-0.005632939,1.4307299,0.79070634,0.20929368
3031040,6665.689897949761,3.0,374.228,500.0,209.71646,-1.0,0.15039545,1.0,0.49590123,0.13427182,-0.0044842507,0.0003353404,-0.0046519213,1.4266015,0.79053384,0.20946614
3039232,6661.354286902992,3.0,374.16525,500.0,209.76053,-1.0,0.15058534,1.0,0.49594593,0.1344496,-0.0024957755,0.0012359585,-0.0031137546,1.4246612,0.79038817,0.20961183
3047424,6651.565349804149,3.0,374.06082,500.0,209.82582,-1.0,0.15063275,1.0,0.49612385,0.13449034,-0.004026853,0.002115441,-0.0050845733,1.4317474,0.7902691,0.20973092
3055616,6667.251064856974,3.0,374.13138,500.0,209.79404,-1.0,0.15050864,1.0,0.49599147,0.13439003,-0.0023545416,0.0017037912,-0.0032064372,1.4440284,0.79041547,0.2095845
3063808,6661.231602084927,3.0,373.98584,500.0,209.87994,-1.0,0.15090421,1.0,0.49615252,0.13471651,-0.0057578846,0.0007367062,-0.0061262376,1.4532958,0.7900782,0.20992179
3072000,6666.855206871027,3.0,374.51965,500.0,209.69153,-1.0,0.15209961,1.0,0.49441257,0.1355373,-0.0068115187,0.0002261335,-0.0069245854,1.4528563,0.79016113,0.20983887
3080192,6653.592728861321,3.0,375.15576,500.0,209.54474,-1.0,0.15283203,1.0,0.49220663,0.13590187,-0.0042279977,0.0012717958,-0.0048638955,1.4524025,0.7907715,0.20922852
3088384,6668.864737080529,3.0,375.57727,500.0,209.44221,-1.0,0.15429688,1.0,0.4902577,0.13675742,-0.0040179547,0.0010069389,-0.0045214235,1.451885,0.7907715,0.20922852
3096576,6666.703861828212,3.0,376.1505,500.0,209.3223,-1.0,0.15576172,1.0,0.48804656,0.13761802,-0.0042809304,0.000725222,-0.0046435413,1.4482116,0.79089355,0.20910645
3104768,6667.62626777554,3.0,376.90894,500.0,209.03078,-1.0,0.15722656,1.0,0.48556963,0.1384153,-0.0016745885,0.00017717939,-0.0017631783,1.4515476,0.7911377,0.2088623
3112960,6666.108896645812,3.0,377.30408,500.0,209.05638,-1.0,0.15930176,1.0,0.48300096,0.13923019,-0.004362423,0.0007136805,-0.004719264,1.4569168,0.7910156,0.20898438
3121152,6665.19208217259,3.0,377.60474,500.0,209.0067,-1.0,0.16040039,1.0,0.4814977,0.13989809,-0.0014653418,0.00039310104,-0.0016618925,1.4573944,0.7910156,0.20898438
3129344,6676.935746635176,3.0,377.84253,500.0,208.95615,-1.0,0.16101074,1.0,0.48040545,0.14013869,-0.0061937096,0.00038056017,-0.00638399,1.4542632,0.7911377,0.2088623
3137536,6668.376800315334,3.0,378.0116,500.0,208.92636,-1.0,0.16174316,1.0,0.47965062,0.14059788,-0.0027531972,0.0011210032,-0.0033136988,1.4567003,0.7910156,0.20898438
3145728,6670.235742602262,3.0,378.1411,500.0,208.89044,-1.0,0.16210938,1.0,0.479145,0.14088191,-0.00022772505,0.00011887727,-0.0002871636,1.4613664,0.7910156,0.20898438
3153920,6661.998779270556,3.0,377.91382,500.0,209.04486,-1.0,0.16369629,1.0,0.47898757,0.14209989,-0.0026725736,0.002799311,-0.0040722284,1.4519155,0.79003906,0.20996094
3162112,6664.183748228479,3.0,378.13916,500.0,208.92726,-1.0,0.16345215,1.0,0.4785611,0.14194493,-0.0057942616,0.000127022,-0.005857773,1.4437327,0.7904053,0.20959473
3170304,6677.440509012961,3.0,378.48218,500.0,208.74529,-1.0,0.16345215,1.0,0.47779527,0.14184064,7.33787e-05,0.0006527626,-0.00025300262,1.4578972,0.7907715,0.20922852
3178496,6665.057620017051,3.0,378.36584,500.0,208.81055,-1.0,0.16369629,1.0,0.4779671,0.1420637,-0.0059094722,0.0009874337,-0.0064031887,1.4616499,0.79052734,0.20947266
3186688,6667.81647296991,3.0,378.25085,500.0,208.87321,-1.0,0.16345215,1.0,0.47830597,0.14190629,-0.0037025472,0.0008490783,-0.0041270857,1.460571,0.79052734,0.20947266
3194880,6674.68924733564,3.0,378.28003,500.0,208.87392,-1.0,0.16357422,1.0,0.47813654,0.14207913,-0.0019488407,0.00082927925,-0.0023634804,1.4609697,0.79052734,0.20947266
3203072,6667.592627169871,3.0,378.07874,500.0,209.01158,-1.0,0.16418457,1.0,0.4783103,0.14266518,-0.006897462,0.0022164816,-0.008005703,1.4645606,0.79003906,0.20996094
3211264,6671.992074327645,3.0,378.10974,500.0,209.00844,-1.0,0.16455078,1.0,0.47805676,0.1430691,-0.004127449,0.00027454735,-0.0042647226,1.4668398,0.789917,0.21008301
3219456,6666.008021775275,3.0,378.09998,500.0,209.05449,-1.0,0.16442871,1.0,0.47797108,0.14302027,-0.004695238,0.0017849177,-0.0055876966,1.46328,0.79003906,0.20996094
3227648,6665.2205267853315,3.0,378.1145,500.0,209.07939,-1.0,0.16430664,1.0,0.47788534,0.14293878,-0.002443104,0.0008799039,-0.0028830564,1.4714172,0.79016113,0.20983887
3235840,6673.293081183481,3.0,377.87988,500.0,209.21342,-1.0,0.16467285,1.0,0.47814244,0.14334837,-0.00044642977,0.0013352791,-0.0011140695,1.4830229,0.7897949,0.21020508
3244032,6672.1708679072935,3.0,377.99268,500.0,209.15453,-1.0,0.16442871,1.0,0.47797108,0.14317738,-0.008257164,0.00022770045,-0.008371014,1.4916832,0.79003906,0.20996094
3252224,6665.984743392554,3.0,377.63843,500.0,209.35738,-1.0,0.16491699,1.0,0.47856867,0.14361833,-0.0049266927,0.0007448073,-0.005299096,1.5015758,0.7894287,0.21057129
3260416,6667.451599094493,3.0,377.68335,500.0,209.35019,-1.0,0.16467285,1.0,0.47839767,0.14325646,-0.0039530275,0.001172393,-0.004539225,1.4979305,0.78967285,0.21032715
3268608,6673.478425233554,3.0,377.55835,500.0,209.42761,-1.0,0.16540527,1.0,0.47840017,0.14388224,-0.004419156,0.0011819951,-0.0050101536,1.5030122,0.7891846,0.21081543
3276800,6657.874375649976,3.0,377.35168,500.0,209.56154,-1.0,0.16577148,1.0,0.47865602,0.14406732,-0.008384366,0.0016471911,-0.009207962,1.5055345,0.78881836,0.21118164
3284992,6663.656433531945,3.0,377.0548,500.0,209.73207,-1.0,0.1661377,1.0,0.47916636,0.14439823,-0.004295485,0.0012950493,-0.0049430095,1.5134137,0.7883301,0.21166992
3293184,6664.248375868022,3.0,376.97925,500.0,209.78732,-1.0,0.16625977,1.0,0.47925135,0.14459203,-0.0067132213,0.00036649595,-0.0068964697,1.5143291,0.788208,0.21179199
3301376,6665.287760471478,3.0,376.68677,500.0,209.94969,-1.0,0.16662598,1.0,0.47976077,0.14494047,-0.003877477,0.0008498026,-0.0043023787,1.5173852,0.7877197,0.21228027
3309568,6664.521118313607,3.0,376.3258,500.0,210.16006,-1.0,0.1673584,1.0,0.4802689,0.14561537,-0.004940574,0.00014662862,-0.0050138887,1.5160297,0.7869873,0.2130127
3317760,6672.978149520129,3.0,376.20947,500.0,210.22371,-1.0,0.16711426,1.0,0.48060793,0.1454944,-0.0033128783,0.0006601596,-0.0036429584,1.5100242,0.7869873,0.2130127
3325952,6668.3832711580135,3.0,375.73096,500.0,210.49757,-1.0,0.16760254,1.0,0.4814531,0.14601615,-0.00490429,0.0014003209,-0.0056044506,1.5150836,0.7862549,0.21374512
3334144,6666.2938418380645,3.0,375.6797,500.0,210.51808,-1.0,0.16772461,1.0,0.48153728,0.14615488,-0.003082364,0.001350616,-0.0037576724,1.5107746,0.7861328,0.21386719
3342336,6666.377911227073,3.0,375.68323,500.0,210.51233,-1.0,0.16772461,1.0,0.4815373,0.14609426,-0.004132088,0.0016498141,-0.004956995,1.5116706,0.7861328,0.21386719
3350528,6659.579026120246,3.0,375.62622,500.0,210.54156,-1.0,0.16760254,1.0,0.48170656,0.1460093,-0.0029199403,0.0005965623,-0.0032182215,1.5165359,0.7861328,0.21386719
3358720,6661.949695304608,3.0,375.7279,500.0,210.49974,-1.0,0.16760254,1.0,0.4814531,0.14598012,-0.0028993515,0.0012886698,-0.0035436861,1.5156875,0.7862549,0.21374512
3366912,6661.083094930268,3.0,375.66675,500.0,210.53625,-1.0,0.16796875,1.0,0.48145226,0.1462846,-0.002456983,0.00033531542,-0.0026246407,1.5138505,0.78601074,0.21398926
3375104,6665.846369695389,3.0,375.64758,500.0,210.55634,-1.0,0.16845703,1.0,0.4812816,0.14674065,-0.0038627558,0.000841744,-0.0042836284,1.5038677,0.7857666,0.2142334
3383296,6654.574661371372,3.0,375.49683,500.0,210.65196,-1.0,0.16870117,1.0,0.48144966,0.14701703,-0.0050464086,0.00017064821,-0.0051317327,1.4889884,0.78552246,0.21447754
3391488,6663.387638546091,3.0,375.25916,500.0,210.78543,-1.0,0.16894531,1.0,0.481871,0.14724243,-0.004091763,0.0009919446,-0.004587735,1.479742,0.78515625,0.21484375
3399680,6654.441916021311,3.0,375.14404,500.0,210.8462,-1.0,0.16918945,1.0,0.48203862,0.14746866,-0.0050175656,0.00037167795,-0.0052034045,1.4835546,0.7849121,0.21508789
3407872,6670.152870740344,3.0,375.06067,500.0,210.91257,-1.0,0.1697998,1.0,0.48195064,0.14813986,-0.0037840896,0.00012119663,-0.0038446877,1.4757121,0.7845459,0.2154541
3416064,6656.997227327918,3.0,374.97937,500.0,210.98021,-1.0,0.16992188,1.0,0.48203427,0.14833231,-0.0028407206,0.0008362534,-0.0032588476,1.4656777,0.7844238,0.21557617
3424256,6645.018947537795,3.0,374.73328,500.0,211.10542,-1.0,0.17004395,1.0,0.48262393,0.14856586,-0.0021707052,0.0019416441,-0.0031415275,1.4652321,0.7840576,0.21594238
3432448,6664.265179259624,3.0,374.72046,500.0,211.13116,-1.0,0.17016602,1.0,0.4824544,0.14855352,-0.0041790823,0.0030756171,-0.005716891,1.468548,0.7840576,0.21594238
3440640,6660.241249111008,3.0,374.82666,500.0,211.08527,-1.0,0.16967773,1.0,0.48237333,0.14823118,-0.0052264244,0.00068726187,-0.005570055,1.4676051,0.7844238,0.21557617
3448832,6666.909537536869,3.0,374.70557,500.0,211.15562,-1.0,0.17016602,1.0,0.4824544,0.14868113,-0.0057012476,0.00019755604,-0.0058000255,1.4633838,0.7840576,0.21594238
3457024,6663.337241900376,3.0,374.6631,500.0,211.20634,-1.0,0.17041016,1.0,0.48236826,0.14883313,-0.001227402,0.001214237,-0.0018345205,1.4681878,0.78393555,0.21606445
3465216,6659.651309166394,3.0,374.54382,500.0,211.27345,-1.0,0.17041016,1.0,0.48262122,0.14883205,-0.004074368,0.0008010381,-0.0044748867,1.4702914,0.7838135,0.21618652
3473408,6667.0130269692045,3.0,374.41174,500.0,211.35815,-1.0,0.17016602,1.0,0.48296016,0.14870408,-0.004271662,0.000745334,-0.0046443287,1.4764619,0.7838135,0.21618652
3481600,6659.8526773548165,3.0,374.40662,500.0,211.36647,-1.0,0.17016602,1.0,0.48296013,0.14874248,-0.0024153772,0.00041252287,-0.0026216386,1.487841,0.7838135,0.21618652
3489792,6667.309283231628,3.0,374.3418,500.0,211.40794,-1.0,0.17053223,1.0,0.48295745,0.14900593,-0.0020193495,0.0008038198,-0.0024212594,1.4942963,0.78356934,0.21643066
3497984,6651.448175706427,3.0,373.8628,500.0,211.67854,-1.0,0.17126465,1.0,0.4837087,0.14975691,-0.0039462065,0.0035422572,-0.005717335,1.4888276,0.78271484,0.21728516
3506176,6664.4332178363,3.0,373.79016,500.0,211.73291,-1.0,0.17163086,1.0,0.483705,0.15012205,-0.0056869155,0.00061499677,-0.005994414,1.4840065,0.7824707,0.2175293
3514368,6663.338534112539,3.0,373.93555,500.0,211.67487,-1.0,0.17126465,1.0,0.48345628,0.14991574,-0.003585134,0.0006941155,-0.003932192,1.4868838,0.7828369,0.21716309
3522560,6673.246422765033,3.0,373.50928,500.0,211.92116,-1.0,0.17211914,1.0,0.48403615,0.15071659,-0.0041521266,0.0029203536,-0.005612303,1.491258,0.7819824,0.21801758
3530752,6669.9262785060955,3.0,373.3988,500.0,211.99129,-1.0,0.17199707,1.0,0.4842056,0.15071243,-0.006144069,0.00087948923,-0.0065838136,1.4936749,0.7819824,0.21801758
3538944,6662.906963120452,3.0,373.38953,500.0,212.00572,-1.0,0.17175293,1.0,0.48429227,0.15056601,-0.0046948767,0.0010339521,-0.0052118525,1.4937456,0.7821045,0.21789551
3547136,6670.661788271272,3.0,373.3258,500.0,212.04475,-1.0,0.17138672,1.0,0.48454797,0.15021276,-0.005219845,0.0013219361,-0.0058808136,1.4812661,0.78222656,0.21777344
3555328,6656.59355878615,3.0,373.14844,500.0,212.1415,-1.0,0.17175293,1.0,0.48479614,0.15049568,-0.0050576734,0.0013210237,-0.0057181856,1.4707034,0.78186035,0.21813965
3563520,6657.613786868319,3.0,373.13574,500.0,212.16106,-1.0,0.17175293,1.0,0.48479614,0.15057734,-0.005991975,0.00053813495,-0.006261042,1.4683771,0.78186035,0.21813965
3571712,6667.337745918165,3.0,373.297,500.0,212.09053,-1.0,0.171875,1.0,0.484375,0.15075624,-0.0028914874,0.0004968364,-0.0031399059,1.4711101,0.7819824,0.21801758
3579904,6675.5075139859355,3.0,373.22974,500.0,212.13437,-1.0,0.17199707,1.0,0.48445764,0.15091437,-0.0019910852,0.0012272149,-0.0026046927,1.4726177,0.78186035,0.21813965
3588096,6660.631157374893,3.0,373.161,500.0,212.18192,-1.0,0.17211914,1.0,0.48454025,0.15108997,-0.005265209,0.0008481566,-0.0056892866,1.470403,0.7817383,0.21826172
3596288,6658.306585185116,3.0,372.6422,500.0,212.44838,-1.0,0.17248535,1.0,0.48554277,0.1513971,-0.0052989884,0.0029106352,-0.006754306,1.4610687,0.78100586,0.21899414
3604480,6650.966646387129,3.0,372.70447,500.0,212.41142,-1.0,0.17211914,1.0,0.48554695,0.15112957,-0.0042441217,0.0008697536,-0.004678998,1.4605066,0.78125,0.21875
3612672,6665.4894696685915,3.0,372.28125,500.0,212.65005,-1.0,0.17321777,1.0,0.486036,0.15209189,-0.0055228323,0.00048923993,-0.005767452,1.4590185,0.78027344,0.21972656
3620864,6666.456809043944,3.0,372.10193,500.0,212.74864,-1.0,0.17382812,1.0,0.48619476,0.1525852,-0.0030984143,0.0010671054,-0.0036319671,1.4396567,0.77978516,0.22021484
3629056,6665.568346456998,3.0,371.97668,500.0,212.82343,-1.0,0.17382812,1.0,0.48644575,0.15264626,-0.003974257,0.0004782387,-0.0042133764,1.4316959,0.7796631,0.22033691
3637248,6662.616265672102,3.0,371.6958,500.0,212.98494,-1.0,0.17407227,1.0,0.48686013,0.15299696,-0.0037249282,0.0014900448,-0.0044699507,1.4321103,0.7792969,0.22070312
3645440,6651.2061148201265,3.0,371.68835,500.0,213.00438,-1.0,0.1739502,1.0,0.4867784,0.15283288,-0.0042552846,0.0023983624,-0.0054544657,1.4293479,0.77941895,0.22058105
3653632,6664.183748228479,3.0,371.44812,500.0,213.13649,-1.0,0.17443848,1.0,0.4871052,0.1531796,-0.003314864,0.0018317172,-0.0042307223,1.428304,0.77893066,0.22106934
3661824,6657.362247741014,3.0,371.38574,500.0,213.1731,-1.0,0.17456055,1.0,0.48718667,0.1533078,-0.005148024,8.2334154e-05,-0.0051891906,1.4251766,0.7788086,0.2211914
3670016,6654.489600634622,3.0,371.4939,500.0,213.12616,-1.0,0.17382812,1.0,0.48719802,0.15277831,-0.0061791614,0.00068146887,-0.006519896,1.4301414,0.7792969,0.22070312
3678208,6657.815031856415,3.0,371.37402,500.0,213.19221,-1.0,0.1743164,1.0,0.48727408,0.15322712,-0.0058348794,0.00031336985,-0.005991565,1.4281589,0.77893066,0.22106934
3686400,6678.585265832459,3.0,371.37317,500.0,213.19363,-1.0,0.1743164,1.0,0.48727408,0.15323421,-0.0060388027,0.00017861169,-0.0061281086,1.4255915,0.77893066,0.22106934
3694592,6667.073828508982,3.0,371.30762,500.0,213.2355,-1.0,0.17443848,1.0,0.4873557,0.15338987,-0.006280272,0.00036150945,-0.006461026,1.4199755,0.7788086,0.2211914
3702784,6654.4058308222575,3.0,371.4851,500.0,213.18913,-1.0,0.17419434,1.0,0.48694184,0.15343553,-0.0033069488,0.0005946476,-0.003604273,1.4166765,0.7791748,0.2208252
3710976,6667.3364521544145,3.0,371.4192,500.0,213.23164,-1.0,0.17407227,1.0,0.48711082,0.15337537,-0.0025635734,0.0007272819,-0.0029272144,1.4175804,0.7791748,0.2208252
3719168,6659.488674519082,3.0,371.41882,500.0,213.23225,-1.0,0.17407227,1.0,0.4871108,0.15337834,-0.004773148,0.00032508437,-0.00493569,1.4184059,0.7791748,0.2208252
3727360,6659.342826393138,3.0,371.35852,500.0,213.26541,-1.0,0.17419434,1.0,0.48719248,0.15343025,-0.0029639131,0.00080104417,-0.0033644352,1.4226617,0.77905273,0.22094727
3735552,6675.336322751472,3.0,371.41528,500.0,213.2377,-1.0,0.17407227,1.0,0.4871108,0.15334271,-0.0037174884,0.000452343,-0.0039436603,1.430457,0.7791748,0.2208252
3743744,6672.865403434687,3.0,370.98926,500.0,213.47682,-1.0,0.17419434,1.0,0.4879436,0.15353017,-0.004145487,0.0027164102,-0.005503692,1.4344683,0.7786865,0.22131348
3751936,6676.4206822164715,3.0,371.05066,500.0,213.4416,-1.0,0.17407227,1.0,0.48786202,0.15334508,-0.0036827233,0.00069575314,-0.0040305997,1.428964,0.7788086,0.2211914
3760128,6653.005254287697,3.0,370.98047,500.0,213.48894,-1.0,0.1739502,1.0,0.48803067,0.15333542,-0.0013965926,0.0012192628,-0.002006224,1.4246536,0.7788086,0.2211914
3768320,6665.027883926763,3.0,370.8507,500.0,213.56993,-1.0,0.1739502,1.0,0.48828074,0.1534355,-0.0064751706,0.001901646,-0.0074259937,1.4230804,0.7786865,0.22131348
3776512,6387.960047802235,3.0,370.78528,500.0,213.61162,-1.0,0.1743164,1.0,0.4882751,0.15378256,-0.0057666944,0.00022752066,-0.0058804546,1.4231174,0.7784424,0.22155762
3784704,6650.715609286452,3.0,370.72217,500.0,213.64934,-1.0,0.17443848,1.0,0.4883566,0.15394041,-0.0074765226,0.000899771,-0.007926408,1.4263617,0.7783203,0.22167969
3792896,6670.822378876863,3.0,370.90088,500.0,213.55327,-1.0,0.17407227,1.0,0.48811218,0.15363878,-0.0038505532,0.0011210513,-0.004411079,1.418594,0.7786865,0.22131348
3801088,6666.809931992588,3.0,370.5531,500.0,213.72942,-1.0,0.17382812,1.0,0.48894876,0.15343632,-0.0052357772,0.002378004,-0.006424779,1.420053,0.7784424,0.22155762
3809280,6661.8502379070305,3.0,370.43323,500.0,213.79434,-1.0,0.1743164,1.0,0.48902455,0.15387565,-0.006425335,0.000317734,-0.0065842024,1.4219451,0.7780762,0.22192383
3817472,6653.618497665019,3.0,370.20386,500.0,213.90718,-1.0,0.17456055,1.0,0.48943654,0.15405738,-0.0045060576,0.0010898837,-0.0050509996,1.4153864,0.77770996,0.22229004
3825664,6661.13862291736,3.0,369.78003,500.0,214.14032,-1.0,0.17492676,1.0,0.4901782,0.15445884,-0.0012824478,0.00170925,-0.002137073,1.4153296,0.7770996,0.22290039
3833856,6678.751430956715,3.0,369.77856,500.0,214.14276,-1.0,0.17492676,1.0,0.4901782,0.15444098,-0.0045730397,0.0007489993,-0.0049475394,1.4254495,0.7770996,0.22290039
3842048,6655.777343569155,3.0,369.4265,500.0,214.32407,-1.0,0.17541504,1.0,0.49075043,0.15487637,-0.0041096127,0.0024784182,-0.0053488216,1.4306791,0.77648926,0.22351074
3850240,6656.324043790267,3.0,369.2776,500.0,214.39253,-1.0,0.17578125,1.0,0.4909925,0.15504955,-0.004564208,0.0012639376,-0.0051961765,1.4317338,0.77612305,0.22387695
3858432,6680.208326099302,3.0,369.39636,500.0,214.3301,-1.0,0.17578125,1.0,0.4907438,0.15503728,-0.0056246314,0.0001373346,-0.0056932988,1.426517,0.7762451,0.22375488
3866624,6675.005637275567,3.0,369.40747,500.0,214.31665,-1.0,0.17626953,1.0,0.49056858,0.15530635,-0.0045050737,0.0010995182,-0.0050548324,1.4311818,0.776001,0.22399902
3874816,6669.348861621215,3.0,369.40417,500.0,214.32202,-1.0,0.17626953,1.0,0.4905686,0.15533417,-0.00041739718,0.00092024537,-0.00087752007,1.4330211,0.776001,0.22399902
3883008,6662.997407500273,3.0,368.92798,500.0,214.57332,-1.0,0.17700195,1.0,0.49129966,0.15600018,-0.0030497385,0.0012611403,-0.0036803088,1.4351317,0.7751465,0.22485352
3891200,6664.797761417821,3.0,368.75073,500.0,214.66496,-1.0,0.17736816,1.0,0.49154025,0.15631685,-0.004770401,0.00057300384,-0.005056903,1.4246241,0.7747803,0.22521973
3899392,6665.374390489936,3.0,368.87512,500.0,214.59377,-1.0,0.17687988,1.0,0.49146783,0.15584584,-0.0063383845,0.0007682987,-0.0067225336,1.4070903,0.7751465,0.22485352
3907584,6654.39423209139,3.0,368.90295,500.0,214.59575,-1.0,0.17749023,1.0,0.49112347,0.15626372,-0.00770829,0.0003909344,-0.007903757,1.3930794,0.77490234,0.22509766
3915776,6662.54650205889,3.0,368.72107,500.0,214.69456,-1.0,0.1776123,1.0,0.49145207,0.15634315,-0.0053680725,0.0023893854,-0.0065627648,1.3872316,0.7746582,0.2253418
3923968,6658.694976542262,3.0,368.73157,500.0,214.6776,-1.0,0.1776123,1.0,0.49145207,0.1562787,-0.0023702944,0.0013792561,-0.0030599225,1.3856816,0.7746582,0.2253418
3932160,6661.983278992645,3.0,368.78833,500.0,214.65096,-1.0,0.1772461,1.0,0.4914601,0.1559644,-0.0040849643,0.0010882976,-0.004629113,1.3767931,0.77490234,0.22509766
3940352,6654.514087593517,3.0,368.61438,500.0,214.73729,-1.0,0.17785645,1.0,0.49161214,0.15645266,-0.0017012352,0.00049708044,-0.0019497755,1.3757273,0.77441406,0.22558594
3948544,6636.630028043645,3.0,368.55164,500.0,214.77362,-1.0,0.17822266,1.0,0.49160364,0.15681528,-0.0021712189,0.00033198274,-0.0023372103,1.3721111,0.7741699,0.22583008
3956736,6667.111344905918,3.0,368.60754,500.0,214.74838,-1.0,0.17810059,1.0,0.49152374,0.15673715,-0.0015529734,0.0002845006,-0.0016952239,1.3687414,0.774292,0.22570801
3964928,6674.1071163500355,3.0,368.61218,500.0,214.74075,-1.0,0.17810059,1.0,0.49152374,0.15669723,-0.004724504,0.00029215452,-0.004870582,1.3665457,0.774292,0.22570801
3973120,6657.7350484171775,3.0,368.61926,500.0,214.72974,-1.0,0.17834473,1.0,0.4914353,0.15684532,-0.0042538587,0.00060560496,-0.0045566615,1.3656634,0.7741699,0.22583008
3981312,6664.033816932011,3.0,368.66846,500.0,214.71518,-1.0,0.1784668,1.0,0.49126664,0.15700857,-0.004366125,0.00085136556,-0.0047918074,1.3638282,0.7741699,0.22583008
3989504,6670.422211820909,3.0,368.57117,500.0,214.74779,-1.0,0.1784668,1.0,0.49151507,0.15690184,-0.005028898,0.0009532804,-0.0055055385,1.3648434,0.77404785,0.22595215
3997696,6667.178616743943,3.0,368.62793,500.0,214.72073,-1.0,0.17810059,1.0,0.49152374,0.15663321,-0.0029071555,0.0004588666,-0.0031365892,1.3672802,0.774292,0.22570801
4005888,6650.220027572688,3.0,368.28296,500.0,214.89426,-1.0,0.17858887,1.0,0.4920913,0.15721866,-0.0013012303,0.00080187886,-0.0017021697,1.3628742,0.77368164,0.22631836
4014080,6666.68575262527,3.0,368.51135,500.0,214.78549,-1.0,0.17834473,1.0,0.4916836,0.15702072,-0.0031206857,0.00087696983,-0.0035591703,1.3551822,0.77404785,0.22595215
4022272,6658.856281950059,3.0,368.74377,500.0,214.67009,-1.0,0.17785645,1.0,0.49136376,0.15664636,-0.0034629458,0.0017599682,-0.00434293,1.3506091,0.77453613,0.22546387
4030464,6666.81122555201,3.0,368.91516,500.0,214.58745,-1.0,0.17773438,1.0,0.4910352,0.1564769,-0.0050824485,0.0003356745,-0.005250286,1.3473023,0.7747803,0.22521973
4038656,6673.990443068155,3.0,368.91064,500.0,214.59511,-1.0,0.17822266,1.0,0.49085817,0.15690453,-0.0033338233,0.00033906734,-0.003503357,1.3471597,0.77453613,0.22546387
4046848,6669.22329315788,3.0,369.0443,500.0,214.51031,-1.0,0.17749023,1.0,0.49087486,0.15630779,-0.0027408763,0.0020769157,-0.0037793345,1.3467091,0.7750244,0.22497559
4055040,6669.677692165243,3.0,369.27612,500.0,214.395,-1.0,0.1772461,1.0,0.49046555,0.15611237,-0.0046561966,6.809172e-05,-0.004690243,1.3455408,0.7753906,0.22460938
4063232,6673.465463776363,3.0,369.1526,500.0,214.46492,-1.0,0.17700195,1.0,0.49080247,0.1559493,-0.0049352753,0.0014468407,-0.0056586964,1.3467013,0.7753906,0.22460938
4071424,6671.392278911367,3.0,369.44836,500.0,214.31049,-1.0,0.1763916,1.0,0.49040034,0.15539666,-0.0026801168,0.0009840215,-0.0031721275,1.348462,0.776001,0.22399902
4079616,6655.143077562255,3.0,369.7743,500.0,214.12949,-1.0,0.17651367,1.0,0.48973358,0.15535659,-0.004004404,0.0007358504,-0.0043723295,1.3543341,0.7762451,0.22375488
4087808,6673.783033972261,3.0,369.5957,500.0,214.22414,-1.0,0.17663574,1.0,0.49006337,0.15549801,-0.008099467,0.0010896833,-0.008644309,1.3581723,0.776001,0.22399902
4096000,6669.632378943601,3.0,369.536,500.0,214.25604,-1.0,0.17700195,1.0,0.49005577,0.15579924,-0.0046341335,0.0007989743,-0.005033621,1.3651376,0.77575684,0.22424316
4104192,6661.660372939494,3.0,369.76196,500.0,214.12418,-1.0,0.17736816,1.0,0.48954946,0.15621206,-0.0013891389,0.0023219874,-0.0025501326,1.3730446,0.77575684,0.22424316
4112384,6666.089497395142,3.0,370.052,500.0,213.97841,-1.0,0.1772461,1.0,0.48896995,0.15612338,-0.005233241,6.85218e-05,-0.0052675013,1.3836484,0.77612305,0.22387695
4120576,6655.395738151185,3.0,370.16748,500.0,213.92072,-1.0,0.1772461,1.0,0.48872027,0.15608414,-0.005793915,0.0006896931,-0.006138761,1.3964368,0.7762451,0.22375488
4128768,6664.791297531855,3.0,370.2317,500.0,213.88147,-1.0,0.1776123,1.0,0.48846233,0.15634345,-0.004504146,0.0006734348,-0.004840864,1.4004225,0.77612305,0.22387695
4136960,6655.34417320762,3.0,370.1123,500.0,213.94519,-1.0,0.17736816,1.0,0.48880085,0.15616094,-0.0036826327,0.0010731596,-0.0042192126,1.3939239,0.77612305,0.22387695
4145152,6671.362486270305,3.0,370.06494,500.0,213.96196,-1.0,0.1772461,1.0,0.48896998,0.15601695,-0.0047250316,0.0009186259,-0.005184344,1.3927745,0.77612305,0.22387695
4153344,6656.6541704275305,3.0,370.00574,500.0,213.9932,-1.0,0.17712402,1.0,0.48913905,0.15593484,-0.0035285854,0.0010483348,-0.0040527526,1.3877252,0.77612305,0.22387695
4161536,6659.514489012105,3.0,369.93945,500.0,214.03566,-1.0,0.17773438,1.0,0.48904237,0.15647659,-0.0050966125,8.29225e-05,-0.0051380736,1.3838571,0.77575684,0.22424316
4169728,6655.167569330678,3.0,370.10437,500.0,213.96239,-1.0,0.17810059,1.0,0.48853445,0.15674895,-0.0031858988,0.0018369881,-0.0041043926,1.3802338,0.77575684,0.22424316
4177920,6657.27324614099,3.0,370.1626,500.0,213.93233,-1.0,0.17797852,1.0,0.48845398,0.15660566,-0.005349721,0.0013708479,-0.0060351444,1.3772112,0.7758789,0.2241211
4186112,6652.980778431786,3.0,369.93005,500.0,214.04982,-1.0,0.17919922,1.0,0.4885075,0.15765129,-0.003707305,0.0005024131,-0.0039585116,1.3712014,0.7750244,0.22497559
4194304,6665.620069954624,3.0,370.33948,500.0,213.83939,-1.0,0.17834473,1.0,0.48794535,0.15694283,-0.0041497373,6.8648624e-05,-0.0041840617,1.3558211,0.7758789,0.2241211
4202496,6654.416140839195,3.0,370.51685,500.0,213.74591,-1.0,0.17797852,1.0,0.48770368,0.15662585,-0.005004204,0.00044617074,-0.0052272887,1.3479555,0.7762451,0.22375488
4210688,6672.994996963531,3.0,370.81152,500.0,213.59125,-1.0,0.1776123,1.0,0.4872112,0.15627554,-0.0031956392,0.0016191868,-0.004005233,1.3475858,0.7767334,0.2232666
4218880,6656.262148691103,3.0,370.8379,500.0,213.61003,-1.0,0.17797852,1.0,0.48695222,0.15673943,-0.004083881,0.00023581435,-0.0042017885,1.3449283,0.7766113,0.22338867
4227072,6656.9082354874035,3.0,370.72766,500.0,213.68826,-1.0,0.17810059,1.0,0.48703292,0.15680093,-0.005939037,0.0017270433,-0.006802559,1.3478485,0.77648926,0.22351074
4235264,6333.186068064205,3.0,370.95276,500.0,213.5808,-1.0,0.17810059,1.0,0.48653138,0.15676735,-0.0026213394,8.1931496e-05,-0.0026623048,1.3509678,0.7767334,0.2232666
4243456,6658.928549307649,3.0,370.75818,500.0,213.70242,-1.0,0.17871094,1.0,0.4866839,0.15737006,-0.003213861,0.00045201802,-0.00343987,1.350472,0.7762451,0.22375488
4251648,6676.02892320235,3.0,370.9862,500.0,213.59045,-1.0,0.17871094,1.0,0.486182,0.15736523,-0.0064369235,0.0001907886,-0.006532318,1.3520367,0.77648926,0.22351074
4259840,6660.331621134347,3.0,371.2107,500.0,213.4847,-1.0,0.17895508,1.0,0.48558962,0.15758595,-0.00057398505,0.0018849031,-0.0015164366,1.3544075,0.7766113,0.22338867
4268032,6662.35143007997,3.0,371.55603,500.0,213.31084,-1.0,0.1784668,1.0,0.48501486,0.1572456,-0.0028909736,0.00012227513,-0.002952111,1.3558136,0.7772217,0.22277832
4276224,6658.580131854844,3.0,371.71802,500.0,213.2402,-1.0,0.17858887,1.0,0.48459223,0.15729341,-0.0045205927,0.000377763,-0.004709474,1.3657491,0.77734375,0.22265625
4284416,6664.416413597298,3.0,371.7141,500.0,213.24669,-1.0,0.17883301,1.0,0.4845022,0.15750569,-0.00436656,6.4326385e-05,-0.0043987236,1.3770999,0.7772217,0.22277832
4292608,6675.913479813368,3.0,371.99585,500.0,213.11061,-1.0,0.1784668,1.0,0.4840071,0.15725452,-0.0017159749,0.00014117079,-0.0017865603,1.3771694,0.77770996,0.22229004
4300800,6667.050542681866,3.0,372.05176,500.0,213.08418,-1.0,0.17907715,1.0,0.48365548,0.15778449,-0.0028413231,0.00023877833,-0.0029607126,1.381919,0.7774658,0.22253418
4308992,6651.918184655247,3.0,372.172,500.0,213.01741,-1.0,0.17883301,1.0,0.48349336,0.15755628,-0.0029392818,0.00043114944,-0.0031548566,1.3873312,0.77770996,0.22229004
4317184,6654.996130737193,3.0,372.52625,500.0,212.82738,-1.0,0.17810059,1.0,0.48300603,0.15692739,-0.0037453244,7.568631e-05,-0.0037831673,1.4038188,0.7784424,0.22155762
4325376,6666.156748613551,3.0,372.52478,500.0,212.82988,-1.0,0.1776123,1.0,0.4831858,0.15648377,-0.002036477,0.0035807665,-0.00382686,1.4105172,0.7786865,0.22131348
4333568,6662.118908870012,3.0,372.69763,500.0,212.74132,-1.0,0.17749023,1.0,0.48285156,0.1564113,-0.0016300627,0.00017233055,-0.001716228,1.4129642,0.77893066,0.22106934
4341760,6656.291806615815,3.0,373.10388,500.0,212.52946,-1.0,0.17712402,1.0,0.4821007,0.1561161,-0.0034977554,0.0004080873,-0.003701799,1.4205983,0.779541,0.22045898
4349952,6654.633947413272,3.0,373.31958,500.0,212.4329,-1.0,0.17687988,1.0,0.48168367,0.15595311,-0.0038754274,0.0014265813,-0.004588718,1.4274588,0.7799072,0.22009277
4358144,6663.015496670891,3.0,373.13806,500.0,212.53625,-1.0,0.17773438,1.0,0.48174927,0.15671858,-0.0051043406,0.00015425119,-0.005181467,1.4180566,0.7792969,0.22070312
4366336,6655.476954557623,3.0,373.6322,500.0,212.28967,-1.0,0.17663574,1.0,0.48101255,0.15587431,-0.004672882,0.00010362392,-0.0047246935,1.4031429,0.7803955,0.21960449
4374528,6655.149522746994,3.0,373.67737,500.0,212.28044,-1.0,0.17651367,1.0,0.48093042,0.1557604,0.00086391636,0.0014272528,0.00015028991,1.4029325,0.7805176,0.21948242
4382720,6659.84235048482,3.0,373.86035,500.0,212.17418,-1.0,0.1763916,1.0,0.48059443,0.15564832,-0.00536804,0.0007859011,-0.00576099,1.398342,0.7807617,0.21923828
4390912,6657.867925186387,3.0,373.79785,500.0,212.2121,-1.0,0.17675781,1.0,0.48058683,0.1559956,-0.002162091,0.00046850802,-0.002396345,1.3885217,0.7805176,0.21948242
4399104,6651.237015228855,3.0,374.04187,500.0,212.07117,-1.0,0.17651367,1.0,0.48016834,0.15578446,-0.0041107945,0.00058920676,-0.0044053984,1.3874459,0.7808838,0.21911621
4407296,6670.380773315789,3.0,374.27893,500.0,211.94043,-1.0,0.17602539,1.0,0.47983903,0.15535757,-0.0053000622,0.00011780973,-0.005358967,1.396404,0.7813721,0.21862793
4415488,6664.334978870251,3.0,374.57617,500.0,211.77478,-1.0,0.17590332,1.0,0.47924745,0.15520462,-0.0036344132,0.00013355406,-0.0037011902,1.3950231,0.7817383,0.21826172
4423680,6639.31150974765,3.0,374.33936,500.0,211.90561,-1.0,0.17663574,1.0,0.47948742,0.15583792,-0.002556745,0.00066887937,-0.0028911845,1.3858097,0.7811279,0.21887207
4431872,6661.139914276913,3.0,374.16113,500.0,212.00452,-1.0,0.17700195,1.0,0.47973418,0.15616255,-0.0039488575,0.0005707033,-0.0042342087,1.3730441,0.7807617,0.21923828
4440064,6657.198435042706,3.0,374.0437,500.0,212.06808,-1.0,0.17700195,1.0,0.47998857,0.1561886,-0.0033405519,0.0023190207,-0.004500062,1.3674272,0.78063965,0.21936035
4448256,6658.777563934732,3.0,373.98157,500.0,212.1056,-1.0,0.17736816,1.0,0.4799806,0.15653533,-0.0034573842,0.00074876024,-0.0038317647,1.3598921,0.7803955,0.21960449
4456448,6658.653683614258,3.0,373.91577,500.0,212.14906,-1.0,0.17773438,1.0,0.47997227,0.15685424,-0.0047312686,0.00018839566,-0.0048254672,1.3484726,0.78015137,0.21984863
4464640,6651.256328130112,3.0,373.91174,500.0,212.15575,-1.0,0.17749023,1.0,0.48006257,0.15668559,-0.002851491,0.00037854697,-0.0030407645,1.3414578,0.78027344,0.21972656
4472832,6667.791888014398,3.0,374.0244,500.0,212.10027,-1.0,0.17700195,1.0,0.47998857,0.15629125,-0.0031372863,0.001865425,-0.004069999,1.3424121,0.78063965,0.21936035
4481024,6666.449048520129,3.0,373.9657,500.0,212.13239,-1.0,0.17712402,1.0,0.48007077,0.15645882,-0.0026844726,0.0011578598,-0.0032634025,1.3445399,0.7805176,0.21948242
4489216,6652.013482239415,3.0,374.02368,500.0,212.10155,-1.0,0.17675781,1.0,0.48007855,0.15617034,-0.001854141,0.0006081185,-0.0021582001,1.3485903,0.7807617,0.21923828
4497408,6660.837749790588,3.0,374.1421,500.0,212.03639,-1.0,0.17675781,1.0,0.47982422,0.15614906,-0.004346393,0.0005529546,-0.0046228706,1.3552827,0.7808838,0.21911621
4505600,6662.0581976707435,3.0,373.84424,500.0,212.20198,-1.0,0.17736816,1.0,0.48023483,0.15665647,-0.0041579553,0.00034646486,-0.004331188,1.35938,0.78027344,0.21972656
4513792,6668.5955217594665,3.0,373.83752,500.0,212.21259,-1.0,0.17785645,1.0,0.4800542,0.1570609,-0.0029888186,9.109297e-05,-0.0030343654,1.3530859,0.7800293,0.2199707
4521984,6673.509532936235,3.0,373.81116,500.0,212.24284,-1.0,0.17810059,1.0,0.4799637,0.15736878,-0.0052631665,5.586035e-05,-0.005291097,1.3432834,0.7799072,0.22009277
4530176,6677.684483224716,3.0,373.9281,500.0,212.18036,-1.0,0.17810059,1.0,0.4797093,0.1573652,-0.00513962,0.00054268574,-0.005410963,1.3452555,0.7800293,0.2199707
4538368,6672.961302161796,3.0,374.3501,500.0,211.96808,-1.0,0.17810059,1.0,0.47869033,0.15748484,-0.003382428,0.00028184225,-0.0035233498,1.3568776,0.7805176,0.21948242
4546560,6675.5567979387215,3.0,374.57922,500.0,211.85007,-1.0,0.17883301,1.0,0.47790658,0.15807553,-0.0039853607,0.00024074904,-0.004105735,1.3641545,0.7803955,0.21960449
4554752,6666.066218443376,3.0,374.30627,500.0,211.9965,-1.0,0.17944336,1.0,0.4783162,0.15869266,-0.004328618,0.0019832128,-0.005320224,1.3685809,0.77978516,0.22021484
4562944,6675.180701975585,3.0,374.4745,500.0,211.913,-1.0,0.17956543,1.0,0.4778874,0.15873553,-0.004029208,0.0004984655,-0.004278441,1.3747296,0.7799072,0.22009277
4571136,6655.907563539606,3.0,374.59412,500.0,211.8455,-1.0,0.17932129,1.0,0.47772363,0.15851241,-0.004543796,0.00012982958,-0.004608711,1.3768535,0.78015137,0.21984863
4579328,6656.725100345664,3.0,374.813,500.0,211.7415,-1.0,0.17907715,1.0,0.47730398,0.15839866,-0.0058094948,4.208799e-05,-0.0058305385,1.366011,0.7805176,0.21948242
4587520,6650.295969069308,3.0,374.91028,500.0,211.70966,-1.0,0.17834473,1.0,0.4773225,0.15787938,-0.0036885215,0.0011745745,-0.004275809,1.3705758,0.78100586,0.21899414
4595712,6661.364618462396,3.0,374.90283,500.0,211.72217,-1.0,0.17810059,1.0,0.4774136,0.15770495,-0.005458099,0.0007716656,-0.005843932,1.3787227,0.7811279,0.21887207
4603904,6667.251064856974,3.0,374.78174,500.0,211.79227,-1.0,0.17858887,1.0,0.47748685,0.15811987,-0.0046369545,9.134438e-05,-0.0046826275,1.3762549,0.7807617,0.21923828
4612096,6666.349456734946,3.0,374.7804,500.0,211.79445,-1.0,0.17907715,1.0,0.477304,0.15852168,-0.00224607,0.0007169188,-0.0026045295,1.357736,0.7805176,0.21948242
4620288,6674.833175105946,3.0,374.77637,500.0,211.80138,-1.0,0.17932129,1.0,0.4772123,0.1587577,-0.005365911,3.89245e-05,-0.0053853737,1.3451016,0.7803955,0.21960449
4628480,6657.409974216872,3.0,374.833,500.0,211.77287,-1.0,0.1796875,1.0,0.47694656,0.15905869,-0.004637647,9.235941e-05,-0.004683827,1.3500093,0.78027344,0.21972656
4636672,6666.049405968216,3.0,374.64062,500.0,211.89447,-1.0,0.18029785,1.0,0.47710013,0.15967192,-0.0040231925,0.0005859897,-0.0043161875,1.3579476,0.77978516,0.22021484
4644864,6679.28762949966,3.0,374.75488,500.0,211.83553,-1.0,0.18005371,1.0,0.47693643,0.15948808,-0.0014592193,0.00015211658,-0.0015352773,1.3562843,0.7800293,0.2199707
4653056,6652.806876220062,3.0,375.10913,500.0,211.64009,-1.0,0.17932129,1.0,0.47644427,0.15885901,-0.00467473,0.0003247556,-0.004837108,1.3593798,0.7807617,0.21923828
4661248,6661.356869789838,3.0,375.34412,500.0,211.5114,-1.0,0.17858887,1.0,0.47620687,0.15822458,-0.004235436,0.0008274248,-0.004649149,1.3583133,0.7813721,0.21862793
4669440,6649.532771550621,3.0,375.2827,500.0,211.54814,-1.0,0.17871094,1.0,0.47628927,0.15835029,-0.0011351369,0.00044381013,-0.0013570422,1.3634756,0.78125,0.21875
4677632,6652.323862218404,3.0,375.10205,500.0,211.65215,-1.0,0.17932129,1.0,0.4764443,0.15890148,-0.001720464,0.000278497,-0.0018597125,1.3627264,0.7807617,0.21923828
4685824,6663.501356855129,3.0,375.22107,500.0,211.58525,-1.0,0.17932129,1.0,0.476188,0.15889147,-0.00092063355,3.5546484e-05,-0.000938407,1.3525469,0.7808838,0.21911621
4694016,6655.902406216149,3.0,375.28088,500.0,211.55124,-1.0,0.17919922,1.0,0.47610578,0.15877977,-0.003829915,9.016475e-06,-0.003834423,1.3414134,0.78100586,0.21899414
4702208,6641.87318642233,3.0,375.51758,500.0,211.4194,-1.0,0.17871094,1.0,0.4757764,0.15836875,-0.0041440087,0.0004130879,-0.004350553,1.3453051,0.78149414,0.21850586
4710400,6662.032363453472,3.0,375.6233,500.0,211.37328,-1.0,0.17871094,1.0,0.47551975,0.15843529,-0.0022339327,0.00013361902,-0.002300742,1.3455693,0.7816162,0.21838379
4718592,6662.770009162348,3.0,375.79688,500.0,211.28078,-1.0,0.17810059,1.0,0.47536367,0.15792863,-0.0011164731,0.0002904585,-0.0012617023,1.3461872,0.7821045,0.21789551
4726784,6662.7984331057505,3.0,375.9729,500.0,211.18391,-1.0,0.17773438,1.0,0.47511548,0.15762398,-0.0037885872,0.0004898724,-0.0040335236,1.3503298,0.7824707,0.2175293
4734976,6649.467142170406,3.0,376.09412,500.0,211.11258,-1.0,0.1772461,1.0,0.47504094,0.15716985,-0.0044067632,0.00029846028,-0.0045559937,1.3540242,0.7828369,0.21716309
4743168,6661.301338164041,3.0,376.03406,500.0,211.14731,-1.0,0.17736816,1.0,0.47512388,0.15728362,-0.0054745846,0.0001391712,-0.0055441703,1.3549471,0.78271484,0.21728516
4751360,6663.1085282427,3.0,375.96985,500.0,211.18913,-1.0,0.1772461,1.0,0.47529784,0.1572021,-0.0035140768,0.0008901561,-0.0039591547,1.3543305,0.78271484,0.21728516
4759552,6661.173489801018,3.0,376.1466,500.0,211.09084,-1.0,0.17687988,1.0,0.47504896,0.1568911,-0.004236395,3.118337e-05,-0.0042519867,1.3591402,0.78308105,0.21691895
4767744,6653.9174303754035,3.0,375.96375,500.0,211.19963,-1.0,0.1772461,1.0,0.47529784,0.15725625,-0.0045218742,5.352695e-05,-0.0045486377,1.3604517,0.78271484,0.21728516
4775936,6664.875329027383,3.0,375.95435,500.0,211.2153,-1.0,0.17675781,1.0,0.47547963,0.15688646,-0.002405067,0.0018934,-0.003351767,1.3592478,0.782959,0.21704102
4784128,6664.844301766895,3.0,376.06494,500.0,211.162,-1.0,0.17626953,1.0,0.47540417,0.15652658,-0.003783933,0.0018514324,-0.004709649,1.3611944,0.7833252,0.2166748
4792320,6648.462273655964,3.0,376.11853,500.0,211.13805,-1.0,0.1763916,1.0,0.47523052,0.15667866,-0.0027953265,0.00012987542,-0.0028602644,1.360506,0.7833252,0.2166748
4800512,6660.934594397173,3.0,376.1095,500.0,211.15306,-1.0,0.1763916,1.0,0.47523052,0.15675037,-0.001189845,0.00034510958,-0.0013623997,1.3501204,0.7833252,0.2166748
4808704,6672.820046888764,3.0,375.98743,500.0,211.22583,-1.0,0.1763916,1.0,0.47548732,0.15676984,-0.0043334276,0.0010896248,-0.0048782397,1.3377436,0.7832031,0.21679688
4816896,6645.872374681509,3.0,375.92798,500.0,211.25949,-1.0,0.17626953,1.0,0.4756609,0.15666029,-0.0038935095,0.0005122763,-0.0041496474,1.3323529,0.7832031,0.21679688
4825088,6661.5841716763025,3.0,376.04663,500.0,211.19249,-1.0,0.17602539,1.0,0.4754946,0.15644309,-0.0030220055,0.0004070678,-0.0032255393,1.3375679,0.78344727,0.21655273
4833280,6649.0026261438215,3.0,375.92407,500.0,211.266,-1.0,0.17602539,1.0,0.47575122,0.15646651,-0.0008951257,0.0011405465,-0.0014653988,1.3476313,0.7833252,0.2166748
4841472,6654.711278620705,3.0,375.92188,500.0,211.26979,-1.0,0.17626953,1.0,0.4756609,0.1567028,-0.0025351122,0.00020351619,-0.0026368701,1.3405926,0.7832031,0.21679688
4849664,6667.4826506356085,3.0,375.86096,500.0,211.30592,-1.0,0.1763916,1.0,0.47574398,0.15682428,-0.0026620023,0.00013652697,-0.0027302657,1.3390309,0.78308105,0.21691895
4857856,6662.698950364842,3.0,375.8573,500.0,211.31223,-1.0,0.17663574,1.0,0.47565335,0.15707803,-0.004895708,0.0002522588,-0.0050218375,1.3463247,0.782959,0.21704102
4866048,6654.619770220195,3.0,375.91504,500.0,211.28159,-1.0,0.17651367,1.0,0.4755703,0.15698567,-0.004835737,0.00012018093,-0.004895827,1.3448216,0.78308105,0.21691895
4874240,6672.134590174217,3.0,375.9729,500.0,211.25076,-1.0,0.17614746,1.0,0.47557777,0.15668854,-0.0054077385,0.00067972473,-0.005747601,1.3425057,0.7833252,0.2166748
4882432,6667.4968826886125,3.0,376.0901,500.0,211.18628,-1.0,0.17614746,1.0,0.47532102,0.15670812,-0.005052431,3.620408e-05,-0.005070532,1.3461477,0.78344727,0.21655273
4890624,6655.203662791666,3.0,376.5016,500.0,210.95755,-1.0,0.17529297,1.0,0.4747377,0.15598297,-0.0050342157,3.340443e-05,-0.005050918,1.3574455,0.78430176,0.21569824
4898816,6669.058896235175,3.0,376.56042,500.0,210.92477,-1.0,0.1751709,1.0,0.47465423,0.15588006,-0.0021102657,0.00017512485,-0.0021978281,1.3632107,0.7844238,0.21557617
4907008,6669.631084289173,3.0,376.67688,500.0,210.86118,-1.0,0.17492676,1.0,0.47448704,0.15568417,-0.0046909656,7.3955336e-05,-0.0047279433,1.3591825,0.78466797,0.21533203
4915200,6667.125575373826,3.0,376.79138,500.0,210.80058,-1.0,0.17443848,1.0,0.47440955,0.15527278,-0.0041995645,0.0020968835,-0.0052480055,1.3610777,0.7850342,0.21496582
4923392,6669.743721104755,3.0,376.79065,500.0,210.80183,-1.0,0.17468262,1.0,0.47431967,0.15548481,-0.007070287,0.00013082189,-0.0071356976,1.3655576,0.7849121,0.21508789
4931584,6660.888108634562,3.0,377.0205,500.0,210.67926,-1.0,0.17443848,1.0,0.47389463,0.15533693,-0.0039209253,7.490072e-05,-0.003958375,1.3724773,0.7852783,0.21472168
4939776,6663.6150790456995,3.0,377.01672,500.0,210.6859,-1.0,0.17443848,1.0,0.47389466,0.15537234,-0.0057653873,0.00013438938,-0.005832582,1.3720951,0.7852783,0.21472168
4947968,6652.629118911036,3.0,377.0681,500.0,210.66548,-1.0,0.1743164,1.0,0.47381073,0.15533036,-0.0026860002,6.9386064e-05,-0.0027206931,1.3717908,0.7854004,0.21459961
4956160,6653.940624553383,3.0,377.18652,500.0,210.59822,-1.0,0.17407227,1.0,0.4736428,0.15511794,-0.0046063485,2.4470199e-05,-0.0046185837,1.3801402,0.78564453,0.21435547
4964352,6659.413813621047,3.0,377.42432,500.0,210.46178,-1.0,0.17358398,1.0,0.47330642,0.15468502,-0.0047961734,2.2711862e-05,-0.0048075295,1.3851862,0.7861328,0.21386719
4972544,6659.453825270959,3.0,377.6034,500.0,210.35793,-1.0,0.17321777,1.0,0.47305372,0.15435387,-0.0059807254,2.5801413e-05,-0.005993626,1.3864214,0.786499,0.21350098
4980736,6652.36894055765,3.0,378.0171,500.0,210.1218,-1.0,0.17260742,1.0,0.4723731,0.15382409,-0.0051027364,0.00015330478,-0.0051793894,1.3913031,0.78723145,0.21276855
4988928,6657.705377630017,3.0,378.0719,500.0,210.09557,-1.0,0.17272949,1.0,0.47219923,0.1539819,-0.00033726916,0.0001283937,-0.00040146615,1.4097264,0.78723145,0.21276855
4997120,6665.773952106554,3.0,378.24402,500.0,210.0029,-1.0,0.17285156,1.0,0.47176662,0.154113,-0.0052132052,2.3128e-05,-0.0052247695,1.4194983,0.7873535,0.21264648
5005312,6657.529938380565,3.0,378.53186,500.0,209.84644,-1.0,0.17199707,1.0,0.4714319,0.15341234,-0.005981686,0.00080550095,-0.0063844356,1.4310812,0.78808594,0.21191406
5013504,6673.528975397681,3.0,378.4126,500.0,209.91617,-1.0,0.17224121,1.0,0.4716017,0.15363196,-0.005662072,6.643649e-05,-0.00569529,1.4478714,0.7878418,0.2121582
5021696,6652.135827735475,3.0,378.4077,500.0,209.92441,-1.0,0.17224121,1.0,0.4716017,0.15367113,-0.005375429,0.00035070328,-0.005550781,1.4548002,0.7878418,0.2121582
5029888,6650.120920092653,3.0,378.3468,500.0,209.96149,-1.0,0.17236328,1.0,0.4716865,0.15379287,-0.0013809449,0.00026947135,-0.0015156807,1.45623,0.7877197,0.21228027
5038080,6669.70617507685,3.0,378.4679,500.0,209.88863,-1.0,0.171875,1.0,0.4716059,0.1533553,-0.0048812767,0.00050511205,-0.005133832,1.4620007,0.78808594,0.21191406
5046272,6660.891982423331,3.0,378.5852,500.0,209.82225,-1.0,0.171875,1.0,0.47134697,0.15337351,-0.004303373,0.00040766317,-0.0045072045,1.466347,0.788208,0.21179199
5054464,6658.27948980448,3.0,378.82397,500.0,209.68198,-1.0,0.17138672,1.0,0.4710067,0.1529209,0.0038518074,0.00040380776,0.0036499042,1.4695904,0.7886963,0.21130371
5062656,6661.894153794371,3.0,378.64417,500.0,209.7883,-1.0,0.17126465,1.0,0.4714397,0.1528793,-0.0050872676,0.00085639465,-0.0055154655,1.4750663,0.7885742,0.21142578
5070848,6651.999316209532,3.0,378.70215,500.0,209.75621,-1.0,0.17114258,1.0,0.47135445,0.15278374,-0.0020981627,0.00052711257,-0.0023617186,1.4741985,0.7886963,0.21130371
5079040,6649.141588123567,3.0,378.69727,500.0,209.76476,-1.0,0.17138672,1.0,0.4712658,0.15303576,-0.0031896539,0.00029735966,-0.0033383337,1.4766921,0.7885742,0.21142578
5087232,6664.217354444607,3.0,379.01904,500.0,209.60252,-1.0,0.1706543,1.0,0.47075418,0.15254521,-0.0027203513,0.00020407492,-0.002822389,1.4781854,0.78930664,0.21069336
5095424,6648.596067042972,3.0,379.31604,500.0,209.42888,-1.0,0.17004395,1.0,0.4703266,0.15199381,-0.005109493,0.0004495035,-0.0053342455,1.475464,0.789917,0.21008301
5103616,6656.67996295014,3.0,379.6632,500.0,209.23561,-1.0,0.16955566,1.0,0.4697239,0.15160573,-0.0042832703,0.00040492896,-0.0044857343,1.4787676,0.79052734,0.20947266
5111808,6652.560852324223,3.0,379.60303,500.0,209.272,-1.0,0.16967773,1.0,0.4698097,0.15172248,-0.0026667167,0.0003878096,-0.0028606215,1.4744837,0.7904053,0.20959473
5120000,6656.518762962972,3.0,379.3601,500.0,209.42072,-1.0,0.17016602,1.0,0.47015262,0.15218791,-0.0043932423,0.0019037048,-0.0053450945,1.4673414,0.789917,0.21008301
5128192,6646.763308813373,3.0,379.41492,500.0,209.39384,-1.0,0.1697998,1.0,0.47015524,0.15185122,-0.0026643397,0.00086102507,-0.0030948524,1.4669398,0.79016113,0.20983887
5136384,6642.685994787501,3.0,379.28076,500.0,209.46257,-1.0,0.16992188,1.0,0.47050047,0.1518484,-0.0052371356,0.001811032,-0.006142651,1.4659512,0.789917,0.21008301
5144576,6660.047603033329,3.0,379.21838,500.0,209.50252,-1.0,0.1697998,1.0,0.47067422,0.15175971,-0.003290667,0.0020990877,-0.004340211,1.4727509,0.789917,0.21008301
5152768,6647.272521289426,3.0,379.01,500.0,209.61049,-1.0,0.1697998,1.0,0.47119263,0.15159032,-0.001711419,0.0031140067,-0.0032684223,1.4777738,0.78967285,0.21032715
5160960,6665.504986266355,3.0,379.09998,500.0,209.544,-1.0,0.17016602,1.0,0.4709309,0.15182759,-0.0041790823,0.0004917522,-0.0044249585,1.4724095,0.7895508,0.21044922
5169152,6659.850095634315,3.0,378.9784,500.0,209.61821,-1.0,0.17016602,1.0,0.47119004,0.15184188,-0.005194776,0.0014094652,-0.0058995085,1.4653096,0.7894287,0.21057129
5177344,6664.014429756951,3.0,378.91858,500.0,209.65358,-1.0,0.17028809,1.0,0.4712755,0.15195787,-0.006457316,0.00097509153,-0.0069448617,1.4707998,0.78930664,0.21069336
5185536,6655.108273780378,3.0,378.85754,500.0,209.69107,-1.0,0.16992188,1.0,0.4715371,0.15164736,-0.005574436,0.0010367759,-0.006092825,1.4808044,0.7894287,0.21057129
5193728,6667.111344905918,3.0,378.99194,500.0,209.60187,-1.0,0.16918945,1.0,0.47154158,0.15094863,-0.005442084,0.001576759,-0.0062304637,1.485704,0.789917,0.21008301
5201920,6653.050341862121,3.0,378.9286,500.0,209.6434,-1.0,0.16955566,1.0,0.47153953,0.15129268,-0.0051243342,0.00055520557,-0.0054019364,1.4799464,0.78967285,0.21032715
5210112,6668.812963215278,3.0,378.80457,500.0,209.72174,-1.0,0.16955566,1.0,0.4717983,0.15130608,-0.0077178427,0.0013173125,-0.0083765,1.4673653,0.7895508,0.21044922
5218304,6656.196386409478,3.0,378.9265,500.0,209.64764,-1.0,0.16931152,1.0,0.47162727,0.15107852,-0.0051064882,0.0011248599,-0.005668918,1.45369,0.7897949,0.21020508
5226496,6649.647304356442,3.0,378.82324,500.0,209.69708,-1.0,0.16955566,1.0,0.47179833,0.15125108,-0.0025107008,0.0010406786,-0.00303104,1.4458096,0.7895508,0.21044922
5234688,6647.060339942849,3.0,378.9823,500.0,209.57617,-1.0,0.16906738,1.0,0.4717148,0.15085271,-0.002274487,0.0007530656,-0.0026510195,1.4360253,0.789917,0.21008301
5242880,6650.863654514811,3.0,378.97937,500.0,209.58131,-1.0,0.16906738,1.0,0.4717148,0.1508874,-0.0063045416,0.0007690367,-0.00668906,1.4347792,0.789917,0.21008301
5251072,6657.36869722479,3.0,379.15088,500.0,209.48848,-1.0,0.16845703,1.0,0.47154495,0.15036999,-0.0038977242,0.0024132337,-0.005104341,1.4397358,0.7904053,0.20959473
5259264,6669.130090757924,3.0,379.02466,500.0,209.57045,-1.0,0.16918945,1.0,0.47154158,0.1510032,-0.003800151,0.0013404905,-0.0044703963,1.4451444,0.789917,0.21008301
5267456,6657.714407841591,3.0,379.14734,500.0,209.49435,-1.0,0.16870117,1.0,0.47145763,0.15055087,-0.008231251,0.00074813794,-0.008605319,1.4459269,0.7902832,0.2097168
5275648,6658.332390514556,3.0,379.28333,500.0,209.41129,-1.0,0.16870117,1.0,0.47119865,0.15053459,-0.004703675,0.0004678755,-0.0049376125,1.4367359,0.7904053,0.20959473
5283840,6656.71478317272,3.0,379.25183,500.0,209.40465,-1.0,0.16809082,1.0,0.4715462,0.15000844,-0.0042789355,0.0016541086,-0.00510599,1.4277852,0.7906494,0.20935059
5292032,6659.261515609846,3.0,379.47058,500.0,209.25867,-1.0,0.16723633,1.0,0.47146168,0.14934602,-0.005963932,0.000644237,-0.00628605,1.4343901,0.79125977,0.20874023
5300224,6650.7065980505695,3.0,379.48193,500.0,209.26315,-1.0,0.16711426,1.0,0.47137552,0.14934605,-0.006580932,0.00065578276,-0.006908823,1.4417033,0.79138184,0.20861816
5308416,6664.305249227713,3.0,379.4906,500.0,209.25217,-1.0,0.16662598,1.0,0.4715484,0.14904606,-0.0059209093,0.0013324299,-0.0065871244,1.4412851,0.791626,0.20837402
5316608,6672.9742616606545,3.0,379.5254,500.0,209.22406,-1.0,0.16687012,1.0,0.471462,0.14932843,-0.0041419202,0.0020460133,-0.005164927,1.4387145,0.7915039,0.2084961
5324800,6660.935885677619,3.0,379.7633,500.0,209.0838,-1.0,0.1661377,1.0,0.47120276,0.14865364,-0.0046395473,0.0019598585,-0.005619477,1.4340285,0.79211426,0.20788574
5332992,6664.1113667602995,3.0,379.82117,500.0,209.05148,-1.0,0.16601562,1.0,0.47111627,0.148565,-0.005766402,0.0007990459,-0.0061659254,1.4351307,0.7922363,0.20776367
5341184,6659.380255833786,3.0,379.81262,500.0,209.06596,-1.0,0.16625977,1.0,0.47103012,0.1488077,-0.0059301443,0.00075889623,-0.006309592,1.4280344,0.79211426,0.20788574
5349376,6663.10335975389,3.0,379.85144,500.0,209.06157,-1.0,0.1661377,1.0,0.47094363,0.14880003,-0.0040747924,0.00154144,-0.004845513,1.4196597,0.7922363,0.20776367
5357568,6657.047528116359,3.0,379.91138,500.0,209.02563,-1.0,0.16577148,1.0,0.47094306,0.14848062,-0.0025784948,0.0011694604,-0.003163225,1.4237982,0.79248047,0.20751953
5365760,6657.203594374814,3.0,379.78186,500.0,209.1142,-1.0,0.16625977,1.0,0.47103012,0.14895718,-0.0031967983,0.00065352843,-0.0035235626,1.4310356,0.79211426,0.20788574
5373952,6660.144424664587,3.0,379.78357,500.0,209.11139,-1.0,0.16625977,1.0,0.47103012,0.14890264,-0.0044898205,0.0021904313,-0.005585036,1.4311446,0.79211426,0.20788574
5382144,6657.609916891624,3.0,379.83728,500.0,209.08598,-1.0,0.1661377,1.0,0.47094363,0.14876541,-0.0010314481,0.0011497065,-0.0016063012,1.4325919,0.7922363,0.20776367
5390336,6672.682685111065,3.0,379.7782,500.0,209.12047,-1.0,0.16601562,1.0,0.47111627,0.1486766,-0.006314266,0.0009738008,-0.0068011656,1.4376483,0.7922363,0.20776367
5398528,6661.912236975097,3.0,379.9038,500.0,209.04126,-1.0,0.16577148,1.0,0.47094306,0.14832687,-0.0058416757,0.002655891,-0.0071696215,1.4452107,0.79248047,0.20751953
5406720,6650.4272618496,3.0,379.90637,500.0,209.03706,-1.0,0.16601562,1.0,0.47085708,0.1484969,-0.00446757,0.00081621134,-0.004875676,1.4315414,0.7923584,0.2076416
5414912,6658.431742900412,3.0,380.02283,500.0,208.97073,-1.0,0.16577148,1.0,0.47068378,0.14829636,-0.0044102506,0.0006370177,-0.00472876,1.4190345,0.79260254,0.20739746
5423104,6665.504986266355,3.0,379.87268,500.0,209.07469,-1.0,0.1652832,1.0,0.47111464,0.14800735,-0.0047629536,0.0018458082,-0.0056858584,1.4178536,0.7927246,0.20727539
5431296,6658.065315032944,3.0,379.9265,500.0,209.04898,-1.0,0.16540527,1.0,0.4709423,0.1480833,-0.0030745019,0.00030034553,-0.0032246746,1.416274,0.7927246,0.20727539
5439488,6680.309631209493,3.0,380.0453,500.0,208.97893,-1.0,0.16491699,1.0,0.47085425,0.14764468,-0.0072888806,0.0015299945,-0.008053876,1.4060217,0.7930908,0.20690918
5447680,6660.588549283303,3.0,379.83655,500.0,209.07751,-1.0,0.16540527,1.0,0.47120142,0.14791906,-0.005415067,0.0010878174,-0.005958976,1.3977115,0.79260254,0.20739746
5455872,6670.661788271272,3.0,379.8457,500.0,209.08113,-1.0,0.16479492,1.0,0.47128567,0.14747989,-0.003781773,0.0018070898,-0.004685318,1.3806626,0.79296875,0.20703125
5464064,6656.699307473267,3.0,379.72266,500.0,209.15854,-1.0,0.16503906,1.0,0.47145924,0.1477262,-0.0028417883,0.00081357174,-0.0032485747,1.3758326,0.7927246,0.20727539
5472256,6650.996257140778,3.0,379.59546,500.0,209.20592,-1.0,0.16564941,1.0,0.47163355,0.14803684,-0.007486933,0.0019734865,-0.008473676,1.3694301,0.7922363,0.20776367
5480448,6659.235703078001,3.0,379.55505,500.0,209.21442,-1.0,0.16577148,1.0,0.47172004,0.14803332,-0.005510046,0.0017016088,-0.0063608503,1.359546,0.79211426,0.20788574
5488640,6653.248734449898,3.0,379.6306,500.0,209.15654,-1.0,0.16540527,1.0,0.47171926,0.14763981,-0.0056648604,0.0016305251,-0.006480123,1.3642954,0.7923584,0.2076416
5496832,6659.038243830023,3.0,379.56226,500.0,209.1634,-1.0,0.16564941,1.0,0.4718923,0.14766166,-0.0034152986,0.0008688347,-0.0038497155,1.3622311,0.79211426,0.20788574
5505024,6665.908443166781,3.0,379.19934,500.0,209.33173,-1.0,0.16625977,1.0,0.4725825,0.14816606,-0.0008727328,0.0014944877,-0.0016199768,1.3527604,0.79138184,0.20861816
5513216,6660.783518040955,3.0,378.91357,500.0,209.46901,-1.0,0.16687012,1.0,0.47301295,0.14873967,-0.0043775653,0.0011647056,-0.004959918,1.3466194,0.7907715,0.20922852
5521408,6662.828149305886,3.0,378.99023,500.0,209.386,-1.0,0.16589355,1.0,0.47335634,0.14811271,-0.005429685,0.0030266414,-0.006943006,1.3418753,0.79125977,0.20874023
5529600,6654.742211606919,3.0,379.37244,500.0,209.13571,-1.0,0.16540527,1.0,0.47275323,0.14755735,-0.0034221772,0.0013946795,-0.004119517,1.3495438,0.7918701,0.20812988
5537792,6659.000818233863,3.0,379.32385,500.0,209.12463,-1.0,0.1661377,1.0,0.47275457,0.14791752,-0.004513487,0.00066978234,-0.0048483782,1.3476974,0.79138184,0.20861816
5545984,6660.783518040955,3.0,379.1803,500.0,209.18095,-1.0,0.16625977,1.0,0.47309884,0.14801027,-0.006535352,0.0015404967,-0.0073056007,1.3452097,0.7911377,0.2088623
5554176,6664.0376943805595,3.0,379.39087,500.0,209.03142,-1.0,0.16638184,1.0,0.4726687,0.1478867,-0.004608591,0.0008855031,-0.005051343,1.3407187,0.79125977,0.20874023
5562368,6673.635262856023,3.0,379.64136,500.0,208.87177,-1.0,0.16662598,1.0,0.47206587,0.14795229,-0.004072943,0.0004254979,-0.0042856913,1.3295774,0.79138184,0.20861816
5570560,6647.954165141392,3.0,379.61365,500.0,208.85968,-1.0,0.16625977,1.0,0.47232413,0.14758506,-0.0040300484,0.0016346942,-0.0048473957,1.33336,0.7915039,0.2084961
5578752,6663.989872830478,3.0,379.7904,500.0,208.75693,-1.0,0.16589355,1.0,0.47206518,0.14726907,-0.0067038415,0.00017030179,-0.006788993,1.3395898,0.7918701,0.20812988
5586944,6664.562484046437,3.0,379.41162,500.0,208.94904,-1.0,0.16674805,1.0,0.47266877,0.14786483,-0.004940419,0.0015684025,-0.00572462,1.3402727,0.7910156,0.20898438
5595136,6654.7190118403,3.0,379.54675,500.0,208.85512,-1.0,0.16625977,1.0,0.4725825,0.14750059,-0.005078814,0.00057592586,-0.0053667766,1.3399878,0.79138184,0.20861816
5603328,6665.979570440695,3.0,379.6018,500.0,208.8276,-1.0,0.16638184,1.0,0.4724104,0.14759463,-0.0022259047,0.00045138344,-0.0024515963,1.3338705,0.79138184,0.20861816
5611520,6663.6460948622625,3.0,379.19604,500.0,209.05571,-1.0,0.16699219,1.0,0.47309893,0.14810818,-0.005543142,0.0017032786,-0.006394781,1.3337415,0.7906494,0.20935059
5619712,6663.722343305332,3.0,379.00696,500.0,209.1557,-1.0,0.16772461,1.0,0.47335577,0.14859992,-0.0073385993,0.0011492921,-0.007913246,1.3365629,0.79003906,0.20996094
5627904,6662.388893348612,3.0,379.10327,500.0,209.06888,-1.0,0.16687012,1.0,0.47352883,0.14784291,-0.004199589,0.0023032872,-0.0053512324,1.3294022,0.79052734,0.20947266
5636096,6656.59355878615,3.0,379.1754,500.0,209.01357,-1.0,0.16699219,1.0,0.47335687,0.14785005,-0.0045700376,0.00032363678,-0.004731856,1.3263295,0.79052734,0.20947266
5644288,6657.060425876865,3.0,379.26355,500.0,208.93721,-1.0,0.16638184,1.0,0.47344285,0.14735964,-0.0065898467,0.0016447102,-0.0074122017,1.3129303,0.79089355,0.20910645
5652480,6659.363477066981,3.0,379.4652,500.0,208.79825,-1.0,0.16577148,1.0,0.47327015,0.14671071,-0.0032293324,0.0021205666,-0.0042896154,1.3169453,0.79138184,0.20861816
5660672,6663.378592938161,3.0,379.40808,500.0,208.82928,-1.0,0.1661377,1.0,0.4732707,0.14698058,-0.0053430884,0.0005043333,-0.0055952556,1.3133695,0.7911377,0.2088623
5668864,6665.210183261698,3.0,378.9386,500.0,209.04305,-1.0,0.16625977,1.0,0.4743872,0.14688745,-0.0027523942,0.0022410941,-0.0038729412,1.3087485,0.79052734,0.20947266
5677056,6662.9160074479405,3.0,378.77222,500.0,209.11482,-1.0,0.16601562,1.0,0.474987,0.14686823,-0.0051332014,0.0014272784,-0.005846841,1.3115213,0.7904053,0.20959473
5685248,6663.947221756751,3.0,378.88916,500.0,209.04868,-1.0,0.16625977,1.0,0.47464442,0.14709187,-0.0064629815,7.6124193e-06,-0.006466788,1.3144221,0.7904053,0.20959473
5693440,6670.722656381198,3.0,378.8352,500.0,209.03468,-1.0,0.16577148,1.0,0.4750722,0.14677876,-0.004969,0.0022286552,-0.0060833273,1.3093519,0.79052734,0.20947266
5701632,6653.394315758247,3.0,378.89502,500.0,208.97243,-1.0,0.16552734,1.0,0.47515735,0.14637059,-0.0055697854,0.0011918298,-0.0061657,1.3127815,0.7906494,0.20935059
5709824,6667.899286785505,3.0,378.73694,500.0,209.04523,-1.0,0.16564941,1.0,0.47550005,0.14635208,-0.0048098667,0.0013491301,-0.0054844315,1.3074163,0.7904053,0.20959473
5718016,6658.593035554754,3.0,378.67688,500.0,209.08105,-1.0,0.16577148,1.0,0.47558585,0.14647636,-0.005566325,0.000972222,-0.0060524363,1.3041537,0.7902832,0.2097168
5726208,6655.377690330046,3.0,378.65857,500.0,209.05586,-1.0,0.16589355,1.0,0.47567162,0.14637016,-0.005184725,0.0008503963,-0.005609923,1.3090116,0.79016113,0.20983887
5734400,6653.074818229874,3.0,378.89685,500.0,208.91583,-1.0,0.16564941,1.0,0.4752433,0.14613187,-0.0066512586,0.0005689964,-0.0069357567,1.3049469,0.79052734,0.20947266
5742592,6653.853002951653,3.0,379.0769,500.0,208.80824,-1.0,0.1652832,1.0,0.4749854,0.14579217,-0.005216602,3.6021273e-05,-0.0052346126,1.3028455,0.79089355,0.20910645
5750784,6662.105991500903,3.0,379.05835,500.0,208.78392,-1.0,0.16540527,1.0,0.47507146,0.14577258,-0.0047913212,0.0012193325,-0.005400988,1.301231,0.7907715,0.20922852
5758976,6671.2769958211,3.0,378.99683,500.0,208.82228,-1.0,0.16503906,1.0,0.4753272,0.14549251,-0.0057656094,0.0026267427,-0.0070789815,1.3010112,0.79089355,0.20910645
5767168,6672.370402491089,3.0,378.984,500.0,208.79543,-1.0,0.16601562,1.0,0.47524393,0.1462231,-0.0046754163,0.0016348909,-0.0054928614,1.3040473,0.7902832,0.2097168
5775360,6657.8563143834235,3.0,379.11804,500.0,208.70175,-1.0,0.16577148,1.0,0.4750722,0.1459125,-0.0036656945,0.00043214543,-0.003881767,1.3027143,0.79052734,0.20947266
5783552,6662.102116299938,3.0,379.1195,500.0,208.69928,-1.0,0.16625977,1.0,0.47490153,0.14634694,-0.0039768927,0.00047545487,-0.00421462,1.2997787,0.7902832,0.2097168
5791744,6666.152868698682,3.0,378.99756,500.0,208.77444,-1.0,0.1665039,1.0,0.47507307,0.14659113,-0.005490915,0.0002592909,-0.0056205606,1.2891257,0.79003906,0.20996094
5799936,6676.646418552357,3.0,379.0547,500.0,208.74374,-1.0,0.16638184,1.0,0.47498736,0.14650998,-0.0044336785,0.00097153266,-0.004919444,1.2945137,0.79016113,0.20983887
5808128,6663.998920098122,3.0,379.3341,500.0,208.55157,-1.0,0.16662598,1.0,0.47438744,0.14655134,-0.0023616268,0.0005846941,-0.002653974,1.3001897,0.7902832,0.2097168
5816320,6668.004100970186,3.0,379.2655,500.0,208.59956,-1.0,0.16662598,1.0,0.4746447,0.1467285,-0.00458085,0.00088925764,-0.005025479,1.2936381,0.79016113,0.20983887
5824512,6675.114565342992,3.0,379.20398,500.0,208.63821,-1.0,0.16699219,1.0,0.47464454,0.14706567,-0.004483441,0.00012246984,-0.004544676,1.2943333,0.789917,0.21008301
5832704,6660.901021281315,3.0,379.3141,500.0,208.56413,-1.0,0.16711426,1.0,0.47447297,0.14728546,-0.005605178,0.0013574241,-0.0062838895,1.3016922,0.789917,0.21008301
5840896,6675.516592554139,3.0,379.43103,500.0,208.46411,-1.0,0.16674805,1.0,0.47447312,0.146849,-0.004909107,0.0011073018,-0.005462758,1.3017508,0.79016113,0.20983887
5849088,6654.392943346012,3.0,379.39124,500.0,208.47212,-1.0,0.16687012,1.0,0.47455886,0.14686961,-0.002484152,0.0002079808,-0.0025881424,1.2971598,0.79003906,0.20996094
5857280,6669.013591421208,3.0,379.3401,500.0,208.49353,-1.0,0.16699219,1.0,0.47464454,0.14691898,-0.004002157,9.472553e-05,-0.00404952,1.2898626,0.789917,0.21008301
5865472,6663.089146451005,3.0,379.4319,500.0,208.41243,-1.0,0.16687012,1.0,0.47455886,0.14662734,-0.0052115107,0.0012687459,-0.005845884,1.2825171,0.79003906,0.20996094
5873664,6679.764178422603,3.0,379.25378,500.0,208.49268,-1.0,0.16711426,1.0,0.4749872,0.14686358,-0.0045699105,0.0008202008,-0.004980011,1.276153,0.78967285,0.21032715
5881856,6658.039511773639,3.0,379.38538,500.0,208.40419,-1.0,0.16687012,1.0,0.47481602,0.14658469,-0.008423423,0.00026462352,-0.008555736,1.2775519,0.789917,0.21008301
5890048,6659.923675453013,3.0,379.44348,500.0,208.36208,-1.0,0.16687012,1.0,0.47481602,0.14648618,-0.0048868554,0.0024340744,-0.006103893,1.2847415,0.789917,0.21008301
5898240,6660.893273687255,3.0,379.14465,500.0,208.53993,-1.0,0.16699219,1.0,0.47541547,0.14661482,-0.006487888,0.00093413785,-0.0069549563,1.2894984,0.7895508,0.21044922
5906432,6660.902312548743,3.0,379.14087,500.0,208.50911,-1.0,0.16662598,1.0,0.4756723,0.14627856,-0.0054635587,0.002175794,-0.0065514557,1.2902766,0.78967285,0.21032715
5914624,6680.901937962414,3.0,379.33765,500.0,208.35173,-1.0,0.16711426,1.0,0.47524413,0.14644936,-0.0048013926,0.00085161545,-0.0052272,1.284286,0.7895508,0.21044922
5922816,6659.844932199316,3.0,379.24268,500.0,208.36377,-1.0,0.1665039,1.0,0.47584328,0.14624685,-0.0063088415,0.0024583132,-0.0075379987,1.2779931,0.78967285,0.21032715
5931008,6669.466667261928,3.0,379.14307,500.0,208.40979,-1.0,0.16699219,1.0,0.47592872,0.14651191,-0.0028702747,0.0015143328,-0.0036274411,1.2859842,0.78930664,0.21069336
5939200,6655.611030422728,3.0,378.85864,500.0,208.52325,-1.0,0.16699219,1.0,0.47669756,0.14642537,-0.0031514699,0.003144428,-0.0047236835,1.2811068,0.7889404,0.21105957
5947392,6654.244740956956,3.0,378.91064,500.0,208.49986,-1.0,0.16760254,1.0,0.47635522,0.14695424,-0.006174594,4.9659633e-05,-0.006199424,1.2887607,0.7886963,0.21130371
5955584,6667.9174025818775,3.0,379.10327,500.0,208.38132,-1.0,0.16772461,1.0,0.4759276,0.14699282,-0.0050430307,0.00063776865,-0.005361915,1.2959803,0.78881836,0.21118164
5963776,6652.661320617541,3.0,379.3009,500.0,208.24997,-1.0,0.16760254,1.0,0.4755858,0.14676708,-0.004048665,0.0015011411,-0.004799236,1.2958201,0.7890625,0.2109375
5971968,6677.528752946462,3.0,379.29834,500.0,208.25461,-1.0,0.16760254,1.0,0.47558582,0.1468187,-0.0052354676,0.0011601119,-0.005815523,1.2942166,0.7890625,0.2109375
5980160,6655.465352092488,3.0,379.0868,500.0,208.35164,-1.0,0.16796875,1.0,0.476098,0.14739868,-0.007131192,0.0032641722,-0.00876328,1.3079177,0.7885742,0.21142578
5988352,6680.913629284246,3.0,379.24182,500.0,208.24309,-1.0,0.16772461,1.0,0.47592762,0.14708172,-0.003494552,0.0009080551,-0.0039485795,1.3209301,0.78881836,0.21118164
5996544,6660.442652977634,3.0,378.99072,500.0,208.34789,-1.0,0.16760254,1.0,0.47661138,0.14701626,-0.0025980044,0.005066897,-0.0051314523,1.3221173,0.7885742,0.21142578
6004736,6668.5942275075395,3.0,379.13147,500.0,208.22066,-1.0,0.16674805,1.0,0.47678298,0.14620622,-0.0038191993,0.0045235413,-0.0060809692,1.3287374,0.7890625,0.2109375
6012928,6672.040010796515,3.0,379.14783,500.0,208.19606,-1.0,0.1665039,1.0,0.47686833,0.14604911,-0.004222808,0.00095015985,-0.0046978877,1.3325328,0.7891846,0.21081543
6021120,6655.175303610789,3.0,378.7937,500.0,208.34949,-1.0,0.16711426,1.0,0.47755027,0.14650495,-0.0021913908,0.002020924,-0.0032018528,1.3314117,0.78845215,0.21154785
6029312,6670.945417233343,3.0,378.91528,500.0,208.27496,-1.0,0.16662598,1.0,0.47746533,0.14607888,-0.006954025,0.0010081775,-0.0074581145,1.3342569,0.78881836,0.21118164
6037504,6658.772402162684,3.0,379.0448,500.0,208.18822,-1.0,0.16638184,1.0,0.4772947,0.14577451,-0.004434894,0.0014399159,-0.0051548523,1.3323983,0.7890625,0.2109375
6045696,6663.344995180868,3.0,379.31274,500.0,208.0025,-1.0,0.16564941,1.0,0.4770379,0.14507732,-0.004635027,0.0010043326,-0.005137193,1.3242645,0.78967285,0.21032715
6053888,6654.6030154335285,3.0,379.48926,500.0,207.90024,-1.0,0.16601562,1.0,0.47652647,0.14537776,-0.0048322524,0.0010267044,-0.005345605,1.3203881,0.78967285,0.21032715
6062080,6669.7618469246945,3.0,379.28198,500.0,207.99184,-1.0,0.16552734,1.0,0.4772082,0.14502782,-0.0041360483,0.0028167,-0.005544399,1.3210981,0.78967285,0.21032715
6070272,6663.944636860739,3.0,379.34265,500.0,207.95486,-1.0,0.16540527,1.0,0.47712266,0.14495558,-0.004937346,0.00082552497,-0.0053501087,1.320393,0.7897949,0.21020508
6078464,6658.756916894554,3.0,379.54614,500.0,207.81381,-1.0,0.16479492,1.0,0.47694996,0.14456819,-0.005267568,0.001404273,-0.005969705,1.3130469,0.7902832,0.2097168
6086656,6672.249902905985,3.0,379.50244,500.0,207.77478,-1.0,0.16491699,1.0,0.4772916,0.14482239,-0.006687779,0.0019538065,-0.0076646823,1.3197633,0.79003906,0.20996094
6094848,6668.409154654317,3.0,379.3645,500.0,207.80908,-1.0,0.16564941,1.0,0.4775494,0.14529285,-0.003270963,0.0026951032,-0.004618514,1.3233464,0.7894287,0.21057129
6103040,6662.8811223200655,3.0,379.12585,500.0,207.95076,-1.0,0.16662598,1.0,0.47772092,0.14608598,-0.005415866,0.0012830753,-0.006057404,1.3082286,0.7886963,0.21130371
6111232,6665.661449330693,3.0,379.12512,500.0,207.95204,-1.0,0.16711426,1.0,0.47755027,0.14644937,-0.0051947306,0.0015750894,-0.005982275,1.3002653,0.78845215,0.21154785
6119424,6664.910235040741,3.0,379.1234,500.0,207.93814,-1.0,0.16674805,1.0,0.477806,0.14606729,-0.0021528485,0.0014763183,-0.0028910076,1.2916356,0.7885742,0.21142578
6127616,6661.355578346164,3.0,379.18286,500.0,207.90306,-1.0,0.16638184,1.0,0.47780594,0.14574692,-0.0036450347,0.00086185,-0.0040759603,1.2891502,0.78881836,0.21118164
6135808,6671.616379913777,3.0,378.97632,500.0,207.992,-1.0,0.16638184,1.0,0.47831663,0.14561585,-0.0055072727,0.0012097165,-0.006112131,1.2967482,0.7885742,0.21142578
6144000,6671.266633491295,3.0,378.74402,500.0,208.09187,-1.0,0.16601562,1.0,0.4790813,0.14552593,-0.003985868,0.0019173143,-0.0049445243,1.3035635,0.78845215,0.21154785
6152192,6672.483131849736,3.0,378.7777,500.0,208.04677,-1.0,0.16601562,1.0,0.4790813,0.14565782,-0.0042781616,0.0014622714,-0.0050092973,1.3076055,0.78845215,0.21154785
6160384,6655.662599501557,3.0,378.54187,500.0,208.18315,-1.0,0.16674805,1.0,0.47933644,0.14625466,-0.0054480536,0.0003824492,-0.0056392774,1.3063018,0.7878418,0.2121582
6168576,6667.282114530264,3.0,378.71875,500.0,208.08098,-1.0,0.1661377,1.0,0.47916636,0.14576617,-0.0058072535,0.0013861437,-0.006500325,1.3016202,0.7883301,0.21166992
6176768,6657.217782579347,3.0,378.7743,500.0,208.0529,-1.0,0.16577148,1.0,0.4791658,0.14548218,-0.0042236047,0.0008750829,-0.004661146,1.3101513,0.7885742,0.21142578
6184960,6665.9511193489825,3.0,378.89197,500.0,207.98506,-1.0,0.16552734,1.0,0.47899544,0.14528611,-0.0050940253,0.00047036895,-0.0053292094,1.3157343,0.78881836,0.21118164
6193152,6668.099860019294,3.0,378.86133,500.0,208.0049,-1.0,0.16589355,1.0,0.47899616,0.14554085,-0.003537328,0.0011593793,-0.0041170176,1.3000504,0.7885742,0.21142578
6201344,6663.155045002819,3.0,379.0348,500.0,207.90878,-1.0,0.16552734,1.0,0.4787405,0.14531867,-0.0058247237,0.0008460309,-0.00624774,1.2896312,0.7889404,0.21105957
6209536,6662.8178132062085,3.0,378.8556,500.0,208.01529,-1.0,0.16564941,1.0,0.47908065,0.14544728,-0.0051754867,0.00077086524,-0.005560919,1.3019574,0.7886963,0.21130371
6217728,6659.655181516719,3.0,378.98645,500.0,207.91368,-1.0,0.16540527,1.0,0.47916505,0.1452837,-0.0027594739,0.0026528253,-0.0040858863,1.3132485,0.78881836,0.21118164
6225920,6668.094683784161,3.0,379.12378,500.0,207.82132,-1.0,0.16540527,1.0,0.47891024,0.14535186,-0.0068245116,0.00049841305,-0.007073718,1.3136443,0.7889404,0.21105957
6234112,6670.852166694139,3.0,379.12012,500.0,207.82765,-1.0,0.16540527,1.0,0.47891024,0.1453826,-0.002402262,0.00020014745,-0.0025023357,1.3214605,0.7889404,0.21105957
6242304,6661.5273447504305,3.0,379.10217,500.0,207.8427,-1.0,0.16540527,1.0,0.47891024,0.14540738,-0.005194036,0.0010368273,-0.005712449,1.3224783,0.7889404,0.21105957
6250496,6666.834509707439,3.0,378.91943,500.0,207.95549,-1.0,0.16552734,1.0,0.47925022,0.14555405,-0.0059263073,0.00045952608,-0.00615607,1.3202314,0.7886963,0.21130371
6258688,6655.993949895636,3.0,379.09766,500.0,207.82631,-1.0,0.16479492,1.0,0.47924787,0.14498317,-0.006591389,0.0019973803,-0.007590079,1.3189418,0.7891846,0.21081543
6266880,6669.794214705339,3.0,378.90454,500.0,207.95615,-1.0,0.16467285,1.0,0.4796718,0.14497726,-0.006018112,0.0011616547,-0.00659894,1.3201048,0.7890625,0.2109375
6275072,6660.9449246547565,3.0,378.64453,500.0,208.09508,-1.0,0.16479492,1.0,0.48026565,0.14521916,-0.0034106765,0.0016494665,-0.0042354097,1.3207964,0.7886963,0.21130371
6283264,6654.7344783334065,3.0,378.2611,500.0,208.3112,-1.0,0.16491699,1.0,0.48111266,0.14526226,-0.004701877,0.0034293537,-0.0064165536,1.3328233,0.788208,0.21179199
6291456,6663.479388242942,3.0,378.2533,500.0,208.32457,-1.0,0.16540527,1.0,0.48094505,0.14564127,-0.005891192,0.0015401528,-0.006661269,1.3420005,0.78796387,0.21203613
6299648,6664.471997172815,3.0,378.41174,500.0,208.2114,-1.0,0.16467285,1.0,0.48094258,0.14516762,-0.0060020564,0.0015453956,-0.0067747547,1.3451989,0.78845215,0.21154785
6307840,6672.353558201387,3.0,378.29712,500.0,208.2524,-1.0,0.16455078,1.0,0.48136482,0.14488272,-0.0054771076,0.0019329565,-0.0064435857,1.3429644,0.7883301,0.21166992
6316032,6663.903278797261,3.0,377.8822,500.0,208.49344,-1.0,0.16418457,1.0,0.48237637,0.14466712,-0.0064219288,0.0035096577,-0.008176757,1.3394667,0.78808594,0.21191406
6324224,6674.177122277256,3.0,377.46533,500.0,208.73642,-1.0,0.16381836,1.0,0.4833855,0.1443403,-0.005070994,0.0036743865,-0.006908187,1.3357064,0.7878418,0.2121582
6332416,6665.2463857348675,3.0,377.344,500.0,208.8095,-1.0,0.16381836,1.0,0.48363796,0.14436993,-0.007199829,0.0008457689,-0.007622714,1.3212659,0.7877197,0.21228027
6340608,6659.702940874335,3.0,376.92346,500.0,209.05716,-1.0,0.16369629,1.0,0.48456186,0.14429896,-0.007372632,0.0034352285,-0.009090247,1.3113365,0.7873535,0.21264648
6348800,6658.553034247819,3.0,376.74402,500.0,209.16212,-1.0,0.1640625,1.0,0.48481584,0.14466384,-0.00555068,0.0016232906,-0.006362326,1.311314,0.7869873,0.2130127
6356992,6672.502568331044,3.0,376.79736,500.0,209.13828,-1.0,0.16394043,1.0,0.4847312,0.14458285,-0.0062878244,0.0007198388,-0.0066477433,1.3031508,0.7871094,0.21289062
6365184,6665.935600674048,3.0,377.0924,500.0,208.97133,-1.0,0.16357422,1.0,0.4842251,0.14430234,-0.0029829708,0.000678121,-0.0033220313,1.2937204,0.78759766,0.21240234
6373376,6664.068714131386,3.0,376.90894,500.0,209.08305,-1.0,0.16418457,1.0,0.48439664,0.14485294,-0.0055484124,0.0009633063,-0.006030066,1.285577,0.7871094,0.21289062
6381568,6681.48525492316,3.0,376.66382,500.0,209.2324,-1.0,0.16418457,1.0,0.4849004,0.14489576,-0.005037935,0.0018512143,-0.0059635425,1.26757,0.78686523,0.21313477
6389760,6663.020665023393,3.0,376.6078,500.0,209.26201,-1.0,0.16430664,1.0,0.48498487,0.14493626,-0.005472807,0.0011111315,-0.006028373,1.2672653,0.78674316,0.21325684
6397952,6669.932752356284,3.0,376.83557,500.0,209.14224,-1.0,0.16381836,1.0,0.48464653,0.14451116,-0.0022061428,0.0004528137,-0.0024325496,1.2578615,0.78723145,0.21276855
6406144,6669.238827144474,3.0,376.46814,500.0,209.3655,-1.0,0.16430664,1.0,0.4852365,0.14494777,-0.004849202,0.0020338432,-0.0058661234,1.2482065,0.7866211,0.2133789
6414336,6664.272934699714,3.0,376.74536,500.0,209.22838,-1.0,0.16418457,1.0,0.48464856,0.14486578,-0.0051400084,0.0004961924,-0.005388105,1.2452524,0.7869873,0.2130127
6422528,6663.0839779922635,3.0,376.44397,500.0,209.40616,-1.0,0.16479492,1.0,0.48507088,0.1454424,-0.0055703693,0.0018903537,-0.0065155462,1.2456622,0.78637695,0.21362305
6430720,6668.51398486919,3.0,376.3778,500.0,209.45142,-1.0,0.16491699,1.0,0.48515525,0.14560296,-0.0038837763,0.00043245475,-0.0041000033,1.2505283,0.7862549,0.21374512
6438912,6669.656977473237,3.0,376.49036,500.0,209.39413,-1.0,0.16491699,1.0,0.48490357,0.14560817,-0.0061934246,0.0002510956,-0.0063189715,1.249685,0.78637695,0.21362305
6447104,6666.621077703591,3.0,376.54932,500.0,209.36092,-1.0,0.16503906,1.0,0.48473614,0.14571412,-0.006747215,0.00034057914,-0.006917504,1.2408792,0.78637695,0.21362305
6455296,6663.051675306787,3.0,376.42346,500.0,209.43855,-1.0,0.16491699,1.0,0.48515525,0.14578572,-0.006454432,0.0024183267,-0.007663595,1.238059,0.7862549,0.21374512
6463488,6665.207597385806,3.0,376.65747,500.0,209.3086,-1.0,0.16418457,1.0,0.4849004,0.14516947,-0.0042841583,0.0010276687,-0.0047979928,1.2409381,0.78686523,0.21313477
6471680,6657.670547043408,3.0,376.72412,500.0,209.26355,-1.0,0.16381836,1.0,0.48489833,0.14480281,-0.0058652493,0.001149012,-0.006439755,1.2441626,0.7871094,0.21289062
6479872,6657.546707909152,3.0,376.72644,500.0,209.26111,-1.0,0.16381836,1.0,0.48489833,0.14472593,-0.0048119286,0.001627272,-0.0056255646,1.2382376,0.7871094,0.21289062
6488064,6674.979702545409,3.0,376.7445,500.0,209.20917,-1.0,0.16394043,1.0,0.48498297,0.14455831,-0.0042301435,0.0014056427,-0.004932965,1.2372621,0.7869873,0.2130127
6496256,6661.117961232619,3.0,376.90027,500.0,209.10098,-1.0,0.16369629,1.0,0.48481372,0.14422497,-0.0068243993,0.00069271756,-0.0071707573,1.2335024,0.78723145,0.21276855
6504448,6664.677535191065,3.0,376.77966,500.0,209.17252,-1.0,0.16369629,1.0,0.48506543,0.14424732,-0.005609719,0.001294001,-0.006256719,1.2317084,0.7871094,0.21289062
6512640,6658.49496868972,3.0,376.7893,500.0,209.17845,-1.0,0.1640625,1.0,0.48481584,0.14443687,-0.00691819,0.0005130865,-0.007174732,1.227221,0.7869873,0.2130127
6520832,6663.090438566944,3.0,376.54297,500.0,209.32437,-1.0,0.16540527,1.0,0.48498905,0.14551973,-0.0034913106,0.0022794846,-0.0046310527,1.2364612,0.78601074,0.21398926
6529024,6656.93660943905,3.0,376.43042,500.0,209.38235,-1.0,0.16564941,1.0,0.48515734,0.14568475,-0.00284971,0.00089529506,-0.0032973576,1.2360023,0.7857666,0.2142334
6537216,6669.2297656435,3.0,376.19275,500.0,209.51822,-1.0,0.16540527,1.0,0.48574355,0.14545238,-0.005249262,0.0034337877,-0.006966156,1.233832,0.78564453,0.21435547
6545408,6673.061091601473,3.0,376.02454,500.0,209.60435,-1.0,0.16601562,1.0,0.48591223,0.14593583,-0.0061519993,0.00055264786,-0.0064283237,1.2371384,0.78515625,0.21484375
6553600,6664.0208921361045,3.0,375.964,500.0,209.64014,-1.0,0.16687012,1.0,0.4857451,0.14665604,-0.0042069256,0.00024931444,-0.004331583,1.232548,0.78466797,0.21533203
6561792,6661.022402607977,3.0,375.96155,500.0,209.64429,-1.0,0.16711426,1.0,0.48566118,0.14686093,-0.006992772,0.00018121811,-0.0070833815,1.226893,0.7845459,0.2154541
6569984,6664.871450604023,3.0,375.96094,500.0,209.64536,-1.0,0.16711426,1.0,0.48566118,0.14686647,-0.003665789,0.00035242623,-0.0038420018,1.2191485,0.7845459,0.2154541
6578176,6664.6439243336035,3.0,376.20886,500.0,209.49394,-1.0,0.16687012,1.0,0.48524222,0.14648987,-0.004436663,0.00108665,-0.0049799876,1.2185822,0.7849121,0.21508789
6586368,6661.3684928054345,3.0,376.2649,500.0,209.45074,-1.0,0.16687012,1.0,0.48524222,0.14657317,-0.0057945754,0.00086632534,-0.006227738,1.2188938,0.7849121,0.21508789
6594560,6677.1848743121145,3.0,376.20215,500.0,209.49039,-1.0,0.16674805,1.0,0.48540992,0.14649081,-0.0041553313,0.0017396464,-0.005025155,1.2193726,0.7849121,0.21508789
6602752,6675.818793272449,3.0,376.3081,500.0,209.44334,-1.0,0.16674805,1.0,0.48515835,0.1465628,-0.0034802698,0.00042301754,-0.0036917785,1.2247016,0.7850342,0.21496582
6610944,6656.554871081544,3.0,376.3423,500.0,209.41685,-1.0,0.1665039,1.0,0.48524225,0.14645575,-0.0058944,0.0018127691,-0.0068007847,1.2296413,0.78515625,0.21484375
6619136,6681.534627180752,3.0,376.22058,500.0,209.48976,-1.0,0.16674805,1.0,0.48540992,0.14670794,-0.0066598663,0.0018389627,-0.0075793476,1.2278407,0.7849121,0.21508789
6627328,6664.515947633109,3.0,376.14648,500.0,209.50809,-1.0,0.16674805,1.0,0.48566133,0.14675994,-0.006735429,0.001965747,-0.0077183023,1.2290975,0.78479004,0.21520996
6635520,6663.741728780931,3.0,376.14026,500.0,209.51843,-1.0,0.16674805,1.0,0.48566133,0.1467722,-0.006298007,0.0002725452,-0.0064342795,1.2227321,0.78479004,0.21520996
6643712,6657.108148025298,3.0,376.0183,500.0,209.5916,-1.0,0.16723633,1.0,0.48574477,0.14723091,-0.0062872684,0.0005915108,-0.006583023,1.2150253,0.7844238,0.21557617
6651904,6660.18573608406,3.0,376.01868,500.0,209.591,-1.0,0.16699219,1.0,0.48582882,0.14702825,-0.0055869967,0.00058685296,-0.005880423,1.204484,0.7845459,0.2154541
6660096,6666.906950342225,3.0,375.96545,500.0,209.61671,-1.0,0.16711426,1.0,0.48591244,0.14711018,-0.0046870955,0.00029767578,-0.0048359334,1.2075024,0.7844238,0.21557617
6668288,6656.761210702821,3.0,376.0542,500.0,209.54453,-1.0,0.16674805,1.0,0.4859126,0.1468503,-0.0034275576,0.0007441942,-0.0037996548,1.2056091,0.78466797,0.21533203
6676480,6666.636599570352,3.0,376.00317,500.0,209.5707,-1.0,0.1673584,1.0,0.48582846,0.14728501,-0.0049967165,0.0022301485,-0.006111791,1.2045822,0.78430176,0.21569824
6684672,6665.982156915621,3.0,375.99548,500.0,209.58344,-1.0,0.16760254,1.0,0.48574424,0.14748286,-0.0029920288,0.00020454313,-0.0030943004,1.1920264,0.7841797,0.21582031
6692864,6665.521795995457,3.0,376.0581,500.0,209.54433,-1.0,0.16699219,1.0,0.48582882,0.14693728,-0.0055300323,0.0019631928,-0.0065116286,1.186665,0.7845459,0.2154541
6701056,6662.180912939019,3.0,375.65686,500.0,209.76527,-1.0,0.16687012,1.0,0.48674926,0.14699984,-0.0050523663,0.004474335,-0.0072895344,1.1842301,0.7841797,0.21582031
6709248,6670.973910973661,3.0,375.3136,500.0,209.95023,-1.0,0.16687012,1.0,0.48750106,0.14694244,-0.00647445,0.0047898567,-0.008869378,1.1832836,0.7838135,0.21618652
6717440,6651.351606751135,3.0,375.23767,500.0,209.98015,-1.0,0.16662598,1.0,0.4878349,0.14682624,-0.006970069,0.0021052859,-0.008022713,1.1817853,0.7838135,0.21618652
6725632,6667.135924843187,3.0,375.42664,500.0,209.86731,-1.0,0.1665039,1.0,0.48750108,0.1468474,-0.0072636637,0.0009034532,-0.00771539,1.184065,0.7840576,0.21594238
6733824,6667.720722059883,3.0,375.38074,500.0,209.88565,-1.0,0.16638184,1.0,0.48766795,0.1468868,-0.0068116533,0.000565823,-0.0070945653,1.1912776,0.7840576,0.21594238
6742016,6649.2226519608585,3.0,375.33118,500.0,209.90468,-1.0,0.1665039,1.0,0.4877514,0.14703977,-0.004781232,0.0012663994,-0.005414432,1.1933728,0.78393555,0.21606445
6750208,6671.234251418134,3.0,375.19604,500.0,209.95508,-1.0,0.16589355,1.0,0.48833445,0.14663723,-0.005900177,0.0024290269,-0.00711469,1.1996173,0.7840576,0.21594238
6758400,6664.459070677165,3.0,374.7732,500.0,210.18004,-1.0,0.1661377,1.0,0.48925048,0.14676583,-0.004642155,0.0029897755,-0.0061370432,1.2017353,0.78344727,0.21655273
6766592,6666.613316797316,3.0,374.42114,500.0,210.37285,-1.0,0.1661377,1.0,0.4899984,0.1467839,-0.005029688,0.0020473236,-0.00605335,1.2009647,0.78308105,0.21691895
6774784,6668.400095407755,3.0,374.1194,500.0,210.54689,-1.0,0.16674805,1.0,0.4904137,0.14736885,-0.0051308586,0.0016417449,-0.0059517305,1.2010927,0.7824707,0.2175293
6782976,6678.612526731175,3.0,373.99927,500.0,210.61536,-1.0,0.16625977,1.0,0.49082822,0.14694269,-0.006996001,0.0017657947,-0.007878898,1.1976289,0.7825928,0.21740723
6791168,6674.056557427042,3.0,374.0,500.0,210.61409,-1.0,0.16552734,1.0,0.49107572,0.14631137,-0.008715494,0.001166805,-0.009298896,1.1998173,0.782959,0.21704102
6799360,6672.266746672337,3.0,373.76978,500.0,210.73431,-1.0,0.16577148,1.0,0.49149033,0.14646752,-0.0065604225,0.0022574696,-0.0076891575,1.1941881,0.7825928,0.21740723
6807552,6668.14644649713,3.0,373.64148,500.0,210.81616,-1.0,0.16625977,1.0,0.49157375,0.14693436,-0.00495011,0.0017692307,-0.005834725,1.1942253,0.78222656,0.21777344
6815744,6675.843437456041,3.0,373.39087,500.0,210.93794,-1.0,0.16687012,1.0,0.49198762,0.14732876,-0.0053565614,0.0031978714,-0.0069554974,1.1989298,0.7816162,0.21838379
6823936,6659.127292629399,3.0,372.98608,500.0,211.14749,-1.0,0.16662598,1.0,0.4930617,0.14717433,-0.0041138357,0.0037547362,-0.0059912037,1.1960793,0.78125,0.21875
6832128,6661.252264474666,3.0,372.72437,500.0,211.2739,-1.0,0.16699219,1.0,0.49355647,0.14738491,-0.0053545684,0.0014543545,-0.006081746,1.1963221,0.7807617,0.21923828
6840320,6663.0413385135835,3.0,372.662,500.0,211.31143,-1.0,0.16662598,1.0,0.4938039,0.14704767,-0.0037552833,0.0016591924,-0.0045848796,1.1892583,0.7808838,0.21911621
6848512,6664.811982011078,3.0,372.48145,500.0,211.41312,-1.0,0.16748047,1.0,0.49388558,0.1477991,-0.0062617036,0.0017836993,-0.0071535534,1.18375,0.78027344,0.21972656
6856704,6661.484725192276,3.0,372.09656,500.0,211.61028,-1.0,0.16784668,1.0,0.49462575,0.14803295,-0.004708973,0.002866864,-0.006142406,1.173429,0.7796631,0.22033691
6864896,6677.491119218999,3.0,372.25732,500.0,211.51662,-1.0,0.16687012,1.0,0.49470937,0.14710997,-0.0070776567,0.0017369,-0.007946108,1.1725523,0.78027344,0.21972656
6873088,6673.737664950957,3.0,372.1991,500.0,211.54704,-1.0,0.16699219,1.0,0.49479157,0.14718781,-0.004494455,0.0015907382,-0.0052898237,1.17458,0.78015137,0.21984863
6881280,6657.203594374814,3.0,372.0221,500.0,211.64218,-1.0,0.16687012,1.0,0.49520263,0.1470833,-0.0076309405,0.0022953204,-0.0087786,1.186777,0.7800293,0.2199707
6889472,6665.613604473522,3.0,371.64062,500.0,211.83258,-1.0,0.16625977,1.0,0.49626952,0.14681421,-0.00021688757,0.0065235035,-0.0034786388,1.190358,0.7799072,0.22009277
6897664,6675.983523640467,3.0,370.86987,500.0,212.23161,-1.0,0.16687012,1.0,0.4976616,0.14739105,-0.0036610349,0.006237955,-0.006780012,1.1927307,0.7788086,0.2211914
6905856,6667.738836885995,3.0,370.5874,500.0,212.38492,-1.0,0.16674805,1.0,0.49831524,0.14754984,-0.0064350525,0.0023751743,-0.0076226406,1.1961926,0.77856445,0.22143555
6914048,6654.309175967148,3.0,370.52942,500.0,212.4141,-1.0,0.16589355,1.0,0.4987228,0.1468542,-0.0050941776,0.0020684432,-0.006128399,1.2000396,0.77893066,0.22106934
6922240,6667.51758396508,3.0,370.49084,500.0,212.41501,-1.0,0.16577148,1.0,0.49888572,0.14663324,-0.005007218,0.0024055145,-0.006209975,1.1967717,0.77893066,0.22106934
6930432,6672.678797595875,3.0,370.271,500.0,212.51683,-1.0,0.16601562,1.0,0.49929377,0.14678974,-0.004528174,0.0026097116,-0.0058330293,1.1845413,0.77856445,0.22143555
6938624,6662.087907268304,3.0,370.14685,500.0,212.58916,-1.0,0.16601562,1.0,0.4995382,0.14682846,-0.0061937235,0.0015847192,-0.0069860825,1.1768463,0.7784424,0.22155762
6946816,6662.422481464906,3.0,370.2616,500.0,212.5324,-1.0,0.16625977,1.0,0.4992125,0.14704606,-0.003892674,0.0012351195,-0.004510234,1.1720405,0.7784424,0.22155762
6955008,6674.5155049631885,3.0,370.0741,500.0,212.64282,-1.0,0.16540527,1.0,0.4998628,0.14642113,-0.008333446,0.0026179815,-0.009642437,1.1658624,0.7786865,0.22131348
6963200,6652.751487054239,3.0,369.75,500.0,212.80267,-1.0,0.1661377,1.0,0.5003522,0.14702967,-0.0048963074,0.0024264345,-0.0061095254,1.1583127,0.7779541,0.2220459
6971392,6674.13174789771,3.0,369.76343,500.0,212.78192,-1.0,0.16564941,1.0,0.5005141,0.14653215,-0.006019946,0.002032722,-0.0070363064,1.1443365,0.77819824,0.22180176
6979584,6664.241913047661,3.0,369.52246,500.0,212.8679,-1.0,0.16577148,1.0,0.501083,0.14657839,-0.00843152,0.0024247959,-0.009643919,1.1446571,0.77783203,0.22216797
6987776,6679.264258277219,3.0,368.87024,500.0,213.21103,-1.0,0.16564941,1.0,0.50246143,0.14650846,-0.0021756468,0.0048899716,-0.0046206326,1.1424018,0.7772217,0.22277832
6995968,6657.804711304655,3.0,368.59277,500.0,213.3545,-1.0,0.16552734,1.0,0.5031086,0.14663313,-0.0058588916,0.0024528154,-0.0070852996,1.1319814,0.77697754,0.22302246
7004160,6675.351885228146,3.0,368.58923,500.0,213.35904,-1.0,0.16577148,1.0,0.50302815,0.14680347,-0.007452849,0.002306094,-0.008605896,1.1227171,0.77685547,0.22314453
7012352,6672.189006921769,3.0,368.54785,500.0,213.37605,-1.0,0.16564941,1.0,0.50318974,0.14662498,-0.007504749,0.0022606151,-0.008635057,1.1176299,0.77685547,0.22314453
7020544,6672.921128035221,3.0,368.333,500.0,213.47006,-1.0,0.16564941,1.0,0.5036747,0.14649923,-0.007209552,0.002197785,-0.008308444,1.1168995,0.7766113,0.22338867
7028736,6673.618412179485,3.0,368.23657,500.0,213.5184,-1.0,0.16552734,1.0,0.5040782,0.14611025,-0.006189786,0.003038059,-0.007708816,1.1107786,0.77648926,0.22351074
7036928,6666.8280418701725,3.0,367.89465,500.0,213.68541,-1.0,0.1652832,1.0,0.5048841,0.14599253,-0.006293113,0.0033335153,-0.007959871,1.116361,0.7762451,0.22375488
7045120,6663.95109910453,3.0,367.56726,500.0,213.83229,-1.0,0.16552734,1.0,0.5055291,0.1460664,-0.006828145,0.0012669337,-0.007461612,1.1199313,0.77575684,0.22424316
7053312,6669.757962812128,3.0,367.62317,500.0,213.80716,-1.0,0.16467285,1.0,0.5056874,0.14533415,-0.0059148055,0.0013830105,-0.006606311,1.1134244,0.7762451,0.22375488
7061504,6670.016913552351,3.0,367.66187,500.0,213.80836,-1.0,0.16455078,1.0,0.5056064,0.14522389,-0.0040028132,0.0006442804,-0.0043249535,1.1167654,0.7763672,0.22363281
7069696,6668.7262437919335,3.0,367.5398,500.0,213.87541,-1.0,0.16479492,1.0,0.5057683,0.14546871,-0.0036203929,0.0011399976,-0.004190392,1.1130946,0.77612305,0.22387695
7077888,6661.887695539332,3.0,367.6881,500.0,213.7755,-1.0,0.16503906,1.0,0.50544727,0.14553538,-0.00802955,0.00040527902,-0.008232189,1.0975623,0.77612305,0.22387695
7086080,6674.999153574134,3.0,367.47046,500.0,213.9092,-1.0,0.16516113,1.0,0.50576955,0.14579573,-0.005237845,0.0027374714,-0.0066065798,1.0871655,0.7758789,0.2241211
7094272,6665.633000954457,3.0,367.29712,500.0,213.99382,-1.0,0.16455078,1.0,0.50633025,0.14523138,-0.0030079081,0.0027423452,-0.0043790806,1.0946896,0.776001,0.22399902
7102464,6678.260748417934,3.0,367.37,500.0,213.94565,-1.0,0.16442871,1.0,0.5062493,0.14522453,-0.0045185927,0.0017257861,-0.0053814854,1.1006287,0.77612305,0.22387695
7110656,6664.142387196991,3.0,367.24634,500.0,214.00218,-1.0,0.16430664,1.0,0.50665045,0.14522037,-0.005223049,0.0020615698,-0.006253835,1.1087193,0.776001,0.22399902
7118848,6658.826601168327,3.0,366.95642,500.0,214.1697,-1.0,0.16479492,1.0,0.5069736,0.14561285,-0.004784094,0.001891679,-0.0057299337,1.1237018,0.7755127,0.2244873
7127040,6670.84439593355,3.0,366.71497,500.0,214.29823,-1.0,0.16479492,1.0,0.507455,0.14565638,-0.0053908816,0.0021355797,-0.006458672,1.1321015,0.77526855,0.22473145
7135232,6667.824236677737,3.0,366.7682,500.0,214.27774,-1.0,0.16491699,1.0,0.5072951,0.1458328,-0.0065772575,0.00033017775,-0.006742347,1.1377395,0.77526855,0.22473145
7143424,6679.462918881426,3.0,366.58215,500.0,214.38168,-1.0,0.16552734,1.0,0.5074572,0.14640132,-0.0054876963,0.0008758428,-0.0059256176,1.1392666,0.7747803,0.22521973
7151616,6655.141788526805,3.0,366.344,500.0,214.50441,-1.0,0.16601562,1.0,0.5077787,0.14687037,-0.0060492884,0.0012065723,-0.0066525736,1.1435353,0.774292,0.22570801
7159808,6661.090842965914,3.0,366.52002,500.0,214.41663,-1.0,0.1661377,1.0,0.507378,0.14696562,-0.006629782,0.00077823433,-0.0070189,1.140311,0.77441406,0.22558594
7168000,6674.095448838279,3.0,366.35522,500.0,214.49124,-1.0,0.16625977,1.0,0.5076988,0.1470184,-0.005818304,0.001470986,-0.0065537975,1.1349479,0.7741699,0.22583008
7176192,6667.133337472835,3.0,366.53052,500.0,214.40477,-1.0,0.1661377,1.0,0.507378,0.14691246,-0.0036147893,0.0004682698,-0.0038489243,1.1287968,0.77441406,0.22558594
7184384,6667.01173333147,3.0,366.76843,500.0,214.28288,-1.0,0.16564941,1.0,0.50705636,0.14639127,-0.005565244,0.0011814018,-0.006155944,1.1286982,0.77490234,0.22509766
7192576,6670.358759319354,3.0,366.82666,500.0,214.25427,-1.0,0.1652832,1.0,0.50705546,0.14608097,-0.0062438156,0.0012590147,-0.006873323,1.1303146,0.7751465,0.22485352
7200768,6658.203365867573,3.0,366.64368,500.0,214.35068,-1.0,0.16503906,1.0,0.5076162,0.14599055,-0.0052994816,0.0017983494,-0.006198656,1.1394949,0.7750244,0.22497559
7208960,6660.110859513622,3.0,366.33447,500.0,214.50018,-1.0,0.16552734,1.0,0.5081783,0.14655292,-0.007980867,0.0020242264,-0.00899298,1.1486274,0.77441406,0.22558594
7217152,6676.895524638729,3.0,366.09595,500.0,214.62299,-1.0,0.16552734,1.0,0.5086585,0.1465573,-0.0050302874,0.0019296375,-0.005995107,1.1411026,0.7741699,0.22583008
7225344,6673.188100659478,3.0,366.21326,500.0,214.5647,-1.0,0.16503906,1.0,0.5085772,0.14613912,-0.0079560615,0.0016538325,-0.008782978,1.1393176,0.77453613,0.22546387
7233536,6666.925060746899,3.0,365.51062,500.0,214.91496,-1.0,0.16577148,1.0,0.50977767,0.14676237,-0.0059183566,0.0023022261,-0.00706947,1.1454118,0.7734375,0.2265625
7241728,6663.889062081504,3.0,365.32922,500.0,215.01039,-1.0,0.16589355,1.0,0.5100971,0.14689657,-0.0047137532,0.00062829256,-0.005027899,1.1469216,0.77319336,0.22680664
7249920,6674.13174789771,3.0,365.11975,500.0,215.09694,-1.0,0.16564941,1.0,0.51065475,0.1467863,-0.0051859273,0.0031585768,-0.0067652157,1.1430062,0.7730713,0.22692871
7258112,6666.509839773601,3.0,365.19495,500.0,215.04587,-1.0,0.16577148,1.0,0.51049554,0.14682148,-0.0037172895,0.00026925886,-0.003851919,1.1382734,0.7730713,0.22692871
7266304,6666.77888671706,3.0,364.66602,500.0,215.30629,-1.0,0.16662598,1.0,0.5112929,0.14764243,-0.0066113267,0.002018019,-0.0076203374,1.1381714,0.7720947,0.22790527
7274496,6672.4274145642175,3.0,364.6062,500.0,215.33678,-1.0,0.16674805,1.0,0.5113723,0.1477547,-0.00508169,0.0007144108,-0.005438896,1.1350269,0.77197266,0.22802734
7282688,6664.9528984424915,3.0,364.27075,500.0,215.48737,-1.0,0.16748047,1.0,0.5118489,0.14829615,-0.004582504,0.0012120962,-0.005188552,1.1287347,0.77124023,0.22875977
7290880,6660.4904236305765,3.0,364.1454,500.0,215.55731,-1.0,0.16699219,1.0,0.51224685,0.1479029,-0.006626699,0.001808545,-0.0075309714,1.1178741,0.7713623,0.2286377
7299072,6661.341372498803,3.0,363.84534,500.0,215.71007,-1.0,0.16760254,1.0,0.5126431,0.14847176,-0.0050040856,0.0005838119,-0.0052959914,1.1230634,0.77075195,0.22924805
7307264,6662.421189608018,3.0,363.76892,500.0,215.73222,-1.0,0.16809082,1.0,0.5127213,0.1490241,-0.0043739737,0.0010927217,-0.004920334,1.1274067,0.77038574,0.22961426
7315456,6663.962731174937,3.0,363.70166,500.0,215.75821,-1.0,0.16772461,1.0,0.51319814,0.14891407,-0.0026437147,0.0019044451,-0.0035959373,1.1286108,0.77038574,0.22961426
7323648,6668.722360885433,3.0,363.521,500.0,215.85052,-1.0,0.16833496,1.0,0.5133551,0.14949885,-0.0034422479,0.0011021347,-0.003993315,1.13334,0.76989746,0.23010254
7331840,6676.428465973952,3.0,363.63684,500.0,215.78241,-1.0,0.16748047,1.0,0.51351565,0.14882231,-0.004296625,0.0015652009,-0.005079225,1.1361732,0.77038574,0.22961426
7340032,6667.861761520439,3.0,363.55103,500.0,215.80669,-1.0,0.16711426,1.0,0.51399136,0.14850125,-0.0057025272,0.002403672,-0.0069043636,1.1377394,0.77038574,0.22961426
7348224,6667.930342496697,3.0,363.28918,500.0,215.9178,-1.0,0.16674805,1.0,0.51470345,0.14811057,-0.006990493,0.0026830274,-0.008332007,1.1457484,0.7702637,0.22973633
7356416,6668.61105282178,3.0,363.1637,500.0,215.98701,-1.0,0.16723633,1.0,0.5147822,0.14852545,-0.0051937103,0.001603581,-0.005995501,1.1426095,0.76989746,0.23010254
7364608,6673.149219822123,3.0,363.04358,500.0,216.04764,-1.0,0.16723633,1.0,0.51501924,0.14854857,-0.007148657,0.0008213331,-0.0075593237,1.1307173,0.7697754,0.23022461
7372800,6664.075176615823,3.0,362.97412,500.0,216.09138,-1.0,0.16711426,1.0,0.5151774,0.14839162,-0.0047533214,0.00079235865,-0.005149501,1.1246446,0.7697754,0.23022461
7380992,6661.34653825447,3.0,362.94666,500.0,216.08844,-1.0,0.16723633,1.0,0.5152562,0.14840046,-0.005373862,0.00026400053,-0.005505862,1.1142414,0.7696533,0.23034668
7389184,6654.416140839195,3.0,363.12488,500.0,216.00067,-1.0,0.16687012,1.0,0.5150196,0.14807668,-0.0032402668,3.9929248e-05,-0.0032602316,1.1013887,0.77001953,0.22998047
7397376,6669.489969969597,3.0,363.23914,500.0,215.94946,-1.0,0.16662598,1.0,0.51486164,0.14790156,-0.007870419,5.3163618e-05,-0.007897001,1.0926508,0.7702637,0.22973633
7405568,6668.709417896422,3.0,363.3401,500.0,215.88373,-1.0,0.16625977,1.0,0.5148614,0.14748603,-0.005266826,0.001225889,-0.0058797705,1.0886103,0.7705078,0.22949219
7413760,6665.689897949761,3.0,363.0713,500.0,216.00632,-1.0,0.16638184,1.0,0.5154144,0.1477552,-0.004197946,0.003463803,-0.0059298472,1.0965726,0.7701416,0.2298584
7421952,6666.189081413103,3.0,363.07202,500.0,216.0051,-1.0,0.1661377,1.0,0.51549315,0.1475274,-0.0049387775,0.0005086571,-0.0051931064,1.09832,0.7702637,0.22973633
7430144,6670.634592240766,3.0,363.01306,500.0,216.03363,-1.0,0.16601562,1.0,0.51565087,0.14741053,-0.003907223,0.00032643485,-0.0040704403,1.0933491,0.7702637,0.22973633
7438336,6676.5426298355505,3.0,362.90796,500.0,216.07422,-1.0,0.16601562,1.0,0.51588756,0.14731212,-0.006780666,0.0013184906,-0.007439911,1.0918444,0.7701416,0.2298584
7446528,6672.57642799272,3.0,363.02844,500.0,216.013,-1.0,0.16625977,1.0,0.5155722,0.14751133,-0.0056354944,0.0003373703,-0.0058041797,1.0762651,0.7701416,0.2298584
7454720,6657.965973581858,3.0,363.26025,500.0,215.90482,-1.0,0.16601562,1.0,0.5151772,0.14726767,-0.007862605,0.00033159993,-0.008028405,1.0753044,0.7705078,0.22949219
7462912,6665.770072637271,3.0,363.4956,500.0,215.791,-1.0,0.16577148,1.0,0.5147817,0.14704219,-0.0062838127,0.00048713567,-0.00652738,1.0796709,0.770874,0.22912598
7471104,6666.262801368884,3.0,363.43433,500.0,215.82344,-1.0,0.16540527,1.0,0.5150181,0.14675811,-0.0044398876,0.00071133045,-0.0047955536,1.0891862,0.7709961,0.2290039
7479296,6666.1916680506165,3.0,363.61267,500.0,215.73499,-1.0,0.16503906,1.0,0.51478,0.1464602,-0.0025054254,0.0014596585,-0.0032352547,1.0947436,0.7713623,0.2286377
7487488,6658.812406105379,3.0,363.67493,500.0,215.70091,-1.0,0.16491699,1.0,0.51470053,0.1463275,-0.00536663,0.0003397583,-0.005536509,1.0863323,0.7714844,0.22851562
7495680,6661.070181577581,3.0,363.85486,500.0,215.6096,-1.0,0.16455078,1.0,0.51446193,0.14598837,-0.0030564293,4.164469e-05,-0.0030772514,1.0726452,0.7718506,0.22814941
7503872,6673.6611871399355,3.0,363.49524,500.0,215.79163,-1.0,0.1652832,1.0,0.5149387,0.14666405,-0.0070220106,0.0007058151,-0.0073749186,1.0640408,0.77111816,0.22888184
7512064,6666.333936205259,3.0,363.31458,500.0,215.88376,-1.0,0.16589355,1.0,0.51509804,0.14722022,-0.007163046,8.726435e-05,-0.0072066775,1.0624567,0.7706299,0.22937012
7520256,6670.101076872335,3.0,363.1327,500.0,215.97772,-1.0,0.16625977,1.0,0.5153353,0.14757757,-0.0061509456,0.00022912773,-0.00626551,1.0608833,0.7702637,0.22973633
7528448,6665.1403653168745,3.0,363.29126,500.0,215.85143,-1.0,0.16638184,1.0,0.51517755,0.14716378,-0.0057397275,0.0016603974,-0.0065699257,1.055098,0.7702637,0.22973633
7536640,6670.019503161295,3.0,363.30286,500.0,215.83482,-1.0,0.16638184,1.0,0.51517755,0.14709242,-0.004904689,0.001746528,-0.0057779527,1.0523221,0.7702637,0.22973633
7544832,6663.321735393523,3.0,363.2428,500.0,215.86523,-1.0,0.16601562,1.0,0.5154141,0.14677094,-0.006656519,0.001592182,-0.0074526104,1.0550789,0.77038574,0.22961426
7553024,6655.872751761369,3.0,363.12695,500.0,215.9191,-1.0,0.16625977,1.0,0.5155722,0.14696133,-0.00418916,0.00032727676,-0.0043527987,1.0553705,0.7701416,0.2298584
7561216,6669.650504158372,3.0,363.18726,500.0,215.8883,-1.0,0.16638184,1.0,0.5154144,0.14707719,-0.0028429616,9.174905e-05,-0.0028888362,1.0473322,0.7701416,0.2298584
7569408,6661.684912700436,3.0,363.07117,500.0,215.94249,-1.0,0.16687012,1.0,0.5154934,0.14751501,-0.005481248,0.001733034,-0.006347765,1.0524696,0.7697754,0.23022461
7577600,6679.104559301122,3.0,363.1405,500.0,215.89903,-1.0,0.16674805,1.0,0.5154145,0.14734766,-0.0065322677,0.0003545948,-0.006709565,1.0559543,0.76989746,0.23010254
7585792,6656.23764886568,3.0,363.07703,500.0,215.93489,-1.0,0.16687012,1.0,0.5154934,0.14749107,-0.0062717274,8.134503e-05,-0.0063123996,1.0614492,0.7697754,0.23022461
7593984,6676.996729296052,3.0,362.9004,500.0,216.0201,-1.0,0.16699219,1.0,0.515809,0.14757352,-0.004489803,0.0010158548,-0.0049977303,1.0701051,0.76953125,0.23046875
7602176,6666.158041919512,3.0,362.8026,500.0,216.04839,-1.0,0.16674805,1.0,0.5161245,0.14730552,-0.0059169643,0.0018517188,-0.0068428237,1.0751858,0.76953125,0.23046875
7610368,6642.124840421542,3.0,362.81152,500.0,216.03517,-1.0,0.1665039,1.0,0.51620334,0.14704546,-0.0027228128,0.00083583366,-0.0031407299,1.0733814,0.7696533,0.23034668
7618560,6670.253871096556,3.0,362.74512,500.0,216.0609,-1.0,0.1665039,1.0,0.51643974,0.14698489,-0.0037936755,0.0007051538,-0.004146252,1.068595,0.76953125,0.23046875
7626752,6675.214419194613,3.0,362.55115,500.0,216.1415,-1.0,0.16723633,1.0,0.5166758,0.14753023,-0.0059619923,0.0007595432,-0.006341764,1.063251,0.7689209,0.2310791
7634944,6669.883551410033,3.0,362.50745,500.0,216.14816,-1.0,0.16711426,1.0,0.5168334,0.1473961,-0.0041666944,0.00057990797,-0.0044566486,1.0536186,0.7689209,0.2310791
7643136,6662.280380210473,3.0,362.2567,500.0,216.248,-1.0,0.16748047,1.0,0.5173051,0.14754608,-0.004562374,0.0020707077,-0.0055977283,1.0476172,0.7684326,0.23156738
7651328,6662.109866706376,3.0,362.3225,500.0,216.20877,-1.0,0.1673584,1.0,0.5172267,0.14738367,-0.004498465,0.000644324,-0.004820627,1.0369824,0.7685547,0.23144531
7659520,6669.049835223138,3.0,362.02478,500.0,216.35486,-1.0,0.16796875,1.0,0.51761866,0.14793001,-0.005331488,0.00015659907,-0.0054097874,1.0371586,0.76794434,0.23205566
7667712,6676.084700652264,3.0,361.5199,500.0,216.57466,-1.0,0.16882324,1.0,0.5184013,0.14853689,-0.0046648746,0.0030892843,-0.0062095164,1.0445777,0.7669678,0.23303223
7675904,6671.479067686709,3.0,361.2915,500.0,216.67734,-1.0,0.16931152,1.0,0.518713,0.14892416,-0.0031764489,0.00022646441,-0.003289681,1.043503,0.7664795,0.23352051
7684096,6666.120536250411,3.0,361.2804,500.0,216.6746,-1.0,0.1694336,1.0,0.5187907,0.14915557,-0.005566817,0.0012474054,-0.006190519,1.0401398,0.7663574,0.23364258
7692288,6672.525892258082,3.0,361.11267,500.0,216.74673,-1.0,0.1697998,1.0,0.5190239,0.14956826,-0.007377447,0.0010234657,-0.00788918,1.0497673,0.7659912,0.23400879
7700480,6656.633536553352,3.0,360.82788,500.0,216.87157,-1.0,0.1694336,1.0,0.519731,0.14936161,-0.0030729666,0.0023164668,-0.0042311996,1.0531175,0.76586914,0.23413086
7708672,6672.945750829609,3.0,360.89685,500.0,216.82834,-1.0,0.16931152,1.0,0.51965344,0.14921981,-0.0041578254,0.0011664387,-0.004741044,1.0583532,0.7659912,0.23400879
7716864,6672.229172233373,3.0,360.85547,500.0,216.83061,-1.0,0.1694336,1.0,0.51973104,0.1492079,-0.0018539606,0.00039484253,-0.0020513819,1.0573078,0.76586914,0.23413086
7725056,6673.1051554208325,3.0,360.7057,500.0,216.88239,-1.0,0.1697998,1.0,0.5199638,0.14960624,-0.0022223145,0.0013478748,-0.0028962516,1.0523324,0.7655029,0.23449707
7733248,6662.060781103491,3.0,360.34436,500.0,217.06091,-1.0,0.17077637,1.0,0.52034813,0.15052114,-0.0034363794,0.0004848338,-0.0036787963,1.0539104,0.76464844,0.23535156
7741440,6672.309504307324,3.0,360.43774,500.0,216.99754,-1.0,0.17089844,1.0,0.5201907,0.15050715,-0.0045351745,0.00031490467,-0.004692626,1.0494425,0.76464844,0.23535156
7749632,6659.052439855856,3.0,359.974,500.0,217.20802,-1.0,0.17163086,1.0,0.52088773,0.1512095,-0.0062313303,0.0012167783,-0.00683972,1.0528978,0.76379395,0.23620605
7757824,6662.157661277892,3.0,360.03503,500.0,217.17715,-1.0,0.17175293,1.0,0.5207304,0.15131241,-0.0055201775,4.7857626e-05,-0.0055441065,1.060581,0.76379395,0.23620605
7766016,6668.321151586688,3.0,359.87573,500.0,217.23566,-1.0,0.17211914,1.0,0.520961,0.15164724,-0.0039681676,0.0013505634,-0.0046434496,1.0774859,0.76342773,0.23657227
7774208,6662.621433405273,3.0,359.82288,500.0,217.2541,-1.0,0.17224121,1.0,0.5210378,0.15170816,-0.004713849,0.00026004348,-0.004843871,1.0886871,0.76330566,0.23669434
7782400,6667.2808207881035,3.0,359.4901,500.0,217.39291,-1.0,0.17248535,1.0,0.5216596,0.15186366,-0.0048808744,0.0022362755,-0.0059990115,1.1049218,0.7628174,0.23718262
7790592,6660.8997300143865,3.0,359.32422,500.0,217.44835,-1.0,0.17224121,1.0,0.5222079,0.15163125,-0.005056805,0.0018316775,-0.005972644,1.1257851,0.7626953,0.23730469
7798784,6674.496056753073,3.0,359.391,500.0,217.40913,-1.0,0.171875,1.0,0.52221173,0.15133275,-0.0049140407,0.00090489077,-0.0053664856,1.141009,0.76293945,0.23706055
7806976,6659.717139734373,3.0,359.05945,500.0,217.54454,-1.0,0.17260742,1.0,0.52267116,0.15185235,-0.005256463,0.0004821255,-0.005497526,1.1508455,0.76220703,0.23779297
7815168,6659.626784385576,3.0,358.89038,500.0,217.61586,-1.0,0.17321777,1.0,0.52281964,0.1523289,-0.0041575385,0.00049565395,-0.0044053653,1.1602892,0.76171875,0.23828125
7823360,6666.376617835797,3.0,358.42236,500.0,217.82797,-1.0,0.1739502,1.0,0.52350986,0.15301175,-0.0065876977,0.0012034134,-0.007189404,1.1591461,0.76086426,0.23913574
7831552,6663.947221756751,3.0,357.7776,500.0,218.12035,-1.0,0.17504883,1.0,0.5244253,0.1539393,-0.004643328,0.0014521172,-0.005369386,1.1528255,0.75964355,0.24035645
7839744,6675.892726369083,3.0,357.72205,500.0,218.14215,-1.0,0.1751709,1.0,0.524501,0.15401949,-0.0030431626,8.7027685e-05,-0.0030866764,1.1434977,0.7595215,0.24047852
7847936,6665.569639534656,3.0,357.36792,500.0,218.30339,-1.0,0.1763916,1.0,0.52479005,0.1551007,-0.005485384,0.00020645723,-0.0055886125,1.1270205,0.7585449,0.24145508
7856128,6670.580200845011,3.0,356.9668,500.0,218.47334,-1.0,0.17700195,1.0,0.52539825,0.15563941,-0.005242816,0.0008166283,-0.00565113,1.109767,0.7578125,0.2421875
7864320,6669.880961906653,3.0,356.6355,500.0,218.6009,-1.0,0.17773438,1.0,0.52584785,0.1561197,-0.004156901,0.00051402266,-0.004413912,1.1038193,0.7570801,0.24291992
7872512,6660.589840429584,3.0,356.44775,500.0,218.6589,-1.0,0.17773438,1.0,0.52631193,0.15623856,-0.004178279,0.0018895897,-0.0051230746,1.0948428,0.75683594,0.24316406
7880704,6664.0066749185125,3.0,356.08972,500.0,218.82391,-1.0,0.1784668,1.0,0.5267596,0.1569038,-0.0002943929,0.00025338348,-0.0004210847,1.10126,0.7561035,0.24389648
7888896,6657.513168936458,3.0,355.69263,500.0,218.98932,-1.0,0.17907715,1.0,0.52736336,0.15752316,-0.006309911,0.00064846524,-0.006634144,1.1128768,0.7553711,0.2446289
7897088,6662.100824567285,3.0,355.35095,500.0,219.12863,-1.0,0.17907715,1.0,0.5280573,0.15743992,-0.0038403587,0.0025025047,-0.0050916113,1.1319313,0.7550049,0.24499512
7905280,6663.063304237477,3.0,354.9928,500.0,219.23743,-1.0,0.17944336,1.0,0.52874154,0.15753254,-0.0054780664,0.0027126237,-0.006834378,1.133856,0.75439453,0.24560547
7913472,6659.664217018324,3.0,354.79004,500.0,219.29918,-1.0,0.17919922,1.0,0.5292858,0.15743256,-0.0057703396,0.0032612537,-0.0074009662,1.1285523,0.75427246,0.24572754
7921664,6660.64536019323,3.0,354.2677,500.0,219.52054,-1.0,0.17980957,1.0,0.530116,0.15791114,-0.0030394471,0.002065611,-0.0040722527,1.132747,0.75341797,0.24658203
7929856,6676.77615898621,3.0,353.9253,500.0,219.65971,-1.0,0.18029785,1.0,0.5306408,0.15833467,-0.0035808524,0.0010632568,-0.0041124807,1.1304395,0.7528076,0.24719238
7938048,6673.4732406446365,3.0,353.8285,500.0,219.68495,-1.0,0.18054199,1.0,0.53078777,0.15842912,-0.0049356446,0.0009659551,-0.005418622,1.1308069,0.7525635,0.24743652
7946240,6661.405945020493,3.0,353.73975,500.0,219.69734,-1.0,0.18005371,1.0,0.5311834,0.15809122,-0.0029781072,0.0026327802,-0.004294497,1.1322448,0.75268555,0.24731445
7954432,6662.9431405777295,3.0,353.45618,500.0,219.81267,-1.0,0.18066406,1.0,0.5315506,0.15854448,-0.0028442075,0.00090635935,-0.003297387,1.1318161,0.7520752,0.2479248
7962624,6656.382071491173,3.0,353.52515,500.0,219.77289,-1.0,0.18005371,1.0,0.53164285,0.15793167,-0.005038062,0.002818949,-0.0064475364,1.1269588,0.7524414,0.2475586
7970816,6672.234354889449,3.0,353.2992,500.0,219.86081,-1.0,0.18005371,1.0,0.53210187,0.15795892,-0.0014913882,0.0022383765,-0.0026105763,1.1220644,0.75219727,0.24780273
7979008,6668.775427665652,3.0,352.83838,500.0,220.04855,-1.0,0.18078613,1.0,0.53277075,0.15854703,-0.004760286,0.0013363071,-0.00542844,1.1172849,0.7513428,0.24865723
7987200,6671.6513565729665,3.0,352.60278,500.0,220.1493,-1.0,0.18127441,1.0,0.533063,0.1590339,-0.0061414065,0.00086520956,-0.0065740105,1.1229658,0.7508545,0.24914551
7995392,6664.884378699441,3.0,352.14148,500.0,220.33894,-1.0,0.18127441,1.0,0.5339782,0.15916905,-0.006424994,0.0030179871,-0.007933987,1.1302679,0.7503662,0.24963379
8003584,6665.700242962356,3.0,352.33508,500.0,220.23923,-1.0,0.18115234,1.0,0.5336766,0.15898001,-0.0030289516,0.0014543005,-0.0037561022,1.1408837,0.75061035,0.24938965
8011776,6678.846200706688,3.0,351.88477,500.0,220.4147,-1.0,0.18261719,1.0,0.5340922,0.16019557,-0.003619248,0.0013678968,-0.0043031964,1.1466681,0.74938965,0.25061035
8019968,6668.189151340324,3.0,351.54565,500.0,220.56934,-1.0,0.18371582,1.0,0.5342868,0.16125768,-0.005727032,0.0016338938,-0.0065439786,1.1426201,0.74853516,0.25146484
8028160,6666.50078568686,3.0,351.78857,500.0,220.45898,-1.0,0.18395996,1.0,0.5337455,0.16144428,-0.0026411975,0.00017482477,-0.0027286098,1.1272773,0.7486572,0.25134277
8036352,6678.521657934245,3.0,351.7296,500.0,220.5123,-1.0,0.1842041,1.0,0.53366137,0.16181064,-0.004180199,0.0010193542,-0.004689876,1.1152096,0.74853516,0.25146484
8044544,6668.314680864566,3.0,351.73608,500.0,220.50333,-1.0,0.18395996,1.0,0.5337455,0.16165128,0.005585436,0.0017856412,0.004692615,1.1205089,0.7486572,0.25134277
8052736,6668.972170415663,3.0,351.49622,500.0,220.60909,-1.0,0.18444824,1.0,0.53403443,0.16209209,-0.0076143807,0.0017147047,-0.008471733,1.1251171,0.74816895,0.25183105
8060928,6658.556905321034,3.0,351.34363,500.0,220.65959,-1.0,0.18457031,1.0,0.53433496,0.16211487,-0.0011301975,0.0022803454,-0.0022703703,1.1299917,0.7479248,0.2520752
8069120,6674.130451495931,3.0,351.4431,500.0,220.63107,-1.0,0.18481445,1.0,0.534022,0.16241175,-0.006145051,0.000101141515,-0.0061956216,1.1277635,0.7479248,0.2520752
8077312,6661.405945020493,3.0,351.09082,500.0,220.77762,-1.0,0.18530273,1.0,0.5345383,0.16281852,-0.0069137467,0.00063675,-0.0072321217,1.1193633,0.74731445,0.25268555
8085504,6671.479067686709,3.0,351.27576,500.0,220.6912,-1.0,0.1854248,1.0,0.53415334,0.16289109,-0.0052880263,7.922201e-05,-0.0053276364,1.1140546,0.7474365,0.25256348
8093696,6660.298054096531,3.0,351.01245,500.0,220.77844,-1.0,0.18530273,1.0,0.5347666,0.16298415,-0.00427976,0.0048131878,-0.006686354,1.1092064,0.7471924,0.25280762
8101888,6649.880242796021,3.0,350.99243,500.0,220.80222,-1.0,0.18554688,1.0,0.53468204,0.16328928,-0.005902212,0.00015090875,-0.0059776665,1.1028409,0.7470703,0.2529297
8110080,6668.550223240928,3.0,350.46008,500.0,221.01987,-1.0,0.18664551,1.0,0.53532666,0.16419797,-0.0023159923,0.0028034751,-0.0037177303,1.1016959,0.7459717,0.25402832
8118272,6661.080512255726,3.0,350.54346,500.0,220.96889,-1.0,0.18701172,1.0,0.53508466,0.16443844,-0.00515485,0.00026571777,-0.0052877087,1.1019033,0.7458496,0.2541504
8126464,6658.612391198395,3.0,350.25867,500.0,221.07837,-1.0,0.18786621,1.0,0.5353557,0.16521114,-0.004069182,0.0023060113,-0.0052221874,1.0973809,0.7451172,0.2548828
8134656,6681.361827471379,3.0,350.1991,500.0,221.10379,-1.0,0.18823242,1.0,0.53534096,0.1655244,-0.0047596404,0.00021955383,-0.0048694173,1.100838,0.74487305,0.25512695
8142848,6675.307791732696,3.0,350.193,500.0,221.1026,-1.0,0.18798828,1.0,0.5354268,0.16527939,-0.0036287056,0.00087613135,-0.004066771,1.106281,0.7449951,0.25500488
8151040,6670.814608185672,3.0,350.35144,500.0,221.05226,-1.0,0.18811035,1.0,0.53504187,0.16534655,-0.0013407288,0.00018904707,-0.0014352524,1.1144269,0.7451172,0.2548828
8159232,6672.948342713274,3.0,350.24792,500.0,221.11685,-1.0,0.18896484,1.0,0.53485477,0.16602492,-0.003927389,0.0001542087,-0.0040044934,1.1244144,0.7446289,0.2553711
8167424,6672.4170486602725,3.0,350.19397,500.0,221.13434,-1.0,0.18908691,1.0,0.53492576,0.16609542,-0.0034361135,0.00030862732,-0.003590427,1.1278397,0.74450684,0.25549316
8175616,6659.653890732777,3.0,350.18408,500.0,221.14522,-1.0,0.18908691,1.0,0.53492576,0.16606939,-0.0018735672,0.002061546,-0.0029043404,1.1295757,0.74450684,0.25549316
8183808,6662.275213006349,3.0,350.37756,500.0,221.05142,-1.0,0.1887207,1.0,0.5347127,0.1658355,0.01911976,0.0007026958,0.018768411,1.1295713,0.74487305,0.25512695
8192000,6660.214137982234,3.0,350.1725,500.0,221.13823,-1.0,0.1895752,1.0,0.5347529,0.16638018,-0.0048380056,0.0001693614,-0.004922686,1.1212349,0.7442627,0.2557373
8200192,6671.704469978946,3.0,350.34473,500.0,221.07166,-1.0,0.18969727,1.0,0.534367,0.16648939,-0.0047308677,0.0002751093,-0.0048684226,1.1127995,0.74438477,0.25561523
8208384,6670.099782035941,3.0,350.2915,500.0,221.08888,-1.0,0.1895752,1.0,0.53452456,0.16633812,-0.0028941901,0.0013277964,-0.003558088,1.1223922,0.74438477,0.25561523
8216576,6663.704250296533,3.0,350.18408,500.0,221.12431,-1.0,0.18933105,1.0,0.5348394,0.16617972,-0.0021002102,0.0024506315,-0.0033255257,1.1230464,0.74438477,0.25561523
8224768,6665.851542440516,3.0,350.29907,500.0,221.07965,-1.0,0.18933105,1.0,0.5346111,0.16614968,-0.00457583,0.00016547073,-0.004658565,1.1219263,0.74450684,0.25549316
8232960,6665.583863422,3.0,350.30273,500.0,221.07448,-1.0,0.18981934,1.0,0.5344379,0.16655964,-0.0045017707,0.0003526173,-0.00467808,1.1212063,0.7442627,0.2557373
8241152,6676.859195510069,3.0,350.31555,500.0,221.0563,-1.0,0.19030762,1.0,0.5342642,0.16691002,-0.0058145216,0.00025297655,-0.00594101,1.1149706,0.74401855,0.25598145
8249344,6672.266746672337,3.0,350.31567,500.0,221.0561,-1.0,0.19030762,1.0,0.5342642,0.16690913,-0.0032949883,0.0007157341,-0.0036528553,1.1023178,0.74401855,0.25598145
8257536,6661.107630438314,3.0,350.37,500.0,221.03857,-1.0,0.19042969,1.0,0.5341065,0.16699646,-0.00329976,0.0017269037,-0.0041632117,1.0999262,0.74401855,0.25598145
8265728,6662.5129126921065,3.0,350.23303,500.0,221.11372,-1.0,0.19067383,1.0,0.5342479,0.16727361,-0.0051932484,0.0007274675,-0.005556982,1.1028,0.7437744,0.2562256
8273920,6680.8928447403905,3.0,350.46008,500.0,221.02782,-1.0,0.19042969,1.0,0.5338779,0.16712047,-0.004763144,0.00058598135,-0.0050561344,1.1049504,0.7441406,0.25585938
8282112,6664.416413597298,3.0,350.27454,500.0,221.11452,-1.0,0.1907959,1.0,0.5340901,0.16749837,-0.003022729,0.00122644,-0.003635949,1.1026196,0.7437744,0.2562256
8290304,6664.956776960644,3.0,350.26843,500.0,221.12373,-1.0,0.19152832,1.0,0.53382784,0.16814464,-0.0035729492,0.00031394855,-0.0037299236,1.1085234,0.7434082,0.2565918
8298496,6668.652469341627,3.0,350.08728,500.0,221.20357,-1.0,0.19165039,1.0,0.5341269,0.16828266,-0.0043290695,0.0011432448,-0.004900692,1.1143659,0.74316406,0.25683594
8306688,6672.428710304475,3.0,350.0929,500.0,221.19527,-1.0,0.19165039,1.0,0.5341269,0.16823709,-0.0031186258,0.0006794677,-0.0034583595,1.1112448,0.74316406,0.25683594
8314880,6670.04280973228,3.0,350.19043,500.0,221.16998,-1.0,0.19165039,1.0,0.5338983,0.16833307,-0.0046005356,0.0008615221,-0.005031297,1.094651,0.74328613,0.25671387
8323072,6665.1688094882,3.0,350.2517,500.0,221.14206,-1.0,0.1920166,1.0,0.5336525,0.16864683,-0.003822743,0.00037663043,-0.0040110582,1.0806284,0.74316406,0.25683594
8331264,6664.479753094274,3.0,350.4944,500.0,221.0336,-1.0,0.19128418,1.0,0.53345793,0.16796598,-0.003586607,0.0009379703,-0.004055592,1.0825634,0.7437744,0.2562256
8339456,6672.089243562627,3.0,350.67297,500.0,220.95728,-1.0,0.19116211,1.0,0.5331583,0.16784467,-0.0047227843,0.0002963718,-0.0048709707,1.0848327,0.74401855,0.25598145
8347648,6672.4170486602725,3.0,350.90356,500.0,220.88104,-1.0,0.19067383,1.0,0.5328752,0.16751415,-0.004187352,0.0007763506,-0.0045755273,1.0906172,0.74450684,0.25549316
8355840,6678.994202682193,3.0,350.8562,500.0,220.89734,-1.0,0.19128418,1.0,0.532771,0.16803254,-0.007787295,0.00050820946,-0.0080414,1.1005282,0.7441406,0.25585938
8364032,6666.9017759589615,3.0,350.99536,500.0,220.8238,-1.0,0.19128418,1.0,0.5325418,0.16792953,-0.0075925756,0.00020690158,-0.0076960255,1.0965694,0.7442627,0.2557373
8372224,6662.143452009323,3.0,351.0857,500.0,220.79884,-1.0,0.19104004,1.0,0.5324002,0.16779158,-0.004137798,4.2069223e-05,-0.004158833,1.0889354,0.74450684,0.25549316
8380416,6674.488277500762,3.0,351.10608,500.0,220.81566,-1.0,0.19067383,1.0,0.5324168,0.16758129,-0.0048535503,0.0020420447,-0.0058745723,1.0912415,0.744751,0.25524902
8388608,6676.463493107218,3.0,351.10803,500.0,220.82935,-1.0,0.19042969,1.0,0.5325042,0.16738757,-0.0056535904,0.0015847675,-0.006445974,1.1019661,0.74487305,0.25512695
8396800,6664.258716406673,3.0,351.22278,500.0,220.79858,-1.0,0.19055176,1.0,0.5321166,0.16730867,-0.0026997607,0.0013476916,-0.0033736066,1.117963,0.7449951,0.25500488
8404992,6664.084224115091,3.0,351.11792,500.0,220.88443,-1.0,0.19116211,1.0,0.5320123,0.16787699,-0.0043817414,0.0006673658,-0.004715424,1.1264169,0.7446289,0.2553711
8413184,6663.958853813623,3.0,351.12134,500.0,220.91136,-1.0,0.19030762,1.0,0.5322039,0.16730951,-0.005516041,0.0030695358,-0.0070508085,1.1193285,0.7451172,0.2548828
8421376,6664.603850292771,3.0,351.24268,500.0,220.85686,-1.0,0.19055176,1.0,0.5318871,0.16738749,-0.0033433216,0.00021889861,-0.0034527706,1.1153767,0.7451172,0.2548828
8429568,6667.238127578456,3.0,351.17993,500.0,220.93097,-1.0,0.1907959,1.0,0.5317996,0.16775534,-0.0022663032,0.0002741426,-0.0024033745,1.1006863,0.7449951,0.25500488
8437760,6659.333791763605,3.0,351.04285,500.0,221.00694,-1.0,0.19104004,1.0,0.5319414,0.16809058,-0.0040817847,0.00017331792,-0.0041684434,1.0802896,0.744751,0.25524902
8445952,6657.954362436915,3.0,351.01465,500.0,221.04218,-1.0,0.19152832,1.0,0.5317658,0.16853863,-0.0041867485,0.0002535066,-0.0043135015,1.0679309,0.74450684,0.25549316
8454144,6653.709978530197,3.0,350.90393,500.0,221.08124,-1.0,0.19165039,1.0,0.53206605,0.16848242,-0.005717213,0.00082338037,-0.0061289035,1.0774192,0.7442627,0.2557373
8462336,6674.4117824855575,3.0,351.3004,500.0,220.92453,-1.0,0.1907959,1.0,0.53157,0.16780348,-0.001855576,0.00057807483,-0.0021446133,1.0739497,0.7451172,0.2548828
8470528,6671.130630896501,3.0,351.05396,500.0,221.03754,-1.0,0.19104004,1.0,0.5319414,0.16789159,-0.005506862,0.0008649081,-0.0059393165,1.074689,0.744751,0.25524902
8478720,6659.322175847369,3.0,351.11206,500.0,221.01418,-1.0,0.19091797,1.0,0.5318705,0.16778034,-0.0028566958,0.00014558772,-0.0029294898,1.0770223,0.74487305,0.25512695
8486912,6669.064073967394,3.0,351.28528,500.0,220.9445,-1.0,0.1907959,1.0,0.53157,0.16772732,-0.0059602917,0.00057745195,-0.006249018,1.0762889,0.7451172,0.2548828
8495104,6660.662145420266,3.0,351.28418,500.0,220.96779,-1.0,0.19091797,1.0,0.53141123,0.16798635,-0.0038127708,0.0006996829,-0.0041626124,1.0709662,0.7451172,0.2548828
8503296,6655.164991241302,3.0,351.34973,500.0,220.93947,-1.0,0.1907959,1.0,0.53134036,0.16771574,-0.0030879162,0.0006587127,-0.003417273,1.0633463,0.74523926,0.25476074
8511488,6656.351123258119,3.0,351.3379,500.0,220.95595,-1.0,0.1907959,1.0,0.53134036,0.16774261,-0.0049981186,0.00052156684,-0.0052589024,1.067754,0.74523926,0.25476074
8519680,6672.544033202957,3.0,351.49524,500.0,220.90495,-1.0,0.19116211,1.0,0.53086376,0.16793324,-0.0038904045,0.0003551973,-0.004068003,1.0689143,0.74523926,0.25476074
8527872,6665.286467503183,3.0,351.39624,500.0,220.96362,-1.0,0.19116211,1.0,0.53109366,0.16820125,-0.0047011296,0.0007086767,-0.005055467,1.072764,0.7451172,0.2548828
8536064,6656.723810697297,3.0,351.23047,500.0,221.0256,-1.0,0.19177246,1.0,0.53121847,0.16867524,-0.009857323,8.373753e-05,-0.009899191,1.0737803,0.7446289,0.2553711
8544256,6676.863087897802,3.0,351.4485,500.0,220.95024,-1.0,0.19104004,1.0,0.5310227,0.16814354,-0.0030306263,0.0010008266,-0.0035310397,1.0784532,0.74523926,0.25476074
8552448,6666.270561459079,3.0,351.69836,500.0,220.88542,-1.0,0.19140625,1.0,0.5303157,0.1683957,-0.0044624372,0.00046723915,-0.0046960562,1.0784057,0.7453613,0.25463867
8560640,6665.674380491076,3.0,351.52954,500.0,220.96342,-1.0,0.19213867,1.0,0.53028095,0.16887769,-0.0037698683,0.0011727539,-0.004356245,1.0706328,0.74487305,0.25512695
8568832,6665.238628028938,3.0,351.25696,500.0,221.09868,-1.0,0.19262695,1.0,0.5305641,0.16932902,-0.0007006506,0.0017048497,-0.0015530754,1.0686994,0.74438477,0.25561523
8577024,6661.0043242576785,3.0,351.11206,500.0,221.20752,-1.0,0.19348145,1.0,0.53036827,0.17022201,-0.0019395617,0.000120042896,-0.001999583,1.0670891,0.7438965,0.25610352
8585216,6666.936703201862,3.0,351.15784,500.0,221.20024,-1.0,0.19360352,1.0,0.5302086,0.17041382,-0.0032056896,0.0006410774,-0.0035262285,1.0620477,0.7438965,0.25610352
8593408,6678.040094589444,3.0,351.11,500.0,221.20935,-1.0,0.19396973,1.0,0.53018993,0.17064737,-0.00466797,0.00086794386,-0.0051019415,1.0613855,0.74365234,0.25634766
8601600,6660.725413574879,3.0,350.98572,500.0,221.27821,-1.0,0.19396973,1.0,0.5304201,0.17075261,-0.004001391,0.0010115022,-0.0045071426,1.0535089,0.7435303,0.25646973
8609792,6675.787664037456,3.0,350.81506,500.0,221.34554,-1.0,0.19433594,1.0,0.5306312,0.17105211,-0.0026948676,0.00086171675,-0.0031257262,1.0571889,0.74316406,0.25683594
8617984,6669.285429538443,3.0,350.69666,500.0,221.39568,-1.0,0.19458008,1.0,0.53077173,0.17118795,-0.0035943321,0.0015939231,-0.004391294,1.0668719,0.7429199,0.25708008
8626176,6675.805822722587,3.0,350.8412,500.0,221.36035,-1.0,0.19421387,1.0,0.53056085,0.1710321,-0.006072901,0.00019923924,-0.0061725206,1.0763402,0.74328613,0.25671387
8634368,6671.738152089216,3.0,350.9054,500.0,221.32832,-1.0,0.19482422,1.0,0.53022194,0.17150804,-0.0030820412,0.0001577514,-0.0031609167,1.0916408,0.743042,0.256958
8642560,6664.097149156663,3.0,350.88025,500.0,221.354,-1.0,0.19494629,1.0,0.53006196,0.17162073,-0.0063999714,0.000202327,-0.0065011345,1.0891047,0.743042,0.256958
8650752,6670.356169446974,3.0,350.95056,500.0,221.32391,-1.0,0.19458008,1.0,0.53008133,0.1715045,-0.004385775,0.00096949347,-0.0048705214,1.0804746,0.74328613,0.25671387
8658944,6675.772099528826,3.0,350.88757,500.0,221.35461,-1.0,0.19470215,1.0,0.5301517,0.17164363,-0.0020708148,5.130169e-05,-0.0020964653,1.0945194,0.74316406,0.25683594
8667136,6668.409154654317,3.0,350.83118,500.0,221.37547,-1.0,0.19458008,1.0,0.5303115,0.17149782,-0.0037399232,0.000489822,-0.003984834,1.0944276,0.74316406,0.25683594
8675328,6675.407651365438,3.0,350.73193,500.0,221.4016,-1.0,0.19506836,1.0,0.53036237,0.1718249,-0.003285949,0.0008966208,-0.003734259,1.0827872,0.74279785,0.25720215
8683520,6668.5424578424,3.0,350.27856,500.0,221.61612,-1.0,0.19567871,1.0,0.5309428,0.17249802,-0.0033163808,0.0006845944,-0.0036586784,1.0742357,0.7420654,0.25793457
8691712,6660.1147323983905,3.0,350.82178,500.0,221.37947,-1.0,0.19470215,1.0,0.5301517,0.17146531,-0.0054903547,5.1562904e-05,-0.0055161356,1.0689249,0.74316406,0.25683594
8699904,6672.792833257173,3.0,350.76147,500.0,221.40607,-1.0,0.19482422,1.0,0.53022194,0.17158106,-0.0048415745,6.57495e-05,-0.004874449,1.0799952,0.743042,0.256958
8708096,6671.564563315008,3.0,350.8313,500.0,221.38371,-1.0,0.19506836,1.0,0.5299018,0.17166556,-0.0059346203,0.00015312801,-0.0060111834,1.0916145,0.743042,0.256958
8716288,6666.671524034834,3.0,350.40613,500.0,221.6001,-1.0,0.1953125,1.0,0.5305027,0.1720061,-0.0035177046,0.001264982,-0.0041501955,1.0975307,0.7425537,0.2574463
8724480,6677.580662232144,3.0,350.27856,500.0,221.66302,-1.0,0.1953125,1.0,0.53073275,0.17206486,-0.004497499,0.0013189886,-0.005156994,1.0939118,0.74243164,0.25756836
8732672,6661.686204271809,3.0,350.00964,500.0,221.80179,-1.0,0.19580078,1.0,0.5310127,0.1727707,-0.0037447498,0.001695627,-0.004592563,1.0920866,0.74194336,0.25805664
8740864,6657.193275718594,3.0,349.80786,500.0,221.88208,-1.0,0.19592285,1.0,0.5313125,0.17269504,-0.0059293066,0.000978051,-0.0064183325,1.087606,0.7416992,0.25830078
8749056,6675.242949415222,3.0,349.9126,500.0,221.84984,-1.0,0.19567871,1.0,0.53117263,0.17255318,-0.0061833006,0.00019041689,-0.0062785093,1.0807002,0.74194336,0.25805664
8757248,6670.843100808545,3.0,349.91638,500.0,221.85307,-1.0,0.19580078,1.0,0.5310127,0.17272078,-0.003929193,0.0021418866,-0.0050001363,1.0817479,0.74194336,0.25805664
8765440,6660.950089795564,3.0,350.08533,500.0,221.76064,-1.0,0.19580078,1.0,0.5307828,0.17255609,-0.0046597268,0.00042623555,-0.0048728446,1.078909,0.7420654,0.25793457
8773632,6672.398908405869,3.0,350.1543,500.0,221.75691,-1.0,0.19604492,1.0,0.53046256,0.17274313,-0.0039787893,0.00048359245,-0.0042205853,1.072687,0.7420654,0.25793457
8781824,6672.106086517835,3.0,350.06323,500.0,221.8467,-1.0,0.19555664,1.0,0.5306428,0.17262518,-0.0039543975,0.0009217411,-0.004415268,1.0711098,0.7423096,0.25769043
8790016,6667.916108593158,3.0,349.81555,500.0,221.98267,-1.0,0.19665527,1.0,0.53058195,0.1732055,-0.005243159,0.0013535853,-0.0059199515,1.0774478,0.74157715,0.25842285
8798208,6676.966886578145,3.0,349.68994,500.0,222.07655,-1.0,0.19677734,1.0,0.5306516,0.1735717,-0.0040250225,0.000890277,-0.004470161,1.0798843,0.7414551,0.25854492
8806400,6661.515721180485,3.0,349.8562,500.0,222.01765,-1.0,0.19665527,1.0,0.5303518,0.1734089,-0.0017273373,0.0005954887,-0.0020250813,1.0804496,0.7416992,0.25830078
8814592,6663.341118538367,3.0,349.88782,500.0,222.0239,-1.0,0.19628906,1.0,0.5303723,0.17319551,-0.0051805195,0.00020665799,-0.005283849,1.0823523,0.74194336,0.25805664
8822784,6658.945325882854,3.0,349.77307,500.0,222.07387,-1.0,0.19677734,1.0,0.53042156,0.17359656,-0.004837255,0.00078363763,-0.0052290736,1.0871406,0.74157715,0.25842285
8830976,6667.16697344406,3.0,349.36023,500.0,222.24333,-1.0,0.19689941,1.0,0.5311812,0.17372021,-0.004775317,0.0021761842,-0.005863408,1.0790387,0.74108887,0.25891113
8839168,6665.688604825445,3.0,349.45862,500.0,222.2226,-1.0,0.19750977,1.0,0.53060955,0.17399773,-0.0019480194,0.00021137517,-0.002053707,1.0748088,0.7409668,0.2590332
8847360,6666.556404036751,3.0,349.3617,500.0,222.28084,-1.0,0.19763184,1.0,0.53067917,0.17412955,-0.0056590536,0.0012795809,-0.0062988442,1.0786422,0.7408447,0.25915527
8855552,6654.975507140692,3.0,349.21716,500.0,222.36311,-1.0,0.19787598,1.0,0.5308182,0.17440736,-0.0056293528,0.0023499113,-0.0068043084,1.0871445,0.7406006,0.2593994
8863744,6658.145306407816,3.0,349.43542,500.0,222.28963,-1.0,0.19763184,1.0,0.5304491,0.17416449,-0.0015506308,0.00056456483,-0.0018329136,1.0897384,0.7409668,0.2590332
8871936,6672.5854985902215,3.0,349.46667,500.0,222.32207,-1.0,0.19812012,1.0,0.5300366,0.17446002,-0.0049421587,0.0015037727,-0.0056940457,1.0900635,0.7408447,0.25915527
8880128,6663.028417567181,3.0,349.542,500.0,222.32423,-1.0,0.19812012,1.0,0.52980626,0.17440796,-0.004158778,0.00064572215,-0.004481639,1.0924788,0.7409668,0.2590332
8888320,6661.013363420561,3.0,349.54248,500.0,222.32349,-1.0,0.19836426,1.0,0.52971494,0.17458978,-0.0048741903,2.6639196e-05,-0.00488751,1.0862832,0.7408447,0.25915527
8896512,6664.115244299093,3.0,349.4801,500.0,222.3529,-1.0,0.19848633,1.0,0.5297844,0.17472616,-0.0043662493,0.000456748,-0.0045946236,1.0708241,0.74072266,0.25927734
8904704,6667.3506835832895,3.0,349.40295,500.0,222.40279,-1.0,0.19836426,1.0,0.5299453,0.17476523,-0.0028261929,0.0026209522,-0.0041366694,1.0678096,0.74072266,0.25927734
8912896,6678.718976181128,3.0,349.54993,500.0,222.36845,-1.0,0.19824219,1.0,0.5296454,0.17470266,-0.0037909397,0.000540058,-0.0040609683,1.0707232,0.7409668,0.2590332
8921088,6668.655057891198,3.0,349.28857,500.0,222.5,-1.0,0.19970703,1.0,0.52955604,0.1758756,-0.005789972,0.00043065965,-0.006005302,1.0703282,0.73999023,0.26000977
8929280,6679.388906686904,3.0,349.34668,500.0,222.47725,-1.0,0.19958496,1.0,0.5294868,0.17577963,-0.006346816,0.0005677501,-0.0066306917,1.0759573,0.7401123,0.2598877
8937472,6660.859700987931,3.0,348.96106,500.0,222.66156,-1.0,0.2010498,1.0,0.5296242,0.1768825,-0.001335698,0.00021129967,-0.0014413474,1.0796831,0.7390137,0.26098633
8945664,6653.338916810362,3.0,349.1139,500.0,222.63158,-1.0,0.2010498,1.0,0.52916306,0.1766476,-0.0032424214,0.0013775463,-0.003931195,1.0791922,0.7392578,0.2607422
8953856,6670.880659637855,3.0,349.08313,500.0,222.68974,-1.0,0.20117188,1.0,0.5290013,0.17685601,-0.0042467574,0.00096352544,-0.00472852,1.0761847,0.7392578,0.2607422
8962048,6664.3466122808395,3.0,349.17444,500.0,222.65814,-1.0,0.20092773,1.0,0.52886325,0.17683943,-0.0005137108,0.0013768548,-0.0012021381,1.071028,0.73950195,0.26049805
8970240,6676.8085948825255,3.0,349.177,500.0,222.65474,-1.0,0.20117188,1.0,0.5287705,0.17703076,-0.0041501857,0.0005878264,-0.0044440986,1.0671057,0.7393799,0.26062012
8978432,6656.8295635229315,3.0,349.05774,500.0,222.72052,-1.0,0.20153809,1.0,0.5287465,0.17742684,-0.0032096794,0.0002347723,-0.0033270651,1.0663044,0.73913574,0.26086426
8986624,6663.898109075421,3.0,348.76074,500.0,222.84377,-1.0,0.20239258,1.0,0.5289971,0.17818578,-0.007001259,0.000633476,-0.0073179966,1.0628531,0.7384033,0.26159668
8994816,6673.640447696693,3.0,348.85315,500.0,222.83492,-1.0,0.20288086,1.0,0.5285792,0.17872116,-0.0062019597,0.00075644074,-0.0065801796,1.0590061,0.73828125,0.26171875
9003008,6665.552829564241,3.0,349.03613,500.0,222.78423,-1.0,0.20288086,1.0,0.52811706,0.17857212,-0.0005736547,0.00046874292,-0.0008080261,1.057457,0.7385254,0.2614746
9011200,6675.119752482499,3.0,349.11682,500.0,222.77843,-1.0,0.20361328,1.0,0.52760386,0.17896754,-0.0041088774,0.00020422769,-0.0042109913,1.0688744,0.73828125,0.26171875
9019392,6662.489658713502,3.0,349.1034,500.0,222.79845,-1.0,0.20336914,1.0,0.527698,0.17886515,-0.005331959,0.0011781466,-0.005921033,1.0768781,0.7384033,0.26159668
9027584,6665.344651573051,3.0,349.11816,500.0,222.78314,-1.0,0.20336914,1.0,0.527698,0.17895247,-0.0019302112,0.00065111514,-0.0022557687,1.0722065,0.7384033,0.26159668
9035776,6668.031275555968,3.0,349.0559,500.0,222.81207,-1.0,0.20349121,1.0,0.52776664,0.17908527,-0.0025338696,0.00038293202,-0.0027253355,1.07971,0.73828125,0.26171875
9043968,6665.539898875463,3.0,349.0537,500.0,222.81537,-1.0,0.20397949,1.0,0.5275782,0.17951432,-0.0038363908,0.0004547243,-0.0040637525,1.0928648,0.7380371,0.2619629
9052160,6668.547634772743,3.0,349.01013,500.0,222.84717,-1.0,0.20349121,1.0,0.52776664,0.17919418,-0.0019613095,0.0018734214,-0.00289802,1.1003664,0.73828125,0.26171875
9060352,6666.606849389223,3.0,349.07007,500.0,222.82173,-1.0,0.20336914,1.0,0.527698,0.17900151,-0.006884494,0.0010752999,-0.0074221436,1.107709,0.7384033,0.26159668
9068544,6674.667204891893,3.0,349.30957,500.0,222.72018,-1.0,0.20288086,1.0,0.5274232,0.17855307,-0.005350139,0.000235308,-0.005467793,1.109469,0.7388916,0.2611084
9076736,6674.228979466488,3.0,349.5199,500.0,222.65355,-1.0,0.20263672,1.0,0.5270541,0.17833179,-0.004810605,0.00029177353,-0.004956493,1.1162055,0.7392578,0.2607422
9084928,6669.549522073446,3.0,349.58435,500.0,222.6396,-1.0,0.20227051,1.0,0.5268473,0.17804834,-0.005103376,0.0008153551,-0.005511053,1.1140904,0.739624,0.26037598
9093120,6677.510584887139,3.0,349.37903,500.0,222.74518,-1.0,0.20288086,1.0,0.52696013,0.17853405,-0.0039636744,8.7553526e-05,-0.0040074512,1.1039011,0.73913574,0.26086426
9101312,6674.441602367697,3.0,349.37744,500.0,222.74757,-1.0,0.203125,1.0,0.5268661,0.1787628,-0.0046598236,3.0746705e-05,-0.0046751974,1.0979077,0.7390137,0.26098633
9109504,6665.605845912755,3.0,349.7025,500.0,222.62485,-1.0,0.20239258,1.0,0.52645266,0.1781925,-0.0027845758,0.0004857917,-0.0030274717,1.0983202,0.7397461,0.2602539
9117696,6679.552514785135,3.0,349.73132,500.0,222.63155,-1.0,0.20275879,1.0,0.5261958,0.17843884,8.043097e-05,0.00021908856,-2.9112969e-05,1.093975,0.739624,0.26037598
9125888,6660.922972895692,3.0,349.80603,500.0,222.61989,-1.0,0.20300293,1.0,0.5258696,0.17877582,-0.0023853886,8.759084e-05,-0.002429184,1.1018851,0.739624,0.26037598
9134080,6661.266469941969,3.0,349.8684,500.0,222.591,-1.0,0.203125,1.0,0.52570635,0.17887278,-0.0023661952,0.00028360327,-0.002507997,1.1127579,0.739624,0.26037598
9142272,6678.489205391736,3.0,350.1637,500.0,222.4979,-1.0,0.20263672,1.0,0.5251979,0.1784263,-0.0058699087,1.239622e-05,-0.005876106,1.1158214,0.7402344,0.25976562
9150464,6666.745254661519,3.0,350.18225,500.0,222.50668,-1.0,0.20349121,1.0,0.5247511,0.17926723,-0.0051983474,0.0010801437,-0.0057384195,1.1210867,0.73986816,0.26013184
9158656,6664.045449291193,3.0,350.17725,500.0,222.51427,-1.0,0.20349121,1.0,0.5247511,0.17929448,-0.003850588,0.0015669176,-0.0046340474,1.126183,0.73986816,0.26013184
9166848,6672.817455104763,3.0,350.068,500.0,222.59021,-1.0,0.20458984,1.0,0.52444017,0.18009819,-0.0045270612,0.00060589367,-0.004830008,1.1319722,0.7392578,0.2607422
9175040,6668.14774057525,3.0,350.12207,500.0,222.59264,-1.0,0.20483398,1.0,0.524112,0.1804945,-0.003098973,0.0001981889,-0.0031980674,1.1412866,0.7392578,0.2607422
9183232,6666.546056366503,3.0,350.2378,500.0,222.54704,-1.0,0.20483398,1.0,0.52387905,0.18051852,-0.004133015,0.00019374117,-0.004229885,1.1455888,0.7393799,0.26062012
9191424,6667.747894335961,3.0,350.70996,500.0,222.35114,-1.0,0.20483398,1.0,0.5229461,0.18043186,-0.0035615785,0.0005954243,-0.0038592902,1.145858,0.73986816,0.26013184
9199616,6669.7191219352735,3.0,350.8805,500.0,222.28731,-1.0,0.20568848,1.0,0.52226025,0.18123445,-0.004473011,0.0003997788,-0.0046729,1.1467769,0.739624,0.26037598
9207808,6679.3772207008615,3.0,350.8169,500.0,222.3188,-1.0,0.20605469,1.0,0.5222327,0.1815866,-0.005423411,9.245445e-05,-0.0054696375,1.1428741,0.7393799,0.26062012
9216000,6673.372142770853,3.0,351.11047,500.0,222.19798,-1.0,0.20666504,1.0,0.52140653,0.18213244,-0.0048741614,0.00028951414,-0.005018919,1.1421033,0.7393799,0.26062012
9224192,6673.176436360698,3.0,351.46106,500.0,222.05424,-1.0,0.20593262,1.0,0.52099377,0.18142065,-0.0066729654,0.00049143046,-0.00691868,1.1341591,0.7401123,0.2598877
9232384,6677.053820456231,3.0,351.3479,500.0,222.097,-1.0,0.2064209,1.0,0.5210349,0.1818125,-0.0065636355,0.00021118016,-0.006669225,1.1346135,0.7397461,0.2602539
9240576,6678.376273002284,3.0,351.09937,500.0,222.21391,-1.0,0.20739746,1.0,0.5211156,0.18265018,-0.0012926512,0.00014796465,-0.0013666335,1.1300939,0.7390137,0.26098633
9248768,6664.207014034314,3.0,351.1565,500.0,222.19214,-1.0,0.20751953,1.0,0.52094984,0.18278381,-0.0033687833,0.00018298198,-0.003460274,1.1301465,0.7390137,0.26098633
9256960,6673.814144514815,3.0,351.33557,500.0,222.11496,-1.0,0.20715332,1.0,0.5207441,0.1824788,-0.00843458,0.0005722931,-0.008720728,1.1431444,0.7393799,0.26062012
9265152,6681.233207926383,3.0,351.58813,500.0,221.99908,-1.0,0.20690918,1.0,0.5203722,0.18222186,-0.0039555207,0.00047323742,-0.0041921395,1.1521242,0.7397461,0.2602539
9273344,6665.2567293708635,3.0,351.53162,500.0,222.02032,-1.0,0.20678711,1.0,0.5205379,0.18210635,-0.0046211896,0.002652222,-0.0059473007,1.1598177,0.7397461,0.2602539
9281536,6668.33538721956,3.0,351.33203,500.0,222.05977,-1.0,0.20788574,1.0,0.5206866,0.18275373,-0.004834501,0.0018543407,-0.005761672,1.1661522,0.7388916,0.2611084
9289728,6669.3967601159275,3.0,351.3402,500.0,222.04793,-1.0,0.20812988,1.0,0.5205891,0.18291491,-0.0031059813,0.00031536474,-0.0032636637,1.157043,0.73876953,0.26123047
9297920,6663.217068359969,3.0,351.44836,500.0,221.98921,-1.0,0.20776367,1.0,0.5206181,0.18268171,-0.003441038,0.0007836799,-0.003832878,1.155962,0.7390137,0.26098633
9306112,6666.840977557255,3.0,351.68494,500.0,221.88922,-1.0,0.20727539,1.0,0.52034366,0.18224591,-0.0036824977,0.00021934362,-0.0037921695,1.1746479,0.73950195,0.26049805
9314304,6671.372848897885,3.0,351.52148,500.0,221.94566,-1.0,0.20739746,1.0,0.52064687,0.18225673,-0.003844183,0.0014707113,-0.0045795385,1.1746936,0.7392578,0.2607422
9322496,6671.142288044488,3.0,351.30737,500.0,222.02129,-1.0,0.20739746,1.0,0.5211156,0.18217176,-0.0028265044,0.0017012835,-0.0036771458,1.1693873,0.7390137,0.26098633
9330688,6674.780011873273,3.0,351.3828,500.0,221.97333,-1.0,0.20727539,1.0,0.521047,0.18197823,-0.005746606,0.0006449846,-0.0060690977,1.1532899,0.73913574,0.26086426
9338880,6673.827107326484,3.0,351.20203,500.0,222.05537,-1.0,0.20776367,1.0,0.5210868,0.18233067,-0.0046089357,0.000746895,-0.0049823835,1.147289,0.73876953,0.26123047
9347072,6667.806121387597,3.0,350.97888,500.0,222.14084,-1.0,0.20825195,1.0,0.52136034,0.1828881,-0.0027693189,0.00073903665,-0.0031388374,1.1581818,0.73828125,0.26171875
9355264,6681.238404579678,3.0,351.20178,500.0,222.06006,-1.0,0.20825195,1.0,0.52089185,0.18298532,-0.0012017421,0.0003582574,-0.0013808707,1.1720599,0.7385254,0.2614746
9363456,6674.258797715195,3.0,351.2428,500.0,222.08214,-1.0,0.20776367,1.0,0.5208525,0.18284465,-0.0039738864,0.0008947335,-0.0044212523,1.1930223,0.7388916,0.2611084
9371648,6666.760777106526,3.0,351.0321,500.0,222.18451,-1.0,0.2076416,1.0,0.5212527,0.18284757,-0.004686971,0.0014914348,-0.0054326886,1.2058868,0.73876953,0.26123047
9379840,6678.4009360717055,3.0,351.2096,500.0,222.10985,-1.0,0.20751953,1.0,0.52094984,0.18273853,-0.0046695042,0.00054710853,-0.004943059,1.2071495,0.7390137,0.26098633
9388032,6672.901689115378,3.0,351.2312,500.0,222.0912,-1.0,0.20678711,1.0,0.52124095,0.18223497,-0.003005851,0.0019888435,-0.0040002726,1.2048452,0.7393799,0.26062012
9396224,6667.612035170175,3.0,351.47473,500.0,221.98215,-1.0,0.20654297,1.0,0.5208693,0.18196255,-0.0031658416,0.00075311353,-0.0035423979,1.2084478,0.7397461,0.2602539
9404416,6682.513127951458,3.0,351.71167,500.0,221.87994,-1.0,0.20605469,1.0,0.52059394,0.18151604,-0.0024368493,0.00091143016,-0.002892564,1.2105986,0.7402344,0.25976562
9412608,6666.573219069416,3.0,351.76282,500.0,221.86632,-1.0,0.20593262,1.0,0.520525,0.18146917,-0.0042553064,1.9611278e-05,-0.004265112,1.2088643,0.74035645,0.25964355
9420800,6665.948532898142,3.0,351.75696,500.0,221.87532,-1.0,0.20690918,1.0,0.52013755,0.18239698,-0.004453192,9.3306604e-05,-0.004499845,1.2069268,0.73986816,0.26013184
9428992,6679.094172640348,3.0,352.2234,500.0,221.68274,-1.0,0.20593262,1.0,0.5195861,0.18158418,-0.0059776683,9.982698e-05,-0.0060275816,1.2136953,0.7408447,0.25915527
9437184,6660.849370994688,3.0,352.21985,500.0,221.68811,-1.0,0.20593262,1.0,0.5195861,0.18161494,-0.002508113,0.00015637129,-0.0025862986,1.2082433,0.7408447,0.25915527
9445376,6657.824062365452,3.0,351.97876,500.0,221.7957,-1.0,0.2064209,1.0,0.5198622,0.18207777,-0.0039471434,0.00032116048,-0.0041077235,1.1948562,0.74035645,0.25964355
9453568,6665.065377301633,3.0,351.8329,500.0,221.84532,-1.0,0.20605469,1.0,0.5203594,0.18170336,-0.004146344,0.0014394175,-0.0048660534,1.1886041,0.74035645,0.25964355
9461760,6664.672364267852,3.0,351.9347,500.0,221.81767,-1.0,0.20581055,1.0,0.52022135,0.18159905,-0.0047415183,0.00021974456,-0.0048513906,1.18483,0.7406006,0.2593994
9469952,6660.4065026687385,3.0,351.8186,500.0,221.87886,-1.0,0.20593262,1.0,0.5202904,0.1816598,-0.004263643,0.0016963041,-0.005111796,1.1803501,0.7404785,0.25952148
9478144,6672.183824336141,3.0,351.81775,500.0,221.88023,-1.0,0.20617676,1.0,0.5201937,0.18187857,-0.004492228,0.00065140263,-0.004817929,1.1783379,0.74035645,0.25964355
9486336,6667.570631572778,3.0,351.99683,500.0,221.80232,-1.0,0.20532227,1.0,0.5201796,0.18109322,-0.002485869,0.0008425764,-0.002907157,1.1732136,0.7409668,0.2590332
9494528,6675.792852223128,3.0,352.08728,500.0,221.76778,-1.0,0.20532227,1.0,0.5199449,0.18105753,-0.005420168,0.0010443855,-0.005942361,1.1744891,0.74108887,0.25891113
9502720,6672.563470039068,3.0,352.0852,500.0,221.77092,-1.0,0.2055664,1.0,0.5198484,0.18127352,-0.0010559337,0.00031864317,-0.0012152554,1.1725976,0.7409668,0.2590332
9510912,6659.669380173106,3.0,352.2765,500.0,221.71239,-1.0,0.20532227,1.0,0.51947516,0.18097776,-0.0037973695,0.0014826152,-0.004538677,1.1653633,0.741333,0.258667
9519104,6682.201224081234,3.0,352.2373,500.0,221.71577,-1.0,0.20568848,1.0,0.51944786,0.18122372,-0.0037947975,0.000285059,-0.0039373273,1.1557009,0.74108887,0.25891113
9527296,6676.102860953361,3.0,352.49475,500.0,221.58954,-1.0,0.2052002,1.0,0.5191709,0.18086818,-0.0019406916,0.00067487295,-0.0022781282,1.147507,0.74157715,0.25842285
9535488,6666.328762711424,3.0,352.4928,500.0,221.59251,-1.0,0.20544434,1.0,0.51907426,0.18108523,-0.0036251734,5.3047814e-05,-0.0036516977,1.145264,0.7414551,0.25854492
9543680,6669.172808201204,3.0,352.365,500.0,221.65515,-1.0,0.20568848,1.0,0.5192128,0.18134551,-0.0034686243,0.00018099482,-0.0035591219,1.1368876,0.74121094,0.25878906
9551872,6678.569688275969,3.0,352.39417,500.0,221.66402,-1.0,0.2055664,1.0,0.5191436,0.1812085,0.00012277032,0.0011555662,-0.00045501319,1.128478,0.741333,0.258667
9560064,6661.307795282261,3.0,352.43762,500.0,221.6593,-1.0,0.20568848,1.0,0.51897764,0.18141514,-0.0042638895,4.1356427e-05,-0.0042845677,1.1243931,0.741333,0.258667
9568256,6667.310576984835,3.0,352.54138,500.0,221.62743,-1.0,0.2052002,1.0,0.5189357,0.1810582,-0.0035463213,0.00083811453,-0.0039653787,1.1267018,0.7416992,0.25830078
9576448,6667.1747356394635,3.0,352.59192,500.0,221.61485,-1.0,0.20532227,1.0,0.5187697,0.1812169,-0.00768164,0.0003717833,-0.007867532,1.1345112,0.7416992,0.25830078
9584640,6666.0817377264875,3.0,352.65198,500.0,221.58823,-1.0,0.20495605,1.0,0.5187969,0.1808775,-0.0018589761,0.0013358917,-0.002526922,1.1465158,0.74194336,0.25805664
9592832,6665.075720375831,3.0,352.9828,500.0,221.46313,-1.0,0.20495605,1.0,0.51809055,0.18080561,-0.0024627107,0.00083404436,-0.002879733,1.1579227,0.7423096,0.25769043
9601024,6667.637912679669,3.0,353.1576,500.0,221.39075,-1.0,0.20532227,1.0,0.51759183,0.18107456,-0.0067967377,0.0018205879,-0.007707032,1.1570331,0.7423096,0.25769043
9609216,6667.278233305287,3.0,353.09583,500.0,221.44514,-1.0,0.20581055,1.0,0.5173979,0.18152918,-0.0035820259,0.0005583673,-0.0038612094,1.1489861,0.7420654,0.25793457
9617408,6680.144687280916,3.0,353.15808,500.0,221.41399,-1.0,0.20544434,1.0,0.5174255,0.18115218,-0.0012429268,0.002536078,-0.0025109658,1.1494544,0.7423096,0.25769043
9625600,6676.615281598498,3.0,353.19727,500.0,221.41136,-1.0,0.2055664,1.0,0.517259,0.1811699,-0.0031176102,0.00034346196,-0.0032893415,1.1560345,0.7423096,0.25769043
9633792,6660.565308735836,3.0,353.42444,500.0,221.3213,-1.0,0.20532227,1.0,0.5168838,0.18088117,-0.0034641158,6.216098e-05,-0.0034951963,1.1622696,0.7426758,0.25732422
9641984,6681.473561600602,3.0,353.65527,500.0,221.227,-1.0,0.2055664,1.0,0.5163142,0.181043,-0.005314905,7.542143e-05,-0.005352616,1.1637903,0.74279785,0.25720215
9650176,6677.035654981182,3.0,353.73157,500.0,221.2179,-1.0,0.20581055,1.0,0.51598036,0.1811876,-0.0010903215,0.0010811493,-0.0016308962,1.1657072,0.74279785,0.25720215
9658368,6663.805055453909,3.0,353.85486,500.0,221.17888,-1.0,0.20593262,1.0,0.51557666,0.18142128,-0.0027166142,0.00039374174,-0.0029134853,1.1602602,0.7429199,0.25708008
9666560,6682.38576368718,3.0,354.0343,500.0,221.09877,-1.0,0.20605469,1.0,0.5151726,0.18152528,-0.0055880323,0.0006513719,-0.0059137186,1.1647842,0.743042,0.256958
9674752,6671.103431042962,3.0,354.10193,500.0,221.0611,-1.0,0.20617676,1.0,0.51500523,0.18157744,-0.0023433007,0.0010080818,-0.0028473416,1.1849475,0.743042,0.256958
9682944,6664.389268467152,3.0,354.22034,500.0,221.00931,-1.0,0.20666504,1.0,0.5145723,0.18201917,-0.0025145547,0.00013260955,-0.0025808595,1.1904688,0.7429199,0.25708008
9691136,6667.0815904875,3.0,354.1416,500.0,221.02588,-1.0,0.20739746,1.0,0.51451486,0.18273011,-0.0026448828,0.0004985634,-0.0028941645,1.1886646,0.74243164,0.25756836
9699328,6663.034878034118,3.0,354.5492,500.0,220.85406,-1.0,0.20703125,1.0,0.5138315,0.1824715,-0.0022186579,4.187803e-05,-0.0022395973,1.1894047,0.743042,0.256958
9707520,6668.004100970186,3.0,354.49048,500.0,220.8793,-1.0,0.20739746,1.0,0.5138026,0.18278053,-0.0027030723,0.000499039,-0.0029525917,1.1995887,0.74279785,0.25720215
9715712,6660.251577218122,3.0,354.68347,500.0,220.80959,-1.0,0.20690918,1.0,0.51352423,0.18258998,-0.0045026,0.00088837655,-0.004946789,1.2056354,0.74328613,0.25671387
9723904,6668.696474957651,3.0,354.98035,500.0,220.67766,-1.0,0.20678711,1.0,0.5129788,0.18246871,-0.001690621,0.0002633924,-0.0018223169,1.2090933,0.74365234,0.25634766
9732096,6667.555105356323,3.0,355.22412,500.0,220.57045,-1.0,0.20690918,1.0,0.5123343,0.18245772,-0.00431918,0.00035755348,-0.004497957,1.2066618,0.7438965,0.25610352
9740288,6675.940718904811,3.0,355.22583,500.0,220.604,-1.0,0.20703125,1.0,0.51216584,0.18275926,-0.0055007264,0.0006832094,-0.005842332,1.1972058,0.7438965,0.25610352
9748480,6672.213624313452,3.0,355.3457,500.0,220.5496,-1.0,0.20703125,1.0,0.5119274,0.18283132,-0.0020950083,0.0018137005,-0.0030018585,1.2017461,0.74401855,0.25598145
9756672,6672.350966779751,3.0,355.28418,500.0,220.5795,-1.0,0.2076416,1.0,0.5117995,0.18339162,-0.0017606035,0.0003162463,-0.0019187268,1.2105851,0.74365234,0.25634766
9764864,6672.323756974098,3.0,355.48315,500.0,220.48029,-1.0,0.20703125,1.0,0.51168895,0.18297851,-0.0022514453,0.00063816924,-0.00257053,1.2128708,0.7441406,0.25585938
9773056,6675.705951176826,3.0,355.92053,500.0,220.30392,-1.0,0.20703125,1.0,0.5107338,0.18307126,-0.0043011378,0.0002447755,-0.004423525,1.2105014,0.7446289,0.2553711
9781248,6662.989655028647,3.0,355.86523,500.0,220.33763,-1.0,0.20739746,1.0,0.5107047,0.18363772,-0.005014994,0.00040717673,-0.005218582,1.2043191,0.74438477,0.25561523
9789440,6662.481907423372,3.0,355.99622,500.0,220.26993,-1.0,0.20739746,1.0,0.5104656,0.18356225,-0.0059045544,0.00027244625,-0.0060407766,1.2066364,0.74450684,0.25549316
9797632,6677.252349590636,3.0,356.07825,500.0,220.21924,-1.0,0.20776367,1.0,0.51019704,0.18380791,-0.006927196,0.00020849651,-0.007031445,1.213835,0.74438477,0.25561523
9805824,6663.139539343947,3.0,356.37036,500.0,220.0925,-1.0,0.20837402,1.0,0.50934935,0.18435189,-0.0043187332,4.232158e-05,-0.0043398933,1.2158262,0.74438477,0.25561523
9814016,6662.003946045888,3.0,356.63843,500.0,219.98631,-1.0,0.20898438,1.0,0.5084994,0.18464655,-0.007080648,0.0005477632,-0.0073545296,1.2080569,0.74438477,0.25561523
9822208,6670.014323945417,3.0,357.0913,500.0,219.80293,-1.0,0.20898438,1.0,0.50753826,0.18466672,-0.0027642976,0.0003239479,-0.0029262719,1.2033858,0.74487305,0.25512695
9830400,6660.963002682628,3.0,357.3374,500.0,219.71794,-1.0,0.2088623,1.0,0.50698686,0.18452312,-0.004267536,0.00010436544,-0.0043197186,1.2020898,0.74523926,0.25476074
9838592,6663.662895216788,3.0,357.75403,500.0,219.51201,-1.0,0.20910645,1.0,0.50616324,0.18471384,-0.002737325,0.00164196,-0.0035583049,1.199029,0.7454834,0.2545166
9846784,6678.599545323079,3.0,357.8169,500.0,219.47992,-1.0,0.20922852,1.0,0.5059922,0.18476102,-0.0032068528,0.00048072016,-0.0034472125,1.204257,0.7454834,0.2545166
9854976,6666.593914610681,3.0,357.91394,500.0,219.45529,-1.0,0.20922852,1.0,0.50575083,0.18487737,-0.004024104,0.00030408258,-0.004176145,1.2087398,0.74560547,0.25439453
9863168,6677.2497543623995,3.0,357.95227,500.0,219.45665,-1.0,0.20910645,1.0,0.5056807,0.18488829,-0.0040184837,0.0005273859,-0.0042821765,1.2141973,0.74572754,0.25427246
9871360,6677.384708905787,3.0,357.95117,500.0,219.4583,-1.0,0.20910645,1.0,0.5056807,0.18490052,-0.0048175887,0.0008219621,-0.0052285693,1.226541,0.74572754,0.25427246
9879552,6674.886339185495,3.0,357.94983,500.0,219.46045,-1.0,0.20935059,1.0,0.50557965,0.18513171,-0.0027007665,0.00020476081,-0.002803147,1.2301488,0.74560547,0.25439453
9887744,6662.454778049952,3.0,358.36316,500.0,219.27177,-1.0,0.2097168,1.0,0.5045818,0.18542597,-0.003972484,8.24579e-05,-0.004013713,1.2133803,0.7458496,0.2541504
9895936,6679.7485953660935,3.0,358.36157,500.0,219.27417,-1.0,0.20996094,1.0,0.5044803,0.18561581,-0.0045302147,0.00023813739,-0.0046492834,1.196972,0.74572754,0.25427246
9904128,6661.2432246633825,3.0,358.6112,500.0,219.1859,-1.0,0.20983887,1.0,0.50392586,0.18567601,-0.0021147805,0.00020131355,-0.0022154371,1.1883954,0.74609375,0.25390625
9912320,6663.772745776491,3.0,358.83716,500.0,219.0929,-1.0,0.21008301,1.0,0.50333935,0.18595247,-0.0035471318,0.0004878494,-0.0037910566,1.1847631,0.7462158,0.25378418
9920512,6674.547918898575,3.0,359.08508,500.0,219.01045,-1.0,0.2097168,1.0,0.50288546,0.18563816,-0.0043935394,1.9012605e-05,-0.0044030454,1.1846445,0.7467041,0.2532959
9928704,6663.261002269909,3.0,359.4314,500.0,218.85909,-1.0,0.20947266,1.0,0.50225866,0.18548867,-0.0030884466,1.8909826e-05,-0.0030979016,1.1995361,0.7471924,0.25280762
9936896,6665.338186626234,3.0,359.66333,500.0,218.75632,-1.0,0.20996094,1.0,0.50156826,0.18593968,-0.0005388095,8.13187e-05,-0.0005794688,1.2109158,0.7471924,0.25280762
9945088,6664.443558948577,3.0,359.9353,500.0,218.63797,-1.0,0.21008301,1.0,0.50090826,0.18588409,-0.004366652,0.00027739524,-0.00450535,1.2278953,0.7474365,0.25256348
9953280,6658.763369080855,3.0,360.16748,500.0,218.53374,-1.0,0.20959473,1.0,0.5006254,0.18551546,-0.0025293855,0.0012471153,-0.0031529432,1.2396466,0.7479248,0.2520752
9961472,6666.471036717867,3.0,360.0437,500.0,218.59718,-1.0,0.21032715,1.0,0.500562,0.18620184,-0.005269194,0.0005209311,-0.005529659,1.236848,0.7474365,0.25256348
9969664,6666.251161267466,3.0,360.24512,500.0,218.52138,-1.0,0.20935059,1.0,0.50048363,0.18549861,-0.005033051,0.0012563347,-0.0056612194,1.2277007,0.74816895,0.25183105
9977856,6664.630997171002,3.0,360.4375,500.0,218.44765,-1.0,0.20947266,1.0,0.49982235,0.18583865,-0.0038946168,0.00089808815,-0.004343661,1.2354147,0.7484131,0.2515869
9986048,6679.932999528552,3.0,360.51416,500.0,218.40422,-1.0,0.21105957,1.0,0.49903202,0.18703473,-0.0037403298,0.0004965748,-0.003988617,1.2389461,0.74768066,0.25231934
9994240,6672.157911528765,3.0,360.51575,500.0,218.40215,-1.0,0.21105957,1.0,0.49903202,0.18702877,-0.004570316,0.00012086371,-0.004630748,1.2354684,0.74768066,0.25231934
