timestep,fps,ep_len_min,ep_len_mean,ep_len_max,ep_len_std,return_min,return_mean,return_max,return_std,disc_return_mean,total_loss,value_loss,actor_loss,entropy,prob_fail,prob_success,prob_reject,lambda
8192,231.27883291396674,76.0,417.6111,500.0,132.90312,-1.0,-0.11111111,1.0,0.6573422,-0.03746234,-0.0009523251,0.013458321,-0.0076814843,2.1903238,0.8333333,0.16666667,0.2777778,0.5011388659477234
16384,5696.111838271631,45.0,373.0,500.0,166.4002,-1.0,-0.13513513,1.0,0.66422725,-0.035655305,-0.009568791,0.0038363927,-0.011486988,2.1710596,0.8378378,0.16216215,0.2972973,0.5024678111076355
24576,5673.404634724737,23.0,364.01666,500.0,179.08011,-1.0,-0.06666667,1.0,0.6548961,0.00041805903,-0.0048258356,0.0028564835,-0.006254077,2.1600792,0.81666666,0.18333334,0.25,0.5030874013900757
32768,5683.8548951745925,23.0,382.4026,500.0,175.45343,-1.0,-0.077922076,1.0,0.5979669,-0.01528186,-0.0070556607,0.00093468826,-0.0075230044,2.1412091,0.85714287,0.14285715,0.22077923,0.503425657749176
40960,5689.997495785876,23.0,392.21277,500.0,171.54503,-1.0,-0.07446808,1.0,0.56942225,-0.015474071,-0.0044438867,0.0013294548,-0.0051086145,2.2073379,0.87234044,0.12765957,0.20212767,0.5037639141082764
49152,5691.021925176736,23.0,405.4107,500.0,165.55289,-1.0,-0.071428575,1.0,0.52972853,-0.019142965,-0.005311593,0.00059224124,-0.0056077135,2.195138,0.89285713,0.10714286,0.17857143,0.5037916898727417
57344,5723.957605075237,20.0,402.77444,500.0,171.40198,-1.0,-0.05263158,1.0,0.5248099,-0.009359987,-0.0028677513,0.0014865795,-0.003611041,2.199542,0.88721806,0.11278196,0.16541353,0.5040178894996643
65536,5693.820958789745,17.0,408.03973,500.0,169.60602,-1.0,-0.046357617,1.0,0.506092,-0.007654062,-0.0060018245,0.0009504508,-0.006477049,2.1055791,0.89403975,0.105960265,0.15231788,0.5040456652641296
73728,5700.405944327713,17.0,415.02368,500.0,165.44608,-1.0,-0.04733728,1.0,0.48419583,-0.011487821,-0.0010728266,0.0005483322,-0.0013469928,2.1036437,0.9053255,0.09467456,0.14201184,0.504073441028595
81920,5686.7588815735035,17.0,422.373,500.0,159.92361,-1.0,-0.043243244,1.0,0.4629754,-0.010494281,-0.0022819152,0.000334603,-0.002449217,2.062826,0.91351354,0.08648649,0.12972973,0.503823459148407
90112,5721.915831908949,17.0,428.55225,500.0,154.85863,-1.0,-0.039800994,1.0,0.44432065,-0.009658915,-0.0035082821,0.00033288417,-0.0036747241,2.0636592,0.920398,0.07960199,0.11940298,0.503573477268219
98304,5814.873457506761,17.0,434.12384,500.0,149.9271,-1.0,-0.036697246,1.0,0.4267781,-0.008905696,-0.0041089347,0.0002128914,-0.00421538,2.0489202,0.9266055,0.07339449,0.110091746,0.503323495388031
106496,5723.628649611478,17.0,438.6282,500.0,145.66266,-1.0,-0.034188036,1.0,0.41203317,-0.00829676,-0.0050235214,0.00027162491,-0.0051593343,2.082203,0.93162394,0.06837607,0.102564104,0.503073513507843
114688,5846.5126236118895,17.0,441.38736,500.0,143.31119,-1.0,-0.03557312,1.0,0.40098614,-0.010568163,-0.0017987492,0.0004252112,-0.0020113548,2.0669925,0.9367589,0.06324111,0.09881423,0.5030866861343384
122880,5693.776613015615,17.0,444.8736,500.0,139.6735,-1.0,-0.03345725,1.0,0.38896912,-0.009939574,-0.0041850004,0.00020020729,-0.004285104,1.9924713,0.94052047,0.059479553,0.09293681,0.5028367042541504
131072,5921.038382958309,17.0,438.06186,500.0,148.39926,-1.0,-0.041237112,1.0,0.40403956,-0.016570834,-0.0009402019,0.0017575657,-0.0018189847,2.0117211,0.9381443,0.06185567,0.10309278,0.5037230849266052
139264,5683.899086532894,17.0,439.49838,500.0,146.74495,-1.0,-0.03883495,1.0,0.40038,-0.013400848,-0.0032529368,0.000641386,-0.0035736295,1.9102564,0.9385113,0.061488673,0.100323625,0.5037508606910706
147456,5731.84285956411,17.0,442.47693,500.0,143.68463,-1.0,-0.036923077,1.0,0.3904905,-0.012741114,-0.005467524,0.00014540936,-0.0055402284,1.86279,0.94153845,0.05846154,0.09538461,0.5035008788108826
155648,5707.766503394951,17.0,442.91837,500.0,143.48105,-1.0,-0.034985423,1.0,0.38778797,-0.013394542,-0.003766214,0.0006331549,-0.0040827915,1.9439057,0.941691,0.058309037,0.093294464,0.5035286545753479
163840,5701.768103873863,17.0,435.38965,500.0,150.0513,-1.0,-0.029972753,1.0,0.4132357,-0.0126029765,-0.00010216184,0.0025947925,-0.0013995583,1.9141473,0.9291553,0.07084469,0.10081744,0.5043203234672546
172032,5696.710583511081,17.0,425.6272,500.0,158.22186,-1.0,-0.037783377,1.0,0.44448268,-0.017709667,-0.0020206184,0.0035403508,-0.003790794,1.8204163,0.91939545,0.08060453,0.11838791,0.5057370066642761
180224,5684.6805408561395,17.0,421.50357,500.0,162.01631,-1.0,-0.052256532,1.0,0.45419753,-0.026773412,-0.0033703172,0.001725123,-0.0042328793,1.8196802,0.9216152,0.0783848,0.13064133,0.5071536898612976
188416,5694.215383513961,12.0,417.2175,500.0,165.22987,-1.0,-0.03587444,1.0,0.46737993,-0.0230677,-0.0031145995,0.0021655855,-0.0041973926,1.7859498,0.90807176,0.09192825,0.12780268,0.5073037147521973
196608,5696.808812413567,12.0,411.27814,500.0,169.1691,-1.0,-0.036093418,1.0,0.4841137,-0.02397352,-0.0031627705,0.0027457366,-0.004535639,1.779625,0.9002123,0.09978768,0.13588111,0.5084537267684937
204800,5687.6352695001215,12.0,402.98804,500.0,175.14914,-1.0,-0.023904383,1.0,0.50438935,-0.019452555,0.00019084664,0.0031365496,-0.001377428,1.7356861,0.8844622,0.11553785,0.13944224,0.5091714859008789
212992,5702.696447936607,12.0,398.3017,500.0,178.3264,-1.0,-0.0075901328,1.0,0.5153611,-0.010729013,-0.0024766945,0.0021616658,-0.0035575274,1.6584573,0.87096775,0.12903225,0.13662238,0.5093215107917786
221184,5697.257497107409,12.0,396.541,500.0,180.07434,-1.0,0.0018214936,1.0,0.5174517,-0.0046125343,-0.0033763666,0.0012228407,-0.0039877873,1.6386073,0.86520946,0.13479052,0.13296904,0.5092988014221191
229376,5724.004329352654,12.0,396.4133,500.0,180.75601,-1.0,-0.003502627,1.0,0.5159335,-0.008181186,-0.0021800213,0.0014449041,-0.0029024733,1.6478832,0.8686515,0.1313485,0.13485114,0.5099579095840454
237568,5697.94152302029,12.0,394.86533,500.0,181.903,-1.0,0.005050505,1.0,0.5205942,-0.005339138,-0.00025627387,0.0016097206,-0.0010611343,1.6128514,0.86195284,0.13804714,0.13299663,0.5101426839828491
245760,5697.882939785058,12.0,391.83682,500.0,183.59401,-1.0,0.011308562,1.0,0.52854055,-0.0025266907,-0.0012503976,0.0019324686,-0.0022166318,1.5455511,0.8546042,0.1453958,0.13408723,0.5106926560401917
253952,5710.475739434127,12.0,389.47443,500.0,184.88287,-1.0,0.018604651,1.0,0.53378385,0.0008536132,-0.0023605584,0.0015690654,-0.0031450912,1.5862707,0.84806204,0.15193799,0.13333334,0.5110195875167847
262144,5690.496941500219,12.0,386.91046,500.0,186.78957,-1.0,0.026865672,1.0,0.5374295,0.0058166566,-0.0035687513,0.0012331997,-0.004185351,1.569156,0.84179103,0.15820895,0.13134329,0.5111696124076843
270336,5704.791774012815,12.0,383.84937,500.0,188.6494,-1.0,0.034433287,1.0,0.5451937,0.0115521625,-0.003369241,0.0022069903,-0.0044727363,1.6185554,0.83357245,0.16642755,0.13199426,0.5116603374481201
278528,5690.172762975837,12.0,383.56546,500.0,188.99803,-1.0,0.038997214,1.0,0.5445451,0.014415642,-0.0038746663,0.00058197824,-0.0041656555,1.6835375,0.83147633,0.16852368,0.12952647,0.511648416519165
286720,5696.448026727752,12.0,383.9215,500.0,188.5611,-1.0,0.03788904,1.0,0.5443014,0.014615001,-0.004260425,0.0014353361,-0.004978093,1.6278105,0.8322057,0.16779432,0.12990528,0.5121126770973206
294912,5697.171533093009,12.0,379.1315,500.0,191.19162,-1.0,0.040364582,1.0,0.55404377,0.019873856,0.0005662063,0.002320197,-0.0005938922,1.6189073,0.8255208,0.17447917,0.13411458,0.5130695700645447
303104,5723.735436805465,12.0,375.47864,500.0,193.27635,-1.0,0.04522613,1.0,0.56083643,0.0248944,-0.0028024549,0.0020848482,-0.0038448789,1.5691742,0.8190955,0.18090452,0.1356784,0.5137124061584473
311296,5689.335158703193,12.0,376.76196,500.0,192.65472,-1.0,0.04417178,1.0,0.5587121,0.025144769,-0.001714366,0.0008944032,-0.0021615678,1.5749474,0.8208589,0.1791411,0.13496932,0.513988733291626
319488,5696.988277810211,12.0,375.858,500.0,193.40334,-1.0,0.045346063,1.0,0.55944574,0.025837727,-0.0027930902,0.0013315249,-0.0034588524,1.5898874,0.8198091,0.18019094,0.13484487,0.5143908858299255
327680,5700.863708665727,12.0,373.4601,500.0,194.50002,-1.0,0.05202312,1.0,0.56349343,0.029476704,-0.0022290442,0.0015405016,-0.002999295,1.5824351,0.8138728,0.18612717,0.13410404,0.5146964192390442
335872,5682.305811260346,12.0,370.68973,500.0,196.1925,-1.0,0.05357143,1.0,0.5683511,0.029726354,-0.004079134,0.002161176,-0.0051597217,1.5065246,0.81026787,0.18973215,0.13616072,0.5154141783714294
344064,5696.010800620532,12.0,371.15628,500.0,195.67288,-1.0,0.048087433,1.0,0.5686569,0.028615475,-0.004313881,0.0011457831,-0.004886773,1.5497034,0.81311476,0.18688525,0.13879782,0.5164799690246582
352256,5735.687359256745,12.0,371.1537,500.0,196.01587,-1.0,0.052294556,1.0,0.5681305,0.032825045,-0.004390804,0.0007019062,-0.0047417567,1.4997772,0.81109923,0.18890075,0.13660619,0.5164572596549988
360448,5692.178739086663,12.0,371.25833,500.0,196.25623,-1.0,0.054166667,1.0,0.5675085,0.03511473,-0.0033120238,0.0012243638,-0.0039242054,1.5241125,0.81041664,0.18958333,0.13541667,0.5166420340538025
368640,5708.788805106182,12.0,370.3868,500.0,196.57562,-1.0,0.05786802,1.0,0.56971055,0.03796811,-0.002649631,0.0015538427,-0.0034265523,1.5020593,0.8071066,0.1928934,0.13502538,0.5169920325279236
376832,5686.518886883587,12.0,367.36685,500.0,198.01637,-1.0,0.06607495,1.0,0.5744159,0.042424314,-0.004947837,0.0013180813,-0.005606878,1.606141,0.7998028,0.20019723,0.13412228,0.5172592997550964
385024,5728.865912338014,12.0,367.17133,500.0,198.23929,-1.0,0.07025986,1.0,0.57361877,0.045187626,-0.0038094083,0.0008339522,-0.0042263838,1.6316192,0.79788256,0.20211741,0.13185756,0.5172092914581299
393216,5724.404854452233,12.0,365.11435,500.0,199.45364,-1.0,0.079662606,1.0,0.57618195,0.05261539,-0.0026023174,0.000906388,-0.0030555115,1.6026931,0.7910028,0.20899719,0.12933458,0.517137885093689
401408,5693.511496307971,12.0,365.3422,500.0,199.66576,-1.0,0.08348624,1.0,0.5742188,0.055900816,-0.006366839,0.0005036008,-0.0066186404,1.5790589,0.78990823,0.21009174,0.12660551,0.516887903213501
409600,5698.50473944732,12.0,365.40863,500.0,199.8461,-1.0,0.08190819,1.0,0.57360667,0.05542269,-0.0059135966,0.00087133294,-0.0063492632,1.5799822,0.7911791,0.20882088,0.1269127,0.5173521637916565
417792,5695.244164402198,12.0,366.20584,500.0,199.73256,-1.0,0.08392226,1.0,0.5709606,0.057347886,-0.0043370733,0.00047609347,-0.0045751203,1.7052163,0.79151946,0.20848057,0.12455831,0.5171021819114685
425984,5683.58412058024,12.0,365.6511,500.0,200.2303,-1.0,0.08398268,1.0,0.5712095,0.058210775,-0.004781478,0.00084554986,-0.005204253,1.6432862,0.791342,0.20865801,0.124675326,0.5175043344497681
434176,5690.13695482285,12.0,364.5,500.0,200.98299,-1.0,0.08629441,1.0,0.5723449,0.0603401,-0.0055996203,0.001255909,-0.006227574,1.6127212,0.7893401,0.21065989,0.12436548,0.5178098678588867
442368,5715.630950410536,9.0,363.28665,500.0,201.60782,-1.0,0.08864954,1.0,0.57388234,0.06230209,-0.0013353205,0.0015544462,-0.0021125434,1.6874324,0.7870754,0.2129246,0.12427506,0.5181598663330078
450560,5705.230349267032,9.0,364.32327,500.0,201.18835,-1.0,0.088163264,1.0,0.57177013,0.06269561,-0.0051626805,0.00062872126,-0.005477041,1.6333947,0.7885714,0.21142857,0.1232653,0.5181876420974731
458752,5677.942276898631,9.0,364.68268,500.0,201.11342,-1.0,0.085737176,1.0,0.5716501,0.060995616,-0.0048371125,0.001088407,-0.005381316,1.5935042,0.7900641,0.2099359,0.12419872,0.5188072323799133
466944,5694.923220380952,9.0,364.6601,500.0,201.2231,-1.0,0.08811959,1.0,0.5708157,0.062191527,-0.004323898,0.0008644734,-0.004756135,1.6055872,0.78914243,0.21085759,0.122738004,0.5187746286392212
475136,5691.560204692326,9.0,364.5112,500.0,201.2783,-1.0,0.08816706,1.0,0.5712559,0.0631259,-0.003413055,0.0012151877,-0.004020649,1.6126095,0.7888631,0.21113689,0.122969836,0.5192064642906189
483328,5696.396084908116,9.0,364.27866,500.0,201.47987,-1.0,0.08807897,1.0,0.5712571,0.06354108,-0.0052251318,0.0010671193,-0.0057586916,1.5239754,0.7889142,0.2110858,0.123006836,0.5195814371109009
491520,5686.034253487191,9.0,364.08508,500.0,201.85991,-1.0,0.087313436,1.0,0.57092774,0.063063696,-0.0007218878,0.0012353265,-0.0013395511,1.5918834,0.7895522,0.21044776,0.12313433,0.5199835896492004
499712,5684.920380396207,9.0,362.606,500.0,202.85461,-1.0,0.08918129,1.0,0.5729782,0.06403987,-0.0048108213,0.0013035098,-0.0054625766,1.5009267,0.7872807,0.21271929,0.12353801,0.520447850227356
507904,5695.125222104945,9.0,362.56146,500.0,203.03378,-1.0,0.09273904,1.0,0.57195204,0.06669111,-0.002881776,0.000601804,-0.0031826785,1.5982687,0.78576565,0.21423437,0.12149533,0.520197868347168
516096,5695.084631823069,9.0,363.1466,500.0,202.78821,-1.0,0.09206799,1.0,0.57078993,0.065323494,-0.005911014,0.00077517814,-0.0062986035,1.7379204,0.7868272,0.21317281,0.121104814,0.5204240679740906
524288,5691.7761107247725,9.0,361.97983,500.0,203.60544,-1.0,0.09666203,1.0,0.57143646,0.069377735,-0.0064268564,0.0005093572,-0.0066815345,1.5745002,0.7837274,0.2162726,0.11961057,0.520366370677948
532480,5694.293708801612,9.0,362.39136,500.0,203.52771,-1.0,0.09869774,1.0,0.56985474,0.07074877,-0.003721076,0.00034206966,-0.0038921107,1.8250054,0.7834133,0.21658671,0.117888965,0.52011638879776
540672,5687.728478090657,9.0,360.7949,500.0,204.39227,-1.0,0.10221923,1.0,0.5719648,0.07316467,-0.004385091,0.0013154403,-0.005042811,1.5820066,0.78009415,0.21990585,0.117686614,0.5204020738601685
548864,5681.240366413032,9.0,359.34543,500.0,205.27377,-1.0,0.102834545,1.0,0.57408196,0.074045524,-0.0013601128,0.001097572,-0.0019088986,1.6523868,0.7785102,0.22148979,0.11865524,0.5209854245185852
557056,5682.6883038270125,9.0,359.71393,500.0,205.27177,-1.0,0.1046814,1.0,0.5725325,0.07565918,-0.0010131125,0.0002517509,-0.001138988,1.6649156,0.7782835,0.22171651,0.11703511,0.5207354426383972
565248,5697.082737823926,9.0,359.65344,500.0,205.36063,-1.0,0.10570148,1.0,0.5724618,0.076828815,-0.00425443,0.0012706064,-0.004889733,1.7629765,0.7777066,0.2222934,0.11659193,0.5209202170372009
573440,5676.051335947156,9.0,358.50946,500.0,205.70415,-1.0,0.10768262,1.0,0.5747556,0.07730767,-0.0044802506,0.0013465637,-0.0051535326,1.857693,0.7751889,0.22481108,0.11712846,0.5214109420776367
581632,5695.029883057075,9.0,357.60373,500.0,206.36559,-1.0,0.112693496,1.0,0.5747471,0.08168731,-0.0036689814,0.00033490694,-0.0038364353,1.8311491,0.7721362,0.22786377,0.11517028,0.5211609601974487
589824,5703.318351994027,9.0,357.9487,500.0,206.28185,-1.0,0.11362248,1.0,0.5737413,0.08216825,-0.0038051554,0.0006858235,-0.004148067,1.5553219,0.77214414,0.22785583,0.11423335,0.5211382508277893
598016,5698.958417521876,9.0,357.60663,500.0,206.62444,-1.0,0.11566265,1.0,0.5734029,0.08413978,-0.002310674,0.0005740501,-0.002597699,1.4711587,0.7710843,0.22891566,0.11325301,0.5211056470870972
606208,5776.410909699182,9.0,357.83353,500.0,206.61133,-1.0,0.116527945,1.0,0.57243484,0.08460971,-0.004623186,0.00077473006,-0.005010551,1.705557,0.7711058,0.22889417,0.11236623,0.5210829377174377
614400,5817.732632852221,9.0,358.30164,500.0,206.5167,-1.0,0.11561033,1.0,0.57133436,0.08443982,-0.0036902374,0.0006496856,-0.0040150806,1.725416,0.7723005,0.22769953,0.1120892,0.5212875008583069
622592,5685.710583213391,9.0,357.6971,500.0,206.95428,-1.0,0.11734104,1.0,0.5715711,0.08632956,-0.0024378798,0.0010248173,-0.0029502886,1.5810784,0.77109826,0.22890173,0.111560695,0.5214220881462097
630784,5687.079847308357,9.0,358.02457,500.0,206.96121,-1.0,0.11878926,1.0,0.57019633,0.08773188,-0.005141871,0.00023275812,-0.00525825,1.8226922,0.770988,0.229012,0.11022273,0.5211721062660217
638976,5677.506010584762,9.0,357.68845,500.0,207.24008,-1.0,0.12,1.0,0.5703668,0.0893805,-0.0024467178,0.0008713729,-0.0028824043,1.6380345,0.7701408,0.22985916,0.10985915,0.5213387608528137
647168,5799.4408405269905,9.0,357.86874,500.0,207.15083,-1.0,0.11790879,1.0,0.5704063,0.0881945,-0.002855517,0.0011290642,-0.0034200493,1.6629833,0.7714127,0.22858731,0.11067853,0.5219583511352539
655360,5723.982397453975,9.0,357.45255,500.0,207.51247,-1.0,0.11903456,1.0,0.57042176,0.08935032,-0.0032885857,0.0006407835,-0.003608977,1.8091193,0.7707076,0.22929238,0.11025782,0.5221083760261536
663552,5690.239668890448,9.0,358.44293,500.0,207.01694,-1.0,0.117934786,1.0,0.56885093,0.08856157,-0.004829114,0.0005027326,-0.00508048,1.6942087,0.7722826,0.22771738,0.10978261,0.5221524834632874
671744,5685.325802260017,9.0,358.3387,500.0,207.16797,-1.0,0.11969941,1.0,0.56859434,0.09055277,-0.004038763,0.00074496714,-0.0044112466,1.7728134,0.77133656,0.22866344,0.10896403,0.5221198797225952
679936,5708.57634863651,9.0,358.69427,500.0,207.0805,-1.0,0.11995754,1.0,0.5675634,0.090569526,-0.004121795,0.00059338193,-0.004418486,1.7298558,0.7717622,0.2282378,0.10828026,0.5221079587936401
688128,5685.746335677371,9.0,358.62473,500.0,207.13084,-1.0,0.12159329,1.0,0.5671799,0.09124111,-0.005987415,0.00066352205,-0.006319176,1.4672006,0.7709644,0.22903565,0.10744235,0.5220662951469421
696320,5694.075724492136,9.0,358.28143,500.0,207.38382,-1.0,0.12260734,1.0,0.5672298,0.091946155,-0.0032181817,0.00096125243,-0.003698808,1.382481,0.7703052,0.22969477,0.107087426,0.5222163200378418
704512,5694.770312717534,9.0,357.7491,500.0,207.57529,-1.0,0.12595615,1.0,0.56765115,0.09382126,-0.0055148834,0.0010284138,-0.00602909,1.1953816,0.7679755,0.23202448,0.106068335,0.5221449136734009
712704,5694.171031595763,9.0,357.42548,500.0,207.82759,-1.0,0.12890232,1.0,0.56723255,0.09612372,-0.005935503,0.0005149548,-0.0061929813,1.2433279,0.7663646,0.23363546,0.10473313,0.5218949317932129
720896,5693.004918455699,9.0,357.7424,500.0,207.78111,-1.0,0.12805182,1.0,0.5664999,0.095477566,-0.003229729,0.0005505417,-0.0035049994,1.1960392,0.7673144,0.2326856,0.10463378,0.5221211314201355
729088,5765.164144500007,9.0,358.24866,500.0,207.6055,-1.0,0.12876172,1.0,0.5651415,0.095826745,-0.0033603543,0.000522796,-0.0036217524,1.1800474,0.7676369,0.2323631,0.10360138,0.5218711495399475
737280,5690.907872013224,9.0,357.7495,500.0,207.87212,-1.0,0.1291423,1.0,0.5657446,0.096194535,-0.004755278,0.00094805047,-0.005229303,1.2306165,0.7670565,0.23294348,0.10380117,0.5222211480140686
745472,5694.07100640157,9.0,357.58478,500.0,207.99413,-1.0,0.1300578,1.0,0.56592566,0.097175404,-0.0047744666,0.00070357084,-0.005126252,1.3258476,0.7663776,0.23362236,0.103564546,0.5223878026008606
753664,5698.861059681097,9.0,356.90823,500.0,208.34787,-1.0,0.1321921,1.0,0.5666473,0.09877333,-0.0070377877,0.00070803455,-0.0073918044,1.5865947,0.764622,0.23537803,0.10318592,0.5225081443786621
761856,5687.755782195699,9.0,356.71777,500.0,208.48993,-1.0,0.13264346,1.0,0.5666303,0.09911344,-0.0021202636,0.00086338626,-0.0025519566,1.4100864,0.7643462,0.2356538,0.10301035,0.5226929187774658
770048,5678.997098664897,9.0,355.5503,500.0,209.08731,-1.0,0.13305517,1.0,0.5683726,0.09942732,-0.0027752777,0.0015219473,-0.0035362514,1.2095313,0.76309687,0.2369031,0.103847936,0.5232493877410889
778240,5694.271060304215,9.0,355.6916,500.0,209.13222,-1.0,0.1335475,1.0,0.56765246,0.09992528,-0.0028501065,0.00070884265,-0.0032045275,1.0393085,0.76319414,0.23680587,0.10325838,0.5232266783714294
786432,5695.3952094001925,9.0,355.87683,500.0,209.08911,-1.0,0.13409092,1.0,0.5670671,0.10017476,-0.0027875118,0.0007235559,-0.0031492896,1.480549,0.7631818,0.23681818,0.10272727,0.5232147574424744
794624,5701.856099057726,9.0,355.89023,500.0,209.16649,-1.0,0.13495277,1.0,0.5665413,0.10119389,-0.0042524803,0.0006485018,-0.0045767315,1.3732345,0.76293296,0.23706703,0.10211426,0.5231821537017822
802816,5693.931354461692,9.0,355.51047,500.0,209.30531,-1.0,0.13618158,1.0,0.5669775,0.102075264,-0.0060637356,0.0008796127,-0.006503542,1.3727357,0.7619048,0.23809524,0.10191366,0.5233488082885742
811008,5695.101623033447,9.0,355.9497,500.0,209.11209,-1.0,0.13630348,1.0,0.5662474,0.10174594,-0.0033574246,0.00047878537,-0.0035968174,1.145331,0.7622408,0.23775916,0.101455666,0.5233488082885742
819200,5746.929837915608,9.0,356.04498,500.0,209.07393,-1.0,0.13624454,1.0,0.5659523,0.10172915,-0.0038639843,0.0010877006,-0.0044078343,1.6920398,0.7624454,0.23755458,0.101310045,0.5235335826873779
827392,5690.543121097866,9.0,356.8999,500.0,208.71371,-1.0,0.13518198,1.0,0.56463635,0.10126408,-0.004412937,0.00033212558,-0.004579,1.0569601,0.7638648,0.23613518,0.10095321,0.5235613584518433
835584,5690.3781974049625,9.0,357.64017,500.0,208.41322,-1.0,0.1349957,1.0,0.5631303,0.10095123,-0.0045087426,0.0002959856,-0.0046567353,1.3392934,0.7648323,0.23516767,0.10017197,0.5233113765716553
843776,5693.740759490483,9.0,357.26596,500.0,208.48056,-1.0,0.1374468,1.0,0.56365246,0.10224038,-0.0036383434,0.0010538333,-0.00416526,0.9243594,0.76297873,0.23702128,0.09957447,0.5232697129249573
851968,5684.274270638035,9.0,357.14117,500.0,208.58472,-1.0,0.13864307,1.0,0.563456,0.10362805,-0.0038803092,0.0005210532,-0.0041408357,1.1002686,0.7623262,0.23767383,0.09903076,0.5232371091842651
860160,5688.713474737681,9.0,356.37595,500.0,208.87106,-1.0,0.14029975,1.0,0.5646095,0.104925446,-0.0066412305,0.0013331294,-0.007307795,1.1757139,0.7606161,0.23938385,0.099084094,0.523504376411438
868352,5676.825944151238,9.0,356.24072,500.0,209.01566,-1.0,0.13891178,1.0,0.5649076,0.10367418,-0.0043087862,0.0011689947,-0.0048932834,1.1139556,0.76133555,0.23866446,0.09975268,0.5240877270698547
876544,5758.105503171926,9.0,356.13837,500.0,209.04256,-1.0,0.13877551,1.0,0.5652582,0.10421698,-0.0056671724,0.0014700817,-0.0064022136,1.3316587,0.7612245,0.2387755,0.1,0.5244626998901367
884736,5767.963013578822,9.0,356.01456,500.0,209.10626,-1.0,0.13950667,1.0,0.56551033,0.10485255,-0.005242734,0.0013284337,-0.005906951,1.4044499,0.76061463,0.23938537,0.09987869,0.5246474742889404
892928,5703.551245951585,9.0,355.13742,500.0,209.5538,-1.0,0.14023173,1.0,0.5666799,0.10533934,-0.0024527577,0.0014308669,-0.0031681908,1.2814462,0.75948864,0.24051139,0.10027967,0.5250641703605652
901120,5691.956202084538,9.0,355.13144,500.0,209.65215,-1.0,0.14093429,1.0,0.5662126,0.1059859,-0.006079003,0.0003310956,-0.0062445514,0.91826475,0.7593033,0.24069676,0.09976247,0.525031566619873
909312,5697.890498844494,9.0,354.4417,500.0,209.9713,-1.0,0.14084508,1.0,0.5675414,0.10675459,-0.0071840812,0.0012113214,-0.007789743,0.9539963,0.7586072,0.2413928,0.10054773,0.5256149172782898
917504,5684.088082861269,9.0,353.0954,500.0,210.58011,-1.0,0.14059483,1.0,0.56988394,0.10722285,-0.004286037,0.0019929428,-0.0052825087,1.0472668,0.7574353,0.2425647,0.101969875,0.5264255404472351
925696,5694.696693437691,9.0,352.5237,500.0,210.86299,-1.0,0.13876146,1.0,0.5715709,0.10675397,-0.0055693313,0.0012169394,-0.0061778007,1.3621782,0.75764525,0.24235474,0.103593275,0.5274718403816223
933888,5679.282455875309,9.0,351.74387,500.0,211.29625,-1.0,0.13864753,1.0,0.57268,0.10693003,-0.0052738106,0.0011883565,-0.005867989,1.334778,0.7570835,0.24291651,0.10426898,0.5280283093452454
942080,5692.612547667295,9.0,352.06747,500.0,211.1954,-1.0,0.13868067,1.0,0.5719217,0.10724917,-0.0046930634,0.0005676391,-0.0049768835,1.3487478,0.75749624,0.24250375,0.10382309,0.5280163884162903
950272,5690.894676074492,9.0,352.08063,500.0,211.28447,-1.0,0.1393534,1.0,0.5714444,0.10785144,-0.0040829172,0.00058273936,-0.004374287,1.2218018,0.7573393,0.24266072,0.10330732,0.5279837846755981
958464,5693.819071721456,9.0,351.1231,500.0,211.7641,-1.0,0.1418596,1.0,0.572313,0.110078484,-0.0027309926,0.00080143154,-0.0031317086,1.2639859,0.75523704,0.24476296,0.102903344,0.5280671119689941
966656,5680.009119823317,9.0,350.53583,500.0,212.10872,-1.0,0.14441615,1.0,0.57271117,0.11193873,-0.00725394,0.0008463555,-0.0076771183,1.3320773,0.75336486,0.24663514,0.102218986,0.5279957056045532
974848,5691.728968271848,8.0,350.23026,500.0,212.17097,-1.0,0.14486487,1.0,0.57320476,0.11273744,-0.0046988064,0.0010812082,-0.0052394103,1.1567173,0.7527928,0.24720721,0.102342345,0.5283226370811462
983040,5688.486499757873,8.0,350.02502,500.0,212.26488,-1.0,0.14581844,1.0,0.57357407,0.1138141,-0.0032212383,0.00095250644,-0.0036974915,1.2440791,0.7519657,0.24803431,0.10221587,0.52850741147995
991232,5708.7726806231385,8.0,349.71637,500.0,212.4808,-1.0,0.14660056,1.0,0.5736505,0.11453602,-0.0040198276,0.0011033267,-0.0045714905,1.286476,0.75141644,0.24858357,0.101983,0.5286419987678528
999424,5681.218760995458,8.0,349.51807,500.0,212.55696,-1.0,0.14742015,1.0,0.5738185,0.11480761,-0.0040445193,0.00079345494,-0.004441247,1.1160722,0.75078976,0.24921025,0.1017901,0.5287920236587524
1007616,5696.069345364796,8.0,349.03787,500.0,212.82681,-1.0,0.14737573,1.0,0.5744873,0.115219526,-0.0027133848,0.0010566858,-0.0032417278,1.017759,0.75043446,0.24956553,0.10218978,0.529256284236908
1015808,5688.170083540254,8.0,348.73477,500.0,213.04784,-1.0,0.14881158,1.0,0.5743733,0.11647562,-0.0026290119,0.00071229646,-0.0029851599,1.274393,0.7495694,0.25043058,0.10161901,0.5291985869407654
1024000,5805.6986116569715,8.0,348.34302,500.0,213.28856,-1.0,0.14914675,1.0,0.5747304,0.116856314,-0.004314653,0.0010298493,-0.004829577,1.1564955,0.74914676,0.25085324,0.10170648,0.529504120349884
1032192,5695.182804660207,8.0,348.3138,500.0,213.27902,-1.0,0.14962763,1.0,0.57476395,0.117166124,-0.004271859,0.0008050018,-0.00467436,1.0670534,0.7488152,0.25118482,0.10155721,0.529670774936676
1040384,5692.957755645325,8.0,348.36145,500.0,213.33334,-1.0,0.1481357,1.0,0.5748251,0.11597665,-0.0056848954,0.0006989409,-0.006034366,1.1003059,0.74974805,0.25025192,0.10211623,0.5302903652191162
1048576,5683.146986883673,8.0,348.2969,500.0,213.3576,-1.0,0.14728424,1.0,0.5752013,0.11572028,-0.0063105472,0.000962209,-0.0067916517,0.9747729,0.7500833,0.24991669,0.102632456,0.530873715877533
1056768,5700.526053062414,8.0,348.19537,500.0,213.38043,-1.0,0.14578512,1.0,0.5757378,0.114733726,-0.0042384276,0.001694146,-0.0050855,0.5226408,0.7507438,0.2492562,0.10347108,0.5316653847694397
1064960,5682.336822252968,8.0,347.67365,500.0,213.66116,-1.0,0.14711665,1.0,0.57610357,0.11583894,-0.0015545245,0.0012314622,-0.0021702554,0.77668554,0.74967235,0.25032765,0.10321101,0.5317857265472412
1073152,5697.624998901425,8.0,347.7097,500.0,213.64056,-1.0,0.14726917,1.0,0.57592773,0.115615584,-0.0030730276,0.000827853,-0.003486954,1.0706064,0.7496749,0.25032508,0.10305592,0.5319523811340332
1081344,5670.629376658416,8.0,346.3194,500.0,214.23064,-1.0,0.14460154,1.0,0.57890546,0.1134265,-0.0048961267,0.0017259785,-0.005759116,1.0445044,0.7496787,0.25032133,0.1057198,0.5333690643310547
1089536,5699.621106342038,8.0,346.1896,500.0,214.28072,-1.0,0.1440408,1.0,0.5792496,0.112804316,-0.005898867,0.0008175554,-0.006307645,1.0228934,0.7498407,0.25015932,0.106118545,0.5338882803916931
1097728,5690.670354478795,8.0,346.4014,500.0,214.20251,-1.0,0.14371637,1.0,0.5789252,0.112242684,-0.0033891883,0.0007114967,-0.0037449368,1.0202725,0.7502374,0.24976258,0.106046215,0.5341144800186157
1105920,5684.147323103555,8.0,346.6934,500.0,214.1191,-1.0,0.14371069,1.0,0.5782549,0.112159595,-0.0020852021,0.0006647612,-0.0024175828,1.0471363,0.75062895,0.24937107,0.10566038,0.5341025590896606
1114112,5693.362437970708,8.0,346.8501,500.0,214.0757,-1.0,0.1430356,1.0,0.5782033,0.11140043,-0.005009867,0.00089800736,-0.00545887,1.0424126,0.7510931,0.24890694,0.10587133,0.5345343947410583
1122304,5712.166519899221,8.0,346.7421,500.0,214.13928,-1.0,0.14414135,1.0,0.57805884,0.11211691,-0.00421281,0.00060625497,-0.0045159375,1.1445335,0.750465,0.24953502,0.10539368,0.5344927310943604
1130496,5687.332127331662,8.0,346.63684,500.0,214.26344,-1.0,0.14329644,1.0,0.57820815,0.11149157,-0.0050207227,0.00073128863,-0.0053863674,1.0784922,0.7509225,0.24907748,0.105781056,0.5350119471549988
1138688,5817.212573672274,8.0,346.7448,500.0,214.23395,-1.0,0.14303179,1.0,0.5779837,0.11104873,-0.00415294,0.0006744273,-0.004490154,0.965751,0.7512225,0.24877751,0.10574572,0.5352619290351868
1146880,5687.413087605202,8.0,346.7786,500.0,214.18076,-1.0,0.14285715,1.0,0.5780628,0.110737294,-0.0030288768,0.0012346534,-0.0036462038,1.0291603,0.75128907,0.24871095,0.1058538,0.5356119275093079
1155072,5694.964752275434,8.0,346.9542,500.0,214.12222,-1.0,0.14195298,1.0,0.5779086,0.11023674,-0.0033307062,0.000732495,-0.0036969534,0.91506976,0.751959,0.24804099,0.106088005,0.5360761880874634
1163264,5698.9508556286855,8.0,347.1048,500.0,214.12065,-1.0,0.14281437,1.0,0.57723206,0.11096467,-0.0020074826,0.00022638003,-0.0021206727,1.094288,0.7517964,0.24820359,0.10538922,0.5358262062072754
1171456,5694.992125900726,8.0,346.7204,500.0,214.35225,-1.0,0.14277233,1.0,0.57769114,0.111098886,-0.0020888592,0.0012354612,-0.0027065896,1.1037972,0.7515583,0.24844168,0.105669335,0.5362658500671387
1179648,5684.23195416317,8.0,346.52255,500.0,214.51048,-1.0,0.14382552,1.0,0.57755774,0.1120547,-0.0035863784,0.00062883284,-0.0039007952,1.1616471,0.75095785,0.24904214,0.10521662,0.5362241864204407
1187840,5706.833664462864,8.0,346.45404,500.0,214.58194,-1.0,0.1440281,1.0,0.5774698,0.11210107,-0.0014917552,0.0009458338,-0.0019646722,1.0346392,0.7508782,0.24912179,0.10509368,0.5364089608192444
1196032,5682.092502392086,8.0,345.95444,500.0,214.84335,-1.0,0.1448476,1.0,0.5779502,0.112698935,-0.0036888972,0.0013668778,-0.004372336,1.0930284,0.7500726,0.24992743,0.10507982,0.5366762280464172
1204224,5687.283175726305,8.0,344.91293,500.0,215.32251,-1.0,0.14770114,1.0,0.5788617,0.11523105,-0.0035988265,0.0010896986,-0.004143676,1.2027843,0.74770117,0.25229886,0.1045977,0.5367119312286377
1212416,5690.010687564201,8.0,344.6413,500.0,215.46346,-1.0,0.14798974,1.0,0.5791239,0.115272954,-0.0042247707,0.0011875809,-0.004818561,1.1763335,0.74736243,0.2526376,0.104647845,0.5370174646377563
1220608,5691.564918622922,8.0,344.06982,500.0,215.75536,-1.0,0.14843087,1.0,0.5798116,0.11580311,-0.003937084,0.0012382742,-0.004556221,1.3128746,0.746678,0.25332204,0.10489115,0.5374341607093811
1228800,5690.316942468073,8.0,344.50085,500.0,215.57745,-1.0,0.1476378,1.0,0.57933336,0.114851154,-0.0056496747,0.0006890912,-0.00599422,1.5350052,0.74746907,0.25253093,0.10489314,0.5377104878425598
1236992,5702.01601123684,8.0,344.5834,500.0,215.58238,-1.0,0.14808606,1.0,0.5789245,0.1152338,-0.0037714918,0.0006300408,-0.004086512,1.3611035,0.7474155,0.25258452,0.10449846,0.5376778841018677
1245184,5691.789310751534,8.0,344.4738,500.0,215.6365,-1.0,0.14904246,1.0,0.578782,0.11589797,-0.006059464,0.00066730997,-0.0063931188,1.3465071,0.7468776,0.2531224,0.10407993,0.5376362204551697
1253376,5683.381056564463,8.0,343.97992,500.0,215.88156,-1.0,0.14942212,1.0,0.5793796,0.11603856,-0.0023291537,0.0013592863,-0.0030087966,1.2507322,0.7462851,0.25371492,0.10429279,0.5380313992500305
1261568,5682.498460785335,8.0,343.82175,500.0,216.00407,-1.0,0.15035538,1.0,0.57923436,0.11686482,-0.0025755283,0.0010106997,-0.0030808786,1.1338174,0.7457627,0.2542373,0.1038819,0.5379897356033325
1269760,5699.381915570876,8.0,343.6473,500.0,216.08401,-1.0,0.15111232,1.0,0.5792651,0.11727475,0.0015623407,0.001403705,0.0008604881,0.58618,0.7452523,0.2547477,0.10363538,0.5380969047546387
1277952,5697.510680924039,8.0,343.21667,500.0,216.30078,-1.0,0.1512786,1.0,0.5798272,0.11762741,-0.0029567285,0.0012012768,-0.0035573668,0.5871204,0.74481833,0.2551817,0.10390309,0.538536548614502
1286144,5688.213400347487,8.0,342.86984,500.0,216.43823,-1.0,0.15179048,1.0,0.5802244,0.11804026,-0.00509903,0.0010920985,-0.0056450795,0.8594912,0.7442544,0.2557456,0.103955105,0.5388420820236206
1294336,5692.378660044284,8.0,342.79187,500.0,216.50131,-1.0,0.15104859,1.0,0.5804197,0.11752703,-0.0042586643,0.0010041475,-0.004760738,1.1716814,0.7446244,0.25537562,0.10432705,0.5393920540809631
1302528,5694.273891356537,8.0,342.5961,500.0,216.64763,-1.0,0.15212233,1.0,0.5802864,0.11870442,-0.0054030195,0.0005322807,-0.00566916,0.8883657,0.7440021,0.2559979,0.10387556,0.5393343567848206
1310720,5734.661144704494,8.0,342.50064,500.0,216.69984,-1.0,0.15318146,1.0,0.58015287,0.1195983,-0.0028383536,0.00075796386,-0.0032173358,0.69737047,0.7433883,0.25661168,0.10343022,0.539276659488678
1318912,5701.106807631311,8.0,342.3997,500.0,216.71771,-1.0,0.15378611,1.0,0.5802976,0.12027656,-0.004352741,0.0011182246,-0.0049118535,1.1482731,0.7429092,0.2570908,0.10330471,0.53944331407547
1327104,5702.322613515836,7.0,341.714,500.0,216.9889,-1.0,0.15487868,1.0,0.58130234,0.121389285,-0.0063463566,0.001540371,-0.007116542,0.7342986,0.74161077,0.25838926,0.10351058,0.5398384928703308
1335296,5686.429482276111,7.0,341.3862,500.0,217.16425,-1.0,0.15427986,1.0,0.5818729,0.12085429,-0.0014282069,0.0013504932,-0.0021034535,0.7296721,0.74167097,0.25832906,0.104049206,0.5404813289642334
1343488,5695.671831323284,7.0,340.93106,500.0,217.34526,-1.0,0.15466802,1.0,0.5825325,0.121607065,-0.0060413093,0.0011860017,-0.006634311,0.45935273,0.74103284,0.2589672,0.10429916,0.5409209728240967
1351680,5697.319846257416,7.0,340.18268,500.0,217.66872,-1.0,0.1561948,1.0,0.5832889,0.123118885,-0.001961845,0.0009601107,-0.0024419003,0.6031964,0.73959124,0.2604088,0.10421398,0.5411397218704224
1359872,5690.527099519895,7.0,339.35168,500.0,217.92998,-1.0,0.15619524,1.0,0.5848599,0.12378556,-0.0027810787,0.0022483387,-0.003905248,1.2566036,0.7386733,0.26132667,0.10513142,0.5419834852218628
1368064,5696.210046526587,7.0,339.31635,500.0,218.0005,-1.0,0.15642875,1.0,0.58468527,0.12416292,-0.007379912,0.0006137626,-0.007686793,0.8233851,0.73862225,0.26137775,0.10494902,0.5421180725097656
1376256,5692.820987914095,7.0,339.25296,500.0,218.00815,-1.0,0.1552918,1.0,0.58510965,0.123042725,-0.004075207,0.0012105529,-0.004680483,0.26772892,0.7391197,0.26088032,0.105588526,0.5429550409317017
1384448,5697.159252731291,7.0,339.2795,500.0,218.02788,-1.0,0.15585054,1.0,0.584794,0.1235461,-0.002220566,0.0004989703,-0.0024700512,-0.015941698,0.73893803,0.26106194,0.10521141,0.5429133772850037
1392640,5691.917542769222,7.0,339.38928,500.0,218.0519,-1.0,0.15615836,1.0,0.5843376,0.12391165,-0.0033184527,0.00036035568,-0.0034986308,0.04857437,0.73900294,0.26099706,0.10483871,0.5428717136383057
1400832,5700.014443906769,7.0,339.25934,500.0,218.13269,-1.0,0.1571151,1.0,0.5841825,0.124724925,-0.0006373428,0.00086502265,-0.001069854,0.25185752,0.73846525,0.26153472,0.10441962,0.5428140163421631
1409024,5695.566088712599,7.0,339.4331,500.0,218.09976,-1.0,0.15676329,1.0,0.58385295,0.124334864,-0.004926402,0.0006543677,-0.0052535855,0.59960556,0.73888886,0.2611111,0.104347825,0.5430185794830322
1417216,5699.836678861026,7.0,339.2628,500.0,218.17174,-1.0,0.1574274,1.0,0.583907,0.12504598,-0.0045223637,0.0007906533,-0.00491769,0.48968866,0.7384209,0.26157907,0.104151666,0.5431389212608337
1425408,5695.457517795954,7.0,339.5701,500.0,218.1028,-1.0,0.1571531,1.0,0.5833027,0.12484128,-0.00670645,0.00031702014,-0.006864961,0.53196585,0.7389539,0.26104608,0.103893004,0.5431389212608337
1433600,5704.8552353735595,7.0,339.4866,500.0,218.14232,-1.0,0.1576074,1.0,0.58328414,0.12542644,-0.007068765,0.00082344864,-0.0074804896,0.75572634,0.73866606,0.26133397,0.10372656,0.5432735085487366
1441792,5692.203256939165,7.0,339.77203,500.0,218.02507,-1.0,0.15757146,1.0,0.58282775,0.12544973,-0.0040949937,0.0005652441,-0.0043776156,0.38943335,0.7389558,0.26104417,0.10347272,0.5432735085487366
1449984,5692.984166722862,7.0,339.9389,500.0,217.99411,-1.0,0.15722679,1.0,0.5825136,0.12534475,-0.0036547133,0.0005685018,-0.003938964,0.45445547,0.73936546,0.26063454,0.103407755,0.5434780716896057
1458176,5679.411063729064,7.0,340.39154,500.0,217.8601,-1.0,0.15703253,1.0,0.58165073,0.12518184,-0.005621164,0.00017158294,-0.0057069557,0.6473749,0.7399953,0.26000467,0.10297215,0.5432280898094177
1466368,5688.424343794032,7.0,340.46613,500.0,217.85698,-1.0,0.15708634,1.0,0.5814939,0.12546779,-0.0027315011,0.0003784232,-0.0029207128,0.05464469,0.7400512,0.2599488,0.10286246,0.5433947443962097
1474560,5684.983400416979,7.0,340.48367,500.0,217.87599,-1.0,0.1576024,1.0,0.58121336,0.12580426,-0.0031370134,0.00040059775,-0.003337312,-0.36634716,0.739875,0.26012498,0.10252257,0.5433530807495117
1482752,5785.940523581086,7.0,340.17136,500.0,217.97557,-1.0,0.15823367,1.0,0.58167654,0.12654854,-0.005341657,0.0010707722,-0.0058770427,0.22996722,0.73919046,0.26080957,0.1025759,0.5436586141586304
1490944,5684.645742290348,7.0,339.94513,500.0,218.11734,-1.0,0.15931429,1.0,0.5816151,0.12753747,-0.0067983298,0.00041635544,-0.0070065074,0.36458212,0.7385143,0.26148573,0.10217143,0.5435938239097595
1499136,5693.833224764121,7.0,340.16925,500.0,218.06958,-1.0,0.15969063,1.0,0.5809959,0.12783459,-0.0039888155,0.00018481197,-0.0040812218,-0.5249036,0.738626,0.26137397,0.10168335,0.5433438420295715
1507328,5679.4777168061255,7.0,340.24463,500.0,218.0811,-1.0,0.15999095,1.0,0.58065015,0.12807341,-0.0043319725,0.00036499978,-0.0045144726,-0.64993054,0.7386286,0.26137134,0.1013804,0.5433112382888794
1515520,5703.200965501513,7.0,340.42917,500.0,218.0281,-1.0,0.16054943,1.0,0.5801118,0.12841788,-0.0049537616,0.00017725438,-0.0050423886,-0.37717277,0.7385724,0.2614276,0.10087818,0.5430612564086914
1523712,5690.39893014386,7.0,340.725,500.0,217.93675,-1.0,0.16046616,1.0,0.57963073,0.12825379,-0.00419793,0.000415744,-0.004405802,-0.36426556,0.7389063,0.26109368,0.10062752,0.5430493354797363
1531904,5695.402761860402,7.0,340.8294,500.0,217.89319,-1.0,0.16034791,1.0,0.5794792,0.12828724,-0.0034094155,0.0008542254,-0.0038365282,-0.04313832,0.73907226,0.26092774,0.10057984,0.5432538986206055
1540096,5693.527534695405,7.0,340.19238,500.0,218.18227,-1.0,0.16161169,1.0,0.5800963,0.12941894,-0.0049594287,0.0007959873,-0.0053574224,-0.30883572,0.7378791,0.26212087,0.10050919,0.5434584617614746
1548288,5750.9572785647,7.0,340.16034,500.0,218.17241,-1.0,0.16189428,1.0,0.58014274,0.12984444,-0.0024014781,0.001041142,-0.0029220493,-0.19335458,0.7376652,0.2623348,0.10044053,0.5436432361602783
1556480,5681.308941218177,7.0,340.38345,500.0,218.11462,-1.0,0.16180663,1.0,0.5796722,0.12983604,-0.0052941134,0.00029386915,-0.005441048,0.18645206,0.73799604,0.26200396,0.10019732,0.5436313152313232
1564672,5758.564860855689,7.0,340.24707,500.0,218.17389,-1.0,0.16266899,1.0,0.57960856,0.1303997,0.0005920135,0.000981205,0.000101411075,0.09755349,0.73746186,0.26253816,0.09986917,0.5435813069343567
1572864,5687.736951750375,7.0,340.3653,500.0,218.15695,-1.0,0.16247289,1.0,0.5793459,0.1301852,-0.0034651223,0.0006190541,-0.0037746492,-0.32182178,0.73774403,0.26225597,0.09978308,0.5437479615211487
1581056,5693.840773082312,7.0,340.49622,500.0,218.11847,-1.0,0.16259988,1.0,0.57901144,0.13034466,-0.0024455918,0.00039529297,-0.0026432378,-0.3716793,0.7378536,0.2621464,0.09954654,0.5437360405921936
1589248,5688.946119342614,7.0,340.93765,500.0,217.95918,-1.0,0.1625457,1.0,0.57824,0.13012561,-0.002348144,0.0004897392,-0.0025930135,-0.24105981,0.73833585,0.26166415,0.09911847,0.5434860587120056
1597440,5680.134943576786,7.0,341.18454,500.0,217.89119,-1.0,0.16292015,1.0,0.5777243,0.13032217,-0.0038884403,0.00036856328,-0.004072722,-0.2363333,0.7383858,0.2616142,0.09869407,0.5432360768318176
1605632,5693.533195324308,7.0,341.33652,500.0,217.8312,-1.0,0.16357827,1.0,0.5772344,0.1306218,0.0016317174,0.0006200515,0.001321692,-0.08157214,0.73823214,0.26176783,0.09818956,0.5429860949516296
1613824,5696.249708512592,7.0,341.18277,500.0,217.90343,-1.0,0.16412537,1.0,0.57731414,0.13092767,-0.005503517,0.00090496824,-0.0059560016,0.06292413,0.73782295,0.26217705,0.098051675,0.5431064367294312
1622016,5682.630033821499,7.0,340.87997,500.0,218.05496,-1.0,0.16529796,1.0,0.57739425,0.13193865,-0.005192606,0.0005858814,-0.005485546,0.029400164,0.73699725,0.26300272,0.09770478,0.5430416464805603
1630208,5691.595087963642,7.0,340.56277,500.0,218.20027,-1.0,0.16617832,1.0,0.5776018,0.13277896,-0.0015255366,0.0009106698,-0.0019808714,0.15735564,0.73629135,0.26370865,0.09753035,0.543136477470398
1638400,5693.644523313547,7.0,340.46014,500.0,218.23984,-1.0,0.16697897,1.0,0.57754546,0.133375,-0.0027253293,0.0005207631,-0.0029857103,0.26898202,0.73579013,0.26420987,0.0972309,0.5430864691734314
1646592,5691.7204827132555,7.0,339.86407,500.0,218.46126,-1.0,0.16859743,1.0,0.5781129,0.1345789,-0.0037588156,0.001141298,-0.0043294644,0.10636855,0.73438144,0.26561853,0.0970211,0.5431590676307678
1654784,5693.304892219914,7.0,339.29648,500.0,218.70113,-1.0,0.17012534,1.0,0.57855946,0.13589075,-0.0029470616,0.00095841795,-0.0034262706,-0.39038295,0.7331005,0.26689953,0.09677419,0.5432121157646179
1662976,5715.133737476426,7.0,339.1768,500.0,218.77902,-1.0,0.17044757,1.0,0.57856077,0.13611905,-0.0033355914,0.00077395793,-0.0037225706,-0.20474276,0.7328837,0.26711628,0.09666871,0.5433467030525208
1671168,5680.364069803543,7.0,339.3307,500.0,218.66312,-1.0,0.17042913,1.0,0.57843775,0.13589601,-0.0044502816,0.0010046719,-0.0049526175,0.1809076,0.73296726,0.26703274,0.09660362,0.5435133576393127
1679360,5694.175749852093,7.0,339.15134,500.0,218.72876,-1.0,0.1701396,1.0,0.57879317,0.13580973,-0.005669881,0.0011667502,-0.0062532565,0.35885465,0.7329557,0.2670443,0.09690472,0.5440325736999512
1687552,5695.171476852416,7.0,338.60864,500.0,218.92043,-1.0,0.17125627,1.0,0.5793932,0.13658066,-0.0057460717,0.001653801,-0.006572972,-0.01012941,0.73185927,0.2681407,0.09688442,0.5442513227462769
1695744,5693.773782457741,7.0,338.572,500.0,218.95517,-1.0,0.1718,1.0,0.57921046,0.13694522,-0.0019079759,0.000726629,-0.0022712904,-0.1461521,0.7316,0.2684,0.0966,0.5442013144493103
1703936,5696.122225523066,7.0,338.15927,500.0,219.0748,-1.0,0.17259893,1.0,0.5797306,0.13778535,-0.0039557754,0.00094256055,-0.0044270554,-0.027977692,0.7307616,0.2692384,0.09663949,0.5444685816764832
1712128,5694.543797938281,7.0,338.17752,500.0,219.09706,-1.0,0.17296655,1.0,0.5794876,0.13809459,-0.0042502643,0.0005899969,-0.0045452625,-0.25030768,0.7306551,0.26934496,0.096378386,0.5444269180297852
1720320,5687.1664483755785,7.0,337.14844,500.0,219.4727,-1.0,0.17298253,1.0,0.58123726,0.13832957,-0.0034210975,0.0023669885,-0.004604592,0.32827368,0.7296289,0.2703711,0.09738857,0.5453019142150879
1728512,5684.394640944861,7.0,336.99335,500.0,219.55222,-1.0,0.17265625,1.0,0.58151406,0.13819394,-0.007528471,0.0010498159,-0.008053378,0.5385362,0.7296875,0.2703125,0.09765625,0.5457926392555237
1736704,5688.330170679348,7.0,336.63412,500.0,219.66571,-1.0,0.17197205,1.0,0.5824212,0.13793609,-0.004784599,0.0010900466,-0.005329622,-0.030199405,0.72961956,0.27038044,0.098408386,0.5466364026069641
1744896,5691.181230222125,7.0,336.3762,500.0,219.76991,-1.0,0.17274657,1.0,0.58257395,0.13858001,-0.0054260157,0.00086707535,-0.005859554,0.10336743,0.72900987,0.27099016,0.09824358,0.5467312335968018
1753088,5691.5083519711225,7.0,336.34158,500.0,219.73604,-1.0,0.17242703,1.0,0.58283836,0.13836557,-0.0030187282,0.0012167159,-0.0036270863,-0.94100386,0.72907066,0.27092934,0.0985023,0.5472219586372375
1761280,5697.211208469609,7.0,336.43262,500.0,219.72502,-1.0,0.1722424,1.0,0.58264744,0.1382108,-0.0016594505,0.0006851788,-0.00200204,0.1798896,0.72930604,0.27069393,0.09845154,0.5474067330360413
1769472,5695.978695949127,7.0,336.492,500.0,219.70233,-1.0,0.1721249,1.0,0.5825592,0.13802512,-0.0018842365,0.0008773012,-0.0023228873,-1.1342564,0.7294364,0.2705636,0.09843869,0.5476329326629639
1777664,5686.322200457955,7.0,336.52142,500.0,219.71465,-1.0,0.17210008,1.0,0.5824273,0.13804793,-0.0010495521,0.00067356834,-0.0013863358,-0.98098373,0.7295299,0.27047005,0.09836998,0.5477995872497559
1785856,5686.2365661224485,7.0,336.47018,500.0,219.74544,-1.0,0.17301887,1.0,0.582179,0.13867596,-0.0036411295,0.0008497332,-0.0040659956,-0.57505226,0.7290566,0.2709434,0.09792453,0.5475496053695679
1794048,5692.840795247535,7.0,336.47943,500.0,219.75253,-1.0,0.17302273,1.0,0.58209974,0.13868868,-0.0022027711,0.0008946409,-0.0026500914,-0.49361718,0.7291001,0.27089986,0.09787714,0.5477343797683716
1802240,5686.852061441641,7.0,336.55023,500.0,219.73738,-1.0,0.17362021,1.0,0.5817429,0.13905863,-0.0039446186,0.00055954093,-0.004224389,-0.9760713,0.7289055,0.27109447,0.09747428,0.5474843978881836
1810432,5722.512389933231,7.0,336.59756,500.0,219.73264,-1.0,0.17374301,1.0,0.58167195,0.13927168,0.00067424803,0.0007942832,0.0002771065,-0.19486697,0.7288641,0.27113593,0.097392924,0.5476344227790833
1818624,5673.51236648527,7.0,336.70578,500.0,219.72589,-1.0,0.17352614,1.0,0.5814426,0.1391629,-0.0059635923,0.000570104,-0.006248644,-0.60417193,0.7291435,0.2708565,0.09733037,0.5478010773658752
1826816,5696.392307358184,7.0,336.39636,500.0,219.87634,-1.0,0.17428993,1.0,0.5816409,0.13982424,-0.0025220679,0.0007288566,-0.0028864963,-1.4069474,0.7285135,0.27148655,0.09719661,0.5479082465171814
1835008,5693.51432660507,7.0,335.97836,500.0,220.0111,-1.0,0.17479824,1.0,0.58226687,0.14053266,-0.005178186,0.0012449279,-0.00580065,-1.1737046,0.7278063,0.2721937,0.09739545,0.5483249425888062
1843200,5692.126875094635,7.0,336.37433,500.0,219.899,-1.0,0.17455675,1.0,0.58155066,0.14033188,-0.0027272762,0.00034721266,-0.0029008824,-1.1698697,0.72838604,0.27161396,0.09705721,0.5480749607086182
1851392,5690.425317484594,7.0,336.41803,500.0,219.89243,-1.0,0.17415832,1.0,0.58153737,0.14022788,-0.0033825184,0.00070758484,-0.0037363109,0.07028909,0.72866243,0.27133757,0.09717926,0.5484499335289001
1859584,5700.335016349601,7.0,336.35333,500.0,219.92249,-1.0,0.17448813,1.0,0.5816185,0.14048173,-0.0029044473,0.00096541713,-0.0033871555,-0.9197676,0.72839284,0.27160716,0.09711904,0.5486165881156921
1867776,5698.062472865176,7.0,336.16644,500.0,220.02618,-1.0,0.17493238,1.0,0.58170414,0.1408876,-0.0013896767,0.0007275749,-0.0017534641,-0.9345195,0.72804326,0.2719567,0.097024344,0.548751175403595
1875968,5693.488854032482,7.0,336.3568,500.0,219.98593,-1.0,0.17517067,1.0,0.58120775,0.14107713,-0.0024475988,0.0001399806,-0.0025175891,-0.36716902,0.72817105,0.27182895,0.09665828,0.548501193523407
1884160,5686.293969073342,7.0,336.40533,500.0,219.99348,-1.0,0.1753758,1.0,0.5809755,0.14123355,-7.5368444e-06,0.0007574606,-0.0003862671,-1.0100741,0.7281675,0.2718325,0.09645669,0.5484784841537476
1892352,5692.747419025188,7.0,336.23236,500.0,220.0588,-1.0,0.17521368,1.0,0.581283,0.14125797,0.00028559496,0.0013498982,-0.00038935384,-0.74551785,0.7280983,0.2719017,0.09668803,0.5489427447319031
1900544,5680.870278918635,7.0,335.67795,500.0,220.26056,-1.0,0.1756374,1.0,0.58209956,0.14193518,-0.0021089343,0.0014484134,-0.0028331415,-1.6123047,0.7273371,0.27266288,0.0970255,0.5494740009307861
1908736,5866.346730024605,7.0,335.55972,500.0,220.28993,-1.0,0.17547569,1.0,0.58239776,0.14195155,-0.0029109684,0.0014119379,-0.0036169374,-0.3125865,0.72727275,0.27272728,0.09725159,0.5499382615089417
1916928,5696.759697538885,7.0,335.69254,500.0,220.25615,-1.0,0.17532468,1.0,0.5822716,0.14170091,-0.0079206405,0.0007412781,-0.008291279,-0.6437489,0.7274482,0.27255177,0.0972271,0.5501428246498108
1925120,5691.543234606834,7.0,335.63748,500.0,220.2761,-1.0,0.17584339,1.0,0.58218944,0.1420362,-0.0047501465,0.0006805885,-0.0050904406,-0.99254555,0.7271456,0.2728544,0.097011015,0.5501102209091187
1933312,5683.660273327253,7.0,335.88385,500.0,220.2106,-1.0,0.17607106,1.0,0.5817065,0.14213608,-0.002084409,0.00023507814,-0.0022019478,-1.2719502,0.72727275,0.27272728,0.09665622,0.5498602390289307
1941504,5686.086947484715,7.0,335.35208,500.0,220.35693,-1.0,0.17630759,1.0,0.5827028,0.14198098,-0.0028074232,0.0022499883,-0.0039324174,-1.0460658,0.72653276,0.27346727,0.09715968,0.55054771900177
1949696,5696.085398166198,7.0,335.6288,500.0,220.27805,-1.0,0.17601381,1.0,0.5822313,0.14172466,-0.0077848453,0.0002791724,-0.00792443,-1.1155362,0.727006,0.27299395,0.096980155,0.5505357980728149
1957888,5700.318939586611,7.0,335.50412,500.0,220.33737,-1.0,0.17605634,1.0,0.5823675,0.14178392,-0.0070982724,0.0008131865,-0.0075048665,-0.91606563,0.72689795,0.27310202,0.09704569,0.5508413314819336
1966080,5686.450186250866,7.0,335.30048,500.0,220.35193,-1.0,0.17646053,1.0,0.5828544,0.14213681,-0.0032254676,0.0016594015,-0.004055168,-1.0348569,0.72634095,0.27365905,0.097198494,0.5512163043022156
1974272,5701.118159062407,7.0,334.80396,500.0,220.49718,-1.0,0.17652056,1.0,0.58372927,0.1421199,-0.00094886817,0.0014952329,-0.0016964849,-1.008586,0.72579,0.27420998,0.097689435,0.5519037842750549
1982464,5679.332208587791,7.0,334.4079,500.0,220.62746,-1.0,0.17708686,1.0,0.5842956,0.1425907,-0.0014133076,0.0015995103,-0.0022130627,-0.8798475,0.725076,0.27492395,0.097837105,0.5522787570953369
1990656,5685.3718979656605,7.0,334.32272,500.0,220.67455,-1.0,0.17743021,1.0,0.5842724,0.14278008,-0.0050077634,0.0010035025,-0.0055095153,-0.5301424,0.72485703,0.27514297,0.09771275,0.5523859262466431
1998848,5683.238168362416,7.0,333.88098,500.0,220.82753,-1.0,0.17793773,1.0,0.58491415,0.1430548,-0.004193487,0.0013258314,-0.004856403,-0.8685967,0.7241379,0.27586207,0.09792434,0.5528501868247986
2007040,5682.9270353584625,7.0,333.739,500.0,220.89563,-1.0,0.178,1.0,0.58507776,0.14303827,-0.00091713405,0.001022158,-0.0014282134,-1.0131506,0.724,0.276,0.098,0.5531771183013916
2015232,5687.041254204073,7.0,333.05234,500.0,221.15648,-1.0,0.17853594,1.0,0.58601606,0.14351837,-0.0005460327,0.0017402247,-0.0014161449,-1.1291367,0.72308713,0.2769129,0.098376945,0.5537165999412537
2023424,5697.975539645177,7.0,332.4343,500.0,221.35652,-1.0,0.1789595,1.0,0.58693814,0.14376657,-0.0057421178,0.0016051492,-0.006544692,-1.4297595,0.7222588,0.2777412,0.09878169,0.5542999505996704
2031616,5694.622132261092,7.0,331.98248,500.0,221.52011,-1.0,0.17992796,1.0,0.5873669,0.1445054,-0.004169536,0.0011686734,-0.0047538728,-1.1514697,0.72134906,0.27865094,0.09872299,0.5544911026954651
2039808,5695.283812938669,7.0,331.04324,500.0,221.8569,-1.0,0.18113822,1.0,0.58853716,0.1455458,-0.0025255627,0.001934028,-0.0034925768,-1.0927153,0.7198374,0.2801626,0.09902439,0.5549553632736206
2048000,5692.5389841656415,7.0,330.37778,500.0,222.06593,-1.0,0.18250889,1.0,0.589397,0.14669703,-0.0039443243,0.0017747218,-0.004831685,-0.6899102,0.71839637,0.28160363,0.09909473,0.5552608966827393
2056192,5718.777851251059,7.0,329.83862,500.0,222.23294,-1.0,0.18276805,1.0,0.5902265,0.14707063,-0.0019200023,0.0017469515,-0.0027934778,-0.87997705,0.7177303,0.28226975,0.099501684,0.5558680295944214
2064384,5761.610440734695,7.0,329.63745,500.0,222.3251,-1.0,0.18272,1.0,0.5905027,0.14703666,-0.003001516,0.0014700706,-0.0037365512,-0.16340557,0.7176,0.2824,0.09968,0.5563076734542847
2072576,5758.25025083605,7.0,329.75037,500.0,222.2948,-1.0,0.1825283,1.0,0.59032065,0.1468035,-0.0036385339,0.0009282576,-0.004102663,-0.5359089,0.71783835,0.28216165,0.09963335,0.5564924478530884
2080768,5682.449592352251,7.0,329.71155,500.0,222.31781,-1.0,0.18304493,1.0,0.5901705,0.14711718,-0.0045994446,0.00080720586,-0.005003047,-1.7708936,0.71757424,0.2824258,0.09938085,0.5564347505569458
2088960,5693.209614108133,7.0,329.76917,500.0,222.29756,-1.0,0.183083,1.0,0.5900344,0.14718615,-0.005457857,0.00082807284,-0.005871894,-0.8549974,0.7176285,0.28237155,0.09928854,0.5565693378448486
2097152,5697.246161044932,7.0,329.7299,500.0,222.34113,-1.0,0.18349347,1.0,0.58988565,0.14755595,-0.0041065356,0.00042339755,-0.004318234,-1.7613379,0.71743584,0.2825642,0.09907072,0.5565276741981506
2105344,5696.206269223392,7.0,329.33084,500.0,222.48724,-1.0,0.18405388,1.0,0.5903274,0.14800292,-0.0023174733,0.0015421485,-0.0030885474,-0.3693503,0.716792,0.283208,0.09915414,0.5568491220474243
2113536,5693.419041483402,7.0,329.47995,500.0,222.44899,-1.0,0.18345043,1.0,0.59024674,0.14767264,-0.0022288207,0.0008660994,-0.0026618706,-0.26688036,0.71725214,0.28274786,0.09929743,0.5573133826255798
2121728,5697.781839293138,7.0,329.1448,500.0,222.56653,-1.0,0.18380982,1.0,0.59068185,0.14828278,-0.004133093,0.0015759094,-0.004921048,-1.3965956,0.71674955,0.28325048,0.09944065,0.5577085614204407
2129920,5681.920551395231,7.0,329.1503,500.0,222.55673,-1.0,0.18328173,1.0,0.5908218,0.14791644,0.0052945074,0.00080475654,0.00489213,-1.9827797,0.71702784,0.28297213,0.0996904,0.5582919120788574
2138112,5689.099656366492,7.0,329.28784,500.0,222.49852,-1.0,0.18247725,1.0,0.5908357,0.14724036,-0.00469018,0.001178805,-0.005279583,-1.3394469,0.71756905,0.28243098,0.099953726,0.5589115023612976
2146304,5684.2253716570385,7.0,328.8419,500.0,222.61443,-1.0,0.18326938,1.0,0.5914687,0.14783108,-0.0012967573,0.0017258179,-0.0021596658,-1.7432919,0.7166539,0.28334612,0.10007674,0.5592864751815796
2154496,5690.102089422722,7.0,328.66565,500.0,222.67581,-1.0,0.18406971,1.0,0.5914827,0.14848395,-0.0038763091,0.0006750667,-0.0042138426,-0.9728985,0.7160984,0.28390154,0.09983183,0.559228777885437
2162688,5691.249102536518,7.0,328.5941,500.0,222.70265,-1.0,0.18346529,1.0,0.59175265,0.14807437,-0.004941801,0.0011574494,-0.005520526,-1.1090662,0.716352,0.28364798,0.100182705,0.5599046945571899
2170880,5689.462338072215,7.0,328.6385,500.0,222.70863,-1.0,0.18325242,1.0,0.5917914,0.14778978,-0.0007740266,0.0011900085,-0.0013690309,-0.7125449,0.71647453,0.2835255,0.10027306,0.5602796673774719
2179072,5687.910196550577,7.0,328.39542,500.0,222.76523,-1.0,0.18290289,1.0,0.5923931,0.14786185,-0.0074326578,0.0015323798,-0.008198848,-0.6580136,0.71635705,0.28364295,0.10074007,0.5610641241073608
2187264,5694.013446326223,7.0,328.08746,500.0,222.85898,-1.0,0.18362133,1.0,0.5926693,0.14852338,-0.0037971938,0.0014678431,-0.0045311153,-0.7761947,0.7157025,0.28429753,0.10067619,0.5612552762031555
2195456,5695.511330689442,7.0,328.19885,500.0,222.82907,-1.0,0.18343815,1.0,0.59249175,0.14835481,-0.0016081323,0.000984063,-0.0021001636,-1.0439692,0.7159329,0.2840671,0.10062893,0.5614400506019592
2203648,5696.0476270128,7.0,328.15414,500.0,222.83533,-1.0,0.18400238,1.0,0.5924618,0.14860517,-0.0025192518,0.0007625928,-0.0029005478,-1.7266423,0.71556485,0.28443515,0.10043277,0.5614074468612671
2211840,5697.63822607094,7.0,328.0728,500.0,222.87767,-1.0,0.18400714,1.0,0.5925367,0.1486704,-0.0022210805,0.0012061555,-0.0028241584,-0.81560236,0.7155172,0.28448275,0.100475624,0.5617129802703857
2220032,5959.419851956894,7.0,327.42856,500.0,223.03314,-1.0,0.18584724,1.0,0.5932356,0.14993557,-0.0017516246,0.0024825037,-0.0029928763,0.3408379,0.7138425,0.2861575,0.100310236,0.5618288516998291
2228224,5757.7205098068,7.0,327.3571,500.0,223.02716,-1.0,0.18657047,1.0,0.5933186,0.15022428,-0.0052668927,0.0011825551,-0.005858171,-0.57000005,0.713297,0.286703,0.100132525,0.5618061423301697
2236416,5691.242503768241,7.0,327.21426,500.0,223.06468,-1.0,0.18756416,1.0,0.5933969,0.15081747,-0.0074205473,0.0010233766,-0.0079322355,-0.71198785,0.7125678,0.28743216,0.099868014,0.5617347359657288
2244608,5687.858410314238,7.0,327.09418,500.0,223.08821,-1.0,0.1875,1.0,0.59363467,0.15077601,-0.0068367487,0.0014778938,-0.007575695,-1.4836969,0.71247077,0.2875292,0.10002921,0.562174379825592
2252800,5696.150554583165,7.0,326.90173,500.0,223.12552,-1.0,0.18837209,1.0,0.59379905,0.15130894,-0.00071102567,0.0013888141,-0.0014054327,-2.0150826,0.7117733,0.28822675,0.09985465,0.5622369050979614
2260992,5688.4601303952,7.0,326.76212,500.0,223.18149,-1.0,0.18850441,1.0,0.5939426,0.15157497,-0.002620949,0.0008980923,-0.0030699952,-1.7870872,0.7115969,0.28840306,0.09989865,0.5625424385070801
2269184,5790.363381436183,7.0,326.8168,500.0,223.15039,-1.0,0.18854587,1.0,0.59384346,0.15150577,-0.0033200083,0.0008943595,-0.003767188,-1.0019492,0.71162724,0.28837276,0.09982689,0.5626924633979797
2277376,5997.036430528359,7.0,326.50452,500.0,223.2351,-1.0,0.188514,1.0,0.59448063,0.15165904,-0.0054396484,0.001907343,-0.00639332,-0.12610242,0.71127063,0.28872937,0.10021536,0.563351571559906
2285568,5687.833929876221,7.0,326.591,500.0,223.21474,-1.0,0.18846594,1.0,0.594382,0.15179048,-0.0056995987,0.0005935914,-0.005996394,-1.8395364,0.71136236,0.28863767,0.10017172,0.5635363459587097
2293760,5683.514550718558,7.0,326.26108,500.0,223.33228,-1.0,0.18914685,1.0,0.59466517,0.15239337,-0.0059818695,0.00080687343,-0.006385306,-2.2075787,0.71072495,0.28927502,0.10012819,0.5637409090995789
2301952,5699.867881497584,7.0,326.10858,500.0,223.36867,-1.0,0.18961112,1.0,0.5947876,0.1527756,-0.0065217484,0.00076749467,-0.006905495,-1.2678165,0.7103321,0.2896679,0.10005677,0.5638909339904785
2310144,5684.973053750539,7.0,325.75766,500.0,223.39499,-1.0,0.19079226,1.0,0.5952834,0.15344469,-0.0041388627,0.0019595514,-0.005118638,-0.46029586,0.70922184,0.29077813,0.099985875,0.5640695095062256
2318336,5695.787963892805,7.0,325.48016,500.0,223.42194,-1.0,0.1909986,1.0,0.59588647,0.1537119,-0.0048129614,0.0015871167,-0.00560652,-1.7003821,0.7087201,0.29127988,0.10028129,0.5646815896034241
2326528,5685.97026923175,7.0,325.57935,500.0,223.37143,-1.0,0.19077656,1.0,0.59591085,0.1537769,-0.005179788,0.0010131679,-0.0056863725,-0.79582036,0.70885897,0.291141,0.100364454,0.565056562423706
2334720,5690.700514336584,7.0,325.37247,500.0,223.41063,-1.0,0.19104102,1.0,0.5962326,0.15425836,-0.0026896999,0.0011163504,-0.003247875,-1.8814441,0.70848453,0.2915155,0.10047446,0.565431535243988
2342912,5692.366400336111,7.0,325.3542,500.0,223.41026,-1.0,0.19093311,1.0,0.59629047,0.15421483,-0.0047600134,0.0009773682,-0.0052486975,-1.3885233,0.7085245,0.29147545,0.100542344,0.5657815337181091
2351104,5698.140904024566,7.0,325.26447,500.0,223.4777,-1.0,0.19146578,1.0,0.5961679,0.15475972,-0.0039872965,0.00038159068,-0.0041780914,-1.7708884,0.7082294,0.29177058,0.1003048,0.5657167434692383
2359296,5678.659212736159,7.0,324.9255,500.0,223.56807,-1.0,0.19230239,1.0,0.59657484,0.1555594,-0.003542125,0.0011001608,-0.0040922053,-1.7552804,0.7074079,0.29259208,0.100289695,0.5659506320953369
2367488,5682.282318309459,7.0,324.88385,500.0,223.58058,-1.0,0.19186366,1.0,0.59710664,0.1558001,-0.0007552338,0.0013930657,-0.0014517666,-1.0134915,0.7073942,0.29260582,0.10074217,0.566811740398407
2375680,5692.950209668181,7.0,324.99136,500.0,223.51775,-1.0,0.19125907,1.0,0.5971804,0.15548055,-0.0035658465,0.000950671,-0.0040411823,-1.152638,0.7077682,0.2922318,0.100972734,0.5674313306808472
2383872,5741.903222793057,7.0,324.81088,500.0,223.55415,-1.0,0.1914313,1.0,0.5974912,0.155647,-0.005178131,0.0014419118,-0.0058990875,-1.1353029,0.7074635,0.2925365,0.1011052,0.5678480267524719
2392064,5689.750632360322,7.0,324.5806,500.0,223.60526,-1.0,0.19217178,1.0,0.59766114,0.15618958,-0.0028355238,0.0011302758,-0.0034006615,-0.5960166,0.7068497,0.2931503,0.10097852,0.5679428577423096
2400256,5688.474256809086,7.0,324.2836,500.0,223.65643,-1.0,0.19144906,1.0,0.5985708,0.15600464,-0.0029761116,0.0019631153,-0.0039576693,-0.9517299,0.7068056,0.2931944,0.10174537,0.569056510925293
2408448,5688.147483728811,7.0,324.30298,500.0,223.66951,-1.0,0.1912082,1.0,0.5985494,0.1559937,-0.005443119,0.0005847177,-0.0057354774,-2.0853403,0.7069849,0.2930151,0.1018069,0.5694065093994141
2416640,5696.9136566140905,7.0,324.35483,500.0,223.67851,-1.0,0.19139785,1.0,0.59832305,0.15621187,-0.0020546769,0.00035669754,-0.0022330256,-1.4129484,0.7069892,0.29301074,0.1016129,0.5693648457527161
2424832,5760.471592410337,7.0,324.44928,500.0,223.62961,-1.0,0.19067399,1.0,0.5985456,0.15567417,-0.0027383994,0.0014540186,-0.0034654087,0.16156138,0.7073563,0.2926437,0.10196972,0.5702018141746521
2433024,5705.455820240242,7.0,324.4281,500.0,223.65376,-1.0,0.19027908,1.0,0.59864235,0.155469,-0.0024429897,0.0005009476,-0.0026934636,-1.8485599,0.7075711,0.29242888,0.10214982,0.5707210302352905
2441216,5695.212068372238,7.0,324.41626,500.0,223.66626,-1.0,0.19036208,1.0,0.59860754,0.155567,-0.0044475384,0.0005790281,-0.004737052,-0.7796296,0.7075346,0.2924654,0.1021033,0.5709058046340942
2449408,5699.61070632582,7.0,324.56747,500.0,223.59831,-1.0,0.18991373,1.0,0.59851986,0.1551984,-0.0018984338,0.00085314794,-0.0023250077,-0.9755475,0.7078965,0.29210353,0.10218978,0.5713079571723938
2457600,5690.930493764856,7.0,324.45584,500.0,223.58842,-1.0,0.18910341,1.0,0.5990363,0.15482152,-0.0033082815,0.0019594317,-0.0042879977,-2.326247,0.708146,0.291854,0.10275059,0.572354257106781
2465792,5696.158109046782,7.0,324.62692,500.0,223.54034,-1.0,0.18884346,1.0,0.5988666,0.15455516,-0.0022500565,0.0006038124,-0.0025519626,-1.8610395,0.7084268,0.29157326,0.10272979,0.5725804567337036
2473984,5696.523580156384,7.0,324.68924,500.0,223.534,-1.0,0.18929933,1.0,0.598562,0.1548555,-0.0053664735,0.0006264171,-0.005679682,0.7871897,0.708295,0.291705,0.10240568,0.5723304748535156
2482176,5748.149882643835,7.0,324.7159,500.0,223.54274,-1.0,0.18939096,1.0,0.5984197,0.1548816,2.4276203e-05,0.00090903,-0.00043023884,-0.2659198,0.708317,0.29168305,0.102292076,0.5724376440048218
2490368,5694.492834596263,7.0,324.68726,500.0,223.53441,-1.0,0.18940087,1.0,0.5984991,0.15498555,-0.0026448139,0.0010933183,-0.003191473,-0.24660698,0.7082626,0.29173738,0.10233651,0.5727645754814148
2498560,5686.392780145931,7.0,324.59195,500.0,223.55801,-1.0,0.18951613,1.0,0.5986104,0.15504809,-0.0032944265,0.0012195795,-0.0039042162,-1.2855793,0.70811653,0.29188347,0.10236733,0.5730701088905334
2506752,5688.378198578226,7.0,324.67725,500.0,223.53311,-1.0,0.18944502,1.0,0.59847456,0.15483302,-0.004406228,0.00069459516,-0.004753526,-1.2669895,0.7082469,0.2917531,0.102308095,0.5732367634773254
2514944,5686.008847801628,7.0,324.8538,500.0,223.45593,-1.0,0.18849386,1.0,0.598552,0.15430942,-0.0025728776,0.0011522422,-0.0031489988,-2.3644724,0.70885587,0.29114416,0.10265029,0.5740737318992615
2523136,5690.217052630603,7.0,325.03754,500.0,223.40193,-1.0,0.18857217,1.0,0.5981945,0.15426816,-0.0064210687,0.0005117346,-0.0066769356,-0.42461154,0.70901585,0.29098412,0.10241197,0.5738237500190735
2531328,5684.167070125389,7.0,325.21756,500.0,223.33867,-1.0,0.18847291,1.0,0.59791726,0.154174,-0.0044682655,0.0006569018,-0.0047967164,0.15786168,0.70925,0.29075003,0.102277115,0.5738237500190735
2539520,5680.389425071109,7.0,325.25354,500.0,223.30821,-1.0,0.18786868,1.0,0.5981261,0.15393332,-0.00424462,0.0010785933,-0.0047839163,0.083548486,0.7095409,0.2904591,0.102590404,0.5745737552642822
2547712,5687.902663948504,7.0,325.4358,500.0,223.22542,-1.0,0.1876439,1.0,0.5979977,0.15365192,-0.004206866,0.0009060573,-0.004659895,-0.85258687,0.70977235,0.29022768,0.10258378,0.5748237371444702
2555904,5690.998360098842,7.0,325.58655,500.0,223.16727,-1.0,0.18739635,1.0,0.5978354,0.15356109,0.0002352742,0.0007915563,-0.00016050384,0.9549201,0.71003956,0.28996044,0.102564104,0.5750499367713928
2564096,5686.252563549652,7.0,325.47375,500.0,223.19978,-1.0,0.18719023,1.0,0.59813637,0.1534924,-0.0014326593,0.0014717685,-0.0021685436,-0.11518228,0.7100013,0.28999874,0.10280849,0.5756332874298096
2572288,5786.253294661467,7.0,325.2471,500.0,223.23018,-1.0,0.18794326,1.0,0.59836537,0.1539781,-0.0016820033,0.0014296889,-0.0023968476,0.65335333,0.70934653,0.2906535,0.10271023,0.5757536292076111
2580480,5702.492962363094,7.0,325.1975,500.0,223.27353,-1.0,0.18791014,1.0,0.5983742,0.15402907,-0.0011881853,0.0012113734,-0.0017938719,-0.8741551,0.70936394,0.29063603,0.10272589,0.5760393142700195
2588672,5695.802126725269,7.0,324.97235,500.0,223.31367,-1.0,0.18757857,1.0,0.59902406,0.15393329,-0.0011036175,0.0021762492,-0.0021917424,-1.7700695,0.70920295,0.29079708,0.1032185,0.5769559741020203
2596864,5848.494974358171,7.0,324.99686,500.0,223.29124,-1.0,0.18749216,1.0,0.5990668,0.15394782,-0.0009985091,0.0014604419,-0.0017287303,-0.4572022,0.70923674,0.29076326,0.10327109,0.5773059725761414
2605056,5690.3904485505955,7.0,324.83328,500.0,223.31636,-1.0,0.18808542,1.0,0.5991901,0.15430358,-0.0073912237,0.0010353526,-0.007908899,-0.95378625,0.70875484,0.29124516,0.10315973,0.5774131417274475
2613248,5693.002088665041,7.0,324.9944,500.0,223.27098,-1.0,0.18799053,1.0,0.5989196,0.15428133,-0.003798378,0.0004877223,-0.004042239,-1.2261665,0.70898217,0.2910178,0.103027284,0.5774131417274475
2621440,5694.757098860477,7.0,325.25015,500.0,223.21628,-1.0,0.18764757,1.0,0.5985206,0.15400265,0.0016819095,0.00047830664,0.0014427563,-1.3593751,0.7094569,0.29054305,0.10289549,0.5774131417274475
2629632,5676.233246724411,7.0,324.94025,500.0,223.29533,-1.0,0.18794852,1.0,0.59896654,0.15425383,-0.0047546183,0.001899907,-0.005704573,-1.0956011,0.70898294,0.2910171,0.103068545,0.577877402305603
2637824,5684.999390793739,7.0,324.74258,500.0,223.33716,-1.0,0.18789299,1.0,0.59935147,0.15427825,-0.0024636376,0.0018393364,-0.003383306,-1.3045638,0.70879054,0.29120946,0.103316486,0.5784894824028015
2646016,5686.238448168036,7.0,324.86746,500.0,223.3186,-1.0,0.18787655,1.0,0.5990817,0.15435554,-0.0060221506,0.00018206875,-0.0061131855,-1.6983678,0.70896345,0.29103652,0.103159964,0.5784667730331421
2654208,5730.929855119455,7.0,324.62686,500.0,223.42023,-1.0,0.18877864,1.0,0.59912264,0.15512992,-0.0051184027,0.0005354662,-0.005386136,-1.6020942,0.708318,0.29168198,0.102903344,0.5783834457397461
2662400,5698.269422399046,7.0,324.60577,500.0,223.41061,-1.0,0.18783586,1.0,0.5995345,0.15463509,-0.0044900426,0.0015396056,-0.0052598454,-0.15753677,0.7087201,0.2912799,0.10344406,0.5795334577560425
2670592,5807.08506413447,7.0,324.57715,500.0,223.51588,-1.0,0.18859863,1.0,0.59882855,0.15495738,-0.0051225084,0.0014228643,-0.0058339406,-1.9655644,0.70861816,0.29138184,0.1027832,0.5798389911651611
2678784,5700.037138114975,7.0,324.31055,500.0,223.64937,-1.0,0.18969727,1.0,0.59878725,0.15551975,-0.0028294695,0.0017906958,-0.0037248174,-0.31191695,0.70788574,0.29211426,0.10241699,0.5801445245742798
2686976,5680.312420884598,7.0,324.19202,500.0,223.64279,-1.0,0.18945312,1.0,0.5992721,0.15556565,-0.0041043055,0.0013090121,-0.0047588116,-0.62337935,0.7077637,0.29223633,0.1027832,0.5809814929962158
2695168,5687.979874065578,7.0,323.7849,500.0,223.72986,-1.0,0.19018555,1.0,0.5998546,0.15619695,-0.0046202047,0.0013271124,-0.005283761,-1.6995232,0.7069092,0.29309082,0.10290527,0.5815314650535583
2703360,5676.600854602575,7.0,323.38025,500.0,223.84059,-1.0,0.19104004,1.0,0.6002951,0.1569706,-0.005235975,0.00063564116,-0.0055537955,-2.1494186,0.7060547,0.2939453,0.10290527,0.5818583965301514
2711552,5691.399935697955,7.0,322.93677,500.0,223.94685,-1.0,0.19177246,1.0,0.6008747,0.15763701,-0.0008451962,0.00087651156,-0.0012834519,-1.7843192,0.7052002,0.2947998,0.103027344,0.5819417238235474
2719744,5688.575027263481,7.0,322.5238,500.0,224.06622,-1.0,0.1928711,1.0,0.601234,0.15856986,-0.0056078318,0.00017884666,-0.005697255,-0.9566089,0.70422363,0.29577637,0.10290527,0.5816917419433594
2727936,5685.672949526527,7.0,321.77576,500.0,224.23862,-1.0,0.19384766,1.0,0.60234016,0.15968646,-0.00716422,0.0008824455,-0.0076054423,-0.33653402,0.70288086,0.29711914,0.103271484,0.5819417238235474
2736128,5686.651587326019,7.0,321.62354,500.0,224.26028,-1.0,0.19372559,1.0,0.60268337,0.15967181,-0.0044775577,0.0005249339,-0.004740025,-1.5268779,0.7027588,0.2972412,0.103515625,0.5822180509567261
2744320,5700.419184412453,7.0,320.651,500.0,224.49725,-1.0,0.19396973,1.0,0.60442525,0.16010876,-0.005462243,0.002047648,-0.0064860666,-1.9579334,0.7015381,0.2984619,0.10449219,0.5833743214607239
2752512,5686.479360289371,7.0,320.30212,500.0,224.54219,-1.0,0.19384766,1.0,0.6051707,0.15998518,-0.002256242,0.0019903393,-0.003251412,-0.87858975,0.7011719,0.29882812,0.10498047,0.584324300289154
2760704,5689.344579202208,7.0,319.359,500.0,224.76944,-1.0,0.19470215,1.0,0.60660934,0.16067779,-0.006633861,0.0021897212,-0.007728722,-0.330927,0.69970703,0.30029297,0.10559082,0.5852904915809631
2768896,5688.115467636678,7.0,318.84485,500.0,224.84555,-1.0,0.19482422,1.0,0.6076759,0.16099775,-0.004773069,0.0015429452,-0.0055445423,-1.22856,0.6989746,0.3010254,0.10620117,0.5862404704093933
2777088,5685.5158342656205,7.0,318.23755,500.0,225.08717,-1.0,0.1953125,1.0,0.6083224,0.16169672,-0.0029678324,0.002331539,-0.0041336017,-1.8236592,0.6982422,0.3017578,0.10644531,0.5872725248336792
2785280,5695.431083764583,7.0,318.2882,500.0,225.14893,-1.0,0.19702148,1.0,0.6073692,0.16289926,-0.0015050936,0.0011138374,-0.0020620124,-2.0784566,0.69763184,0.30236816,0.10534668,0.5875780582427979
2793472,5773.280792269525,7.0,317.94348,500.0,225.2824,-1.0,0.19714355,1.0,0.6078319,0.16339448,-0.0019142652,0.0018325543,-0.0028305424,-1.5616128,0.6972656,0.30273438,0.10559082,0.5884218215942383
2801664,5685.772679885913,7.0,317.72607,500.0,225.42769,-1.0,0.19750977,1.0,0.60801417,0.16394255,-0.0037414322,0.0020356628,-0.0047592632,-1.8522727,0.6968994,0.3031006,0.10559082,0.5895354747772217
2809856,5683.168606969675,7.0,317.7527,500.0,225.49753,-1.0,0.19726562,1.0,0.6078927,0.16429012,-0.0039802874,0.0011692623,-0.004564918,-0.64249074,0.69714355,0.30285645,0.10559082,0.5899521708488464
2818048,5695.366887852797,7.0,317.98425,500.0,225.48857,-1.0,0.19714355,1.0,0.6074301,0.16435435,0.0028993797,0.00037771693,0.0027105208,-0.82524806,0.69750977,0.30249023,0.10534668,0.5897021889686584
2826240,5686.517945767815,7.0,317.84534,500.0,225.49785,-1.0,0.19677734,1.0,0.6078501,0.16423571,-0.0012212336,0.0009067722,-0.0016746199,-0.6477542,0.69750977,0.30249023,0.10571289,0.5902214050292969
2834432,5688.8830114354705,7.0,317.6748,500.0,225.54398,-1.0,0.19702148,1.0,0.60797185,0.16451985,-0.0042499956,0.0014607682,-0.0049803792,-0.4596664,0.6972656,0.30273438,0.10571289,0.5909329652786255
2842624,5697.939633219706,7.0,317.58838,500.0,225.60945,-1.0,0.19641113,1.0,0.608069,0.16417919,-0.0044201184,0.0013985882,-0.0051194127,-0.5004614,0.69763184,0.30236816,0.10595703,0.5915525555610657
2850816,5692.036351118487,7.0,317.48657,500.0,225.67146,-1.0,0.19604492,1.0,0.60828745,0.16404323,-0.0018347334,0.0015003955,-0.0025849317,-2.1544566,0.6977539,0.3022461,0.10620117,0.5923025608062744
2859008,5686.387133706416,7.0,317.36487,500.0,225.74333,-1.0,0.19592285,1.0,0.60842717,0.16412884,-0.0066518085,0.001880387,-0.007592002,-2.1601403,0.6977539,0.3022461,0.10632324,0.5928338170051575
2867200,5693.43413594354,7.0,317.10547,500.0,225.83328,-1.0,0.19628906,1.0,0.60861003,0.16451418,-0.0041415296,0.0015259446,-0.004904502,-1.5326458,0.6973877,0.3026123,0.10632324,0.5934171676635742
2875392,5701.7330957925005,7.0,316.8246,500.0,225.92381,-1.0,0.19604492,1.0,0.6090896,0.16471204,-0.002588375,0.0011047526,-0.003140751,-0.33071703,0.6972656,0.30273438,0.10668945,0.5938123464584351
2883584,5687.239873085528,7.0,316.5642,500.0,226.07278,-1.0,0.19689941,1.0,0.60911465,0.1652016,-0.0038463643,0.0016279595,-0.0046603438,-0.79138565,0.6966553,0.30334473,0.10644531,0.5943199396133423
2891776,5691.536635156472,7.0,316.77612,500.0,226.02081,-1.0,0.19689941,1.0,0.6087137,0.16505799,-0.00455765,0.00062004756,-0.004867674,-0.2558823,0.6968994,0.3031006,0.10620117,0.5945699214935303
2899968,5690.542178649605,7.0,316.97388,500.0,226.01183,-1.0,0.19665527,1.0,0.6083915,0.16498262,-0.0022599613,0.0006712557,-0.002595589,-1.6318744,0.6972656,0.30273438,0.1060791,0.5949720740318298
2908160,5706.627040184527,7.0,316.609,500.0,226.12503,-1.0,0.19702148,1.0,0.6087744,0.16516629,-0.006956783,0.0011695127,-0.0075415396,-1.8425821,0.69677734,0.30322266,0.10620117,0.5953887701034546
2916352,5693.992687240321,7.0,316.47607,500.0,226.18465,-1.0,0.19750977,1.0,0.60881674,0.16559866,-0.0030481904,0.0013665681,-0.003731474,-2.2782638,0.69641113,0.30358887,0.1060791,0.5957157015800476
2924544,5691.049260911585,7.0,316.34534,500.0,226.2776,-1.0,0.19799805,1.0,0.60885864,0.16606094,-0.003746801,0.0017949046,-0.0046442533,-1.5523372,0.6960449,0.30395508,0.10595703,0.5961413979530334
2932736,5698.972596125697,7.0,315.5929,500.0,226.54106,-1.0,0.19897461,1.0,0.6095423,0.1666565,-0.007897473,0.0019060271,-0.008850486,-1.3620782,0.6949463,0.3050537,0.1060791,0.5968914031982422
2940928,5690.194436550537,7.0,315.04492,500.0,226.65948,-1.0,0.19921875,1.0,0.6102633,0.16685706,-0.0045113433,0.0017980782,-0.0054103825,-1.6394132,0.69433594,0.30566406,0.10644531,0.5975237488746643
2949120,5779.61247504201,7.0,314.53503,500.0,226.84567,-1.0,0.19873047,1.0,0.61102206,0.16657674,-0.004369865,0.0026599942,-0.0056998623,-0.1578065,0.69421387,0.30578613,0.107055664,0.5982993841171265
2957312,5685.938277644031,7.0,314.09814,500.0,226.98349,-1.0,0.19885254,1.0,0.6116812,0.16706318,-0.005235061,0.0018205842,-0.0061453525,-1.3097372,0.6937256,0.3062744,0.107421875,0.5989468097686768
2965504,5692.810612699206,7.0,314.23547,500.0,226.93987,-1.0,0.19812012,1.0,0.61171937,0.16658072,-0.003500794,0.0010552822,-0.0040284353,-1.6560466,0.69421387,0.30578613,0.107666016,0.5990813970565796
2973696,5690.030475346381,7.0,313.85913,500.0,227.02914,-1.0,0.19812012,1.0,0.6123177,0.16649047,-0.0017860669,0.0014803177,-0.0025262255,-1.7867658,0.69384766,0.30615234,0.10803223,0.5994980931282043
2981888,5687.671046173613,7.0,313.16406,500.0,227.18529,-1.0,0.19885254,1.0,0.6132757,0.16703399,-0.0063178577,0.0013255518,-0.0069806334,-1.585179,0.692749,0.30725098,0.10839844,0.600058913230896
2990080,5697.548471483354,7.0,313.05542,500.0,227.20923,-1.0,0.19934082,1.0,0.61331624,0.16747521,-0.0059868717,0.00067141897,-0.0063225813,-2.0643609,0.6923828,0.3076172,0.10827637,0.6001935005187988
2998272,5691.825139704229,7.0,313.27307,500.0,227.17278,-1.0,0.19885254,1.0,0.6130766,0.1671706,-0.0032799721,0.0007894783,-0.0036747113,-1.2795544,0.6928711,0.3071289,0.10827637,0.6005956530570984
3006464,5692.206085935737,7.0,313.2434,500.0,227.203,-1.0,0.19885254,1.0,0.6130766,0.16723052,-0.004836208,0.0009560117,-0.005314214,-1.5865252,0.6928711,0.3071289,0.10827637,0.6007804274559021
3014656,5686.692057487665,7.0,313.0951,500.0,227.25194,-1.0,0.19934082,1.0,0.61311716,0.16739205,-0.0031516613,0.0009108719,-0.0036070973,-0.8608563,0.6925049,0.30749512,0.1081543,0.60074782371521
3022848,5758.85634007814,7.0,312.1516,500.0,227.45616,-1.0,0.19934082,1.0,0.6147079,0.16750917,-0.006260065,0.00273297,-0.0076265503,-1.1340371,0.6915283,0.30847168,0.10913086,0.6020454168319702
3031040,5735.131128362259,7.0,312.00928,500.0,227.52988,-1.0,0.19970703,1.0,0.6146883,0.1677846,-0.0020193902,0.00091347203,-0.002476127,-1.2540512,0.6912842,0.30871582,0.10900879,0.602180004119873
3039232,5693.286025013865,7.0,311.47144,500.0,227.66342,-1.0,0.1998291,1.0,0.61554176,0.16805452,-0.004166664,0.0017508286,-0.005042078,-1.2885164,0.6906738,0.30932617,0.10949707,0.6029906272888184
3047424,5686.405955215075,7.0,311.3224,500.0,227.65195,-1.0,0.19873047,1.0,0.6161944,0.16764744,-0.0062498134,0.0020865095,-0.007293068,-2.0227242,0.69104004,0.30895996,0.11022949,0.6042557954788208
3055616,5690.21234093243,7.0,311.45386,500.0,227.60858,-1.0,0.19873047,1.0,0.6159963,0.16758081,-0.0067228563,0.0007148315,-0.007080272,-1.3351779,0.6911621,0.3088379,0.11010742,0.6044224500656128
3063808,5685.746335677371,7.0,311.3838,500.0,227.6377,-1.0,0.1986084,1.0,0.6161348,0.16778786,-0.0022991155,0.0012162065,-0.0029072184,-1.0455283,0.6911621,0.3088379,0.11022949,0.6047724485397339
3072000,5690.194436550537,7.0,311.19946,500.0,227.66699,-1.0,0.19885254,1.0,0.6164522,0.16797635,-0.0034979885,0.0011579146,-0.004076946,-2.388734,0.6907959,0.3092041,0.11035156,0.6049070358276367
3080192,5689.188202957871,7.0,310.78357,500.0,227.76706,-1.0,0.19873047,1.0,0.61718416,0.16800264,-0.006479359,0.0014950528,-0.0072268853,-1.5462155,0.6904297,0.3095703,0.110839844,0.6052820086479187
3088384,5690.4941142022635,7.0,310.77185,500.0,227.77846,-1.0,0.19921875,1.0,0.6170268,0.168479,-0.0037403738,0.0012032897,-0.0043420186,-1.7041811,0.69018555,0.30981445,0.1105957,0.6053653359413147
3096576,5683.947979900242,7.0,310.8789,500.0,227.75604,-1.0,0.19946289,1.0,0.61674994,0.16873358,-0.0035890532,0.00081855746,-0.0039983317,-0.6409687,0.69018555,0.30981445,0.11035156,0.6055319905281067
3104768,5688.146542073898,7.0,310.92383,500.0,227.7378,-1.0,0.19921875,1.0,0.6168289,0.16850135,-0.007684105,0.0004949655,-0.007931587,-0.85302246,0.6903076,0.30969238,0.11047363,0.6055200695991516
3112960,5678.022031752547,7.0,310.64832,500.0,227.82039,-1.0,0.19897461,1.0,0.6173033,0.16854997,-0.004814028,0.0023115096,-0.0059697833,-0.83318305,0.69018555,0.30981445,0.110839844,0.6063991189002991
3121152,5683.927294142169,7.0,310.2561,500.0,227.93228,-1.0,0.19848633,1.0,0.61805326,0.16828883,-0.0021816543,0.0020416898,-0.0032024994,-1.1297402,0.6900635,0.30993652,0.111450195,0.6070701479911804
3129344,5681.113554353922,7.0,310.14136,500.0,227.9597,-1.0,0.19824219,1.0,0.6183291,0.16829808,-0.0028645564,0.0009211767,-0.003325145,-0.7731469,0.6900635,0.30993652,0.111694336,0.6074201464653015
3137536,5696.668081670549,7.0,310.12024,500.0,227.94629,-1.0,0.19787598,1.0,0.6185451,0.16806795,-0.0030086925,0.0010859596,-0.0035516724,-0.9568826,0.69018555,0.30981445,0.11193848,0.6077256798744202
3145728,5699.7005258992485,7.0,309.65613,500.0,228.04424,-1.0,0.19799805,1.0,0.61939347,0.16819431,-0.0060768323,0.0015293047,-0.006841485,-1.86065,0.6895752,0.3104248,0.11242676,0.6083377599716187
3153920,5689.062919759925,7.0,309.83264,500.0,227.96573,-1.0,0.19824219,1.0,0.6191183,0.16815874,-0.0030776355,0.0008431439,-0.0034992073,-1.299803,0.6895752,0.3104248,0.11218262,0.6083377599716187
3162112,5750.031439322816,7.0,309.60876,500.0,227.96872,-1.0,0.19750977,1.0,0.61994326,0.1677592,-0.0027634606,0.0018558081,-0.0036913645,-1.0089002,0.6895752,0.3104248,0.11291504,0.609487771987915
3170304,5767.7006251859075,7.0,309.3507,500.0,228.02254,-1.0,0.19750977,1.0,0.62033695,0.16770965,-0.0049934266,0.0014120465,-0.005699449,-1.0940975,0.68933105,0.31066895,0.11315918,0.6099274158477783
3178496,5686.805000520522,7.0,309.2909,500.0,228.03423,-1.0,0.19750977,1.0,0.6205337,0.16771397,-0.006650873,0.00086097966,-0.007081363,-1.8958502,0.689209,0.31079102,0.11328125,0.610077440738678
3186688,5688.6795686107,7.0,308.86035,500.0,228.13237,-1.0,0.19836426,1.0,0.6209496,0.16847488,-0.0019762632,0.0019934631,-0.002972995,-1.7655823,0.6883545,0.3116455,0.11328125,0.6105417013168335
3194880,5680.021326361203,7.0,308.06116,500.0,228.34851,-1.0,0.19836426,1.0,0.622128,0.16853039,-0.00689886,0.0016994256,-0.0077485726,-1.7922578,0.6876221,0.31237793,0.11401367,0.6113443374633789
3203072,5696.175106663183,7.0,307.9021,500.0,228.37546,-1.0,0.1977539,1.0,0.62261635,0.16822013,-0.006422281,0.0012245191,-0.0070345397,-1.4278681,0.68774414,0.31225586,0.11450195,0.6121360063552856
3211264,5685.833837025485,7.0,307.78223,500.0,228.39812,-1.0,0.19689941,1.0,0.62318105,0.16785108,-0.00573444,0.0016991941,-0.006584037,0.5355445,0.6879883,0.31201172,0.115112305,0.6131359934806824
3219456,5678.1580893216105,7.0,307.8236,500.0,228.40596,-1.0,0.1965332,1.0,0.6231987,0.16763353,-0.00857597,0.000853462,-0.0090027,-0.5906819,0.6882324,0.31176758,0.115234375,0.6133207678794861
3227648,5686.035194442868,7.0,307.86133,500.0,228.41249,-1.0,0.19592285,1.0,0.623293,0.16743115,-0.0031601086,0.0010000109,-0.0036601142,-1.6607885,0.68859863,0.31140137,0.115478516,0.6139041185379028
3235840,5696.9155457341785,7.0,307.98145,500.0,228.4261,-1.0,0.19506836,1.0,0.6232672,0.16696893,-0.0018563216,0.00082152785,-0.0022670857,-1.0950354,0.689209,0.31079102,0.115722656,0.6140541434288025
3244032,5682.022969041669,7.0,307.94397,500.0,228.42142,-1.0,0.19567871,1.0,0.6231738,0.16738483,-0.0050210385,0.00036995247,-0.005206015,-0.31136206,0.6888428,0.31115723,0.115478516,0.6138041615486145
3252224,5686.616764624738,7.0,307.42285,500.0,228.52203,-1.0,0.19519043,1.0,0.6243053,0.16728717,-0.0058365157,0.0017924772,-0.0067327535,0.2073745,0.68847656,0.31152344,0.11633301,0.614683210849762
3260416,5689.044080658543,7.0,307.854,500.0,228.44847,-1.0,0.19482422,1.0,0.6237351,0.16710073,-0.0039704475,0.0003416122,-0.0041412534,-1.8069052,0.6890869,0.3109131,0.11608887,0.6147109866142273
3268608,5735.668210100662,7.0,308.01746,500.0,228.43715,-1.0,0.19482422,1.0,0.6233435,0.1670933,-0.0018938521,0.00048214066,-0.0021349224,-1.4522634,0.68933105,0.31066895,0.11584473,0.6144610047340393
3276800,5788.485571382291,7.0,308.24548,500.0,228.38052,-1.0,0.19384766,1.0,0.6232563,0.16641156,-0.0009248012,0.00091871596,-0.0013841593,-0.6699533,0.6900635,0.30993652,0.11608887,0.6146872043609619
3284992,5692.848340934625,7.0,307.9087,500.0,228.42854,-1.0,0.19445801,1.0,0.6237516,0.16672578,-0.0075856685,0.0020119739,-0.008591657,-1.0770205,0.68933105,0.31066895,0.11621094,0.6151725053787231
3293184,5684.819739379804,7.0,307.95483,500.0,228.38649,-1.0,0.19445801,1.0,0.6237516,0.16676533,-0.0039044751,0.0018626492,-0.0048358,-0.46369022,0.68933105,0.31066895,0.11621094,0.6157558560371399
3301376,5688.857580286601,7.0,307.93274,500.0,228.36908,-1.0,0.19433594,1.0,0.6238874,0.16653612,-0.0070949136,0.0006156504,-0.0074027386,-0.79965335,0.68933105,0.31066895,0.11633301,0.6160058379173279
3309568,5690.603438435847,7.0,308.0321,500.0,228.3532,-1.0,0.1940918,1.0,0.6237677,0.16647576,-0.0010668251,0.00039270218,-0.0012631762,-1.3664526,0.6895752,0.3104248,0.11633301,0.6159831285476685
3317760,5680.577248916491,7.0,308.23718,500.0,228.2832,-1.0,0.19311523,1.0,0.6238751,0.1657409,-0.005272552,0.0010363526,-0.005790728,-1.3662632,0.69018555,0.30981445,0.11669922,0.6167857646942139
3325952,5688.2275255359655,7.0,308.10486,500.0,228.31183,-1.0,0.19335938,1.0,0.6239952,0.16581577,-0.0046995496,0.0012982995,-0.0053486996,-1.9010623,0.6899414,0.3100586,0.11669922,0.6169203519821167
3334144,5696.029685890416,7.0,307.89368,500.0,228.3488,-1.0,0.19384766,1.0,0.62423486,0.16630879,-0.005504993,0.0009359201,-0.0059729526,-1.230202,0.6894531,0.31054688,0.11669922,0.6168626546859741
3342336,5693.483193491749,7.0,307.52197,500.0,228.45042,-1.0,0.1940918,1.0,0.6247454,0.16646329,-0.0026117912,0.0013026018,-0.0032630921,-0.9405049,0.68896484,0.31103516,0.11694336,0.6174747347831726
3350528,5837.448975958226,7.0,307.23743,500.0,228.50177,-1.0,0.19470215,1.0,0.625044,0.16691655,-0.0051693474,0.0006518573,-0.005495277,-1.8458495,0.6883545,0.3116455,0.11694336,0.6172247529029846
3358720,5750.816747389601,7.0,307.25293,500.0,228.54128,-1.0,0.19348145,1.0,0.6252277,0.16640362,0.00089607434,0.001223718,0.0002842152,-2.5641403,0.6890869,0.3109131,0.11743164,0.6180164217948914
3366912,5684.9965689560095,7.0,307.30017,500.0,228.533,-1.0,0.19335938,1.0,0.62516785,0.1661287,-0.0015415673,0.0007451297,-0.0019141322,-1.00844,0.689209,0.31079102,0.11743164,0.6179838180541992
3375104,5695.518883457624,7.0,307.25342,500.0,228.52763,-1.0,0.19311523,1.0,0.62543845,0.16566148,-0.004751016,0.0017477757,-0.0056249043,-1.7636484,0.689209,0.31079102,0.11767578,0.6184480786323547
3383296,5692.226831996522,7.0,307.1991,500.0,228.53195,-1.0,0.1932373,1.0,0.62549835,0.16580607,0.0014275432,0.0013258669,0.0007646095,-2.3465862,0.6890869,0.3109131,0.11767578,0.6188799142837524
3391488,5854.441122888995,7.0,306.98718,500.0,228.56517,-1.0,0.19299316,1.0,0.62596387,0.16535005,-0.0031353908,0.0018024092,-0.004036595,-0.48238385,0.68896484,0.31103516,0.11804199,0.6199632287025452
3399680,5738.35321169023,7.0,306.95984,500.0,228.55602,-1.0,0.19238281,1.0,0.6262492,0.16493401,-0.0027173758,0.0014728501,-0.0034538007,-0.3767724,0.689209,0.31079102,0.1184082,0.6206391453742981
3407872,5689.218347107219,7.0,306.92114,500.0,228.55408,-1.0,0.1920166,1.0,0.62645906,0.16456118,-0.0026841455,0.0012158437,-0.0032920672,-3.2717855,0.68933105,0.31066895,0.118652344,0.6212224960327148
3416064,5686.908535575144,7.0,306.86182,500.0,228.56665,-1.0,0.19189453,1.0,0.6265938,0.16447234,0.0013003338,0.0013946884,0.0006029898,-0.88084304,0.68933105,0.31066895,0.118774414,0.6218653321266174
3424256,5675.64161056642,7.0,306.70068,500.0,228.60725,-1.0,0.19213867,1.0,0.6267138,0.16431445,-0.0048722243,0.0015563851,-0.005650417,-0.9653933,0.6890869,0.3109131,0.118774414,0.6224486827850342
3432448,5691.392393850003,7.0,307.1294,500.0,228.5055,-1.0,0.19128418,1.0,0.62629336,0.16367395,-0.0055868165,0.0007507258,-0.005962179,-1.556781,0.6899414,0.3100586,0.118774414,0.6228508353233337
3440640,6007.562727230447,7.0,307.18665,500.0,228.4783,-1.0,0.19189453,1.0,0.6260091,0.16381748,-0.003864696,0.0019612275,-0.00484531,-2.0809445,0.68969727,0.31030273,0.1184082,0.6235383152961731
3448832,5906.995126519997,7.0,306.9619,500.0,228.48642,-1.0,0.19165039,1.0,0.62647367,0.16362435,-0.0063330927,0.0019017903,-0.0072839875,0.30752835,0.6895752,0.3104248,0.118774414,0.6246676445007324
3457024,5685.0548875050445,7.0,306.9502,500.0,228.44484,-1.0,0.19067383,1.0,0.62696636,0.16314591,-0.0023869798,0.0014802936,-0.0031271265,-0.83140755,0.6899414,0.3100586,0.119384766,0.6258176565170288
3465216,5693.937959466675,7.0,306.7827,500.0,228.47247,-1.0,0.1895752,1.0,0.62759125,0.16217223,-0.0017924017,0.0017476543,-0.002666229,-1.9002416,0.6903076,0.30969238,0.12011719,0.6267797946929932
3473408,5695.369719994862,7.0,306.94092,500.0,228.44054,-1.0,0.18884277,1.0,0.6276176,0.16170311,4.9323018e-05,0.0008087687,-0.00035506114,-1.7104918,0.6907959,0.3092041,0.12036133,0.6271819472312927
3481600,5684.010038077864,7.0,307.01428,500.0,228.41927,-1.0,0.18835449,1.0,0.62756985,0.16130787,0.0004058475,0.0008160631,-2.184417e-06,-1.3953485,0.6911621,0.3088379,0.1204834,0.6273865103721619
3489792,5690.191609553169,7.0,306.84985,500.0,228.45006,-1.0,0.18823242,1.0,0.6278981,0.16116564,-0.0051384987,0.0018349581,-0.0060559777,-1.7760744,0.69104004,0.30895996,0.12072754,0.6281042695045471
3497984,5680.528413521811,7.0,306.7804,500.0,228.46834,-1.0,0.18774414,1.0,0.62804425,0.16085206,-0.0013720205,0.0011100003,-0.0019270207,-1.4006575,0.6912842,0.30871582,0.12097168,0.6284792423248291
3506176,5862.802278388311,7.0,306.82043,500.0,228.4144,-1.0,0.18640137,1.0,0.62854123,0.15995167,-0.005369769,0.0016767575,-0.0062081474,-0.9025784,0.69189453,0.30810547,0.1217041,0.6297107338905334
3514368,5730.015230349701,7.0,306.82947,500.0,228.43631,-1.0,0.18579102,1.0,0.6286248,0.15959632,-0.0009874593,0.0010793398,-0.0015271293,-1.3621193,0.69226074,0.30773926,0.12194824,0.6303698420524597
3522560,5685.0567687684825,7.0,306.98706,500.0,228.41301,-1.0,0.18566895,1.0,0.62836957,0.15939714,-0.00043517328,0.00062656065,-0.00074845337,-1.56173,0.6925049,0.30749512,0.12182617,0.6305546164512634
3530752,5693.741702998517,7.0,306.9513,500.0,228.40457,-1.0,0.18554688,1.0,0.6285028,0.15919949,-0.0018390953,0.0010420185,-0.0023601037,-2.572361,0.6925049,0.30749512,0.12194824,0.6308815479278564
3538944,5711.293948375893,7.0,307.0172,500.0,228.3877,-1.0,0.18566895,1.0,0.62836957,0.15938216,-0.0039905068,0.00060702773,-0.004294021,-1.1361747,0.6925049,0.30749512,0.12182617,0.6308489441871643
3547136,5736.569316433142,7.0,307.39404,500.0,228.31023,-1.0,0.18457031,1.0,0.6280132,0.15842578,-0.004910346,0.00083571015,-0.0053282017,-1.1638641,0.69348145,0.30651855,0.12194824,0.631280779838562
3555328,5687.125030144806,7.0,307.26782,500.0,228.3436,-1.0,0.18554688,1.0,0.6279198,0.15935141,-0.00038979342,0.0009190904,-0.0008493384,-1.9863335,0.6928711,0.3071289,0.12158203,0.6314011216163635
3563520,5688.683335938183,7.0,307.06226,500.0,228.35262,-1.0,0.18579102,1.0,0.6282363,0.1593391,-0.0023834195,0.0021664682,-0.0034666536,-1.3318045,0.6925049,0.30749512,0.1217041,0.6320439577102661
3571712,5679.485227110063,7.0,306.8092,500.0,228.42073,-1.0,0.1862793,1.0,0.62848026,0.15963155,-0.004187286,0.0015665148,-0.004970543,-1.5498915,0.6920166,0.3079834,0.1217041,0.6326273083686829
3579904,5691.836454204056,7.0,307.1023,500.0,228.36108,-1.0,0.18566895,1.0,0.62817526,0.15923683,-0.0039170193,0.0004243546,-0.0041291965,-1.5784022,0.69262695,0.30737305,0.1217041,0.6326404809951782
3588096,5698.428188395185,7.0,306.79395,500.0,228.41676,-1.0,0.18566895,1.0,0.62875795,0.15925857,0.003454101,0.0019559541,0.002476124,-1.5222236,0.69226074,0.30773926,0.12207031,0.6334198713302612
3596288,5694.2871029712605,7.0,307.0381,500.0,228.36272,-1.0,0.18640137,1.0,0.6281527,0.1600234,0.010007443,0.0015161562,0.009249363,-0.5643524,0.6921387,0.30786133,0.12145996,0.6341376304626465
3604480,5688.859464067608,7.0,307.00977,500.0,228.3802,-1.0,0.18640137,1.0,0.6281527,0.16020188,0.0014575319,0.001312535,0.00080126396,-0.30279094,0.6921387,0.30786133,0.12145996,0.634687602519989
3612672,5686.590412593742,7.0,306.87402,500.0,228.38954,-1.0,0.1875,1.0,0.6281172,0.16097693,-0.0029778206,0.0009448974,-0.0034502693,-1.360236,0.69140625,0.30859375,0.12109375,0.634437620639801
3620864,5689.309723511682,7.0,306.56616,500.0,228.41237,-1.0,0.18701172,1.0,0.62884533,0.16094774,-0.0017950523,0.0018479232,-0.0027190135,-1.54789,0.6912842,0.30871582,0.1217041,0.6353875994682312
3629056,5687.993056490181,7.0,306.59778,500.0,228.41211,-1.0,0.18725586,1.0,0.6287727,0.16124904,-0.0073989294,0.00058026274,-0.007689061,-1.39452,0.6911621,0.3088379,0.12158203,0.6353756785392761
3637248,5694.990238056051,7.0,306.58325,500.0,228.37935,-1.0,0.18615723,1.0,0.6291959,0.1605216,-0.0047535226,0.0011476704,-0.0053273574,-1.0132568,0.6916504,0.3083496,0.12219238,0.6363256573677063
3645440,5686.532062537103,7.0,306.76807,500.0,228.33676,-1.0,0.18676758,1.0,0.6287238,0.16103478,-0.003942735,0.0008543993,-0.0043699346,-1.8436409,0.6915283,0.30847168,0.1217041,0.63651043176651
3653632,5682.0013576713145,7.0,306.7411,500.0,228.31721,-1.0,0.18688965,1.0,0.62878466,0.16107728,-0.0048615113,0.000670015,-0.0051965187,-1.0399843,0.69140625,0.30859375,0.1217041,0.6364985108375549
3661824,5683.056748300859,7.0,306.5581,500.0,228.38458,-1.0,0.18713379,1.0,0.62890613,0.16132982,-0.006242401,0.00092423125,-0.0067045167,-0.64354193,0.6911621,0.3088379,0.1217041,0.6368734836578369
3670016,5697.0581779190225,7.0,306.36707,500.0,228.39072,-1.0,0.18713379,1.0,0.6292942,0.16141006,-0.0017790799,0.0013640962,-0.0024611282,-1.4553677,0.69091797,0.30908203,0.12194824,0.6373377442359924
3678208,5679.396982293238,7.0,306.31152,500.0,228.39932,-1.0,0.1875,1.0,0.6292822,0.16170368,-0.0050973133,0.0008039808,-0.0054993033,-1.3473158,0.6906738,0.30932617,0.12182617,0.6376877427101135
3686400,5690.046494127996,7.0,306.46753,500.0,228.29774,-1.0,0.18591309,1.0,0.6296559,0.16052926,-0.006758165,0.0016527658,-0.0075845476,-2.261924,0.6915283,0.30847168,0.122558594,0.6387340426445007
3694592,5690.588358981477,7.0,306.45813,500.0,228.22691,-1.0,0.18664551,1.0,0.6296331,0.16070923,-0.006090209,0.0009788281,-0.006579623,-2.199238,0.69104004,0.30895996,0.12231445,0.6384840607643127
3702784,5693.44262661254,7.0,306.70654,500.0,228.16399,-1.0,0.18615723,1.0,0.62938994,0.16034648,-0.0050088577,0.0008941814,-0.0054559475,-1.3225521,0.6915283,0.30847168,0.12231445,0.6386507153511047
3710976,5863.237471628523,7.0,306.80774,500.0,228.11742,-1.0,0.18603516,1.0,0.62932897,0.16024649,-0.0044880887,0.0007920167,-0.0048840973,-1.257213,0.6916504,0.3083496,0.12231445,0.6386387944221497
3719168,5700.586582216822,7.0,307.16272,500.0,228.04323,-1.0,0.18530273,1.0,0.628963,0.15962163,-0.0011276198,0.0010276928,-0.0016414662,-1.2962703,0.6923828,0.3076172,0.12231445,0.6388054490089417
3727360,5692.850227359523,7.0,307.3954,500.0,227.96758,-1.0,0.18493652,1.0,0.6287797,0.15940094,-0.003456553,0.0011436177,-0.0040283613,0.09244396,0.692749,0.30725098,0.12231445,0.6389400362968445
3735552,5702.6018016774005,7.0,306.9469,500.0,228.03954,-1.0,0.18554688,1.0,0.62947315,0.15979618,-0.0042057475,0.0017846607,-0.0050980775,-1.2610254,0.69189453,0.30810547,0.122558594,0.639404296875
3743744,5691.4442444583365,7.0,307.09485,500.0,228.00989,-1.0,0.18566895,1.0,0.62914616,0.16013202,-0.0043936013,0.00075744436,-0.004772323,-2.0726805,0.6920166,0.3079834,0.12231445,0.6397542953491211
3751936,5692.13536186502,7.0,306.75818,500.0,228.0287,-1.0,0.1850586,1.0,0.63000447,0.15970537,-0.006609165,0.0016397968,-0.0074290643,-0.8623777,0.69189453,0.30810547,0.123046875,0.6406333446502686
3760128,5682.769131942136,7.0,306.52576,500.0,227.98769,-1.0,0.18432617,1.0,0.63079995,0.15969416,-0.004888451,0.002742041,-0.0062594716,-1.1011053,0.69189453,0.30810547,0.1237793,0.641746997833252
3768320,5676.101969734715,7.0,306.6516,500.0,227.88956,-1.0,0.18395996,1.0,0.6310036,0.15928677,-0.005807399,0.0018406063,-0.006727702,-1.1135337,0.6920166,0.3079834,0.12402344,0.6424585580825806
3776512,5771.899767072841,7.0,306.77185,500.0,227.8624,-1.0,0.18347168,1.0,0.6309523,0.15885217,-0.0039763427,0.000509893,-0.0042312895,-1.5568771,0.6923828,0.3076172,0.12414551,0.6424466371536255
3784704,5680.732212939802,7.0,306.6626,500.0,227.8243,-1.0,0.18371582,1.0,0.63126814,0.15899664,-0.005672655,0.0014992023,-0.006422256,-1.8860817,0.6920166,0.3079834,0.12426758,0.6427735686302185
3792896,5700.457959300145,7.0,306.8495,500.0,227.77219,-1.0,0.18383789,1.0,0.6309424,0.15901905,-0.005792742,0.00086114596,-0.006223315,-1.294225,0.6921387,0.30786133,0.12402344,0.6429402232170105
3801088,5686.183869351815,7.0,306.9397,500.0,227.69296,-1.0,0.18310547,1.0,0.6311554,0.15846,-0.0037230519,0.0016603696,-0.004553237,-1.5863912,0.6925049,0.30749512,0.12438965,0.6437318921089172
3809280,5848.698062067823,7.0,306.93945,500.0,227.67229,-1.0,0.1842041,1.0,0.63093245,0.15913776,-0.0044411095,0.0012419824,-0.0050621014,-0.60145247,0.69189453,0.30810547,0.12390137,0.6436741948127747
3817472,5685.459387789175,7.0,307.2599,500.0,227.5761,-1.0,0.18371582,1.0,0.6306878,0.15861084,-0.0050625224,0.00058340246,-0.0053542233,-1.677981,0.6923828,0.3076172,0.12390137,0.64368736743927
3825664,5884.404542534585,7.0,307.281,500.0,227.50223,-1.0,0.1821289,1.0,0.6312445,0.1576753,-0.0050552413,0.001575449,-0.005842966,-1.6967514,0.69311523,0.30688477,0.12475586,0.6449590921401978
3833856,5742.592253291027,7.0,307.1659,500.0,227.50224,-1.0,0.18225098,1.0,0.63149935,0.15750843,-0.006626403,0.0013240111,-0.007288408,-1.0796279,0.6928711,0.3071289,0.12487793,0.6453757882118225
3842048,5699.369625678278,7.0,307.21375,500.0,227.43884,-1.0,0.18225098,1.0,0.63149935,0.15734272,-0.003373884,0.0016321919,-0.00418998,-1.230088,0.6928711,0.3071289,0.12487793,0.6458950042724609
3850240,5677.142975539523,7.0,307.3025,500.0,227.40419,-1.0,0.1821289,1.0,0.63143784,0.15733439,-0.0045486544,0.0006291217,-0.0048632156,-1.6760173,0.69299316,0.30700684,0.12487793,0.646245002746582
3858432,5691.490439432457,7.0,307.05298,500.0,227.4094,-1.0,0.1829834,1.0,0.6316742,0.15764536,-0.0027904604,0.0012033164,-0.0033921185,-2.0744162,0.69226074,0.30773926,0.12475586,0.646411657333374
3866624,5838.271241418602,7.0,307.46558,500.0,227.24617,-1.0,0.1821289,1.0,0.63143784,0.15705173,-0.0038548626,0.0014899323,-0.0045998283,-0.986244,0.69299316,0.30700684,0.12487793,0.6472980380058289
3874816,5688.255776123381,7.0,307.54236,500.0,227.21703,-1.0,0.18225098,1.0,0.63130605,0.15703893,-0.0028493318,0.00126044,-0.0034795515,-0.81675786,0.69299316,0.30700684,0.12475586,0.647405207157135
3883008,5760.061176472955,7.0,307.7661,500.0,227.16187,-1.0,0.1817627,1.0,0.63106,0.15667972,-0.0055047907,0.0011966174,-0.0061030993,-1.9573026,0.69348145,0.30651855,0.12475586,0.6481167674064636
3891200,5710.601967513474,7.0,307.88,500.0,227.0865,-1.0,0.18151855,1.0,0.6311303,0.15631011,-0.005901506,0.0010640337,-0.0064335233,-1.7130122,0.6936035,0.30639648,0.12487793,0.6485810279846191
3899392,5704.307809183806,7.0,308.07007,500.0,227.07646,-1.0,0.1817627,1.0,0.630673,0.15658437,-0.0043337727,0.00038037152,-0.0045239585,-1.2755301,0.6937256,0.3062744,0.12451172,0.6485810279846191
3907584,5693.180370970856,7.0,307.9663,500.0,227.09488,-1.0,0.18200684,1.0,0.63079613,0.15674138,-0.005116277,0.000769383,-0.0055009676,-1.776433,0.69348145,0.30651855,0.12451172,0.648715615272522
3915776,5689.711060826223,7.0,307.81934,500.0,227.10347,-1.0,0.18237305,1.0,0.6309806,0.15693721,-0.004560931,0.0007132151,-0.0049175387,-2.7942288,0.69311523,0.30688477,0.12451172,0.6486579179763794
3923968,5718.701706353083,7.0,307.38403,500.0,227.17525,-1.0,0.18286133,1.0,0.6316128,0.15736005,-0.005087836,0.001299733,-0.005737703,-1.6356289,0.6923828,0.3076172,0.12475586,0.6488364934921265
3932160,5686.223391838222,7.0,307.2898,500.0,227.17625,-1.0,0.18334961,1.0,0.6316645,0.15772575,-0.0054513486,0.0015700706,-0.0062363837,-1.6234629,0.6920166,0.3079834,0.12463379,0.6491221785545349
3940352,5695.82667580172,7.0,306.9065,500.0,227.1838,-1.0,0.18310547,1.0,0.63250774,0.15757746,-0.00423483,0.0022116385,-0.0053406493,0.12701541,0.6916504,0.3083496,0.12524414,0.6498721837997437
3948544,5680.821438485544,7.0,306.8767,500.0,227.13708,-1.0,0.18286133,1.0,0.6327713,0.15740281,-0.005388014,0.0012630677,-0.0060195485,-2.3682606,0.6916504,0.3083496,0.12548828,0.6503364443778992
3956736,5685.161180841456,7.0,306.85522,500.0,227.14653,-1.0,0.18261719,1.0,0.6328419,0.15723982,-0.0049218885,0.0005663213,-0.005205049,-1.4368372,0.69177246,0.30822754,0.12561035,0.6505410075187683
3964928,5780.041239125121,7.0,306.53186,500.0,227.18369,-1.0,0.18322754,1.0,0.63334036,0.15760908,-0.0031573172,0.0011278959,-0.0037212651,-0.81159,0.69104004,0.30895996,0.12573242,0.6508266925811768
3973120,5740.247538866834,7.0,306.2162,500.0,227.16812,-1.0,0.18310547,1.0,0.63404983,0.15767121,-0.0050686365,0.0015157141,-0.0058264933,-1.8732487,0.6906738,0.30932617,0.1262207,0.6516878008842468
3981312,5779.475400626159,7.0,306.0963,500.0,227.13518,-1.0,0.18286133,1.0,0.6345052,0.15756135,-0.0027906406,0.0016221993,-0.0036017403,-1.6029111,0.69055176,0.30944824,0.12658691,0.6520829796791077
3989504,5688.2275255359655,7.0,306.02527,500.0,227.07979,-1.0,0.18151855,1.0,0.635179,0.1569025,-0.003261718,0.00199856,-0.004260998,-2.3493571,0.69104004,0.30895996,0.1274414,0.6536848545074463
3997696,5725.149789454181,7.0,305.86353,500.0,227.0636,-1.0,0.18103027,1.0,0.63570255,0.15660274,-0.0030844104,0.0010928266,-0.0036308235,-1.4651749,0.69104004,0.30895996,0.12792969,0.6542969346046448
4005888,5688.6287101780545,7.0,305.62073,500.0,227.0776,-1.0,0.18041992,1.0,0.6363557,0.1562379,-0.00038257154,0.0012868508,-0.0010259964,-1.9097393,0.69104004,0.30895996,0.12854004,0.655246913433075
4014080,5685.027609325105,7.0,305.38074,500.0,227.12961,-1.0,0.18041992,1.0,0.63673925,0.15642942,-0.003774199,0.0006129702,-0.004080684,-1.1261548,0.6907959,0.3092041,0.12878418,0.6553969383239746
4022272,5687.308592800832,7.0,305.43054,500.0,227.07637,-1.0,0.18078613,1.0,0.63673127,0.15639275,-0.0014977998,0.00093835907,-0.001966979,-1.8863969,0.69055176,0.30944824,0.12866211,0.6551469564437866
4030464,5683.918831829989,7.0,305.45825,500.0,227.06186,-1.0,0.18017578,1.0,0.6368084,0.15605715,-0.0030641346,0.00046809705,-0.003298183,-2.48689,0.69091797,0.30908203,0.12890625,0.6556864380836487
4038656,5690.027648511928,7.0,305.6969,500.0,227.01129,-1.0,0.17944336,1.0,0.6366318,0.15555933,-0.004415172,0.0009121807,-0.0048712622,-1.190877,0.6915283,0.30847168,0.12902832,0.6561506986618042
4046848,5682.531353473176,7.0,305.93103,500.0,226.94681,-1.0,0.17907715,1.0,0.6364473,0.15534058,-0.00567188,0.00082815974,-0.0060859597,-1.9435256,0.69189453,0.30810547,0.12902832,0.6563173532485962
4055040,5694.718401488991,7.0,306.01465,500.0,226.94008,-1.0,0.17932129,1.0,0.6361867,0.15529476,-0.00373227,0.00063389307,-0.004049217,-1.2121012,0.69189453,0.30810547,0.12878418,0.6560673713684082
4063232,5687.93656081495,7.0,306.07397,500.0,226.92775,-1.0,0.17944336,1.0,0.6360563,0.15532148,-0.0046146414,0.0004220241,-0.004825653,-1.0781989,0.69189453,0.30810547,0.12866211,0.6558173894882202
4071424,5706.661160593577,7.0,306.15454,500.0,226.87492,-1.0,0.17822266,1.0,0.6363994,0.15454368,-0.0012373606,0.0014198255,-0.001947274,0.09286334,0.6925049,0.30749512,0.12927246,0.6568173766136169
4079616,5681.090071260525,7.0,306.10864,500.0,226.87476,-1.0,0.17834473,1.0,0.6364612,0.15461417,-0.0036483482,0.0012023483,-0.004249522,-0.39451015,0.6923828,0.3076172,0.12927246,0.6568054556846619
4087808,5685.71999171295,7.0,305.83496,500.0,226.88281,-1.0,0.1784668,1.0,0.63709784,0.15486975,-0.0025809703,0.0019404253,-0.0035511828,-0.6691281,0.69189453,0.30810547,0.12963867,0.6573888063430786
4096000,5694.061570243894,7.0,305.65454,500.0,226.90828,-1.0,0.17858887,1.0,0.63735104,0.15494297,-0.006241177,0.00083672215,-0.0066595385,-2.1571603,0.6916504,0.3083496,0.12976074,0.6573471426963806
4104192,5699.106823737193,7.0,305.66016,500.0,226.92093,-1.0,0.1784668,1.0,0.63728946,0.15497556,-0.0053472174,0.0001877189,-0.005441077,-2.1856651,0.69177246,0.30822754,0.12976074,0.6570971608161926
4112384,5686.444539697345,7.0,305.4286,500.0,226.96167,-1.0,0.17919922,1.0,0.63746697,0.15551111,-0.003954674,0.0011460248,-0.004527686,-1.5516415,0.6911621,0.3088379,0.12963867,0.6570034027099609
4120576,5690.627000243295,7.0,305.41284,500.0,226.96664,-1.0,0.17895508,1.0,0.6375356,0.15531293,-0.0018281725,0.00096671714,-0.0023115315,-2.0236495,0.6912842,0.30871582,0.12976074,0.6571379899978638
4128768,5686.933008047999,7.0,305.51428,500.0,226.92471,-1.0,0.17883301,1.0,0.6374742,0.15507424,-0.004895053,0.0004029988,-0.005096552,-1.3928337,0.69140625,0.30859375,0.12976074,0.6568880081176758
4136960,5709.80388236385,7.0,305.80188,500.0,226.87135,-1.0,0.1784668,1.0,0.63709784,0.15466371,-0.004230348,0.0006072089,-0.004533952,-0.42217132,0.69189453,0.30810547,0.12963867,0.6568463444709778
4145152,5683.344393774739,7.0,305.72205,500.0,226.85849,-1.0,0.1784668,1.0,0.63728946,0.15441811,-0.005786373,0.0012501082,-0.0064114262,-1.1078401,0.69177246,0.30822754,0.12976074,0.6569535136222839
4153344,5704.302127109952,7.0,305.9231,500.0,226.80199,-1.0,0.17834473,1.0,0.6370363,0.15426302,-0.005605407,0.0007844579,-0.005997636,-1.234236,0.6920166,0.3079834,0.12963867,0.6569118499755859
4161536,5691.463099459241,7.0,306.19775,500.0,226.75095,-1.0,0.17834473,1.0,0.63665295,0.1541461,-0.0030867686,0.0006171955,-0.0033953665,-1.3640792,0.69226074,0.30773926,0.12939453,0.656661868095398
4169728,5682.080286950547,7.0,306.0647,500.0,226.75401,-1.0,0.17797852,1.0,0.6370428,0.15400851,-0.00094691897,0.0011523956,-0.0015231166,-1.1204214,0.69226074,0.30773926,0.12976074,0.6571015119552612
4177920,5701.970591481065,7.0,305.77026,500.0,226.80652,-1.0,0.17858887,1.0,0.6373511,0.1546301,-0.002075743,0.0012621557,-0.002706821,-0.8653866,0.6916504,0.3083496,0.12976074,0.6573514938354492
4186112,5841.6083056197685,7.0,305.49255,500.0,226.829,-1.0,0.17883301,1.0,0.637857,0.15509993,-0.00283479,0.0018296443,-0.0037496118,-1.0525959,0.6911621,0.3088379,0.13000488,0.6579838395118713
4194304,5685.524301333759,7.0,305.9458,500.0,226.75212,-1.0,0.17785645,1.0,0.6373643,0.15432204,0.005798839,0.0005967214,0.005500478,-1.3986452,0.6921387,0.30786133,0.13000488,0.6584481000900269
4202496,5695.793629017338,7.0,305.93652,500.0,226.76245,-1.0,0.1776123,1.0,0.6374324,0.15429065,-0.00045087084,0.000905848,-0.0009037948,-1.146662,0.69226074,0.30773926,0.13012695,0.6585684418678284
4210688,5693.77095190268,7.0,306.06995,500.0,226.7392,-1.0,0.17712402,1.0,0.6373768,0.15380345,0.0006595364,0.00109518,0.0001119466,-1.5232983,0.69262695,0.30737305,0.13024902,0.6590002775192261
4218880,5696.659581378546,7.0,306.02246,500.0,226.73761,-1.0,0.17651367,1.0,0.6376417,0.15322551,-0.00072116754,0.0014764856,-0.0014594101,-0.5058523,0.6928711,0.3071289,0.13061523,0.659676194190979
4227072,5755.73171519431,7.0,306.07434,500.0,226.66531,-1.0,0.17626953,1.0,0.63790065,0.1529001,-0.001655434,0.0017616116,-0.0025362398,-1.5237205,0.6928711,0.3071289,0.13085938,0.6603939533233643
4235264,5930.265410393542,7.0,306.22888,500.0,226.56447,-1.0,0.17700195,1.0,0.6376978,0.15341476,-0.005528149,0.0019604415,-0.0065083695,-0.98966694,0.6925049,0.30749512,0.13049316,0.6610060334205627
4243456,5766.721962499574,7.0,306.4265,500.0,226.47363,-1.0,0.17675781,1.0,0.63757414,0.15319917,-0.001749974,0.0014015122,-0.00245073,-1.1412994,0.692749,0.30725098,0.13049316,0.6615560054779053
4251648,5689.086468812111,7.0,306.42236,500.0,226.45795,-1.0,0.17700195,1.0,0.6376978,0.15355882,-0.00610331,0.0010557886,-0.006631204,-0.85436654,0.6925049,0.30749512,0.13049316,0.662139356136322
4259840,5688.66544117708,7.0,306.5558,500.0,226.45465,-1.0,0.17712402,1.0,0.6373768,0.15372585,-0.00040594582,0.0006462467,-0.00072906876,-1.2921393,0.69262695,0.30737305,0.13024902,0.661889374256134
4268032,5679.151976487206,7.0,306.56152,500.0,226.43414,-1.0,0.17749023,1.0,0.6373706,0.15394443,-0.006107052,0.0013818432,-0.006797974,-1.1827451,0.6923828,0.3076172,0.13012695,0.662264347076416
4276224,5680.913484617189,7.0,306.67273,500.0,226.35924,-1.0,0.17675781,1.0,0.63757414,0.15350533,-0.004427166,0.0018337535,-0.005344043,-1.1898161,0.692749,0.30725098,0.13049316,0.66316819190979
4284416,5708.818208809757,7.0,306.57788,500.0,226.359,-1.0,0.1772461,1.0,0.63763005,0.15373746,-0.005067797,0.00083988835,-0.005487741,-2.1770651,0.6923828,0.3076172,0.1303711,0.663126528263092
4292608,5688.557133183778,7.0,306.4181,500.0,226.35388,-1.0,0.17687988,1.0,0.6382101,0.15345854,-0.0041843364,0.001630255,-0.0049994644,-1.9061686,0.69226074,0.30773926,0.13085938,0.6637693643569946
4300800,5700.708590200381,7.0,306.06348,500.0,226.33589,-1.0,0.17749023,1.0,0.63890094,0.15354557,-0.005194973,0.0017295955,-0.006059771,-2.0861158,0.69140625,0.30859375,0.13110352,0.6642090082168579
4308992,5677.431898884101,7.0,305.8275,500.0,226.33736,-1.0,0.17712402,1.0,0.63948005,0.15336977,-0.0037119747,0.0016364898,-0.0045302194,-1.7467229,0.6912842,0.30871582,0.1315918,0.6646257042884827
4317184,5691.6799409492,7.0,305.9369,500.0,226.29414,-1.0,0.17614746,1.0,0.63955885,0.15276378,-0.0018562198,0.00071317697,-0.0022128087,-2.6834831,0.69189453,0.30810547,0.13195801,0.6653280854225159
4325376,5879.359009467619,7.0,306.09656,500.0,226.22809,-1.0,0.17602539,1.0,0.639497,0.15269274,-0.0044706515,0.0007941094,-0.004867706,-2.1397264,0.6920166,0.3079834,0.13195801,0.6655542850494385
4333568,5692.631410409875,7.0,306.10767,500.0,226.18158,-1.0,0.17602539,1.0,0.63968784,0.15282741,-0.0031976963,0.001065386,-0.003730389,-0.963457,0.69189453,0.30810547,0.13208008,0.6659292578697205
4341760,5689.964516607669,7.0,306.4276,500.0,226.12744,-1.0,0.17553711,1.0,0.6392494,0.15235189,-0.0072018257,0.0007637967,-0.0075837234,-2.1857052,0.6925049,0.30749512,0.13195801,0.6660638451576233
4349952,5687.900780801103,7.0,306.00916,500.0,226.14409,-1.0,0.17663574,1.0,0.6398059,0.15311217,-0.001241945,0.0016467812,-0.0020653354,-2.2379894,0.69140625,0.30859375,0.13195801,0.6661471724510193
4358144,5682.01263314838,7.0,305.7915,500.0,226.17795,-1.0,0.17736816,1.0,0.6399848,0.15364213,-0.007343819,0.0008040477,-0.007745842,-2.996522,0.6907959,0.3092041,0.13183594,0.6662197709083557
4366336,5689.647935946926,7.0,305.82996,500.0,226.15839,-1.0,0.1772461,1.0,0.6399232,0.15358233,-0.0033038417,0.00058196986,-0.0035948264,-2.4104357,0.69091797,0.30908203,0.13183594,0.6664045453071594
4374528,5675.587234985142,7.0,305.73206,500.0,226.11021,-1.0,0.17749023,1.0,0.640237,0.15348493,-0.0026683593,0.0014483468,-0.0033925327,-2.7593596,0.69055176,0.30944824,0.13195801,0.6667100787162781
4382720,5683.73736831031,7.0,305.6151,500.0,226.12314,-1.0,0.17712402,1.0,0.64062434,0.15331946,-0.005993504,0.0010932853,-0.0065401467,-2.0606906,0.69055176,0.30944824,0.13232422,0.6672008037567139
4390912,5683.680016965153,7.0,305.49084,500.0,226.07849,-1.0,0.17712402,1.0,0.64100534,0.15321536,-0.006431827,0.0012821717,-0.007072913,-2.1806383,0.6903076,0.30969238,0.13256836,0.6677507758140564
4399104,5699.881119082969,7.0,305.6255,500.0,226.03024,-1.0,0.17675781,1.0,0.6410112,0.15307333,-0.0005224344,0.0009593388,-0.0010021039,-2.6653435,0.69055176,0.30944824,0.13269043,0.6682415008544922
4407296,5690.126589388992,7.0,306.0144,500.0,225.91429,-1.0,0.17565918,1.0,0.6408371,0.15218869,-0.0027594725,0.0012534463,-0.0033861955,-3.0531695,0.69140625,0.30859375,0.13293457,0.6692958474159241
4415488,5682.880979288917,7.0,305.79517,500.0,225.94727,-1.0,0.17529297,1.0,0.64122295,0.15214764,-0.0057950467,0.0017810452,-0.0066855694,-2.893021,0.69140625,0.30859375,0.13330078,0.6701396107673645
4423680,5696.674693026312,7.0,305.37036,500.0,225.99515,-1.0,0.17504883,1.0,0.64205056,0.15195094,-0.0031993252,0.0016398057,-0.0040192287,-3.3205826,0.69104004,0.30895996,0.13391113,0.6709502339363098
4431872,5686.174459316982,7.0,305.35657,500.0,225.98389,-1.0,0.17504883,1.0,0.64205056,0.1518924,-0.0033014342,0.00047810143,-0.0035404847,-2.2717214,0.69104004,0.30895996,0.13391113,0.6709176301956177
4440064,5687.958217357807,7.0,305.5044,500.0,225.92921,-1.0,0.17468262,1.0,0.6420553,0.15164456,-0.004055087,0.0014700145,-0.0047900937,-2.7965088,0.6912842,0.30871582,0.1340332,0.6718676090240479
4448256,5764.552858382682,7.0,305.45056,500.0,225.93843,-1.0,0.17504883,1.0,0.64205056,0.15194756,-0.007877199,0.0008755574,-0.008314977,-0.87242377,0.69104004,0.30895996,0.13391113,0.6718448996543884
4456448,5687.736010231381,7.0,305.20776,500.0,225.9527,-1.0,0.1751709,1.0,0.64249253,0.15189202,-0.004630962,0.0015703267,-0.005416126,-2.1468039,0.6906738,0.30932617,0.13415527,0.672394871711731
4464640,5688.24635922973,7.0,305.31177,500.0,225.94499,-1.0,0.17407227,1.0,0.64250606,0.15110332,-0.0045195566,0.0015068145,-0.005272965,-3.1488104,0.69140625,0.30859375,0.13452148,0.6731126308441162
4472832,5690.9747952161,7.0,305.53796,500.0,225.89961,-1.0,0.1743164,1.0,0.64205974,0.1514284,-0.0066757635,0.0012735891,-0.0073125586,-2.3919594,0.6915283,0.30847168,0.13415527,0.673529326915741
4481024,5689.983361805547,7.0,305.70752,500.0,225.86972,-1.0,0.17370605,1.0,0.64194,0.15101242,-0.004726338,0.000761622,-0.005107149,-1.8260126,0.6920166,0.3079834,0.13427734,0.6737338900566101
4489216,5695.8719977295905,7.0,305.97266,500.0,225.82849,-1.0,0.17407227,1.0,0.6413651,0.1512112,-0.0068231765,0.0004765406,-0.007061448,-2.5779476,0.6921387,0.30786133,0.13378906,0.6734839081764221
4497408,5693.3407402559205,7.0,306.15027,500.0,225.79045,-1.0,0.17370605,1.0,0.6411789,0.1509426,-0.0047304486,0.0008478526,-0.0051543755,-2.7653537,0.6925049,0.30749512,0.13378906,0.6736686825752258
4505600,5689.5028482503985,7.0,306.188,500.0,225.7819,-1.0,0.17333984,1.0,0.6411828,0.15087967,-0.002342253,0.0011141269,-0.0028993161,-3.6504948,0.692749,0.30725098,0.13391113,0.6742520332336426
4513792,5697.364247241624,7.0,306.18445,500.0,225.72133,-1.0,0.17382812,1.0,0.641241,0.15106824,-0.006226318,0.001626608,-0.007039621,-2.2763712,0.6923828,0.3076172,0.13378906,0.6743866205215454
4521984,5682.385688746443,7.0,306.45422,500.0,225.63635,-1.0,0.1743164,1.0,0.64072746,0.15123689,-0.004941196,0.0007221879,-0.0053022904,-3.912891,0.6923828,0.3076172,0.13330078,0.6741366386413574
4530176,5694.608919091686,7.0,306.73926,500.0,225.56668,-1.0,0.17333984,1.0,0.64061135,0.15065116,-0.0039287265,0.0016043636,-0.004730908,-2.5929418,0.69311523,0.30688477,0.13354492,0.6750866174697876
4538368,5684.603420284494,7.0,307.2682,500.0,225.45854,-1.0,0.17297363,1.0,0.63985246,0.15026388,-0.004959518,0.0006254016,-0.005272219,-2.1739686,0.69384766,0.30615234,0.13317871,0.6748366355895996
4546560,5691.391451120414,7.0,307.20422,500.0,225.43498,-1.0,0.17272949,1.0,0.6401092,0.15018606,-0.0040709823,0.0014935122,-0.004817738,-1.8054109,0.69384766,0.30615234,0.13342285,0.6754794716835022
4554752,5688.630593807491,7.0,307.7058,500.0,225.31041,-1.0,0.17224121,1.0,0.6394776,0.14977106,-0.0028927713,0.001290418,-0.0035379806,-1.9337357,0.6945801,0.30541992,0.13317871,0.6757651567459106
4562944,5700.401215740925,7.0,307.91638,500.0,225.23224,-1.0,0.17114258,1.0,0.6394862,0.14888155,-0.004015717,0.0015057713,-0.0047686026,-3.290911,0.6953125,0.3046875,0.13354492,0.6765151619911194
4571136,5692.75307810298,7.0,308.24805,500.0,225.17366,-1.0,0.17077637,1.0,0.6389158,0.14849077,0.0020981627,0.00039233477,0.0019019952,-2.89398,0.69592285,0.30407715,0.13330078,0.6762651801109314
4579328,5693.444513431313,7.0,308.28015,500.0,225.0683,-1.0,0.17053223,1.0,0.639172,0.14811787,-0.004531159,0.0025584553,-0.0058103874,-1.8462989,0.69592285,0.30407715,0.13354492,0.6769126057624817
4587520,5682.775711075957,7.0,308.59888,500.0,224.9728,-1.0,0.16992188,1.0,0.638857,0.1474641,-0.0047749225,0.0011251107,-0.005337478,-2.8392346,0.6965332,0.3034668,0.13354492,0.6774625778198242
4595712,5695.373496188662,7.0,308.37427,500.0,225.0124,-1.0,0.17089844,1.0,0.63897866,0.1483821,-0.0028892993,0.0009661206,-0.0033723596,-2.9606874,0.6958008,0.30419922,0.13330078,0.6775459051132202
4603904,5680.980172963686,7.0,307.97974,500.0,225.05301,-1.0,0.17163086,1.0,0.6395462,0.14881626,-0.0057827244,0.0014504147,-0.0065079313,-2.1762161,0.6949463,0.3050537,0.13342285,0.6777646541595459
4612096,5702.182556532277,7.0,307.93958,500.0,225.04765,-1.0,0.17175293,1.0,0.6396089,0.14886604,-0.00554942,0.00095287483,-0.0060258578,-2.2554,0.6948242,0.30517578,0.13342285,0.6778594851493835
4620288,5686.328787821367,7.0,307.9392,500.0,224.9963,-1.0,0.17150879,1.0,0.6398652,0.14842305,-0.0004021388,0.0010430135,-0.0009236456,-3.0186677,0.6948242,0.30517578,0.13366699,0.6782913208007812
4628480,5700.587527995059,7.0,308.12402,500.0,224.91339,-1.0,0.17102051,1.0,0.6398052,0.14796087,-0.0033634563,0.0016377115,-0.0041823126,-1.8115109,0.6951904,0.30480957,0.13378906,0.6786864995956421
4636672,5693.863418156967,7.0,307.86047,500.0,224.93823,-1.0,0.17138672,1.0,0.640184,0.14831254,-0.003930835,0.0012643278,-0.004562999,-3.502377,0.69470215,0.30529785,0.13391113,0.6794365048408508
4644864,5689.188202957871,7.0,308.02527,500.0,224.86176,-1.0,0.17126465,1.0,0.6401214,0.14800245,-0.00465082,0.0011360963,-0.005218868,-1.4855542,0.6948242,0.30517578,0.13391113,0.6799007654190063
4653056,5681.345577751443,7.0,307.48328,500.0,224.91405,-1.0,0.17285156,1.0,0.6407433,0.14891152,-0.002619253,0.0022218071,-0.0037301567,-2.174322,0.6933594,0.30664062,0.13378906,0.680382490158081
4661248,5684.261105445004,7.0,307.20422,500.0,224.99234,-1.0,0.17236328,1.0,0.6412557,0.14843707,-0.0026952578,0.0017848881,-0.003587702,-2.1091423,0.6933594,0.30664062,0.13427734,0.6810699701309204
4669440,5690.58081928426,7.0,307.47522,500.0,224.91295,-1.0,0.17236328,1.0,0.6408748,0.14815603,-0.0052326196,0.0009542293,-0.005709734,-2.7123194,0.6936035,0.30639648,0.1340332,0.6811903119087219
4677632,5689.469874805872,7.0,306.89917,500.0,224.979,-1.0,0.17321777,1.0,0.6416916,0.14867307,-0.0051877797,0.0025275352,-0.006451547,-1.0702219,0.6925049,0.30749512,0.13427734,0.6818613409996033
4685824,5691.686540731897,7.0,306.56006,500.0,225.02802,-1.0,0.17407227,1.0,0.6419358,0.14922483,-0.0054961815,0.0019148956,-0.0064536296,-1.5060177,0.69177246,0.30822754,0.13415527,0.6825323700904846
4694016,5687.432857324463,7.0,306.2672,500.0,225.08537,-1.0,0.17370605,1.0,0.6425102,0.14883456,-0.0065860595,0.0017732957,-0.0074727074,-2.0084066,0.6916504,0.3083496,0.13464355,0.6831157207489014
4702208,5682.143244019151,7.0,306.43152,500.0,225.06145,-1.0,0.17358398,1.0,0.6422581,0.14861152,-0.007075659,0.0011426122,-0.0076469653,-1.4400107,0.69189453,0.30810547,0.13452148,0.6832228899002075
4710400,5710.793693015244,7.0,306.10876,500.0,225.12054,-1.0,0.17370605,1.0,0.64270014,0.14880991,-0.0038822163,0.0014642174,-0.0046143252,-2.0140862,0.6915283,0.30847168,0.13476562,0.683687150478363
4718592,5697.755383681909,7.0,305.8806,500.0,225.10959,-1.0,0.17333984,1.0,0.6432736,0.14868167,-0.0063342056,0.001546561,-0.0071074856,-1.6136281,0.69140625,0.30859375,0.1352539,0.6845661997795105
4726784,5694.811842381789,7.0,306.03418,500.0,225.07555,-1.0,0.17321777,1.0,0.6430218,0.14844632,-0.004523891,0.0012402617,-0.0051440215,-1.332196,0.6916504,0.3083496,0.13513184,0.6846387982368469
4734976,5695.062920979572,7.0,305.96143,500.0,225.13484,-1.0,0.17224121,1.0,0.6430943,0.14796689,-0.0062083974,0.0015791376,-0.006997966,-2.5204592,0.69226074,0.30773926,0.13549805,0.6849770545959473
4743168,5693.928523749961,7.0,305.9342,500.0,225.13945,-1.0,0.17175293,1.0,0.64322484,0.14769617,0.0008344662,0.0010718737,0.00029852963,-1.7993681,0.6925049,0.30749512,0.13574219,0.6853270530700684
4751360,5688.179500181358,7.0,305.45056,500.0,225.23741,-1.0,0.17236328,1.0,0.6439152,0.14857349,-0.0030382718,0.0020961901,-0.004086367,-1.8583195,0.6916504,0.3083496,0.13598633,0.6858665347099304
4759552,5694.940210628205,7.0,305.3534,500.0,225.26103,-1.0,0.17224121,1.0,0.6440427,0.14859371,-0.004003279,0.0013428482,-0.004674703,-2.244779,0.6916504,0.3083496,0.1361084,0.6862744092941284
4767744,5688.459188636769,7.0,304.8097,500.0,225.3293,-1.0,0.17199707,1.0,0.6450548,0.14841235,-0.004705537,0.0026629434,-0.006037009,-1.9975022,0.6911621,0.3088379,0.13684082,0.6872406005859375
4775936,5684.9636477228205,7.0,305.00916,500.0,225.29709,-1.0,0.17175293,1.0,0.6447413,0.14824113,-0.003738144,0.0017083941,-0.004592341,-1.4554666,0.6915283,0.30847168,0.13671875,0.687852680683136
4784128,5691.188771510448,7.0,304.72803,500.0,225.33948,-1.0,0.17285156,1.0,0.644921,0.14885499,-0.007914068,0.0014039815,-0.008616058,-0.72803545,0.6906738,0.30932617,0.13647461,0.6879152059555054
4792320,5693.190747533567,7.0,304.79614,500.0,225.31494,-1.0,0.17211914,1.0,0.6451168,0.14853428,-0.003795316,0.0014387416,-0.0045146868,-1.8415233,0.69104004,0.30895996,0.13684082,0.6884227991104126
4800512,5685.910990986042,7.0,304.2135,500.0,225.43344,-1.0,0.17248535,1.0,0.64587015,0.14885801,-0.006020872,0.0018645173,-0.0069531305,-1.9644226,0.6903076,0.30969238,0.13720703,0.689145028591156
4808704,5699.861262727948,7.0,304.4004,500.0,225.40742,-1.0,0.17077637,1.0,0.64594626,0.14785396,-0.0039529335,0.0019800232,-0.0049429443,-1.2727492,0.69140625,0.30859375,0.13781738,0.6900240778923035
4816896,5685.781147719076,7.0,304.22632,500.0,225.48985,-1.0,0.17114258,1.0,0.64594376,0.14788046,-0.0036166417,0.0011540947,-0.0041936897,-2.0522015,0.6911621,0.3088379,0.13769531,0.6905805468559265
4825088,5694.705187872837,7.0,304.12854,500.0,225.52512,-1.0,0.17028809,1.0,0.6462641,0.14724863,-0.0043290267,0.0015360701,-0.0050970614,-1.7525141,0.6915283,0.30847168,0.1381836,0.6916208863258362
4833280,5825.116065473718,7.0,304.0298,500.0,225.55305,-1.0,0.17077637,1.0,0.6463241,0.1475715,-0.0067930073,0.0008363752,-0.0072111944,-2.1941764,0.6911621,0.3088379,0.13806152,0.6915494799613953
4841472,5694.543797938281,7.0,303.89026,500.0,225.5452,-1.0,0.17016602,1.0,0.6467682,0.14698897,-0.003710032,0.0014469926,-0.0044335285,-0.7829982,0.6912842,0.30871582,0.1385498,0.6922369599342346
4849664,5677.0623073898205,7.0,304.2318,500.0,225.4907,-1.0,0.1697998,1.0,0.64620364,0.1465573,-0.0015720648,0.00062598067,-0.0018850549,-1.7308474,0.69189453,0.30810547,0.13830566,0.6922250390052795
4857856,5688.291560603612,7.0,303.97595,500.0,225.52512,-1.0,0.17053223,1.0,0.6461997,0.1465791,-0.0060053365,0.0013167283,-0.0066637015,-1.0912378,0.69140625,0.30859375,0.13806152,0.6924161911010742
4866048,5706.015785324634,7.0,303.6527,500.0,225.6308,-1.0,0.17053223,1.0,0.6465774,0.14649446,-0.0044579403,0.0021433393,-0.0055296104,-0.6755602,0.6911621,0.3088379,0.13830566,0.6932952404022217
4874240,5728.986268168953,7.0,303.76526,500.0,225.60974,-1.0,0.17077637,1.0,0.6463241,0.14653179,-0.0039647548,0.0013317019,-0.0046306057,-0.18326874,0.6911621,0.3088379,0.13806152,0.6934155821800232
4882432,5694.811842381789,7.0,303.5841,500.0,225.63264,-1.0,0.17016602,1.0,0.6467682,0.14595842,-0.0023573698,0.0025873967,-0.0036510683,-1.8981575,0.6912842,0.30871582,0.1385498,0.6941115260124207
4890624,5721.704302867634,7.0,303.6886,500.0,225.62,-1.0,0.17175293,1.0,0.6460653,0.1467262,-0.0027731084,0.0011267437,-0.0033364806,-1.1790059,0.6906738,0.30932617,0.13757324,0.6938615441322327
4898816,5702.284759598573,7.0,303.2489,500.0,225.67857,-1.0,0.17224121,1.0,0.6466907,0.14686841,-0.0014911683,0.0018893994,-0.0024358677,-1.366947,0.6899414,0.3100586,0.13781738,0.6944686770439148
4907008,5691.990147282195,7.0,302.93066,500.0,225.72221,-1.0,0.1730957,1.0,0.64693445,0.1474473,-0.0031002131,0.0018577505,-0.004029088,-0.13864222,0.689209,0.31079102,0.13769531,0.6947901248931885
4915200,5695.246996422211,7.0,302.78845,500.0,225.7077,-1.0,0.17333984,1.0,0.64724636,0.14767009,-0.0026800293,0.0018107009,-0.0035853798,-1.7203888,0.6888428,0.31115723,0.13781738,0.6955745816230774
4923392,5705.610249718661,7.0,302.6018,500.0,225.71953,-1.0,0.17382812,1.0,0.6474926,0.14791554,-0.006114148,0.0013027345,-0.0067655155,-2.272997,0.6883545,0.3116455,0.13781738,0.6958418488502502
4931584,5689.4321913372605,7.0,301.89954,500.0,225.88667,-1.0,0.1751709,1.0,0.6481673,0.14861846,-0.0016078355,0.0029163393,-0.0030660052,-1.2999331,0.6870117,0.31298828,0.13781738,0.6965442299842834
4939776,5700.415401524823,7.0,301.3844,500.0,225.98776,-1.0,0.17541504,1.0,0.6488542,0.14888953,-0.0047331513,0.0017559122,-0.005611107,-2.8911479,0.68640137,0.31359863,0.1381836,0.697008490562439
4947968,5690.256631203313,7.0,300.68958,500.0,226.07234,-1.0,0.17504883,1.0,0.65017456,0.14899325,-0.0042226277,0.0023819522,-0.0054136044,-1.601829,0.685791,0.31420898,0.13916016,0.6979489922523499
4956160,5687.733185676272,7.0,300.64172,500.0,226.07826,-1.0,0.1751709,1.0,0.65023565,0.1490075,-0.0029668678,0.001404731,-0.003669233,-2.129448,0.68566895,0.31433105,0.13916016,0.6982759237289429
4964352,5695.348951018465,7.0,300.38416,500.0,226.08546,-1.0,0.17614746,1.0,0.6505349,0.14977166,-0.00398497,0.0017622982,-0.004866119,-1.5376687,0.68481445,0.31518555,0.13903809,0.6985814571380615
4972544,5695.136549728733,7.0,300.0299,500.0,226.16815,-1.0,0.17736816,1.0,0.65076613,0.15073246,-0.0035328285,0.0011842992,-0.004124978,-1.0114152,0.6838379,0.3161621,0.13879395,0.6988487243652344
4980736,5674.530867965411,7.0,299.20947,500.0,226.25734,-1.0,0.17749023,1.0,0.65213823,0.15075153,-0.00017685827,0.0031413245,-0.0017475208,-1.6084135,0.6828613,0.31713867,0.13964844,0.6998108625411987
4988928,5737.646993757339,7.0,298.64343,500.0,226.34583,-1.0,0.17907715,1.0,0.6527337,0.15198043,-0.004355333,0.0026812037,-0.0056959353,-0.81827,0.6813965,0.31860352,0.13952637,0.7002018690109253
4997120,5722.44376990005,7.0,298.15015,500.0,226.40294,-1.0,0.17919922,1.0,0.6535412,0.15219204,-0.0042352574,0.0021546942,-0.0053126044,-1.3972739,0.68078613,0.31921387,0.14001465,0.7010809183120728
5005312,5692.219287956922,7.0,297.9651,500.0,226.40157,-1.0,0.17944336,1.0,0.6538477,0.15251464,-0.005105964,0.0016745396,-0.005943233,-1.6728412,0.6804199,0.31958008,0.14013672,0.701798677444458
5013504,5694.1078077153425,7.0,298.06323,500.0,226.41832,-1.0,0.17834473,1.0,0.6538683,0.15208827,-0.005027694,0.0014061538,-0.005730771,-1.2874539,0.68115234,0.31884766,0.14050293,0.7022629380226135
5021696,5692.653102718378,7.0,297.9828,500.0,226.40627,-1.0,0.17858887,1.0,0.65398836,0.15223211,-0.004954808,0.0012654815,-0.005587549,-1.4866844,0.6809082,0.3190918,0.14050293,0.702727198600769
5029888,5693.9624924764885,7.0,297.3252,500.0,226.51068,-1.0,0.18017578,1.0,0.65457934,0.15308507,-0.002655906,0.0038395487,-0.0045756805,-0.3149475,0.67944336,0.32055664,0.14038086,0.7032063603401184
5038080,5694.084217074859,7.0,297.036,500.0,226.55002,-1.0,0.17956543,1.0,0.655213,0.15272412,-0.0041653765,0.0026740201,-0.0055023865,-1.4906933,0.67944336,0.32055664,0.14099121,0.7041725516319275
5046272,5680.662712877677,7.0,295.82288,500.0,226.64484,-1.0,0.18005371,1.0,0.6573113,0.15320458,-0.002749855,0.0034319342,-0.0044658226,-1.033755,0.6777344,0.32226562,0.14221191,0.705199122428894
5054464,5699.813040727432,7.0,295.71228,500.0,226.64896,-1.0,0.17980957,1.0,0.6575638,0.15311001,-0.006966245,0.002474979,-0.008203735,-1.6201417,0.6777344,0.32226562,0.14245605,0.7061612606048584
5062656,5699.236331017351,7.0,295.41125,500.0,226.63617,-1.0,0.17993164,1.0,0.6581799,0.15316835,-0.0020059682,0.0019629174,-0.0029874274,-1.423748,0.6772461,0.3227539,0.14282227,0.7070223689079285
5070848,5695.04026636284,7.0,294.91064,500.0,226.64194,-1.0,0.17919922,1.0,0.65930605,0.152428,-0.001079169,0.0024571246,-0.002307731,-0.2914058,0.67700195,0.32299805,0.14379883,0.7078699469566345
5079040,5688.601397691397,7.0,294.4497,500.0,226.69586,-1.0,0.1809082,1.0,0.6595799,0.15320697,-0.005594287,0.0020255279,-0.006607051,-0.674091,0.6756592,0.32434082,0.14343262,0.7082956433296204
5087232,5693.7539686314185,7.0,294.19128,500.0,226.73596,-1.0,0.18017578,1.0,0.66015023,0.1528361,-0.0037175722,0.0027563544,-0.0050957496,-1.7234964,0.67578125,0.32421875,0.14404297,0.7093614339828491
5095424,5681.8143792008295,7.0,292.91248,500.0,226.99234,-1.0,0.18151855,1.0,0.66153765,0.15407842,-0.0019722534,0.0032022905,-0.0035733983,-2.0320015,0.6739502,0.3260498,0.14453125,0.7103151082992554
5103616,5690.093608714322,7.0,292.76086,500.0,226.99066,-1.0,0.1821289,1.0,0.6616466,0.15438159,-0.0068902317,0.0012703654,-0.007525415,-1.3570801,0.6734619,0.3265381,0.14440918,0.710548996925354
5111808,5695.533989054082,7.0,292.0453,500.0,227.05125,-1.0,0.18200684,1.0,0.66287833,0.15442884,-0.004960769,0.0023506447,-0.0061360914,-1.441269,0.6727295,0.3272705,0.14526367,0.7112990021705627
5120000,5695.159205111494,7.0,291.8324,500.0,227.06673,-1.0,0.1817627,1.0,0.66331345,0.15397173,-0.0037677337,0.0018810233,-0.004708245,-1.2424386,0.6726074,0.32739258,0.14562988,0.7118598222732544
5128192,5688.5373556477125,7.0,291.36768,500.0,227.13844,-1.0,0.18383789,1.0,0.6633856,0.15537402,-0.006273321,0.0016411468,-0.0070938948,-1.2968515,0.6711426,0.32885742,0.14501953,0.7121361494064331
5136384,5687.976107669771,7.0,291.34583,500.0,227.15991,-1.0,0.18432617,1.0,0.66325015,0.15574771,-0.0011067016,0.0010570025,-0.0016352026,-2.1626408,0.67089844,0.32910156,0.14477539,0.7126268744468689
5144576,5670.9981309990735,7.0,291.08533,500.0,227.1971,-1.0,0.18481445,1.0,0.6634823,0.15606639,-0.0064622294,0.0027228894,-0.007823674,-1.584019,0.67041016,0.32958984,0.14477539,0.7135890126228333
5152768,5686.260091781835,7.0,291.1831,500.0,227.24258,-1.0,0.18530273,1.0,0.662978,0.15648454,-0.005708443,0.0018527434,-0.0066348147,-2.2277052,0.67041016,0.32958984,0.14428711,0.7140966057777405
5160960,5686.728763481257,7.0,291.2224,500.0,227.20868,-1.0,0.18493652,1.0,0.66317236,0.15643184,-0.0053754468,0.003080547,-0.00691572,-0.04289802,0.6705322,0.32946777,0.14453125,0.7152940034866333
5169152,5695.460350028155,7.0,291.17432,500.0,227.17023,-1.0,0.18493652,1.0,0.66335636,0.15631299,-0.0057760393,0.001650292,-0.006601185,-1.470496,0.67041016,0.32958984,0.14465332,0.7157847285270691
5177344,5686.895358177002,7.0,291.3225,500.0,227.16061,-1.0,0.18554688,1.0,0.66290975,0.15665032,-0.001860668,0.0013149057,-0.002518121,-1.6984931,0.6702881,0.3297119,0.14416504,0.7160034775733948
5185536,5703.133754443366,7.0,290.9651,500.0,227.22346,-1.0,0.1875,1.0,0.6627284,0.15824538,-0.0048545008,0.0014597161,-0.0055843587,-2.5776362,0.6690674,0.33093262,0.14343262,0.7162662744522095
5193728,5684.749198735448,7.0,290.54688,500.0,227.2607,-1.0,0.18786621,1.0,0.66326916,0.15850247,-1.5642378e-05,0.0017327087,-0.0008819967,-2.0487943,0.66845703,0.33154297,0.14367676,0.7168734073638916
5201920,5691.6356285188895,7.0,289.79065,500.0,227.31335,-1.0,0.18786621,1.0,0.6645562,0.15874177,-0.00497346,0.0026155864,-0.0062812534,-1.2967936,0.66760254,0.33239746,0.14453125,0.717932939529419
5210112,5695.349895059561,7.0,289.6255,500.0,227.31168,-1.0,0.18847656,1.0,0.66484255,0.15958278,-0.0042317426,0.0017492659,-0.005106376,-1.127714,0.6669922,0.3330078,0.14453125,0.7186204195022583
5218304,5704.665802658899,7.0,289.22327,500.0,227.31049,-1.0,0.18969727,1.0,0.6652297,0.16043675,-0.004061503,0.001666995,-0.0048950003,-2.5785644,0.66589355,0.33410645,0.14440918,0.719203770160675
5226496,5681.954376998559,7.0,289.18945,500.0,227.32779,-1.0,0.18945312,1.0,0.6652993,0.16038197,-0.004615984,0.0019242726,-0.0055781207,-1.3380387,0.6660156,0.33398438,0.14453125,0.7198912501335144
5234688,5699.404604742617,7.0,288.443,500.0,227.34795,-1.0,0.19030762,1.0,0.66643053,0.16095491,-0.004223199,0.0034569153,-0.005951656,-1.1340978,0.66467285,0.33532715,0.14501953,0.7207245826721191
5242880,5686.191397402105,7.0,288.5763,500.0,227.30992,-1.0,0.19030762,1.0,0.66624737,0.16098836,-0.0037677037,0.0010602609,-0.004297834,-0.94985986,0.6647949,0.33520508,0.14489746,0.7210995554924011
5251072,5689.434075498835,7.0,288.09607,500.0,227.3652,-1.0,0.19018555,1.0,0.6669231,0.16101283,-0.005514267,0.0024192818,-0.006723908,-1.0282475,0.6644287,0.3355713,0.14538574,0.7220995426177979
5259264,5690.7137093748925,7.0,287.45068,500.0,227.39864,-1.0,0.1899414,1.0,0.66808987,0.16076458,-0.0027516508,0.0028379853,-0.0041706436,-1.3381913,0.66381836,0.33618164,0.14624023,0.7231590747833252
5267456,5691.9750604776955,7.0,287.0619,500.0,227.41502,-1.0,0.19030762,1.0,0.668625,0.1613432,-0.0044352636,0.0027401103,-0.0058053187,-0.2571607,0.663208,0.336792,0.14648438,0.7238847017288208
5275648,5695.7747453127195,7.0,286.83032,500.0,227.31538,-1.0,0.19091797,1.0,0.6690898,0.16190669,-0.008409571,0.002805782,-0.009812463,-0.3507129,0.6624756,0.3375244,0.14660645,0.7245438098907471
5283840,5679.557514801096,7.0,286.6654,500.0,227.24371,-1.0,0.19152832,1.0,0.6693714,0.16233787,-0.0066269003,0.0021998978,-0.007726849,-0.7683635,0.66186523,0.33813477,0.14660645,0.7251271605491638
5292032,5683.313371783656,7.0,286.7434,500.0,227.2094,-1.0,0.19226074,1.0,0.6691615,0.16271828,-0.0076600295,0.0013678357,-0.008343947,-1.2256279,0.661499,0.33850098,0.14624023,0.7254486083984375
5300224,5704.588138882211,7.0,286.5343,500.0,227.22151,-1.0,0.1932373,1.0,0.66924495,0.16358086,-0.0039442535,0.0018263031,-0.004857405,-0.9391093,0.6607666,0.3392334,0.1459961,0.7258396148681641
5308416,5760.919736833281,7.0,286.95728,500.0,227.16039,-1.0,0.19311523,1.0,0.6686415,0.163263,-0.00576919,0.0010539175,-0.006296149,-1.3540101,0.6612549,0.33874512,0.14562988,0.726089596748352
5316608,5775.430259887937,7.0,286.29883,500.0,227.21617,-1.0,0.1932373,1.0,0.66960967,0.1634051,-0.0036558337,0.002680662,-0.0049961647,-1.7326833,0.66052246,0.33947754,0.14624023,0.7270023822784424
5324800,5688.171025202962,7.0,286.25513,500.0,227.16519,-1.0,0.19250488,1.0,0.6700028,0.16286287,-0.005763941,0.0018848272,-0.0067063547,-1.7187531,0.6607666,0.3392334,0.14672852,0.7277817726135254
5332992,5695.284756958171,7.0,286.005,500.0,227.19322,-1.0,0.19335938,1.0,0.6702122,0.1636655,-0.002205945,0.0013616947,-0.0028867924,-2.3104286,0.6600342,0.33996582,0.14660645,0.7282074689865112
5341184,5699.849916301479,7.0,285.98315,500.0,227.16486,-1.0,0.19360352,1.0,0.67032385,0.16382107,-0.0065182713,0.0009285906,-0.0069825654,-1.9222625,0.65979004,0.34020996,0.14660645,0.7284747362136841
5349376,5691.092621581364,7.0,285.06555,500.0,227.19177,-1.0,0.19384766,1.0,0.6718904,0.16417794,-0.0060977954,0.0031367557,-0.007666173,-0.3224007,0.65856934,0.34143066,0.14758301,0.7294203639030457
5357568,5693.710567398486,7.0,285.2594,500.0,227.13708,-1.0,0.19470215,1.0,0.6713706,0.16498649,-0.002833251,0.0019724115,-0.0038194568,-0.97954565,0.6583252,0.3416748,0.14697266,0.7301703691482544
5365760,5698.187207770821,7.0,284.9718,500.0,227.12347,-1.0,0.19494629,1.0,0.6718451,0.16518998,-0.0035148445,0.0018077972,-0.0044187433,-0.9219969,0.6578369,0.3421631,0.1472168,0.7306346297264099
5373952,5698.133344300721,7.0,284.69666,500.0,227.06525,-1.0,0.19580078,1.0,0.67223233,0.16537806,-0.003271313,0.00251125,-0.004526938,-2.2974715,0.6569824,0.34301758,0.1472168,0.7314102649688721
5382144,5698.601139994268,7.0,284.60535,500.0,227.0881,-1.0,0.19641113,1.0,0.6721451,0.16563344,-0.0020804426,0.0014459654,-0.0028034258,-2.256604,0.6566162,0.3433838,0.14697266,0.7324102520942688
5390336,5679.949965805978,7.0,283.87537,500.0,227.13528,-1.0,0.19726562,1.0,0.6730748,0.16646317,-0.0034197315,0.0020916741,-0.004465569,-0.8633006,0.6553955,0.3446045,0.14733887,0.733112633228302
5398528,5685.7679755450545,7.0,283.57568,500.0,227.11685,-1.0,0.19677734,1.0,0.67376137,0.16613337,-0.0041264854,0.0017256935,-0.0049893316,-0.53289187,0.65527344,0.34472656,0.14794922,0.7338348627090454
5406720,5681.029955426062,7.0,283.53442,500.0,227.05928,-1.0,0.19726562,1.0,0.6737998,0.16610041,-0.005265573,0.0018121798,-0.0061716624,-0.8761084,0.6549072,0.34509277,0.14782715,0.7341253757476807
5414912,5722.9003146786345,7.0,283.71912,500.0,227.06454,-1.0,0.19677734,1.0,0.67358017,0.16587567,6.11046e-05,0.0006530436,-0.00026541715,-1.3919623,0.6553955,0.3446045,0.14782715,0.7341026663780212
5423104,5759.769575277459,7.0,283.71643,500.0,227.05559,-1.0,0.19750977,1.0,0.6733658,0.16617727,-0.0067168823,0.00055651914,-0.0069951424,-0.0016204119,0.6550293,0.3449707,0.14746094,0.7338526844978333
5431296,5695.973974704444,7.0,283.36926,500.0,227.05571,-1.0,0.19750977,1.0,0.6739094,0.16630031,-0.0018565077,0.0020563405,-0.0028846776,-0.7553795,0.6546631,0.3453369,0.14782715,0.7347791790962219
5439488,5679.803494494301,7.0,283.3723,500.0,227.02559,-1.0,0.1977539,1.0,0.6738378,0.16645038,-0.005465189,0.0017807216,-0.0063555497,-1.3146207,0.654541,0.34545898,0.14770508,0.7354666590690613
5447680,5702.960527610855,7.0,283.13147,500.0,227.0207,-1.0,0.19702148,1.0,0.67441446,0.16592851,-0.005446134,0.0027609188,-0.006826593,-0.73776865,0.6546631,0.3453369,0.14831543,0.7364071607589722
5455872,5688.173850192954,7.0,282.55676,500.0,227.01686,-1.0,0.19763184,1.0,0.6752309,0.16637649,-0.0056361454,0.0022994303,-0.0067858603,-0.22640923,0.6536865,0.34631348,0.14868164,0.7371031045913696
5464064,5685.708701517216,7.0,282.0371,500.0,227.10149,-1.0,0.19799805,1.0,0.67575616,0.16707811,-0.0033786045,0.0017814443,-0.004269327,-0.5940185,0.6530762,0.34692383,0.14892578,0.737774133682251
5472256,5688.0420203165295,7.0,282.03748,500.0,227.10362,-1.0,0.1986084,1.0,0.6754867,0.16705385,-0.0044874153,0.0016734964,-0.0053241635,-1.4610844,0.65283203,0.34716797,0.14855957,0.738330602645874
5480448,5705.793112610231,7.0,281.7865,500.0,227.10066,-1.0,0.19909668,1.0,0.6757043,0.16722822,-0.003355707,0.0019878207,-0.004349618,-1.037948,0.65234375,0.34765625,0.14855957,0.7387257814407349
5488640,5685.50078176231,7.0,281.60645,500.0,227.06076,-1.0,0.19970703,1.0,0.67597574,0.16759077,-0.0062073627,0.0015276043,-0.0069711646,-1.2945561,0.6517334,0.3482666,0.14855957,0.7387698888778687
5496832,5698.357309625156,7.0,281.8015,500.0,227.02449,-1.0,0.1998291,1.0,0.6756688,0.16760476,-0.00513681,0.0017203571,-0.0059969886,-1.9730875,0.65185547,0.34814453,0.14831543,0.7393263578414917
5505024,5677.952597988807,7.0,281.28784,500.0,227.00925,-1.0,0.20080566,1.0,0.6762823,0.16851011,-0.0053822324,0.001975524,-0.006369994,-0.6472908,0.65075684,0.34924316,0.1484375,0.7400546073913574
5513216,5702.792043847436,7.0,280.76282,500.0,227.0311,-1.0,0.20141602,1.0,0.6769127,0.1692287,-0.0057498957,0.0024267314,-0.006963261,-0.8664515,0.64990234,0.35009766,0.14868164,0.7412331700325012
5521408,5689.993726717589,7.0,280.82263,500.0,226.99161,-1.0,0.20092773,1.0,0.6770578,0.16875489,-0.0068871416,0.0014420787,-0.007608182,-1.5121387,0.6501465,0.34985352,0.14892578,0.7419447302818298
5529600,5694.100258689121,7.0,280.58875,500.0,226.99924,-1.0,0.20117188,1.0,0.6773459,0.16889414,-0.005777859,0.0010856858,-0.006320702,-2.5228314,0.6497803,0.35021973,0.14904785,0.7424089908599854
5537792,5677.509763127399,7.0,279.86792,500.0,227.02457,-1.0,0.20153809,1.0,0.6784076,0.16931714,-0.0075997775,0.001966498,-0.008583028,-0.7944883,0.6488037,0.3511963,0.1496582,0.7430126667022705
5545984,5696.864539931577,7.0,279.13208,500.0,227.08455,-1.0,0.20336914,1.0,0.67885065,0.17066097,-0.004714383,0.0019551981,-0.005691982,-1.0097117,0.6472168,0.3527832,0.14941406,0.7435126900672913
5554176,5708.307955258885,7.0,278.21753,500.0,227.12674,-1.0,0.20336914,1.0,0.68028766,0.17076454,-0.0037303683,0.0024925086,-0.0049766228,-0.22892264,0.64624023,0.35375977,0.15039062,0.7442883253097534
5562368,5686.947126878147,7.0,277.8849,500.0,227.1391,-1.0,0.20361328,1.0,0.6807528,0.17121351,-0.002800432,0.0021417963,-0.0038713298,-0.79576313,0.64575195,0.35424805,0.15063477,0.745084822177887
5570560,5695.501889757384,7.0,277.2793,500.0,227.19203,-1.0,0.20483398,1.0,0.681283,0.1725735,-0.004749439,0.0013597787,-0.0054293284,-0.20431104,0.64453125,0.35546875,0.15063477,0.745612621307373
5578752,5690.655274669783,7.0,275.97607,500.0,227.25209,-1.0,0.20605469,1.0,0.682884,0.17355797,-0.0045923283,0.0029245545,-0.0060546054,-0.64216685,0.6425781,0.35742188,0.15136719,0.7466416954994202
5586944,5696.742696433424,7.0,274.49353,500.0,227.32468,-1.0,0.20690918,1.0,0.6848572,0.17451999,-0.0062323753,0.0034268652,-0.007945808,-1.502246,0.640625,0.359375,0.15246582,0.7475583553314209
5595136,5695.862555601806,7.0,274.08142,500.0,227.3393,-1.0,0.20751953,1.0,0.6852962,0.17511173,-0.0029899224,0.0013807818,-0.003680313,-1.3416965,0.6398926,0.36010742,0.15258789,0.7478638887405396
5603328,5678.57474753618,7.0,273.7683,500.0,227.32643,-1.0,0.20788574,1.0,0.6858086,0.1756272,-0.0049745217,0.0016761714,-0.0058126077,-0.68944746,0.6392822,0.36071777,0.15283203,0.7486745119094849
5611520,5704.143033637767,7.0,273.03552,500.0,227.31926,-1.0,0.20922852,1.0,0.6865567,0.17675808,-0.00771945,0.0021850427,-0.008811971,-0.8509856,0.6378174,0.36218262,0.1529541,0.7490766644477844
5619712,5683.5606170580895,7.0,272.68408,500.0,227.33493,-1.0,0.21044922,1.0,0.686717,0.17757112,0.005464663,0.0017010048,0.004614159,-1.0017301,0.6368408,0.36315918,0.15270996,0.7494516372680664
5627904,5697.537134262921,7.0,272.32776,500.0,227.3594,-1.0,0.21228027,1.0,0.6865979,0.17925173,-0.0056636743,0.0011138744,-0.0062206113,-0.36673692,0.6356201,0.36437988,0.15209961,0.7498961091041565
5636096,5682.609357655175,7.0,271.6344,500.0,227.3741,-1.0,0.21240234,1.0,0.68771476,0.1797817,-0.0064907996,0.002089919,-0.0075357594,-1.0654874,0.6347656,0.36523438,0.15283203,0.7507824897766113
5644288,5698.617207069192,7.0,270.98047,500.0,227.37689,-1.0,0.21435547,1.0,0.6881736,0.18152699,-0.006002629,0.002446278,-0.007225768,-1.6162617,0.63305664,0.36694336,0.15258789,0.7512872219085693
5652480,5684.0438885641,7.0,270.2799,500.0,227.36671,-1.0,0.2154541,1.0,0.6889831,0.18244585,0.0004916229,0.0022584426,-0.00063759845,-1.165952,0.63171387,0.36828613,0.15283203,0.751848042011261
5660672,5690.9446324509545,7.0,270.35095,500.0,227.40266,-1.0,0.21643066,1.0,0.6884996,0.18312854,-0.005686852,0.0013615151,-0.00636761,-1.3287144,0.63134766,0.36865234,0.15222168,0.7523333430290222
5668864,5695.861611390749,7.0,269.71338,500.0,227.3887,-1.0,0.21838379,1.0,0.68894655,0.18488294,-0.0008338681,0.0031856755,-0.0024267058,-0.5432533,0.6296387,0.37036133,0.15197754,0.7534098625183105
5677056,5682.936434648049,7.0,269.49243,500.0,227.40158,-1.0,0.2199707,1.0,0.6887075,0.18607733,-0.004136943,0.0011135534,-0.0046937196,-0.7676709,0.6286621,0.3713379,0.15136719,0.7533069252967834
5685248,5690.087954922767,7.0,268.9143,500.0,227.37259,-1.0,0.22009277,1.0,0.6896427,0.18620883,-0.0070164483,0.0022462206,-0.008139559,0.59326077,0.6279297,0.3720703,0.15197754,0.7543472647666931
5693440,5701.473860136272,7.0,268.5255,500.0,227.34685,-1.0,0.22033691,1.0,0.69027245,0.18628007,-0.0046720905,0.0029567576,-0.006150469,0.36786008,0.62731934,0.37268066,0.15234375,0.7552600502967834
5701632,5685.211036607511,7.0,268.18762,500.0,227.36032,-1.0,0.22192383,1.0,0.69020617,0.18718265,-0.0035442836,0.0011955899,-0.0041420786,-1.0554471,0.6262207,0.3737793,0.15185547,0.7554939389228821
5709824,5685.09533494335,7.0,267.98413,500.0,227.31117,-1.0,0.2220459,1.0,0.690609,0.18742082,-0.0058392435,0.002054225,-0.006866356,-1.0124964,0.6258545,0.3741455,0.15209961,0.7565772533416748
5718016,5693.259611135478,7.0,267.4071,500.0,227.27281,-1.0,0.2220459,1.0,0.6916687,0.18738912,-0.005366177,0.0021525451,-0.006442449,-0.35849681,0.6251221,0.37487793,0.15283203,0.7574522495269775
5726208,5734.546292794545,7.0,266.4923,500.0,227.21318,-1.0,0.22229004,1.0,0.693177,0.1879023,-0.0049771275,0.0034231758,-0.006688716,0.5833061,0.62390137,0.37609863,0.1538086,0.7585355639457703
5734400,5683.491047771793,7.0,265.58167,500.0,227.2017,-1.0,0.2241211,1.0,0.69408363,0.18936306,-0.009128909,0.0024330588,-0.0103454385,-0.13355821,0.62194824,0.37805176,0.15393066,0.7591551542282104
5742592,5687.6804611624975,7.0,265.42822,500.0,227.19765,-1.0,0.22473145,1.0,0.69415015,0.19005585,-0.004738954,0.002364543,-0.005921226,0.3329602,0.62145996,0.37854004,0.1538086,0.759619414806366
5750784,5696.865484475177,7.0,264.85474,500.0,227.15364,-1.0,0.2265625,1.0,0.694522,0.19131017,-0.004300326,0.0014243596,-0.0050125057,-0.8252136,0.61987305,0.38012695,0.15356445,0.7597748041152954
5758976,5688.791648737289,7.0,264.38574,500.0,227.15779,-1.0,0.22729492,1.0,0.6949856,0.19198924,-0.004712926,0.0025215754,-0.0059737135,-0.21137367,0.61901855,0.38098145,0.15368652,0.7605248093605042
5767168,5682.0652526330605,7.0,264.09155,500.0,227.14119,-1.0,0.22851562,1.0,0.6951122,0.19278798,-0.005344888,0.0013449873,-0.0060173813,0.014728982,0.618042,0.381958,0.15344238,0.7607293725013733
5775360,5700.955459536016,7.0,263.88916,500.0,227.1521,-1.0,0.22827148,1.0,0.69554347,0.19300272,-0.002095904,0.0020103606,-0.0031010841,-0.22390716,0.6179199,0.38208008,0.1538086,0.7612369656562805
5783552,5678.649827589854,7.0,263.39075,500.0,227.17291,-1.0,0.22814941,1.0,0.6961975,0.1928142,-0.0065104826,0.001766685,-0.007393825,-1.2951592,0.6175537,0.3824463,0.15429688,0.76248699426651
5791744,5698.667299119619,7.0,263.10413,500.0,227.17091,-1.0,0.22875977,1.0,0.6964355,0.19345064,-0.0051160413,0.001504629,-0.005868355,-1.2895979,0.61694336,0.38305664,0.15429688,0.7631461024284363
5799936,5686.530180297148,7.0,262.3767,500.0,227.16031,-1.0,0.22888184,1.0,0.6975339,0.19377545,-0.003960566,0.0026728103,-0.005296971,0.2248581,0.61608887,0.38391113,0.1550293,0.764021098613739
5808128,5709.611274540839,7.0,262.12976,500.0,227.17657,-1.0,0.22912598,1.0,0.69780374,0.19398636,-0.006154366,0.0013774417,-0.0068430863,0.18298389,0.61572266,0.38427734,0.15515137,0.7646044492721558
5816320,5803.01295672686,7.0,261.74854,500.0,227.16966,-1.0,0.22949219,1.0,0.6982955,0.19442816,-0.00617256,0.0014007064,-0.0068729133,0.2073418,0.6151123,0.3848877,0.15539551,0.765089750289917
5824512,5691.457442945852,7.0,261.6322,500.0,227.13661,-1.0,0.23034668,1.0,0.6982763,0.1949829,-0.0075217932,0.001782854,-0.00841322,-0.6691957,0.61450195,0.38549805,0.15515137,0.765464723110199
5832704,5687.8075665632505,7.0,261.26428,500.0,227.1817,-1.0,0.23022461,1.0,0.6987534,0.1952921,-0.005342648,0.0023279318,-0.006506614,-1.1043496,0.6142578,0.3857422,0.15551758,0.766244113445282
5840896,5698.348804291241,7.0,260.4558,500.0,227.13815,-1.0,0.23083496,1.0,0.6998614,0.19613208,-0.0042660832,0.0021544127,-0.005343289,-0.1366486,0.6130371,0.3869629,0.15612793,0.7669941186904907
5849088,5687.651274798414,7.0,259.89575,500.0,227.11987,-1.0,0.23083496,1.0,0.700733,0.19622195,-0.0058193663,0.0023910783,-0.007014905,-0.77626914,0.61242676,0.38757324,0.15673828,0.7677967548370361
5857280,5693.691697503589,7.0,259.68518,500.0,227.0562,-1.0,0.23083496,1.0,0.7012554,0.19629082,-0.0058006863,0.0024080344,-0.007004704,-0.039008092,0.61206055,0.38793945,0.15710449,0.7687967419624329
5865472,5680.241992054213,7.0,259.51038,500.0,227.01805,-1.0,0.23071289,1.0,0.7015566,0.19643863,-0.006298196,0.0015973898,-0.0070968904,-0.8055961,0.6119385,0.38806152,0.15734863,0.7691717147827148
5873664,5697.539023796527,7.0,259.1803,500.0,227.03351,-1.0,0.23205566,1.0,0.70154876,0.19752717,-0.005241735,0.0016525185,-0.0060679945,-1.1942731,0.6109619,0.3890381,0.15698242,0.7693271040916443
5881856,5687.916787593757,7.0,259.25122,500.0,227.11426,-1.0,0.2331543,1.0,0.7009232,0.19790587,-0.0051122257,0.0013055139,-0.0057649827,-0.79977286,0.6105957,0.3894043,0.15625,0.76954585313797
5890048,5700.833440985223,7.0,259.07263,500.0,227.17657,-1.0,0.23364258,1.0,0.7007606,0.19830942,-0.0063993004,0.0017170524,-0.0072578266,-0.3668088,0.61035156,0.38964844,0.15600586,0.770077109336853
5898240,5692.021264069058,7.0,258.7666,500.0,227.18335,-1.0,0.23449707,1.0,0.7009107,0.1992549,-0.0055693407,0.0012685729,-0.0062036267,-0.46304214,0.60961914,0.39038086,0.15588379,0.7701497077941895
5906432,5704.891229011619,7.0,258.27576,500.0,227.12045,-1.0,0.23364258,1.0,0.7019789,0.1987983,-0.0039492017,0.0034641058,-0.005681254,-0.6646301,0.6094971,0.39050293,0.15686035,0.7714381814002991
5914624,5694.494722111182,7.0,257.7379,500.0,227.1204,-1.0,0.23413086,1.0,0.7026853,0.19952317,-0.005798335,0.0026222058,-0.007109438,-1.0514462,0.6086426,0.39135742,0.15722656,0.7724738717079163
5922816,5685.724695974407,7.0,257.4049,500.0,227.12483,-1.0,0.2331543,1.0,0.7033572,0.1990881,-0.0020220522,0.0024706859,-0.0032573955,-1.1003497,0.6088867,0.39111328,0.15795898,0.773390531539917
5931008,5690.523329749954,7.0,256.6427,500.0,227.1771,-1.0,0.23498535,1.0,0.70370233,0.200306,-0.004411675,0.0028835465,-0.005853448,-0.8371495,0.6072998,0.3927002,0.15771484,0.7739545106887817
5939200,5685.770798148636,7.0,256.74207,500.0,227.20056,-1.0,0.23498535,1.0,0.7035288,0.20048152,-0.003458052,0.0012942348,-0.0041051693,-1.5434415,0.6074219,0.39257812,0.15759277,0.7745973467826843
5947392,5702.731467848781,7.0,256.64075,500.0,227.18503,-1.0,0.23376465,1.0,0.7041088,0.19987535,-0.0020970665,0.0018012945,-0.002997714,-1.1207936,0.60791016,0.39208984,0.1583252,0.7758473753929138
5955584,5682.468387803967,7.0,256.49084,500.0,227.16048,-1.0,0.23376465,1.0,0.70445544,0.19992016,-0.005649663,0.0010832774,-0.0061913016,0.012036474,0.607666,0.39233398,0.15856934,0.7760973572731018
5963776,5694.2701166207335,7.0,255.90503,500.0,227.1617,-1.0,0.23376465,1.0,0.7053213,0.20015521,-0.0037028233,0.0026188157,-0.005012231,0.20008494,0.60705566,0.39294434,0.15917969,0.7773949503898621
5971968,5703.5654474179055,7.0,255.96179,500.0,227.13828,-1.0,0.23327637,1.0,0.7054829,0.1997096,-0.0068721944,0.0015096697,-0.007627029,-1.5500413,0.6072998,0.3927002,0.15942383,0.7777004837989807
5980160,5688.625884736238,7.0,255.2987,500.0,227.12692,-1.0,0.23388672,1.0,0.706232,0.20009907,-0.0044411877,0.002922712,-0.0059025437,-0.6194175,0.60632324,0.39367676,0.15979004,0.7788607478141785
5988352,5700.722777514161,7.0,255.02051,500.0,227.06813,-1.0,0.23461914,1.0,0.7065076,0.20058557,-0.0036124887,0.0011535408,-0.0041892594,-1.390402,0.6055908,0.39440918,0.15979004,0.7788107395172119
5996544,5700.8353327058385,7.0,254.79358,500.0,226.99947,-1.0,0.23388672,1.0,0.70726836,0.20022762,0.0024350353,0.0024539693,0.0012080504,-1.6396872,0.6055908,0.39440918,0.16052246,0.7797728776931763
6004736,5698.513245246739,7.0,254.76978,500.0,226.96254,-1.0,0.23364258,1.0,0.7075217,0.20016536,-0.004958809,0.0013151738,-0.0056163957,-1.266148,0.6055908,0.39440918,0.1607666,0.7802636027336121
6012928,5696.553802089006,7.0,254.62195,500.0,226.93439,-1.0,0.23278809,1.0,0.70806193,0.19960314,-0.005059787,0.002020491,-0.0060700323,-0.49092656,0.60583496,0.39416504,0.16137695,0.7810946702957153
6021120,5677.1570458004335,7.0,254.78711,500.0,226.92993,-1.0,0.2322998,1.0,0.7080499,0.19942665,-0.00071666215,0.001201646,-0.0013174855,-1.8770306,0.6062012,0.39379883,0.16149902,0.7814446687698364
6029312,5686.436069888089,7.0,255.08728,500.0,226.93484,-1.0,0.2322998,1.0,0.707705,0.1994685,-0.00653131,0.0010980486,-0.007080334,-1.526687,0.6064453,0.3935547,0.16125488,0.7820280194282532
6037504,5694.946817973959,7.0,254.72156,500.0,226.93047,-1.0,0.23254395,1.0,0.70814216,0.19941346,-0.0066493168,0.0021810092,-0.0077398214,-1.9019146,0.60595703,0.39404297,0.16149902,0.7827502489089966
6045696,5668.587121617691,7.0,254.11536,500.0,226.91772,-1.0,0.23376465,1.0,0.708602,0.20045556,-0.0021284223,0.0015002637,-0.002878554,-2.1947858,0.6047363,0.39526367,0.16149902,0.7829169034957886
6053888,5690.542178649605,7.0,253.63135,500.0,226.90779,-1.0,0.23474121,1.0,0.70896816,0.20085298,-0.006146974,0.0024808045,-0.007387376,-1.8615391,0.60375977,0.39624023,0.16149902,0.7836425304412842
6062080,5687.007368007791,7.0,253.6825,500.0,226.94821,-1.0,0.23474121,1.0,0.70879596,0.20097826,-0.0030096353,0.0011573491,-0.0035883102,-1.8456159,0.60388184,0.39611816,0.16137695,0.7841067910194397
6070272,5688.191741861404,7.0,253.64526,500.0,227.02896,-1.0,0.2364502,1.0,0.7080553,0.20169434,-0.0035296394,0.0010419046,-0.004050592,-2.2829158,0.6031494,0.3968506,0.16040039,0.7842016220092773
6078464,5682.762552823549,7.0,253.73108,500.0,227.0019,-1.0,0.23608398,1.0,0.70809126,0.20158109,-0.0035274522,0.0015939086,-0.0043244064,-2.0794206,0.60339355,0.39660645,0.16052246,0.7851585149765015
6086656,5694.635345491815,7.0,253.16785,500.0,226.95584,-1.0,0.23632812,1.0,0.70887136,0.20182776,-0.0040133144,0.0020180268,-0.0050223283,-2.0036807,0.60266113,0.39733887,0.16101074,0.7859799265861511
6094848,5684.239477045986,7.0,252.76758,500.0,226.95088,-1.0,0.23583984,1.0,0.7095502,0.20179027,-0.0059348643,0.0020343044,-0.0069520166,-1.9123076,0.60253906,0.39746094,0.1616211,0.7869420647621155
6103040,5690.981393363596,7.0,252.27197,500.0,226.90555,-1.0,0.2364502,1.0,0.7101211,0.20228729,-0.0027246112,0.0012715366,-0.0033603793,-2.3408532,0.6016846,0.39831543,0.16186523,0.7876179814338684
6111232,5854.3433676906625,7.0,251.49817,500.0,226.85489,-1.0,0.23754883,1.0,0.7108714,0.20286176,-7.851445e-05,0.0023648064,-0.0012609174,-1.6403388,0.6003418,0.3996582,0.16210938,0.7878558039665222
6119424,5697.174367030155,7.0,251.05457,500.0,226.76953,-1.0,0.23693848,1.0,0.7118472,0.2026023,-0.004837921,0.0016309295,-0.0056533855,-1.4772419,0.60009766,0.39990234,0.16296387,0.7886995673179626
6127616,5685.874295548569,7.0,250.29248,500.0,226.68904,-1.0,0.2388916,1.0,0.71239454,0.20391749,-0.0050588744,0.0021984752,-0.0061581116,-1.0683827,0.5982666,0.4017334,0.1628418,0.7891638278961182
6135808,5701.864614864821,7.0,250.32959,500.0,226.73999,-1.0,0.2397461,1.0,0.71185017,0.20433153,-0.0075004436,0.0006416354,-0.007821262,-2.2231977,0.59802246,0.40197754,0.16223145,0.7889138460159302
6144000,5683.373535953649,7.0,249.60828,500.0,226.67499,-1.0,0.23913574,1.0,0.71316904,0.20430967,-0.0055243266,0.00261388,-0.006831267,-2.5784628,0.5975342,0.40246582,0.16333008,0.7899796366691589
6152192,5687.611732460387,7.0,249.37341,500.0,226.59267,-1.0,0.23815918,1.0,0.7140088,0.20403668,-0.006853027,0.0020690893,-0.007887572,-1.3042591,0.59765625,0.40234375,0.16418457,0.7908725142478943
6160384,5691.420675882885,7.0,248.61621,500.0,226.48401,-1.0,0.23901367,1.0,0.7150048,0.20491667,-0.0040549515,0.002688817,-0.00539936,-2.0065804,0.5963135,0.40368652,0.16467285,0.7914119958877563
6168576,5697.392588657228,7.0,248.30847,500.0,226.42712,-1.0,0.23901367,1.0,0.71551675,0.20495978,-0.006558363,0.0012198768,-0.007168301,-1.8227545,0.59594727,0.40405273,0.16503906,0.7916165590286255
6176768,5692.388090624966,7.0,247.91406,500.0,226.3749,-1.0,0.23852539,1.0,0.7163616,0.20504478,-0.0059395973,0.002499933,-0.0071895644,-1.5548503,0.5957031,0.40429688,0.16577148,0.7925507426261902
6184960,5702.88764296332,7.0,247.58606,500.0,226.26762,-1.0,0.23718262,1.0,0.7174032,0.20451394,-0.002105126,0.0029405917,-0.0035754219,-2.2437992,0.59594727,0.40405273,0.16687012,0.7938159108161926
6193152,5679.695523684808,7.0,247.26782,500.0,226.21394,-1.0,0.23742676,1.0,0.71783274,0.204572,-0.0052539203,0.002072269,-0.006290056,-1.7442607,0.595459,0.40454102,0.16711426,0.7942416071891785
6201344,5699.431075671306,7.0,247.14795,500.0,226.24635,-1.0,0.23730469,1.0,0.7179581,0.20457281,-0.005998674,0.0014588254,-0.006728086,-2.078802,0.595459,0.40454102,0.16723633,0.794705867767334
6209536,5688.026954434022,7.0,247.39429,500.0,226.28346,-1.0,0.2376709,1.0,0.7174117,0.20460275,-0.0048785815,0.00093866565,-0.005347915,-2.133628,0.59558105,0.40441895,0.16674805,0.7946558594703674
6217728,5682.985311455107,7.0,247.2677,500.0,226.22885,-1.0,0.23803711,1.0,0.71754545,0.2047264,-0.00639477,0.0012269707,-0.007008255,-1.78184,0.59521484,0.40478516,0.16674805,0.7951750755310059
6225920,5673.367163767052,7.0,247.03894,500.0,226.18884,-1.0,0.23791504,1.0,0.71801114,0.20454457,-0.00080521696,0.0014577573,-0.0015340957,-1.4676516,0.5949707,0.4050293,0.16711426,0.7957315444946289
6234112,5702.252584164047,7.0,247.0232,500.0,226.17946,-1.0,0.23791504,1.0,0.71801114,0.20441613,-0.003216802,0.0014372066,-0.003935405,-2.1198492,0.5949707,0.4050293,0.16711426,0.7960172295570374
6242304,5682.605598368372,7.0,246.77625,500.0,226.16005,-1.0,0.23864746,1.0,0.7181081,0.20538093,-0.0033168478,0.0021049322,-0.004369314,-1.798315,0.59436035,0.40563965,0.16699219,0.7967394590377808
6250496,5686.807824153824,7.0,246.63818,500.0,226.19,-1.0,0.23852539,1.0,0.7182336,0.20539398,-0.002636667,0.0017330651,-0.0035031997,-1.6088986,0.59436035,0.40563965,0.16711426,0.7973822951316833
6258688,5707.828134590814,7.0,246.69873,500.0,226.2314,-1.0,0.23840332,1.0,0.7180192,0.20509298,-0.0076009776,0.0016766407,-0.008439298,-1.9982328,0.5946045,0.4053955,0.16699219,0.7980251312255859
6266880,5700.402161457655,7.0,246.40588,500.0,226.17625,-1.0,0.23803711,1.0,0.71856546,0.2050609,-0.005799654,0.0016088053,-0.006604057,-2.064119,0.5944824,0.40551758,0.16748047,0.7991084456443787
6275072,5694.061570243894,7.0,245.98157,500.0,226.0878,-1.0,0.23779297,1.0,0.71932536,0.20464274,0.00016862754,0.0023820747,-0.0010224101,-1.2119193,0.5941162,0.4058838,0.16809082,0.799919068813324
6283264,5706.748359048222,7.0,245.43091,500.0,226.0388,-1.0,0.23852539,1.0,0.7199312,0.20525101,-0.0010394814,0.0023286592,-0.0022038112,-2.355905,0.59313965,0.40686035,0.16833496,0.8004382848739624
6291456,5688.2152837018975,7.0,245.16016,500.0,226.06348,-1.0,0.23913574,1.0,0.71998316,0.20567864,-0.007923703,0.0014679062,-0.008657656,-2.660903,0.59265137,0.40734863,0.16821289,0.8009025454521179
6299648,5699.998368951959,7.0,244.6919,500.0,226.0444,-1.0,0.23999023,1.0,0.72029203,0.20671433,-0.0063780835,0.0016587601,-0.0072074635,-1.6140804,0.5917969,0.40820312,0.16821289,0.8012775182723999
6307840,5679.3866559513435,7.0,244.7489,500.0,226.10039,-1.0,0.2397461,1.0,0.7202038,0.20697834,-0.006331795,0.0014917147,-0.007077652,-1.8167322,0.592041,0.40795898,0.16821289,0.8020619750022888
6316032,5690.188782558611,7.0,244.12439,500.0,226.04378,-1.0,0.24084473,1.0,0.72076935,0.2076315,-0.0062963106,0.002682287,-0.007637454,-2.0993176,0.5908203,0.4091797,0.16833496,0.802665650844574
6324224,5693.540742847021,7.0,243.54163,500.0,226.02141,-1.0,0.24230957,1.0,0.72095585,0.20854515,-0.0020056006,0.0009572002,-0.002484201,-2.6829634,0.5895996,0.4104004,0.16809082,0.8027097582817078
6332416,5721.49564765043,7.0,243.11902,500.0,225.96466,-1.0,0.24194336,1.0,0.72167104,0.20828177,-0.007063696,0.0019926575,-0.008060025,-2.22455,0.58935547,0.41064453,0.16870117,0.803540825843811
6340608,5691.391451120414,7.0,243.00562,500.0,225.95177,-1.0,0.24072266,1.0,0.7222481,0.20763794,-0.006258691,0.0015423796,-0.007029881,-2.718954,0.58984375,0.41015625,0.1694336,0.8045029640197754
6348800,5691.603573148347,7.0,242.84998,500.0,225.86134,-1.0,0.23962402,1.0,0.72303563,0.20701987,-0.0042700074,0.002268204,-0.0054041096,-1.9656192,0.5900879,0.4099121,0.17028809,0.8057529926300049
6356992,5692.427699405057,7.0,242.7074,500.0,225.89853,-1.0,0.2397461,1.0,0.7230795,0.20747447,-0.006653865,0.0008278811,-0.007067805,-2.659193,0.5899658,0.41003418,0.17028809,0.8060202598571777
6365184,5686.21492268774,7.0,242.44543,500.0,225.81697,-1.0,0.2401123,1.0,0.7233801,0.20797347,-0.0067595346,0.0020214287,-0.007770249,-1.2080407,0.58947754,0.41052246,0.17041016,0.806679368019104
6373376,5678.971755825494,7.0,242.22119,500.0,225.81735,-1.0,0.24035645,1.0,0.72363645,0.2084274,-0.004006559,0.001500976,-0.0047570467,-1.8662108,0.5891113,0.41088867,0.17053223,0.8072106242179871
6381568,5701.699034288115,7.0,241.91919,500.0,225.8316,-1.0,0.24072266,1.0,0.72376764,0.20879169,-0.0032396768,0.0016341177,-0.004056736,-2.2299275,0.5887451,0.41125488,0.17053223,0.8076959252357483
6389760,5683.2297081020715,7.0,241.7201,500.0,225.8197,-1.0,0.24157715,1.0,0.723736,0.20930573,-0.004835801,0.0011089604,-0.005390281,-2.5961003,0.58813477,0.41186523,0.17028809,0.8081601858139038
6397952,5701.142753984857,7.0,241.72925,500.0,225.84639,-1.0,0.24279785,1.0,0.7233274,0.21023534,-0.003360724,0.0012538373,-0.0039876425,-1.7010826,0.5875244,0.4124756,0.16967773,0.808364748954773
6406144,5696.63408065474,7.0,241.73608,500.0,225.8387,-1.0,0.24328613,1.0,0.7231633,0.21076664,-0.004464031,0.0014179898,-0.0051730257,-2.31102,0.5872803,0.41271973,0.1694336,0.8087814450263977
6414336,5684.120993954537,7.0,241.46887,500.0,225.82536,-1.0,0.24450684,1.0,0.7230892,0.21196862,-0.0038347733,0.0014623862,-0.004565967,-1.5805552,0.5864258,0.41357422,0.16906738,0.8089480996131897
6422528,5693.706793409501,7.0,240.80994,500.0,225.74802,-1.0,0.24536133,1.0,0.72372794,0.21293914,-0.0032383115,0.0021116994,-0.004294161,-2.209659,0.58532715,0.41467285,0.16931152,0.8093391060829163
6430720,5695.628400847322,7.0,240.5802,500.0,225.67833,-1.0,0.24597168,1.0,0.72394246,0.21356484,-0.0070987586,0.0017410188,-0.007969268,-1.9697127,0.5847168,0.4152832,0.16931152,0.8098955750465393
6438912,5889.603103206824,7.0,240.72925,500.0,225.71228,-1.0,0.24633789,1.0,0.72356486,0.21377526,-0.005320857,0.00092385325,-0.005782783,-2.176797,0.5847168,0.4152832,0.16894531,0.8098241686820984
6447104,5689.144871302814,7.0,240.51794,500.0,225.69225,-1.0,0.24707031,1.0,0.7236526,0.21429025,-0.00365311,0.001064076,-0.004185148,-2.433184,0.58410645,0.41589355,0.16882324,0.8103741407394409
6455296,5687.112793055711,7.0,240.10474,500.0,225.5561,-1.0,0.24633789,1.0,0.72474486,0.21395881,-0.004883884,0.0034696197,-0.0066186935,-1.0314958,0.5838623,0.4161377,0.1697998,0.81134033203125
6463488,5684.6579687649155,7.0,239.77112,500.0,225.51157,-1.0,0.2475586,1.0,0.72483414,0.21499449,-0.0012791834,0.0008674999,-0.0017129335,-1.8594344,0.58288574,0.41711426,0.16955566,0.811257004737854
6471680,5683.401738346829,7.0,239.3761,500.0,225.5217,-1.0,0.24816895,1.0,0.7250465,0.21574849,-0.0030960888,0.0019967775,-0.0040944777,-2.0562065,0.5822754,0.4177246,0.16955566,0.8117212653160095
6479872,5698.099325791642,7.0,239.19739,500.0,225.51051,-1.0,0.24780273,1.0,0.7254242,0.21568319,-0.0018356964,0.0009074135,-0.0022894032,-2.5964248,0.5822754,0.4177246,0.16992188,0.812006950378418
6488064,5683.066148019529,7.0,238.97375,500.0,225.44194,-1.0,0.24865723,1.0,0.7255525,0.2162228,-0.0021795556,0.0012083283,-0.00278372,-1.6791904,0.58154297,0.41845703,0.1697998,0.8123569488525391
6496256,5694.394685544712,7.0,238.77832,500.0,225.38947,-1.0,0.24914551,1.0,0.72572154,0.21649271,-0.0049491357,0.0011483094,-0.00552329,-2.2223108,0.5810547,0.4189453,0.1697998,0.8124641180038452
6504448,5682.617816068667,7.0,238.93848,500.0,225.45743,-1.0,0.24963379,1.0,0.7252171,0.21692374,-0.0035817935,0.00051837525,-0.003840981,-2.6117117,0.5810547,0.4189453,0.16931152,0.8123993277549744
6512640,5690.365003922507,7.0,238.97888,500.0,225.44579,-1.0,0.24987793,1.0,0.725133,0.21697517,0.0028708512,0.00079459976,0.0024735513,-2.33159,0.5809326,0.41906738,0.16918945,0.8125196695327759
6520832,5676.900977967641,7.0,238.9226,500.0,225.44981,-1.0,0.25097656,1.0,0.72483766,0.21771294,0.00045169028,0.00070723245,9.807432e-05,-1.9011717,0.58032227,0.41967773,0.16870117,0.8124420642852783
6529024,5704.067277960518,7.0,238.8717,500.0,225.46631,-1.0,0.25097656,1.0,0.72483766,0.21774238,-0.0049044774,0.00076577405,-0.0052873646,-1.7537655,0.58032227,0.41967773,0.16870117,0.8123772740364075
6537216,5694.12196219346,7.0,238.9884,500.0,225.57256,-1.0,0.25170898,1.0,0.7242466,0.2185169,-0.0038348292,0.0007741223,-0.0042218906,-1.4888,0.5802002,0.4197998,0.16809082,0.8122835159301758
6545408,5683.105627177493,7.0,238.89685,500.0,225.54443,-1.0,0.2520752,1.0,0.7243721,0.21863091,-0.0028433623,0.0014272518,-0.003556988,-2.0827422,0.579834,0.42016602,0.16809082,0.8128668665885925
6553600,5691.692197700678,7.0,239.07703,500.0,225.55888,-1.0,0.25170898,1.0,0.7242466,0.21835655,-0.004864927,0.00059397885,-0.005161916,-2.0292525,0.5802002,0.4197998,0.16809082,0.8128252029418945
6561792,5697.265054507457,7.0,239.43396,500.0,225.6206,-1.0,0.25134277,1.0,0.7237838,0.2181372,-0.0028583487,0.00064146816,-0.0031790826,-2.8185935,0.58081055,0.41918945,0.16784668,0.8127835392951965
6569984,5674.832646986056,7.0,239.42554,500.0,225.60507,-1.0,0.25097656,1.0,0.72399515,0.21799289,0.002440121,0.0010558579,0.0019121924,-2.7461088,0.5809326,0.41906738,0.16809082,0.8129335641860962
6578176,5679.001791808127,7.0,239.12268,500.0,225.58179,-1.0,0.25183105,1.0,0.72411996,0.21860522,-0.005631299,0.0016820792,-0.006472339,-1.7078859,0.5802002,0.4197998,0.16796875,0.8133085370063782
6586368,5685.683298740751,7.0,239.05908,500.0,225.57889,-1.0,0.25134277,1.0,0.7242896,0.21839105,-0.0062360456,0.0014413896,-0.0069567403,-2.350054,0.58044434,0.41955566,0.16821289,0.8138650059700012
6594560,5707.9997607804935,7.0,239.1106,500.0,225.58197,-1.0,0.25170898,1.0,0.72407806,0.21864507,-0.0050127003,0.0009718571,-0.0054986286,-2.2782304,0.58032227,0.41967773,0.16796875,0.8142150044441223
6602752,5757.021092203684,7.0,238.67786,500.0,225.55888,-1.0,0.25317383,1.0,0.7240732,0.21970706,-0.004889662,0.0016490119,-0.005714168,-1.1628137,0.57922363,0.42077637,0.16760254,0.8144528269767761
6610944,5701.066132041082,7.0,238.90869,500.0,225.61655,-1.0,0.25231934,1.0,0.72394997,0.21928386,-0.006197437,0.0017950806,-0.007094978,-1.5859022,0.57995605,0.42004395,0.16772461,0.8150361776351929
6619136,5684.815036615716,7.0,239.04553,500.0,225.64407,-1.0,0.25268555,1.0,0.72356915,0.2197047,-0.0018684166,0.0007589834,-0.0022479082,-1.6384964,0.57995605,0.42004395,0.1673584,0.8150134682655334
6627328,5698.864840506035,7.0,239.2688,500.0,225.67334,-1.0,0.25280762,1.0,0.72327346,0.2199246,-0.0025493451,0.00087558385,-0.002987137,-1.7360348,0.5800781,0.41992188,0.16711426,0.8149557709693909
6635520,5690.2613429748335,7.0,239.42603,500.0,225.65579,-1.0,0.25268555,1.0,0.7232317,0.22001642,-0.0046060216,0.0016878428,-0.0054499423,-1.3851106,0.5802002,0.4197998,0.16711426,0.8155986070632935
6643712,5697.406759470768,7.0,239.67444,500.0,225.6091,-1.0,0.2524414,1.0,0.72314805,0.21961728,-0.0021081783,0.0013838266,-0.0028000916,-1.7134697,0.58044434,0.41955566,0.16711426,0.8158658742904663
6651904,5680.4420144958185,7.0,240.05176,500.0,225.6523,-1.0,0.25268555,1.0,0.7225562,0.21969002,-0.0019127973,0.0011848239,-0.0025052093,-2.3319073,0.5806885,0.41931152,0.16662598,0.816015899181366
6660096,5698.568061007649,7.0,240.13354,500.0,225.61397,-1.0,0.25268555,1.0,0.7225562,0.2196486,-0.0048747505,0.00078246545,-0.005265983,-2.8027394,0.5806885,0.41931152,0.16662598,0.8161659240722656
6668288,5688.809544292421,7.0,240.15881,500.0,225.59895,-1.0,0.25317383,1.0,0.7223852,0.22008231,-0.0025567096,0.0011480537,-0.0031307368,-2.1956246,0.58044434,0.41955566,0.16638184,0.8164714574813843
6676480,5683.151686888376,7.0,240.30237,500.0,225.59616,-1.0,0.25268555,1.0,0.7223873,0.2197355,-0.0073909285,0.0007834546,-0.0077826567,-2.4604282,0.58081055,0.41918945,0.1665039,0.8166060447692871
6684672,5699.109659600004,7.0,240.4696,500.0,225.6368,-1.0,0.25402832,1.0,0.7216625,0.22057721,0.0005684665,0.0009473167,9.4807474e-05,-1.6798689,0.58032227,0.41967773,0.16564941,0.8167971968650818
6692864,5786.494960271435,7.0,240.31384,500.0,225.64961,-1.0,0.25354004,1.0,0.7220033,0.2204392,-0.0028973063,0.002076443,-0.0039355275,-2.1870234,0.58044434,0.41955566,0.16601562,0.8173580169677734
6701056,5932.74132688255,7.0,240.41394,500.0,225.64867,-1.0,0.25390625,1.0,0.72179,0.2206726,-0.0044396375,0.0008613491,-0.0048703123,-2.308693,0.58032227,0.41967773,0.16577148,0.8173080086708069
6709248,5691.807225171497,7.0,240.57031,500.0,225.6521,-1.0,0.2541504,1.0,0.7215349,0.22086024,-0.001060605,0.00062838657,-0.0013747981,-2.0879557,0.58032227,0.41967773,0.16552734,0.8172580003738403
6717440,5686.821001146311,7.0,240.5503,500.0,225.62798,-1.0,0.25378418,1.0,0.7217484,0.22037144,-0.0028403578,0.001390607,-0.0035356614,-3.0021615,0.58044434,0.41955566,0.16577148,0.8177892565727234
6725632,5693.7558556565555,7.0,240.76575,500.0,225.651,-1.0,0.25305176,1.0,0.7216674,0.21984424,-0.0052097887,0.0014151994,-0.0059173885,-2.8068545,0.5810547,0.4189453,0.16589355,0.8184483647346497
6733824,5691.169918327115,7.0,240.85901,500.0,225.66953,-1.0,0.25354004,1.0,0.7213267,0.2200564,-0.0076820506,0.00064325804,-0.00800368,-2.7296991,0.5809326,0.41906738,0.16552734,0.8185316920280457
6742016,5679.735894898298,7.0,241.10266,500.0,225.69273,-1.0,0.25427246,1.0,0.7207302,0.22053236,-0.0012652008,0.00085607986,-0.0016932401,-2.0593066,0.58081055,0.41918945,0.16491699,0.8184602856636047
6750208,5684.119113310369,7.0,241.05359,500.0,225.66719,-1.0,0.2541504,1.0,0.72085786,0.22055021,-0.003681521,0.0021121593,-0.0047376007,-0.9127399,0.58081055,0.41918945,0.16503906,0.8195896148681641
6758400,5685.8799409696585,7.0,240.91406,500.0,225.61574,-1.0,0.2532959,1.0,0.7214125,0.22013187,-0.004136965,0.0019078191,-0.005090875,-1.6771423,0.5810547,0.4189453,0.16564941,0.8203118443489075
6766592,5696.364920271007,7.0,240.90247,500.0,225.56613,-1.0,0.25317383,1.0,0.7215399,0.22006467,-0.0074275224,0.0020484757,-0.008451761,-2.1423755,0.5810547,0.4189453,0.16577148,0.8208951950073242
6774784,5685.977796716472,7.0,241.43054,500.0,225.60481,-1.0,0.2524414,1.0,0.7211196,0.21949184,-0.0026920242,0.00089432666,-0.0031391876,-2.4616437,0.5819092,0.41809082,0.16564941,0.8213270306587219
6782976,5684.094665049433,7.0,241.41504,500.0,225.58167,-1.0,0.25256348,1.0,0.72116154,0.21958917,-0.006875394,0.0016831541,-0.007716971,-2.0977824,0.5817871,0.4182129,0.16564941,0.821934163570404
6791168,5705.505085178061,7.0,241.3717,500.0,225.55527,-1.0,0.25317383,1.0,0.7210322,0.22018532,-0.0023981666,0.0016366324,-0.0032164827,-2.3458874,0.5814209,0.4185791,0.16540527,0.8225412964820862
6799360,5689.974881451054,7.0,241.33813,500.0,225.51424,-1.0,0.25341797,1.0,0.7211156,0.22048065,-0.0047813603,0.0008709463,-0.005216834,-2.7084742,0.58117676,0.41882324,0.16540527,0.8230912685394287
6807552,5681.913974241353,7.0,241.57703,500.0,225.53438,-1.0,0.2541504,1.0,0.72051907,0.22077817,-0.0037083402,0.0009745701,-0.004195625,-2.043409,0.5810547,0.4189453,0.16479492,0.8230586647987366
6815744,5682.623455024984,7.0,241.6659,500.0,225.49081,-1.0,0.25378418,1.0,0.72056353,0.2204254,-0.0044517256,0.0008387992,-0.0048711253,-2.1349413,0.5812988,0.41870117,0.16491699,0.8231932520866394
6823936,5695.037434548422,7.0,241.50818,500.0,225.43498,-1.0,0.25512695,1.0,0.72051287,0.22131772,-0.002544568,0.0014566914,-0.0032729136,-2.8268497,0.58032227,0.41967773,0.16455078,0.8233844041824341
6832128,5674.854203858633,7.0,241.71606,500.0,225.47661,-1.0,0.2548828,1.0,0.7202604,0.22128037,-0.0047168974,0.0005884679,-0.0050111315,-2.923675,0.5806885,0.41931152,0.16442871,0.8233267068862915
6840320,5688.687103270656,7.0,241.50574,500.0,225.36266,-1.0,0.25512695,1.0,0.72068226,0.22174047,-0.005907243,0.002286001,-0.007050244,-1.3395106,0.5802002,0.4197998,0.16467285,0.8241373300552368
6848512,5697.891443728333,7.0,241.31555,500.0,225.27534,-1.0,0.25524902,1.0,0.72106236,0.22188023,-0.003064957,0.0020938204,-0.0041118665,-2.1383874,0.579834,0.42016602,0.16491699,0.8248248100280762
6856704,5699.296832785737,7.0,241.38306,500.0,225.27876,-1.0,0.2553711,1.0,0.7209344,0.22204593,0.00024922285,0.0010513535,-0.00027645397,-2.9412808,0.579834,0.42016602,0.16479492,0.8250747919082642
6864896,5692.938890739973,7.0,241.62085,500.0,225.33017,-1.0,0.25598145,1.0,0.72046393,0.22248048,-0.00073834974,0.00068409706,-0.0010803984,-2.652232,0.5797119,0.4202881,0.16430664,0.8248248100280762
6873088,5696.789921976927,7.0,241.47595,500.0,225.27182,-1.0,0.2562256,1.0,0.72071594,0.22246063,-0.004653106,0.0014814587,-0.0053938353,-2.6120648,0.5793457,0.4206543,0.16442871,0.8250747919082642
6881280,5703.2340982962205,7.0,241.67749,500.0,225.26778,-1.0,0.2565918,1.0,0.72033155,0.22283566,-0.0024514603,0.0010390945,-0.0029710073,-2.0420232,0.5793457,0.4206543,0.1640625,0.825209379196167
6889472,5687.539239601995,7.0,241.81201,500.0,225.28625,-1.0,0.25646973,1.0,0.7201207,0.22266243,-0.0036635748,0.0013929956,-0.004360073,-2.1310627,0.57958984,0.42041016,0.16394043,0.8254950642585754
6897664,5697.285837460968,7.0,241.8717,500.0,225.26544,-1.0,0.25769043,1.0,0.71968484,0.22312805,-0.0058820983,0.00077121134,-0.006267704,-2.375462,0.5789795,0.4210205,0.16333008,0.8252450823783875
6905856,5686.942420593641,7.0,241.89209,500.0,225.26155,-1.0,0.258667,1.0,0.7193344,0.22376768,-0.0064340876,0.0008155663,-0.0068418705,-1.5772057,0.5784912,0.4215088,0.1628418,0.8251421451568604
6914048,5712.8978243104275,7.0,242.07654,500.0,225.206,-1.0,0.25878906,1.0,0.7192056,0.22406553,-0.006658188,0.0021564765,-0.007736427,-0.41714448,0.5784912,0.4215088,0.16271973,0.825702965259552
6922240,5978.8071541600875,7.0,242.26501,500.0,225.20949,-1.0,0.2593994,1.0,0.718731,0.22438124,-0.004439812,0.0007279981,-0.0048038107,-1.8792753,0.57836914,0.42163086,0.16223145,0.825452983379364
6930432,5679.589434626949,7.0,242.54163,500.0,225.28085,-1.0,0.25964355,1.0,0.7181331,0.22439933,0.0017969044,0.0005742969,0.0015097563,-3.2813172,0.5786133,0.42138672,0.16174316,0.8255601525306702
6938624,5688.984738304709,7.0,242.4779,500.0,225.26535,-1.0,0.25976562,1.0,0.7181739,0.22469017,-0.0038385307,0.0011769506,-0.0044270055,-3.2738585,0.5784912,0.4215088,0.16174316,0.8259768486022949
6946816,5678.200315410234,7.0,242.59314,500.0,225.28406,-1.0,0.25964355,1.0,0.7179631,0.22451878,-0.0026011858,0.0016042829,-0.0034033274,-2.8543231,0.57873535,0.42126465,0.1616211,0.8264411091804504
6955008,5678.421778070185,7.0,242.45496,500.0,225.24883,-1.0,0.258667,1.0,0.7184855,0.22366971,-0.004212604,0.002488898,-0.005457053,-2.1637866,0.57910156,0.42089844,0.16223145,0.8276427388191223
6963200,5683.025729449859,7.0,242.37488,500.0,225.27126,-1.0,0.25878906,1.0,0.71852636,0.22416663,-0.0017223195,0.0023139608,-0.0028792997,-1.7942226,0.5789795,0.4210205,0.16223145,0.8282677531242371
6971392,5684.564860783351,7.0,242.5503,500.0,225.29355,-1.0,0.25805664,1.0,0.71845,0.22381029,-0.0051928298,0.00093301723,-0.005659339,-0.8344041,0.57958984,0.42041016,0.16235352,0.8284525275230408
6979584,5680.6476860608145,7.0,242.71497,500.0,225.34451,-1.0,0.25854492,1.0,0.7179345,0.22368541,-0.0070463195,0.0013698094,-0.0077312235,-2.178541,0.57958984,0.42041016,0.16186523,0.8287197947502136
6987776,5691.133154978885,7.0,242.65808,500.0,225.37285,-1.0,0.25805664,1.0,0.7181101,0.22350682,-0.0041922163,0.0013250734,-0.0048547527,-2.937507,0.579834,0.42016602,0.16210938,0.8295304179191589
6995968,5690.866399268993,7.0,242.66833,500.0,225.36697,-1.0,0.2590332,1.0,0.7177585,0.22381108,-0.0064662676,0.00092863175,-0.006930584,-2.3643956,0.5793457,0.4206543,0.1616211,0.8296030163764954
7004160,5692.590855667866,7.0,242.98816,500.0,225.40282,-1.0,0.25927734,1.0,0.71715975,0.2237385,-0.0050553386,0.0011344373,-0.0056225574,-1.6104417,0.57958984,0.42041016,0.16113281,0.8297233581542969
7012352,5699.065231406866,7.0,242.92822,500.0,225.38959,-1.0,0.25964355,1.0,0.7171125,0.22392446,-0.008001758,0.00097637734,-0.008489947,-2.48997,0.5793457,0.4206543,0.16101074,0.8298579454421997
7020544,5686.912300557259,7.0,243.34326,500.0,225.41692,-1.0,0.25952148,1.0,0.7165606,0.22373177,-0.0053387014,0.00130666,-0.005992032,-1.820834,0.579834,0.42016602,0.16064453,0.8299651145935059
7028736,5681.835989148867,7.0,243.7378,500.0,225.46878,-1.0,0.2590332,1.0,0.7160557,0.22330585,-0.0029648417,0.00070907397,-0.003319379,-2.190405,0.5805664,0.4194336,0.16040039,0.8299151062965393
7036928,5685.8376005847385,7.0,243.99963,500.0,225.50632,-1.0,0.25976562,1.0,0.71544915,0.2236729,-0.0046363743,0.00068118697,-0.004976968,-2.1082654,0.58044434,0.41955566,0.15979004,0.8298650979995728
7045120,5686.546179376481,7.0,244.31787,500.0,225.46936,-1.0,0.25915527,1.0,0.7154146,0.22316745,-0.004274774,0.0026451263,-0.005597337,-1.2695627,0.5809326,0.41906738,0.15991211,0.8309007883071899
7053312,5686.269502100096,7.0,244.48914,500.0,225.56114,-1.0,0.2593994,1.0,0.714814,0.22335613,0.0040207063,0.0019851178,0.0030281488,-1.8537271,0.58117676,0.41882324,0.15942383,0.8316852450370789
7061504,5688.257659505853,7.0,244.56848,500.0,225.59338,-1.0,0.26086426,1.0,0.71410984,0.2242607,-0.0029081395,0.0008673179,-0.0033417984,-1.2745397,0.5805664,0.4194336,0.15856934,0.8315703868865967
7069696,5701.1787007917,7.0,244.79163,500.0,225.60223,-1.0,0.26062012,1.0,0.713857,0.22432336,-0.004095299,0.0011489671,-0.0046697822,-0.6159842,0.5809326,0.41906738,0.15844727,0.8320896029472351
7077888,5787.739662927292,7.0,245.02563,500.0,225.64319,-1.0,0.26037598,1.0,0.71360403,0.22436568,-0.00479081,0.001464292,-0.0055229557,-0.86684674,0.5812988,0.41870117,0.1583252,0.8326729536056519
7086080,5863.987956546767,7.0,245.29175,500.0,225.68437,-1.0,0.25976562,1.0,0.7133988,0.22399476,0.0031367668,0.0008702575,0.002701639,-0.7204254,0.5819092,0.41809082,0.1583252,0.8328075408935547
7094272,5687.430974488136,7.0,245.17334,500.0,225.65707,-1.0,0.2614746,1.0,0.7129454,0.2255655,-0.0028241957,0.0019258908,-0.0037871413,-1.5415269,0.5809326,0.41906738,0.15759277,0.8331825137138367
7102464,5684.290257025843,7.0,245.50854,500.0,225.67867,-1.0,0.2619629,1.0,0.71225214,0.2254864,-0.0068398356,0.0022282468,-0.007953959,-2.0002244,0.5810547,0.4189453,0.15698242,0.8336143493652344
7110656,5699.161650918383,7.0,245.6742,500.0,225.66689,-1.0,0.26123047,1.0,0.7123497,0.22516662,0.017688073,0.0021420866,0.016617032,-2.044615,0.58154297,0.41845703,0.15722656,0.8344454169273376
7118848,5973.050207206968,7.0,245.79675,500.0,225.67299,-1.0,0.26184082,1.0,0.71203995,0.22578955,-0.0056203934,0.00090267457,-0.0060717305,-0.5285383,0.5812988,0.41870117,0.15686035,0.8345180153846741
7127040,5680.8317700455855,7.0,245.96448,500.0,225.66362,-1.0,0.2614746,1.0,0.71208876,0.22560732,-0.0060357423,0.0016431934,-0.006857339,-1.5856841,0.58154297,0.41845703,0.15698242,0.8354749083518982
7135232,5694.101202316304,7.0,245.96826,500.0,225.67728,-1.0,0.26208496,1.0,0.71177864,0.2259261,-0.0034361205,0.0019270787,-0.00439966,-1.5851438,0.5812988,0.41870117,0.15661621,0.8355106115341187
7143424,5676.684323227844,7.0,246.1189,500.0,225.66603,-1.0,0.26208496,1.0,0.71160716,0.22580035,-0.0021806678,0.0015030839,-0.0029322098,-2.0300896,0.5814209,0.4185791,0.15649414,0.8357017636299133
7151616,5698.291157697263,7.0,246.05298,500.0,225.6656,-1.0,0.26245117,1.0,0.7115579,0.22622459,-0.0016580641,0.001177914,-0.002247021,-1.7992393,0.58117676,0.41882324,0.15637207,0.8359690308570862
7159808,5678.376733417848,7.0,246.31409,500.0,225.68988,-1.0,0.26245117,1.0,0.7112147,0.22616932,-0.0014467316,0.0009380387,-0.0019157511,-2.2358437,0.5814209,0.4185791,0.15612793,0.8364008665084839
7168000,5689.180666970446,7.0,246.4624,500.0,225.70169,-1.0,0.26293945,1.0,0.71086264,0.22668235,-0.0038215297,0.00092199305,-0.004282526,-1.4012793,0.5812988,0.41870117,0.15576172,0.8364841938018799
7176192,5698.6635185567875,7.0,246.56445,500.0,225.71724,-1.0,0.26489258,1.0,0.7099652,0.22764255,-0.0036461574,0.0007434054,-0.0040178606,-1.4294639,0.58044434,0.41955566,0.15466309,0.8363812565803528
7184384,5700.1250798786705,7.0,246.65198,500.0,225.781,-1.0,0.26538086,1.0,0.7094388,0.22782288,-0.003503954,0.0008493256,-0.0039286166,-1.3684132,0.58044434,0.41955566,0.1541748,0.8363098502159119
7192576,5688.495917446648,7.0,246.67517,500.0,225.7714,-1.0,0.26611328,1.0,0.7091643,0.2283077,-0.0037835583,0.00077658094,-0.004171849,-2.031678,0.5800781,0.41992188,0.1538086,0.8362598419189453
7200768,5689.294650912919,7.0,246.82397,500.0,225.78268,-1.0,0.26574707,1.0,0.70904356,0.22804902,-0.00125817,0.0013078842,-0.0019121112,-1.8127687,0.58044434,0.41955566,0.1538086,0.8365098237991333
7208960,5686.373958724488,7.0,246.92993,500.0,225.72961,-1.0,0.26574707,1.0,0.70904356,0.22758344,-0.005535075,0.002154659,-0.006612405,-1.1037905,0.58044434,0.41955566,0.1538086,0.8366883993148804
7217152,5698.9054846909585,7.0,247.06335,500.0,225.73193,-1.0,0.2664795,1.0,0.7085964,0.22814575,-0.0041869753,0.0010630755,-0.0047185137,-1.8468612,0.5802002,0.4197998,0.15332031,0.836879551410675
7225344,5685.2524269643845,7.0,247.20471,500.0,225.78506,-1.0,0.26831055,1.0,0.7076463,0.22931857,-0.0026880233,0.00102667,-0.003201358,-2.202931,0.5794678,0.42053223,0.15222168,0.8367810845375061
7233536,5698.83175845792,7.0,246.94446,500.0,225.73927,-1.0,0.27001953,1.0,0.70734113,0.22997482,-0.00592173,0.0013942441,-0.0066188523,-2.9032931,0.57836914,0.42163086,0.15161133,0.8366560935974121
7241728,5678.266001685314,7.0,247.20068,500.0,225.70757,-1.0,0.27038574,1.0,0.70694244,0.23018578,-0.0036043453,0.0016264794,-0.004417585,-1.9172558,0.57836914,0.42163086,0.15124512,0.8368899822235107
7249920,5693.708680403368,7.0,246.79895,500.0,225.63808,-1.0,0.27160645,1.0,0.7071651,0.23103651,-0.0056813187,0.0022663204,-0.006814479,-2.120758,0.5772705,0.4227295,0.15112305,0.8373717069625854
7258112,5691.86285487859,7.0,247.14807,500.0,225.67892,-1.0,0.27172852,1.0,0.7065137,0.2311611,0.0012789209,0.0010017238,0.00077805936,-2.303274,0.5776367,0.42236328,0.15063477,0.8376055955886841
7266304,5690.672239460541,7.0,247.66919,500.0,225.7139,-1.0,0.27111816,1.0,0.70597047,0.23037142,-0.005587766,0.0012710034,-0.006223268,-2.0810685,0.5784912,0.4215088,0.15039062,0.8379805684089661
7274496,5694.643839743944,7.0,247.349,500.0,225.72682,-1.0,0.2722168,1.0,0.70598,0.23124832,-0.0038901255,0.0019438475,-0.004862049,-2.2787614,0.5776367,0.42236328,0.15014648,0.8384997844696045
7282688,5689.928711075607,7.0,247.69128,500.0,225.75417,-1.0,0.27270508,1.0,0.7052725,0.23141393,-0.002001876,0.00087302696,-0.0024383895,-2.109528,0.5777588,0.4222412,0.14953613,0.8382498025894165
7290880,5686.885004549874,7.0,247.8927,500.0,225.7814,-1.0,0.27319336,1.0,0.7047371,0.23216043,-0.0039919014,0.0012409091,-0.0046123564,-2.293365,0.5777588,0.4222412,0.14904785,0.8387810587882996
7299072,5689.828834867854,7.0,247.57617,500.0,225.8277,-1.0,0.2746582,1.0,0.70451415,0.23321775,-0.003969352,0.0015854305,-0.0047620675,-2.106376,0.5767822,0.42321777,0.14855957,0.8390188813209534
7307264,5622.679398630549,7.0,247.75659,500.0,225.91246,-1.0,0.27514648,1.0,0.7038034,0.23347318,-0.002814841,0.0011768464,-0.003403264,-2.5879703,0.5769043,0.4230957,0.14794922,0.839117705821991
7315456,5655.050852724304,7.0,248.08545,500.0,225.99072,-1.0,0.27478027,1.0,0.7033394,0.23334573,0.00017467572,0.0007525469,-0.00020159816,-2.426675,0.57751465,0.42248535,0.14770508,0.8392125368118286
7323648,5665.679238326402,7.0,248.08997,500.0,226.00214,-1.0,0.2746582,1.0,0.70330024,0.23333849,-0.0040755733,0.0015614502,-0.004856298,-2.5887697,0.5776367,0.42236328,0.14770508,0.8396570086479187
7331840,5695.762470971863,7.0,248.06445,500.0,226.05716,-1.0,0.27478027,1.0,0.70316577,0.23358667,-0.004838377,0.0015285419,-0.0056026485,-2.100898,0.5776367,0.42236328,0.14758301,0.839947521686554
7340032,5656.032942198229,7.0,247.86316,500.0,226.06998,-1.0,0.27539062,1.0,0.7031874,0.2342448,-0.004286796,0.0009030193,-0.004738305,-1.9375913,0.57714844,0.42285156,0.14746094,0.8399752974510193
7348224,5671.03557066963,7.0,248.12585,500.0,226.0748,-1.0,0.2758789,1.0,0.7026485,0.23435044,-0.005598317,0.001535706,-0.0063661695,-1.9757565,0.57714844,0.42285156,0.14697266,0.8402425646781921
7356416,5658.8973775191835,7.0,248.25769,500.0,226.11949,-1.0,0.27697754,1.0,0.70195544,0.23530552,-0.0017898845,0.00074917084,-0.00216447,-2.696276,0.5767822,0.42321777,0.14624023,0.8402782678604126
7364608,5660.169837357834,7.0,248.55273,500.0,226.11052,-1.0,0.27697754,1.0,0.7016075,0.23491889,-0.0039662085,0.0016353477,-0.0047838828,-2.1904106,0.57702637,0.42297363,0.1459961,0.8407179117202759
7372800,5686.6929986610685,7.0,248.68982,500.0,226.12068,-1.0,0.27612305,1.0,0.7016834,0.23413819,-0.003041603,0.001207532,-0.0036453689,-1.9901471,0.5776367,0.42236328,0.14624023,0.8411346077919006
7380992,5695.057257308492,7.0,248.63513,500.0,226.12581,-1.0,0.27661133,1.0,0.70149106,0.23458494,-0.0072193444,0.000912003,-0.007675346,-2.1145995,0.5773926,0.42260742,0.1459961,0.8415988683700562
7389184,5680.8543117615745,7.0,248.74475,500.0,226.12294,-1.0,0.2770996,1.0,0.7011242,0.23480646,-0.0017584361,0.0027792454,-0.003148058,-1.4103546,0.5772705,0.4227295,0.14562988,0.8423244953155518
7397376,5698.013336371412,7.0,248.51404,500.0,226.15024,-1.0,0.27868652,1.0,0.7007564,0.23589924,-0.004170741,0.0012258833,-0.0047836825,-2.3211486,0.57629395,0.42370605,0.14501953,0.8423017859458923
7405568,5688.632477438176,7.0,248.65222,500.0,226.1308,-1.0,0.27856445,1.0,0.70071775,0.23600852,-0.0027625288,0.0014370304,-0.0034810437,-2.3022206,0.576416,0.42358398,0.14501953,0.8429608941078186
7413760,5693.9275801800095,7.0,248.3877,500.0,226.17006,-1.0,0.2803955,1.0,0.70024866,0.23758873,-0.0019128358,0.0014744204,-0.0026500463,-1.698971,0.5753174,0.42468262,0.14428711,0.8430680632591248
7421952,5671.574756744372,7.0,248.52747,500.0,226.15518,-1.0,0.28015137,1.0,0.70017195,0.23727353,0.0050868103,0.0018303584,0.0041716304,-2.8090284,0.5755615,0.42443848,0.14428711,0.8436801433563232
7430144,5692.407894946111,7.0,248.94421,500.0,226.1731,-1.0,0.27954102,1.0,0.69980556,0.23675372,-0.004414732,0.0017008868,-0.0052651754,-1.7146404,0.57629395,0.42370605,0.14416504,0.8440183997154236
7438336,5693.057741731044,7.0,249.10938,500.0,226.21184,-1.0,0.2803955,1.0,0.69920194,0.23733406,-0.003789934,0.00056549656,-0.004072683,-1.8537896,0.5760498,0.4239502,0.14355469,0.8439767360687256
7446528,5844.112117321274,7.0,249.37732,500.0,226.21309,-1.0,0.28015137,1.0,0.69895047,0.23744759,-0.004196263,0.0008387003,-0.0046156133,-1.2574348,0.576416,0.42358398,0.14343262,0.844262421131134
7454720,5688.464839192033,7.0,249.04053,500.0,226.22798,-1.0,0.28076172,1.0,0.6991421,0.23813485,0.0035048488,0.00033262218,0.003338538,-3.0277174,0.57580566,0.42419434,0.14343262,0.844012439250946
7462912,5690.684491872329,7.0,249.15234,500.0,226.24081,-1.0,0.28051758,1.0,0.69906557,0.23799893,-0.0036319378,0.00061562116,-0.0039397487,-2.655064,0.5760498,0.4239502,0.14343262,0.8439624309539795
7471104,5680.733152141476,7.0,249.28503,500.0,226.25726,-1.0,0.28100586,1.0,0.6986947,0.2383928,-0.0011184565,0.0011905718,-0.0017137422,-0.8600394,0.57592773,0.42407227,0.1430664,0.8442481160163879
7479296,5702.779739243556,7.0,249.2771,500.0,226.22812,-1.0,0.28100586,1.0,0.6988694,0.23850563,-0.00027504342,0.0022661462,-0.0014081164,-1.466843,0.57580566,0.42419434,0.14318848,0.8449981212615967
7487488,5690.60909325184,7.0,249.56812,500.0,226.24352,-1.0,0.2816162,1.0,0.69818676,0.23875609,0.0015623792,0.00053626084,0.0012942489,-1.7398373,0.57580566,0.42419434,0.14257812,0.8447481393814087
7495680,5699.401768586271,7.0,249.94312,500.0,226.28813,-1.0,0.2824707,1.0,0.69722897,0.23921496,-0.0049379817,0.00056891085,-0.0052224374,-1.4960119,0.57580566,0.42419434,0.14172363,0.8444981575012207
7503872,5684.2451192211665,7.0,250.39185,500.0,226.36174,-1.0,0.28259277,1.0,0.6963912,0.2391674,-0.0039901687,0.00016326981,-0.0040718038,-2.4341338,0.57629395,0.42370605,0.14111328,0.8442481756210327
7512064,5700.226263544569,7.0,250.6698,500.0,226.3852,-1.0,0.28295898,1.0,0.69580394,0.23930012,-0.0058106403,0.00040403337,-0.006012657,-2.2051148,0.576416,0.42358398,0.140625,0.8439981937408447
7520256,5688.571260079452,7.0,251.10107,500.0,226.39447,-1.0,0.28308105,1.0,0.69514,0.23913288,0.0016283266,0.00052468147,0.0013659858,-2.6828766,0.5767822,0.42321777,0.14013672,0.8439565300941467
7528448,5695.541541882358,7.0,251.51721,500.0,226.41002,-1.0,0.28295898,1.0,0.6945748,0.2389807,-0.002276316,0.0004089707,-0.0024808012,-1.4113779,0.5772705,0.4227295,0.13977051,0.8437065482139587
7536640,5681.92524937161,7.0,251.34717,500.0,226.44395,-1.0,0.28393555,1.0,0.69435203,0.24002364,-0.00035677967,0.0005086939,-0.0006111268,-2.654175,0.57666016,0.42333984,0.1394043,0.8434565663337708
7544832,5884.636335439842,7.0,251.59717,500.0,226.47263,-1.0,0.28356934,1.0,0.6940621,0.2399057,-0.0033906389,0.000997334,-0.0038893062,-1.9224858,0.57714844,0.42285156,0.13928223,0.8437834978103638
7553024,5691.818539600102,7.0,251.62671,500.0,226.45512,-1.0,0.28308105,1.0,0.6942614,0.23973322,0.00068896636,0.0011928028,9.25652e-05,-2.821253,0.5773926,0.42260742,0.13952637,0.8442001938819885
7561216,5685.572281862903,7.0,251.51611,500.0,226.46432,-1.0,0.2845459,1.0,0.6938383,0.24071902,0.0018474491,0.0011365714,0.0012791634,-2.8487403,0.5765381,0.4234619,0.13891602,0.8442204594612122
7569408,5694.958144888064,7.0,251.88062,500.0,226.46884,-1.0,0.28479004,1.0,0.69321,0.24068187,-0.0030820062,0.0010038364,-0.0035839248,-2.7791777,0.5767822,0.42321777,0.13842773,0.8443152904510498
7577600,5692.341881078187,7.0,252.30725,500.0,226.49936,-1.0,0.28503418,1.0,0.6924048,0.24058443,-0.00033376366,0.001174687,-0.00092110725,-2.3604088,0.57714844,0.42285156,0.13781738,0.8446208238601685
7585792,5690.610978193002,7.0,252.16406,500.0,226.5096,-1.0,0.28588867,1.0,0.692317,0.24142519,-0.004699495,0.0011832393,-0.005291115,-2.539055,0.5765381,0.4234619,0.13757324,0.8450160026550293
7593984,5695.364999759652,7.0,252.04883,500.0,226.50464,-1.0,0.28637695,1.0,0.6922915,0.24186566,-0.0032333785,0.0011549431,-0.0038108502,-2.2569547,0.5761719,0.42382812,0.13745117,0.8453542590141296
7602176,5683.599162936432,7.0,252.39258,500.0,226.51973,-1.0,0.28637695,1.0,0.69176227,0.24153207,0.0008703558,0.001042533,0.00034908968,-2.130145,0.5765381,0.4234619,0.13708496,0.8455042839050293
7610368,5681.217821633204,7.0,252.9403,500.0,226.56271,-1.0,0.28601074,1.0,0.6911195,0.24118227,-0.0013245178,0.0005775979,-0.001613317,-2.3389874,0.5772705,0.4227295,0.13671875,0.8454542756080627
7618560,5683.474125770484,7.0,253.10254,500.0,226.5611,-1.0,0.28674316,1.0,0.69063914,0.24146497,-0.0025551494,0.0006995545,-0.002904927,-1.9870139,0.57702637,0.42297363,0.13623047,0.8452042937278748
7626752,5697.601379108613,7.0,253.32886,500.0,226.57649,-1.0,0.28649902,1.0,0.69038695,0.24135429,0.0005979398,0.0013545022,-7.931143e-05,-1.9783548,0.5773926,0.42260742,0.1361084,0.8455542922019958
7634944,5685.705878975287,7.0,253.41638,500.0,226.57155,-1.0,0.2869873,1.0,0.6900072,0.24157426,0.0016388537,0.0017090269,0.0007843401,-1.5260096,0.5772705,0.4227295,0.13574219,0.8457209467887878
7643136,5683.205267491455,7.0,253.9159,500.0,226.58842,-1.0,0.28723145,1.0,0.6891975,0.24149574,-0.0047470937,0.0009919787,-0.0052430835,-2.5069,0.5776367,0.42236328,0.13513184,0.8458555340766907
7651328,5689.742152699535,7.0,254.3114,500.0,226.61237,-1.0,0.2861328,1.0,0.6890346,0.24056952,0.00040124392,0.00090160046,-4.9557188e-05,-2.3063567,0.5786133,0.42138672,0.1352539,0.8462305068969727
7659520,5695.008172631001,7.0,254.7168,500.0,226.66792,-1.0,0.2869873,1.0,0.68805844,0.24107173,0.0005370489,0.0009348168,6.964046e-05,-2.1424248,0.5786133,0.42138672,0.13439941,0.8462662100791931
7667712,5688.24541754208,7.0,255.08923,500.0,226.71918,-1.0,0.28735352,1.0,0.6872842,0.2412973,-0.0013319709,0.0010452529,-0.0018545971,-2.305775,0.5788574,0.42114258,0.13378906,0.8463733792304993
7675904,5703.83434185949,7.0,255.53906,500.0,226.74965,-1.0,0.28808594,1.0,0.6862664,0.24167389,-0.0029777815,0.00063287397,-0.0032942186,-2.4326086,0.5789795,0.4210205,0.13293457,0.8461233973503113
7684096,5690.4234326664255,7.0,256.26892,500.0,226.75452,-1.0,0.28735352,1.0,0.68550575,0.24091628,-0.0021181123,0.000946194,-0.0025912093,-2.875601,0.5800781,0.41992188,0.13256836,0.8460586071014404
7692288,5690.12282014968,7.0,256.52283,500.0,226.78403,-1.0,0.28771973,1.0,0.6849068,0.24123284,-0.00022056833,0.00090819626,-0.0006746668,-2.813941,0.5802002,0.4197998,0.13208008,0.8461534380912781
7700480,5689.080817021806,7.0,256.44922,500.0,226.72691,-1.0,0.28796387,1.0,0.68498236,0.2411244,-0.005475799,0.001643636,-0.006297617,-2.7471824,0.57995605,0.42004395,0.13208008,0.8466846942901611
7708672,5693.326589661463,7.0,256.3916,500.0,226.77858,-1.0,0.28833008,1.0,0.6847391,0.24135354,0.0030569094,0.001879079,0.0021173686,-2.9269104,0.579834,0.42016602,0.13183594,0.8471489548683167
7716864,5681.861357558488,7.0,256.85583,500.0,226.79248,-1.0,0.28686523,1.0,0.68464124,0.2404765,-0.006967272,0.000915891,-0.0074252174,-2.811938,0.5810547,0.4189453,0.13208008,0.8474544882774353
7725056,5684.458589743908,7.0,257.08447,500.0,226.80649,-1.0,0.28710938,1.0,0.6841822,0.24067493,-0.002593597,0.00077330705,-0.0029802506,-2.1821427,0.58117676,0.41882324,0.13171387,0.8474317789077759
7733248,5690.31317297657,7.0,257.26526,500.0,226.8201,-1.0,0.2861328,1.0,0.6842345,0.2401569,0.0024865363,0.001568391,0.001702341,-1.6806626,0.5819092,0.41809082,0.13195801,0.8483108282089233
7741440,5747.951794458638,7.0,257.4579,500.0,226.78009,-1.0,0.28649902,1.0,0.6838135,0.24027422,-0.0029973555,0.0017752873,-0.003884999,-2.360996,0.5819092,0.41809082,0.1315918,0.848632276058197
7749632,5680.96232663302,7.0,257.29797,500.0,226.72778,-1.0,0.28771973,1.0,0.683658,0.24107559,6.0851395e-05,0.0022268116,-0.001052554,-2.0863402,0.5810547,0.4189453,0.13122559,0.8488700985908508
7757824,5684.330693584615,7.0,258.0569,500.0,226.73653,-1.0,0.2861328,1.0,0.6831632,0.23965615,-0.0022912715,0.0010454495,-0.0028139965,-3.8653848,0.5826416,0.4173584,0.13122559,0.8493608236312866
7766016,5700.760610696142,7.0,258.30664,500.0,226.77707,-1.0,0.2857666,1.0,0.68286973,0.23937988,-0.0030805839,0.001460794,-0.003810981,-3.1890144,0.5831299,0.41687012,0.13110352,0.8498515486717224
7774208,5687.029958760443,7.0,258.5548,500.0,226.79321,-1.0,0.28588867,1.0,0.6823715,0.23932597,-0.0044355704,0.0007206825,-0.0047959117,-3.021706,0.583374,0.41662598,0.1307373,0.8497938513755798
7782400,5686.590412593742,7.0,258.65247,500.0,226.78448,-1.0,0.2854004,1.0,0.682397,0.23892301,-0.0036016738,0.0016826271,-0.004442987,-1.9802629,0.58374023,0.41625977,0.13085938,0.8503772020339966
7790592,5819.008550586724,7.0,258.83948,500.0,226.80951,-1.0,0.2866211,1.0,0.6815271,0.23925631,-0.000564309,0.0022503221,-0.0016894696,-1.6014276,0.583374,0.41662598,0.13000488,0.8507154583930969
7798784,5690.924838310088,7.0,258.85193,500.0,226.67908,-1.0,0.2854004,1.0,0.682397,0.23836866,-0.0040711304,0.0026874864,-0.005414874,-2.0118027,0.58374023,0.41625977,0.13085938,0.8514910936355591
7806976,5684.333514761347,7.0,258.8418,500.0,226.6903,-1.0,0.28601074,1.0,0.682231,0.23861721,-0.0028757602,0.0022003073,-0.003975914,-2.31911,0.583374,0.41662598,0.13061523,0.8520519137382507
7815168,5686.030489667596,7.0,259.33875,500.0,226.74638,-1.0,0.2857666,1.0,0.68143815,0.23833346,-0.0059345895,0.0012440081,-0.0065565933,-2.9496365,0.58410645,0.41589355,0.13012695,0.8525711297988892
7823360,5732.352547704764,7.0,259.27563,500.0,226.78229,-1.0,0.28625488,1.0,0.68123317,0.23867287,-0.006347242,0.0012902366,-0.00699236,-2.1887467,0.5838623,0.4161377,0.12988281,0.8527377843856812
7831552,5757.339426731517,7.0,259.37878,500.0,226.77377,-1.0,0.28649902,1.0,0.6809513,0.23863485,-0.0009425552,0.0018748054,-0.0018799582,-1.3128915,0.5838623,0.4161377,0.12963867,0.8533498644828796
7839744,5682.50503929244,7.0,259.50574,500.0,226.76427,-1.0,0.28601074,1.0,0.68097734,0.23826727,-0.003650422,0.0009031451,-0.004101995,-3.0394046,0.5842285,0.41577148,0.12976074,0.8538690805435181
7847936,5732.11060188287,7.0,259.7533,500.0,226.80804,-1.0,0.2874756,1.0,0.6798217,0.23923701,-0.0013072845,0.0012982623,-0.0019564158,-2.1990228,0.5838623,0.4161377,0.12866211,0.8537914752960205
7856128,5767.4469734940485,7.0,260.25354,500.0,226.8427,-1.0,0.2878418,1.0,0.67885804,0.23937348,-0.0063186334,0.0007343534,-0.0066858106,-2.385203,0.5842285,0.41577148,0.12792969,0.8539581298828125
7864320,5687.967633297444,7.0,260.40027,500.0,226.85037,-1.0,0.2878418,1.0,0.6784983,0.23907681,-0.0066520595,0.0014169957,-0.007360557,-1.8815286,0.58447266,0.41552734,0.12768555,0.8538551926612854
7872512,5698.2826525608225,7.0,260.48828,500.0,226.90604,-1.0,0.288208,1.0,0.6780729,0.23937361,-0.0071578245,0.0012379813,-0.007776815,-2.2305722,0.58447266,0.41552734,0.12731934,0.854160726070404
7880704,5687.189040392094,7.0,260.7599,500.0,226.91357,-1.0,0.28833008,1.0,0.6775707,0.23930064,-0.0022443207,0.0010241024,-0.002756372,-1.8787416,0.5847168,0.4152832,0.12695312,0.8542678952217102
7888896,5692.886069670123,7.0,261.1847,500.0,226.94829,-1.0,0.28759766,1.0,0.67716116,0.23858166,0.003988464,0.001311193,0.0033328685,-1.9132396,0.5855713,0.4144287,0.12683105,0.8543627262115479
7897088,5685.18751962778,7.0,261.41992,500.0,226.9764,-1.0,0.28674316,1.0,0.67707294,0.23804398,0.0015682881,0.0010971418,0.0010197172,-3.1619718,0.5863037,0.4136963,0.12695312,0.8545293807983398
7905280,5701.648888925027,7.0,261.70593,500.0,226.97522,-1.0,0.2869873,1.0,0.67660874,0.23826809,-0.00463254,0.0014210867,-0.0053430833,-1.4641144,0.5864258,0.41357422,0.12658691,0.8549936413764954
7913472,5691.456500194714,7.0,261.66565,500.0,227.0056,-1.0,0.2874756,1.0,0.67640144,0.2386939,-0.0057194587,0.0011738866,-0.0063064015,-1.3265654,0.58618164,0.41381836,0.12634277,0.85518479347229
7921664,5690.924838310088,7.0,261.72815,500.0,227.01007,-1.0,0.28723145,1.0,0.67632467,0.23839882,-0.0066197924,0.0011182445,-0.0071789147,-2.4502459,0.5864258,0.41357422,0.12634277,0.8555117249488831
7929856,5681.9712899512515,7.0,261.97534,500.0,227.00227,-1.0,0.28771973,1.0,0.675756,0.23888141,-0.006647216,0.0015860994,-0.0074402657,-2.3025122,0.5864258,0.41357422,0.12585449,0.8561238050460815
7938048,5680.4448318139075,7.0,262.15515,500.0,227.0074,-1.0,0.28833008,1.0,0.67522454,0.2391372,-0.0031257817,0.0010673136,-0.0036594386,-2.5492492,0.5863037,0.4136963,0.12536621,0.8562441468238831
7946240,5691.05303137838,7.0,262.2638,500.0,226.95378,-1.0,0.28857422,1.0,0.67512023,0.23912668,-0.0043398724,0.0020355938,-0.0053576687,-2.6096025,0.58618164,0.41381836,0.12524414,0.8566393256187439
7954432,5684.183996253307,7.0,262.43262,500.0,226.92867,-1.0,0.28857422,1.0,0.6749394,0.23899227,0.0020924523,0.0018302919,0.001177307,-2.3034596,0.5863037,0.4136963,0.12512207,0.8570560216903687
7962624,5685.4142314149985,7.0,262.20532,500.0,226.9084,-1.0,0.28930664,1.0,0.6749876,0.23931862,-0.004096464,0.0031540815,-0.0056735044,-1.6256467,0.58569336,0.41430664,0.125,0.8576223254203796
7970816,5697.316067482205,7.0,261.73853,500.0,226.90268,-1.0,0.29052734,1.0,0.6751866,0.24011095,-0.0048890407,0.002203256,-0.005990669,-1.7462184,0.5845947,0.41540527,0.12487793,0.8580480217933655
7979008,5689.166537047833,7.0,261.8589,500.0,226.87575,-1.0,0.2906494,1.0,0.6750437,0.23991339,-0.0066388394,0.0017807198,-0.0075291987,-1.7922803,0.5845947,0.41540527,0.12475586,0.858512282371521
7987200,5701.296950064986,7.0,261.7411,500.0,226.90121,-1.0,0.29138184,1.0,0.6749088,0.2403097,-0.0031710037,0.0019014991,-0.0041217534,-2.0689514,0.58410645,0.41589355,0.12451172,0.8590123057365417
7995392,5687.61643985275,7.0,261.81226,500.0,226.90851,-1.0,0.2919922,1.0,0.67455447,0.24052398,0.004340573,0.002231713,0.003224717,-2.7059495,0.5838623,0.4161377,0.12414551,0.8595123291015625
8003584,5691.369768426074,7.0,261.85767,500.0,226.98653,-1.0,0.29296875,1.0,0.6737687,0.24093725,-0.0062380075,0.00093321665,-0.0067046164,-2.1317244,0.58361816,0.41638184,0.123413086,0.8594290018081665
8011776,5682.279499168406,7.0,261.62842,500.0,226.96191,-1.0,0.29333496,1.0,0.6740622,0.24117292,-0.0036294372,0.0021434505,-0.004701162,-1.312963,0.5831299,0.41687012,0.123535156,0.8598368763923645
8019968,5684.303422353909,7.0,261.5298,500.0,226.9493,-1.0,0.29260254,1.0,0.67456144,0.24067101,-0.0059769414,0.0020740475,-0.0070139654,-1.9722054,0.583374,0.41662598,0.12402344,0.8605243563652039
8028160,5696.068401085179,7.0,261.60767,500.0,226.93303,-1.0,0.29223633,1.0,0.6746297,0.24030437,-0.0046312045,0.001324139,-0.0052932743,-2.8157818,0.58361816,0.41638184,0.12414551,0.8609640002250671
8036352,5687.730361123968,7.0,261.2854,500.0,226.91356,-1.0,0.2927246,1.0,0.67496073,0.24035822,-0.006685176,0.0028309075,-0.008100629,-2.5266616,0.5830078,0.4169922,0.12426758,0.8614282608032227
8044544,5684.856421206728,7.0,261.30713,500.0,226.9152,-1.0,0.29248047,1.0,0.67506653,0.24005401,-0.0030134693,0.0022922712,-0.004159605,-2.6423655,0.5831299,0.41687012,0.12438965,0.8621538877487183
8052736,5694.094596932589,7.0,261.4923,500.0,226.96034,-1.0,0.29382324,1.0,0.6740307,0.2405503,-0.0020437203,0.0018204099,-0.0029539256,-1.9577675,0.5827637,0.41723633,0.123413086,0.8627659678459167
8060928,5686.94053808202,7.0,261.02246,500.0,227.00111,-1.0,0.29492188,1.0,0.6741847,0.24122521,-0.0020744973,0.002377572,-0.0032632835,-2.853917,0.5817871,0.4182129,0.123291016,0.8633493185043335
8069120,5685.611795847916,7.0,261.21838,500.0,226.98677,-1.0,0.29577637,1.0,0.67353845,0.24175373,-0.0034880224,0.0011099188,-0.0040429817,-2.0493648,0.58154297,0.41845703,0.122680664,0.8634326457977295
8077312,5682.779470587837,7.0,261.0061,500.0,227.00812,-1.0,0.29541016,1.0,0.6739708,0.24143286,-0.004761625,0.0016667172,-0.0055949837,-2.3588362,0.58154297,0.41845703,0.123046875,0.8640649914741516
8085504,5687.321772114101,7.0,261.15576,500.0,227.04094,-1.0,0.29589844,1.0,0.6733942,0.24159914,-0.0055651814,0.0007623465,-0.0059463545,-2.5422118,0.58154297,0.41845703,0.122558594,0.8645046353340149
8093696,5675.180388699962,7.0,261.1527,500.0,227.04332,-1.0,0.29577637,1.0,0.6733572,0.24130905,-0.0040671597,0.0023511492,-0.005242734,-1.7076894,0.58166504,0.41833496,0.122558594,0.865136981010437
8101888,5692.751191742465,7.0,261.3568,500.0,227.09584,-1.0,0.296875,1.0,0.67241985,0.24200076,-0.0025591282,0.0007575697,-0.0029379134,-2.7001514,0.5814209,0.4185791,0.1217041,0.8650655746459961
8110080,5684.823501596677,7.0,261.53748,500.0,227.10727,-1.0,0.29711914,1.0,0.67194873,0.24181989,-0.0067467587,0.0014844694,-0.007488994,-3.231645,0.58154297,0.41845703,0.12133789,0.8655298352241516
8118272,5689.571622664605,7.0,261.6328,500.0,227.14438,-1.0,0.2977295,1.0,0.6714059,0.24218959,-0.0014633988,0.00135101,-0.0021389036,-2.7455254,0.5814209,0.4185791,0.12084961,0.865868091583252
8126464,5694.614581871067,7.0,261.52075,500.0,227.22694,-1.0,0.29797363,1.0,0.67129755,0.24266984,-0.0033826143,0.0010243168,-0.0038947726,-3.1496363,0.5812988,0.41870117,0.12072754,0.8662063479423523
8134656,5688.9508289440655,7.0,261.55432,500.0,227.25827,-1.0,0.2977295,1.0,0.6712241,0.24269682,-0.0018748322,0.00046139903,-0.0021055317,-3.5548413,0.58154297,0.41845703,0.12072754,0.8661486506462097
8142848,5696.031574424292,7.0,261.6974,500.0,227.28413,-1.0,0.29907227,1.0,0.6703537,0.24322632,-0.0047015743,0.0012225582,-0.005312853,-1.9591643,0.5810547,0.4189453,0.11987305,0.8662212491035461
8151040,5695.985305704831,7.0,261.43616,500.0,227.3584,-1.0,0.3005371,1.0,0.6698805,0.24435718,-0.003969833,0.0011169983,-0.0045283316,-2.1860876,0.5802002,0.4197998,0.119262695,0.8663766384124756
8159232,5689.816586140356,7.0,261.3369,500.0,227.38187,-1.0,0.30163574,1.0,0.6694778,0.24486753,-0.00035717612,0.000490063,-0.0006022077,-2.708284,0.57958984,0.42041016,0.118774414,0.8661266565322876
8167424,5719.206204087665,7.0,260.79517,500.0,227.4436,-1.0,0.30273438,1.0,0.66962004,0.245913,-0.007607003,0.0017268149,-0.0084704105,-1.2987081,0.5786133,0.42138672,0.118652344,0.8665176630020142
8175616,5689.905155050268,7.0,260.9082,500.0,227.48036,-1.0,0.30236816,1.0,0.66951203,0.24557534,-0.0063989363,0.001973445,-0.0073856586,-1.5783308,0.5789795,0.4210205,0.118652344,0.8670368790626526
8183808,5705.038049871644,7.0,261.07104,500.0,227.45592,-1.0,0.3013916,1.0,0.66977,0.24505432,-0.004480354,0.0017320048,-0.005346357,-1.3427175,0.57958984,0.42041016,0.119018555,0.8678213357925415
8192000,5680.223211327734,7.0,260.9364,500.0,227.45604,-1.0,0.30200195,1.0,0.6697684,0.2452954,-0.0013779942,0.0030972897,-0.002926639,-1.8443502,0.57910156,0.42089844,0.118896484,0.8683667778968811
8200192,5690.263227685627,7.0,261.10754,500.0,227.45312,-1.0,0.30236816,1.0,0.66932964,0.2453715,-0.001622343,0.0004412746,-0.00184298,-2.7177658,0.57910156,0.42089844,0.11853027,0.8681167960166931
8208384,5677.893486798466,7.0,260.62598,500.0,227.4554,-1.0,0.30285645,1.0,0.6698382,0.24539843,-0.0054403287,0.0030609763,-0.006970817,-2.1182706,0.57836914,0.42163086,0.118774414,0.8687556982040405
8216576,5721.003129259358,7.0,260.55627,500.0,227.48112,-1.0,0.3034668,1.0,0.66965306,0.24532822,-0.004271902,0.0013790022,-0.004961403,-1.6991447,0.5780029,0.42199707,0.11853027,0.8691723942756653
8224768,5673.770002503347,7.0,260.7141,500.0,227.49614,-1.0,0.303833,1.0,0.6692135,0.24542388,-0.0056106844,0.0017230095,-0.006472189,-1.2680131,0.5780029,0.42199707,0.11816406,0.8698047399520874
8232960,5704.8533409841375,7.0,260.5343,500.0,227.46695,-1.0,0.3062744,1.0,0.66846496,0.24677446,-0.0015006597,0.0016084807,-0.0023048997,-2.446944,0.5765381,0.4234619,0.1171875,0.8696797490119934
8241152,5674.685502273773,7.0,260.32483,500.0,227.45518,-1.0,0.3067627,1.0,0.6686063,0.24711964,-0.0064683836,0.0016534824,-0.007295125,-2.8642771,0.5760498,0.4239502,0.1171875,0.8699175715446472
8249344,5688.258601197556,7.0,260.40564,500.0,227.48601,-1.0,0.30651855,1.0,0.66853565,0.24715137,-0.0053035105,0.0013390617,-0.005973041,-2.691712,0.57629395,0.42370605,0.1171875,0.8707020282745361
8257536,5677.961042545042,7.0,260.31384,500.0,227.5073,-1.0,0.3059082,1.0,0.6689064,0.24699621,-0.0051939595,0.0039117998,-0.00714986,-2.4585924,0.5765381,0.4234619,0.11755371,0.8717020153999329
8265728,5698.112555163572,7.0,260.32935,500.0,227.53662,-1.0,0.305542,1.0,0.6689826,0.24683163,-0.0026316228,0.00066761556,-0.0029654303,-2.6958594,0.5767822,0.42321777,0.11767578,0.8718223571777344
8273920,5682.568945582703,7.0,260.63428,500.0,227.5742,-1.0,0.3050537,1.0,0.6686579,0.24631922,-0.005873732,0.0012019282,-0.006474696,-2.4887378,0.5773926,0.42260742,0.11755371,0.8722175359725952
8282112,5702.803401990453,7.0,260.62976,500.0,227.61247,-1.0,0.30615234,1.0,0.6680642,0.24702969,-0.0026203387,0.0017419155,-0.003491297,-2.1131947,0.5769043,0.4230957,0.11694336,0.8723622560501099
8290304,5681.247881379403,7.0,260.6626,500.0,227.69229,-1.0,0.30651855,1.0,0.667622,0.24704674,-0.0026866742,0.0022783002,-0.0038258242,-1.3234632,0.5769043,0.4230957,0.11657715,0.872969388961792
8298496,5705.029524582787,7.0,260.85876,500.0,227.67545,-1.0,0.305542,1.0,0.66788685,0.24662988,-0.004842107,0.0017729943,-0.005728605,-1.6368718,0.57751465,0.42248535,0.11694336,0.8736568689346313
8306688,5684.593075001133,7.0,261.0393,500.0,227.70984,-1.0,0.30529785,1.0,0.6676329,0.24633208,-0.0043658726,0.000675376,-0.004703561,-1.8616372,0.57788086,0.42211914,0.11682129,0.8736341595649719
8314880,5693.438852978747,7.0,260.86658,500.0,227.75958,-1.0,0.30664062,1.0,0.6671087,0.24700677,-0.0025534555,0.0024336353,-0.0037702734,-1.487476,0.57714844,0.42285156,0.11621094,0.8740818500518799
8323072,5684.288376269669,7.0,260.68933,500.0,227.80647,-1.0,0.30749512,1.0,0.66698986,0.24767709,-0.0044777663,0.0026203329,-0.0057879332,-1.8586025,0.5765381,0.4234619,0.1159668,0.8747528791427612
8331264,5682.459929835309,7.0,260.57178,500.0,227.809,-1.0,0.30773926,1.0,0.6670603,0.24777077,-0.006827607,0.0022478981,-0.007951556,-1.7001278,0.57629395,0.42370605,0.1159668,0.8751438856124878
8339456,5696.401751242409,7.0,260.7019,500.0,227.80159,-1.0,0.30700684,1.0,0.66721475,0.2472522,-0.0014054351,0.0013993119,-0.0021050912,-3.0970414,0.5767822,0.42321777,0.11621094,0.875861644744873
8347648,5686.235625100122,7.0,260.55383,500.0,227.8289,-1.0,0.30700684,1.0,0.6673977,0.24730033,-0.002575721,0.0014048696,-0.0032781553,-1.817124,0.57666016,0.42333984,0.11633301,0.8762568235397339
8355840,5683.901907281223,7.0,260.55725,500.0,227.87543,-1.0,0.30786133,1.0,0.6669124,0.2481144,-0.00055490335,0.00077207206,-0.00094093935,-2.397858,0.57629395,0.42370605,0.11584473,0.8761991262435913
8364032,5687.594785912403,7.0,260.5205,500.0,227.83582,-1.0,0.30895996,1.0,0.66649574,0.24870104,-0.0034416914,0.0009870628,-0.0039352225,-2.4987133,0.5756836,0.4243164,0.115356445,0.8759491443634033
8372224,5690.184070907255,7.0,260.42615,500.0,227.81784,-1.0,0.30895996,1.0,0.66667885,0.24881762,-0.0049011325,0.00093358976,-0.0053679277,-2.9900274,0.5755615,0.42443848,0.115478516,0.876043975353241
8380416,5698.73156945523,7.0,260.85608,500.0,227.86055,-1.0,0.30932617,1.0,0.66568434,0.24883766,-0.0017911891,0.000624867,-0.002103623,-3.3605618,0.57592773,0.42407227,0.114746094,0.876002311706543
8388608,5691.737453855742,7.0,260.7948,500.0,227.89503,-1.0,0.3112793,1.0,0.6647733,0.25019446,-0.0018050328,0.001047729,-0.0023288974,-2.156415,0.5749512,0.42504883,0.11376953,0.8758951425552368
8396800,5689.85239026127,7.0,260.77136,500.0,227.90872,-1.0,0.3112793,1.0,0.6647733,0.25008133,0.00030834513,0.001372075,-0.0003776914,-2.1115148,0.5749512,0.42504883,0.11376953,0.8762006759643555
8404992,5700.4655251933955,7.0,260.76147,500.0,227.96968,-1.0,0.3116455,1.0,0.66450995,0.25050253,-0.0041753002,0.0014788145,-0.0049147075,-2.354181,0.5748291,0.4251709,0.11352539,0.8765567541122437
8413184,5706.018628067382,7.0,261.0736,500.0,227.99873,-1.0,0.31262207,1.0,0.6634993,0.251005,-0.0017424679,0.0007202523,-0.002102594,-2.4281783,0.57470703,0.42529297,0.1126709,0.8763067722320557
8421376,5691.193484825798,7.0,261.28052,500.0,228.01637,-1.0,0.31298828,1.0,0.6628663,0.2510686,-0.0019057703,0.0005650589,-0.0021882998,-2.1577215,0.5748291,0.4251709,0.11218262,0.8760567903518677
8429568,5689.918346400428,7.0,261.56055,500.0,228.02815,-1.0,0.31262207,1.0,0.66257876,0.2508959,-0.0052636117,0.0010761428,-0.0058016824,-1.931101,0.5753174,0.42468262,0.11206055,0.8763240575790405
8437760,5680.657077812038,7.0,261.65784,500.0,228.0525,-1.0,0.31311035,1.0,0.66216385,0.25129625,-3.557076e-05,0.0009613087,-0.00051622523,-1.4451579,0.5751953,0.4248047,0.111694336,0.8764312267303467
8445952,5688.442237038332,7.0,261.93262,500.0,228.0368,-1.0,0.31274414,1.0,0.6618759,0.25084937,-0.00357251,0.0011185353,-0.004131778,-1.6706522,0.5756836,0.4243164,0.111572266,0.8764937520027161
8454144,5698.599249756116,7.0,262.115,500.0,228.04565,-1.0,0.31298828,1.0,0.66139144,0.25077888,-0.0052332827,0.0009017555,-0.0056841606,-2.7951975,0.57580566,0.42419434,0.111206055,0.8766785264015198
8462336,5687.046901942714,7.0,262.13196,500.0,228.07016,-1.0,0.3137207,1.0,0.66104436,0.25131506,-0.008781731,0.0013941028,-0.009478783,-1.1623776,0.57543945,0.42456055,0.110839844,0.8769285082817078
8470528,5700.036192519359,7.0,262.74463,500.0,228.13208,-1.0,0.3125,1.0,0.6605144,0.25056708,-0.00073470396,0.00030090302,-0.0008851559,-1.8976507,0.5767822,0.42321777,0.11071777,0.8768959045410156
8478720,5691.864740650428,7.0,262.80396,500.0,228.08649,-1.0,0.31176758,1.0,0.6608604,0.25002623,0.009521325,0.0015504084,0.008746122,-1.6183027,0.57714844,0.42285156,0.111083984,0.8775718212127686
8486912,5678.357026607172,7.0,262.82556,500.0,228.08461,-1.0,0.3125,1.0,0.6605144,0.25044316,0.00011108513,0.0016965272,-0.0007371784,-1.6880789,0.5767822,0.42321777,0.11071777,0.8779467940330505
8495104,5686.197984462461,7.0,262.54395,500.0,228.16316,-1.0,0.3140869,1.0,0.66003877,0.25144136,0.0009916157,0.002303551,-0.00016015931,-2.098148,0.57580566,0.42419434,0.11010742,0.878466010093689
8503296,5684.297780062984,7.0,262.61682,500.0,228.16252,-1.0,0.3145752,1.0,0.6596211,0.2512928,-0.002353525,0.001645698,-0.003176374,-2.1027257,0.5756836,0.4243164,0.10974121,0.8787332773208618
8511488,5689.031835309553,7.0,262.70422,500.0,228.18718,-1.0,0.3145752,1.0,0.65943605,0.25128153,-0.0040532164,0.0006603483,-0.004383391,-2.6003845,0.57580566,0.42419434,0.10961914,0.8788281083106995
8519680,5684.626932432168,7.0,262.55078,500.0,228.24004,-1.0,0.31469727,1.0,0.6594703,0.2510891,-0.00588398,0.0021173242,-0.006942642,-2.7545063,0.5756836,0.4243164,0.10961914,0.8796307444572449
8527872,5693.999292387599,7.0,262.47314,500.0,228.21811,-1.0,0.3145752,1.0,0.6596211,0.25064355,-0.0023073023,0.002135555,-0.0033750797,-1.9481384,0.5756836,0.4243164,0.10974121,0.8803017735481262
8536064,5684.797166183141,7.0,262.60205,500.0,228.25044,-1.0,0.31469727,1.0,0.6592852,0.25059515,0.00033227494,0.0011389026,-0.0002371762,-1.604135,0.57580566,0.42419434,0.10949707,0.8804221153259277
8544256,5688.102284644672,7.0,262.14282,500.0,228.21754,-1.0,0.31469727,1.0,0.6600254,0.25025517,-0.002044195,0.0024880674,-0.003288229,-2.0821333,0.5753174,0.42468262,0.10998535,0.8811977505683899
8552448,5680.48051808493,7.0,262.2517,500.0,228.2671,-1.0,0.3140869,1.0,0.66003877,0.24949503,0.0027477685,0.0017881914,0.0018536735,-1.7960169,0.57580566,0.42419434,0.11010742,0.881804883480072
8560640,5697.35952369977,7.0,262.41064,500.0,228.26604,-1.0,0.31384277,1.0,0.65997,0.24905065,-0.0030221348,0.0013208019,-0.0036825356,-1.9032339,0.5760498,0.4239502,0.11010742,0.8818774819374084
8568832,5727.390531664576,7.0,262.401,500.0,228.31436,-1.0,0.31420898,1.0,0.65970314,0.249536,-0.001020527,0.001632788,-0.001836921,-2.0719943,0.57592773,0.42407227,0.10986328,0.8822157382965088
8577024,5700.66886609747,7.0,262.23438,500.0,228.30743,-1.0,0.31506348,1.0,0.6595732,0.24979556,-0.0010050157,0.0016871995,-0.0018486151,-1.5064824,0.5753174,0.42468262,0.10961914,0.8823229074478149
8585216,5690.551603146257,7.0,262.0614,500.0,228.30898,-1.0,0.31518555,1.0,0.65979236,0.24987036,-0.0014117729,0.001138936,-0.0019812402,-1.7136139,0.57507324,0.42492676,0.10974121,0.8823955059051514
8593408,5690.561970128628,7.0,261.95374,500.0,228.34784,-1.0,0.31604004,1.0,0.6594761,0.25024557,-0.003716236,0.001197246,-0.0043148594,-1.6760454,0.57458496,0.42541504,0.109375,0.8824681043624878
8601600,5694.640064517647,7.0,261.99976,500.0,228.42398,-1.0,0.31762695,1.0,0.6584352,0.25123537,-0.005857938,0.00067673204,-0.006196304,-1.4647204,0.5739746,0.4260254,0.10839844,0.8822181224822998
8609792,5701.065186104029,7.0,261.7107,500.0,228.42247,-1.0,0.3182373,1.0,0.65860397,0.25151086,-0.00063391495,0.001929336,-0.0015985826,-1.2487566,0.57336426,0.42663574,0.10839844,0.882422685623169
8617984,5689.596118062999,7.0,262.0111,500.0,228.40765,-1.0,0.31774902,1.0,0.6584691,0.25099248,0.000656381,0.0014242434,-5.5740762e-05,-1.8359399,0.57385254,0.42614746,0.10839844,0.8828623294830322
8626176,5688.782230069284,7.0,262.037,500.0,228.38248,-1.0,0.31799316,1.0,0.6583511,0.25110736,-0.0009642274,0.0012862572,-0.0016073558,-1.6733172,0.57373047,0.42626953,0.10827637,0.8827909231185913
8634368,5687.113734368387,7.0,262.02185,500.0,228.35724,-1.0,0.31750488,1.0,0.65858674,0.2506241,-0.0028211437,0.0014314608,-0.0035368742,-2.4005182,0.5739746,0.4260254,0.10852051,0.8835024833679199
8642560,5695.993803984707,7.0,261.97046,500.0,228.37709,-1.0,0.31762695,1.0,0.65862054,0.25074247,-0.0036978642,0.0011745229,-0.004285126,-2.4284477,0.57385254,0.42614746,0.10852051,0.8836096525192261
8650752,5686.639352274267,7.0,261.58386,500.0,228.36462,-1.0,0.3187256,1.0,0.65873855,0.25147724,-0.0010092333,0.00042238107,-0.0012204242,-2.0057921,0.572876,0.42712402,0.10839844,0.8833596706390381
8658944,5702.526086931988,7.0,261.45178,500.0,228.32529,-1.0,0.31884766,1.0,0.6589573,0.25155437,-0.0027942588,0.0012446911,-0.0034166044,-0.74338937,0.57263184,0.42736816,0.10852051,0.8835935592651367
8667136,5676.39922703903,7.0,260.86548,500.0,228.27467,-1.0,0.31848145,1.0,0.66015226,0.25145128,-0.00043995492,0.0031119604,-0.0019959353,-1.3268287,0.57214355,0.42785645,0.109375,0.8844411373138428
8675328,5701.921387562183,7.0,261.04492,500.0,228.27084,-1.0,0.31835938,1.0,0.65993375,0.25130522,-0.004768459,0.00077683845,-0.0051568793,-1.4638675,0.5723877,0.4276123,0.10925293,0.8841911554336548
8683520,5748.701909132341,7.0,260.89868,500.0,228.29782,-1.0,0.31848145,1.0,0.6599673,0.25154483,-0.001320767,0.0015689374,-0.002105236,-1.5164838,0.5722656,0.42773438,0.10925293,0.8847224116325378
8691712,5777.646419807726,7.0,260.3828,500.0,228.27652,-1.0,0.31799316,1.0,0.66112655,0.2513196,-0.0020145965,0.0026807087,-0.0033549508,-1.3067974,0.5718994,0.4281006,0.11010742,0.8855534791946411
8699904,5689.93342230408,7.0,260.2152,500.0,228.2699,-1.0,0.31762695,1.0,0.66157943,0.2511202,-0.00559683,0.0021110992,-0.0066523794,-1.5627036,0.5718994,0.4281006,0.11047363,0.8862712383270264
8708096,5700.462687981074,7.0,259.95312,500.0,228.24358,-1.0,0.3166504,1.0,0.6626003,0.250413,-0.0016356607,0.0033999393,-0.00333563,-1.4239137,0.5720215,0.42797852,0.111328125,0.8873307704925537
8716288,5701.3253306204815,7.0,260.0813,500.0,228.27629,-1.0,0.31689453,1.0,0.6622993,0.2505079,-0.0024324532,0.0004514899,-0.0026581981,-2.428799,0.5720215,0.42797852,0.111083984,0.8872891068458557
8724480,5677.018222276783,7.0,259.58057,500.0,228.17424,-1.0,0.31774902,1.0,0.66290337,0.25084215,-0.0034479585,0.0028645392,-0.004880228,-1.4655071,0.57092285,0.42907715,0.111328125,0.8879601359367371
8732672,5688.789765001193,7.0,259.48413,500.0,228.11278,-1.0,0.3166504,1.0,0.6637047,0.24993822,-0.0013137801,0.0035516322,-0.003089596,-1.4837275,0.57128906,0.42871094,0.11206055,0.8889846205711365
8740864,5697.530520905171,7.0,259.59937,500.0,228.11209,-1.0,0.3154297,1.0,0.664102,0.24939477,-0.0039043694,0.0021203896,-0.004964564,-1.7104026,0.5720215,0.42797852,0.11254883,0.8900679349899292
8749056,5696.337533447173,7.0,258.96155,500.0,228.12097,-1.0,0.31567383,1.0,0.6649046,0.24988869,-0.005743839,0.0022638927,-0.0068757855,-2.30101,0.57128906,0.42871094,0.11303711,0.8904429078102112
8757248,5687.2276355022095,7.0,258.94348,500.0,228.15955,-1.0,0.31469727,1.0,0.6651838,0.24926114,-0.0007190051,0.002062998,-0.0017505046,-1.8335769,0.5718994,0.4281006,0.11340332,0.8918595910072327
8765440,5691.711997179964,7.0,258.989,500.0,228.20627,-1.0,0.31420898,1.0,0.6652311,0.24914554,-0.0026352843,0.0011132142,-0.0031918911,-1.593439,0.5722656,0.42773438,0.11352539,0.8921865224838257
8773632,5800.131021838605,7.0,258.1931,500.0,228.19566,-1.0,0.31433105,1.0,0.66636527,0.24956754,-0.0037864146,0.002966369,-0.005269599,-0.8286055,0.57141113,0.42858887,0.11425781,0.893099308013916
8781824,5678.933272687065,7.0,257.82495,500.0,228.15613,-1.0,0.31445312,1.0,0.66694856,0.24941003,-0.0016354301,0.001907405,-0.0025891326,-1.6410974,0.57092285,0.42907715,0.11462402,0.8937064409255981
8790016,5690.0172834763025,7.0,257.5896,500.0,228.17757,-1.0,0.31420898,1.0,0.6674295,0.24934015,-0.003062551,0.0017341456,-0.0039296234,-1.833575,0.5708008,0.42919922,0.114990234,0.8942256569862366
8798208,5696.811645989868,7.0,257.66687,500.0,228.18831,-1.0,0.31323242,1.0,0.66770554,0.24854963,-0.0027965927,0.0023714625,-0.003982323,-2.1597672,0.57141113,0.42858887,0.115356445,0.8951521515846252
8806400,5685.491373988216,7.0,257.13354,500.0,228.15997,-1.0,0.31359863,1.0,0.66835606,0.24879995,0.000111153466,0.0023411182,-0.0010594053,-2.1464574,0.5706787,0.4293213,0.115722656,0.8955998420715332
8814592,5683.767454724709,7.0,256.781,500.0,228.14398,-1.0,0.31359863,1.0,0.66890377,0.24892573,-4.83857e-06,0.0013864666,-0.0006980719,-1.7166054,0.5703125,0.4296875,0.11608887,0.8961310982704163
8822784,5686.240330214869,7.0,256.67517,500.0,228.14264,-1.0,0.31420898,1.0,0.6687085,0.24939151,-0.0016509701,0.0013914887,-0.0023467143,-1.9382185,0.5699463,0.4300537,0.11584473,0.8964525461196899
8830976,5693.503005433558,7.0,256.67395,500.0,228.11418,-1.0,0.3140869,1.0,0.66885716,0.24921972,0.0020202328,0.0017855125,0.001127477,-2.0428612,0.5699463,0.4300537,0.1159668,0.8973790407180786
8839168,5684.811274410047,7.0,256.62158,500.0,228.10439,-1.0,0.31323242,1.0,0.6693489,0.24880701,-0.0011435696,0.0012872211,-0.0017871803,-2.0253482,0.5703125,0.4296875,0.11645508,0.8977957367897034
8847360,5682.354677220447,7.0,256.13635,500.0,228.14728,-1.0,0.31384277,1.0,0.6697013,0.2491567,-0.0044569047,0.0019071647,-0.0054104878,-1.2528722,0.5695801,0.43041992,0.11657715,0.8984759449958801
8855552,5688.3744316548855,7.0,256.27832,500.0,228.18454,-1.0,0.31359863,1.0,0.6696333,0.24895908,-0.005303122,0.0016217142,-0.006113979,-2.173329,0.5698242,0.43017578,0.11657715,0.8992259502410889
8863744,5684.3701903137,7.0,256.3651,500.0,228.23158,-1.0,0.31396484,1.0,0.6691881,0.24881822,-0.0038628182,0.0013396147,-0.004532626,-2.2778459,0.5698242,0.43017578,0.11621094,0.8995473980903625
8871936,5693.396399943264,7.0,255.99817,500.0,228.28291,-1.0,0.31445312,1.0,0.6693237,0.24901482,-0.0038761422,0.001536262,-0.0046442733,-1.5933893,0.56933594,0.43066406,0.11621094,0.9000326991081238
8880128,5683.056748300859,7.0,255.54858,500.0,228.29544,-1.0,0.31433105,1.0,0.67001903,0.24919143,-0.0041608345,0.0030361314,-0.0056789005,-1.0290501,0.5689697,0.43103027,0.11669922,0.9010922312736511
8888320,5704.631706106294,7.0,255.74829,500.0,228.2523,-1.0,0.3145752,1.0,0.66972214,0.24898252,0.002534761,0.0012614835,0.0019040188,-1.6340172,0.5689697,0.43103027,0.11645508,0.9011994004249573
8896512,5794.277040052992,7.0,255.25012,500.0,228.28122,-1.0,0.31445312,1.0,0.6704171,0.24895935,-0.0040192865,0.0021560285,-0.005097301,-2.0057344,0.5686035,0.43139648,0.11694336,0.9021399021148682
8904704,5690.767432662604,7.0,254.89722,500.0,228.3263,-1.0,0.3149414,1.0,0.67055196,0.2493689,-0.003610699,0.0010476067,-0.0041345023,-1.3781424,0.56811523,0.43188477,0.11694336,0.9023065567016602
8912896,5694.527753824817,7.0,254.83435,500.0,228.38239,-1.0,0.3149414,1.0,0.67055196,0.24953528,-0.00569006,0.0011606608,-0.00627039,-1.1720426,0.56811523,0.43188477,0.11694336,0.9023791551589966
8921088,5687.794384998411,7.0,254.6803,500.0,228.39792,-1.0,0.3149414,1.0,0.670734,0.24927548,-0.0016368197,0.0014261039,-0.002349872,-1.7532166,0.56799316,0.43200684,0.11706543,0.9028236269950867
8929280,5690.87959507659,7.0,254.69275,500.0,228.48988,-1.0,0.31518555,1.0,0.6704373,0.24964827,-0.0024392456,0.0012386668,-0.0030585793,-2.098412,0.56799316,0.43200684,0.11682129,0.9032188057899475
8937472,5683.3124317286065,7.0,254.81848,500.0,228.55032,-1.0,0.3149414,1.0,0.6701878,0.24949497,-0.002895066,0.0013965359,-0.0035933342,-1.3000634,0.5683594,0.43164062,0.11669922,0.9035937786102295
8945664,5685.8940545714295,7.0,254.94812,500.0,228.59229,-1.0,0.31481934,1.0,0.66997194,0.24938744,-0.0053266147,0.0007678863,-0.0057105576,-1.4802793,0.5686035,0.43139648,0.11657715,0.9035223722457886
8953856,5697.995382863928,7.0,254.59119,500.0,228.5608,-1.0,0.31396484,1.0,0.6708278,0.24883911,-0.005697678,0.0020460659,-0.0067207105,-1.731156,0.5687256,0.4312744,0.11730957,0.904041588306427
8962048,5699.624888175527,7.0,254.38086,500.0,228.60327,-1.0,0.31347656,1.0,0.67123806,0.24863866,-0.0030123566,0.0017029754,-0.003863844,-1.71442,0.56884766,0.43115234,0.11767578,0.9048853516578674
8970240,5701.029240728622,7.0,254.1206,500.0,228.61531,-1.0,0.31347656,1.0,0.6716017,0.24863012,-0.0023049326,0.0016597254,-0.0031347952,-2.4338875,0.5686035,0.43139648,0.11791992,0.9053929448127747
8978432,5699.034037557517,7.0,254.31287,500.0,228.67055,-1.0,0.3128662,1.0,0.6714319,0.24828954,-0.0043893326,0.00032382578,-0.004551246,-1.7884831,0.56921387,0.43078613,0.11791992,0.9053603410720825
8986624,5687.161741728063,7.0,254.39795,500.0,228.67923,-1.0,0.3121338,1.0,0.6715909,0.24783295,-0.008577966,0.00094594964,-0.00905094,-1.77969,0.56970215,0.43029785,0.11816406,0.9057103395462036
8994816,5686.561237415739,7.0,254.44519,500.0,228.75114,-1.0,0.31201172,1.0,0.6713749,0.24791846,-0.006530256,0.0013088488,-0.0071846815,-2.1496315,0.5699463,0.4300537,0.11804199,0.9058769941329956
9003008,5728.350158906243,7.0,254.66614,500.0,228.77942,-1.0,0.31152344,1.0,0.67123806,0.24743155,-0.0010126119,0.0012574287,-0.0016413266,-1.4906404,0.5704346,0.42956543,0.11804199,0.905949592590332
9011200,5865.222171391427,7.0,254.21838,500.0,228.72336,-1.0,0.31140137,1.0,0.6721125,0.24755105,-0.0045023253,0.001848767,-0.0054267086,-0.6275865,0.5699463,0.4300537,0.118652344,0.9068286418914795
9019392,5691.087908433077,7.0,253.97168,500.0,228.72855,-1.0,0.31066895,1.0,0.6728143,0.2468826,-0.007525579,0.0025439528,-0.008797555,-1.4008842,0.57006836,0.42993164,0.119262695,0.9077150225639343
9027584,5694.278609783329,7.0,254.01367,500.0,228.73701,-1.0,0.3100586,1.0,0.6730051,0.24664235,-0.0052692443,0.0011283205,-0.005833404,-1.4343174,0.5704346,0.42956543,0.119506836,0.908536434173584
9035776,5686.049308815396,7.0,254.0,500.0,228.79129,-1.0,0.31140137,1.0,0.6722941,0.24774116,-0.0037459799,0.0013527694,-0.0044223648,-1.9518192,0.5698242,0.43017578,0.118774414,0.908703088760376
9043968,5687.741659350017,7.0,254.20691,500.0,228.81973,-1.0,0.3112793,1.0,0.67207825,0.24718618,-0.004934088,0.0015694436,-0.00571881,-2.1856065,0.57006836,0.42993164,0.118652344,0.9091673493385315
9052160,5698.22500730526,7.0,254.0022,500.0,228.84305,-1.0,0.3121338,1.0,0.6719544,0.24789396,-0.0051214667,0.0008898984,-0.0055664163,-2.3066928,0.569458,0.430542,0.1184082,0.9092399477958679
9060352,5673.7091046055975,7.0,253.91992,500.0,228.80959,-1.0,0.3121338,1.0,0.672136,0.24787933,-0.0026743228,0.0011774905,-0.003263068,-1.9109957,0.56933594,0.43066406,0.11853027,0.9094586968421936
9068544,5688.752090541252,7.0,254.09363,500.0,228.81303,-1.0,0.31323242,1.0,0.671352,0.24845876,-0.0031855516,0.00057165924,-0.0034713815,-2.5948186,0.5689697,0.43103027,0.11779785,0.909381091594696
9076736,5689.824123812576,7.0,254.17896,500.0,228.82942,-1.0,0.3125,1.0,0.67151153,0.24792546,-0.004398264,0.0009064825,-0.004851505,-2.49715,0.569458,0.430542,0.11804199,0.9097832441329956
9084928,5698.727788807122,7.0,254.00916,500.0,228.86778,-1.0,0.3125,1.0,0.67169327,0.2478657,-0.0048191966,0.0017603773,-0.005699385,-1.5732064,0.56933594,0.43066406,0.11816406,0.9102475047111511
9093120,5681.066588361265,7.0,253.56824,500.0,228.89888,-1.0,0.3125,1.0,0.6722383,0.2480959,-0.0071445443,0.0014861489,-0.007887619,-1.7846797,0.5689697,0.43103027,0.11853027,0.9105238318443298
9101312,5678.597271343821,7.0,253.14221,500.0,228.86806,-1.0,0.31298828,1.0,0.6727372,0.24871786,-0.0044421963,0.0017262893,-0.005305341,-1.9316962,0.5682373,0.4317627,0.118774414,0.9109317064285278
9109504,5696.347921521766,7.0,253.1947,500.0,228.88289,-1.0,0.31298828,1.0,0.67255574,0.24886428,-0.0036041108,0.00039828045,-0.003803251,-2.1935067,0.5683594,0.43164062,0.118652344,0.9106817245483398
9117696,5697.157363449573,7.0,253.04541,500.0,228.91924,-1.0,0.31359863,1.0,0.6723622,0.24905947,0.0031662676,0.0023571202,0.001987708,-1.9411803,0.56799316,0.43200684,0.1184082,0.911285400390625
9125888,5689.840141432353,7.0,253.11792,500.0,228.91542,-1.0,0.3137207,1.0,0.67221445,0.24885194,-0.003399958,0.0015462642,-0.0041730898,-1.6639891,0.56799316,0.43200684,0.11828613,0.9118974804878235
9134080,5684.148263434817,7.0,253.35217,500.0,228.9056,-1.0,0.3128662,1.0,0.6723403,0.24834599,-0.0042079864,0.0013866497,-0.0049013114,-1.5546224,0.5686035,0.43139648,0.11853027,0.9122030138969421
9142272,5685.799024338582,7.0,253.04785,500.0,228.9455,-1.0,0.31384277,1.0,0.6722483,0.24898687,-0.004600876,0.0010812586,-0.0051415055,-1.279972,0.5678711,0.4321289,0.11828613,0.9122307896614075
9150464,5690.303749269661,7.0,252.89319,500.0,228.90387,-1.0,0.31420898,1.0,0.6723495,0.24906047,-0.0029368892,0.0014964642,-0.0036851214,-1.8288568,0.5675049,0.43249512,0.11828613,0.912842869758606
9158656,5692.927571856775,7.0,252.29248,500.0,228.88585,-1.0,0.31518555,1.0,0.6728001,0.24977838,-0.005789932,0.0015319878,-0.006555926,-2.4319935,0.56640625,0.43359375,0.1184082,0.9130579829216003
9166848,5684.400283428076,7.0,252.5299,500.0,228.88377,-1.0,0.31518555,1.0,0.6724372,0.24963708,-0.005123336,0.0011972913,-0.0057219816,-1.5787174,0.5666504,0.4333496,0.11816406,0.913276731967926
9175040,5687.542063964479,7.0,252.75342,500.0,228.93703,-1.0,0.31506348,1.0,0.67204046,0.24956943,-0.0051889257,0.00142139,-0.0058996202,-2.1048145,0.5670166,0.4329834,0.11791992,0.9134553074836731
9183232,5686.13870146866,7.0,252.69116,500.0,228.93176,-1.0,0.3161621,1.0,0.6716151,0.25004193,-0.006683618,0.0020178808,-0.0076925578,-1.7444977,0.56640625,0.43359375,0.11743164,0.9137052893638611
9191424,5691.304721334306,7.0,252.5332,500.0,228.98433,-1.0,0.31652832,1.0,0.67135173,0.24976869,-0.00833385,0.0023283432,-0.009498022,-1.5283862,0.5662842,0.43371582,0.1171875,0.9142245054244995
9199616,5690.693916840375,7.0,252.28894,500.0,228.94724,-1.0,0.3149414,1.0,0.67255145,0.24903344,-0.006433056,0.0029022826,-0.007884199,-1.8890127,0.56677246,0.43322754,0.11828613,0.9154030680656433
9207808,5678.037982992197,7.0,252.03027,500.0,228.90382,-1.0,0.31481934,1.0,0.6732436,0.24913505,-0.0040949993,0.0030359386,-0.0056129685,-0.9565511,0.56640625,0.43359375,0.118774414,0.9160621762275696
9216000,5678.815949264451,7.0,251.53638,500.0,228.83469,-1.0,0.31518555,1.0,0.67388785,0.24896207,-0.0058742655,0.0028707457,-0.007309638,-1.4902048,0.5656738,0.43432617,0.119140625,0.9167423844337463
9224192,5692.161765312504,7.0,250.83899,500.0,228.7812,-1.0,0.31567383,1.0,0.6747456,0.24956512,-0.00648163,0.0020243,-0.00749378,-1.6832557,0.56469727,0.43530273,0.119628906,0.917224109172821
9232384,5692.712521627419,7.0,250.37012,500.0,228.73067,-1.0,0.3166504,1.0,0.6751924,0.25016177,-0.0052983994,0.002660716,-0.0066287583,-0.8384099,0.56359863,0.43640137,0.11975098,0.9172932505607605
9240576,5686.654410806977,7.0,249.90564,500.0,228.70517,-1.0,0.31713867,1.0,0.6756863,0.25089157,-0.0069240266,0.0018406177,-0.007844335,-1.830584,0.5628662,0.4371338,0.11999512,0.9175194501876831
9248768,5693.119998992595,7.0,249.64453,500.0,228.67467,-1.0,0.31677246,1.0,0.6763094,0.25047934,-0.003869906,0.0023396313,-0.0050397217,-1.9000894,0.56274414,0.43725586,0.1204834,0.9181028008460999
9256960,5693.214330771312,7.0,249.42029,500.0,228.70511,-1.0,0.31640625,1.0,0.6767515,0.25031787,-0.005474871,0.0016105921,-0.006280167,-2.4124582,0.56274414,0.43725586,0.12084961,0.9186305999755859
9265152,5694.558898362951,7.0,249.09448,500.0,228.6408,-1.0,0.3154297,1.0,0.6777477,0.24940847,-0.005128593,0.0031670143,-0.0067121,-1.7513126,0.5628662,0.4371338,0.1217041,0.9194520115852356
9273344,5684.401223843035,7.0,249.15112,500.0,228.67296,-1.0,0.31469727,1.0,0.67790806,0.24929559,-0.007786157,0.0013288398,-0.008450579,-1.4987626,0.5633545,0.4366455,0.12194824,0.9196859002113342
9281536,5695.9796401990025,7.0,248.75781,500.0,228.68845,-1.0,0.3154297,1.0,0.67810786,0.24984822,-0.004641479,0.001985343,-0.0056341495,-1.7544874,0.5626221,0.43737793,0.12194824,0.9199914336204529
9289728,5691.361283938479,7.0,248.84021,500.0,228.77252,-1.0,0.3157959,1.0,0.67766726,0.25029528,-0.005600473,0.0010986589,-0.006149803,-1.59514,0.5626221,0.43737793,0.12158203,0.9199914336204529
9297920,5691.92885763642,7.0,248.88269,500.0,228.7867,-1.0,0.3154297,1.0,0.6777477,0.25010425,-0.005272921,0.00082885893,-0.0056873504,-2.0533388,0.5628662,0.4371338,0.1217041,0.9202771186828613
9306112,5689.923999854936,7.0,248.91492,500.0,228.77594,-1.0,0.31518555,1.0,0.6778613,0.24980135,-0.004934881,0.0015714841,-0.0057206224,-2.4011858,0.5629883,0.43701172,0.12182617,0.9209645986557007
9314304,5703.048559604116,7.0,248.92041,500.0,228.78212,-1.0,0.3154297,1.0,0.6777477,0.24978831,-0.004530281,0.0021396899,-0.005600126,-0.9236299,0.5628662,0.4371338,0.1217041,0.9212701320648193
9322496,5685.937336720431,7.0,248.73633,500.0,228.75233,-1.0,0.31518555,1.0,0.6782214,0.24936639,-0.00818578,0.0013577155,-0.008864637,-2.584966,0.56274414,0.43725586,0.12207031,0.9216262102127075
9330688,5705.9522981412665,7.0,248.36743,500.0,228.72298,-1.0,0.31555176,1.0,0.67868096,0.24974087,-0.0061666584,0.0030249923,-0.0076791546,-0.720886,0.5621338,0.4378662,0.12231445,0.9223136901855469
9338880,5686.234684078107,7.0,248.80518,500.0,228.72047,-1.0,0.31469727,1.0,0.678448,0.249035,-0.007664113,0.00085460744,-0.008091417,-0.8709935,0.5629883,0.43701172,0.12231445,0.9224482774734497
9347072,5694.682536102093,7.0,249.17981,500.0,228.71922,-1.0,0.31347656,1.0,0.6784734,0.2479156,-0.0071155834,0.0014195859,-0.0078253765,-2.0411596,0.56396484,0.43603516,0.122558594,0.9228043556213379
9355264,5687.452627181166,7.0,248.85132,500.0,228.66167,-1.0,0.31359863,1.0,0.6790465,0.2481591,-0.0078044427,0.0015569313,-0.008582909,-1.5771517,0.56347656,0.43652344,0.122924805,0.9232686161994934
9363456,5699.079410542183,7.0,248.55579,500.0,228.63124,-1.0,0.31518555,1.0,0.6787611,0.24912152,-0.0068869423,0.0022458048,-0.008009845,-1.2387602,0.5623779,0.43762207,0.12243652,0.9233757853507996
9371648,5692.13536186502,7.0,248.25195,500.0,228.58926,-1.0,0.3149414,1.0,0.6794136,0.24909821,-0.004372378,0.002123305,-0.0054340307,-1.7118316,0.5621338,0.4378662,0.122924805,0.9239591360092163
9379840,5690.786283179392,7.0,247.6659,500.0,228.48396,-1.0,0.31481934,1.0,0.680637,0.2493801,-0.00504251,0.0030944361,-0.006589728,-0.73685586,0.56140137,0.43859863,0.1237793,0.9248091578483582
9388032,5686.246917388596,7.0,247.2782,500.0,228.49832,-1.0,0.3149414,1.0,0.68102866,0.24962756,-0.004914595,0.0014394787,-0.0056343344,-1.6369768,0.56103516,0.43896484,0.12402344,0.9249758124351501
9396224,5693.881345635481,7.0,247.05579,500.0,228.40594,-1.0,0.31591797,1.0,0.6811141,0.24983566,-0.004291297,0.0028828736,-0.0057327338,-1.2807639,0.56018066,0.43981934,0.12390137,0.9255397915840149
9404416,5681.039348441332,7.0,247.01294,500.0,228.34372,-1.0,0.31604004,1.0,0.6813263,0.24954453,0.0027691599,0.0022999747,0.0016191725,-0.81697994,0.5599365,0.44006348,0.12402344,0.9261231422424316
9412608,5679.671113462047,7.0,246.83167,500.0,228.38887,-1.0,0.31726074,1.0,0.6809381,0.25058833,-0.003906403,0.0017659992,-0.0047894027,-1.8958195,0.5592041,0.4407959,0.123535156,0.9263277053833008
9420800,5684.64950427692,7.0,247.1781,500.0,228.40334,-1.0,0.31604004,1.0,0.6809679,0.24944207,-0.0026476523,0.0011358692,-0.003215587,-0.96283036,0.56018066,0.43981934,0.1237793,0.926683783531189
9428992,5697.830971794361,7.0,246.81775,500.0,228.39143,-1.0,0.3170166,1.0,0.6810518,0.24986382,-0.002799555,0.002566503,-0.0040828064,-1.082983,0.5593262,0.44067383,0.12365723,0.9271156191825867
9437184,5697.27639064512,7.0,247.19604,500.0,228.39543,-1.0,0.31604004,1.0,0.6809679,0.24902171,-0.000881457,0.001226895,-0.0014949045,-1.7633942,0.56018066,0.43981934,0.1237793,0.9273656010627747
9445376,5700.63197992619,7.0,246.9104,500.0,228.35242,-1.0,0.31677246,1.0,0.68116534,0.24961248,-0.0007732614,0.0022595143,-0.0019030194,-2.151732,0.55944824,0.44055176,0.1237793,0.9278298616409302
9453568,5690.995532302608,7.0,246.77148,500.0,228.32234,-1.0,0.31640625,1.0,0.68160427,0.24946441,-0.007220229,0.0024622825,-0.0084513705,-2.1285594,0.55944824,0.44055176,0.12414551,0.9285008907318115
9461760,5687.224811452,7.0,246.38586,500.0,228.30908,-1.0,0.3178711,1.0,0.68145984,0.2502178,-0.005494383,0.0007627645,-0.0058757653,-2.0764205,0.5583496,0.4416504,0.1237793,0.9283758997917175
9469952,5693.300175406678,7.0,245.8551,500.0,228.21579,-1.0,0.31774902,1.0,0.6825013,0.25011045,-0.0050416086,0.002408405,-0.0062458105,-2.0638583,0.55773926,0.44226074,0.12451172,0.9287642240524292
9478144,5695.906933874592,7.0,245.52039,500.0,228.16077,-1.0,0.31884766,1.0,0.6826148,0.25073564,-0.0071445573,0.0014618064,-0.007875461,-1.5888381,0.5567627,0.4432373,0.12438965,0.9289829730987549
9486336,5687.424384570807,7.0,244.39673,500.0,228.04094,-1.0,0.32092285,1.0,0.6833409,0.25225604,-0.0050651142,0.0031594154,-0.0066448217,-0.80051184,0.5545654,0.44543457,0.12451172,0.9294109344482422
9494528,5696.14583305358,7.0,243.62927,500.0,227.94612,-1.0,0.32092285,1.0,0.6845903,0.2526451,-0.007179651,0.0019470484,-0.008153175,-1.2271175,0.55371094,0.44628906,0.12536621,0.9299055933952332
9502720,5678.499669467817,7.0,242.53357,500.0,227.81212,-1.0,0.32141113,1.0,0.6861425,0.25350446,-0.005198754,0.0026840856,-0.0065407967,-1.8664837,0.5522461,0.4477539,0.12634277,0.9304889440536499
9510912,5686.357960614224,7.0,241.50159,500.0,227.71205,-1.0,0.32263184,1.0,0.68717,0.25492436,-0.004499307,0.0017216317,-0.005360123,-1.5167959,0.5505371,0.4494629,0.12683105,0.9307389259338379
9519104,5695.462238184519,7.0,241.09534,500.0,227.71198,-1.0,0.32287598,1.0,0.6875882,0.25508726,-0.008134626,0.0013322465,-0.008800749,-1.0881772,0.5500488,0.44995117,0.1270752,0.9310703277587891
9527296,5696.326201045374,7.0,241.09656,500.0,227.68054,-1.0,0.32348633,1.0,0.68738997,0.25516623,-0.006099503,0.0013649131,-0.00678196,-1.7206795,0.5496826,0.45031738,0.12683105,0.9311328530311584
9535488,5686.611117740393,7.0,241.16455,500.0,227.65009,-1.0,0.3227539,1.0,0.6877341,0.2545139,-0.0049204663,0.0015762981,-0.0057086158,-2.1370971,0.5500488,0.44995117,0.12719727,0.9316404461860657
9543680,5685.338031660095,7.0,240.94531,500.0,227.61577,-1.0,0.32250977,1.0,0.6882035,0.2543893,-0.008611592,0.0015609278,-0.009392057,-1.4919015,0.54992676,0.45007324,0.12756348,0.9321257472038269
9551872,5681.166157187623,7.0,240.83557,500.0,227.64346,-1.0,0.32312012,1.0,0.6880059,0.25486648,-0.0044109863,0.0012458306,-0.005033902,-1.4713721,0.54956055,0.45043945,0.12731934,0.9325007200241089
9560064,5701.44926235694,7.0,240.5315,500.0,227.61414,-1.0,0.32287598,1.0,0.6884753,0.25430644,-0.006064881,0.001883832,-0.0070067975,-1.4862926,0.5494385,0.45056152,0.12768555,0.9330646991729736
9568256,5693.269044635337,7.0,240.25,500.0,227.5878,-1.0,0.3239746,1.0,0.68840235,0.25513142,-0.003026174,0.0011442789,-0.003598313,-0.20190407,0.548584,0.45141602,0.1274414,0.9328147172927856
9576448,5687.843345404366,7.0,239.79248,500.0,227.48734,-1.0,0.32434082,1.0,0.6890276,0.255435,-0.00072819483,0.002271003,-0.0018636961,-0.7337141,0.54785156,0.45214844,0.12780762,0.9331896901130676
9584640,5678.556916315183,7.0,239.41138,500.0,227.4523,-1.0,0.32458496,1.0,0.689444,0.25573432,0.0043807672,0.0015068097,0.0036273627,-1.5366207,0.5473633,0.45263672,0.12805176,0.933527946472168
9592832,5703.582489270842,7.0,239.61938,500.0,227.45825,-1.0,0.3244629,1.0,0.68923587,0.255606,-0.00459575,0.0009954831,-0.005093491,-1.754533,0.5476074,0.45239258,0.12792969,0.9336351156234741
9601024,5691.875112417874,7.0,239.23059,500.0,227.43452,-1.0,0.3248291,1.0,0.68968314,0.25609463,-0.00450659,0.0012080618,-0.005110621,-1.8167337,0.5469971,0.45300293,0.12817383,0.9338136911392212
9609216,5682.492822077083,7.0,238.95056,500.0,227.40768,-1.0,0.32592773,1.0,0.68960726,0.256676,-0.001671577,0.001145061,-0.0022441074,-2.2003946,0.5461426,0.45385742,0.12792969,0.9340182542800903
9617408,5693.198294148388,7.0,238.82092,500.0,227.39925,-1.0,0.32629395,1.0,0.6895226,0.25678423,9.402726e-05,0.0009832033,-0.00039757427,-2.1442728,0.54589844,0.45410156,0.12780762,0.9340182542800903
9625600,5689.9607475830735,7.0,238.77612,500.0,227.36192,-1.0,0.32678223,1.0,0.68946844,0.25693148,-0.0038204102,0.0010744358,-0.0043576276,-1.7443514,0.5455322,0.45446777,0.12768555,0.9337682723999023
9633792,5681.4489141091,7.0,238.21387,500.0,227.30383,-1.0,0.32751465,1.0,0.69000596,0.2576127,-0.006802247,0.0012747748,-0.0074396343,-1.2332652,0.54455566,0.45544434,0.12792969,0.9337563514709473
9641984,5678.126185582275,7.0,237.74292,500.0,227.21812,-1.0,0.32739258,1.0,0.6908594,0.25771093,-0.0043568234,0.0024609552,-0.005587301,-0.9759431,0.5440674,0.45593262,0.12854004,0.9344819784164429
9650176,5688.382907239416,7.0,237.66113,500.0,227.22462,-1.0,0.3277588,1.0,0.69077414,0.25776997,-0.0043836217,0.0013750661,-0.0050711553,-1.0822428,0.54382324,0.45617676,0.12841797,0.9349672794342041
9658368,5700.479711297372,7.0,237.47144,500.0,227.22768,-1.0,0.32763672,1.0,0.69109696,0.25772434,-0.006386813,0.0021814543,-0.0074775396,-1.3035581,0.5437012,0.45629883,0.12866211,0.9356474876403809
9666560,5679.779083343458,7.0,237.3147,500.0,227.2351,-1.0,0.32824707,1.0,0.69107234,0.25805867,-0.0050068153,0.001401802,-0.0057077166,-1.1025807,0.5432129,0.4567871,0.12854004,0.935700535774231
9674752,5691.952430420901,7.0,236.91235,500.0,227.15096,-1.0,0.33007812,1.0,0.6909951,0.25892854,-0.006222969,0.0017094798,-0.007077709,-1.5640178,0.54174805,0.45825195,0.12817383,0.935950517654419
9682944,5694.234256880199,7.0,236.90332,500.0,227.17117,-1.0,0.3293457,1.0,0.69134444,0.25850797,-0.004059849,0.002554745,-0.0053372215,-1.3465824,0.54211426,0.45788574,0.12854004,0.9366307258605957
9691136,5706.93319066999,7.0,237.10022,500.0,227.2529,-1.0,0.3284912,1.0,0.6913096,0.25779998,-0.001918225,0.0009415401,-0.0023889947,-1.6916466,0.5428467,0.45715332,0.12866211,0.9370474219322205
9699328,5686.97536474876,7.0,236.76135,500.0,227.2122,-1.0,0.32958984,1.0,0.69140464,0.25900555,-0.0019195848,0.0014000763,-0.002619623,-1.6081796,0.5418701,0.45812988,0.12854004,0.9373688697814941
9707520,5691.678055299811,7.0,236.20862,500.0,227.11337,-1.0,0.33044434,1.0,0.69196767,0.25961214,-0.005984681,0.0020749879,-0.007022175,-2.7068808,0.5407715,0.45922852,0.12878418,0.9378331303596497
9715712,5680.230723603423,7.0,236.02893,500.0,227.09868,-1.0,0.3305664,1.0,0.69217384,0.25980616,-0.0055319173,0.0016428556,-0.0063533452,-1.5110517,0.54052734,0.45947266,0.12890625,0.9382498264312744
9723904,5690.019168025426,7.0,235.82715,500.0,227.1365,-1.0,0.33129883,1.0,0.69200003,0.26054513,-0.006177211,0.0013718663,-0.006863144,-2.0996811,0.54003906,0.45996094,0.12866211,0.9384876489639282
9732096,5688.3687812792305,7.0,235.72473,500.0,227.21837,-1.0,0.33239746,1.0,0.69138473,0.26133192,-0.0033445626,0.0015265655,-0.0041078455,-1.7713457,0.5395508,0.46044922,0.12805176,0.9385785460472107
9740288,5691.556433553472,7.0,234.59937,500.0,227.08496,-1.0,0.33398438,1.0,0.69229674,0.26309937,-0.008092025,0.004097623,-0.010140836,-1.293142,0.53759766,0.46240234,0.12841797,0.9394054412841797
9748480,5690.525214634301,7.0,234.41406,500.0,227.07599,-1.0,0.33459473,1.0,0.6922665,0.2637339,-0.0059351074,0.00198188,-0.006926047,-2.1542516,0.5371094,0.46289062,0.1282959,0.9397804141044617
9756672,5684.898746979875,7.0,233.8446,500.0,227.01996,-1.0,0.33605957,1.0,0.69243854,0.26490062,-0.0034467655,0.0018091631,-0.0043513468,-1.8945076,0.5357666,0.4642334,0.12817383,0.9400303959846497
9764864,5677.612021823611,7.0,233.38745,500.0,227.02892,-1.0,0.3363037,1.0,0.6928488,0.26523608,-0.006335523,0.001592343,-0.007131695,-2.321922,0.5352783,0.46472168,0.12841797,0.9404214024543762
9773056,5697.82530261636,7.0,233.06702,500.0,226.96342,-1.0,0.33691406,1.0,0.6931689,0.26572466,-0.0017527161,0.001888347,-0.0026968895,-0.7747844,0.5345459,0.4654541,0.12854004,0.940403938293457
9781248,5696.15244319719,7.0,233.00134,500.0,226.96542,-1.0,0.33654785,1.0,0.6934348,0.26551324,-0.0039056754,0.0017144462,-0.004762898,-1.2943207,0.53466797,0.46533203,0.12878418,0.9409039616584778
9789440,5698.1049955149465,7.0,232.86206,500.0,226.88669,-1.0,0.336792,1.0,0.69384426,0.2657468,-0.0033387174,0.0019125632,-0.004294999,-1.7101624,0.5341797,0.4658203,0.12902832,0.9413484334945679
9797632,5684.850777817927,7.0,231.729,500.0,226.7252,-1.0,0.33972168,1.0,0.6941752,0.2678811,-0.00372603,0.0019944245,-0.0047232425,-1.8653449,0.53149414,0.46850586,0.12878418,0.9413814544677734
9805824,5691.095449474083,7.0,231.86389,500.0,226.70992,-1.0,0.33935547,1.0,0.6942663,0.26773322,-0.004443104,0.0018041033,-0.0053451555,-1.5370893,0.5317383,0.46826172,0.12890625,0.9418071508407593
9814016,5687.89983922787,7.0,231.45288,500.0,226.68024,-1.0,0.33984375,1.0,0.694555,0.26785553,-0.0051130187,0.0021962314,-0.006211134,-1.6922055,0.5311279,0.46887207,0.12902832,0.9422548413276672
9822208,5690.3320204840265,7.0,230.95361,500.0,226.54926,-1.0,0.34143066,1.0,0.6947433,0.26878402,-0.0047704205,0.0020222848,-0.005781563,-1.4539503,0.5296631,0.4703369,0.12890625,0.9424699544906616
9830400,5688.114525992365,7.0,230.5321,500.0,226.52423,-1.0,0.3421631,1.0,0.69491005,0.2695225,-0.004913128,0.0018722528,-0.005849255,-0.63448524,0.52893066,0.47106934,0.12890625,0.9428956508636475
9838592,5698.993391538921,7.0,230.43542,500.0,226.55585,-1.0,0.34155273,1.0,0.695298,0.26954395,-0.0006560299,0.002029199,-0.00167063,-2.3309195,0.5291748,0.4708252,0.12927246,0.9435915946960449
9846784,5688.992273773082,7.0,230.49573,500.0,226.51979,-1.0,0.34118652,1.0,0.69556564,0.26907668,-0.004784656,0.0028384537,-0.0062038833,-2.0023541,0.5292969,0.47070312,0.1295166,0.9442390203475952
9854976,5679.29278183829,7.0,230.58167,500.0,226.59717,-1.0,0.3425293,1.0,0.69464177,0.27027535,-0.0069315783,0.0009084836,-0.007385821,-1.4196444,0.5288086,0.4711914,0.12866211,0.9441318511962891
9863168,5681.490249704721,7.0,230.3706,500.0,226.58936,-1.0,0.34240723,1.0,0.6949655,0.27040288,-0.008318816,0.0015476712,-0.009092652,-1.2204349,0.5286865,0.47131348,0.12890625,0.944381833076477
9871360,5696.065568248205,7.0,230.16199,500.0,226.56732,-1.0,0.34326172,1.0,0.6948073,0.27123326,-4.1057763e-05,0.0024155583,-0.001248836,-1.6169248,0.5280762,0.47192383,0.12866211,0.9448460936546326
9879552,5684.003456085694,7.0,229.99048,500.0,226.56367,-1.0,0.34326172,1.0,0.694983,0.27144557,-0.0050416533,0.0024002506,-0.006241779,-1.6225054,0.5279541,0.4720459,0.12878418,0.9455743432044983
9887744,5688.116409281302,7.0,229.91321,500.0,226.56705,-1.0,0.34313965,1.0,0.6951312,0.27149802,-0.005329429,0.0015159646,-0.0060874117,-1.1424656,0.5279541,0.4720459,0.12890625,0.945580780506134
9895936,5687.621147252905,7.0,229.86743,500.0,226.58417,-1.0,0.34350586,1.0,0.695038,0.27162564,-0.004673413,0.0025356472,-0.0059412364,-0.8041011,0.52770996,0.47229004,0.12878418,0.9461085796356201
9904128,5689.297477019103,7.0,230.12378,500.0,226.5995,-1.0,0.34326172,1.0,0.6948073,0.2714142,-0.0031468621,0.00096607,-0.0036298975,-2.7290115,0.5280762,0.47192383,0.12866211,0.9462933540344238
9912320,5693.615275708294,7.0,229.50928,500.0,226.51892,-1.0,0.3441162,1.0,0.69535077,0.2725438,-0.0025769556,0.0033613462,-0.004257628,-1.3712318,0.52697754,0.47302246,0.12890625,0.9470008015632629
9920512,5697.167754514534,7.0,229.73218,500.0,226.56584,-1.0,0.34362793,1.0,0.69524115,0.27235818,-0.006417197,0.0011883542,-0.007011374,-1.7162404,0.5274658,0.47253418,0.12890625,0.9474404454231262
9928704,5688.59763047244,7.0,229.453,500.0,226.54945,-1.0,0.3449707,1.0,0.69501513,0.27361315,-0.004316257,0.0027673144,-0.0056999144,-1.253271,0.52648926,0.47351074,0.12854004,0.9479596614837646
9936896,5696.972219919393,7.0,229.54504,500.0,226.5443,-1.0,0.34509277,1.0,0.6948667,0.27383792,0.0005082035,0.0020645796,-0.00052408606,-2.0352292,0.52648926,0.47351074,0.12841797,0.9483506679534912
9945088,5685.276885185819,7.0,229.60693,500.0,226.56653,-1.0,0.34521484,1.0,0.6947181,0.27374393,-0.0041585034,0.0016158791,-0.0049664434,-1.7914367,0.52648926,0.47351074,0.1282959,0.9486411809921265
9953280,5687.678578162227,7.0,229.46655,500.0,226.52715,-1.0,0.3458252,1.0,0.6946782,0.27445868,-0.005155963,0.0018945292,-0.006103228,-1.9474033,0.526001,0.47399902,0.12817383,0.9490490555763245
9961472,5692.893615477234,7.0,228.91321,500.0,226.39806,-1.0,0.34570312,1.0,0.69570464,0.27466837,-0.0014208169,0.0027592306,-0.002800432,-1.2353708,0.5253906,0.47460938,0.12890625,0.9500490427017212
9969664,5694.988350212628,7.0,228.76453,500.0,226.36758,-1.0,0.34680176,1.0,0.6954211,0.27568436,-0.0021598055,0.0011636184,-0.0027416144,-1.2441915,0.5246582,0.4753418,0.12854004,0.9502044320106506
9977856,5681.341820136542,7.0,228.7511,500.0,226.37146,-1.0,0.34643555,1.0,0.6956912,0.27553195,0.0044286023,0.0016650932,0.0035960558,-1.9844435,0.5247803,0.47521973,0.12878418,0.9504544138908386
9986048,5690.363119144293,7.0,228.60706,500.0,226.32532,-1.0,0.3474121,1.0,0.69555515,0.27615905,-0.0045232084,0.0015074462,-0.005276932,-2.1644216,0.52404785,0.47595215,0.12854004,0.9508711099624634
9994240,5683.774976378078,7.0,228.76624,500.0,226.33986,-1.0,0.3474121,1.0,0.6953796,0.27622372,-0.0032344933,0.00091448607,-0.0036917364,-2.2617407,0.5241699,0.47583008,0.12841797,0.9507824182510376
