timestep,fps,ep_len_min,ep_len_mean,ep_len_max,ep_len_std,return_min,return_mean,return_max,return_std,disc_return_mean,total_loss,value_loss,actor_loss,entropy,prob_fail,prob_success,prob_reject,lambda
8192,319.42100808922197,37.0,322.63635,500.0,185.26015,-1.0,-0.09090909,1.0,0.7925271,0.00037920475,-0.00063324865,0.009211011,-0.005238754,2.1730704,0.72727275,0.27272728,0.36363637,0.0
16384,6158.740848392728,35.0,295.06976,500.0,188.3371,-1.0,-0.046511628,1.0,0.805605,0.0060618226,0.00035686785,0.0073287957,-0.00330753,2.1622121,0.6976744,0.30232558,0.3488372,0.0
24576,6120.50728775207,26.0,306.44116,500.0,190.33727,-1.0,-0.073529415,1.0,0.77300364,-0.009165328,-0.0010716679,0.005598073,-0.0038707044,2.1503074,0.7352941,0.2647059,0.3382353,0.0
32768,6108.395760214841,23.0,306.85107,500.0,192.4795,-1.0,-0.10638298,1.0,0.75043374,-0.027370915,-0.002794168,0.0058922255,-0.005740281,2.1349971,0.7659575,0.23404256,0.34042552,0.0
40960,6118.176137150753,18.0,306.35483,500.0,192.95772,-1.0,-0.10483871,1.0,0.74939275,-0.018847886,0.0006661885,0.0076825162,-0.0031750698,2.123645,0.766129,0.23387097,0.33870968,0.0
49152,6207.156271226613,18.0,302.98013,500.0,194.93625,-1.0,-0.105960265,1.0,0.7472007,-0.009653155,-0.0035584779,0.0037644403,-0.0054406975,2.1213648,0.7682119,0.23178808,0.33774835,0.0
57344,6104.358745733046,18.0,303.5284,500.0,196.5231,-1.0,-0.125,1.0,0.73565835,-0.02529552,-0.0020452598,0.004655316,-0.004372917,2.1166415,0.78409094,0.2159091,0.3409091,0.0
65536,6149.00321643994,18.0,308.89447,500.0,196.92928,-1.0,-0.12562814,1.0,0.72243065,-0.027812675,-0.0038356215,0.0019449401,-0.004808092,2.1058097,0.79396987,0.20603015,0.3316583,0.0
73728,6113.644254011398,18.0,316.18808,500.0,196.941,-1.0,-0.1146789,1.0,0.71077234,-0.026233148,-0.004481954,0.001837676,-0.0054007927,2.0974586,0.79816514,0.20183486,0.31651375,0.0
81920,6115.68347786403,18.0,318.7967,500.0,197.33221,-1.0,-0.12863071,1.0,0.7027286,-0.02868821,-0.0052894074,0.0018694007,-0.006224108,2.0935574,0.80912864,0.19087137,0.3195021,0.0
90112,6209.761104550691,18.0,325.62357,500.0,196.94812,-1.0,-0.12547529,1.0,0.6890212,-0.031165365,-0.0038191432,0.0016429615,-0.0046406235,2.0925274,0.8174905,0.18250951,0.3079848,0.0
98304,6152.657690450917,18.0,327.38196,500.0,197.93224,-1.0,-0.13194445,1.0,0.6795273,-0.036544867,-0.0033356207,0.0016808641,-0.0041760528,2.083047,0.8263889,0.1736111,0.30555555,0.0
106496,6156.472043742103,18.0,334.2426,500.0,197.05255,-1.0,-0.124590166,1.0,0.6659532,-0.03590873,-0.0037330843,0.0007211635,-0.0040936656,2.0760846,0.83278686,0.16721311,0.29180327,0.0
114688,6108.076511529349,18.0,334.59573,500.0,198.08737,-1.0,-0.13069908,1.0,0.6647438,-0.036376845,-0.0032679026,0.0015596359,-0.0040477207,2.0735867,0.8358663,0.16413374,0.29483283,0.0
122880,6122.843488700185,18.0,328.40555,500.0,200.17659,-1.0,-0.14444445,1.0,0.67183185,-0.04364597,-0.0048502875,0.0026228456,-0.006161711,2.0669188,0.8361111,0.16388889,0.30833334,0.0
131072,6128.727875810622,12.0,322.0863,500.0,202.46567,-1.0,-0.14213198,1.0,0.68345314,-0.048995886,-0.003718841,0.002878179,-0.005157931,2.0524263,0.8274112,0.17258883,0.3147208,0.0
139264,6109.189683071815,12.0,321.747,500.0,203.08252,-1.0,-0.14319809,1.0,0.6829113,-0.051402528,-0.003934658,0.002224816,-0.005047066,2.037174,0.8281623,0.1718377,0.3150358,0.0
147456,6247.71475146507,12.0,319.11948,500.0,203.91936,-1.0,-0.13053097,1.0,0.68694955,-0.048387975,-0.003152201,0.0032340814,-0.004769242,2.0243611,0.8207965,0.17920354,0.30973452,0.0
155648,6353.591205793573,12.0,319.80502,500.0,204.27919,-1.0,-0.11949685,1.0,0.68556345,-0.044508047,-0.004358739,0.0016186436,-0.0051680612,2.0168278,0.8176101,0.18238993,0.3018868,0.0
163840,6146.1544417304885,12.0,320.296,500.0,204.79074,-1.0,-0.128,1.0,0.68089354,-0.052161627,-0.0041963584,0.0014252318,-0.0049089743,2.0158155,0.824,0.176,0.304,0.0
172032,6117.153345704225,12.0,316.90414,500.0,206.10803,-1.0,-0.13533835,1.0,0.6831148,-0.05761774,-0.0018817879,0.0025245247,-0.0031440502,2.013421,0.825188,0.17481203,0.31015038,0.0
180224,6119.386718799395,12.0,315.31842,500.0,207.01727,-1.0,-0.12880144,1.0,0.68556064,-0.052049074,-0.0034242189,0.0020263016,-0.00443737,2.0108619,0.8211091,0.17889088,0.30769232,0.0
188416,6118.875622755268,12.0,317.29462,500.0,206.57387,-1.0,-0.121317156,1.0,0.68343586,-0.049120374,-0.0023624052,0.0012619873,-0.0029933988,2.0046303,0.81975734,0.18024263,0.3015598,0.0
196608,6122.308906334553,12.0,317.3073,500.0,207.3212,-1.0,-0.114617944,1.0,0.6833222,-0.042365212,-0.003760831,0.0017525249,-0.0046370933,1.9965405,0.81727576,0.18272425,0.29734218,0.0
204800,6151.601311611594,12.0,317.7647,500.0,207.62416,-1.0,-0.10810811,1.0,0.6820998,-0.04014484,-0.0040342356,0.0017744205,-0.004921446,1.9856693,0.8155803,0.1844197,0.29252782,0.0
212992,6124.465262556363,12.0,314.81146,500.0,209.16078,-1.0,-0.11463047,1.0,0.68300647,-0.044328842,-0.004416161,0.0023676932,-0.0056000077,1.9776546,0.81749624,0.18250377,0.29713425,0.0
221184,6141.707276780934,12.0,313.65417,500.0,210.15292,-1.0,-0.113832854,1.0,0.68327826,-0.045633752,-0.004680681,0.0024463646,-0.0059038633,1.9695907,0.8170029,0.18299712,0.29682997,0.0
229376,6132.4600700812025,12.0,309.81668,500.0,211.4926,-1.0,-0.09712722,1.0,0.69007427,-0.032395974,-0.0045626843,0.002654149,-0.005889759,1.9600319,0.80574554,0.19425444,0.29138166,0.0
237568,6109.301565671581,12.0,304.85715,500.0,212.95152,-1.0,-0.0961039,1.0,0.69589543,-0.033166543,-0.003750849,0.0028113576,-0.0051565277,1.9557618,0.8012987,0.19870129,0.2948052,0.0
245760,6127.8764085662515,12.0,305.3665,500.0,212.76047,-1.0,-0.102015115,1.0,0.69428825,-0.03637277,-0.0030763363,0.0015133838,-0.0038330283,1.9556923,0.8047859,0.19521411,0.29722923,0.0
253952,6200.783543904715,12.0,306.87408,500.0,212.87581,-1.0,-0.09657702,1.0,0.6916993,-0.03186954,-0.0048411265,0.0011236937,-0.005402974,1.9497749,0.804401,0.19559902,0.29217604,0.0
262144,6179.592328686314,12.0,303.73413,500.0,213.71674,-1.0,-0.089411765,1.0,0.6972254,-0.028382642,-0.004252324,0.0021780224,-0.0053413343,1.9436774,0.79764706,0.20235294,0.2917647,0.0
270336,6122.210727884013,12.0,301.71347,500.0,214.2087,-1.0,-0.084937714,1.0,0.70158345,-0.0253343,-0.004328055,0.0024517009,-0.005553906,1.9274983,0.79275197,0.20724802,0.29218572,0.0
278528,6114.292653699736,12.0,302.63547,500.0,214.46346,-1.0,-0.07929515,1.0,0.6995048,-0.021087252,-0.0038163292,0.0009374271,-0.004285043,1.9179839,0.7918502,0.20814978,0.28744492,0.0
286720,6112.410933613837,9.0,302.42218,500.0,214.4668,-1.0,-0.07995736,1.0,0.6995301,-0.022751918,-0.0030755624,0.0022386038,-0.004194864,1.9176369,0.79211086,0.20788912,0.28784648,0.0
294912,6116.877827786859,9.0,302.3143,500.0,214.74118,-1.0,-0.07987552,1.0,0.69887996,-0.02304574,-0.003196222,0.0017488953,-0.0040706694,1.9137602,0.79253113,0.20746888,0.2873444,0.0
303104,6143.497233527802,9.0,302.0766,500.0,215.05399,-1.0,-0.07862903,1.0,0.6984047,-0.023401292,-0.004735076,0.0014303369,-0.0054502445,1.9132621,0.7923387,0.20766129,0.28629032,0.0
311296,6115.963242709827,9.0,300.28223,500.0,215.61758,-1.0,-0.07519531,1.0,0.7010107,-0.020847535,-0.0039263833,0.0021808883,-0.005016828,1.9033055,0.7890625,0.2109375,0.2861328,0.0
319488,6154.155307632196,9.0,298.7907,500.0,215.97063,-1.0,-0.06912879,1.0,0.70304644,-0.017416174,-0.005130412,0.0021103455,-0.0061855847,1.8867385,0.7850379,0.21496212,0.2840909,0.0
327680,6121.0023000251,9.0,299.6339,500.0,215.84572,-1.0,-0.07043559,1.0,0.701281,-0.018124795,-0.0025332156,0.001504447,-0.0032854392,1.8733304,0.78683966,0.21316034,0.28359592,0.0
335872,6277.177566555762,9.0,298.68677,500.0,216.45387,-1.0,-0.06660666,1.0,0.70172167,-0.015798548,-0.004004586,0.0014820643,-0.004745618,1.8686026,0.7848785,0.21512151,0.28172818,0.0
344064,6353.228192646286,9.0,299.06595,500.0,216.66226,-1.0,-0.06948109,1.0,0.70023936,-0.01781483,-0.0037270722,0.0011534669,-0.0043038055,1.8578126,0.7871592,0.21284081,0.2823219,0.0
352256,6123.861635318767,9.0,297.7959,500.0,217.1497,-1.0,-0.06432247,1.0,0.7017351,-0.014550663,-0.004365648,0.0016802188,-0.0052057575,1.8427325,0.7838765,0.2161235,0.28044596,0.0
360448,6124.231656708179,9.0,296.99417,500.0,217.66576,-1.0,-0.055926543,1.0,0.7025193,-0.008101454,-0.003680613,0.0014336382,-0.004397432,1.8308169,0.77963275,0.22036728,0.2762938,0.0
368640,6223.05368583808,9.0,296.41544,500.0,217.95462,-1.0,-0.057723578,1.0,0.70243573,-0.008420014,-0.0062655313,0.0017648841,-0.0071479725,1.8240551,0.7804878,0.2195122,0.27723578,0.0
376832,6110.900957120925,9.0,296.16824,500.0,218.21715,-1.0,-0.06031746,1.0,0.7022729,-0.011139755,-0.0039191525,0.001819357,-0.004828831,1.8230515,0.78174603,0.21825397,0.27857143,0.0
385024,6303.549088069837,9.0,296.20697,500.0,218.29121,-1.0,-0.053488374,1.0,0.70287853,-0.007082622,-0.0034068634,0.001876285,-0.004345006,1.8312774,0.77829456,0.22170542,0.2751938,0.0
393216,6145.0519378880035,9.0,296.59497,500.0,218.60939,-1.0,-0.047872342,1.0,0.7017044,-0.0026946778,-0.0037589218,0.0007235111,-0.004120677,1.8266858,0.7765958,0.22340426,0.2712766,0.0
401408,6121.232388050607,9.0,296.53052,500.0,218.77472,-1.0,-0.04761905,1.0,0.70127034,-0.0025185857,-0.00326947,0.0015031289,-0.0040210346,1.8264182,0.77678573,0.22321428,0.27083334,0.0
409600,6409.992345261681,9.0,297.41623,500.0,218.59227,-1.0,-0.049012437,1.0,0.6999405,-0.0032373245,-0.004295144,0.001173303,-0.0048817955,1.8318826,0.7783467,0.22165325,0.2706657,0.0
417792,6110.201120330622,9.0,298.55075,500.0,218.53749,-1.0,-0.053275738,1.0,0.697655,-0.0061434065,-0.0046239686,0.00095119665,-0.0050995667,1.8346046,0.78185743,0.21814255,0.27141827,0.0
425984,6115.827167116961,9.0,299.34396,500.0,218.63611,-1.0,-0.049539987,1.0,0.6960267,-0.0035071538,-0.0035066605,0.0010271873,-0.004020254,1.8357643,0.78131634,0.21868365,0.26822364,0.0
434176,6107.362123472748,9.0,299.13107,500.0,218.7897,-1.0,-0.04368932,1.0,0.69685626,-0.0014314188,-0.004038317,0.0018732366,-0.004974935,1.8346884,0.778086,0.22191401,0.26560333,0.0
442368,6117.20670975093,9.0,298.03125,500.0,218.98831,-1.0,-0.04144022,1.0,0.6986361,0.0014536406,-0.0039213123,0.0017435625,-0.0047930935,1.8257891,0.7758152,0.22418478,0.265625,0.0
450560,6127.191253100398,8.0,297.99466,500.0,219.31131,-1.0,-0.03266667,1.0,0.6982833,0.007826447,-0.003926994,0.0014100674,-0.0046320274,1.8146532,0.772,0.228,0.26066667,0.0
458752,6117.144633295216,8.0,297.6344,500.0,219.60518,-1.0,-0.028122956,1.0,0.69840086,0.010567189,-0.00385008,0.0015191847,-0.004609673,1.8014078,0.76978415,0.23021583,0.25833878,0.0
466944,6115.279660133092,8.0,298.37564,500.0,219.6368,-1.0,-0.028350515,1.0,0.697359,0.009879381,-0.0042113103,0.0014225964,-0.004922609,1.7903472,0.77061856,0.22938144,0.25773194,0.0
475136,6121.691525330117,8.0,298.68314,500.0,219.57481,-1.0,-0.025348542,1.0,0.69717246,0.012709163,-0.0052224537,0.0011146123,-0.00577976,1.7840997,0.76932824,0.23067173,0.25602028,0.0
483328,6120.541085602725,8.0,298.28375,500.0,219.86037,-1.0,-0.018668326,1.0,0.6973324,0.016956404,-0.0034724693,0.0011892726,-0.0040671057,1.7819675,0.76602364,0.23397635,0.2526447,0.0
491520,6117.485524808053,8.0,297.2927,500.0,219.97952,-1.0,-0.015853658,1.0,0.699123,0.019514889,-0.0036615785,0.0023217066,-0.004822432,1.7828133,0.7634146,0.23658536,0.25243902,0.0
499712,6097.229974679268,8.0,297.11316,500.0,220.13573,-1.0,-0.014371257,1.0,0.69886786,0.020770146,-0.0028790743,0.0016185547,-0.0036883522,1.7770393,0.76287425,0.23712575,0.251497,0.0
507904,6133.069772589182,8.0,295.87515,500.0,220.40388,-1.0,-0.009378663,1.0,0.7007992,0.024226708,-0.0046463925,0.0019938182,-0.0056433016,1.7680864,0.7590856,0.24091442,0.25029308,0.0
516096,6259.018286272844,8.0,294.8252,500.0,220.62746,-1.0,-0.005175388,1.0,0.70198655,0.026587294,-0.0036111544,0.0016216246,-0.0044219666,1.7666131,0.7561817,0.24381828,0.24899368,0.0
524288,6126.866759247966,8.0,294.03333,500.0,220.9741,-1.0,-0.004517222,1.0,0.7024856,0.026866302,-0.0038228184,0.0017637184,-0.0047046775,1.7631986,0.7555054,0.24449463,0.24901186,0.0
532480,6126.187290881647,8.0,294.53143,500.0,221.01582,-1.0,-0.0055648303,1.0,0.7013559,0.026129212,-0.0041724546,0.0014224837,-0.0048836963,1.7570195,0.7568169,0.24318308,0.24874792,0.0
540672,6296.105834020486,8.0,294.22247,500.0,221.17877,-1.0,-0.0032876711,1.0,0.70145845,0.02720195,-0.0038926767,0.0018474726,-0.004816413,1.7480452,0.7556164,0.24438356,0.24767123,0.0
548864,6360.038361911151,8.0,294.05603,500.0,221.4748,-1.0,0.0,1.0,0.70098454,0.029853024,-0.004800434,0.0013364528,-0.005468661,1.740801,0.75431037,0.24568966,0.24568966,0.0
557056,6108.967016305163,8.0,294.6134,500.0,221.43585,-1.0,0.0,1.0,0.6999163,0.03017563,-0.0033314656,0.001050998,-0.0038569642,1.7333734,0.7550586,0.24494143,0.24494143,0.0
565248,6148.691812550083,8.0,295.52997,500.0,221.41322,-1.0,0.0005257623,1.0,0.6981271,0.030718159,-0.0053521306,0.0007256758,-0.0057149683,1.7302518,0.7560463,0.24395373,0.24342798,0.0
573440,6103.289614310369,8.0,294.0062,500.0,221.8572,-1.0,0.0030991735,1.0,0.6997569,0.032497026,-0.006434165,0.0014100254,-0.007139178,1.7251762,0.7536157,0.2463843,0.24328512,0.0
581632,6117.972422975903,8.0,295.096,500.0,221.83688,-1.0,0.004085802,1.0,0.698008,0.033331472,-0.0058867866,0.0008100269,-0.0062918,1.7121458,0.7543412,0.24565883,0.24157304,0.0
589824,6253.20663420046,8.0,295.1114,500.0,221.84308,-1.0,0.00453629,1.0,0.6981251,0.034118023,-0.003247547,0.0011818662,-0.00383848,1.6998472,0.75403225,0.24596775,0.24143144,0.0
598016,6118.68057875751,7.0,293.37897,500.0,222.2951,-1.0,0.0059288535,1.0,0.7000596,0.035585776,-0.004131901,0.001851165,-0.005057483,1.6832713,0.7519763,0.24802372,0.24209486,0.0
606208,6118.711087612739,7.0,291.96793,500.0,222.56096,-1.0,0.008746356,1.0,0.7018795,0.036872074,-0.00403472,0.0023818344,-0.005225637,1.6735476,0.74927115,0.25072888,0.2419825,0.0
614400,6110.151138122121,7.0,290.98135,500.0,222.8696,-1.0,0.0076445295,1.0,0.7028295,0.035713647,-0.0043772315,0.0017602951,-0.0052573793,1.6662049,0.74916387,0.25083613,0.24319158,0.0
622592,6115.945824696007,7.0,290.74036,500.0,223.03029,-1.0,0.0065851365,1.0,0.7027389,0.035138935,-0.006670285,0.0016860086,-0.00751329,1.6546631,0.7497648,0.25023517,0.24365005,0.0
630784,6109.208148849608,7.0,289.85892,500.0,223.24641,-1.0,0.007863089,1.0,0.70378464,0.035933524,-0.0053138896,0.0016650886,-0.0061464338,1.6467168,0.74838114,0.25161886,0.24375579,0.0
638976,6436.126645055402,7.0,290.62244,500.0,223.19745,-1.0,0.009610984,1.0,0.7026586,0.037402503,-0.0057347342,0.000849828,-0.0061596488,1.6428272,0.74828374,0.25171626,0.24210526,0.0
647168,6129.805938785322,7.0,289.53046,500.0,223.3842,-1.0,0.010374379,1.0,0.70399386,0.038220488,-0.00482291,0.0016034103,-0.0056246147,1.6401846,0.74695534,0.25304466,0.24267027,0.0
655360,6122.0580121084395,7.0,289.9942,500.0,223.43924,-1.0,0.01114082,1.0,0.7029101,0.03866692,-0.004903947,0.001156919,-0.005482407,1.6297944,0.7473262,0.2526738,0.24153298,0.0
663552,6196.406736245126,7.0,290.4641,500.0,223.47823,-1.0,0.010127697,1.0,0.70187736,0.037920248,-0.0033810793,0.0016029138,-0.004182536,1.6239947,0.7485689,0.25143108,0.24130338,0.0
671744,6159.584351811749,7.0,290.2578,500.0,223.62585,-1.0,0.012608696,1.0,0.7017476,0.03949981,-0.003575856,0.0014884121,-0.0043200627,1.6221582,0.7473913,0.2526087,0.24,0.0
679936,6103.907626354159,7.0,290.4042,500.0,223.68622,-1.0,0.0154639175,1.0,0.7014477,0.041465875,-0.0044347215,0.0008235635,-0.0048465026,1.6253766,0.74613404,0.253866,0.23840207,0.0
688128,6112.928563054111,7.0,290.44113,500.0,223.76591,-1.0,0.015299617,1.0,0.70135844,0.04145943,-0.004320994,0.0013568134,-0.0049994006,1.6116155,0.7462813,0.25371864,0.23841904,0.0
696320,6115.033694875292,7.0,290.51828,500.0,223.86172,-1.0,0.016379673,1.0,0.7011005,0.042682633,-0.003707798,0.0015099797,-0.004462788,1.5920875,0.7459051,0.25409493,0.23771524,0.0
704512,6122.439815833613,7.0,290.8932,500.0,223.84883,-1.0,0.018703243,1.0,0.7003616,0.04355007,-0.005887987,0.001089195,-0.006432585,1.5867741,0.7452203,0.25477973,0.23607647,0.0
712704,6115.68347786403,7.0,291.23807,500.0,223.86275,-1.0,0.016447369,1.0,0.6999008,0.041528646,-0.0041659046,0.0011749382,-0.004753374,1.5804954,0.74671054,0.25328946,0.23684211,0.0
720896,6233.215156769457,7.0,291.33035,500.0,223.97319,-1.0,0.017493898,1.0,0.6993684,0.04224407,-0.006847389,0.0008835778,-0.0072891777,1.573929,0.7465419,0.25345808,0.2359642,0.0
729088,6107.743182019776,7.0,291.21985,500.0,224.09305,-1.0,0.018890675,1.0,0.6991359,0.04300276,-0.0054402696,0.0015521589,-0.006216349,1.5658532,0.7459807,0.2540193,0.23512861,0.0
737280,6114.615816972993,7.0,290.80927,500.0,224.3349,-1.0,0.0222046,1.0,0.6991432,0.04545961,-0.003518689,0.0016273514,-0.0043323655,1.5640767,0.7442506,0.2557494,0.23354481,0.0
745472,6110.003369418667,7.0,291.00235,500.0,224.4121,-1.0,0.023146331,1.0,0.69849205,0.045773983,-0.0035738004,0.0009757623,-0.0040616817,1.5590227,0.7442134,0.2557866,0.23264025,0.0
753664,6118.591233145922,7.0,290.61707,500.0,224.56308,-1.0,0.025968993,1.0,0.698631,0.04731455,-0.0041139913,0.0016432132,-0.0049355975,1.553504,0.74263567,0.25736433,0.23139535,0.0
761856,6111.455289455027,7.0,290.64035,500.0,224.7268,-1.0,0.027990798,1.0,0.6980902,0.04879356,-0.004553313,0.000958399,-0.005032513,1.5538387,0.7419478,0.25805214,0.23006135,0.0
770048,6101.932595507693,7.0,291.16718,500.0,224.71368,-1.0,0.030015197,1.0,0.6969944,0.049853478,-0.0041492945,0.0009838155,-0.0046412023,1.5583606,0.74164134,0.25835866,0.22834347,0.0
778240,6407.962488889486,7.0,291.18158,500.0,224.73349,-1.0,0.032330826,1.0,0.6967215,0.050764017,-0.004540352,0.001296177,-0.005188441,1.5497955,0.7406015,0.2593985,0.22706766,0.0
786432,6287.929785469428,7.0,290.7835,500.0,224.8982,-1.0,0.036761977,1.0,0.69675404,0.05452858,-0.0051143896,0.0014311001,-0.00582994,1.5423057,0.7382102,0.26178983,0.22502784,0.0
794624,6115.558299548591,7.0,290.723,500.0,225.04858,-1.0,0.04041146,1.0,0.6962572,0.057408348,-0.0023873937,0.00097704,-0.0028759139,1.5370367,0.73659074,0.26340926,0.2229978,0.0
802816,6113.130853843287,7.0,290.69174,500.0,225.16855,-1.0,0.04180298,1.0,0.6958862,0.05866192,-0.00445244,0.0009778199,-0.0049413503,1.5406231,0.73609596,0.26390404,0.22210105,0.0
811008,6179.101129600799,7.0,290.9946,500.0,225.14966,-1.0,0.043979812,1.0,0.69518745,0.05973149,-0.0045207245,0.00072666066,-0.0048840553,1.5404661,0.73540014,0.26459986,0.22062004,0.0
819200,6386.05568623486,7.0,291.40036,500.0,225.20816,-1.0,0.04535714,1.0,0.69416946,0.060663726,-0.0032199584,0.00091623876,-0.0036780778,1.5390157,0.73535717,0.26464286,0.21928571,0.0
827392,6113.605093333717,7.0,291.7339,500.0,225.2277,-1.0,0.047062986,1.0,0.6933974,0.06150224,-0.003978946,0.0009909157,-0.004474404,1.5349224,0.7349611,0.26503894,0.21797594,0.0
835584,6120.510558495497,7.0,291.76385,500.0,225.34702,-1.0,0.050105117,1.0,0.69279885,0.06380042,-0.0036343045,0.0010424622,-0.0041555357,1.5268767,0.7337071,0.26629293,0.2161878,0.0
843776,6138.503335022804,7.0,291.21027,500.0,225.51549,-1.0,0.05299619,1.0,0.69310313,0.065884896,-0.0044301823,0.0014026716,-0.0051315185,1.5235527,0.73190165,0.26809838,0.21510218,0.0
851968,6311.0006884112545,7.0,291.36688,500.0,225.52614,-1.0,0.053246308,1.0,0.6926881,0.066167414,-0.0041413154,0.0012968509,-0.004789741,1.5172063,0.73205084,0.26794916,0.21470284,0.0
860160,6113.854207310346,7.0,291.383,500.0,225.56442,-1.0,0.054761905,1.0,0.6925707,0.06709015,-0.004518686,0.0016790557,-0.0053582136,1.5086802,0.73129255,0.26870748,0.21394558,0.0
868352,6110.374977859503,7.0,291.45956,500.0,225.62672,-1.0,0.054245282,1.0,0.692243,0.06671584,-0.004908214,0.0014593216,-0.0056378744,1.5061545,0.7318059,0.26819408,0.21394879,0.0
876544,6163.609629583256,7.0,291.41135,500.0,225.7534,-1.0,0.05642738,1.0,0.69182295,0.068514906,-0.007824219,0.00089045335,-0.008269445,1.5008639,0.7308848,0.26911518,0.21268782,0.0
884736,6161.599095622434,7.0,291.10864,500.0,225.83669,-1.0,0.057463672,1.0,0.6920003,0.069148965,-0.0049480465,0.0015430191,-0.0057195565,1.4880481,0.7301849,0.26981506,0.21235138,0.0
892928,6438.6967813579195,7.0,291.14505,500.0,225.9524,-1.0,0.059921414,1.0,0.6914281,0.07119747,-0.00297493,0.0010119247,-0.0034808922,1.4809896,0.7292076,0.2707924,0.210871,0.0
901120,6119.137153774589,7.0,291.05023,500.0,226.0354,-1.0,0.061568372,1.0,0.69118655,0.07250151,-0.004781566,0.0015293787,-0.0055462555,1.4759438,0.7284511,0.27154893,0.20998056,0.0
909312,6170.690642748054,7.0,291.53394,500.0,226.04088,-1.0,0.06207784,1.0,0.69019204,0.072712116,-0.0061160224,0.0009912946,-0.0066116694,1.4737922,0.72885174,0.27114826,0.20907044,0.0
917504,6488.1735082232935,7.0,291.8229,500.0,226.09383,-1.0,0.061901722,1.0,0.6895128,0.07250775,-0.005121401,0.0011376498,-0.005690226,1.4877502,0.7294193,0.27058074,0.208679,0.0
925696,6099.474807077788,7.0,291.5158,500.0,226.2582,-1.0,0.06352718,1.0,0.68950754,0.07369295,-0.003910858,0.0013724377,-0.004597077,1.4933848,0.72850823,0.2714918,0.2079646,0.0
933888,6103.1866244698085,7.0,291.60858,500.0,226.36479,-1.0,0.06455657,1.0,0.6889697,0.074521,-0.0044101756,0.0011692484,-0.0049948003,1.4794185,0.72829837,0.27170166,0.2071451,0.0
942080,6114.626698485747,7.0,291.35587,500.0,226.46185,-1.0,0.06701831,1.0,0.688887,0.07616086,-0.0054280693,0.0012251182,-0.006040628,1.4770663,0.72696245,0.27303755,0.20601924,0.0
950272,6117.855865352018,7.0,291.05753,500.0,226.55107,-1.0,0.06859428,1.0,0.689086,0.07756163,-0.0042880257,0.0012123208,-0.004894186,1.4782989,0.7259305,0.27406952,0.20547524,0.0
958464,6114.641932668666,7.0,291.91196,500.0,226.45114,-1.0,0.06817487,1.0,0.6878864,0.077342674,-0.0043998957,0.00087398954,-0.004836891,1.4760908,0.7269948,0.2730052,0.20483033,0.0
966656,6107.938615105033,7.0,291.546,500.0,226.59473,-1.0,0.06900726,1.0,0.6880743,0.07801835,-0.005059029,0.0013663202,-0.0057421885,1.4663907,0.72639227,0.27360776,0.20460048,0.0
974848,6110.0490031083955,7.0,291.49744,500.0,226.69675,-1.0,0.07110711,1.0,0.6876712,0.0799087,-0.004762659,0.00065951457,-0.005092416,1.4609585,0.72547257,0.27452746,0.20342034,0.0
983040,6121.970749371629,7.0,291.72693,500.0,226.67244,-1.0,0.0723645,1.0,0.68711776,0.08094672,-0.005203693,0.00073291303,-0.00557015,1.4583071,0.725134,0.27486598,0.20250149,0.0
991232,6114.119661137107,7.0,291.87497,500.0,226.71,-1.0,0.07301212,1.0,0.68663305,0.08151225,-0.006387443,0.0009268892,-0.0068508876,1.4572479,0.72509605,0.27490392,0.20189181,0.0
999424,6119.2919034882725,7.0,291.32886,500.0,226.76385,-1.0,0.0749634,1.0,0.68722063,0.08341538,-0.0053865463,0.0015578277,-0.00616546,1.454053,0.7235725,0.27642754,0.20146413,0.0
1007616,6146.464489139225,7.0,291.10992,500.0,226.78633,-1.0,0.074535966,1.0,0.68752646,0.08316376,-0.0043384964,0.0018493459,-0.0052631693,1.4473326,0.7236079,0.2763921,0.20185615,0.0
1015808,6311.2800604094755,7.0,290.3561,500.0,226.96516,-1.0,0.07546628,1.0,0.68832284,0.08401315,-0.0060730893,0.0016609936,-0.006903586,1.4411303,0.7225251,0.27747488,0.2020086,0.0
1024000,6112.215214230683,7.0,289.98123,500.0,227.08388,-1.0,0.076201305,1.0,0.6885839,0.08440702,-0.0038775112,0.0014620528,-0.004608538,1.4431673,0.7219221,0.2780779,0.2018766,0.0
1032192,6116.48691807708,7.0,290.10806,500.0,227.13701,-1.0,0.07590293,1.0,0.68821543,0.084115624,-0.006235178,0.0006206885,-0.0065455223,1.4392546,0.7223476,0.27765238,0.20174943,0.0
1040384,6112.902461991992,7.0,290.03918,500.0,227.15521,-1.0,0.07696614,1.0,0.68811715,0.085358,-0.0048356308,0.0010261972,-0.0053487294,1.430609,0.7218024,0.2781976,0.20123146,0.0
1048576,6142.017973583402,7.0,289.50708,500.0,227.3061,-1.0,0.07786091,1.0,0.6885682,0.08598192,-0.003012726,0.001469012,-0.003747232,1.4231534,0.72097534,0.27902466,0.20116375,0.0
1056768,6115.856558932315,7.0,289.5385,500.0,227.35204,-1.0,0.078932896,1.0,0.6882533,0.087081596,-0.0041274442,0.0011946053,-0.0047247466,1.4229133,0.72057205,0.27942795,0.20049505,0.0
1064960,6321.124853836673,7.0,288.6031,500.0,227.49536,-1.0,0.08133841,1.0,0.68931687,0.089408934,-0.0046478156,0.0020730768,-0.0056843534,1.4192728,0.718444,0.28155604,0.20021763,0.0
1073152,6181.406663556751,7.0,288.5101,500.0,227.53482,-1.0,0.082816295,1.0,0.68934923,0.090199225,-0.005994947,0.0013712376,-0.006680566,1.4121084,0.71756136,0.28243864,0.19962233,0.0
1081344,6103.1020669886275,7.0,288.3517,500.0,227.60707,-1.0,0.08511777,1.0,0.68926704,0.09165254,-0.0049835634,0.0014217156,-0.0056944215,1.4109554,0.7162741,0.28372592,0.19860813,0.0
1089536,6286.658509073551,7.0,288.19644,500.0,227.70352,-1.0,0.08627555,1.0,0.6891322,0.09254411,-0.004281342,0.0012645541,-0.0049136193,1.4105729,0.7156889,0.28431112,0.19803557,0.0
1097728,6120.181321192625,7.0,287.37463,500.0,227.84607,-1.0,0.0879496,1.0,0.6900137,0.09419464,-0.00538633,0.001904896,-0.006338778,1.4032472,0.7140982,0.2859018,0.19795223,0.0
1105920,6107.130905996924,7.0,287.3,500.0,227.91702,-1.0,0.08782903,1.0,0.6901144,0.093894936,-0.0063117463,0.0011432826,-0.0068833875,1.3961451,0.7140996,0.28590044,0.1980714,0.0
1114112,6121.813682714101,7.0,286.13388,500.0,228.1283,-1.0,0.08959835,1.0,0.6914253,0.095343485,-0.006408763,0.0024220804,-0.0076198033,1.3919008,0.7121524,0.28784758,0.19824922,0.0
1122304,6124.520937607839,7.0,285.91547,500.0,228.19208,-1.0,0.08888889,1.0,0.6916888,0.09501909,-0.0052665127,0.0012854639,-0.0059092445,1.3884611,0.7123883,0.28761175,0.19872285,0.0
1130496,6135.74974093403,7.0,285.40744,500.0,228.27243,-1.0,0.09065586,1.0,0.69209355,0.096486256,-0.004073327,0.0016705833,-0.004908619,1.3892758,0.71106607,0.2889339,0.19827804,0.0
1138688,6214.913258793599,7.0,285.00403,500.0,228.30498,-1.0,0.091137335,1.0,0.69283426,0.096677214,-0.005183398,0.0018834105,-0.0061251028,1.3881979,0.7102686,0.28973135,0.19859402,0.0
1146880,6403.875598364352,7.0,284.7604,500.0,228.36127,-1.0,0.09165629,1.0,0.6930128,0.09688335,-0.004251238,0.0017012926,-0.005101884,1.3855518,0.7098381,0.2901619,0.19850561,0.0
1155072,6473.205954641245,7.0,284.4611,500.0,228.45999,-1.0,0.093356386,1.0,0.6930326,0.09832714,-0.0047916174,0.0011725449,-0.0053778896,1.3857826,0.708817,0.291183,0.19782662,0.0
1163264,6492.919596407929,7.0,284.23853,500.0,228.50797,-1.0,0.09463104,1.0,0.69309497,0.09920809,-0.0029759838,0.0011444887,-0.003548228,1.3911047,0.7080167,0.29198334,0.19735229,0.0
1171456,6113.2852999099905,7.0,283.35956,500.0,228.65198,-1.0,0.09711095,1.0,0.69387704,0.10108547,-0.0048546707,0.0020059678,-0.005857655,1.3863909,0.7059966,0.2940034,0.19689246,0.0
1179648,6119.873919663041,7.0,283.21503,500.0,228.6669,-1.0,0.09583434,1.0,0.69428164,0.10001078,-0.005269816,0.0019293379,-0.0062344843,1.3720732,0.7064772,0.29352275,0.19768842,0.0
1187840,6115.755321646503,7.0,282.99976,500.0,228.72855,-1.0,0.09698997,1.0,0.6944291,0.100642964,-0.007348949,0.0014770862,-0.008087492,1.3688335,0.7056856,0.29431438,0.19732441,0.0
1196032,6110.264142541669,7.0,282.2026,500.0,228.87668,-1.0,0.09822485,1.0,0.6952479,0.10203415,-0.004617756,0.0019565553,-0.005596034,1.3647876,0.7043787,0.2956213,0.19739644,0.0
1204224,6108.417479024822,7.0,281.6604,500.0,228.97536,-1.0,0.09943715,1.0,0.6957117,0.103065155,-0.004522982,0.0017946057,-0.0054202853,1.3604661,0.7033302,0.29666978,0.19723265,0.0
1212416,6116.680733359289,7.0,281.4631,500.0,229.05353,-1.0,0.10058207,1.0,0.6956624,0.10389041,-0.005518265,0.0012692703,-0.0061529,1.3497368,0.70267755,0.29732248,0.19674039,0.0
1220608,6118.069376158721,7.0,280.56256,500.0,229.20247,-1.0,0.103019126,1.0,0.69650793,0.105938084,-0.0046407133,0.0022007497,-0.0057410877,1.3373789,0.70062226,0.29937774,0.1963586,0.0
1228800,6138.226987145533,7.0,280.24084,500.0,229.18126,-1.0,0.103519194,1.0,0.6970337,0.10624173,-0.0059781214,0.0021812583,-0.0070687504,1.3226545,0.6999543,0.3000457,0.19652651,0.0
1236992,6319.2066664827535,7.0,279.0622,500.0,229.36507,-1.0,0.106536984,1.0,0.6981446,0.10846771,-0.0046011386,0.0017273454,-0.0054648113,1.3152431,0.69735354,0.30264646,0.19610947,0.0
1245184,6122.446361455522,7.0,279.2474,500.0,229.39243,-1.0,0.10783431,1.0,0.6975462,0.1094097,-0.005535816,0.0009632022,-0.006017417,1.317142,0.69698334,0.30301666,0.19518235,0.0
1253376,6109.787161916461,7.0,279.8578,500.0,229.34933,-1.0,0.10772676,1.0,0.6966861,0.10908216,-0.0049655624,0.0008504152,-0.0053907703,1.3171333,0.6976484,0.30235162,0.19462486,0.0
1261568,6108.391416471378,7.0,279.9399,500.0,229.3387,-1.0,0.10905854,1.0,0.69633245,0.11004185,-0.0053389953,0.00088179036,-0.0057798913,1.3131889,0.69708437,0.30291563,0.19385712,0.0
1269760,6116.643711513672,7.0,279.61218,500.0,229.37633,-1.0,0.11042403,1.0,0.6965317,0.111090854,-0.005647646,0.0014457463,-0.0063705198,1.3056927,0.69611305,0.30388692,0.1934629,0.0
1277952,6122.586004723836,7.0,279.62027,500.0,229.41762,-1.0,0.11084285,1.0,0.6963193,0.11108717,-0.0042355214,0.0013021568,-0.0048865997,1.2947876,0.6960053,0.30399475,0.19315189,0.0
1286144,6335.374405408784,7.0,279.03503,500.0,229.48611,-1.0,0.1127067,1.0,0.6968189,0.11250609,-0.007851979,0.0016191308,-0.008661544,1.2871169,0.69451696,0.30548304,0.19277632,0.0
1294336,6160.631323929036,7.0,278.5434,500.0,229.53677,-1.0,0.11377375,1.0,0.6974294,0.11318158,-0.0047631506,0.0016437895,-0.0055850446,1.2856001,0.693437,0.30656305,0.19278929,0.0
1302528,6115.703071455486,7.0,278.3264,500.0,229.56543,-1.0,0.11494746,1.0,0.6974707,0.1141267,-0.00438492,0.0012860931,-0.0050279666,1.2719202,0.6926871,0.30731288,0.19236542,0.0
1310720,6120.550897951862,7.0,277.32462,500.0,229.63138,-1.0,0.11613588,1.0,0.69872093,0.115047656,-0.0051105646,0.0028034209,-0.0065122754,1.2593578,0.6910828,0.3089172,0.19278131,0.0
1318912,6209.25836530451,7.0,277.3293,500.0,229.63754,-1.0,0.11610724,1.0,0.69864327,0.115002126,-0.0043359604,0.00200655,-0.005339235,1.2614712,0.6911547,0.30884525,0.19273803,0.0
1327104,6192.799458288132,7.0,277.35944,500.0,229.65417,-1.0,0.11582039,1.0,0.6986089,0.114821315,-0.0059793,0.0014533447,-0.0067059724,1.2617118,0.6913554,0.30864456,0.19282417,0.0
1335296,6108.168807890051,7.0,276.68558,500.0,229.74908,-1.0,0.1172801,1.0,0.699323,0.1157523,-0.006667613,0.001820411,-0.007577819,1.2560939,0.6899563,0.31004366,0.19276357,0.0
1343488,6121.330535125232,7.0,276.24194,500.0,229.78621,-1.0,0.11839934,1.0,0.6997817,0.116884045,-0.004503696,0.0016890418,-0.0053482167,1.2449837,0.6889439,0.3110561,0.19265677,0.0
1351680,6116.123275354915,7.0,276.07742,500.0,229.86905,-1.0,0.119189024,1.0,0.6997018,0.11756162,-0.005820845,0.0014614583,-0.006551574,1.2324635,0.68851113,0.31148884,0.19229981,0.0
1359872,6112.604490663708,7.0,275.26523,500.0,229.93257,-1.0,0.119926944,1.0,0.7007827,0.117709145,-0.0071912184,0.0023780665,-0.008380251,1.2171082,0.6872971,0.31270292,0.19277598,0.0
1368064,6114.870454521995,7.0,274.85318,500.0,230.01315,-1.0,0.12064451,1.0,0.7011333,0.11846041,-0.0045848424,0.0015168155,-0.0053432505,1.2071776,0.6866062,0.31339374,0.19274925,0.0
1376256,6117.274232940313,7.0,274.62366,500.0,230.08374,-1.0,0.12184874,1.0,0.7011101,0.119598314,-0.006844155,0.0010421393,-0.007365225,1.2001123,0.68587434,0.31412566,0.19227691,0.0
1384448,6196.676054570119,7.0,274.213,500.0,230.13994,-1.0,0.12289061,1.0,0.7015299,0.12052536,-0.005441512,0.0017462713,-0.0063146483,1.1974038,0.6849315,0.31506848,0.19217788,0.0
1392640,6337.801560741632,7.0,273.98007,500.0,230.21475,-1.0,0.12263407,1.0,0.70175,0.120277755,-0.005136645,0.0014962018,-0.005884746,1.1965426,0.6849369,0.3150631,0.19242902,0.0
1400832,6186.260126657259,7.0,273.87967,500.0,230.25125,-1.0,0.121889085,1.0,0.7019171,0.119538195,-0.0042256317,0.0017395053,-0.005095384,1.1963873,0.6852832,0.31471685,0.19282775,0.0
1409024,6128.186800541339,7.0,273.38782,500.0,230.33531,-1.0,0.12344479,1.0,0.7022255,0.120993525,-0.0050913617,0.0022362766,-0.0062094997,1.1916475,0.684098,0.31590202,0.19245723,0.0
1417216,6355.103619495816,7.0,273.4153,500.0,230.33406,-1.0,0.12432328,1.0,0.7020382,0.121385485,-0.0065900628,0.0014304863,-0.0073053064,1.1781912,0.68368137,0.31631863,0.19199535,0.0
1425408,6123.042071642632,7.0,273.1514,500.0,230.36418,-1.0,0.12564841,1.0,0.7021069,0.12223762,-0.0055664484,0.0016887932,-0.0064108456,1.1770855,0.682805,0.317195,0.19154659,0.0
1433600,6150.175390161435,7.0,273.12012,500.0,230.42198,-1.0,0.12776929,1.0,0.7016191,0.1238891,-0.004868252,0.0010143418,-0.005375423,1.1730707,0.6818182,0.3181818,0.19041252,0.0
1441792,6296.616966140033,7.0,272.99146,500.0,230.44974,-1.0,0.12941177,1.0,0.70154905,0.12503426,-0.0043682815,0.0015278561,-0.0051322095,1.1663473,0.6808349,0.31916508,0.18975332,0.0
1449984,6118.295975355686,7.0,272.78506,500.0,230.46716,-1.0,0.13027903,1.0,0.70161647,0.1256077,-0.004517204,0.002063369,-0.0055488884,1.162646,0.68024135,0.31975868,0.18947963,0.0
1458176,6304.21757715845,7.0,272.10037,500.0,230.53896,-1.0,0.13252336,1.0,0.7020718,0.12717997,-0.0065106815,0.002445859,-0.0077336114,1.1534855,0.67850465,0.32149532,0.18897197,0.0
1466368,6101.374572025979,7.0,272.03458,500.0,230.55923,-1.0,0.13311024,1.0,0.7019868,0.12772878,-0.005066824,0.0010527403,-0.0055931937,1.1508174,0.678193,0.32180703,0.18869679,0.0
1474560,6106.059718287433,7.0,272.08844,500.0,230.54291,-1.0,0.13376503,1.0,0.7018263,0.1280705,-0.005617193,0.0013239463,-0.006279166,1.1493615,0.67789084,0.32210916,0.18834412,0.0
1482752,6113.524597960636,7.0,271.724,500.0,230.54834,-1.0,0.13450937,1.0,0.7022224,0.1287944,-0.006772481,0.001627451,-0.0075862063,1.1474684,0.6771408,0.32285926,0.18834987,0.0
1490944,6119.533851823514,7.0,271.45016,500.0,230.58138,-1.0,0.13417305,1.0,0.70262414,0.12855498,-0.0051536113,0.0021950568,-0.0062511396,1.1476148,0.6770719,0.32292807,0.18875502,0.0
1499136,6121.4548592713845,7.0,271.26666,500.0,230.6016,-1.0,0.13523325,1.0,0.70269704,0.1293011,-0.004785965,0.0017387684,-0.005655349,1.1454885,0.6763478,0.3236522,0.18841895,0.0
1507328,6117.09562645696,7.0,271.29318,500.0,230.64917,-1.0,0.1354035,1.0,0.7026177,0.12955296,-0.0056009213,0.0014944036,-0.0063481233,1.1426,0.67629534,0.32370463,0.18830113,0.0
1515520,6123.564777329379,7.0,271.14697,500.0,230.65582,-1.0,0.13583349,1.0,0.702738,0.12971763,-0.0050365236,0.0013621381,-0.005717593,1.140611,0.67593753,0.32406244,0.18822896,0.0
1523712,6117.236114827592,7.0,271.30136,500.0,230.6653,-1.0,0.1358686,1.0,0.70243335,0.12999408,-0.004272186,0.0010704012,-0.0048073865,1.1338917,0.6761293,0.32387075,0.18800214,0.0
1531904,6110.547758580307,7.0,270.5781,500.0,230.77211,-1.0,0.13668555,1.0,0.70314944,0.13084818,-0.00487811,0.0019453625,-0.0058507915,1.1251321,0.6751062,0.32489377,0.18820822,0.0
1540096,6113.297264367603,7.0,270.41797,500.0,230.77635,-1.0,0.13697183,1.0,0.70329154,0.13107418,-0.0040443093,0.0017906006,-0.004939609,1.1184119,0.67482394,0.32517606,0.18820423,0.0
1548288,6122.661283815666,7.0,270.6857,500.0,230.78642,-1.0,0.13724802,1.0,0.7027596,0.13119216,-0.005401724,0.0007886263,-0.0057960376,1.1139243,0.6750219,0.32497808,0.18773006,0.0
1556480,6115.28510206606,7.0,270.3863,500.0,230.78773,-1.0,0.13730615,1.0,0.70319057,0.13145769,-0.0045932275,0.0020198878,-0.005603172,1.1088697,0.674682,0.325318,0.18801185,0.0
1564672,6112.405496795054,7.0,270.50513,500.0,230.8247,-1.0,0.1369863,1.0,0.70296025,0.13117406,-0.004999327,0.0011036271,-0.0055511408,1.1018605,0.6750477,0.3249523,0.18796602,0.0
1572864,6122.431088359505,7.0,270.03357,500.0,230.83952,-1.0,0.13823378,1.0,0.70338416,0.13220488,-0.006650402,0.0021720883,-0.0077364463,1.0929093,0.6739542,0.32604578,0.18781202,0.0
1581056,6107.840896999082,7.0,269.6365,500.0,230.86462,-1.0,0.13951103,1.0,0.70367223,0.13343878,-0.0054220962,0.0016617795,-0.006252986,1.0870125,0.67293555,0.32706445,0.18755342,0.0
1589248,6113.570284263611,7.0,269.76263,500.0,230.8704,-1.0,0.13969712,1.0,0.7034648,0.1334802,-0.0044552414,0.0012659724,-0.005088228,1.078913,0.67296237,0.3270376,0.18734048,0.0
1597440,6100.251249886374,7.0,269.36072,500.0,230.92213,-1.0,0.14148073,1.0,0.7035817,0.13486119,-0.0046726377,0.00190089,-0.0056230826,1.0778124,0.6717377,0.32826233,0.18678162,0.0
1605632,6186.481780438361,7.0,269.2795,500.0,230.9716,-1.0,0.14336134,1.0,0.7032593,0.13625959,-0.0063774595,0.001030399,-0.0068926597,1.0786132,0.6707563,0.3292437,0.18588236,0.0
1613824,6110.303260430008,7.0,269.0526,500.0,231.00926,-1.0,0.14431268,1.0,0.70329505,0.13696584,-0.005519336,0.0016753956,-0.0063570337,1.0686936,0.6701186,0.3298814,0.18556874,0.0
1622016,6111.507467088143,7.0,268.1364,500.0,231.09584,-1.0,0.14633338,1.0,0.7040734,0.1388164,-0.005880805,0.0024755069,-0.0071185585,1.0585178,0.66826683,0.33173317,0.18539977,0.0
1630208,6119.7769092789595,7.0,267.79095,500.0,231.18318,-1.0,0.1481908,1.0,0.70401573,0.14038616,-0.0045961402,0.001560269,-0.0053762747,1.0486135,0.66710526,0.33289474,0.18470395,0.0
1638400,6117.603157533398,7.0,267.8302,500.0,231.19333,-1.0,0.14835435,1.0,0.70386785,0.14062066,-0.0052314643,0.00119331,-0.005828119,1.0421578,0.66710335,0.33289668,0.18454233,0.0
1646592,6350.631920042052,7.0,267.50253,500.0,231.18506,-1.0,0.14971521,1.0,0.7040811,0.14171869,-0.004688047,0.0013345975,-0.005355346,1.0398954,0.66607,0.33393002,0.18421482,0.0
1654784,6125.2033121273,7.0,267.21274,500.0,231.18097,-1.0,0.15191716,1.0,0.70410883,0.14353181,-0.004563465,0.0013213744,-0.0052241515,1.0322514,0.66461736,0.3353826,0.18346547,0.0
1662976,6177.569134644705,7.0,266.96283,500.0,231.18193,-1.0,0.15226139,1.0,0.7045369,0.14375739,-0.0046676355,0.0019801168,-0.0056576943,1.025666,0.6640914,0.3359086,0.18364719,0.0
1671168,6113.048195774172,7.0,266.9417,500.0,231.21568,-1.0,0.15340272,1.0,0.70421815,0.14465857,-0.00495928,0.0012018953,-0.005560228,1.0228533,0.6635709,0.33642915,0.18302642,0.0
1679360,6201.982261040461,7.0,266.53403,500.0,231.24509,-1.0,0.1554849,1.0,0.70428354,0.14637074,-0.0063282386,0.001971336,-0.0073139067,1.0183102,0.6621622,0.33783785,0.18235295,0.0
1687552,6118.100968309029,7.0,266.34445,500.0,231.30258,-1.0,0.156497,1.0,0.7042022,0.14724492,-0.0060056243,0.0015508578,-0.0067810533,1.0100551,0.66155547,0.3384445,0.18194751,0.0
1695744,6119.860839431867,7.0,265.84183,500.0,231.26778,-1.0,0.15627454,1.0,0.70510566,0.14709602,-0.0062422324,0.0024132505,-0.0074488577,1.0009007,0.66106486,0.33893514,0.1826606,0.0
1703936,6123.810337947435,7.0,265.99124,500.0,231.25679,-1.0,0.15639663,1.0,0.70495844,0.14721027,-0.0050810995,0.0012380786,-0.0057001393,0.9939083,0.6610885,0.33891147,0.18251486,0.0
1712128,6114.68763567289,7.0,265.8674,500.0,231.21901,-1.0,0.1563959,1.0,0.705214,0.14748642,-0.006613467,0.0017070684,-0.0074670007,0.9825938,0.6609088,0.33909118,0.1826953,0.0
1720320,6175.162138419578,7.0,265.37302,500.0,231.19775,-1.0,0.1573659,1.0,0.70593643,0.14809358,-0.005758114,0.0023902687,-0.006953249,0.96839094,0.65976197,0.34023806,0.18287216,0.0
1728512,6110.081599018396,7.0,264.72507,500.0,231.26205,-1.0,0.15888855,1.0,0.70640635,0.14958502,-0.0058551203,0.0016375318,-0.006673885,0.9608238,0.658428,0.341572,0.18268345,0.0
1736704,6109.37325958882,7.0,264.26096,500.0,231.29346,-1.0,0.16028671,1.0,0.70667946,0.1504525,-0.005159456,0.0019889683,-0.0061539393,0.9578158,0.6573128,0.34268722,0.1824005,0.0
1744896,6113.793286733395,7.0,263.69034,500.0,231.34218,-1.0,0.16194516,1.0,0.70704037,0.15180239,-0.006053447,0.0022319637,-0.0071694283,0.946542,0.6559612,0.34403878,0.18209362,0.0
1753088,6116.86367141012,7.0,263.93085,500.0,231.36948,-1.0,0.16228865,1.0,0.7065237,0.15209323,-0.0050845165,0.0009606597,-0.005564847,0.941406,0.656099,0.34390098,0.18161231,0.0
1761280,6123.056256631431,7.0,263.4944,500.0,231.40012,-1.0,0.1635437,1.0,0.7067966,0.15324701,-0.0046423962,0.002042966,-0.0056638788,0.93907386,0.6550742,0.3449258,0.1813821,0.0
1769472,6117.449582377623,7.0,263.11545,500.0,231.42448,-1.0,0.16445702,1.0,0.7071004,0.15423323,-0.0077734953,0.0019505866,-0.008748787,0.9372916,0.65425295,0.34574705,0.18129003,0.0
1777664,6186.391557635787,7.0,263.1704,500.0,231.43839,-1.0,0.16552952,1.0,0.70671535,0.15503605,-0.0053128796,0.0011796606,-0.0059027094,0.9380014,0.65381193,0.34618807,0.18065856,0.0
1785856,6107.7800962000465,7.0,263.25632,500.0,231.4044,-1.0,0.16457379,1.0,0.706915,0.15437461,-0.004779783,0.0017499293,-0.0056547485,0.9372602,0.6543064,0.34569362,0.18111981,0.0
1794048,6433.173102166719,7.0,263.28702,500.0,231.40585,-1.0,0.1648287,1.0,0.7068704,0.1545203,-0.005873019,0.0013923197,-0.006569179,0.9426271,0.6541685,0.34583148,0.1810028,0.0
1802240,6462.250066531967,7.0,263.08426,500.0,231.4362,-1.0,0.16673979,1.0,0.70663255,0.15588072,-0.0071042273,0.00096295436,-0.0075857043,0.9431748,0.6530642,0.34693578,0.18019599,0.0
1810432,6191.251739365777,7.0,262.84854,500.0,231.49675,-1.0,0.16863087,1.0,0.70639205,0.15755354,-0.003996985,0.0011324983,-0.0045632343,0.9459538,0.65197146,0.3480285,0.17939764,0.0
1818624,6113.43213967484,7.0,262.44873,500.0,231.52382,-1.0,0.16910169,1.0,0.70678145,0.1580648,-0.004631337,0.0019001131,-0.005581394,0.94988084,0.65138143,0.34861854,0.17951685,0.0
1826816,6119.189462661262,7.0,262.09695,500.0,231.55005,-1.0,0.16932815,1.0,0.70733064,0.15847884,-0.00658567,0.002015342,-0.007593341,0.94390106,0.6508416,0.3491584,0.17983024,0.0
1835008,6119.908800552862,7.0,261.95093,500.0,231.56757,-1.0,0.17029193,1.0,0.7072436,0.15913755,-0.0038205583,0.0018595152,-0.004750316,0.93359715,0.6502576,0.3497424,0.17945048,0.0
1843200,6135.579914572649,7.0,261.8579,500.0,231.59752,-1.0,0.17072476,1.0,0.7071875,0.15956675,-0.0071488256,0.0015119037,-0.007904777,0.92058516,0.6500071,0.34999287,0.17926812,0.0
1851392,6113.381016882206,7.0,261.58667,500.0,231.5779,-1.0,0.17190598,1.0,0.7073376,0.1601409,-0.0046259435,0.0021893703,-0.0057206284,0.91390336,0.6491079,0.3508921,0.17898612,0.0
1859584,6116.264807801679,7.0,261.4251,500.0,231.5784,-1.0,0.17345357,1.0,0.7072043,0.16149348,-0.006045461,0.0011824209,-0.0066366717,0.91641325,0.6481612,0.3518388,0.17838523,0.0
1867776,6193.979458040698,7.0,261.40997,500.0,231.5973,-1.0,0.17363253,1.0,0.70711106,0.16140558,-0.0054232567,0.0015479829,-0.006197248,0.919904,0.6481066,0.3518934,0.17826086,0.0
1875968,6120.873632746567,7.0,261.57098,500.0,231.60373,-1.0,0.17397988,1.0,0.70675045,0.16176511,-0.0065669436,0.0009314362,-0.0070326612,0.91820854,0.64812744,0.35187256,0.17789267,0.0
1884160,6116.805957629224,7.0,261.38977,500.0,231.62585,-1.0,0.17445093,1.0,0.70681816,0.16223253,-0.0046730423,0.0017679161,-0.005557,0.9153831,0.647762,0.35223797,0.17778705,0.0
1892352,6266.400342867356,7.0,261.3512,500.0,231.60919,-1.0,0.17524917,1.0,0.7067283,0.16280454,-0.0052960273,0.001450136,-0.006021096,0.9020543,0.64728683,0.35271317,0.17746401,0.0
1900544,6434.101892531704,7.0,261.3097,500.0,231.59811,-1.0,0.17578179,1.0,0.7067367,0.1634282,-0.0052865427,0.0017354778,-0.006154282,0.88912404,0.64692104,0.35307893,0.17729715,0.0
1908736,6217.289474208004,7.0,261.30237,500.0,231.60265,-1.0,0.17560709,1.0,0.70678884,0.1635358,-0.004905265,0.0015465047,-0.0056785173,0.8892758,0.64700234,0.35299766,0.17739059,0.0
1916928,6123.073715169407,7.0,260.89224,500.0,231.63559,-1.0,0.17703219,1.0,0.70693433,0.16446738,-0.0049081445,0.0019043244,-0.0058603063,0.8887095,0.6459356,0.35406438,0.17703219,0.0
1925120,6152.264397545307,7.0,260.6438,500.0,231.61823,-1.0,0.1771568,1.0,0.7073593,0.16452429,-0.00507959,0.0022224146,-0.0061907973,0.87745726,0.6455507,0.35444927,0.17729245,0.0
1933312,6364.489134348794,7.0,260.28555,500.0,231.61,-1.0,0.17850883,1.0,0.70759803,0.16532251,-0.0054084538,0.0025683118,-0.0066926097,0.86805403,0.64446545,0.35553458,0.17702575,0.0
1941504,6103.314549215454,7.0,260.05704,500.0,231.62375,-1.0,0.17943901,1.0,0.70763713,0.16587673,-0.0063531077,0.001795868,-0.0072510424,0.86323756,0.6438062,0.3561938,0.1767548,0.0
1949696,6127.303796032701,7.0,259.35,500.0,231.6333,-1.0,0.18219379,1.0,0.70790184,0.16791682,-0.0059586125,0.0024900758,-0.0072036507,0.8614143,0.6417433,0.3582567,0.17606291,0.0
1957888,6118.115130413354,7.0,258.9278,500.0,231.66739,-1.0,0.18311912,1.0,0.70817685,0.16867718,-0.007858387,0.0018281799,-0.008772478,0.85384226,0.64091694,0.3590831,0.17596395,0.0
1966080,6111.652047267834,7.0,258.65195,500.0,231.68106,-1.0,0.1848385,1.0,0.70807165,0.1700116,-0.006508597,0.0014796532,-0.0072484245,0.8492226,0.63981545,0.36018458,0.17534608,0.0
1974272,6121.081901982134,7.0,258.33405,500.0,231.7099,-1.0,0.1852386,1.0,0.7083347,0.17027874,-0.005014291,0.0025582607,-0.0062934216,0.8401317,0.639355,0.360645,0.1754064,0.0
1982464,6122.589277689336,7.0,258.31683,500.0,231.72948,-1.0,0.18616188,1.0,0.70807844,0.17084809,-0.005140617,0.0011505173,-0.0057158754,0.8306608,0.6389034,0.36109662,0.17493473,0.0
1990656,6111.148763852458,7.0,257.83997,500.0,231.72382,-1.0,0.18700558,1.0,0.70864916,0.17132401,-0.00645333,0.0026458092,-0.0077762343,0.8270345,0.63791984,0.36208016,0.17507456,0.0
1998848,6112.988378828831,7.0,257.29507,500.0,231.72502,-1.0,0.18783034,1.0,0.70918494,0.171661,-0.007489999,0.002355252,-0.008667625,0.8278341,0.6369731,0.36302695,0.1751966,0.0
2007040,6106.793338212644,7.0,257.1572,500.0,231.73544,-1.0,0.18863082,1.0,0.70911944,0.1722535,-0.0056397696,0.0017018468,-0.0064906934,0.8272698,0.63646865,0.36353138,0.17490055,0.0003055555571336299
2015232,6122.046013334616,7.0,256.93652,500.0,231.73642,-1.0,0.18975866,1.0,0.7091372,0.17310338,-0.0075651165,0.0016005097,-0.008365372,0.8267294,0.6356787,0.3643213,0.17456263,0.0005818713689222932
2023424,6106.064058715336,7.0,256.80826,500.0,231.7193,-1.0,0.19033694,1.0,0.7092223,0.17360476,-0.002963217,0.001452126,-0.0036892798,0.82307285,0.63521934,0.36478066,0.17444374,0.0010671655181795359
2031616,6120.234738082774,7.0,256.5569,500.0,231.73912,-1.0,0.19169936,1.0,0.7091684,0.17481597,-0.0045466153,0.0018167775,-0.0054550036,0.818861,0.6343161,0.3656839,0.17398456,0.0012119023595005274
2039808,6114.885689919545,7.0,256.54633,500.0,231.7483,-1.0,0.19231254,1.0,0.70897835,0.17524016,-0.005673925,0.0014198795,-0.006383864,0.81230325,0.63402647,0.36597353,0.173661,0.0014306523371487856
2048000,6122.00129104654,7.0,255.9398,500.0,231.75667,-1.0,0.19374217,1.0,0.7094999,0.17635292,-0.0056650816,0.0028804194,-0.0071052914,0.80837804,0.6326658,0.36733416,0.17359199,0.001998834079131484
2056192,6114.5635862508825,7.0,255.8497,500.0,231.77986,-1.0,0.19254735,1.0,0.7098785,0.17541969,-0.0040386496,0.0024652719,-0.0052712853,0.8040272,0.6332253,0.36677468,0.17422731,0.0033664810471236706
2064384,6121.650080182468,7.0,255.48369,500.0,231.8177,-1.0,0.19392437,1.0,0.7099246,0.1764497,-0.0059519364,0.0018775205,-0.0068906965,0.79352987,0.6322381,0.36776194,0.17383757,0.0036042858846485615
2072576,6156.905591663242,7.0,255.07014,500.0,231.83238,-1.0,0.19516705,1.0,0.7101125,0.17761123,-0.0049957223,0.001943656,-0.00596755,0.78290385,0.6312415,0.36875847,0.17359142,0.004006459843367338
2080768,6214.815460176585,7.0,254.65298,500.0,231.83577,-1.0,0.19698456,1.0,0.71017253,0.17910343,-0.006605772,0.0022233713,-0.007717457,0.78015447,0.62993383,0.3700662,0.17308164,0.004181991796940565
2088960,6116.325777643519,7.0,254.49341,500.0,231.8607,-1.0,0.19750977,1.0,0.71024424,0.17971727,-0.004708619,0.0020175548,-0.005717396,0.77540195,0.6295166,0.3704834,0.17297363,0.004829427693039179
2097152,6120.40153559835,7.0,253.95837,500.0,232.01268,-1.0,0.20019531,1.0,0.709664,0.18145707,-0.00500214,0.001785132,-0.0058947057,0.77062345,0.62805176,0.37194824,0.17175293,0.00506723253056407
2105344,6117.357005335102,7.0,253.48926,500.0,232.1409,-1.0,0.20214844,1.0,0.70945436,0.1826502,-0.002741123,0.0022799803,-0.0038811131,0.7606068,0.62683105,0.37316895,0.17102051,0.005606706254184246
2113536,6122.156185660967,7.0,252.95203,500.0,232.32182,-1.0,0.20446777,1.0,0.7090477,0.18431741,-0.0046755364,0.0019687142,-0.005659894,0.75006694,0.6254883,0.37451172,0.17004395,0.006038524676114321
2121728,6119.512053892011,7.0,252.33948,500.0,232.41542,-1.0,0.2076416,1.0,0.70881397,0.18625152,-0.0058427937,0.002489454,-0.0070875217,0.749401,0.6234131,0.3765869,0.16894531,0.006740905810147524
2129920,6114.430837181575,7.0,252.04736,500.0,232.48877,-1.0,0.20874023,1.0,0.70874953,0.18702848,-0.0058553307,0.001133364,-0.0064220126,0.74771905,0.62268066,0.37731934,0.1685791,0.007157572545111179
2138112,6107.770324755963,7.0,251.5376,500.0,232.51782,-1.0,0.21069336,1.0,0.7086883,0.18846634,-0.0052962163,0.0016115435,-0.0061019883,0.74611396,0.6213379,0.3786621,0.16796875,0.0072200726717710495
2146304,6121.567191570702,7.0,250.82996,500.0,232.52827,-1.0,0.2130127,1.0,0.70894235,0.19024575,-0.006825137,0.0018815381,-0.007765907,0.7458344,0.61950684,0.38049316,0.16748047,0.007867508567869663
2154496,6135.486787978569,7.0,250.07275,500.0,232.52065,-1.0,0.21472168,1.0,0.7094597,0.19160233,-0.004569302,0.0019857278,-0.005562166,0.7431495,0.6179199,0.38208008,0.1673584,0.008428319357335567
2162688,6512.289551183081,7.0,249.69043,500.0,232.5392,-1.0,0.21704102,1.0,0.709184,0.19311123,-0.0043628933,0.001660555,-0.005193171,0.7414239,0.6164551,0.38354492,0.1665039,0.008749747648835182
2170880,6444.895976411051,7.0,249.44409,500.0,232.62953,-1.0,0.21911621,1.0,0.7084595,0.19482426,-0.0062475903,0.0018377533,-0.0071664667,0.7392431,0.6154785,0.38452148,0.16540527,0.009525388479232788
2179072,6120.610862991327,7.0,249.12146,500.0,232.70064,-1.0,0.22180176,1.0,0.70779586,0.19672418,-0.0067806235,0.0017765197,-0.007668883,0.7417485,0.6140137,0.38598633,0.16418457,0.00969205517321825
2187264,6215.172945920348,7.0,248.72766,500.0,232.79755,-1.0,0.2241211,1.0,0.70749617,0.19885162,-0.004335422,0.0011679898,-0.0049194167,0.73661685,0.6125488,0.38745117,0.16333008,0.009570260532200336
2195456,6122.5434564907655,7.0,247.78076,500.0,232.75946,-1.0,0.22790527,1.0,0.70775396,0.20163304,-0.0061965426,0.002244757,-0.0073189223,0.7255312,0.60961914,0.39038086,0.16247559,0.009958558715879917
2203648,6114.514620759291,7.0,247.91052,500.0,232.82625,-1.0,0.22924805,1.0,0.7070612,0.20263664,-0.005814082,0.0010804046,-0.006354284,0.70887965,0.60913086,0.39086914,0.1616211,0.010570627637207508
2211840,6124.963098955451,7.0,247.54395,500.0,232.87344,-1.0,0.23071289,1.0,0.70693,0.20377068,-0.0068896725,0.001134214,-0.0074567795,0.70024294,0.6081543,0.3918457,0.16113281,0.010876183398067951
2220032,6123.383620786443,7.0,246.68713,500.0,232.83006,-1.0,0.23278809,1.0,0.70754457,0.20518051,-0.006893246,0.0022760048,-0.008031248,0.68783844,0.6062012,0.39379883,0.16101074,0.011221421882510185
2228224,6111.99015243448,7.0,246.60522,500.0,232.88194,-1.0,0.23376465,1.0,0.7072225,0.20602416,-0.005307183,0.0011256508,-0.005870008,0.67255604,0.6057129,0.3942871,0.16052246,0.011616582982242107
2236416,6113.86508611256,7.0,246.00879,500.0,232.8792,-1.0,0.2388916,1.0,0.7063718,0.2096664,-0.006934673,0.0020243628,-0.007946854,0.6761283,0.60253906,0.39746094,0.15856934,0.011685731820762157
2244608,6114.997781249772,7.0,245.97546,500.0,232.91068,-1.0,0.2397461,1.0,0.7059957,0.21014886,-0.004931791,0.0012756,-0.005569591,0.6772203,0.60217285,0.39782715,0.15808105,0.01185239851474762
2252800,6107.311102148756,7.0,246.182,500.0,232.96623,-1.0,0.2409668,1.0,0.70523393,0.21109255,-0.0057539176,0.00087518524,-0.0061915107,0.6721786,0.60180664,0.39819336,0.15722656,0.011769065633416176
2260992,6109.364569327414,7.0,245.81213,500.0,233.03354,-1.0,0.24389648,1.0,0.7045727,0.2133553,-0.0068505267,0.0016353925,-0.0076682228,0.6647303,0.60009766,0.39990234,0.15600586,0.012128821574151516
2269184,6204.792275661011,7.0,245.45984,500.0,233.05486,-1.0,0.24523926,1.0,0.70453984,0.21477748,-0.005028771,0.0018316393,-0.005944591,0.65374184,0.5991211,0.4008789,0.15563965,0.012593107298016548
2277376,6123.962049682179,7.0,244.97205,500.0,233.0558,-1.0,0.24682617,1.0,0.70441866,0.21611705,-0.006188933,0.0028592357,-0.0076185507,0.6439962,0.59802246,0.40197754,0.15515137,0.013280607759952545
2285568,6104.7058060174095,7.0,243.7832,500.0,233.06723,-1.0,0.25024414,1.0,0.7047723,0.21860306,-0.0072269198,0.0028829824,-0.0086684115,0.6379858,0.59521484,0.40478516,0.15454102,0.013907800428569317
2293760,6206.681982620074,7.0,243.60193,500.0,233.03691,-1.0,0.25170898,1.0,0.70459706,0.2196495,-0.0066145184,0.00129259,-0.0072608134,0.6344285,0.5942383,0.40576172,0.15405273,0.014028171077370644
2301952,6122.01547121348,7.0,243.29651,500.0,233.05496,-1.0,0.25317383,1.0,0.7044187,0.22062048,-0.00537897,0.001950046,-0.006353993,0.62686944,0.5932617,0.40673828,0.15356445,0.014547402039170265
2310144,6519.953632833492,7.0,243.38708,500.0,233.10472,-1.0,0.25402832,1.0,0.7038509,0.22139728,-0.0038663168,0.0010755552,-0.0044040945,0.62595826,0.5930176,0.40698242,0.1529541,0.01429740246385336
2318336,6333.762782924665,7.0,243.32776,500.0,233.15677,-1.0,0.25598145,1.0,0.70314294,0.22264023,-0.005182814,0.0016798156,-0.0060227215,0.62723213,0.592041,0.40795898,0.15197754,0.014464069157838821
2326528,6121.518113845425,7.0,243.02686,500.0,233.14752,-1.0,0.2565918,1.0,0.7033544,0.2232989,-0.006906983,0.0015405909,-0.0076772785,0.62299263,0.59143066,0.40856934,0.15197754,0.015186291188001633
2334720,6112.865485868872,7.0,242.93066,500.0,233.1813,-1.0,0.25842285,1.0,0.70277065,0.22488862,-0.0037982273,0.0013845543,-0.0044905045,0.62051654,0.5904541,0.4095459,0.15112305,0.015352957881987095
2342912,6245.44350311702,7.0,242.48743,500.0,233.17203,-1.0,0.2602539,1.0,0.7027028,0.22635773,-0.006731208,0.0018048373,-0.0076336265,0.6118084,0.5891113,0.41088867,0.15063477,0.015497694723308086
2351104,6133.0807198820785,7.0,242.38623,500.0,233.20334,-1.0,0.2623291,1.0,0.7020178,0.22794484,-0.0045168945,0.0017654317,-0.0053996104,0.6009099,0.5880127,0.4119873,0.1496582,0.01560483779758215
2359296,6280.108950118995,7.0,242.10681,500.0,233.22203,-1.0,0.26416016,1.0,0.7015918,0.22934571,-0.00500455,0.00095543975,-0.0054822695,0.58806616,0.58691406,0.41308594,0.14892578,0.015521504916250706
2367488,6222.588233930533,7.0,241.58826,500.0,233.21986,-1.0,0.26574707,1.0,0.7016015,0.23056336,-0.005002979,0.0018629921,-0.005934476,0.5729258,0.58569336,0.41430664,0.14855957,0.015896504744887352
2375680,6120.272893575197,7.0,241.19214,500.0,233.17308,-1.0,0.26733398,1.0,0.7016076,0.23156986,-0.0060139378,0.0018384063,-0.0069331415,0.56286097,0.58447266,0.41552734,0.14819336,0.016134310513734818
2383872,6116.58600188341,7.0,240.59583,500.0,233.19125,-1.0,0.2697754,1.0,0.701369,0.23359142,-0.005700313,0.0013237946,-0.00636221,0.5665585,0.5827637,0.41723633,0.14746094,0.016410626471042633
2392064,6119.564369188507,7.0,240.14783,500.0,233.14253,-1.0,0.27197266,1.0,0.7012165,0.23519826,-0.0056350767,0.0012886022,-0.0062793773,0.56923896,0.58117676,0.41882324,0.14685059,0.016312140971422195
2400256,6116.481474004934,7.0,239.89722,500.0,233.16658,-1.0,0.2722168,1.0,0.7012959,0.23583505,-0.0077304225,0.0015385107,-0.008499678,0.56620586,0.5809326,0.41906738,0.14685059,0.016776427626609802
2408448,6115.963242709827,7.0,239.8031,500.0,233.17728,-1.0,0.27282715,1.0,0.70114577,0.23611222,-0.0051130336,0.0016030322,-0.0059145493,0.5571059,0.5805664,0.4194336,0.14660645,0.017337238416075706
2416640,6105.2633542103185,7.0,239.45801,500.0,233.14267,-1.0,0.2718506,1.0,0.7020468,0.23534547,-0.0062421793,0.0020867968,-0.0072855772,0.5522653,0.5806885,0.41931152,0.14746094,0.018198348581790924
2424832,6113.820483269516,7.0,239.0354,500.0,233.11111,-1.0,0.27209473,1.0,0.70247376,0.23588738,-0.005758658,0.0016741002,-0.0065957084,0.54099345,0.5802002,0.4197998,0.14770508,0.019091205671429634
2433024,6125.642295778427,7.0,238.443,500.0,233.10925,-1.0,0.27355957,1.0,0.7025999,0.2369974,-0.0074253147,0.0020627498,-0.008456689,0.5216577,0.5789795,0.4210205,0.14746094,0.019441206008195877
2441216,6113.030794360241,7.0,238.18774,500.0,233.13318,-1.0,0.27416992,1.0,0.70262253,0.23774865,-0.005562378,0.0015035982,-0.0063141766,0.50751466,0.5784912,0.4215088,0.14733887,0.019762635231018066
2449408,6112.095614111079,7.0,237.79895,500.0,233.11333,-1.0,0.2758789,1.0,0.7024748,0.23875545,-0.008086839,0.0021988316,-0.009186254,0.49530068,0.5772705,0.4227295,0.14685059,0.02019445411860943
2457600,6159.319352026066,7.0,237.74646,500.0,233.1669,-1.0,0.27746582,1.0,0.70176256,0.24023888,-0.0038774165,0.0011454449,-0.004450139,0.48266345,0.5765381,0.4234619,0.1459961,0.020087311044335365
2465792,6118.891967789024,7.0,237.60901,500.0,233.17505,-1.0,0.27770996,1.0,0.7018399,0.24053717,-0.005969167,0.001948005,-0.00694317,0.4736842,0.57629395,0.42370605,0.1459961,0.02086295187473297
2473984,6128.505968739388,7.0,237.74988,500.0,233.21019,-1.0,0.2783203,1.0,0.7013371,0.24098971,-0.0053203898,0.0007326699,-0.005686725,0.47450188,0.5761719,0.42382812,0.14550781,0.020812951028347015
2482176,6101.591268052084,7.0,237.66797,500.0,233.2159,-1.0,0.27929688,1.0,0.7011229,0.24190152,-0.004019708,0.0013663472,-0.0047028814,0.47893366,0.5755615,0.42443848,0.1451416,0.021208113059401512
2490368,6132.429423963096,7.0,237.02405,500.0,233.1498,-1.0,0.2821045,1.0,0.7009565,0.24408168,-0.0074023036,0.0012179401,-0.008011274,0.4825832,0.5734863,0.42651367,0.14440918,0.02107715979218483
2498560,6270.148821911089,7.0,236.93237,500.0,233.16292,-1.0,0.2824707,1.0,0.70089597,0.24418816,-0.0039920635,0.00094430766,-0.004464217,0.47812438,0.5732422,0.4267578,0.14428711,0.021382715553045273
2506752,6121.7853243154495,7.0,236.49939,500.0,233.10312,-1.0,0.28356934,1.0,0.701236,0.24512938,-0.0069165146,0.0024897018,-0.008161366,0.47222018,0.57214355,0.42785645,0.14428711,0.022108325734734535
2514944,6103.00233553518,7.0,235.91052,500.0,233.05386,-1.0,0.28466797,1.0,0.7015741,0.2460138,-0.00529752,0.0015723957,-0.0060837176,0.4701559,0.5710449,0.42895508,0.14428711,0.022426508367061615
2523136,6117.434334201401,7.0,235.44238,500.0,233.01775,-1.0,0.28649902,1.0,0.70143783,0.24709372,-0.006591088,0.0013851742,-0.0072836755,0.4634378,0.56970215,0.43029785,0.14379883,0.022571245208382607
2531328,6116.827736286523,7.0,235.76453,500.0,233.0281,-1.0,0.28833008,1.0,0.70025146,0.24809612,-0.006110999,0.0010381312,-0.0066300645,0.4534775,0.5690918,0.4309082,0.14257812,0.022321244701743126
2539520,6136.533255227077,7.0,235.61975,500.0,233.0177,-1.0,0.29052734,1.0,0.6996916,0.24998808,-0.0053381585,0.0023407573,-0.0065085366,0.44246352,0.567749,0.43225098,0.14172363,0.022737910971045494
2547712,6109.996850375778,7.0,235.53271,500.0,232.9906,-1.0,0.29077148,1.0,0.6997647,0.25030437,-0.005459058,0.0018353278,-0.006376722,0.44200718,0.5675049,0.43249512,0.14172363,0.02337026409804821
2555904,6117.421264396568,7.0,235.4701,500.0,232.99353,-1.0,0.2923584,1.0,0.6991905,0.25143796,-0.006573064,0.0021031392,-0.007624633,0.44516537,0.5666504,0.4333496,0.14099121,0.02388949505984783
2564096,6112.699098850356,7.0,235.24854,500.0,233.00853,-1.0,0.29382324,1.0,0.69875103,0.2525561,-0.008101098,0.0009288166,-0.008565506,0.4455185,0.5657959,0.4342041,0.14038086,0.023962074890732765
2572288,6119.006385470419,7.0,235.0105,500.0,233.01532,-1.0,0.29455566,1.0,0.6987919,0.25307524,-0.0050484976,0.0023875495,-0.006242272,0.44402725,0.56518555,0.43481445,0.14025879,0.024734802544116974
2580480,6124.646483105312,7.0,234.44495,500.0,232.99034,-1.0,0.29663086,1.0,0.6987002,0.25464436,-0.006326453,0.0016629078,-0.007157907,0.44075257,0.56359863,0.43640137,0.13977051,0.024949919432401657
2588672,6119.322418440173,7.0,234.40088,500.0,232.97765,-1.0,0.29748535,1.0,0.6984242,0.2552319,-0.006979477,0.0011374055,-0.00754818,0.4368754,0.56311035,0.43688965,0.1394043,0.0250332523137331
2596864,6108.655310099288,7.0,234.4845,500.0,232.9765,-1.0,0.29760742,1.0,0.6982848,0.25514764,-0.003876036,0.0015063782,-0.004629225,0.4365623,0.56311035,0.43688965,0.13928223,0.025338808074593544
2605056,6125.132338092766,7.0,234.2456,500.0,232.97267,-1.0,0.29882812,1.0,0.6979382,0.2561129,-0.0045978706,0.0011609579,-0.0051783496,0.42935413,0.5623779,0.43762207,0.13879395,0.02539183758199215
2613248,6173.859501581031,7.0,234.18835,500.0,232.97624,-1.0,0.2998047,1.0,0.6975193,0.2566972,-0.0045467457,0.000827788,-0.00496064,0.4210173,0.56188965,0.43811035,0.13830566,0.025314250960946083
2621440,6135.465971832354,7.0,234.3092,500.0,233.0204,-1.0,0.29992676,1.0,0.6972043,0.25701368,-0.004028743,0.00082397694,-0.004440732,0.42117852,0.5620117,0.43798828,0.13806152,0.025064250454306602
2629632,6097.067683467505,7.0,234.11047,500.0,233.02406,-1.0,0.30090332,1.0,0.6969585,0.25778854,-0.0053471485,0.0020049678,-0.006349632,0.41674003,0.56140137,0.43859863,0.13769531,0.025620702654123306
2637824,6134.12746156947,7.0,233.68225,500.0,232.96677,-1.0,0.30212402,1.0,0.697131,0.25895146,-0.0042328946,0.0018881061,-0.005176948,0.41260323,0.56030273,0.43969727,0.13757324,0.02598045952618122
2646016,6114.87154276216,7.0,233.71216,500.0,232.95914,-1.0,0.30285645,1.0,0.6968131,0.25959164,-0.0035032672,0.0008643192,-0.003935427,0.4079293,0.5599365,0.44006348,0.13720703,0.025902872905135155
2654208,6112.840472862767,7.0,233.69568,500.0,232.93352,-1.0,0.30322266,1.0,0.69674134,0.25977227,-0.0073855026,0.0014685263,-0.008119766,0.4035753,0.5596924,0.44030762,0.13708496,0.02618858776986599
2662400,6111.186806138908,7.0,233.51038,500.0,232.88028,-1.0,0.30334473,1.0,0.6971262,0.25987568,-0.005823615,0.001885383,-0.0067663067,0.40155134,0.5593262,0.44067383,0.1373291,0.0270814448595047
2670592,6124.994762340907,7.0,232.99695,500.0,232.80707,-1.0,0.30419922,1.0,0.6975416,0.260587,-0.007630545,0.0021692018,-0.008715145,0.39943326,0.5583496,0.4416504,0.13745117,0.02739962749183178
2678784,6116.47385232021,7.0,232.4032,500.0,232.74477,-1.0,0.3046875,1.0,0.69820327,0.26134834,-0.004686592,0.0020214717,-0.0056973277,0.39203456,0.5574951,0.44250488,0.13781738,0.02780752256512642
2686976,6115.919697861298,7.0,232.36182,500.0,232.72597,-1.0,0.30407715,1.0,0.69855666,0.26087314,-0.007183794,0.0023766607,-0.008372124,0.383316,0.55773926,0.44226074,0.1381836,0.028651272878050804
2695168,6198.708430451982,7.0,232.12244,500.0,232.70251,-1.0,0.3043213,1.0,0.6987998,0.26108527,-0.0074828095,0.0012542643,-0.008109942,0.37637463,0.55737305,0.44262695,0.13830566,0.028671544045209885
2703360,6109.182079548699,7.0,232.11816,500.0,232.70483,-1.0,0.30456543,1.0,0.6986934,0.26115376,-0.0050176517,0.0011757296,-0.0056055165,0.3693191,0.557251,0.44274902,0.1381836,0.028938785195350647
2711552,6102.812637962626,7.0,231.53577,500.0,232.62619,-1.0,0.30480957,1.0,0.6994601,0.26145005,-0.006445937,0.0021006796,-0.007496277,0.35989788,0.55651855,0.44348145,0.13867188,0.02949959598481655
2719744,6109.708939856072,7.0,230.92798,500.0,232.55392,-1.0,0.3043213,1.0,0.7005445,0.26112068,-0.003806258,0.0024187495,-0.005015633,0.34393463,0.55615234,0.44384766,0.13952637,0.030374595895409584
2727936,6107.687811585995,7.0,230.5686,500.0,232.4428,-1.0,0.30407715,1.0,0.70134705,0.2614044,-0.0063952645,0.0020349973,-0.0074127633,0.33677647,0.55578613,0.44421387,0.14013672,0.031124595552682877
2736128,6121.6326297618725,7.0,230.16626,500.0,232.39188,-1.0,0.30493164,1.0,0.7015851,0.26185822,-0.007331554,0.0022748865,-0.008468997,0.32088694,0.55493164,0.44506836,0.14013672,0.03157459571957588
2744320,6205.6428376113945,7.0,229.91504,500.0,232.33916,-1.0,0.30493164,1.0,0.701933,0.2617832,-0.006610786,0.0020079052,-0.0076147383,0.31128967,0.5546875,0.4453125,0.14038086,0.03241834416985512
2752512,6110.924867420733,7.0,229.79272,500.0,232.32822,-1.0,0.30615234,1.0,0.70157546,0.26261196,-0.0057321936,0.0011980694,-0.0063312287,0.30694956,0.5539551,0.44604492,0.13989258,0.032609522342681885
2760704,6110.300000586849,7.0,229.46448,500.0,232.26828,-1.0,0.30688477,1.0,0.70177746,0.2632445,-0.0059695975,0.0016537947,-0.006796495,0.30124918,0.55322266,0.44677734,0.13989258,0.03290006145834923
2768896,6112.627326854421,7.0,229.12048,500.0,232.21417,-1.0,0.30737305,1.0,0.7020856,0.26336297,-0.0049594194,0.0019035263,-0.005911182,0.29249433,0.5526123,0.4473877,0.14001465,0.03329108655452728
2777088,6105.624621705163,7.0,228.99023,500.0,232.20583,-1.0,0.30810547,1.0,0.70193833,0.26396102,-0.0071511166,0.0011113475,-0.0077067907,0.27815253,0.552124,0.44787598,0.13977051,0.033192601054906845
2785280,6310.745681624497,7.0,228.59485,500.0,232.14409,-1.0,0.30969238,1.0,0.7018487,0.26521885,-0.005002899,0.001263739,-0.005634769,0.27219778,0.5509033,0.44909668,0.1394043,0.0332283154129982
2793472,6119.4542901245395,7.0,228.62964,500.0,232.09969,-1.0,0.3100586,1.0,0.7017739,0.26555008,-0.004981907,0.0010016579,-0.005482736,0.26853123,0.5506592,0.44934082,0.13928223,0.03337831422686577
2801664,6116.687266672684,7.0,228.51599,500.0,232.08075,-1.0,0.31079102,1.0,0.70162386,0.26616478,-0.0066383034,0.0013901545,-0.0073333797,0.2655926,0.5501709,0.4498291,0.13903809,0.033569492399692535
2809856,6109.462336193684,7.0,228.13599,500.0,232.0087,-1.0,0.3116455,1.0,0.7018539,0.26668453,-0.0059756637,0.0019545378,-0.006952933,0.2595372,0.5493164,0.4506836,0.13903809,0.03383231163024902
2818048,6128.549692999416,7.0,227.59949,500.0,231.95401,-1.0,0.31298828,1.0,0.7020388,0.26788858,-0.0072995657,0.001359803,-0.007979466,0.24414353,0.5480957,0.4519043,0.13891602,0.03396692872047424
2826240,6282.792617991598,7.0,227.14478,500.0,231.89389,-1.0,0.31469727,1.0,0.7019704,0.2691173,-0.0059001283,0.0018954759,-0.006847866,0.23471926,0.5467529,0.45324707,0.1385498,0.034091927111148834
2834432,6111.546600897671,7.0,226.70874,500.0,231.81187,-1.0,0.3149414,1.0,0.7025562,0.26938945,-0.0064935987,0.0024700277,-0.0077286125,0.23299444,0.5461426,0.45385742,0.13891602,0.03475101664662361
2842624,6231.322821976498,7.0,226.16357,500.0,231.71106,-1.0,0.31518555,1.0,0.70331514,0.26949954,-0.00465763,0.0020421243,-0.005678692,0.22891623,0.54541016,0.45458984,0.1394043,0.03542206808924675
2850816,6123.761224248283,7.0,226.2771,500.0,231.77298,-1.0,0.3157959,1.0,0.7027808,0.2698149,-0.006756978,0.0011108387,-0.007312398,0.22633839,0.5452881,0.4547119,0.13891602,0.035466186702251434
2859008,6115.27639497796,7.0,226.1101,500.0,231.7549,-1.0,0.3173828,1.0,0.70232636,0.27097964,-0.005433895,0.001186729,-0.0060272594,0.22945732,0.5443115,0.45568848,0.13830566,0.03552868589758873
2867200,6121.248745677815,7.0,226.29724,500.0,231.74336,-1.0,0.31774902,1.0,0.7020738,0.27136847,-0.0067345886,0.0016874298,-0.007578303,0.2243782,0.54418945,0.45581055,0.13806152,0.03601397946476936
2875392,6123.395624804076,7.0,225.96765,500.0,231.67865,-1.0,0.31896973,1.0,0.7020419,0.27223346,-0.006007707,0.0019941856,-0.0070048007,0.21493086,0.5432129,0.4567871,0.13781738,0.03647826611995697
2883584,6118.362433111063,7.0,225.67847,500.0,231.63252,-1.0,0.31982422,1.0,0.70208776,0.2729274,-0.005938512,0.0015963304,-0.0067366767,0.2043423,0.54248047,0.45751953,0.13769531,0.037034716457128525
2891776,6110.071820208878,7.0,225.39612,500.0,231.58203,-1.0,0.321167,1.0,0.7019096,0.27381885,-0.004562223,0.0017162609,-0.005420354,0.1977244,0.5415039,0.4584961,0.1373291,0.0373661108314991
2899968,6111.444419226936,7.0,225.10413,500.0,231.54088,-1.0,0.32202148,1.0,0.70195276,0.2742895,-0.004726203,0.0015172749,-0.005484841,0.18976024,0.5407715,0.45922852,0.13720703,0.03759230300784111
2908160,6122.678740101356,7.0,225.1936,500.0,231.55638,-1.0,0.32226562,1.0,0.7016668,0.27411506,-0.0068597277,0.0016932829,-0.007706369,0.19316053,0.5407715,0.45922852,0.13696289,0.03805658966302872
2916352,6125.229518340442,7.0,224.93665,500.0,231.50482,-1.0,0.3227539,1.0,0.7017902,0.27472842,-0.00667497,0.0013758871,-0.0073629133,0.19868246,0.5402832,0.4597168,0.13696289,0.03836214542388916
2924544,6144.869507802219,7.0,224.83704,500.0,231.4911,-1.0,0.32263184,1.0,0.7019334,0.27474093,-0.0061436933,0.0014939773,-0.006890682,0.19735195,0.5402832,0.4597168,0.13708496,0.03868357464671135
2932736,6212.714095808158,7.0,224.49377,500.0,231.43398,-1.0,0.32409668,1.0,0.70178026,0.2759665,-0.007050919,0.0021278986,-0.008114869,0.19359788,0.5391846,0.46081543,0.13671875,0.03898913040757179
2940928,6271.741967326823,7.0,224.63611,500.0,231.47475,-1.0,0.32470703,1.0,0.7012369,0.2761103,-0.0057071843,0.0014045895,-0.0064094793,0.18781644,0.5390625,0.4609375,0.13623047,0.039061710238456726
2949120,6118.516054104049,7.0,224.29492,500.0,231.41115,-1.0,0.32592773,1.0,0.70119286,0.27710545,-0.006176995,0.0013191206,-0.0068365554,0.18835232,0.53808594,0.46191406,0.13598633,0.039228376001119614
2957312,6109.379777301098,7.0,224.22913,500.0,231.40788,-1.0,0.32751465,1.0,0.70054024,0.27813596,-0.006387725,0.0019469315,-0.007361191,0.18501511,0.53723145,0.46276855,0.1352539,0.039546556770801544
2965504,6124.48927912109,7.0,224.49023,500.0,231.38263,-1.0,0.32739258,1.0,0.70033586,0.27791545,-0.0056298645,0.0017906363,-0.0065251826,0.1728115,0.5374756,0.4625244,0.13513184,0.04015370085835457
2973696,6113.8890196137045,7.0,224.5697,500.0,231.43103,-1.0,0.32861328,1.0,0.6995894,0.27884355,-0.0067927213,0.0008397491,-0.0072125965,0.16752031,0.5369873,0.4630127,0.13439941,0.03990370035171509
2981888,6314.398881188792,7.0,224.20398,500.0,231.38715,-1.0,0.3302002,1.0,0.6992784,0.28029197,-0.005722086,0.002025511,-0.006734841,0.15712678,0.5358887,0.46411133,0.13391113,0.04020925611257553
2990080,6185.579670818802,7.0,224.02258,500.0,231.36014,-1.0,0.33007812,1.0,0.69959784,0.27994823,-0.006139608,0.0015423966,-0.006910806,0.14836721,0.5357666,0.4642334,0.13415527,0.04095925763249397
2998272,6110.715115260596,7.0,223.74841,500.0,231.31485,-1.0,0.33068848,1.0,0.6997458,0.28034887,-0.0064130565,0.002638983,-0.007732548,0.14148931,0.53515625,0.46484375,0.13415527,0.04134755581617355
3006464,6104.210172612247,7.0,223.3529,500.0,231.24634,-1.0,0.33203125,1.0,0.6997205,0.2813644,-0.0058180727,0.0023895835,-0.0070128646,0.13112278,0.5340576,0.46594238,0.13391113,0.04193088784813881
3014656,6115.117494975368,7.0,223.29297,500.0,231.2254,-1.0,0.33251953,1.0,0.6994885,0.2817816,-0.008165736,0.0019724376,-0.009151955,0.12358799,0.5338135,0.46618652,0.13366699,0.042538031935691833
3022848,6170.631908767338,7.0,223.16565,500.0,231.17596,-1.0,0.3338623,1.0,0.6991106,0.28240937,-0.0064560515,0.0014854306,-0.007198767,0.119706064,0.532959,0.46704102,0.13317871,0.04275314882397652
3031040,6119.558919636721,7.0,223.37024,500.0,231.18674,-1.0,0.33398438,1.0,0.6987904,0.28245676,-0.007096008,0.0012093456,-0.0077006808,0.11092456,0.53308105,0.46691895,0.13293457,0.04281564801931381
3039232,6115.224152970044,7.0,223.25867,500.0,231.14333,-1.0,0.33483887,1.0,0.69864345,0.28301,-0.004258657,0.0019797294,-0.0052485215,0.10433931,0.5324707,0.4675293,0.13269043,0.04331564903259277
3047424,6108.346893457068,7.0,223.2583,500.0,231.13171,-1.0,0.335083,1.0,0.69852644,0.28307554,-0.0054233493,0.002150923,-0.00649881,0.09603209,0.53234863,0.46765137,0.13256836,0.04384342581033707
3055616,6112.551206882258,7.0,222.88452,500.0,231.10234,-1.0,0.3375244,1.0,0.6978749,0.28493094,-0.005725086,0.0017147495,-0.0065824604,0.08977689,0.5307617,0.46923828,0.13171387,0.04391257464885712
3063808,6112.273928729561,7.0,223.01086,500.0,231.11955,-1.0,0.33776855,1.0,0.6975818,0.2851296,-0.0071396693,0.0015002949,-0.007889817,0.08402883,0.5307617,0.46923828,0.13146973,0.04405730962753296
3072000,6108.877954143241,7.0,222.5664,500.0,231.0346,-1.0,0.33728027,1.0,0.69851744,0.2848528,-0.0060144514,0.0015373733,-0.006783138,0.07899728,0.5305176,0.46948242,0.13220215,0.044689662754535675
3080192,6115.001046107388,7.0,222.10059,500.0,231.0167,-1.0,0.33850098,1.0,0.6984512,0.2859466,-0.0061006187,0.0013170514,-0.0067591444,0.07121766,0.529541,0.47045898,0.13195801,0.04470282047986984
3088384,6106.423250507969,7.0,221.682,500.0,230.96138,-1.0,0.33911133,1.0,0.69876677,0.2864864,-0.005685377,0.0029662733,-0.007168514,0.061246783,0.5288086,0.4711914,0.13208008,0.045410268008708954
3096576,6322.553206272845,7.0,221.34521,500.0,230.88843,-1.0,0.3395996,1.0,0.6990536,0.28679582,-0.007210358,0.0028969077,-0.008658811,0.062416054,0.52819824,0.47180176,0.13220215,0.04587455466389656
3104768,6213.244359575268,7.0,221.28809,500.0,230.88481,-1.0,0.3395996,1.0,0.6990536,0.28662255,-0.0050378577,0.002244731,-0.006160224,0.06383663,0.52819824,0.47180176,0.13220215,0.046457886695861816
3112960,6112.829597706568,7.0,221.25745,500.0,230.87695,-1.0,0.3392334,1.0,0.6993187,0.28628877,-0.006379742,0.002357501,-0.007558492,0.058041945,0.5283203,0.4716797,0.13244629,0.04728896915912628
3121152,6102.434362011027,7.0,221.2749,500.0,230.88145,-1.0,0.3404541,1.0,0.6987252,0.28736585,-0.0053988886,0.0015419581,-0.0061698677,0.052482493,0.52770996,0.47229004,0.13183594,0.04755178838968277
3129344,6121.529019938592,7.0,220.70056,500.0,230.82123,-1.0,0.3413086,1.0,0.69909436,0.28803152,-0.0066962605,0.0023229292,-0.007857725,0.04703714,0.5267334,0.4732666,0.13195801,0.0482017882168293
3137536,6121.331625665963,7.0,220.53479,500.0,230.75684,-1.0,0.3428955,1.0,0.69857967,0.28924745,-0.007632058,0.0014544546,-0.008359285,0.05328504,0.52575684,0.47424316,0.13134766,0.04841690510511398
3145728,6121.8540393497815,7.0,220.45837,500.0,230.77658,-1.0,0.34301758,1.0,0.6986071,0.2894252,-0.0079810815,0.0019893358,-0.008975749,0.058618575,0.52563477,0.47436523,0.13134766,0.049119286239147186
3153920,6103.174699554906,7.0,220.42566,500.0,230.74565,-1.0,0.34362793,1.0,0.6983944,0.28955397,-0.005622008,0.0013230315,-0.006283524,0.05262126,0.52526855,0.47473145,0.13110352,0.04933803528547287
3162112,6122.152913158488,7.0,220.45337,500.0,230.79335,-1.0,0.34631348,1.0,0.69689155,0.29189742,-0.0071604922,0.0014185943,-0.007869789,0.042977512,0.52404785,0.47595215,0.12963867,0.04919220134615898
3170304,6164.749772767315,7.0,220.31543,500.0,230.7796,-1.0,0.3470459,1.0,0.6967023,0.29237172,-0.0072581694,0.0009384654,-0.007727403,0.031609908,0.5235596,0.47644043,0.12939453,0.049236319959163666
3178496,6113.845504296451,7.0,219.7196,500.0,230.59642,-1.0,0.34960938,1.0,0.69638425,0.29377803,-0.007009121,0.0022563566,-0.008137299,0.022997454,0.52160645,0.47839355,0.12878418,0.049314189702272415
3186688,6114.5635862508825,7.0,219.80554,500.0,230.6371,-1.0,0.35107422,1.0,0.69547135,0.29493582,-0.0074611735,0.0011931725,-0.00805776,0.021045133,0.5209961,0.4790039,0.12792969,0.04920307919383049
3194880,6114.204524189906,7.0,219.15686,500.0,230.52814,-1.0,0.3536377,1.0,0.6951379,0.29716605,-0.006371267,0.002625673,-0.007684104,0.0155683905,0.51904297,0.48095703,0.12731934,0.049756649881601334
3203072,6114.551616836073,7.0,219.05884,500.0,230.48532,-1.0,0.3531494,1.0,0.69556165,0.29660863,-0.0040781717,0.0018537854,-0.0050050644,0.008843936,0.51916504,0.48083496,0.12768555,0.0505877323448658
3211264,6113.301615091074,7.0,218.6034,500.0,230.42532,-1.0,0.35375977,1.0,0.69586563,0.29727888,-0.0076989736,0.0023223502,-0.0088601485,-0.0008815974,0.5184326,0.48156738,0.12780762,0.051082413643598557
3219456,6096.874027260829,7.0,217.9834,500.0,230.29567,-1.0,0.35339355,1.0,0.6970156,0.29729226,-0.007255587,0.0016894706,-0.0081003215,-0.018039607,0.51794434,0.48205566,0.12866211,0.051855139434337616
3227648,6109.576401492554,7.0,217.80151,500.0,230.26698,-1.0,0.3519287,1.0,0.6979313,0.2963654,-0.006868003,0.0020477183,-0.007891862,-0.02008012,0.5185547,0.4814453,0.1295166,0.05285513773560524
3235840,6110.585793384511,7.0,217.50427,500.0,230.19157,-1.0,0.35217285,1.0,0.6983327,0.29659197,-0.0049979156,0.0025442438,-0.006270038,-0.021160841,0.5180664,0.4819336,0.12976074,0.053456202149391174
3244032,6116.85713771988,7.0,217.45776,500.0,230.18251,-1.0,0.35168457,1.0,0.6987535,0.29650217,-0.006213423,0.0022770485,-0.007351947,-0.038261287,0.5181885,0.48181152,0.13012695,0.05418446287512779
3252224,6116.85278193414,7.0,216.63159,500.0,230.10243,-1.0,0.3536377,1.0,0.69881594,0.2979911,-0.008142394,0.0022598216,-0.009272305,-0.051588856,0.5164795,0.4835205,0.12988281,0.05454849824309349
3260416,6115.194767232842,7.0,216.44885,500.0,230.06956,-1.0,0.35534668,1.0,0.69829816,0.2992177,-0.006584531,0.001873833,-0.0075214477,-0.057584785,0.51538086,0.48461914,0.12927246,0.0549803152680397
3268608,6104.420562957646,7.0,216.2113,500.0,230.03967,-1.0,0.35498047,1.0,0.69874644,0.29878306,-0.005522306,0.0019543644,-0.0064994884,-0.061223067,0.51538086,0.48461914,0.12963867,0.05562775209546089
3276800,6290.585592435422,7.0,215.91516,500.0,229.94008,-1.0,0.3560791,1.0,0.69862425,0.29952323,-0.0069242595,0.0018049239,-0.007826721,-0.059234925,0.51452637,0.48547363,0.12939453,0.05597298964858055
3284992,6118.62718899294,7.0,215.47546,500.0,229.8677,-1.0,0.3569336,1.0,0.69879967,0.30041802,-0.009475912,0.0018265729,-0.0103891995,-0.0591328,0.5136719,0.48632812,0.12939453,0.056500766426324844
3293184,6111.332458127894,7.0,215.28381,500.0,229.8027,-1.0,0.3577881,1.0,0.69879943,0.30075932,-0.0070266887,0.0021402226,-0.008096801,-0.06291801,0.51293945,0.48706055,0.12927246,0.05702854320406914
3301376,6117.277500229222,7.0,215.49854,500.0,229.80667,-1.0,0.3581543,1.0,0.69834965,0.3007977,-0.0058970544,0.001682065,-0.006738086,-0.06593488,0.51293945,0.48706055,0.12890625,0.057423703372478485
3309568,6123.4239981237515,7.0,214.8352,500.0,229.69983,-1.0,0.35949707,1.0,0.6986211,0.30176556,-0.008217568,0.0022751377,-0.009355137,-0.07240557,0.5115967,0.48840332,0.12890625,0.05804326757788658
3317760,6097.904116649038,7.0,214.41211,500.0,229.62009,-1.0,0.3623047,1.0,0.69778174,0.30391902,-0.006292357,0.0011225223,-0.006853618,-0.08353694,0.5097656,0.49023438,0.12792969,0.05801548808813095
3325952,6117.721884037663,7.0,214.2135,500.0,229.60014,-1.0,0.36291504,1.0,0.69772696,0.3044643,-0.00618204,0.0017310265,-0.0070475535,-0.0887995,0.50927734,0.49072266,0.12780762,0.05839048698544502
3334144,6174.6605470690265,7.0,214.28369,500.0,229.6082,-1.0,0.36279297,1.0,0.6977029,0.3039553,-0.0056229043,0.0023327009,-0.006789255,-0.08212094,0.5093994,0.4906006,0.12780762,0.058909717947244644
3342336,6126.800116616932,7.0,213.55151,500.0,229.44879,-1.0,0.36376953,1.0,0.698244,0.30453527,-0.007682097,0.0026453442,-0.009004769,-0.08790189,0.5081787,0.4918213,0.12805176,0.05937400460243225
3350528,6107.128735023779,7.0,213.10486,500.0,229.36345,-1.0,0.36486816,1.0,0.6982827,0.3053815,-0.0069732293,0.0020671918,-0.008006826,-0.10281887,0.50720215,0.49279785,0.12792969,0.05950136482715607
3358720,6122.211818738387,7.0,213.04309,500.0,229.3151,-1.0,0.3651123,1.0,0.6983299,0.30543673,-0.008942786,0.0019345651,-0.0099100685,-0.12074603,0.506958,0.493042,0.12792969,0.059846602380275726
3366912,6468.740714857771,7.0,213.23474,500.0,229.3377,-1.0,0.36523438,1.0,0.6980038,0.30533975,-0.0057970965,0.0012963292,-0.0064452603,-0.13416857,0.5070801,0.49291992,0.12768555,0.05996697396039963
3375104,6116.296381318026,7.0,213.6372,500.0,229.42625,-1.0,0.3651123,1.0,0.69745535,0.30506194,-0.007257664,0.0010773847,-0.0077963555,-0.14257544,0.50756836,0.49243164,0.12731934,0.06002000346779823
3383296,6110.841182189999,7.0,213.65698,500.0,229.41133,-1.0,0.3656006,1.0,0.6971995,0.30511856,-0.005926598,0.0014992198,-0.0066762078,-0.14651959,0.5073242,0.49267578,0.1270752,0.06017540767788887
3391488,6124.550413044893,7.0,213.4082,500.0,229.36958,-1.0,0.36584473,1.0,0.6974216,0.3052114,-0.0061061135,0.0018571763,-0.0070347018,-0.1485367,0.506958,0.493042,0.12719727,0.06069463863968849
3399680,6114.364464808415,7.0,213.56079,500.0,229.44067,-1.0,0.36584473,1.0,0.6970715,0.30525634,-0.00879193,0.0011757835,-0.009379823,-0.14631829,0.50720215,0.49279785,0.12695312,0.06058352813124657
3407872,6292.234080215241,7.0,213.71582,500.0,229.48482,-1.0,0.36584473,1.0,0.69672114,0.305054,-0.007886065,0.0012672652,-0.008519698,-0.15053782,0.5074463,0.4925537,0.12670898,0.06062764674425125
3416064,6513.357387949401,7.0,213.47217,500.0,229.42213,-1.0,0.36657715,1.0,0.69668657,0.30536044,-0.007815552,0.0015463652,-0.008588735,-0.16049206,0.50683594,0.49316406,0.12658691,0.06078305095434189
3424256,6453.883191338056,7.0,213.19604,500.0,229.35986,-1.0,0.3659668,1.0,0.6974451,0.3050098,-0.008701876,0.0025870313,-0.009995391,-0.1638278,0.50683594,0.49316406,0.12719727,0.061490498483181
3432448,6106.80961876049,7.0,213.02783,500.0,229.2844,-1.0,0.3668213,1.0,0.6974337,0.30534282,-0.0071048746,0.001327557,-0.0077686533,-0.1696907,0.5061035,0.49389648,0.1270752,0.06175331771373749
3440640,6114.9259552642425,7.0,212.84888,500.0,229.29048,-1.0,0.3692627,1.0,0.6963195,0.3071973,-0.006506864,0.0024898967,-0.007751812,-0.18296543,0.50476074,0.49523926,0.12597656,0.06186695396900177
3448832,6112.81546006136,7.0,212.39807,500.0,229.23218,-1.0,0.3704834,1.0,0.69619703,0.3079768,-0.008803393,0.0016722218,-0.009639503,-0.19050923,0.5037842,0.49621582,0.12573242,0.062412407249212265
3457024,6116.2201699382285,7.0,212.17432,500.0,229.22934,-1.0,0.3720703,1.0,0.69543797,0.30926645,-0.006443831,0.0015968656,-0.0072422647,-0.19716585,0.5029297,0.4970703,0.125,0.06250331550836563
3465216,6122.999517070575,7.0,212.10828,500.0,229.19191,-1.0,0.37280273,1.0,0.6952212,0.30941853,-0.0074527543,0.0019802717,-0.00844289,-0.19968769,0.5024414,0.4975586,0.12475586,0.06275331228971481
3473408,6121.794049948589,7.0,212.30212,500.0,229.2294,-1.0,0.37268066,1.0,0.6950233,0.3093887,-0.0061277132,0.0018463035,-0.0070508644,-0.20376003,0.50268555,0.49731445,0.12463379,0.06333664804697037
3481600,6098.432280618055,7.0,212.021,500.0,229.15718,-1.0,0.37304688,1.0,0.6952659,0.30970398,-0.007797077,0.0022887758,-0.008941465,-0.2047688,0.50219727,0.49780273,0.12475586,0.06374702602624893
3489792,6120.340484472456,7.0,211.16467,500.0,229.00842,-1.0,0.37524414,1.0,0.69531244,0.3114121,-0.0069391634,0.0017958832,-0.007837105,-0.20541303,0.50024414,0.49975586,0.12451172,0.06391369551420212
3497984,6103.690765770327,7.0,211.35889,500.0,229.02423,-1.0,0.3741455,1.0,0.6956411,0.31024486,-0.0061633345,0.0024906546,-0.007408662,-0.20902334,0.50097656,0.49902344,0.12487793,0.064945749938488
3506176,6113.930359738857,7.0,211.17432,500.0,228.94337,-1.0,0.37365723,1.0,0.69625425,0.30978772,-0.0045975563,0.0016519799,-0.005423546,-0.21425977,0.50097656,0.49902344,0.12536621,0.06560484319925308
3514368,6124.192360279212,7.0,210.39697,500.0,228.78165,-1.0,0.37548828,1.0,0.6964086,0.3115711,-0.0054468466,0.0029115125,-0.0069026025,-0.22400977,0.49926758,0.5007324,0.12524414,0.0663163810968399
3522560,6170.606420783967,7.0,210.36926,500.0,228.73715,-1.0,0.37487793,1.0,0.696825,0.3110598,-0.007231642,0.0019219221,-0.0081926035,-0.22724605,0.49951172,0.5004883,0.12561035,0.06682395935058594
3530752,6111.54551384064,7.0,210.5293,500.0,228.73639,-1.0,0.37390137,1.0,0.6971745,0.31023532,-0.0068196487,0.0013947584,-0.0075170277,-0.22815815,0.5001221,0.49987793,0.12597656,0.06724963337182999
3538944,6115.885951030177,7.0,210.38806,500.0,228.72061,-1.0,0.37402344,1.0,0.6973716,0.31031328,-0.005860919,0.0021461544,-0.0069339965,-0.2350668,0.49987793,0.5001221,0.12609863,0.06760939210653305
3547136,6110.446696972532,7.0,210.12952,500.0,228.61569,-1.0,0.3762207,1.0,0.6965393,0.3116371,-0.0076032216,0.0018425683,-0.008524505,-0.24244002,0.49853516,0.50146484,0.12524414,0.0679476261138916
3555328,6120.886717307473,7.0,209.57556,500.0,228.43654,-1.0,0.3765869,1.0,0.69730484,0.31197083,-0.007160267,0.0027970048,-0.008558771,-0.2539136,0.49768066,0.50231934,0.12573242,0.06864102184772491
3563520,6105.728778832507,7.0,209.74548,500.0,228.44931,-1.0,0.37634277,1.0,0.69726163,0.31168446,-0.0047738375,0.0016918208,-0.005619748,-0.26000974,0.4979248,0.5020752,0.12573242,0.06892673671245575
3571712,6115.781447076817,7.0,209.6571,500.0,228.47926,-1.0,0.37695312,1.0,0.6970194,0.3121419,-0.008265024,0.0017781586,-0.009154103,-0.26394272,0.4975586,0.5024414,0.12548828,0.06916454434394836
3579904,6124.481637466427,7.0,209.29016,500.0,228.36238,-1.0,0.37780762,1.0,0.69716966,0.31247014,-0.0072816177,0.0020724672,-0.008317851,-0.2715798,0.4967041,0.5032959,0.12548828,0.0694580227136612
3588096,6119.866289521395,7.0,208.69897,500.0,228.18993,-1.0,0.3779297,1.0,0.698066,0.31244174,-0.0056501753,0.0026867772,-0.006993564,-0.27556425,0.49597168,0.5040283,0.12609863,0.07025453448295593
3596288,6131.805623136999,7.0,209.02612,500.0,228.24132,-1.0,0.37756348,1.0,0.697827,0.31188154,-0.0057223355,0.0012669666,-0.006355819,-0.28078783,0.49645996,0.50354004,0.12597656,0.07069419324398041
3604480,6119.091384232356,7.0,208.23425,500.0,228.09459,-1.0,0.37927246,1.0,0.6979497,0.31321007,-0.007788148,0.0032386535,-0.009407475,-0.29018384,0.49487305,0.50512695,0.12585449,0.07100871205329895
3612672,6103.718956774825,7.0,207.73267,500.0,227.96664,-1.0,0.38085938,1.0,0.69787264,0.31402004,-0.006704365,0.001932594,-0.007670662,-0.29821765,0.49353027,0.5064697,0.12561035,0.07138371467590332
3620864,6127.972582999348,7.0,207.12451,500.0,227.84517,-1.0,0.38220215,1.0,0.6979256,0.31527445,-0.0065645715,0.0030096313,-0.008069388,-0.30146277,0.49230957,0.5076904,0.12548828,0.0719083622097969
3629056,6101.04522354304,7.0,206.8894,500.0,227.73042,-1.0,0.38354492,1.0,0.69762623,0.3158577,-0.006892444,0.0015712795,-0.007678083,-0.3060046,0.491333,0.508667,0.12512207,0.07180541753768921
3637248,6117.446314904891,7.0,206.38782,500.0,227.59888,-1.0,0.3843994,1.0,0.6979433,0.31657732,-0.0051007015,0.0030598158,-0.006630609,-0.3125968,0.49035645,0.50964355,0.12524414,0.0720483735203743
3645440,6141.354899018985,7.0,206.50085,500.0,227.62994,-1.0,0.38562012,1.0,0.69709444,0.31743023,-0.0065481663,0.0017850181,-0.0074406755,-0.31756118,0.48986816,0.51013184,0.12451172,0.0722065344452858
3653632,6138.697451384934,7.0,206.58972,500.0,227.56564,-1.0,0.38427734,1.0,0.69792295,0.3162197,-0.0071779247,0.0022028182,-0.008279334,-0.32307458,0.49047852,0.5095215,0.12524414,0.07286562770605087
3661824,6104.191737035955,7.0,206.54419,500.0,227.54784,-1.0,0.3843994,1.0,0.6979433,0.31636325,-0.004596614,0.0011385173,-0.005165872,-0.32372898,0.49035645,0.50964355,0.12524414,0.07309950143098831
3670016,6123.709928559144,7.0,206.2893,500.0,227.45639,-1.0,0.38549805,1.0,0.6977745,0.3171323,-0.007925962,0.0019831816,-0.008917553,-0.32530802,0.48950195,0.51049805,0.125,0.07330404967069626
3678208,6107.464168678211,7.0,205.92737,500.0,227.25764,-1.0,0.38659668,1.0,0.69795394,0.31769246,-0.0055604326,0.0041848687,-0.007652867,-0.33328083,0.48840332,0.5115967,0.125,0.07391342520713806
3686400,6121.57700721019,7.0,206.13232,500.0,227.27959,-1.0,0.38671875,1.0,0.6976239,0.3179642,-0.0065941666,0.0017401394,-0.0074642366,-0.34460178,0.4885254,0.5114746,0.12475586,0.07457251846790314
3694592,6109.081063109102,7.0,205.88855,500.0,227.2823,-1.0,0.3861084,1.0,0.6982242,0.3177482,-0.0041647768,0.0018383046,-0.0050839297,-0.3529013,0.48864746,0.51135254,0.12524414,0.07517357915639877
3702784,6127.075436535159,7.0,205.8009,500.0,227.26591,-1.0,0.38562012,1.0,0.69866866,0.3172242,-0.007693244,0.0019084935,-0.00864749,-0.35666224,0.48876953,0.51123047,0.12561035,0.07575691491365433
3710976,6163.88716197477,7.0,205.52783,500.0,227.2378,-1.0,0.38598633,1.0,0.6987285,0.31723383,-0.00634504,0.0025160196,-0.0076030497,-0.36136764,0.48840332,0.5115967,0.12561035,0.07634025067090988
3719168,6107.04189736359,7.0,205.20862,500.0,227.1895,-1.0,0.38562012,1.0,0.6993672,0.31715757,-0.0068105133,0.0017564651,-0.0076887454,-0.3654893,0.48828125,0.51171875,0.12609863,0.07680453360080719
3727360,6113.559406510492,7.0,205.33386,500.0,227.18823,-1.0,0.38659668,1.0,0.69865316,0.31762382,-0.0046486263,0.0015870789,-0.005442166,-0.37004495,0.48791504,0.51208496,0.12548828,0.07692953199148178
3735552,6132.160189091846,7.0,205.20276,500.0,227.11223,-1.0,0.38793945,1.0,0.6981708,0.31878883,-0.0062441304,0.002568072,-0.0075281663,-0.37686315,0.48706055,0.51293945,0.125,0.07749585807323456
3743744,6118.070465537783,7.0,205.04248,500.0,227.03395,-1.0,0.3881836,1.0,0.69838464,0.31890813,-0.006448535,0.002379656,-0.0076383622,-0.38097858,0.48669434,0.51330566,0.12512207,0.07794353365898132
3751936,6190.383927075425,7.0,205.1167,500.0,227.05873,-1.0,0.38842773,1.0,0.6982489,0.31864464,-0.0069404542,0.0019564885,-0.007918699,-0.3824973,0.48657227,0.51342773,0.125,0.07821984589099884
3760128,6109.5970423350645,7.0,204.7373,500.0,226.94292,-1.0,0.3890381,1.0,0.698521,0.31884247,-0.0064801937,0.0023342022,-0.0076472946,-0.385465,0.48583984,0.51416016,0.12512207,0.07852540165185928
3768320,6168.252460812179,7.0,204.74402,500.0,226.94174,-1.0,0.3894043,1.0,0.6982295,0.3189621,-0.006873696,0.0017913628,-0.007769377,-0.39095438,0.48571777,0.5142822,0.12487793,0.07885679602622986
3776512,6157.188037402872,7.0,204.57886,500.0,226.91154,-1.0,0.38964844,1.0,0.6982681,0.31949276,-0.0062135644,0.001833496,-0.0071303123,-0.39375964,0.48547363,0.51452637,0.12487793,0.07911961525678635
3784704,6115.368909056866,7.0,204.34778,500.0,226.81792,-1.0,0.39111328,1.0,0.6977986,0.32048059,-0.007342467,0.0017295666,-0.00820725,-0.40253055,0.48449707,0.5155029,0.12438965,0.07915807515382767
3792896,6112.661037733516,7.0,204.25916,500.0,226.78496,-1.0,0.39172363,1.0,0.69754374,0.32086045,-0.006536754,0.0019387896,-0.007506148,-0.4117527,0.48413086,0.51586914,0.12414551,0.07954636961221695
3801088,6113.1754466245975,7.0,204.00354,500.0,226.71162,-1.0,0.39331055,1.0,0.69708806,0.3222274,-0.00614726,0.0016544298,-0.006974475,-0.4150815,0.48303223,0.5169678,0.12365723,0.07976148277521133
3809280,6115.34387555928,7.0,204.06824,500.0,226.71346,-1.0,0.39318848,1.0,0.6970694,0.3219826,-0.0066788252,0.0014113899,-0.007384521,-0.42244902,0.4831543,0.5168457,0.12365723,0.07983406633138657
3817472,6113.0938749571005,7.0,204.17749,500.0,226.6962,-1.0,0.39294434,1.0,0.69720703,0.32157028,-0.0066723768,0.0022366156,-0.0077906842,-0.42159367,0.48327637,0.51672363,0.1237793,0.08060970902442932
3825664,6118.611934945625,7.0,203.61926,500.0,226.51985,-1.0,0.39501953,1.0,0.6969972,0.32282704,-0.007905443,0.0027530533,-0.009281971,-0.42353988,0.48156738,0.5184326,0.123413086,0.08071058988571167
3833856,6112.913337407454,7.0,203.29187,500.0,226.42639,-1.0,0.39672852,1.0,0.6965519,0.32382238,-0.0058143586,0.0018631011,-0.0067459093,-0.43124893,0.48034668,0.5196533,0.122924805,0.08097340911626816
3842048,6123.288681577832,7.0,203.38257,500.0,226.4295,-1.0,0.3951416,1.0,0.6973659,0.3229465,-0.004834818,0.0024286998,-0.0060491683,-0.43544528,0.48120117,0.5187988,0.12365723,0.08182097226381302
3850240,6106.600149005022,7.0,203.06213,500.0,226.32446,-1.0,0.39501953,1.0,0.6978724,0.3230062,-0.007824035,0.0023471392,-0.008997604,-0.43786225,0.48095703,0.51904297,0.12402344,0.08227097243070602
3858432,6112.957927015424,7.0,203.27979,500.0,226.36864,-1.0,0.39453125,1.0,0.69779885,0.32258064,-0.0044664326,0.0023275437,-0.0056302045,-0.43911856,0.4814453,0.5185547,0.12402344,0.08267314732074738
3866624,6114.999957821128,7.0,202.81165,500.0,226.2114,-1.0,0.39526367,1.0,0.698084,0.32319134,-0.0061310534,0.002554125,-0.007408116,-0.43950552,0.48059082,0.5194092,0.12414551,0.08323947340250015
3874816,6136.462018386309,7.0,202.25928,500.0,226.02934,-1.0,0.39587402,1.0,0.69852495,0.32360393,-0.004417858,0.0032301343,-0.006032925,-0.4431348,0.47973633,0.5202637,0.12438965,0.08375870436429977
3883008,6122.82166718433,7.0,202.09912,500.0,225.93747,-1.0,0.39538574,1.0,0.6991508,0.32347763,-0.0031372448,0.0017073263,-0.003990908,-0.44553447,0.47973633,0.5202637,0.12487793,0.08463773876428604
3891200,6109.490580537604,7.0,201.90588,500.0,225.87912,-1.0,0.3947754,1.0,0.6997572,0.32308394,-0.0060249106,0.0023631805,-0.007206501,-0.44503188,0.4798584,0.5201416,0.12536621,0.08506081253290176
3899392,6121.141877426941,7.0,201.45593,500.0,225.72174,-1.0,0.3955078,1.0,0.7000414,0.3233894,-0.008303425,0.0022623881,-0.00943462,-0.4509733,0.4790039,0.5209961,0.12548828,0.08523634076118469
3907584,6108.40987742376,7.0,201.19263,500.0,225.65074,-1.0,0.3963623,1.0,0.699994,0.32389605,-0.006274813,0.0015311922,-0.0070404084,-0.45984054,0.47827148,0.5217285,0.12536621,0.08537095785140991
3915776,6123.752493006465,7.0,201.33252,500.0,225.66783,-1.0,0.3963623,1.0,0.6998196,0.32384425,-0.008313766,0.0019351691,-0.009281349,-0.4664956,0.47839355,0.52160645,0.12524414,0.08556540310382843
3923968,6102.036626705955,7.0,201.17126,500.0,225.6551,-1.0,0.3968506,1.0,0.69971734,0.32402366,-0.007070948,0.002319417,-0.008230656,-0.46654558,0.47802734,0.52197266,0.12512207,0.08611086010932922
3932160,6118.269828437849,7.0,201.4956,500.0,225.71951,-1.0,0.39648438,1.0,0.69948876,0.32371724,-0.007774649,0.0022714273,-0.008910363,-0.46825546,0.47851562,0.5214844,0.125,0.08664517104625702
3940352,6124.710895401761,7.0,201.78479,500.0,225.79002,-1.0,0.3968506,1.0,0.6988445,0.3240186,-0.006408537,0.0012265812,-0.0070218276,-0.47700042,0.4786377,0.5213623,0.12451172,0.08655646443367004
3948544,6113.710610749395,7.0,201.23364,500.0,225.65518,-1.0,0.39941406,1.0,0.69816977,0.32625017,-0.006846628,0.0017204103,-0.007706833,-0.48718804,0.47680664,0.52319336,0.1237793,0.08640261739492416
3956736,6117.6608863589545,7.0,201.12183,500.0,225.57835,-1.0,0.399292,1.0,0.6985019,0.32603198,-0.007055265,0.0017883802,-0.007949456,-0.49888825,0.47668457,0.5233154,0.12402344,0.08660716563463211
3964928,6113.373402922414,7.0,201.12744,500.0,225.57196,-1.0,0.39941406,1.0,0.6985194,0.326007,-0.0071163704,0.0017950258,-0.008013884,-0.50321215,0.4765625,0.5234375,0.12402344,0.08679834008216858
3973120,6109.5351202259335,7.0,200.78186,500.0,225.44005,-1.0,0.40026855,1.0,0.6986419,0.32640505,-0.007132925,0.0021122808,-0.008189065,-0.50692743,0.475708,0.524292,0.12402344,0.08736229687929153
3981312,6118.957348797293,7.0,200.8905,500.0,225.43188,-1.0,0.40014648,1.0,0.69862443,0.32595786,-0.006130308,0.0016266436,-0.00694363,-0.51151407,0.47583008,0.5241699,0.12402344,0.08771836012601852
3989504,6112.134755453156,7.0,200.67041,500.0,225.28577,-1.0,0.3996582,1.0,0.69942766,0.32543802,-0.00593445,0.002994984,-0.007431942,-0.51846373,0.475708,0.524292,0.12463379,0.08822307735681534
3997696,6113.649693034087,7.0,200.2544,500.0,225.14014,-1.0,0.39990234,1.0,0.699986,0.32555413,-0.007106407,0.0019391088,-0.008075963,-0.528369,0.47509766,0.52490234,0.125,0.08863097429275513
4005888,6106.817216379191,7.0,200.24695,500.0,225.08371,-1.0,0.39904785,1.0,0.7005606,0.3248492,-0.007973724,0.0026975288,-0.009322489,-0.5457505,0.47546387,0.52453613,0.12548828,0.08924636244773865
4014080,6329.209129824746,7.0,200.14282,500.0,225.01138,-1.0,0.39892578,1.0,0.7008914,0.32464546,-0.0053239996,0.0020138246,-0.006330912,-0.558817,0.4753418,0.5246582,0.12573242,0.08985002338886261
4022272,6322.433376666989,7.0,200.1156,500.0,225.01054,-1.0,0.39941406,1.0,0.7006133,0.32485467,-0.008729423,0.0011947905,-0.009326819,-0.5653971,0.47509766,0.52490234,0.12548828,0.089894138276577
4030464,6106.526349613026,7.0,199.78186,500.0,224.86363,-1.0,0.39831543,1.0,0.7018475,0.32387367,-0.006154981,0.0028208592,-0.007565411,-0.5763971,0.47521973,0.5247803,0.12646484,0.09070796519517899
4038656,6252.726420208616,7.0,199.63416,500.0,224.81557,-1.0,0.3996582,1.0,0.70134485,0.32479146,-0.007097777,0.0014357211,-0.007815638,-0.5886057,0.47436523,0.52563477,0.12597656,0.09072112292051315
4046848,6113.204812957815,7.0,199.49023,500.0,224.77344,-1.0,0.40075684,1.0,0.70097893,0.3255279,-0.0081867855,0.0018000269,-0.009086799,-0.60043985,0.4736328,0.5263672,0.12561035,0.09087928384542465
4055040,6125.605165372097,7.0,199.40027,500.0,224.75308,-1.0,0.40307617,1.0,0.6997351,0.32722202,-0.006661794,0.0013366113,-0.0073301,-0.60877573,0.4724121,0.5275879,0.12451172,0.09103468805551529
4063232,6228.402924181306,7.0,199.43384,500.0,224.76488,-1.0,0.40356445,1.0,0.6994536,0.32769006,-0.0075440244,0.0017026679,-0.008395358,-0.6183496,0.47216797,0.52783203,0.12426758,0.09090664237737656
4071424,6122.746384148595,7.0,199.26697,500.0,224.7002,-1.0,0.40307617,1.0,0.7000839,0.32740512,-0.0026589218,0.0031078078,-0.0042128256,-0.62563664,0.47216797,0.52783203,0.12475586,0.09193869680166245
4079616,6181.490068522231,7.0,199.47644,500.0,224.71974,-1.0,0.40319824,1.0,0.6997521,0.3272329,-0.007361686,0.0019063985,-0.008314885,-0.6275295,0.47229004,0.52770996,0.12451172,0.09218869358301163
4087808,6251.280533990051,7.0,199.12476,500.0,224.60422,-1.0,0.40319824,1.0,0.70027524,0.32713768,-0.0071690646,0.0024332986,-0.008385714,-0.6327896,0.47192383,0.5280762,0.12487793,0.09250473231077194
4096000,6120.638120215877,7.0,199.0636,500.0,224.62268,-1.0,0.40429688,1.0,0.69972867,0.32788917,-0.0059509757,0.0014314579,-0.006666704,-0.6370522,0.47131348,0.5286865,0.12438965,0.09266013652086258
4104192,6120.16060877181,7.0,198.08728,500.0,224.34514,-1.0,0.40600586,1.0,0.70013463,0.32913846,-0.0080257105,0.0028228206,-0.00943712,-0.64567125,0.46948242,0.5305176,0.12451172,0.0929839089512825
4112384,6117.088003241583,7.0,198.12439,500.0,224.36847,-1.0,0.40612793,1.0,0.6999767,0.32929957,-0.007040831,0.00090008846,-0.0074908757,-0.64595175,0.46948242,0.5305176,0.12438965,0.09273391216993332
4120576,6118.815691711916,7.0,197.9126,500.0,224.29088,-1.0,0.40637207,1.0,0.7001837,0.32957456,-0.0050136056,0.0018863841,-0.005956798,-0.6479156,0.4691162,0.5308838,0.12451172,0.09302445501089096
4128768,6120.694816020596,7.0,197.93274,500.0,224.32347,-1.0,0.40734863,1.0,0.69944155,0.33020413,-0.004585903,0.0020648625,-0.0056183347,-0.65428054,0.46875,0.53125,0.12390137,0.09310054033994675
4136960,6132.654898995154,7.0,197.67944,500.0,224.20065,-1.0,0.40808105,1.0,0.6995382,0.33045068,-0.0042303987,0.0024514347,-0.0054561165,-0.65721977,0.46801758,0.5319824,0.12390137,0.09339401870965958
4145152,6114.784484772985,7.0,197.54175,500.0,224.21202,-1.0,0.40734863,1.0,0.7001393,0.33038503,-0.0056174044,0.0024628406,-0.006848824,-0.6631627,0.46826172,0.5317383,0.12438965,0.09390489012002945
4153344,6148.0503979354135,7.0,196.72937,500.0,224.0056,-1.0,0.40808105,1.0,0.70075864,0.3307447,-0.008344108,0.0038335128,-0.010260865,-0.6679342,0.4671631,0.5328369,0.12475586,0.09450104087591171
4161536,6129.930607443997,7.0,196.33594,500.0,223.88658,-1.0,0.4099121,1.0,0.70029944,0.33219215,-0.0064072455,0.0021874402,-0.007500966,-0.6691264,0.4658203,0.5341797,0.12426758,0.09471400082111359
4169728,6110.643389846545,7.0,196.10876,500.0,223.79376,-1.0,0.41027832,1.0,0.70052075,0.33259875,-0.0067343777,0.0020202305,-0.007744494,-0.67407846,0.46533203,0.53466797,0.12438965,0.0949518084526062
4177920,6114.763808864838,7.0,195.82947,500.0,223.70947,-1.0,0.41064453,1.0,0.7007417,0.3324969,-0.009131463,0.0033539243,-0.010808425,-0.67739165,0.46484375,0.53515625,0.12451172,0.09595181047916412
4186112,6113.5583187373095,7.0,195.52417,500.0,223.60031,-1.0,0.4104004,1.0,0.7014071,0.33234453,-0.0071388935,0.001854736,-0.008066261,-0.6794777,0.4645996,0.5354004,0.125,0.0963401049375534
4194304,6108.693321348162,7.0,194.29333,500.0,223.2649,-1.0,0.41296387,1.0,0.7017298,0.33451086,-0.0074986983,0.002467211,-0.008732303,-0.68189204,0.46203613,0.53796387,0.125,0.09660480916500092
4202496,6112.793709965656,7.0,193.38916,500.0,222.97507,-1.0,0.4124756,1.0,0.70340663,0.33413118,-0.00479455,0.0025359266,-0.006062513,-0.6841591,0.4613037,0.5386963,0.1262207,0.09743323922157288
4210688,6120.412437713286,7.0,193.18225,500.0,222.89375,-1.0,0.4136963,1.0,0.7030367,0.33501118,-0.004765291,0.0010702953,-0.005300438,-0.6784955,0.46044922,0.5395508,0.12585449,0.09733948856592178
4218880,6121.619542011716,7.0,192.5387,500.0,222.68712,-1.0,0.4144287,1.0,0.7036469,0.33560246,-0.004902447,0.0031346856,-0.00646979,-0.68310595,0.4593506,0.5406494,0.1262207,0.09793694317340851
4227072,6115.6301403900225,7.0,192.1012,500.0,222.56673,-1.0,0.4140625,1.0,0.7044692,0.3355061,-0.008562397,0.0021743963,-0.009649595,-0.69232726,0.45910645,0.54089355,0.12683105,0.09852027893066406
4235264,6101.184975628812,7.0,192.06372,500.0,222.54639,-1.0,0.41467285,1.0,0.7041968,0.33620155,-0.007381738,0.0019344598,-0.008348968,-0.7056097,0.45874023,0.54125977,0.12658691,0.09910361468791962
4243456,6111.7227092427165,7.0,191.96094,500.0,222.50671,-1.0,0.41540527,1.0,0.7039385,0.33687443,-0.0066584703,0.0021138506,-0.0077153957,-0.72172546,0.45825195,0.54174805,0.12634277,0.0992702841758728
4251648,6118.565083704424,7.0,191.55774,500.0,222.41776,-1.0,0.4156494,1.0,0.7043144,0.33696157,-0.009122798,0.0021629594,-0.010204278,-0.7321977,0.45776367,0.5422363,0.12658691,0.09987134486436844
4259840,6149.293741793199,7.0,190.9364,500.0,222.14333,-1.0,0.4169922,1.0,0.7046472,0.33780858,-0.008571737,0.0027649181,-0.0099541955,-0.7308572,0.45629883,0.5437012,0.12670898,0.10031100362539291
4268032,6100.140781527014,7.0,190.21399,500.0,221.86072,-1.0,0.41870117,1.0,0.70484644,0.33913252,-0.004350737,0.003207868,-0.0059546707,-0.73228943,0.45458984,0.54541016,0.12670898,0.1006542220711708
4276224,6113.677976108077,7.0,189.89807,500.0,221.7059,-1.0,0.4215088,1.0,0.7037783,0.34099293,-0.006811409,0.0024307359,-0.008026777,-0.73989356,0.4527588,0.5472412,0.12573242,0.1008123829960823
4284416,6113.454982050041,7.0,189.0127,500.0,221.4776,-1.0,0.42370605,1.0,0.70367306,0.34285018,-0.0076061334,0.0031715068,-0.0091918865,-0.74306256,0.45080566,0.54919434,0.12548828,0.10122904926538467
4292608,6117.32650998168,7.0,188.4198,500.0,221.32318,-1.0,0.42529297,1.0,0.7036698,0.34401366,-0.0053720064,0.003015517,-0.0068797646,-0.7470664,0.44934082,0.5506592,0.12536621,0.10176852345466614
4300800,6188.99571035928,7.0,187.99512,500.0,221.17375,-1.0,0.4260254,1.0,0.70392066,0.34441817,-0.006318083,0.0019406349,-0.0072884005,-0.75767416,0.44848633,0.5515137,0.12548828,0.10208456218242645
4308992,6107.3816637800355,7.0,187.49536,500.0,221.00047,-1.0,0.42712402,1.0,0.70403534,0.34555277,-0.0070913006,0.0022175317,-0.008200065,-0.76329553,0.4473877,0.5526123,0.12548828,0.10228098928928375
4317184,6105.571459541218,7.0,186.95142,500.0,220.7886,-1.0,0.4276123,1.0,0.7046056,0.34556442,-0.0073883245,0.0022875988,-0.008532124,-0.7668929,0.4465332,0.5534668,0.12585449,0.10260791331529617
4325376,6128.208660316301,7.0,186.11719,500.0,220.51498,-1.0,0.4293213,1.0,0.704779,0.34687763,-0.008390833,0.0017887529,-0.00928521,-0.77316165,0.44482422,0.5551758,0.12585449,0.10277458280324936
4333568,6118.376596425886,7.0,185.76709,500.0,220.34904,-1.0,0.42871094,1.0,0.7057561,0.34623158,-0.009644657,0.0027237588,-0.011006536,-0.77408147,0.44470215,0.55529785,0.12658691,0.10348949581384659
4341760,6116.469497080325,7.0,185.25208,500.0,220.14621,-1.0,0.42895508,1.0,0.70629936,0.34614348,-0.0082920585,0.002792211,-0.009688163,-0.7720242,0.4440918,0.5559082,0.12695312,0.10382282733917236
4349952,6109.372173304792,7.0,184.54932,500.0,219.92041,-1.0,0.4309082,1.0,0.7061475,0.34771398,-0.009024874,0.0029876363,-0.010518692,-0.7814924,0.4423828,0.5576172,0.12670898,0.10438363999128342
4358144,6099.709776581339,7.0,183.28638,500.0,219.45802,-1.0,0.43286133,1.0,0.70685416,0.3489487,-0.0074724415,0.0036603343,-0.009302609,-0.79092324,0.44006348,0.5599365,0.1270752,0.10481857508420944
4366336,6102.629455499575,7.0,183.07251,500.0,219.37093,-1.0,0.43322754,1.0,0.70688885,0.34909442,-0.0063826162,0.0019975184,-0.0073813754,-0.79866743,0.43969727,0.56030273,0.1270752,0.1049257144331932
4374528,6104.4465916373065,7.0,182.74365,500.0,219.28786,-1.0,0.4350586,1.0,0.7061956,0.3505128,-0.008694498,0.0021973397,-0.009793167,-0.8007845,0.43847656,0.56152344,0.12646484,0.10521142929792404
4382720,6106.861717096944,7.0,182.23633,500.0,219.13808,-1.0,0.43688965,1.0,0.705843,0.3517961,-0.005142076,0.0022551771,-0.006269664,-0.8080664,0.43701172,0.5629883,0.12609863,0.10533180087804794
4390912,6116.795068358731,7.0,181.99341,500.0,219.0611,-1.0,0.43737793,1.0,0.7058865,0.35228896,-0.00535442,0.0024704935,-0.0065896665,-0.8131098,0.43652344,0.56347656,0.12609863,0.10561751574277878
4399104,6130.276206728903,7.0,181.26843,500.0,218.81589,-1.0,0.4378662,1.0,0.706621,0.35284168,-0.0036385693,0.0033670594,-0.005322099,-0.82057023,0.43554688,0.5644531,0.12658691,0.10626915842294693
4407296,6115.023900208314,7.0,180.72754,500.0,218.59857,-1.0,0.43823242,1.0,0.7073437,0.35317057,-0.0052319234,0.0026574717,-0.006560659,-0.8262589,0.43469238,0.5653076,0.1270752,0.106868214905262
4415488,6093.557816794264,7.0,180.82727,500.0,218.60014,-1.0,0.43762207,1.0,0.7076353,0.35254714,-0.006858632,0.0021360323,-0.0079266485,-0.8343164,0.4350586,0.5649414,0.12731934,0.10749321430921555
4423680,6120.3982649714435,7.0,180.58069,500.0,218.5166,-1.0,0.4378662,1.0,0.70782924,0.35285366,-0.006710486,0.0014413379,-0.0074311546,-0.8384937,0.43469238,0.5653076,0.1274414,0.10774321109056473
4431872,6191.555196441018,7.0,180.67676,500.0,218.53558,-1.0,0.43701172,1.0,0.70827085,0.35228395,-0.0065778447,0.002018829,-0.0075872596,-0.8416432,0.43518066,0.56481934,0.12780762,0.10822492092847824
4440064,6118.585785327177,7.0,180.08105,500.0,218.37842,-1.0,0.43737793,1.0,0.7088202,0.35288244,-0.0064018536,0.002509126,-0.0076564164,-0.83708644,0.43444824,0.56555176,0.12817383,0.10879124701023102
4448256,6106.465574982494,7.0,179.51807,500.0,218.16348,-1.0,0.4383545,1.0,0.70907813,0.3535277,-0.008218946,0.002185852,-0.009311872,-0.83822703,0.4333496,0.5666504,0.1282959,0.10903144627809525
4456448,6136.247221925071,7.0,179.61194,500.0,218.194,-1.0,0.43884277,1.0,0.7086038,0.35383913,-0.0046897503,0.0022789799,-0.0058292407,-0.8413168,0.43322754,0.56677246,0.12792969,0.10933700203895569
4464640,6148.754530938259,7.0,179.28333,500.0,218.10408,-1.0,0.44067383,1.0,0.7078976,0.35549706,-0.007050624,0.0014218818,-0.0077615655,-0.84671885,0.43200684,0.56799316,0.12731934,0.10951253026723862
4472832,6121.859492990007,7.0,179.26562,500.0,218.09302,-1.0,0.44006348,1.0,0.7083635,0.35496175,-0.005698305,0.0025220225,-0.0069593163,-0.85356593,0.43225098,0.567749,0.12768555,0.10997681319713593
4481024,6146.706391818307,7.0,178.90845,500.0,218.02248,-1.0,0.44140625,1.0,0.70795864,0.35624677,-0.004709045,0.0021962842,-0.0058071874,-0.8608448,0.4312744,0.5687256,0.12731934,0.11036510765552521
4489216,6220.411790051176,7.0,178.63818,500.0,217.91728,-1.0,0.44152832,1.0,0.7083135,0.35647428,-0.005980623,0.0017173033,-0.006839274,-0.86667657,0.4309082,0.5690918,0.12756348,0.11081278324127197
4497408,6109.447127808971,7.0,178.34033,500.0,217.81029,-1.0,0.4407959,1.0,0.70928603,0.35623598,-0.0067749103,0.002642131,-0.008095976,-0.8725687,0.4309082,0.5690918,0.1282959,0.1117086187005043
4505600,6119.563279277373,7.0,178.28784,500.0,217.82407,-1.0,0.44104004,1.0,0.7091343,0.35645437,-0.0070683733,0.0021064728,-0.00812161,-0.8749905,0.43078613,0.56921387,0.12817383,0.11215629428625107
4513792,6293.935312653068,7.0,178.22852,500.0,217.77264,-1.0,0.44104004,1.0,0.70930636,0.35649684,-0.0072352723,0.001862342,-0.008166444,-0.88130856,0.43066406,0.56933594,0.1282959,0.11236925423145294
4521984,6118.172868901835,7.0,178.47205,500.0,217.8233,-1.0,0.4407959,1.0,0.7091139,0.35581404,-0.008617482,0.0019486384,-0.009591801,-0.8894998,0.43103027,0.5689697,0.12817383,0.11250387132167816
4530176,6131.890977860243,7.0,178.08508,500.0,217.64903,-1.0,0.44152832,1.0,0.7093468,0.3564849,-0.0077829137,0.0021720116,-0.00886892,-0.8974321,0.43017578,0.5698242,0.1282959,0.11312343925237656
4538368,6112.069520161534,7.0,177.75415,500.0,217.52946,-1.0,0.4416504,1.0,0.70987284,0.35694903,-0.0074477894,0.0020125792,-0.008454079,-0.9042639,0.4296875,0.5703125,0.12866211,0.11340535432100296
4546560,6114.688723847984,7.0,177.80042,500.0,217.51242,-1.0,0.44213867,1.0,0.70956886,0.3574478,-0.005642101,0.0024469676,-0.006865585,-0.9061155,0.42944336,0.57055664,0.12841797,0.11393313109874725
4554752,6167.826170809876,7.0,177.9054,500.0,217.53403,-1.0,0.44299316,1.0,0.7089496,0.35807365,-0.005386464,0.0017207724,-0.0062468494,-0.90920806,0.42907715,0.57092285,0.12792969,0.11407528817653656
4562944,6254.926678448446,7.0,177.8645,500.0,217.50006,-1.0,0.44335938,1.0,0.7088068,0.3584686,-0.008062388,0.0018058664,-0.008965321,-0.91040426,0.428833,0.571167,0.12780762,0.114380843937397
4571136,6483.336484706681,7.0,177.58289,500.0,217.40324,-1.0,0.4453125,1.0,0.70792633,0.35985088,-0.006650745,0.0020233854,-0.007662437,-0.91962296,0.4276123,0.5723877,0.1270752,0.1144433468580246
4579328,6388.748719451471,7.0,177.56592,500.0,217.38269,-1.0,0.44641113,1.0,0.70732033,0.36026704,-0.00631616,0.0014888817,-0.0070606004,-0.92959946,0.42700195,0.57299805,0.12658691,0.11441073566675186
4587520,6104.337055775518,7.0,177.29797,500.0,217.30968,-1.0,0.44665527,1.0,0.7075114,0.36086893,-0.0063704196,0.002994554,-0.007867698,-0.9409826,0.42663574,0.57336426,0.12670898,0.11487501859664917
4595712,6118.038873702489,7.0,177.09851,500.0,217.2206,-1.0,0.4486084,1.0,0.70662016,0.36226586,-0.0073522017,0.0016566277,-0.008180516,-0.9525619,0.42541504,0.57458496,0.12597656,0.11501975357532501
4603904,6113.7388943870255,7.0,176.83716,500.0,217.1065,-1.0,0.4486084,1.0,0.7069656,0.3621081,-0.0036511743,0.0022397395,-0.0047710435,-0.9603839,0.4251709,0.5748291,0.1262207,0.1153697520494461
4612096,6128.608721740138,7.0,176.38306,500.0,216.90105,-1.0,0.4482422,1.0,0.70797414,0.3620702,-0.007892914,0.0025213729,-0.009153601,-0.96851355,0.4248047,0.5751953,0.12695312,0.11583403497934341
4620288,6135.5065086684335,7.0,176.32043,500.0,216.93451,-1.0,0.44799805,1.0,0.70812863,0.3621605,-0.0052600424,0.0019202116,-0.0062201484,-0.9700289,0.42492676,0.57507324,0.1270752,0.11607184261083603
4628480,6117.632566421597,7.0,176.44214,500.0,216.96794,-1.0,0.4468994,1.0,0.7087364,0.36138594,-0.0053779455,0.0019722888,-0.0063640904,-0.9694238,0.4255371,0.5744629,0.12756348,0.116332046687603
4636672,6123.894378771099,7.0,176.02783,500.0,216.81573,-1.0,0.4489746,1.0,0.70802724,0.3630115,-0.007702403,0.0015611168,-0.008482961,-0.9759251,0.42407227,0.57592773,0.12695312,0.1162358894944191
4644864,6103.383934371425,7.0,175.87012,500.0,216.74353,-1.0,0.4510498,1.0,0.70696616,0.36446893,-0.0073760245,0.001527664,-0.008139858,-0.9858142,0.42285156,0.57714844,0.12609863,0.11634302884340286
4653056,6113.796550304954,7.0,175.29712,500.0,216.53851,-1.0,0.45324707,1.0,0.706424,0.36581922,-0.008132003,0.003241599,-0.009752804,-0.9871032,0.42114258,0.5788574,0.12561035,0.11679070442914963
4661248,6109.502530146339,7.0,175.19897,500.0,216.48343,-1.0,0.4547119,1.0,0.705655,0.36671704,-0.0076362942,0.0023949184,-0.008833753,-0.98770475,0.4202881,0.5797119,0.125,0.117165707051754
4669440,6118.298154275594,7.0,174.9237,500.0,216.40865,-1.0,0.45666504,1.0,0.7047391,0.36819267,-0.008984045,0.0023435801,-0.010155836,-0.9942205,0.41906738,0.5809326,0.12426758,0.11729306727647781
4677632,6232.688262358267,7.0,174.38464,500.0,216.19675,-1.0,0.45788574,1.0,0.70464,0.36894992,-0.0062801754,0.0029912419,-0.0077757966,-0.9960928,0.41796875,0.58203125,0.12414551,0.1175360232591629
4685824,6110.468430369473,7.0,174.48108,500.0,216.21553,-1.0,0.45825195,1.0,0.7043151,0.36927342,-0.004707097,0.0021308418,-0.0057725175,-0.9940689,0.41784668,0.5821533,0.12390137,0.11793819814920425
4694016,6111.010728675994,7.0,174.41699,500.0,216.16434,-1.0,0.4588623,1.0,0.70400435,0.3697876,-0.007023867,0.0020812717,-0.008064503,-1.0008601,0.41748047,0.58251953,0.12365723,0.11818819493055344
4702208,6110.784668785302,7.0,174.51404,500.0,216.15723,-1.0,0.4588623,1.0,0.70400435,0.3693514,-0.007175405,0.002173029,-0.00826192,-1.0061846,0.41748047,0.58251953,0.12365723,0.11877153068780899
4710400,6206.473453124963,7.0,174.18872,500.0,216.03484,-1.0,0.4613037,1.0,0.7029282,0.37102503,-0.007320389,0.0019558033,-0.00829829,-1.0122625,0.41589355,0.58410645,0.122802734,0.11870671808719635
4718592,6148.015195518571,7.0,174.1997,500.0,216.05411,-1.0,0.46191406,1.0,0.7024404,0.37145838,-0.004714368,0.0018014907,-0.0056151142,-1.0181079,0.4156494,0.5843506,0.12243652,0.1187131255865097
4726784,6112.372876085461,7.0,174.00537,500.0,215.98816,-1.0,0.46191406,1.0,0.7027879,0.37152123,-0.006396221,0.0029941977,-0.00789332,-1.0255206,0.41540527,0.5845947,0.122680664,0.11938149482011795
4734976,6118.352627777675,7.0,173.97485,500.0,215.96497,-1.0,0.46325684,1.0,0.7019904,0.3728394,-0.0073422557,0.0017149916,-0.008199751,-1.0327343,0.41467285,0.58532715,0.12207031,0.11948033422231674
4743168,6120.290336244471,7.0,173.453,500.0,215.71953,-1.0,0.46350098,1.0,0.70269847,0.3731294,-0.006406733,0.0034000683,-0.008106766,-1.0406268,0.41394043,0.5860596,0.122558594,0.11989700049161911
4751360,6114.003250268735,7.0,172.91504,500.0,215.55055,-1.0,0.46520996,1.0,0.7022638,0.37462246,-0.00541025,0.0022862395,-0.0065533696,-1.0471538,0.41259766,0.58740234,0.12219238,0.11998598277568817
4759552,6108.465260950432,7.0,172.86145,500.0,215.4774,-1.0,0.4650879,1.0,0.70260525,0.37451804,-0.007869476,0.0030998888,-0.009419422,-1.0510317,0.4124756,0.5875244,0.12243652,0.1206619068980217
4767744,6120.241278990545,7.0,173.01892,500.0,215.49846,-1.0,0.46362305,1.0,0.70357275,0.37358272,-0.0066331346,0.0023026261,-0.007784448,-1.0588732,0.413208,0.586792,0.123168945,0.12166190892457962
4775936,6155.99664535044,7.0,172.84863,500.0,215.38733,-1.0,0.4638672,1.0,0.7037588,0.3737508,-0.0076313205,0.0023510847,-0.008806863,-1.0693027,0.4128418,0.5871582,0.123291016,0.12206006050109863
4784128,6116.8756498784805,7.0,172.45203,500.0,215.22841,-1.0,0.46496582,1.0,0.7036409,0.37465715,-0.008718611,0.0014252733,-0.009431247,-1.0760812,0.41186523,0.58813477,0.123168945,0.12193826586008072
4792320,6123.941311663399,7.0,172.10364,500.0,215.10112,-1.0,0.46594238,1.0,0.70351535,0.37548873,-0.0065750424,0.002017497,-0.0075837914,-1.0848486,0.41101074,0.58898926,0.123046875,0.12196099013090134
4800512,6118.080269966799,7.0,171.66028,500.0,214.95427,-1.0,0.46826172,1.0,0.702582,0.37745643,-0.003695984,0.0016695389,-0.004530753,-1.0962012,0.40942383,0.5905762,0.12231445,0.1219070702791214
4808704,6157.075497322924,7.0,171.12695,500.0,214.7299,-1.0,0.4678955,1.0,0.70360726,0.37725508,-0.007855664,0.002120598,-0.008915963,-1.1050799,0.40905762,0.5909424,0.123046875,0.12234672904014587
4816896,6529.409621336966,7.0,170.94214,500.0,214.61612,-1.0,0.46875,1.0,0.70347214,0.37798125,-0.0063838665,0.0017823213,-0.007275027,-1.111521,0.4083252,0.5916748,0.122924805,0.12242281436920166
4825088,6325.5678912023495,7.0,170.98145,500.0,214.63766,-1.0,0.47045898,1.0,0.70233035,0.37898296,-0.0045029125,0.0015020529,-0.00525394,-1.1213989,0.4074707,0.5925293,0.12207031,0.1222815066576004
4833280,6126.267027755446,7.0,170.67236,500.0,214.48975,-1.0,0.47009277,1.0,0.70300984,0.37889856,-0.0038746367,0.00294823,-0.0053487523,-1.1285815,0.40734863,0.59265137,0.122558594,0.12274578958749771
4841472,6112.051037082075,7.0,170.53723,500.0,214.4601,-1.0,0.47143555,1.0,0.70219696,0.37991267,-0.0032207523,0.0017905904,-0.004116047,-1.1340038,0.4066162,0.5933838,0.12194824,0.12269578874111176
4849664,6111.219414189983,7.0,170.38684,500.0,214.43208,-1.0,0.4711914,1.0,0.7025345,0.37974298,-0.004371533,0.002118984,-0.0054310253,-1.1391628,0.4066162,0.5933838,0.12219238,0.12299124151468277
4857856,6106.887766598517,7.0,170.32361,500.0,214.37703,-1.0,0.4724121,1.0,0.7018882,0.38024032,-0.0062408354,0.0022071763,-0.007344423,-1.1459031,0.4058838,0.5941162,0.1217041,0.12305374443531036
4866048,6133.6774064557985,7.0,169.79419,500.0,214.11859,-1.0,0.47314453,1.0,0.7022643,0.3810135,-0.007835058,0.0033265708,-0.009498343,-1.1549133,0.40490723,0.5950928,0.12194824,0.1235613226890564
4874240,6113.344034969448,7.0,170.1919,500.0,214.29205,-1.0,0.47277832,1.0,0.7019025,0.3806011,-0.008784553,0.0016283734,-0.009598739,-1.1570183,0.40551758,0.5944824,0.1217041,0.12385186553001404
4882432,6122.563094063314,7.0,170.12024,500.0,214.13647,-1.0,0.47277832,1.0,0.7022503,0.37996492,-0.006985237,0.0024555908,-0.008213032,-1.1537534,0.40527344,0.59472656,0.12194824,0.12422686815261841
4890624,6107.185180827203,7.0,169.95837,500.0,214.0956,-1.0,0.4749756,1.0,0.7009402,0.3816517,-0.007939894,0.0022391928,-0.00905949,-1.1501564,0.40405273,0.59594727,0.12097168,0.12440059334039688
4898816,6110.026186178326,7.0,169.89136,500.0,214.02687,-1.0,0.47644043,1.0,0.7001197,0.38238138,-0.0059350217,0.0013534509,-0.0066117477,-1.1558447,0.40319824,0.59680176,0.12036133,0.12428217381238937
4907008,6108.2263587973885,7.0,169.30957,500.0,213.83267,-1.0,0.47839355,1.0,0.699485,0.38354623,-0.0064628143,0.0033746695,-0.008150149,-1.1634473,0.4017334,0.5982666,0.11987305,0.12465717643499374
4915200,6255.238687234591,7.0,168.91687,500.0,213.66615,-1.0,0.47924805,1.0,0.6995109,0.38435856,-0.008243341,0.0020678334,-0.009277258,-1.1714981,0.4008789,0.5991211,0.11987305,0.1250593513250351
4923392,6276.995234306707,7.0,168.73486,500.0,213.59921,-1.0,0.47998047,1.0,0.69918305,0.3847787,-0.008817174,0.0025160795,-0.0100752115,-1.1749144,0.40039062,0.5996094,0.119628906,0.1254233866930008
4931584,6129.181578208489,7.0,168.65259,500.0,213.61206,-1.0,0.4802246,1.0,0.69901544,0.38498142,-0.0053883595,0.0029190884,-0.0068479036,-1.1829617,0.40026855,0.59973145,0.119506836,0.12569062411785126
4939776,6112.199992137332,7.0,168.52844,500.0,213.61557,-1.0,0.4810791,1.0,0.69851506,0.38559493,-0.0055316472,0.0018461063,-0.0064547,-1.1896222,0.39978027,0.6002197,0.119140625,0.12585729360580444
4947968,6116.4477209739325,7.0,168.40991,500.0,213.53886,-1.0,0.48083496,1.0,0.6988578,0.38555795,-0.009917196,0.0016666646,-0.010750528,-1.1863577,0.39978027,0.6002197,0.119384766,0.1262322962284088
4956160,6115.576803846364,7.0,168.42065,500.0,213.50027,-1.0,0.48095703,1.0,0.69886106,0.38596225,-0.007932652,0.0016526115,-0.008758958,-1.1822604,0.3996582,0.6003418,0.119384766,0.12657754123210907
4964352,6126.502973676698,7.0,168.63416,500.0,213.54327,-1.0,0.4802246,1.0,0.69919,0.38567618,-0.004574498,0.0022630435,-0.0057060197,-1.1856396,0.40014648,0.5998535,0.119628906,0.1271846890449524
4972544,6120.726435290995,7.0,168.172,500.0,213.43219,-1.0,0.48095703,1.0,0.6992103,0.38637072,-0.0072707706,0.0029060305,-0.008723785,-1.1877075,0.39941406,0.60058594,0.119628906,0.12805713713169098
4980736,6106.669608885805,7.0,168.07947,500.0,213.42361,-1.0,0.48083496,1.0,0.6993816,0.3861172,-0.0057713683,0.0022793955,-0.0069110654,-1.1867912,0.39941406,0.60058594,0.11975098,0.1284552812576294
4988928,6115.941470208054,7.0,168.14636,500.0,213.37215,-1.0,0.4814453,1.0,0.69904894,0.38638002,-0.006827168,0.0028975613,-0.008275948,-1.1869351,0.39904785,0.60095215,0.119506836,0.12866824865341187
4997120,6157.953860516265,7.0,168.26428,500.0,213.41527,-1.0,0.4814453,1.0,0.6988743,0.38622135,-0.006595934,0.0024105972,-0.007801233,-1.1876065,0.39916992,0.6008301,0.119384766,0.12915898859500885
5005312,6111.510728219795,7.0,168.63745,500.0,213.63713,-1.0,0.4807129,1.0,0.6986797,0.38601404,-0.0067256587,0.0013274332,-0.007389375,-1.1882365,0.4000244,0.5999756,0.119262695,0.12905605137348175
5013504,6116.3834823634625,7.0,168.44556,500.0,213.58264,-1.0,0.47937012,1.0,0.6998634,0.3853648,-0.007839728,0.0033534502,-0.009516453,-1.191928,0.4005127,0.5994873,0.12011719,0.12962572276592255
5021696,6119.434672489317,7.0,168.8396,500.0,213.76126,-1.0,0.47851562,1.0,0.6998377,0.38468122,-0.004455718,0.0022748425,-0.0055931397,-1.2117265,0.4013672,0.5986328,0.12011719,0.12997572124004364
5029888,6116.6752889421205,7.0,168.65381,500.0,213.68031,-1.0,0.477417,1.0,0.700849,0.38427684,-0.0065972656,0.0030028296,-0.0080986805,-1.2272524,0.4017334,0.5982666,0.12084961,0.13076739013195038
5038080,6118.252397283447,7.0,167.72217,500.0,213.30269,-1.0,0.47888184,1.0,0.7012428,0.38535145,-0.007202925,0.003986927,-0.0091963895,-1.2344471,0.4000244,0.5999756,0.12109375,0.13145072758197784
5046272,6112.1053993996,7.0,167.43738,500.0,213.19868,-1.0,0.47924805,1.0,0.7012538,0.3857712,-0.0075624883,0.002169945,-0.0086474605,-1.2380705,0.3996582,0.6003418,0.12109375,0.13170072436332703
5054464,6115.765118656715,7.0,167.63757,500.0,213.29596,-1.0,0.48034668,1.0,0.70024025,0.38655025,-0.0051588267,0.0019954846,-0.0061565684,-1.2399476,0.399292,0.600708,0.12036133,0.1318078637123108
5062656,6136.652717641636,7.0,167.2749,500.0,213.07596,-1.0,0.4814453,1.0,0.70027024,0.38705528,-0.0055083535,0.0042043314,-0.0076105194,-1.2455692,0.39819336,0.60180664,0.12036133,0.13245338201522827
5070848,6117.689206558512,7.0,166.56311,500.0,212.67377,-1.0,0.48364258,1.0,0.69997627,0.38846874,-0.007042003,0.004357269,-0.009220637,-1.2408721,0.39624023,0.60375977,0.12011719,0.13286127150058746
5079040,6115.065255682329,7.0,166.19592,500.0,212.45325,-1.0,0.48571777,1.0,0.6993239,0.389754,-0.006626682,0.0025304426,-0.007891903,-1.2441187,0.39465332,0.6053467,0.119628906,0.1331469863653183
5087232,6108.289340278395,7.0,165.70703,500.0,212.27641,-1.0,0.48669434,1.0,0.6993431,0.3904459,-0.0057437154,0.003232411,-0.007359921,-1.2489971,0.39367676,0.60632324,0.119628906,0.13338309526443481
5095424,6118.199014990948,7.0,165.12659,500.0,212.03723,-1.0,0.48779297,1.0,0.69936305,0.3911221,-0.00822985,0.003054771,-0.009757236,-1.2477702,0.39257812,0.6074219,0.119628906,0.13402019441127777
5103616,6168.301183421649,7.0,164.89929,500.0,211.93164,-1.0,0.4876709,1.0,0.69971,0.39127845,-0.0054141264,0.0020974507,-0.0064628515,-1.2460324,0.39245605,0.60754395,0.11987305,0.13432574272155762
5111808,6228.361150537155,7.0,164.88147,500.0,211.87666,-1.0,0.48754883,1.0,0.69988227,0.3912247,-0.0073758657,0.0025614395,-0.008656586,-1.2466046,0.39245605,0.60754395,0.11999512,0.13479003310203552
5120000,6104.075703906016,7.0,164.42957,500.0,211.65175,-1.0,0.4888916,1.0,0.69973046,0.392206,-0.005337969,0.0023737303,-0.0065248343,-1.2546191,0.39123535,0.60876465,0.11987305,0.1349567025899887
5128192,6118.013818340969,7.0,164.48059,500.0,211.66533,-1.0,0.48815918,1.0,0.7002416,0.39166343,-0.0057611857,0.0030034247,-0.007262898,-1.2632006,0.39160156,0.60839844,0.12023926,0.13550670444965363
5136384,6106.869314845279,7.0,164.41992,500.0,211.70085,-1.0,0.48815918,1.0,0.7002416,0.3919922,-0.005972714,0.0020435366,-0.006994482,-1.2612717,0.39160156,0.60839844,0.12023926,0.1357567012310028
5144576,6116.207105320963,7.0,163.68811,500.0,211.40483,-1.0,0.48864746,1.0,0.7009466,0.3922535,-0.007921689,0.0030551434,-0.00944926,-1.2599605,0.390625,0.609375,0.12072754,0.13624200224876404
5152768,6114.276333228462,7.0,162.9718,500.0,211.10144,-1.0,0.4909668,1.0,0.7002834,0.39422435,-0.010100767,0.0028173781,-0.011509456,-1.2643342,0.38879395,0.61120605,0.12023926,0.13651831448078156
5160960,6123.89656168037,7.0,162.84192,500.0,211.05014,-1.0,0.49072266,1.0,0.7006287,0.39427778,-0.007366262,0.0027007563,-0.008716639,-1.2707022,0.38879395,0.61120605,0.1204834,0.13673706352710724
5169152,6127.162844858378,7.0,162.53113,500.0,210.9397,-1.0,0.49084473,1.0,0.7009789,0.3945016,-0.009896692,0.0026685996,-0.011230991,-1.2747493,0.38842773,0.61157227,0.12072754,0.1374245584011078
5177344,6117.229580341681,7.0,162.25537,500.0,210.85358,-1.0,0.49353027,1.0,0.6994398,0.39642754,-0.0063594067,0.0021881375,-0.0074534756,-1.2762244,0.38684082,0.6131592,0.119628906,0.13735313713550568
5185536,6120.566161668611,7.0,161.66455,500.0,210.56853,-1.0,0.49487305,1.0,0.69945085,0.39743993,-0.005071559,0.0035155262,-0.0068293223,-1.2840271,0.38549805,0.61450195,0.119628906,0.1376665234565735
5193728,6119.157859268626,7.0,161.69629,500.0,210.64108,-1.0,0.49560547,1.0,0.69875735,0.3979604,-0.0067018974,0.00216071,-0.0077822525,-1.2888833,0.3852539,0.6147461,0.119140625,0.13790671527385712
5201920,6114.747485878225,7.0,161.64966,500.0,210.62364,-1.0,0.49536133,1.0,0.6991051,0.39769506,-0.006354757,0.0037524092,-0.008230962,-1.3022242,0.3852539,0.6147461,0.119384766,0.13859421014785767
5210112,6127.5857178371525,7.0,161.36475,500.0,210.51723,-1.0,0.4975586,1.0,0.6978929,0.39921868,-0.0069873743,0.0022474993,-0.008111125,-1.3150294,0.38391113,0.61608887,0.11853027,0.13862723112106323
5218304,6123.893287317046,7.0,161.05225,500.0,210.40274,-1.0,0.49719238,1.0,0.6985909,0.3992133,-0.0073099844,0.0034904415,-0.009055206,-1.3199053,0.38378906,0.61621094,0.119018555,0.13911253213882446
5226496,6113.82809834299,7.0,160.4668,500.0,210.07777,-1.0,0.49853516,1.0,0.6985949,0.39991593,-0.007137549,0.0028833067,-0.008579203,-1.3218851,0.3824463,0.6175537,0.119018555,0.13933128118515015
5234688,6121.326172966194,7.0,160.1726,500.0,209.93904,-1.0,0.49987793,1.0,0.6980721,0.4006609,-0.0077526756,0.0021477933,-0.008826572,-1.3274953,0.38146973,0.6185303,0.118652344,0.1395358294248581
5242880,6118.479010038228,7.0,159.30872,500.0,209.57524,-1.0,0.5015869,1.0,0.6980703,0.40190908,-0.0071473448,0.0027856391,-0.008540165,-1.3288864,0.37976074,0.62023926,0.118652344,0.13982637226581573
5251072,6135.721253275252,7.0,158.92664,500.0,209.37585,-1.0,0.501709,1.0,0.6985944,0.4019332,-0.0067516183,0.0020617442,-0.00778249,-1.3352895,0.37927246,0.62072754,0.119018555,0.13992725312709808
5259264,6355.239971878404,7.0,158.19739,500.0,209.08234,-1.0,0.50268555,1.0,0.69876605,0.4031248,-0.005714134,0.0022948924,-0.0068615805,-1.3388815,0.37817383,0.6218262,0.119140625,0.14018572866916656
5267456,6175.613862309722,7.0,157.94116,500.0,208.90764,-1.0,0.50390625,1.0,0.69841087,0.40382195,-0.007520452,0.0019988609,-0.008519883,-1.3469638,0.37719727,0.62280273,0.118896484,0.14058789610862732
5275648,6114.325294903664,7.0,157.71777,500.0,208.83762,-1.0,0.5037842,1.0,0.698761,0.40398866,-0.0054543186,0.002501736,-0.0067051863,-1.3521329,0.3770752,0.6229248,0.119140625,0.14115184545516968
5283840,6111.181371497561,7.0,157.35632,500.0,208.73131,-1.0,0.5045166,1.0,0.69875664,0.40464848,-0.00715256,0.0030823029,-0.008693712,-1.3464247,0.37634277,0.6236572,0.119140625,0.14145739376544952
5292032,6104.860911340434,7.0,157.1051,500.0,208.62794,-1.0,0.5061035,1.0,0.6980454,0.40587074,-0.0058822776,0.0038006601,-0.007782607,-1.3480756,0.37524414,0.62475586,0.118652344,0.14192168414592743
5300224,6126.31290470569,7.0,156.75598,500.0,208.49113,-1.0,0.5062256,1.0,0.698394,0.40615502,-0.007626525,0.0023116758,-0.008782363,-1.3505237,0.37487793,0.6251221,0.118896484,0.14255402982234955
5308416,6313.491565287439,7.0,156.65479,500.0,208.45279,-1.0,0.505249,1.0,0.6992755,0.40563032,-0.008366193,0.0022862693,-0.009509328,-1.3555887,0.37524414,0.62475586,0.119506836,0.1431373655796051
5316608,6157.536717101148,7.0,156.58362,500.0,208.4453,-1.0,0.5065918,1.0,0.69839066,0.4066029,-0.0076595186,0.0027675992,-0.009043318,-1.3647747,0.37451172,0.6254883,0.118896484,0.14364823698997498
5324800,6116.631733953688,7.0,156.1576,500.0,208.15938,-1.0,0.50720215,1.0,0.69873416,0.40687045,-0.0063909786,0.003413085,-0.008097521,-1.3733587,0.37365723,0.6263428,0.119140625,0.14386698603630066
5332992,6113.0829988992455,7.0,155.71521,500.0,207.8767,-1.0,0.50720215,1.0,0.6996071,0.40678078,-0.008923939,0.0029672806,-0.01040758,-1.378155,0.37304688,0.6269531,0.11975098,0.1443546861410141
5341184,6122.368905826701,7.0,155.24133,500.0,207.65103,-1.0,0.5083008,1.0,0.69942033,0.40733075,-0.007537707,0.0030848852,-0.00908015,-1.3843442,0.3720703,0.6279297,0.119628906,0.1447826474905014
5349376,6109.484062588905,7.0,154.84644,500.0,207.47064,-1.0,0.50964355,1.0,0.699054,0.40870747,-0.0059246984,0.0023348127,-0.0070921043,-1.3918563,0.37097168,0.6290283,0.119384766,0.14497123658657074
5357568,6164.100580373505,7.0,155.23486,500.0,207.6437,-1.0,0.5091553,1.0,0.6990607,0.40825438,-0.0040158383,0.0022700918,-0.005150884,-1.3931732,0.37145996,0.62854004,0.119384766,0.14522123336791992
5365760,6280.267357184518,7.0,154.5918,500.0,207.18169,-1.0,0.5118408,1.0,0.6983214,0.40976697,-0.0071284743,0.0020116903,-0.008134319,-1.3995469,0.3692627,0.6307373,0.118896484,0.14512048661708832
5373952,6125.127970513595,7.0,154.69775,500.0,207.25327,-1.0,0.5111084,1.0,0.69868296,0.40950876,-0.0062090475,0.0024972523,-0.007457673,-1.4081255,0.36975098,0.630249,0.119140625,0.14553715288639069
5382144,6115.358024902298,7.0,154.05078,500.0,206.75334,-1.0,0.5114746,1.0,0.6997245,0.40911356,-0.009600325,0.003798601,-0.011499625,-1.407264,0.36865234,0.63134766,0.11987305,0.14609360694885254
5390336,6191.701357337231,7.0,153.4093,500.0,206.41562,-1.0,0.5128174,1.0,0.6997012,0.41023654,-0.0077934535,0.0029711279,-0.009279018,-1.4141126,0.36730957,0.6326904,0.11987305,0.14623834192752838
5398528,6110.095724020737,7.0,152.93005,500.0,206.15926,-1.0,0.5140381,1.0,0.6995033,0.4112014,-0.006574225,0.0034811406,-0.008314795,-1.4252117,0.36621094,0.63378906,0.11975098,0.14661334455013275
5406720,6180.06582072025,7.0,152.87122,500.0,206.05603,-1.0,0.51586914,1.0,0.69841623,0.41254735,-0.005893626,0.0027605891,-0.00727392,-1.4291024,0.3651123,0.6348877,0.119018555,0.14674213528633118
5414912,6112.0227690591255,7.0,152.52881,500.0,205.90082,-1.0,0.5164795,1.0,0.6984022,0.41288018,-0.0072621154,0.00255838,-0.0085413065,-1.4367697,0.36450195,0.63549805,0.119018555,0.1470145285129547
5423104,6119.137153774589,7.0,152.21606,500.0,205.73824,-1.0,0.517334,1.0,0.6982066,0.41379818,-0.0053996686,0.0028868113,-0.006843074,-1.4441284,0.36376953,0.63623047,0.118896484,0.1475052684545517
5431296,6120.372100082027,7.0,151.80945,500.0,205.53133,-1.0,0.5197754,1.0,0.6969167,0.41592497,-0.007049408,0.0037666752,-0.008932745,-1.4511647,0.36218262,0.6378174,0.11804199,0.1476821005344391
5439488,6143.329174813732,7.0,151.44543,500.0,205.27243,-1.0,0.51989746,1.0,0.69761354,0.41573495,-0.007001624,0.004591369,-0.009297309,-1.4591405,0.36157227,0.63842773,0.11853027,0.14826543629169464
5447680,6114.492858570312,7.0,150.90308,500.0,204.95015,-1.0,0.52001953,1.0,0.6984843,0.41600552,-0.0078829825,0.00295596,-0.009360963,-1.4693195,0.36083984,0.63916016,0.119140625,0.14917615056037903
5455872,6223.771722777041,7.0,151.12512,500.0,205.10918,-1.0,0.5202637,1.0,0.6977779,0.41606656,-0.004921972,0.0017007786,-0.0057723615,-1.480436,0.36108398,0.638916,0.118652344,0.14933431148529053
5464064,6101.294398397315,7.0,150.6394,500.0,204.8275,-1.0,0.5220947,1.0,0.6971974,0.4172173,-0.0069114794,0.0025134666,-0.008168212,-1.4868658,0.35961914,0.64038086,0.11828613,0.1497093141078949
5472256,6117.931028171008,7.0,149.95251,500.0,204.4554,-1.0,0.5233154,1.0,0.6973326,0.4180871,-0.0064652157,0.003324423,-0.008127427,-1.4930136,0.35827637,0.64172363,0.1184082,0.15003074705600739
5480448,6128.775976014114,7.0,149.72375,500.0,204.3439,-1.0,0.524292,1.0,0.6969492,0.41869372,-0.0038224633,0.0031052926,-0.00537511,-1.5017877,0.35754395,0.64245605,0.11816406,0.15042360126972198
5488640,6113.065597287173,7.0,150.00256,500.0,204.5404,-1.0,0.52404785,1.0,0.6966072,0.41874233,-0.006386789,0.0020433592,-0.007408469,-1.5053663,0.35803223,0.6419678,0.11791992,0.15059027075767517
5496832,6120.081030774837,7.0,149.87488,500.0,204.55609,-1.0,0.5239258,1.0,0.6967865,0.41880092,-0.007902865,0.001960309,-0.00888302,-1.5186728,0.35803223,0.6419678,0.11804199,0.15097856521606445
5505024,6110.828140542292,7.0,150.34595,500.0,204.86006,-1.0,0.522583,1.0,0.69700664,0.4180894,-0.006278679,0.0020066178,-0.007281988,-1.529426,0.35925293,0.6407471,0.11816406,0.15135356783866882
5513216,6113.650780839786,7.0,150.33398,500.0,204.87367,-1.0,0.5218506,1.0,0.69755507,0.417269,-0.005103862,0.0039419327,-0.0070748283,-1.5312033,0.35961914,0.64038086,0.11853027,0.15201905369758606
5521408,6120.399355180024,7.0,150.28198,500.0,204.76622,-1.0,0.52246094,1.0,0.69718564,0.4178527,-0.008281902,0.0028625512,-0.009713178,-1.532175,0.35925293,0.6407471,0.11828613,0.15236607193946838
5529600,6118.640263951176,7.0,150.10327,500.0,204.70378,-1.0,0.5229492,1.0,0.6969945,0.41868904,-0.005075828,0.0023080346,-0.0062298453,-1.535294,0.35888672,0.6411133,0.11816406,0.15263330936431885
5537792,6287.4373205797665,7.0,150.20117,500.0,204.76305,-1.0,0.52197266,1.0,0.6975512,0.41806996,-0.005454271,0.0023059195,-0.0066072317,-1.5422227,0.35949707,0.6405029,0.11853027,0.15308330953121185
5545984,6175.0678063911,7.0,149.8905,500.0,204.59099,-1.0,0.5222168,1.0,0.6978934,0.41880217,-0.0058251387,0.002650948,-0.007150612,-1.5492439,0.3590088,0.6409912,0.118774414,0.15354759991168976
5554176,6331.87542474658,7.0,149.71411,500.0,204.49638,-1.0,0.52282715,1.0,0.69769883,0.41919512,-0.0061680004,0.0029518418,-0.0076439213,-1.5590683,0.3585205,0.6414795,0.118652344,0.15389759838581085
5562368,6113.1950241487275,7.0,149.05042,500.0,204.25647,-1.0,0.5241699,1.0,0.69747853,0.42072737,-0.007822539,0.0042270897,-0.009936083,-1.5660281,0.3572998,0.6427002,0.11853027,0.1542661488056183
5570560,6107.255739548799,7.0,149.00293,500.0,204.18166,-1.0,0.5251465,1.0,0.6969187,0.42136204,-0.007644711,0.0033235783,-0.0093065,-1.5771993,0.35668945,0.64331055,0.11816406,0.15460439026355743
5578752,6106.38092662015,7.0,149.21326,500.0,204.28789,-1.0,0.5250244,1.0,0.69674796,0.42138255,-0.0039349133,0.0029207869,-0.005395307,-1.5900813,0.3569336,0.6430664,0.11804199,0.15499074757099152
5586944,6120.394994348032,7.0,148.89868,500.0,204.16125,-1.0,0.5235596,1.0,0.69819915,0.42038062,-0.009108052,0.0029766036,-0.010596354,-1.596449,0.35742188,0.6425781,0.119018555,0.1559014618396759
5595136,6481.15967012985,7.0,148.79224,500.0,204.14043,-1.0,0.52368164,1.0,0.698195,0.42027777,-0.0055052815,0.0025488592,-0.0067797117,-1.6106349,0.3572998,0.6427002,0.119018555,0.15614326298236847
5603328,6395.999597175538,7.0,148.62415,500.0,203.99086,-1.0,0.5227051,1.0,0.6992756,0.41907912,-0.0063075013,0.0042648977,-0.008439951,-1.6221182,0.35754395,0.64245605,0.11975098,0.1566285640001297
5611520,6123.303958952879,7.0,148.6792,500.0,204.03838,-1.0,0.5235596,1.0,0.69854873,0.4196696,-0.008230647,0.00256809,-0.009514693,-1.6260933,0.35717773,0.64282227,0.119262695,0.15716803073883057
5619712,6110.360851566005,7.0,148.48071,500.0,203.88255,-1.0,0.52490234,1.0,0.69780266,0.42026013,-0.008045087,0.0032622705,-0.009676222,-1.6347749,0.35632324,0.64367676,0.118774414,0.15749773383140564
5627904,6119.829229104035,7.0,147.6073,500.0,203.40988,-1.0,0.5251465,1.0,0.6988428,0.42043495,-0.009628778,0.00433471,-0.011796134,-1.6430099,0.35534668,0.6446533,0.119506836,0.15809042751789093
5636096,6124.269862053157,7.0,146.9668,500.0,203.03706,-1.0,0.5272217,1.0,0.6982408,0.42193234,-0.0070790043,0.0032970405,-0.008727524,-1.6444819,0.3536377,0.6463623,0.119140625,0.15852224826812744
5644288,6112.551206882258,7.0,146.927,500.0,203.03023,-1.0,0.52783203,1.0,0.6978669,0.42273146,-0.006463466,0.0016361495,-0.007281541,-1.6424088,0.35327148,0.6467285,0.118896484,0.15856637060642242
5652480,6114.279597315747,7.0,146.50854,500.0,202.84157,-1.0,0.52856445,1.0,0.69783735,0.42342195,-0.006120518,0.002971939,-0.0076064877,-1.6402797,0.35253906,0.64746094,0.118896484,0.15868401527404785
5660672,6110.530371398943,7.0,146.73145,500.0,202.92941,-1.0,0.52734375,1.0,0.6985856,0.42230314,-0.007223203,0.0028364272,-0.008641416,-1.6481099,0.35327148,0.6467285,0.119384766,0.15945442020893097
5668864,6123.156644584405,7.0,146.48352,500.0,202.75331,-1.0,0.52819824,1.0,0.69837695,0.42254636,-0.007952994,0.002821542,-0.009363765,-1.6520696,0.35253906,0.64746094,0.119262695,0.15985256433486938
5677056,6185.670983527375,7.0,146.67676,500.0,202.83742,-1.0,0.5288086,1.0,0.69765234,0.42300045,-0.0055048075,0.0021966973,-0.006603156,-1.6568679,0.352417,0.647583,0.118774414,0.15994155406951904
5685248,6124.263312531593,7.0,146.0011,500.0,202.45932,-1.0,0.52941895,1.0,0.6981517,0.42351395,-0.0067998706,0.0029943073,-0.008297024,-1.6646075,0.35144043,0.6485596,0.119140625,0.16051244735717773
5693440,6118.331927732619,7.0,146.01587,500.0,202.48386,-1.0,0.53015137,1.0,0.69742066,0.42356294,-0.0075630406,0.00196923,-0.008547655,-1.6686656,0.3511963,0.6488037,0.118652344,0.1610763967037201
5701632,6118.468114810118,7.0,145.77808,500.0,202.36113,-1.0,0.53149414,1.0,0.69666076,0.42482746,-0.005600558,0.0018679679,-0.0065345424,-1.6712611,0.3503418,0.6496582,0.11816406,0.1612185537815094
5709824,6124.47836247741,7.0,145.47937,500.0,202.16519,-1.0,0.53222656,1.0,0.69662726,0.42539412,-0.007651274,0.002007352,-0.00865495,-1.6746488,0.34960938,0.6503906,0.11816406,0.16130754351615906
5718016,6116.845159324023,7.0,145.40051,500.0,202.16743,-1.0,0.5332031,1.0,0.6958801,0.42627674,-0.0063857012,0.0019397865,-0.007355594,-1.6780769,0.3491211,0.6508789,0.11767578,0.1613636612892151
5726208,6111.985803577496,7.0,145.03809,500.0,201.87254,-1.0,0.5332031,1.0,0.6965814,0.42620233,-0.00987126,0.0043254457,-0.012033982,-1.677218,0.3486328,0.6513672,0.11816406,0.16201643645763397
5734400,6150.7335679198495,7.0,144.57715,500.0,201.60127,-1.0,0.53393555,1.0,0.6967213,0.4265369,-0.005164325,0.002929044,-0.0066288467,-1.6767122,0.34777832,0.6522217,0.11828613,0.16243310272693634
5742592,6112.71106101354,7.0,143.8081,500.0,201.18521,-1.0,0.5352783,1.0,0.69682986,0.42781103,-0.005641581,0.0030516388,-0.0071674003,-1.6846827,0.34631348,0.6536865,0.1184082,0.16270259022712708
5750784,6124.525304321352,7.0,143.573,500.0,201.09169,-1.0,0.5349121,1.0,0.69737357,0.42793182,-0.008406266,0.0025773693,-0.009694951,-1.6882614,0.34631348,0.6536865,0.118774414,0.1630186289548874
5758976,6106.6511584508535,7.0,143.50769,500.0,201.05554,-1.0,0.53430176,1.0,0.6979289,0.42744803,-0.0033256607,0.0031850997,-0.00491821,-1.6881889,0.34655762,0.6534424,0.119140625,0.163537859916687
5767168,6115.395031185904,7.0,143.13452,500.0,200.79709,-1.0,0.53552246,1.0,0.6976928,0.42823434,-0.005703217,0.0029650526,-0.0071857423,-1.6934973,0.34545898,0.654541,0.119018555,0.16374939680099487
5775360,6120.058138857625,7.0,142.80774,500.0,200.5904,-1.0,0.5369873,1.0,0.6970915,0.42922014,-0.0069974293,0.0031642383,-0.008579548,-1.6985184,0.34436035,0.65563965,0.118652344,0.1639855057001114
5783552,6112.448991616133,7.0,142.35742,500.0,200.27733,-1.0,0.5378418,1.0,0.69722074,0.42952237,-0.006163826,0.003579873,-0.007953763,-1.705415,0.3433838,0.6566162,0.118774414,0.16438767313957214
5791744,6238.631726189525,7.0,141.74548,500.0,199.89603,-1.0,0.5395508,1.0,0.69695073,0.43036667,-0.007650247,0.002739843,-0.009020168,-1.7100741,0.34179688,0.6582031,0.118652344,0.16451741755008698
5799936,6117.146811395142,7.0,141.65686,500.0,199.7663,-1.0,0.5377197,1.0,0.6986267,0.42905918,-0.008045785,0.0036707013,-0.009881135,-1.7192533,0.3425293,0.6574707,0.11975098,0.16517651081085205
5808128,6113.900986434545,7.0,141.61108,500.0,199.74834,-1.0,0.53674316,1.0,0.6993772,0.4285611,-0.007093602,0.0022702129,-0.008228708,-1.7249085,0.34301758,0.6569824,0.12023926,0.16559317708015442
5816320,6147.043987837491,7.0,142.29163,500.0,200.08733,-1.0,0.5352783,1.0,0.6996271,0.42723024,-0.0034120558,0.0028885754,-0.004856343,-1.7240825,0.34436035,0.65563965,0.12036133,0.16619683802127838
5824512,6138.566942421911,7.0,142.38977,500.0,200.1539,-1.0,0.5345459,1.0,0.7000125,0.42668968,-0.0051308493,0.0024862727,-0.0063739866,-1.7317629,0.34484863,0.65515137,0.12060547,0.16702526807785034
5832704,6148.476159084264,7.0,142.0393,500.0,199.98882,-1.0,0.5349121,1.0,0.70016867,0.42732382,-0.0070112026,0.003268729,-0.008645566,-1.7379812,0.34436035,0.65563965,0.12072754,0.16724823415279388
5840896,6116.323600128238,7.0,142.0675,500.0,200.03708,-1.0,0.5352783,1.0,0.69980156,0.42784634,-0.007541383,0.0027546987,-0.008918732,-1.7454524,0.34423828,0.6557617,0.1204834,0.1673828512430191
5849088,6117.849329541995,7.0,141.24158,500.0,199.54065,-1.0,0.5362549,1.0,0.70027477,0.42840213,-0.0070278114,0.0040261326,-0.009040879,-1.7493215,0.3428955,0.6571045,0.12084961,0.16781467199325562
5857280,6109.301565671581,7.0,140.41187,500.0,199.03488,-1.0,0.5373535,1.0,0.7005656,0.4297241,-0.007952219,0.003476429,-0.009690432,-1.7523029,0.34155273,0.65844727,0.12109375,0.16815991699695587
5865472,6111.342240972985,7.0,140.00256,500.0,198.75377,-1.0,0.53759766,1.0,0.701075,0.4301057,-0.0062895897,0.0024945275,-0.0075368537,-1.7541838,0.34094238,0.6590576,0.12145996,0.16850313544273376
5873664,6110.025099662097,7.0,139.84851,500.0,198.72353,-1.0,0.53881836,1.0,0.7001373,0.4311689,-0.009466928,0.0022225901,-0.010578223,-1.7579453,0.34033203,0.65966797,0.12084961,0.16869956254959106
5881856,6121.962023234769,7.0,138.87256,500.0,198.09619,-1.0,0.5394287,1.0,0.7011486,0.4315223,-0.007381733,0.0054700165,-0.010116741,-1.7640741,0.33898926,0.66101074,0.12158203,0.1692531406879425
5890048,6188.642344180471,7.0,138.78271,500.0,198.10414,-1.0,0.54003906,1.0,0.7007658,0.43229383,-0.007879148,0.0026063968,-0.009182347,-1.760643,0.33862305,0.66137695,0.12133789,0.16940313577651978
5898240,6123.194836517829,7.0,138.09131,500.0,197.69861,-1.0,0.5430908,1.0,0.6991894,0.43438253,-0.005895325,0.003109684,-0.0074501666,-1.7574335,0.33654785,0.66345215,0.12036133,0.1696864664554596
5906432,6122.287088628977,7.0,137.71167,500.0,197.46844,-1.0,0.54260254,1.0,0.70009166,0.4341516,-0.006329608,0.003063157,-0.007861186,-1.7638545,0.33642578,0.6635742,0.12097168,0.17028261721134186
5914624,6120.556349270533,7.0,137.40723,500.0,197.22263,-1.0,0.541626,1.0,0.7013699,0.4331992,-0.0061353734,0.002785453,-0.0075281,-1.7710466,0.33654785,0.66345215,0.12182617,0.1708361953496933
5922816,6112.082567108456,7.0,136.93762,500.0,196.88066,-1.0,0.54174805,1.0,0.7020584,0.43305618,-0.007821663,0.0030889532,-0.00936614,-1.7715058,0.3359375,0.6640625,0.12231445,0.17111250758171082
5931008,6116.87891674163,7.0,136.82568,500.0,196.78639,-1.0,0.5423584,1.0,0.701848,0.43366414,-0.006003013,0.0020973291,-0.0070516774,-1.7745631,0.33544922,0.6645508,0.12219238,0.17138881981372833
5939200,6105.653915538048,7.0,136.79614,500.0,196.74866,-1.0,0.5410156,1.0,0.7029704,0.43271077,-0.0043258676,0.0033543888,-0.0060030622,-1.7790723,0.33605957,0.6639404,0.122924805,0.17206475138664246
5947392,6152.529892283351,7.0,136.42139,500.0,196.61479,-1.0,0.5394287,1.0,0.70444876,0.4318459,-0.008254032,0.004397446,-0.010452755,-1.7753508,0.33666992,0.6633301,0.12390137,0.1729084998369217
5955584,6110.771627378813,7.0,136.21912,500.0,196.51141,-1.0,0.53881836,1.0,0.7051754,0.4316063,-0.009979365,0.0025040219,-0.011231377,-1.7717398,0.336792,0.663208,0.12438965,0.17331424355506897
5963776,6114.187116192149,7.0,136.06885,500.0,196.34941,-1.0,0.5394287,1.0,0.7051416,0.4320603,-0.008150979,0.0030796777,-0.009690817,-1.7790893,0.33618164,0.66381836,0.12438965,0.17355035245418549
5971968,6117.115229098035,7.0,135.59033,500.0,196.1292,-1.0,0.53967285,1.0,0.7054741,0.43277138,-0.007996215,0.002945575,-0.009469003,-1.79076,0.33569336,0.66430664,0.12463379,0.173786461353302
5980160,6292.11654934478,7.0,135.64526,500.0,196.20667,-1.0,0.53881836,1.0,0.70604044,0.43197653,-0.005089828,0.003252833,-0.0067162444,-1.790932,0.33618164,0.66381836,0.125,0.17453646659851074
5988352,6257.9558453777745,7.0,135.1521,500.0,195.91492,-1.0,0.5407715,1.0,0.7052383,0.43341622,-0.0069647827,0.0033817736,-0.008655669,-1.7909323,0.3347168,0.6652832,0.12451172,0.1747150421142578
5996544,6128.025043053449,7.0,134.84094,500.0,195.77748,-1.0,0.5410156,1.0,0.70539725,0.43374646,-0.00831504,0.0024883486,-0.009559214,-1.803097,0.3343506,0.6656494,0.12463379,0.174965038895607
6004736,6124.336449650923,7.0,134.4635,500.0,195.64914,-1.0,0.54052734,1.0,0.7061172,0.43400413,-0.0057063857,0.0023327544,-0.006872763,-1.8147585,0.3343506,0.6656494,0.12512207,0.1752297431230545
6012928,6132.002599160823,7.0,134.55188,500.0,195.70308,-1.0,0.5406494,1.0,0.70593745,0.43391272,-0.007819406,0.0024296946,-0.009034254,-1.8180972,0.3343506,0.6656494,0.125,0.17570701241493225
6021120,6105.114737052519,7.0,134.17566,500.0,195.40718,-1.0,0.5415039,1.0,0.7058876,0.43436158,-0.0077479985,0.0036280295,-0.009562013,-1.8216563,0.3334961,0.6665039,0.125,0.1760491132736206
6029312,6116.58273533313,7.0,133.95667,500.0,195.20364,-1.0,0.54138184,1.0,0.70641345,0.4342926,-0.00530036,0.003115828,-0.0068582734,-1.8219936,0.33325195,0.66674805,0.12536621,0.1766611784696579
6037504,6107.734496395147,7.0,133.38538,500.0,194.83183,-1.0,0.5419922,1.0,0.706723,0.43454266,-0.009613366,0.003834484,-0.011530608,-1.8262925,0.33239746,0.66760254,0.12561035,0.17698079347610474
6045696,6101.465582482197,7.0,133.0094,500.0,194.64262,-1.0,0.5435791,1.0,0.70593554,0.43568212,-0.0063245166,0.0020087417,-0.007328888,-1.8306683,0.33129883,0.6687012,0.12512207,0.17698942124843597
6053888,6118.898505826977,7.0,132.60522,500.0,194.45886,-1.0,0.5452881,1.0,0.7051358,0.43700626,-0.006153849,0.002398183,-0.0073529407,-1.8295468,0.33007812,0.6699219,0.12463379,0.17745371162891388
6062080,6199.311244781019,7.0,132.20776,500.0,194.13821,-1.0,0.5455322,1.0,0.70563936,0.43703592,-0.008744466,0.0038836594,-0.010686295,-1.828448,0.32946777,0.6705322,0.125,0.178086057305336
6070272,6247.682942586521,7.0,131.95471,500.0,194.0747,-1.0,0.545166,1.0,0.7060087,0.4372458,-0.0067591406,0.0038318478,-0.008675065,-1.8273482,0.32958984,0.67041016,0.12524414,0.17851507663726807
6078464,6149.890285193489,7.0,131.56519,500.0,193.85385,-1.0,0.54589844,1.0,0.70596147,0.4381029,-0.0068698823,0.0029076973,-0.008323732,-1.826267,0.32885742,0.6711426,0.12524414,0.17890000343322754
6086656,6112.524021637361,7.0,131.22522,500.0,193.63507,-1.0,0.54785156,1.0,0.70496655,0.43964604,-0.0052015297,0.002625386,-0.006514223,-1.8224692,0.32751465,0.67248535,0.12463379,0.17894412577152252
6094848,6119.231964290198,7.0,130.90283,500.0,193.35316,-1.0,0.55029297,1.0,0.7037565,0.4410442,-0.0048118727,0.0022993963,-0.0059615704,-1.821896,0.32580566,0.67419434,0.12390137,0.17890840768814087
6103040,6227.856524028453,7.0,130.84851,500.0,193.36998,-1.0,0.55126953,1.0,0.7029918,0.44202584,-0.007644375,0.002653515,-0.008971132,-1.8225455,0.32531738,0.6746826,0.123413086,0.17944271862506866
6111232,6237.767568045467,7.0,130.80688,500.0,193.35625,-1.0,0.5526123,1.0,0.7020238,0.44277704,-0.0067617483,0.0035119576,-0.008517727,-1.8230147,0.32458496,0.67541504,0.122802734,0.17971903085708618
6119424,6111.619434599749,7.0,130.57092,500.0,193.27557,-1.0,0.5505371,1.0,0.7039125,0.4417628,-0.009523059,0.003864454,-0.011455287,-1.8301708,0.32543945,0.67456055,0.12402344,0.18048352003097534
6127616,6109.799112685398,7.0,129.79895,500.0,192.90318,-1.0,0.553833,1.0,0.7021052,0.44482657,-0.0073208814,0.0034000098,-0.009020885,-1.8397608,0.3232422,0.6767578,0.122924805,0.18061447143554688
6135808,6118.233876790723,7.0,129.79675,500.0,192.92361,-1.0,0.55322266,1.0,0.7024992,0.4449321,-0.007770746,0.003709185,-0.009625339,-1.8382268,0.3236084,0.6763916,0.123168945,0.18118639290332794
6144000,6110.695553617049,7.0,129.64258,500.0,192.8973,-1.0,0.55371094,1.0,0.70211446,0.4457506,-0.005843346,0.0024877212,-0.0070872065,-1.840225,0.32336426,0.67663574,0.122924805,0.18123942613601685
6152192,6240.466165645682,7.0,129.83911,500.0,192.94678,-1.0,0.5529785,1.0,0.7025177,0.4448542,-0.007197655,0.002865943,-0.008630627,-1.8500906,0.32385254,0.67614746,0.123168945,0.18158264458179474
6160384,6268.499304731294,7.0,129.57849,500.0,192.74718,-1.0,0.55444336,1.0,0.70188415,0.4458263,-0.008875284,0.0033287997,-0.010539683,-1.8481063,0.3227539,0.6772461,0.122802734,0.18185213208198547
6168576,6119.372550807564,7.0,129.5227,500.0,192.73938,-1.0,0.55529785,1.0,0.7012954,0.44644153,-0.0052134665,0.0026097044,-0.0065183183,-1.8526771,0.32226562,0.6777344,0.12243652,0.18219535052776337
6176768,6120.228197188984,7.0,129.09338,500.0,192.54118,-1.0,0.5559082,1.0,0.701247,0.44708946,-0.007950009,0.0039775195,-0.009938769,-1.8623543,0.32165527,0.6783447,0.12243652,0.1824747622013092
6184960,6117.2393820757825,6.0,128.7522,500.0,192.26392,-1.0,0.557251,1.0,0.7007904,0.44777668,-0.007934874,0.003235476,-0.009552611,-1.8682963,0.32055664,0.67944336,0.12219238,0.18270421028137207
6193152,6111.380285668295,6.0,128.44836,500.0,192.01367,-1.0,0.5562744,1.0,0.7020875,0.4473067,-0.0077729602,0.004991197,-0.01026856,-1.8638468,0.3206787,0.6793213,0.123046875,0.18338444828987122
6201344,6116.501072710015,6.0,128.43933,500.0,192.06746,-1.0,0.5584717,1.0,0.7001667,0.44878674,-0.007884294,0.0017545678,-0.008761578,-1.8568803,0.31970215,0.68029785,0.12182617,0.1832270473241806
6209536,6162.272074992337,6.0,128.16345,500.0,191.8719,-1.0,0.5579834,1.0,0.7009043,0.44845992,-0.0071020033,0.004273337,-0.0092386715,-1.8655236,0.31970215,0.68029785,0.12231445,0.18355844914913177
6217728,6110.107675996804,6.0,127.38025,500.0,191.35281,-1.0,0.5596924,1.0,0.7005866,0.4496839,-0.009427771,0.0034397512,-0.011147646,-1.8698738,0.31811523,0.68188477,0.12219238,0.18392573297023773
6225920,6110.825966939753,6.0,127.901,500.0,191.71542,-1.0,0.5571289,1.0,0.7018446,0.44792426,-0.004927618,0.0020782435,-0.0059667393,-1.873455,0.3199463,0.6800537,0.122924805,0.1845090687274933
6234112,6120.823475781324,6.0,127.60669,500.0,191.51843,-1.0,0.55615234,1.0,0.70296603,0.44756094,-0.0052567115,0.0046996716,-0.007606547,-1.8701439,0.32019043,0.6798096,0.12365723,0.1852717250585556
6242304,6118.777554386481,6.0,127.80676,500.0,191.64328,-1.0,0.55529785,1.0,0.70338106,0.44694284,-0.0065336367,0.0027293907,-0.007898332,-1.8664056,0.32080078,0.6791992,0.12390137,0.18570800125598907
6250496,6106.514411643698,6.0,127.23352,500.0,191.28926,-1.0,0.55688477,1.0,0.7029072,0.4478532,-0.007073566,0.0038786195,-0.009012875,-1.8677005,0.319458,0.680542,0.12365723,0.18612466752529144
6258688,6118.31122782763,6.0,127.068726,500.0,191.12935,-1.0,0.5578613,1.0,0.70248,0.44826168,-0.009499168,0.004255561,-0.0116269495,-1.8735934,0.3187256,0.6812744,0.123413086,0.18644167482852936
6266880,6127.315815425153,6.0,126.79419,500.0,190.94183,-1.0,0.5578613,1.0,0.7028275,0.44885844,-0.007367649,0.0025950184,-0.0086651575,-1.8763348,0.31848145,0.68151855,0.12365723,0.18672198057174683
6275072,6126.087895767279,6.0,126.8562,500.0,191.00293,-1.0,0.5578613,1.0,0.7028275,0.44898725,-0.008784215,0.0021940775,-0.009881254,-1.8750944,0.31848145,0.68151855,0.12365723,0.18692652881145477
6283264,6172.762561874062,6.0,126.93628,500.0,191.06519,-1.0,0.55615234,1.0,0.70400715,0.4476303,-0.006389558,0.0034005009,-0.008089808,-1.8824056,0.319458,0.680542,0.12438965,0.1875588744878769
6291456,6168.70538929208,6.0,126.9386,500.0,191.09671,-1.0,0.555542,1.0,0.70440245,0.44731784,-0.0050856005,0.003409337,-0.006790269,-1.8861092,0.31982422,0.6801758,0.12463379,0.18792426586151123
6299648,6116.966034379534,6.0,126.84607,500.0,191.01785,-1.0,0.5548096,1.0,0.7051525,0.44660205,-0.010312904,0.003795066,-0.012210436,-1.8808467,0.32006836,0.67993164,0.12512207,0.1885204166173935
6307840,6111.4096347568975,6.0,126.058716,500.0,190.46208,-1.0,0.55700684,1.0,0.70463187,0.44805202,-0.0067724963,0.004423865,-0.008984429,-1.881324,0.31811523,0.68188477,0.12487793,0.188872829079628
6316032,6118.325390905386,6.0,126.14685,500.0,190.4572,-1.0,0.557251,1.0,0.7042656,0.44799528,-0.0051000975,0.0029776413,-0.0065889186,-1.8926241,0.31811523,0.68188477,0.12463379,0.18905140459537506
6324224,6162.721914920788,6.0,126.01062,500.0,190.40974,-1.0,0.5587158,1.0,0.7032775,0.44916725,-0.007229775,0.0027257805,-0.008592665,-1.8925738,0.31726074,0.68273926,0.12402344,0.18916372954845428
6332416,6113.625761406643,6.0,125.696655,500.0,190.127,-1.0,0.5605469,1.0,0.7024275,0.45044804,-0.006241421,0.0024872567,-0.00748505,-1.8984578,0.31591797,0.68408203,0.123535156,0.18950694799423218
6340608,6123.957683771816,6.0,124.85864,500.0,189.44579,-1.0,0.56225586,1.0,0.7024518,0.45162082,-0.0059197275,0.004466324,-0.008152889,-1.9078809,0.3140869,0.6859131,0.12365723,0.18996283411979675
6348800,6110.980296562654,6.0,124.736206,500.0,189.42274,-1.0,0.5629883,1.0,0.70186496,0.45248032,-0.0054251663,0.0019718532,-0.006411093,-1.9168706,0.3137207,0.6862793,0.123291016,0.19003541767597198
6356992,6227.9073216532,6.0,124.217896,500.0,189.04483,-1.0,0.5629883,1.0,0.7025603,0.45228523,-0.006499968,0.004327229,-0.008663582,-1.9300454,0.31323242,0.6867676,0.1237793,0.19069451093673706
6365184,6240.510368661502,6.0,124.4292,500.0,189.20337,-1.0,0.5629883,1.0,0.7022127,0.45218194,-0.005012232,0.002791254,-0.006407859,-1.9385252,0.31347656,0.68652344,0.123535156,0.19093747437000275
6373376,6111.221588072427,6.0,123.789185,500.0,188.80002,-1.0,0.5637207,1.0,0.7023205,0.45299235,-0.0041154847,0.003028152,-0.005629561,-1.9425128,0.31262207,0.6873779,0.12365723,0.19117358326911926
6381568,6262.391531490811,6.0,124.11072,500.0,189.1059,-1.0,0.5625,1.0,0.702604,0.4523777,-0.0025984999,0.001703484,-0.003450242,-1.940232,0.3137207,0.6862793,0.1237793,0.19128072261810303
6389760,6218.837859038361,6.0,123.84729,500.0,188.9105,-1.0,0.56311035,1.0,0.7025494,0.45293355,-0.0073574097,0.002785035,-0.008749927,-1.9432952,0.31311035,0.68688965,0.1237793,0.19151459634304047
6397952,6282.585835476913,6.0,124.01355,500.0,189.18631,-1.0,0.5626221,1.0,0.70241934,0.45299992,-0.006073379,0.002743725,-0.0074452413,-1.9519719,0.3137207,0.6862793,0.12365723,0.19196635484695435
6406144,6215.39667647402,6.0,123.722046,500.0,188.94618,-1.0,0.5617676,1.0,0.7035368,0.45224315,-0.0056492565,0.0048886184,-0.008093566,-1.9634511,0.31384277,0.6861572,0.12438965,0.19243064522743225
6414336,6107.343668852896,6.0,124.05994,500.0,189.1525,-1.0,0.5605469,1.0,0.7041632,0.45134562,-0.004976389,0.0025881731,-0.0062704757,-1.9770405,0.31469727,0.68530273,0.12475586,0.1933170109987259
6422528,6151.9041985812555,6.0,124.281006,500.0,189.34253,-1.0,0.5599365,1.0,0.70421547,0.45104188,-0.0069868844,0.002617126,-0.008295447,-1.9895198,0.31530762,0.6846924,0.12475586,0.19347023963928223
6430720,6116.898517993805,6.0,124.26477,500.0,189.3065,-1.0,0.5600586,1.0,0.7042049,0.45092267,-0.006891707,0.0020861865,-0.0079348,-2.0023682,0.31518555,0.68481445,0.12475586,0.19366666674613953
6438912,6131.898638015706,6.0,123.48877,500.0,188.75266,-1.0,0.5609131,1.0,0.7046515,0.4516982,-0.006619982,0.005409632,-0.009324798,-2.01429,0.31396484,0.68603516,0.12512207,0.19424191117286682
6447104,6112.413108344059,6.0,123.9729,500.0,189.03296,-1.0,0.5595703,1.0,0.70511264,0.45017338,-0.00727641,0.0036988524,-0.009125836,-2.0189824,0.31506348,0.6849365,0.12536621,0.19463707506656647
6455296,6122.060193708733,6.0,124.36047,500.0,189.33315,-1.0,0.5576172,1.0,0.7059669,0.44898906,-0.0059049563,0.0028579063,-0.007333909,-2.0187528,0.31652832,0.6834717,0.12585449,0.1952694207429886
6463488,6102.927539084078,6.0,124.39819,500.0,189.40315,-1.0,0.55895996,1.0,0.7048176,0.45035136,-0.0056460956,0.0030494374,-0.0071708146,-2.0173552,0.31591797,0.68408203,0.12512207,0.1957886517047882
6471680,6115.938204346158,6.0,124.153564,500.0,189.18126,-1.0,0.55944824,1.0,0.70477664,0.4503912,-0.0055374606,0.0028018511,-0.0069383867,-2.023421,0.3154297,0.6845703,0.12512207,0.1962529420852661
6479872,6118.34500142899,6.0,124.4469,500.0,189.4139,-1.0,0.55773926,1.0,0.70561105,0.44911093,-0.006834645,0.003515518,-0.008592404,-2.0285335,0.3166504,0.6833496,0.12561035,0.19704067707061768
6488064,6110.085945166007,6.0,124.46582,500.0,189.50586,-1.0,0.5567627,1.0,0.70620894,0.44886628,-0.006901998,0.0028538904,-0.008328944,-2.0350454,0.31726074,0.68273926,0.12597656,0.19762401282787323
6496256,6112.844822936081,6.0,124.250244,500.0,189.29025,-1.0,0.5578613,1.0,0.705774,0.44952047,-0.0072675757,0.002932204,-0.008733677,-2.0336275,0.31640625,0.68359375,0.12573242,0.19778497517108917
6504448,6106.873656424245,6.0,124.12146,500.0,189.1293,-1.0,0.55822754,1.0,0.7059168,0.4497708,-0.003990934,0.0023426053,-0.005162237,-2.037707,0.31591797,0.68408203,0.12585449,0.19807069003582
6512640,6111.936879362859,6.0,123.62085,500.0,188.73878,-1.0,0.55773926,1.0,0.7069937,0.44944376,-0.008251611,0.0048187883,-0.010661005,-2.0442193,0.31567383,0.6843262,0.12658691,0.19880834221839905
6520832,6113.192848862076,6.0,123.45239,500.0,188.62753,-1.0,0.5593262,1.0,0.70599824,0.45047557,-0.005097846,0.0023872305,-0.006291461,-2.0518842,0.31469727,0.68530273,0.12597656,0.19887083768844604
6529024,6118.862546791134,6.0,123.431274,500.0,188.65494,-1.0,0.5611572,1.0,0.70445716,0.45187694,-0.007653121,0.0023277204,-0.008816982,-2.059731,0.31384277,0.6861572,0.125,0.19889110326766968
6537216,6119.361652396952,6.0,123.29529,500.0,188.50945,-1.0,0.5609131,1.0,0.7049979,0.4510104,-0.0085935425,0.0033411502,-0.010264119,-2.0699127,0.3137207,0.6862793,0.12536621,0.19938737154006958
6545408,6109.138631208264,6.0,122.999146,500.0,188.27261,-1.0,0.5625,1.0,0.7043392,0.452125,-0.007514688,0.002826975,-0.008928175,-2.0734582,0.3125,0.6875,0.125,0.19958513975143433
6553600,6320.165614615954,6.0,122.87927,500.0,188.18465,-1.0,0.5625,1.0,0.70451254,0.45172435,-0.007518962,0.0033604372,-0.00919918,-2.0805256,0.31237793,0.6876221,0.12512207,0.20007044076919556
6561792,6115.752055983408,6.0,123.01831,500.0,188.30139,-1.0,0.56188965,1.0,0.70473963,0.45179954,-0.00537324,0.0025179647,-0.0066322223,-2.083419,0.3128662,0.6871338,0.12524414,0.20050226151943207
6569984,6106.667438240613,6.0,123.300415,500.0,188.45193,-1.0,0.5621338,1.0,0.7041983,0.4519784,-0.0048215706,0.0026424113,-0.0061427765,-2.0851045,0.31298828,0.6870117,0.12487793,0.20066893100738525
6578176,6100.889228776743,6.0,123.75,500.0,188.75198,-1.0,0.5621338,1.0,0.7036781,0.4515785,-0.003709798,0.0023933165,-0.004906456,-2.0913053,0.3133545,0.6866455,0.12451172,0.20099584758281708
6586368,6114.851954498464,6.0,123.93457,500.0,188.87697,-1.0,0.5612793,1.0,0.7040999,0.4507414,-0.007629755,0.0024655873,-0.0088625485,-2.0942903,0.31396484,0.68603516,0.12475586,0.2012721598148346
6594560,6121.546469768487,6.0,123.83545,500.0,188.81017,-1.0,0.5621338,1.0,0.70350456,0.45120853,-0.0048088087,0.003590958,-0.006604288,-2.0960212,0.31347656,0.68652344,0.12438965,0.2016221582889557
6602752,6268.340347202294,6.0,123.63684,500.0,188.58379,-1.0,0.56347656,1.0,0.7028639,0.4526206,-0.0073312987,0.0033419454,-0.009002271,-2.1048186,0.3125,0.6875,0.12402344,0.2021413892507553
6610944,6116.550070022215,6.0,123.577515,500.0,188.53183,-1.0,0.5625,1.0,0.70364565,0.4521131,-0.0051237736,0.0028279033,-0.0065377243,-2.1098735,0.31298828,0.6870117,0.12451172,0.2028396725654602
6619136,6146.192921091655,6.0,123.50427,500.0,188.56235,-1.0,0.5625,1.0,0.70364565,0.45257708,-0.0061669173,0.0025312896,-0.007432562,-2.1131232,0.31298828,0.6870117,0.12451172,0.2031957358121872
6627328,6118.1619747639925,6.0,123.44556,500.0,188.52939,-1.0,0.5626221,1.0,0.7036348,0.45263922,-0.0057374565,0.0030931293,-0.0072840205,-2.1145248,0.3128662,0.6871338,0.12451172,0.2036074995994568
6635520,6116.958411487151,6.0,123.83447,500.0,188.79385,-1.0,0.5633545,1.0,0.7025275,0.4529644,-0.0024723336,0.001813109,-0.0033788881,-2.1180816,0.3128662,0.6871338,0.1237793,0.20356157422065735
6643712,6122.508545561717,6.0,123.924805,500.0,188.871,-1.0,0.5638428,1.0,0.7019618,0.453565,-0.0064535122,0.0038034006,-0.0083552115,-2.1185606,0.31274414,0.68725586,0.123413086,0.20396946370601654
6651904,6115.718311002307,6.0,123.77576,500.0,188.7623,-1.0,0.56396484,1.0,0.7021244,0.45361337,-0.0063381335,0.0035524268,-0.008114346,-2.1201088,0.3125,0.6875,0.123535156,0.20430387556552887
6660096,6115.604016252395,6.0,123.51477,500.0,188.51593,-1.0,0.5633545,1.0,0.7030486,0.4526666,-0.0068649375,0.0037150737,-0.008722475,-2.1218226,0.3125,0.6875,0.12414551,0.2047785073518753
6668288,6115.094640174841,6.0,123.02429,500.0,188.11272,-1.0,0.5649414,1.0,0.7025562,0.4535405,-0.002874657,0.0036680778,-0.004708696,-2.120958,0.31115723,0.6888428,0.12390137,0.20507729053497314
6676480,6425.860576839459,6.0,122.921875,500.0,188.03282,-1.0,0.5654297,1.0,0.7023372,0.4540463,-0.005564027,0.0023546661,-0.0067413608,-2.1153686,0.31079102,0.689209,0.1237793,0.205382838845253
6684672,6147.59829755318,6.0,122.735596,500.0,187.90567,-1.0,0.56604004,1.0,0.70210624,0.45460552,-0.005265314,0.0031174137,-0.0068240208,-2.1187303,0.31030273,0.68969727,0.12365723,0.20558738708496094
6692864,6107.404460963239,6.0,122.69617,500.0,187.84969,-1.0,0.5666504,1.0,0.7017007,0.4547095,-0.005937946,0.003831634,-0.007853763,-2.12687,0.30993652,0.6900635,0.123413086,0.20602232217788696
6701056,6173.537810511912,6.0,122.404785,500.0,187.63135,-1.0,0.567749,1.0,0.7012475,0.45544732,-0.0061565074,0.0027406595,-0.0075268373,-2.134574,0.30908203,0.69091797,0.123168945,0.20621874928474426
6709248,6169.437524363269,6.0,122.038086,500.0,187.30696,-1.0,0.56811523,1.0,0.70156,0.45573622,-0.00566936,0.0031450684,-0.007241895,-2.1392548,0.30847168,0.6915283,0.123413086,0.2063741534948349
6717440,6106.936610012964,6.0,121.88904,500.0,187.20035,-1.0,0.5673828,1.0,0.70232636,0.4553414,-0.0031953373,0.0029600444,-0.0046753595,-2.1452007,0.30871582,0.6912842,0.12390137,0.20674915611743927
6725632,6115.8053955840205,6.0,122.17871,500.0,187.41553,-1.0,0.56762695,1.0,0.7016073,0.45493263,-0.0062096016,0.0025129109,-0.0074660573,-2.1480126,0.30895996,0.69104004,0.123413086,0.20719915628433228
6733824,6114.096813794617,6.0,122.194336,500.0,187.45166,-1.0,0.56762695,1.0,0.7016073,0.45467126,-0.0052433545,0.0027355158,-0.0066111125,-2.1441278,0.30895996,0.69104004,0.123413086,0.20745763182640076
6742016,6100.5794294920515,6.0,122.17224,500.0,187.49802,-1.0,0.5682373,1.0,0.70102596,0.4553321,-0.0068453643,0.00299235,-0.008341539,-2.1457214,0.30871582,0.6912842,0.123046875,0.20759224891662598
6750208,6107.167812776555,6.0,122.25122,500.0,187.44447,-1.0,0.56933594,1.0,0.7002212,0.45583013,-0.0059268144,0.0020234063,-0.006938518,-2.1463728,0.30810547,0.69189453,0.122558594,0.2076101005077362
6758400,6103.407785883151,6.0,121.878174,500.0,187.14406,-1.0,0.5699463,1.0,0.7003348,0.4562807,-0.008016834,0.0040810215,-0.010057345,-2.1513982,0.30737305,0.69262695,0.122680664,0.2081432342529297
6766592,6200.650381714655,6.0,121.70422,500.0,187.0702,-1.0,0.5698242,1.0,0.7005212,0.45632076,-0.008967791,0.003245429,-0.010590506,-2.1556008,0.30737305,0.69262695,0.122802734,0.2084566205739975
6774784,6100.476531096333,6.0,121.86194,500.0,187.20189,-1.0,0.5698242,1.0,0.7003469,0.45665774,-0.004978131,0.0028171432,-0.006386702,-2.1610243,0.30749512,0.6925049,0.122680664,0.20865438878536224
6782976,6116.6752889421205,6.0,122.144775,500.0,187.42061,-1.0,0.56933594,1.0,0.7002212,0.4562178,-0.006146374,0.0019639768,-0.007128362,-2.165768,0.30810547,0.69189453,0.122558594,0.2089216262102127
6791168,6128.324519727255,6.0,122.15979,500.0,187.47433,-1.0,0.56848145,1.0,0.7006538,0.45601547,-0.0072216224,0.002502834,-0.008473039,-2.1722932,0.30871582,0.6912842,0.122802734,0.20922717452049255
6799360,6118.591233145922,6.0,122.57239,500.0,187.77303,-1.0,0.5683594,1.0,0.70014286,0.4558011,-0.0032028283,0.0027181706,-0.004561913,-2.1773202,0.3092041,0.6907959,0.12243652,0.20944014191627502
6807552,6102.162335803343,6.0,121.90234,500.0,187.23988,-1.0,0.5704346,1.0,0.69958824,0.45704126,-0.0068895402,0.004132654,-0.008955868,-2.1759877,0.30737305,0.69262695,0.12219238,0.2098371982574463
6815744,6117.01939515819,6.0,121.32568,500.0,186.91634,-1.0,0.5739746,1.0,0.6974748,0.46020365,-0.008455236,0.0030937244,-0.010002099,-2.1746368,0.3050537,0.6949463,0.12097168,0.2099989652633667
6823936,6114.89983714239,6.0,121.118286,500.0,186.68393,-1.0,0.57470703,1.0,0.69739664,0.4605319,-0.004401597,0.0028796725,-0.005841434,-2.176515,0.3043213,0.6956787,0.12097168,0.21022193133831024
6832128,6106.339688524544,6.0,120.97034,500.0,186.54509,-1.0,0.57458496,1.0,0.6977598,0.46014214,-0.0060759075,0.0027421233,-0.007446969,-2.1808596,0.30419922,0.6958008,0.12121582,0.21047192811965942
6840320,6249.095341624057,6.0,121.29651,500.0,186.79944,-1.0,0.57385254,1.0,0.69783765,0.45947474,-0.007220408,0.0031387457,-0.008789781,-2.1835573,0.30493164,0.69506836,0.12121582,0.2108469307422638
6848512,6149.291540740351,6.0,121.27319,500.0,186.73546,-1.0,0.5720215,1.0,0.69942665,0.45796072,-0.0033642787,0.0053992416,-0.0060639,-2.181554,0.30578613,0.69421387,0.12219238,0.2116495668888092
6856704,6118.682757951366,6.0,121.37463,500.0,186.85733,-1.0,0.5727539,1.0,0.69865227,0.458269,-0.007358346,0.0037428609,-0.0092297755,-2.184912,0.305542,0.694458,0.1217041,0.21189339458942413
6864896,6113.081911295588,6.0,120.9314,500.0,186.50716,-1.0,0.57421875,1.0,0.6981486,0.45904568,-0.0026049078,0.003860643,-0.0045352285,-2.188097,0.3043213,0.6956787,0.12145996,0.21206006407737732
6873088,6114.525501911871,6.0,121.31775,500.0,186.82156,-1.0,0.57336426,1.0,0.698239,0.4585461,-0.006474481,0.0025398782,-0.0077444203,-2.1921685,0.30517578,0.6948242,0.12145996,0.21264339983463287
6881280,6133.173773449617,6.0,121.76514,500.0,187.17299,-1.0,0.572876,1.0,0.6979404,0.45803764,-0.003842416,0.0019206365,-0.0048027346,-2.1919308,0.3059082,0.6940918,0.12121582,0.21290187537670135
6889472,6101.3648210667025,6.0,122.02063,500.0,187.32701,-1.0,0.57214355,1.0,0.6981913,0.45712322,-0.0058173956,0.0023068292,-0.0069708102,-2.1948116,0.30651855,0.69348145,0.12133789,0.21317818760871887
6897664,6119.4837168132135,6.0,121.982544,500.0,187.3487,-1.0,0.5718994,1.0,0.6983913,0.4576286,-0.0063290927,0.003530957,-0.0080945715,-2.1915505,0.30664062,0.6933594,0.12145996,0.21356920897960663
6905856,6112.967715065218,6.0,121.940186,500.0,187.36563,-1.0,0.5723877,1.0,0.69799113,0.4579438,-0.008105451,0.0025536797,-0.009382292,-2.189601,0.30639648,0.6936035,0.12121582,0.2140234410762787
6914048,6106.795508947341,6.0,121.69153,500.0,187.22093,-1.0,0.5727539,1.0,0.697953,0.4586302,-0.0048503038,0.0031518482,-0.0064262277,-2.1934006,0.30603027,0.6939697,0.12121582,0.21443520486354828
6922240,6118.005103480719,6.0,121.66675,500.0,187.29018,-1.0,0.57336426,1.0,0.69736433,0.4594376,-0.004979686,0.0027710695,-0.0063652205,-2.2026489,0.30578613,0.69421387,0.12084961,0.21468520164489746
6930432,6211.7200951579125,6.0,120.81482,500.0,186.74393,-1.0,0.5753174,1.0,0.6968057,0.4608324,-0.0076859174,0.0042473474,-0.009809592,-2.2130647,0.30407715,0.69592285,0.12060547,0.21514226496219635
6938624,6501.867857044864,6.0,120.6156,500.0,186.51466,-1.0,0.5760498,1.0,0.69672614,0.46075362,-0.008283684,0.0029644312,-0.009765899,-2.2289262,0.30334473,0.6966553,0.12060547,0.21562756597995758
6946816,6151.526420523768,6.0,120.58264,500.0,186.45312,-1.0,0.576416,1.0,0.69651085,0.46061116,-0.005641718,0.0034498237,-0.0073666293,-2.2397447,0.3031006,0.6968994,0.1204834,0.21608179807662964
6955008,6100.932559856091,6.0,120.8938,500.0,186.69258,-1.0,0.57470703,1.0,0.69739664,0.45925874,-0.0065989457,0.0029091327,-0.008053511,-2.240353,0.3043213,0.6956787,0.12097168,0.21664997935295105
6963200,6119.276646126447,6.0,120.86719,500.0,186.64264,-1.0,0.57458496,1.0,0.6975848,0.4590552,-0.008383339,0.00283096,-0.009798819,-2.2455888,0.3043213,0.6956787,0.12109375,0.21690723299980164
6971392,6134.948900271683,6.0,120.746216,500.0,186.55923,-1.0,0.57666016,1.0,0.69595796,0.46113688,-0.0054017906,0.0018541464,-0.0063288636,-2.2563534,0.30322266,0.69677734,0.12011719,0.21689917147159576
6979584,6145.5586228335,6.0,120.72522,500.0,186.56291,-1.0,0.576416,1.0,0.6961602,0.46116418,-0.0049661794,0.0040036514,-0.0069680046,-2.2651277,0.30334473,0.6966553,0.12023926,0.2171848863363266
6987776,6319.606483421207,6.0,120.2146,500.0,186.07822,-1.0,0.5776367,1.0,0.69620043,0.46198523,-0.0074768057,0.0041844193,-0.009569015,-2.2679708,0.30200195,0.69799805,0.12036133,0.21746119856834412
6995968,6107.091828716454,6.0,120.18408,500.0,186.07176,-1.0,0.5782471,1.0,0.6957814,0.46285638,-0.0062008267,0.0018768129,-0.0071392325,-2.2691534,0.30163574,0.69836426,0.12011719,0.21764978766441345
7004160,6141.45259472092,6.0,120.48755,500.0,186.31007,-1.0,0.57788086,1.0,0.695647,0.4625247,-0.004812807,0.002286664,-0.005956139,-2.270234,0.30212402,0.697876,0.11999512,0.218233123421669
7012352,6246.632295625761,6.0,120.64856,500.0,186.4072,-1.0,0.57592773,1.0,0.6970898,0.46087682,-0.0062956284,0.0034672262,-0.008029241,-2.2719786,0.30322266,0.69677734,0.12084961,0.21898312866687775
7020544,6112.4609528004485,6.0,120.18286,500.0,186.06534,-1.0,0.57714844,1.0,0.6967806,0.46175432,-0.004341298,0.0045558265,-0.006619211,-2.2731593,0.30212402,0.697876,0.12072754,0.21937038004398346
7028736,6117.961529551884,6.0,119.83142,500.0,185.7595,-1.0,0.5773926,1.0,0.6972789,0.46172926,-0.009084426,0.0040035215,-0.011086187,-2.2704313,0.30151367,0.6984863,0.12109375,0.21975329518318176
7036928,6111.921658655826,6.0,119.3302,500.0,185.40208,-1.0,0.57836914,1.0,0.6971698,0.4622404,-0.005699653,0.003785523,-0.0075924145,-2.2699766,0.3005371,0.6994629,0.12109375,0.22030577063560486
7045120,6188.982332986717,6.0,119.4115,500.0,185.47595,-1.0,0.578125,1.0,0.69719726,0.4621086,-0.0083043445,0.0028449702,-0.00972683,-2.2798417,0.30078125,0.69921875,0.12109375,0.22094862163066864
7053312,6111.369415707015,6.0,119.150024,500.0,185.209,-1.0,0.57958984,1.0,0.69650584,0.4628594,-0.005791156,0.004166194,-0.007874253,-2.288753,0.29968262,0.7003174,0.12072754,0.22111529111862183
7061504,6206.858010358089,6.0,118.72705,500.0,184.93071,-1.0,0.5777588,1.0,0.6984626,0.4615638,-0.00807479,0.0050863884,-0.010617984,-2.299632,0.30029297,0.69970703,0.12194824,0.22159343957901
7069696,6447.306168501517,6.0,118.001465,500.0,184.37381,-1.0,0.57995605,1.0,0.69768983,0.4634038,-0.0053300057,0.0035245402,-0.0070922757,-2.3120441,0.2984619,0.7015381,0.12158203,0.22175581753253937
7077888,6287.412009048379,6.0,118.218506,500.0,184.60149,-1.0,0.5793457,1.0,0.6977595,0.4630875,-0.009350815,0.0015553299,-0.0101284785,-2.3188884,0.29907227,0.70092773,0.12158203,0.2218904346227646
7086080,6105.58664863645,6.0,118.18274,500.0,184.59186,-1.0,0.58081055,1.0,0.69654065,0.46424305,-0.0065785223,0.0027328674,-0.007944956,-2.3239415,0.29833984,0.70166016,0.12084961,0.2222897857427597
7094272,6121.268374945864,6.0,118.212036,500.0,184.59212,-1.0,0.5780029,1.0,0.6987849,0.46177423,-0.0039120317,0.006314895,-0.0070694787,-2.3319705,0.2998047,0.7001953,0.12219238,0.22297435998916626
7102464,6103.520541007675,6.0,118.15527,500.0,184.49084,-1.0,0.578125,1.0,0.69877124,0.4616117,-0.0047424138,0.0034308936,-0.0064578606,-2.340213,0.29968262,0.7003174,0.12219238,0.22327230870723724
7110656,6125.4009561830835,6.0,117.798584,500.0,184.24884,-1.0,0.578125,1.0,0.6992951,0.461611,-0.005811268,0.0038633498,-0.0077429432,-2.3470187,0.2993164,0.7006836,0.122558594,0.2238287627696991
7118848,6249.75687751329,6.0,117.51465,500.0,184.05965,-1.0,0.578125,1.0,0.69964415,0.46233904,-0.00602791,0.0037622093,-0.007909014,-2.353077,0.29907227,0.70092773,0.122802734,0.22411447763442993
7127040,6108.902934731494,6.0,117.2771,500.0,183.88318,-1.0,0.57751465,1.0,0.70040953,0.46203893,-0.006864149,0.00371131,-0.008719804,-2.358938,0.29919434,0.70080566,0.123291016,0.2246752828359604
7135232,6113.626849203825,6.0,117.08154,500.0,183.67471,-1.0,0.5777588,1.0,0.70055676,0.46186355,-0.006258217,0.003498299,-0.008007367,-2.3644419,0.29882812,0.7011719,0.123413086,0.22500668466091156
7143424,6186.449478144887,7.0,117.143555,500.0,183.78085,-1.0,0.576416,1.0,0.70140094,0.46136516,-0.006311545,0.0037617069,-0.008192399,-2.365573,0.29968262,0.7003174,0.12390137,0.22554615139961243
7151616,6119.585077573812,7.0,117.150635,500.0,183.82262,-1.0,0.5772705,1.0,0.7006108,0.4617031,-0.006165256,0.0027395596,-0.007535035,-2.369256,0.2993164,0.7006836,0.123413086,0.22585953772068024
7159808,6220.176437842929,7.0,117.33203,500.0,183.97212,-1.0,0.5761719,1.0,0.7012535,0.4607502,-0.006637839,0.0023648692,-0.007820274,-2.3696012,0.30004883,0.6999512,0.1237793,0.22630953788757324
7168000,6114.919425712863,7.0,117.23645,500.0,183.8892,-1.0,0.576416,1.0,0.7012269,0.46092182,-0.0037737894,0.0026371842,-0.0050923815,-2.3645797,0.2998047,0.7001953,0.1237793,0.2266845405101776
7176192,6231.112633477578,7.0,117.77258,500.0,184.31818,-1.0,0.5760498,1.0,0.70074433,0.46050194,-0.0042257425,0.0024655538,-0.0054585193,-2.3604858,0.3005371,0.6994629,0.123413086,0.2267422378063202
7184384,6151.632149648364,7.0,117.63928,500.0,184.2165,-1.0,0.57580566,1.0,0.70111907,0.46003738,-0.004152581,0.004232594,-0.0062688785,-2.3685298,0.3005371,0.6994629,0.12365723,0.22723297774791718
7192576,6147.06158343501,7.0,117.18811,500.0,183.87645,-1.0,0.5777588,1.0,0.7002081,0.4615267,-0.006064942,0.0038667903,-0.007998337,-2.3715315,0.29907227,0.70092773,0.123168945,0.22765371203422546
7200768,6113.992370974828,7.0,117.30823,500.0,183.96611,-1.0,0.5777588,1.0,0.7000338,0.46119723,-0.0048324177,0.002919696,-0.006292266,-2.3801265,0.29919434,0.70080566,0.123046875,0.2282072901725769
7208960,6144.882695156057,7.0,117.39392,500.0,184.05508,-1.0,0.5776367,1.0,0.69987285,0.46161613,-0.005566744,0.0038225465,-0.007478017,-2.3862326,0.29943848,0.7005615,0.122924805,0.22853869199752808
7217152,6121.150601225914,7.0,117.22644,500.0,183.87106,-1.0,0.57788086,1.0,0.7000202,0.46170014,-0.0076315124,0.0035639931,-0.009413509,-2.3932316,0.29907227,0.70092773,0.123046875,0.22880151867866516
7225344,6116.982369212901,7.0,117.60181,500.0,184.25778,-1.0,0.5777588,1.0,0.69933593,0.46169055,-0.0040922584,0.0022787561,-0.0052316366,-2.3948786,0.29968262,0.7003174,0.122558594,0.22906875610351562
7233536,6124.077748575108,7.0,117.602905,500.0,184.31206,-1.0,0.57629395,1.0,0.7003693,0.46070147,-0.0044374783,0.0027801106,-0.0058275335,-2.3890226,0.3005371,0.6994629,0.123168945,0.22949182987213135
7241728,6253.22939498817,7.0,117.68762,500.0,184.32312,-1.0,0.57666016,1.0,0.6999805,0.46062028,-0.004944305,0.0031881921,-0.0065384014,-2.3903885,0.30041504,0.69958496,0.122924805,0.229886993765831
7249920,6116.596890409544,7.0,117.41345,500.0,184.06009,-1.0,0.57666016,1.0,0.70050347,0.46054667,-0.005041998,0.0032881931,-0.006686095,-2.396613,0.30004883,0.6999512,0.123291016,0.2304820716381073
7258112,6118.108594049364,7.0,117.37341,500.0,184.07545,-1.0,0.57788086,1.0,0.69949687,0.46179596,-0.0075087445,0.0028912302,-0.00895436,-2.395099,0.29943848,0.7005615,0.122680664,0.23072503507137299
7266304,6353.042590300886,7.0,117.56201,500.0,184.24129,-1.0,0.5776367,1.0,0.6993494,0.4619736,-0.0037840554,0.0026054566,-0.0050867833,-2.3926308,0.2998047,0.7001953,0.122558594,0.23113077878952026
7274496,6280.729997477452,7.0,117.80469,500.0,184.45177,-1.0,0.5773926,1.0,0.6990274,0.46172345,-0.0064111343,0.002807109,-0.007814689,-2.3996344,0.30029297,0.69970703,0.12231445,0.23129744827747345
7282688,6113.114539573644,7.0,117.35278,500.0,184.17099,-1.0,0.57714844,1.0,0.6997525,0.46204942,-0.0051907236,0.004286999,-0.007334223,-2.404998,0.30004883,0.6999512,0.122802734,0.2316325604915619
7290880,6111.790111418284,7.0,117.19824,500.0,184.1224,-1.0,0.5772705,1.0,0.6997391,0.4618381,-0.006471101,0.0037459931,-0.008344098,-2.4074893,0.29992676,0.70007324,0.122802734,0.23198255896568298
7299072,6112.680611962977,7.0,117.22864,500.0,184.22284,-1.0,0.57543945,1.0,0.7009845,0.46068317,-0.0055029443,0.0037082424,-0.0073570656,-2.409613,0.3010254,0.6989746,0.123535156,0.23277422785758972
7307264,6108.232874062781,7.0,117.26318,500.0,184.29918,-1.0,0.5740967,1.0,0.7018237,0.45950073,-0.0056103696,0.0030735247,-0.007147132,-2.4158568,0.30187988,0.6981201,0.12402344,0.23337168991565704
7315456,6133.477038200643,7.0,117.254395,500.0,184.31984,-1.0,0.5736084,1.0,0.7022229,0.45909685,-0.010716484,0.003706905,-0.012569936,-2.421146,0.30212402,0.697876,0.12426758,0.23389092087745667
7323648,6120.583606009547,7.0,116.875,500.0,184.03477,-1.0,0.57336426,1.0,0.70294344,0.4589578,-0.0061021876,0.0049558063,-0.0085800905,-2.4229646,0.30187988,0.6981201,0.12475586,0.2344820350408554
7331840,6127.1366220995515,7.0,116.227295,500.0,183.50977,-1.0,0.5739746,1.0,0.7034002,0.459391,-0.005798645,0.0033613509,-0.0074793203,-2.4165313,0.30090332,0.6990967,0.12512207,0.23472586274147034
7340032,6220.152790998016,7.0,116.17273,500.0,183.43488,-1.0,0.57385254,1.0,0.7035866,0.4589206,-0.007571602,0.0041352124,-0.009639207,-2.41159,0.30090332,0.6990967,0.12524414,0.23512521386146545
7348224,6104.10932052716,7.0,116.0166,500.0,183.2987,-1.0,0.5739746,1.0,0.7037472,0.4587965,-0.0072064893,0.0038768814,-0.009144929,-2.4124455,0.30065918,0.6993408,0.12536621,0.23554594814777374
7356416,6120.647932876146,7.0,115.91748,500.0,183.25862,-1.0,0.5753174,1.0,0.7027368,0.46037325,-0.006332637,0.0028363287,-0.0077508017,-2.4159775,0.29992676,0.70007324,0.12475586,0.23570691049098969
7364608,6109.3395849635845,7.0,115.176636,500.0,182.73561,-1.0,0.5772705,1.0,0.7020033,0.4616284,-0.006214721,0.0039776615,-0.008203551,-2.4218774,0.29833984,0.70166016,0.12438965,0.23611624538898468
7372800,6180.089163753465,7.0,115.18445,500.0,182.77255,-1.0,0.5761719,1.0,0.7028184,0.4608665,-0.0056683496,0.0029017099,-0.007119205,-2.4264317,0.2989502,0.7010498,0.12487793,0.23652198910713196
7380992,6328.595943147558,7.0,115.56213,500.0,183.06348,-1.0,0.5772705,1.0,0.7013074,0.46135023,-0.005280113,0.0021044773,-0.006332352,-2.4365387,0.29882812,0.7011719,0.12390137,0.23668865859508514
7389184,6122.475816927314,7.0,116.17078,500.0,183.5572,-1.0,0.57592773,1.0,0.701454,0.4603058,-0.004356025,0.0014357523,-0.0050739013,-2.444794,0.3001709,0.6998291,0.12390137,0.23667675256729126
7397376,6113.720401209729,7.0,116.47778,500.0,183.7757,-1.0,0.5761719,1.0,0.70090526,0.46060282,-0.0052586016,0.0019522064,-0.0062347054,-2.4444427,0.30029297,0.69970703,0.123535156,0.2369702309370041
7405568,6123.278860448414,7.0,116.362915,500.0,183.69734,-1.0,0.57629395,1.0,0.700892,0.460721,-0.003402531,0.0035010213,-0.0051530413,-2.451254,0.3001709,0.6998291,0.123535156,0.23747022449970245
7413760,6121.439591121778,7.0,116.183105,500.0,183.56264,-1.0,0.578125,1.0,0.69964415,0.46172303,-0.006049944,0.0020282576,-0.0070640733,-2.4572933,0.29907227,0.70092773,0.122802734,0.23748807609081268
7421952,6177.159324282659,7.0,115.96765,500.0,183.45192,-1.0,0.5794678,1.0,0.69879454,0.46300095,-0.0054905964,0.0034852908,-0.0072332425,-2.4626667,0.29821777,0.7017822,0.12231445,0.2377319037914276
7430144,6237.832116801573,7.0,115.68506,500.0,183.19849,-1.0,0.5822754,1.0,0.69689476,0.46476454,-0.0056939684,0.003172794,-0.0072803646,-2.4594443,0.2965088,0.7034912,0.12121582,0.23787663877010345
7438336,6122.1289149138765,7.0,115.7771,500.0,183.28494,-1.0,0.58203125,1.0,0.6969236,0.46463215,-0.0054231402,0.0019325272,-0.0063894037,-2.4656034,0.29675293,0.7032471,0.12121582,0.23838751018047333
7446528,6103.396944263803,7.0,115.666626,500.0,183.1902,-1.0,0.5802002,1.0,0.6985361,0.4632494,-0.0073757954,0.004151796,-0.009451693,-2.4736838,0.29760742,0.7023926,0.12219238,0.2390570491552353
7454720,6124.233839857908,7.0,115.74512,500.0,183.23135,-1.0,0.58032227,1.0,0.6983473,0.46331137,-0.0023954557,0.0019004832,-0.0033456974,-2.4775362,0.29760742,0.7023926,0.12207031,0.23911316692829132
7462912,6114.855219200364,7.0,116.06726,500.0,183.454,-1.0,0.5821533,1.0,0.69638354,0.46434987,-0.0018217189,0.00277527,-0.0032093541,-2.483521,0.29699707,0.7030029,0.12084961,0.2391708642244339
7471104,6118.727431767478,7.0,115.89917,500.0,183.28203,-1.0,0.58239746,1.0,0.69653,0.46475756,-0.0043079373,0.002653391,-0.0056346324,-2.490393,0.29663086,0.70336914,0.12097168,0.23930548131465912
7479296,6165.175637609796,7.0,115.62402,500.0,183.07704,-1.0,0.5806885,1.0,0.6983052,0.46420762,-0.0060863267,0.004420335,-0.008296493,-2.4909644,0.2972412,0.7027588,0.12207031,0.23992757499217987
7487488,6119.736580024358,7.0,115.74133,500.0,183.15495,-1.0,0.579834,1.0,0.69875276,0.46374452,-0.0016558864,0.0040833284,-0.00369755,-2.4894261,0.29785156,0.70214844,0.12231445,0.24043099582195282
7495680,6119.791079143251,7.0,115.822754,500.0,183.23627,-1.0,0.58032227,1.0,0.69817245,0.4643189,-0.0042638835,0.0017538972,-0.0051408317,-2.495553,0.2977295,0.7022705,0.12194824,0.24048711359500885
7503872,6114.8867781651325,7.0,116.07544,500.0,183.44891,-1.0,0.5806885,1.0,0.69743055,0.4646575,-0.004587116,0.0020344942,-0.005604364,-2.4993663,0.29785156,0.70214844,0.12145996,0.24062927067279816
7512064,6115.794509875677,7.0,115.83545,500.0,183.26704,-1.0,0.5809326,1.0,0.6975772,0.4643405,-0.00440636,0.003668095,-0.006240407,-2.498317,0.29748535,0.70251465,0.12158203,0.2409706711769104
7520256,6109.95664991869,7.0,115.05078,500.0,182.71501,-1.0,0.5817871,1.0,0.69782746,0.46489376,-0.008872052,0.00413478,-0.010939442,-2.502512,0.29638672,0.7036133,0.12182617,0.2414349615573883
7528448,6325.825261922642,7.0,114.71509,500.0,182.46675,-1.0,0.58203125,1.0,0.6981486,0.46542415,-0.008237609,0.00354397,-0.010009593,-2.5094712,0.29589844,0.70410156,0.12207031,0.24175457656383514
7536640,6142.50658867507,7.0,115.104614,500.0,182.75238,-1.0,0.5810547,1.0,0.69843745,0.4644633,-0.006163652,0.0021165065,-0.0072219046,-2.5100381,0.29675293,0.7032471,0.12219238,0.2422492504119873
7544832,6121.994746376263,7.0,114.947754,500.0,182.70042,-1.0,0.58166504,1.0,0.6980167,0.46482188,-0.0065622563,0.0034754765,-0.008299995,-2.5058134,0.29638672,0.7036133,0.12194824,0.24266190826892853
7553024,6119.354023532622,7.0,114.347046,500.0,182.23549,-1.0,0.5831299,1.0,0.6976688,0.46600217,-0.006916033,0.00469883,-0.009265447,-2.502703,0.29504395,0.70495605,0.12182617,0.24311083555221558
7561216,6104.674352052996,7.0,114.60547,500.0,182.30013,-1.0,0.5819092,1.0,0.69851255,0.46488672,-0.0060930126,0.0035000027,-0.007843013,-2.5071528,0.29577637,0.70422363,0.12231445,0.2437930405139923
7569408,6126.267027755446,7.0,114.5647,500.0,182.30891,-1.0,0.5819092,1.0,0.69851255,0.46518886,-0.0030846517,0.0030130844,-0.004591194,-2.512939,0.29577637,0.70422363,0.12231445,0.24411681294441223
7577600,6140.2343650232715,7.0,114.44934,500.0,182.26497,-1.0,0.58251953,1.0,0.698091,0.46590948,-0.005993178,0.002318941,-0.0071526486,-2.5211487,0.29541016,0.70458984,0.12207031,0.24415253102779388
7585792,6122.807483282434,7.0,114.54114,500.0,182.32823,-1.0,0.5822754,1.0,0.6982947,0.4656375,-0.006313895,0.0037811159,-0.008204453,-2.5297198,0.29553223,0.7044678,0.12219238,0.24469199776649475
7593984,6113.7475970974065,7.0,114.37671,500.0,182.18509,-1.0,0.5834961,1.0,0.69745,0.46664932,-0.0015040875,0.0021889403,-0.002598557,-2.5331311,0.2947998,0.7052002,0.1217041,0.2447698712348938
7602176,6114.480889432402,7.0,114.74011,500.0,182.47137,-1.0,0.58203125,1.0,0.6983234,0.4659614,-0.004817909,0.003150134,-0.0063929763,-2.5389898,0.29577637,0.70422363,0.12219238,0.24544580280780792
7610368,6099.900364221504,7.0,114.86731,500.0,182.60327,-1.0,0.5819092,1.0,0.698163,0.4659354,-0.006548308,0.003122943,-0.008109779,-2.5421343,0.2960205,0.7039795,0.12207031,0.245775505900383
7618560,6114.050031673725,7.0,114.75403,500.0,182.47594,-1.0,0.5819092,1.0,0.6983378,0.46580568,-0.0086336285,0.0034436528,-0.010355456,-2.5426261,0.29589844,0.70410156,0.12219238,0.2461872696876526
7626752,6115.208915885871,7.0,114.88855,500.0,182.55533,-1.0,0.5806885,1.0,0.69917864,0.46495485,-0.0035723795,0.0034780789,-0.0053114193,-2.5493932,0.29663086,0.70336914,0.122680664,0.2465537041425705
7634944,6113.490877555952,7.0,115.021484,500.0,182.70438,-1.0,0.5800781,1.0,0.6994233,0.46486783,-0.0072143134,0.0029654228,-0.008697025,-2.5540276,0.29711914,0.70288086,0.122802734,0.24718089401721954
7643136,6103.932566309269,7.0,114.76538,500.0,182.44806,-1.0,0.5800781,1.0,0.6999467,0.46444744,-0.0074204,0.0035273274,-0.009184064,-2.5621068,0.29675293,0.7032471,0.123168945,0.24753330647945404
7651328,6113.73019170142,7.0,115.0116,500.0,182.69214,-1.0,0.5789795,1.0,0.70042026,0.4635718,0.0011749509,0.0023337086,8.096104e-06,-2.5720546,0.29760742,0.7023926,0.123413086,0.24796512722969055
7659520,6119.040166746895,7.0,114.604004,500.0,182.42288,-1.0,0.5805664,1.0,0.6995417,0.46468878,-0.0060326485,0.0035584834,-0.00781189,-2.57059,0.2965088,0.7034912,0.122924805,0.24812211096286774
7667712,6125.54619447545,7.0,114.198,500.0,182.16225,-1.0,0.5794678,1.0,0.7008877,0.46414214,-0.006170421,0.0051240516,-0.008732447,-2.5724635,0.29675293,0.7032471,0.1237793,0.2488977462053299
7675904,6119.406336127159,7.0,114.318115,500.0,182.22621,-1.0,0.57958984,1.0,0.7006995,0.4638246,-0.0021534674,0.0023363375,-0.0033216362,-2.5736902,0.29675293,0.7032471,0.12365723,0.24906441569328308
7684096,6118.656607727552,7.0,114.83765,500.0,182.657,-1.0,0.57714844,1.0,0.70201665,0.461828,-0.004652916,0.0030713382,-0.0061885845,-2.5800276,0.2984619,0.7015381,0.12438965,0.24942845106124878
7692288,6117.270965654894,7.0,114.62146,500.0,182.53572,-1.0,0.57702637,1.0,0.70237774,0.46137726,-0.0047980156,0.0037209468,-0.0066584894,-2.5895991,0.29833984,0.70166016,0.12463379,0.24992471933364868
7700480,6108.60100913577,7.0,114.81958,500.0,182.70276,-1.0,0.57580566,1.0,0.70303166,0.460693,-0.00425913,0.0043896805,-0.00645397,-2.595257,0.29919434,0.70080566,0.125,0.2507064640522003
7708672,6169.398753398492,7.0,115.23303,500.0,182.97722,-1.0,0.57385254,1.0,0.70410687,0.45896766,-0.0052756607,0.002868819,-0.0067100707,-2.590795,0.3005371,0.6994629,0.12561035,0.25149813294410706
7716864,6387.585971966167,7.0,115.11719,500.0,182.85634,-1.0,0.57421875,1.0,0.70406836,0.45868528,-0.004568341,0.0036423595,-0.0063895215,-2.591315,0.3001709,0.6998291,0.12561035,0.2517275810241699
7725056,6112.159762684162,7.0,114.98572,500.0,182.75095,-1.0,0.57458496,1.0,0.7040297,0.45879078,-0.002131233,0.002714063,-0.0034882647,-2.5940857,0.2998047,0.7001953,0.12561035,0.25201329588890076
7733248,6172.264686545007,7.0,115.14807,500.0,182.86021,-1.0,0.57385254,1.0,0.7044535,0.4581408,-0.0059589623,0.003476623,-0.007697274,-2.5925264,0.30029297,0.69970703,0.12585449,0.2523882985115051
7741440,6117.7099022547745,7.0,114.91907,500.0,182.71988,-1.0,0.5744629,1.0,0.70421594,0.45836455,-0.0070954645,0.0029108683,-0.008550899,-2.5970626,0.2998047,0.7001953,0.12573242,0.25257307291030884
7749632,6117.874383556254,7.0,115.003174,500.0,182.83243,-1.0,0.5753174,1.0,0.70325774,0.45912623,-0.0061982214,0.003303983,-0.007850213,-2.6016421,0.29956055,0.70043945,0.12512207,0.25265640020370483
7757824,6108.12971732619,7.0,114.732056,500.0,182.63814,-1.0,0.57470703,1.0,0.7040166,0.4586992,-0.00516293,0.003691943,-0.0070089013,-2.6060452,0.29968262,0.7003174,0.12561035,0.25301751494407654
7766016,6123.082444475729,7.0,114.78662,500.0,182.66673,-1.0,0.5731201,1.0,0.70522267,0.45774394,-0.0061941976,0.0038899924,-0.008139195,-2.6054418,0.3005371,0.6994629,0.12634277,0.2537095546722412
7774208,6118.0671974017605,7.0,115.08618,500.0,182.89693,-1.0,0.57177734,1.0,0.7058795,0.4565503,0.00012029125,0.0032363916,-0.001497905,-2.6118493,0.30151367,0.6984863,0.12670898,0.2542354166507721
7782400,6118.935554972626,7.0,115.166016,500.0,182.94997,-1.0,0.57214355,1.0,0.7054963,0.45705944,-0.0024424712,0.0021320763,-0.0035085096,-2.6215756,0.3013916,0.6986084,0.12646484,0.25448542833328247
7790592,6122.965692063446,7.0,115.15332,500.0,182.99074,-1.0,0.572876,1.0,0.70490175,0.4576398,-0.0042987154,0.0035443634,-0.006070897,-2.6294909,0.3010254,0.6989746,0.12609863,0.25490209460258484
7798784,6120.762416237459,7.0,115.20593,500.0,183.047,-1.0,0.57214355,1.0,0.7053232,0.45748657,-0.0043507423,0.004186091,-0.006443788,-2.6335912,0.30151367,0.6984863,0.12634277,0.2556079626083374
7806976,6108.092798919734,7.0,115.53674,500.0,183.3179,-1.0,0.57141113,1.0,0.7053977,0.45698026,-0.003999505,0.0027223704,-0.005360691,-2.6419325,0.3022461,0.6977539,0.12634277,0.25574859976768494
7815168,6120.807120426906,7.0,115.79578,500.0,183.49786,-1.0,0.5698242,1.0,0.7064211,0.4557333,-0.0047795195,0.0026542305,-0.0061066346,-2.6465633,0.30322266,0.69677734,0.12695312,0.25619858503341675
7823360,6120.450595421419,7.0,115.78601,500.0,183.45749,-1.0,0.57141113,1.0,0.7052247,0.45651746,-0.0068309996,0.0027812726,-0.0082216365,-2.6519752,0.30236816,0.69763184,0.1262207,0.2563392221927643
7831552,6121.359979861356,7.0,115.88721,500.0,183.49672,-1.0,0.5708008,1.0,0.7056322,0.4560299,-0.002992787,0.0023564768,-0.0041710255,-2.6576068,0.30273438,0.6972656,0.12646484,0.25667744874954224
7839744,6110.113108728655,7.0,115.710205,500.0,183.38623,-1.0,0.5720215,1.0,0.7048163,0.45708588,-0.006364811,0.0023433845,-0.007536503,-2.6559803,0.30200195,0.69799805,0.12597656,0.25676077604293823
7847936,6113.891195395828,7.0,115.63147,500.0,183.40202,-1.0,0.5710449,1.0,0.7056078,0.45633674,-0.008463003,0.004369186,-0.010647597,-2.6542416,0.30249023,0.69750977,0.12646484,0.25728854537010193
7856128,6152.461588543299,7.0,115.5802,500.0,183.31996,-1.0,0.5710449,1.0,0.7057807,0.4566149,-0.005792754,0.0037277206,-0.0076566134,-2.6558046,0.30236816,0.69763184,0.12658691,0.25788360834121704
7864320,6295.1691661878685,7.0,115.69983,500.0,183.43439,-1.0,0.5708008,1.0,0.7058052,0.45621106,-0.006447979,0.0020533176,-0.007474638,-2.6565328,0.3026123,0.6973877,0.12658691,0.25817906856536865
7872512,6118.650070206524,7.0,115.92493,500.0,183.52716,-1.0,0.57006836,1.0,0.7062241,0.4554106,-0.0074083703,0.002976962,-0.008896852,-2.6601918,0.3031006,0.6968994,0.12683105,0.258679062128067
7880704,6117.38750099257,7.0,116.214966,500.0,183.70245,-1.0,0.5686035,1.0,0.7070588,0.45421004,-0.0054286644,0.0047407984,-0.007799064,-2.6648428,0.30407715,0.69592285,0.12731934,0.25936657190322876
7888896,6112.960102134891,7.0,116.4032,500.0,183.90808,-1.0,0.56970215,1.0,0.70574164,0.45562077,-0.009789333,0.0016992951,-0.01063898,-2.6725483,0.303833,0.696167,0.12646484,0.25956299901008606
7897088,6113.604005544277,7.0,116.45642,500.0,184.01584,-1.0,0.56970215,1.0,0.7055687,0.4559322,-0.0016604251,0.0022034796,-0.0027621647,-2.6800513,0.30395508,0.6960449,0.12634277,0.25978919863700867
7905280,6121.279280149178,7.0,116.35425,500.0,183.89449,-1.0,0.56970215,1.0,0.7057417,0.4556779,-0.007408548,0.0052620554,-0.010039576,-2.6886346,0.303833,0.696167,0.12646484,0.26032233238220215
7913472,6169.0764193876375,7.0,116.03125,500.0,183.61005,-1.0,0.56970215,1.0,0.7062604,0.45535678,-0.006706279,0.0038391342,-0.0086258445,-2.6965456,0.3034668,0.6965332,0.12683105,0.26078662276268005
7921664,6118.650070206524,7.0,116.19531,500.0,183.77556,-1.0,0.56933594,1.0,0.70629644,0.4549194,-0.0037201666,0.0018924101,-0.0046663717,-2.702928,0.303833,0.696167,0.12683105,0.26090699434280396
7929856,6112.690399124719,7.0,115.95007,500.0,183.58495,-1.0,0.5678711,1.0,0.70781964,0.45377487,-0.0061458,0.0060441247,-0.009167863,-2.70718,0.3043213,0.6956787,0.12780762,0.2614368200302124
7938048,6101.614022027776,7.0,116.370605,500.0,183.90668,-1.0,0.5671387,1.0,0.70771706,0.45316583,-0.0035507944,0.0027901428,-0.004945866,-2.7182894,0.30517578,0.6948242,0.12768555,0.26175132393836975
7946240,6117.242649327463,7.0,116.47131,500.0,183.98148,-1.0,0.5671387,1.0,0.70754457,0.45294318,-0.0057893083,0.001208194,-0.006393405,-2.7294488,0.30529785,0.69470215,0.12756348,0.26164838671684265
7954432,6144.601377216661,7.0,116.13196,500.0,183.70743,-1.0,0.5682373,1.0,0.7070943,0.4534452,-0.0068931594,0.0038669335,-0.008826626,-2.7393384,0.30444336,0.69555664,0.12731934,0.261973112821579
7962624,6115.827167116961,7.0,115.8667,500.0,183.60083,-1.0,0.5699463,1.0,0.7058905,0.45517734,-0.00351443,0.0052375104,-0.0061331857,-2.7386413,0.3034668,0.6965332,0.12658691,0.26240020990371704
7970816,6190.990700830529,7.0,116.15674,500.0,183.83902,-1.0,0.5686035,1.0,0.7065407,0.45400116,-0.006096297,0.004162498,-0.008177546,-2.7406983,0.30444336,0.69555664,0.12695312,0.26300734281539917
7979008,6131.024409549839,7.0,116.11279,500.0,183.84451,-1.0,0.5665283,1.0,0.70811963,0.45277268,-0.007292853,0.004302729,-0.009444216,-2.7519689,0.305542,0.694458,0.12792969,0.26376858353614807
7987200,6129.478981043068,7.0,116.30798,500.0,184.03548,-1.0,0.5657959,1.0,0.7083604,0.4526691,-0.006374676,0.00319667,-0.007973012,-2.7556782,0.30615234,0.69384766,0.12805176,0.2642538845539093
7995392,6114.305710139486,7.0,116.40259,500.0,184.12749,-1.0,0.5662842,1.0,0.70779765,0.45307967,-0.0046610446,0.0023076425,-0.005814865,-2.7576141,0.30603027,0.6939697,0.12768555,0.2646901607513428
8003584,6104.925992844247,7.0,116.24719,500.0,184.09508,-1.0,0.5649414,1.0,0.7089559,0.45235974,-0.007326076,0.0042707417,-0.009461446,-2.757285,0.30664062,0.6933594,0.12841797,0.2652643322944641
8011776,6230.5126572305235,7.0,116.577515,500.0,184.3129,-1.0,0.5638428,1.0,0.70940006,0.4512036,-0.0034936,0.0026574763,-0.0048223375,-2.7578354,0.30749512,0.6925049,0.12866211,0.26555487513542175
8019968,6138.247822030904,7.0,117.011475,500.0,184.63565,-1.0,0.5644531,1.0,0.7083115,0.4515463,-0.00627936,0.0023171487,-0.0074379346,-2.7613046,0.3076172,0.6923828,0.12792969,0.26581335067749023
8028160,6122.698378541739,7.0,117.33435,500.0,184.80772,-1.0,0.56347656,1.0,0.7087442,0.45058495,-0.006439455,0.002862236,-0.007870573,-2.763482,0.3083496,0.6916504,0.12817383,0.2661278545856476
8036352,6392.779447243633,7.0,117.21301,500.0,184.70187,-1.0,0.56311035,1.0,0.7091213,0.450526,-0.0036289305,0.0028109788,-0.0050344197,-2.7652879,0.30847168,0.6915283,0.12841797,0.2664932310581207
8044544,6120.61958527677,7.0,117.330444,500.0,184.75296,-1.0,0.5638428,1.0,0.7083669,0.45087716,-0.0047935173,0.0026186996,-0.006102867,-2.7699854,0.30822754,0.69177246,0.12792969,0.26659533381462097
8052736,6109.462336193684,7.0,117.26575,500.0,184.65134,-1.0,0.5644531,1.0,0.7081391,0.45117056,-0.007592871,0.004418957,-0.009802349,-2.7765992,0.30773926,0.69226074,0.12780762,0.26709532737731934
8060928,6109.62094243221,7.0,117.547485,500.0,184.9216,-1.0,0.56347656,1.0,0.708572,0.45123047,-0.004037831,0.0039279815,-0.0060018217,-2.7743857,0.30847168,0.6915283,0.12805176,0.2677912712097168
8069120,6151.835908732988,7.0,117.762085,500.0,185.09973,-1.0,0.5625,1.0,0.7090032,0.4503587,-0.0042670225,0.0028806948,-0.0057073706,-2.7728677,0.3092041,0.6907959,0.1282959,0.268282026052475
8077312,6448.379422831866,7.0,117.97705,500.0,185.30508,-1.0,0.5628662,1.0,0.7082818,0.45084146,-0.0036905,0.0023418744,-0.004861437,-2.7748668,0.30932617,0.6906738,0.12780762,0.26853203773498535
8085504,6157.193554179236,7.0,118.1051,500.0,185.3808,-1.0,0.5626221,1.0,0.7083034,0.45038295,-0.0059473636,0.003598693,-0.0077467095,-2.7773314,0.3095703,0.6904297,0.12780762,0.2688015103340149
8093696,6106.160634832287,7.0,117.702515,500.0,185.07655,-1.0,0.5625,1.0,0.7090032,0.45016983,-0.0043729087,0.0053314716,-0.0070386445,-2.7820373,0.3092041,0.6907959,0.1282959,0.2695015072822571
8101888,6321.453969033103,7.0,118.310425,500.0,185.51418,-1.0,0.5612793,1.0,0.7091097,0.4492027,-0.0033143829,0.0024280406,-0.0045284033,-2.789967,0.3104248,0.6895752,0.1282959,0.26975151896476746
8110080,6244.8407640719,7.0,118.42554,500.0,185.5433,-1.0,0.56188965,1.0,0.7085401,0.44975993,-0.005960482,0.003521592,-0.0077212784,-2.7921731,0.31018066,0.68981934,0.12792969,0.27011796832084656
8118272,6112.458778036182,7.0,118.697266,500.0,185.82619,-1.0,0.5623779,1.0,0.7076353,0.450117,-0.004812945,0.0015906653,-0.0056082765,-2.7977657,0.31030273,0.68969727,0.12731934,0.2701564431190491
8126464,6122.272907203739,7.0,118.73547,500.0,185.81438,-1.0,0.5621338,1.0,0.70782924,0.44973645,-0.00594689,0.0028614446,-0.0073776115,-2.79866,0.3104248,0.6895752,0.1274414,0.2704327702522278
8134656,6110.27283536246,7.0,118.31665,500.0,185.46298,-1.0,0.56359863,1.0,0.70735407,0.45089054,-0.0050010365,0.0031088733,-0.006555473,-2.7969947,0.3092041,0.6907959,0.12719727,0.2708677053451538
8142848,6118.970425166613,7.0,118.3844,500.0,185.52985,-1.0,0.5628662,1.0,0.70776457,0.4502061,-0.0041121105,0.0025650312,-0.0053946264,-2.798886,0.30969238,0.6903076,0.1274414,0.2711249589920044
8151040,6111.142242365194,7.0,118.464355,500.0,185.52695,-1.0,0.5623779,1.0,0.7081526,0.45001134,-0.0077040503,0.0033723903,-0.009390246,-2.7984097,0.30993652,0.6900635,0.12768555,0.27176204323768616
8159232,6113.271160156825,7.0,118.4375,500.0,185.4765,-1.0,0.56152344,1.0,0.7089164,0.44967705,-0.006322451,0.005139384,-0.008892143,-2.7947407,0.31030273,0.68969727,0.12817383,0.2724359631538391
8167424,6113.537651120382,7.0,117.762085,500.0,184.96277,-1.0,0.5609131,1.0,0.7105171,0.4496004,-0.0056635137,0.0055909236,-0.008458976,-2.7972832,0.30981445,0.69018555,0.12927246,0.2733272612094879
8175616,6322.5380818973645,7.0,117.93884,500.0,185.14479,-1.0,0.5604248,1.0,0.7105588,0.44940817,-0.0054876395,0.0026236044,-0.0067994418,-2.7986033,0.31030273,0.68969727,0.12927246,0.273732990026474
8183808,6116.775467769546,7.0,118.21997,500.0,185.4229,-1.0,0.5596924,1.0,0.7106207,0.4489817,-0.0047752513,0.002729304,-0.0061399024,-2.799767,0.31103516,0.68896484,0.12927246,0.2740626931190491
8192000,6115.378704829103,7.0,118.00452,500.0,185.13342,-1.0,0.56018066,1.0,0.7107513,0.44917732,-0.006270538,0.0026426713,-0.007591873,-2.8100991,0.3104248,0.6895752,0.12939453,0.2742888927459717
8200192,6114.59514220546,7.0,117.51355,500.0,184.72658,-1.0,0.56103516,1.0,0.71085006,0.45007294,-0.0033060436,0.0041778577,-0.0053949724,-2.821196,0.30944824,0.69055176,0.1295166,0.2746574580669403
8208384,6111.228109729039,7.0,117.53552,500.0,184.77287,-1.0,0.5616455,1.0,0.71028215,0.45053944,-0.0039298944,0.0035829013,-0.0057213446,-2.8279874,0.3092041,0.6907959,0.12915039,0.2750324606895447
8216576,6137.016613473426,7.0,117.183105,500.0,184.45241,-1.0,0.56347656,1.0,0.70943284,0.45197323,0.0015117436,0.002649099,0.00018719467,-2.8381424,0.30786133,0.6921387,0.12866211,0.275072306394577
8224768,6106.22899954825,7.0,117.00513,500.0,184.32518,-1.0,0.56396484,1.0,0.7093889,0.45230645,-0.004619441,0.0039754445,-0.006607163,-2.836567,0.30737305,0.69262695,0.12866211,0.2754473090171814
8232960,6234.24432762909,7.0,116.459595,500.0,183.96675,-1.0,0.5629883,1.0,0.7108514,0.45210552,-0.0036966228,0.0047766604,-0.0060849534,-2.8282366,0.30737305,0.69262695,0.12963867,0.2759665250778198
8241152,6105.87634084626,7.0,116.8501,500.0,184.29013,-1.0,0.5621338,1.0,0.7109267,0.4516364,-0.0065244506,0.0026878812,-0.0078683905,-2.8172104,0.30822754,0.69177246,0.12963867,0.276457279920578
8249344,6104.47370508132,7.0,117.14307,500.0,184.50627,-1.0,0.5612793,1.0,0.7111725,0.45115924,-0.0031622031,0.004073092,-0.0051987492,-2.8122888,0.30895996,0.69104004,0.12976074,0.276981920003891
8257536,6107.009333877683,7.0,117.2937,500.0,184.628,-1.0,0.5617676,1.0,0.71061504,0.4517852,-0.0019228426,0.0026156553,-0.003230671,-2.8175743,0.3088379,0.6911621,0.12939453,0.27708280086517334
8265728,6111.686834497426,6.0,117.541504,500.0,184.81097,-1.0,0.5629883,1.0,0.7093042,0.4528276,-0.003936864,0.0021288213,-0.005001275,-2.826387,0.30847168,0.6915283,0.12854004,0.2772873342037201
8273920,6112.5087980058415,6.0,117.34827,500.0,184.69461,-1.0,0.56469727,1.0,0.7082892,0.4541508,-0.005186838,0.0025762597,-0.0064749676,-2.8319323,0.30737305,0.69262695,0.12792969,0.27738216519355774
8282112,6123.69028362918,6.0,117.67554,500.0,184.89958,-1.0,0.5645752,1.0,0.7079556,0.45434374,-0.004399904,0.0040916745,-0.0064457413,-2.8289468,0.30773926,0.69226074,0.12768555,0.27784645557403564
8290304,6112.827422679972,6.0,117.635254,500.0,184.91855,-1.0,0.56591797,1.0,0.70696896,0.4552883,-0.0062451274,0.0047235303,-0.008606892,-2.8278172,0.30700684,0.69299316,0.1270752,0.27824002504348755
8298496,6173.771865174289,6.0,117.572754,500.0,184.90619,-1.0,0.5653076,1.0,0.70754343,0.45508587,-0.0068728374,0.004199868,-0.0089727715,-2.8284585,0.30725098,0.692749,0.1274414,0.27862831950187683
8306688,6112.344605085453,6.0,117.80701,500.0,185.08252,-1.0,0.5645752,1.0,0.70778316,0.4546091,-0.0024509262,0.0026232072,-0.0037625292,-2.8289146,0.30786133,0.6921387,0.12756348,0.27902647852897644
8314880,6111.242240032783,6.0,117.9895,500.0,185.25473,-1.0,0.5650635,1.0,0.70704824,0.45518214,-0.0033261285,0.0026792518,-0.0046657547,-2.835384,0.30786133,0.6921387,0.1270752,0.2791273593902588
8323072,6110.298913973236,6.0,118.395874,500.0,185.58386,-1.0,0.56396484,1.0,0.7073209,0.4543716,-0.004421642,0.0028381445,-0.005840714,-2.841635,0.3088379,0.6911621,0.12719727,0.27948081493377686
8331264,6104.741598853949,6.0,118.52319,500.0,185.67662,-1.0,0.56396484,1.0,0.7071483,0.45435795,-0.0004628055,0.0034445692,-0.0021850895,-2.8464386,0.30895996,0.69104004,0.1270752,0.2795931398868561
8339456,6126.91264518094,6.0,118.878784,500.0,185.93344,-1.0,0.5625,1.0,0.707797,0.4532265,-0.003908271,0.0040350636,-0.0059258025,-2.8527517,0.3100586,0.6899414,0.1274414,0.28052958846092224
8347648,6108.61947135505,6.0,118.855225,500.0,185.8413,-1.0,0.5617676,1.0,0.70855075,0.45231092,-0.003501033,0.0033552612,-0.0051786634,-2.8554387,0.31030273,0.68969727,0.12792969,0.28095123171806335
8355840,6110.509724249589,6.0,118.976074,500.0,185.88094,-1.0,0.5616455,1.0,0.7085615,0.45186552,-0.0048136087,0.002519454,-0.0060733357,-2.8620934,0.3104248,0.6895752,0.12792969,0.2812567949295044
8364032,6122.106007674072,6.0,118.259155,500.0,185.29448,-1.0,0.56152344,1.0,0.7097769,0.45170432,-0.0031225248,0.003886109,-0.005065579,-2.8722553,0.30969238,0.6903076,0.12878418,0.2818639278411865
8372224,6112.781747478992,6.0,118.11572,500.0,185.19199,-1.0,0.56140137,1.0,0.71013135,0.45170432,-0.004176449,0.0038934494,-0.006123173,-2.8851626,0.3095703,0.6904297,0.12902832,0.28240758180618286
8380416,6112.191293832315,6.0,117.77478,500.0,184.97345,-1.0,0.56066895,1.0,0.7110532,0.451649,-0.004259063,0.0038806363,-0.0061993813,-2.8956473,0.30969238,0.6903076,0.12963867,0.28283658623695374
8388608,6135.956832250663,6.0,117.39258,500.0,184.62729,-1.0,0.55895996,1.0,0.7130825,0.45014867,-0.004976355,0.005818636,-0.007885673,-2.9036882,0.3100586,0.6899414,0.13098145,0.28353896737098694
8396800,6194.06990230565,6.0,116.8313,500.0,184.20601,-1.0,0.55895996,1.0,0.7139379,0.4500656,-0.004076588,0.005173251,-0.0066632135,-2.910191,0.30944824,0.69055176,0.1315918,0.284236341714859
8404992,6121.422141901204,6.0,116.750854,500.0,184.18294,-1.0,0.5596924,1.0,0.71353495,0.45046285,-0.006066436,0.004098655,-0.008115765,-2.9192579,0.30895996,0.69104004,0.13134766,0.28471803665161133
8413184,6123.780869633408,6.0,116.48389,500.0,183.94646,-1.0,0.55908203,1.0,0.71444046,0.44977272,-0.0021588842,0.0041921795,-0.004254973,-2.9175777,0.30895996,0.69104004,0.13195801,0.2850632667541504
8421376,6119.508784215679,6.0,116.34778,500.0,183.8313,-1.0,0.55859375,1.0,0.7149932,0.44972923,-0.004089295,0.0018790563,-0.0050288225,-2.9174283,0.30908203,0.69091797,0.13232422,0.285358726978302
8429568,6110.84987665273,6.0,116.46423,500.0,183.96393,-1.0,0.55773926,1.0,0.7154041,0.4487814,-0.0031038583,0.004111213,-0.005159465,-2.9251637,0.30969238,0.6903076,0.13256836,0.28594204783439636
8437760,6112.738247922169,6.0,116.314575,500.0,183.86238,-1.0,0.55822754,1.0,0.7151938,0.4489733,-0.0031507798,0.0051764995,-0.0057390295,-2.9279592,0.30932617,0.6906738,0.13244629,0.2865072786808014
8445952,6114.567938776978,6.0,115.89209,500.0,183.58304,-1.0,0.5578613,1.0,0.7160764,0.44849613,-0.0039504236,0.003963768,-0.005932307,-2.9280531,0.30908203,0.69091797,0.13305664,0.28699803352355957
8454144,6121.964204766652,6.0,115.53943,500.0,183.2777,-1.0,0.55773926,1.0,0.71676785,0.44832656,-0.0019971735,0.0040372424,-0.0040157954,-2.926538,0.30871582,0.6912842,0.13354492,0.2875075340270996
8462336,6205.427653662259,6.0,115.704956,500.0,183.41965,-1.0,0.55688477,1.0,0.71717656,0.44789517,-0.004491765,0.0043033846,-0.006643458,-2.925673,0.30932617,0.6906738,0.13378906,0.28803133964538574
8470528,6298.580346373229,6.0,115.69495,500.0,183.36548,-1.0,0.55651855,1.0,0.71754587,0.4473717,-0.0040140892,0.0036710275,-0.005849603,-2.927886,0.30944824,0.69055176,0.1340332,0.28846314549446106
8478720,6117.122852381272,6.0,114.97827,500.0,182.89224,-1.0,0.5562744,1.0,0.718585,0.44758198,-0.0049112043,0.005182173,-0.0075022904,-2.929624,0.30895996,0.69104004,0.13476562,0.2892411947250366
8486912,6105.581223950906,6.0,115.54944,500.0,183.36618,-1.0,0.55578613,1.0,0.7181133,0.44728357,-0.0007439385,0.0027304203,-0.0021091485,-2.9280946,0.30981445,0.69018555,0.13439941,0.2893993556499481
8495104,6105.402214735525,6.0,115.57764,500.0,183.34042,-1.0,0.5560303,1.0,0.7179244,0.4474746,-0.0029793205,0.0026917928,-0.004325217,-2.9314044,0.30969238,0.6903076,0.13427734,0.28972312808036804
8503296,6118.699101954758,6.0,115.70679,500.0,183.43593,-1.0,0.55578613,1.0,0.7179433,0.4472748,-0.0047602057,0.0030657183,-0.006293065,-2.9410474,0.30993652,0.6900635,0.13427734,0.2902370095252991
8511488,6106.937695431048,6.0,115.60632,500.0,183.44339,-1.0,0.55578613,1.0,0.7179433,0.44731155,-0.0028478256,0.0031790796,-0.0044373656,-2.9506512,0.30993652,0.6900635,0.13427734,0.29079583287239075
8519680,6112.99490425689,6.0,115.61633,500.0,183.49217,-1.0,0.55371094,1.0,0.7194602,0.44540605,-0.0037849806,0.0041434164,-0.005856689,-2.9566245,0.31103516,0.68896484,0.1352539,0.29145491123199463
8527872,6113.409297470335,6.0,115.42334,500.0,183.29683,-1.0,0.5543213,1.0,0.71941435,0.44559819,-0.008869294,0.0032097548,-0.0104741715,-2.9632118,0.3104248,0.6895752,0.1352539,0.2916978597640991
8536064,6116.594712701216,6.0,115.27258,500.0,183.25458,-1.0,0.553833,1.0,0.7197904,0.4458589,-0.00046844082,0.0044923285,-0.002714606,-2.9669204,0.31066895,0.68933105,0.13549805,0.29213935136795044
8544256,6114.056559368546,6.0,114.85327,500.0,182.97028,-1.0,0.55529785,1.0,0.71900046,0.44702634,-0.0020759832,0.0025665418,-0.003359254,-2.967391,0.30969238,0.6903076,0.13500977,0.29230600595474243
8552448,6214.24671543091,6.0,114.599,500.0,182.78546,-1.0,0.5548096,1.0,0.7197166,0.44712186,-0.006169364,0.00412255,-0.00823064,-2.9714022,0.30969238,0.6903076,0.13549805,0.29289937019348145
8560640,6110.512984316527,6.0,114.77661,500.0,182.92946,-1.0,0.5534668,1.0,0.72049564,0.4460496,-0.003524239,0.0039266767,-0.005487577,-2.9833605,0.31054688,0.6894531,0.13598633,0.2937783896923065
8568832,6117.010683130737,6.0,114.670654,500.0,182.90723,-1.0,0.5531006,1.0,0.7208615,0.44613224,-0.0060452893,0.0034257735,-0.007758176,-2.9864168,0.31066895,0.68933105,0.13623047,0.2941862940788269
8577024,6258.207743480012,6.0,114.88489,500.0,183.01524,-1.0,0.553833,1.0,0.7201295,0.446584,-0.0030123754,0.0020633498,-0.0040440504,-2.9910142,0.3104248,0.6895752,0.13574219,0.2943710684776306
8585216,6355.6443616256,6.0,114.7489,500.0,182.97838,-1.0,0.5534668,1.0,0.72049564,0.44693285,-0.006531918,0.0042788717,-0.0086713545,-2.991745,0.31054688,0.6894531,0.13598633,0.294954389333725
8593408,6119.246131631045,6.0,114.54309,500.0,182.77043,-1.0,0.5529785,1.0,0.721209,0.446295,-0.0033290954,0.0032003417,-0.004929266,-2.9908402,0.31054688,0.6894531,0.13647461,0.2956526577472687
8601600,6115.697628778599,6.0,114.519165,500.0,182.77519,-1.0,0.55322266,1.0,0.7210217,0.44694108,-0.0038086171,0.004528742,-0.0060729887,-2.9962206,0.3104248,0.6895752,0.13635254,0.2959696650505066
8609792,6123.89547022554,6.0,114.375854,500.0,182.64317,-1.0,0.5545654,1.0,0.7202438,0.44839656,-0.0057274858,0.0039105737,-0.0076827724,-3.0081296,0.3095703,0.6904297,0.13586426,0.29623690247535706
8617984,6221.7127419148355,6.0,114.14966,500.0,182.43503,-1.0,0.5548096,1.0,0.7202253,0.44848207,-0.0030978753,0.002740889,-0.00446832,-3.0182757,0.30932617,0.6906738,0.13586426,0.2964586019515991
8626176,6109.690471050764,6.0,114.16333,500.0,182.43524,-1.0,0.5539551,1.0,0.720798,0.447764,-0.004716778,0.004228263,-0.0068309098,-3.020123,0.30981445,0.69018555,0.13623047,0.2972741723060608
8634368,6118.692564342923,6.0,113.944336,500.0,182.32317,-1.0,0.55578613,1.0,0.71964157,0.4494012,-0.0016253908,0.003840152,-0.0035454673,-3.0225077,0.30871582,0.6912842,0.13549805,0.2975938022136688
8642560,6120.162789020031,6.0,113.47363,500.0,181.96509,-1.0,0.5592041,1.0,0.71766955,0.45217463,-0.005136111,0.002146788,-0.006209505,-3.0244434,0.30651855,0.69348145,0.13427734,0.29748666286468506
8650752,6115.142526619582,6.0,113.58264,500.0,182.05891,-1.0,0.55700684,1.0,0.7192065,0.45074385,-0.0037039123,0.0053541316,-0.0063809776,-3.024016,0.30773926,0.69226074,0.1352539,0.2982501685619354
8658944,6108.910537559774,6.0,113.17322,500.0,181.74194,-1.0,0.5596924,1.0,0.7177992,0.45287466,-0.0060178204,0.0027362937,-0.007385967,-3.0273829,0.3059082,0.6940918,0.13439941,0.2981853485107422
8667136,6111.741190336474,6.0,113.12915,500.0,181.7529,-1.0,0.5596924,1.0,0.7177992,0.45334977,-0.005984701,0.0035119986,-0.0077407,-3.037245,0.3059082,0.6940918,0.13439941,0.29844167828559875
8675328,6121.192039610613,6.0,113.31006,500.0,181.88321,-1.0,0.5574951,1.0,0.7193374,0.45201415,-0.0036929075,0.003000672,-0.0051932437,-3.0363889,0.3071289,0.6928711,0.13537598,0.2990646958351135
8683520,6121.940208001451,6.0,113.19348,500.0,181.73521,-1.0,0.5563965,1.0,0.72044164,0.45084745,-0.0039376733,0.0050435257,-0.0064594364,-3.0338933,0.30749512,0.6925049,0.1361084,0.2996938228607178
8691712,6278.011384189633,6.0,113.232544,500.0,181.76273,-1.0,0.5560303,1.0,0.72063977,0.45040223,-0.0041768076,0.004007807,-0.006180711,-3.0374258,0.30773926,0.69226074,0.13623047,0.30050015449523926
8699904,6112.248920564352,6.0,113.06787,500.0,181.62552,-1.0,0.5566406,1.0,0.72042257,0.45106205,-0.001436546,0.0033466353,-0.0031098633,-3.0448685,0.30725098,0.692749,0.1361084,0.3009258210659027
8708096,6124.88121240772,6.0,112.98694,500.0,181.5744,-1.0,0.55700684,1.0,0.7202242,0.45127517,-0.001130607,0.0030526945,-0.0026569536,-3.050836,0.30700684,0.69299316,0.13598633,0.30107581615448
8716288,6129.798283857493,6.0,112.7655,500.0,181.33685,-1.0,0.5578613,1.0,0.7199865,0.4516433,-0.004765116,0.0043650777,-0.0069476548,-3.0553803,0.3062744,0.6937256,0.13586426,0.301548033952713
8724480,6099.384938735862,6.0,112.18335,500.0,180.85167,-1.0,0.5599365,1.0,0.7193079,0.45297906,-0.0045758383,0.00410804,-0.006629858,-3.0612183,0.30456543,0.6954346,0.13549805,0.301714688539505
8732672,6114.197996179131,6.0,111.636475,500.0,180.4459,-1.0,0.56103516,1.0,0.7190456,0.45393252,-0.0037539059,0.002802665,-0.0051552383,-3.065723,0.30358887,0.69641113,0.13537598,0.3020646870136261
8740864,6212.602886712613,6.0,111.05884,500.0,180.04329,-1.0,0.5616455,1.0,0.7193332,0.4550031,-0.0039801244,0.0032850467,-0.0056226486,-3.0660975,0.30273438,0.6972656,0.13562012,0.3024888336658478
8749056,6121.0023000251,6.0,111.22815,500.0,180.13564,-1.0,0.56066895,1.0,0.719925,0.45395023,-0.001277151,0.003287271,-0.0029207864,-3.0709648,0.30334473,0.6966553,0.13598633,0.30273884534835815
8757248,6114.787749402843,6.0,111.03735,500.0,179.962,-1.0,0.5604248,1.0,0.720454,0.45347884,-0.0030186404,0.00413949,-0.005088385,-3.0719464,0.30322266,0.69677734,0.13635254,0.30338358879089355
8765440,6115.743347565538,6.0,110.6261,500.0,179.5916,-1.0,0.56152344,1.0,0.7201915,0.45379883,-0.0042551477,0.0047555193,-0.0066329073,-3.0714655,0.3022461,0.6977539,0.13623047,0.3038106858730316
8773632,6174.113550287873,6.0,110.38953,500.0,179.43016,-1.0,0.56140137,1.0,0.7205408,0.45438313,-0.0067224507,0.0041011698,-0.008773036,-3.0747685,0.30212402,0.697876,0.13647461,0.3045165538787842
8781824,6190.999624861485,6.0,110.19116,500.0,179.18745,-1.0,0.5625,1.0,0.72010744,0.4547392,-0.0047991932,0.005308853,-0.0074536195,-3.0674436,0.30126953,0.69873047,0.13623047,0.304966539144516
8790016,6257.0396088555635,6.0,109.788086,500.0,178.77147,-1.0,0.5625,1.0,0.72078514,0.45451283,-0.0040340414,0.0042151613,-0.0061416216,-3.0558255,0.30078125,0.69921875,0.13671875,0.30546653270721436
8798208,6173.548902749334,6.0,109.48987,500.0,178.51749,-1.0,0.5640869,1.0,0.7199679,0.45570806,-0.005104213,0.0030254344,-0.0066169305,-3.0497334,0.29968262,0.7003174,0.13623047,0.3057587146759033
8806400,6280.928620797381,6.0,109.54968,500.0,178.52553,-1.0,0.5633545,1.0,0.72054124,0.45523977,-0.006592308,0.0031734651,-0.008179041,-3.0495691,0.30004883,0.6999512,0.13659668,0.30616089701652527
8814592,6191.382266888448,6.0,109.48047,500.0,178.48743,-1.0,0.5645752,1.0,0.7195851,0.45639622,-0.003293308,0.0030197261,-0.004803171,-3.0499687,0.29943848,0.7005615,0.13598633,0.30635392665863037
8822784,6114.612552526719,6.0,109.53906,500.0,178.41483,-1.0,0.56555176,1.0,0.7189877,0.4568006,-0.003543436,0.002945849,-0.005016361,-3.0570211,0.29882812,0.7011719,0.13562012,0.30661675333976746
8830976,6121.931481951657,6.0,109.24988,500.0,178.25038,-1.0,0.5653076,1.0,0.719519,0.45692888,-0.0016819062,0.004662506,-0.0040131593,-3.071833,0.29870605,0.70129395,0.13598633,0.30707383155822754
8839168,6109.548156355126,6.0,108.89514,500.0,177.96764,-1.0,0.5653076,1.0,0.7200278,0.4571087,-0.0058773006,0.0032846602,-0.0075196307,-3.0759964,0.29833984,0.70166016,0.13635254,0.3073310852050781
8847360,6114.078318451952,6.0,108.95764,500.0,178.0797,-1.0,0.56604004,1.0,0.71928245,0.45792103,-0.0048050117,0.0032804199,-0.0064452225,-3.0836775,0.2980957,0.7019043,0.13586426,0.3075408637523651
8855552,6104.89345191889,6.0,109.08179,500.0,178.11516,-1.0,0.56640625,1.0,0.7189092,0.45825598,-0.00259487,0.0025903694,-0.0038900548,-3.0916958,0.29797363,0.70202637,0.13562012,0.3078840970993042
8863744,6119.985103885579,6.0,109.301636,500.0,178.31656,-1.0,0.56689453,1.0,0.7181843,0.4587937,0.0017137975,0.0027096476,0.0003589735,-3.0914311,0.29797363,0.70202637,0.13513184,0.30819860100746155
8871936,6106.038016240479,6.0,109.33679,500.0,178.3322,-1.0,0.56677246,1.0,0.71836567,0.45879883,-0.0050563375,0.004425309,-0.0072689923,-3.0890565,0.29797363,0.70202637,0.1352539,0.3088528513908386
8880128,6114.387314151284,6.0,109.28711,500.0,178.27309,-1.0,0.5689697,1.0,0.7166267,0.46014458,-0.005954978,0.0023197844,-0.00711487,-3.0934741,0.296875,0.703125,0.13415527,0.30892032384872437
8888320,6137.82566906114,6.0,108.91504,500.0,177.97743,-1.0,0.5699463,1.0,0.7163616,0.4611941,-0.0040986184,0.0033057367,-0.0057514873,-3.099327,0.2960205,0.7039795,0.1340332,0.30918315052986145
8896512,6119.010744323844,6.0,109.06433,500.0,178.03781,-1.0,0.56933594,1.0,0.7167616,0.460707,-0.006924488,0.004351538,-0.0091002565,-3.1033797,0.29638672,0.7036133,0.13427734,0.3098633885383606
8904704,6117.783972209808,6.0,109.216064,500.0,178.13405,-1.0,0.56884766,1.0,0.71697885,0.4603637,-0.005183505,0.0033195172,-0.0068432633,-3.1100016,0.29675293,0.7032471,0.13439941,0.3102850317955017
8912896,6123.861635318767,6.0,109.07483,500.0,178.0491,-1.0,0.5698242,1.0,0.7163734,0.46130943,-0.0045980215,0.0026430872,-0.005919565,-3.1125202,0.29614258,0.7038574,0.1340332,0.3102589249610901
8921088,6119.399797003929,6.0,109.26526,500.0,178.2517,-1.0,0.5698242,1.0,0.7160325,0.4611941,-0.0014984615,0.0024673229,-0.0027321228,-3.118211,0.29638672,0.7036133,0.13378906,0.31047189235687256
8929280,6113.734543041126,6.0,109.282715,500.0,178.24193,-1.0,0.5698242,1.0,0.7160325,0.46113777,-0.0039820783,0.0025839857,-0.0052740714,-3.1209118,0.29638672,0.7036133,0.13378906,0.31069809198379517
8937472,6099.238772992805,6.0,109.1593,500.0,178.15028,-1.0,0.56799316,1.0,0.71774113,0.45953345,-0.0054028593,0.0049105305,-0.007858125,-3.1251545,0.29711914,0.70288086,0.1348877,0.3116980791091919
8945664,6111.604215473753,6.0,109.34949,500.0,178.24811,-1.0,0.5665283,1.0,0.7187281,0.458481,-0.00503562,0.0036939927,-0.0068826163,-3.1282558,0.29797363,0.70202637,0.13549805,0.3123435974121094
8953856,6127.857829762319,6.0,109.43677,500.0,178.3357,-1.0,0.5670166,1.0,0.718173,0.45858473,-0.005847821,0.0037857557,-0.0077406997,-3.1336002,0.29785156,0.70214844,0.13513184,0.31276431679725647
8962048,6120.119184350758,6.0,109.18408,500.0,178.1233,-1.0,0.56726074,1.0,0.7183202,0.45854795,-0.0070747742,0.0049870783,-0.009568313,-3.142306,0.29748535,0.70251465,0.1352539,0.31335702538490295
8970240,6110.52819800823,6.0,109.27942,500.0,178.1363,-1.0,0.56677246,1.0,0.7187055,0.4577433,-0.005270063,0.0036482874,-0.0070942068,-3.1534832,0.2977295,0.7022705,0.13549805,0.31385329365730286
8978432,6121.08081153038,6.0,108.95569,500.0,177.83177,-1.0,0.56811523,1.0,0.71823955,0.45824453,-0.0049672276,0.0050291517,-0.0074818037,-3.1679218,0.29663086,0.70336914,0.1352539,0.3141390085220337
8986624,6116.662222380461,6.0,109.09558,500.0,177.95615,-1.0,0.5695801,1.0,0.7169082,0.4593702,-0.0069899424,0.0031495779,-0.008564731,-3.1748126,0.2960205,0.7039795,0.13439941,0.31439533829689026
8994816,6120.377551082207,6.0,108.759766,500.0,177.72908,-1.0,0.5706787,1.0,0.7164601,0.4601529,-0.0031033745,0.0024355873,-0.0043211677,-3.1841428,0.29516602,0.704834,0.13415527,0.3145184814929962
9003008,6121.852948622903,6.0,108.51843,500.0,177.46104,-1.0,0.5718994,1.0,0.71599776,0.4603116,-0.0013848417,0.0032465286,-0.0030081058,-3.1867347,0.29418945,0.70581055,0.13391113,0.3146754503250122
9011200,6120.081030774837,6.0,108.27942,500.0,177.15279,-1.0,0.571167,1.0,0.7170931,0.4601153,-0.004278941,0.004676554,-0.006617218,-3.187571,0.29418945,0.70581055,0.13464355,0.3152875304222107
9019392,6131.0036236719925,6.0,108.370605,500.0,177.2519,-1.0,0.57092285,1.0,0.7171172,0.46006438,-0.002421951,0.0020721508,-0.0034580263,-3.193416,0.2944336,0.7055664,0.13464355,0.3156113028526306
9027584,6126.67666770443,6.0,108.54663,500.0,177.3923,-1.0,0.5703125,1.0,0.7173475,0.45968968,-0.004314798,0.002891727,-0.0057606613,-3.2012653,0.29492188,0.7050781,0.13476562,0.3161507844924927
9035776,6104.896705995815,6.0,108.164185,500.0,177.0709,-1.0,0.5716553,1.0,0.7168742,0.46040577,-0.0016076104,0.0042930464,-0.003754133,-3.1929915,0.29382324,0.70617676,0.13452148,0.3164442479610443
9043968,6114.127276955882,6.0,108.09094,500.0,177.01341,-1.0,0.5722656,1.0,0.71647215,0.4605078,-0.0028451513,0.004273474,-0.0049818885,-3.1835036,0.29345703,0.70654297,0.13427734,0.3171810805797577
9052160,6112.248920564352,6.0,108.397095,500.0,177.278,-1.0,0.5722656,1.0,0.71596086,0.4605598,-0.0034459045,0.0035696728,-0.0052307406,-3.1847768,0.29382324,0.70617676,0.13391113,0.3177310824394226
9060352,6109.076718390932,6.0,108.55835,500.0,177.34624,-1.0,0.57299805,1.0,0.7152042,0.46052492,-0.005791077,0.003201997,-0.0073920754,-3.1935635,0.2935791,0.7064209,0.13342285,0.3181239366531372
9068544,6130.645909859192,6.0,108.52759,500.0,177.2499,-1.0,0.57373047,1.0,0.7147875,0.46100652,-0.0010329995,0.0023189215,-0.00219246,-3.2014809,0.29309082,0.7069092,0.13317871,0.31843844056129456
9076736,6112.383749616639,6.0,108.59216,500.0,177.34741,-1.0,0.57250977,1.0,0.71559507,0.46017164,-0.0048512695,0.0027024015,-0.0062024705,-3.2036204,0.29382324,0.70617676,0.13366699,0.3187529444694519
9084928,6112.990553969969,6.0,108.645996,500.0,177.4826,-1.0,0.57177734,1.0,0.7160099,0.45951003,-0.0039486205,0.0031900364,-0.005543639,-3.2012146,0.29431152,0.7056885,0.13391113,0.3192886710166931
9093120,6115.145791631761,6.0,109.05359,500.0,177.82715,-1.0,0.5708008,1.0,0.71627754,0.4587288,-0.003992043,0.0019994567,-0.004991771,-3.2068624,0.29516602,0.704834,0.1340332,0.31965091824531555
9101312,6253.810989318205,6.0,109.01221,500.0,177.81511,-1.0,0.5708008,1.0,0.71627754,0.45839232,-0.004257749,0.002881758,-0.005698628,-3.2152455,0.29516602,0.704834,0.1340332,0.31993424892425537
9109504,6125.280839490749,6.0,109.20935,500.0,178.06241,-1.0,0.56970215,1.0,0.7167261,0.4579951,-0.004004595,0.0027949568,-0.0054020733,-3.2193475,0.2960205,0.7039795,0.13427734,0.32026395201683044
9117696,6120.547627165321,6.0,109.53784,500.0,178.33366,-1.0,0.56933594,1.0,0.7165913,0.45775348,-0.0035422614,0.0025103828,-0.004797453,-3.2197034,0.2965088,0.7034912,0.13415527,0.3205224275588989
9125888,6120.081030774837,6.0,109.880615,500.0,178.62776,-1.0,0.56799316,1.0,0.7170605,0.45659542,-8.832663e-05,0.0024487614,-0.0013127066,-3.223409,0.29760742,0.7023926,0.13439941,0.32102712988853455
9134080,6106.042356637528,6.0,110.62256,500.0,179.14368,-1.0,0.5666504,1.0,0.7171865,0.45515695,-0.0059808614,0.0020860163,-0.007023869,-3.2320685,0.2989502,0.7010498,0.13439941,0.3211429715156555
9142272,6145.824638397924,6.0,110.51453,500.0,179.10913,-1.0,0.56848145,1.0,0.7158213,0.45640197,-0.003837942,0.004546997,-0.0061114402,-3.2412121,0.29797363,0.70202637,0.13354492,0.3215562403202057
9150464,6323.648170591095,6.0,110.59216,500.0,179.12274,-1.0,0.56811523,1.0,0.7160267,0.4558832,-0.0045358595,0.00230434,-0.0056880293,-3.2518938,0.29821777,0.7017822,0.13366699,0.3219062387943268
9158656,6125.49486887847,6.0,110.68713,500.0,179.2196,-1.0,0.5686035,1.0,0.7154684,0.45621237,-0.0037844696,0.0027522992,-0.0051606195,-3.2518268,0.2980957,0.7019043,0.13330078,0.3219788074493408
9166848,6203.926264438774,6.0,110.21411,500.0,178.82237,-1.0,0.5695801,1.0,0.7153742,0.45633495,-0.0045565413,0.0028623855,-0.0059877345,-3.2547338,0.29711914,0.70288086,0.13330078,0.32225513458251953
9175040,6118.948631248797,6.0,110.09827,500.0,178.76285,-1.0,0.5695801,1.0,0.71554476,0.4568054,-0.0017540653,0.0026479622,-0.0030780463,-3.2583156,0.29699707,0.7030029,0.13342285,0.3224596679210663
9183232,6134.445058449066,6.0,109.77649,500.0,178.4692,-1.0,0.5698242,1.0,0.71586204,0.45673442,-0.004991193,0.00440888,-0.007195634,-3.262262,0.2965088,0.7034912,0.13366699,0.32294830679893494
9191424,6114.820395893144,6.0,110.26453,500.0,178.85837,-1.0,0.5689697,1.0,0.71577454,0.45614392,-0.0039627263,0.002643446,-0.00528445,-3.2710526,0.29748535,0.70251465,0.13354492,0.32329532504081726
9199616,6416.691137428792,6.0,110.432495,500.0,178.93315,-1.0,0.56921387,1.0,0.7154097,0.45599228,-0.005301348,0.002567597,-0.006585146,-3.277851,0.29748535,0.70251465,0.13330078,0.32362502813339233
9207808,6164.07514631717,6.0,110.612305,500.0,179.09128,-1.0,0.5686035,1.0,0.715639,0.45579243,-0.0050512357,0.0029256558,-0.006514063,-3.2791154,0.29797363,0.70202637,0.13342285,0.3240368068218231
9216000,6101.312816476938,6.0,110.74695,500.0,179.18848,-1.0,0.5683594,1.0,0.7156624,0.4553758,-0.005910319,0.002061914,-0.0069412757,-3.2743213,0.29821777,0.7017822,0.13342285,0.3243800401687622
9224192,6113.660571108499,6.0,110.44739,500.0,178.88231,-1.0,0.5683594,1.0,0.71617395,0.4548965,-0.0049898988,0.0026515166,-0.0063156574,-3.2785015,0.29785156,0.70214844,0.13378906,0.3248317837715149
9232384,6104.7882386343645,6.0,110.66797,500.0,179.00453,-1.0,0.5675049,1.0,0.71659577,0.45414793,-0.0041334033,0.0029648724,-0.005615839,-3.280722,0.2984619,0.7015381,0.1340332,0.32521671056747437
9240576,6177.78350156055,6.0,110.26221,500.0,178.62845,-1.0,0.5689697,1.0,0.71611553,0.45504588,-0.0022083293,0.0033975327,-0.0039070956,-3.2862127,0.2972412,0.7027588,0.13378906,0.3255414366722107
9248768,6112.559906211696,6.0,110.19946,500.0,178.65639,-1.0,0.571167,1.0,0.71436423,0.45705107,-0.0050023743,0.0019523832,-0.0059785657,-3.2984061,0.29614258,0.7038574,0.13269043,0.32559913396835327
9256960,6138.622874155129,6.0,109.8219,500.0,178.27835,-1.0,0.57092285,1.0,0.71524227,0.45671904,-0.0041590873,0.0037450665,-0.0060316203,-3.3101816,0.29577637,0.70422363,0.13330078,0.3261941969394684
9265152,6229.994126789687,6.0,109.74902,500.0,178.17508,-1.0,0.5722656,1.0,0.71425384,0.4576223,-0.0030943258,0.004220779,-0.0052047158,-3.309638,0.29504395,0.70495605,0.13269043,0.32655394077301025
9273344,6117.242649327463,6.0,109.67468,500.0,178.14746,-1.0,0.5732422,1.0,0.7134703,0.45860386,-0.004202164,0.0033485251,-0.005876426,-3.3061945,0.29455566,0.70544434,0.13220215,0.32680395245552063
9281536,6114.063087077306,6.0,109.8949,500.0,178.29375,-1.0,0.572876,1.0,0.7135079,0.45791662,-0.0037406948,0.0022755736,-0.004878482,-3.3076146,0.29492188,0.7050781,0.13220215,0.3271471858024597
9289728,6119.692981428122,6.0,110.47131,500.0,178.76178,-1.0,0.57214355,1.0,0.71324,0.45714968,-0.0023270713,0.0017823651,-0.0032182527,-3.3072147,0.29589844,0.70410156,0.13195801,0.3277305066585541
9297920,6111.912961142986,6.0,110.81079,500.0,179.05333,-1.0,0.57263184,1.0,0.71233416,0.45720834,-0.006975354,0.0031897922,-0.00857025,-3.2968025,0.2960205,0.7039795,0.13134766,0.3280068337917328
9306112,6116.208194036936,6.0,111.104126,500.0,179.25993,-1.0,0.57250977,1.0,0.7120037,0.4571033,-0.008596849,0.003153072,-0.010173384,-3.2910237,0.29638672,0.7036133,0.13110352,0.32857874035835266
9314304,6123.860543876387,6.0,111.36401,500.0,179.44379,-1.0,0.57214355,1.0,0.71186954,0.45687377,-0.0040610773,0.0033560419,-0.0057390984,-3.2927358,0.296875,0.703125,0.13098145,0.329162061214447
9322496,6119.332226882203,6.0,111.677246,500.0,179.75351,-1.0,0.57128906,1.0,0.7119556,0.45695636,-0.0031622178,0.0037909518,-0.0050576935,-3.2931292,0.2977295,0.7022705,0.13098145,0.32964539527893066
9330688,6122.920956337682,6.0,111.59595,500.0,179.70752,-1.0,0.5708008,1.0,0.71234703,0.45654133,-0.004566583,0.0040570307,-0.006595098,-3.2932281,0.29797363,0.70202637,0.13122559,0.33003494143486023
9338880,6115.598573751815,6.0,111.67212,500.0,179.69191,-1.0,0.57128906,1.0,0.7119556,0.45653722,-0.0042780177,0.001700832,-0.0051284335,-3.2977035,0.2977295,0.7022705,0.13098145,0.33016955852508545
9347072,6123.725208036257,6.0,111.746826,500.0,179.71913,-1.0,0.5715332,1.0,0.7117597,0.45619357,-0.004356277,0.0033131125,-0.0060128327,-3.3028243,0.29760742,0.7023926,0.13085938,0.3305862247943878
9355264,6170.870176187228,6.0,111.627686,500.0,179.68468,-1.0,0.57250977,1.0,0.7109743,0.4576527,-0.0044652023,0.004113912,-0.006522158,-3.3098223,0.29711914,0.70288086,0.1303711,0.3310292959213257
9363456,6180.837345781448,6.0,111.37927,500.0,179.45,-1.0,0.5739746,1.0,0.7101361,0.45874655,-0.005166486,0.003073642,-0.0067033065,-3.3208437,0.29614258,0.7038574,0.12988281,0.33109575510025024
9371648,6150.45501684765,6.0,111.61377,500.0,179.599,-1.0,0.5755615,1.0,0.70859236,0.4600014,-0.005068099,0.0033470064,-0.0067416024,-3.337592,0.29553223,0.7044678,0.12890625,0.331318736076355
9379840,6162.906511978209,6.0,111.62378,500.0,179.50006,-1.0,0.5753174,1.0,0.7089627,0.45931774,-0.004867552,0.004044478,-0.006889791,-3.3484974,0.29553223,0.7044678,0.12915039,0.3318733274936676
9388032,6114.1762362438885,6.0,111.615845,500.0,179.5216,-1.0,0.57507324,1.0,0.7091608,0.45947158,0.0017906441,0.002347332,0.0006169788,-3.355291,0.2956543,0.7043457,0.12927246,0.33218783140182495
9396224,6326.214269183203,6.0,111.98279,500.0,179.80412,-1.0,0.57580566,1.0,0.7080491,0.45990694,-0.005366049,0.0031226156,-0.006927357,-3.360033,0.2956543,0.7043457,0.12854004,0.3326134979724884
9404416,6109.153838057118,6.0,111.86841,500.0,179.57529,-1.0,0.5780029,1.0,0.70660216,0.4610224,-0.007335872,0.0021140126,-0.008392878,-3.3632169,0.29431152,0.7056885,0.12768555,0.33259427547454834
9412608,6100.292405788291,6.0,112.09717,500.0,179.75102,-1.0,0.5772705,1.0,0.7070281,0.46058446,-0.0055229105,0.0026152504,-0.006830535,-3.3648324,0.2947998,0.7052002,0.12792969,0.33301591873168945
9420800,6118.176137150753,6.0,112.312256,500.0,179.93306,-1.0,0.5777588,1.0,0.7062835,0.46096414,-0.0019563762,0.0016332173,-0.002772985,-3.3696063,0.2947998,0.7052002,0.1274414,0.3330850601196289
9428992,6116.455342593532,6.0,112.685425,500.0,180.27138,-1.0,0.57836914,1.0,0.70517814,0.4614521,0.00026691047,0.0017849298,-0.000625554,-3.3778121,0.29492188,0.7050781,0.12670898,0.33313506841659546
9437184,6125.542918347816,6.0,112.59241,500.0,180.18478,-1.0,0.57836914,1.0,0.70535123,0.46165165,-0.002316162,0.0035623387,-0.0040973313,-3.3765326,0.2947998,0.7052002,0.12683105,0.33363133668899536
9445376,6118.199014990948,6.0,112.8363,500.0,180.33835,-1.0,0.5793457,1.0,0.7042028,0.46222055,0.00025779975,0.0027164784,-0.0011004396,-3.3841681,0.29455566,0.70544434,0.12609863,0.3338985741138458
9453568,6123.297411497095,6.0,112.802246,500.0,180.27237,-1.0,0.5789795,1.0,0.70459056,0.4618956,-0.0057340693,0.004237321,-0.007852729,-3.3844562,0.29467773,0.70532227,0.12634277,0.3343079090118408
9461760,6108.144919152683,6.0,112.816895,500.0,180.2165,-1.0,0.57958984,1.0,0.7041751,0.46193123,-0.0014178338,0.0042542247,-0.0035449462,-3.3891573,0.29431152,0.7056885,0.12609863,0.3346531391143799
9469952,6120.553078478165,6.0,112.971924,500.0,180.34634,-1.0,0.5784912,1.0,0.70481825,0.46117008,-0.0023098863,0.0026498274,-0.0036347997,-3.3970022,0.29504395,0.70495605,0.12646484,0.33486467599868774
9478144,6114.118573164545,6.0,113.05347,500.0,180.3416,-1.0,0.578125,1.0,0.70520526,0.46059877,-0.00397339,0.0040308507,-0.0059888153,-3.4085672,0.29516602,0.704834,0.12670898,0.3356420695781708
9486336,6107.970102716361,6.0,112.84338,500.0,180.14476,-1.0,0.5793457,1.0,0.7045494,0.46154538,-0.003249338,0.0033130103,-0.0049058427,-3.4116616,0.29431152,0.7056885,0.12634277,0.33628493547439575
9494528,6110.433657008575,6.0,112.72388,500.0,179.9848,-1.0,0.57910156,1.0,0.70509636,0.46104014,-0.0020454554,0.0046020173,-0.004346464,-3.4118772,0.29418945,0.70581055,0.12670898,0.3368413746356964
9502720,6107.452227041822,6.0,112.92615,500.0,180.19896,-1.0,0.5773926,1.0,0.7061508,0.45953926,-0.0033659204,0.002618113,-0.004674977,-3.4134955,0.2952881,0.7047119,0.12731934,0.33769136667251587
9510912,6114.2621888905005,6.0,113.07788,500.0,180.27559,-1.0,0.57836914,1.0,0.70517814,0.46015942,-0.007980354,0.0025797484,-0.009270228,-3.4229636,0.29492188,0.7050781,0.12670898,0.33794137835502625
9519104,6119.9000802931305,6.0,112.89978,500.0,180.12509,-1.0,0.57836914,1.0,0.70552427,0.46043426,-0.0048690396,0.003640803,-0.0066894414,-3.4276466,0.29467773,0.70532227,0.12695312,0.33849138021469116
9527296,6110.64447658268,6.0,112.831055,500.0,180.077,-1.0,0.57714844,1.0,0.706696,0.45904854,-0.001653317,0.0046662246,-0.0039864304,-3.4245026,0.29516602,0.704834,0.12768555,0.33933892846107483
9535488,6115.210004246508,6.0,113.02466,500.0,180.1778,-1.0,0.5769043,1.0,0.7067226,0.45883814,-0.002146593,0.0024165388,-0.0033548623,-3.4164727,0.29541016,0.70458984,0.12768555,0.33961525559425354
9543680,6109.240735788617,6.0,112.912964,500.0,180.10918,-1.0,0.576416,1.0,0.70729345,0.45913076,0.00096409675,0.0025794846,-0.00032564544,-3.4118807,0.29553223,0.7044678,0.12805176,0.3400231599807739
9551872,6145.17832652786,6.0,112.64575,500.0,179.87277,-1.0,0.5782471,1.0,0.70622957,0.46063957,-0.00030510582,0.003915945,-0.0022630778,-3.4130301,0.29431152,0.7056885,0.1274414,0.34040606021881104
9560064,6118.717625264157,6.0,112.85535,500.0,180.0723,-1.0,0.5772705,1.0,0.70668274,0.46003556,-0.0024188864,0.003280632,-0.0040592025,-3.4171872,0.29504395,0.70495605,0.12768555,0.34077250957489014
9568256,6113.754124146452,6.0,112.71448,500.0,179.9566,-1.0,0.5755615,1.0,0.7082477,0.45905703,-0.0005807496,0.0039293733,-0.0025454368,-3.4169934,0.29577637,0.70422363,0.12866211,0.34134441614151
9576448,6112.417457809144,6.0,112.93689,500.0,180.10886,-1.0,0.57507324,1.0,0.70829964,0.45884484,-0.0037938461,0.0030399463,-0.0053138193,-3.416609,0.29626465,0.70373535,0.12866211,0.3421599864959717
9584640,6105.890446412229,6.0,112.73035,500.0,179.84416,-1.0,0.5739746,1.0,0.7094482,0.45760304,-0.002778496,0.0038789762,-0.0047179833,-3.4138417,0.29663086,0.70336914,0.12939453,0.3425211012363434
9592832,6118.264381191429,6.0,112.66406,500.0,179.75403,-1.0,0.57263184,1.0,0.71061844,0.45643324,-0.004686225,0.0043001287,-0.006836289,-3.4153502,0.2972412,0.7027588,0.13012695,0.3431747257709503
9601024,6189.912198057081,6.0,112.71106,500.0,179.82031,-1.0,0.5732422,1.0,0.7100402,0.4564574,-0.005786213,0.002469625,-0.0070210258,-3.4125886,0.29699707,0.7030029,0.12976074,0.3435179591178894
9609216,6103.23974511142,6.0,113.31824,500.0,180.26317,-1.0,0.5731201,1.0,0.7093648,0.45636916,-0.0022599583,0.0023017104,-0.0034108134,-3.418065,0.29760742,0.7023926,0.12927246,0.3437309265136719
9617408,6120.049418172303,6.0,113.583496,500.0,180.47346,-1.0,0.5743408,1.0,0.7080321,0.45705712,-0.0044753575,0.0025910237,-0.0057708696,-3.4254074,0.2972412,0.7027588,0.12841797,0.3440072536468506
9625600,6106.6902300921,6.0,113.26953,500.0,180.23357,-1.0,0.5751953,1.0,0.70776933,0.45753652,-0.004772455,0.0041163177,-0.006830614,-3.4263077,0.2965088,0.7034912,0.1282959,0.3444414734840393
9633792,6105.4466948332,6.0,113.21924,500.0,180.11061,-1.0,0.57580566,1.0,0.70753175,0.45758057,-0.0021229424,0.0032716263,-0.0037587557,-3.4183345,0.2960205,0.7039795,0.12817383,0.34466445446014404
9641984,6100.764655352113,6.0,113.42395,500.0,180.31064,-1.0,0.5744629,1.0,0.7081916,0.45708084,-0.0014192252,0.0030678513,-0.0029531505,-3.4174955,0.29699707,0.7030029,0.12854004,0.3454521894454956
9650176,6109.391726476396,6.0,113.75598,500.0,180.61288,-1.0,0.57299805,1.0,0.7088609,0.4561998,-0.0025025038,0.0032585878,-0.0041317977,-3.4172597,0.2980957,0.7019043,0.12890625,0.3459338843822479
9658368,6116.501072710015,6.0,113.96362,500.0,180.80347,-1.0,0.5718994,1.0,0.70931745,0.45530456,-0.0038439538,0.002872438,-0.005280173,-3.4227548,0.2989502,0.7010498,0.12915039,0.3461633324623108
9666560,6110.754238923418,6.0,114.09778,500.0,180.79324,-1.0,0.57141113,1.0,0.7097109,0.45452696,-0.0028416582,0.0037339681,-0.004708642,-3.426312,0.29919434,0.70080566,0.12939453,0.34669458866119385
9674752,6119.279915554719,6.0,113.87732,500.0,180.5952,-1.0,0.5718994,1.0,0.7096616,0.4550718,-0.0021559868,0.004889777,-0.004600876,-3.4377797,0.29870605,0.70129395,0.12939453,0.3470867872238159
9682944,6118.754672219414,6.0,114.08252,500.0,180.74376,-1.0,0.57128906,1.0,0.70989513,0.45490038,0.00029943883,0.0025514818,-0.0009763025,-3.439921,0.29919434,0.70080566,0.1295166,0.34759435057640076
9691136,6123.192654108799,6.0,114.195435,500.0,180.80687,-1.0,0.5715332,1.0,0.70952654,0.45518717,-0.0025571482,0.0032648747,-0.004189586,-3.437177,0.29919434,0.70080566,0.12927246,0.3479781448841095
9699328,6109.938179615768,6.0,114.37012,500.0,180.8217,-1.0,0.5710449,1.0,0.7099196,0.45490116,-0.003579796,0.0033370636,-0.0052483277,-3.4371915,0.29943848,0.7005615,0.1295166,0.3485852777957916
9707520,6261.850563698413,6.0,114.40454,500.0,180.91318,-1.0,0.5720215,1.0,0.7089608,0.45573482,-0.004458095,0.002943499,-0.0059298445,-3.4386256,0.29907227,0.70092773,0.12890625,0.34866422414779663
9715712,6222.797847721399,6.0,114.62695,500.0,181.07893,-1.0,0.5734863,1.0,0.7074314,0.45623493,-0.0022232556,0.0042425315,-0.004344521,-3.4450943,0.29858398,0.701416,0.12792969,0.3490552604198456
9723904,6106.5860401598175,6.0,114.9032,500.0,181.34064,-1.0,0.57250977,1.0,0.7077046,0.45559245,-0.003963543,0.0029908055,-0.005458946,-3.4542856,0.29943848,0.7005615,0.12805176,0.34936976432800293
9732096,6188.64122952451,6.0,115.21912,500.0,181.54997,-1.0,0.57214355,1.0,0.7077421,0.4546293,-0.002085701,0.0036244122,-0.0038979065,-3.4641104,0.2998047,0.7001953,0.12805176,0.34997913241386414
9740288,6118.431071324782,6.0,115.593994,500.0,181.8659,-1.0,0.5716553,1.0,0.70761925,0.4543457,0.00047516346,0.00209795,-0.0005738112,-3.4702902,0.30041504,0.69958496,0.12792969,0.3500700294971466
9748480,6113.200462372129,6.0,115.817505,500.0,182.05394,-1.0,0.57263184,1.0,0.70648366,0.45510393,-0.0006749907,0.0019412286,-0.0016456051,-3.4766755,0.3001709,0.6998291,0.12719727,0.3499109447002411
9756672,6096.327745049491,6.0,115.94507,500.0,182.18799,-1.0,0.5710449,1.0,0.70750815,0.4543781,-0.0046795886,0.0039205737,-0.006639876,-3.4789405,0.30114746,0.69885254,0.12780762,0.3505180776119232
9764864,6106.28434353478,6.0,116.176636,500.0,182.38916,-1.0,0.5710449,1.0,0.70716304,0.45445105,-0.002517645,0.0024790443,-0.0037571676,-3.4751625,0.3013916,0.6986084,0.12756348,0.35065269470214844
9773056,6123.428363273193,6.0,116.223755,500.0,182.38802,-1.0,0.571167,1.0,0.7069782,0.45440626,-0.0012625628,0.0023524372,-0.0024387813,-3.4842057,0.3013916,0.6986084,0.1274414,0.35064080357551575
9781248,6124.039545627026,6.0,116.73547,500.0,182.84868,-1.0,0.5706787,1.0,0.70650893,0.4539534,-0.00090636674,0.002168829,-0.0019907816,-3.49815,0.3022461,0.6977539,0.1270752,0.350790798664093
9789440,6116.175532726327,6.0,116.845215,500.0,182.83563,-1.0,0.5699463,1.0,0.7070999,0.4532889,-0.0055698426,0.004143507,-0.007641596,-3.4990237,0.3026123,0.6973877,0.1274414,0.3514382243156433
9797632,6111.440071146526,6.0,116.98572,500.0,182.9542,-1.0,0.5703125,1.0,0.7065455,0.4533444,0.0018429372,0.0022269976,0.00072943885,-3.4925141,0.3026123,0.6973877,0.1270752,0.3515215516090393
9805824,6110.345638707591,6.0,117.16028,500.0,183.04073,-1.0,0.57055664,1.0,0.7061755,0.4534273,-0.0034577304,0.0024530552,-0.0046842583,-3.4858618,0.3026123,0.6973877,0.12683105,0.3517179787158966
9814016,6113.28638758602,6.0,117.37439,500.0,183.30823,-1.0,0.57092285,1.0,0.705447,0.45359594,-0.0034728192,0.0027399845,-0.0048428113,-3.4861987,0.30273438,0.6972656,0.12634277,0.3517148792743683
9822208,6126.241904954805,6.0,117.38635,500.0,183.30286,-1.0,0.5708008,1.0,0.7056322,0.4532886,-0.006317967,0.0024607095,-0.0075483224,-3.485746,0.30273438,0.6972656,0.12646484,0.351991206407547
9830400,6218.508087470244,6.0,117.42139,500.0,183.33028,-1.0,0.57092285,1.0,0.705447,0.45368716,-0.00053434033,0.0019614864,-0.001515083,-3.489289,0.30273438,0.6972656,0.12634277,0.35220417380332947
9838592,6122.292543040792,6.0,117.648926,500.0,183.57271,-1.0,0.57055664,1.0,0.70531064,0.45337486,-0.0013565263,0.0045560743,-0.0036345634,-3.4955192,0.30322266,0.69677734,0.1262207,0.35270997881889343
9846784,6114.231724384848,6.0,117.7229,500.0,183.60437,-1.0,0.5698242,1.0,0.70590246,0.45265684,-0.0036230567,0.0029938137,-0.005119964,-3.4998536,0.30358887,0.69641113,0.12658691,0.35327816009521484
9854976,6106.172571418417,6.0,117.95947,500.0,183.79478,-1.0,0.5698242,1.0,0.7055565,0.45267552,-0.00074888393,0.0023988124,-0.0019482903,-3.5051923,0.303833,0.696167,0.12634277,0.3533507287502289
9863168,6108.0797690004765,6.0,117.88489,500.0,183.7781,-1.0,0.5715332,1.0,0.70417297,0.453873,-0.0060783736,0.0037637586,-0.007960252,-3.505772,0.30297852,0.6970215,0.12548828,0.3536441922187805
9871360,6151.91080735671,6.0,117.76233,500.0,183.66473,-1.0,0.5706787,1.0,0.70512533,0.453498,0.00023631612,0.0039145793,-0.0017209739,-3.5047555,0.30322266,0.69677734,0.12609863,0.3542608618736267
9879552,6106.4438700504725,6.0,117.43176,500.0,183.35532,-1.0,0.56848145,1.0,0.7074159,0.45183194,-0.0023889137,0.0035913486,-0.004184586,-3.5005674,0.30395508,0.6960449,0.12756348,0.3550868034362793
9887744,6224.708688842813,6.0,117.29175,500.0,183.22137,-1.0,0.56799316,1.0,0.70815283,0.45106316,-0.00587029,0.003384185,-0.007562383,-3.5018444,0.30395508,0.6960449,0.12805176,0.35563045740127563
9895936,6120.214025300402,6.0,117.214355,500.0,183.09122,-1.0,0.56921387,1.0,0.7073446,0.4518544,-0.0035801386,0.004070069,-0.005615173,-3.5048938,0.30322266,0.69677734,0.12756348,0.3560594618320465
9904128,6102.935127046279,6.0,117.07349,500.0,183.057,-1.0,0.5718994,1.0,0.70534813,0.45408827,0.0017962103,0.0023029635,0.0006447281,-3.5055637,0.3017578,0.6982422,0.12634277,0.3561519384384155
9912320,6116.408524373166,6.0,117.28088,500.0,183.21368,-1.0,0.5710449,1.0,0.7056077,0.4536675,-0.002348099,0.0028122892,-0.0037542435,-3.501293,0.30249023,0.69750977,0.12646484,0.35670551657676697
9920512,6372.526406589198,6.0,117.43579,500.0,183.28696,-1.0,0.57128906,1.0,0.70523703,0.45354897,-0.0046781236,0.002462608,-0.0059094275,-3.492861,0.30249023,0.69750977,0.1262207,0.35695552825927734
9928704,6117.729508833029,6.0,117.60864,500.0,183.46341,-1.0,0.5710449,1.0,0.7050885,0.45386887,-0.0030990457,0.0034948685,-0.0048464797,-3.4909368,0.30285645,0.69714355,0.12609863,0.3574589490890503
9936896,6115.980660822858,6.0,117.798584,500.0,183.59436,-1.0,0.571167,1.0,0.70473,0.45381117,-0.0017612724,0.0023556976,-0.0029391206,-3.4914427,0.30297852,0.6970215,0.12585449,0.3577544093132019
9945088,6116.730822451991,6.0,118.0863,500.0,183.82541,-1.0,0.56884766,1.0,0.70599836,0.4524557,-0.0023130707,0.005219934,-0.0049230377,-3.4838061,0.30456543,0.6954346,0.12658691,0.3583933115005493
9953280,6108.886643020331,6.0,118.31189,500.0,183.95099,-1.0,0.5675049,1.0,0.7068193,0.4516405,-0.0014313437,0.0030285828,-0.0029456348,-3.4741998,0.30541992,0.6945801,0.1270752,0.3589766323566437
9961472,6113.637727196945,6.0,118.58801,500.0,184.07634,-1.0,0.5650635,1.0,0.7086004,0.44972977,-0.0052965945,0.0038341123,-0.00721365,-3.4689744,0.3067627,0.6932373,0.12817383,0.35995614528656006
9969664,6110.346725337823,6.0,118.73389,500.0,184.21532,-1.0,0.5629883,1.0,0.70999223,0.44849366,-0.0029271308,0.0033175761,-0.004585919,-3.4799569,0.3079834,0.6920166,0.12902832,0.36057916283607483
9977856,6110.298913973236,6.0,118.99829,500.0,184.44444,-1.0,0.56152344,1.0,0.71063626,0.44791102,-0.0017007302,0.0031785993,-0.0032900302,-3.484211,0.30908203,0.69091797,0.12939453,0.3610309064388275
9986048,6117.445225748089,6.0,119.152466,500.0,184.55989,-1.0,0.5621338,1.0,0.70989573,0.4479363,-0.0043306183,0.0038530366,-0.006257137,-3.4847317,0.30895996,0.69104004,0.12890625,0.3613973557949066
9994240,6117.818829279861,6.0,119.15173,500.0,184.53612,-1.0,0.5629883,1.0,0.7093042,0.44847435,-0.0026658792,0.0024124319,-0.0038720956,-3.4913442,0.30847168,0.6915283,0.12854004,0.3615710735321045
