timestep,fps,ep_len_min,ep_len_mean,ep_len_max,ep_len_std,return_min,return_mean,return_max,return_std,disc_return_mean,total_loss,value_loss,actor_loss,entropy,prob_fail,prob_success
8192,371.1108599961307,38.0,262.34784,500.0,188.25183,0.0,0.65217394,1.0,0.47628048,0.22863355,0.003977773,0.012350976,-0.0021977157,2.1733422,0.3478261,0.65217394
16384,6825.073071743267,20.0,311.64285,500.0,190.16907,0.0,0.52380955,1.0,0.4994328,0.17447929,-0.0014025894,0.00497255,-0.003888864,2.1662698,0.47619048,0.52380955
24576,6869.717763214061,9.0,328.31747,500.0,190.73283,0.0,0.47619048,1.0,0.4994328,0.1659012,0.001242682,0.005994228,-0.0017544318,2.1679618,0.52380955,0.47619048
32768,6816.5549844850775,9.0,349.7195,500.0,188.86046,0.0,0.41463414,1.0,0.4926588,0.15198722,-0.0017195004,0.0016036618,-0.002521331,2.1715074,0.58536583,0.41463414
40960,6849.9688635045595,9.0,362.901,500.0,187.518,0.0,0.37623763,1.0,0.48444077,0.14562015,-0.0029788688,0.0017069738,-0.0038323556,2.1754713,0.62376237,0.37623763
49152,6854.430491037106,9.0,365.0484,500.0,186.80524,0.0,0.37096775,1.0,0.48306385,0.14307572,-0.0016167907,0.0032500343,-0.0032418082,2.1709518,0.62903225,0.37096775
57344,6850.099964772355,9.0,365.85617,500.0,184.19446,0.0,0.38356164,1.0,0.48625314,0.13686384,-0.003111819,0.0042899754,-0.0052568065,2.1648545,0.6164383,0.38356164
65536,6954.872003471795,9.0,356.4593,500.0,184.336,0.0,0.41860464,1.0,0.49333033,0.13974826,-0.002290678,0.005157564,-0.00486946,2.1492798,0.5813953,0.41860464
73728,6828.841295804365,9.0,359.3846,500.0,183.54459,0.0,0.41025642,1.0,0.49188018,0.1367164,-0.0029281038,0.0021097732,-0.00398299,2.135974,0.5897436,0.41025642
81920,6842.744209861155,9.0,356.42203,500.0,185.2109,0.0,0.41284403,1.0,0.4923452,0.1405114,-0.002334433,0.0024306313,-0.003549748,2.1308632,0.58715594,0.41284403
90112,6846.471951468586,8.0,348.80566,500.0,189.54486,0.0,0.4291498,1.0,0.4949548,0.15435797,-0.0016239394,0.003868966,-0.0035584224,2.1216187,0.5708502,0.4291498
98304,6840.083827099838,8.0,349.04797,500.0,190.73398,0.0,0.42435426,1.0,0.4942446,0.15750338,-0.0020775336,0.0021238513,-0.0031394593,2.1138957,0.57564574,0.42435426
106496,6843.480164810421,8.0,342.01993,500.0,194.17975,0.0,0.4385382,1.0,0.49620807,0.16964294,-0.0015851823,0.0034092977,-0.0032898309,2.1102538,0.5614618,0.4385382
114688,6844.953913347324,8.0,332.6435,500.0,199.10287,0.0,0.4531722,1.0,0.4978023,0.18786573,-0.00083260186,0.0033743693,-0.0025197868,2.1029162,0.5468278,0.4531722
122880,6977.159045713939,7.0,321.5811,500.0,202.25958,0.0,0.48108107,1.0,0.49964195,0.20546046,-0.0021203365,0.005132401,-0.004686537,2.0997734,0.51891893,0.48108107
131072,6971.579916502724,6.0,311.6634,500.0,204.7005,0.0,0.5012285,1.0,0.49999848,0.22039528,-0.0007787987,0.0054670973,-0.0035123478,2.1016312,0.4987715,0.5012285
139264,6837.699006814667,6.0,308.22675,500.0,205.89809,0.0,0.50566894,1.0,0.49996787,0.2264962,0.0001679011,0.0031201574,-0.001392178,2.1020362,0.49433106,0.50566894
147456,6844.302168281876,6.0,297.68466,500.0,208.56671,0.0,0.52489626,1.0,0.49937978,0.24388885,0.00024710526,0.0045899902,-0.0020478903,2.0963206,0.47510374,0.52489626
155648,6877.161937781226,6.0,295.44553,500.0,209.02388,0.0,0.52918285,1.0,0.49914762,0.24726936,-0.00095773325,0.0031522266,-0.0025338463,2.0928035,0.47081712,0.52918285
163840,6902.111280317243,3.0,292.50455,500.0,209.3414,0.0,0.5353902,1.0,0.49874595,0.2521932,-0.0010694326,0.0049676956,-0.0035532806,2.0961945,0.4646098,0.5353902
172032,6850.982297572968,3.0,288.0291,500.0,209.32507,0.0,0.5462329,1.0,0.49785793,0.2574471,-0.00081160537,0.0026686834,-0.002145947,2.0988548,0.45376712,0.5462329
180224,6869.704028264369,3.0,285.46204,500.0,209.293,0.0,0.55088854,1.0,0.49740365,0.25949994,-0.0021784808,0.0036689579,-0.004012959,2.0932512,0.44911146,0.55088854
188416,6934.929314649787,3.0,279.78668,500.0,210.28062,0.0,0.55975795,1.0,0.49641615,0.26946062,0.0011830969,0.004334249,-0.0009840276,2.086687,0.44024205,0.55975795
196608,6893.42759398285,3.0,272.91193,500.0,211.39412,0.0,0.57102275,1.0,0.49493006,0.28270966,-1.0457006e-06,0.0029609068,-0.001481499,2.0809689,0.42897728,0.57102275
204800,6845.956315851239,3.0,268.8064,500.0,211.5412,0.0,0.57810414,1.0,0.49386206,0.28872034,-0.0009666747,0.0042015905,-0.00306747,2.077222,0.42189586,0.57810414
212992,6841.033045268432,3.0,264.00882,500.0,211.8359,0.0,0.5869018,1.0,0.4923902,0.2974338,0.00013659609,0.0029853538,-0.0013560806,2.0764036,0.41309825,0.5869018
221184,6840.027998940146,3.0,259.34442,500.0,211.78406,0.0,0.5973872,1.0,0.490424,0.30514967,-0.003994223,0.0037698986,-0.005879173,2.075416,0.40261284,0.5973872
229376,6880.636541424511,3.0,258.4405,500.0,212.20871,0.0,0.59839815,1.0,0.4902222,0.30820483,0.0003340721,0.0028723166,-0.0011020863,2.069854,0.40160182,0.59839815
237568,6851.633949267212,3.0,252.82614,500.0,212.33388,0.0,0.60799134,1.0,0.4881986,0.3177872,-0.0010659478,0.004055792,-0.0030938436,2.0592613,0.39200863,0.60799134
245760,6841.561562078186,3.0,252.23117,500.0,212.67293,0.0,0.6077406,1.0,0.488254,0.31986356,-0.0027702642,0.0023654513,-0.00395299,2.0505047,0.39225942,0.6077406
253952,6853.252002138167,3.0,249.2199,500.0,213.32933,0.0,0.6109453,1.0,0.4875358,0.32763278,-0.0038914306,0.0029101125,-0.005346487,2.045373,0.38905472,0.6109453
262144,6916.530244248376,3.0,244.4692,500.0,213.19862,0.0,0.61990523,1.0,0.4854099,0.3358058,-0.001084526,0.0043387455,-0.0032538988,2.0511887,0.3800948,0.61990523
270336,6920.094926057538,3.0,241.80037,500.0,213.50713,0.0,0.62341195,1.0,0.48453015,0.3419669,-0.0010522634,0.0034913316,-0.0027979296,2.0533946,0.37658802,0.62341195
278528,6834.457938026748,3.0,240.83727,500.0,214.0784,0.0,0.623797,1.0,0.48443195,0.34579968,-0.001094654,0.0027721387,-0.0024807237,2.052466,0.37620297,0.623797
286720,6830.70659943525,3.0,241.29948,500.0,214.19968,0.0,0.62286687,1.0,0.48466867,0.34508574,-0.0018475039,0.0019849734,-0.002839991,2.0508525,0.3771331,0.62286687
294912,6861.1509664392115,3.0,240.53522,500.0,214.3399,0.0,0.62386084,1.0,0.48441568,0.3470158,-0.0015575113,0.0030227515,-0.0030688872,2.0519774,0.3761392,0.62386084
303104,6846.098176106657,3.0,238.15489,500.0,214.36826,0.0,0.6274821,1.0,0.48347524,0.35200146,-0.0027342741,0.004167653,-0.004818101,2.0530474,0.37251788,0.6274821
311296,7005.247730565845,3.0,236.45273,500.0,214.51093,0.0,0.62951577,1.0,0.48293442,0.35580423,-0.0019899467,0.002656931,-0.0033184122,2.04922,0.37048423,0.62951577
319488,6996.465163406172,3.0,234.65208,500.0,214.47917,0.0,0.6320475,1.0,0.48224834,0.35903895,-0.0027379482,0.00258511,-0.0040305033,2.0467954,0.36795253,0.6320475
327680,6857.13078539891,3.0,231.66476,500.0,214.06717,0.0,0.6375983,1.0,0.480694,0.36364806,0.00048534834,0.0052344,-0.0021318514,2.041252,0.36240172,0.6375983
335872,6843.503336332866,3.0,229.89688,500.0,214.02907,0.0,0.6401384,1.0,0.47995958,0.36708537,-0.0029479947,0.002667139,-0.0042815646,2.0369647,0.35986158,0.6401384
344064,7018.945448119976,3.0,227.82286,500.0,214.10399,0.0,0.6430481,1.0,0.47910044,0.37219357,-0.002213072,0.0036844,-0.0040552723,2.0352643,0.35695186,0.6430481
352256,6834.718959427995,3.0,227.22208,500.0,213.81032,0.0,0.6466362,1.0,0.47801444,0.37295243,-0.00059968606,0.005125126,-0.003162249,2.0274081,0.3533638,0.6466362
360448,6832.255004923397,3.0,223.91383,500.0,213.7797,0.0,0.65220124,1.0,0.47627175,0.38061148,0.000509696,0.004830294,-0.0019054511,2.0196955,0.34779873,0.65220124
368640,6825.178818265716,3.0,220.90236,500.0,213.49501,0.0,0.65858096,1.0,0.4741857,0.38690403,-0.00021862368,0.0054633683,-0.002950308,2.011254,0.34141904,0.65858096
376832,6834.573491916803,3.0,218.49854,500.0,213.39484,0.0,0.66296077,1.0,0.47269842,0.3924072,0.00049674016,0.0065600662,-0.002783293,2.0067427,0.3370392,0.66296077
385024,6835.73740541603,3.0,213.57622,500.0,212.7501,0.0,0.6716918,1.0,0.4695976,0.40198016,0.0023646993,0.0071095815,-0.0011900916,2.0056958,0.3283082,0.6716918
393216,6837.520756590567,3.0,209.64554,500.0,211.84842,0.0,0.68045115,1.0,0.46630183,0.40886486,-0.0012680462,0.007470185,-0.005003139,2.0025153,0.31954888,0.68045115
401408,6851.662641184509,3.0,207.7332,500.0,211.50664,0.0,0.6836894,1.0,0.46503568,0.4125366,-0.00063324795,0.0047211717,-0.0029938335,1.9953451,0.31631058,0.6836894
409600,6847.013588914609,3.0,204.36336,500.0,210.49753,0.0,0.6914947,1.0,0.46187636,0.41768646,0.00015837848,0.0066589843,-0.0031711138,1.9877962,0.3085053,0.6914947
417792,6839.629058373374,3.0,200.95886,500.0,209.41965,0.0,0.69941914,1.0,0.45851067,0.4233619,-0.0014542025,0.0073239105,-0.0051161572,1.9877461,0.30058083,0.69941914
425984,6910.347090311443,3.0,195.73718,500.0,208.08998,0.0,0.70946884,1.0,0.4540075,0.43296778,0.0018996525,0.0071336315,-0.0016671631,1.9808488,0.2905312,0.70946884
434176,6843.19666712275,3.0,188.9786,500.0,205.62689,0.0,0.7235808,1.0,0.4472266,0.44363895,-0.0008500372,0.00733627,-0.0045181727,1.97317,0.27641922,0.7235808
442368,6837.46905215759,3.0,183.15945,500.0,203.67435,0.0,0.73563695,1.0,0.44099346,0.45436096,-0.0008032202,0.005984949,-0.0037956946,1.9706447,0.26436302,0.73563695
450560,6837.394218179011,3.0,180.05666,500.0,202.53691,0.0,0.74166334,1.0,0.43772006,0.45992613,-0.0013348673,0.0053575435,-0.004013639,1.9663202,0.2583367,0.74166334
458752,6842.5670591613725,3.0,174.34889,500.0,200.6205,0.0,0.75210404,1.0,0.43179107,0.47170645,-0.0003306882,0.0057470603,-0.0032042186,1.9620161,0.24789594,0.75210404
466944,6858.811677475299,3.0,169.50528,500.0,198.97545,0.0,0.7613843,1.0,0.4262373,0.48186845,3.050547e-06,0.005862217,-0.0029280577,1.9631375,0.23861566,0.7613843
475136,6867.2943949180035,3.0,165.98949,500.0,197.44014,0.0,0.7682328,1.0,0.42196107,0.48832363,-0.00062958495,0.005342319,-0.0033007439,1.9626648,0.23176718,0.7682328
483328,6841.898057332197,3.0,160.8955,500.0,195.27376,0.0,0.7772955,1.0,0.41606152,0.4979686,0.0006432545,0.0069557945,-0.0028346428,1.9550378,0.22270451,0.7772955
491520,6834.122174190292,3.0,158.98831,500.0,194.40349,0.0,0.780773,1.0,0.41372275,0.5016535,-0.0020552804,0.0043774126,-0.0042439867,1.9504151,0.21922702,0.780773
499712,6841.936204632002,3.0,154.81711,500.0,192.49356,0.0,0.7881804,1.0,0.40859765,0.5097778,-0.0022116376,0.005940259,-0.005181767,1.943892,0.21181959,0.7881804
507904,6843.780043696155,3.0,151.7772,500.0,191.02864,0.0,0.79370314,1.0,0.4046461,0.51589084,-0.001717112,0.005683158,-0.0045586904,1.937713,0.20629685,0.79370314
516096,6890.456818706409,3.0,146.3356,500.0,188.35864,0.0,0.80352074,1.0,0.3973351,0.5271927,5.8747974e-05,0.007080164,-0.0034813336,1.9283593,0.19647928,0.80352074
524288,6839.706664325701,3.0,140.4558,500.0,185.14404,0.0,0.8140285,1.0,0.38908368,0.5386142,0.0001880627,0.006490308,-0.003057091,1.9173927,0.18597151,0.8140285
532480,6868.006811291681,3.0,135.08359,500.0,182.12967,0.0,0.8234248,1.0,0.3813088,0.5495485,-0.0015400804,0.0057494817,-0.004414822,1.9109616,0.1765752,0.8234248
540672,6846.8525894890045,3.0,130.62761,500.0,179.3611,0.0,0.831477,1.0,0.37433007,0.5583601,-0.001320374,0.005339736,-0.003990242,1.9065715,0.168523,0.831477
548864,6909.242382130263,3.0,125.92111,500.0,176.39156,0.0,0.8396964,1.0,0.3668874,0.56805396,-0.0010823836,0.004524771,-0.003344769,1.9007728,0.1603036,0.8396964
557056,6858.932163925734,3.0,121.295654,500.0,173.624,0.0,0.8470434,1.0,0.35994565,0.5786267,0.00011912495,0.004724641,-0.0022431957,1.896453,0.15295658,0.8470434
565248,6858.110749352108,3.0,117.486984,500.0,171.16646,0.0,0.8533639,1.0,0.3537428,0.5870749,-0.00037655825,0.004023562,-0.0023883395,1.892707,0.14663611,0.8533639
573440,6854.193940455432,3.0,113.62748,500.0,168.44878,0.0,0.8598094,1.0,0.3471847,0.5954547,-0.0017549339,0.0045074793,-0.004008673,1.8848633,0.14019063,0.8598094
581632,6833.216999646006,3.0,110.28569,500.0,166.0643,0.0,0.86541384,1.0,0.34128103,0.6029963,-0.0026805047,0.0040460853,-0.0047035473,1.874947,0.13458619,0.86541384
589824,6829.953024433966,3.0,107.63115,500.0,163.92241,0.0,0.87022483,1.0,0.33605593,0.6084088,0.000743604,0.004430607,-0.0014716991,1.867421,0.12977518,0.87022483
598016,6828.012146641222,3.0,104.9262,500.0,161.71834,0.0,0.8750659,1.0,0.3306442,0.6141428,-1.6682709e-05,0.0052679046,-0.0026506355,1.8599097,0.12493411,0.8750659
606208,6838.746925028372,3.0,102.09843,500.0,159.48996,0.0,0.87979066,1.0,0.32520622,0.62064487,-0.002224776,0.0042960146,-0.0043727835,1.8481565,0.12020935,0.87979066
614400,6829.652998510822,3.0,99.7326,500.0,157.58003,0.0,0.88370204,1.0,0.3205819,0.6260287,0.0025326558,0.0045509753,0.0002571682,1.8354189,0.11629798,0.88370204
622592,6827.476224464329,3.0,96.99969,500.0,155.32722,0.0,0.8879875,1.0,0.3153818,0.6322918,-0.00026642682,0.0047073513,-0.0026201024,1.8293884,0.11201248,0.8879875
630784,6854.260938673846,3.0,94.8829,500.0,153.42372,0.0,0.89148456,1.0,0.31103027,0.63679457,0.0011924759,0.004440007,-0.0010275271,1.8236568,0.10851545,0.89148456
638976,6864.679351103052,3.0,92.89285,500.0,151.67413,0.0,0.89489007,1.0,0.30669498,0.6415686,0.00022358986,0.0043701944,-0.0019615074,1.8152146,0.105109915,0.89489007
647168,6864.158226844177,3.0,90.35547,500.0,149.45753,0.0,0.89879787,1.0,0.3015962,0.64773697,0.00091195514,0.0039926707,-0.0010843801,1.8105536,0.10120212,0.89879787
655360,6844.686655588123,3.0,87.803055,500.0,147.01468,0.0,0.90293604,1.0,0.29604483,0.6535009,0.00013878365,0.00332385,-0.0015231414,1.8009381,0.09706395,0.90293604
663552,6856.594387447627,3.0,85.09381,500.0,144.58191,0.0,0.90695584,1.0,0.2904943,0.66039276,-0.0005200502,0.0031745222,-0.0021073115,1.7906083,0.09304415,0.90695584
671744,6868.157824112654,3.0,82.74658,500.0,142.31816,0.0,0.910514,1.0,0.28544396,0.666026,0.0010784436,0.0027128272,-0.00027796987,1.7842228,0.08948601,0.910514
679936,6849.350297099808,3.0,73.46167,500.0,131.18295,0.0,0.92700195,1.0,0.2601333,0.6844536,0.0002934864,0.0030312159,-0.0012221215,1.7762703,0.07299805,0.92700195
688128,6859.266262134565,3.0,64.340576,500.0,118.90559,0.0,0.9425049,1.0,0.23278622,0.70393217,-0.0021336176,0.0029889129,-0.0036280747,1.7695972,0.057495117,0.9425049
696320,6858.228473361887,3.0,56.986572,500.0,108.17358,0.0,0.95458984,1.0,0.208202,0.7213391,-0.0022458357,0.0027909267,-0.003641299,1.760632,0.045410156,0.95458984
704512,6873.014365429514,3.0,50.45874,500.0,96.27179,0.0,0.96643066,1.0,0.18011783,0.7353371,-0.002016833,0.0022342044,-0.0031339354,1.7451382,0.033569336,0.96643066
712704,6855.193580489285,3.0,43.992065,500.0,82.65667,0.0,0.97766113,1.0,0.14778309,0.749522,-0.00045779906,0.002152982,-0.0015342899,1.7307447,0.022338867,0.97766113
720896,6875.388117814155,3.0,39.449463,500.0,71.84116,0.0,0.98461914,1.0,0.123062134,0.76035345,-0.001618808,0.002193824,-0.0027157199,1.7211256,0.015380859,0.98461914
729088,6855.065019470049,3.0,36.486572,500.0,64.934425,0.0,0.98791504,1.0,0.109265335,0.7688304,0.0012359021,0.002331773,7.001555e-05,1.7092539,0.012084961,0.98791504
737280,6865.800036247544,3.0,34.857056,500.0,61.864155,0.0,0.9888916,1.0,0.10480936,0.7747269,-0.0013485226,0.0022261853,-0.002461615,1.7038772,0.011108398,0.9888916
745472,6901.78131350576,3.0,33.08191,500.0,57.104126,0.0,0.99072266,1.0,0.095871136,0.7799256,-0.0010643909,0.002360792,-0.002244787,1.6930137,0.009277344,0.99072266
753664,6844.032234920208,3.0,31.246826,500.0,52.133965,0.0,0.99279785,1.0,0.08455931,0.78599274,-0.0023606673,0.0021413364,-0.0034313356,1.6808255,0.0072021484,0.99279785
761856,6883.841575073412,3.0,29.795898,500.0,48.249756,0.0,0.99401855,1.0,0.07710815,0.79107255,-0.00070649455,0.001705876,-0.0015594324,1.6693374,0.0059814453,0.99401855
770048,6870.649120916147,3.0,28.896118,500.0,46.868702,0.0,0.9942627,1.0,0.07552739,0.79555273,-0.0019732486,0.0017090414,-0.0028277691,1.659291,0.0057373047,0.9942627
778240,6856.308434061905,3.0,28.14038,500.0,45.78927,0.0,0.99438477,1.0,0.07472418,0.79937565,0.0005825559,0.0016314061,-0.00023314712,1.6452488,0.0056152344,0.99438477
786432,6848.311411594024,3.0,27.429443,500.0,43.479523,0.0,0.9951172,1.0,0.06970632,0.8019952,-0.00037792162,0.0017673761,-0.0012616095,1.630539,0.0048828125,0.9951172
794624,6855.441142417288,3.0,26.689209,500.0,41.92583,0.0,0.9954834,1.0,0.06705372,0.8054528,-0.0020158486,0.0014171435,-0.0027244203,1.6157639,0.0045166016,0.9954834
802816,6877.007775921523,3.0,25.723877,500.0,39.465446,0.0,0.9958496,1.0,0.0642897,0.80965734,-0.00097477494,0.001374937,-0.0016622435,1.6041687,0.0041503906,0.9958496
811008,6862.992840541661,3.0,25.015625,500.0,37.824604,0.0,0.9959717,1.0,0.06334108,0.81290233,0.0021239903,0.0013295666,0.001459207,1.5923908,0.0040283203,0.9959717
819200,6885.637698472102,3.0,24.222778,500.0,35.515816,0.0,0.99645996,1.0,0.059392817,0.816548,0.0017229617,0.001360716,0.0010426035,1.5821791,0.003540039,0.99645996
827392,6876.056805146755,3.0,23.176636,500.0,32.269516,0.0,0.99694824,1.0,0.055158354,0.82124496,0.0014180052,0.0011179395,0.0008590352,1.5739386,0.0030517578,0.99694824
835584,6882.120824602928,3.0,22.526001,500.0,30.609386,0.0,0.9971924,1.0,0.05291251,0.8244609,0.0024772182,0.0012172167,0.0018686098,1.563237,0.0028076172,0.9971924
843776,6841.332709723985,3.0,22.337158,500.0,30.885736,0.0,0.9970703,1.0,0.05404724,0.8260463,0.00039053237,0.0014096941,-0.00031431465,1.5535504,0.0029296875,0.9970703
851968,6850.450958492252,3.0,21.928833,500.0,29.686275,0.0,0.99731445,1.0,0.05175263,0.82810587,0.0001429122,0.001214578,-0.0004643766,1.5410864,0.0026855469,0.99731445
860160,6860.713940593672,3.0,21.499512,500.0,29.600254,0.0,0.9971924,1.0,0.05291251,0.8311671,0.0039963983,0.0011518904,0.0034204528,1.5308008,0.0028076172,0.9971924
868352,6859.840055901334,3.0,21.30371,500.0,29.264496,0.0,0.9971924,1.0,0.05291251,0.8321991,0.00038028066,0.00127116,-0.00025529938,1.5158553,0.0028076172,0.9971924
876544,6880.063396382373,3.0,20.930298,500.0,27.634026,0.0,0.9975586,1.0,0.049350236,0.8338282,0.0014173379,0.0010420603,0.0008963081,1.501147,0.0024414062,0.9975586
884736,6857.704221931049,3.0,20.645752,500.0,27.408579,0.0,0.9975586,1.0,0.049350236,0.835763,0.0004592964,0.001089894,-8.565077e-05,1.4884896,0.0024414062,0.9975586
892928,6860.733119243285,3.0,20.267456,500.0,26.181395,0.0,0.99780273,1.0,0.04682347,0.83780104,0.0010185385,0.0011782417,0.0004294175,1.4730649,0.0021972656,0.99780273
901120,6857.7767636954995,3.0,19.778687,500.0,24.181524,0.0,0.99816895,1.0,0.04275163,0.8401862,0.0021208134,0.0012137489,0.0015139394,1.4628764,0.0018310547,0.99816895
909312,6873.193096189029,3.0,19.423096,500.0,22.84176,0.0,0.9984131,1.0,0.039804466,0.842144,-0.00046794198,0.0010279502,-0.0009819171,1.4470111,0.0015869141,0.9984131
917504,6874.791087193663,3.0,19.11792,500.0,21.44489,0.0,0.9986572,1.0,0.03661926,0.84372747,-0.0028825684,0.0009631893,-0.0033641628,1.4320406,0.0013427734,0.9986572
925696,6850.035779149656,3.0,18.953857,500.0,20.69756,0.0,0.9987793,1.0,0.03491723,0.84458363,0.0020249956,0.0012107099,0.0014196404,1.4234617,0.0012207031,0.9987793
933888,6896.967111493655,3.0,18.79663,500.0,21.84134,0.0,0.99853516,1.0,0.038245235,0.8464081,0.0022605585,0.0010610601,0.0017300287,1.4157515,0.0014648438,0.99853516
942080,6854.688937792426,3.0,18.566284,500.0,21.034819,0.0,0.9986572,1.0,0.03661926,0.8477308,0.002890033,0.0010593355,0.0023603651,1.4050248,0.0013427734,0.9986572
950272,6877.543242782328,3.0,18.49353,500.0,20.999586,0.0,0.9986572,1.0,0.03661926,0.84828687,0.0015254623,0.0011145151,0.0009682046,1.3924612,0.0013427734,0.9986572
958464,6868.814120598183,3.0,18.394165,500.0,20.965176,0.0,0.9986572,1.0,0.03661926,0.8490697,0.002626464,0.0010892932,0.002081818,1.3766532,0.0013427734,0.9986572
966656,6889.794998564281,3.0,18.442993,500.0,22.271933,0.0,0.9984131,1.0,0.039804466,0.8494387,-0.00041298044,0.001166565,-0.0009962629,1.361261,0.0015869141,0.9984131
974848,6843.632827140987,3.0,18.307373,500.0,21.59185,0.0,0.99853516,1.0,0.038245235,0.8501382,0.0007227513,0.0009906802,0.00022741116,1.3467646,0.0014648438,0.99853516
983040,6885.760509181418,3.0,18.180664,500.0,21.538937,0.0,0.99853516,1.0,0.038245235,0.85112524,-0.0018488531,0.0009676672,-0.0023326867,1.3366036,0.0014648438,0.99853516
991232,6861.908701170188,3.0,18.022095,500.0,21.429375,0.0,0.99853516,1.0,0.038245235,0.8523084,0.0007425073,0.0010741714,0.00020542144,1.3242123,0.0014648438,0.99853516
999424,6851.84162952233,3.0,17.942505,500.0,22.036263,0.0,0.9984131,1.0,0.039804466,0.85330474,-0.0005179391,0.0007478929,-0.00089188543,1.3118219,0.0015869141,0.9984131
1007616,6878.9352960737515,3.0,17.778687,500.0,21.30045,0.0,0.99853516,1.0,0.038245235,0.8541786,0.0005698639,0.00080959045,0.00016506825,1.3022472,0.0014648438,0.99853516
1015808,6859.562048365471,3.0,17.60205,500.0,21.20828,0.0,0.99853516,1.0,0.038245235,0.85553503,0.0055815205,0.00080827746,0.005177382,1.2904029,0.0014648438,0.99853516
1024000,6871.044818310874,3.0,17.472412,500.0,20.493948,0.0,0.9986572,1.0,0.03661926,0.8561891,0.0017589801,0.00082605844,0.0013459508,1.2822993,0.0013427734,0.9986572
1032192,6871.4969034031365,3.0,17.394165,500.0,20.468607,0.0,0.9986572,1.0,0.03661926,0.85681355,0.00066538836,0.0009636416,0.00018356722,1.2754184,0.0013427734,0.9986572
1040384,6873.729344246029,3.0,17.448608,500.0,21.804901,0.0,0.9984131,1.0,0.039804466,0.8571331,0.0030033824,0.00096090516,0.0025229296,1.2688721,0.0015869141,0.9984131
1048576,6882.470971715753,3.0,17.380127,500.0,21.122269,0.0,0.99853516,1.0,0.038245235,0.8572806,0.00062327366,0.00089221756,0.00017716491,1.2562217,0.0014648438,0.99853516
1056768,6886.685179884954,3.0,17.275024,500.0,20.459812,0.0,0.9986572,1.0,0.03661926,0.8578074,0.004233761,0.0010592642,0.003704129,1.2391541,0.0013427734,0.9986572
1064960,6875.46103418847,3.0,17.27893,500.0,21.11301,0.0,0.99853516,1.0,0.038245235,0.8581357,0.003840181,0.0009095021,0.00338543,1.2267889,0.0014648438,0.99853516
1073152,6872.5002226178985,3.0,17.148193,500.0,19.717537,0.0,0.9987793,1.0,0.03491723,0.85844827,0.0040312726,0.0008383503,0.003612097,1.2191256,0.0012207031,0.9987793
1081344,6899.418397893051,3.0,17.02002,500.0,18.961285,0.0,0.99890137,1.0,0.033127416,0.8591167,0.0036192331,0.000885267,0.0031765993,1.209738,0.0010986328,0.99890137
1089536,6869.834512503954,3.0,17.014282,500.0,19.685947,0.0,0.9987793,1.0,0.03491723,0.859545,0.0017658742,0.00094376394,0.0012939922,1.199274,0.0012207031,0.9987793
1097728,6871.450180606924,3.0,16.890991,500.0,18.91597,0.0,0.99890137,1.0,0.033127416,0.8601532,0.004618024,0.00075433135,0.004240859,1.1905518,0.0010986328,0.99890137
1105920,6861.7812584874255,3.0,16.61023,500.0,16.418242,0.0,0.9992676,1.0,0.02705338,0.86125565,0.0004591127,0.00075819273,8.001656e-05,1.1775001,0.0007324219,0.9992676
1114112,6856.60670176547,3.0,16.542236,500.0,16.401321,0.0,0.9992676,1.0,0.02705338,0.86181796,0.0009288936,0.0008994347,0.00047917626,1.1587191,0.0007324219,0.9992676
1122304,6859.138917585301,3.0,16.546753,500.0,16.410349,0.0,0.9992676,1.0,0.02705338,0.861788,0.0012017989,0.0008703659,0.0007666161,1.1506759,0.0007324219,0.9992676
1130496,6857.15678641171,3.0,16.4729,500.0,16.379278,0.0,0.9992676,1.0,0.02705338,0.8623842,0.0033008605,0.0007618796,0.002919921,1.1409078,0.0007324219,0.9992676
1138688,6875.099219082027,3.0,16.360107,500.0,15.460136,0.0,0.99938965,1.0,0.02469775,0.8629229,0.004333488,0.0006301552,0.0040184106,1.1276425,0.00061035156,0.99938965
1146880,6883.889845704328,3.0,16.238281,500.0,15.382719,0.0,0.99938965,1.0,0.024697753,0.8638841,0.0015646856,0.0007835492,0.0011729106,1.1189309,0.00061035156,0.99938965
1155072,6883.671943654433,3.0,16.26538,500.0,16.280031,0.0,0.9992676,1.0,0.02705338,0.86404943,0.0009925358,0.0009480178,0.0005185267,1.1133769,0.0007324219,0.9992676
1163264,6886.812168985538,3.0,16.225342,500.0,17.098856,0.0,0.9991455,1.0,0.029219205,0.8647536,0.0037236605,0.00068053615,0.0033833927,1.1043401,0.0008544922,0.9991455
1171456,6851.97553530968,3.0,16.04126,500.0,15.263865,0.0,0.99938965,1.0,0.024697753,0.8654506,0.002854327,0.0007378115,0.0024854213,1.0879431,0.00061035156,0.99938965
1179648,6867.266944450663,3.0,15.937012,500.0,15.217432,0.0,0.99938965,1.0,0.02469775,0.8662985,0.002093415,0.00078614376,0.0017003425,1.0747854,0.00061035156,0.99938965
1187840,6867.356159271911,3.0,15.906372,500.0,15.20529,0.0,0.99938965,1.0,0.024697753,0.8665496,0.005271829,0.0008427022,0.004850478,1.0678258,0.00061035156,0.99938965
1196032,6859.803078230301,3.0,15.774048,500.0,14.287644,0.0,0.9995117,1.0,0.022091692,0.86732507,0.0017585387,0.0007975411,0.0013597682,1.0622926,0.00048828125,0.9995117
1204224,6896.531048174322,3.0,15.693359,500.0,15.19032,0.0,0.99938965,1.0,0.024697753,0.86835533,0.002741922,0.00073009625,0.0023768744,1.0550554,0.00061035156,0.99938965
1212416,6856.779106859804,3.0,15.703003,500.0,15.932875,0.0,0.99938965,1.0,0.024697753,0.86859155,0.0035908904,0.001086704,0.003047539,1.0455909,0.00061035156,0.99938965
1220608,6872.010896100244,3.0,15.6154785,500.0,15.924063,0.0,0.99938965,1.0,0.02469775,0.86933327,0.001968494,0.0007173418,0.0016098229,1.042932,0.00061035156,0.99938965
1228800,6885.785347835009,3.0,15.586792,500.0,16.274351,0.0,0.99938965,1.0,0.024697755,0.8698133,0.0058796667,0.0010843134,0.0053375107,1.035641,0.00061035156,0.99938965
1236992,6859.683930668751,3.0,15.720703,500.0,16.615522,0.0,0.99938965,1.0,0.02469775,0.8689996,0.0030796318,0.0014496426,0.002354811,1.0278643,0.00061035156,0.99938965
1245184,6857.824669475682,3.0,15.816772,500.0,17.534765,0.0,0.9992676,1.0,0.02705338,0.8686696,0.0067883977,0.0015505487,0.0060131233,1.0239669,0.0007324219,0.9992676
1253376,6890.2910063170175,3.0,15.906738,500.0,17.832796,0.0,0.9992676,1.0,0.02705338,0.8681813,0.0017703951,0.0011319614,0.0012044145,1.0155152,0.0007324219,0.9992676
1261568,6825.74149909602,3.0,15.967529,500.0,18.61412,0.0,0.9991455,1.0,0.029219205,0.86805856,0.001934949,0.0012967102,0.0012865938,1.0079294,0.0008544922,0.9991455
1269760,6861.3427821958385,3.0,15.991455,500.0,18.734783,0.0,0.9991455,1.0,0.029219205,0.8679908,0.0026989859,0.0009944534,0.0022017588,0.99830693,0.0008544922,0.9991455
1277952,6855.673675429266,3.0,16.059326,500.0,19.525229,0.0,0.99902344,1.0,0.031234737,0.8678659,0.004829633,0.0008375197,0.0044108722,0.9854872,0.0009765625,0.99902344
1286144,6867.397336125084,3.0,15.935181,500.0,18.777124,0.0,0.9991455,1.0,0.029219205,0.86853075,0.002774133,0.0007019362,0.0024231651,0.97039324,0.0008544922,0.9991455
1294336,6873.723843841249,3.0,15.88208,500.0,18.036543,0.0,0.9992676,1.0,0.02705338,0.86863077,0.0021113087,0.0008538117,0.0016844028,0.9592832,0.0007324219,0.9992676
1302528,6886.268357275791,3.0,15.820557,500.0,18.05881,0.0,0.9992676,1.0,0.02705338,0.86919105,0.0031244082,0.00075188384,0.0027484659,0.94934666,0.0007324219,0.9992676
1310720,6852.083483581098,3.0,15.789795,500.0,18.042025,0.0,0.9992676,1.0,0.02705338,0.8694384,0.0009210577,0.0007401921,0.0005509616,0.93458307,0.0007324219,0.9992676
1318912,6863.334189192563,3.0,15.760376,500.0,18.743452,0.0,0.9991455,1.0,0.029219205,0.8700013,0.0008982137,0.0007555018,0.00052046264,0.92055184,0.0008544922,0.9991455
1327104,6863.53435318986,3.0,15.731323,500.0,17.961042,0.0,0.9992676,1.0,0.02705338,0.86986077,0.0020602285,0.0007956407,0.0016624085,0.9052321,0.0007324219,0.9992676
1335296,6894.308674354401,3.0,15.826416,500.0,18.026752,0.0,0.9992676,1.0,0.02705338,0.8691226,0.0020912932,0.00086381077,0.001659388,0.89410937,0.0007324219,0.9992676
1343488,6870.945889689283,3.0,15.695068,500.0,17.30528,0.0,0.9992676,1.0,0.02705338,0.86985147,0.004757506,0.00073018036,0.0043924153,0.8849929,0.0007324219,0.9992676
1351680,6870.845589967369,3.0,15.631226,500.0,16.414957,0.0,0.99938965,1.0,0.024697753,0.8699528,0.0036137206,0.0005970927,0.0033151743,0.8721252,0.00061035156,0.99938965
1359872,6861.270164969274,3.0,15.526978,500.0,15.863847,0.0,0.99938965,1.0,0.02469775,0.87042165,0.0013259657,0.00069126,0.0009803358,0.8556488,0.00061035156,0.99938965
1368064,6867.577147503329,3.0,15.36499,500.0,14.632237,0.0,0.9995117,1.0,0.022091692,0.8711316,0.0041844584,0.0006830027,0.0038429564,0.83887815,0.00048828125,0.9995117
1376256,6875.491301816956,3.0,15.161865,500.0,13.216281,0.0,0.9996338,1.0,0.019133134,0.87219036,0.0036228236,0.0006090528,0.0033182974,0.81485134,0.00036621094,0.9996338
1384448,6881.9705755462255,3.0,15.091553,500.0,13.117564,0.0,0.9996338,1.0,0.019133132,0.87270826,0.001519023,0.0006251213,0.0012064625,0.79562724,0.00036621094,0.9996338
1392640,6852.904821681512,3.0,15.012817,500.0,12.942866,0.0,0.9996338,1.0,0.019133134,0.873254,0.0058819135,0.0005603738,0.005601727,0.7852178,0.00036621094,0.9996338
1400832,6865.11825396096,3.0,14.899292,500.0,11.713665,0.0,0.99975586,1.0,0.015623093,0.8737807,0.004209932,0.00060581055,0.0039070263,0.7713298,0.00024414062,0.99975586
1409024,6871.127261005036,3.0,14.887573,500.0,11.742442,0.0,0.99975586,1.0,0.015623093,0.87391096,0.0024509015,0.0006955921,0.002103106,0.7564099,0.00024414062,0.99975586
1417216,6876.8522446208635,3.0,14.843018,500.0,11.629904,0.0,0.99975586,1.0,0.015623093,0.8742076,0.006619245,0.00077088823,0.0062338,0.7367749,0.00024414062,0.99975586
1425408,6901.784086204662,3.0,14.861328,500.0,12.855694,0.0,0.9996338,1.0,0.019133132,0.87448424,0.0071336282,0.000874392,0.0066964333,0.7286251,0.00036621094,0.9996338
1433600,6883.378211457947,3.0,14.867432,500.0,12.798525,0.0,0.9996338,1.0,0.019133132,0.8743738,0.0045474814,0.0005856677,0.004254647,0.71938306,0.00036621094,0.9996338
1441792,6862.312986167421,3.0,14.793213,500.0,11.548058,0.0,0.99975586,1.0,0.015623093,0.87454784,0.0067203473,0.000585455,0.00642762,0.7072303,0.00024414062,0.99975586
1449984,6874.322064441058,3.0,14.700806,500.0,11.433527,0.0,0.99975586,1.0,0.015623093,0.8752546,0.0043559712,0.0004903397,0.004110801,0.695753,0.00024414062,0.99975586
1458176,6848.720921466937,3.0,14.666016,500.0,11.396487,0.0,0.99975586,1.0,0.015623093,0.8755293,0.007887056,0.00060809776,0.0075830068,0.6880752,0.00024414062,0.99975586
1466368,6867.151654884229,3.0,14.714355,500.0,12.613225,0.0,0.9996338,1.0,0.019133132,0.8755209,0.0075700055,0.00068775576,0.007226127,0.6842022,0.00036621094,0.9996338
1474560,6867.3781201988195,3.0,14.681152,500.0,12.600355,0.0,0.9996338,1.0,0.019133132,0.87579936,0.00402878,0.0005241001,0.0037667295,0.6748342,0.00036621094,0.9996338
1482752,6884.71330901758,3.0,14.691772,500.0,13.66334,0.0,0.9995117,1.0,0.022091692,0.8760805,0.0029948675,0.0009021196,0.0025438073,0.6592563,0.00048828125,0.9995117
1490944,6861.794961774558,3.0,14.661743,500.0,13.637689,0.0,0.9995117,1.0,0.022091692,0.87631667,0.005211877,0.00058400177,0.0049198763,0.64386415,0.00048828125,0.9995117
1499136,6870.3977118762,3.0,14.566406,500.0,12.514582,0.0,0.9996338,1.0,0.019133132,0.87671393,0.004143686,0.0005138094,0.0038867819,0.62884796,0.00036621094,0.9996338
1507328,6886.250415713437,3.0,14.526978,500.0,12.468192,0.0,0.9996338,1.0,0.019133132,0.8770148,0.005288315,0.00045584323,0.0050603934,0.61029196,0.00036621094,0.9996338
1515520,6882.5123300265905,3.0,14.548218,500.0,12.489247,0.0,0.9996338,1.0,0.019133132,0.8768487,0.0023401044,0.0005488396,0.0020656853,0.5952729,0.00036621094,0.9996338
1523712,6871.793745420103,3.0,14.532471,500.0,12.813954,0.0,0.9996338,1.0,0.019133132,0.87712836,0.008706696,0.00070796686,0.008352714,0.58940244,0.00036621094,0.9996338
1531904,6867.076169765169,3.0,14.469238,500.0,12.746708,0.0,0.9996338,1.0,0.019133132,0.8776177,0.006619151,0.00063814124,0.0063000806,0.5903407,0.00036621094,0.9996338
1540096,6860.071517788405,3.0,14.447876,500.0,11.595886,0.0,0.99975586,1.0,0.015623093,0.8774204,0.007954401,0.0005572203,0.007675791,0.5822225,0.00024414062,0.99975586
1548288,6858.138126668141,3.0,14.401367,500.0,11.534723,0.0,0.99975586,1.0,0.015623093,0.87779737,0.0049994965,0.0006879525,0.0046555204,0.5731154,0.00024414062,0.99975586
1556480,6886.254556065682,3.0,14.409668,500.0,12.715425,0.0,0.9996338,1.0,0.019133132,0.87813246,0.0038412276,0.0006731681,0.0035046441,0.5523163,0.00036621094,0.9996338
1564672,6851.848461323553,3.0,14.373535,500.0,12.685369,0.0,0.9996338,1.0,0.019133132,0.8784193,0.004740313,0.0005869857,0.00444682,0.53041196,0.00036621094,0.9996338
1572864,6849.081330669427,3.0,14.4123535,500.0,12.693066,0.0,0.9996338,1.0,0.019133132,0.87808657,0.0064492277,0.0005867263,0.0061558634,0.5159773,0.00036621094,0.9996338
1581056,6864.047155324221,3.0,14.364746,500.0,11.549244,0.0,0.99975586,1.0,0.015623093,0.8781285,0.005834671,0.0007062906,0.0054815253,0.49897933,0.00024414062,0.99975586
1589248,6840.218635437659,3.0,14.35376,500.0,12.646614,0.0,0.9996338,1.0,0.019133132,0.8785659,0.012433542,0.0007180327,0.012074525,0.49117965,0.00036621094,0.9996338
1597440,6859.256676896406,3.0,14.40271,500.0,13.746823,0.0,0.9995117,1.0,0.022091692,0.8785624,0.0074492563,0.0009863536,0.0069560795,0.49040428,0.00048828125,0.9995117
1605632,6853.3613575981935,3.0,14.330322,500.0,12.7197485,0.0,0.9996338,1.0,0.019133134,0.8788327,0.0038160854,0.00070112414,0.0034655232,0.48039484,0.00036621094,0.9996338
1613824,6869.97599049073,3.0,14.345093,500.0,12.758277,0.0,0.9996338,1.0,0.019133132,0.8787431,0.0042497767,0.00068394153,0.003907806,0.46485963,0.00036621094,0.9996338
1622016,6854.673895383633,3.0,14.375366,500.0,13.883755,0.0,0.9995117,1.0,0.022091692,0.87892747,0.007479773,0.0008030821,0.0070782313,0.4521817,0.00048828125,0.9995117
1630208,6877.910822282919,3.0,14.397827,500.0,14.863862,0.0,0.99938965,1.0,0.024697753,0.8791184,0.006757368,0.00062201766,0.006446359,0.45401827,0.00061035156,0.99938965
1638400,6867.993083182703,3.0,14.410034,500.0,14.8851795,0.0,0.99938965,1.0,0.024697753,0.8790362,0.005599602,0.00049115624,0.0053540245,0.44997257,0.00061035156,0.99938965
1646592,6901.53455222539,3.0,14.397095,500.0,14.586259,0.0,0.99938965,1.0,0.02469775,0.878981,0.0044276384,0.00058733067,0.004133973,0.43765873,0.00061035156,0.99938965
1654784,6858.442029555399,3.0,14.423462,500.0,15.492359,0.0,0.9992676,1.0,0.02705338,0.87910306,0.008522013,0.0008131094,0.008115459,0.43235868,0.0007324219,0.9992676
1662976,6851.519184000983,3.0,14.434814,500.0,16.368614,0.0,0.9991455,1.0,0.029219205,0.8793829,0.012624143,0.000973798,0.012137243,0.4311852,0.0008544922,0.9991455
1671168,6875.55046204211,3.0,14.478149,500.0,16.627401,0.0,0.9991455,1.0,0.029219206,0.8791988,0.003705858,0.0009797268,0.0032159945,0.42789173,0.0008544922,0.9991455
1679360,6871.591725148637,3.0,14.555176,500.0,17.492517,0.0,0.99902344,1.0,0.031234737,0.8789631,0.0027369838,0.00088857464,0.002292696,0.41580927,0.0009765625,0.99902344
1687552,6873.719718543441,3.0,14.549561,500.0,18.29159,0.0,0.99890137,1.0,0.03312742,0.87941694,0.0047466177,0.0006390857,0.004427075,0.41174024,0.0010986328,0.99890137
1695744,6867.557930570779,3.0,14.467407,500.0,18.264942,0.0,0.99890137,1.0,0.033127416,0.8801,0.003484496,0.000558372,0.0032053099,0.39713496,0.0010986328,0.99890137
1703936,6850.211951079225,3.0,14.374268,500.0,17.443584,0.0,0.99902344,1.0,0.031234737,0.8804842,0.00882343,0.00056424976,0.0085413065,0.38297912,0.0009765625,0.99902344
1712128,6864.793186141404,3.0,14.336548,500.0,16.571318,0.0,0.9991455,1.0,0.029219205,0.88036853,0.0034874359,0.00051730534,0.0032287831,0.3699733,0.0008544922,0.9991455
1720320,6855.9718879068,3.0,14.323242,500.0,16.554575,0.0,0.9991455,1.0,0.029219205,0.8804665,0.0042184736,0.00049420085,0.0039713727,0.3530376,0.0008544922,0.9991455
1728512,6856.877627949293,3.0,14.22644,500.0,16.473452,0.0,0.9991455,1.0,0.029219205,0.88122284,0.004932904,0.0005691105,0.0046483492,0.33288354,0.0008544922,0.9991455
1736704,6852.5768094749765,3.0,14.153442,500.0,15.526361,0.0,0.9992676,1.0,0.02705338,0.8814026,0.006213173,0.0005092376,0.005958555,0.3169528,0.0007324219,0.9992676
1744896,6866.838745573294,3.0,14.064331,500.0,14.601406,0.0,0.99938965,1.0,0.024697753,0.8818085,0.008164008,0.0006079823,0.007860018,0.30584842,0.00061035156,0.99938965
1753088,6850.224242482241,3.0,14.081543,500.0,14.618478,0.0,0.99938965,1.0,0.02469775,0.88167644,0.0034484745,0.00054763636,0.0031746565,0.29570994,0.00061035156,0.99938965
1761280,6872.804024981513,3.0,14.1311035,500.0,14.758502,0.0,0.99938965,1.0,0.02469775,0.8813462,0.0055429176,0.0007297534,0.0051780413,0.28574544,0.00061035156,0.99938965
1769472,6884.28844907381,3.0,14.030151,500.0,13.758137,0.0,0.9995117,1.0,0.022091692,0.8818307,0.0034368106,0.00058568525,0.0031439685,0.2821281,0.00048828125,0.9995117
1777664,6863.9827080655605,3.0,14.0271,500.0,13.777999,0.0,0.9995117,1.0,0.022091692,0.8818775,0.0055896165,0.0006255931,0.0052768197,0.2758176,0.00048828125,0.9995117
1785856,6864.968746372438,3.0,13.920532,500.0,12.338197,0.0,0.9996338,1.0,0.019133134,0.8821987,0.0053656,0.00052542327,0.005102888,0.26560098,0.00036621094,0.9996338
1794048,6856.305697781082,3.0,13.848755,500.0,11.08852,0.0,0.99975586,1.0,0.015623093,0.8823998,0.005859518,0.0005572357,0.0055809,0.26196533,0.00024414062,0.99975586
1802240,6878.126982881421,3.0,13.817749,500.0,11.124906,0.0,0.9998779,1.0,0.011047868,0.88270545,0.009283801,0.0006501182,0.008958741,0.26600415,0.00012207031,0.9998779
1810432,6849.357123933842,3.0,13.80603,500.0,11.179089,0.0,0.9998779,1.0,0.011047869,0.88285226,0.0064757788,0.000662971,0.0061442936,0.2625547,0.00012207031,0.9998779
1818624,6870.309791745648,3.0,13.794556,500.0,11.176908,0.0,0.9998779,1.0,0.011047868,0.8829481,0.0076341126,0.0005061266,0.007381049,0.24909642,0.00012207031,0.9998779
1826816,6864.867249518847,3.0,13.777588,500.0,11.249895,0.0,0.9998779,1.0,0.011047868,0.88315594,0.0042356104,0.00063002633,0.003920598,0.23976612,0.00012207031,0.9998779
1835008,6854.857143769154,3.0,13.7647705,500.0,11.398926,0.0,0.9998779,1.0,0.011047869,0.88335997,0.007716867,0.00062076736,0.007406483,0.23160714,0.00012207031,0.9998779
1843200,6860.41257589489,3.0,13.805054,500.0,11.393474,0.0,0.9998779,1.0,0.011047868,0.8829992,0.0052492847,0.0006297297,0.0049344194,0.21945518,0.00012207031,0.9998779
1851392,6868.348658902735,3.0,13.890747,500.0,12.638545,0.0,0.99975586,1.0,0.015623093,0.88269573,0.010510755,0.00065106153,0.010185224,0.20723099,0.00024414062,0.99975586
1859584,6842.18962249385,3.0,13.948242,500.0,12.660339,0.0,0.99975586,1.0,0.015623093,0.882209,0.011904262,0.00062820106,0.0115901595,0.20468076,0.00024414062,0.99975586
1867776,6862.957199668434,3.0,13.94812,500.0,12.868888,0.0,0.99975586,1.0,0.015623093,0.8823307,0.011763494,0.0007256875,0.01140065,0.20274097,0.00024414062,0.99975586
1875968,6882.606077371417,3.0,13.960327,500.0,14.131611,0.0,0.9996338,1.0,0.019133132,0.88270724,0.00914539,0.0007830784,0.008753851,0.1991894,0.00036621094,0.9996338
1884160,6867.938171295597,3.0,13.905029,500.0,13.066126,0.0,0.99975586,1.0,0.015623093,0.88277453,0.0045614936,0.00059740536,0.0042627905,0.18942392,0.00024414062,0.99975586
1892352,6860.674213731995,3.0,13.928833,500.0,13.05241,0.0,0.99975586,1.0,0.015623093,0.8825526,0.0064687044,0.00049924135,0.006219084,0.17485419,0.00024414062,0.99975586
1900544,6862.440448602506,3.0,13.912964,500.0,13.048274,0.0,0.99975586,1.0,0.015623093,0.8826892,0.0051499843,0.0005305698,0.0048847,0.1593592,0.00024414062,0.99975586
1908736,6881.723850502023,3.0,13.971313,500.0,13.056594,0.0,0.99975586,1.0,0.015623093,0.88218427,0.0049944166,0.0005492311,0.0047198012,0.14399846,0.00024414062,0.99975586
1916928,6885.578364530425,3.0,13.90686,500.0,11.853712,0.0,0.99975586,1.0,0.015623093,0.88229465,0.022515293,0.0005743816,0.022228105,0.13182731,0.00024414062,0.99975586
1925120,6881.750038354632,3.0,13.911865,500.0,12.92421,0.0,0.9996338,1.0,0.019133134,0.8825835,0.010435435,0.0008661452,0.010002363,0.12724409,0.00036621094,0.9996338
1933312,6854.609624017012,3.0,13.890137,500.0,12.930578,0.0,0.9996338,1.0,0.019133132,0.8827833,0.0051473826,0.00049298455,0.00490089,0.12328862,0.00036621094,0.9996338
1941504,6858.630955736342,3.0,13.849976,500.0,12.851838,0.0,0.9996338,1.0,0.019133132,0.8830657,0.0031047058,0.0005815999,0.002813906,0.110212505,0.00036621094,0.9996338
1949696,6861.219470835402,3.0,13.844482,500.0,12.7404785,0.0,0.9996338,1.0,0.019133134,0.8830435,0.008434555,0.00054445345,0.008162327,0.09148973,0.00036621094,0.9996338
1957888,6874.72643802625,3.0,13.768433,500.0,11.562647,0.0,0.99975586,1.0,0.015623093,0.8833029,0.0064027254,0.00052180584,0.0061418223,0.08425182,0.00024414062,0.99975586
1966080,6869.8523686275685,3.0,13.773804,500.0,11.579474,0.0,0.99975586,1.0,0.015623093,0.8832697,0.010674173,0.00057253265,0.010387907,0.077234924,0.00024414062,0.99975586
1974272,6872.343520586785,3.0,13.675049,500.0,11.501873,0.0,0.99975586,1.0,0.015623093,0.884076,0.004555099,0.000422538,0.00434383,0.070516475,0.00024414062,0.99975586
1982464,6865.10042243866,3.0,13.548218,500.0,9.379367,0.0,0.9998779,1.0,0.011047868,0.8844589,0.0041927616,0.0005283025,0.00392861,0.065281,0.00012207031,0.9998779
1990656,6871.4515547977435,3.0,13.5303955,500.0,9.37827,0.0,0.9998779,1.0,0.011047869,0.884612,0.0065392214,0.0005061415,0.00628615,0.057599723,0.00012207031,0.9998779
1998848,6859.8770339710245,3.0,13.546387,500.0,9.374455,0.0,0.9998779,1.0,0.011047868,0.8844688,0.0030720623,0.00045631433,0.0028439055,0.050474107,0.00012207031,0.9998779
2007040,6867.423415054162,3.0,13.513062,500.0,9.337546,0.0,0.9998779,1.0,0.011047868,0.8847362,0.012339818,0.00045697327,0.012111332,0.0432252,0.00012207031,0.9998779
2015232,6867.037741614746,3.0,13.562744,500.0,10.747693,0.0,0.99975586,1.0,0.015623093,0.88469356,0.005887967,0.0005726266,0.005601654,0.038434625,0.00024414062,0.99975586
2023424,6872.630813102823,3.0,13.555176,500.0,10.81183,0.0,0.99975586,1.0,0.015623093,0.8848068,0.003186877,0.00058600295,0.002893875,0.025909528,0.00024414062,0.99975586
2031616,6878.341780118799,3.0,13.634766,500.0,12.058812,0.0,0.9996338,1.0,0.019133134,0.8845068,0.017245319,0.00097898,0.01675583,0.02277825,0.00036621094,0.9996338
2039808,6879.69558676982,3.0,13.767944,500.0,14.24059,0.0,0.99938965,1.0,0.024697753,0.8841498,0.021484494,0.0011451794,0.020911902,0.025378637,0.00061035156,0.99938965
2048000,6878.406497300965,3.0,13.910889,500.0,16.159594,0.0,0.9991455,1.0,0.029219206,0.8837463,0.011511677,0.0008428252,0.011090266,0.030247636,0.0008544922,0.9991455
2056192,6872.2225625025,3.0,13.956055,500.0,17.062292,0.0,0.99902344,1.0,0.031234737,0.8838029,0.013342366,0.00080134656,0.012941692,0.028231591,0.0009765625,0.99902344
2064384,6893.753996240909,3.0,14.047241,500.0,18.663357,0.0,0.9987793,1.0,0.03491723,0.883811,0.013473943,0.0005652013,0.013191343,0.023103997,0.0012207031,0.9987793
2072576,6897.831095000882,3.0,14.09729,500.0,19.394545,0.0,0.9986572,1.0,0.03661926,0.8837491,0.008414282,0.00059244427,0.00811806,0.022351965,0.0013427734,0.9986572
2080768,6921.844481731006,3.0,14.314087,500.0,22.171036,0.0,0.99816895,1.0,0.04275163,0.88350785,0.012545908,0.0007879504,0.012151932,0.027894683,0.0018310547,0.99816895
2088960,6885.713592213553,3.0,14.765381,500.0,26.842852,0.0,0.9971924,1.0,0.05291251,0.8828166,0.0074427677,0.00065025175,0.0071176426,0.039098293,0.0028076172,0.9971924
2097152,6891.505766966651,3.0,14.765869,500.0,26.838737,0.0,0.9971924,1.0,0.052912515,0.88280356,0.00059429364,0.0011072898,4.0648767e-05,0.036541305,0.0028076172,0.9971924
2105344,6895.270235645045,3.0,14.976929,500.0,28.37926,0.0,0.9968262,1.0,0.056247268,0.88215095,0.009666086,0.0008222455,0.009254964,0.03451611,0.0031738281,0.9968262
2113536,6874.96853477418,3.0,15.025513,500.0,28.879023,0.0,0.9967041,1.0,0.057315227,0.88213754,0.007595276,0.000742703,0.007223924,0.033120885,0.0032958984,0.9967041
2121728,6884.142243169551,3.0,15.005249,500.0,28.878286,0.0,0.9967041,1.0,0.057315227,0.8823124,0.0048764213,0.00055721943,0.004597812,0.01746647,0.0032958984,0.9967041
2129920,6875.268428250845,3.0,15.036987,500.0,28.888018,0.0,0.9967041,1.0,0.057315227,0.8820574,0.013518416,0.000559177,0.013238829,0.0009926185,0.0032958984,0.9967041
2138112,6877.500567558246,3.0,14.980103,500.0,28.387712,0.0,0.9968262,1.0,0.056247268,0.8821443,0.005246388,0.0005737935,0.004959491,-0.01043997,0.0031738281,0.9968262
2146304,6869.3277120106395,3.0,14.973389,500.0,28.37879,0.0,0.9968262,1.0,0.056247268,0.88218576,0.0055819047,0.0007718918,0.0051959585,-0.018877432,0.0031738281,0.9968262
2154496,6874.8433576222305,3.0,14.973267,500.0,28.375832,0.0,0.9968262,1.0,0.056247268,0.8821794,0.009591862,0.00071257824,0.009235573,-0.022329964,0.0031738281,0.9968262
2162688,6878.918769881398,3.0,14.720947,500.0,26.290691,0.0,0.99731445,1.0,0.05175263,0.8827764,0.008599081,0.00063055044,0.008283806,-0.032300085,0.0026855469,0.99731445
2170880,6868.336302372213,3.0,14.757446,500.0,26.3126,0.0,0.99731445,1.0,0.05175263,0.88249683,0.009091208,0.00081234565,0.008685034,-0.04088164,0.0026855469,0.99731445
2179072,6867.298512507033,3.0,14.820679,500.0,26.821642,0.0,0.9971924,1.0,0.052912515,0.8822969,0.007658074,0.000734253,0.0072909477,-0.05707129,0.0028076172,0.9971924
2187264,6858.949963419321,3.0,14.6866455,500.0,25.169996,0.0,0.9975586,1.0,0.049350236,0.882249,0.0124584865,0.0005812321,0.012167869,-0.068944514,0.0024414062,0.9975586
2195456,6871.8693342895895,3.0,14.564697,500.0,24.224108,0.0,0.99780273,1.0,0.04682347,0.8827138,0.007958879,0.0008616648,0.007528047,-0.075626455,0.0021972656,0.99780273
2203648,6873.03361291084,3.0,14.165894,500.0,19.621677,0.0,0.9986572,1.0,0.03661926,0.8833094,0.006508921,0.0005978868,0.006209979,-0.08393619,0.0013427734,0.9986572
2211840,6867.133812797229,3.0,14.154663,500.0,18.88633,0.0,0.9987793,1.0,0.03491723,0.8830121,0.005212313,0.0006278523,0.004898387,-0.09406474,0.0012207031,0.9987793
2220032,6889.920720792259,3.0,14.001099,500.0,17.299631,0.0,0.99902344,1.0,0.031234737,0.88354164,0.0086723855,0.0006156164,0.008364578,-0.10396993,0.0009765625,0.99902344
2228224,6895.711675174988,3.0,13.973511,500.0,17.279968,0.0,0.99902344,1.0,0.031234737,0.8837588,0.008414378,0.0005495909,0.008139583,-0.10568912,0.0009765625,0.99902344
2236416,6857.798663397678,3.0,13.991211,500.0,17.285429,0.0,0.99902344,1.0,0.031234737,0.88361067,0.019092174,0.00054322253,0.01882056,-0.10540715,0.0009765625,0.99902344
2244608,6885.531450044648,3.0,14.014038,500.0,18.098354,0.0,0.99890137,1.0,0.033127416,0.8838215,0.010372837,0.0009548162,0.009895429,-0.10639415,0.0010986328,0.99890137
2252800,6868.444766768948,3.0,14.234131,500.0,20.657877,0.0,0.99853516,1.0,0.038245235,0.88337016,0.014081899,0.001461474,0.013351163,-0.10131705,0.0014648438,0.99853516
2260992,6886.046164517233,3.0,14.483765,500.0,23.277538,0.0,0.9980469,1.0,0.044150993,0.88283044,0.009813635,0.0012467632,0.009190253,-0.10138766,0.001953125,0.9980469
2269184,6875.152869867932,3.0,14.575806,500.0,24.470694,0.0,0.99780273,1.0,0.04682347,0.8828292,0.010021837,0.0010003931,0.009521641,-0.09371017,0.0021972656,0.99780273
2277376,6927.884801060724,3.0,14.669312,500.0,25.069817,0.0,0.99768066,1.0,0.048103597,0.88245595,0.011859029,0.00093723537,0.01139041,-0.08832071,0.002319336,0.99768066
2285568,6870.660111895031,3.0,14.645142,500.0,25.044373,0.0,0.99768066,1.0,0.0481036,0.88262135,0.006391492,0.0006351103,0.006073937,-0.08998459,0.002319336,0.99768066
2293760,6845.4953106206995,3.0,14.549805,500.0,24.448906,0.0,0.99780273,1.0,0.04682347,0.88301444,0.0071289935,0.0006704218,0.0067937816,-0.090416655,0.0021972656,0.99780273
2301952,6874.056634175365,3.0,14.549316,500.0,25.025715,0.0,0.99768066,1.0,0.048103597,0.88342214,0.00989461,0.00085429684,0.009467463,-0.08957024,0.002319336,0.99768066
2310144,6859.779796197505,3.0,14.521606,500.0,24.834564,0.0,0.99768066,1.0,0.048103597,0.88348293,0.009151524,0.0006833359,0.008809856,-0.09286785,0.002319336,0.99768066
2318336,6895.032241544692,3.0,14.472534,500.0,24.821045,0.0,0.99768066,1.0,0.048103597,0.8838857,0.013168982,0.0010100986,0.0126639325,-0.09389021,0.002319336,0.99768066
2326528,6875.225781252501,3.0,14.571899,500.0,25.993956,0.0,0.9974365,1.0,0.05056585,0.8839073,0.011877312,0.00091717986,0.011418724,-0.09613858,0.0025634766,0.9974365
2334720,6873.14222571883,3.0,14.484253,500.0,25.412615,0.0,0.9975586,1.0,0.049350236,0.8842196,0.0070069283,0.00050725054,0.006753303,-0.09848468,0.0024414062,0.9975586
2342912,6869.465048931316,3.0,14.508301,500.0,24.94194,0.0,0.99768066,1.0,0.048103597,0.88373655,0.021643886,0.0005300563,0.021378856,-0.10284912,0.002319336,0.99768066
2351104,6871.536755702009,3.0,14.448975,500.0,24.933844,0.0,0.99768066,1.0,0.048103597,0.88424146,0.0073954603,0.0004436752,0.007173622,-0.10877953,0.002319336,0.99768066
2359296,6867.994455991132,3.0,14.359497,500.0,24.32934,0.0,0.99780273,1.0,0.04682347,0.8845736,0.010269938,0.0005667901,0.009986543,-0.11546797,0.0021972656,0.99780273
2367488,6875.6316370311215,3.0,14.321045,500.0,24.056818,0.0,0.99780273,1.0,0.04682347,0.88465255,0.00816378,0.0008693649,0.0077290977,-0.118932165,0.0021972656,0.99780273
2375680,6891.590083656438,3.0,14.153076,500.0,22.809717,0.0,0.9980469,1.0,0.044150993,0.8852682,0.010374049,0.0006757182,0.01003619,-0.11891524,0.001953125,0.9980469
2383872,6896.580881191439,3.0,14.042114,500.0,22.158157,0.0,0.99816895,1.0,0.042751625,0.885813,0.015152581,0.00088072807,0.014712216,-0.12140588,0.0018310547,0.99816895
2392064,6892.412625166645,3.0,13.920044,500.0,22.113108,0.0,0.99816895,1.0,0.04275163,0.8868147,0.004416798,0.0008102285,0.004011682,-0.120928,0.0018310547,0.99816895
2400256,6881.198757209192,3.0,13.823975,500.0,21.448402,0.0,0.998291,1.0,0.041304525,0.8872432,0.005375377,0.00084029866,0.004955228,-0.12381017,0.0017089844,0.998291
2408448,6867.253219299287,3.0,13.972778,500.0,23.37798,0.0,0.9979248,1.0,0.045507014,0.88718116,0.0067886533,0.000989443,0.0062939315,-0.12580144,0.0020751953,0.9979248
2416640,6878.025096575334,3.0,14.037476,500.0,23.458302,0.0,0.9979248,1.0,0.045507018,0.8867213,0.004824658,0.0008694588,0.0043899287,-0.12246164,0.0020751953,0.9979248
2424832,6889.108442730842,3.0,14.035034,500.0,23.432163,0.0,0.9979248,1.0,0.045507014,0.88670564,0.0060200966,0.00057037733,0.0057349084,-0.13090077,0.0020751953,0.9979248
2433024,6871.386968423377,3.0,13.990234,500.0,22.879993,0.0,0.9980469,1.0,0.044150993,0.8867713,0.009075005,0.0008089332,0.008670536,-0.14640352,0.001953125,0.9980469
2441216,6871.8143604014085,3.0,13.943726,500.0,22.19559,0.0,0.99816895,1.0,0.04275163,0.8867003,0.004341486,0.0008025723,0.0039402,-0.15392937,0.0018310547,0.99816895
2449408,6868.6438559053095,3.0,14.001709,500.0,22.834915,0.0,0.9980469,1.0,0.044150993,0.88660276,0.009935225,0.00060036895,0.009635041,-0.16661322,0.001953125,0.9980469
2457600,6865.055158221146,3.0,13.947876,500.0,22.732016,0.0,0.9980469,1.0,0.044150993,0.88695174,0.005365302,0.0004733213,0.005128642,-0.17602125,0.001953125,0.9980469
2465792,6872.430118194297,3.0,13.983276,500.0,22.738565,0.0,0.9980469,1.0,0.044150993,0.8866508,0.0062446264,0.00054736907,0.0059709414,-0.18803467,0.001953125,0.9980469
2473984,6875.599992315918,3.0,14.015991,500.0,22.754644,0.0,0.9980469,1.0,0.044150993,0.8863909,0.0070463307,0.0005209831,0.00678584,-0.19136474,0.001953125,0.9980469
2482176,6880.675121924649,3.0,13.876709,500.0,21.453955,0.0,0.998291,1.0,0.041304525,0.88679457,0.005951348,0.00045008163,0.0057263076,-0.1970803,0.0017089844,0.998291
2490368,6878.797580230394,3.0,13.663452,500.0,19.335592,0.0,0.9986572,1.0,0.03661926,0.88743657,0.0068143033,0.00036436575,0.006632121,-0.20442873,0.0013427734,0.9986572
2498560,6867.544204256231,3.0,13.570068,500.0,17.794083,0.0,0.99890137,1.0,0.033127416,0.88744676,0.010380829,0.0004914473,0.010135105,-0.21073213,0.0010986328,0.99890137
2506752,6884.586397308179,3.0,13.596802,500.0,17.004328,0.0,0.99902344,1.0,0.031234737,0.8868407,0.009444787,0.0005024425,0.009193566,-0.21187066,0.0009765625,0.99902344
2514944,6868.7550762405635,3.0,13.561523,500.0,16.124557,0.0,0.9991455,1.0,0.029219205,0.88672185,0.005401646,0.0005899349,0.005106679,-0.21362323,0.0008544922,0.9991455
2523136,6863.269755321372,3.0,13.424438,500.0,14.166565,0.0,0.99938965,1.0,0.02469775,0.8870584,0.010426829,0.0006705972,0.01009153,-0.22080514,0.00061035156,0.99938965
2531328,6876.341655918131,3.0,13.460449,500.0,14.255101,0.0,0.99938965,1.0,0.024697753,0.8868331,0.008186071,0.00080804265,0.0077820504,-0.21802084,0.00061035156,0.99938965
2539520,6882.266944656819,3.0,13.438965,500.0,14.131349,0.0,0.99938965,1.0,0.02469775,0.8869255,0.009427493,0.00075736723,0.009048811,-0.21481995,0.00061035156,0.99938965
2547712,6917.012006824461,3.0,13.447266,500.0,15.103966,0.0,0.9992676,1.0,0.02705338,0.8872529,0.005273842,0.0009123611,0.004817662,-0.211529,0.0007324219,0.9992676
2555904,6905.783249207819,3.0,13.759033,500.0,19.307203,0.0,0.9986572,1.0,0.03661926,0.8865935,0.005417805,0.0009063451,0.004964633,-0.21118967,0.0013427734,0.9986572
2564096,6885.804666911693,3.0,13.874756,500.0,20.749056,0.0,0.9984131,1.0,0.039804466,0.8864072,0.0056669135,0.0007810058,0.005276411,-0.20714161,0.0015869141,0.9984131
2572288,6881.511598419484,3.0,13.921753,500.0,21.453024,0.0,0.998291,1.0,0.041304525,0.8864417,0.00779335,0.00056475564,0.007510973,-0.21172586,0.0017089844,0.998291
2580480,6865.812383653967,3.0,13.90332,500.0,21.467684,0.0,0.998291,1.0,0.041304525,0.8866268,0.0073508313,0.0005908701,0.007055396,-0.2215288,0.0017089844,0.998291
2588672,6881.80241465779,3.0,13.963013,500.0,22.11835,0.0,0.99816895,1.0,0.04275163,0.8864988,0.01337119,0.0004805918,0.013130893,-0.22538105,0.0018310547,0.99816895
2596864,6879.388420115197,3.0,14.037964,500.0,22.762068,0.0,0.9980469,1.0,0.044150993,0.8862564,0.0093492465,0.0005282399,0.009085128,-0.22745693,0.001953125,0.9980469
2605056,6873.631713369776,3.0,14.211304,500.0,24.001707,0.0,0.99780273,1.0,0.04682347,0.88557255,0.00638178,0.000688856,0.006037351,-0.23321268,0.0021972656,0.99780273
2613248,6876.14349636148,3.0,14.349976,500.0,25.193954,0.0,0.9975586,1.0,0.049350236,0.88522226,0.007145095,0.000771889,0.006759151,-0.23652565,0.0024414062,0.9975586
2621440,6887.135184107995,3.0,14.390015,500.0,25.736977,0.0,0.9974365,1.0,0.050565846,0.88524616,0.009029262,0.0006040404,0.008727242,-0.23707137,0.0025634766,0.9974365
2629632,6880.569026590318,3.0,14.44873,500.0,25.755121,0.0,0.9974365,1.0,0.050565846,0.88476455,0.01970679,0.00066405075,0.019374765,-0.23753068,0.0025634766,0.9974365
2637824,6878.491870765846,3.0,14.453125,500.0,25.742968,0.0,0.9974365,1.0,0.050565846,0.8847119,0.0051781978,0.00090113375,0.0047276313,-0.23964572,0.0025634766,0.9974365
2646016,6891.818163729666,3.0,14.529053,500.0,26.274313,0.0,0.99731445,1.0,0.05175263,0.8844202,0.0087631885,0.0007918,0.008367288,-0.24407226,0.0026855469,0.99731445
2654208,6854.917317017602,3.0,14.681763,500.0,27.36884,0.0,0.9970703,1.0,0.05404724,0.88394964,0.014963608,0.0006812045,0.014623005,-0.2521265,0.0029296875,0.9970703
2662400,6864.53671975735,3.0,14.578613,500.0,26.29348,0.0,0.99731445,1.0,0.05175263,0.88402,0.005311212,0.00055216503,0.00503513,-0.2581057,0.0026855469,0.99731445
2670592,6894.906332706647,3.0,14.361694,500.0,24.029572,0.0,0.99780273,1.0,0.04682347,0.8843173,0.012126256,0.0005630331,0.011844737,-0.26393548,0.0021972656,0.99780273
2678784,6853.727723819,3.0,14.272827,500.0,22.177996,0.0,0.99816895,1.0,0.04275163,0.88388926,0.010242391,0.000651717,0.009916531,-0.2660534,0.0018310547,0.99816895
2686976,6882.872168305535,3.0,14.2578125,500.0,22.17295,0.0,0.99816895,1.0,0.04275163,0.88401496,0.0074654347,0.0005522104,0.0071893306,-0.26678142,0.0018310547,0.99816895
2695168,6857.15815489153,3.0,14.329834,500.0,22.79957,0.0,0.9980469,1.0,0.044150993,0.88377166,0.0066515845,0.00052292034,0.0063901236,-0.27527803,0.001953125,0.9980469
2703360,6872.77515572875,3.0,14.319824,500.0,22.161257,0.0,0.99816895,1.0,0.04275163,0.88345164,0.005199997,0.0006816817,0.004859156,-0.28304642,0.0018310547,0.99816895
2711552,6866.7591503859685,3.0,14.37439,500.0,22.820454,0.0,0.9980469,1.0,0.044150993,0.883417,0.009698095,0.00063197437,0.009382108,-0.28375098,0.001953125,0.9980469
2719744,6863.820909642983,3.0,14.362061,500.0,22.815609,0.0,0.9980469,1.0,0.044150993,0.88351643,0.0017913542,0.0005377334,0.0015224873,-0.28078246,0.001953125,0.9980469
2727936,6876.56047036352,3.0,14.19104,500.0,21.483267,0.0,0.998291,1.0,0.041304525,0.884138,0.014730655,0.00064804504,0.0144066345,-0.27874804,0.0017089844,0.998291
2736128,6862.099188844171,3.0,14.191895,500.0,21.485428,0.0,0.998291,1.0,0.041304525,0.8841343,0.013536063,0.0011694212,0.012951354,-0.28468665,0.0017089844,0.998291
2744320,6901.039696544754,3.0,14.269043,500.0,22.271805,0.0,0.99816895,1.0,0.042751625,0.88399917,0.01332527,0.0011675474,0.012741497,-0.28277665,0.0018310547,0.99816895
2752512,6908.847829859278,3.0,14.345703,500.0,23.498756,0.0,0.9979248,1.0,0.045507018,0.8841089,0.012607762,0.0016352747,0.011790125,-0.2686816,0.0020751953,0.9979248
2760704,6875.685296126974,3.0,14.405029,500.0,24.524248,0.0,0.99780273,1.0,0.04682347,0.8843112,0.008464269,0.0016758647,0.007626338,-0.25330496,0.0021972656,0.99780273
2768896,6885.607341443956,3.0,14.3984375,500.0,24.488182,0.0,0.99780273,1.0,0.04682347,0.88430375,0.009300086,0.001274203,0.008662984,-0.24470249,0.0021972656,0.99780273
2777088,6893.741548130259,3.0,14.505981,500.0,25.643408,0.0,0.9975586,1.0,0.049350236,0.8841992,0.006980202,0.0010988968,0.0064307544,-0.24154656,0.0024414062,0.9975586
2785280,6896.773298766239,3.0,14.515137,500.0,25.655785,0.0,0.9975586,1.0,0.049350236,0.88414216,0.004570791,0.0010028586,0.004069362,-0.23941971,0.0024414062,0.9975586
2793472,6870.697206708379,3.0,14.494263,500.0,26.187061,0.0,0.9974365,1.0,0.050565846,0.8846891,0.019037059,0.0009697131,0.018552203,-0.23857975,0.0025634766,0.9974365
2801664,6869.521358656123,3.0,14.566895,500.0,26.725952,0.0,0.99731445,1.0,0.05175263,0.88445324,0.012047067,0.001002867,0.011545634,-0.23792487,0.0026855469,0.99731445
2809856,6863.94842810189,3.0,14.571899,500.0,26.731932,0.0,0.99731445,1.0,0.05175263,0.88442,0.0149246985,0.0009795453,0.014434926,-0.24158025,0.0026855469,0.99731445
2818048,6900.02802766137,3.0,14.473267,500.0,26.185518,0.0,0.9974365,1.0,0.050565846,0.8848679,0.011449094,0.0013342635,0.010781962,-0.24311525,0.0025634766,0.9974365
2826240,6864.480491721106,3.0,14.476807,500.0,26.333216,0.0,0.9974365,1.0,0.050565846,0.8850039,0.00944391,0.0016428456,0.008622488,-0.24754241,0.0025634766,0.9974365
2834432,6879.735534224742,3.0,14.57312,500.0,27.337463,0.0,0.99731445,1.0,0.05175263,0.8849411,0.009705128,0.001190236,0.00911001,-0.25692576,0.0026855469,0.99731445
2842624,6867.612836377679,3.0,14.623657,500.0,27.348225,0.0,0.99731445,1.0,0.05175263,0.88452107,0.013707867,0.00080320705,0.013306263,-0.26382443,0.0026855469,0.99731445
2850816,6873.809101104579,3.0,14.630005,500.0,26.899847,0.0,0.9974365,1.0,0.050565846,0.88418657,0.010529377,0.001244041,0.0099073555,-0.25872618,0.0025634766,0.9974365
2859008,6867.593619245398,3.0,14.561401,500.0,26.332676,0.0,0.99768066,1.0,0.048103597,0.8844081,0.0034277108,0.0010098885,0.0029227666,-0.2593874,0.002319336,0.99768066
2867200,6871.773130562484,3.0,14.440674,500.0,25.650728,0.0,0.99780273,1.0,0.04682347,0.88488346,0.006104417,0.0005739284,0.005817453,-0.2720399,0.0021972656,0.99780273
2875392,6901.630204784738,3.0,14.287964,500.0,23.909304,0.0,0.99816895,1.0,0.04275163,0.88498497,0.001507787,0.00042053882,0.0012975179,-0.2826895,0.0018310547,0.99816895
2883584,6852.072551955797,3.0,14.080078,500.0,22.21848,0.0,0.9984131,1.0,0.039804466,0.8856759,0.005566385,0.0004795537,0.005326608,-0.28807837,0.0015869141,0.9984131
2891776,6879.486214593952,3.0,13.901978,500.0,20.168268,0.0,0.9987793,1.0,0.03491723,0.88598394,0.018564116,0.0005497782,0.018289229,-0.28575432,0.0012207031,0.9987793
2899968,6890.994382072047,3.0,13.943237,500.0,20.781557,0.0,0.9987793,1.0,0.03491723,0.8859639,0.011434231,0.0004958252,0.0111863185,-0.28466886,0.0012207031,0.9987793
2908160,6885.4486613351455,3.0,13.820435,500.0,19.351538,0.0,0.99902344,1.0,0.031234737,0.8862273,0.007974136,0.0004448566,0.007751708,-0.28978807,0.0009765625,0.99902344
2916352,6866.082665786885,3.0,13.739014,500.0,18.586449,0.0,0.9991455,1.0,0.029219205,0.88652414,0.005105665,0.00050152926,0.0048548994,-0.29642996,0.0008544922,0.9991455
2924544,6883.604369238869,3.0,13.653809,500.0,17.765062,0.0,0.9992676,1.0,0.02705338,0.8868212,0.009244155,0.00058768434,0.008950313,-0.299021,0.0007324219,0.9992676
2932736,6862.411666348442,3.0,13.552002,500.0,16.67612,0.0,0.99938965,1.0,0.024697753,0.8871023,0.006131567,0.00049198244,0.0058855754,-0.3135965,0.00061035156,0.99938965
2940928,6868.027403558049,3.0,13.418945,500.0,14.946716,0.0,0.9995117,1.0,0.022091692,0.8874719,0.007972758,0.00051955984,0.0077129784,-0.32367525,0.00048828125,0.9995117
2949120,6870.967873581228,3.0,13.356323,500.0,14.930049,0.0,0.9995117,1.0,0.022091692,0.88800657,0.00799043,0.00043839178,0.0077712336,-0.33493152,0.00048828125,0.9995117
2957312,6858.329774000744,3.0,13.202026,500.0,12.660776,0.0,0.99975586,1.0,0.015623093,0.88838935,0.0046074875,0.00040890463,0.004403036,-0.3480504,0.00024414062,0.99975586
2965504,6893.505042569122,3.0,13.154053,500.0,11.513704,0.0,0.99975586,1.0,0.015623093,0.8883544,0.0036569198,0.00042658654,0.0034436262,-0.36038944,0.00024414062,0.99975586
2973696,6869.71913671205,3.0,13.122803,500.0,11.507357,0.0,0.99975586,1.0,0.015623093,0.8886272,0.008532068,0.00046755222,0.008298292,-0.36988136,0.00024414062,0.99975586
2981888,6852.470212268648,3.0,13.160522,500.0,11.559986,0.0,0.99975586,1.0,0.015623093,0.8883427,0.005613855,0.000519799,0.005353955,-0.37613755,0.00024414062,0.99975586
2990080,6877.517086937001,3.0,13.146362,500.0,11.534603,0.0,0.99975586,1.0,0.015623093,0.8884484,0.012973744,0.0004882904,0.012729598,-0.38410804,0.00024414062,0.99975586
2998272,6885.803286974049,3.0,13.21167,500.0,12.55115,0.0,0.99975586,1.0,0.015623093,0.8882456,0.010817378,0.00070230605,0.010466225,-0.3917894,0.00024414062,0.99975586
3006464,6877.214244268261,3.0,13.104492,500.0,11.428225,0.0,0.99975586,1.0,0.015623093,0.8887836,0.0040655723,0.0003897874,0.0038706786,-0.3999099,0.00024414062,0.99975586
3014656,6865.907048578661,3.0,13.099976,500.0,11.457224,0.0,0.99975586,1.0,0.015623093,0.8888518,0.008539173,0.0004628804,0.008307734,-0.4088805,0.00024414062,0.99975586
3022848,6868.002692853225,3.0,13.106812,500.0,11.458877,0.0,0.99975586,1.0,0.015623093,0.8887913,0.0034698744,0.00046502557,0.003237361,-0.42238474,0.00024414062,0.99975586
3031040,6846.788464707585,3.0,13.119873,500.0,10.776348,0.0,0.9998779,1.0,0.011047869,0.8885398,0.02417902,0.0005443243,0.023906859,-0.43199176,0.00012207031,0.9998779
3039232,6861.43047297103,3.0,13.166382,500.0,10.825048,0.0,0.9998779,1.0,0.011047868,0.8881675,0.010291512,0.0005264156,0.010028305,-0.43197262,0.00012207031,0.9998779
3047424,6873.954868421579,3.0,13.112061,462.0,9.381684,1.0,1.0,1.0,0.0,0.88822067,0.009480841,0.00049931963,0.009231183,-0.4359565,0.0,1.0
3055616,6871.400710103476,3.0,13.145874,500.0,10.82567,0.0,0.9998779,1.0,0.011047869,0.8883502,0.00781721,0.0006203683,0.0075070267,-0.43884465,0.00012207031,0.9998779
3063808,6861.079723318264,3.0,13.160522,500.0,10.847902,0.0,0.9998779,1.0,0.011047868,0.88823926,0.0068406267,0.0004642593,0.0066084964,-0.4478431,0.00012207031,0.9998779
3072000,6845.499402110007,3.0,13.246216,500.0,11.349238,0.0,0.9998779,1.0,0.011047868,0.8877119,0.016411787,0.0005987257,0.016112426,-0.4528377,0.00012207031,0.9998779
3080192,6867.261454383529,3.0,13.228638,500.0,11.368381,0.0,0.9998779,1.0,0.011047869,0.8878881,0.007169367,0.000597445,0.006870645,-0.45514628,0.00012207031,0.9998779
3088384,6872.89750803561,3.0,13.287842,500.0,12.576704,0.0,0.99975586,1.0,0.015623093,0.8877826,0.0074410224,0.00078633847,0.0070478525,-0.46124682,0.00024414062,0.99975586
3096576,6857.987554134803,3.0,13.368286,500.0,13.6923685,0.0,0.9996338,1.0,0.019133134,0.88750184,0.010290619,0.0007631827,0.009909027,-0.46651012,0.00036621094,0.9996338
3104768,6879.265836596972,3.0,13.471069,500.0,14.991962,0.0,0.9995117,1.0,0.022091692,0.887223,0.01121252,0.0011168112,0.010654115,-0.47488183,0.00048828125,0.9995117
3112960,6862.3458792457595,3.0,13.532837,500.0,16.080513,0.0,0.9992676,1.0,0.02705338,0.8871577,0.013401173,0.00077508664,0.013013631,-0.47295755,0.0007324219,0.9992676
3121152,6843.636916404219,3.0,13.576294,500.0,16.502287,0.0,0.9992676,1.0,0.02705338,0.8870335,0.007760311,0.0006696138,0.007425504,-0.4714576,0.0007324219,0.9992676
3129344,6867.7624591573895,3.0,13.588257,500.0,16.508139,0.0,0.9992676,1.0,0.02705338,0.8869349,0.005570791,0.0005702455,0.0052856673,-0.4794431,0.0007324219,0.9992676
3137536,6865.063388034479,3.0,13.606323,500.0,16.517597,0.0,0.9992676,1.0,0.02705338,0.8867873,0.007757491,0.00053425046,0.0074903658,-0.4955424,0.0007324219,0.9992676
3145728,6848.172189392866,3.0,13.524902,500.0,16.119976,0.0,0.9992676,1.0,0.02705338,0.88725376,0.004749079,0.0005743105,0.0044619227,-0.5015912,0.0007324219,0.9992676
3153920,6860.4262737159215,3.0,13.641602,500.0,17.005512,0.0,0.9991455,1.0,0.029219206,0.8866581,0.0065724486,0.0006307892,0.0062570544,-0.509175,0.0008544922,0.9991455
3162112,6893.126114273494,3.0,13.593872,500.0,16.13937,0.0,0.9992676,1.0,0.02705338,0.8866682,0.010126632,0.0005042977,0.009874483,-0.5203632,0.0007324219,0.9992676
3170304,6881.07610916642,3.0,13.580444,500.0,16.132807,0.0,0.9992676,1.0,0.02705338,0.8867795,0.009918086,0.00040336003,0.009716406,-0.5274596,0.0007324219,0.9992676
3178496,6878.1421284008375,3.0,13.5460205,500.0,16.137655,0.0,0.9992676,1.0,0.02705338,0.88709164,0.017358137,0.0004879656,0.017114155,-0.53311986,0.0007324219,0.9992676
3186688,6868.380236904952,3.0,13.496826,500.0,15.835396,0.0,0.9992676,1.0,0.02705338,0.887344,0.013576546,0.0005399075,0.013306591,-0.53767973,0.0007324219,0.9992676
3194880,6894.243657588641,3.0,13.469238,500.0,14.89279,0.0,0.99938965,1.0,0.02469775,0.88716364,0.0077445284,0.00046461308,0.007512221,-0.536287,0.00061035156,0.99938965
3203072,6869.621619719563,3.0,13.358032,500.0,13.85433,0.0,0.9995117,1.0,0.022091692,0.8876927,0.0047395416,0.00043610937,0.004521487,-0.5435945,0.00048828125,0.9995117
3211264,6871.694795231536,3.0,13.304077,500.0,12.550209,0.0,0.9996338,1.0,0.019133132,0.8876467,0.0032268842,0.0006082011,0.002922784,-0.5499471,0.00036621094,0.9996338
3219456,6863.088798578795,3.0,13.244995,500.0,9.996016,0.0,0.9998779,1.0,0.011047869,0.8873384,0.009759034,0.0005204712,0.009498798,-0.5575917,0.00012207031,0.9998779
3227648,6848.0875668994095,3.0,13.210327,500.0,9.334526,0.0,0.9998779,1.0,0.011047868,0.8874213,0.005692107,0.00071474136,0.005334736,-0.56248426,0.00012207031,0.9998779
3235840,6868.236078823004,3.0,13.278198,500.0,10.340333,0.0,0.9998779,1.0,0.011047869,0.88716745,0.012137655,0.0010526497,0.011611332,-0.56359315,0.00012207031,0.9998779
3244032,6867.850314102607,3.0,13.380005,500.0,12.839806,0.0,0.9996338,1.0,0.019133134,0.887107,0.0077724834,0.0008523814,0.007346292,-0.5671842,0.00036621094,0.9996338
3252224,6875.701806786506,3.0,13.483887,500.0,13.947279,0.0,0.9995117,1.0,0.022091692,0.88663423,0.013865437,0.0009877341,0.013371572,-0.5730548,0.00048828125,0.9995117
3260416,6905.497341885818,3.0,13.550659,500.0,14.908137,0.0,0.99938965,1.0,0.02469775,0.8864147,0.009667921,0.001194648,0.009070596,-0.5772324,0.00061035156,0.99938965
3268608,6850.543834443664,3.0,13.689941,500.0,16.74834,0.0,0.9991455,1.0,0.029219205,0.8860352,0.005833475,0.00074589817,0.0054605263,-0.5798596,0.0008544922,0.9991455
3276800,6873.785723902572,3.0,13.704956,500.0,16.758865,0.0,0.9991455,1.0,0.029219205,0.88591754,0.010001965,0.0008431375,0.009580396,-0.5899341,0.0008544922,0.9991455
3284992,6859.299126011634,3.0,13.7873535,500.0,17.58964,0.0,0.99902344,1.0,0.031234737,0.8855916,0.008447642,0.00067862956,0.008108328,-0.59906286,0.0009765625,0.99902344
3293184,6877.686415144797,3.0,13.881958,500.0,19.162304,0.0,0.9987793,1.0,0.03491723,0.88559335,0.012981063,0.00064084027,0.012660644,-0.60004705,0.0012207031,0.9987793
3301376,6865.617574196591,3.0,13.877686,500.0,19.135483,0.0,0.9987793,1.0,0.03491723,0.8855935,0.00748753,0.000522787,0.0072261365,-0.60384345,0.0012207031,0.9987793
3309568,6875.481671178986,3.0,13.866943,500.0,19.113657,0.0,0.9987793,1.0,0.03491723,0.8856555,0.007473997,0.00040037447,0.00727381,-0.61809385,0.0012207031,0.9987793
3317760,6864.808272996084,3.0,13.887207,500.0,19.156536,0.0,0.9987793,1.0,0.03491723,0.8855331,0.009654289,0.000617526,0.009345526,-0.62793016,0.0012207031,0.9987793
3325952,6868.37337209716,3.0,13.873779,500.0,19.118807,0.0,0.9987793,1.0,0.03491723,0.88559973,0.011206031,0.00059144106,0.010910309,-0.6316073,0.0012207031,0.9987793
3334144,6889.819866333269,3.0,13.845581,500.0,19.827429,0.0,0.9986572,1.0,0.03661926,0.8862183,0.008874499,0.00048853573,0.008630231,-0.64544266,0.0013427734,0.9986572
3342336,6882.295893705776,3.0,13.81543,500.0,19.792013,0.0,0.9986572,1.0,0.03661926,0.8864301,0.005072071,0.0007297478,0.0047071977,-0.65132385,0.0013427734,0.9986572
3350528,6864.233647826572,3.0,13.771118,500.0,19.280022,0.0,0.9986572,1.0,0.03661926,0.88646215,0.003404642,0.00048326366,0.00316301,-0.65021044,0.0013427734,0.9986572
3358720,6859.414152061354,3.0,13.65271,500.0,18.498966,0.0,0.9987793,1.0,0.03491723,0.88706565,0.008234493,0.00045807209,0.008005456,-0.6489985,0.0012207031,0.9987793
3366912,6871.187720238142,3.0,13.540405,500.0,16.87846,0.0,0.99902344,1.0,0.031234737,0.8872403,0.007812885,0.00044249225,0.007591639,-0.64929533,0.0009765625,0.99902344
3375104,6881.8106846732735,3.0,13.24292,500.0,14.044113,0.0,0.99938965,1.0,0.024697755,0.8885862,0.003389339,0.0004215593,0.0031785585,-0.65978867,0.00061035156,0.99938965
3383296,6875.038690995471,3.0,13.179077,500.0,13.994132,0.0,0.99938965,1.0,0.024697753,0.88909864,0.004178158,0.00034657898,0.0040048696,-0.6628575,0.00061035156,0.99938965
3391488,6866.970493386393,3.0,13.094116,500.0,12.92456,0.0,0.9995117,1.0,0.022091692,0.88943934,0.010527217,0.0003935746,0.010330431,-0.6681109,0.00048828125,0.9995117
3399680,6853.748230548601,3.0,12.972778,500.0,10.441282,0.0,0.99975586,1.0,0.015623093,0.8896729,0.009075148,0.0004399543,0.0088551715,-0.67242694,0.00024414062,0.99975586
3407872,6896.010613033118,3.0,12.954712,500.0,10.400819,0.0,0.99975586,1.0,0.015623093,0.88980347,0.0066879634,0.00034592228,0.0065150014,-0.66979927,0.00024414062,0.99975586
3416064,6867.332825940967,3.0,12.928101,500.0,10.410781,0.0,0.99975586,1.0,0.015623093,0.8900504,0.0076183747,0.00037295892,0.0074318964,-0.6699694,0.00024414062,0.99975586
3424256,6888.792148160683,3.0,12.883301,500.0,10.317698,0.0,0.99975586,1.0,0.015623093,0.89038134,0.005054097,0.00043535768,0.0048364177,-0.6760909,0.00024414062,0.99975586
3432448,6860.4509299316205,3.0,12.830322,500.0,8.769442,0.0,0.9998779,1.0,0.011047869,0.89040995,0.012696788,0.00045923606,0.01246717,-0.6848959,0.00012207031,0.9998779
3440640,6878.1889422461945,3.0,12.881714,500.0,8.906965,0.0,0.9998779,1.0,0.011047869,0.89003617,0.009407987,0.00044604656,0.009184963,-0.69448876,0.00012207031,0.9998779
3448832,6867.983473539073,3.0,12.924683,500.0,8.965704,0.0,0.9998779,1.0,0.011047868,0.8896949,0.0097413305,0.000504579,0.009489042,-0.70061314,0.00012207031,0.9998779
3457024,6860.461888306597,3.0,12.786865,110.0,7.1189823,1.0,1.0,1.0,0.0,0.89047325,0.009262771,0.0004344778,0.009045532,-0.71148217,0.0,1.0
3465216,6894.307291006191,3.0,12.803711,110.0,7.098604,1.0,1.0,1.0,0.0,0.8903152,0.008346581,0.0004101065,0.008141527,-0.7256168,0.0,1.0
3473408,6853.048336896507,3.0,12.810425,110.0,7.161865,1.0,1.0,1.0,0.0,0.89028764,0.0077353814,0.0005547867,0.0074579883,-0.740374,0.0,1.0
3481600,6850.6831530928,3.0,12.88208,110.0,7.201109,1.0,1.0,1.0,0.0,0.88967156,0.012503591,0.00047298093,0.012267102,-0.7506013,0.0,1.0
3489792,6849.518241167473,3.0,12.88208,110.0,7.2516174,1.0,1.0,1.0,0.0,0.88970137,0.008448279,0.000502853,0.008196855,-0.7587836,0.0,1.0
3497984,6867.496162587411,3.0,12.898193,110.0,7.2330513,1.0,1.0,1.0,0.0,0.88954693,0.006945144,0.0004407166,0.0067247855,-0.7669412,0.0,1.0
3506176,6884.322932503468,3.0,12.87793,110.0,7.2352514,1.0,1.0,1.0,0.0,0.8897283,0.0055876207,0.0004512997,0.005361971,-0.7730033,0.0,1.0
3514368,6871.3168867098,3.0,12.852539,110.0,7.219442,1.0,1.0,1.0,0.0,0.8899449,0.010215022,0.00039076115,0.010019641,-0.7850296,0.0,1.0
3522560,6881.394451903573,3.0,12.872925,209.0,7.5043015,1.0,1.0,1.0,0.0,0.88986146,0.012844294,0.000480799,0.012603895,-0.7938051,0.0,1.0
3530752,6868.089181098059,3.0,12.896973,209.0,7.537788,1.0,1.0,1.0,0.0,0.88966906,0.010131907,0.00037302444,0.009945393,-0.80521524,0.0,1.0
3538944,6852.7626792033025,3.0,12.868286,209.0,7.3735003,1.0,1.0,1.0,0.0,0.8898392,0.008670801,0.0003686178,0.008486493,-0.8175432,0.0,1.0
3547136,6881.1105604222585,3.0,12.833618,209.0,7.3172584,1.0,1.0,1.0,0.0,0.8901144,0.0087629,0.0003117897,0.008607006,-0.8271653,0.0,1.0
3555328,6868.805881789669,3.0,12.756592,209.0,7.2339077,1.0,1.0,1.0,0.0,0.89075476,0.008575413,0.00038195285,0.008384437,-0.8334851,0.0,1.0
3563520,6883.078988940915,3.0,12.800293,209.0,7.290844,1.0,1.0,1.0,0.0,0.8903991,0.011679438,0.00050234504,0.011428268,-0.8465633,0.0,1.0
3571712,6854.807911897093,3.0,12.8585205,500.0,9.037946,0.0,0.9998779,1.0,0.011047868,0.8902823,0.009148189,0.00068349834,0.008806443,-0.84965956,0.00012207031,0.9998779
3579904,6865.815127528092,3.0,12.799561,500.0,8.966006,0.0,0.9998779,1.0,0.011047868,0.89076084,0.007978152,0.00039085143,0.0077827247,-0.85124195,0.00012207031,0.9998779
3588096,6880.578671485511,3.0,12.794556,500.0,8.955234,0.0,0.9998779,1.0,0.011047868,0.8907979,0.0076637724,0.00034364403,0.0074919504,-0.85966754,0.00012207031,0.9998779
3596288,6885.603201869949,3.0,12.786621,500.0,8.910012,0.0,0.9998779,1.0,0.011047868,0.8908351,0.007590163,0.0003373861,0.0074214702,-0.8727952,0.00012207031,0.9998779
3604480,6878.7948259697705,3.0,12.835815,500.0,8.914677,0.0,0.9998779,1.0,0.011047868,0.8903997,0.0137278,0.00036126416,0.013547169,-0.8821054,0.00012207031,0.9998779
3612672,6870.035055840454,3.0,12.811768,500.0,8.880705,0.0,0.9998779,1.0,0.011047868,0.8905904,0.0063422346,0.00029272784,0.0061958707,-0.8838663,0.00012207031,0.9998779
3620864,6870.171047367151,3.0,12.819336,500.0,8.883555,0.0,0.9998779,1.0,0.011047868,0.8905246,0.009213135,0.00035666622,0.009034803,-0.8910512,0.00012207031,0.9998779
3629056,6879.216253493441,3.0,12.819824,500.0,8.656012,0.0,0.9998779,1.0,0.011047868,0.8904277,0.010845842,0.0004233699,0.010634158,-0.8927357,0.00012207031,0.9998779
3637248,6862.267758699579,3.0,12.828857,500.0,8.64787,0.0,0.9998779,1.0,0.011047868,0.8903405,0.010338922,0.00031724916,0.0101803,-0.8988379,0.00012207031,0.9998779
3645440,6878.246771993792,3.0,12.785522,500.0,8.656731,0.0,0.9998779,1.0,0.011047868,0.8907333,0.013239413,0.00036954263,0.013054643,-0.90728366,0.00012207031,0.9998779
3653632,6868.1084010038385,3.0,12.855225,500.0,10.209908,0.0,0.99975586,1.0,0.015623093,0.8905473,0.014779875,0.0006297078,0.014465021,-0.9130936,0.00024414062,0.99975586
3661824,6872.904381889959,3.0,12.842529,500.0,10.180685,0.0,0.99975586,1.0,0.015623093,0.8906349,0.008238363,0.00034671335,0.008065007,-0.9110723,0.00024414062,0.99975586
3670016,6866.792086101755,3.0,12.824097,500.0,10.131542,0.0,0.99975586,1.0,0.015623093,0.8907603,0.011626189,0.00034766036,0.011452358,-0.91438985,0.00024414062,0.99975586
3678208,6877.389063827301,3.0,12.77478,500.0,8.597865,0.0,0.9998779,1.0,0.011047868,0.89078856,0.011104398,0.00039331417,0.010907741,-0.9160162,0.00012207031,0.9998779
3686400,6872.408124944372,3.0,12.770142,500.0,8.626232,0.0,0.9998779,1.0,0.011047868,0.8908452,0.0077203885,0.00046722646,0.0074867764,-0.9204341,0.00012207031,0.9998779
3694592,6911.705184160327,3.0,12.730713,500.0,8.654148,0.0,0.9998779,1.0,0.011047868,0.89120775,0.01277158,0.00039935845,0.012571903,-0.9333596,0.00012207031,0.9998779
3702784,6861.852516178199,3.0,12.704346,500.0,8.641627,0.0,0.9998779,1.0,0.011047868,0.8914346,0.010606802,0.00039631076,0.010408647,-0.94583476,0.00012207031,0.9998779
3710976,6878.662624053602,3.0,12.664673,500.0,8.61877,0.0,0.9998779,1.0,0.011047868,0.8917732,0.008805511,0.0003460717,0.008632474,-0.94434,0.00012207031,0.9998779
3719168,6878.564852988575,3.0,12.712524,500.0,8.638944,0.0,0.9998779,1.0,0.011047868,0.8913599,0.0071939044,0.00039682645,0.0069954908,-0.95270944,0.00012207031,0.9998779
3727360,6857.878050990587,3.0,12.787476,500.0,10.183228,0.0,0.99975586,1.0,0.015623093,0.891117,0.0077944146,0.00063415116,0.007477339,-0.95181906,0.00024414062,0.99975586
3735552,6898.581717896454,3.0,12.803345,500.0,10.1967,0.0,0.99975586,1.0,0.015623093,0.89098513,0.009438276,0.0005456612,0.009165446,-0.9521016,0.00024414062,0.99975586
3743744,6904.449680023744,3.0,12.875244,500.0,12.71283,0.0,0.9995117,1.0,0.022091692,0.89117515,0.015927525,0.00067004375,0.015592502,-0.95579,0.00048828125,0.9995117
3751936,6898.689754564594,3.0,12.894409,500.0,12.71751,0.0,0.9995117,1.0,0.022091692,0.8910082,0.009498098,0.00039689362,0.009299653,-0.9569541,0.00048828125,0.9995117
3760128,6873.796724919003,3.0,12.813232,500.0,11.517811,0.0,0.9996338,1.0,0.019133132,0.8913064,0.0066064205,0.00037254253,0.006420149,-0.9643521,0.00036621094,0.9996338
3768320,6857.719277642746,3.0,12.897217,500.0,12.720705,0.0,0.9995117,1.0,0.022091692,0.8909881,0.025157234,0.0007616381,0.024776412,-0.9705718,0.00048828125,0.9995117
3776512,6867.217534162469,3.0,12.894531,500.0,12.720059,0.0,0.9995117,1.0,0.022091692,0.8910115,0.010125333,0.00034157716,0.009954544,-0.9633386,0.00048828125,0.9995117
3784704,6861.023551900664,3.0,12.926758,500.0,12.713902,0.0,0.9995117,1.0,0.022091692,0.8907175,0.006902068,0.00050869235,0.006647721,-0.96211916,0.00048828125,0.9995117
3792896,6885.9564634292,3.0,13.004272,500.0,14.772249,0.0,0.9992676,1.0,0.02705338,0.89081895,0.0062684542,0.0006007727,0.0059680673,-0.9594094,0.0007324219,0.9992676
3801088,6872.28853911154,3.0,13.031128,500.0,14.741105,0.0,0.9992676,1.0,0.02705338,0.89055085,0.012690472,0.0006365619,0.012372193,-0.9532428,0.0007324219,0.9992676
3809280,6883.243075486874,3.0,13.159912,500.0,16.113588,0.0,0.9991455,1.0,0.029219205,0.89009655,0.017306063,0.0006096392,0.017001243,-0.9582147,0.0008544922,0.9991455
3817472,6874.037380963813,3.0,13.207642,500.0,16.115335,0.0,0.9991455,1.0,0.029219205,0.88967407,0.014015702,0.0004264959,0.013802453,-0.96330273,0.0008544922,0.9991455
3825664,6850.0166602605095,3.0,13.219849,500.0,16.137884,0.0,0.9991455,1.0,0.029219205,0.8895965,0.00961473,0.0004963795,0.009366541,-0.9640249,0.0008544922,0.9991455
3833856,6921.165465457964,3.0,13.255859,500.0,17.010452,0.0,0.99902344,1.0,0.031234737,0.88969684,0.007793558,0.0005752404,0.0075059365,-0.96491086,0.0009765625,0.99902344
3842048,6885.6432179605235,3.0,13.156982,500.0,16.112452,0.0,0.9991455,1.0,0.029219205,0.8901249,0.00506452,0.0004085784,0.0048602317,-0.9712689,0.0008544922,0.9991455
3850240,6887.778543805081,3.0,13.083496,500.0,14.225209,0.0,0.99938965,1.0,0.02469775,0.88996387,0.012507258,0.00043945332,0.01228753,-0.97668886,0.00061035156,0.99938965
3858432,6883.565755882779,3.0,13.135864,500.0,15.197302,0.0,0.9992676,1.0,0.02705338,0.8899062,0.012834926,0.0003870559,0.012641398,-0.9796045,0.0007324219,0.9992676
3866624,6873.28521490282,3.0,13.165894,500.0,15.21241,0.0,0.9992676,1.0,0.02705338,0.88965744,0.008623899,0.00038032443,0.008433737,-0.98099387,0.0007324219,0.9992676
3874816,6868.934958727103,3.0,13.147461,500.0,15.212114,0.0,0.9992676,1.0,0.02705338,0.88982105,0.0077999365,0.00032318645,0.007638343,-0.9882074,0.0007324219,0.9992676
3883008,6878.361057449966,3.0,13.070801,500.0,14.242232,0.0,0.99938965,1.0,0.024697755,0.89009774,0.006065249,0.00035952736,0.005885486,-0.9977617,0.00061035156,0.99938965
3891200,6879.009664922009,3.0,13.033081,500.0,14.2314415,0.0,0.99938965,1.0,0.024697755,0.89042056,0.010568533,0.00043133547,0.010352865,-1.0051413,0.00061035156,0.99938965
3899392,6875.617878423503,3.0,12.982544,500.0,13.184864,0.0,0.9995117,1.0,0.022091692,0.8904598,0.009021332,0.00048388614,0.008779388,-1.0077956,0.00048828125,0.9995117
3907584,6875.463785780048,3.0,12.952515,500.0,12.689918,0.0,0.9995117,1.0,0.022091692,0.8904813,0.010423704,0.00037112055,0.010238145,-1.0108428,0.00048828125,0.9995117
3915776,6856.181199314057,3.0,12.88623,500.0,11.473633,0.0,0.9996338,1.0,0.019133132,0.8906323,0.0063572377,0.00035453224,0.0061799726,-1.0160112,0.00036621094,0.9996338
3923968,6866.967748588723,3.0,12.845337,500.0,11.467818,0.0,0.9996338,1.0,0.019133132,0.89099145,0.012147057,0.0003495686,0.011972273,-1.0214067,0.00036621094,0.9996338
3932160,6881.1587927599885,3.0,12.762939,500.0,11.425219,0.0,0.9996338,1.0,0.019133134,0.89168614,0.005215198,0.000359605,0.005035395,-1.0277666,0.00036621094,0.9996338
3940352,6874.425216448008,3.0,12.720825,500.0,10.062358,0.0,0.99975586,1.0,0.015623093,0.8916259,0.009034489,0.0003574891,0.008855744,-1.0374792,0.00024414062,0.99975586
3948544,6862.892772875468,3.0,12.67334,500.0,10.039983,0.0,0.99975586,1.0,0.015623093,0.89203095,0.009204426,0.00035106958,0.009028893,-1.0379398,0.00024414062,0.99975586
3956736,6876.7201173614485,3.0,12.660645,500.0,10.032593,0.0,0.99975586,1.0,0.015623093,0.89213777,0.009006677,0.00034468627,0.008834335,-1.0390667,0.00024414062,0.99975586
3964928,6869.324965328237,3.0,12.574829,500.0,8.522332,0.0,0.9998779,1.0,0.011047868,0.89251596,0.0101847015,0.00043336395,0.00996802,-1.0497603,0.00012207031,0.9998779
3973120,6870.193026301083,3.0,12.544312,500.0,8.503172,0.0,0.9998779,1.0,0.011047868,0.8927761,0.013623858,0.00036781534,0.013439951,-1.058033,0.00012207031,0.9998779
3981312,6870.785136754861,3.0,12.554565,500.0,8.512842,0.0,0.9998779,1.0,0.011047868,0.89269066,0.0076790904,0.00037167725,0.007493252,-1.066762,0.00012207031,0.9998779
3989504,6893.4981274460215,3.0,12.544678,500.0,8.506917,0.0,0.9998779,1.0,0.011047869,0.89277434,0.008431171,0.0003600074,0.008251168,-1.0698897,0.00012207031,0.9998779
3997696,6870.693085042672,3.0,12.575684,500.0,9.370449,0.0,0.9998779,1.0,0.011047869,0.8927913,0.018781085,0.00046368118,0.018549243,-1.0691508,0.00012207031,0.9998779
4005888,6883.343737491791,3.0,12.506714,364.0,7.6723967,1.0,1.0,1.0,0.0,0.892988,0.015528965,0.00059874274,0.015229596,-1.0667429,0.0,1.0
4014080,6876.633411606669,3.0,12.731079,500.0,12.094692,0.0,0.9996338,1.0,0.019133134,0.8922706,0.01504121,0.0010797947,0.014501312,-1.0679445,0.00036621094,0.9996338
4022272,6855.430200075937,3.0,12.807251,500.0,12.977382,0.0,0.9996338,1.0,0.019133134,0.8919587,0.010586053,0.00074725295,0.010212427,-1.0650427,0.00036621094,0.9996338
4030464,6868.918480550077,3.0,12.850952,500.0,13.9208355,0.0,0.9996338,1.0,0.019133132,0.89196134,0.011937004,0.00052863045,0.011672689,-1.0671637,0.00036621094,0.9996338
4038656,6879.060622283441,3.0,12.883667,500.0,13.9236555,0.0,0.9996338,1.0,0.019133132,0.8916731,0.010039599,0.00038056262,0.009849317,-1.0720706,0.00036621094,0.9996338
4046848,6881.761064878517,3.0,12.890625,500.0,13.968463,0.0,0.9996338,1.0,0.019133132,0.8916576,0.011991645,0.00044141008,0.01177094,-1.0747243,0.00036621094,0.9996338
4055040,6870.7397975435915,3.0,12.961914,500.0,14.080267,0.0,0.9996338,1.0,0.019133132,0.8911338,0.009530685,0.0006570856,0.009202142,-1.075038,0.00036621094,0.9996338
4063232,6864.798672262706,3.0,12.952148,500.0,14.095912,0.0,0.9996338,1.0,0.019133132,0.8912395,0.011053485,0.0004877051,0.010809632,-1.0856342,0.00036621094,0.9996338
4071424,6895.974628400272,3.0,13.122681,500.0,16.267326,0.0,0.99938965,1.0,0.02469775,0.89073956,0.03949609,0.0012154768,0.038888346,-1.0937892,0.00061035156,0.99938965
4079616,6868.001320041504,3.0,13.135742,500.0,16.267437,0.0,0.99938965,1.0,0.02469775,0.89062643,0.015438462,0.00050461065,0.015186156,-1.0902562,0.00061035156,0.99938965
4087808,6871.8198577506455,3.0,13.158325,500.0,16.295053,0.0,0.99938965,1.0,0.02469775,0.8904609,0.011430434,0.0004500223,0.011205422,-1.0872228,0.00061035156,0.99938965
4096000,6870.721936806473,3.0,13.237061,500.0,16.348536,0.0,0.99938965,1.0,0.024697753,0.8898254,0.01138539,0.0005220225,0.011124377,-1.0888207,0.00061035156,0.99938965
4104192,6869.449941601234,3.0,13.267212,500.0,16.36374,0.0,0.99938965,1.0,0.024697753,0.88957787,0.008028855,0.00046087478,0.0077984175,-1.0936161,0.00061035156,0.99938965
4112384,6879.013796571839,3.0,13.19812,500.0,15.905718,0.0,0.99938965,1.0,0.024697753,0.8899248,0.013246017,0.00045530451,0.013018364,-1.1030878,0.00061035156,0.99938965
4120576,6901.0299942015645,3.0,13.09729,500.0,13.205692,0.0,0.99975586,1.0,0.015623093,0.88982415,0.013653412,0.00079460297,0.01325611,-1.1063842,0.00024414062,0.99975586
4128768,6877.2624219997215,3.0,13.129639,500.0,13.56835,0.0,0.9996338,1.0,0.019133132,0.8897008,0.014954161,0.001355352,0.014276484,-1.1104634,0.00036621094,0.9996338
4136960,6865.090820888097,3.0,13.151367,500.0,13.5066,0.0,0.9996338,1.0,0.019133134,0.8896243,0.012729412,0.00071101444,0.012373906,-1.1216682,0.00036621094,0.9996338
4145152,6896.9380388901145,3.0,13.18103,500.0,13.538729,0.0,0.9996338,1.0,0.019133134,0.8893959,0.022330815,0.0007318654,0.021964882,-1.1227825,0.00036621094,0.9996338
4153344,6858.64875366664,3.0,13.327759,500.0,14.613949,0.0,0.9995117,1.0,0.022091692,0.888573,0.014779313,0.0010594559,0.014249585,-1.1227665,0.00048828125,0.9995117
4161536,6851.512352856371,3.0,13.381226,500.0,14.63076,0.0,0.9995117,1.0,0.022091692,0.88812846,0.010219507,0.0007401109,0.009849452,-1.1249944,0.00048828125,0.9995117
4169728,6884.10224452293,3.0,13.489258,500.0,14.820957,0.0,0.9995117,1.0,0.022091692,0.88733983,0.009784056,0.0010460631,0.009261022,-1.1275052,0.00048828125,0.9995117
4177920,6888.455167563549,3.0,13.590942,500.0,15.812463,0.0,0.99938965,1.0,0.024697753,0.8869164,0.009318964,0.0009814973,0.008828214,-1.1281519,0.00061035156,0.99938965
4186112,6845.138006085366,3.0,13.586182,500.0,13.74315,0.0,0.9996338,1.0,0.019133132,0.886119,0.016585944,0.0009812217,0.016095335,-1.1275972,0.00036621094,0.9996338
4194304,6853.001864645003,3.0,13.690552,500.0,13.901265,0.0,0.9996338,1.0,0.019133132,0.8853613,0.01973738,0.0011446258,0.019165069,-1.1299675,0.00036621094,0.9996338
4202496,6878.047125791151,3.0,13.922363,500.0,16.774544,0.0,0.9992676,1.0,0.02705338,0.88462716,0.03357884,0.0015063353,0.03282567,-1.1238458,0.0007324219,0.9992676
4210688,6851.707728968627,3.0,13.97522,500.0,16.833797,0.0,0.9992676,1.0,0.02705338,0.884244,0.0078655025,0.0008917872,0.0074196085,-1.1155145,0.0007324219,0.9992676
4218880,6850.082211181907,3.0,14.165649,500.0,18.066853,0.0,0.9991455,1.0,0.029219205,0.8833531,0.008694152,0.0011901808,0.008099062,-1.1116745,0.0008544922,0.9991455
4227072,6854.636973387407,3.0,14.32605,500.0,18.465603,0.0,0.9991455,1.0,0.029219205,0.88228375,0.01784804,0.0009378465,0.017379118,-1.1160504,0.0008544922,0.9991455
4235264,6873.747220622359,3.0,14.406494,500.0,18.44747,0.0,0.9991455,1.0,0.029219205,0.8815969,0.013610303,0.0010125932,0.013104008,-1.1192327,0.0008544922,0.9991455
4243456,6858.777449142157,3.0,14.435669,500.0,18.410547,0.0,0.9991455,1.0,0.029219205,0.88129574,0.0095601175,0.00083141343,0.00914441,-1.1214529,0.0008544922,0.9991455
4251648,6854.460573784162,3.0,14.4001465,500.0,17.25598,0.0,0.9992676,1.0,0.02705338,0.88098395,0.007893946,0.0010148037,0.0073865443,-1.126202,0.0007324219,0.9992676
4259840,6851.5219164626415,3.0,14.50415,500.0,17.334267,0.0,0.9992676,1.0,0.02705338,0.8801743,0.010510171,0.0008895479,0.010065398,-1.1329399,0.0007324219,0.9992676
4268032,6854.805176813824,3.0,14.511108,500.0,16.735779,0.0,0.99938965,1.0,0.02469775,0.879931,0.009562391,0.0009969138,0.009063933,-1.1408703,0.00061035156,0.99938965
4276224,6870.331771567327,3.0,14.606689,500.0,16.782366,0.0,0.99938965,1.0,0.024697753,0.87915254,0.009178666,0.00074902916,0.008804153,-1.1464565,0.00061035156,0.99938965
4284416,6869.259045609549,3.0,14.620361,500.0,16.790243,0.0,0.99938965,1.0,0.02469775,0.87904936,0.015514798,0.00068106805,0.015174265,-1.1498146,0.00061035156,0.99938965
4292608,6856.684693472331,3.0,14.57019,500.0,15.8028,0.0,0.9995117,1.0,0.022091692,0.87899494,0.012247418,0.0008454502,0.0118246935,-1.1590276,0.00048828125,0.9995117
4300800,6873.33333760086,3.0,14.661987,500.0,16.711151,0.0,0.99938965,1.0,0.024697753,0.87863636,0.020665126,0.00082190643,0.020254174,-1.1672328,0.00061035156,0.99938965
4308992,6848.531175803692,3.0,14.623657,500.0,16.626266,0.0,0.99938965,1.0,0.02469775,0.8788724,0.008701038,0.0006883654,0.008356855,-1.1792392,0.00061035156,0.99938965
4317184,6872.050754361316,3.0,14.424683,500.0,14.626642,0.0,0.9996338,1.0,0.019133134,0.87960607,0.011902636,0.0005306592,0.011637306,-1.1841356,0.00036621094,0.9996338
4325376,6858.57482440737,3.0,14.39209,500.0,13.5836735,0.0,0.99975586,1.0,0.015623093,0.8794543,0.009986967,0.0005635052,0.009705214,-1.1832925,0.00024414062,0.99975586
4333568,6853.308046375468,3.0,14.295898,500.0,13.048636,0.0,0.99975586,1.0,0.015623093,0.87992895,0.007742712,0.00066995027,0.007407736,-1.1782881,0.00024414062,0.99975586
4341760,6865.473532059268,3.0,14.130249,500.0,12.492674,0.0,0.99975586,1.0,0.015623093,0.8810599,0.008257168,0.0005335879,0.007990375,-1.173108,0.00024414062,0.99975586
4349952,6843.617833217612,3.0,14.074585,500.0,12.359175,0.0,0.99975586,1.0,0.015623093,0.88142216,0.012850114,0.00047878048,0.012610724,-1.1720096,0.00024414062,0.99975586
4358144,6863.5604027877935,3.0,13.9552,500.0,12.230875,0.0,0.99975586,1.0,0.015623093,0.8823546,0.008570876,0.0005098006,0.008315976,-1.1752138,0.00024414062,0.99975586
4366336,6867.71853252767,3.0,13.801392,500.0,11.745645,0.0,0.99975586,1.0,0.015623093,0.8834064,0.005615431,0.0004914113,0.005369725,-1.1788003,0.00024414062,0.99975586
4374528,6851.146223436403,3.0,13.734009,500.0,11.648274,0.0,0.99975586,1.0,0.015623093,0.8839069,0.007734936,0.00058290514,0.007443483,-1.1848352,0.00024414062,0.99975586
4382720,6864.805529926664,3.0,13.62793,500.0,11.306909,0.0,0.99975586,1.0,0.015623093,0.8846078,0.012983669,0.0005623045,0.012702515,-1.1978749,0.00024414062,0.99975586
4390912,6880.560759558815,3.0,13.505981,500.0,11.170595,0.0,0.99975586,1.0,0.015623093,0.8855663,0.008653605,0.0004548185,0.008426197,-1.214216,0.00024414062,0.99975586
4399104,6871.966915107362,3.0,13.375244,500.0,11.006571,0.0,0.99975586,1.0,0.015623093,0.88657856,0.0077308547,0.00044905045,0.0075063296,-1.2281566,0.00024414062,0.99975586
4407296,6874.35232204225,3.0,13.230835,500.0,9.468637,0.0,0.9998779,1.0,0.011047868,0.88733447,0.013808374,0.00042867192,0.01359404,-1.2331935,0.00012207031,0.9998779
4415488,6883.660911006168,3.0,13.102539,500.0,9.379621,0.0,0.9998779,1.0,0.011047868,0.88839054,0.00940485,0.00042497393,0.009192362,-1.2397583,0.00012207031,0.9998779
4423680,6868.792150486067,3.0,13.05127,500.0,9.330575,0.0,0.9998779,1.0,0.011047868,0.88881004,0.009729016,0.00042688765,0.0095155705,-1.2479436,0.00012207031,0.9998779
4431872,6879.44213786499,3.0,12.928223,500.0,9.203813,0.0,0.9998779,1.0,0.011047868,0.88980794,0.008552598,0.0003818104,0.008361692,-1.2579461,0.00012207031,0.9998779
4440064,6871.297648842419,3.0,12.869751,155.0,7.4615064,1.0,1.0,1.0,0.0,0.88990015,0.0074210316,0.0004713105,0.007185376,-1.2611225,0.0,1.0
4448256,6881.898899408545,3.0,12.867554,155.0,7.4476633,1.0,1.0,1.0,0.0,0.8899108,0.010622241,0.0004432009,0.010400642,-1.2589769,0.0,1.0
4456448,6896.111648817457,3.0,12.755371,155.0,7.328023,1.0,1.0,1.0,0.0,0.8908388,0.007586586,0.00042243954,0.007375366,-1.2592452,0.0,1.0
4464640,6890.387729240994,3.0,12.797607,500.0,9.040263,0.0,0.9998779,1.0,0.011047868,0.8908448,0.01590699,0.00050803454,0.015652971,-1.2598578,0.00012207031,0.9998779
4472832,6874.370201659065,3.0,12.812622,500.0,9.019532,0.0,0.9998779,1.0,0.011047869,0.8906942,0.005318985,0.000545337,0.005046317,-1.254653,0.00012207031,0.9998779
4481024,6856.525975376184,3.0,12.784912,500.0,10.44992,0.0,0.99975586,1.0,0.015623093,0.8913264,0.0093733035,0.00045919823,0.009143704,-1.2529753,0.00024414062,0.99975586
4489216,6872.072745323965,3.0,12.716064,500.0,10.347323,0.0,0.99975586,1.0,0.015623093,0.89188117,0.012519952,0.0004802135,0.012279845,-1.2605597,0.00024414062,0.99975586
4497408,6866.122455308916,3.0,12.741089,500.0,10.3588085,0.0,0.99975586,1.0,0.015623093,0.891666,0.009567073,0.00049655885,0.009318793,-1.272463,0.00024414062,0.99975586
4505600,6855.393269931768,3.0,12.750122,500.0,10.415639,0.0,0.99975586,1.0,0.015623093,0.8916273,0.030862082,0.0006865271,0.030518819,-1.2853608,0.00024414062,0.99975586
4513792,6863.02299849276,3.0,12.814331,500.0,11.245347,0.0,0.99975586,1.0,0.015623093,0.8913926,0.008943294,0.00049989077,0.008693349,-1.2890456,0.00024414062,0.99975586
4521984,6879.534424162967,3.0,12.812988,500.0,11.216941,0.0,0.99975586,1.0,0.015623093,0.8913945,0.018881155,0.00076504523,0.018498633,-1.2958415,0.00024414062,0.99975586
4530176,6871.404832618223,3.0,12.953857,500.0,13.732582,0.0,0.9995117,1.0,0.022091692,0.8911183,0.026929779,0.0012301233,0.026314717,-1.291907,0.00048828125,0.9995117
4538368,6857.556405726941,3.0,13.091797,500.0,14.312317,0.0,0.9995117,1.0,0.022091692,0.8902626,0.008209988,0.0006011608,0.007909408,-1.2966104,0.00048828125,0.9995117
4546560,6869.709522237655,3.0,13.02417,500.0,14.266991,0.0,0.9995117,1.0,0.022091692,0.8908173,0.010708868,0.0005464107,0.010435662,-1.3080846,0.00048828125,0.9995117
4554752,6862.696758369718,3.0,13.106567,500.0,15.102028,0.0,0.9995117,1.0,0.022091692,0.890461,0.018145634,0.0008610591,0.017715104,-1.3064029,0.00048828125,0.9995117
4562944,6874.884624311506,3.0,13.1883545,500.0,15.589931,0.0,0.9995117,1.0,0.022091692,0.8900273,0.009657381,0.0006557607,0.009329504,-1.3062575,0.00048828125,0.9995117
4571136,6864.498320023111,3.0,13.340942,500.0,16.915232,0.0,0.99938965,1.0,0.024697753,0.88941014,0.0074142255,0.001014286,0.006907084,-1.3165345,0.00061035156,0.99938965
4579328,6871.380097603938,3.0,13.377197,500.0,17.08894,0.0,0.99938965,1.0,0.024697755,0.8892529,0.020557506,0.00091411587,0.020100445,-1.3210934,0.00061035156,0.99938965
4587520,6872.641810422852,3.0,13.356689,500.0,16.286983,0.0,0.9995117,1.0,0.022091692,0.8890961,0.009151994,0.0011036613,0.008600163,-1.326938,0.00048828125,0.9995117
4595712,6898.536011093958,3.0,13.496216,500.0,17.369034,0.0,0.99938965,1.0,0.02469775,0.8884698,0.021632407,0.001720075,0.020772371,-1.3246007,0.00061035156,0.99938965
4603904,6898.813031306514,3.0,13.733398,500.0,19.75207,0.0,0.99902344,1.0,0.031234737,0.8876851,0.035203245,0.0025321885,0.033937152,-1.3224905,0.0009765625,0.99902344
4612096,6863.002436224625,3.0,13.815796,500.0,20.372217,0.0,0.99902344,1.0,0.031234737,0.88747025,0.012112623,0.0015877602,0.011318744,-1.3261443,0.0009765625,0.99902344
4620288,6863.1545999265745,3.0,13.850342,500.0,20.134905,0.0,0.99902344,1.0,0.031234737,0.887024,0.010910077,0.0008005349,0.0105098095,-1.331952,0.0009765625,0.99902344
4628480,6866.583498570916,3.0,13.811035,500.0,20.13091,0.0,0.99902344,1.0,0.031234737,0.88736546,0.025031853,0.000743017,0.024660349,-1.3360521,0.0009765625,0.99902344
4636672,6881.32140962419,3.0,13.786865,500.0,19.423672,0.0,0.9991455,1.0,0.029219205,0.8871905,0.03282104,0.0011999748,0.032221053,-1.3395443,0.0008544922,0.9991455
4644864,6853.190491225516,3.0,13.6970215,500.0,18.919333,0.0,0.9991455,1.0,0.029219205,0.8875468,0.024679322,0.0006053243,0.02437666,-1.3470072,0.0008544922,0.9991455
4653056,6874.612273317138,3.0,13.725952,500.0,18.943409,0.0,0.9991455,1.0,0.029219205,0.8873225,0.010367142,0.00051569927,0.010109291,-1.3582195,0.0008544922,0.9991455
4661248,6881.161548913996,3.0,13.689941,500.0,18.914043,0.0,0.9991455,1.0,0.029219205,0.8875997,0.012190432,0.0004414277,0.011969717,-1.3637501,0.0008544922,0.9991455
4669440,6894.279624158575,3.0,13.657349,500.0,18.27931,0.0,0.9991455,1.0,0.029219205,0.88754475,0.007860139,0.0004905425,0.0076148678,-1.3766707,0.0008544922,0.9991455
4677632,6894.61994181667,3.0,13.560547,500.0,17.55132,0.0,0.9991455,1.0,0.029219205,0.8879006,0.012848806,0.00040623877,0.012645688,-1.3944101,0.0008544922,0.9991455
4685824,6860.792025766104,3.0,13.404419,500.0,15.735559,0.0,0.99938965,1.0,0.024697753,0.88836145,0.008811672,0.0004986981,0.008562323,-1.3999054,0.00061035156,0.99938965
4694016,6910.272042346855,3.0,13.3428955,500.0,15.523686,0.0,0.99938965,1.0,0.024697753,0.88871074,0.008622022,0.0004318991,0.008406073,-1.4076444,0.00061035156,0.99938965
4702208,6880.435378683143,3.0,13.174561,500.0,14.254258,0.0,0.9995117,1.0,0.022091692,0.8895393,0.011815365,0.00040461385,0.011613061,-1.4166418,0.00048828125,0.9995117
4710400,6888.004990834634,3.0,12.919556,500.0,10.446186,0.0,0.9998779,1.0,0.011047868,0.890342,0.008247219,0.00043244284,0.0080309985,-1.4176844,0.00012207031,0.9998779
4718592,6854.461941188029,3.0,12.837769,500.0,8.959445,0.0,0.9998779,1.0,0.011047868,0.8904714,0.01247789,0.00043680344,0.012259487,-1.4154959,0.00012207031,0.9998779
4726784,6855.535521561382,3.0,12.795776,500.0,8.984344,0.0,0.9998779,1.0,0.011047868,0.8908591,0.018106733,0.0005180381,0.017847711,-1.4212234,0.00012207031,0.9998779
4734976,6880.766063386836,3.0,12.750244,104.0,7.1884594,1.0,1.0,1.0,0.0,0.8908385,0.015157909,0.00045731378,0.014929253,-1.4219165,0.0,1.0
4743168,6899.717657226806,3.0,12.716187,99.0,7.019079,1.0,1.0,1.0,0.0,0.89105153,0.01228987,0.00038290766,0.012098418,-1.4237626,0.0,1.0
4751360,6871.793745420103,3.0,12.63562,93.0,6.8739996,1.0,1.0,1.0,0.0,0.8916953,0.0102209,0.00036207153,0.010039862,-1.4245485,0.0,1.0
4759552,6870.908792190621,3.0,12.575073,93.0,6.836753,1.0,1.0,1.0,0.0,0.89221585,0.020685049,0.00036676796,0.020501668,-1.4216367,0.0,1.0
4767744,6847.18824092083,3.0,12.541138,93.0,6.7761006,1.0,1.0,1.0,0.0,0.8924844,0.012301978,0.00040405488,0.012099951,-1.4241877,0.0,1.0
4775936,6845.125732928094,3.0,12.589478,93.0,6.7854643,1.0,1.0,1.0,0.0,0.8920572,0.012672532,0.000389509,0.012477778,-1.4308546,0.0,1.0
4784128,6867.007548369703,3.0,12.586548,93.0,6.7926407,1.0,1.0,1.0,0.0,0.89208806,0.011186896,0.00040371585,0.010985037,-1.4370806,0.0,1.0
4792320,6861.686707297907,3.0,12.577148,93.0,6.8061833,1.0,1.0,1.0,0.0,0.8921801,0.01962893,0.0004224044,0.019417731,-1.4407942,0.0,1.0
4800512,6863.217660735544,3.0,12.540649,93.0,6.7824783,1.0,1.0,1.0,0.0,0.8924937,0.010430632,0.0004308736,0.010215196,-1.4449842,0.0,1.0
4808704,6871.815734737893,3.0,12.55957,93.0,6.7639008,1.0,1.0,1.0,0.0,0.8923147,0.014988031,0.0003254516,0.014825306,-1.454525,0.0,1.0
4816896,6906.884074626275,3.0,12.474609,93.0,6.680914,1.0,1.0,1.0,0.0,0.8930285,0.0099427495,0.00031733135,0.009784081,-1.4630754,0.0,1.0
4825088,6881.748660041631,3.0,12.409912,73.0,6.584371,1.0,1.0,1.0,0.0,0.89356196,0.01824819,0.00033086876,0.018082757,-1.4692097,0.0,1.0
4833280,6885.219622945189,3.0,12.369019,73.0,6.555106,1.0,1.0,1.0,0.0,0.89391243,0.013379941,0.0003586853,0.013200595,-1.4815404,0.0,1.0
4841472,6867.196946752237,3.0,12.419434,270.0,7.152759,1.0,1.0,1.0,0.0,0.89364576,0.018378861,0.00052928645,0.01811422,-1.4826638,0.0,1.0
4849664,6872.019142599083,3.0,12.442139,270.0,7.2119875,1.0,1.0,1.0,0.0,0.89347684,0.012369396,0.00039682383,0.012170984,-1.4816668,0.0,1.0
4857856,6877.697428650352,3.0,12.426147,270.0,7.239581,1.0,1.0,1.0,0.0,0.8936375,0.015658217,0.00037552108,0.015470457,-1.4910561,0.0,1.0
4866048,6860.004405929277,3.0,12.414551,270.0,7.247678,1.0,1.0,1.0,0.0,0.89374715,0.011581462,0.00037449595,0.011394212,-1.501719,0.0,1.0
4874240,6883.400274977507,3.0,12.479126,500.0,9.002403,0.0,0.9998779,1.0,0.011047868,0.89357185,0.02436442,0.00092698564,0.023900928,-1.5039128,0.00012207031,0.9998779
4882432,6886.570617649517,3.0,12.437988,500.0,8.982857,0.0,0.9998779,1.0,0.011047868,0.8939264,0.037966043,0.00041091346,0.037760586,-1.499726,0.00012207031,0.9998779
4890624,6878.538689372156,3.0,12.387939,500.0,8.94312,0.0,0.9998779,1.0,0.011047868,0.8943465,0.0073979734,0.00036616,0.007214893,-1.5016639,0.00012207031,0.9998779
4898816,6868.708390722935,3.0,12.399292,500.0,8.937069,0.0,0.9998779,1.0,0.011047869,0.89423984,0.011917649,0.00037423967,0.011730529,-1.5042078,0.00012207031,0.9998779
4907008,6888.351594086157,3.0,12.428223,500.0,8.949114,0.0,0.9998779,1.0,0.011047869,0.89398926,0.012901908,0.0003825914,0.01271061,-1.5194987,0.00012207031,0.9998779
4915200,6876.033412653799,3.0,12.472656,500.0,8.983097,0.0,0.9998779,1.0,0.011047869,0.89361554,0.012480313,0.0003865406,0.012287042,-1.5350941,0.00012207031,0.9998779
4923392,6890.610202271833,3.0,12.524658,500.0,8.980346,0.0,0.9998779,1.0,0.011047869,0.89314806,0.010382412,0.00031956876,0.010222626,-1.5417645,0.00012207031,0.9998779
4931584,6850.520615219716,3.0,12.573242,500.0,8.977865,0.0,0.9998779,1.0,0.011047869,0.8927113,0.010385854,0.0003381673,0.010216769,-1.5442686,0.00012207031,0.9998779
4939776,6869.918299734259,3.0,12.544189,500.0,8.95607,0.0,0.9998779,1.0,0.011047868,0.8929558,0.0103195105,0.00031775172,0.010160636,-1.5507945,0.00012207031,0.9998779
4947968,6875.463785780048,3.0,12.467651,500.0,8.456196,0.0,0.9998779,1.0,0.011047868,0.8934343,0.016654592,0.00033419003,0.016487498,-1.5586165,0.00012207031,0.9998779
4956160,6869.765835970496,3.0,12.440552,500.0,8.431299,0.0,0.9998779,1.0,0.011047869,0.8936604,0.013042383,0.00032038006,0.0128821945,-1.5680926,0.00012207031,0.9998779
4964352,6889.451012843229,3.0,12.44458,500.0,8.401172,0.0,0.9998779,1.0,0.011047869,0.8936023,0.010243332,0.00036473476,0.010060965,-1.5752445,0.00012207031,0.9998779
4972544,6876.172393918824,3.0,12.44165,500.0,8.449746,0.0,0.9998779,1.0,0.011047868,0.8936577,0.010458291,0.00041082042,0.010252882,-1.5812111,0.00012207031,0.9998779
4980736,6870.360620296711,3.0,12.3376465,91.0,6.5030427,1.0,1.0,1.0,0.0,0.8941586,0.011363411,0.000357189,0.011184815,-1.5855705,0.0,1.0
4988928,6863.579597354905,3.0,12.329224,91.0,6.4822955,1.0,1.0,1.0,0.0,0.89422274,0.0105159525,0.00033808622,0.010346909,-1.5936596,0.0,1.0
4997120,6878.129736607262,3.0,12.332275,91.0,6.4681044,1.0,1.0,1.0,0.0,0.89418447,0.008157769,0.00032654754,0.007994495,-1.6065805,0.0,1.0
5005312,6903.672811638604,3.0,12.284058,127.0,6.5485344,1.0,1.0,1.0,0.0,0.8946438,0.01288854,0.00048032784,0.012648375,-1.6149563,0.0,1.0
5013504,6876.590747672829,3.0,12.312378,500.0,8.452342,0.0,0.9998779,1.0,0.011047868,0.89479613,0.011433812,0.00052888645,0.011169369,-1.6169441,0.00012207031,0.9998779
5021696,6852.617809283573,3.0,12.30188,500.0,8.426992,0.0,0.9998779,1.0,0.011047869,0.8948723,0.012558203,0.00032290423,0.01239675,-1.6149082,0.00012207031,0.9998779
5029888,6892.705746225332,3.0,12.28418,500.0,8.4316845,0.0,0.9998779,1.0,0.011047869,0.8950356,0.012309438,0.00038066454,0.012119106,-1.6080213,0.00012207031,0.9998779
5038080,6877.47854184335,3.0,12.268066,500.0,8.415317,0.0,0.9998779,1.0,0.011047868,0.8951682,0.01183383,0.00035496772,0.011656346,-1.6146809,0.00012207031,0.9998779
5046272,6870.426561159359,3.0,12.263672,500.0,8.410434,0.0,0.9998779,1.0,0.011047868,0.89520395,0.014755493,0.00033634828,0.01458732,-1.6180992,0.00012207031,0.9998779
5054464,6886.936401985281,3.0,12.286743,500.0,8.40854,0.0,0.9998779,1.0,0.011047868,0.8949963,0.014196632,0.0003386888,0.014027286,-1.6176414,0.00012207031,0.9998779
5062656,6891.244536551251,3.0,12.279175,500.0,8.410057,0.0,0.9998779,1.0,0.011047869,0.89506567,0.012045136,0.0003402685,0.011875002,-1.6254905,0.00012207031,0.9998779
5070848,6874.225792027478,3.0,12.300781,500.0,8.375079,0.0,0.9998779,1.0,0.011047869,0.8948513,0.025121475,0.00033935937,0.024951791,-1.627427,0.00012207031,0.9998779
5079040,6888.442738581808,3.0,12.314697,500.0,8.374554,0.0,0.9998779,1.0,0.011047868,0.8947259,0.013318285,0.00033258347,0.013151992,-1.6334463,0.00012207031,0.9998779
5087232,6879.71900418713,3.0,12.31189,500.0,8.319151,0.0,0.9998779,1.0,0.011047868,0.8947151,0.010269917,0.0004354719,0.010052181,-1.6338003,0.00012207031,0.9998779
5095424,6883.684355426001,3.0,12.327148,500.0,9.903053,0.0,0.99975586,1.0,0.015623093,0.8949954,0.00032719388,0.0007041231,-2.486736e-05,-1.6350441,0.00024414062,0.99975586
5103616,6880.027577987588,3.0,12.32019,500.0,9.803273,0.0,0.99975586,1.0,0.015623093,0.894995,0.013960792,0.00039044075,0.013765572,-1.6484541,0.00024414062,0.99975586
5111808,6876.484778256694,3.0,12.358887,500.0,9.830104,0.0,0.99975586,1.0,0.015623093,0.8946695,0.017500605,0.0006084965,0.017196354,-1.6559215,0.00024414062,0.99975586
5120000,6896.107496603601,3.0,12.399658,500.0,11.318496,0.0,0.9996338,1.0,0.019133132,0.8948051,0.03703537,0.0006959151,0.03668741,-1.6524099,0.00036621094,0.9996338
5128192,6875.283561183886,3.0,12.354736,500.0,11.296449,0.0,0.9996338,1.0,0.019133132,0.8951863,0.035140716,0.0007942405,0.034743596,-1.6413288,0.00036621094,0.9996338
5136384,6929.537675311983,3.0,12.60437,500.0,15.952569,0.0,0.9991455,1.0,0.029219206,0.89486843,0.022675715,0.0017220756,0.021814674,-1.6359814,0.0008544922,0.9991455
5144576,6925.954884599127,3.0,12.980103,500.0,20.706633,0.0,0.9984131,1.0,0.039804466,0.8940659,0.04453784,0.0013723737,0.04385165,-1.6328007,0.0015869141,0.9984131
5152768,6886.4022318847265,3.0,13.170288,500.0,23.325941,0.0,0.9979248,1.0,0.045507018,0.8940388,0.017719943,0.000987189,0.017226351,-1.6304057,0.0020751953,0.9979248
5160960,6944.231568846436,3.0,13.277832,500.0,24.539833,0.0,0.99768066,1.0,0.0481036,0.89393383,0.015094446,0.00084204896,0.014673421,-1.6283894,0.002319336,0.99768066
5169152,6920.016878847225,3.0,13.689331,500.0,28.3629,0.0,0.9968262,1.0,0.056247268,0.89321697,0.012304323,0.001103981,0.011752333,-1.6226108,0.0031738281,0.9968262
5177344,6896.083967486202,3.0,13.799805,500.0,29.358168,0.0,0.99658203,1.0,0.058363397,0.89306366,0.01738912,0.0006478568,0.017065192,-1.6180922,0.0034179688,0.99658203
5185536,6887.204208362365,3.0,14.026978,500.0,30.931812,0.0,0.9962158,1.0,0.06139918,0.89250565,0.015385681,0.0010017363,0.01488481,-1.61651,0.0037841797,0.9962158
5193728,6896.237601680639,3.0,14.169556,500.0,31.861582,0.0,0.9959717,1.0,0.06334107,0.8921116,0.01659561,0.0008532781,0.01616897,-1.6178533,0.0040283203,0.9959717
5201920,6895.700603900194,3.0,14.332642,500.0,32.76023,0.0,0.99572754,1.0,0.06522428,0.89152575,0.022386499,0.0007347113,0.022019142,-1.6229479,0.004272461,0.99572754
5210112,6909.307682098643,3.0,14.432739,500.0,33.627213,0.0,0.9954834,1.0,0.06705372,0.8914752,0.006379369,0.00083811174,0.0059603127,-1.6248403,0.0045166016,0.9954834
5218304,6883.743656730173,3.0,14.803711,500.0,35.70774,0.0,0.99487305,1.0,0.071418956,0.89030635,0.0110868905,0.000934726,0.010619528,-1.6281734,0.005126953,0.99487305
5226496,6916.048548776126,3.0,15.002686,500.0,36.90574,0.0,0.99450684,1.0,0.07391203,0.8898289,0.008904592,0.0011429243,0.00833313,-1.6277848,0.005493164,0.99450684
5234688,6901.010589597029,3.0,15.281982,500.0,38.80021,0.0,0.9938965,1.0,0.07788622,0.8894426,0.011873591,0.0008116143,0.011467784,-1.626606,0.0061035156,0.9938965
5242880,6881.23320969316,3.0,15.436401,500.0,39.53203,0.0,0.99365234,1.0,0.07941891,0.88891584,0.010356782,0.0004576135,0.010127977,-1.6253313,0.0063476562,0.99365234
5251072,6909.723129951444,3.0,15.662598,500.0,40.93099,0.0,0.99316406,1.0,0.08239665,0.88852537,0.013198502,0.0007845494,0.012806229,-1.625525,0.0068359375,0.99316406
5259264,6936.508533121172,3.0,16.016357,500.0,42.64496,0.0,0.9925537,1.0,0.08597,0.887501,0.0067366334,0.0006619706,0.006405648,-1.6254423,0.007446289,0.9925537
5267456,6924.998703669068,3.0,16.078857,500.0,42.987602,0.0,0.99243164,1.0,0.08666648,0.8873959,0.0062341774,0.0009053081,0.005781523,-1.6361773,0.0075683594,0.99243164
5275648,6930.8012656272,3.0,16.079712,500.0,42.97794,0.0,0.99243164,1.0,0.08666648,0.88737017,0.0089375395,0.0010194485,0.008427817,-1.6470772,0.0075683594,0.99243164
5283840,6921.568397441257,3.0,16.160767,500.0,43.3108,0.0,0.9923096,1.0,0.08735723,0.8870813,0.014945879,0.002237997,0.01382688,-1.6544927,0.0076904297,0.9923096
5292032,6875.29731845355,3.0,16.39502,500.0,44.297604,0.0,0.99194336,1.0,0.089396484,0.886301,0.01194149,0.0017242405,0.011079369,-1.6650304,0.008056641,0.99194336
5300224,6886.894990487353,3.0,16.004028,500.0,42.123962,0.0,0.99279785,1.0,0.08455931,0.88706356,0.010364313,0.0017508201,0.009488904,-1.6704595,0.0072021484,0.99279785
5308416,6896.342796608724,3.0,15.961304,500.0,41.800682,0.0,0.9929199,1.0,0.0838448,0.88708276,0.016562775,0.0015977129,0.01576392,-1.6782479,0.007080078,0.9929199
5316608,6874.15977821663,3.0,15.779419,500.0,41.010498,0.0,0.99316406,1.0,0.08239665,0.8876524,0.013511782,0.0018341722,0.012594696,-1.6834939,0.0068359375,0.99316406
5324800,6874.800715897098,3.0,15.759277,500.0,41.01186,0.0,0.99316406,1.0,0.08239665,0.8878315,0.01651687,0.0009235784,0.016055081,-1.6845295,0.0068359375,0.99316406
5332992,6870.019946003152,3.0,15.6467285,500.0,40.308857,0.0,0.9934082,1.0,0.08092184,0.8879956,0.012207648,0.0006287345,0.011893282,-1.6897489,0.006591797,0.9934082
5341184,6881.069218956649,3.0,15.328613,500.0,38.488407,0.0,0.99401855,1.0,0.07710815,0.8887105,0.015508315,0.00042474893,0.01529594,-1.7004716,0.0059814453,0.99401855
5349376,6880.542847725378,3.0,15.031982,500.0,36.5682,0.0,0.9946289,1.0,0.073090665,0.8892242,0.012246499,0.0005869715,0.01195301,-1.7059829,0.0053710938,0.9946289
5357568,6910.843281758393,3.0,14.760254,500.0,34.967674,0.0,0.9951172,1.0,0.06970632,0.88997126,0.0090927575,0.00061975,0.008782881,-1.6976166,0.0048828125,0.9951172
5365760,6884.208448847397,3.0,14.557617,500.0,33.707645,0.0,0.9954834,1.0,0.06705372,0.89049697,0.010553425,0.00046648088,0.010320186,-1.6897783,0.0045166016,0.9954834
5373952,6907.6061179018325,3.0,13.991089,500.0,29.608349,0.0,0.99658203,1.0,0.058363397,0.8917339,0.0137751335,0.0005875302,0.013481368,-1.6892694,0.0034179688,0.99658203
5382144,6891.844428464979,3.0,13.602051,500.0,26.321135,0.0,0.99731445,1.0,0.05175263,0.89243937,0.0021894784,0.0005507473,0.0019141044,-1.6880128,0.0026855469,0.99731445
5390336,6865.440608990799,3.0,13.292847,500.0,23.428003,0.0,0.9979248,1.0,0.045507014,0.8931082,0.01438984,0.0005803262,0.014099676,-1.6870942,0.0020751953,0.9979248
5398528,6888.912309052273,3.0,13.051147,500.0,20.784039,0.0,0.9984131,1.0,0.039804466,0.8935317,0.030002335,0.0005738144,0.029715426,-1.6906029,0.0015869141,0.9984131
5406720,6834.455219158739,3.0,12.956909,500.0,19.893736,0.0,0.99853516,1.0,0.038245235,0.8938416,0.030252129,0.00077040563,0.029866926,-1.6965712,0.0014648438,0.99853516
5414912,6865.62443349675,3.0,12.977295,500.0,20.5732,0.0,0.9984131,1.0,0.039804466,0.89402676,0.031116009,0.0010216527,0.03060518,-1.6938463,0.0015869141,0.9984131
5423104,6858.895196041933,3.0,12.817627,500.0,18.36743,0.0,0.9987793,1.0,0.03491723,0.8942225,0.013732401,0.0006290288,0.013417887,-1.6950837,0.0012207031,0.9987793
5431296,6844.660749057806,3.0,12.878174,500.0,18.836119,0.0,0.9987793,1.0,0.03491723,0.8940269,0.018775756,0.0008574277,0.01834704,-1.6916324,0.0012207031,0.9987793
5439488,6852.165471882675,3.0,12.807373,500.0,18.08995,0.0,0.99890137,1.0,0.03312742,0.8942849,0.010006441,0.0005803073,0.009716287,-1.6941497,0.0010986328,0.99890137
5447680,6875.411505916681,3.0,12.808472,500.0,18.090378,0.0,0.99890137,1.0,0.033127416,0.89427674,0.012760981,0.0004708023,0.012525582,-1.6984091,0.0010986328,0.99890137
5455872,6870.246600541705,3.0,12.88501,500.0,18.910013,0.0,0.9987793,1.0,0.03491723,0.8940624,0.011618684,0.0006249191,0.0113062225,-1.6972268,0.0012207031,0.9987793
5464064,6869.537839725825,3.0,12.834106,500.0,18.136148,0.0,0.99890137,1.0,0.033127416,0.8941069,0.017023502,0.0005104281,0.016768286,-1.6987721,0.0010986328,0.99890137
5472256,6892.951876558248,3.0,12.81958,500.0,17.365139,0.0,0.99902344,1.0,0.031234737,0.89387584,0.01069135,0.00062942045,0.01037664,-1.6965148,0.0009765625,0.99902344
5480448,6871.969663902924,3.0,12.744019,500.0,16.54478,0.0,0.9991455,1.0,0.029219205,0.8941655,0.028967055,0.00059551763,0.028669294,-1.6928089,0.0008544922,0.9991455
5488640,6851.808837066095,3.0,12.851685,500.0,17.532394,0.0,0.99902344,1.0,0.031234737,0.8937514,0.02408589,0.0015981179,0.023286832,-1.6857269,0.0009765625,0.99902344
5496832,6862.245830444917,3.0,12.859253,500.0,17.376232,0.0,0.9991455,1.0,0.029219206,0.8936221,0.008922339,0.00056480203,0.008639937,-1.6806648,0.0008544922,0.9991455
5505024,6890.253699629175,3.0,12.755615,500.0,16.36525,0.0,0.9992676,1.0,0.02705338,0.8939977,0.013664808,0.0003522884,0.013488664,-1.6883441,0.0007324219,0.9992676
5513216,6853.6826094458265,3.0,12.736084,500.0,15.459884,0.0,0.99938965,1.0,0.02469775,0.8937589,0.01405557,0.00042557425,0.013842786,-1.6961081,0.00061035156,0.99938965
5521408,6872.298160806201,3.0,12.730835,500.0,14.504754,0.0,0.9995117,1.0,0.022091692,0.89339864,0.008105815,0.0004335661,0.0078890305,-1.7021465,0.00048828125,0.9995117
5529600,6884.808495870286,3.0,12.700073,500.0,14.454528,0.0,0.9995117,1.0,0.022091692,0.89361775,0.008845887,0.00040065695,0.008645558,-1.709898,0.00048828125,0.9995117
5537792,6864.0211020313745,3.0,12.631836,500.0,13.804834,0.0,0.9995117,1.0,0.022091692,0.89384925,0.013442585,0.00038381843,0.013250676,-1.7193213,0.00048828125,0.9995117
5545984,6864.821988376066,3.0,12.610474,500.0,13.78984,0.0,0.9995117,1.0,0.022091692,0.8940282,0.00840859,0.00038186932,0.008217656,-1.7200292,0.00048828125,0.9995117
5554176,6863.002436224625,3.0,12.571655,500.0,12.711088,0.0,0.9996338,1.0,0.019133134,0.8939687,0.011478485,0.00042035803,0.011268306,-1.7261668,0.00036621094,0.9996338
5562368,6873.098230243742,3.0,12.485474,500.0,11.457869,0.0,0.99975586,1.0,0.015623093,0.8942709,0.013641111,0.00037474843,0.013453736,-1.736386,0.00024414062,0.99975586
5570560,6871.4749161257705,3.0,12.467163,500.0,11.404523,0.0,0.99975586,1.0,0.015623093,0.8943876,0.0122536495,0.00040171004,0.012052796,-1.7465947,0.00024414062,0.99975586
5578752,6874.5256207077655,3.0,12.386108,500.0,10.009649,0.0,0.9998779,1.0,0.011047869,0.89466274,0.013732463,0.00040370465,0.01353061,-1.7616255,0.00012207031,0.9998779
5586944,6913.8970525768045,3.0,12.244873,455.0,8.169013,1.0,1.0,1.0,0.0,0.89538723,0.012529558,0.00037500408,0.012342054,-1.7730676,0.0,1.0
5595136,6878.703936606535,3.0,12.220337,158.0,6.702936,1.0,1.0,1.0,0.0,0.8952875,0.013150865,0.00047178922,0.012914972,-1.7798405,0.0,1.0
5603328,6883.299611318987,3.0,12.20813,158.0,6.7018147,1.0,1.0,1.0,0.0,0.895397,0.018883275,0.000355675,0.018705439,-1.7853304,0.0,1.0
5611520,6890.9833259395755,3.0,12.223145,158.0,6.6617875,1.0,1.0,1.0,0.0,0.8952399,0.018556204,0.00034783018,0.018382287,-1.7872348,0.0,1.0
5619712,6872.559331380493,3.0,12.187256,158.0,6.6466584,1.0,1.0,1.0,0.0,0.89555407,0.013010611,0.00034847957,0.012836373,-1.7916402,0.0,1.0
5627904,6897.45307558289,3.0,12.121826,158.0,6.647372,1.0,1.0,1.0,0.0,0.8961383,0.013352141,0.00036091928,0.013171682,-1.7996608,0.0,1.0
5636096,6879.304401727207,3.0,12.118774,158.0,6.6812673,1.0,1.0,1.0,0.0,0.8961808,0.020499084,0.0003683374,0.020314913,-1.8038319,0.0,1.0
5644288,6875.6096232853615,3.0,12.201172,500.0,8.619015,0.0,0.9998779,1.0,0.011047869,0.8958893,-0.007625293,0.0007761057,-0.008013347,-1.8089797,0.00012207031,0.9998779
5652480,6871.33337639615,3.0,12.182495,500.0,8.596236,0.0,0.9998779,1.0,0.011047868,0.8960402,0.0071503688,0.0003510223,0.0069748578,-1.8186268,0.00012207031,0.9998779
5660672,6882.124959990834,3.0,12.189819,500.0,8.546717,0.0,0.9998779,1.0,0.011047868,0.8959397,0.014664342,0.0003605809,0.01448405,-1.8189183,0.00012207031,0.9998779
5668864,6893.245043486356,3.0,12.167114,500.0,8.5632715,0.0,0.9998779,1.0,0.011047869,0.89615226,0.008946582,0.00047827122,0.008707445,-1.8165025,0.00012207031,0.9998779
5677056,6896.647326334534,3.0,12.22229,500.0,10.099954,0.0,0.99975586,1.0,0.015623093,0.8960669,0.011328826,0.00038746322,0.011135092,-1.8167354,0.00024414062,0.99975586
5685248,6873.710092867811,3.0,12.290405,500.0,10.230833,0.0,0.99975586,1.0,0.015623093,0.8955295,0.013763338,0.00047937475,0.013523652,-1.8241432,0.00024414062,0.99975586
5693440,6876.473768634515,3.0,12.244873,500.0,10.170356,0.0,0.99975586,1.0,0.015623093,0.89591223,0.011082765,0.00047780643,0.010843861,-1.8303497,0.00024414062,0.99975586
5701632,6884.413970417632,3.0,12.231934,500.0,10.172987,0.0,0.99975586,1.0,0.015623093,0.8960301,0.02351165,0.00054247124,0.02324041,-1.8252267,0.00024414062,0.99975586
5709824,6890.955685763611,3.0,12.25769,500.0,11.520781,0.0,0.9996338,1.0,0.019133132,0.8962319,0.009243794,0.00086080784,0.008813388,-1.8336216,0.00036621094,0.9996338
5718016,6898.619114821724,3.0,12.458618,500.0,14.824807,0.0,0.9992676,1.0,0.02705338,0.89570266,0.006362451,0.0012100555,0.005757422,-1.835533,0.0007324219,0.9992676
5726208,6878.065024632909,3.0,12.599487,500.0,16.665508,0.0,0.99902344,1.0,0.031234737,0.89528763,0.010693927,0.0009844194,0.010201717,-1.8352019,0.0009765625,0.99902344
5734400,6889.033855368084,3.0,12.814453,500.0,19.086863,0.0,0.9986572,1.0,0.03661926,0.8946239,0.007876736,0.0008528928,0.00745029,-1.831994,0.0013427734,0.9986572
5742592,6904.381697060109,3.0,12.852905,500.0,19.829311,0.0,0.99853516,1.0,0.038245235,0.8947021,0.0173136,0.0011146921,0.016756253,-1.8285078,0.0014648438,0.99853516
5750784,6883.22101297505,3.0,12.9375,500.0,21.24549,0.0,0.998291,1.0,0.041304525,0.89479405,0.012683097,0.0010006231,0.012182787,-1.8284545,0.0017089844,0.998291
5758976,6917.933947724101,3.0,13.143677,500.0,23.211782,0.0,0.9979248,1.0,0.045507018,0.89424205,0.012929443,0.0012735014,0.012292694,-1.823682,0.0020751953,0.9979248
5767168,6924.619096294051,3.0,13.292603,500.0,25.009417,0.0,0.9975586,1.0,0.049350236,0.8941772,0.0047387048,0.0017409542,0.0038682278,-1.8201778,0.0024414062,0.9975586
5775360,6883.343737491791,3.0,13.516235,500.0,27.235374,0.0,0.9970703,1.0,0.05404724,0.89389586,0.0065024327,0.0007937478,0.0061055585,-1.8251504,0.0029296875,0.9970703
5783552,6919.226749982631,3.0,13.585327,500.0,27.74994,0.0,0.99694824,1.0,0.055158354,0.8936826,0.0062199985,0.0013138204,0.0055630878,-1.8241367,0.0030517578,0.99694824
5791744,6884.684339628312,3.0,13.685913,500.0,28.774025,0.0,0.9967041,1.0,0.057315227,0.893634,0.00699988,0.0011600466,0.006419856,-1.8204635,0.0032958984,0.9967041
5799936,6862.422630988189,3.0,13.80188,500.0,29.71512,0.0,0.99645996,1.0,0.059392814,0.8933724,0.01509574,0.00045836254,0.014866559,-1.8200282,0.003540039,0.99645996
5808128,6870.910166164909,3.0,13.777466,500.0,29.69504,0.0,0.99645996,1.0,0.059392817,0.89354503,0.015128343,0.00061381754,0.014821434,-1.8268671,0.003540039,0.99645996
5816320,6865.95095203849,3.0,13.870728,500.0,30.18799,0.0,0.9963379,1.0,0.060404457,0.89316356,0.019262569,0.0011205697,0.018702282,-1.8300576,0.0036621094,0.9963379
5824512,6914.619171430733,3.0,14.0633545,500.0,31.590548,0.0,0.9959717,1.0,0.06334108,0.89271873,0.013610401,0.0019434845,0.012638661,-1.8251145,0.0040283203,0.9959717
5832704,6879.398061700822,3.0,14.362793,500.0,33.85157,0.0,0.9953613,1.0,0.067949645,0.8922679,0.016504802,0.001966234,0.015521685,-1.82416,0.004638672,0.9953613
5840896,6877.683661773919,3.0,14.37439,500.0,33.965183,0.0,0.9953613,1.0,0.067949645,0.89234054,0.007801795,0.0011202759,0.007241657,-1.8283546,0.004638672,0.9953613
5849088,6890.53143688528,3.0,14.436279,500.0,34.39057,0.0,0.99523926,1.0,0.06883369,0.89222354,0.008288192,0.0010490149,0.0077636833,-1.8192111,0.004760742,0.99523926
5857280,6856.227714695746,3.0,14.448608,500.0,34.405754,0.0,0.99523926,1.0,0.06883369,0.89214814,0.019169334,0.0011579636,0.018590352,-1.8115275,0.004760742,0.99523926
5865472,6877.106879180761,3.0,14.522827,500.0,34.490044,0.0,0.99523926,1.0,0.06883369,0.8916192,0.013041275,0.0012043786,0.012439087,-1.8148826,0.004760742,0.99523926
5873664,6878.815482978205,3.0,14.516113,500.0,34.48096,0.0,0.99523926,1.0,0.06883369,0.89165545,0.01586825,0.0013314752,0.015202513,-1.8140945,0.004760742,0.99523926
5881856,6933.583066915035,3.0,14.517334,500.0,34.48098,0.0,0.99523926,1.0,0.06883369,0.8916443,0.008076439,0.00156412,0.00729438,-1.821039,0.004760742,0.99523926
5890048,6859.520965419047,3.0,14.58374,500.0,34.888103,0.0,0.9951172,1.0,0.06970632,0.89145577,0.008731806,0.0012497726,0.008106921,-1.8246226,0.0048828125,0.9951172
5898240,6855.371385589644,3.0,14.586182,500.0,34.89227,0.0,0.9951172,1.0,0.06970632,0.89144516,0.011325138,0.0019317279,0.010359272,-1.8227788,0.0048828125,0.9951172
5906432,6926.766100519511,3.0,14.88147,500.0,36.52325,0.0,0.9946289,1.0,0.073090665,0.89055735,0.014945376,0.0015983861,0.014146182,-1.8287023,0.0053710938,0.9946289
5914624,6903.410658014969,3.0,14.88855,500.0,36.5232,0.0,0.9946289,1.0,0.073090665,0.8904942,0.0065523707,0.0008196161,0.0061425637,-1.8370261,0.0053710938,0.9946289
5922816,6876.166889603461,3.0,14.873657,500.0,36.519215,0.0,0.9946289,1.0,0.073090665,0.8906146,0.024748264,0.0007031404,0.024396691,-1.8433431,0.0053710938,0.9946289
5931008,6883.626434208278,3.0,14.9522705,500.0,36.909687,0.0,0.99450684,1.0,0.07391203,0.89033335,0.016774733,0.0016138621,0.015967803,-1.8464141,0.005493164,0.99450684
5939200,6876.6581844563525,3.0,15.130005,500.0,38.053314,0.0,0.9941406,1.0,0.07632197,0.8899991,0.012693991,0.0015856446,0.011901168,-1.8421037,0.005859375,0.9941406
5947392,6881.331056628819,3.0,15.100952,500.0,37.66926,0.0,0.9942627,1.0,0.07552739,0.889827,0.009366032,0.00089080737,0.008920629,-1.8364878,0.0057373047,0.9942627
5955584,6874.257424094496,3.0,14.701172,500.0,35.14166,0.0,0.9949951,1.0,0.070567936,0.8905666,0.016652225,0.001702033,0.015801208,-1.8409551,0.005004883,0.9949951
5963776,6866.045620784374,3.0,14.881348,500.0,35.97565,0.0,0.994751,1.0,0.07225974,0.8898741,0.011193591,0.0011610328,0.010613075,-1.8495631,0.0052490234,0.994751
5971968,6901.2725609660565,3.0,14.88623,500.0,35.976818,0.0,0.994751,1.0,0.07225974,0.8898344,0.021171762,0.0014197327,0.020461895,-1.8521869,0.0052490234,0.994751
5980160,6901.086822599746,3.0,14.843872,500.0,35.561222,0.0,0.99487305,1.0,0.071418956,0.8897625,0.08738489,0.0013848164,0.08669247,-1.8497747,0.005126953,0.99487305
5988352,6892.096027125699,3.0,14.955078,500.0,36.27336,0.0,0.9946289,1.0,0.073090665,0.8894774,0.033211526,0.0017236314,0.03234971,-1.8455493,0.0053710938,0.9946289
5996544,6910.8321618418195,3.0,15.035767,500.0,36.667385,0.0,0.99450684,1.0,0.07391203,0.8891847,0.009589702,0.00135349,0.008912956,-1.8461026,0.005493164,0.99450684
6004736,6916.448100679773,3.0,15.185425,500.0,37.443016,0.0,0.9942627,1.0,0.07552739,0.8887032,0.013754043,0.002033722,0.012737177,-1.8417166,0.0057373047,0.9942627
6012928,6962.947831398108,3.0,15.24646,500.0,37.808643,0.0,0.9942627,1.0,0.07552739,0.88857555,0.016660161,0.0018592844,0.015730519,-1.8391387,0.0057373047,0.9942627
6021120,6880.09921515011,3.0,15.395874,500.0,38.556534,0.0,0.99401855,1.0,0.07710815,0.8880834,0.012996877,0.0013031941,0.0123452805,-1.8426387,0.0059814453,0.99401855
6029312,6902.226360196912,3.0,15.291016,500.0,38.168255,0.0,0.9941406,1.0,0.07632197,0.8885548,0.01094294,0.0015956057,0.010145137,-1.8411462,0.005859375,0.9941406
6037504,6883.289958794101,3.0,15.261963,500.0,37.792324,0.0,0.9942627,1.0,0.07552739,0.88840425,0.009005393,0.0012002285,0.008405278,-1.836026,0.0057373047,0.9942627
6045696,6894.289307529982,3.0,15.292725,500.0,37.79148,0.0,0.9942627,1.0,0.07552739,0.8881327,0.006578528,0.0017173332,0.005719861,-1.8363953,0.0057373047,0.9942627
6053888,6935.889640192939,3.0,15.450439,500.0,38.906097,0.0,0.9938965,1.0,0.07788622,0.88796955,0.009818303,0.00093845936,0.009349072,-1.834404,0.0061035156,0.9938965
6062080,6875.217527055867,3.0,15.330078,500.0,37.783962,0.0,0.9942627,1.0,0.07552739,0.88778657,0.0075740423,0.0007816793,0.007183203,-1.8358164,0.0057373047,0.9942627
6070272,6871.234439465184,3.0,15.1727295,500.0,36.63191,0.0,0.9946289,1.0,0.073090665,0.8879421,0.012735736,0.0009986309,0.012236422,-1.8418968,0.0053710938,0.9946289
6078464,6901.382068120534,3.0,15.247925,500.0,37.026802,0.0,0.99450684,1.0,0.07391203,0.88771415,0.010318294,0.0018348699,0.009400859,-1.8450131,0.005493164,0.99450684
6086656,6934.03922121025,3.0,15.44873,500.0,38.52295,0.0,0.99401855,1.0,0.07710815,0.8875498,0.010660533,0.0023367293,0.009492168,-1.8330603,0.0059814453,0.99401855
6094848,6906.070568277861,3.0,15.590454,500.0,39.269196,0.0,0.9937744,1.0,0.07865638,0.88716346,0.013177393,0.0018804588,0.012237166,-1.8240473,0.006225586,0.9937744
6103040,6891.537558263119,3.0,15.615601,500.0,39.26884,0.0,0.9937744,1.0,0.07865639,0.8869439,0.005230665,0.0012138224,0.0046237535,-1.8237991,0.006225586,0.9937744
6111232,6885.601822013052,3.0,15.694092,500.0,39.631462,0.0,0.99365234,1.0,0.07941891,0.88666964,0.012919052,0.0012661197,0.0122859925,-1.8267618,0.0063476562,0.99365234
6119424,6881.4151245283265,3.0,15.695679,500.0,39.6276,0.0,0.99365234,1.0,0.07941891,0.88664496,0.00619992,0.0010327498,0.0056835455,-1.8350211,0.0063476562,0.99365234
6127616,6887.889003910651,3.0,15.481323,500.0,38.153915,0.0,0.9941406,1.0,0.07632197,0.886872,0.0062481784,0.00047599108,0.006010182,-1.8375595,0.005859375,0.9941406
6135808,6908.564446881361,3.0,15.235474,500.0,36.651817,0.0,0.99450684,1.0,0.07391203,0.88741916,0.0066083707,0.0014602173,0.005878262,-1.8388797,0.005493164,0.99450684
6144000,6848.064364322987,3.0,15.026978,500.0,35.06106,0.0,0.9949951,1.0,0.070567936,0.8876271,0.017577931,0.0009907518,0.017082557,-1.8387082,0.005004883,0.9949951
6152192,6903.441172227703,3.0,15.018921,500.0,34.651787,0.0,0.9951172,1.0,0.06970632,0.887292,0.014958102,0.0013203798,0.014297913,-1.8420997,0.0048828125,0.9951172
6160384,6885.121665394566,3.0,15.0896,500.0,35.476963,0.0,0.99487305,1.0,0.071418956,0.8875151,0.015259741,0.0015587417,0.014480369,-1.8401077,0.005126953,0.99487305
6168576,6861.438694096122,3.0,15.142212,500.0,35.478863,0.0,0.99487305,1.0,0.071418956,0.88706195,0.009215311,0.0014248048,0.00850291,-1.8347014,0.005126953,0.99487305
6176768,6880.023445119882,3.0,15.055298,500.0,34.668728,0.0,0.9951172,1.0,0.06970632,0.88702375,0.0097884815,0.0011628754,0.009207045,-1.8321587,0.0048828125,0.9951172
6184960,6877.949372222201,3.0,15.130615,500.0,35.08406,0.0,0.9949951,1.0,0.070567936,0.8867878,0.008057019,0.0017343923,0.0071898233,-1.8309155,0.005004883,0.9949951
6193152,6910.060804975925,3.0,15.312988,500.0,36.295822,0.0,0.9946289,1.0,0.073090665,0.8864416,0.011072265,0.001276272,0.010434129,-1.8329781,0.0053710938,0.9946289
6201344,6894.023716344478,3.0,15.2977295,500.0,36.29203,0.0,0.9946289,1.0,0.073090665,0.88656235,0.0053529926,0.0008124796,0.004946754,-1.8302572,0.0053710938,0.9946289
6209536,6879.203857829239,3.0,14.97937,500.0,33.873573,0.0,0.9953613,1.0,0.067949645,0.88696194,0.009036399,0.0014477219,0.008312537,-1.8335816,0.004638672,0.9953613
6217728,6838.752369597972,3.0,14.914307,500.0,33.439625,0.0,0.99560547,1.0,0.06614544,0.8872795,0.014259122,0.001221587,0.013648329,-1.8416888,0.0043945312,0.99560547
6225920,6852.095781701255,3.0,14.754761,500.0,32.13118,0.0,0.9959717,1.0,0.06334108,0.88745517,0.016523968,0.0015070183,0.01577046,-1.84553,0.0040283203,0.9959717
6234112,6893.167600742125,3.0,14.687012,500.0,31.892761,0.0,0.99609375,1.0,0.06237781,0.88789475,0.009666237,0.0020716458,0.0086304145,-1.8416169,0.00390625,0.99609375
6242304,6858.74595937739,3.0,14.79248,500.0,32.84874,0.0,0.9958496,1.0,0.0642897,0.8879194,0.009246554,0.0010362456,0.008728431,-1.8403829,0.0041503906,0.9958496
6250496,6876.381564432746,3.0,14.830811,500.0,32.85749,0.0,0.9958496,1.0,0.0642897,0.8876058,0.023683207,0.0011839189,0.023091251,-1.8441497,0.0041503906,0.9958496
6258688,6881.342081810087,3.0,14.7854,500.0,32.40601,0.0,0.9959717,1.0,0.06334107,0.8875708,0.015479356,0.0018574516,0.01455063,-1.8422481,0.0040283203,0.9959717
6266880,6883.54782840042,3.0,14.938965,500.0,33.708504,0.0,0.99560547,1.0,0.06614544,0.88745856,0.0050767898,0.0017716254,0.004190977,-1.8414633,0.0043945312,0.99560547
6275072,6888.91507142091,3.0,15.167358,500.0,35.36924,0.0,0.9951172,1.0,0.06970632,0.88710475,0.010143631,0.00070668786,0.009790286,-1.8427545,0.0048828125,0.9951172
6283264,6878.684657353412,3.0,14.9823,500.0,33.69892,0.0,0.99560547,1.0,0.06614544,0.8870553,0.009156479,0.000994512,0.008659223,-1.8449728,0.0043945312,0.99560547
6291456,6890.612966002307,3.0,14.935791,500.0,33.69678,0.0,0.99560547,1.0,0.06614544,0.8874562,0.0090458505,0.0017677909,0.008161955,-1.8404647,0.0043945312,0.99560547
6299648,6867.4289053802595,3.0,15.00293,500.0,34.131134,0.0,0.9954834,1.0,0.06705372,0.88730776,0.015186229,0.0005783126,0.014897073,-1.8359345,0.0045166016,0.9954834
6307840,6874.594392441089,3.0,14.861816,500.0,33.281677,0.0,0.99572754,1.0,0.065224275,0.8877287,0.0077971173,0.0011836033,0.007205316,-1.8394483,0.004272461,0.99572754
6316032,6870.399085646095,3.0,14.87085,500.0,33.291374,0.0,0.99572754,1.0,0.065224275,0.8876791,0.0046677776,0.0011918574,0.0040718494,-1.8367281,0.004272461,0.99572754
6324224,6882.938349556572,3.0,14.824463,500.0,32.97764,0.0,0.9958496,1.0,0.0642897,0.8878458,0.0098409625,0.0012359532,0.009222985,-1.832906,0.0041503906,0.9958496
6332416,6873.771972681549,3.0,14.680908,500.0,32.086697,0.0,0.99609375,1.0,0.06237781,0.8882533,0.013407997,0.0007960481,0.013009973,-1.829382,0.00390625,0.99609375
6340608,6853.137182661032,3.0,14.73584,500.0,32.184635,0.0,0.9959717,1.0,0.06334107,0.88773835,0.02195627,0.0012378622,0.02133734,-1.8235927,0.0040283203,0.9959717
6348800,6885.666675885033,3.0,14.77832,500.0,32.523193,0.0,0.9958496,1.0,0.0642897,0.88767993,0.013624445,0.0016925969,0.012778147,-1.8199466,0.0041503906,0.9958496
6356992,6890.311732429271,3.0,14.689209,500.0,31.62774,0.0,0.99609375,1.0,0.06237781,0.8876375,0.009682013,0.000858531,0.009252749,-1.8232149,0.00390625,0.99609375
6365184,6927.010479904763,3.0,14.678955,500.0,32.00079,0.0,0.9959717,1.0,0.06334107,0.8879931,0.009465739,0.0015487435,0.008691368,-1.8216136,0.0040283203,0.9959717
6373376,6903.437011182809,3.0,14.696411,500.0,32.10747,0.0,0.9959717,1.0,0.06334108,0.8880091,0.017190218,0.0010377268,0.016671356,-1.8164685,0.0040283203,0.9959717
6381568,6883.160341796787,3.0,14.67395,500.0,32.11007,0.0,0.9959717,1.0,0.06334107,0.8882129,0.0057417904,0.0014240853,0.005029748,-1.8152326,0.0040283203,0.9959717
6389760,6894.160659244085,3.0,14.677002,500.0,32.098972,0.0,0.9959717,1.0,0.06334108,0.8881572,0.0040556197,0.002052554,0.0030293432,-1.8178544,0.0040283203,0.9959717
6397952,6909.53693644163,3.0,14.691284,500.0,32.10129,0.0,0.9959717,1.0,0.06334107,0.8880373,0.006608505,0.0016552455,0.005780884,-1.8184236,0.0040283203,0.9959717
6406144,6888.042273175502,3.0,14.814209,500.0,33.416943,0.0,0.99560547,1.0,0.06614544,0.8881972,0.011189923,0.00135029,0.010514778,-1.8244549,0.0043945312,0.99560547
6414336,6883.463708384126,3.0,14.830688,500.0,33.41399,0.0,0.99560547,1.0,0.06614544,0.8880471,0.007715068,0.0011847054,0.007122716,-1.8247923,0.0043945312,0.99560547
6422528,6878.640590894941,3.0,14.851685,500.0,33.408504,0.0,0.99560547,1.0,0.06614544,0.8878491,0.006668579,0.0014658085,0.0059356755,-1.8263338,0.0043945312,0.99560547
6430720,6868.9198537284765,3.0,14.913574,500.0,33.83018,0.0,0.9954834,1.0,0.06705372,0.8877032,0.004926483,0.0017739376,0.004039514,-1.827551,0.0045166016,0.9954834
6438912,6877.153678934954,3.0,14.969727,500.0,34.2465,0.0,0.9953613,1.0,0.067949645,0.88760865,0.013591083,0.0009976937,0.013092237,-1.8342063,0.004638672,0.9953613
6447104,6897.252312885515,3.0,15.074707,500.0,34.957623,0.0,0.9951172,1.0,0.06970632,0.88732946,0.008162878,0.0022850633,0.0070203464,-1.8460419,0.0048828125,0.9951172
6455296,6886.600983171993,3.0,15.206055,500.0,35.775246,0.0,0.99487305,1.0,0.071418956,0.8870235,0.0100440495,0.0011761291,0.009455984,-1.8503188,0.005126953,0.99487305
6463488,6879.1129576566955,3.0,15.259644,500.0,36.458935,0.0,0.9946289,1.0,0.073090665,0.88718367,0.011530448,0.0011758149,0.010942541,-1.8540003,0.0053710938,0.9946289
6471680,6899.9241058797,3.0,15.351685,500.0,37.156334,0.0,0.99438477,1.0,0.07472418,0.88706696,0.014154887,0.0023888801,0.012960448,-1.8460549,0.0056152344,0.99438477
6479872,6907.106225710109,3.0,15.539429,500.0,38.297226,0.0,0.99401855,1.0,0.07710815,0.8866643,0.003168102,0.0023329537,0.0020016255,-1.8422831,0.0059814453,0.99401855
6488064,6880.403689734684,3.0,15.836914,500.0,40.153305,0.0,0.9934082,1.0,0.08092184,0.886189,0.054316632,0.0010236087,0.053804837,-1.8423104,0.006591797,0.9934082
6496256,6892.031052085778,3.0,15.619507,500.0,38.99091,0.0,0.9937744,1.0,0.07865638,0.8867091,0.0077402024,0.0016671316,0.006906637,-1.8352778,0.006225586,0.9937744
6504448,6929.710972381382,3.0,15.788574,500.0,40.073326,0.0,0.9934082,1.0,0.08092184,0.88645685,0.010324518,0.001342027,0.009653504,-1.836268,0.006591797,0.9934082
6512640,6915.353967382466,3.0,15.873535,500.0,40.429703,0.0,0.99328613,1.0,0.08166266,0.8861288,0.003285979,0.0016560857,0.0024579358,-1.8480589,0.006713867,0.99328613
6520832,6888.54493376341,3.0,15.967407,500.0,41.14563,0.0,0.993042,1.0,0.08312396,0.886177,0.017726747,0.0020751792,0.016689157,-1.8533384,0.006958008,0.993042
6529024,6938.363072603576,3.0,15.977295,500.0,41.14544,0.0,0.993042,1.0,0.08312396,0.88609135,0.0084268665,0.0020960518,0.0073788404,-1.8520963,0.006958008,0.993042
6537216,6896.521358504624,3.0,15.972534,500.0,41.152863,0.0,0.993042,1.0,0.08312397,0.8861574,0.010227602,0.0023917262,0.009031738,-1.8501683,0.006958008,0.993042
6545408,6960.88551565644,3.0,16.387451,500.0,43.515057,0.0,0.9921875,1.0,0.0880424,0.8854097,0.015208411,0.0018021825,0.014307319,-1.8482616,0.0078125,0.9921875
6553600,6922.421820058777,3.0,16.429443,500.0,43.845192,0.0,0.9920654,1.0,0.0887221,0.8854626,-0.0032750107,0.0017267365,-0.0041383803,-1.8460456,0.00793457,0.9920654
6561792,6904.162495805428,3.0,16.417725,500.0,43.689255,0.0,0.9923096,1.0,0.08735723,0.8854852,0.00834378,0.002762932,0.0069623147,-1.8487,0.0076904297,0.9923096
6569984,6919.0651232764885,3.0,16.767822,500.0,45.609604,0.0,0.99157715,1.0,0.09138876,0.8849056,0.03137053,0.0022533932,0.030243838,-1.8471771,0.008422852,0.99157715
6578176,6908.304699572912,3.0,16.858643,500.0,46.233776,0.0,0.991333,1.0,0.09269236,0.88494205,0.0037488947,0.0028960435,0.0023008725,-1.8416206,0.008666992,0.991333
6586368,6976.3784783176325,3.0,17.129517,500.0,47.749428,0.0,0.99072266,1.0,0.095871136,0.88462985,0.003289313,0.002282108,0.0021482594,-1.8341854,0.009277344,0.99072266
6594560,6886.432595922263,3.0,17.115112,500.0,47.750523,0.0,0.99072266,1.0,0.095871136,0.8847576,0.007336825,0.0025043027,0.0060846736,-1.8276367,0.009277344,0.99072266
6602752,6931.286416612621,3.0,17.311768,500.0,48.92907,0.0,0.9902344,1.0,0.09833747,0.884681,0.010818361,0.0019598377,0.009838443,-1.821711,0.009765625,0.9902344
6610944,6915.224531764689,3.0,17.432617,500.0,49.78664,0.0,0.98986816,1.0,0.100145794,0.8848233,0.009713418,0.002122591,0.008652122,-1.8192924,0.010131836,0.98986816
6619136,6913.392076419721,3.0,17.412354,500.0,49.783657,0.0,0.98986816,1.0,0.100145794,0.88498604,0.012918071,0.0005516961,0.012642223,-1.8197532,0.010131836,0.98986816
6627328,6868.509297845499,3.0,17.030151,500.0,47.711742,0.0,0.99072266,1.0,0.095871136,0.8853673,0.010276048,0.0022690939,0.0091415,-1.8257585,0.009277344,0.99072266
6635520,6927.693437150059,3.0,17.261475,500.0,48.891785,0.0,0.9902344,1.0,0.09833747,0.8849977,0.008002875,0.0009977071,0.0075040227,-1.8299978,0.009765625,0.9902344
6643712,6887.9925634773645,3.0,17.13379,500.0,48.29968,0.0,0.9904785,1.0,0.09711244,0.8852622,0.0062211156,0.0011840055,0.005629112,-1.8313333,0.009521484,0.9904785
6651904,6961.545549439506,3.0,17.213745,500.0,48.880516,0.0,0.9902344,1.0,0.09833747,0.8853611,0.006798971,0.002560875,0.0055185333,-1.82827,0.009765625,0.9902344
6660096,6899.020811066788,3.0,17.17517,500.0,48.58504,0.0,0.99035645,1.0,0.09772694,0.8852757,0.0100948755,0.00096884754,0.009610453,-1.8244523,0.009643555,0.99035645
6668288,6882.544038401523,3.0,16.993286,500.0,47.69236,0.0,0.99072266,1.0,0.095871136,0.88560885,0.007989986,0.0010345085,0.007472731,-1.8306028,0.009277344,0.99072266
6676480,6916.236485558925,3.0,16.608765,500.0,45.85954,0.0,0.9914551,1.0,0.09204296,0.8864785,0.011286282,0.0013779257,0.010597319,-1.836685,0.008544922,0.9914551
6684672,6868.588933611464,3.0,16.293335,500.0,44.27122,0.0,0.9920654,1.0,0.0887221,0.8871597,0.015875936,0.0009170824,0.015417394,-1.8430665,0.00793457,0.9920654
6692864,6879.085412624138,3.0,16.141235,500.0,43.56326,0.0,0.9921875,1.0,0.0880424,0.8875425,0.035838753,0.0010800103,0.03529875,-1.8435147,0.0078125,0.9921875
6701056,6887.752310050642,3.0,15.708008,500.0,41.21607,0.0,0.993042,1.0,0.08312396,0.8884842,0.018778931,0.0017335301,0.017912164,-1.8442714,0.006958008,0.993042
6709248,6905.493178361846,3.0,15.531982,500.0,40.162014,0.0,0.9934082,1.0,0.08092184,0.888795,0.009753635,0.0010998027,0.009203735,-1.8480662,0.006591797,0.9934082
6717440,6840.5332088914865,3.0,15.248169,500.0,38.346405,0.0,0.99401855,1.0,0.07710815,0.88924503,0.014000416,0.0024200815,0.012790375,-1.849431,0.0059814453,0.99401855
6725632,6895.967708321626,3.0,15.135254,500.0,37.361423,0.0,0.99438477,1.0,0.07472418,0.8892293,0.023567438,0.002295994,0.02241944,-1.8487774,0.0056152344,0.99438477
6733824,6871.10390204083,3.0,14.959839,500.0,36.188507,0.0,0.994751,1.0,0.07225974,0.889522,0.011542978,0.001603211,0.010741374,-1.8520573,0.0052490234,0.994751
6742016,6902.011455096108,3.0,14.78186,500.0,34.98084,0.0,0.9951172,1.0,0.06970632,0.88985395,0.008486645,0.001383184,0.0077950526,-1.8558185,0.0048828125,0.9951172
6750208,6895.725514318473,3.0,15.001709,500.0,36.59425,0.0,0.9946289,1.0,0.073090665,0.88960266,0.010170622,0.0014229326,0.009459157,-1.856662,0.0053710938,0.9946289
6758400,6901.512372300461,3.0,14.845581,500.0,35.39786,0.0,0.9949951,1.0,0.070567936,0.88973397,0.0053309235,0.0011000508,0.0047808974,-1.8606261,0.005004883,0.9949951
6766592,6903.230352264321,3.0,14.875244,500.0,35.40024,0.0,0.9949951,1.0,0.070567936,0.8894813,0.009788126,0.0018531341,0.0088615585,-1.862706,0.005004883,0.9949951
6774784,6883.090019723929,3.0,14.712891,500.0,34.163685,0.0,0.9953613,1.0,0.067949645,0.8896744,0.008842239,0.00082870765,0.0084278835,-1.8629326,0.004638672,0.9953613
6782976,6883.553344538893,3.0,14.590454,500.0,33.31195,0.0,0.99560547,1.0,0.06614544,0.8899245,0.011489759,0.00062811794,0.011175698,-1.864002,0.0043945312,0.99560547
6791168,6880.103348108848,3.0,14.4852295,500.0,32.87176,0.0,0.99572754,1.0,0.065224275,0.89042056,0.0042526834,0.0010607173,0.0037223245,-1.8631155,0.004272461,0.99572754
6799360,6917.4980145260515,3.0,14.588623,500.0,33.33191,0.0,0.99560547,1.0,0.06614544,0.88998663,0.015476744,0.0020352595,0.0144591145,-1.866246,0.0043945312,0.99560547
6807552,6896.962958249571,3.0,14.679199,500.0,34.030148,0.0,0.9953613,1.0,0.067949645,0.8897859,0.016699718,0.0011467944,0.01612632,-1.8695204,0.004638672,0.9953613
6815744,6901.913019164002,3.0,14.816406,500.0,34.869602,0.0,0.9951172,1.0,0.06970632,0.88942325,0.019315004,0.0024668868,0.01808156,-1.8671812,0.0048828125,0.9951172
6823936,6909.580010167376,3.0,15.008179,500.0,36.065365,0.0,0.994751,1.0,0.07225974,0.88894165,0.014216539,0.0011069714,0.013663053,-1.8658828,0.0052490234,0.994751
6832128,6891.867928661001,3.0,14.895508,500.0,35.2645,0.0,0.9949951,1.0,0.070567936,0.8891159,0.0048291264,0.0006327031,0.0045127757,-1.8674917,0.005004883,0.9949951
6840320,6884.431902411834,3.0,14.645996,500.0,33.836502,0.0,0.9953613,1.0,0.067949645,0.88980293,0.008006795,0.00095562555,0.007528982,-1.8714888,0.004638672,0.9953613
6848512,6874.236794452553,3.0,14.502686,500.0,32.982388,0.0,0.99560547,1.0,0.06614544,0.8902526,0.00824594,0.0010395669,0.007726157,-1.8750167,0.0043945312,0.99560547
6856704,6892.974001494158,3.0,14.278809,500.0,31.647354,0.0,0.9959717,1.0,0.06334108,0.8909808,0.012874463,0.0007871022,0.012480912,-1.8767077,0.0040283203,0.9959717
6864896,6876.2756014635615,3.0,14.091187,500.0,30.271927,0.0,0.9963379,1.0,0.060404457,0.89142597,0.045991153,0.0013274082,0.045327444,-1.8761942,0.0036621094,0.9963379
6873088,6915.878718394989,3.0,14.367798,500.0,32.131207,0.0,0.9958496,1.0,0.0642897,0.89068216,0.01250655,0.0021606733,0.011426211,-1.872225,0.0041503906,0.9958496
6881280,6900.975938788922,3.0,14.428711,500.0,32.134422,0.0,0.9958496,1.0,0.0642897,0.8901539,0.005281528,0.0026542952,0.0039543808,-1.863897,0.0041503906,0.9958496
6889472,6881.948521190995,3.0,14.885376,500.0,35.145325,0.0,0.9951172,1.0,0.06970632,0.8891083,0.008482269,0.002061598,0.007451468,-1.8565179,0.0048828125,0.9951172
6897664,6909.118732380205,3.0,14.934937,500.0,35.563114,0.0,0.9949951,1.0,0.070567936,0.8891163,0.006613002,0.0021361653,0.00554492,-1.8642344,0.005004883,0.9949951
6905856,6892.004785928008,3.0,15.032349,500.0,35.97491,0.0,0.99487305,1.0,0.071418956,0.888704,0.0087442715,0.0009123023,0.008288121,-1.8825165,0.005126953,0.99487305
6914048,6908.711691997797,3.0,15.156738,500.0,36.394188,0.0,0.994751,1.0,0.07225974,0.8880905,0.0050881607,0.0016838446,0.0042462386,-1.8908341,0.0052490234,0.994751
6922240,6874.97816397468,3.0,15.36731,500.0,37.55422,0.0,0.99438477,1.0,0.07472418,0.8874795,0.010638226,0.0014104148,0.00993302,-1.8890158,0.0056152344,0.99438477
6930432,6878.2123494078405,3.0,15.218994,500.0,36.40136,0.0,0.994751,1.0,0.07225974,0.8875717,0.006085613,0.0013132448,0.0054289894,-1.8888847,0.0052490234,0.994751
6938624,6878.622689057462,3.0,15.2335205,500.0,36.422035,0.0,0.994751,1.0,0.07225974,0.8874979,0.020695524,0.0016783704,0.019856336,-1.8862976,0.0052490234,0.994751
6946816,6918.998245468837,3.0,15.121338,500.0,35.61505,0.0,0.9949951,1.0,0.070567936,0.8876264,0.01098811,0.0015203241,0.0102279475,-1.8829237,0.005004883,0.9949951
6955008,6878.045748961029,3.0,15.153687,500.0,35.605457,0.0,0.9949951,1.0,0.070567936,0.88731694,0.010606911,0.0009917503,0.010111036,-1.8761573,0.005004883,0.9949951
6963200,6892.223215856407,3.0,15.265625,500.0,36.39464,0.0,0.994751,1.0,0.07225974,0.8871377,0.00418655,0.0014672849,0.0034529073,-1.8701116,0.0052490234,0.994751
6971392,6893.9338072982355,3.0,15.424927,500.0,37.182606,0.0,0.99450684,1.0,0.07391203,0.88659257,0.011573087,0.0015796418,0.010783264,-1.8661458,0.005493164,0.99450684
6979584,6869.478782925416,3.0,15.580444,500.0,37.957634,0.0,0.9942627,1.0,0.07552739,0.8860882,0.0133214295,0.0009947964,0.0128240315,-1.8660616,0.0057373047,0.9942627
6987776,6876.351288965453,3.0,15.57312,500.0,37.580315,0.0,0.99438477,1.0,0.07472418,0.8857495,0.010736033,0.0008516952,0.010310186,-1.8721137,0.0056152344,0.99438477
6995968,6898.3393402479205,3.0,15.416748,500.0,36.786613,0.0,0.9946289,1.0,0.073090665,0.88623726,0.0050043995,0.0009037308,0.004552535,-1.8821689,0.0053710938,0.9946289
7004160,6875.063452356608,3.0,14.983032,500.0,33.947445,0.0,0.9954834,1.0,0.06705372,0.8871472,0.006164842,0.0014228459,0.0054534175,-1.8865701,0.0045166016,0.9954834
7012352,6882.342764110913,3.0,14.692993,500.0,32.206867,0.0,0.9958496,1.0,0.0642897,0.8880118,0.005933914,0.0013762825,0.005245773,-1.8799711,0.0041503906,0.9958496
7020544,6937.955381095745,3.0,14.59729,500.0,31.747202,0.0,0.9959717,1.0,0.06334107,0.88841414,0.0076872054,0.0017016932,0.0068363575,-1.8712207,0.0040283203,0.9959717
7028736,6895.618954346481,3.0,14.63269,500.0,32.171654,0.0,0.9958496,1.0,0.0642897,0.8884524,0.008799457,0.0009837471,0.008307584,-1.8695551,0.0041503906,0.9958496
7036928,6866.3543413535335,3.0,14.549805,500.0,31.698114,0.0,0.9959717,1.0,0.06334107,0.88870925,0.016785312,0.00045537998,0.016557623,-1.8710561,0.0040283203,0.9959717
7045120,6890.503800334301,3.0,14.2421875,500.0,29.805403,0.0,0.99645996,1.0,0.059392817,0.8897095,0.00869417,0.0011321718,0.008128084,-1.8719009,0.003540039,0.99645996
7053312,6917.463197949871,3.0,14.2977295,500.0,30.754805,0.0,0.9962158,1.0,0.061399177,0.8900473,0.007846655,0.0014432058,0.007125053,-1.8737526,0.0037841797,0.9962158
7061504,6881.416502707726,3.0,14.316406,500.0,30.778822,0.0,0.9962158,1.0,0.06139918,0.88993895,0.004093397,0.0012747843,0.003456003,-1.8756108,0.0037841797,0.9962158
7069696,6923.9590693370465,3.0,14.08728,500.0,29.349937,0.0,0.99658203,1.0,0.058363397,0.890731,0.02465964,0.0015089129,0.023905184,-1.871318,0.0034179688,0.99658203
7077888,6886.933641203258,3.0,14.187866,500.0,30.060947,0.0,0.99645996,1.0,0.059392817,0.8905401,0.01236917,0.00090451876,0.011916913,-1.8689189,0.003540039,0.99645996
7086080,6864.437978451574,3.0,14.116821,500.0,29.122324,0.0,0.9967041,1.0,0.057315227,0.8904124,0.010686852,0.0016934952,0.009840105,-1.8674347,0.0032958984,0.9967041
7094272,6934.11478630514,3.0,14.071777,500.0,29.106258,0.0,0.9967041,1.0,0.057315227,0.8907753,0.0053911633,0.0011298822,0.0048262235,-1.8673115,0.0032958984,0.9967041
7102464,6895.75596062967,3.0,14.292725,500.0,30.582468,0.0,0.9963379,1.0,0.060404457,0.8901348,0.0072871475,0.002342354,0.0061159693,-1.8696424,0.0036621094,0.9963379
7110656,6912.774519914616,3.0,14.632202,500.0,32.876904,0.0,0.99572754,1.0,0.065224275,0.88928306,0.007462691,0.0023136172,0.006305883,-1.869142,0.004272461,0.99572754
7118848,6913.273841972544,3.0,14.906982,500.0,34.587738,0.0,0.99523926,1.0,0.06883369,0.88854265,0.0072374237,0.0019725468,0.0062511503,-1.8681165,0.004760742,0.99523926
7127040,6918.4200849949275,3.0,15.0563965,500.0,35.818146,0.0,0.99487305,1.0,0.071418956,0.8884876,0.015550967,0.0011250167,0.01498846,-1.8647231,0.005126953,0.99487305
7135232,6875.726572924479,3.0,14.913696,500.0,34.604507,0.0,0.99523926,1.0,0.068833694,0.8885256,0.010731707,0.002447952,0.009507729,-1.864871,0.004760742,0.99523926
7143424,6877.0160344173655,3.0,15.180298,500.0,36.23493,0.0,0.994751,1.0,0.07225974,0.88786685,0.012768688,0.0014686026,0.012034388,-1.8651055,0.0052490234,0.994751
7151616,6901.176918319852,3.0,15.040405,500.0,35.440838,0.0,0.9949951,1.0,0.070567936,0.8882856,0.006696727,0.0016636173,0.0058649178,-1.865633,0.005004883,0.9949951
7159808,6892.0269047843985,3.0,15.188599,500.0,36.24794,0.0,0.994751,1.0,0.07225974,0.8878327,0.01067099,0.00052978366,0.0104061,-1.8651345,0.0052490234,0.994751
7168000,6871.37734928001,3.0,15.223633,500.0,36.24657,0.0,0.994751,1.0,0.07225974,0.8875221,0.009419552,0.0008661301,0.008986486,-1.8615129,0.0052490234,0.994751
7176192,6873.972745970963,3.0,15.262085,500.0,36.248814,0.0,0.994751,1.0,0.07225974,0.8871919,0.0053341347,0.0011601938,0.0047540376,-1.8667123,0.0052490234,0.994751
7184384,6901.196323859783,3.0,15.130005,500.0,35.422997,0.0,0.9949951,1.0,0.070567936,0.88745487,0.0074580703,0.001069875,0.006923134,-1.8676374,0.005004883,0.9949951
7192576,6882.4930294196765,3.0,15.186523,500.0,35.405674,0.0,0.9949951,1.0,0.070567936,0.8869191,0.011219339,0.0018003525,0.010319165,-1.8661547,0.005004883,0.9949951
7200768,6910.124730712239,3.0,15.267578,500.0,36.023083,0.0,0.994751,1.0,0.07225975,0.88675934,0.01326118,0.0019975645,0.012262397,-1.8670813,0.0052490234,0.994751
7208960,6919.814800500985,3.0,15.435669,500.0,37.564648,0.0,0.9942627,1.0,0.07552739,0.88688725,-0.007029362,0.0006395307,-0.007349128,-1.8661764,0.0057373047,0.9942627
7217152,6884.149139534911,3.0,15.378662,500.0,37.159466,0.0,0.99438477,1.0,0.07472418,0.8869177,0.0053199045,0.001624193,0.004507807,-1.880187,0.0056152344,0.99438477
7225344,6878.250902727259,3.0,15.291138,500.0,36.75506,0.0,0.99450684,1.0,0.07391203,0.88722694,0.0110565545,0.0016805653,0.0102162715,-1.8878344,0.005493164,0.99450684
7233536,6912.908036296665,3.0,15.127075,500.0,35.935574,0.0,0.994751,1.0,0.07225974,0.88775766,0.01062369,0.0013815432,0.009932918,-1.8920158,0.0052490234,0.994751
7241728,6901.707837796579,3.0,14.895264,500.0,34.692154,0.0,0.9951172,1.0,0.06970632,0.88848823,0.008850093,0.0008971923,0.008401496,-1.8940189,0.0048828125,0.9951172
7249920,6901.440288529,3.0,14.7803955,500.0,33.8512,0.0,0.9953613,1.0,0.067949645,0.8886627,0.0051295245,0.0023163366,0.003971355,-1.8956103,0.004638672,0.9953613
7258112,6926.259242826702,3.0,15.0529785,500.0,35.884464,0.0,0.994751,1.0,0.07225974,0.8882675,0.010899907,0.001816191,0.009991813,-1.9017408,0.0052490234,0.994751
7266304,6892.144413589583,3.0,15.082397,500.0,36.27584,0.0,0.9946289,1.0,0.073090665,0.88840705,0.00675256,0.0012600678,0.0061225262,-1.9060727,0.0053710938,0.9946289
7274496,6872.141467989397,3.0,15.046143,500.0,35.872692,0.0,0.994751,1.0,0.07225975,0.8882983,0.008041925,0.0008874036,0.0075982222,-1.9080033,0.0052490234,0.994751
7282688,6881.357241492016,3.0,14.926514,500.0,35.06131,0.0,0.9949951,1.0,0.070567936,0.88851637,0.006748626,0.001553444,0.005971903,-1.908438,0.005004883,0.9949951
7290880,6915.891246580774,3.0,15.065918,500.0,36.267555,0.0,0.9946289,1.0,0.073090665,0.88852894,0.012532358,0.0017693676,0.011647673,-1.9004936,0.0053710938,0.9946289
7299072,6879.234158420599,3.0,15.240601,500.0,37.430836,0.0,0.9942627,1.0,0.07552739,0.8882226,0.011087229,0.0014446314,0.0103649115,-1.8911308,0.0057373047,0.9942627
7307264,6882.96041025641,3.0,15.277466,500.0,37.81413,0.0,0.9941406,1.0,0.07632197,0.8883196,0.01948611,0.0010976231,0.0189373,-1.8897147,0.005859375,0.9941406
7315456,6912.881610770013,3.0,15.145264,500.0,37.42808,0.0,0.9942627,1.0,0.07552739,0.88904834,0.0058971103,0.0012469413,0.005273639,-1.8915145,0.0057373047,0.9942627
7323648,6881.688014816171,3.0,15.069092,500.0,37.038918,0.0,0.99438477,1.0,0.07472418,0.88929194,0.009334536,0.001113316,0.008777877,-1.8933697,0.0056152344,0.99438477
7331840,6919.017751362519,3.0,14.875244,500.0,35.858284,0.0,0.994751,1.0,0.07225974,0.88975537,0.011224489,0.0012321954,0.010608393,-1.8956736,0.0052490234,0.994751
7340032,6890.5272913885,3.0,14.883789,500.0,35.865562,0.0,0.994751,1.0,0.07225974,0.88969576,0.004575087,0.0011727002,0.0039887372,-1.8965242,0.0052490234,0.994751
7348224,6888.887447834224,3.0,14.803955,500.0,35.45583,0.0,0.99487305,1.0,0.071418956,0.88996315,0.007340496,0.001430379,0.0066253073,-1.8975226,0.005126953,0.99487305
7356416,6876.659560731013,3.0,14.807007,500.0,35.455048,0.0,0.99487305,1.0,0.071418956,0.8899342,0.008542339,0.0022592193,0.0074127316,-1.8981915,0.005126953,0.99487305
7364608,6911.894275375103,3.0,14.935913,500.0,36.255898,0.0,0.9946289,1.0,0.073090665,0.88962877,0.0060768747,0.001790349,0.0051817,-1.8949738,0.0053710938,0.9946289
7372800,6899.662236873071,3.0,15.011108,500.0,37.039257,0.0,0.99438477,1.0,0.07472418,0.8897941,0.008208736,0.0010250943,0.007696189,-1.8995782,0.0056152344,0.99438477
7380992,6902.323418500136,3.0,14.779907,500.0,35.45261,0.0,0.99487305,1.0,0.071418956,0.89016426,0.010252031,0.0020040628,0.009249998,-1.9029039,0.005126953,0.99487305
7389184,6919.550026049203,3.0,14.678833,500.0,35.04063,0.0,0.9949951,1.0,0.070567936,0.89062536,0.0070610587,0.0011634814,0.006479317,-1.8965571,0.005004883,0.9949951
7397376,6890.220538468017,3.0,14.82312,500.0,35.84597,0.0,0.994751,1.0,0.07225974,0.89016926,0.012165643,0.0015802834,0.011375502,-1.8950524,0.0052490234,0.994751
7405568,6879.856756927764,3.0,15.042358,500.0,37.41284,0.0,0.9942627,1.0,0.07552739,0.8898951,0.008037678,0.0017087233,0.0071833166,-1.8909829,0.0057373047,0.9942627
7413760,6884.812634488806,3.0,15.036865,500.0,37.248653,0.0,0.99438477,1.0,0.07472418,0.8898314,0.015522197,0.0012687657,0.014887815,-1.8805828,0.0056152344,0.99438477
7421952,6874.005750921826,3.0,15.005249,500.0,36.859863,0.0,0.99450684,1.0,0.07391203,0.88969165,0.0070309453,0.0006108307,0.0067255287,-1.8686671,0.005493164,0.99450684
7430144,6911.9165220805835,3.0,14.867065,500.0,36.062134,0.0,0.994751,1.0,0.07225975,0.89004505,0.007431822,0.0014662002,0.006698722,-1.8597552,0.0052490234,0.994751
7438336,6881.5639710932055,3.0,15.001221,500.0,36.867447,0.0,0.99450684,1.0,0.07391203,0.8897392,0.0061217686,0.0010938251,0.0055748564,-1.850216,0.005493164,0.99450684
7446528,6871.542252607096,3.0,14.988525,500.0,36.78444,0.0,0.9946289,1.0,0.073090665,0.8898078,0.009081358,0.0015468206,0.008307948,-1.845616,0.0053710938,0.9946289
7454720,6885.054062513401,3.0,15.154785,500.0,37.60178,0.0,0.99438477,1.0,0.07472418,0.8892702,0.00952269,0.001827835,0.008608773,-1.8448361,0.0056152344,0.99438477
7462912,6918.962020529498,3.0,15.19873,500.0,37.981285,0.0,0.9942627,1.0,0.07552739,0.889297,0.022141883,0.0019243192,0.021179723,-1.8457919,0.0057373047,0.9942627
7471104,6908.728361651762,3.0,15.330933,500.0,38.71953,0.0,0.99401855,1.0,0.07710815,0.88893867,0.00607682,0.0004866599,0.0058334903,-1.8479823,0.0059814453,0.99401855
7479296,6861.478429811793,3.0,15.133789,500.0,37.58979,0.0,0.99438477,1.0,0.07472418,0.88942134,0.017635634,0.0011514372,0.017059915,-1.8518723,0.0056152344,0.99438477
7487488,6896.5047477056305,3.0,14.955811,500.0,36.430492,0.0,0.994751,1.0,0.07225975,0.88975567,0.008324548,0.0010678731,0.0077906107,-1.8517028,0.0052490234,0.994751
7495680,6890.357330315136,3.0,14.890015,500.0,36.03423,0.0,0.99487305,1.0,0.071418956,0.8899194,0.008649067,0.0014124368,0.00794285,-1.8495562,0.005126953,0.99487305
7503872,6908.713081132555,3.0,14.834351,500.0,35.631233,0.0,0.9949951,1.0,0.070567936,0.8899878,0.017382428,0.0015200296,0.016622415,-1.8497105,0.005004883,0.9949951
7512064,6896.680549386208,3.0,14.693115,500.0,34.812267,0.0,0.99523926,1.0,0.06883369,0.890391,0.010847478,0.0010747355,0.010310111,-1.846152,0.004760742,0.99523926
7520256,6889.930391922919,3.0,14.602661,500.0,34.39674,0.0,0.9953613,1.0,0.067949645,0.8907709,0.014557562,0.0015804179,0.0137673495,-1.841633,0.004638672,0.9953613
7528448,6905.118481762692,3.0,14.578003,500.0,34.390495,0.0,0.9953613,1.0,0.067949645,0.8909687,0.01104117,0.0019040393,0.010089149,-1.8260651,0.004638672,0.9953613
7536640,6884.644334682021,3.0,14.652954,500.0,34.98445,0.0,0.9951172,1.0,0.06970632,0.8908434,0.015453635,0.0009165569,0.014995357,-1.8097516,0.0048828125,0.9951172
7544832,6903.649230868146,3.0,14.628784,500.0,34.98555,0.0,0.9951172,1.0,0.06970632,0.89105904,0.007962077,0.0012325807,0.007345786,-1.8105901,0.0048828125,0.9951172
7553024,6915.935791608949,3.0,14.585205,500.0,34.559303,0.0,0.99523926,1.0,0.06883369,0.8910016,0.011433976,0.00078833406,0.011039807,-1.8178831,0.004760742,0.99523926
7561216,6899.526460768986,3.0,14.630859,500.0,34.559486,0.0,0.99523926,1.0,0.06883369,0.8906017,0.006344821,0.0020560056,0.005316817,-1.8190689,0.004760742,0.99523926
7569408,6882.7908222613905,3.0,14.88562,500.0,36.27763,0.0,0.9946289,1.0,0.073090665,0.8900871,0.009671609,0.001094754,0.009124232,-1.8126194,0.0053710938,0.9946289
7577600,6869.1368228121055,3.0,14.689209,500.0,35.02232,0.0,0.9949951,1.0,0.070567936,0.89048123,0.016960148,0.0011610829,0.016379606,-1.807713,0.005004883,0.9949951
7585792,6932.971690419069,3.0,14.571655,500.0,34.192596,0.0,0.99523926,1.0,0.06883369,0.8906898,0.009254537,0.0025439423,0.007982564,-1.8094108,0.004760742,0.99523926
7593984,6875.791240903665,3.0,14.768433,500.0,35.446686,0.0,0.99487305,1.0,0.071418956,0.8902493,0.011318386,0.000583139,0.0110268155,-1.8158545,0.005126953,0.99487305
7602176,6894.444245171996,3.0,14.898071,500.0,35.859367,0.0,0.994751,1.0,0.07225974,0.8895539,0.009689357,0.0022412878,0.008568713,-1.8248124,0.0052490234,0.994751
7610368,6883.88846653405,3.0,15.078613,500.0,37.04341,0.0,0.99438477,1.0,0.07472418,0.8892175,0.020052928,0.0013003491,0.019402754,-1.8205644,0.0056152344,0.99438477
7618560,6896.219608132784,3.0,15.164673,500.0,37.09163,0.0,0.99438477,1.0,0.07472418,0.8885956,0.017250111,0.002237133,0.016131544,-1.8071805,0.0056152344,0.99438477
7626752,6857.832881962345,3.0,15.327637,500.0,37.928955,0.0,0.9941406,1.0,0.07632197,0.8881381,0.010770058,0.0020212673,0.009759424,-1.8015791,0.005859375,0.9941406
7634944,6865.406314463579,3.0,15.44165,500.0,37.94912,0.0,0.9941406,1.0,0.07632197,0.8872075,0.021303592,0.0016258134,0.020490685,-1.7992667,0.005859375,0.9941406
7643136,6854.341611736095,3.0,15.527832,500.0,37.98726,0.0,0.9941406,1.0,0.07632197,0.88656235,0.01325293,0.0011357771,0.012685041,-1.7958348,0.005859375,0.9941406
7651328,6875.089589542421,3.0,15.412598,500.0,36.467255,0.0,0.9946289,1.0,0.073090665,0.88598824,0.0050782673,0.0010604155,0.004548059,-1.7985938,0.0053710938,0.9946289
7659520,6881.066462876604,3.0,15.43396,500.0,36.093197,0.0,0.994751,1.0,0.07225974,0.88545567,0.011206667,0.0017156943,0.010348821,-1.7970295,0.0052490234,0.994751
7667712,6877.963140162386,3.0,15.564453,500.0,36.502712,0.0,0.9946289,1.0,0.073090665,0.8847745,0.008350955,0.0013928481,0.0076545314,-1.7972128,0.0053710938,0.9946289
7675904,6878.103576300789,3.0,15.771606,500.0,37.346085,0.0,0.99438477,1.0,0.07472418,0.8839452,0.010712104,0.001407945,0.010008129,-1.7975696,0.0056152344,0.99438477
7684096,6853.816587200221,3.0,15.727661,500.0,36.96622,0.0,0.99450684,1.0,0.07391203,0.8839355,0.006196299,0.0010582659,0.005667167,-1.7930952,0.005493164,0.99450684
7692288,6883.014183804721,3.0,15.607178,500.0,35.793568,0.0,0.99487305,1.0,0.071418956,0.8837799,0.0133696655,0.0015657754,0.012586779,-1.7893782,0.005126953,0.99487305
7700480,6873.072108196901,3.0,15.575684,500.0,35.800236,0.0,0.99487305,1.0,0.071418956,0.8840745,0.019528732,0.0016600857,0.018698689,-1.7849691,0.005126953,0.99487305
7708672,6927.179460877468,3.0,15.85376,500.0,37.381756,0.0,0.99438477,1.0,0.07472418,0.883337,0.010071099,0.0019815997,0.0090803,-1.7927805,0.0056152344,0.99438477
7716864,6869.3592990161305,3.0,16.321533,500.0,39.976444,0.0,0.9935303,1.0,0.080173984,0.8821583,0.0072932513,0.0020839034,0.0062512993,-1.7938497,0.0064697266,0.9935303
7725056,6914.7249278939225,3.0,16.322388,500.0,39.984722,0.0,0.9935303,1.0,0.080173984,0.88217056,0.009947075,0.0022281045,0.00883302,-1.7854985,0.0064697266,0.9935303
7733248,6909.286841549099,3.0,16.531006,500.0,41.38087,0.0,0.993042,1.0,0.08312396,0.88196576,0.0066116117,0.0010832279,0.0060699973,-1.7770398,0.006958008,0.993042
7741440,6891.468447123321,3.0,16.195557,500.0,39.611397,0.0,0.99365234,1.0,0.07941891,0.88281363,0.01804072,0.0013830973,0.017349169,-1.7756851,0.0063476562,0.99365234
7749632,6907.782486024501,3.0,16.268555,500.0,40.287483,0.0,0.9934082,1.0,0.08092184,0.88288355,0.014121954,0.0015243174,0.013359796,-1.7706721,0.006591797,0.9934082
7757824,6900.553226946986,3.0,16.096191,500.0,39.50415,0.0,0.99365234,1.0,0.07941891,0.88342273,0.0075675845,0.0016759143,0.0067296275,-1.7712433,0.0063476562,0.99365234
7766016,6924.861928568578,3.0,15.98999,500.0,39.493862,0.0,0.99365234,1.0,0.07941891,0.8843094,0.007297773,0.0016553758,0.0064700856,-1.7704232,0.0063476562,0.99365234
7774208,6888.137552102462,3.0,15.975708,500.0,39.8252,0.0,0.9935303,1.0,0.080173984,0.8847592,0.01060544,0.0019948918,0.009607994,-1.7752112,0.0064697266,0.9935303
7782400,6923.2726631610785,3.0,16.14917,500.0,41.225132,0.0,0.993042,1.0,0.08312396,0.88484657,0.0106235985,0.0020244468,0.009611376,-1.7712724,0.006958008,0.993042
7790592,6862.389737174064,3.0,16.234985,500.0,41.908516,0.0,0.99279785,1.0,0.08455931,0.8849015,0.009551719,0.00074369885,0.00917987,-1.7628384,0.0072021484,0.99279785
7798784,6862.119745700208,3.0,16.01941,500.0,40.91866,0.0,0.99316406,1.0,0.08239665,0.8856309,0.0071785524,0.0010754468,0.006640828,-1.7688425,0.0068359375,0.99316406
7806976,6876.102214558036,3.0,15.802856,500.0,40.154385,0.0,0.9934082,1.0,0.08092184,0.88655114,0.0073572677,0.0011960695,0.0067592333,-1.774422,0.006591797,0.9934082
7815168,6899.300640920996,3.0,15.858643,500.0,40.85849,0.0,0.99316406,1.0,0.08239665,0.8868741,0.008496772,0.0026129028,0.00719032,-1.7718985,0.0068359375,0.99316406
7823360,6924.878676249783,3.0,16.156006,500.0,42.89826,0.0,0.99243164,1.0,0.08666648,0.8867107,0.010452819,0.000800143,0.010052749,-1.7764833,0.0075683594,0.99243164
7831552,6902.740800310184,3.0,16.001831,500.0,41.879753,0.0,0.99279785,1.0,0.08455931,0.886801,0.005956076,0.0017856248,0.0050632632,-1.7815144,0.0072021484,0.99279785
7839744,6854.909111512425,3.0,15.575073,500.0,39.751026,0.0,0.9935303,1.0,0.080173984,0.88798094,0.008457766,0.00055809715,0.0081787165,-1.7822585,0.0064697266,0.9935303
7847936,6858.767865270097,3.0,15.06665,500.0,36.72982,0.0,0.99450684,1.0,0.07391203,0.8890722,0.005645696,0.0013984818,0.0049464568,-1.7869029,0.005493164,0.99450684
7856128,6862.526796813335,3.0,14.938843,500.0,35.946114,0.0,0.994751,1.0,0.07225974,0.889386,0.007520236,0.000488711,0.0072758803,-1.7943609,0.0052490234,0.994751
7864320,6889.263147595166,3.0,14.898071,500.0,35.55424,0.0,0.99487305,1.0,0.071418956,0.88935566,0.0074767517,0.0014558472,0.006748828,-1.8075206,0.005126953,0.99487305
7872512,6927.000704398276,3.0,14.926636,500.0,35.553104,0.0,0.99487305,1.0,0.071418956,0.8891012,0.009833511,0.003218013,0.008224504,-1.8199114,0.005126953,0.99487305
7880704,6934.41006570787,3.0,15.271118,500.0,37.90073,0.0,0.9941406,1.0,0.07632197,0.88856864,0.016575791,0.0008465423,0.01615252,-1.8201414,0.005859375,0.9941406
7888896,6869.61887280212,3.0,15.128906,500.0,36.75818,0.0,0.99450684,1.0,0.07391203,0.8886105,0.013684617,0.0013973085,0.012985964,-1.8181583,0.005493164,0.99450684
7897088,6841.810865101402,3.0,15.157227,500.0,36.762203,0.0,0.99450684,1.0,0.07391203,0.8883753,0.007685006,0.0012062287,0.0070818923,-1.8134204,0.005493164,0.99450684
7905280,6920.977260710324,3.0,15.08728,500.0,36.012913,0.0,0.994751,1.0,0.07225974,0.88826454,0.012326578,0.0023162046,0.011168476,-1.811713,0.0052490234,0.994751
7913472,6909.1090073067,3.0,15.125244,500.0,36.403797,0.0,0.9946289,1.0,0.073090665,0.88832825,0.009909576,0.0014879203,0.009165617,-1.807614,0.0053710938,0.9946289
7921664,6851.644879493086,3.0,15.213745,500.0,37.107822,0.0,0.99438477,1.0,0.07472418,0.8882179,0.008017019,0.0013393448,0.0073473467,-1.8065904,0.0056152344,0.99438477
7929856,6896.9698803258225,3.0,15.207764,500.0,37.10495,0.0,0.99438477,1.0,0.07472418,0.88826084,0.01238022,0.0015238486,0.011618297,-1.8052729,0.0056152344,0.99438477
7938048,6897.0252574360375,3.0,15.251709,500.0,37.10901,0.0,0.99438477,1.0,0.07472418,0.88788676,0.013014071,0.0022755947,0.011876273,-1.7935692,0.0056152344,0.99438477
7946240,6895.696452181312,3.0,15.34314,500.0,37.489174,0.0,0.9942627,1.0,0.07552739,0.88748634,0.003686172,0.0010649406,0.0031537022,-1.7951052,0.0057373047,0.9942627
7954432,6895.393390205376,3.0,15.254761,500.0,37.097847,0.0,0.99438477,1.0,0.07472418,0.8878243,0.011453741,0.001659431,0.010624026,-1.7969892,0.0056152344,0.99438477
7962624,6884.895407904104,3.0,15.182495,500.0,36.70991,0.0,0.99450684,1.0,0.07391203,0.8880466,0.013852483,0.00084638665,0.013429292,-1.7978883,0.005493164,0.99450684
7970816,6883.527142959887,3.0,15.244751,500.0,37.096874,0.0,0.99438477,1.0,0.07472418,0.8879087,0.008954017,0.0010313606,0.0084383385,-1.8071429,0.0056152344,0.99438477
7979008,6906.5689222936735,3.0,15.123535,500.0,36.709465,0.0,0.99450684,1.0,0.07391203,0.88856053,0.011445308,0.0017928842,0.010548867,-1.8111389,0.005493164,0.99450684
7987200,6872.515343367362,3.0,15.342285,500.0,38.23867,0.0,0.99401855,1.0,0.07710815,0.8882896,0.03646092,0.0017978502,0.035561997,-1.8084185,0.0059814453,0.99401855
7995392,6890.147308701204,3.0,15.488647,500.0,39.34407,0.0,0.99365234,1.0,0.07941891,0.8882348,0.015066595,0.0022999812,0.013916602,-1.7993549,0.0063476562,0.99365234
8003584,6827.039408371731,3.0,15.293701,500.0,38.232285,0.0,0.99401855,1.0,0.07710815,0.88869274,0.01636068,0.0022670475,0.015227156,-1.7905338,0.0059814453,0.99401855
8011776,6866.778362848448,3.0,15.53833,500.0,39.69318,0.0,0.9935303,1.0,0.08017399,0.8881664,0.028738007,0.0017919154,0.02784205,-1.7852557,0.0064697266,0.9935303
8019968,6854.001156970588,3.0,15.53064,500.0,40.044106,0.0,0.9934082,1.0,0.08092184,0.8886143,0.01411582,0.0022354089,0.012998114,-1.7813752,0.006591797,0.9934082
8028160,6883.836058472983,3.0,15.526367,500.0,40.067383,0.0,0.9934082,1.0,0.08092184,0.8886991,0.020016894,0.0013918969,0.019320948,-1.7752331,0.006591797,0.9934082
8036352,6877.934227551661,3.0,15.27478,500.0,38.302666,0.0,0.99401855,1.0,0.07710815,0.8889577,0.011664092,0.0014187585,0.01095471,-1.77184,0.0059814453,0.99401855
8044544,6913.058248391535,3.0,15.273315,500.0,38.308987,0.0,0.99401855,1.0,0.07710815,0.8889897,0.00947989,0.0017180882,0.008620846,-1.7663586,0.0059814453,0.99401855
8052736,6831.651858279127,3.0,15.501465,500.0,39.790848,0.0,0.9935303,1.0,0.080173984,0.8886797,0.011254735,0.0023934022,0.010058034,-1.7626841,0.0064697266,0.9935303
8060928,6836.339913526406,3.0,15.704224,500.0,40.870575,0.0,0.99316406,1.0,0.08239665,0.88817424,0.02535203,0.0019881164,0.024357978,-1.7569962,0.0068359375,0.99316406
8069120,6872.993743247723,3.0,15.467041,500.0,39.808453,0.0,0.9935303,1.0,0.080173984,0.8890212,0.010583664,0.0029260863,0.009120622,-1.7468727,0.0064697266,0.9935303
8077312,6869.875719083125,3.0,15.780884,500.0,41.58251,0.0,0.9929199,1.0,0.0838448,0.8883748,0.012786991,0.002883678,0.011345149,-1.7392905,0.007080078,0.9929199
8085504,6923.887911154316,3.0,16.070068,500.0,42.937225,0.0,0.99243164,1.0,0.08666648,0.88750064,0.012112803,0.0018983766,0.011163616,-1.7346106,0.0075683594,0.99243164
8093696,6885.358975813088,3.0,16.142944,500.0,43.335342,0.0,0.9923096,1.0,0.08735723,0.8874182,0.012635379,0.0014931519,0.011888804,-1.7380269,0.0076904297,0.9923096
8101888,6841.034407320201,3.0,16.238892,500.0,43.737457,0.0,0.9921875,1.0,0.0880424,0.8871447,0.01565594,0.0019157762,0.014698054,-1.7316772,0.0078125,0.9921875
8110080,6863.70299356413,3.0,16.371582,500.0,44.164116,0.0,0.9920654,1.0,0.0887221,0.8865859,0.008847269,0.0024763325,0.0076091024,-1.7238159,0.00793457,0.9920654
8118272,6930.216937611437,3.0,16.50476,500.0,44.814907,0.0,0.9918213,1.0,0.09006563,0.8862735,0.007357413,0.0010634381,0.006825693,-1.724901,0.008178711,0.9918213
8126464,6872.9827448013675,3.0,16.369507,500.0,43.873142,0.0,0.9921875,1.0,0.0880424,0.8862923,0.010184613,0.0018768801,0.009246173,-1.7261454,0.0078125,0.9921875
8134656,6845.428483654323,3.0,16.341797,500.0,43.545486,0.0,0.9923096,1.0,0.08735723,0.88612324,0.01649397,0.0019010386,0.015543454,-1.7214932,0.0076904297,0.9923096
8142848,6840.030722243866,3.0,16.304688,500.0,43.231434,0.0,0.99243164,1.0,0.08666648,0.8860848,0.014592082,0.0022770157,0.013453575,-1.7165091,0.0075683594,0.99243164
8151040,6847.159586465079,3.0,16.30371,500.0,43.02883,0.0,0.9925537,1.0,0.08597,0.8859196,0.011133277,0.0022656464,0.010000453,-1.7139928,0.007446289,0.9925537
8159232,6880.296225039463,3.0,16.269775,500.0,42.41881,0.0,0.99279785,1.0,0.08455931,0.88549185,0.010246127,0.0013988853,0.009546683,-1.7098504,0.0072021484,0.99279785
8167424,6861.936108817235,3.0,16.25232,500.0,42.68268,0.0,0.9926758,1.0,0.08526766,0.8859014,0.014450284,0.0011496289,0.01387547,-1.7138097,0.0073242188,0.9926758
8175616,6858.046413519795,3.0,16.270264,500.0,42.76475,0.0,0.9926758,1.0,0.08526766,0.8858696,0.008522317,0.001980151,0.0075322413,-1.7183573,0.0073242188,0.9926758
8183808,6919.0511902932785,3.0,16.06836,500.0,41.741108,0.0,0.993042,1.0,0.08312396,0.8863704,0.0226301,0.0023479746,0.021456111,-1.7148039,0.006958008,0.993042
8192000,6863.6166157518,3.0,16.20581,500.0,42.422935,0.0,0.99279785,1.0,0.08455931,0.8860074,0.010489166,0.002541007,0.009218663,-1.7059941,0.0072021484,0.99279785
8200192,6928.523222828327,3.0,16.419678,500.0,43.429802,0.0,0.99243164,1.0,0.08666648,0.88540274,0.014194937,0.0011950172,0.013597431,-1.7063819,0.0075683594,0.99243164
8208384,6891.548616174123,3.0,16.118896,500.0,41.765495,0.0,0.993042,1.0,0.08312396,0.8860165,0.0077289557,0.0020034742,0.006727219,-1.7057526,0.006958008,0.993042
8216576,6916.455061923478,3.0,15.982788,500.0,41.081787,0.0,0.99328613,1.0,0.08166266,0.88640267,0.007004454,0.0015818224,0.006213542,-1.6999248,0.006713867,0.99328613
8224768,6896.677780786344,3.0,15.938843,500.0,40.692608,0.0,0.9934082,1.0,0.08092184,0.8863218,0.006351629,0.0020044004,0.0053494284,-1.6983916,0.006591797,0.9934082
8232960,6880.370623317065,3.0,16.10205,500.0,41.335926,0.0,0.99316406,1.0,0.08239665,0.88564587,0.0033824928,0.0011893874,0.002787799,-1.6963602,0.0068359375,0.99316406
8241152,6862.366437579851,3.0,16.07312,500.0,40.928024,0.0,0.99328613,1.0,0.08166266,0.88544714,0.0073684426,0.0016765039,0.0065301927,-1.6970208,0.006713867,0.99328613
8249344,6959.591197467954,3.0,16.119751,500.0,40.925217,0.0,0.99328613,1.0,0.081662655,0.8850361,0.009557807,0.0021712417,0.008472185,-1.7051493,0.006713867,0.99328613
8257536,6864.864506402294,3.0,16.422974,500.0,42.67662,0.0,0.9926758,1.0,0.08526766,0.88456833,0.015127981,0.0014771133,0.014389425,-1.7061577,0.0073242188,0.9926758
8265728,6900.062668950907,3.0,16.378052,500.0,42.37637,0.0,0.99279785,1.0,0.08455931,0.8846434,0.009137958,0.0020537404,0.008111089,-1.7077968,0.0072021484,0.99279785
8273920,6934.621394842306,3.0,16.683594,500.0,43.71899,0.0,0.9923096,1.0,0.08735723,0.88368046,0.013191963,0.0018228544,0.012280536,-1.7043254,0.0076904297,0.9923096
8282112,6917.4590199842805,3.0,16.738647,500.0,43.75968,0.0,0.99243164,1.0,0.08666648,0.88345987,0.008016985,0.0025200523,0.00675696,-1.701644,0.0075683594,0.99243164
8290304,6897.8200169194615,3.0,16.791382,500.0,44.20742,0.0,0.9921875,1.0,0.0880424,0.88345045,0.007834122,0.0022949295,0.006686656,-1.6969832,0.0078125,0.9921875
8298496,6864.717752862685,3.0,16.939209,500.0,45.15685,0.0,0.9918213,1.0,0.09006563,0.8833667,0.008339421,0.001623951,0.0075274454,-1.6927931,0.008178711,0.9918213
8306688,6858.810308335414,3.0,17.056152,500.0,45.58558,0.0,0.9916992,1.0,0.0907297,0.88297737,0.006814304,0.0014503916,0.006089108,-1.6876966,0.008300781,0.9916992
8314880,6888.709281022584,3.0,17.071045,500.0,45.487267,0.0,0.9916992,1.0,0.0907297,0.8826508,0.008359592,0.0014642489,0.007627468,-1.6795497,0.008300781,0.9916992
8323072,6888.387499205604,3.0,17.127686,500.0,45.799526,0.0,0.99157715,1.0,0.09138876,0.8825681,0.0068501313,0.0007766932,0.0064617842,-1.6788809,0.008422852,0.99157715
8331264,6907.849147187764,3.0,16.918945,500.0,44.54097,0.0,0.9920654,1.0,0.0887221,0.8827611,0.0064067524,0.0011157384,0.0058488837,-1.6821195,0.00793457,0.9920654
8339456,6862.314356706056,3.0,16.672485,500.0,43.23873,0.0,0.9925537,1.0,0.08597,0.8832565,0.017248718,0.00090246287,0.016797483,-1.6787618,0.007446289,0.9925537
8347648,6865.813755590755,3.0,16.434448,500.0,41.93653,0.0,0.993042,1.0,0.08312396,0.8837533,0.0098191975,0.001304869,0.009166761,-1.6719716,0.006958008,0.993042
8355840,6860.97012140575,3.0,16.177856,500.0,40.545933,0.0,0.9935303,1.0,0.080173984,0.8843261,0.008087413,0.00077440316,0.007700212,-1.6684815,0.0064697266,0.9935303
8364032,6894.603340175818,3.0,15.912476,500.0,39.451584,0.0,0.9938965,1.0,0.07788622,0.8853406,0.008081653,0.00082642015,0.007668444,-1.6754423,0.0061035156,0.9938965
8372224,6868.429663926137,3.0,15.734009,500.0,39.031143,0.0,0.99401855,1.0,0.07710815,0.8863262,0.0061162226,0.0006311355,0.005800655,-1.6840293,0.0059814453,0.99401855
8380416,6923.848844538662,3.0,15.205811,500.0,35.920746,0.0,0.9949951,1.0,0.070567936,0.887523,0.007174748,0.0018119485,0.0062687737,-1.6822582,0.005004883,0.9949951
8388608,6924.769817769949,3.0,15.527344,500.0,38.167747,0.0,0.9942627,1.0,0.07552739,0.8870014,0.0087332195,0.0013190927,0.008073674,-1.679668,0.0057373047,0.9942627
8396800,6907.146492123863,3.0,15.231323,500.0,36.61357,0.0,0.994751,1.0,0.07225974,0.8878824,0.004086805,0.001196661,0.0034884745,-1.688297,0.0052490234,0.994751
8404992,6885.4610795146555,3.0,14.976685,500.0,35.3428,0.0,0.9949951,1.0,0.070567936,0.88855493,0.005146769,0.001035481,0.004629028,-1.6986065,0.005004883,0.9949951
8413184,6873.052860499968,3.0,14.590698,500.0,32.81242,0.0,0.99572754,1.0,0.06522428,0.8894576,0.006293314,0.0010925886,0.005747019,-1.7057804,0.004272461,0.99572754
8421376,6895.343574347762,3.0,14.495483,500.0,32.20963,0.0,0.9958496,1.0,0.0642897,0.88966626,0.0049119964,0.001279739,0.0042721275,-1.7123858,0.0041503906,0.9958496
8429568,6875.983876135291,3.0,14.519653,500.0,32.649353,0.0,0.99572754,1.0,0.065224275,0.88985765,0.009734873,0.0008141695,0.009327788,-1.7143258,0.004272461,0.99572754
8437760,6891.316407494905,3.0,14.292358,500.0,30.842453,0.0,0.9962158,1.0,0.061399177,0.89021546,0.010392521,0.0021341373,0.009325451,-1.7150688,0.0037841797,0.9962158
8445952,6898.948779332552,3.0,14.580322,500.0,33.0781,0.0,0.99560547,1.0,0.06614544,0.88972235,0.008677909,0.00080470473,0.008275556,-1.7183943,0.0043945312,0.99560547
8454144,6890.648894700216,3.0,14.453247,500.0,32.17798,0.0,0.9958496,1.0,0.0642897,0.8899677,0.00821989,0.0010243161,0.007707732,-1.7220786,0.0041503906,0.9958496
8462336,6908.350535913945,3.0,14.477417,500.0,32.597393,0.0,0.99572754,1.0,0.065224275,0.8901154,0.009070109,0.0012690179,0.0084355995,-1.7234659,0.004272461,0.99572754
8470528,6888.45240556373,3.0,14.533447,500.0,32.97107,0.0,0.99560547,1.0,0.06614544,0.8899306,0.0054710098,0.000827468,0.0050572753,-1.7308483,0.0043945312,0.99560547
8478720,6889.206513758268,3.0,14.563965,500.0,33.376537,0.0,0.9954834,1.0,0.06705372,0.8900198,0.010778741,0.0010797814,0.0102388505,-1.7360096,0.0045166016,0.9954834
8486912,6887.422334100256,3.0,14.658081,500.0,33.802032,0.0,0.9953613,1.0,0.067949645,0.8895993,0.0058630216,0.0011582872,0.0052838787,-1.7418323,0.004638672,0.9953613
8495104,6876.95409618202,3.0,14.750732,500.0,34.64042,0.0,0.9951172,1.0,0.06970632,0.889608,0.024347614,0.0006151969,0.024040017,-1.7484934,0.0048828125,0.9951172
8503296,6855.465762813045,3.0,14.349365,500.0,31.193832,0.0,0.99609375,1.0,0.06237781,0.8899268,0.014929268,0.0009915048,0.014433513,-1.7491729,0.00390625,0.99609375
8511488,6899.522304441933,3.0,14.295776,500.0,30.725208,0.0,0.9962158,1.0,0.06139918,0.8899747,0.008171415,0.0015386395,0.007402094,-1.750381,0.0037841797,0.9962158
8519680,6858.822630614057,3.0,14.227417,500.0,30.267427,0.0,0.9963379,1.0,0.060404457,0.89018947,0.015362488,0.001256706,0.014734136,-1.752427,0.0036621094,0.9963379
8527872,6857.024046465273,3.0,14.283203,500.0,30.407597,0.0,0.9963379,1.0,0.060404457,0.8899024,0.008221261,0.0011827275,0.0076298984,-1.7483461,0.0036621094,0.9963379
8536064,6911.720477918132,3.0,14.252197,500.0,30.402342,0.0,0.9963379,1.0,0.060404457,0.8901621,0.0055919685,0.0007580808,0.005212928,-1.7478347,0.0036621094,0.9963379
8544256,6890.52176406722,3.0,14.102295,500.0,28.970263,0.0,0.9967041,1.0,0.057315227,0.89028186,0.0048247813,0.0014379853,0.0041057887,-1.752298,0.0032958984,0.9967041
8552448,6879.2713458748185,3.0,14.229736,500.0,29.945848,0.0,0.99645996,1.0,0.059392817,0.88998324,0.008934113,0.0014909261,0.00818865,-1.7541667,0.003540039,0.99645996
8560640,6871.264669891812,3.0,14.114868,500.0,28.97784,0.0,0.9967041,1.0,0.057315227,0.8901834,0.009913594,0.00090161065,0.009462788,-1.7543533,0.0032958984,0.9967041
8568832,6869.647715544836,3.0,14.1727295,500.0,29.051071,0.0,0.9967041,1.0,0.057315227,0.8898114,0.01635835,0.0026240337,0.01504633,-1.7612891,0.0032958984,0.9967041
8577024,6843.09853878021,3.0,14.537109,500.0,31.90192,0.0,0.9959717,1.0,0.06334107,0.88913167,0.016588354,0.0021252173,0.015525747,-1.7623588,0.0040283203,0.9959717
8585216,6855.617592494677,3.0,14.67627,500.0,32.380436,0.0,0.9958496,1.0,0.0642897,0.8884013,0.011832313,0.001492187,0.011086217,-1.7582883,0.0041503906,0.9958496
8593408,6877.050445030212,3.0,14.7404785,500.0,32.431694,0.0,0.9958496,1.0,0.0642897,0.88794464,0.008825835,0.0019020913,0.00787479,-1.7570927,0.0041503906,0.9958496
8601600,6877.806188911715,3.0,14.9436035,500.0,33.390923,0.0,0.99560547,1.0,0.06614544,0.88714194,0.007708727,0.0021535882,0.006631933,-1.7596406,0.0043945312,0.99560547
8609792,6873.72109364216,3.0,15.086914,500.0,34.25175,0.0,0.9953613,1.0,0.067949645,0.88674486,0.008275746,0.0011031425,0.0077241748,-1.768941,0.004638672,0.9953613
8617984,6880.997561593007,3.0,15.050659,500.0,33.83076,0.0,0.9954834,1.0,0.06705372,0.8866523,0.00960931,0.0010915796,0.009063518,-1.7752272,0.0045166016,0.9954834
8626176,6919.877513207481,3.0,15.252197,500.0,35.45689,0.0,0.9949951,1.0,0.070567936,0.88647294,0.008257324,0.0017481731,0.007383236,-1.7680833,0.005004883,0.9949951
8634368,6834.7108022074135,3.0,15.380249,500.0,35.886925,0.0,0.99487305,1.0,0.071418956,0.8858403,0.012829373,0.001605679,0.0120265335,-1.7637637,0.005126953,0.99487305
8642560,6854.460573784162,3.0,15.476196,500.0,36.01981,0.0,0.99487305,1.0,0.071418956,0.88525885,0.011092762,0.00215588,0.010014824,-1.7616795,0.005126953,0.99487305
8650752,6847.4816217654325,3.0,15.609009,500.0,36.38173,0.0,0.994751,1.0,0.07225974,0.88452405,0.010185819,0.002690569,0.008840536,-1.7622063,0.0052490234,0.994751
8658944,6890.972269842581,3.0,15.893433,500.0,37.915268,0.0,0.99438477,1.0,0.07472418,0.8837061,0.007123825,0.0019414676,0.006153092,-1.7651273,0.0056152344,0.99438477
8667136,6891.064865750565,3.0,15.908325,500.0,37.57027,0.0,0.99450684,1.0,0.07391203,0.8832659,0.005653506,0.0018303846,0.004738313,-1.7632737,0.005493164,0.99450684
8675328,6925.7412913582375,3.0,16.07837,500.0,38.684566,0.0,0.9941406,1.0,0.07632197,0.88299036,0.017253865,0.0019958504,0.01625594,-1.7655768,0.005859375,0.9941406
8683520,6845.391661189581,3.0,16.23523,500.0,39.389328,0.0,0.99401855,1.0,0.07710815,0.882578,0.016949872,0.0012426327,0.016328555,-1.7600526,0.0059814453,0.99401855
8691712,6879.119843949302,3.0,16.195557,500.0,39.059216,0.0,0.9941406,1.0,0.07632197,0.88260657,0.01088149,0.002004109,0.009879435,-1.7602383,0.005859375,0.9941406
8699904,6869.797427005347,3.0,16.272705,500.0,39.403713,0.0,0.99401855,1.0,0.07710815,0.8822969,0.008615382,0.002167317,0.007531723,-1.7632892,0.0059814453,0.99401855
8708096,6882.588154887456,3.0,16.137573,500.0,38.30636,0.0,0.99438477,1.0,0.07472418,0.88226557,0.0055461875,0.0012679688,0.0049122046,-1.7604994,0.0056152344,0.99438477
8716288,6886.237994686574,3.0,16.177368,500.0,38.37986,0.0,0.99438477,1.0,0.07472418,0.88207185,0.010984472,0.0026503885,0.009659277,-1.763364,0.0056152344,0.99438477
8724480,6887.302225180818,3.0,16.257935,500.0,38.787712,0.0,0.9942627,1.0,0.07552739,0.8818588,0.01035618,0.0020078896,0.009352235,-1.7517563,0.0057373047,0.9942627
8732672,6899.220291411952,3.0,16.195923,500.0,38.69306,0.0,0.9942627,1.0,0.07552739,0.8821961,0.006961536,0.0015244738,0.0061993,-1.7373346,0.0057373047,0.9942627
8740864,6840.707530449941,3.0,16.088135,500.0,37.990993,0.0,0.99450684,1.0,0.07391203,0.882424,0.008871658,0.0021988468,0.0077722333,-1.731449,0.005493164,0.99450684
8749056,6863.402737192196,3.0,16.244995,500.0,38.76912,0.0,0.9942627,1.0,0.07552739,0.8819684,0.014173096,0.0019534472,0.013196372,-1.7288405,0.0057373047,0.9942627
8757248,6851.2295554243965,3.0,16.435791,500.0,39.53758,0.0,0.99401855,1.0,0.07710815,0.88123655,0.020711388,0.002989121,0.019216826,-1.7263731,0.0059814453,0.99401855
8765440,6901.078506190331,3.0,16.353271,500.0,39.01938,0.0,0.9942627,1.0,0.07552739,0.88152426,0.0075517553,0.0025627618,0.006270375,-1.7277212,0.0057373047,0.9942627
8773632,6951.967601480076,3.0,16.463013,500.0,40.080475,0.0,0.9938965,1.0,0.07788622,0.88172936,0.010621044,0.0031007356,0.009070675,-1.7329085,0.0061035156,0.9938965
8781824,6923.09829302821,3.0,16.676758,500.0,41.68369,0.0,0.99328613,1.0,0.08166266,0.8815956,0.008171267,0.0014465568,0.007447988,-1.7304692,0.006713867,0.99328613
8790016,6934.768353157584,3.0,16.416382,500.0,39.935234,0.0,0.9937744,1.0,0.07865638,0.8817848,0.014577021,0.0018555667,0.013649236,-1.733695,0.006225586,0.9937744
8798208,6893.810704869423,3.0,16.529785,500.0,40.974377,0.0,0.9934082,1.0,0.08092184,0.88196003,0.0108072,0.0020037754,0.009805312,-1.7366221,0.006591797,0.9934082
8806400,6930.229517798784,3.0,16.731567,500.0,42.331757,0.0,0.9929199,1.0,0.0838448,0.8818003,0.007304132,0.0017260559,0.006441104,-1.7392316,0.007080078,0.9929199
8814592,6914.72353634051,3.0,16.68457,500.0,41.779182,0.0,0.993042,1.0,0.08312396,0.8815156,0.010656846,0.0014844694,0.009914611,-1.7396209,0.006958008,0.993042
8822784,6855.33308832713,3.0,16.657959,500.0,41.697342,0.0,0.993042,1.0,0.08312396,0.88155496,0.008632904,0.0024033017,0.0074312533,-1.7440892,0.006958008,0.993042
8830976,6913.927659563336,3.0,16.815674,500.0,42.673016,0.0,0.9926758,1.0,0.08526766,0.8813006,0.009468593,0.002000951,0.008468116,-1.745238,0.0073242188,0.9926758
8839168,6911.57310452285,3.0,17.107788,500.0,44.28765,0.0,0.9920654,1.0,0.0887221,0.880745,0.008233942,0.0020669622,0.00720046,-1.7351334,0.00793457,0.9920654
8847360,6919.701920493711,3.0,16.979614,500.0,43.949257,0.0,0.9921875,1.0,0.0880424,0.88139224,0.014205203,0.0017145231,0.0133479405,-1.7349521,0.0078125,0.9921875
8855552,6899.989229830029,3.0,17.00879,500.0,44.51675,0.0,0.99194336,1.0,0.089396484,0.8817547,0.008771052,0.0016046632,0.00796872,-1.7295878,0.008056641,0.99194336
8863744,6891.497473633202,3.0,16.967896,500.0,44.473236,0.0,0.99194336,1.0,0.089396484,0.8819966,0.005378317,0.0009305331,0.00491305,-1.7286935,0.008056641,0.99194336
8871936,6888.6416076720325,3.0,16.800049,500.0,43.490185,0.0,0.9923096,1.0,0.08735723,0.8821926,0.0048934654,0.0014527277,0.004167102,-1.7364769,0.0076904297,0.9923096
8880128,6923.892096889283,3.0,16.863037,500.0,44.109592,0.0,0.9920654,1.0,0.0887221,0.88237095,0.0055147163,0.0019302432,0.0045495955,-1.7369535,0.00793457,0.9920654
8888320,6863.217660735544,3.0,16.837402,500.0,44.0704,0.0,0.9920654,1.0,0.0887221,0.8824688,0.007367405,0.0014015259,0.006666642,-1.7395308,0.00793457,0.9920654
8896512,6888.256309237751,3.0,16.849976,500.0,44.252766,0.0,0.99194336,1.0,0.089396484,0.8824611,0.0065956237,0.00068921235,0.006251017,-1.7437413,0.008056641,0.99194336
8904704,6890.394638125189,3.0,16.71936,500.0,43.835564,0.0,0.9920654,1.0,0.0887221,0.88295364,0.009434173,0.001506829,0.008680757,-1.7510259,0.00793457,0.9920654
8912896,6892.725104153962,3.0,16.407104,500.0,42.174637,0.0,0.9926758,1.0,0.08526766,0.8836174,0.006194164,0.0011270257,0.005630652,-1.7462556,0.0073242188,0.9926758
8921088,6902.186151128092,3.0,16.150757,500.0,41.47372,0.0,0.9929199,1.0,0.0838448,0.8849626,0.0024501586,0.00060386746,0.0021482247,-1.7423973,0.007080078,0.9929199
8929280,6932.788438377514,3.0,15.951782,500.0,40.43503,0.0,0.99328613,1.0,0.081662655,0.8854767,0.00601632,0.0011274638,0.005452588,-1.7461969,0.006713867,0.99328613
8937472,6897.707853349118,3.0,15.658447,500.0,38.620083,0.0,0.9938965,1.0,0.07788622,0.88596797,0.0069169668,0.0011492218,0.006342356,-1.753797,0.0061035156,0.9938965
8945664,6870.864825303533,3.0,15.431763,500.0,37.478115,0.0,0.9942627,1.0,0.07552739,0.8866776,0.008512422,0.0007472352,0.008138805,-1.7587479,0.0057373047,0.9942627
8953856,6897.534768577515,3.0,15.152466,500.0,35.905636,0.0,0.994751,1.0,0.07225974,0.8874463,0.006169755,0.00048578417,0.0059268624,-1.75571,0.0052490234,0.994751
8962048,6907.335333983062,3.0,14.689575,500.0,32.97619,0.0,0.99560547,1.0,0.06614544,0.88858366,0.009408928,0.000869557,0.008974151,-1.7636464,0.0043945312,0.99560547
8970240,6901.351572108124,3.0,14.576172,500.0,32.090305,0.0,0.9958496,1.0,0.0642897,0.888748,0.009388552,0.0013730741,0.0087020155,-1.7703866,0.0041503906,0.9958496
8978432,6867.1955742626105,3.0,14.493652,500.0,31.179525,0.0,0.99609375,1.0,0.06237781,0.8886403,0.0052616238,0.0008060599,0.004858594,-1.7732279,0.00390625,0.99609375
8986624,6896.832825802059,3.0,14.349243,500.0,30.245262,0.0,0.9963379,1.0,0.060404457,0.88908887,0.0002988007,0.0013886355,-0.00039551707,-1.7756463,0.0036621094,0.9963379
8994816,6907.5658461289795,3.0,14.395996,500.0,30.712008,0.0,0.9962158,1.0,0.06139918,0.8890778,0.0076322225,0.0007159247,0.007274261,-1.7764573,0.0037841797,0.9962158
9003008,6883.467845386038,3.0,14.065674,500.0,28.266846,0.0,0.9968262,1.0,0.056247268,0.8899039,0.007467054,0.0006665604,0.0071337726,-1.7880394,0.0031738281,0.9968262
9011200,6885.556287045717,3.0,13.888794,500.0,27.224602,0.0,0.9970703,1.0,0.05404724,0.89062434,0.005650407,0.00041703245,0.005441891,-1.8001921,0.0029296875,0.9970703
9019392,6879.93527845829,3.0,13.653076,500.0,25.009808,0.0,0.9975586,1.0,0.049350236,0.891029,0.009329049,0.0003831338,0.009137483,-1.8105042,0.0024414062,0.9975586
9027584,6892.451337839806,3.0,13.609741,500.0,24.425962,0.0,0.99768066,1.0,0.0481036,0.8909939,0.010014723,0.0011058773,0.009461784,-1.812916,0.002319336,0.99768066
9035776,6898.714686583946,3.0,13.692749,500.0,25.015781,0.0,0.9975586,1.0,0.049350236,0.89068913,0.005323577,0.00094906974,0.0048490413,-1.8114815,0.0024414062,0.9975586
9043968,6871.595847892588,3.0,13.62561,500.0,24.400286,0.0,0.99768066,1.0,0.0481036,0.89082694,0.009701497,0.0007139712,0.009344513,-1.81493,0.002319336,0.99768066
9052160,6870.50349376561,3.0,13.731689,500.0,25.034773,0.0,0.9975586,1.0,0.049350236,0.89038795,0.010690009,0.00096983125,0.010205096,-1.8186606,0.0024414062,0.9975586
9060352,6886.595462147989,3.0,13.592529,500.0,23.850098,0.0,0.99780273,1.0,0.04682347,0.8907777,0.008101219,0.0005790532,0.007811692,-1.8226197,0.0021972656,0.99780273
9068544,6878.191696021649,3.0,13.571045,500.0,23.850954,0.0,0.99780273,1.0,0.04682347,0.89096916,0.006941707,0.00043460916,0.0067244023,-1.831568,0.0021972656,0.99780273
9076736,6864.256960101902,3.0,13.411255,500.0,22.59424,0.0,0.9980469,1.0,0.044150993,0.8915238,0.0058317836,0.0003702986,0.0056466353,-1.8352697,0.001953125,0.9980469
9084928,6878.215103202037,3.0,13.197632,500.0,20.58082,0.0,0.9984131,1.0,0.039804466,0.89215386,0.00850586,0.0003788454,0.008316439,-1.8421593,0.0015869141,0.9984131
9093120,6879.2796098081335,3.0,13.139648,500.0,19.853344,0.0,0.99853516,1.0,0.038245235,0.89222866,0.0052627255,0.0005654307,0.004980011,-1.8545623,0.0014648438,0.99853516
9101312,6866.9018741029095,3.0,13.004883,500.0,18.341946,0.0,0.9987793,1.0,0.03491723,0.8925926,0.0014931053,0.0006497699,0.0011682205,-1.8588871,0.0012207031,0.9987793
9109504,6875.07858438733,3.0,13.029663,500.0,18.339869,0.0,0.9987793,1.0,0.03491723,0.8923684,0.00861966,0.00043428532,0.008402518,-1.8611465,0.0012207031,0.9987793
9117696,6869.079146148569,3.0,13.057495,500.0,18.436188,0.0,0.9987793,1.0,0.03491723,0.8922333,0.0068161427,0.0010237925,0.006304247,-1.8640856,0.0012207031,0.9987793
9125888,6866.848352013794,3.0,13.176392,500.0,19.240149,0.0,0.9986572,1.0,0.03661926,0.89163923,0.0035740312,0.00058225443,0.0032829042,-1.8640134,0.0013427734,0.9986572
9134080,6853.940999805312,3.0,13.178955,500.0,19.24212,0.0,0.9986572,1.0,0.03661926,0.8916186,0.008926662,0.0008511357,0.008501094,-1.8685257,0.0013427734,0.9986572
9142272,6876.6953440655425,3.0,13.045044,500.0,17.246704,0.0,0.99902344,1.0,0.031234737,0.8918415,0.0066924784,0.00063110923,0.0063769235,-1.8691818,0.0009765625,0.99902344
9150464,6891.05380939192,3.0,12.885376,500.0,14.558851,0.0,0.99938965,1.0,0.024697753,0.892039,0.004628957,0.0008751287,0.0041913926,-1.8699162,0.00061035156,0.99938965
9158656,6853.426972549382,3.0,12.9626465,500.0,16.356712,0.0,0.9991455,1.0,0.029219205,0.89211756,0.0067909886,0.00051398535,0.0065339957,-1.8635831,0.0008544922,0.9991455
9166848,6863.6042762418,3.0,12.911621,500.0,15.444654,0.0,0.9992676,1.0,0.02705338,0.8921484,0.008609723,0.0008760495,0.008171699,-1.8552758,0.0007324219,0.9992676
9175040,6895.015637918219,3.0,13.088379,500.0,17.223606,0.0,0.99902344,1.0,0.031234737,0.89142567,0.0051113083,0.00039312534,0.0049147457,-1.8538376,0.0009765625,0.99902344
9183232,6899.5126063649495,3.0,13.120605,500.0,17.22129,0.0,0.99902344,1.0,0.031234737,0.8911355,0.007586667,0.00046972992,0.007351801,-1.8533733,0.0009765625,0.99902344
9191424,6868.620513823104,3.0,13.183838,500.0,18.043665,0.0,0.99890137,1.0,0.033127416,0.8909961,0.003296489,0.00038453497,0.0031042218,-1.8544102,0.0010986328,0.99890137
9199616,6859.630521036427,3.0,13.201416,500.0,18.151508,0.0,0.99890137,1.0,0.033127416,0.8909534,0.0089288205,0.00066997984,0.008593831,-1.8557707,0.0010986328,0.99890137
9207808,6875.053822917194,3.0,13.192749,500.0,18.144321,0.0,0.99890137,1.0,0.03312742,0.8910195,0.003302583,0.00043884,0.0030831639,-1.863219,0.0010986328,0.99890137
9216000,6881.825846419952,3.0,13.094971,500.0,17.324482,0.0,0.99902344,1.0,0.031234737,0.8914634,0.008902509,0.00035358706,0.008725716,-1.8705406,0.0009765625,0.99902344
9224192,6885.003016319545,3.0,13.102295,500.0,17.2634,0.0,0.99902344,1.0,0.031234737,0.8913316,0.006614629,0.0006914136,0.0062689227,-1.8730298,0.0009765625,0.99902344
9232384,6909.6300319422,3.0,13.024658,500.0,17.183924,0.0,0.99902344,1.0,0.031234737,0.891933,0.0148006985,0.00041480578,0.014593295,-1.8699353,0.0009765625,0.99902344
9240576,6871.938052886726,3.0,12.92688,500.0,16.797583,0.0,0.99902344,1.0,0.031234737,0.89253664,0.0052087363,0.00036126882,0.0050281025,-1.8718109,0.0009765625,0.99902344
9248768,6870.098243152943,3.0,12.878662,500.0,16.73484,0.0,0.99902344,1.0,0.031234737,0.892892,0.0035074272,0.00032443143,0.0033452113,-1.8840288,0.0009765625,0.99902344
9256960,6856.170254610091,3.0,12.829102,500.0,15.792449,0.0,0.9991455,1.0,0.029219205,0.8928594,0.0079426905,0.00052561745,0.007679882,-1.889112,0.0008544922,0.9991455
9265152,6887.02750903378,3.0,12.817627,500.0,15.794223,0.0,0.9991455,1.0,0.029219205,0.89296114,0.014568372,0.00048520256,0.014325771,-1.8865899,0.0008544922,0.9991455
9273344,6910.766833054635,3.0,12.883301,500.0,17.518385,0.0,0.99890137,1.0,0.033127416,0.8931994,0.021329572,0.0011265576,0.0207663,-1.8855754,0.0010986328,0.99890137
9281536,6866.658972859104,3.0,12.832275,500.0,16.680672,0.0,0.99902344,1.0,0.031234737,0.8932453,0.006717052,0.00041849053,0.0065078055,-1.899622,0.0009765625,0.99902344
9289728,6874.506364869004,3.0,12.804443,500.0,16.683142,0.0,0.99902344,1.0,0.031234737,0.89349824,0.004989366,0.00052803324,0.00472535,-1.9037195,0.0009765625,0.99902344
9297920,6885.416926191015,3.0,12.76416,500.0,16.66579,0.0,0.99902344,1.0,0.031234737,0.8938359,0.01474032,0.0004860631,0.0144972885,-1.8929646,0.0009765625,0.99902344
9306112,6838.793204146299,3.0,12.807495,500.0,17.496426,0.0,0.99890137,1.0,0.033127416,0.89385366,0.013711772,0.0006758869,0.013373829,-1.8916136,0.0010986328,0.99890137
9314304,6859.056762320894,3.0,12.799561,500.0,16.664928,0.0,0.99902344,1.0,0.031234737,0.89352393,0.008658549,0.00063994987,0.008338573,-1.8989505,0.0009765625,0.99902344
9322496,6888.91921497802,3.0,12.83252,500.0,16.981321,0.0,0.99902344,1.0,0.031234737,0.8934403,0.0093052415,0.00044781447,0.009081334,-1.9051404,0.0009765625,0.99902344
9330688,6870.900548356431,3.0,12.826904,500.0,16.98958,0.0,0.99902344,1.0,0.031234737,0.8935018,0.006628178,0.0007320973,0.0062621296,-1.9069457,0.0009765625,0.99902344
9338880,6875.144615846369,3.0,12.826538,500.0,17.005243,0.0,0.99902344,1.0,0.031234737,0.89352715,0.004551138,0.00046468677,0.0043187947,-1.9053577,0.0009765625,0.99902344
9347072,6856.129212281424,3.0,12.884766,500.0,17.017967,0.0,0.99902344,1.0,0.031234737,0.89302456,0.006950707,0.0003664996,0.0067674583,-1.9112755,0.0009765625,0.99902344
9355264,6881.803792992324,3.0,12.864624,500.0,17.028595,0.0,0.99902344,1.0,0.031234737,0.89321935,0.005206361,0.0003625297,0.0050250962,-1.9207692,0.0009765625,0.99902344
9363456,6867.15851725007,3.0,12.753418,500.0,16.152395,0.0,0.9991455,1.0,0.029219203,0.8937874,0.003839284,0.00039881296,0.003639877,-1.9301912,0.0008544922,0.9991455
9371648,6878.034734339891,3.0,12.76001,500.0,16.170599,0.0,0.9991455,1.0,0.029219205,0.8937525,0.008145314,0.0005464015,0.007872112,-1.9321954,0.0008544922,0.9991455
9379840,6878.294964192957,3.0,12.631714,500.0,14.266831,0.0,0.99938965,1.0,0.024697753,0.8940543,0.009454764,0.00037136103,0.009269082,-1.9357138,0.00061035156,0.99938965
9388032,6886.514028072178,3.0,12.639648,500.0,14.296142,0.0,0.99938965,1.0,0.02469775,0.89401734,0.009462983,0.0008231288,0.009051417,-1.9351145,0.00061035156,0.99938965
9396224,6852.180503284126,3.0,12.83313,500.0,17.069292,0.0,0.99902344,1.0,0.031234737,0.89355767,0.009554481,0.0006638953,0.0092225345,-1.9354637,0.0009765625,0.99902344
9404416,6850.725496158002,3.0,12.805542,500.0,16.293081,0.0,0.9991455,1.0,0.029219205,0.8934783,0.012422315,0.0006185004,0.012113066,-1.927606,0.0008544922,0.9991455
9412608,6852.513944054661,3.0,12.749268,500.0,15.322234,0.0,0.9992676,1.0,0.02705338,0.89352226,0.008620785,0.00054450985,0.00834853,-1.9273686,0.0007324219,0.9992676
9420800,6858.956809402991,3.0,12.727173,500.0,15.010581,0.0,0.9992676,1.0,0.02705338,0.89354706,0.006039605,0.0005579215,0.0057606436,-1.9322013,0.0007324219,0.9992676
9428992,6896.183621318763,3.0,12.819702,500.0,15.949194,0.0,0.9991455,1.0,0.029219205,0.8931465,0.014610365,0.0005367912,0.014341967,-1.9311091,0.0008544922,0.9991455
9437184,6880.978269480866,3.0,12.852539,500.0,16.8327,0.0,0.99902344,1.0,0.031234737,0.89327395,0.00499227,0.0009561102,0.004514215,-1.9270276,0.0009765625,0.99902344
9445376,6878.668132365321,3.0,12.79541,500.0,16.005991,0.0,0.9991455,1.0,0.029219205,0.8934169,0.0061606294,0.00043171213,0.0059447736,-1.9256113,0.0008544922,0.9991455
9453568,6862.810527663469,3.0,12.796265,500.0,15.99667,0.0,0.9991455,1.0,0.029219206,0.8933983,0.006385152,0.0005692541,0.0061005256,-1.9276297,0.0008544922,0.9991455
9461760,6880.75641796628,3.0,12.874268,500.0,16.873331,0.0,0.99902344,1.0,0.031234737,0.89311796,0.004373009,0.000649034,0.004048492,-1.9253285,0.0009765625,0.99902344
9469952,6862.613147197182,3.0,12.949219,500.0,17.693113,0.0,0.99890137,1.0,0.033127416,0.8928471,0.010035143,0.00034680607,0.00986174,-1.9268496,0.0010986328,0.99890137
9478144,6857.8534132650575,3.0,12.938965,500.0,17.681004,0.0,0.99890137,1.0,0.033127416,0.89292145,0.0066171763,0.00036219435,0.00643608,-1.9273052,0.0010986328,0.99890137
9486336,6891.765634859602,3.0,12.861938,500.0,16.835562,0.0,0.99902344,1.0,0.031234737,0.89317703,0.006792435,0.00032515117,0.0066298586,-1.9315075,0.0009765625,0.99902344
9494528,6885.023710631231,3.0,12.735596,500.0,15.004195,0.0,0.9992676,1.0,0.02705338,0.8934455,0.028881662,0.00043803995,0.028662644,-1.9408159,0.0007324219,0.9992676
9502720,6877.66714159495,3.0,12.757202,500.0,14.985842,0.0,0.9992676,1.0,0.02705338,0.8932315,0.004051567,0.00047418248,0.0038144756,-1.9455655,0.0007324219,0.9992676
9510912,6864.745182954045,3.0,12.689819,500.0,14.858647,0.0,0.9992676,1.0,0.02705338,0.893713,0.016665423,0.00048224584,0.016424298,-1.955566,0.0007324219,0.9992676
9519104,6883.252727880271,3.0,12.727173,500.0,15.7583885,0.0,0.9991455,1.0,0.029219205,0.8937515,0.052726537,0.000551179,0.052450947,-1.965892,0.0008544922,0.9991455
9527296,6881.772091437737,3.0,12.809448,500.0,16.635883,0.0,0.99902344,1.0,0.031234737,0.8934214,0.0056386003,0.00041740085,0.0054299003,-1.9683473,0.0009765625,0.99902344
9535488,6891.468447123321,3.0,12.752319,500.0,15.7602215,0.0,0.9991455,1.0,0.029219205,0.89353055,0.014209806,0.0005432531,0.013938179,-1.9681172,0.0008544922,0.9991455
9543680,6876.418721052429,3.0,12.799194,500.0,16.585026,0.0,0.99902344,1.0,0.031234737,0.89346147,0.011332261,0.00056440395,0.011050059,-1.9661379,0.0009765625,0.99902344
9551872,6872.771031569582,3.0,12.884277,500.0,17.447376,0.0,0.99890137,1.0,0.033127416,0.89314085,0.008821499,0.00047201794,0.00858549,-1.9618394,0.0010986328,0.99890137
9560064,6852.451079787787,3.0,12.880737,500.0,17.451693,0.0,0.99890137,1.0,0.033127416,0.893179,0.008321738,0.0003450733,0.008149203,-1.9579916,0.0010986328,0.99890137
9568256,6863.661861001399,3.0,12.840576,500.0,16.599375,0.0,0.99902344,1.0,0.031234737,0.8931127,0.014189156,0.0004433868,0.01396746,-1.9591041,0.0009765625,0.99902344
9576448,6889.988419277035,3.0,12.887817,500.0,16.60315,0.0,0.99902344,1.0,0.031234737,0.8926964,0.030038588,0.0006253503,0.029725913,-1.9611639,0.0009765625,0.99902344
9584640,6830.1213763157175,3.0,12.907227,500.0,17.448458,0.0,0.99890137,1.0,0.033127416,0.8929382,0.018075647,0.0006240999,0.017763598,-1.9604374,0.0010986328,0.99890137
9592832,6852.850150799752,3.0,13.101685,500.0,19.804934,0.0,0.99853516,1.0,0.038245235,0.8925029,0.0132815875,0.00095891696,0.012802129,-1.9602945,0.0014648438,0.99853516
9601024,6838.604008176931,3.0,13.295288,500.0,21.888102,0.0,0.99816895,1.0,0.04275163,0.8920454,0.016737515,0.00049484905,0.016490093,-1.9530251,0.0018310547,0.99816895
9609216,6870.403206959076,3.0,13.190063,500.0,21.209085,0.0,0.998291,1.0,0.041304525,0.89254665,0.0100113815,0.0005845896,0.009719087,-1.9498456,0.0017089844,0.998291
9617408,6843.125796370845,3.0,13.402466,500.0,23.168688,0.0,0.9979248,1.0,0.045507014,0.8919285,0.005422597,0.00042698087,0.0052091056,-1.9543518,0.0020751953,0.9979248
9625600,6860.356415400539,3.0,13.342651,500.0,22.54525,0.0,0.9980469,1.0,0.044150993,0.8920555,0.006071287,0.00036569047,0.0058884416,-1.9649124,0.001953125,0.9980469
9633792,6883.932600257048,3.0,13.314697,500.0,21.895689,0.0,0.99816895,1.0,0.042751625,0.8918854,0.012469208,0.0004893205,0.012224549,-1.9696798,0.0018310547,0.99816895
9641984,6830.660429698729,3.0,13.355225,500.0,22.544695,0.0,0.9980469,1.0,0.044150993,0.89194226,0.040533908,0.00067339896,0.04019721,-1.9691521,0.001953125,0.9980469
9650176,6827.979581880439,3.0,13.492554,500.0,23.778437,0.0,0.99780273,1.0,0.04682347,0.89153874,0.016443614,0.0009702061,0.015958512,-1.9634411,0.0021972656,0.99780273
9658368,6869.864730613678,3.0,13.519287,500.0,23.771297,0.0,0.99780273,1.0,0.04682347,0.89128685,0.0002514971,0.00074949185,-0.0001232489,-1.9603264,0.0021972656,0.99780273
9666560,6873.006116541947,3.0,13.529541,500.0,24.373285,0.0,0.99768066,1.0,0.0481036,0.891618,0.0040945765,0.00059239054,0.003798381,-1.9579248,0.002319336,0.99768066
9674752,6875.17350500855,3.0,13.584839,500.0,24.96441,0.0,0.9975586,1.0,0.049350236,0.8915572,0.013132683,0.00084161386,0.012711876,-1.9549756,0.0024414062,0.9975586
9682944,6848.409689497198,3.0,13.632324,500.0,26.093573,0.0,0.99731445,1.0,0.05175263,0.8919686,0.002963093,0.00085517956,0.0025355034,-1.9493659,0.0026855469,0.99731445
9691136,6871.301771233504,3.0,13.539185,500.0,25.529772,0.0,0.9974365,1.0,0.050565846,0.8923658,0.010730428,0.00090300554,0.010278927,-1.9398097,0.0025634766,0.9974365
9699328,6847.004037889967,3.0,13.716187,500.0,26.637974,0.0,0.9971924,1.0,0.05291251,0.89163697,0.00930313,0.00044089166,0.009082686,-1.9351096,0.0028076172,0.9971924
9707520,6893.37365760256,3.0,13.491699,500.0,24.94411,0.0,0.9975586,1.0,0.049350236,0.8923462,0.0047854264,0.00034639562,0.0046122293,-1.9293966,0.0024414062,0.9975586
9715712,6893.203556085546,3.0,13.351196,500.0,23.750769,0.0,0.99780273,1.0,0.04682347,0.8927413,0.008098233,0.00054523244,0.007825616,-1.9346322,0.0021972656,0.99780273
9723904,6883.0252143800235,3.0,13.362183,500.0,23.744774,0.0,0.99780273,1.0,0.04682347,0.892631,0.008182713,0.0008440256,0.0077607003,-1.9393574,0.0021972656,0.99780273
9732096,6889.59606287466,3.0,13.384399,500.0,24.337433,0.0,0.99768066,1.0,0.048103597,0.8928379,0.0053590583,0.00070143095,0.005008344,-1.9398664,0.002319336,0.99768066
9740288,6865.422775793885,3.0,13.383423,500.0,24.336887,0.0,0.99768066,1.0,0.0481036,0.89284515,0.008837745,0.000701268,0.008487112,-1.948912,0.002319336,0.99768066
9748480,6862.293798684012,3.0,13.408447,500.0,24.92055,0.0,0.9975586,1.0,0.049350236,0.89303625,0.0075414614,0.0003720481,0.0073554376,-1.962009,0.0024414062,0.9975586
9756672,6891.284618238778,3.0,13.048462,500.0,21.823526,0.0,0.99816895,1.0,0.042751625,0.89412904,0.004948644,0.00033086236,0.004783213,-1.9706026,0.0018310547,0.99816895
9764864,6878.110460572673,3.0,12.944946,500.0,21.150082,0.0,0.998291,1.0,0.041304525,0.894631,0.0105436,0.0005566039,0.010265299,-1.9685587,0.0017089844,0.998291
9773056,6829.0516684498,3.0,12.87439,500.0,20.444254,0.0,0.9984131,1.0,0.039804466,0.8948225,0.01406102,0.00049719313,0.013812424,-1.9606993,0.0015869141,0.9984131
9781248,6848.883373949886,3.0,12.922852,500.0,21.122532,0.0,0.998291,1.0,0.041304525,0.89478004,0.01215914,0.00031907903,0.011999601,-1.9688473,0.0017089844,0.998291
9789440,6846.911257894383,3.0,12.792236,500.0,19.69013,0.0,0.99853516,1.0,0.038245235,0.89507973,0.0079847155,0.00048348698,0.0077429726,-1.9780142,0.0014648438,0.99853516
9797632,6853.796080061565,3.0,12.808472,500.0,19.815409,0.0,0.99853516,1.0,0.038245235,0.8950679,0.0064410977,0.00046783913,0.0062071797,-1.9814235,0.0014648438,0.99853516
9805824,6894.870359597518,3.0,12.665161,500.0,18.28228,0.0,0.9987793,1.0,0.03491723,0.89548373,-0.0046562245,0.0006059032,-0.0049591763,-1.9898444,0.0012207031,0.9987793
9814016,6878.921524241276,3.0,12.680664,500.0,18.289343,0.0,0.9987793,1.0,0.03491723,0.8953557,0.0075432104,0.00035245644,0.0073669823,-2.0002136,0.0012207031,0.9987793
9822208,6871.998526389095,3.0,12.61731,500.0,17.47217,0.0,0.99890137,1.0,0.033127416,0.8954894,0.0065542473,0.00031872687,0.0063948836,-2.0071301,0.0010986328,0.99890137
9830400,6894.833003304569,3.0,12.459106,500.0,15.728075,0.0,0.9991455,1.0,0.029219206,0.8960606,0.04264334,0.00049414654,0.042396262,-2.0057087,0.0008544922,0.9991455
9838592,6888.607080964604,3.0,12.408569,500.0,14.855067,0.0,0.9992676,1.0,0.02705338,0.8961586,0.007372805,0.0003660394,0.0071897847,-2.0039332,0.0007324219,0.9992676
9846784,6885.721871632013,3.0,12.376099,500.0,13.856232,0.0,0.99938965,1.0,0.024697753,0.89603853,0.005280437,0.0003997466,0.005080563,-2.0080566,0.00061035156,0.99938965
9854976,6881.204269583443,3.0,12.339111,500.0,13.855939,0.0,0.99938965,1.0,0.02469775,0.89637136,0.023097228,0.00041225352,0.022891104,-2.012794,0.00061035156,0.99938965
9863168,6902.169513029752,3.0,12.357544,500.0,14.473084,0.0,0.99938965,1.0,0.02469775,0.89651227,0.005903857,0.00039267572,0.005707521,-2.0228298,0.00061035156,0.99938965
9871360,6857.441441973649,3.0,12.316528,500.0,13.429968,0.0,0.9995117,1.0,0.022091692,0.8964516,0.01406266,0.00038187948,0.013871722,-2.03132,0.00048828125,0.9995117
9879552,6853.879476523987,3.0,12.2282715,500.0,11.085643,0.0,0.99975586,1.0,0.015623093,0.8964189,0.0059478492,0.00032694824,0.0057843747,-2.0358553,0.00024414062,0.99975586
9887744,6883.0748524064,3.0,12.229736,500.0,11.098687,0.0,0.99975586,1.0,0.015623093,0.8964181,0.009177831,0.00032764985,0.009014006,-2.0363867,0.00024414062,0.99975586
9895936,6889.096011391556,3.0,12.194214,500.0,10.873148,0.0,0.99975586,1.0,0.015623093,0.8966037,0.016566163,0.00056177645,0.016285274,-2.036113,0.00024414062,0.99975586
9904128,6888.145837351115,3.0,12.209961,500.0,10.867774,0.0,0.99975586,1.0,0.015623093,0.8964574,0.012860909,0.00043032705,0.0126457475,-2.0326622,0.00024414062,0.99975586
9912320,6884.899546627115,3.0,12.165039,500.0,10.844048,0.0,0.99975586,1.0,0.015623093,0.8968388,0.016012182,0.0003462552,0.015839053,-2.0317962,0.00024414062,0.99975586
9920512,6867.667743062523,3.0,12.172241,500.0,10.86214,0.0,0.99975586,1.0,0.015623093,0.89679134,0.007870676,0.0003479667,0.007696693,-2.04191,0.00024414062,0.99975586
9928704,6866.053852972608,3.0,12.211548,500.0,10.872308,0.0,0.99975586,1.0,0.015623093,0.89644945,0.009518458,0.0003436139,0.00934665,-2.0538034,0.00024414062,0.99975586
9936896,6886.837015226921,3.0,12.159058,500.0,10.74624,0.0,0.99975586,1.0,0.015623093,0.89683384,0.009547683,0.00031668908,0.009389342,-2.0648856,0.00024414062,0.99975586
9945088,6887.614240952471,3.0,12.15564,500.0,10.750083,0.0,0.99975586,1.0,0.015623093,0.89686835,-0.0024758903,0.00044562205,-0.0026987018,-2.0738902,0.00024414062,0.99975586
9953280,6875.375735941941,3.0,12.194214,500.0,12.011815,0.0,0.9996338,1.0,0.019133132,0.8969339,0.000723561,0.00053660036,0.00045526092,-2.081933,0.00036621094,0.9996338
9961472,6893.410998083633,3.0,12.17041,500.0,11.273446,0.0,0.9996338,1.0,0.019133132,0.8968522,0.012779038,0.0003416931,0.012608193,-2.0891612,0.00036621094,0.9996338
9969664,6875.842150594097,3.0,12.15918,500.0,11.283579,0.0,0.9996338,1.0,0.019133134,0.8969627,0.01154041,0.00036726153,0.011356781,-2.0974019,0.00036621094,0.9996338
9977856,6884.390521027705,3.0,12.143921,500.0,11.305534,0.0,0.9996338,1.0,0.019133134,0.8971138,0.007160625,0.00041943905,0.006950905,-2.1058729,0.00036621094,0.9996338
9986048,6866.575265112576,3.0,12.142456,500.0,11.30364,0.0,0.9996338,1.0,0.019133132,0.8971253,0.01239141,0.00034006158,0.012221379,-2.1111472,0.00036621094,0.9996338
9994240,6885.084414663177,3.0,12.199219,500.0,12.531382,0.0,0.9995117,1.0,0.022091692,0.89705,0.010606799,0.00058282225,0.010315386,-2.1127841,0.00048828125,0.9995117
