timestep,fps,ep_len_min,ep_len_mean,ep_len_max,ep_len_std,return_min,return_mean,return_max,return_std,disc_return_mean,total_loss,value_loss,actor_loss,entropy,prob_fail,prob_success,prob_reject,lambda
8192,234.92367457665353,56.0,402.58823,500.0,156.70393,-1.0,-0.11764706,1.0,0.5823232,-0.003988955,-0.005614168,0.0070282365,-0.009128286,2.177286,0.88235295,0.11764706,0.23529412,0.5009264945983887
16384,2155.55431279138,53.0,355.3889,500.0,180.77798,-1.0,-0.19444445,1.0,0.6591006,-0.056499857,-0.0026477952,0.006321118,-0.0058083544,2.1766758,0.8611111,0.1388889,0.33333334,0.5027817487716675
24576,2155.8634893832327,53.0,385.9818,500.0,169.1629,-1.0,-0.16363636,1.0,0.59585345,-0.038806926,-0.0034903316,0.0024033734,-0.004692018,2.170685,0.8909091,0.10909091,0.27272728,0.5033212304115295
32768,2146.0935159250594,50.0,396.23288,500.0,168.40009,-1.0,-0.10958904,1.0,0.56281203,-0.02426773,-0.0034620939,0.0023056283,-0.004614908,2.1619205,0.89041096,0.10958904,0.21917808,0.5033490061759949
40960,2155.413819582335,39.0,409.93405,500.0,160.9093,-1.0,-0.08791209,1.0,0.52724355,-0.012331074,-0.0024338188,0.0013326546,-0.0031001463,2.1579406,0.9010989,0.0989011,0.18681319,0.5033767819404602
49152,2156.8140254742016,39.0,410.95535,500.0,161.91225,-1.0,-0.0625,1.0,0.5223786,-0.0041859075,-0.0019972206,0.0024573437,-0.0032258928,2.1489928,0.89285713,0.10714286,0.16964285,0.5036029815673828
57344,2152.6725305929613,25.0,406.61832,500.0,168.16927,-1.0,-0.045801528,1.0,0.52221775,0.00086020055,-0.0029106757,0.0014900693,-0.0036557105,2.1402862,0.8854962,0.114503816,0.16030534,0.5038793087005615
65536,2152.1224133543346,21.0,402.86273,500.0,172.63998,-1.0,-0.026143791,1.0,0.52328414,0.0038268068,-0.0033782434,0.0011200812,-0.003938284,2.1345658,0.875817,0.12418301,0.1503268,0.5040838718414307
73728,2155.390022739036,13.0,403.77585,500.0,172.01727,-1.0,-0.03448276,1.0,0.52409256,-0.008443468,-0.0045059905,0.001344742,-0.005178361,2.127099,0.87931037,0.12068965,0.15517241,0.5047862529754639
81920,2150.815799377185,13.0,402.37112,500.0,174.14224,-1.0,-0.036082473,1.0,0.52143455,-0.012584304,-0.003189019,0.001405247,-0.003891643,2.1255622,0.8814433,0.1185567,0.15463917,0.5052862763404846
90112,2155.2083187158373,13.0,402.74298,500.0,175.04312,-1.0,-0.028037382,1.0,0.519848,-0.012114189,-0.0045554596,0.0013072559,-0.0052090874,2.1214538,0.8785047,0.12149533,0.1495327,0.5055362582206726
98304,2148.552149841018,13.0,401.7702,500.0,175.40918,-1.0,-0.017021276,1.0,0.5215848,-0.0050395625,-0.0041052583,0.001495257,-0.004852887,2.117675,0.87234044,0.12765957,0.14468086,0.5057624578475952
106496,2148.6671607304697,13.0,397.6834,500.0,178.55373,-1.0,-0.0077220076,1.0,0.5271931,-0.0038140551,-0.0024551745,0.0017689866,-0.0033396678,2.1139045,0.8648649,0.13513513,0.14285715,0.5061374306678772
114688,2152.2229775104142,13.0,399.1295,500.0,177.911,-1.0,0.0,1.0,0.5228588,-0.0015916312,-0.0032693043,0.0011652132,-0.003851911,2.1113415,0.8633093,0.13669065,0.13669065,0.5061506032943726
122880,2158.4722955521374,13.0,398.28,500.0,178.69116,-1.0,-0.006666667,1.0,0.5227704,-0.0045324494,-0.0054742172,0.0009838679,-0.005966151,2.1056814,0.8666667,0.13333334,0.14,0.5068097114562988
131072,2160.810854094664,13.0,399.5625,500.0,177.13112,-1.0,-0.0125,1.0,0.52425545,-0.008581471,-0.0055494285,0.0011176508,-0.006108254,2.1040232,0.86875,0.13125,0.14375,0.5075597167015076
139264,2151.926838940703,13.0,398.22873,500.0,178.22096,-1.0,-0.0058651026,1.0,0.5305568,-0.0055473726,-0.0031532443,0.0013284194,-0.0038174537,2.105845,0.8621701,0.13782991,0.14369501,0.5080239772796631
147456,2153.480283033141,13.0,399.13297,500.0,177.72102,-1.0,-0.002770083,1.0,0.5289335,-0.0038550578,-0.0041859075,0.001037562,-0.0047046887,2.0920508,0.86149585,0.13850416,0.14127424,0.5082739591598511
155648,2152.321933185681,13.0,396.37564,500.0,180.30653,-1.0,0.0077720205,1.0,0.5313408,0.0020668271,-0.0028534844,0.0015341343,-0.0036205514,2.0860274,0.8549223,0.14507772,0.1373057,0.5084239840507507
163840,2152.27218457666,13.0,397.18765,500.0,179.42776,-1.0,0.019753087,1.0,0.53018045,0.0064831534,-0.0040250197,0.0011103773,-0.0045802086,2.085241,0.8493827,0.15061729,0.1308642,0.5081740021705627
172032,2157.507292034587,13.0,395.92722,500.0,179.92628,-1.0,0.025821596,1.0,0.53232586,0.0064531337,-0.0033844772,0.0010831831,-0.0039260685,2.077841,0.8450704,0.15492958,0.12910798,0.5084002017974854
180224,2152.905741108983,13.0,394.80804,500.0,181.43585,-1.0,0.029017856,1.0,0.53163904,0.010599495,-0.005056232,0.0008218423,-0.005467153,2.0722752,0.84375,0.15625,0.12723215,0.5086047649383545
188416,2157.311414982918,13.0,395.51392,500.0,181.1156,-1.0,0.03640257,1.0,0.52838314,0.014595932,-0.003760416,0.0008728385,-0.004196835,2.0639567,0.84154177,0.15845825,0.12205567,0.5083547830581665
196608,2155.7452722878843,13.0,392.05884,500.0,183.79453,-1.0,0.038539555,1.0,0.53340304,0.017121669,-0.0046030935,0.0020356418,-0.0056209145,2.0632875,0.8377282,0.16227181,0.123732254,0.5088739991188049
204800,2152.1977681864914,13.0,392.7505,500.0,183.07285,-1.0,0.031189084,1.0,0.532567,0.013321987,-0.0030135866,0.0011426224,-0.0035848978,2.0716689,0.84210527,0.15789473,0.12670565,0.5096240043640137
212992,2157.1720469558904,13.0,393.16165,500.0,183.17178,-1.0,0.033834588,1.0,0.5299152,0.015186977,-0.0029748976,0.0005379351,-0.003243865,2.0748308,0.84210527,0.15789473,0.124060154,0.509637176990509
221184,2153.019329824395,13.0,390.6475,500.0,184.97704,-1.0,0.037769783,1.0,0.5334273,0.016402058,-0.0033995854,0.0012932653,-0.0040462185,2.0676203,0.8381295,0.16187051,0.12410072,0.510012149810791
229376,2159.8235297593387,13.0,386.68784,500.0,187.33163,-1.0,0.030874785,1.0,0.5422845,0.013209036,-0.003806672,0.0019766416,-0.0047949934,2.0593038,0.8370497,0.16295026,0.13207547,0.5112436413764954
237568,2159.306254613934,11.0,383.9033,500.0,189.21506,-1.0,0.024590164,1.0,0.5471703,0.009232838,-0.004161237,0.0016964196,-0.005009447,2.0624173,0.8377049,0.16229509,0.13770492,0.5122899413108826
245760,2160.539789950672,11.0,384.23407,500.0,189.20757,-1.0,0.031847134,1.0,0.54621315,0.013195178,-0.002842341,0.00077001425,-0.003227348,2.0623226,0.83439493,0.1656051,0.13375796,0.5120399594306946
253952,2155.8364362723373,11.0,382.57797,500.0,190.52005,-1.0,0.03975535,1.0,0.5487912,0.01788173,-0.003925507,0.0012444907,-0.0045477524,2.0533736,0.8287462,0.17125382,0.13149847,0.5121745467185974
262144,2153.012854136028,11.0,381.19794,500.0,191.62073,-1.0,0.044313148,1.0,0.54983634,0.02231542,-0.0040213442,0.0013199085,-0.0046812985,2.0482814,0.82570165,0.17429838,0.12998523,0.5123593211174011
270336,2160.7560922969337,11.0,381.91132,500.0,191.28705,-1.0,0.047210302,1.0,0.54738563,0.02322717,-0.0050748126,0.00073131465,-0.00544047,2.0413122,0.82546496,0.17453505,0.12732475,0.5123366117477417
278528,2157.3173747558167,11.0,381.40387,500.0,191.89287,-1.0,0.049792532,1.0,0.54684746,0.025964078,-0.0042450796,0.0009755541,-0.0047328565,2.04146,0.824343,0.17565699,0.12586446,0.5125032663345337
286720,2150.661384612101,11.0,381.2984,500.0,192.0712,-1.0,0.05645161,1.0,0.54579157,0.030155307,-0.00298216,0.0009685011,-0.0034664103,2.0392456,0.82123655,0.17876343,0.12231183,0.5122532844543457
294912,2154.2783766423286,11.0,381.04968,500.0,192.38417,-1.0,0.06013072,1.0,0.5450118,0.033209678,-0.0035519167,0.00069983216,-0.0039018323,2.0387642,0.81960785,0.18039216,0.12026144,0.5122413635253906
303104,2160.3140230219806,11.0,379.6114,500.0,193.47264,-1.0,0.067088604,1.0,0.5459219,0.037712228,-0.005898799,0.0012141188,-0.006505858,2.0430248,0.8151899,0.18481013,0.11772152,0.5121913552284241
311296,2150.1772825907656,11.0,377.52753,500.0,194.79514,-1.0,0.069767445,1.0,0.54986733,0.037909262,-0.0040035914,0.0014666264,-0.004736905,2.037361,0.8115055,0.18849449,0.11872705,0.5126820802688599
319488,2151.428695906826,11.0,378.35046,500.0,194.18834,-1.0,0.066985644,1.0,0.5493022,0.036399476,-0.0054083746,0.00095752225,-0.005887136,2.0316272,0.8133971,0.18660288,0.119617224,0.5132215619087219
327680,2139.409916115938,11.0,376.9825,500.0,194.99567,-1.0,0.066433564,1.0,0.5517648,0.037430897,-0.003921873,0.0010075341,-0.0044256398,2.0262487,0.8123543,0.18764569,0.121212125,0.5138806700706482
335872,2141.6136189213876,11.0,375.74716,500.0,195.82259,-1.0,0.07029478,1.0,0.5529161,0.04100572,-0.0054373257,0.001009129,-0.00594189,2.0206177,0.8095238,0.1904762,0.120181404,0.5140473246574402
344064,2152.9273247406068,11.0,375.81857,500.0,195.66342,-1.0,0.076327436,1.0,0.5522815,0.04377149,-0.0030769967,0.0012201325,-0.0036870632,2.0179484,0.8064159,0.19358407,0.117256634,0.5137973427772522
352256,2156.1114627752618,11.0,376.20258,500.0,195.3359,-1.0,0.077586204,1.0,0.5516567,0.04500894,-0.003747126,0.0010955321,-0.004294892,2.0142105,0.8060345,0.19396552,0.11637931,0.5139639973640442
360448,2153.248702244171,11.0,375.1754,500.0,195.78497,-1.0,0.084033616,1.0,0.55313975,0.047823623,-0.005297759,0.0011508354,-0.0058731767,2.0115433,0.8014706,0.1985294,0.1144958,0.5139223337173462
368640,2161.2342306381565,11.0,376.27777,500.0,195.4304,-1.0,0.081275724,1.0,0.5505134,0.045852195,-0.005057546,0.0006878027,-0.0054014474,2.0145798,0.80452675,0.19547325,0.11419753,0.5141723155975342
376832,2153.9543962506364,11.0,375.3725,500.0,195.89853,-1.0,0.084337346,1.0,0.5514818,0.047006726,-0.005774982,0.0012049214,-0.0063774427,2.0177455,0.80220884,0.19779116,0.11345381,0.5143389701843262
385024,2154.8294616347125,9.0,374.26666,500.0,196.41774,-1.0,0.08431373,1.0,0.5537298,0.048293874,-0.0057670097,0.0013658943,-0.0064499564,2.0046575,0.8009804,0.19901961,0.11470588,0.5149223208427429
393216,2153.3725836732,9.0,373.28378,500.0,196.82536,-1.0,0.088207096,1.0,0.55553085,0.051286485,-0.0025952065,0.00119479,-0.0031926013,1.9968244,0.797699,0.20230106,0.11409396,0.5151070952415466
401408,2155.751088157527,9.0,370.66666,500.0,198.13358,-1.0,0.09310987,1.0,0.55990237,0.057283334,-0.0035689315,0.0016712588,-0.004404561,1.9828013,0.792365,0.20763502,0.11452514,0.5155022740364075
409600,2152.421032796606,9.0,371.26807,500.0,197.96524,-1.0,0.09149131,1.0,0.5584343,0.05561172,-0.0035165257,0.0007481181,-0.003890585,1.9781866,0.7941446,0.20585544,0.11436413,0.5157786011695862
417792,2149.410056763374,9.0,370.97406,500.0,198.27701,-1.0,0.09481216,1.0,0.5578757,0.05772677,-0.005773147,0.0007734967,-0.006159895,1.9751008,0.7924866,0.20751342,0.11270125,0.5157285928726196
425984,2154.4865371782807,9.0,368.4363,500.0,199.74788,-1.0,0.096858636,1.0,0.56222624,0.06008862,-0.0050146924,0.0016253537,-0.005827369,1.968244,0.7888307,0.21116929,0.114310645,0.5163714289665222
434176,2158.374536112406,9.0,368.74573,500.0,199.65344,-1.0,0.10017123,1.0,0.5607602,0.06204758,-0.0052845473,0.00082775234,-0.005698424,1.9651549,0.7876712,0.21232876,0.11215753,0.5161214470863342
442368,2154.2246207554604,9.0,368.84622,500.0,199.76851,-1.0,0.10168067,1.0,0.55963415,0.06327258,-0.005916822,0.0010681152,-0.0064508794,1.9649707,0.78739494,0.21260504,0.11092437,0.5160987377166748
450560,2155.802620838488,9.0,367.65652,500.0,200.28978,-1.0,0.10435497,1.0,0.5615354,0.065428324,-0.004648801,0.0016442281,-0.0054709148,1.9669974,0.7847165,0.21528348,0.11092851,0.5164042711257935
458752,2150.2327205332017,9.0,367.60663,500.0,200.53078,-1.0,0.10258482,1.0,0.56124985,0.0647634,-0.0059124846,0.0006788332,-0.0062519014,1.9584632,0.78594506,0.21405493,0.11147011,0.516868531703949
466944,2153.1278033956264,9.0,365.70538,500.0,201.74794,-1.0,0.109004736,1.0,0.5627717,0.07017902,-0.0040404685,0.0010652278,-0.0045730826,1.9563159,0.78120065,0.21879937,0.10979463,0.5167971253395081
475136,2150.9924544413075,9.0,367.36194,500.0,201.02695,-1.0,0.108424336,1.0,0.55992603,0.06930981,-0.0047168843,0.00042816013,-0.004930964,1.9513296,0.7831513,0.21684867,0.108424336,0.5165471434593201
483328,2157.5398061904157,9.0,367.73117,500.0,200.89122,-1.0,0.10906298,1.0,0.5587683,0.06961751,-0.0033785484,0.00087952474,-0.0038183108,1.9456402,0.78341013,0.21658987,0.10752688,0.5165471434593201
491520,2151.498882790007,9.0,366.8229,500.0,201.42982,-1.0,0.114544086,1.0,0.5589508,0.07333443,-0.004955586,0.0008336499,-0.005372411,1.9476521,0.7799548,0.22004521,0.10550113,0.5162971615791321
499712,2154.1302167838867,9.0,366.2169,500.0,201.76723,-1.0,0.1176906,1.0,0.559083,0.0749796,-0.0036098992,0.0007955376,-0.0040076682,1.9426528,0.77794224,0.22205773,0.10436714,0.5162554979324341
507904,2142.4686644736335,9.0,366.7981,500.0,201.5078,-1.0,0.113702625,1.0,0.558699,0.07281467,-0.0056730467,0.001245011,-0.006295552,1.9381067,0.78061223,0.21938775,0.10568513,0.5169578790664673
516096,2152.960645321658,9.0,366.35245,500.0,201.96527,-1.0,0.11604585,1.0,0.55834424,0.075315945,-0.004667226,0.00068453077,-0.005009492,1.937397,0.77936965,0.22063038,0.10458453,0.5169162154197693
524288,2138.230189575837,9.0,365.50916,500.0,202.41031,-1.0,0.12025317,1.0,0.5590558,0.078852564,-0.004149005,0.0010279359,-0.004662973,1.9288683,0.7763713,0.22362868,0.103375524,0.5168585181236267
532480,2153.498368944462,9.0,365.12387,500.0,202.69026,-1.0,0.12249135,1.0,0.55886626,0.080395944,-0.005233972,0.00086252915,-0.005665235,1.9239019,0.7750865,0.2249135,0.10242215,0.5168259143829346
540672,2150.8860809192543,9.0,365.54025,500.0,202.54645,-1.0,0.12414734,1.0,0.5573551,0.08136287,-0.004422306,0.0006940003,-0.0047693057,1.9238658,0.7748977,0.22510232,0.10095498,0.5165759325027466
548864,2158.4853127336714,9.0,364.77963,500.0,203.15958,-1.0,0.12458138,1.0,0.55797684,0.08211934,-0.004897612,0.0008623558,-0.0053287903,1.9201882,0.77427995,0.22572003,0.101138644,0.5168814659118652
557056,2153.8980911340277,9.0,364.7563,500.0,203.35104,-1.0,0.12417437,1.0,0.55755603,0.08200873,-0.00494238,0.0007159294,-0.005300345,1.9226408,0.7747688,0.22523117,0.10105681,0.5171076655387878
565248,2155.4313971335428,9.0,365.54077,500.0,203.05359,-1.0,0.124592304,1.0,0.5555877,0.082272135,-0.0035560755,0.00048344844,-0.0037977993,1.9153309,0.7756034,0.2243966,0.099804305,0.5168576836585999
573440,2149.725812021939,9.0,363.63562,500.0,203.87361,-1.0,0.12890874,1.0,0.55917275,0.084158115,-0.0053932117,0.001844538,-0.006315481,1.9059588,0.77089983,0.2291002,0.10019145,0.5171959400177002
581632,2154.1130655914244,9.0,362.33167,500.0,204.41563,-1.0,0.13379396,1.0,0.560701,0.08665563,-0.002573287,0.0012626394,-0.0032046065,1.8913369,0.7669598,0.2330402,0.09924623,0.5171459317207336
589824,2153.0263451974174,9.0,361.73608,500.0,204.8057,-1.0,0.13720642,1.0,0.5611771,0.08881959,-0.002777145,0.0010791079,-0.003316699,1.8850703,0.7645241,0.2354759,0.09826947,0.5170882344245911
598016,2159.734607578074,8.0,361.50763,500.0,204.94455,-1.0,0.1377209,1.0,0.56122696,0.08956372,-0.0040083895,0.00067402254,-0.004345401,1.8817651,0.7641682,0.23583181,0.09811091,0.5172730088233948
606208,2156.9656690812812,8.0,361.19458,500.0,205.07657,-1.0,0.13753754,1.0,0.5617989,0.08987537,-0.0033606323,0.0009687131,-0.0038449895,1.8742331,0.76396394,0.23603603,0.0984985,0.5176479816436768
614400,2148.567062941488,8.0,360.85324,500.0,205.29657,-1.0,0.13964497,1.0,0.5616142,0.09152719,-0.0045067132,0.0010823223,-0.0050478745,1.869135,0.7627219,0.2372781,0.09763314,0.5175979733467102
622592,2154.687846815829,8.0,360.47256,500.0,205.42511,-1.0,0.14002334,1.0,0.56253844,0.091707274,-0.006159572,0.0014803063,-0.006899725,1.8648806,0.7619603,0.23803967,0.09801634,0.5179729461669922
630784,2148.4184785904968,8.0,359.8209,500.0,205.61505,-1.0,0.141217,1.0,0.56356084,0.09323354,-0.0016813288,0.0020741848,-0.0027184212,1.8567785,0.76062,0.23938002,0.09816303,0.5182586312294006
638976,2149.630053608528,8.0,359.4103,500.0,205.94261,-1.0,0.14204867,1.0,0.56363374,0.09394865,-0.0028325839,0.0011162626,-0.0033907152,1.8455203,0.7600453,0.23995472,0.09790605,0.5184086561203003
647168,2158.058946108034,8.0,359.5953,500.0,205.94385,-1.0,0.14141978,1.0,0.563081,0.09410131,-0.005072796,0.0009693381,-0.005557465,1.8362463,0.7607602,0.2392398,0.097820014,0.5186132192611694
655360,2154.5713798755232,8.0,359.33057,500.0,205.9933,-1.0,0.14214876,1.0,0.5639909,0.09432059,-0.0043532494,0.0012797434,-0.004993121,1.8341192,0.75977963,0.24022038,0.09807163,0.5189401507377625
663552,2154.047839535003,8.0,358.94342,500.0,206.16008,-1.0,0.14309032,1.0,0.56434083,0.09462518,-0.0043170005,0.0011587495,-0.0048963754,1.8357157,0.7589772,0.24102286,0.09793253,0.5191249251365662
671744,2148.496126799754,8.0,359.12534,500.0,206.12503,-1.0,0.14039807,1.0,0.5644841,0.09294962,-0.0032394137,0.0015060448,-0.003992436,1.8275889,0.760624,0.23937601,0.098977946,0.5198273062705994
679936,2149.030412639497,8.0,358.80362,500.0,206.35231,-1.0,0.14118896,1.0,0.5645413,0.09347512,-0.0038152933,0.0014464873,-0.0045385365,1.8212534,0.7600849,0.23991507,0.098726116,0.519977331161499
688128,2155.7129474448116,8.0,358.15176,500.0,206.66707,-1.0,0.14338043,1.0,0.5653124,0.09517081,-0.003291866,0.0013122071,-0.003947969,1.8115193,0.7582418,0.24175824,0.09837782,0.5200976729393005
696320,2146.3172587147174,8.0,357.895,500.0,206.82906,-1.0,0.1438179,1.0,0.56543785,0.09599411,-0.0022521906,0.001036427,-0.0027704039,1.8012435,0.7578893,0.24211071,0.09829281,0.5203022360801697
704512,2153.1647732542315,8.0,357.00766,500.0,207.29153,-1.0,0.14497192,1.0,0.56656367,0.09683658,-0.004152608,0.0015016051,-0.0049034106,1.7979099,0.7565084,0.24349158,0.09851965,0.5206291675567627
712704,2155.4318027727245,8.0,356.46246,500.0,207.71306,-1.0,0.14609572,1.0,0.56676745,0.09809366,-0.0050160107,0.001112233,-0.005572128,1.794575,0.7556675,0.24433249,0.09823678,0.5207637548446655
720896,2159.141256482736,8.0,356.75684,500.0,207.58304,-1.0,0.14748381,1.0,0.5657316,0.09879671,-0.0048893127,0.0005846479,-0.0051816367,1.7879319,0.75535625,0.24464375,0.09715994,0.5205137729644775
729088,2155.715652415433,8.0,355.4855,500.0,208.22444,-1.0,0.14874816,1.0,0.5674571,0.09992119,-0.0053007314,0.001355114,-0.0059782886,1.7850204,0.7535592,0.24644084,0.09769268,0.5209304690361023
737280,2136.241543362956,8.0,353.74747,500.0,208.81758,-1.0,0.15403187,1.0,0.5695746,0.102817155,-0.004750354,0.0017700547,-0.0056353817,1.7790797,0.7489136,0.25108644,0.09705456,0.5209745764732361
745472,2149.705234002765,8.0,353.39294,500.0,208.96231,-1.0,0.15450644,1.0,0.57026124,0.10332402,-0.0056694895,0.001156732,-0.006247855,1.7668834,0.74821174,0.25178826,0.09728183,0.5213015079498291
753664,2149.0710055714903,8.0,353.5543,500.0,208.94682,-1.0,0.15391879,1.0,0.5698692,0.10340785,-0.004439691,0.0011147726,-0.0049970774,1.7689241,0.74881965,0.25118035,0.09726157,0.5215277075767517
761856,2155.7022628772193,8.0,352.30292,500.0,209.36086,-1.0,0.15681712,1.0,0.571607,0.10587443,-0.0052592624,0.0019509101,-0.006234717,1.7729867,0.74592835,0.25407165,0.09725454,0.5217615962028503
770048,2158.0876815844254,8.0,350.91934,500.0,209.87115,-1.0,0.15902841,1.0,0.5735609,0.10734464,-0.0031500636,0.001968172,-0.0041341493,1.7684398,0.74335474,0.2566453,0.097616866,0.5221176743507385
778240,2153.381220818517,8.0,349.6064,500.0,210.54314,-1.0,0.16222322,1.0,0.5746418,0.10993689,-0.0065037454,0.0010903557,-0.007048924,1.7651663,0.7406236,0.2593764,0.09715319,0.522190272808075
786432,2143.6566849032765,8.0,348.48932,500.0,211.04184,-1.0,0.16087344,1.0,0.5769351,0.109540455,-0.002769364,0.0019139051,-0.0037263164,1.7585429,0.74019605,0.25980392,0.09893048,0.5230693221092224
794624,2148.167033637576,8.0,346.4816,500.0,211.85378,-1.0,0.16476774,1.0,0.5793887,0.11212681,-0.0063366196,0.002202442,-0.0074378415,1.7541046,0.73619634,0.2638037,0.09903593,0.5233456492424011
802816,2144.9175222992594,8.0,345.70297,500.0,212.13206,-1.0,0.16731517,1.0,0.58005804,0.1136217,-0.0050900737,0.0015649537,-0.005872551,1.7376511,0.73411155,0.26588845,0.09857328,0.5234182476997375
811008,2146.0409719566023,8.0,345.31863,500.0,212.24084,-1.0,0.16830835,1.0,0.58050215,0.113648534,-0.004336036,0.0010755956,-0.0048738336,1.7261248,0.7331906,0.26680943,0.09850107,0.5236228108406067
819200,2146.1031671377386,8.0,344.13007,500.0,212.78511,-1.0,0.16976352,1.0,0.58187544,0.11490915,-0.0043537463,0.0016691118,-0.005188302,1.7244254,0.7314189,0.2685811,0.098817565,0.5239788889884949
827392,2150.962291766359,8.0,344.01337,500.0,212.81084,-1.0,0.17042607,1.0,0.5818424,0.114843436,-0.0037007078,0.0010670206,-0.004234218,1.726819,0.73099416,0.26900584,0.09857978,0.5241134762763977
835584,2154.5739468765555,8.0,343.43146,500.0,212.91383,-1.0,0.17258464,1.0,0.5825212,0.11566722,-0.005154485,0.0012991141,-0.0058040414,1.7336773,0.72914946,0.27085054,0.098265894,0.5242206454277039
843776,2155.741079471097,8.0,342.90164,500.0,213.1237,-1.0,0.17428571,1.0,0.58294815,0.11674355,-0.00515021,0.0016629602,-0.0059816903,1.7376679,0.7277551,0.2722449,0.09795918,0.52432781457901
851968,2156.434468369585,8.0,341.3815,500.0,213.67793,-1.0,0.17464788,1.0,0.58560973,0.117142394,-0.005153185,0.0022363644,-0.0062713674,1.7311851,0.7259557,0.27404428,0.09939638,0.5250778198242188
860160,2171.3136799301283,8.0,340.88818,500.0,213.90253,-1.0,0.17628333,1.0,0.5859838,0.11841974,-0.0062436606,0.001120653,-0.006803986,1.7224041,0.7246319,0.2753681,0.09908476,0.5251849889755249
868352,2153.7578137311257,8.0,340.09988,500.0,214.1445,-1.0,0.17734958,1.0,0.58726,0.11961705,-0.004678983,0.0012935959,-0.0053257807,1.7224073,0.72316164,0.2768384,0.099488795,0.5256016850471497
876544,2148.7097555042346,8.0,339.34784,500.0,214.34496,-1.0,0.17761368,1.0,0.5887369,0.12035245,-0.0058177244,0.0016232883,-0.0066293688,1.7141614,0.72211426,0.27788574,0.10027206,0.5261850357055664
884736,2143.2709150620135,8.0,338.90118,500.0,214.6063,-1.0,0.17800845,1.0,0.58907855,0.12083707,-0.0044156336,0.00126154,-0.0050464035,1.7076671,0.72164553,0.27835447,0.10034602,0.5264707207679749
892928,2149.567384883722,8.0,338.52835,500.0,214.77765,-1.0,0.17915557,1.0,0.58918154,0.12205376,-0.0054738577,0.001200781,-0.006074248,1.6951267,0.7208064,0.2791936,0.10003804,0.526577889919281
901120,2154.0474344165614,7.0,337.18796,500.0,215.09781,-1.0,0.18270677,1.0,0.5910373,0.123794176,-0.0050313766,0.002404288,-0.006233521,1.6850113,0.71729326,0.28270677,0.1,0.5268117785453796
909312,2145.271872699247,7.0,336.38715,500.0,215.38626,-1.0,0.18222387,1.0,0.59272593,0.12320636,-0.0055260076,0.001907707,-0.006479861,1.6845025,0.7166233,0.28337672,0.101152845,0.5275962352752686
917504,2141.4130097938605,7.0,335.36728,500.0,215.66884,-1.0,0.18455882,1.0,0.59388787,0.12475845,-0.0053937584,0.0014063907,-0.0060969535,1.6874483,0.71433824,0.28566176,0.10110294,0.5278301239013672
925696,2151.3463904440423,7.0,335.44788,500.0,215.71071,-1.0,0.18586005,1.0,0.59308803,0.12581967,-0.0054102526,0.0010734191,-0.005946962,1.6802757,0.7139213,0.28607872,0.10021866,0.5275801420211792
933888,2153.451265228059,7.0,335.0382,500.0,215.77327,-1.0,0.18529199,1.0,0.59399784,0.12575237,-0.0038266426,0.0018692686,-0.0047612768,1.6818056,0.71377075,0.28622928,0.10093728,0.528163492679596
942080,2160.930442855124,7.0,335.01038,500.0,215.82285,-1.0,0.18691923,1.0,0.5933999,0.12693797,-0.0056088404,0.001298948,-0.0062583145,1.6816406,0.7130093,0.2869907,0.10007148,0.527913510799408
950272,2149.5302695078553,7.0,334.0572,500.0,216.2476,-1.0,0.18884575,1.0,0.5941138,0.12900482,-0.003511346,0.0022320794,-0.004627385,1.668073,0.71126014,0.28873986,0.09989411,0.528092086315155
958464,2158.4179233976924,7.0,333.75095,500.0,216.29007,-1.0,0.18896262,1.0,0.5947644,0.12843244,-0.0035725976,0.0015089075,-0.0043270513,1.6639858,0.7107929,0.28920713,0.1002445,0.5285087823867798
966656,2156.4080776046717,7.0,333.30475,500.0,216.4513,-1.0,0.18989968,1.0,0.5953658,0.12879407,-0.0057384623,0.0014935769,-0.0064852517,1.6654748,0.709789,0.290211,0.10031131,0.5287944674491882
974848,2156.5569570423263,7.0,332.5744,500.0,216.72357,-1.0,0.19089976,1.0,0.59633905,0.12967099,-0.0032604374,0.0019189012,-0.004219888,1.6693101,0.7085186,0.29148135,0.100581594,0.5291694402694702
983040,2150.244292891536,7.0,332.75357,500.0,216.74959,-1.0,0.1904277,1.0,0.59591556,0.12978289,-0.0047707027,0.0007177851,-0.005129595,1.6670616,0.7090971,0.2909029,0.10047522,0.5293542146682739
991232,2152.1326580662967,7.0,332.6815,500.0,216.84851,-1.0,0.1919192,1.0,0.5953258,0.13110875,-0.0047978563,0.0005788724,-0.0050872928,1.6601617,0.70841753,0.2915825,0.0996633,0.5291042327880859
999424,2151.672012050958,7.0,332.4658,500.0,216.99426,-1.0,0.19252586,1.0,0.5952522,0.1320729,-0.0037148932,0.0009204663,-0.004175126,1.6491383,0.70804137,0.29195863,0.09943277,0.5292245745658875
1007616,2150.549390565588,7.0,332.59125,500.0,217.02338,-1.0,0.19277906,1.0,0.59472185,0.13250531,-0.004558487,0.0007928223,-0.004954898,1.6382376,0.7081815,0.29181847,0.09903942,0.529201865196228
1015808,2155.519694862409,7.0,332.5979,500.0,217.07199,-1.0,0.19349541,1.0,0.5942761,0.13307194,-0.005259704,0.0010633947,-0.0057914015,1.6338841,0.70795006,0.29204994,0.09855454,0.5291518568992615
1024000,2146.330934142682,7.0,332.17078,500.0,217.22931,-1.0,0.19290826,1.0,0.5950909,0.13329186,-0.006852667,0.0012265122,-0.0074659227,1.6231531,0.70787245,0.29212752,0.099219255,0.5297352075576782
1032192,2135.2758754557926,7.0,331.9584,500.0,217.37608,-1.0,0.19284102,1.0,0.59523016,0.13343228,-0.0052872435,0.0012198192,-0.005897153,1.6190149,0.7078362,0.29216382,0.099322796,0.5300407409667969
1040384,2156.9101542152284,7.0,332.16357,500.0,217.35368,-1.0,0.19302177,1.0,0.5946324,0.13345161,-0.0052841874,0.0008457611,-0.005707068,1.6250272,0.7080666,0.29193342,0.09891165,0.5300081372261047
1048576,2148.135875755276,7.0,332.06314,500.0,217.38637,-1.0,0.19358933,1.0,0.5945672,0.1344025,-0.004749059,0.0012667588,-0.005382439,1.6259813,0.7077118,0.29228815,0.098698825,0.5301284790039062
1056768,2138.0459124587983,7.0,331.55634,500.0,217.51991,-1.0,0.19320327,1.0,0.59560305,0.13405064,-0.0051373024,0.0015528298,-0.005913717,1.6195053,0.7073631,0.29263687,0.09943361,0.5308043956756592
1064960,2153.6056759349094,7.0,331.1804,500.0,217.65424,-1.0,0.19382022,1.0,0.5961375,0.13462362,-0.004345573,0.0014936585,-0.005092403,1.6134412,0.7066167,0.29338327,0.09956305,0.5311313271522522
1073152,2147.9595552889687,7.0,331.026,500.0,217.75487,-1.0,0.19498608,1.0,0.59585875,0.1356551,-0.005608569,0.001082822,-0.0061499793,1.6010565,0.7059734,0.2940266,0.099040546,0.5310665369033813
1081344,2152.0036626930287,7.0,330.51642,500.0,217.93907,-1.0,0.19576557,1.0,0.5963738,0.13632943,-0.003236284,0.0016105513,-0.00404156,1.5891546,0.70512426,0.29487574,0.09911016,0.5313522219657898
1089536,2157.2588620473307,7.0,330.00275,500.0,218.11803,-1.0,0.19744448,1.0,0.59683233,0.1373601,-0.005221647,0.0015284673,-0.005985881,1.5849764,0.7036812,0.29631883,0.09887435,0.531459391117096
1097728,2157.2606228001077,7.0,329.91006,500.0,218.1863,-1.0,0.1973446,1.0,0.59694874,0.13722949,-0.0056549767,0.0020022704,-0.0066561126,1.5800409,0.70368135,0.29631865,0.09897405,0.5317649245262146
1105920,2156.509448733995,7.0,329.07104,500.0,218.42603,-1.0,0.19701493,1.0,0.5984981,0.13766953,-0.0027468721,0.002638749,-0.0040662466,1.5705681,0.70298505,0.29701492,0.1,0.532487154006958
1114112,2153.653866327027,7.0,328.0207,500.0,218.75125,-1.0,0.2,1.0,0.599261,0.14000458,-0.0056962855,0.0016733429,-0.0065329573,1.5585258,0.70044315,0.29955688,0.09955687,0.5325228571891785
1122304,2151.0316402511166,7.0,327.69373,500.0,218.9454,-1.0,0.20134819,1.0,0.5991088,0.14129499,-0.0038359354,0.001082029,-0.0043769497,1.5456274,0.69958967,0.30041033,0.09906214,0.5324580669403076
1130496,2145.987224283667,7.0,327.29538,500.0,219.17178,-1.0,0.20127796,1.0,0.5995241,0.14147924,-0.004814989,0.0013399229,-0.00548495,1.5466179,0.69939005,0.30060995,0.099331975,0.5328532457351685
1138688,2154.120088093901,7.0,327.45813,500.0,219.10498,-1.0,0.20178984,1.0,0.59925586,0.14167722,-0.005704512,0.00074886245,-0.0060789436,1.5484853,0.6991917,0.3008083,0.09901848,0.5328413248062134
1146880,2148.045899014067,7.0,326.7647,500.0,219.3423,-1.0,0.20182961,1.0,0.6005307,0.14182904,-0.005232439,0.0022777235,-0.0063713007,1.5449755,0.69839907,0.3016009,0.0997713,0.5334736704826355
1155072,2152.8335739834474,7.0,326.3979,500.0,219.41597,-1.0,0.20192853,1.0,0.60114914,0.14132732,-0.0045865513,0.0017216438,-0.005447373,1.5439458,0.69795805,0.30204198,0.100113444,0.533937931060791
1163264,2148.823708185017,7.0,326.07794,500.0,219.44762,-1.0,0.20287001,1.0,0.60170704,0.14156026,-0.0048172204,0.001885702,-0.0057600713,1.5362301,0.69696116,0.30303884,0.100168824,0.5342236161231995
1171456,2158.0563707960996,7.0,325.48593,500.0,219.66893,-1.0,0.20462783,1.0,0.60196763,0.14303558,-0.0039043329,0.0018755462,-0.004842106,1.5219364,0.6955673,0.30443266,0.09980485,0.5342766642570496
1179648,2153.2171269046653,7.0,324.95798,500.0,219.85823,-1.0,0.20619127,1.0,0.6022303,0.14419839,-0.00531247,0.0015302338,-0.0060775867,1.5107933,0.69430625,0.30569375,0.09950249,0.534349262714386
1187840,2155.027996949571,7.0,325.1409,500.0,219.87741,-1.0,0.20681131,1.0,0.60148835,0.14489092,-0.0036610847,0.0004863008,-0.003904235,1.5023452,0.6943148,0.30568525,0.098873936,0.534099280834198
1196032,2147.621498454932,7.0,324.1305,500.0,220.19914,-1.0,0.20853725,1.0,0.60248077,0.1464711,-0.0048675346,0.0017630069,-0.0057490375,1.4974835,0.69249594,0.3075041,0.09896683,0.5343897938728333
1204224,2150.861172184446,7.0,323.81,500.0,220.33992,-1.0,0.20890689,1.0,0.6028063,0.1473044,-0.0075908117,0.0012555548,-0.008218588,1.487504,0.69203776,0.3079622,0.09905533,0.5346953272819519
1212416,2152.2181243326336,7.0,323.4482,500.0,220.5019,-1.0,0.20952636,1.0,0.6030297,0.14827937,-0.0037559269,0.0013933165,-0.0044525852,1.474294,0.69146377,0.30853626,0.0990099,0.5349140763282776
1220608,2156.1336519365095,7.0,323.4438,500.0,220.54771,-1.0,0.21020463,1.0,0.6026622,0.14888643,-0.0048702173,0.000940752,-0.0053405934,1.4721106,0.69120383,0.30879617,0.09859155,0.534856379032135
1228800,2152.0640473167077,7.0,323.4946,500.0,220.5418,-1.0,0.2086084,1.0,0.6030464,0.14795302,-0.005098962,0.0011698119,-0.005683868,1.4656075,0.6921046,0.30789542,0.09928703,0.5356480479240417
1236992,2156.6337056546663,7.0,323.67682,500.0,220.46907,-1.0,0.20897873,1.0,0.6027096,0.14796865,-0.0050241016,0.00089179416,-0.0054699983,1.4600624,0.69204515,0.30795485,0.09897611,0.5356253385543823
1245184,2154.9147367876412,7.0,322.77905,500.0,220.74739,-1.0,0.21107356,1.0,0.6033888,0.14971583,-0.0048024817,0.0015179232,-0.005561443,1.45863,0.6901482,0.30985183,0.09877827,0.535770058631897
1253376,2161.3485639534765,7.0,322.48825,500.0,220.87402,-1.0,0.2108387,1.0,0.60380405,0.14967164,-0.005118152,0.0013910104,-0.005813657,1.4601017,0.6900645,0.30993548,0.099096775,0.5362343192100525
1261568,2152.236458674647,7.0,322.597,500.0,220.8809,-1.0,0.211647,1.0,0.60322195,0.15033999,-0.0047426648,0.00078429724,-0.0051348135,1.4619793,0.689841,0.31015906,0.09851206,0.5359843373298645
1269760,2152.0800875519944,7.0,322.62802,500.0,220.85196,-1.0,0.21146497,1.0,0.6032786,0.15020445,-0.0039689904,0.0015961793,-0.00476708,1.4612625,0.6899363,0.3100637,0.098598726,0.5362898707389832
1277952,2159.985509127737,7.0,322.46506,500.0,220.94409,-1.0,0.21175279,1.0,0.6033037,0.15055971,-0.0042155986,0.00088134495,-0.004656271,1.4631687,0.68971634,0.3102837,0.0985309,0.5364746451377869
1286144,2157.826921620422,7.0,322.64737,500.0,220.95624,-1.0,0.21202213,1.0,0.6026988,0.15083961,-0.005559278,0.0010557257,-0.0060871416,1.4650741,0.6898893,0.31011066,0.09808853,0.536403238773346
1294336,2149.772080379564,7.0,321.75473,500.0,221.28215,-1.0,0.21435693,1.0,0.6031765,0.15293999,-0.004800326,0.0011804054,-0.0053905295,1.459254,0.6879362,0.3120638,0.09770688,0.5364310145378113
1302528,2148.8095978224565,7.0,321.56168,500.0,221.32767,-1.0,0.2149579,1.0,0.6032389,0.15352836,-0.005799307,0.00095717434,-0.0062778946,1.452357,0.68746907,0.31253096,0.09757306,0.5365656018257141
1310720,2148.9727518062045,7.0,320.88092,500.0,221.57532,-1.0,0.21507488,1.0,0.6043452,0.15412411,-0.0042743846,0.0017095451,-0.005129157,1.4453568,0.6867174,0.31328258,0.09820771,0.5371727347373962
1318912,2153.840573838649,7.0,320.7842,500.0,221.61278,-1.0,0.21555719,1.0,0.60426986,0.15439221,-0.0043110847,0.0013553776,-0.0049887737,1.4385364,0.68641794,0.31358206,0.098024875,0.5372799038887024
1327104,2141.64659021836,7.0,319.98865,500.0,221.83704,-1.0,0.21542554,1.0,0.6056344,0.1543982,-0.0052620033,0.0015871315,-0.0060555693,1.4326063,0.68568665,0.31431335,0.098887816,0.5380299091339111
1335296,2155.862948314361,7.0,319.04767,500.0,222.09132,-1.0,0.21743295,1.0,0.6065911,0.15649031,-0.006034882,0.0022264435,-0.007148104,1.4312676,0.68366855,0.31633142,0.09889847,0.5382798910140991
1343488,2147.7200314359598,7.0,318.85483,500.0,222.16255,-1.0,0.21751547,1.0,0.6067977,0.1567131,-0.0051555447,0.0012398055,-0.005775447,1.4277318,0.6834841,0.31651595,0.09900048,0.5386068224906921
1351680,2158.5212463934326,7.0,318.1924,500.0,222.33609,-1.0,0.21860245,1.0,0.60754895,0.15814105,-0.004874195,0.0015308955,-0.005639643,1.4297793,0.6822474,0.3177526,0.09915014,0.5389450788497925
1359872,2151.563415654221,7.0,318.32455,500.0,222.31883,-1.0,0.21817754,1.0,0.6076684,0.15799473,-0.0047647874,0.0009822674,-0.005255921,1.4265904,0.68248004,0.31751996,0.09934241,0.5393769145011902
1368064,2155.0061008586913,7.0,317.61118,500.0,222.53442,-1.0,0.2193248,1.0,0.60832334,0.15879841,-0.0061910134,0.0020517127,-0.00721687,1.4209894,0.68125725,0.31874272,0.099417925,0.5396674275398254
1376256,2153.3620572460245,7.0,317.4345,500.0,222.63092,-1.0,0.22073114,1.0,0.6079495,0.15999569,-0.0050141383,0.001235104,-0.00563169,1.4130099,0.680472,0.31952798,0.09879685,0.5394174456596375
1384448,2139.5414028698715,7.0,317.6672,500.0,222.59299,-1.0,0.22117376,1.0,0.6072921,0.1602708,-0.004925811,0.001000501,-0.0054260623,1.4046494,0.68055236,0.31944764,0.09827388,0.5391674637794495
1392640,2147.2380576471564,7.0,317.22812,500.0,222.6708,-1.0,0.22217143,1.0,0.60776865,0.16064511,-0.0062968647,0.0015825081,-0.0070881187,1.3943416,0.67954284,0.32045713,0.09828571,0.5394174456596375
1400832,2154.417371006413,7.0,317.0327,500.0,222.72368,-1.0,0.22257552,1.0,0.6080458,0.1606119,-0.0050376127,0.0011997675,-0.0056374967,1.3877475,0.67908245,0.32091755,0.09834204,0.5397031307220459
1409024,2152.4412583282447,7.0,317.00452,500.0,222.66252,-1.0,0.22320019,1.0,0.60805076,0.1605974,-0.0048670694,0.0011915497,-0.0054628444,1.3871086,0.67862785,0.32137215,0.09817197,0.539810299873352
1417216,2157.6635044138243,7.0,317.39655,500.0,222.6089,-1.0,0.22219726,1.0,0.60760677,0.159902,-0.0049060723,0.00077510485,-0.005293625,1.3793116,0.67962253,0.32037744,0.09818018,0.54006028175354
1425408,2153.427646661698,7.0,317.2811,500.0,222.68007,-1.0,0.22304086,1.0,0.60734916,0.16058584,-0.005103289,0.001292633,-0.005749606,1.378459,0.6791695,0.32083055,0.09778968,0.5399888753890991
1433600,2156.521900851707,7.0,316.83304,500.0,222.7855,-1.0,0.22394678,1.0,0.60775,0.16140667,-0.005925518,0.0014505248,-0.00665078,1.3757739,0.6782705,0.32172948,0.09778271,0.5402227640151978
1441792,2149.9197758460055,7.0,316.41562,500.0,222.8881,-1.0,0.2259626,1.0,0.6077853,0.16269669,-0.004093302,0.0014731151,-0.0048298594,1.3716424,0.6767877,0.32321233,0.097249724,0.5401155948638916
1449984,2149.807186479737,7.0,316.27975,500.0,222.94936,-1.0,0.2268154,1.0,0.6075841,0.16354987,-0.0049262275,0.001081904,-0.00546718,1.3663073,0.67629045,0.32370955,0.09689414,0.5400508046150208
1458176,2149.7516359759547,7.0,316.15466,500.0,222.99,-1.0,0.22589053,1.0,0.60820377,0.16302295,-0.0064625354,0.0019290949,-0.0074270833,1.3591847,0.67658556,0.32341442,0.09752389,0.5407382845878601
1466368,2153.8447592658968,7.0,315.83746,500.0,223.06674,-1.0,0.22685085,1.0,0.6083419,0.16365318,-0.0075024855,0.0012114508,-0.008108211,1.3478572,0.675804,0.32419598,0.097345136,0.5408331155776978
1474560,2154.3759004510243,7.0,315.48413,500.0,223.17706,-1.0,0.22737023,1.0,0.60863715,0.1640703,-0.004636633,0.0015422751,-0.005407771,1.335174,0.67524666,0.3247533,0.0973831,0.5411003828048706
1482752,2151.3420800205167,7.0,315.34384,500.0,223.22987,-1.0,0.22788318,1.0,0.6085781,0.16431823,-0.004898641,0.0016516108,-0.0057244464,1.3388184,0.6749094,0.3250906,0.09720742,0.5411952137947083
1490944,2151.3032869860435,7.0,315.65472,500.0,223.20265,-1.0,0.22665535,1.0,0.6083621,0.16341703,-0.005460509,0.0012390201,-0.0060800193,1.3485059,0.6759338,0.32406622,0.097410865,0.5416594743728638
1499136,2153.4831173723046,7.0,315.72107,500.0,223.19757,-1.0,0.2274071,1.0,0.6078878,0.16388397,-0.004851505,0.00067605986,-0.005189535,1.3537582,0.6756757,0.3243243,0.09691723,0.5414094924926758
1507328,2153.0672241457173,7.0,315.7707,500.0,223.20279,-1.0,0.22700547,1.0,0.6078734,0.16368738,-0.00405594,0.001412118,-0.004761999,1.348713,0.67597646,0.32402351,0.09701806,0.5417364239692688
1515520,2153.7683440278734,7.0,315.7321,500.0,223.2478,-1.0,0.22760493,1.0,0.60758597,0.16417634,-0.0046023163,0.0012267168,-0.0052156746,1.345779,0.6757152,0.32428482,0.09667989,0.541671633720398
1523712,2152.8790319639807,7.0,315.16046,500.0,223.3463,-1.0,0.22906302,1.0,0.60810673,0.16542596,-0.0044096783,0.0021890872,-0.0055042217,1.3423254,0.6743367,0.32566336,0.09660033,0.541850209236145
1531904,2149.157169823677,7.0,315.22437,500.0,223.38292,-1.0,0.22932564,1.0,0.6077437,0.16573408,-0.0056676017,0.00094620435,-0.0061407033,1.3408405,0.6743659,0.32563415,0.096308514,0.5418002009391785
1540096,2143.9109543889454,7.0,314.9748,500.0,223.4801,-1.0,0.2304223,1.0,0.6076263,0.16682403,-0.0044925883,0.001318469,-0.005151823,1.3418643,0.67363673,0.32636327,0.09594096,0.5417225956916809
1548288,2152.6717213905335,7.0,315.2923,500.0,223.43298,-1.0,0.23004694,1.0,0.6071186,0.16651128,-0.0035022236,0.00094308815,-0.003973768,1.3423586,0.67421925,0.32578078,0.09573382,0.5417106747627258
1556480,2154.5850255827568,7.0,315.04077,500.0,223.51523,-1.0,0.23083164,1.0,0.60714364,0.16720545,-0.0062490534,0.0014611545,-0.0069796303,1.343133,0.67363083,0.32636917,0.09553753,0.5417832732200623
1564672,2156.155029731132,7.0,315.12268,500.0,223.48535,-1.0,0.23083131,1.0,0.60698265,0.16722758,-0.0026918035,0.0013823479,-0.0033829776,1.3404161,0.6737288,0.32627118,0.09543987,0.5419178605079651
1572864,2151.6392702956673,7.0,315.03372,500.0,223.52547,-1.0,0.2310781,1.0,0.6069644,0.16761567,-0.0047969064,0.00097262394,-0.0052832183,1.3337741,0.67355955,0.32644048,0.09536238,0.5420678853988647
1581056,2154.414264036514,7.0,315.0036,500.0,223.55891,-1.0,0.2317828,1.0,0.6067268,0.16805975,-0.0055735195,0.0009140436,-0.006030541,1.326724,0.67318827,0.32681173,0.095028944,0.5419964790344238
1589248,2149.182442396812,7.0,315.05743,500.0,223.54346,-1.0,0.23211446,1.0,0.60648495,0.16825049,-0.0061118333,0.0009134537,-0.0065685604,1.3296785,0.6730922,0.32690778,0.09479332,0.5419638752937317
1597440,2155.644649186238,7.0,314.91223,500.0,223.62804,-1.0,0.23285234,1.0,0.60630214,0.1689439,-0.006103878,0.0007524714,-0.0064801136,1.3297852,0.67266256,0.3273374,0.094485074,0.5418990850448608
1605632,2146.4839231128103,7.0,314.69894,500.0,223.7252,-1.0,0.2338377,1.0,0.6061409,0.16986446,-0.0062036514,0.0011166411,-0.0067619723,1.3170527,0.6720377,0.32796228,0.094124585,0.5418157577514648
1613824,2157.0848325898573,7.0,314.8181,500.0,223.74368,-1.0,0.23430471,1.0,0.6056167,0.17036186,-0.004710328,0.00095951266,-0.0051900847,1.3039702,0.6720125,0.3279875,0.093682766,0.5415657758712769
1622016,2152.2344364892456,7.0,314.93713,500.0,223.71388,-1.0,0.2341378,1.0,0.60543346,0.1701342,-0.0034163184,0.001085538,-0.003959087,1.2992349,0.67224604,0.327754,0.093616195,0.5417158007621765
1630208,2159.4026056445177,7.0,315.15073,500.0,223.6617,-1.0,0.234599,1.0,0.6049167,0.17035443,-0.006549252,0.0008093443,-0.006953924,1.2917255,0.67222005,0.32777992,0.09318094,0.5414658188819885
1638400,2156.036510083218,7.0,315.32364,500.0,223.6643,-1.0,0.23490839,1.0,0.6043688,0.17072852,-0.006448061,0.0007379233,-0.0068170223,1.2849077,0.672324,0.327676,0.092767596,0.5412158370018005
1646592,2156.915570173924,7.0,315.18048,500.0,223.732,-1.0,0.23571154,1.0,0.60418415,0.17141406,-0.0047833757,0.00084800925,-0.0052073803,1.2853112,0.671845,0.32815498,0.09244342,0.541138231754303
1654784,2160.834091329015,7.0,314.91058,500.0,223.82933,-1.0,0.23660628,1.0,0.60430163,0.17213988,-0.005807481,0.0016427024,-0.006628832,1.2751678,0.67111534,0.32888466,0.09227836,0.5412108302116394
1662976,2155.119100277339,7.0,314.72406,500.0,223.84848,-1.0,0.23724635,1.0,0.6043971,0.17259103,-0.004335242,0.0014533368,-0.0050619096,1.2704928,0.670586,0.329414,0.092167646,0.5413179993629456
1671168,2152.868780144935,7.0,314.607,500.0,223.87906,-1.0,0.23849057,1.0,0.6041598,0.17339936,-0.0051882984,0.00082728965,-0.0056019435,1.258026,0.6698113,0.3301887,0.09169811,0.5410680174827576
1679360,2155.4304506427134,7.0,314.42813,500.0,223.94424,-1.0,0.23864916,1.0,0.60430574,0.17356429,-0.006891111,0.0013913398,-0.007586781,1.2549016,0.66960603,0.330394,0.09174484,0.5413179993629456
1687552,2149.812432317308,7.0,314.41397,500.0,223.99977,-1.0,0.23870847,1.0,0.60415566,0.17381568,-0.005756153,0.0009810409,-0.006246674,1.2560436,0.6696529,0.33034715,0.09163867,0.5414251685142517
1695744,2154.5561131010113,7.0,313.933,500.0,224.16016,-1.0,0.23951763,1.0,0.60452574,0.174692,-0.005414391,0.0017665545,-0.0062976684,1.2566268,0.66883117,0.33116883,0.09165121,0.5416439175605774
1703936,2151.809726967961,7.0,313.85654,500.0,224.22144,-1.0,0.23929098,1.0,0.60461646,0.17466165,-0.0045004357,0.001309459,-0.0051551643,1.2567887,0.6689439,0.33105612,0.09176514,0.5419708490371704
1712128,2156.5187878087977,7.0,313.74854,500.0,224.29004,-1.0,0.23971345,1.0,0.6046255,0.17505927,-0.0068779076,0.0009729635,-0.0073643895,1.2642989,0.668626,0.331374,0.091660544,0.5420780181884766
1720320,2151.869696408705,7.0,313.38474,500.0,224.41635,-1.0,0.24059188,1.0,0.60477644,0.17592038,-0.0070473636,0.0013762676,-0.0077354987,1.2692801,0.6678845,0.33211544,0.091523565,0.5421613454818726
1728512,2161.615751378575,7.0,313.3427,500.0,224.46265,-1.0,0.2411412,1.0,0.6045147,0.17647377,-0.0057901144,0.0013769199,-0.006478574,1.26819,0.66763586,0.33236417,0.09122297,0.542083740234375
1736704,2151.185569466856,7.0,313.14597,500.0,224.54434,-1.0,0.24173442,1.0,0.60449374,0.17711544,-0.0048927795,0.0011208524,-0.0054532057,1.2640468,0.6672087,0.33279133,0.09105691,0.5421462655067444
1744896,2151.194727804804,7.0,313.19196,500.0,224.54091,-1.0,0.24212988,1.0,0.6043098,0.17723274,-0.0059355423,0.0008000393,-0.0063355626,1.2647437,0.66702646,0.33297357,0.09084368,0.5421046018600464
1753088,2140.356661633634,7.0,312.36768,500.0,224.70686,-1.0,0.2444643,1.0,0.60479164,0.17884514,-0.005271634,0.0024182552,-0.0064807623,1.2636226,0.665,0.335,0.090535715,0.5420985221862793
1761280,2154.42534110061,7.0,312.40204,500.0,224.74017,-1.0,0.24466571,1.0,0.6045318,0.17909926,-0.0066849343,0.0008134539,-0.007091662,1.2608261,0.6650071,0.3349929,0.090327166,0.5420568585395813
1769472,2143.5126568336746,7.0,312.60138,500.0,224.70724,-1.0,0.24455462,1.0,0.60416913,0.17914319,-0.0053148177,0.0009924348,-0.0058110342,1.2631421,0.665309,0.334691,0.09013636,0.5420242547988892
1777664,2167.1513592671085,7.0,312.4979,500.0,224.7445,-1.0,0.24462838,1.0,0.6042603,0.1792306,-0.00611612,0.0010452768,-0.006638759,1.2563599,0.66519904,0.334801,0.0901726,0.5422581434249878
1785856,2163.5212904457517,7.0,312.4794,500.0,224.77762,-1.0,0.24504821,1.0,0.6040214,0.17954873,-0.00502582,0.0008522205,-0.00545193,1.2530274,0.66503066,0.3349693,0.089921124,0.5421933531761169
1794048,2152.733627133171,7.0,312.011,500.0,224.85864,-1.0,0.24642733,1.0,0.60432273,0.18025543,-0.0066910665,0.0017725282,-0.007577331,1.2445186,0.66382015,0.33617985,0.089752525,0.542246401309967
1802240,2155.2185928284994,7.0,310.99915,500.0,225.09056,-1.0,0.24818403,1.0,0.6053571,0.18140373,-0.006035872,0.0020470337,-0.007059389,1.2284148,0.6618817,0.33811828,0.08993428,0.5425645709037781
1810432,2158.0342775831036,7.0,310.98468,500.0,225.10812,-1.0,0.24810736,1.0,0.6054111,0.18124694,-0.005498466,0.0014630777,-0.006230005,1.2241478,0.6619064,0.3380936,0.089986235,0.5428145527839661
1818624,2157.9707112910273,7.0,310.72525,500.0,225.17912,-1.0,0.2490579,1.0,0.6054268,0.18201344,-0.0054713082,0.00090326957,-0.005922943,1.2252505,0.6611853,0.33881468,0.089756764,0.5427568554878235
1826816,2162.374298009669,7.0,310.51907,500.0,225.2432,-1.0,0.24897751,1.0,0.60576135,0.18187086,-0.007297624,0.0014257535,-0.0080105,1.2219161,0.6610429,0.33895704,0.08997955,0.5431735515594482
1835008,2147.666199626968,7.0,310.49176,500.0,225.25233,-1.0,0.24927929,1.0,0.60571575,0.18210655,-0.006221935,0.0013770243,-0.0069104475,1.2351725,0.6608445,0.3391555,0.089876205,0.5432683825492859
1843200,2159.6564164125834,7.0,310.16675,500.0,225.37814,-1.0,0.24987355,1.0,0.6059458,0.18265967,-0.004898941,0.0016452988,-0.005721591,1.2493646,0.66025966,0.33974034,0.0898668,0.5434595346450806
1851392,2147.10481819364,7.0,309.9515,500.0,225.44507,-1.0,0.25046134,1.0,0.6059955,0.18306404,-0.003335127,0.0013887605,-0.004029507,1.2425363,0.6597886,0.34021136,0.089750044,0.5435428619384766
1859584,2143.9283448266697,7.0,309.37772,500.0,225.57277,-1.0,0.25137523,1.0,0.60653305,0.18385834,-0.005697584,0.0018569682,-0.0066260686,1.2350695,0.65877646,0.34122354,0.08984831,0.5438191890716553
1867776,2142.90987473611,7.0,309.1508,500.0,225.62787,-1.0,0.25165892,1.0,0.6067571,0.18414074,-0.0057373927,0.0011285339,-0.00630166,1.2295583,0.65842736,0.34157267,0.08991373,0.5440864562988281
1875968,2150.3339156051347,7.0,309.49927,500.0,225.58153,-1.0,0.25144652,1.0,0.6061554,0.18402824,-0.0045884238,0.0005714224,-0.004874135,1.2296607,0.6589519,0.34104812,0.089601584,0.5438364744186401
1884160,2142.242784916875,7.0,309.3549,500.0,225.62328,-1.0,0.25222114,1.0,0.6060387,0.1845808,-0.0069561005,0.0013994698,-0.007655835,1.2302177,0.6584403,0.34155974,0.0893386,0.5437588691711426
1892352,2156.9284331848353,7.0,309.4134,500.0,225.6108,-1.0,0.25249878,1.0,0.60581857,0.18482825,-0.0069122063,0.00081989483,-0.007322154,1.2261806,0.6583647,0.34163526,0.08913649,0.543708860874176
1900544,2160.651196554603,7.0,309.43344,500.0,225.61624,-1.0,0.25220227,1.0,0.60585713,0.18456133,-0.005013573,0.0013893773,-0.0057082614,1.2277408,0.65856445,0.34143555,0.08923328,0.5440143942832947
1908736,2152.0264413159653,7.0,309.24023,500.0,225.67839,-1.0,0.25223178,1.0,0.6061996,0.18461029,-0.0059645926,0.0015640508,-0.006746617,1.232465,0.6583347,0.34166533,0.089433536,0.5444095730781555
1916928,2153.738913456771,7.0,308.73898,500.0,225.78992,-1.0,0.25342798,1.0,0.60658115,0.18549718,-0.0036213906,0.0015896586,-0.00441622,1.231431,0.6572028,0.34279722,0.08936925,0.5445542931556702
1925120,2151.4082199822888,7.0,308.468,500.0,225.86389,-1.0,0.25324988,1.0,0.6070748,0.18566579,-0.005708564,0.0014779691,-0.006447548,1.223562,0.6570374,0.3429626,0.089712724,0.5450855493545532
1933312,2151.4334108130765,7.0,308.1531,500.0,225.9482,-1.0,0.25355262,1.0,0.60749465,0.18592809,-0.0056581954,0.001399263,-0.0063578277,1.2230921,0.65655434,0.34344563,0.08989302,0.5454605221748352
1941504,2157.013874551236,7.0,308.02496,500.0,225.93906,-1.0,0.25301972,1.0,0.60816556,0.18537763,-0.004369436,0.0018900076,-0.0053144405,1.2215654,0.656548,0.343452,0.09043229,0.5462449789047241
1949696,2148.326194679476,7.0,307.9647,500.0,225.97462,-1.0,0.25217667,1.0,0.6085355,0.18474914,-0.0061181695,0.0010464436,-0.0066413907,1.2215275,0.6569574,0.34304258,0.09086592,0.5469949841499329
1957888,2154.3089025361537,7.0,307.80627,500.0,225.98492,-1.0,0.2526797,1.0,0.60862267,0.18503435,-0.0054907673,0.0010132205,-0.0059973774,1.2207266,0.65652585,0.34347415,0.09079445,0.5471153259277344
1966080,2154.078628982458,7.0,307.67148,500.0,226.04434,-1.0,0.2533731,1.0,0.6084597,0.18563022,-0.0032019925,0.0010709345,-0.0037374597,1.2165296,0.6561029,0.34389707,0.090524,0.5470319986343384
1974272,2138.7728272943355,7.0,307.56714,500.0,226.08583,-1.0,0.2532001,1.0,0.60867256,0.18541658,-0.0052007716,0.0017261653,-0.0060638543,1.2094705,0.6561037,0.34389636,0.09069622,0.5474069714546204
1982464,2152.3092598799794,7.0,307.77127,500.0,226.05183,-1.0,0.25330636,1.0,0.6082286,0.18544127,-0.005636175,0.0005734032,-0.0059228763,1.2024479,0.65629375,0.34370625,0.090399876,0.5471569895744324
1990656,2156.0055293554688,7.0,307.42154,500.0,226.16357,-1.0,0.25332713,1.0,0.608704,0.18590117,-0.007375203,0.0012356354,-0.00799302,1.2045844,0.6559889,0.34401113,0.090684,0.5476212501525879
1998848,2154.665552285559,7.0,307.34586,500.0,226.20598,-1.0,0.25358188,1.0,0.6086477,0.18637218,-0.0041872244,0.001062212,-0.0047183307,1.2126848,0.65583116,0.34416884,0.09058697,0.5477160811424255
2007040,2154.8586517355648,7.0,307.48398,500.0,226.18793,-1.0,0.2533374,1.0,0.6084591,0.18621528,-0.005009525,0.0007797228,-0.0053993864,1.2194738,0.65613014,0.34386986,0.09053245,0.5478506684303284
2015232,2147.08536366504,7.0,307.26224,500.0,226.20929,-1.0,0.2543123,1.0,0.6085831,0.1868691,-0.005194498,0.0015913285,-0.0059901634,1.2203825,0.6553198,0.3446802,0.09036788,0.5478947758674622
2023424,2152.580015723476,7.0,306.9748,500.0,226.27377,-1.0,0.2544819,1.0,0.6089506,0.18725583,-0.0040890807,0.0019706318,-0.0050743967,1.219445,0.6549681,0.34503192,0.09054998,0.548289954662323
2031616,2154.0483796931626,7.0,306.8013,500.0,226.28563,-1.0,0.25495237,1.0,0.60918796,0.18736525,-0.003794124,0.0014081306,-0.0044981893,1.2143126,0.6544685,0.34553152,0.09057916,0.5485238432884216
2039808,2155.595558259899,7.0,306.46292,500.0,226.35515,-1.0,0.2554536,1.0,0.6096165,0.18787067,-0.0074086785,0.0016351022,-0.008226229,1.209262,0.6538288,0.3461712,0.09071761,0.548862099647522
2048000,2156.084674030584,7.0,306.11722,500.0,226.39066,-1.0,0.2564755,1.0,0.60980386,0.18858069,-0.005250968,0.0015990047,-0.0060504703,1.2108501,0.65294206,0.34705794,0.09058242,0.5489246249198914
2056192,2159.9093364237788,7.0,305.8435,500.0,226.45375,-1.0,0.25722802,1.0,0.6099064,0.18909653,-0.0052623367,0.0015669744,-0.0060458235,1.208921,0.65231,0.34769002,0.090462,0.5489972233772278
2064384,2146.3887214534684,7.0,305.2909,500.0,226.58649,-1.0,0.25815058,1.0,0.6104093,0.19005704,-0.005148412,0.0014629811,-0.0058799027,1.2059326,0.65130407,0.3486959,0.09054535,0.5492735505104065
2072576,2144.7673002142787,7.0,304.9975,500.0,226.68912,-1.0,0.25862578,1.0,0.6105785,0.19058146,-0.0061268453,0.0011325121,-0.0066931006,1.2023238,0.65084046,0.34915954,0.09053376,0.5494647026062012
2080768,2151.29318486292,7.0,304.822,500.0,226.743,-1.0,0.25887877,1.0,0.6107031,0.19110553,-0.00468962,0.0018433467,-0.005611293,1.1954222,0.65057236,0.34942764,0.09054887,0.5496834516525269
2088960,2159.9864596232214,7.0,304.6923,500.0,226.77263,-1.0,0.2587668,1.0,0.61096597,0.19130494,-0.004398139,0.0013852947,-0.0050907866,1.1926103,0.6504968,0.34950322,0.09073641,0.5501001477241516
2097152,2151.7172862430134,7.0,304.508,500.0,226.7792,-1.0,0.25945318,1.0,0.61102146,0.19177479,-0.0055981907,0.0014574359,-0.0063269087,1.190812,0.6499418,0.35005817,0.090605006,0.550162672996521
2105344,2155.5697289457075,7.0,304.42517,500.0,226.8039,-1.0,0.2594524,1.0,0.6111524,0.19211236,-0.0042456524,0.0012643215,-0.004877813,1.1880933,0.64986235,0.35013762,0.09068521,0.5504682064056396
2113536,2151.3884179786314,7.0,304.5708,500.0,226.78706,-1.0,0.25970837,1.0,0.6107389,0.19226669,-0.006515829,0.00093606,-0.0069838585,1.1910632,0.6499206,0.3500794,0.09037101,0.5502182245254517
2121728,2153.4790683186407,7.0,304.2783,500.0,226.87122,-1.0,0.2604885,1.0,0.6108142,0.1929647,-0.005178614,0.0014032181,-0.005880223,1.1846424,0.6492816,0.35071838,0.090229884,0.5502712726593018
2129920,2152.75493755898,7.0,303.9877,500.0,226.92192,-1.0,0.26184005,1.0,0.6107297,0.19392405,-0.0044182716,0.0010004377,-0.00491849,1.1747086,0.64830446,0.3516955,0.089855485,0.5500212907791138
2138112,2154.355098233008,7.0,303.8281,500.0,226.98634,-1.0,0.26264066,1.0,0.61060405,0.19461833,-0.00636498,0.0011829503,-0.0069564553,1.1717259,0.647771,0.35222903,0.08958838,0.5499275326728821
2146304,2155.98280170216,7.0,303.39905,500.0,227.11845,-1.0,0.2639932,1.0,0.610612,0.1958888,-0.0056162635,0.0011201059,-0.006176317,1.1634109,0.64673376,0.35326627,0.089273065,0.5498164296150208
2154496,2158.426465474996,7.0,302.87506,500.0,227.24635,-1.0,0.2643662,1.0,0.61125416,0.19631232,-0.004869999,0.0026589395,-0.006199469,1.1578217,0.64605635,0.35394368,0.089577466,0.5502641201019287
2162688,2156.0300162324693,7.0,302.52838,500.0,227.345,-1.0,0.26481715,1.0,0.6115849,0.1967206,-0.005558339,0.0018397488,-0.0064782132,1.1597276,0.6455093,0.35449067,0.089673534,0.550554633140564
2170880,2153.1252398393617,7.0,302.3235,500.0,227.36374,-1.0,0.26544845,1.0,0.61185706,0.19729131,-0.0050427904,0.0014746768,-0.005780128,1.1573136,0.6448598,0.35514018,0.08969173,0.5507733821868896
2179072,2148.133055474333,7.0,301.96698,500.0,227.45514,-1.0,0.26644462,1.0,0.611939,0.19810876,-0.005665758,0.0012298503,-0.0062806834,1.149866,0.6440466,0.35595337,0.08950874,0.5507936477661133
2187264,2153.6226840623376,7.0,302.03568,500.0,227.45775,-1.0,0.26659292,1.0,0.6116957,0.19817406,-0.003377603,0.0010093511,-0.0038822787,1.1466339,0.64408183,0.35591814,0.08932522,0.5507359504699707
2195456,2148.9267866451564,7.0,301.72662,500.0,227.51886,-1.0,0.26703373,1.0,0.61210036,0.1988548,-0.0052488875,0.0023402625,-0.006419019,1.1368908,0.6434962,0.35650378,0.08947006,0.5510920286178589
2203648,2142.112568498561,7.0,301.61844,500.0,227.55257,-1.0,0.26761723,1.0,0.611965,0.19926801,-0.0052838847,0.0011866711,-0.0058772205,1.1300453,0.6431313,0.35686865,0.08925144,0.5510144233703613
2211840,2154.0860563932238,7.0,301.81308,500.0,227.53316,-1.0,0.26705867,1.0,0.6118206,0.19894327,-0.0036392426,0.0010581214,-0.004168303,1.1308445,0.6436483,0.3563517,0.08929304,0.55129075050354
2220032,2155.751899676716,7.0,301.5745,500.0,227.58394,-1.0,0.2673833,1.0,0.6121187,0.19910248,-0.0066585913,0.0017194691,-0.0075183264,1.1380056,0.6432168,0.35678324,0.08939992,0.5515962839126587
2228224,2152.1368368583926,7.0,301.65942,500.0,227.57712,-1.0,0.26691985,1.0,0.6121317,0.19862361,-0.003874728,0.0010327456,-0.004391101,1.1371174,0.64356434,0.35643566,0.0895158,0.5519712567329407
2236416,2154.854192085642,7.0,301.60965,500.0,227.58688,-1.0,0.26712605,1.0,0.6120984,0.19884647,-0.004293167,0.0014816362,-0.005033985,1.1343338,0.64342654,0.35657343,0.08944737,0.5520784258842468
2244608,2149.80557238102,7.0,301.41302,500.0,227.62486,-1.0,0.2669178,1.0,0.61248887,0.19866551,-0.006492926,0.0014875147,-0.007236683,1.1305674,0.64334726,0.35665277,0.089734964,0.5526096820831299
2252800,2158.552570672875,7.0,301.0573,500.0,227.71774,-1.0,0.26790735,1.0,0.6125957,0.19960499,-0.0064598275,0.0013311582,-0.0071254065,1.1305208,0.64252245,0.35747758,0.089570224,0.5526374578475952
2260992,2152.4573041870685,7.0,301.10742,500.0,227.70087,-1.0,0.26838383,1.0,0.6123076,0.19986023,-0.006316867,0.0010033645,-0.0068185506,1.1310829,0.64233285,0.35766715,0.08928333,0.5523874759674072
2269184,2150.9877414675843,7.0,301.30585,500.0,227.68481,-1.0,0.26765996,1.0,0.61221963,0.19928126,-0.0044882367,0.0010726673,-0.0050245705,1.1284446,0.64294267,0.35705733,0.08939736,0.5527624487876892
2277376,2152.4554164265546,7.0,301.50204,500.0,227.62437,-1.0,0.2678074,1.0,0.6120661,0.19900645,-0.0049033095,0.0015131079,-0.0056598634,1.1286752,0.6429235,0.35707653,0.08926913,0.5527397394180298
2285568,2148.4234489824644,7.0,301.15936,500.0,227.7274,-1.0,0.26841828,1.0,0.6122706,0.19980405,-0.005633709,0.0016560216,-0.0064617204,1.1322874,0.64232904,0.357671,0.08925271,0.5529183149337769
2293760,2154.5362531075157,7.0,301.15283,500.0,227.74673,-1.0,0.26805207,1.0,0.61243516,0.19948727,-0.005899656,0.001527467,-0.0066633904,1.129432,0.6425095,0.35749045,0.08943838,0.5533579587936401
2301952,2156.3355401633416,7.0,300.88895,500.0,227.79727,-1.0,0.26882285,1.0,0.6125041,0.2000497,-0.005872146,0.0016934767,-0.0067188838,1.1161594,0.6418751,0.3581249,0.089302085,0.5534020662307739
2310144,2154.9410910130873,7.0,300.81775,500.0,227.79532,-1.0,0.26940638,1.0,0.61240447,0.20040454,-0.004995432,0.0017473812,-0.005869122,1.1046112,0.6414873,0.35851273,0.08910633,0.553330659866333
2318336,2154.2512282334956,7.0,300.45032,500.0,227.8931,-1.0,0.2695754,1.0,0.612848,0.20063408,-0.0071887095,0.0018684615,-0.008122941,1.1047611,0.64108557,0.35891443,0.08933905,0.5537751317024231
2326528,2152.9951811014207,7.0,300.64722,500.0,227.85825,-1.0,0.26916105,1.0,0.6126804,0.2003872,-0.0057662744,0.0009157859,-0.0062241675,1.1070924,0.64150697,0.358493,0.089331955,0.5539599061012268
2334720,2153.672225138937,7.0,300.56223,500.0,227.87506,-1.0,0.26892817,1.0,0.6128893,0.20032662,-0.0067828093,0.0015932549,-0.0075794375,1.1113709,0.6415581,0.3584419,0.089513734,0.5543995499610901
2342912,2146.5320635045978,7.0,300.72424,500.0,227.82808,-1.0,0.2689389,1.0,0.61268985,0.20015568,-0.006568918,0.00082283025,-0.0069803335,1.1138973,0.641672,0.35832798,0.08938907,0.5543768405914307
2351104,2150.136378757292,7.0,300.66104,500.0,227.86911,-1.0,0.26889572,1.0,0.6127215,0.20016715,-0.0051592872,0.0012813293,-0.0057999524,1.112759,0.6416859,0.35831413,0.0894184,0.5546107292175293
2359296,2155.5340287137387,7.0,300.2427,500.0,227.93918,-1.0,0.26909834,1.0,0.613395,0.20022368,-0.0062687746,0.0020738384,-0.007305694,1.1107168,0.6411172,0.35888278,0.089784466,0.5552178621292114
2367488,2156.6939442824296,7.0,299.9368,500.0,227.99554,-1.0,0.26979697,1.0,0.61355376,0.20070831,-0.0064340956,0.0017524497,-0.0073103206,1.1097381,0.64048225,0.35951775,0.089720815,0.5553524494171143
2375680,2157.990092514167,7.0,299.7251,500.0,228.0599,-1.0,0.26984328,1.0,0.6138036,0.2009111,-0.006176319,0.0013972924,-0.0068749646,1.1032498,0.64029324,0.3597068,0.0898635,0.5557274222373962
2383872,2150.8887737900063,7.0,299.56052,500.0,228.07858,-1.0,0.2696134,1.0,0.6142084,0.2006091,-0.007521543,0.0018145207,-0.008428804,1.0923648,0.64022166,0.35977837,0.09016497,0.5563395023345947
2392064,2151.3983862886503,7.0,299.29956,500.0,228.15405,-1.0,0.27086988,1.0,0.6139975,0.2016925,-0.0064676283,0.001235166,-0.007085212,1.0804174,0.6393833,0.36061668,0.0897468,0.5560895204544067
2400256,2152.297530464074,7.0,299.24802,500.0,228.1706,-1.0,0.2711039,1.0,0.61394405,0.20183522,-0.0045662494,0.0016463563,-0.0053894273,1.072829,0.63923573,0.36076424,0.08966034,0.5561728477478027
2408448,2147.1468143435,7.0,299.04266,500.0,228.20972,-1.0,0.27173236,1.0,0.61398375,0.20236753,-0.0071666352,0.0010736531,-0.0077034608,1.0727913,0.63872653,0.36127347,0.0895411,0.5562258958816528
2416640,2155.454383594634,7.0,298.6135,500.0,228.30772,-1.0,0.27314356,1.0,0.6140045,0.20367533,-0.008603238,0.0013402776,-0.009273376,1.0636604,0.6376238,0.36237624,0.089232676,0.5561041235923767
2424832,2144.646013243727,7.0,298.6425,500.0,228.29181,-1.0,0.27300766,1.0,0.61409086,0.20343718,-0.0057025584,0.0015053265,-0.0064552217,1.0584484,0.6376758,0.3623242,0.089316554,0.5564310550689697
2433024,2153.003140676517,7.0,298.55142,500.0,228.32072,-1.0,0.2735652,1.0,0.6139427,0.20389105,-0.005724204,0.001286883,-0.006367645,1.0546472,0.6373356,0.36266437,0.089099176,0.556342363357544
2441216,2144.930510401837,7.0,298.46713,500.0,228.36954,-1.0,0.27427453,1.0,0.6136707,0.20458877,-0.006976703,0.0009666195,-0.007460012,1.045609,0.6369536,0.3630464,0.08877189,0.556092381477356
2449408,2154.070391368607,7.0,298.52832,500.0,228.3609,-1.0,0.27453613,1.0,0.6135244,0.20465784,-0.00679648,0.0012419941,-0.0074174777,1.0412626,0.6368408,0.36315918,0.08862305,0.5560346841812134
2457600,2152.4702489197944,7.0,297.96545,500.0,228.58875,-1.0,0.27685547,1.0,0.6127801,0.2058042,-0.007580424,0.0019371465,-0.008548997,1.0381571,0.63549805,0.36450195,0.087646484,0.5564791560173035
2465792,2148.2895251081063,7.0,297.2672,500.0,228.74635,-1.0,0.27844238,1.0,0.6131566,0.20719028,-0.0069487775,0.0011378264,-0.007517691,1.0338749,0.6340332,0.3659668,0.087524414,0.5563853979110718
2473984,2161.4841210228956,7.0,296.74487,500.0,228.81401,-1.0,0.27954102,1.0,0.61355245,0.20802839,-0.0059088096,0.0011933568,-0.0065054884,1.0271324,0.6329346,0.36706543,0.087524414,0.5565199851989746
2482176,2154.6465009616345,7.0,296.1582,500.0,228.93207,-1.0,0.2808838,1.0,0.6138345,0.20912272,-0.00715823,0.00093805435,-0.0076272585,1.0311636,0.63171387,0.36828613,0.087402344,0.556592583656311
2490368,2152.8206248803676,7.0,295.66064,500.0,229.00351,-1.0,0.2824707,1.0,0.6140011,0.21037629,-0.008124264,0.0018899171,-0.009069223,1.0384614,0.6303711,0.3696289,0.0871582,0.5565038919448853
2498560,2152.9116765645385,7.0,295.4463,500.0,229.08409,-1.0,0.2836914,1.0,0.61363703,0.2113028,-0.00529677,0.0010203586,-0.005806949,1.0352708,0.6296387,0.37036133,0.08666992,0.5566242337226868
2506752,2153.4287263562883,7.0,294.86414,500.0,229.13628,-1.0,0.2854004,1.0,0.61383915,0.21255408,-0.007162709,0.0014140398,-0.007869729,1.0267916,0.6281738,0.37182617,0.08642578,0.5565304756164551
2514944,2158.5567744332457,7.0,294.50085,500.0,229.2337,-1.0,0.28588867,1.0,0.6142084,0.21286258,-0.006272466,0.0014088565,-0.0069768946,1.0199113,0.6275635,0.37243652,0.08654785,0.5569947361946106
2523136,2148.939957747616,7.0,294.30725,500.0,229.30887,-1.0,0.28637695,1.0,0.6141797,0.21357456,-0.0060300883,0.001055277,-0.006557727,1.0166748,0.62719727,0.37280273,0.08642578,0.556937038898468
2531328,2148.909852607803,7.0,293.8988,500.0,229.39159,-1.0,0.28796387,1.0,0.61413336,0.21497825,-0.005018924,0.0014392728,-0.00573856,1.013892,0.62597656,0.37402344,0.08605957,0.557020366191864
2539520,2150.7537346313984,7.0,293.3628,500.0,229.53185,-1.0,0.28967285,1.0,0.613926,0.21644661,-0.004400334,0.0010143585,-0.004907513,1.0050771,0.62475586,0.37524414,0.08557129,0.5569316744804382
2547712,2148.053956325404,7.0,292.23767,500.0,229.7326,-1.0,0.29187012,1.0,0.61447567,0.21834007,-0.006611717,0.0018760144,-0.007549724,0.9950561,0.62268066,0.37731934,0.08544922,0.5570225715637207
2555904,2148.2469469933535,7.0,291.84253,500.0,229.79611,-1.0,0.29309082,1.0,0.6144906,0.21937606,-0.0063818544,0.0010862163,-0.006924962,0.9851395,0.6217041,0.3782959,0.08520508,0.5567725896835327
2564096,2150.55248639809,7.0,291.36682,500.0,229.90274,-1.0,0.2939453,1.0,0.6147777,0.22030672,-0.0057682376,0.0014110681,-0.006473772,0.98175126,0.6208496,0.3791504,0.08520508,0.5569913387298584
2572288,2152.947964493131,7.0,290.8944,500.0,229.97238,-1.0,0.29516602,1.0,0.614987,0.22130424,-0.004614676,0.00073691714,-0.0049831346,0.97706586,0.619751,0.38024902,0.08508301,0.5567413568496704
2580480,2152.089927478527,7.0,290.5631,500.0,230.02243,-1.0,0.29638672,1.0,0.61499536,0.22226274,-0.0034737447,0.001190106,-0.004068798,0.97413266,0.6187744,0.3812256,0.08483887,0.5568139553070068
2588672,2156.4941544818485,7.0,290.06262,500.0,230.1235,-1.0,0.2980957,1.0,0.61496335,0.22351061,-0.0065094396,0.0016526815,-0.0073357807,0.9649357,0.61743164,0.38256836,0.084472656,0.5568764805793762
2596864,2156.9584926085004,7.0,289.7213,500.0,230.18019,-1.0,0.29882812,1.0,0.6152034,0.22409299,-0.0065198783,0.0015986824,-0.00731922,0.95965105,0.6166992,0.38330078,0.084472656,0.5573161244392395
2605056,2151.0793115116485,7.0,289.6162,500.0,230.24486,-1.0,0.2998047,1.0,0.61472803,0.22477812,-0.0044314144,0.0019626126,-0.005412721,0.95075876,0.61621094,0.38378906,0.083984375,0.5577328205108643
2613248,2153.5079519011965,7.0,289.1306,500.0,230.33528,-1.0,0.30163574,1.0,0.61452734,0.22625734,-0.005490342,0.0017766624,-0.0063786735,0.9447201,0.61486816,0.38513184,0.083496094,0.5577530860900879
2621440,2138.721839304828,7.0,288.82227,500.0,230.35173,-1.0,0.3022461,1.0,0.6147239,0.22664297,-0.0055348636,0.0014599398,-0.006264833,0.94173634,0.6142578,0.3857422,0.083496094,0.5580030679702759
2629632,2150.680365528312,7.0,288.33813,500.0,230.41032,-1.0,0.3031006,1.0,0.61519665,0.22748786,-0.007687929,0.0014380352,-0.008406946,0.94002086,0.61328125,0.38671875,0.083618164,0.5581697225570679
2637824,2147.033978571113,7.0,287.95422,500.0,230.44351,-1.0,0.30444336,1.0,0.61522806,0.22840512,-0.0061284155,0.0012506805,-0.0067537557,0.9358665,0.6121826,0.38781738,0.08337402,0.5579197406768799
2646016,2141.405536061581,7.0,287.62463,500.0,230.50977,-1.0,0.30480957,1.0,0.61554277,0.22877833,-0.005674551,0.0013039545,-0.006326528,0.91978186,0.61169434,0.38830566,0.083496094,0.5579923391342163
2654208,2162.328710324097,7.0,287.34167,500.0,230.5488,-1.0,0.30517578,1.0,0.61585695,0.22918439,-0.004368134,0.0011991744,-0.0049677207,0.9156423,0.61120605,0.38879395,0.083618164,0.5579147338867188
2662400,2157.211187372358,7.0,287.02966,500.0,230.6155,-1.0,0.30615234,1.0,0.6157687,0.23021734,-0.006271824,0.00080324785,-0.006673448,0.9170524,0.61047363,0.38952637,0.08337402,0.5578209757804871
2670592,2151.7788675920724,7.0,286.5901,500.0,230.73055,-1.0,0.30822754,1.0,0.61522883,0.23170862,-0.0068285577,0.0012975385,-0.0074773263,0.91551274,0.60913086,0.39086914,0.0826416,0.5578566789627075
2678784,2153.713938603015,7.0,286.4237,500.0,230.756,-1.0,0.30908203,1.0,0.6150977,0.23227096,-0.0068124873,0.0010336572,-0.007329315,0.91736746,0.6085205,0.3914795,0.08239746,0.55777907371521
2686976,2155.7767865618544,7.0,286.19763,500.0,230.81833,-1.0,0.30895996,1.0,0.61545664,0.23243919,-0.0062573203,0.0010809228,-0.006797782,0.9214746,0.60839844,0.39160156,0.0826416,0.5578862428665161
2695168,2140.145756994814,7.0,286.1128,500.0,230.8474,-1.0,0.30932617,1.0,0.6153718,0.23272258,-0.0047000465,0.001232089,-0.0053160917,0.9200053,0.6081543,0.3918457,0.08251953,0.557874321937561
2703360,2148.075442784487,7.0,285.8235,500.0,230.89754,-1.0,0.30981445,1.0,0.6155229,0.23332329,-0.006041305,0.0013680994,-0.006725355,0.9223985,0.607666,0.39233398,0.08251953,0.5577967166900635
2711552,2157.655645835335,7.0,285.3954,500.0,230.96361,-1.0,0.3116455,1.0,0.6152927,0.23491731,-0.004700777,0.00089001586,-0.0051457854,0.9242882,0.60632324,0.39367676,0.08203125,0.5575467348098755
2719744,2144.6018392784695,7.0,284.86365,500.0,231.06819,-1.0,0.3128662,1.0,0.6154667,0.23589396,-0.005580703,0.0017146114,-0.0064380085,0.916963,0.6052246,0.3947754,0.08190918,0.5577021241188049
2727936,2153.902411806083,7.0,284.078,500.0,231.2469,-1.0,0.31420898,1.0,0.61587334,0.23680437,-0.0067656273,0.0021948111,-0.007863033,0.9111423,0.60388184,0.39611816,0.08190918,0.5579622983932495
2736128,2150.1611361547966,7.0,283.5548,500.0,231.29709,-1.0,0.31555176,1.0,0.6160788,0.2378132,-0.0050252406,0.001500882,-0.005775681,0.9080107,0.60266113,0.39733887,0.08178711,0.5580153465270996
2744320,2152.0171411098904,7.0,283.56555,500.0,231.34518,-1.0,0.31530762,1.0,0.6160056,0.2376854,-0.004883483,0.0011582078,-0.005462587,0.9065094,0.6029053,0.39709473,0.08178711,0.5584796071052551
2752512,2148.906089524635,7.0,283.4165,500.0,231.3774,-1.0,0.3157959,1.0,0.6159537,0.23814808,-0.006705177,0.0008874823,-0.0071489187,0.90464664,0.60253906,0.39746094,0.08166504,0.5584219098091125
2760704,2157.460554652421,7.0,282.9314,500.0,231.44229,-1.0,0.31677246,1.0,0.61624485,0.2390373,-0.0055763945,0.00088260445,-0.0060176966,0.90789044,0.6015625,0.3984375,0.08166504,0.5583234429359436
2768896,2158.6777412620318,7.0,282.50623,500.0,231.52206,-1.0,0.31835938,1.0,0.6161204,0.24020493,-0.0041547627,0.0008657405,-0.0045876326,0.9021345,0.6003418,0.3996582,0.08129883,0.5582249760627747
2777088,2158.8649139683266,7.0,282.25464,500.0,231.56372,-1.0,0.31884766,1.0,0.6162641,0.24063373,-0.0058005117,0.0014843653,-0.0065426948,0.89246863,0.5998535,0.40014648,0.08129883,0.5584161281585693
2785280,2156.709512115452,7.0,281.9099,500.0,231.57646,-1.0,0.31933594,1.0,0.61660546,0.24116978,-0.0046798247,0.0009417997,-0.0051507247,0.88927704,0.59924316,0.40075684,0.0814209,0.5583584308624268
2793472,2159.0089776750738,7.0,281.33484,500.0,231.66699,-1.0,0.32019043,1.0,0.61705303,0.24217564,-0.005381777,0.0012405743,-0.006002064,0.8900041,0.5982666,0.4017334,0.08154297,0.5583716034889221
2801664,2150.1365133068243,7.0,280.49854,500.0,231.75906,-1.0,0.321167,1.0,0.61792976,0.24319807,-0.007627438,0.0018446913,-0.008549784,0.88807935,0.5969238,0.40307617,0.08190918,0.5588716268539429
2809856,2153.4123960912634,7.0,280.0066,500.0,231.80823,-1.0,0.3223877,1.0,0.6180842,0.24393062,-0.006514661,0.0011951464,-0.007112234,0.8870206,0.5958252,0.4041748,0.08178711,0.5589073300361633
2818048,2149.6935329518747,7.0,279.44604,500.0,231.88252,-1.0,0.32348633,1.0,0.6183988,0.24481736,-0.0053952634,0.0012501192,-0.0060203224,0.8885993,0.59472656,0.40527344,0.08178711,0.5587823390960693
2826240,2152.94297314415,7.0,279.11133,500.0,231.9111,-1.0,0.3244629,1.0,0.6184794,0.24560437,-0.007258935,0.0010295687,-0.007773719,0.88560116,0.5938721,0.40612793,0.08166504,0.5585323572158813
2834432,2146.380810709697,7.0,278.86682,500.0,231.90234,-1.0,0.32507324,1.0,0.61865234,0.24603373,-0.005072316,0.0017877528,-0.005966193,0.88531786,0.5932617,0.40673828,0.08166504,0.5589490532875061
2842624,2142.7273290114267,7.0,278.17456,500.0,231.92676,-1.0,0.32617188,1.0,0.6193562,0.24690314,-0.004439761,0.0018157696,-0.0053476454,0.8888003,0.59191895,0.40808105,0.08190918,0.5591276288032532
2850816,2153.649546652065,7.0,277.79822,500.0,231.98877,-1.0,0.32641602,1.0,0.6196217,0.24750581,-0.007777947,0.0024977983,-0.009026846,0.8809078,0.59155273,0.40844727,0.08203125,0.5594874024391174
2859008,2155.3998929568575,7.0,277.53943,500.0,232.01244,-1.0,0.32714844,1.0,0.6196295,0.24814856,-0.005290966,0.0010521933,-0.0058170627,0.8708272,0.5909424,0.40905762,0.08190918,0.5593889355659485
2867200,2148.858245759084,7.0,277.35657,500.0,232.03293,-1.0,0.32714844,1.0,0.61982644,0.24839786,-0.005175274,0.0013402005,-0.0058453735,0.866642,0.5908203,0.4091797,0.08203125,0.5594514608383179
2875392,2149.4606144000945,7.0,277.26465,500.0,232.08122,-1.0,0.32800293,1.0,0.6194732,0.24895748,-0.006717018,0.0007641116,-0.007099074,0.85808486,0.59033203,0.40966797,0.08166504,0.5592014789581299
2883584,2152.2899805628444,7.0,276.79932,500.0,232.1136,-1.0,0.32873535,1.0,0.6198731,0.24944665,-0.00613143,0.0019428144,-0.007102837,0.84641635,0.58947754,0.41052246,0.08178711,0.5594202280044556
2891776,2155.655603665019,7.0,276.885,500.0,232.12549,-1.0,0.32922363,1.0,0.61941683,0.24976593,-0.005727064,0.00082324736,-0.006138687,0.8404614,0.58935547,0.41064453,0.0814209,0.5591702461242676
2899968,2155.599074340064,7.0,276.22803,500.0,232.22824,-1.0,0.33093262,1.0,0.6194915,0.2511174,-0.0070722215,0.0014785071,-0.007811474,0.8456446,0.5878906,0.41210938,0.08117676,0.5591702461242676
2908160,2154.545034692139,7.0,275.98364,500.0,232.25708,-1.0,0.33215332,1.0,0.61923224,0.25203097,-0.005895133,0.0008791684,-0.0063347174,0.8342405,0.58703613,0.41296387,0.08081055,0.5589202642440796
2916352,2155.230083728441,7.0,275.67334,500.0,232.3007,-1.0,0.33288574,1.0,0.61923325,0.25266004,-0.0050996905,0.0020879211,-0.0061436514,0.8232989,0.5864258,0.41357422,0.08068848,0.5590988397598267
2924544,2140.9057151900784,7.0,275.49805,500.0,232.30795,-1.0,0.3338623,1.0,0.6191017,0.25315538,-0.006265899,0.00086714095,-0.0066994703,0.82248986,0.58569336,0.41430664,0.080444336,0.5588488578796387
2932736,2144.790461427466,7.0,275.31726,500.0,232.27873,-1.0,0.3343506,1.0,0.61923254,0.25370744,-0.005902343,0.0019916482,-0.0068981675,0.8185153,0.5852051,0.41479492,0.080444336,0.5593801140785217
2940928,2147.0417599677767,7.0,274.8169,500.0,232.3196,-1.0,0.33459473,1.0,0.6198889,0.2540167,-0.004939708,0.0021669115,-0.006023163,0.8122264,0.5845947,0.41540527,0.08081055,0.5598993301391602
2949120,2151.667296098852,7.0,274.78394,500.0,232.34503,-1.0,0.33520508,1.0,0.61965746,0.25439543,-0.0057987026,0.001267012,-0.006432208,0.8063053,0.5842285,0.41577148,0.080566406,0.5598345398902893
2957312,2155.545252522857,7.0,274.75024,500.0,232.34805,-1.0,0.335083,1.0,0.6198221,0.25421628,-0.004032032,0.0009460694,-0.004505067,0.7993091,0.5842285,0.41577148,0.08068848,0.5600011944770813
2965504,2148.581438828902,7.0,274.02026,500.0,232.41246,-1.0,0.33605957,1.0,0.62047464,0.2552712,-0.006583011,0.0016393621,-0.007402692,0.79346937,0.5830078,0.4169922,0.08093262,0.5602390170097351
2973696,2151.646546155174,7.0,273.69995,500.0,232.45642,-1.0,0.33740234,1.0,0.62023765,0.2564925,-0.00457469,0.0015459745,-0.0053476766,0.7946546,0.58203125,0.41796875,0.080566406,0.560117244720459
2981888,2143.7302443084964,7.0,273.714,500.0,232.54388,-1.0,0.33776855,1.0,0.61974293,0.2571125,-0.0041846056,0.0013878037,-0.004878508,0.79269475,0.58203125,0.41796875,0.080200195,0.56001877784729
2990080,2144.7197744356818,7.0,273.32483,500.0,232.60297,-1.0,0.3392334,1.0,0.6195338,0.25834614,-0.0063365297,0.0011004845,-0.006886772,0.7814813,0.5809326,0.41906738,0.079833984,0.559768795967102
2998272,2148.558598723924,7.0,272.97498,500.0,232.70093,-1.0,0.33996582,1.0,0.6195263,0.25904238,-0.004750824,0.0018636135,-0.005682631,0.76894164,0.58032227,0.41967773,0.079711914,0.559762716293335
3006464,2153.9111882245606,7.0,272.9818,500.0,232.74503,-1.0,0.3408203,1.0,0.61895806,0.25982004,-0.0062804613,0.00085470424,-0.0067078136,0.7615521,0.57995605,0.42004395,0.07922363,0.559512734413147
3014656,2146.862667973289,7.0,272.51392,500.0,232.72316,-1.0,0.34265137,1.0,0.61883456,0.2612018,-0.0049064807,0.0026579034,-0.006235432,0.75137943,0.5784912,0.4215088,0.07885742,0.5596627593040466
3022848,2146.0268981162226,7.0,272.26868,500.0,232.78136,-1.0,0.34375,1.0,0.6185211,0.26199389,-0.006034447,0.0013197862,-0.00669434,0.7433068,0.5777588,0.4222412,0.07849121,0.559690535068512
3031040,2149.3463252591278,7.0,272.635,500.0,232.77646,-1.0,0.34326172,1.0,0.61820006,0.2616339,-0.0056748264,0.00062147214,-0.0059855627,0.7391774,0.57836914,0.42163086,0.07836914,0.559440553188324
3039232,2139.533942196028,7.0,272.74268,500.0,232.81812,-1.0,0.3433838,1.0,0.617836,0.2619867,-0.0057832887,0.00096322456,-0.006264901,0.7383618,0.5784912,0.4215088,0.078125,0.559190571308136
3047424,2143.4873837089976,7.0,272.42383,500.0,232.84882,-1.0,0.34277344,1.0,0.6186683,0.26198232,-0.0072109923,0.0024869877,-0.008454486,0.73643106,0.5784912,0.4215088,0.07873535,0.5599662065505981
3055616,2149.6439057725574,7.0,272.5952,500.0,232.84357,-1.0,0.34313965,1.0,0.6181692,0.26223737,-0.0049015656,0.001170415,-0.005486773,0.73134,0.5784912,0.4215088,0.07836914,0.5599014163017273
3063808,2143.1266714768876,7.0,272.4419,500.0,232.91913,-1.0,0.34350586,1.0,0.61806446,0.26293963,-0.0057807975,0.0012364287,-0.0063990112,0.7287522,0.5782471,0.42175293,0.07824707,0.5598300099372864
3072000,2150.8816376972545,7.0,272.38953,500.0,232.95824,-1.0,0.34326172,1.0,0.61820006,0.26299903,-0.0061283107,0.0013600901,-0.0068083564,0.72278583,0.57836914,0.42163086,0.07836914,0.5602049827575684
3080192,2152.491823820335,7.0,272.35876,500.0,232.98662,-1.0,0.34399414,1.0,0.61779284,0.26380402,-0.0070239576,0.0016044399,-0.007826177,0.7129129,0.5780029,0.42199707,0.07800293,0.5602327585220337
3088384,2154.7712189356416,7.0,271.82104,500.0,233.0398,-1.0,0.34570312,1.0,0.6176293,0.26512772,-0.0045837127,0.0020264385,-0.005596932,0.7035731,0.57666016,0.42333984,0.07763672,0.5602391958236694
3096576,2150.9900306236705,7.0,271.6997,500.0,233.11389,-1.0,0.34521484,1.0,0.6179023,0.26502353,-0.0067197247,0.0018849897,-0.0076622195,0.70087767,0.5769043,0.4230957,0.07788086,0.5608463287353516
3104768,2153.8270725712987,7.0,271.75903,500.0,233.13068,-1.0,0.34594727,1.0,0.6172948,0.2653246,-0.0081603285,0.0012696544,-0.008795155,0.6925316,0.57666016,0.42333984,0.07739258,0.5607815384864807
3112960,2145.6898512843263,7.0,271.5503,500.0,233.11812,-1.0,0.3466797,1.0,0.6172794,0.2657616,-0.006245593,0.0011480079,-0.0068195974,0.68507403,0.5760498,0.4239502,0.07727051,0.5606830716133118
3121152,2148.5576582594226,7.0,270.98303,500.0,233.22908,-1.0,0.34777832,1.0,0.61735356,0.2669673,-0.0072529614,0.0023492482,-0.0084275855,0.6786854,0.57507324,0.42492676,0.07714844,0.5608586072921753
3129344,2148.594605698309,7.0,270.97412,500.0,233.24738,-1.0,0.3486328,1.0,0.6167725,0.26781,-0.0056763226,0.0017261344,-0.00653939,0.673978,0.57470703,0.42529297,0.076660156,0.5608943104743958
3137536,2152.2437385735566,7.0,271.1123,500.0,233.30887,-1.0,0.34838867,1.0,0.6165145,0.26781732,-0.007931016,0.00091959117,-0.008390811,0.6751469,0.57507324,0.42492676,0.076538086,0.5609776377677917
3145728,2139.259665327834,7.0,270.78052,500.0,233.3275,-1.0,0.34814453,1.0,0.617246,0.2677379,-0.006260339,0.0014529754,-0.0069868267,0.6812674,0.5748291,0.4251709,0.07702637,0.5615609884262085
3153920,2145.3515707920524,7.0,270.76343,500.0,233.39497,-1.0,0.34851074,1.0,0.61694044,0.26810312,-0.0052667595,0.0008271004,-0.0056803105,0.67817324,0.57470703,0.42529297,0.07678223,0.5616443157196045
3162112,2143.97650443434,7.0,270.8164,500.0,233.39131,-1.0,0.34814453,1.0,0.6170482,0.2678076,-0.0068845972,0.00080519286,-0.007287194,0.6752834,0.5749512,0.42504883,0.0769043,0.5616443157196045
3170304,2159.2412564516935,7.0,270.9132,500.0,233.36624,-1.0,0.34729004,1.0,0.6174307,0.26686355,-0.0052361903,0.0023488353,-0.006410608,0.68558246,0.57543945,0.42456055,0.07727051,0.5622766613960266
3178496,2152.338921042324,7.0,270.81787,500.0,233.42242,-1.0,0.34777832,1.0,0.6171558,0.2676596,-0.006693097,0.0018038041,-0.0075949994,0.6923133,0.5751953,0.4248047,0.07702637,0.5624433159828186
3186688,2154.6610934348682,7.0,270.6548,500.0,233.44778,-1.0,0.34838867,1.0,0.61691034,0.2681359,-0.004602851,0.00105476,-0.0051302304,0.68982136,0.5748291,0.4251709,0.07678223,0.5623719096183777
3194880,2145.9849457635023,7.0,270.67603,500.0,233.47685,-1.0,0.34875488,1.0,0.61660445,0.26852953,-0.0047928905,0.0012239718,-0.0054048765,0.69053787,0.57470703,0.42529297,0.076538086,0.5624445080757141
3203072,2150.5979827037027,7.0,270.08826,500.0,233.50299,-1.0,0.3494873,1.0,0.61717933,0.26913655,-0.006982768,0.0017236564,-0.007844596,0.69211316,0.57373047,0.42626953,0.07678223,0.5625998973846436
3211264,2151.449711076763,7.0,269.95972,500.0,233.51874,-1.0,0.3499756,1.0,0.6171005,0.26952386,-0.0063736984,0.000945622,-0.0068465094,0.6886228,0.57336426,0.42663574,0.076660156,0.562522292137146
3219456,2155.0102908169647,7.0,269.4839,500.0,233.55081,-1.0,0.350708,1.0,0.6174758,0.27019158,-0.006254345,0.0017802226,-0.0071444567,0.6833963,0.57250977,0.42749023,0.07678223,0.5626776814460754
3227648,2148.2429176061914,7.0,269.36548,500.0,233.5425,-1.0,0.35107422,1.0,0.61756414,0.27031896,-0.0065258197,0.0013479051,-0.007199773,0.6834931,0.57214355,0.42785645,0.07678223,0.5627725124359131
3235840,2161.6898684989246,7.0,269.19043,500.0,233.59637,-1.0,0.35180664,1.0,0.617345,0.27084407,-0.0061191637,0.0016436493,-0.006940988,0.6872234,0.5716553,0.42834473,0.076538086,0.5631285905838013
3244032,2144.088885266846,7.0,268.6029,500.0,233.62236,-1.0,0.35327148,1.0,0.61749715,0.27211303,-0.005514331,0.0016296443,-0.0063291537,0.6859686,0.5703125,0.4296875,0.076416016,0.5628786087036133
3252224,2154.536523309052,7.0,268.25208,500.0,233.71606,-1.0,0.3552246,1.0,0.6167716,0.27371228,-0.004477103,0.0012548686,-0.005104537,0.6764921,0.5690918,0.4309082,0.075683594,0.5627601742744446
3260416,2146.4238512234583,7.0,268.2793,500.0,233.71365,-1.0,0.35583496,1.0,0.61632067,0.27406245,-0.0060149822,0.0010322304,-0.006531098,0.6734202,0.56884766,0.43115234,0.07531738,0.5625101923942566
3268608,2153.0811206433928,7.0,268.47937,500.0,233.73119,-1.0,0.35534668,1.0,0.6162063,0.2738204,-0.008128021,0.00066911266,-0.008462577,0.6698196,0.56933594,0.43066406,0.07531738,0.5622602105140686
3276800,2150.63567340884,7.0,268.61133,500.0,233.71596,-1.0,0.35534668,1.0,0.61600816,0.27371773,-0.0073881866,0.0011647322,-0.007970553,0.6714413,0.569458,0.430542,0.07519531,0.5624102354049683
3284992,2159.9287524851784,7.0,268.37366,500.0,233.75854,-1.0,0.35595703,1.0,0.61595297,0.2744369,-0.006926861,0.0015740888,-0.0077139046,0.6749887,0.5689697,0.43103027,0.07507324,0.562454342842102
3293184,2153.8844541265507,7.0,268.29236,500.0,233.7319,-1.0,0.3557129,1.0,0.61629206,0.27418083,-0.005936144,0.0018684998,-0.0068703936,0.67763937,0.5689697,0.43103027,0.07531738,0.5628495216369629
3301376,2156.111056880224,7.0,268.46997,500.0,233.75775,-1.0,0.35620117,1.0,0.6156135,0.2746278,-0.0068375897,0.0012292287,-0.007452205,0.6773616,0.5689697,0.43103027,0.0748291,0.5625995397567749
3309568,2146.0105458859084,7.0,268.25037,500.0,233.8349,-1.0,0.35705566,1.0,0.615416,0.27531332,-0.006448657,0.0017052041,-0.007301259,0.67137206,0.5683594,0.43164062,0.07458496,0.5626198053359985
3317760,2146.548155481989,7.0,268.52698,500.0,233.83852,-1.0,0.35668945,1.0,0.61513233,0.27499807,-0.004235342,0.0015718117,-0.005021248,0.6657603,0.56884766,0.43115234,0.07446289,0.5627401471138
3325952,2148.459988786154,7.0,268.1698,500.0,233.7766,-1.0,0.35766602,1.0,0.61535907,0.2753906,-0.005962355,0.0020298327,-0.0069772713,0.66423714,0.5678711,0.4321289,0.07446289,0.562906801700592
3334144,2140.4922651389898,7.0,268.18616,500.0,233.81662,-1.0,0.35742188,1.0,0.61530256,0.27536225,-0.0063306224,0.0008796692,-0.0067704576,0.6588236,0.56811523,0.43188477,0.07446289,0.5630413889884949
3342336,2130.8703175690725,7.0,268.0448,500.0,233.84352,-1.0,0.35876465,1.0,0.61462,0.27645278,-0.008450856,0.0010403688,-0.008971041,0.6569449,0.5673828,0.4326172,0.07385254,0.5629476308822632
3350528,2151.973067313366,7.0,268.00818,500.0,233.88461,-1.0,0.35925293,1.0,0.61433464,0.27734032,-0.005369857,0.0013592207,-0.0060494673,0.647322,0.5671387,0.43286133,0.0736084,0.5630006790161133
3358720,2148.937135354926,7.0,267.4475,500.0,233.9607,-1.0,0.3602295,1.0,0.6145576,0.27837032,-0.0072372598,0.0020267074,-0.008250614,0.63575447,0.5661621,0.4338379,0.0736084,0.5632157921791077
3366912,2158.3098651780997,7.0,267.55957,500.0,233.99626,-1.0,0.35961914,1.0,0.61461705,0.27805918,-0.006644789,0.001504914,-0.0073972465,0.6323931,0.5666504,0.4333496,0.07373047,0.5634203553199768
3375104,2155.8252094306654,7.0,267.18042,500.0,234.03554,-1.0,0.36010742,1.0,0.6149269,0.2785977,-0.0037518002,0.0013344978,-0.0044190492,0.6319252,0.56604004,0.43395996,0.07385254,0.5634406208992004
3383296,2150.7278865964377,7.0,267.0238,500.0,234.03093,-1.0,0.3614502,1.0,0.6144367,0.27945235,-0.007215069,0.0015479742,-0.007989057,0.6321362,0.56518555,0.43481445,0.07336426,0.5631906390190125
3391488,2138.991450879113,7.0,266.81885,500.0,234.04681,-1.0,0.36206055,1.0,0.6143753,0.27989605,-0.0056878133,0.0010589251,-0.0062172753,0.63052034,0.56469727,0.43530273,0.07324219,0.5632436871528625
3399680,2155.363657531937,7.0,266.4729,500.0,234.01494,-1.0,0.36364746,1.0,0.6141335,0.28066903,-0.0062736263,0.001902035,-0.0072246436,0.6306299,0.56347656,0.43652344,0.07287598,0.563115656375885
3407872,2156.872514053676,7.0,266.3562,500.0,234.01703,-1.0,0.36413574,1.0,0.61404294,0.28090388,-0.005380584,0.0008253805,-0.0057932734,0.6291096,0.56311035,0.43688965,0.072753906,0.563073992729187
3416064,2152.795401553909,7.0,265.70618,500.0,234.06076,-1.0,0.36535645,1.0,0.61431175,0.2820838,-0.006845134,0.0018124601,-0.007751364,0.6313535,0.56188965,0.43811035,0.072753906,0.5632891058921814
3424256,2154.9736630233997,7.0,265.82275,500.0,234.06732,-1.0,0.3656006,1.0,0.61396766,0.28218526,-0.005836973,0.0012381825,-0.006456064,0.62892765,0.56188965,0.43811035,0.072509766,0.5633617043495178
3432448,2157.970440227438,7.0,265.50537,500.0,234.05919,-1.0,0.36657715,1.0,0.6139819,0.28293458,-0.005517849,0.0015817059,-0.0063087014,0.62358797,0.56103516,0.43896484,0.072387695,0.5633748769760132
3440640,2157.148752987762,7.0,265.14197,500.0,234.09753,-1.0,0.36730957,1.0,0.61414057,0.28354558,-0.007146258,0.0010949641,-0.00769374,0.6137761,0.56030273,0.43969727,0.072387695,0.5634697079658508
3448832,2154.2394776418523,7.0,264.59705,500.0,234.1106,-1.0,0.368042,1.0,0.61469567,0.2843368,-0.009158978,0.0019892128,-0.010153584,0.616554,0.5593262,0.44067383,0.072631836,0.5637878775596619
3457024,2156.5378722566697,7.0,264.2793,500.0,234.0884,-1.0,0.36828613,1.0,0.615145,0.2843621,-0.007239367,0.0018503163,-0.008164525,0.62115556,0.5588379,0.4411621,0.07287598,0.5641093254089355
3465216,2150.781198849311,7.0,264.5376,500.0,234.07217,-1.0,0.36828613,1.0,0.614748,0.2842457,-0.007255638,0.0012141644,-0.00786272,0.61429644,0.55908203,0.44091797,0.072631836,0.5640063881874084
3473408,2160.2996255284475,7.0,264.33057,500.0,234.05786,-1.0,0.3696289,1.0,0.6142397,0.28497905,-0.006606117,0.0016487556,-0.0074304948,0.6112552,0.55822754,0.44177246,0.072143555,0.5640420913696289
3481600,2149.4525465326237,7.0,263.96033,500.0,234.04518,-1.0,0.37072754,1.0,0.6142732,0.28585577,-0.0074491655,0.0014824341,-0.008190382,0.614357,0.557251,0.44274902,0.072021484,0.5640420913696289
3489792,2143.1762655517905,7.0,263.9784,500.0,234.06912,-1.0,0.37194824,1.0,0.61353487,0.2867321,-0.0051162867,0.0017323438,-0.0059824586,0.61288625,0.5566406,0.44335938,0.07141113,0.56394362449646
3497984,2147.855764011115,7.0,264.04932,500.0,234.05917,-1.0,0.37219238,1.0,0.61338675,0.28646722,-0.006135549,0.001754314,-0.0070127062,0.6087919,0.55651855,0.44348145,0.07128906,0.5640936493873596
3506176,2151.6873727239986,7.0,264.49023,500.0,234.07674,-1.0,0.3717041,1.0,0.61288667,0.28594106,-0.00609847,0.0009863158,-0.0065916283,0.6023168,0.557251,0.44274902,0.07104492,0.564035952091217
3514368,2153.525903303193,7.0,264.3335,500.0,234.12733,-1.0,0.37243652,1.0,0.61264116,0.28639525,-0.008213995,0.00097231823,-0.008700153,0.5982982,0.5567627,0.4432373,0.07080078,0.5639472603797913
3522560,2137.0231866293475,7.0,264.6349,500.0,234.1294,-1.0,0.37219238,1.0,0.61219156,0.2859724,-0.0048800437,0.0010266966,-0.0053933924,0.59209925,0.557251,0.44274902,0.07055664,0.5642527937889099
3530752,2152.4078189878896,7.0,264.2942,500.0,234.08336,-1.0,0.37329102,1.0,0.61222047,0.2867849,-0.006371983,0.0018793334,-0.0073116496,0.5935666,0.5562744,0.4437256,0.07043457,0.5643873810768127
3538944,2155.7811147744474,7.0,264.15076,500.0,234.06354,-1.0,0.3734131,1.0,0.6124451,0.2867248,-0.0070005124,0.0013780692,-0.0076895463,0.5966314,0.5560303,0.44396973,0.07055664,0.5643159747123718
3547136,2151.132910536919,7.0,264.01404,500.0,234.08327,-1.0,0.37365723,1.0,0.6124956,0.28705108,-0.007663649,0.0009784878,-0.008152893,0.59113413,0.55578613,0.44421387,0.07055664,0.5640659928321838
3555328,2156.9775848396716,7.0,264.21216,500.0,234.08627,-1.0,0.37365723,1.0,0.61209685,0.28706014,-0.005404913,0.000810251,-0.005810039,0.59195906,0.5560303,0.44396973,0.0703125,0.5638160109519958
3563520,2146.256659895746,7.0,264.01953,500.0,234.11101,-1.0,0.37438965,1.0,0.61184865,0.287849,-0.0057396246,0.0017071046,-0.006593177,0.59871143,0.555542,0.444458,0.07006836,0.5638517141342163
3571712,2152.4306061675375,7.0,264.06006,500.0,234.15646,-1.0,0.37390137,1.0,0.6119477,0.28795773,-0.0075943465,0.0013105557,-0.008249625,0.60450685,0.5559082,0.4440918,0.07019043,0.5641786456108093
3579904,2150.1272294285823,7.0,263.50513,500.0,234.10017,-1.0,0.37524414,1.0,0.6122228,0.28890014,-0.008126333,0.0019938336,-0.00912325,0.60309,0.5545654,0.44543457,0.07019043,0.5643340349197388
3588096,2147.266237293474,7.0,263.37476,500.0,234.1073,-1.0,0.3758545,1.0,0.61214757,0.28914267,-0.005744816,0.0012454299,-0.0063675307,0.6017259,0.55407715,0.44592285,0.07006836,0.5642355680465698
3596288,2154.4534395302203,7.0,263.094,500.0,234.14247,-1.0,0.37561035,1.0,0.612696,0.2890565,-0.009021856,0.001184949,-0.00961433,0.59817463,0.5539551,0.44604492,0.07043457,0.5645411014556885
3604480,2153.0181156298586,7.0,263.08118,500.0,234.15157,-1.0,0.37573242,1.0,0.61272067,0.28917772,-0.009107021,0.0015043118,-0.009859176,0.594556,0.553833,0.446167,0.07043457,0.5646359324455261
3612672,2152.2525014801545,7.0,262.70593,500.0,234.17116,-1.0,0.37719727,1.0,0.6124183,0.2903968,-0.009715769,0.0021328446,-0.010782193,0.5832297,0.5527344,0.44726562,0.07006836,0.5647120475769043
3620864,2145.934149423232,7.0,262.7312,500.0,234.15253,-1.0,0.37768555,1.0,0.6121173,0.29065144,-0.007159805,0.00095283065,-0.0076362193,0.5802502,0.55249023,0.44750977,0.06982422,0.5646287202835083
3629056,2156.932901424528,7.0,263.02356,500.0,234.15086,-1.0,0.37731934,1.0,0.61184454,0.29031467,-0.0064382274,0.00039264583,-0.00663455,0.58708984,0.5529785,0.44702148,0.06970215,0.5643787384033203
3637248,2147.9116193901637,7.0,262.5968,500.0,234.14221,-1.0,0.3782959,1.0,0.61203957,0.2912429,-0.007028666,0.0014708606,-0.007764096,0.5840617,0.55200195,0.44799805,0.06970215,0.5645453929901123
3645440,2155.6848161527523,7.0,262.23828,500.0,234.12679,-1.0,0.37963867,1.0,0.6119061,0.2922386,-0.006666802,0.0013564131,-0.0073450087,0.57765734,0.5509033,0.44909668,0.06945801,0.5644469261169434
3653632,2153.3125304378623,7.0,261.95264,500.0,234.12836,-1.0,0.38049316,1.0,0.61187416,0.29291782,-0.006254405,0.0014003225,-0.006954566,0.57016706,0.5501709,0.4498291,0.06933594,0.5644999742507935
3661824,2154.9837997420273,7.0,261.55627,500.0,234.12183,-1.0,0.38134766,1.0,0.6120404,0.29353526,-0.0053660404,0.001641175,-0.006186628,0.5572803,0.5493164,0.4506836,0.06933594,0.5643815398216248
3670016,2146.1272955492127,7.0,261.74133,500.0,234.15576,-1.0,0.3815918,1.0,0.61148906,0.2936119,-0.0081641115,0.0008884408,-0.008608332,0.5443484,0.5494385,0.45056152,0.06896973,0.5641315579414368
3678208,2160.2675714207753,7.0,261.55652,500.0,234.12053,-1.0,0.38183594,1.0,0.61173594,0.29368174,-0.008089762,0.0012927472,-0.0087361345,0.54077566,0.54907227,0.45092773,0.0690918,0.5643654465675354
3686400,2154.69365698132,7.0,260.6494,500.0,234.10542,-1.0,0.38256836,1.0,0.6128736,0.29422507,-0.010003919,0.0024403105,-0.011224074,0.5347377,0.5477295,0.4522705,0.06970215,0.5647037029266357
3694592,2153.2681336826217,7.0,260.65076,500.0,234.10323,-1.0,0.38305664,1.0,0.61256856,0.29448843,-0.0057740984,0.00091413106,-0.0062311627,0.5223529,0.54748535,0.45251465,0.06945801,0.5644537210464478
3702784,2155.4527610048276,7.0,260.38672,500.0,234.09329,-1.0,0.38415527,1.0,0.6123788,0.29499584,-0.007581236,0.0010582813,-0.008110376,0.5184165,0.54663086,0.45336914,0.06921387,0.564365029335022
3710976,2156.4631606007415,7.0,260.3451,500.0,234.10504,-1.0,0.3843994,1.0,0.61222553,0.29547477,-0.0058211964,0.0016376628,-0.0066400273,0.51870704,0.5465088,0.4534912,0.0690918,0.5642874240875244
3719168,2153.674385019739,7.0,259.92334,500.0,234.09413,-1.0,0.38513184,1.0,0.61256266,0.29596135,-0.006884682,0.0014103771,-0.0075898706,0.5222852,0.5456543,0.4543457,0.06921387,0.5643151998519897
3727360,2160.294600033436,7.0,260.21338,500.0,234.09691,-1.0,0.38476562,1.0,0.61229455,0.2956823,-0.0053836014,0.00054891116,-0.0056580575,0.5238456,0.5461426,0.45385742,0.0690918,0.5640652179718018
3735552,2146.164561606323,7.0,259.27698,500.0,234.09674,-1.0,0.38598633,1.0,0.61312056,0.29659748,-0.0057238387,0.002459659,-0.006953669,0.52219313,0.54455566,0.45544434,0.06945801,0.5642073750495911
3743744,2148.986461094574,7.0,259.00537,500.0,234.12724,-1.0,0.38671875,1.0,0.61305726,0.29735184,-0.0061617056,0.0011820347,-0.0067527234,0.5148306,0.5439453,0.4560547,0.06933594,0.5641186833381653
3751936,2148.038647485544,7.0,258.6327,500.0,234.1206,-1.0,0.38671875,1.0,0.6136543,0.2973823,-0.0069928756,0.0014368389,-0.007711296,0.51127493,0.5435791,0.4564209,0.06970215,0.564337432384491
3760128,2156.9488789179113,7.0,258.33643,500.0,234.10849,-1.0,0.38745117,1.0,0.613789,0.29796034,-0.0059661963,0.0011296623,-0.0065310276,0.5076689,0.5428467,0.45715332,0.06970215,0.56426602602005
3768320,2146.689372932015,7.0,258.4939,500.0,234.0893,-1.0,0.38745117,1.0,0.6135901,0.29781896,-0.0071571143,0.0011882309,-0.007751229,0.50368035,0.54296875,0.45703125,0.06958008,0.5640160441398621
3776512,2148.8094634389417,7.0,258.59192,500.0,234.07564,-1.0,0.38793945,1.0,0.61308247,0.29796892,-0.005939995,0.00087244913,-0.00637622,0.5030934,0.5428467,0.45715332,0.06921387,0.5637660622596741
3784704,2152.6754976737334,7.0,258.39233,500.0,234.1089,-1.0,0.3881836,1.0,0.61312705,0.2984106,-0.0050666137,0.0013278127,-0.00573052,0.50091016,0.54260254,0.45739746,0.06921387,0.5635160803794861
3792896,2154.0799794169698,7.0,258.17188,500.0,234.09738,-1.0,0.3881836,1.0,0.6135251,0.2983238,-0.0055890996,0.0022851573,-0.0067316783,0.50187886,0.5423584,0.4576416,0.06945801,0.5638910531997681
3801088,2164.4134192134097,7.0,257.73755,500.0,234.07068,-1.0,0.3894043,1.0,0.6135474,0.29919145,-0.005785362,0.0015570958,-0.00656391,0.5006888,0.54125977,0.45874023,0.06933594,0.5640256404876709
3809280,2154.9121689744975,7.0,257.2068,500.0,234.01834,-1.0,0.390625,1.0,0.61376625,0.29985276,-0.006751804,0.0018999164,-0.0077017625,0.49113223,0.54003906,0.45996094,0.06933594,0.5641165375709534
3817472,2149.803285745319,7.0,257.255,500.0,233.9977,-1.0,0.39123535,1.0,0.61327785,0.3002576,-0.003912122,0.00085645996,-0.0043403516,0.48091495,0.5397949,0.46020508,0.06896973,0.5638665556907654
3825664,2140.616550107256,7.0,257.5918,500.0,234.01337,-1.0,0.3909912,1.0,0.61283624,0.30007476,-0.005946711,0.0005654419,-0.0062294323,0.48674142,0.5402832,0.4597168,0.068725586,0.5636165738105774
3833856,2155.777733356874,7.0,257.41406,500.0,234.0007,-1.0,0.39172363,1.0,0.61276686,0.3004912,-0.0050929734,0.0008989398,-0.005542443,0.49587676,0.53967285,0.46032715,0.068603516,0.5633665919303894
3842048,2156.3570572907515,7.0,257.1753,500.0,234.00172,-1.0,0.3922119,1.0,0.61285293,0.30086905,-0.008196391,0.0009899503,-0.008691367,0.4907226,0.5391846,0.46081543,0.068603516,0.5634106993675232
3850240,2152.417257406132,7.0,257.01428,500.0,233.99988,-1.0,0.3927002,1.0,0.61273944,0.30133176,-0.008381767,0.0006528626,-0.008708198,0.48830086,0.53881836,0.46118164,0.068481445,0.5631607174873352
3858432,2141.316789478601,7.0,257.11414,500.0,234.00832,-1.0,0.39257812,1.0,0.61271805,0.30113575,-0.0074569806,0.0014759849,-0.008194973,0.48786342,0.5389404,0.46105957,0.068481445,0.5632232427597046
3866624,2135.5889514377295,7.0,257.35498,500.0,234.00752,-1.0,0.39160156,1.0,0.6129445,0.30052644,-0.007047955,0.0010798262,-0.0075878683,0.4905768,0.53967285,0.46032715,0.068725586,0.5635287761688232
3874816,2151.460757676863,7.0,256.82214,500.0,233.97768,-1.0,0.39208984,1.0,0.6136277,0.3009447,-0.0066229384,0.0015658212,-0.0074058496,0.49786344,0.53881836,0.46118164,0.0690918,0.5639037489891052
3883008,2151.2873930217866,7.0,256.75183,500.0,233.99275,-1.0,0.39294434,1.0,0.61318046,0.30167454,-0.0074825445,0.0010654671,-0.008015278,0.49430063,0.5383301,0.46166992,0.068725586,0.5636537671089172
3891200,2151.5693437106224,7.0,256.938,500.0,233.96964,-1.0,0.39245605,1.0,0.61329406,0.3011615,-0.0061347485,0.0013728184,-0.0068211583,0.4895935,0.5386963,0.4613037,0.068847656,0.5638583302497864
3899392,2148.9992297067506,7.0,257.10913,500.0,233.99567,-1.0,0.39208984,1.0,0.6132297,0.30127567,-0.007813152,0.001176438,-0.008401371,0.49455154,0.5390625,0.4609375,0.068847656,0.5639416575431824
3907584,2153.3445134294266,7.0,257.3025,500.0,234.05133,-1.0,0.3914795,1.0,0.61312205,0.301172,-0.005306235,0.0011512513,-0.005881861,0.5046668,0.53967285,0.46032715,0.068847656,0.5640041828155518
3915776,2152.698695132627,7.0,257.0326,500.0,234.03734,-1.0,0.3930664,1.0,0.6126042,0.30255422,-0.006893414,0.0015611628,-0.0076739965,0.50382876,0.5385742,0.46142578,0.068359375,0.5640041828155518
3923968,2149.364610704943,7.0,257.43933,500.0,234.05917,-1.0,0.39233398,1.0,0.61227655,0.30202043,-0.0046369173,0.0007404553,-0.005007145,0.49355528,0.5394287,0.4605713,0.068237305,0.5637542009353638
3932160,2149.024767386312,7.0,257.4016,500.0,234.06146,-1.0,0.3927002,1.0,0.6121415,0.3022993,-0.0071482146,0.0009264746,-0.007611451,0.4865924,0.5391846,0.46081543,0.068115234,0.5635042190551758
3940352,2166.045029367911,7.0,257.2616,500.0,234.04788,-1.0,0.3939209,1.0,0.61155635,0.30325097,-0.0070231953,0.0013609211,-0.0077036563,0.48149446,0.53845215,0.46154785,0.06762695,0.5634012818336487
3948544,2153.135359175917,7.0,257.3988,500.0,234.04405,-1.0,0.39367676,1.0,0.611514,0.30301964,-0.004556421,0.00080365746,-0.0049582496,0.48085165,0.5386963,0.4613037,0.06762695,0.5633785724639893
3956736,2150.4122406702627,7.0,257.2716,500.0,234.02284,-1.0,0.39440918,1.0,0.6112415,0.30366272,-0.0057436954,0.0014041145,-0.006445753,0.47942492,0.538208,0.461792,0.06738281,0.5632568001747131
3964928,2163.4944534846095,7.0,257.65784,500.0,234.05037,-1.0,0.39404297,1.0,0.6107785,0.30347693,-0.0067755864,0.0007005584,-0.007125865,0.48062178,0.53881836,0.46118164,0.06713867,0.5630068182945251
3973120,2149.320511041749,7.0,257.7755,500.0,234.05554,-1.0,0.39404297,1.0,0.6105786,0.30341375,-0.0049903253,0.0016674788,-0.005824064,0.4850039,0.5389404,0.46105957,0.0670166,0.5632255673408508
3981312,2153.880403563533,7.0,257.52307,500.0,234.05263,-1.0,0.39416504,1.0,0.6109995,0.30356324,-0.004532098,0.0017134098,-0.005388803,0.48020676,0.5385742,0.46142578,0.06726074,0.5636005401611328
3989504,2158.359622135943,7.0,257.50134,500.0,234.06502,-1.0,0.39416504,1.0,0.6109995,0.30368888,-0.005846767,0.0008396832,-0.006266609,0.47217312,0.5385742,0.46142578,0.06726074,0.5635229349136353
3997696,2142.8747262528414,7.0,257.4336,500.0,234.07376,-1.0,0.39404297,1.0,0.6111781,0.30351105,-0.0051625646,0.00068000506,-0.0055025676,0.46638876,0.5385742,0.46142578,0.06738281,0.5636062622070312
4005888,2150.544006530293,7.0,256.7976,500.0,234.09193,-1.0,0.39575195,1.0,0.61107254,0.30506945,-0.0074024214,0.0016539457,-0.008229394,0.46325868,0.5371094,0.46289062,0.06713867,0.5634812712669373
4014080,2147.3582959594733,7.0,257.02075,500.0,234.1145,-1.0,0.39562988,1.0,0.610652,0.30502027,-0.0046406738,0.0008091413,-0.0050452445,0.46503717,0.5374756,0.4625244,0.06689453,0.5636158585548401
4022272,2152.784745887702,7.0,257.4425,500.0,234.12697,-1.0,0.39440918,1.0,0.6106421,0.30404943,-0.005819092,0.0011945505,-0.006416367,0.47104353,0.5385742,0.46142578,0.0670166,0.5637658834457397
4030464,2148.671057343064,7.0,257.20105,500.0,234.16682,-1.0,0.39562988,1.0,0.61025214,0.30497906,-0.006415424,0.0015892026,-0.0072100246,0.4757497,0.5377197,0.46228027,0.06665039,0.5641041398048401
4038656,2154.5662458918077,7.0,257.2489,500.0,234.17526,-1.0,0.39624023,1.0,0.6097559,0.30542234,-0.008153575,0.0009206371,-0.008613893,0.47684568,0.5374756,0.4625244,0.06628418,0.5638541579246521
4046848,2152.12187416167,7.0,257.1427,500.0,234.20337,-1.0,0.39697266,1.0,0.6092793,0.30607873,-0.00788095,0.000908369,-0.008335136,0.46753812,0.5371094,0.46289062,0.06591797,0.5637708306312561
4055040,2139.9958026864,7.0,256.90833,500.0,234.22128,-1.0,0.39904785,1.0,0.6082234,0.30783698,-0.005975577,0.0012995171,-0.0066253357,0.46165335,0.5358887,0.46411133,0.06506348,0.56366366147995
4063232,2150.8256277457117,7.0,257.1482,500.0,234.26468,-1.0,0.39868164,1.0,0.60796165,0.30766547,-0.0057895067,0.0006192306,-0.0060991216,0.45836607,0.53637695,0.46362305,0.064941406,0.5636409521102905
4071424,2152.7931085535392,7.0,257.2578,500.0,234.23846,-1.0,0.39831543,1.0,0.6081013,0.30733132,-0.0045199287,0.001333993,-0.005186925,0.46215108,0.5366211,0.4633789,0.06506348,0.5637481212615967
4079616,2155.5509320852625,7.0,256.97766,500.0,234.2554,-1.0,0.39953613,1.0,0.60770184,0.30846936,-0.008374121,0.001103892,-0.008926067,0.4540128,0.5357666,0.4642334,0.064697266,0.563629686832428
4087808,2157.712283077931,7.0,256.84033,500.0,234.22746,-1.0,0.39941406,1.0,0.6080833,0.30817294,-0.0070376433,0.0018765724,-0.0079759285,0.4428983,0.53564453,0.46435547,0.064941406,0.5638635754585266
4096000,2148.857976979902,7.0,257.13477,500.0,234.2323,-1.0,0.39953613,1.0,0.6075009,0.3080728,-0.0045310864,0.0004558626,-0.0047590174,0.4491365,0.5358887,0.46411133,0.064575195,0.5636135935783386
4104192,2154.362392471512,7.0,256.68677,500.0,234.2068,-1.0,0.4005127,1.0,0.6076616,0.30856422,-0.006813295,0.0017428536,-0.0076847216,0.45419702,0.5349121,0.4650879,0.064575195,0.5637481808662415
4112384,2156.8921463481297,7.0,256.21082,500.0,234.24518,-1.0,0.40124512,1.0,0.6077811,0.30926317,-0.0058171437,0.0015848371,-0.006609563,0.46000838,0.5341797,0.4658203,0.064575195,0.5639035701751709
4120576,2156.11308635694,7.0,256.53613,500.0,234.27266,-1.0,0.40100098,1.0,0.60733956,0.30903763,-0.006730442,0.0009932902,-0.007227087,0.46210557,0.53466797,0.46533203,0.064331055,0.5639984011650085
4128768,2154.4522237176147,7.0,256.25195,500.0,234.25691,-1.0,0.40112305,1.0,0.6077612,0.30902874,-0.005869017,0.0025362144,-0.0071371244,0.46289337,0.53430176,0.46569824,0.064575195,0.5641233921051025
4136960,2152.1604271181545,7.0,256.62646,500.0,234.27438,-1.0,0.40148926,1.0,0.60681576,0.3091467,-0.00700022,0.0006366685,-0.0073185544,0.4584884,0.5345459,0.4654541,0.063964844,0.5638734102249146
4145152,2156.4454308772074,7.0,256.7284,500.0,234.3155,-1.0,0.4020996,1.0,0.6061094,0.3096587,-0.005272941,0.00079340866,-0.005669646,0.4545453,0.5344238,0.46557617,0.06347656,0.5636234283447266
4153344,2154.9260892980324,7.0,256.77856,500.0,234.32399,-1.0,0.40148926,1.0,0.6064133,0.3093146,-0.006027451,0.001896508,-0.0069757053,0.4510165,0.53479004,0.46520996,0.0637207,0.563778817653656
4161536,2149.171688037723,7.0,256.76062,500.0,234.33519,-1.0,0.40148926,1.0,0.6064133,0.30933365,-0.008247927,0.0013174488,-0.008906651,0.44691023,0.53479004,0.46520996,0.0637207,0.5638514161109924
4169728,2154.3571244054156,7.0,256.93823,500.0,234.33281,-1.0,0.4013672,1.0,0.60619205,0.3092365,-0.008273502,0.0013967048,-0.008971854,0.43844813,0.5350342,0.46496582,0.06359863,0.5639139413833618
4177920,2154.67906406701,7.0,256.88257,500.0,234.29637,-1.0,0.4025879,1.0,0.6055836,0.31002894,-0.0055150036,0.0010860336,-0.0060580205,0.43490395,0.53430176,0.46569824,0.06311035,0.5636639595031738
4186112,2149.721777085168,7.0,257.05017,500.0,234.27173,-1.0,0.40283203,1.0,0.6052196,0.30974734,-0.007294853,0.000932882,-0.007761295,0.4352113,0.53430176,0.46569824,0.06286621,0.5634139776229858
4194304,2149.7337474417754,7.0,257.05957,500.0,234.29323,-1.0,0.40319824,1.0,0.60487485,0.30984768,-0.0062411046,0.0011119344,-0.006797071,0.43756184,0.5341797,0.4658203,0.06262207,0.5635088086128235
4202496,2157.701985176299,7.0,256.94092,500.0,234.33147,-1.0,0.40319824,1.0,0.6050767,0.30993485,-0.006678117,0.0018784032,-0.007617319,0.4407548,0.5340576,0.46594238,0.06274414,0.5637760758399963
4210688,2152.721083851944,7.0,256.78577,500.0,234.34373,-1.0,0.40368652,1.0,0.6049528,0.31012,-0.008460263,0.0012928412,-0.009106683,0.43697655,0.5336914,0.4663086,0.06262207,0.5638117790222168
4218880,2151.995845288609,7.0,256.57983,500.0,234.33748,-1.0,0.4041748,1.0,0.6050303,0.31049898,-0.008464627,0.0009985623,-0.008963908,0.43309548,0.5332031,0.46679688,0.06262207,0.5635617971420288
4227072,2149.052456293094,6.0,256.76428,500.0,234.33247,-1.0,0.4038086,1.0,0.6049721,0.31027144,-0.0060589975,0.00074884616,-0.00643342,0.42834842,0.53356934,0.46643066,0.06262207,0.5636451244354248
4235264,2157.6575427283497,6.0,256.43542,500.0,234.30205,-1.0,0.4038086,1.0,0.6055772,0.31012434,-0.0076605002,0.0021404782,-0.008730739,0.42721313,0.5332031,0.46679688,0.06298828,0.5638713240623474
4243456,2151.9090489591845,6.0,256.4536,500.0,234.29543,-1.0,0.40405273,1.0,0.60541433,0.310265,-0.00667411,0.000867708,-0.0071079633,0.42907917,0.53308105,0.46691895,0.06286621,0.5636213421821594
4251648,2151.041335929544,6.0,256.54663,500.0,234.25018,-1.0,0.40429688,1.0,0.6052514,0.3100284,-0.0062421877,0.0015962522,-0.007040314,0.42785275,0.532959,0.46704102,0.06274414,0.5635326504707336
4259840,2151.702194633967,6.0,257.0315,500.0,234.24785,-1.0,0.40405273,1.0,0.6046072,0.30972236,-0.007643573,0.0012498279,-0.008268487,0.4212044,0.53356934,0.46643066,0.06237793,0.5634826421737671
4268032,2150.5608317301017,6.0,257.07397,500.0,234.22629,-1.0,0.40478516,1.0,0.60411716,0.31014067,-0.008073806,0.0012818291,-0.008714721,0.4218429,0.5332031,0.46679688,0.06201172,0.56337970495224
4276224,2148.1842245802413,6.0,257.30505,500.0,234.20609,-1.0,0.40429688,1.0,0.60404,0.30964565,-0.006407983,0.0012597373,-0.0070378515,0.41973653,0.5336914,0.4663086,0.06201172,0.5635000467300415
4284416,2157.4736951030686,6.0,257.05322,500.0,234.2242,-1.0,0.40515137,1.0,0.60377055,0.31043547,-0.006201584,0.001449507,-0.006926338,0.42760965,0.53308105,0.46691895,0.061767578,0.5633636713027954
4292608,2146.551642108892,6.0,256.94116,500.0,234.19086,-1.0,0.40576172,1.0,0.6036639,0.3107809,-0.0071935817,0.0007616895,-0.007574426,0.43372178,0.5325928,0.46740723,0.061645508,0.5631136894226074
4300800,2147.967746230807,6.0,256.93396,500.0,234.19438,-1.0,0.4058838,1.0,0.60348076,0.31055853,-0.006824545,0.0013714933,-0.0075102923,0.42738667,0.5325928,0.46740723,0.061523438,0.5633324384689331
4308992,2149.1597239397074,6.0,256.91882,500.0,234.2068,-1.0,0.40563965,1.0,0.6036449,0.31050727,-0.009102139,0.0008785711,-0.009541424,0.4311893,0.53271484,0.46728516,0.061645508,0.5634527802467346
4317184,2155.6308548157763,6.0,256.58655,500.0,234.19069,-1.0,0.4066162,1.0,0.6035945,0.311184,-0.009606529,0.0010841426,-0.010148602,0.43900442,0.53186035,0.46813965,0.061523438,0.5633456110954285
4325376,2145.9325411351106,6.0,256.31555,500.0,234.20404,-1.0,0.4083252,1.0,0.60284483,0.31270927,-0.0072328523,0.0016006362,-0.00803317,0.43552724,0.5307617,0.46923828,0.060913086,0.5633456110954285
4333568,2156.1718075377353,6.0,255.94812,500.0,234.19785,-1.0,0.40966797,1.0,0.6026425,0.3134981,-0.007193837,0.002241973,-0.008314824,0.4261623,0.5296631,0.4703369,0.060668945,0.5634527802467346
4341760,2151.8078403431596,6.0,255.97852,500.0,234.22006,-1.0,0.40979004,1.0,0.60245824,0.31376526,-0.0055858223,0.0009910493,-0.0060813464,0.41429707,0.5296631,0.4703369,0.060546875,0.563395082950592
4349952,2152.439235757976,6.0,255.78821,500.0,234.16597,-1.0,0.41027832,1.0,0.60253114,0.31385338,-0.0064195218,0.0016890625,-0.0072640525,0.40257612,0.5291748,0.4708252,0.060546875,0.5633723735809326
4358144,2150.7350216690083,6.0,255.57727,500.0,234.18916,-1.0,0.41064453,1.0,0.6025855,0.31446856,-0.0077308016,0.0009911754,-0.008226389,0.39755258,0.5288086,0.4711914,0.060546875,0.5633009672164917
4366336,2157.2420673191473,6.0,254.87561,500.0,234.21794,-1.0,0.4119873,1.0,0.6025806,0.31581777,-0.006507526,0.001310201,-0.0071626273,0.40150228,0.5275879,0.4724121,0.060424805,0.5634456872940063
4374528,2147.312399836113,6.0,254.91394,500.0,234.18536,-1.0,0.41174316,1.0,0.60274744,0.3154717,-0.00802886,0.001717974,-0.008887847,0.4001644,0.52770996,0.47229004,0.060546875,0.5636123418807983
4382720,2151.4110488697115,6.0,254.9414,500.0,234.1825,-1.0,0.41235352,1.0,0.60222864,0.31593418,-0.0068875244,0.0012252522,-0.0075001502,0.39840692,0.5274658,0.47253418,0.060180664,0.5635347366333008
4390912,2145.3176816356786,6.0,254.95508,500.0,234.17485,-1.0,0.41210938,1.0,0.60239583,0.31573373,-0.007007903,0.0020567197,-0.008036263,0.3912345,0.5275879,0.4724121,0.060302734,0.5638729929924011
4399104,2146.8719236812462,6.0,254.5332,500.0,234.13927,-1.0,0.41259766,1.0,0.6028719,0.31617984,-0.0077861855,0.0017819415,-0.008677157,0.3883919,0.52685547,0.47314453,0.060546875,0.5638932585716248
4407296,2141.3725721863375,6.0,254.16553,500.0,234.1378,-1.0,0.41455078,1.0,0.60213906,0.3177663,-0.00522292,0.0016154572,-0.0060306485,0.38812456,0.5255127,0.4744873,0.059936523,0.5638813376426697
4415488,2150.73246380736,6.0,253.90039,500.0,234.14105,-1.0,0.41638184,1.0,0.601585,0.3188351,-0.006194305,0.0014564962,-0.0069225538,0.3840343,0.5241699,0.47583008,0.059448242,0.563762903213501
4423680,2151.2657075680113,6.0,253.77014,500.0,234.09662,-1.0,0.41674805,1.0,0.6016357,0.31906772,-0.0052580936,0.0015977642,-0.0060569756,0.3815712,0.5238037,0.4761963,0.059448242,0.5638577342033386
4431872,2143.1923072532827,6.0,253.73279,500.0,234.07854,-1.0,0.4173584,1.0,0.60131407,0.3194443,-0.0029444522,0.0009559425,-0.0034224233,0.38417086,0.5234375,0.4765625,0.0592041,0.563800036907196
4440064,2152.414425871968,6.0,253.40271,500.0,234.11298,-1.0,0.41906738,1.0,0.6005309,0.32106805,-0.0077041425,0.0013200053,-0.008364145,0.3794902,0.52233887,0.47766113,0.05859375,0.563758373260498
4448256,2160.086673697689,6.0,253.5365,500.0,234.12274,-1.0,0.41906738,1.0,0.6003276,0.32122448,-0.006140223,0.0008845401,-0.006582493,0.37823677,0.52246094,0.47753906,0.05847168,0.563675045967102
4456448,2159.3427584292936,6.0,253.50757,500.0,234.10818,-1.0,0.42041016,1.0,0.5994898,0.32217324,-0.0062675904,0.0014851361,-0.0070101586,0.3794335,0.5217285,0.47827148,0.057861328,0.5634250640869141
4464640,2155.2210261853193,6.0,253.31128,500.0,234.12083,-1.0,0.4210205,1.0,0.599367,0.3227675,-0.006244852,0.0017698267,-0.007129766,0.37090623,0.52124023,0.47875977,0.057739258,0.5633032917976379
4472832,2154.65366205806,6.0,253.37122,500.0,234.12138,-1.0,0.42114258,1.0,0.59917927,0.32287085,-0.007353836,0.0011885279,-0.007948101,0.36368752,0.52124023,0.47875977,0.057617188,0.5632455945014954
4481024,2159.303404925637,6.0,253.53479,500.0,234.12766,-1.0,0.42053223,1.0,0.5993025,0.32233894,-0.0073908768,0.0011372037,-0.007959479,0.36621317,0.5217285,0.47827148,0.057739258,0.5633659362792969
4489216,2152.890093246666,6.0,253.42859,500.0,234.15938,-1.0,0.4206543,1.0,0.59931856,0.32246393,-0.0092667695,0.0010811473,-0.009807343,0.36657953,0.52160645,0.47839355,0.057739258,0.5634385347366333
4497408,2148.166093515834,6.0,253.65198,500.0,234.1147,-1.0,0.41967773,1.0,0.59979934,0.32131836,-0.008596614,0.0020088165,-0.009601021,0.36818895,0.5222168,0.4777832,0.05810547,0.5638135075569153
4505600,2151.4866233306207,6.0,253.21472,500.0,234.13669,-1.0,0.42041016,1.0,0.5998969,0.32227573,-0.0077218832,0.0014285892,-0.008436178,0.3669627,0.5214844,0.47851562,0.05810547,0.5639801621437073
4513792,2149.7689867935233,6.0,253.10242,500.0,234.1296,-1.0,0.42016602,1.0,0.60027134,0.32202876,-0.006742952,0.0013282781,-0.0074070916,0.36268204,0.5214844,0.47851562,0.05834961,0.5640079379081726
4521984,2148.7035744543964,6.0,253.00317,500.0,234.11021,-1.0,0.4202881,1.0,0.6002876,0.3220645,-0.0058505796,0.0012942704,-0.006497715,0.36445594,0.5213623,0.4786377,0.05834961,0.5637579560279846
4530176,2147.2404730164308,6.0,253.18481,500.0,234.1102,-1.0,0.4206543,1.0,0.5997258,0.32253218,-0.00705731,0.0013375242,-0.007726072,0.3644309,0.5213623,0.4786377,0.0579834,0.563830554485321
4538368,2178.5039097975855,6.0,253.08777,500.0,234.08694,-1.0,0.42041016,1.0,0.6001004,0.32222304,-0.0058441167,0.0014291009,-0.006558667,0.3610727,0.5213623,0.4786377,0.05822754,0.564205527305603
4546560,2151.711357371355,6.0,253.0769,500.0,234.09238,-1.0,0.42016602,1.0,0.60027134,0.3220243,-0.0077170646,0.0014089406,-0.008421535,0.35734332,0.5214844,0.47851562,0.05834961,0.5644394159317017
4554752,2152.962533968475,6.0,253.09082,500.0,234.0815,-1.0,0.42041016,1.0,0.6001004,0.32205638,-0.007636216,0.0013409527,-0.008306692,0.35204032,0.5213623,0.4786377,0.05822754,0.56434565782547
4562944,2158.7005257694636,6.0,253.19897,500.0,234.12625,-1.0,0.4202881,1.0,0.59988075,0.32221287,-0.0063889762,0.0008269667,-0.00680246,0.35291207,0.52160645,0.47839355,0.05810547,0.564095675945282
4571136,2154.660552969372,6.0,253.021,500.0,234.12677,-1.0,0.42089844,1.0,0.5997581,0.32277688,-0.004928742,0.0014081047,-0.005632794,0.34321767,0.52111816,0.47888184,0.0579834,0.563997209072113
4579328,2155.8196636845523,6.0,252.87744,500.0,234.13667,-1.0,0.42114258,1.0,0.59979016,0.32309195,-0.006478872,0.001279468,-0.0071186065,0.33248767,0.520874,0.47912598,0.0579834,0.5640597343444824
4587520,2154.4248007533774,6.0,252.25867,500.0,234.10344,-1.0,0.42285156,1.0,0.5996054,0.32455763,-0.007977921,0.0016242212,-0.008790031,0.33137625,0.5194092,0.48059082,0.057739258,0.564037024974823
4595712,2147.7581583396127,6.0,252.25659,500.0,234.10583,-1.0,0.42260742,1.0,0.59977746,0.32431024,-0.0044358717,0.001290801,-0.005081272,0.32483652,0.51953125,0.48046875,0.057861328,0.5640995502471924
4603904,2148.8405064773087,6.0,252.29517,500.0,234.0993,-1.0,0.42248535,1.0,0.5997618,0.3240533,-0.009345658,0.0011523687,-0.009921843,0.3193791,0.5196533,0.48034668,0.057861328,0.5641620755195618
4612096,2147.26086968477,6.0,252.46191,500.0,234.04764,-1.0,0.42285156,1.0,0.5994018,0.32389626,-0.0077251433,0.0010121302,-0.008231209,0.3122681,0.51953125,0.48046875,0.057617188,0.5639120936393738
4620288,2152.0288674699004,6.0,252.39783,500.0,234.04474,-1.0,0.4227295,1.0,0.5995897,0.32381645,-0.0054001156,0.0018887918,-0.006344511,0.30978093,0.51953125,0.48046875,0.057739258,0.5638893842697144
4628480,2156.9582217991415,6.0,251.81177,500.0,234.0251,-1.0,0.4239502,1.0,0.5997457,0.3247862,-0.0067755035,0.0024784934,-0.008014751,0.30822906,0.51831055,0.48168945,0.057739258,0.5639802813529968
4636672,2153.0938030405473,6.0,251.45459,500.0,234.00423,-1.0,0.42456055,1.0,0.60002625,0.32525387,-0.0076107453,0.0014801027,-0.008350797,0.30384976,0.5175781,0.48242188,0.057861328,0.5639867186546326
4644864,2153.861501137556,6.0,251.42017,500.0,234.0332,-1.0,0.42443848,1.0,0.600011,0.3252476,-0.004623184,0.0017001589,-0.0054732636,0.30223763,0.5177002,0.4822998,0.057861328,0.564022421836853
4653056,2152.8987265218843,6.0,251.88586,500.0,234.05736,-1.0,0.4239502,1.0,0.59954214,0.32485923,-0.005369585,0.0007724263,-0.005755798,0.30127093,0.5184326,0.48156738,0.057617188,0.563772439956665
4661248,2156.669577690627,6.0,251.54443,500.0,234.06894,-1.0,0.42456055,1.0,0.5996192,0.32551754,-0.0063112434,0.0014913633,-0.0070569245,0.29426134,0.51782227,0.48217773,0.057617188,0.5641285181045532
4669440,2159.361350066123,6.0,251.35693,500.0,234.0457,-1.0,0.42504883,1.0,0.5996804,0.32617825,-0.006684491,0.0025892565,-0.007979119,0.2874192,0.517334,0.48266602,0.057617188,0.5644104480743408
4677632,2150.0269955590593,6.0,251.55945,500.0,234.0777,-1.0,0.42456055,1.0,0.5996192,0.32597214,-0.0033280188,0.0010643315,-0.003860185,0.2802548,0.51782227,0.48217773,0.057617188,0.56434565782547
4685824,2149.8175436708475,6.0,251.63635,500.0,234.06958,-1.0,0.4251709,1.0,0.5990848,0.32641315,-0.0058145844,0.0010551254,-0.006342147,0.27904576,0.5175781,0.48242188,0.057250977,0.5642956495285034
4694016,2144.72325512545,6.0,251.3844,500.0,234.10193,-1.0,0.42456055,1.0,0.59982276,0.32600138,-0.006845775,0.0026359987,-0.008163774,0.27663547,0.5177002,0.4822998,0.057739258,0.5646270513534546
4702208,2143.1816127589386,6.0,251.0774,500.0,234.0712,-1.0,0.42578125,1.0,0.599568,0.3268744,-0.0074733216,0.00083367736,-0.007890161,0.26712063,0.51672363,0.48327637,0.057495117,0.5643770694732666
4710400,2148.6091163127385,6.0,250.83447,500.0,234.04297,-1.0,0.42590332,1.0,0.5999901,0.32709208,-0.00735638,0.0014620625,-0.0080874115,0.25603133,0.5163574,0.48364258,0.057739258,0.5646533966064453
4718592,2153.560322241766,6.0,250.62341,500.0,234.01779,-1.0,0.4263916,1.0,0.60005033,0.32738572,-0.0076560066,0.0012340571,-0.008273035,0.2535321,0.51586914,0.48413086,0.057739258,0.5644034147262573
4726784,2157.9117565635934,6.0,250.27258,500.0,233.96649,-1.0,0.42700195,1.0,0.60032815,0.32763898,-0.0066930475,0.002654466,-0.00802028,0.25585973,0.5151367,0.48486328,0.057861328,0.5645789504051208
4734976,2150.9835671366773,6.0,249.66968,500.0,233.94882,-1.0,0.42834473,1.0,0.60028666,0.32869148,-0.005189286,0.0017442035,-0.0060613872,0.2535266,0.513916,0.48608398,0.057739258,0.5645728707313538
4743168,2161.794729106686,6.0,249.59985,500.0,233.96758,-1.0,0.42822266,1.0,0.6004753,0.3287512,-0.0040528625,0.00087729166,-0.0044915085,0.25258183,0.513916,0.48608398,0.057861328,0.5647228956222534
4751360,2150.450732398026,6.0,249.39026,500.0,233.93747,-1.0,0.42834473,1.0,0.6008964,0.32892144,-0.007318903,0.0016792628,-0.008158535,0.24959332,0.5135498,0.4864502,0.05810547,0.564743161201477
4759552,2152.9390610219384,6.0,249.47852,500.0,233.88464,-1.0,0.42700195,1.0,0.6019527,0.32773763,-0.005920153,0.002558805,-0.007199556,0.24073823,0.51416016,0.48583984,0.05883789,0.5653755068778992
4767744,2140.7281788451205,6.0,249.36304,500.0,233.89421,-1.0,0.4276123,1.0,0.60162073,0.3284222,-0.00578368,0.0015615507,-0.006564456,0.23485214,0.51379395,0.48620605,0.05859375,0.5654112100601196
4775936,2159.58447468179,6.0,249.42554,500.0,233.86958,-1.0,0.42858887,1.0,0.60092545,0.3290131,-0.0072852517,0.0016018221,-0.008086162,0.22666556,0.51330566,0.48669434,0.05810547,0.565272331237793
4784128,2153.489595889837,6.0,249.41907,500.0,233.89372,-1.0,0.42907715,1.0,0.60057694,0.32955822,-0.007223216,0.0009819354,-0.0077141845,0.22045499,0.5130615,0.48693848,0.057861328,0.5651836395263672
4792320,2155.838600496223,6.0,249.3628,500.0,233.88953,-1.0,0.42919922,1.0,0.60059124,0.32965893,-0.0069051944,0.0015115858,-0.007660987,0.21433753,0.51293945,0.48706055,0.057861328,0.5654023885726929
4800512,2144.643469844841,6.0,249.54248,500.0,233.8937,-1.0,0.42858887,1.0,0.60072225,0.32914028,-0.004753777,0.0011714066,-0.0053394805,0.21119498,0.51342773,0.48657227,0.0579834,0.565509557723999
4808704,2152.913834920127,6.0,249.36182,500.0,233.85434,-1.0,0.42944336,1.0,0.60062,0.3295289,-0.0049910843,0.0016840816,-0.0058331247,0.21425752,0.5126953,0.4873047,0.057861328,0.565259575843811
4816896,2150.6345965132164,6.0,249.22534,500.0,233.8188,-1.0,0.4296875,1.0,0.60064864,0.32960492,-0.0046770815,0.0019213257,-0.0056377444,0.21187368,0.5124512,0.48754883,0.057861328,0.5654042959213257
4825088,2153.9140236981243,6.0,248.64209,500.0,233.7787,-1.0,0.42993164,1.0,0.6014895,0.3296333,-0.007688706,0.0024405718,-0.008908992,0.20720948,0.51171875,0.48828125,0.05834961,0.5657495260238647
4833280,2151.049685056007,6.0,248.34583,500.0,233.72585,-1.0,0.43041992,1.0,0.60174906,0.3298821,-0.0084936805,0.002574707,-0.009781033,0.19602352,0.5111084,0.4888916,0.05847168,0.5659077167510986
4841472,2154.793650785687,6.0,248.59766,500.0,233.74391,-1.0,0.4309082,1.0,0.6009934,0.33022738,-0.008474155,0.0012383854,-0.009093348,0.1840966,0.5111084,0.4888916,0.0579834,0.5658429265022278
4849664,2151.260050565014,6.0,248.88525,500.0,233.73515,-1.0,0.43017578,1.0,0.6011118,0.32966143,-0.007100038,0.0018298861,-0.008014982,0.18687567,0.51171875,0.48828125,0.05810547,0.5660474896430969
4857856,2151.206983937887,6.0,249.00146,500.0,233.72894,-1.0,0.42993164,1.0,0.60108346,0.32937986,-0.0059388,0.0013357417,-0.006606671,0.18614271,0.5119629,0.4880371,0.05810547,0.5659587979316711
4866048,2157.348257742795,6.0,248.72852,500.0,233.73857,-1.0,0.42993164,1.0,0.6014895,0.32952222,-0.0086545,0.0015342833,-0.009421643,0.1775187,0.51171875,0.48828125,0.05834961,0.5661141872406006
4874240,2150.9007571466195,6.0,248.27356,500.0,233.73592,-1.0,0.43103027,1.0,0.6014136,0.33064723,-0.00666162,0.0024390747,-0.007881157,0.17861527,0.5107422,0.4892578,0.05822754,0.5662989616394043
4882432,2152.518658206377,6.0,248.14551,500.0,233.7435,-1.0,0.4317627,1.0,0.601091,0.3312237,-0.006603323,0.0017036317,-0.007455139,0.17429586,0.5102539,0.4897461,0.0579834,0.5663121342658997
4890624,2153.894175539951,6.0,247.98828,500.0,233.7305,-1.0,0.43164062,1.0,0.6014832,0.33114076,-0.006531249,0.0018076533,-0.007435076,0.17170884,0.51013184,0.48986816,0.05822754,0.5665383338928223
4898816,2149.82521074673,6.0,248.43347,500.0,233.76709,-1.0,0.4309082,1.0,0.60119647,0.3304442,-0.006882049,0.0008487512,-0.0073064244,0.17726119,0.5109863,0.48901367,0.05810547,0.5667049884796143
4907008,2152.8534025994336,6.0,248.3103,500.0,233.76492,-1.0,0.4309082,1.0,0.6013995,0.3304598,-0.008166793,0.00063606043,-0.008484822,0.18578283,0.51086426,0.48913574,0.05822754,0.5666335821151733
4915200,2142.1520991941184,6.0,248.3396,500.0,233.81506,-1.0,0.43066406,1.0,0.60137147,0.33059388,-0.0048749624,0.0010372312,-0.0053935777,0.18512511,0.5111084,0.4888916,0.05822754,0.5666961073875427
4923392,2153.030527460779,6.0,247.9895,500.0,233.81635,-1.0,0.4312744,1.0,0.6014415,0.33124387,-0.0075663016,0.0008069662,-0.0079697855,0.1783993,0.51049805,0.48950195,0.05822754,0.566602349281311
4931584,2155.8856734408173,6.0,248.17163,500.0,233.82079,-1.0,0.4309082,1.0,0.6013995,0.33108228,-0.0073470813,0.0015767799,-0.008135471,0.1702885,0.51086426,0.48913574,0.05822754,0.5666553974151611
4939776,2154.058507708811,6.0,248.46423,500.0,233.83391,-1.0,0.43029785,1.0,0.60132915,0.3305531,-0.0057649277,0.00088263,-0.0062062424,0.16310406,0.5114746,0.4885254,0.05822754,0.5664054155349731
4947968,2155.98090775268,6.0,248.3385,500.0,233.83286,-1.0,0.43078613,1.0,0.60118246,0.330993,-0.007723113,0.0017531768,-0.008599702,0.15098947,0.5111084,0.4888916,0.05810547,0.5662773847579956
4956160,2151.2578955240783,6.0,248.2384,500.0,233.89363,-1.0,0.43041992,1.0,0.6013432,0.3311812,-0.0073117996,0.0011017199,-0.007862659,0.14058301,0.51135254,0.48864746,0.05822754,0.566349983215332
4964352,2154.6088046539403,6.0,247.99292,500.0,233.87921,-1.0,0.4312744,1.0,0.6012385,0.33163172,-0.006907916,0.0015556639,-0.007685748,0.14262012,0.5106201,0.48937988,0.05810547,0.5667451620101929
4972544,2152.62236119286,6.0,247.4198,500.0,233.87036,-1.0,0.43310547,1.0,0.60083574,0.33303636,-0.007523792,0.0024420498,-0.008744817,0.14344847,0.5091553,0.49084473,0.057739258,0.5667781829833984
4980736,2142.1744026289844,6.0,247.04883,500.0,233.8537,-1.0,0.4342041,1.0,0.6005507,0.33423793,-0.005277631,0.0015014629,-0.0060283625,0.14055935,0.5083008,0.49169922,0.057495117,0.5666531920433044
4988928,2147.6394860902096,6.0,247.09326,500.0,233.86879,-1.0,0.43481445,1.0,0.6000072,0.3346882,-0.0060938643,0.0010517912,-0.00661976,0.1293428,0.50805664,0.49194336,0.057128906,0.5664032101631165
4997120,2147.6898262233176,6.0,247.14368,500.0,233.86763,-1.0,0.43469238,1.0,0.59999394,0.33459744,-0.006781539,0.001474932,-0.007519005,0.12877604,0.5081787,0.4918213,0.057128906,0.566380500793457
5005312,2149.4089810948158,6.0,247.02063,500.0,233.82216,-1.0,0.43481445,1.0,0.6002106,0.33447704,-0.005699574,0.0013446255,-0.0063718874,0.13225648,0.5079346,0.49206543,0.057250977,0.5664335489273071
5013504,2153.917534294784,6.0,247.14539,500.0,233.82082,-1.0,0.4345703,1.0,0.6001841,0.33420613,-0.0047047976,0.0011417224,-0.0052756583,0.1269663,0.5081787,0.4918213,0.057250977,0.5661835670471191
5021696,2148.8521982437564,6.0,247.34656,500.0,233.81046,-1.0,0.43444824,1.0,0.59996736,0.33395115,-0.0041782325,0.0013980467,-0.0048772558,0.12615322,0.50842285,0.49157715,0.057128906,0.5659335851669312
5029888,2148.9150940670356,6.0,247.52356,500.0,233.81815,-1.0,0.4338379,1.0,0.60010374,0.3336028,-0.004560442,0.0012773937,-0.005199139,0.12319196,0.50891113,0.49108887,0.057250977,0.5659866333007812
5038080,2156.756216963042,6.0,247.69238,500.0,233.83876,-1.0,0.4342041,1.0,0.59953356,0.33378023,-0.0053424174,0.00080959016,-0.005747213,0.118259415,0.50891113,0.49108887,0.056884766,0.5657366514205933
5046272,2153.683834549188,6.0,247.52075,500.0,233.82834,-1.0,0.4345703,1.0,0.5995736,0.3340751,-0.003234181,0.0016162856,-0.0040423237,0.11920098,0.5085449,0.49145508,0.056884766,0.5657305717468262
5054464,2158.1795860283564,6.0,247.85852,500.0,233.85161,-1.0,0.43408203,1.0,0.5993164,0.3336895,-0.004141446,0.0011660929,-0.0047244923,0.11632459,0.5091553,0.49084473,0.056762695,0.5654805898666382
5062656,2134.8628724140067,6.0,247.56665,500.0,233.84373,-1.0,0.43408203,1.0,0.59972364,0.33375856,-0.007413135,0.0009928085,-0.007909539,0.11862866,0.50891113,0.49108887,0.057006836,0.5655754208564758
5070848,2154.8485161942554,6.0,247.51855,500.0,233.83981,-1.0,0.43518066,1.0,0.5990288,0.33441186,-0.006393994,0.0009539828,-0.006870985,0.11266754,0.5083008,0.49169922,0.056518555,0.5654682517051697
5079040,2149.9918822796644,6.0,247.69275,500.0,233.85156,-1.0,0.43554688,1.0,0.59845674,0.33467883,-0.0065027354,0.0010876535,-0.007046562,0.1034604,0.5083008,0.49169922,0.056152344,0.5654034614562988
5087232,2155.087470059203,6.0,247.13184,500.0,233.78613,-1.0,0.4366455,1.0,0.598778,0.33516425,-0.00570709,0.0015652725,-0.006489726,0.1076286,0.5070801,0.49291992,0.056274414,0.5653973817825317
5095424,2151.398116873652,6.0,246.9076,500.0,233.77368,-1.0,0.43640137,1.0,0.5993634,0.33500448,-0.006462111,0.002503119,-0.00771367,0.103387624,0.506958,0.493042,0.056640625,0.5660223960876465
5103616,2144.0502195796207,6.0,246.89929,500.0,233.77278,-1.0,0.43676758,1.0,0.5991984,0.33508998,-0.0044100387,0.0015006247,-0.0051603513,0.0995379,0.50671387,0.49328613,0.056518555,0.5659152269363403
5111808,2143.3947206837856,6.0,247.39673,500.0,233.82526,-1.0,0.4359131,1.0,0.59890383,0.33441842,-0.0052406737,0.0007913059,-0.005636326,0.097305,0.5076904,0.49230957,0.056396484,0.5658575296401978
5120000,2157.033103176902,6.0,247.46765,500.0,233.83371,-1.0,0.43652344,1.0,0.59835714,0.33483073,-0.0055127367,0.00071586424,-0.005870669,0.08602318,0.5074463,0.4925537,0.056030273,0.5656075477600098
5128192,2148.948290569291,6.0,247.78577,500.0,233.84807,-1.0,0.43615723,1.0,0.59811413,0.33451754,-0.006557846,0.0009695351,-0.0070426133,0.073660314,0.5079346,0.49206543,0.055908203,0.5657742023468018
5136384,2153.38985803312,6.0,247.76477,500.0,233.86781,-1.0,0.43640137,1.0,0.597936,0.33490944,-0.0045093987,0.00096801395,-0.004993406,0.061031677,0.5078125,0.4921875,0.055786133,0.5655242204666138
5144576,2156.06437997021,6.0,247.78137,500.0,233.88083,-1.0,0.43615723,1.0,0.59811413,0.3347549,-0.007232084,0.0017144528,-0.00808931,0.05007627,0.5079346,0.49206543,0.055908203,0.5655772686004639
5152768,2152.6984253918604,6.0,248.06873,500.0,233.90138,-1.0,0.43603516,1.0,0.5976927,0.33462536,-0.0052033495,0.00080308045,-0.0056048892,0.04142662,0.5083008,0.49169922,0.055664062,0.5653272867202759
5160960,2149.5507097012164,6.0,248.10571,500.0,233.89519,-1.0,0.43652344,1.0,0.59733623,0.33488744,-0.007854452,0.0012090256,-0.008458965,0.022351027,0.50805664,0.49194336,0.055419922,0.5652946829795837
5169152,2160.8933417438593,6.0,247.69629,500.0,233.86646,-1.0,0.43811035,1.0,0.59688956,0.33600217,-0.0048785284,0.0019039407,-0.0058304993,0.0025507212,0.50683594,0.49316406,0.05505371,0.5652719736099243
5177344,2155.9741436745585,6.0,247.54736,500.0,233.84521,-1.0,0.4387207,1.0,0.59674793,0.33643496,-0.004134844,0.0017332392,-0.005001464,-0.005235754,0.50634766,0.49365234,0.05493164,0.5654505491256714
5185536,2155.482644092226,6.0,246.65918,500.0,233.84201,-1.0,0.4404297,1.0,0.59692097,0.3380389,-0.0036181884,0.0020082507,-0.004622314,-0.01110471,0.5046387,0.49536133,0.05493164,0.5655414462089539
5193728,2150.7378487863293,6.0,246.70715,500.0,233.82004,-1.0,0.44140625,1.0,0.5961992,0.33875626,-0.0033595872,0.0015361246,-0.0041276496,-0.015692323,0.5041504,0.4958496,0.05444336,0.5656362771987915
5201920,2160.202243747987,6.0,246.82642,500.0,233.83673,-1.0,0.4411621,1.0,0.59617513,0.3384952,-0.0011814488,0.00065406505,-0.0015084816,-0.017489925,0.50439453,0.49560547,0.05444336,0.5655529499053955
5210112,2150.6218084601323,6.0,246.93481,500.0,233.83156,-1.0,0.44055176,1.0,0.59652406,0.33825892,-0.002659818,0.0011931339,-0.003256385,-0.021701746,0.50476074,0.49523926,0.0546875,0.5658584833145142
5218304,2155.0386748343003,6.0,247.00244,500.0,233.82732,-1.0,0.44067383,1.0,0.5963315,0.33840108,-0.0062432587,0.0011554945,-0.0068210065,-0.031774826,0.50476074,0.49523926,0.05456543,0.5657870769500732
5226496,2153.93495242438,6.0,247.23352,500.0,233.84247,-1.0,0.44018555,1.0,0.59628266,0.33792555,-0.00598506,0.001630723,-0.0068004215,-0.041370913,0.505249,0.49475098,0.05456543,0.5658596754074097
5234688,2155.770294275552,6.0,246.95679,500.0,233.8187,-1.0,0.4407959,1.0,0.5963437,0.33850345,-0.008674594,0.0016903051,-0.0095197465,-0.043766893,0.5046387,0.49536133,0.05456543,0.5658661127090454
5242880,2154.3545579210095,6.0,247.24768,500.0,233.83232,-1.0,0.44018555,1.0,0.59628266,0.33807188,-0.0068428894,0.0014100173,-0.007547899,-0.0500808,0.505249,0.49475098,0.05456543,0.5661517977714539
5251072,2151.9081055592865,6.0,247.35803,500.0,233.83623,-1.0,0.43945312,1.0,0.5966182,0.3375618,-0.0074642366,0.0019297007,-0.008429089,-0.062173687,0.5057373,0.4942627,0.05480957,0.5663856863975525
5259264,2150.5812915277843,6.0,247.5426,500.0,233.83727,-1.0,0.44006348,1.0,0.5958609,0.3380344,-0.005579423,0.0007596799,-0.005959263,-0.06973956,0.50561523,0.49438477,0.05432129,0.5661357045173645
5267456,2152.70597815889,6.0,247.29126,500.0,233.78665,-1.0,0.4404297,1.0,0.5961024,0.3381816,-0.0074770795,0.0015110457,-0.008232602,-0.07266169,0.50512695,0.49487305,0.05444336,0.566171407699585
5275648,2156.444212815301,6.0,247.62842,500.0,233.81062,-1.0,0.4395752,1.0,0.59622115,0.33762524,-0.0069742315,0.001051178,-0.0074998206,-0.07499745,0.5058594,0.49414062,0.05456543,0.566100001335144
5283840,2151.7771157763223,6.0,247.87146,500.0,233.81644,-1.0,0.4390869,1.0,0.5961715,0.337165,-0.007115594,0.0005802468,-0.0074057174,-0.07409565,0.50634766,0.49365234,0.05456543,0.5660673975944519
5292032,2144.0563738863425,6.0,248.23657,500.0,233.86421,-1.0,0.43823242,1.0,0.5960835,0.3366462,-0.0046082307,0.00056018826,-0.004888325,-0.07508661,0.50720215,0.49279785,0.05456543,0.5658174157142639
5300224,2157.448091692493,6.0,247.87048,500.0,233.82672,-1.0,0.4383545,1.0,0.59671026,0.3367568,-0.0057176133,0.0013297708,-0.006382499,-0.074348785,0.50671387,0.49328613,0.05493164,0.5660085678100586
5308416,2143.45997173431,6.0,247.6549,500.0,233.84274,-1.0,0.43847656,1.0,0.59692734,0.33689302,-0.0059721414,0.0016165244,-0.0067804027,-0.07025255,0.5064697,0.49353027,0.05505371,0.5662273168563843
5316608,2146.4753412084674,6.0,247.51306,500.0,233.83086,-1.0,0.43945312,1.0,0.5964135,0.33752012,-0.0072070765,0.0014870982,-0.007950626,-0.068407446,0.5058594,0.49414062,0.0546875,0.5661088824272156
5324800,2151.008613365152,6.0,246.98364,500.0,233.80441,-1.0,0.4407959,1.0,0.5963437,0.33878362,-0.008396116,0.0016401433,-0.0092161875,-0.06838129,0.5046387,0.49536133,0.05456543,0.5659725069999695
5332992,2159.0527974744673,6.0,247.17517,500.0,233.77707,-1.0,0.44067383,1.0,0.59612674,0.33842015,-0.0068740854,0.0010787672,-0.0074134693,-0.079575434,0.5048828,0.4951172,0.05444336,0.5658787488937378
5341184,2149.0011114097942,6.0,247.2196,500.0,233.75427,-1.0,0.4411621,1.0,0.5957655,0.33865237,-0.0053329854,0.00076787546,-0.005716923,-0.0927374,0.5046387,0.49536133,0.05419922,0.5656287670135498
5349376,2156.3460956816207,6.0,246.97693,500.0,233.78676,-1.0,0.4420166,1.0,0.59543943,0.33962706,-0.0076573156,0.0013229634,-0.008318797,-0.10668678,0.5040283,0.49597168,0.053955078,0.5655007362365723
5357568,2150.0201342533855,6.0,246.52087,500.0,233.71822,-1.0,0.44311523,1.0,0.5955453,0.3405765,-0.007348561,0.0013087789,-0.008002951,-0.116007715,0.5029297,0.4970703,0.053955078,0.5654888153076172
5365760,2159.032176170827,6.0,246.46558,500.0,233.70811,-1.0,0.44348145,1.0,0.59537524,0.34083706,-0.006282705,0.001347068,-0.0069562388,-0.11388522,0.50268555,0.49731445,0.053833008,0.5652388334274292
5373952,2152.551291878906,6.0,246.68164,500.0,233.68031,-1.0,0.44335938,1.0,0.5951586,0.34023434,-0.003124692,0.0013570627,-0.003803223,-0.11678517,0.5029297,0.4970703,0.053710938,0.5651674270629883
5382144,2153.932116895714,6.0,246.91663,500.0,233.70233,-1.0,0.44348145,1.0,0.59455454,0.3404436,-0.0062327064,0.0009930842,-0.006729248,-0.11577511,0.5031738,0.49682617,0.053344727,0.5649174451828003
5390336,2153.410641614714,6.0,247.18958,500.0,233.69193,-1.0,0.4437256,1.0,0.5939615,0.34047404,-0.0075240964,0.0009921094,-0.0080201505,-0.116632126,0.5032959,0.4967041,0.052978516,0.5646674633026123
5398528,2144.24329433664,6.0,247.24878,500.0,233.64572,-1.0,0.4437256,1.0,0.5939615,0.3402226,-0.007639935,0.001751926,-0.008515898,-0.11100889,0.5032959,0.4967041,0.052978516,0.5647833347320557
5406720,2154.464652088931,6.0,247.18835,500.0,233.6886,-1.0,0.44299316,1.0,0.59450793,0.3400066,-0.008367658,0.0016183135,-0.009176814,-0.106887676,0.5036621,0.4963379,0.053344727,0.5649179220199585
5414912,2156.4402879585177,6.0,247.3252,500.0,233.69093,-1.0,0.44299316,1.0,0.59430254,0.33987778,-0.007792197,0.00093929126,-0.008261843,-0.10501336,0.5037842,0.49621582,0.053222656,0.5648531317710876
5423104,2152.6107632234803,6.0,247.14185,500.0,233.68227,-1.0,0.44311523,1.0,0.59451956,0.33996773,-0.0050613764,0.0015504214,-0.0058365874,-0.10759726,0.50354004,0.49645996,0.053344727,0.5647313594818115
5431296,2153.6500866104875,6.0,246.94775,500.0,233.72145,-1.0,0.44262695,1.0,0.59508836,0.33991647,-0.0063265376,0.001905018,-0.007279047,-0.11382395,0.5036621,0.4963379,0.053710938,0.5651063323020935
5439488,2151.0549369590863,6.0,247.23181,500.0,233.74086,-1.0,0.44311523,1.0,0.5943142,0.34036893,-0.0053667463,0.0010158626,-0.0058746776,-0.11513628,0.5036621,0.4963379,0.053222656,0.5650033950805664
5447680,2155.106394009762,6.0,247.19604,500.0,233.75797,-1.0,0.4423828,1.0,0.59485966,0.3398778,-0.0026927788,0.0015234721,-0.0034545148,-0.11851487,0.5040283,0.49597168,0.053588867,0.5652221441268921
5455872,2160.6733433825952,6.0,247.5232,500.0,233.75723,-1.0,0.44189453,1.0,0.5948121,0.3394032,-0.006192381,0.0018107033,-0.0070977327,-0.12797853,0.5045166,0.4954834,0.053588867,0.5654894113540649
5464064,2153.049954961687,6.0,247.15149,500.0,233.70961,-1.0,0.44189453,1.0,0.59542745,0.33937037,-0.00536343,0.0020835649,-0.006405212,-0.13400891,0.5041504,0.4958496,0.053955078,0.5658915638923645
5472256,2154.0666101899033,6.0,247.49402,500.0,233.7061,-1.0,0.44250488,1.0,0.5944609,0.33948073,-0.0055740653,0.0011471771,-0.006147654,-0.14155552,0.5041504,0.4958496,0.053344727,0.5656415820121765
5480448,2158.8459239535077,6.0,247.48242,500.0,233.65349,-1.0,0.44274902,1.0,0.5944845,0.33953637,-0.004989058,0.0010006893,-0.0054894025,-0.14997649,0.50390625,0.49609375,0.053344727,0.5657487511634827
5488640,2144.728743928424,6.0,247.16333,500.0,233.65623,-1.0,0.44262695,1.0,0.59508836,0.33953053,-0.006310112,0.0023891074,-0.0075046653,-0.15695035,0.5036621,0.4963379,0.053710938,0.5660422444343567
5496832,2154.2821585645247,6.0,247.3346,500.0,233.67271,-1.0,0.44226074,1.0,0.595053,0.33928096,-0.0062109325,0.0013033146,-0.0068625896,-0.16082609,0.5040283,0.49597168,0.053710938,0.5659589171409607
5505024,2139.62493932442,6.0,247.65198,500.0,233.69957,-1.0,0.44189453,1.0,0.5948121,0.3391224,-0.0058624838,0.0011809553,-0.006452961,-0.16343004,0.5045166,0.4954834,0.053588867,0.5660315155982971
5513216,2147.760709131478,6.0,247.65417,500.0,233.70535,-1.0,0.4416504,1.0,0.5949934,0.33893675,-0.006022609,0.0015025747,-0.0067738965,-0.16800947,0.5046387,0.49536133,0.053710938,0.5661869049072266
5521408,2147.238326021252,6.0,247.73755,500.0,233.69974,-1.0,0.4416504,1.0,0.5947882,0.33904493,-0.007788826,0.0014326299,-0.00850514,-0.178577,0.50476074,0.49523926,0.053588867,0.5660884380340576
5529600,2149.506064518454,6.0,247.33691,500.0,233.67137,-1.0,0.4420166,1.0,0.5950293,0.3394024,-0.0055279527,0.0015878386,-0.0063218717,-0.19016434,0.50427246,0.49572754,0.053710938,0.5659946799278259
5537792,2157.8442675199635,6.0,246.43652,500.0,233.61053,-1.0,0.4440918,1.0,0.5950226,0.34136048,-0.005857638,0.0023442474,-0.0070297616,-0.19930851,0.50231934,0.49768066,0.053588867,0.5661018490791321
5545984,2154.093888990973,6.0,246.43091,500.0,233.65231,-1.0,0.444458,1.0,0.59464663,0.34171796,-0.006875749,0.0012683504,-0.0075099245,-0.20309874,0.50219727,0.49780273,0.053344727,0.5659946799278259
5554176,2155.393267732181,6.0,245.92297,500.0,233.67453,-1.0,0.44482422,1.0,0.595091,0.34243506,-0.0061393017,0.00163073,-0.006954667,-0.19788733,0.5015869,0.4984131,0.053588867,0.5660707950592041
5562368,2155.558910568718,6.0,245.44531,500.0,233.65564,-1.0,0.4453125,1.0,0.5955462,0.34300077,-0.0049929908,0.0019768886,-0.005981435,-0.19377013,0.5008545,0.4991455,0.053833008,0.5660533308982849
5570560,2154.717978944432,6.0,245.05762,500.0,233.61922,-1.0,0.44519043,1.0,0.5963543,0.3427961,-0.0059463917,0.0020756868,-0.006984235,-0.20089003,0.5004883,0.49951172,0.05432129,0.5664851665496826
5578752,2152.9536303767777,6.0,244.59631,500.0,233.61807,-1.0,0.4465332,1.0,0.5960667,0.34362513,-0.005312655,0.0015177391,-0.006071525,-0.2051788,0.49938965,0.50061035,0.05407715,0.5665382146835327
5586944,2152.4314151887015,6.0,244.89966,500.0,233.66774,-1.0,0.4453125,1.0,0.5963655,0.3427271,-0.006443033,0.0019504519,-0.007418259,-0.2034789,0.5003662,0.4996338,0.05432129,0.566977858543396
5595136,2140.866497265265,6.0,244.65576,500.0,233.66273,-1.0,0.44543457,1.0,0.59658134,0.34305623,-0.007984944,0.0017393812,-0.008854634,-0.20148867,0.5001221,0.49987793,0.05444336,0.5670687556266785
5603328,2150.941690068352,6.0,244.87207,500.0,233.68842,-1.0,0.4449463,1.0,0.5965365,0.34278858,-0.007023717,0.0015225846,-0.0077850083,-0.2032845,0.50061035,0.49938965,0.05444336,0.5673187375068665
5611520,2155.883914931787,6.0,244.54749,500.0,233.66829,-1.0,0.44543457,1.0,0.59658134,0.3431657,-0.008239838,0.0020705864,-0.009275131,-0.20400168,0.5001221,0.49987793,0.05444336,0.567417562007904
5619712,2151.906353533099,6.0,244.36353,500.0,233.69824,-1.0,0.44543457,1.0,0.59678596,0.34341434,-0.008774271,0.0019767664,-0.009762653,-0.20823507,0.5,0.5,0.05456543,0.5676221251487732
5627904,2159.469649321707,6.0,244.11157,500.0,233.69604,-1.0,0.4456787,1.0,0.5970127,0.34376183,-0.0064978558,0.0008015383,-0.006898625,-0.21824619,0.4996338,0.5003662,0.0546875,0.5675573348999023
5636096,2145.6003472951616,6.0,243.99475,500.0,233.69473,-1.0,0.4456787,1.0,0.59721714,0.3437717,-0.005394354,0.0017672121,-0.00627796,-0.22443922,0.49951172,0.5004883,0.05480957,0.567783534526825
5644288,2151.6414261007612,6.0,244.02148,500.0,233.64906,-1.0,0.4453125,1.0,0.5975924,0.34356642,-0.0074975668,0.0017996574,-0.008397395,-0.22336315,0.4996338,0.5003662,0.05505371,0.5680174231529236
5652480,2149.4795741270505,6.0,243.84802,500.0,233.63919,-1.0,0.44519043,1.0,0.5979896,0.34342086,-0.004855426,0.002327423,-0.006019137,-0.21351202,0.49951172,0.5004883,0.05529785,0.568232536315918
5660672,2149.577874243982,6.0,243.72449,500.0,233.65245,-1.0,0.44470215,1.0,0.5985569,0.34346214,-0.0075748246,0.001800636,-0.0084751425,-0.20400241,0.4996338,0.5003662,0.055664062,0.5684370994567871
5668864,2155.1507314239616,6.0,242.9945,500.0,233.60481,-1.0,0.4465332,1.0,0.5985192,0.34488407,-0.0079041,0.0015498458,-0.008679023,-0.20745996,0.4979248,0.5020752,0.055541992,0.5684812068939209
5677056,2158.387145362388,6.0,243.10266,500.0,233.62527,-1.0,0.44702148,1.0,0.59795046,0.34535444,-0.0072766943,0.0015443198,-0.008048854,-0.21526903,0.49780273,0.50219727,0.05517578,0.5683627724647522
5685248,2150.3024256922795,6.0,243.03625,500.0,233.64052,-1.0,0.4473877,1.0,0.5977787,0.34584057,-0.0058189323,0.0009712573,-0.006304561,-0.21946299,0.4975586,0.5024414,0.05505371,0.5681127905845642
5693440,2148.7918593438667,6.0,243.10034,500.0,233.682,-1.0,0.44665527,1.0,0.5981221,0.34563655,-0.007991491,0.0013234839,-0.008653234,-0.22659637,0.49804688,0.5019531,0.05529785,0.5683466792106628
5701632,2148.270183420905,6.0,243.03796,500.0,233.65599,-1.0,0.44665527,1.0,0.5983262,0.34535193,-0.005588603,0.0013068937,-0.00624205,-0.24229066,0.4979248,0.5020752,0.055419922,0.5684300065040588
5709824,2155.4100336857523,6.0,243.27429,500.0,233.68822,-1.0,0.446167,1.0,0.59828246,0.34494054,-0.005527144,0.0012547948,-0.006154541,-0.24559736,0.4984131,0.5015869,0.055419922,0.5683524012565613
5718016,2152.1275356981237,6.0,242.80591,500.0,233.63773,-1.0,0.44714355,1.0,0.5983695,0.345694,-0.0044478592,0.0012478726,-0.005071795,-0.24263072,0.49743652,0.5025635,0.055419922,0.5683965086936951
5726208,2157.229471444619,6.0,242.86108,500.0,233.63158,-1.0,0.4468994,1.0,0.5985518,0.34537724,-0.006262826,0.0017409998,-0.007133326,-0.24861985,0.4975586,0.5024414,0.055541992,0.5686010718345642
5734400,2154.198959343448,6.0,242.7362,500.0,233.57648,-1.0,0.4468994,1.0,0.59895957,0.34533724,-0.007261429,0.0025455272,-0.008534192,-0.256331,0.49731445,0.50268555,0.055786133,0.5688638687133789
5742592,2153.1998553159,6.0,242.47144,500.0,233.58165,-1.0,0.44714355,1.0,0.59918493,0.3458243,-0.008461029,0.0017440249,-0.0093330415,-0.2575305,0.49694824,0.50305176,0.055908203,0.5689710378646851
5750784,2152.938926121426,6.0,242.43994,500.0,233.60567,-1.0,0.44677734,1.0,0.5993562,0.34561253,-0.0057188952,0.0014511505,-0.00644447,-0.26316375,0.49719238,0.5028076,0.056030273,0.5690782070159912
5758976,2154.672848626495,6.0,242.03064,500.0,233.58084,-1.0,0.44714355,1.0,0.5997958,0.3459917,-0.0061598206,0.0019784786,-0.00714906,-0.27731046,0.49658203,0.50341797,0.056274414,0.5691139101982117
5767168,2156.4320322719163,6.0,242.21924,500.0,233.59401,-1.0,0.44628906,1.0,0.60012686,0.34548828,-0.0057861404,0.0014330228,-0.0065026516,-0.28953162,0.49719238,0.5028076,0.056518555,0.569176435470581
5775360,2151.030428297459,6.0,242.1438,500.0,233.60138,-1.0,0.4468994,1.0,0.59977424,0.34605813,-0.007834792,0.0010704267,-0.0083700055,-0.2995623,0.49682617,0.5031738,0.056274414,0.5690779685974121
5783552,2157.8822126474715,6.0,242.52332,500.0,233.65361,-1.0,0.4465332,1.0,0.5993345,0.34589577,-0.0032334374,0.0009016491,-0.0036842618,-0.30443794,0.49743652,0.5025635,0.056030273,0.5688279867172241
5791744,2155.983613395813,6.0,242.41467,500.0,233.64922,-1.0,0.44726562,1.0,0.59899193,0.34631437,-0.0068909964,0.002420671,-0.008101332,-0.3026038,0.49694824,0.50305176,0.055786133,0.5688458681106567
5799936,2143.2107555068806,6.0,242.11426,500.0,233.67776,-1.0,0.44799805,1.0,0.5988521,0.34731314,-0.0062667457,0.0009529026,-0.0067431964,-0.30538124,0.4963379,0.5036621,0.055664062,0.5685958862304688
5808128,2155.5896079965205,6.0,241.54858,500.0,233.59517,-1.0,0.44812012,1.0,0.59988105,0.34734198,-0.0074672387,0.0025316197,-0.008733049,-0.31135345,0.49560547,0.50439453,0.056274414,0.5689708590507507
5816320,2149.067107508151,6.0,240.97974,500.0,233.5453,-1.0,0.44885254,1.0,0.60035074,0.34803504,-0.007165896,0.0024386346,-0.008385213,-0.3147822,0.4946289,0.5053711,0.056518555,0.5690845251083374
5824512,2149.002858708428,6.0,240.7865,500.0,233.53845,-1.0,0.44909668,1.0,0.6005748,0.34848416,-0.004590461,0.0013373952,-0.005259158,-0.31895274,0.4942627,0.5057373,0.056640625,0.5689734220504761
5832704,2149.8445804451876,6.0,240.93127,500.0,233.58363,-1.0,0.44909668,1.0,0.60016817,0.34877396,-0.0061379727,0.0006377442,-0.006456845,-0.32130754,0.49450684,0.50549316,0.056396484,0.5687234401702881
5840896,2152.3226073018664,6.0,240.73901,500.0,233.5722,-1.0,0.44995117,1.0,0.5998331,0.34924215,-0.007404617,0.0013602731,-0.0080847535,-0.31601283,0.49389648,0.5061035,0.056152344,0.5689145922660828
5849088,2157.720142068993,6.0,240.91907,500.0,233.64561,-1.0,0.4489746,1.0,0.60015774,0.34872103,-0.003800141,0.0015393795,-0.0045698304,-0.3116277,0.4946289,0.5053711,0.056396484,0.569354236125946
5857280,2152.3923131947604,6.0,240.78833,500.0,233.64456,-1.0,0.44921875,1.0,0.6001785,0.3489936,-0.0068383953,0.0010217081,-0.00734925,-0.3111171,0.49438477,0.50561523,0.056396484,0.5692470669746399
5865472,2154.6088046539403,6.0,240.42712,500.0,233.61249,-1.0,0.44995117,1.0,0.60024,0.34941635,-0.006077426,0.0016736435,-0.006914248,-0.31089655,0.49365234,0.50634766,0.056396484,0.5692827701568604
5873664,2155.703615348275,6.0,240.22266,500.0,233.56287,-1.0,0.45043945,1.0,0.60028046,0.3495103,-0.005811682,0.0014069747,-0.0065151695,-0.3127678,0.49316406,0.50683594,0.056396484,0.5693268775939941
5881856,2153.3578736945715,6.0,240.26807,500.0,233.57492,-1.0,0.45043945,1.0,0.60028046,0.34935707,-0.007581969,0.0015403489,-0.008352145,-0.31905988,0.49316406,0.50683594,0.056396484,0.5693546533584595
5890048,2160.86099822476,6.0,240.12268,500.0,233.58139,-1.0,0.44970703,1.0,0.6010325,0.3489133,-0.0069368305,0.0017229154,-0.007798287,-0.32776108,0.4934082,0.5065918,0.056884766,0.5697991251945496
5898240,2150.435658550275,6.0,239.70923,500.0,233.53758,-1.0,0.44958496,1.0,0.6018342,0.3490209,-0.0059922314,0.0015999308,-0.006792197,-0.32898048,0.493042,0.506958,0.057373047,0.5701740980148315
5906432,2152.1075856545026,6.0,240.03845,500.0,233.58615,-1.0,0.4486084,1.0,0.60195446,0.34821922,-0.006386437,0.0015466361,-0.0071597546,-0.33131155,0.49389648,0.5061035,0.057495117,0.5702689290046692
5914624,2152.213675605562,6.0,239.60352,500.0,233.56139,-1.0,0.4489746,1.0,0.60239094,0.34857118,-0.0058947722,0.0017755455,-0.0067825452,-0.34144694,0.49328613,0.50671387,0.057739258,0.5704475045204163
5922816,2145.258210763609,6.0,239.35559,500.0,233.51881,-1.0,0.44909668,1.0,0.60280645,0.3487093,-0.006590987,0.0020732568,-0.0076276157,-0.35819823,0.49291992,0.5070801,0.0579834,0.5705463290214539
5931008,2138.760978693521,6.0,239.10437,500.0,233.50554,-1.0,0.4494629,1.0,0.6030397,0.34898758,-0.0066939224,0.0017940442,-0.007590945,-0.36486068,0.49243164,0.50756836,0.05810547,0.5708368420600891
5939200,2159.7571428885713,6.0,238.35791,500.0,233.48972,-1.0,0.4510498,1.0,0.6029682,0.35045797,-0.0046678823,0.00231155,-0.0058236574,-0.36023176,0.4909668,0.5090332,0.0579834,0.5709789991378784
5947392,2153.555463030799,6.0,237.88379,500.0,233.42354,-1.0,0.45251465,1.0,0.6028829,0.35141796,-0.006123403,0.0014571729,-0.0068519893,-0.3664568,0.48962402,0.510376,0.057861328,0.5708426237106323
5955584,2157.352456813694,6.0,238.1112,500.0,233.45166,-1.0,0.45202637,1.0,0.60284424,0.35106277,-0.008422794,0.00081117527,-0.008828381,-0.37570956,0.4901123,0.5098877,0.057861328,0.5705926418304443
5963776,2152.3120911374554,6.0,237.39246,500.0,233.39871,-1.0,0.45300293,1.0,0.60332596,0.3519995,-0.006724161,0.0019122168,-0.00768027,-0.38428348,0.4888916,0.5111084,0.05810547,0.5709676146507263
5971968,2154.3314598365228,6.0,237.47949,500.0,233.38385,-1.0,0.45336914,1.0,0.60294956,0.3520948,-0.0043880413,0.0010018483,-0.0048889657,-0.3940116,0.48876953,0.51123047,0.057861328,0.5710206627845764
5980160,2155.638969129961,6.0,237.36182,500.0,233.37563,-1.0,0.45373535,1.0,0.6027754,0.3524762,-0.0074097584,0.0013344655,-0.008076991,-0.4021554,0.4885254,0.5114746,0.057739258,0.5709058046340942
5988352,2151.088738282315,6.0,237.0758,500.0,233.32846,-1.0,0.45336914,1.0,0.60355663,0.35238087,-0.007475202,0.0022628116,-0.008606608,-0.40939987,0.48840332,0.5115967,0.05822754,0.5712510347366333
5996544,2140.543604282989,6.0,236.97974,500.0,233.30753,-1.0,0.45361328,1.0,0.6035754,0.35253984,-0.00784353,0.0009890264,-0.008338043,-0.41312703,0.48815918,0.5118408,0.05822754,0.5711361765861511
6004736,2146.1376173131416,6.0,236.8424,500.0,233.26196,-1.0,0.4539795,1.0,0.60360354,0.35276192,-0.0063386606,0.0010636488,-0.006870485,-0.42087713,0.48779297,0.51220703,0.05822754,0.5710861682891846
6012928,2149.9250222330597,6.0,236.88965,500.0,233.27557,-1.0,0.45385742,1.0,0.6035941,0.35266525,-0.007959575,0.0012330215,-0.008576087,-0.41657305,0.48791504,0.51208496,0.05822754,0.5712065100669861
6021120,2156.5857878910174,6.0,236.77002,500.0,233.2329,-1.0,0.45458984,1.0,0.60344744,0.35320586,-0.007814568,0.0013597095,-0.008494422,-0.41647625,0.4873047,0.5126953,0.05810547,0.5710755586624146
6029312,2151.314062688617,6.0,236.47803,500.0,233.22856,-1.0,0.45544434,1.0,0.60330886,0.35404095,-0.0071717263,0.0010738521,-0.007708653,-0.43004137,0.48657227,0.51342773,0.0579834,0.5709868669509888
6037504,2151.6740331796173,6.0,236.18872,500.0,233.19705,-1.0,0.45629883,1.0,0.60316896,0.3546903,-0.007872425,0.0015128826,-0.008628868,-0.4349841,0.48583984,0.51416016,0.057861328,0.5707368850708008
6045696,2146.507523703596,6.0,236.18225,500.0,233.17819,-1.0,0.45715332,1.0,0.6026229,0.35543013,-0.0070757214,0.0018646271,-0.008008035,-0.43708605,0.48535156,0.51464844,0.057495117,0.5707141757011414
6053888,2151.8325014855022,6.0,235.745,500.0,233.11037,-1.0,0.45788574,1.0,0.6028771,0.35586923,-0.0064199218,0.0016913835,-0.0072656143,-0.44082576,0.48449707,0.5155029,0.057617188,0.570858895778656
6062080,2154.506531352259,6.0,235.61438,500.0,233.15091,-1.0,0.45825195,1.0,0.6027,0.35663623,-0.0082924925,0.0020033733,-0.009294179,-0.4367414,0.48425293,0.5157471,0.057495117,0.570858895778656
6070272,2151.6651402419175,6.0,235.0299,500.0,233.09479,-1.0,0.45947266,1.0,0.6027833,0.35770217,-0.0060686343,0.0013109118,-0.0067240903,-0.44260755,0.48303223,0.5169678,0.057495117,0.570608913898468
6078464,2150.520047900132,6.0,234.5575,500.0,233.08603,-1.0,0.4613037,1.0,0.6020932,0.35942566,-0.0060983114,0.0012763347,-0.006736479,-0.4440598,0.48168945,0.51831055,0.057006836,0.57035893201828
6086656,2150.701500701581,6.0,233.95703,500.0,232.99994,-1.0,0.46264648,1.0,0.602178,0.36031938,-0.009642015,0.0019378839,-0.010610957,-0.44232696,0.48034668,0.5196533,0.057006836,0.570313036441803
6094848,2153.831122933731,6.0,234.08044,500.0,233.04262,-1.0,0.46240234,1.0,0.6021628,0.36024034,-0.0071947007,0.0012355294,-0.0078124665,-0.44563413,0.48059082,0.5194092,0.057006836,0.5702482461929321
6103040,2156.8718370843794,6.0,233.87585,500.0,233.07098,-1.0,0.46166992,1.0,0.602927,0.35996076,-0.006916064,0.0018795851,-0.007855857,-0.44829595,0.48083496,0.51916504,0.057495117,0.5705245733261108
6111232,2151.723754140268,6.0,233.57275,500.0,233.01913,-1.0,0.46264648,1.0,0.6027858,0.36057335,-0.005515644,0.002224702,-0.0066279946,-0.44650227,0.47998047,0.52001953,0.057373047,0.5705018639564514
6119424,2154.4393902237994,6.0,233.22314,500.0,232.94379,-1.0,0.46313477,1.0,0.60301834,0.3610219,-0.005021276,0.0015914101,-0.005816981,-0.44819307,0.47937012,0.5206299,0.057495117,0.5707923769950867
6127616,2150.5772533789855,6.0,233.18164,500.0,232.97223,-1.0,0.46313477,1.0,0.60301834,0.3612135,-0.005985152,0.0013538937,-0.0066620987,-0.45010734,0.47937012,0.5206299,0.057495117,0.5706894397735596
6135808,2156.8099638850845,6.0,232.79578,500.0,232.95375,-1.0,0.4638672,1.0,0.60306275,0.36182058,-0.009001928,0.0019099569,-0.009956907,-0.45938924,0.4786377,0.5213623,0.057495117,0.570745587348938
6144000,2148.810269740281,6.0,232.98413,500.0,233.01868,-1.0,0.4638672,1.0,0.60265774,0.3620919,-0.005365951,0.0010213312,-0.0058766166,-0.46346444,0.47888184,0.52111816,0.057250977,0.5706426501274109
6152192,2154.686630738645,6.0,232.92346,500.0,233.03348,-1.0,0.46362305,1.0,0.60284555,0.36205617,-0.007794031,0.0013840254,-0.008486044,-0.46416163,0.4790039,0.5209961,0.057373047,0.5705397129058838
6160384,2152.947559788298,6.0,232.74707,500.0,233.06816,-1.0,0.46398926,1.0,0.6026651,0.36277312,-0.00708485,0.0013878997,-0.007778799,-0.46492422,0.47875977,0.52124023,0.057250977,0.5704212784767151
6168576,2156.7174991778866,6.0,232.49463,500.0,233.00386,-1.0,0.46447754,1.0,0.6028965,0.36296135,-0.0074159214,0.0016537026,-0.008242773,-0.4688571,0.4781494,0.5218506,0.057373047,0.5703379511833191
6176768,2153.4057830791908,6.0,232.12097,500.0,232.99509,-1.0,0.4650879,1.0,0.60293216,0.36369547,-0.0048623346,0.0021382198,-0.0059314445,-0.47996992,0.47753906,0.52246094,0.057373047,0.5704629421234131
6184960,2153.978971588826,6.0,232.32019,500.0,233.04062,-1.0,0.46411133,1.0,0.60327965,0.36307576,-0.007983914,0.0013204827,-0.008644155,-0.4882174,0.47827148,0.5217285,0.057617188,0.5706183314323425
6193152,2151.6896633694714,6.0,231.89758,500.0,233.03157,-1.0,0.46435547,1.0,0.6036987,0.3635505,-0.005249319,0.0019312827,-0.0062149605,-0.49217194,0.4777832,0.5222168,0.057861328,0.5706064105033875
6201344,2153.9376529348124,6.0,232.03394,500.0,233.0667,-1.0,0.4645996,1.0,0.6033085,0.36376405,-0.0061954306,0.0007920016,-0.0065914313,-0.49212992,0.4777832,0.5222168,0.057617188,0.5703564286231995
6209536,2151.4458043794903,6.0,231.51672,500.0,232.99591,-1.0,0.46569824,1.0,0.60337204,0.36463583,-0.007721143,0.0016384518,-0.008540369,-0.48994076,0.47668457,0.5233154,0.057617188,0.5704814195632935
6217728,2151.9238739233565,6.0,231.67041,500.0,233.02844,-1.0,0.46533203,1.0,0.603351,0.36441728,-0.004668903,0.001220269,-0.0052790376,-0.4967329,0.47705078,0.5229492,0.057617188,0.5705255270004272
6225920,2152.2510185217143,6.0,231.44604,500.0,232.99721,-1.0,0.46484375,1.0,0.6041316,0.36399812,-0.0070582195,0.002096585,-0.008106512,-0.50125146,0.47705078,0.5229492,0.05810547,0.5709004998207092
6234112,2149.060789987252,6.0,231.80603,500.0,233.09518,-1.0,0.4645996,1.0,0.6035108,0.36417615,-0.0059448406,0.0010767933,-0.0064832373,-0.5099478,0.47766113,0.52233887,0.057739258,0.5706505179405212
6242304,2154.5985363542673,6.0,231.52917,500.0,233.04993,-1.0,0.46472168,1.0,0.60392237,0.36441326,-0.008407654,0.0019394438,-0.009377375,-0.5255542,0.47729492,0.5227051,0.0579834,0.570888340473175
6250496,2152.9533605721185,6.0,231.32776,500.0,233.0894,-1.0,0.46520996,1.0,0.60374856,0.36490273,-0.009968575,0.0015857186,-0.010761434,-0.5380893,0.4769287,0.5230713,0.057861328,0.5707699060440063
6258688,2153.2171269046653,6.0,230.99878,500.0,233.0372,-1.0,0.4654541,1.0,0.6041668,0.365303,-0.0068503805,0.0017824556,-0.007741608,-0.55347794,0.47644043,0.5235596,0.05810547,0.5709546804428101
6266880,2153.6170146566787,6.0,230.7959,500.0,233.03464,-1.0,0.46606445,1.0,0.60399926,0.36592117,-0.0049055046,0.0017708507,-0.0057909302,-0.56196016,0.47595215,0.52404785,0.0579834,0.5709546804428101
6275072,2154.1846432424263,6.0,230.64905,500.0,233.05403,-1.0,0.46704102,1.0,0.6034468,0.36698163,-0.0050657163,0.001376347,-0.00575389,-0.5614711,0.4753418,0.5246582,0.057617188,0.5708296895027161
6283264,2153.7403984663197,6.0,230.85791,500.0,233.13223,-1.0,0.46679688,1.0,0.60323113,0.36667725,-0.0070174183,0.0019332216,-0.007984029,-0.5550638,0.475708,0.524292,0.057495117,0.5708737969398499
6291456,2151.903792884572,6.0,230.84277,500.0,233.14113,-1.0,0.46655273,1.0,0.6034199,0.36651495,-0.005336852,0.0016040227,-0.0061388635,-0.5573933,0.47583008,0.5241699,0.057617188,0.5709179043769836
6299648,2150.538757121836,6.0,230.83032,500.0,233.14278,-1.0,0.46655273,1.0,0.6034199,0.36643118,-0.009414802,0.0015904901,-0.010210047,-0.5674651,0.47583008,0.5241699,0.057617188,0.5709243416786194
6307840,2155.192772547402,6.0,230.29053,500.0,233.08395,-1.0,0.46740723,1.0,0.60346675,0.3674708,-0.0029964834,0.0018719344,-0.003932451,-0.5744877,0.4749756,0.5250244,0.057617188,0.5708743333816528
6316032,2147.935117112428,6.0,229.7229,500.0,233.06885,-1.0,0.46850586,1.0,0.603525,0.36855194,-0.0059452076,0.002063499,-0.006976957,-0.5774124,0.47387695,0.52612305,0.057617188,0.5708326697349548
6324224,2155.7632610095184,6.0,229.92444,500.0,233.06387,-1.0,0.46850586,1.0,0.6033227,0.36853045,-0.006286322,0.0012953244,-0.0069339843,-0.5877555,0.47399902,0.526001,0.057495117,0.5707178115844727
6332416,2161.442106030614,6.0,229.46655,500.0,233.02486,-1.0,0.46862793,1.0,0.6039358,0.3686756,-0.0058130417,0.0023952452,-0.007010664,-0.5954922,0.47351074,0.52648926,0.057861328,0.5709440112113953
6340608,2154.8304075978044,6.0,229.79431,500.0,233.07065,-1.0,0.46691895,1.0,0.60465264,0.36741,-0.0052964534,0.0016708744,-0.00613189,-0.5988717,0.47473145,0.52526855,0.05834961,0.5713189840316772
6348800,2150.47751591669,6.0,229.60498,500.0,233.05951,-1.0,0.46728516,1.0,0.60467255,0.3678004,-0.0070008603,0.0018527952,-0.0079272585,-0.60813576,0.47436523,0.52563477,0.05834961,0.5712773203849792
6356992,2156.1312165184504,6.0,229.37048,500.0,233.00558,-1.0,0.4678955,1.0,0.60470533,0.36814183,-0.003954788,0.0013943721,-0.004651974,-0.61776006,0.47375488,0.5262451,0.05834961,0.5711886286735535
6365184,2153.599601668789,6.0,229.44739,500.0,232.97969,-1.0,0.46765137,1.0,0.60489416,0.3680279,-0.0049659396,0.0014467548,-0.0056893164,-0.61823463,0.47387695,0.52612305,0.05847168,0.5713797807693481
6373376,2144.4686590946044,6.0,229.43579,500.0,232.98038,-1.0,0.4683838,1.0,0.6043272,0.368505,-0.0065063266,0.0011862316,-0.007099443,-0.6191871,0.47351074,0.52648926,0.05810547,0.5713083744049072
6381568,2149.0474829902787,6.0,229.37427,500.0,232.98758,-1.0,0.4678955,1.0,0.60470533,0.36830124,-0.0068514273,0.0018192229,-0.007761039,-0.61554706,0.47375488,0.5262451,0.05834961,0.5715847015380859
6389760,2153.963983266406,6.0,229.35266,500.0,232.97006,-1.0,0.46850586,1.0,0.6043335,0.36878288,-0.0067870724,0.0015848702,-0.0075795073,-0.61248183,0.47338867,0.5266113,0.05810547,0.5715911388397217
6397952,2156.562506582399,6.0,228.90381,500.0,232.94193,-1.0,0.4691162,1.0,0.604567,0.36964232,-0.0056823157,0.0017413727,-0.0065530026,-0.6167427,0.47265625,0.52734375,0.05822754,0.5715585350990295
6406144,2152.809968964464,6.0,228.9674,500.0,232.96698,-1.0,0.46850586,1.0,0.60493916,0.369265,-0.0067092963,0.0012103297,-0.0073144613,-0.621864,0.47302246,0.52697754,0.05847168,0.571844220161438
6414336,2156.530563279277,6.0,229.08008,500.0,233.00168,-1.0,0.46850586,1.0,0.60473734,0.36927453,-0.0067703025,0.0019353748,-0.0077379895,-0.614834,0.47314453,0.52685547,0.05834961,0.5722393989562988
6422528,2150.323822583917,6.0,228.9779,500.0,233.01027,-1.0,0.46875,1.0,0.6047501,0.3697715,-0.004220454,0.0013738915,-0.0049074,-0.61299086,0.4729004,0.5270996,0.05834961,0.5723019242286682
6430720,2147.9270606925916,6.0,228.60071,500.0,232.93263,-1.0,0.46862793,1.0,0.60555065,0.36949682,-0.006089797,0.0023571327,-0.0072683627,-0.61480546,0.47253418,0.5274658,0.05883789,0.5726616978645325
6438912,2143.145920656591,6.0,228.44946,500.0,232.89229,-1.0,0.46850586,1.0,0.6059473,0.3693768,-0.0069803214,0.002082187,-0.008021414,-0.61304104,0.4724121,0.5275879,0.05908203,0.5728170871734619
6447104,2144.540534184399,6.0,227.82434,500.0,232.83875,-1.0,0.46875,1.0,0.6067653,0.36989704,-0.0073173447,0.0030102967,-0.008822493,-0.61167175,0.4716797,0.5283203,0.059570312,0.5732152462005615
6455296,2149.2902607948395,6.0,227.94543,500.0,232.86859,-1.0,0.46728516,1.0,0.6076932,0.36874437,-0.006535175,0.001612448,-0.007341399,-0.61443204,0.47253418,0.5274658,0.060180664,0.5738743543624878
6463488,2156.2500172105956,6.0,228.08728,500.0,232.87372,-1.0,0.4671631,1.0,0.60768664,0.3684281,-0.005865426,0.0014012331,-0.006566042,-0.6190453,0.47265625,0.52734375,0.060180664,0.5739274024963379
6471680,2155.213455759924,6.0,227.61108,500.0,232.83296,-1.0,0.46801758,1.0,0.6077322,0.36922163,-0.005124743,0.0014721673,-0.005860827,-0.6226504,0.47180176,0.52819824,0.060180664,0.5739274024963379
6479872,2156.7738164158477,6.0,227.76208,500.0,232.88239,-1.0,0.46740723,1.0,0.6079007,0.36895096,-0.00658241,0.0009885365,-0.007076678,-0.6272129,0.47229004,0.52770996,0.060302734,0.5738336443901062
6488064,2155.467499618587,6.0,227.51782,500.0,232.90329,-1.0,0.4675293,1.0,0.60810786,0.36945793,-0.0073658396,0.002170543,-0.008451111,-0.6390628,0.4720459,0.5279541,0.060424805,0.5738836526870728
6496256,2156.6736387510255,6.0,227.69788,500.0,232.93304,-1.0,0.46850586,1.0,0.6071548,0.37008893,-0.0072149187,0.001533522,-0.00798168,-0.6488008,0.4716797,0.5283203,0.059814453,0.5736336708068848
6504448,2156.0638388004963,6.0,227.7987,500.0,232.97469,-1.0,0.4678955,1.0,0.60732394,0.36981955,-0.0075841798,0.0009852451,-0.008076803,-0.649776,0.47216797,0.52783203,0.059936523,0.5735352039337158
6512640,2153.226302548898,6.0,227.50366,500.0,232.94273,-1.0,0.46826172,1.0,0.60754406,0.37020725,-0.005404378,0.0013360151,-0.0060723852,-0.6480603,0.4716797,0.5283203,0.060058594,0.5736905932426453
6520832,2151.7589240121465,6.0,226.93225,500.0,232.8976,-1.0,0.4696045,1.0,0.60741186,0.37146115,-0.00607717,0.0019903027,-0.007072321,-0.65473723,0.47045898,0.529541,0.059936523,0.5737667083740234
6529024,2152.486160367078,6.0,226.91113,500.0,232.90143,-1.0,0.47009277,1.0,0.6070341,0.3715453,-0.007419999,0.0019035008,-0.00837175,-0.6609503,0.47021484,0.52978516,0.059692383,0.5738428235054016
6537216,2151.8758956875854,6.0,226.6969,500.0,232.90549,-1.0,0.47045898,1.0,0.6070519,0.37192458,-0.0068062507,0.0015289449,-0.0075707226,-0.66776997,0.46984863,0.53015137,0.059692383,0.5738869309425354
6545408,2153.025940463116,6.0,226.76196,500.0,232.94551,-1.0,0.47070312,1.0,0.6066615,0.37231636,-0.00647822,0.0009417278,-0.0069490834,-0.6719293,0.46984863,0.53015137,0.059448242,0.5738093256950378
6553600,2157.3940420435097,6.0,226.94434,500.0,233.00171,-1.0,0.47021484,1.0,0.60663766,0.3723352,-0.00664999,0.0015786133,-0.007439297,-0.6735664,0.4703369,0.5296631,0.059448242,0.5738295912742615
6561792,2154.2564957817067,6.0,226.82336,500.0,232.98627,-1.0,0.47021484,1.0,0.6068389,0.3722288,-0.005007618,0.0017405177,-0.0058778776,-0.67437565,0.47021484,0.52978516,0.059570312,0.5739454627037048
6569984,2144.6725184963807,6.0,226.44678,500.0,232.93318,-1.0,0.47045898,1.0,0.60725296,0.37225887,-0.00592905,0.0020484137,-0.006953257,-0.6745109,0.46972656,0.53027344,0.059814453,0.5741398930549622
6578176,2158.773900576647,6.0,226.35046,500.0,232.98604,-1.0,0.46972656,1.0,0.60781974,0.37217593,-0.005742841,0.0026724252,-0.007079054,-0.68586236,0.47009277,0.5299072,0.060180664,0.5745502710342407
6586368,2138.4767847470425,6.0,226.62451,500.0,233.0444,-1.0,0.4691162,1.0,0.60778904,0.37181664,-0.005869068,0.00077255047,-0.006255344,-0.70095277,0.47070312,0.5292969,0.060180664,0.5743002891540527
6594560,2140.9801531622506,6.0,226.11194,500.0,232.98584,-1.0,0.4696045,1.0,0.6082152,0.3722157,-0.007053333,0.0024587417,-0.008282703,-0.70819527,0.4699707,0.5300293,0.060424805,0.5747321248054504
6602752,2144.3747067454765,6.0,225.78833,500.0,232.99501,-1.0,0.47021484,1.0,0.6080446,0.3727187,-0.0054189796,0.0014965993,-0.0061672786,-0.7118749,0.46948242,0.5305176,0.060302734,0.5747043490409851
6610944,2157.5971147758723,6.0,225.80286,500.0,233.00603,-1.0,0.47143555,1.0,0.60709864,0.37362242,-0.0057344106,0.0011094119,-0.0062891166,-0.71988845,0.46887207,0.5311279,0.059692383,0.5744543671607971
6619136,2148.6198650423826,6.0,225.59009,500.0,232.95963,-1.0,0.47192383,1.0,0.6071214,0.37381017,-0.007582452,0.0016535189,-0.008409211,-0.7277719,0.4683838,0.5316162,0.059692383,0.574421763420105
6627328,2159.715466509007,6.0,225.72766,500.0,233.01863,-1.0,0.47094727,1.0,0.6074775,0.37329084,-0.006189754,0.0018109971,-0.007095253,-0.7337967,0.4691162,0.5308838,0.059936523,0.5747778415679932
6635520,2147.6482115442095,6.0,225.47424,500.0,232.96758,-1.0,0.47155762,1.0,0.60750645,0.37391847,-0.0049108807,0.0009561541,-0.0053889584,-0.73192114,0.46850586,0.53149414,0.059936523,0.5747842788696289
6643712,2144.9922395138046,6.0,225.19165,500.0,232.91664,-1.0,0.4724121,1.0,0.60734487,0.37460944,-0.0086818505,0.0010970111,-0.009230356,-0.7370831,0.46777344,0.53222656,0.059814453,0.5747974514961243
6651904,2136.133038085503,6.0,225.1344,500.0,232.89708,-1.0,0.47143555,1.0,0.60810316,0.37411702,-0.0072810734,0.0021733965,-0.008367772,-0.7392047,0.46826172,0.5317383,0.060302734,0.575060248374939
6660096,2152.100576267524,6.0,225.00049,500.0,232.87851,-1.0,0.47180176,1.0,0.6081204,0.3744554,-0.0067911064,0.0016928875,-0.00763755,-0.7390271,0.4678955,0.5321045,0.060302734,0.5750666856765747
6668288,2148.9102557960664,6.0,225.1842,500.0,232.94016,-1.0,0.47229004,1.0,0.6073393,0.37510374,-0.007580583,0.0018443894,-0.008502778,-0.73674077,0.4678955,0.5321045,0.059814453,0.5750547647476196
6676480,2148.484438907699,6.0,225.36938,500.0,232.96786,-1.0,0.47180176,1.0,0.60751784,0.37458724,-0.0053370744,0.0012414142,-0.0059577823,-0.7368468,0.46826172,0.5317383,0.059936523,0.5752101540565491
6684672,2143.226129294157,6.0,225.02979,500.0,232.99077,-1.0,0.47253418,1.0,0.6073504,0.3757503,-0.008089777,0.001831969,-0.009005759,-0.73910487,0.46765137,0.53234863,0.059814453,0.575164258480072
6692864,2147.863954161384,6.0,224.83984,500.0,232.9984,-1.0,0.47302246,1.0,0.6071713,0.37620544,-0.0074313106,0.0016948314,-0.008278727,-0.73859644,0.46728516,0.53271484,0.059692383,0.5751706957817078
6701056,2153.790890009462,6.0,224.62512,500.0,232.96242,-1.0,0.4732666,1.0,0.60738313,0.37648228,-0.0059502106,0.0019835725,-0.0069419965,-0.7418788,0.46691895,0.53308105,0.059814453,0.5753858089447021
6709248,2149.5277145110176,6.0,224.4408,500.0,232.95714,-1.0,0.47314453,1.0,0.6077795,0.37656957,-0.007449944,0.0018571555,-0.0083785225,-0.74315876,0.46679688,0.5332031,0.060058594,0.5757310390472412
6717440,2136.581739673317,6.0,224.4408,500.0,232.98848,-1.0,0.47277832,1.0,0.60796404,0.37642455,-0.006262473,0.0017475314,-0.007136239,-0.7416975,0.46704102,0.532959,0.060180664,0.5758219361305237
6725632,2144.3595841308693,6.0,224.19788,500.0,232.99268,-1.0,0.47387695,1.0,0.6074096,0.37746733,-0.0075339116,0.0013632798,-0.00821555,-0.748098,0.4663086,0.5336914,0.059814453,0.5755719542503357
6733824,2152.6648431944636,6.0,224.00903,500.0,232.97238,-1.0,0.4749756,1.0,0.60685277,0.37823412,-0.0038597002,0.0013547661,-0.004537083,-0.75820166,0.46557617,0.5344238,0.059448242,0.5755783915519714
6742016,2146.778028896627,6.0,223.7804,500.0,232.93231,-1.0,0.4749756,1.0,0.6072549,0.37816525,-0.007509097,0.0016728712,-0.008345532,-0.76079214,0.46533203,0.53466797,0.059692383,0.5757569670677185
6750208,2142.41896955597,6.0,223.55652,500.0,232.88733,-1.0,0.47558594,1.0,0.6072798,0.37886316,-0.006817892,0.0016986928,-0.0076672384,-0.75800776,0.46472168,0.5352783,0.059692383,0.5758641362190247
6758400,2160.8561060120555,6.0,222.68945,500.0,232.78629,-1.0,0.4765625,1.0,0.60792094,0.37970364,-0.004915035,0.0025282952,-0.006179183,-0.75788367,0.4633789,0.5366211,0.060058594,0.5760686993598938
6766592,2148.749664442919,6.0,222.60059,500.0,232.73975,-1.0,0.47583008,1.0,0.6086949,0.3791072,-0.0067704967,0.002274803,-0.007907897,-0.77081054,0.46362305,0.53637695,0.060546875,0.576359212398529
6774784,2146.968912203299,6.0,222.2301,500.0,232.66016,-1.0,0.47644043,1.0,0.6089194,0.37972432,-0.005473595,0.001569872,-0.0062585305,-0.7797009,0.46289062,0.5371094,0.060668945,0.5764501094818115
6782976,2137.4551093995306,6.0,221.81348,500.0,232.63646,-1.0,0.477417,1.0,0.60875595,0.3806504,-0.008480574,0.001873218,-0.009417182,-0.7892873,0.46203613,0.53796387,0.060546875,0.5766763091087341
6791168,2141.861796250292,6.0,221.89612,500.0,232.68044,-1.0,0.4769287,1.0,0.6089381,0.38043875,-0.007459927,0.0024838739,-0.008701864,-0.79931843,0.46240234,0.53759766,0.060668945,0.5768429636955261
6799360,2140.9850891964484,6.0,221.92456,500.0,232.6812,-1.0,0.47644043,1.0,0.6093202,0.38000375,-0.007190545,0.0016727515,-0.00802692,-0.8081159,0.46264648,0.5373535,0.060913086,0.576977550983429
6807552,2145.612941716441,6.0,221.87354,500.0,232.66635,-1.0,0.4765625,1.0,0.60932493,0.3800628,-0.0051347315,0.001091517,-0.0056804903,-0.8129742,0.4625244,0.5374756,0.060913086,0.576727569103241
6815744,2151.6100326156757,6.0,221.83618,500.0,232.69112,-1.0,0.47607422,1.0,0.60970646,0.3797049,-0.0042772433,0.0025124103,-0.005533448,-0.82099736,0.46276855,0.53723145,0.061157227,0.576894223690033
6823936,2169.0036892281382,6.0,221.9751,500.0,232.73587,-1.0,0.47595215,1.0,0.6095015,0.37971386,-0.005579259,0.0007584551,-0.0059584863,-0.8206495,0.4630127,0.5369873,0.061035156,0.576822817325592
6832128,2153.6727651087313,6.0,221.73914,500.0,232.70012,-1.0,0.4761963,1.0,0.6097113,0.3799581,-0.0055327057,0.0009503819,-0.0060078963,-0.81361026,0.46264648,0.5373535,0.061157227,0.5767198801040649
6840320,2155.4634430992837,6.0,221.55432,500.0,232.70729,-1.0,0.47631836,1.0,0.60991615,0.38004002,-0.007228604,0.0016829086,-0.008070057,-0.80717933,0.46240234,0.53759766,0.061279297,0.5768544673919678
6848512,2151.617847217313,6.0,221.78455,500.0,232.74812,-1.0,0.47558594,1.0,0.61008745,0.37946463,-0.006718847,0.0009910599,-0.007214377,-0.8097229,0.4630127,0.5369873,0.061401367,0.5767830610275269
6856704,2159.8578787607726,6.0,221.63147,500.0,232.74484,-1.0,0.47583008,1.0,0.6100971,0.37981582,-0.0040729214,0.0008844561,-0.004515149,-0.80843604,0.46276855,0.53723145,0.061401367,0.5765330791473389
6864896,2151.503059121262,6.0,221.84436,500.0,232.79922,-1.0,0.47509766,1.0,0.6102677,0.3793849,-0.005811844,0.0016528738,-0.006638281,-0.80306304,0.4633789,0.5366211,0.061523438,0.5767116546630859
6873088,2156.5970226558015,6.0,221.38647,500.0,232.72778,-1.0,0.4753418,1.0,0.6108774,0.3797024,-0.0054887477,0.002084984,-0.0065312395,-0.7983426,0.46276855,0.53723145,0.06188965,0.5770714282989502
6881280,2152.6961325980697,6.0,220.7251,500.0,232.67679,-1.0,0.47583008,1.0,0.6114961,0.3804161,-0.004696478,0.0023781399,-0.005885548,-0.7982911,0.46191406,0.53808594,0.06225586,0.5772759914398193
6889472,2156.908664831355,6.0,220.11707,500.0,232.57635,-1.0,0.47680664,1.0,0.6117335,0.38135052,-0.007964589,0.002178656,-0.009053915,-0.79211354,0.46081543,0.5391846,0.06237793,0.5772987008094788
6897664,2156.7521555916455,6.0,220.18579,500.0,232.61827,-1.0,0.47790527,1.0,0.61077577,0.38230032,-0.008104859,0.0010329677,-0.0086213425,-0.80454373,0.46032715,0.53967285,0.061767578,0.5771915316581726
6905856,2151.837083399352,6.0,220.23938,500.0,232.66829,-1.0,0.47680664,1.0,0.61133426,0.38174886,-0.008586535,0.0018435468,-0.009508308,-0.8145404,0.46105957,0.5389404,0.06213379,0.5775994062423706
6914048,2153.153439294021,6.0,219.65833,500.0,232.5316,-1.0,0.47766113,1.0,0.6117653,0.38229418,-0.0051411246,0.0019816367,-0.0061319424,-0.8142173,0.45996094,0.54003906,0.06237793,0.577715277671814
6922240,2153.711373650833,6.0,219.13916,500.0,232.44746,-1.0,0.4786377,1.0,0.6118002,0.38320756,-0.004773706,0.0015652472,-0.0055563296,-0.8173129,0.45898438,0.5410156,0.06237793,0.577715277671814
6930432,2152.6367913990102,6.0,218.93115,500.0,232.42345,-1.0,0.47827148,1.0,0.6123856,0.38299084,-0.009470515,0.0010903887,-0.010015709,-0.82292676,0.45898438,0.5410156,0.06274414,0.577881932258606
6938624,2155.985913197815,6.0,218.98254,500.0,232.4172,-1.0,0.47839355,1.0,0.61219054,0.38308004,-0.009236343,0.0014083822,-0.009940535,-0.83721554,0.45898438,0.5410156,0.06262207,0.5777932405471802
6946816,2159.351307828368,6.0,218.86719,500.0,232.39835,-1.0,0.47839355,1.0,0.6123899,0.3832451,-0.0074237483,0.0019131242,-0.008380309,-0.8473284,0.4588623,0.5411377,0.06274414,0.5778289437294006
6955008,2157.91744860368,6.0,218.82251,500.0,232.39983,-1.0,0.47790527,1.0,0.6127711,0.38286656,-0.0054874783,0.0018141905,-0.006394574,-0.8548606,0.45910645,0.54089355,0.06298828,0.5779050588607788
6963200,2151.9186177763236,6.0,218.36938,500.0,232.33911,-1.0,0.47827148,1.0,0.6131824,0.38353553,-0.003389983,0.0026378136,-0.00470889,-0.86627495,0.4584961,0.5415039,0.06323242,0.5783032178878784
6971392,2155.3397265947046,6.0,218.54175,500.0,232.37999,-1.0,0.477417,1.0,0.61354965,0.3831387,-0.006306653,0.0018275285,-0.0072204173,-0.87749994,0.45910645,0.54089355,0.06347656,0.5786213874816895
6979584,2155.111800913822,6.0,218.28235,500.0,232.34969,-1.0,0.47766113,1.0,0.6137575,0.38356388,-0.006786256,0.0011188539,-0.0073456834,-0.8894197,0.45874023,0.54125977,0.06359863,0.5787661075592041
6987776,2150.1852213440425,6.0,217.84839,500.0,232.24994,-1.0,0.47839355,1.0,0.61398256,0.38421166,-0.0061481004,0.0014085462,-0.0068523735,-0.9005739,0.45788574,0.54211426,0.0637207,0.5787792801856995
6995968,2146.444768731934,6.0,217.60901,500.0,232.22919,-1.0,0.47924805,1.0,0.6136142,0.38470918,-0.0060953307,0.001650839,-0.0069207503,-0.9042039,0.4572754,0.5427246,0.06347656,0.5788323283195496
7004160,2160.2253320790182,6.0,216.55933,500.0,232.00232,-1.0,0.48083496,1.0,0.61426234,0.38616928,-0.0062158583,0.0022523552,-0.007342036,-0.9100257,0.45532227,0.54467773,0.06384277,0.5790060758590698
7012352,2150.292198397632,6.0,216.4784,500.0,232.00204,-1.0,0.48095703,1.0,0.6142661,0.38624394,-0.006512858,0.0019478394,-0.007486778,-0.9167912,0.4552002,0.5447998,0.06384277,0.5790192484855652
7020544,2153.070462148564,6.0,216.02649,500.0,231.90709,-1.0,0.48242188,1.0,0.6139123,0.38734445,-0.0072369324,0.0021004824,-0.008287174,-0.9151513,0.4539795,0.5460205,0.06359863,0.5792136788368225
7028736,2148.6600393715557,6.0,215.59167,500.0,231.80579,-1.0,0.48217773,1.0,0.61489856,0.3875727,-0.00759509,0.0026607637,-0.008925471,-0.91330963,0.45361328,0.5463867,0.064208984,0.5797245502471924
7036928,2153.8133014529762,6.0,215.1228,500.0,231.72136,-1.0,0.48266602,1.0,0.6153095,0.3880015,-0.0072354334,0.0020569114,-0.008263889,-0.911982,0.45288086,0.54711914,0.064453125,0.5797070860862732
7045120,2149.755267519247,6.0,214.63892,500.0,231.60669,-1.0,0.48388672,1.0,0.6151442,0.38896865,-0.0076268073,0.0019037758,-0.008578694,-0.9087938,0.45178223,0.5482178,0.064331055,0.579599916934967
7053312,2148.7473800528937,6.0,213.9751,500.0,231.48509,-1.0,0.4852295,1.0,0.615178,0.39008325,-0.007646644,0.0019542275,-0.0086237565,-0.9100622,0.45043945,0.54956055,0.064331055,0.5797754526138306
7061504,2154.6081291049013,6.0,213.77588,500.0,231.46877,-1.0,0.4855957,1.0,0.61518663,0.39059263,-0.0065563,0.0014396623,-0.007276132,-0.91635025,0.45007324,0.54992676,0.064331055,0.5798032283782959
7069696,2159.4665277625545,6.0,213.72327,500.0,231.47667,-1.0,0.4852295,1.0,0.6155747,0.39052856,-0.007044106,0.001460476,-0.0077743437,-0.9239337,0.4501953,0.5498047,0.064575195,0.5799586176872253
7077888,2146.300499849458,6.0,213.6654,500.0,231.4645,-1.0,0.48535156,1.0,0.61557764,0.39054462,-0.0026261923,0.0018542644,-0.0035533241,-0.9253451,0.45007324,0.54992676,0.064575195,0.5798172950744629
7086080,2148.6920186740017,6.0,213.35583,500.0,231.47974,-1.0,0.48498535,1.0,0.6161635,0.39077348,-0.0052687638,0.0021648873,-0.0063512074,-0.9234374,0.45007324,0.54992676,0.064941406,0.580021858215332
7094272,2153.273396424223,6.0,213.28711,500.0,231.47038,-1.0,0.484375,1.0,0.6167423,0.3902673,-0.005746962,0.0021324335,-0.006813179,-0.920545,0.45031738,0.5496826,0.06530762,0.580188512802124
7102464,2160.4372245162194,6.0,213.36804,500.0,231.51205,-1.0,0.484375,1.0,0.61654437,0.39032555,-0.006498252,0.0010977979,-0.007047151,-0.92222846,0.45043945,0.54956055,0.06518555,0.5800774097442627
7110656,2144.524606141888,6.0,213.00452,500.0,231.48778,-1.0,0.4840088,1.0,0.6173264,0.3900879,-0.006493403,0.0022996943,-0.00764325,-0.9277541,0.45031738,0.5496826,0.06567383,0.5803482532501221
7118848,2151.200653829736,6.0,212.76709,500.0,231.4907,-1.0,0.48461914,1.0,0.6171441,0.39096004,-0.0046260376,0.0011906457,-0.0052213604,-0.93665266,0.4498291,0.5501709,0.06555176,0.5800982713699341
7127040,2155.641809154358,6.0,212.59326,500.0,231.45497,-1.0,0.48425293,1.0,0.61772805,0.3906367,-0.005916813,0.0016172295,-0.0067254277,-0.9457331,0.4498291,0.5501709,0.06591797,0.5803170204162598
7135232,2149.948564028659,6.0,212.65417,500.0,231.50781,-1.0,0.48376465,1.0,0.61791307,0.3904857,-0.0048628286,0.0016033254,-0.005664491,-0.9429557,0.4501953,0.5498047,0.06604004,0.5803700685501099
7143424,2150.483034211967,6.0,212.59448,500.0,231.49443,-1.0,0.484375,1.0,0.6175335,0.39093956,-0.006379171,0.0011689148,-0.006963628,-0.937732,0.4498291,0.5501709,0.0657959,0.5801200866699219
7151616,2155.410980158651,6.0,212.59644,500.0,231.4801,-1.0,0.48461914,1.0,0.6173419,0.39096767,-0.007932833,0.0019354273,-0.008900547,-0.93847096,0.44970703,0.55029297,0.06567383,0.5801200866699219
7159808,2148.5409987390044,6.0,212.57239,500.0,231.481,-1.0,0.48449707,1.0,0.6175366,0.39109278,-0.0033009923,0.0012242274,-0.0039131055,-0.93669,0.44970703,0.55029297,0.0657959,0.580173134803772
7168000,2153.7617288294296,6.0,212.5138,500.0,231.47415,-1.0,0.48449707,1.0,0.61773425,0.39132217,-0.006103768,0.0020636108,-0.007135574,-0.9330949,0.44958496,0.55041504,0.06591797,0.5803993344306946
7176192,2152.2476481692224,6.0,212.32837,500.0,231.43033,-1.0,0.48486328,1.0,0.61774325,0.39163312,-0.00857138,0.0015246402,-0.0093337,-0.93680364,0.44921875,0.55078125,0.06591797,0.5804057717323303
7184384,2159.7852448081157,6.0,212.17456,500.0,231.4016,-1.0,0.48547363,1.0,0.6175603,0.39194387,-0.0071580037,0.0020867994,-0.0082014045,-0.94074565,0.44873047,0.55126953,0.0657959,0.5805403590202332
7192576,2148.5252799122673,6.0,211.7804,500.0,231.34645,-1.0,0.48657227,1.0,0.6171897,0.39299294,-0.006846982,0.0019630657,-0.007828515,-0.9496695,0.44787598,0.552124,0.06555176,0.580522894859314
7200768,2156.0589682852983,6.0,211.495,500.0,231.32764,-1.0,0.4873047,1.0,0.61700743,0.3934741,-0.0067371526,0.0017833175,-0.007628812,-0.95129913,0.44726562,0.5527344,0.06542969,0.5806984305381775
7208960,2158.0851062039073,6.0,211.10889,500.0,231.2863,-1.0,0.4876709,1.0,0.6172127,0.39382666,-0.007232423,0.0015577652,-0.008011306,-0.9475797,0.44677734,0.55322266,0.06555176,0.5808055996894836
7217152,2159.382520494965,6.0,210.93762,500.0,231.26779,-1.0,0.4880371,1.0,0.61721987,0.394599,-0.008885911,0.0020512538,-0.009911537,-0.9503191,0.44641113,0.55358887,0.06555176,0.581076443195343
7225344,2151.583759802273,6.0,210.11768,500.0,231.1613,-1.0,0.48950195,1.0,0.6172465,0.39604628,-0.0057121767,0.0015428263,-0.0064835893,-0.9542734,0.4449463,0.5550537,0.06555176,0.5810225009918213
7233536,2159.3123611141837,6.0,210.25195,500.0,231.19046,-1.0,0.48999023,1.0,0.616661,0.39637566,-0.007336327,0.0011970332,-0.007934844,-0.961849,0.44482422,0.5551758,0.06518555,0.5807725191116333
7241728,2158.38090851065,6.0,210.11572,500.0,231.17734,-1.0,0.49023438,1.0,0.616665,0.39665055,-0.008057369,0.0016568978,-0.008885818,-0.96708024,0.44458008,0.5554199,0.06518555,0.5807664394378662
7249920,2157.91744860368,6.0,209.76257,500.0,231.11008,-1.0,0.4909668,1.0,0.6166761,0.39737064,-0.0053243535,0.001525698,-0.0060872016,-0.9637837,0.44384766,0.55615234,0.06518555,0.5807664394378662
7258112,2150.269860171317,6.0,210.05298,500.0,231.1758,-1.0,0.48999023,1.0,0.61705685,0.39643186,-0.0066249124,0.0012382834,-0.007244054,-0.97000384,0.44458008,0.5554199,0.06542969,0.5809218287467957
7266304,2143.2512625692416,6.0,210.1565,500.0,231.2051,-1.0,0.49023438,1.0,0.616665,0.39657876,-0.0067569558,0.0012376244,-0.007375769,-0.9839744,0.44458008,0.5554199,0.06518555,0.5808233618736267
7274496,2147.7703753451087,6.0,210.05396,500.0,231.21895,-1.0,0.49035645,1.0,0.6166669,0.3969096,-0.0074541396,0.0017409236,-0.008324602,-0.99181515,0.444458,0.555542,0.06518555,0.5808172821998596
7282688,2155.1418097244928,6.0,210.26807,500.0,231.21426,-1.0,0.48986816,1.0,0.616857,0.39619,-0.0076772617,0.0020769506,-0.008715737,-0.9961549,0.44482422,0.5551758,0.06530762,0.5808672904968262
7290880,2135.9151311655205,6.0,210.27686,500.0,231.25299,-1.0,0.48950195,1.0,0.6170487,0.39627936,-0.008703886,0.0026972322,-0.010052502,-1.0077491,0.44506836,0.55493164,0.06542969,0.5811492204666138
7299072,2158.5308741054923,6.0,210.46387,500.0,231.28871,-1.0,0.48962402,1.0,0.61665505,0.3963933,-0.0034420697,0.0013893214,-0.00413673,-1.015037,0.44519043,0.5548096,0.06518555,0.5811492204666138
7307264,2151.5452275032194,6.0,209.81592,500.0,231.15843,-1.0,0.49169922,1.0,0.61609226,0.39810923,-0.008760648,0.0019339808,-0.009727638,-1.0139569,0.44348145,0.55651855,0.064819336,0.5812253355979919
7315456,2153.4577435539454,6.0,209.85059,500.0,231.16109,-1.0,0.49145508,1.0,0.61628705,0.39806446,-0.00829889,0.0018288762,-0.0092133265,-1.0169765,0.44360352,0.5563965,0.064941406,0.5813919901847839
7323648,2147.2155144626313,6.0,209.7832,500.0,231.15594,-1.0,0.49230957,1.0,0.6157039,0.39882898,-0.005841464,0.0009893328,-0.00633613,-1.0303686,0.44311523,0.55688477,0.064575195,0.581142008304596
7331840,2149.4974584313677,6.0,209.93079,500.0,231.17621,-1.0,0.4925537,1.0,0.6153102,0.39892042,-0.0072212485,0.0012214307,-0.007831965,-1.045008,0.44311523,0.55688477,0.064331055,0.5810235738754272
7340032,2150.536199727,6.0,210.34497,500.0,231.2861,-1.0,0.4918213,1.0,0.61510247,0.39838585,-0.007174964,0.0008291798,-0.007589554,-1.0461563,0.44396973,0.5560303,0.064208984,0.5809658765792847
7348224,2151.2002497815442,6.0,210.81055,500.0,231.38815,-1.0,0.491333,1.0,0.6146988,0.39785933,-0.008122977,0.0008740311,-0.008559993,-1.0513072,0.44470215,0.55529785,0.063964844,0.5809081792831421
7356416,2146.635458664395,6.0,210.53516,500.0,231.32951,-1.0,0.49121094,1.0,0.6152925,0.39782274,-0.0076855044,0.0019489968,-0.008660002,-1.0494337,0.444458,0.555542,0.064331055,0.5811581611633301
7364608,2152.6547282800902,6.0,210.64465,500.0,231.38258,-1.0,0.49157715,1.0,0.61470217,0.39816463,-0.0053328723,0.0008805353,-0.00577314,-1.0450656,0.444458,0.555542,0.063964844,0.5809081792831421
7372800,2147.5031097469323,6.0,210.43433,500.0,231.41232,-1.0,0.49291992,1.0,0.61372536,0.39932945,-0.0044950563,0.0016685479,-0.0053293305,-1.0489956,0.4437256,0.5562744,0.06335449,0.5806581974029541
7380992,2150.019461578716,6.0,210.56982,500.0,231.42389,-1.0,0.49291992,1.0,0.6135264,0.39928076,-0.0042234533,0.0014649192,-0.004955913,-1.0553149,0.44384766,0.55615234,0.06323242,0.580551028251648
7389184,2152.5464372203423,7.0,210.3717,500.0,231.3976,-1.0,0.49365234,1.0,0.61313635,0.39978302,-0.0061848685,0.0014202988,-0.006895018,-1.0582525,0.44335938,0.5566406,0.06298828,0.5805232524871826
7397376,2150.176071599656,7.0,210.66357,500.0,231.50922,-1.0,0.4934082,1.0,0.6127355,0.39994395,-0.007209347,0.0020311985,-0.0082249455,-1.0642846,0.44384766,0.55615234,0.06274414,0.58046555519104
7405568,2147.9216897796096,7.0,210.50903,500.0,231.50179,-1.0,0.4934082,1.0,0.61293465,0.400104,-0.0054238946,0.0015566815,-0.006202236,-1.0741183,0.4437256,0.5562744,0.06286621,0.5803670883178711
7413760,2151.028543038928,7.0,210.42639,500.0,231.49615,-1.0,0.49328613,1.0,0.61313254,0.40005216,-0.006553473,0.0016560444,-0.0073814956,-1.0742255,0.4437256,0.5562744,0.06298828,0.5807053446769714
7421952,2149.254499379082,7.0,210.01245,500.0,231.38622,-1.0,0.49365234,1.0,0.61353445,0.40042555,-0.00753031,0.0020538976,-0.008557259,-1.0729266,0.44311523,0.55688477,0.06323242,0.5809099078178406
7430144,2149.437486675388,7.0,209.31323,500.0,231.25732,-1.0,0.49450684,1.0,0.6139405,0.40151486,-0.0060634236,0.002018652,-0.0070727495,-1.0778245,0.4420166,0.5579834,0.06347656,0.5811700820922852
7438336,2147.067251144981,7.0,209.48608,500.0,231.27267,-1.0,0.4934082,1.0,0.61452585,0.40066856,-0.0064883237,0.0026463969,-0.007811522,-1.0704921,0.44274902,0.557251,0.06384277,0.5815153121948242
7446528,2151.0938557067057,7.0,209.50879,500.0,231.27867,-1.0,0.4937744,1.0,0.6141323,0.40088806,-0.0048653195,0.0017425105,-0.0057365745,-1.0633494,0.44262695,0.55737305,0.06359863,0.5816819667816162
7454720,2148.822229947868,7.0,209.85718,500.0,231.3902,-1.0,0.49291992,1.0,0.614123,0.4002502,-0.004509558,0.00084130786,-0.0049302117,-1.061458,0.44348145,0.55651855,0.06359863,0.5816242694854736
7462912,2160.908698459561,7.0,209.47766,500.0,231.2613,-1.0,0.4934082,1.0,0.61452585,0.400366,-0.008212825,0.002774919,-0.009600285,-1.0674821,0.44274902,0.557251,0.06384277,0.5818644762039185
7471104,2156.93926531302,7.0,209.28027,500.0,231.22122,-1.0,0.4937744,1.0,0.6145297,0.400778,-0.006751541,0.0020065517,-0.007754817,-1.0762287,0.4423828,0.5576172,0.06384277,0.5821272730827332
7479296,2157.4163930737113,7.0,208.63403,500.0,231.12471,-1.0,0.49523926,1.0,0.6143442,0.40221673,-0.0070944,0.001570724,-0.007879762,-1.078178,0.44104004,0.55895996,0.0637207,0.5820695757865906
7487488,2153.748093548598,7.0,208.11975,500.0,231.00206,-1.0,0.4958496,1.0,0.6147458,0.40265107,-0.006160528,0.0018159605,-0.0070685083,-1.079427,0.44018555,0.55981445,0.063964844,0.5820236802101135
7495680,2150.9907039057994,7.0,207.98889,500.0,230.98221,-1.0,0.49487305,1.0,0.6157305,0.40232414,-0.007334006,0.0032282164,-0.008948114,-1.0786107,0.44055176,0.55944824,0.064575195,0.5824633240699768
7503872,2150.721155439297,7.0,208.3092,500.0,231.00983,-1.0,0.49438477,1.0,0.61572623,0.40161332,-0.006632573,0.0009344947,-0.0070998203,-1.0840608,0.44104004,0.55895996,0.064575195,0.5822133421897888
7512064,2156.9555137092957,7.0,208.39465,500.0,231.03748,-1.0,0.49475098,1.0,0.6151345,0.40187028,-0.005877111,0.0021230099,-0.0069386163,-1.0909487,0.44104004,0.55895996,0.064208984,0.5821906328201294
7520256,2151.2033474882255,7.0,208.62134,500.0,231.08983,-1.0,0.49401855,1.0,0.61532617,0.40128535,-0.0038324404,0.0013149519,-0.0044899164,-1.0932885,0.4416504,0.5583496,0.064331055,0.5822263360023499
7528448,2153.319952566437,7.0,208.6377,500.0,231.1271,-1.0,0.4946289,1.0,0.6147364,0.4018784,-0.0040972745,0.0014200252,-0.004807287,-1.0873388,0.44140625,0.55859375,0.063964844,0.5819763541221619
7536640,2147.183713275052,7.0,208.83948,500.0,231.16286,-1.0,0.49365234,1.0,0.61512405,0.40097538,-0.006717257,0.0013308378,-0.0073826755,-1.0829016,0.44213867,0.5578613,0.064208984,0.582180917263031
7544832,2149.8829173357467,6.0,208.6576,500.0,231.10764,-1.0,0.49389648,1.0,0.615325,0.40125066,-0.008242017,0.0011852186,-0.008834626,-1.089535,0.44177246,0.55822754,0.064331055,0.5820779800415039
7553024,2146.0726052620403,6.0,208.72888,500.0,231.11938,-1.0,0.49438477,1.0,0.6147342,0.40158844,-0.0066929124,0.0012030351,-0.00729443,-1.0979229,0.4416504,0.5583496,0.063964844,0.5823835134506226
7561216,2155.390022739036,6.0,208.42871,500.0,231.06061,-1.0,0.49499512,1.0,0.6147395,0.4021269,-0.004710843,0.0013414645,-0.0053815744,-1.103677,0.44104004,0.55895996,0.063964844,0.5822724103927612
7569408,2153.4109115339975,6.0,208.32434,500.0,230.99622,-1.0,0.49536133,1.0,0.61474234,0.40259323,-0.006232584,0.002043155,-0.0072541614,-1.1096532,0.44067383,0.5593262,0.063964844,0.5823557376861572
7577600,2155.470744845023,6.0,208.11499,500.0,230.98683,-1.0,0.49560547,1.0,0.6147441,0.40307045,-0.0067278855,0.0013305596,-0.0073931646,-1.1176643,0.4404297,0.5595703,0.063964844,0.5822307467460632
7585792,2150.6253083332294,6.0,208.06909,500.0,230.95877,-1.0,0.49645996,1.0,0.6141537,0.40361923,-0.006336406,0.0009883665,-0.0068305903,-1.1171765,0.4399414,0.5600586,0.06359863,0.5819807648658752
7593984,2154.1876144930284,6.0,208.01929,500.0,230.93964,-1.0,0.4970703,1.0,0.6137592,0.40397656,-0.0065849936,0.0020005207,-0.007585254,-1.1166055,0.4395752,0.5604248,0.06335449,0.5821254849433899
7602176,2150.7693514535986,6.0,207.84119,500.0,230.91516,-1.0,0.4979248,1.0,0.6133648,0.40476978,-0.005230345,0.0020699417,-0.0062653157,-1.1239517,0.43896484,0.56103516,0.06311035,0.5822504758834839
7610368,2150.0047973755227,6.0,207.07349,500.0,230.7483,-1.0,0.49902344,1.0,0.6137655,0.40573797,-0.0068773963,0.0028420927,-0.008298442,-1.1324247,0.43762207,0.5623779,0.06335449,0.58250892162323
7618560,2156.0457097720755,6.0,206.83374,500.0,230.73886,-1.0,0.5001221,1.0,0.61316925,0.4066767,-0.004649674,0.001932636,-0.005615992,-1.1368015,0.43688965,0.56311035,0.06298828,0.5823569893836975
7626752,2153.4408729950314,6.0,207.06128,500.0,230.79938,-1.0,0.49975586,1.0,0.61297005,0.40651184,-0.0060752877,0.0006379324,-0.006394254,-1.1420832,0.43737793,0.5626221,0.06286621,0.5822921991348267
7634944,2152.5982213739844,6.0,207.34058,500.0,230.86176,-1.0,0.50024414,1.0,0.61217296,0.40703157,-0.0066662147,0.0012337638,-0.0072830957,-1.1448399,0.43737793,0.5626221,0.06237793,0.5821641683578491
7643136,2146.1980753528637,6.0,207.32874,500.0,230.83769,-1.0,0.50024414,1.0,0.61217296,0.40692788,-0.006071354,0.001256078,-0.0066993935,-1.1436456,0.43737793,0.5626221,0.06237793,0.582042396068573
7651328,2141.033783726524,6.0,207.17993,500.0,230.79218,-1.0,0.49975586,1.0,0.6127709,0.40661028,-0.0045078,0.0017779411,-0.005396771,-1.1502182,0.4375,0.5625,0.06274414,0.5821582674980164
7659520,2147.0467239916675,6.0,207.29688,500.0,230.81717,-1.0,0.5,1.0,0.61237246,0.40680778,-0.00448763,0.0017654088,-0.0053703347,-1.155824,0.4375,0.5625,0.0625,0.5821355581283569
7667712,2149.295907442957,6.0,207.15137,500.0,230.7677,-1.0,0.50061035,1.0,0.6121728,0.40729398,-0.0073334333,0.0014364931,-0.00805168,-1.1583416,0.43701172,0.5629883,0.06237793,0.5821633338928223
7675904,2144.26430318181,6.0,206.90186,500.0,230.72415,-1.0,0.5003662,1.0,0.61277086,0.4072057,-0.006129475,0.001616384,-0.0069376673,-1.1609935,0.43688965,0.56311035,0.06274414,0.5823895335197449
7684096,2140.0167283815404,6.0,207.00854,500.0,230.7674,-1.0,0.5008545,1.0,0.6121725,0.40762222,-0.0053227977,0.0013213886,-0.005983492,-1.1640327,0.43676758,0.5632324,0.06237793,0.5824027061462402
7692288,2148.552687246448,6.0,206.57263,500.0,230.68317,-1.0,0.5019531,1.0,0.6119705,0.40848488,-0.0062669106,0.0016440907,-0.0070889555,-1.1753615,0.43579102,0.564209,0.06225586,0.5822507739067078
7700480,2139.716610436404,6.0,205.78088,500.0,230.55888,-1.0,0.5031738,1.0,0.6121648,0.40989372,-0.0065673506,0.0020725692,-0.0076036355,-1.188617,0.43444824,0.56555176,0.06237793,0.5823268890380859
7708672,2158.4767701905807,6.0,206.02393,500.0,230.64311,-1.0,0.50268555,1.0,0.6119677,0.40956485,-0.0056667416,0.00079765666,-0.00606557,-1.1961399,0.4350586,0.5649414,0.06225586,0.582076907157898
7716864,2138.1052502146676,6.0,205.93787,500.0,230.66098,-1.0,0.5029297,1.0,0.6117671,0.41002053,-0.006342627,0.00089974026,-0.006792498,-1.2007811,0.43493652,0.5650635,0.06213379,0.58182692527771
7725056,2157.254663340769,6.0,205.83545,500.0,230.62811,-1.0,0.50219727,1.0,0.6125678,0.4095999,-0.007991102,0.0013082209,-0.008645212,-1.2052894,0.43518066,0.56481934,0.06262207,0.5821651816368103
7733248,2152.1194477980225,6.0,206.19495,500.0,230.77902,-1.0,0.5012207,1.0,0.61257046,0.4090777,-0.007662267,0.0011890003,-0.008256768,-1.1999023,0.43615723,0.5638428,0.06262207,0.5820467472076416
7741440,2152.492632887519,6.0,206.10095,500.0,230.78351,-1.0,0.5020752,1.0,0.61197007,0.4099941,-0.0042746607,0.0011083802,-0.004828851,-1.2000705,0.43566895,0.56433105,0.06225586,0.5817967653274536
7749632,2148.8714160213594,6.0,206.31433,500.0,230.86032,-1.0,0.50146484,1.0,0.6119718,0.40958875,-0.0010204196,0.001720936,-0.0018808881,-1.2060314,0.4362793,0.5637207,0.06225586,0.5819414854049683
7757824,2155.9083990463737,6.0,206.11292,500.0,230.8272,-1.0,0.5015869,1.0,0.612171,0.40975335,-0.004312099,0.0012039002,-0.004914049,-1.2174388,0.43603516,0.56396484,0.06237793,0.5817956328392029
7766016,2150.6520962007276,6.0,206.1372,500.0,230.81752,-1.0,0.5008545,1.0,0.61277044,0.40915987,-0.00569009,0.0015602362,-0.006470207,-1.2231324,0.43640137,0.56359863,0.06274414,0.5818789601325989
7774208,2144.404417282059,6.0,206.43127,500.0,230.9177,-1.0,0.49987793,1.0,0.6129701,0.40854567,-0.0066413153,0.0014759947,-0.007379312,-1.2221775,0.43725586,0.56274414,0.06286621,0.5818853974342346
7782400,2155.593935457538,6.0,206.29199,500.0,230.86125,-1.0,0.4996338,1.0,0.6133682,0.40838295,-0.007093346,0.0020178105,-0.008102251,-1.2194719,0.43725586,0.56274414,0.06311035,0.582100510597229
7790592,2159.104759479805,6.0,206.11694,500.0,230.82892,-1.0,0.5004883,1.0,0.61296993,0.4093005,-0.0028696808,0.0014354069,-0.0035873838,-1.2238404,0.4366455,0.5633545,0.06286621,0.5820944309234619
7798784,2151.670125667635,6.0,206.27954,500.0,230.9069,-1.0,0.5,1.0,0.6129702,0.4090947,-0.0048424453,0.0015773221,-0.005631107,-1.2250073,0.4371338,0.5628662,0.06286621,0.582147479057312
7806976,2145.1265561260466,6.0,206.5951,500.0,231.00227,-1.0,0.5,1.0,0.61237246,0.40908056,-0.0041018156,0.0010333759,-0.004618503,-1.2265617,0.4375,0.5625,0.0625,0.581897497177124
7815168,2144.596351125026,6.0,206.69446,500.0,231.03946,-1.0,0.5,1.0,0.6121731,0.40912366,-0.002421245,0.00091179204,-0.0028771409,-1.2290002,0.43762207,0.5623779,0.06237793,0.5818088054656982
7823360,2155.288080846249,6.0,206.64612,500.0,231.00935,-1.0,0.49938965,1.0,0.61277074,0.40865555,-0.007940355,0.0019936797,-0.008937195,-1.2293946,0.4378662,0.5621338,0.06274414,0.5821402072906494
7831552,2148.992778178476,6.0,207.04395,500.0,231.10942,-1.0,0.49853516,1.0,0.6127692,0.40804845,9.33893e-05,0.000801505,-0.00030736323,-1.2341553,0.4387207,0.5612793,0.06274414,0.5820754170417786
7839744,2152.756286334304,6.0,206.6781,500.0,231.03326,-1.0,0.4996338,1.0,0.6125716,0.40897095,-0.0026635109,0.0009062362,-0.003116629,-1.240145,0.43774414,0.56225586,0.06262207,0.5818254351615906
7847936,2152.9950461938756,6.0,206.85474,500.0,231.07816,-1.0,0.49902344,1.0,0.6127702,0.40857503,-0.0037870493,0.0014381532,-0.0045061256,-1.2439715,0.43823242,0.5617676,0.06274414,0.5818457007408142
7856128,2160.926501650958,6.0,206.48047,500.0,231.01994,-1.0,0.4991455,1.0,0.6131687,0.4088068,-0.010542949,0.0017716371,-0.011428766,-1.2412666,0.4378662,0.5621338,0.06298828,0.5820212364196777
7864320,2150.1213093162037,6.0,206.17444,500.0,230.93541,-1.0,0.49987793,1.0,0.61316925,0.4095366,-0.0063665314,0.0024356425,-0.007584352,-1.250676,0.4371338,0.5628662,0.06298828,0.5820903778076172
7872512,2141.4806761371606,6.0,205.98181,500.0,230.85953,-1.0,0.5008545,1.0,0.61277044,0.41010553,-0.007833017,0.0024391983,-0.009052617,-1.2541426,0.43640137,0.56359863,0.06274414,0.5821812748908997
7880704,2152.66565239172,6.0,205.74805,500.0,230.8161,-1.0,0.49975586,1.0,0.613965,0.40939063,-0.0074973274,0.002629756,-0.008812205,-1.2503723,0.43676758,0.5632324,0.06347656,0.5825562477111816
7888896,2153.306862665041,6.0,205.58032,500.0,230.76996,-1.0,0.50061035,1.0,0.61356705,0.40999463,-0.006622065,0.0014410727,-0.0073426017,-1.2576296,0.43615723,0.5638428,0.06323242,0.5824451446533203
7897088,2155.3021412236726,6.0,206.0105,500.0,230.87297,-1.0,0.49926758,1.0,0.6139646,0.40906453,-0.0060498845,0.0010741465,-0.0065869577,-1.2756231,0.43725586,0.56274414,0.06347656,0.582539975643158
7905280,2155.967785479823,6.0,205.86755,500.0,230.81213,-1.0,0.49890137,1.0,0.61456025,0.40868455,-0.0070909495,0.0021184385,-0.008150169,-1.2842829,0.43725586,0.56274414,0.06384277,0.5831233263015747
7913472,2149.647940417011,6.0,206.09863,500.0,230.86021,-1.0,0.49938965,1.0,0.61376595,0.4090615,-0.0065922113,0.0013976137,-0.007291018,-1.2958472,0.43725586,0.56274414,0.06335449,0.5830203890800476
7921664,2152.66214587467,6.0,205.79468,500.0,230.7994,-1.0,0.49975586,1.0,0.613965,0.40953082,-0.0039516855,0.0011415089,-0.0045224396,-1.3055943,0.43676758,0.5632324,0.06347656,0.582881510257721
7929856,2148.7633708850726,6.0,205.64685,500.0,230.75035,-1.0,0.5008545,1.0,0.6133678,0.4102816,-0.007923227,0.0022637146,-0.009055084,-1.3085535,0.43603516,0.56396484,0.06311035,0.5828537344932556
7938048,2156.822554861139,6.0,205.64514,500.0,230.74432,-1.0,0.50061035,1.0,0.61356705,0.41001678,-0.0062271478,0.0018359268,-0.007145111,-1.3170321,0.43615723,0.5638428,0.06323242,0.582909882068634
7946240,2153.017171257278,6.0,205.7572,500.0,230.7747,-1.0,0.5003662,1.0,0.6135672,0.409729,-0.0046974625,0.0019772518,-0.005686088,-1.3187627,0.43640137,0.56359863,0.06323242,0.5830652713775635
7954432,2146.080379691729,6.0,205.64734,500.0,230.73544,-1.0,0.5001221,1.0,0.61396503,0.40943557,-0.0055057723,0.0015553698,-0.006283457,-1.3203785,0.43640137,0.56359863,0.06347656,0.5831811428070068
7962624,2146.451741325358,6.0,205.66443,500.0,230.73189,-1.0,0.5,1.0,0.6139651,0.40941268,-0.007606871,0.0014634343,-0.008338587,-1.329424,0.43652344,0.56347656,0.06347656,0.5832970142364502
7970816,2152.7634348717374,6.0,205.13269,500.0,230.60286,-1.0,0.5001221,1.0,0.61475986,0.40959993,-0.0068076695,0.0020648097,-0.007840074,-1.3415701,0.4359131,0.5640869,0.063964844,0.5836025476455688
7979008,2140.738582116236,6.0,205.33264,500.0,230.64984,-1.0,0.4996338,1.0,0.61475974,0.40920007,-0.0056601185,0.0020097238,-0.00666498,-1.3531202,0.43640137,0.56359863,0.063964844,0.5837275385856628
7987200,2151.316487236573,6.0,205.13269,500.0,230.66365,-1.0,0.49890137,1.0,0.6155526,0.40892583,-0.00789444,0.0029925392,-0.009390709,-1.3520286,0.4366455,0.5633545,0.064453125,0.5840897560119629
7995392,2150.860498983404,6.0,205.46814,500.0,230.77605,-1.0,0.49829102,1.0,0.61535287,0.40867257,-0.007043047,0.0011368606,-0.0076114777,-1.3491657,0.43737793,0.5626221,0.064331055,0.5838397741317749
8003584,2154.528552392219,6.0,205.61426,500.0,230.81062,-1.0,0.49816895,1.0,0.61515415,0.40836805,-0.0044053416,0.0013309635,-0.0050708232,-1.3509774,0.43762207,0.5623779,0.064208984,0.5837213397026062
8011776,2152.5646423028656,6.0,205.47266,500.0,230.80194,-1.0,0.4984131,1.0,0.6151548,0.40869418,-0.0071340916,0.0011006625,-0.0076844227,-1.3535265,0.43737793,0.5626221,0.064208984,0.5836029052734375
8019968,2149.8421592137925,6.0,205.64233,500.0,230.80159,-1.0,0.4991455,1.0,0.61436206,0.4090134,-0.0046412316,0.0014896439,-0.0053860536,-1.3618739,0.4371338,0.5628662,0.0637207,0.5834918022155762
8028160,2153.9400833999916,6.0,205.281,500.0,230.76225,-1.0,0.49902344,1.0,0.61495763,0.40899202,-0.0068747075,0.0023802295,-0.008064822,-1.3649716,0.43688965,0.56311035,0.064086914,0.5839918255805969
8036352,2163.045407805783,6.0,205.25867,500.0,230.74133,-1.0,0.49816895,1.0,0.6157492,0.408227,-0.00499501,0.0025499787,-0.006269999,-1.3616611,0.43725586,0.56274414,0.064575195,0.5842519998550415
8044544,2189.9746307735845,6.0,205.54626,500.0,230.81487,-1.0,0.49804688,1.0,0.61535215,0.40819496,-0.007399718,0.0010771924,-0.007938314,-1.364394,0.43762207,0.5623779,0.064331055,0.5841943025588989
8052736,2166.8072349210256,6.0,204.8938,500.0,230.68779,-1.0,0.49853516,1.0,0.6159483,0.4086696,-0.008887676,0.0022062643,-0.009990808,-1.372834,0.43676758,0.5632324,0.064697266,0.5844762325286865
8060928,2154.0370364287046,6.0,204.61572,500.0,230.64705,-1.0,0.4987793,1.0,0.616147,0.40888447,-0.008041081,0.0028842466,-0.009483204,-1.3745055,0.43640137,0.56359863,0.064819336,0.5848645567893982
8069120,2158.507821980549,6.0,204.31836,500.0,230.57933,-1.0,0.49926758,1.0,0.6163459,0.40937656,-0.0051079667,0.0026205033,-0.0064182184,-1.3729212,0.43579102,0.564209,0.064941406,0.5850067138671875
8077312,2149.1462812918644,6.0,204.37744,500.0,230.6247,-1.0,0.49853516,1.0,0.6167405,0.4088726,-0.0068107056,0.0016569198,-0.0076391646,-1.3795905,0.4362793,0.5637207,0.06518555,0.5852830410003662
8085504,2151.973471651918,6.0,203.86682,500.0,230.52078,-1.0,0.50024414,1.0,0.6161482,0.41023678,-0.00672814,0.0015450898,-0.007500685,-1.3907384,0.43493652,0.5650635,0.064819336,0.5852552652359009
8093696,2150.018116230639,6.0,203.67615,500.0,230.46106,-1.0,0.50061035,1.0,0.616148,0.41052315,-0.0044910824,0.0017479345,-0.0053650495,-1.3949819,0.4345703,0.5654297,0.064819336,0.5854814648628235
8101888,2158.317592947499,6.0,203.8247,500.0,230.5164,-1.0,0.49975586,1.0,0.61654425,0.41015065,-0.0066759447,0.0017827819,-0.007567335,-1.3926547,0.43518066,0.56481934,0.06506348,0.5859071612358093
8110080,2153.270292752987,6.0,203.71924,500.0,230.49857,-1.0,0.49987793,1.0,0.61654437,0.41012442,-0.008014396,0.0019671659,-0.008997979,-1.3899492,0.4350586,0.5649414,0.06506348,0.5861976742744446
8118272,2151.8056842045803,6.0,204.12512,500.0,230.60236,-1.0,0.5,1.0,0.61575186,0.41022334,-0.0053039785,0.0013323325,-0.005970145,-1.3914082,0.4354248,0.5645752,0.064575195,0.5861857533454895
8126464,2145.3196908443415,6.0,204.28333,500.0,230.64912,-1.0,0.5008545,1.0,0.6147593,0.41105127,-0.0047145784,0.0008507939,-0.005139976,-1.3962474,0.43518066,0.56481934,0.063964844,0.5860970616340637
8134656,2153.124430296546,6.0,204.02136,500.0,230.60347,-1.0,0.50146484,1.0,0.6145595,0.41174933,-0.0035600825,0.0011930172,-0.0041565914,-1.394788,0.43469238,0.5653076,0.06384277,0.5858470797538757
8142848,2149.081221252849,6.0,204.06335,500.0,230.64505,-1.0,0.5013428,1.0,0.6145598,0.41186178,-0.0076751,0.0013538512,-0.008352025,-1.3909973,0.43481445,0.56518555,0.06384277,0.5859720706939697
8151040,2153.679514754008,6.0,203.72595,500.0,230.59532,-1.0,0.50219727,1.0,0.6143586,0.4128277,-0.0070315516,0.0012479603,-0.007655531,-1.39546,0.43408203,0.56591797,0.0637207,0.5858307480812073
8159232,2152.3316404994976,6.0,203.68616,500.0,230.6121,-1.0,0.5013428,1.0,0.614957,0.41235402,-0.0056542745,0.0027879123,-0.00704823,-1.4050572,0.4345703,0.5654297,0.064086914,0.5861015915870667
8167424,2156.05680361894,6.0,204.03357,500.0,230.7001,-1.0,0.49987793,1.0,0.6155536,0.41109642,-0.005046378,0.0011852675,-0.005639012,-1.4030645,0.43566895,0.56433105,0.064453125,0.5863688588142395
8175616,2156.1605772028083,6.0,203.91138,500.0,230.6742,-1.0,0.5003662,1.0,0.61535513,0.41150922,-0.0067361323,0.0009966068,-0.0072344355,-1.4019257,0.43530273,0.56469727,0.064331055,0.5861188769340515
8183808,2151.7961163917635,6.0,203.97266,500.0,230.67688,-1.0,0.5007324,1.0,0.6149579,0.41170812,-0.0076617408,0.0016523738,-0.008487927,-1.4070268,0.43518066,0.56481934,0.064086914,0.585990846157074
8192000,2150.469171231285,6.0,204.10242,500.0,230.69615,-1.0,0.50097656,1.0,0.6145605,0.41184363,-0.004121631,0.0007520785,-0.00449767,-1.4186904,0.43518066,0.56481934,0.06384277,0.585740864276886
8200192,2151.8289976821943,6.0,204.41797,500.0,230.78583,-1.0,0.50024414,1.0,0.61456114,0.41140455,-0.006025986,0.0010951859,-0.006573578,-1.427773,0.4359131,0.5640869,0.06384277,0.5857939124107361
8208384,2146.4328349752273,6.0,204.52063,500.0,230.82292,-1.0,0.5,1.0,0.61456126,0.4113083,-0.004451342,0.001429496,-0.00516609,-1.4368798,0.43615723,0.5638428,0.06384277,0.5859097838401794
8216576,2147.8364301336496,6.0,204.03247,500.0,230.64996,-1.0,0.50024414,1.0,0.6153552,0.4117799,-0.0025042482,0.0026571807,-0.0038328392,-1.4393357,0.4354248,0.5645752,0.064331055,0.5863416194915771
8224768,2152.2565459226516,6.0,203.84656,500.0,230.59204,-1.0,0.50061035,1.0,0.615355,0.4119754,-0.0062455344,0.0020336038,-0.007262336,-1.4423685,0.4350586,0.5649414,0.064331055,0.5864325165748596
8232960,2136.2882956685307,6.0,203.89856,500.0,230.58836,-1.0,0.50061035,1.0,0.615355,0.41183984,-0.0042084483,0.0023257951,-0.005371345,-1.4540068,0.4350586,0.5649414,0.064331055,0.5865879058837891
8241152,2142.5186288923705,6.0,203.87878,500.0,230.6382,-1.0,0.5007324,1.0,0.61515635,0.41231063,-0.0041303383,0.0011607879,-0.0047107325,-1.4587557,0.4350586,0.5649414,0.064208984,0.5865651965141296
8249344,2147.895372694253,6.0,203.86401,500.0,230.63766,-1.0,0.50109863,1.0,0.6149574,0.41263855,-0.0064461697,0.0026764253,-0.0077843824,-1.4597812,0.43481445,0.56518555,0.064086914,0.5869151949882507
8257536,2150.3493917550245,6.0,203.65527,500.0,230.61537,-1.0,0.5012207,1.0,0.6151556,0.41289586,-0.008891067,0.0010054298,-0.009393781,-1.4729941,0.4345703,0.5654297,0.064208984,0.5869216322898865
8265728,2154.2986370947847,6.0,203.87488,500.0,230.65227,-1.0,0.5015869,1.0,0.6145592,0.41308212,-0.00605791,0.0019850098,-0.0070504146,-1.4835496,0.4345703,0.5654297,0.06384277,0.5868890285491943
8273920,2149.810414684443,6.0,203.79565,500.0,230.57866,-1.0,0.5019531,1.0,0.61455816,0.4132495,-0.0074719484,0.001167676,-0.008055786,-1.4823512,0.4342041,0.5657959,0.06384277,0.5868771076202393
8282112,2146.609038979681,6.0,203.46313,500.0,230.51465,-1.0,0.50268555,1.0,0.6143567,0.41400912,-0.0075835786,0.0020502724,-0.008608715,-1.4790331,0.43359375,0.56640625,0.0637207,0.5867382287979126
8290304,2151.0297549904612,6.0,203.75159,500.0,230.61171,-1.0,0.501709,1.0,0.6145588,0.41339383,-0.0034492551,0.00097014033,-0.003934325,-1.4783778,0.43444824,0.56555176,0.06384277,0.5866549015045166
8298496,2149.7562090324736,6.0,203.56982,500.0,230.57614,-1.0,0.5025635,1.0,0.6141586,0.4143853,-0.004889053,0.0016649669,-0.0057215365,-1.4792229,0.4338379,0.5661621,0.06359863,0.5866374373435974
8306688,2143.6716638637345,6.0,203.6726,500.0,230.59242,-1.0,0.5020752,1.0,0.6143591,0.41381538,-0.006569961,0.0016896422,-0.007414782,-1.4834967,0.4342041,0.5657959,0.0637207,0.5867533087730408
8314880,2145.652601711015,6.0,203.63452,500.0,230.57507,-1.0,0.5019531,1.0,0.61455816,0.4137735,-0.007643263,0.0020928246,-0.0086896755,-1.4863153,0.4342041,0.5657959,0.06384277,0.5870588421821594
8323072,2153.9668188789733,6.0,203.32703,500.0,230.57518,-1.0,0.50183105,1.0,0.61495566,0.41406578,-0.0060288464,0.002275907,-0.0071667996,-1.4940875,0.43408203,0.56591797,0.064086914,0.5873643755912781
8331264,2147.167343410724,6.0,203.46252,500.0,230.59415,-1.0,0.5020752,1.0,0.61455774,0.41408813,-0.00398946,0.0010778947,-0.0045284075,-1.5086892,0.43408203,0.56591797,0.06384277,0.587242603302002
8339456,2141.6599392103026,6.0,203.33191,500.0,230.56712,-1.0,0.5015869,1.0,0.6151548,0.4138674,-0.005905972,0.0018993183,-0.0068556312,-1.5070226,0.4342041,0.5657959,0.064208984,0.5873771905899048
8347648,2150.8120296158304,6.0,203.30249,500.0,230.56953,-1.0,0.50146484,1.0,0.6151551,0.41377878,-0.008154806,0.0015697981,-0.008939705,-1.5059633,0.43432617,0.5656738,0.064208984,0.5875219106674194
8355840,2152.1210653731796,6.0,203.73816,500.0,230.65349,-1.0,0.50109863,1.0,0.61475885,0.4132514,-0.0022757351,0.0010093402,-0.002780405,-1.5141406,0.43493652,0.5650635,0.063964844,0.5872719287872314
8364032,2154.9212239217895,6.0,203.79443,500.0,230.66867,-1.0,0.5007324,1.0,0.6149579,0.4129038,-0.0067736465,0.001491117,-0.007519205,-1.5137831,0.43518066,0.56481934,0.064086914,0.5874166488647461
8372224,2150.43000591185,6.0,203.7362,500.0,230.68945,-1.0,0.5007324,1.0,0.6149579,0.41304398,-0.003157204,0.0018574133,-0.004085911,-1.509495,0.43518066,0.56481934,0.064086914,0.5876428484916687
8380416,2150.6461731976874,6.0,203.77429,500.0,230.70563,-1.0,0.50109863,1.0,0.61456025,0.4132064,-0.008620866,0.0021662938,-0.009704012,-1.516289,0.4350586,0.5649414,0.06384277,0.5877500176429749
8388608,2160.243803099194,6.0,204.02808,500.0,230.74998,-1.0,0.50061035,1.0,0.614561,0.41270185,-0.0019824556,0.0021190424,-0.0030419775,-1.5246748,0.43554688,0.5644531,0.06384277,0.5877777934074402
8396800,2154.0980754027837,6.0,204.14355,500.0,230.78094,-1.0,0.5001221,1.0,0.61475986,0.41232657,-0.007888219,0.0015820924,-0.008679265,-1.5215473,0.4359131,0.5640869,0.063964844,0.5877550840377808
8404992,2152.0981499519,6.0,204.22241,500.0,230.782,-1.0,0.49951172,1.0,0.61515665,0.4117309,-0.0056781936,0.0014118549,-0.006384121,-1.5166774,0.4362793,0.5637207,0.064208984,0.5880050659179688
8413184,2153.605001014759,6.0,204.29614,500.0,230.83363,-1.0,0.49975586,1.0,0.61475974,0.4122032,-0.0021871314,0.0010727398,-0.0027235013,-1.5086406,0.4362793,0.5637207,0.063964844,0.5878832936286926
8421376,2146.1168398376285,6.0,204.41797,500.0,230.8634,-1.0,0.49975586,1.0,0.61456114,0.4119706,-0.006822305,0.0014251951,-0.007534902,-1.5063772,0.43640137,0.56359863,0.06384277,0.5879666209220886
8429568,2156.390890120504,6.0,204.60632,500.0,230.88701,-1.0,0.49865723,1.0,0.61515546,0.41099823,-0.005468493,0.001745714,-0.0063413503,-1.4983779,0.4371338,0.5628662,0.064208984,0.5882166028022766
8437760,2146.522140238807,6.0,204.8562,500.0,230.91455,-1.0,0.49902344,1.0,0.6145605,0.41131964,-0.0042052986,0.0014687116,-0.004939654,-1.495957,0.4371338,0.5628662,0.06384277,0.5882523059844971
8445952,2149.6406780678985,6.0,204.92114,500.0,230.97296,-1.0,0.49951172,1.0,0.61396486,0.4117548,-0.0036654407,0.0011558635,-0.0042433725,-1.5064058,0.43701172,0.5629883,0.06347656,0.5881451368331909
8454144,2152.986007426856,6.0,205.00879,500.0,231.00398,-1.0,0.49951172,1.0,0.613766,0.41144347,-0.005546398,0.0017049712,-0.0063988836,-1.519978,0.4371338,0.5628662,0.06335449,0.5881125330924988
8462336,2154.7482470431405,6.0,205.55139,500.0,231.14003,-1.0,0.4987793,1.0,0.6133671,0.41084957,-0.005594122,0.0009933651,-0.006090805,-1.5296742,0.43811035,0.56188965,0.06311035,0.5882328748703003
8470528,2144.031355511747,6.0,205.36023,500.0,231.11058,-1.0,0.4984131,1.0,0.613963,0.41063505,-0.0009331314,0.002665577,-0.0022659204,-1.5336344,0.43811035,0.56188965,0.06347656,0.5886310338973999
8478720,2148.6132814327134,6.0,205.24939,500.0,231.1088,-1.0,0.49902344,1.0,0.6135665,0.4111958,-0.003370806,0.0016317603,-0.0041866866,-1.5345598,0.43774414,0.56225586,0.06323242,0.5885161757469177
8486912,2145.7133004200723,6.0,205.45508,500.0,231.15036,-1.0,0.49731445,1.0,0.61475396,0.4095835,-0.0076551004,0.0021323897,-0.008721295,-1.5328634,0.4387207,0.5612793,0.063964844,0.5890556573867798
8495104,2157.1078543305775,6.0,205.22375,500.0,231.08008,-1.0,0.49768066,1.0,0.614954,0.4098564,-0.005818226,0.0023262678,-0.006981359,-1.5318897,0.43823242,0.5617676,0.064086914,0.5892442464828491
8503296,2155.0308353643004,6.0,204.90247,500.0,230.96883,-1.0,0.49804688,1.0,0.61535215,0.40997693,-0.0055101626,0.0020212054,-0.0065207654,-1.5420638,0.43762207,0.5623779,0.064331055,0.5894228219985962
8511488,2139.6623796290633,6.0,204.6383,500.0,230.82307,-1.0,0.49890137,1.0,0.6153543,0.4102706,-0.0068054413,0.002079544,-0.007845214,-1.54669,0.43676758,0.5632324,0.064331055,0.5894919633865356
8519680,2155.399216911657,6.0,204.86487,500.0,230.8986,-1.0,0.49829102,1.0,0.61535287,0.40999085,-0.0041938685,0.0013053543,-0.0048465454,-1.5491676,0.43737793,0.5626221,0.064331055,0.5894032716751099
8527872,2155.370688190762,6.0,204.65637,500.0,230.84297,-1.0,0.49853516,1.0,0.6155518,0.41011357,-0.006124872,0.0014301247,-0.006839935,-1.5484228,0.43701172,0.5629883,0.064453125,0.5894657969474792
8536064,2155.6942833325356,6.0,204.83008,500.0,230.88586,-1.0,0.49743652,1.0,0.6161429,0.40924105,-0.008596972,0.0015909069,-0.0093924245,-1.5511601,0.43774414,0.56225586,0.064819336,0.5898609757423401
8544256,2138.2589316863387,6.0,204.5924,500.0,230.79575,-1.0,0.49902344,1.0,0.6153545,0.41043687,-0.0039732764,0.0015398462,-0.004743199,-1.5548016,0.4366455,0.5633545,0.064331055,0.5900163650512695
8552448,2146.203973880574,6.0,204.35071,500.0,230.70282,-1.0,0.49890137,1.0,0.6159491,0.410163,-0.007003559,0.0025946153,-0.008300866,-1.5589767,0.43640137,0.56359863,0.064697266,0.5901973843574524
8560640,2148.0270988560105,6.0,204.58594,500.0,230.75406,-1.0,0.4987793,1.0,0.6157506,0.40989727,-0.006632627,0.0012619317,-0.0072635924,-1.559865,0.4366455,0.5633545,0.064575195,0.5903527736663818
8568832,2154.1394002118045,6.0,204.83118,500.0,230.79936,-1.0,0.4975586,1.0,0.6163415,0.408978,-0.0042017614,0.0023407086,-0.0053721154,-1.5617512,0.4375,0.5625,0.064941406,0.5906236171722412
8577024,2153.021893128468,6.0,204.8601,500.0,230.77957,-1.0,0.49719238,1.0,0.616538,0.40859848,-0.004863368,0.0014520056,-0.005589371,-1.568948,0.43774414,0.56225586,0.06506348,0.5907307863235474
8585216,2151.8749523167558,6.0,205.16895,500.0,230.86226,-1.0,0.4967041,1.0,0.61633754,0.4081725,-0.005469572,0.0005711646,-0.0057551544,-1.5776894,0.4383545,0.5616455,0.064941406,0.5906981825828552
8593408,2155.764478302279,6.0,204.9851,500.0,230.85027,-1.0,0.49731445,1.0,0.61614233,0.40891922,-0.0061509833,0.002709409,-0.007505688,-1.5856402,0.4378662,0.5621338,0.064819336,0.5909198522567749
8601600,2147.81749938256,6.0,205.33386,500.0,230.9447,-1.0,0.49682617,1.0,0.6159419,0.40849328,-0.0064293547,0.0014152462,-0.007136978,-1.5932801,0.43847656,0.56152344,0.064697266,0.5908169150352478
8609792,2150.7110587825855,6.0,205.47327,500.0,230.96898,-1.0,0.49731445,1.0,0.61534935,0.40884796,-0.005074193,0.0010411075,-0.005594746,-1.6007439,0.4383545,0.5616455,0.064331055,0.5905669331550598
8617984,2172.825309585698,6.0,205.09314,500.0,230.86568,-1.0,0.4967041,1.0,0.6165356,0.40849364,-0.0042747436,0.0024314264,-0.005490457,-1.6001217,0.43823242,0.5617676,0.06506348,0.5912379622459412
8626176,2151.142068426497,6.0,205.03967,500.0,230.85667,-1.0,0.4970703,1.0,0.6163394,0.4086706,-0.0047771493,0.0013538025,-0.005454051,-1.6034987,0.43798828,0.5620117,0.064941406,0.591123104095459
8634368,2141.4610564613345,6.0,205.10095,500.0,230.87181,-1.0,0.49694824,1.0,0.61633885,0.4086061,-0.0051810257,0.0015839823,-0.005973017,-1.6189822,0.43811035,0.56188965,0.064941406,0.5910953283309937
8642560,2154.9798801995166,6.0,205.30176,500.0,230.85893,-1.0,0.49719238,1.0,0.6159437,0.40831548,-0.008916825,0.0014904768,-0.009662063,-1.628353,0.43811035,0.56188965,0.064697266,0.590976893901825
8650752,2152.460810036808,6.0,205.578,500.0,230.89098,-1.0,0.49816895,1.0,0.6147571,0.40866804,-0.004543309,0.0016827614,-0.005384689,-1.6291685,0.4378662,0.5621338,0.063964844,0.5908657908439636
8658944,2150.7643702011956,6.0,205.66956,500.0,230.89865,-1.0,0.49804688,1.0,0.61475676,0.408381,-0.0044867797,0.0016541276,-0.0053138435,-1.635124,0.43798828,0.5620117,0.063964844,0.5911421179771423
8667136,2149.8180817094762,6.0,205.62256,500.0,230.90118,-1.0,0.4984131,1.0,0.6145592,0.40854812,-0.0034892438,0.001603104,-0.004290796,-1.6431777,0.43774414,0.56225586,0.06384277,0.5912182331085205
8675328,2158.24384245705,6.0,205.6499,500.0,230.9048,-1.0,0.49768066,1.0,0.6151525,0.40806067,-0.005092115,0.0011342778,-0.005659254,-1.6486157,0.43811035,0.56188965,0.064208984,0.5914369821548462
8683520,2148.0510019708954,6.0,205.65259,500.0,230.8805,-1.0,0.49780273,1.0,0.6151529,0.40805906,-0.0053791814,0.0020030662,-0.006380715,-1.6498387,0.43798828,0.5620117,0.064208984,0.5915528535842896
8691712,2150.4425225083137,6.0,205.99805,500.0,230.99811,-1.0,0.49743652,1.0,0.61475456,0.40763602,-0.0066650975,0.0016025829,-0.007466389,-1.6536732,0.43859863,0.56140137,0.063964844,0.5914278626441956
8699904,2147.038137586451,6.0,205.99207,500.0,231.00333,-1.0,0.49816895,1.0,0.61416113,0.4082588,-0.0074514663,0.0007704071,-0.00783667,-1.6548725,0.43823242,0.5617676,0.06359863,0.5911778807640076
8708096,2154.8766256632834,6.0,206.16992,500.0,231.04335,-1.0,0.49731445,1.0,0.61455536,0.40765327,-0.0054414393,0.0017272431,-0.0063050613,-1.6528637,0.43884277,0.5611572,0.06384277,0.591463565826416
8716288,2143.5507682279936,6.0,206.4646,500.0,231.16127,-1.0,0.49829102,1.0,0.61316687,0.40817955,-0.007532662,0.00075714244,-0.007911232,-1.6471156,0.4387207,0.5612793,0.06298828,0.5913451313972473
8724480,2150.7914307961,6.0,206.40686,500.0,231.17917,-1.0,0.49829102,1.0,0.61316687,0.4082585,-0.0069493675,0.001552531,-0.0077256327,-1.6480118,0.4387207,0.5612793,0.06298828,0.5912951231002808
8732672,2144.815899174408,6.0,206.2301,500.0,231.16089,-1.0,0.4984131,1.0,0.61336625,0.40853292,-0.007343451,0.0028840227,-0.008785462,-1.6507016,0.43847656,0.56152344,0.06311035,0.5914706587791443
8740864,2157.1771933655373,6.0,206.15186,500.0,231.11415,-1.0,0.49768066,1.0,0.61415946,0.40801394,-0.006573885,0.0026595606,-0.007903665,-1.6559837,0.4387207,0.5612793,0.06359863,0.592054009437561
8749056,2144.007407988872,6.0,205.91272,500.0,231.06299,-1.0,0.4979248,1.0,0.6143591,0.4080174,-0.004550695,0.002617747,-0.0058595687,-1.6487467,0.4383545,0.5616455,0.0637207,0.5922847986221313
8757248,2142.3231931133887,6.0,206.08044,500.0,231.078,-1.0,0.49731445,1.0,0.61475396,0.4077006,-0.0031640772,0.00216043,-0.004244292,-1.6440175,0.4387207,0.5612793,0.063964844,0.5926230549812317
8765440,2153.70165388748,6.0,206.45813,500.0,231.14355,-1.0,0.4958496,1.0,0.61534125,0.40649223,-0.0067161038,0.0012189833,-0.007325596,-1.6438121,0.43981934,0.56018066,0.064331055,0.5930182337760925
8773632,2152.409841499116,6.0,206.36902,500.0,231.09991,-1.0,0.4963379,1.0,0.6151459,0.40691155,-0.004801303,0.0018573345,-0.0057299705,-1.6465428,0.43945312,0.5605469,0.064208984,0.5931528210639954
8781824,2149.4315703606394,6.0,206.51746,500.0,231.11586,-1.0,0.4963379,1.0,0.61494744,0.4068006,-0.0052860347,0.0010448114,-0.00580844,-1.6539444,0.4395752,0.5604248,0.064086914,0.5929028391838074
8790016,2154.0163757897,6.0,206.7677,500.0,231.16214,-1.0,0.49560547,1.0,0.6151411,0.40613446,-0.0065342137,0.0015796395,-0.0073240334,-1.6596062,0.44018555,0.55981445,0.064208984,0.5931528210639954
8798208,2149.501492526109,6.0,206.85352,500.0,231.20396,-1.0,0.49487305,1.0,0.6155322,0.40559956,-0.0047349934,0.0014607625,-0.005465375,-1.6546509,0.44067383,0.5593262,0.064453125,0.5933313965797424
8806400,2160.105142346732,6.0,206.8977,500.0,231.17589,-1.0,0.49536133,1.0,0.6151393,0.4059972,-0.006003781,0.0016941396,-0.0068508517,-1.6507618,0.4404297,0.5595703,0.064208984,0.5934385657310486
8814592,2150.1806464621154,6.0,206.79932,500.0,231.13672,-1.0,0.49536133,1.0,0.6153377,0.40591353,-0.0070684515,0.0021130189,-0.008124961,-1.6614809,0.44030762,0.5596924,0.064331055,0.5934385657310486
8822784,2150.5352575304355,6.0,206.66467,500.0,231.07188,-1.0,0.49597168,1.0,0.61514366,0.40634456,-0.0030129403,0.0011943665,-0.0036101234,-1.6675969,0.43981934,0.56018066,0.064208984,0.5934663414955139
8830976,2149.9343043651884,6.0,206.48718,500.0,231.02971,-1.0,0.49536133,1.0,0.6159326,0.40590924,-0.006008989,0.0018156676,-0.006916823,-1.6669916,0.4399414,0.5600586,0.064697266,0.5939306020736694
8839168,2147.4451282030127,6.0,206.44995,500.0,231.05339,-1.0,0.4946289,1.0,0.61652094,0.4055793,-0.0055041155,0.001877905,-0.0064430684,-1.6673249,0.44030762,0.5596924,0.06506348,0.5941684246063232
8847360,2133.2662285614733,6.0,206.38354,500.0,231.01822,-1.0,0.49401855,1.0,0.61710906,0.40517515,-0.0066092457,0.0020936362,-0.0076560634,-1.6678259,0.44055176,0.55944824,0.06542969,0.5945762991905212
8855552,2151.693705696909,6.0,206.13513,500.0,230.94774,-1.0,0.4946289,1.0,0.6171146,0.4052835,-0.008186555,0.0028167553,-0.009594932,-1.6712272,0.4399414,0.5600586,0.06542969,0.5947344899177551
8863744,2143.223722947676,6.0,206.05017,500.0,230.94284,-1.0,0.49389648,1.0,0.617701,0.40487933,-0.006305588,0.0022122052,-0.0074116904,-1.672359,0.44030762,0.5596924,0.0657959,0.5951094627380371
8871936,2161.317158472805,6.0,205.83716,500.0,230.82715,-1.0,0.49353027,1.0,0.6184873,0.4045797,-0.0073313494,0.0034367908,-0.009049745,-1.6655114,0.44018555,0.55981445,0.06628418,0.5956757664680481
8880128,2136.81320416336,6.0,205.90259,500.0,230.88217,-1.0,0.49230957,1.0,0.6192623,0.4038492,-0.0055084215,0.0019702844,-0.0064935638,-1.6625472,0.44091797,0.55908203,0.06677246,0.5961757898330688
8888320,2152.5132643062093,6.0,206.2041,500.0,230.96126,-1.0,0.49108887,1.0,0.61964005,0.40294826,-0.008294953,0.0015307181,-0.009060312,-1.6640168,0.44189453,0.55810547,0.0670166,0.596782922744751
8896512,2142.3897147550983,6.0,206.07422,500.0,230.94395,-1.0,0.49108887,1.0,0.619837,0.40302706,-0.0048491294,0.0011120393,-0.005405149,-1.6679962,0.44177246,0.55822754,0.06713867,0.596782922744751
8904704,2147.57156421091,6.0,206.26196,500.0,231.02522,-1.0,0.49108887,1.0,0.619443,0.40299973,-0.0032123085,0.002029483,-0.00422705,-1.6765563,0.4420166,0.5579834,0.06689453,0.5969383120536804
8912896,2160.0413182085704,6.0,206.85742,500.0,231.16237,-1.0,0.48937988,1.0,0.6198101,0.40155846,-0.007376861,0.0017249791,-0.00823935,-1.6852475,0.44348145,0.55651855,0.06713867,0.5972597599029541
8921088,2148.53025079842,6.0,207.11426,500.0,231.246,-1.0,0.48864746,1.0,0.61999404,0.40086773,-0.0024283223,0.0016559557,-0.0032563005,-1.6933019,0.4440918,0.5559082,0.06726074,0.5973756313323975
8929280,2142.0068043521223,6.0,206.81433,500.0,231.19131,-1.0,0.48791504,1.0,0.6209639,0.4003668,-0.00393417,0.0021920283,-0.005030184,-1.7047446,0.44421387,0.55578613,0.067871094,0.5976691246032715
8937472,2153.124969991689,6.0,206.75513,500.0,231.21353,-1.0,0.48791504,1.0,0.6209639,0.40061483,-0.0041199396,0.0020629528,-0.005151416,-1.7128724,0.44421387,0.55578613,0.067871094,0.5977679491043091
8945664,2153.8447592658968,6.0,206.82983,500.0,231.2129,-1.0,0.4873047,1.0,0.62134475,0.40004364,-0.004901926,0.0012070129,-0.0055054324,-1.7130944,0.44458008,0.5554199,0.068115234,0.5978751182556152
8953856,2145.644964368347,6.0,206.84839,500.0,231.20723,-1.0,0.4876709,1.0,0.6209591,0.40026078,-0.0045129103,0.0018448075,-0.005435314,-1.7101687,0.444458,0.555542,0.067871094,0.5978882908821106
8962048,2147.1808954937355,6.0,206.53784,500.0,231.10129,-1.0,0.48693848,1.0,0.6221225,0.39964193,-0.005487877,0.0022595576,-0.006617656,-1.7116034,0.444458,0.555542,0.068603516,0.5983245372772217
8970240,2153.994230185375,6.0,206.4054,500.0,231.10674,-1.0,0.48657227,1.0,0.622507,0.39953712,-0.0045410385,0.0013602921,-0.005221184,-1.7151781,0.44458008,0.5554199,0.068847656,0.5985623598098755
8978432,2146.0825243719005,6.0,206.6283,500.0,231.16287,-1.0,0.48583984,1.0,0.6226868,0.39876246,-0.0043585533,0.0022123198,-0.0054647136,-1.7203202,0.44519043,0.5548096,0.06896973,0.598953366279602
8986624,2142.6863072759033,6.0,206.40051,500.0,231.1065,-1.0,0.48583984,1.0,0.62307876,0.3986646,-0.005797449,0.0021387807,-0.0068668397,-1.7229558,0.4449463,0.5550537,0.06921387,0.5993700623512268
8994816,2140.2609361719624,6.0,206.56311,500.0,231.15668,-1.0,0.48571777,1.0,0.6228801,0.39876693,-0.007781947,0.0018898088,-0.008726851,-1.7290046,0.44519043,0.5548096,0.0690918,0.5994533896446228
9003008,2163.085442525576,6.0,206.27039,500.0,231.07141,-1.0,0.48583984,1.0,0.6232747,0.39852703,-0.00075293804,0.0023827427,-0.0019443086,-1.7299368,0.44482422,0.5551758,0.06933594,0.5996841788291931
9011200,2136.657338805357,6.0,206.06177,500.0,231.02576,-1.0,0.4855957,1.0,0.62385637,0.39836258,-0.007628636,0.0018804554,-0.008568864,-1.7269111,0.44470215,0.55529785,0.06970215,0.5997913479804993
9019392,2151.7179599804967,6.0,205.89868,500.0,231.01262,-1.0,0.48535156,1.0,0.62424195,0.39833564,-0.0038179427,0.0012520846,-0.004443985,-1.72813,0.44470215,0.55529785,0.06994629,0.5999072194099426
9027584,2152.5471114771667,6.0,204.95776,500.0,230.79501,-1.0,0.48632812,1.0,0.6250458,0.39922547,-0.0029722927,0.0020770472,-0.004010816,-1.7292324,0.4432373,0.5567627,0.07043457,0.600245475769043
9035776,2147.2249073986586,6.0,204.85242,500.0,230.79391,-1.0,0.48669434,1.0,0.6248583,0.3996895,-0.0030310014,0.0022168604,-0.0041394318,-1.7277707,0.44299316,0.55700684,0.0703125,0.6003443002700806
9043968,2141.840300403493,6.0,204.95227,500.0,230.79063,-1.0,0.48632812,1.0,0.6250458,0.3992151,-0.005660328,0.001012468,-0.0061665615,-1.7252696,0.4432373,0.5567627,0.07043457,0.6002728939056396
9052160,2152.963748100321,6.0,205.02368,500.0,230.7645,-1.0,0.48510742,1.0,0.6259936,0.3981165,-0.005618675,0.0020827837,-0.006660067,-1.7189944,0.44384766,0.55615234,0.07104492,0.6006181240081787
9060352,2157.907961886885,6.0,204.88074,500.0,230.74422,-1.0,0.48498535,1.0,0.6263807,0.39788234,-0.0049692695,0.0017797204,-0.00585913,-1.7181954,0.4437256,0.5562744,0.07128906,0.6007735133171082
9068544,2155.025158542319,6.0,204.89282,500.0,230.73863,-1.0,0.48449707,1.0,0.6267584,0.39743263,-0.005146096,0.0021131877,-0.0062026894,-1.7234101,0.44396973,0.5560303,0.0715332,0.6009997129440308
9076736,2147.2308115719375,6.0,205.04639,500.0,230.78534,-1.0,0.48413086,1.0,0.62674916,0.39720964,-0.007870367,0.001450828,-0.008595781,-1.7310858,0.44433594,0.55566406,0.0715332,0.6010128855705261
9084928,2161.5965769511276,6.0,204.88562,500.0,230.7315,-1.0,0.4840088,1.0,0.6271355,0.39703107,-0.0049224943,0.0017474582,-0.0057962234,-1.735865,0.44421387,0.55578613,0.071777344,0.6010890007019043
9093120,2148.8269334367646,6.0,204.9187,500.0,230.75821,-1.0,0.48461914,1.0,0.6265665,0.39752567,-0.0033118208,0.0014911984,-0.0040574204,-1.7427057,0.44396973,0.5560303,0.07141113,0.6009860634803772
9101312,2150.703923869008,6.0,204.88062,500.0,230.73299,-1.0,0.4852295,1.0,0.62619156,0.39777875,-0.0075028324,0.0020660474,-0.008535855,-1.746705,0.44360352,0.5563965,0.07116699,0.6009534597396851
9109504,2155.7908533163263,6.0,205.14014,500.0,230.81528,-1.0,0.484375,1.0,0.6263657,0.39707214,-0.0057471,0.001158208,-0.006326204,-1.7513613,0.44433594,0.55566406,0.07128906,0.6011446118354797
9117696,2157.9021343736395,6.0,205.47534,500.0,230.91711,-1.0,0.48461914,1.0,0.6255917,0.3975957,-0.004595736,0.0011082805,-0.0051498762,-1.7507846,0.44458008,0.5554199,0.07080078,0.6011976599693298
9125888,2154.9162234191003,6.0,205.55591,500.0,230.96356,-1.0,0.48413086,1.0,0.62577456,0.39719015,-0.0033343649,0.0008307685,-0.003749749,-1.7615355,0.4449463,0.5550537,0.07092285,0.6014315485954285
9134080,2145.4480201004285,6.0,205.55469,500.0,230.9636,-1.0,0.484375,1.0,0.6255857,0.3974441,-0.0061772736,0.0019482269,-0.007151387,-1.7696079,0.44482422,0.5551758,0.07080078,0.6016101241111755
9142272,2148.1319810835407,6.0,205.1344,500.0,230.8996,-1.0,0.48486328,1.0,0.62579274,0.39801198,-0.0049129333,0.0020376248,-0.005931746,-1.7733095,0.44421387,0.55578613,0.07092285,0.6017948985099792
9150464,2153.308212132054,6.0,205.68896,500.0,231.06006,-1.0,0.48413086,1.0,0.62538433,0.3975679,-0.0041412283,0.0006827005,-0.004482578,-1.7784368,0.44519043,0.5548096,0.07067871,0.6017062067985535
9158656,2158.3833490135594,6.0,205.71814,500.0,231.08868,-1.0,0.48376465,1.0,0.6255702,0.3973329,-0.004896246,0.0016233863,-0.005707938,-1.7767347,0.44543457,0.5545654,0.07080078,0.6019324064254761
9166848,2161.054122427667,6.0,205.9303,500.0,231.1556,-1.0,0.4827881,1.0,0.6259342,0.3964438,-0.008108879,0.0017857461,-0.009001753,-1.7761691,0.446167,0.553833,0.07104492,0.6022229194641113
9175040,2144.932518885351,6.0,206.38477,500.0,231.2692,-1.0,0.48205566,1.0,0.62571853,0.39589602,-0.0031040814,0.0012427352,-0.003725449,-1.777417,0.44702148,0.5529785,0.07092285,0.6021729111671448
9183232,2144.7002292337475,6.0,206.7201,500.0,231.36191,-1.0,0.48034668,1.0,0.62644714,0.39456883,-0.00870217,0.0022967875,-0.0098505635,-1.7775371,0.4482422,0.5517578,0.07141113,0.6026729345321655
9191424,2138.8069093948807,6.0,207.0315,500.0,231.45499,-1.0,0.4798584,1.0,0.62623674,0.3938903,-0.005954926,0.0023030005,-0.007106426,-1.7826258,0.44885254,0.55114746,0.07128906,0.6029229164123535
9199616,2151.7984072687755,6.0,206.90735,500.0,231.44981,-1.0,0.4794922,1.0,0.6266146,0.3938954,-0.008320286,0.0018077339,-0.009224152,-1.7853851,0.4489746,0.5510254,0.0715332,0.6031140685081482
9207808,2149.6835804341267,6.0,207.1289,500.0,231.5094,-1.0,0.47924805,1.0,0.6264117,0.3937233,-0.0028357618,0.0005395008,-0.0031055126,-1.7907708,0.44934082,0.5506592,0.07141113,0.6028640866279602
9216000,2148.2814660294466,6.0,207.43628,500.0,231.57008,-1.0,0.47888184,1.0,0.62620455,0.39335975,-0.0034974376,0.00078950095,-0.003892188,-1.7996683,0.4498291,0.5501709,0.07128906,0.6026141047477722
9224192,2142.9605280005558,6.0,207.66614,500.0,231.62743,-1.0,0.4786377,1.0,0.6260013,0.39318594,-0.0015136532,0.0009621108,-0.0019947086,-1.8111953,0.4501953,0.5498047,0.07116699,0.6025254130363464
9232384,2149.790642082785,6.0,207.75818,500.0,231.6185,-1.0,0.47851562,1.0,0.6259971,0.39291877,-0.0026884244,0.0014487038,-0.0034127766,-1.8130019,0.45031738,0.5496826,0.07116699,0.6024420857429504
9240576,2159.6021203230603,6.0,206.67163,500.0,231.3447,-1.0,0.48010254,1.0,0.62663424,0.39390838,-0.0062316693,0.00389686,-0.0081801005,-1.8146851,0.44836426,0.55163574,0.0715332,0.6026650667190552
9248768,2149.8982524748108,6.0,205.96228,500.0,231.16432,-1.0,0.4819336,1.0,0.6264949,0.39521986,-0.0064349873,0.0015748867,-0.007222431,-1.8323585,0.44665527,0.5533447,0.07141113,0.6025936603546143
9256960,2138.9114257335164,6.0,205.93884,500.0,231.20973,-1.0,0.48181152,1.0,0.6264914,0.3952047,-0.004369588,0.001480766,-0.005109971,-1.8444275,0.44677734,0.55322266,0.07141113,0.6025936603546143
9265152,2154.927035345964,6.0,206.03503,500.0,231.24782,-1.0,0.48083496,1.0,0.6270465,0.3944095,-0.0043093236,0.0015617609,-0.005090204,-1.8350087,0.4473877,0.5526123,0.071777344,0.6030015349388123
9273344,2145.0057641538215,6.0,205.84912,500.0,231.22845,-1.0,0.47937012,1.0,0.6283614,0.39349508,-0.006687673,0.0025761477,-0.007975746,-1.8314892,0.44799805,0.55200195,0.072631836,0.6035293340682983
9281536,2149.8067829548304,6.0,206.00586,500.0,231.24615,-1.0,0.47937012,1.0,0.6281671,0.39344215,-0.003664304,0.0016049349,-0.004466771,-1.8285025,0.44812012,0.5518799,0.072509766,0.6035734415054321
9289728,2154.220703974091,6.0,205.828,500.0,231.22374,-1.0,0.4798584,1.0,0.62798864,0.39375043,-0.0050549204,0.0019920387,-0.0060509397,-1.8322581,0.4477539,0.5522461,0.072387695,0.6036722660064697
9297920,2151.8284586365444,6.0,206.27881,500.0,231.34378,-1.0,0.47912598,1.0,0.6277703,0.39320686,-0.0056863455,0.0015158543,-0.0064442726,-1.8349679,0.4486084,0.5513916,0.072265625,0.6038169860839844
9306112,2149.5893050736513,6.0,206.55127,500.0,231.41777,-1.0,0.47875977,1.0,0.6275635,0.39298365,-0.0011885843,0.0008818626,-0.0016295157,-1.8396597,0.44909668,0.5509033,0.072143555,0.6035670042037964
9314304,2136.8817761777163,6.0,206.9607,500.0,231.50882,-1.0,0.477417,1.0,0.6279056,0.39187276,-0.0037378909,0.0014310128,-0.004453397,-1.8443702,0.4501953,0.5498047,0.072387695,0.6037581562995911
9322496,2148.014341793319,6.0,206.53369,500.0,231.38808,-1.0,0.47729492,1.0,0.62867826,0.3913889,-0.006623882,0.002611601,-0.007929683,-1.8429505,0.4498291,0.5501709,0.07287598,0.6042398810386658
9330688,2155.466688313505,6.0,206.65088,500.0,231.41574,-1.0,0.47607422,1.0,0.62940925,0.39037883,-0.004697134,0.0019150706,-0.005654669,-1.8376751,0.45056152,0.5494385,0.07336426,0.6045580506324768
9338880,2144.201411689057,6.0,206.45667,500.0,231.38017,-1.0,0.47668457,1.0,0.62923825,0.39093518,-0.003587007,0.0018770706,-0.0045255423,-1.833652,0.45007324,0.54992676,0.07324219,0.6044300198554993
9347072,2160.9833107422064,6.0,206.50708,500.0,231.35606,-1.0,0.475708,1.0,0.62997687,0.38984773,-0.005188261,0.003199651,-0.006788087,-1.8333697,0.45056152,0.5494385,0.07373047,0.604846715927124
9355264,2155.198179884898,6.0,206.29895,500.0,231.34364,-1.0,0.47607422,1.0,0.6299908,0.39029527,-0.0032428429,0.0021591256,-0.004322406,-1.8415372,0.4501953,0.5498047,0.07373047,0.6049028635025024
9363456,2153.658725982072,6.0,206.41016,500.0,231.37305,-1.0,0.47583008,1.0,0.6299815,0.3900843,-0.0023969132,0.0018164839,-0.003305155,-1.8424346,0.45043945,0.54956055,0.07373047,0.6050814390182495
9371648,2165.5003401424424,6.0,206.60913,500.0,231.43805,-1.0,0.47509766,1.0,0.63014674,0.3894105,-0.005128069,0.001255029,-0.005755583,-1.8446091,0.4510498,0.5489502,0.07385254,0.6052600145339966
9379840,2158.0731782058824,6.0,206.78796,500.0,231.4793,-1.0,0.47424316,1.0,0.6304997,0.3886593,-0.005954748,0.0017836606,-0.006846578,-1.8491619,0.45166016,0.54833984,0.07409668,0.6054047346115112
9388032,2153.26327579013,6.0,206.87903,500.0,231.52377,-1.0,0.47399902,1.0,0.63048977,0.38863325,-0.0029964813,0.0011318087,-0.0035623848,-1.8552678,0.4519043,0.5480957,0.07409668,0.6052863001823425
9396224,2149.0086382549216,6.0,206.98193,500.0,231.51796,-1.0,0.4741211,1.0,0.63030106,0.3887459,-0.002097272,0.0020038309,-0.0030991873,-1.8524613,0.4519043,0.5480957,0.07397461,0.6052635908126831
9404416,2142.4541030896157,6.0,206.81287,500.0,231.473,-1.0,0.47399902,1.0,0.63068336,0.3885966,-0.0038236515,0.000944781,-0.004296042,-1.8575131,0.45178223,0.5482178,0.07421875,0.6052913665771484
9412608,2150.3873429089717,6.0,206.94727,500.0,231.48788,-1.0,0.47375488,1.0,0.63067317,0.38828075,0.0016789541,0.0014650951,0.0009464058,-1.8631607,0.45202637,0.54797363,0.07421875,0.6052026748657227
9420800,2146.8361085587558,6.0,206.69287,500.0,231.44305,-1.0,0.47424316,1.0,0.6306933,0.38850293,-0.0075408593,0.0021937282,-0.008637724,-1.8619022,0.4515381,0.5484619,0.07421875,0.6053782105445862
9428992,2142.502463678352,6.0,206.59082,500.0,231.40453,-1.0,0.47351074,1.0,0.6314368,0.38783866,-0.0074160188,0.001668876,-0.008250456,-1.8569111,0.45178223,0.5482178,0.07470703,0.6056044101715088
9437184,2144.93519686922,6.0,206.30054,500.0,231.2937,-1.0,0.47399902,1.0,0.6316504,0.38812685,-0.0057411045,0.0021857447,-0.006833976,-1.8520366,0.45117188,0.5488281,0.0748291,0.6057710647583008
9445376,2152.601997399316,6.0,206.47375,500.0,231.3302,-1.0,0.47277832,1.0,0.6323715,0.3870517,-0.008032261,0.0018337212,-0.008949122,-1.8555853,0.4519043,0.5480957,0.07531738,0.606127142906189
9453568,2138.9066324040596,6.0,206.84253,500.0,231.40488,-1.0,0.47131348,1.0,0.6328857,0.38593215,-0.004585588,0.001816564,-0.00549387,-1.8504924,0.45300293,0.5469971,0.075683594,0.6064034700393677
9461760,2156.113356954124,6.0,206.84656,500.0,231.3908,-1.0,0.47070312,1.0,0.6334361,0.3852165,-0.006887912,0.0019092935,-0.007842558,-1.8510202,0.45324707,0.5467529,0.076049805,0.6069429516792297
9469952,2130.2100410533535,6.0,206.8722,500.0,231.32701,-1.0,0.47021484,1.0,0.6339912,0.3844269,-0.0058934,0.002207559,-0.0069971792,-1.8512573,0.45336914,0.54663086,0.076416016,0.6074994206428528
9478144,2161.0688018222554,6.0,207.12744,500.0,231.38908,-1.0,0.4699707,1.0,0.6337871,0.38427544,-0.004508187,0.0011304229,-0.0050733984,-1.8630586,0.45373535,0.54626465,0.076293945,0.6072494387626648
9486336,2145.4804397319276,6.0,207.23706,500.0,231.45744,-1.0,0.46984863,1.0,0.6335887,0.38397497,-0.006333797,0.0014690768,-0.007068335,-1.8724477,0.4539795,0.5460205,0.076171875,0.6074756383895874
9494528,2143.9035969809916,6.0,207.33826,500.0,231.4481,-1.0,0.46899414,1.0,0.6341252,0.38302764,-0.00500843,0.0015714247,-0.0057941424,-1.8704643,0.45446777,0.5455322,0.076538086,0.607709527015686
9502720,2145.1670017110896,6.0,206.60779,500.0,231.2585,-1.0,0.4691162,1.0,0.63528514,0.38294485,-0.0061982973,0.0040651043,-0.00823085,-1.8744674,0.45361328,0.5463867,0.07727051,0.608222246170044
9510912,2148.1710627400766,6.0,206.72949,500.0,231.25337,-1.0,0.46826172,1.0,0.6358192,0.38213882,-0.005327858,0.0012821545,-0.005968935,-1.8846548,0.45410156,0.54589844,0.07763672,0.6087129712104797
9519104,2148.5594048370094,6.0,206.78845,500.0,231.25868,-1.0,0.46862793,1.0,0.63545334,0.38223544,-0.006658748,0.0013521302,-0.0073348125,-1.8968333,0.4539795,0.5460205,0.07739258,0.6087660193443298
9527296,2155.292812683556,6.0,206.61475,500.0,231.21657,-1.0,0.46899414,1.0,0.6354713,0.38252196,-0.0068354714,0.0016897604,-0.007680352,-1.9035225,0.45361328,0.5463867,0.07739258,0.6086271405220032
9535488,2154.9016274899304,6.0,205.9591,500.0,231.0121,-1.0,0.46923828,1.0,0.63644284,0.38260043,-0.006430961,0.0028017214,-0.007831823,-1.9073638,0.4527588,0.5472412,0.07800293,0.6089128255844116
9543680,2145.629287887943,6.0,206.30017,500.0,231.05557,-1.0,0.46887207,1.0,0.63623327,0.3821491,-0.0045058024,0.0017733106,-0.0053924574,-1.9079826,0.45324707,0.5467529,0.07788086,0.6090474128723145
9551872,2150.1353023616375,6.0,206.64111,500.0,231.12231,-1.0,0.46826172,1.0,0.63620305,0.38142186,-0.0064864783,0.0014417977,-0.007207377,-1.9060138,0.45385742,0.5461426,0.07788086,0.6091200113296509
9560064,2146.950801647916,6.0,206.80481,500.0,231.23334,-1.0,0.46765137,1.0,0.63617235,0.38109517,-0.0049625067,0.0016822306,-0.005803622,-1.9095647,0.45446777,0.5455322,0.07788086,0.6093963384628296
9568256,2149.97923639865,6.0,206.76501,500.0,231.20645,-1.0,0.46850586,1.0,0.6356393,0.38183784,-0.007134186,0.0018369902,-0.008052681,-1.9234306,0.4539795,0.5460205,0.07751465,0.6093504428863525
9576448,2149.6722830932245,6.0,206.66785,500.0,231.21918,-1.0,0.46813965,1.0,0.63600516,0.38165215,-0.0036450368,0.0018320876,-0.00456108,-1.9339738,0.45410156,0.54589844,0.07775879,0.6095170974731445
9584640,2155.8918958804206,6.0,206.8988,500.0,231.27592,-1.0,0.4678955,1.0,0.6358009,0.3814839,-0.0044433866,0.0005365887,-0.0047116806,-1.9371519,0.45446777,0.5455322,0.07763672,0.6092671155929565
9592832,2150.142298952655,6.0,206.52588,500.0,231.26987,-1.0,0.4678955,1.0,0.63618475,0.38166407,-0.004915472,0.0021377413,-0.005984342,-1.932608,0.45422363,0.54577637,0.07788086,0.6097148060798645
9601024,2155.8538854511316,6.0,206.77393,500.0,231.2847,-1.0,0.4675293,1.0,0.6361661,0.38158122,-0.005791624,0.0009848443,-0.0062840465,-1.9377886,0.45458984,0.54541016,0.07788086,0.6101169586181641
9609216,2153.2851364789585,6.0,206.63635,500.0,231.26106,-1.0,0.4671631,1.0,0.63672274,0.38137597,-0.0046489984,0.0016941393,-0.005496068,-1.9394484,0.45458984,0.54541016,0.07824707,0.6103431582450867
9617408,2149.7556710248145,6.0,207.1112,500.0,231.36351,-1.0,0.4654541,1.0,0.6372073,0.37973785,-0.00043110154,0.001455069,-0.0011586356,-1.9481676,0.45593262,0.5440674,0.07861328,0.6107181310653687
9625600,2141.408739083313,6.0,207.42944,500.0,231.4347,-1.0,0.4654541,1.0,0.6368241,0.37957612,-0.0047399225,0.0010264057,-0.005253126,-1.9532621,0.45617676,0.54382324,0.07836914,0.6104681491851807
9633792,2150.311038226388,6.0,207.34045,500.0,231.44249,-1.0,0.46557617,1.0,0.6368306,0.37981468,-0.0070001227,0.0014103923,-0.0077053187,-1.9512942,0.4560547,0.5439453,0.07836914,0.6105372905731201
9641984,2144.552045354001,6.0,207.21082,500.0,231.42688,-1.0,0.4650879,1.0,0.6373789,0.3795191,-0.0050500925,0.0021588786,-0.006129531,-1.9505101,0.45617676,0.54382324,0.07873535,0.6108554601669312
9650176,2151.4963231111224,6.0,207.32019,500.0,231.45734,-1.0,0.46533203,1.0,0.637009,0.3797956,-0.0038237122,0.0013929512,-0.004520188,-1.9500928,0.45617676,0.54382324,0.07849121,0.6108911633491516
9658368,2156.8526113337693,6.0,207.41736,500.0,231.49458,-1.0,0.46557617,1.0,0.6366389,0.38004172,-0.0017630648,0.00112827,-0.0023271996,-1.9553683,0.45617676,0.54382324,0.07824707,0.6107727289199829
9666560,2149.644174748383,6.0,207.69336,500.0,231.56468,-1.0,0.46472168,1.0,0.6367839,0.3793495,-0.007384577,0.0012221254,-0.007995639,-1.9608858,0.45690918,0.5430908,0.07836914,0.6106840372085571
9674752,2148.4415843914408,6.0,207.62231,500.0,231.5668,-1.0,0.46557617,1.0,0.6362553,0.38006398,-0.007629218,0.0015089469,-0.008383691,-1.9626445,0.4564209,0.5435791,0.07800293,0.6107401847839355
9682944,2153.696659043216,6.0,207.77185,500.0,231.5784,-1.0,0.46484375,1.0,0.63659894,0.37934446,-0.0031622928,0.0021751323,-0.0042498587,-1.9738985,0.45690918,0.5430908,0.07824707,0.6111846566200256
9691136,2151.994362683833,6.0,208.08984,500.0,231.62975,-1.0,0.46496582,1.0,0.63603014,0.37923837,-0.005348976,0.0014421688,-0.0060700597,-1.9784007,0.45715332,0.5428467,0.07788086,0.6111910939216614
9699328,2153.561267090889,6.0,207.98608,500.0,231.59334,-1.0,0.46496582,1.0,0.636222,0.37914324,-0.005676388,0.0015958378,-0.0064743073,-1.9760282,0.45703125,0.54296875,0.07800293,0.6110839247703552
9707520,2141.344280114893,6.0,208.25598,500.0,231.65094,-1.0,0.4638672,1.0,0.6365442,0.37822324,-0.00559632,0.0013946195,-0.0062936293,-1.9768445,0.45788574,0.54211426,0.07824707,0.6112505793571472
9715712,2143.201263974421,6.0,208.21106,500.0,231.62843,-1.0,0.46374512,1.0,0.636729,0.3781755,-0.0009557961,0.0011881778,-0.0015498856,-1.9842701,0.45788574,0.54211426,0.07836914,0.6112783551216125
9723904,2153.1581617629413,6.0,208.28271,500.0,231.6565,-1.0,0.4633789,1.0,0.6368997,0.37789464,-0.0043471353,0.0019591425,-0.005326707,-1.9848579,0.45812988,0.5418701,0.07849121,0.6111798882484436
9732096,2152.689254246002,6.0,208.37744,500.0,231.68765,-1.0,0.46350098,1.0,0.6367151,0.37807435,-0.0038904978,0.0016934737,-0.0047372347,-1.9859734,0.45812988,0.5418701,0.07836914,0.611518144607544
9740288,2156.6586129039465,6.0,208.18884,500.0,231.66634,-1.0,0.4638672,1.0,0.636736,0.3785553,-0.003940112,0.0029684105,-0.005424317,-1.9871873,0.45776367,0.5422363,0.07836914,0.611811637878418
9748480,2151.7189032136816,6.0,207.52246,500.0,231.53906,-1.0,0.46472168,1.0,0.63716716,0.37924337,-0.005839699,0.003000706,-0.0073400512,-1.9901111,0.45666504,0.54333496,0.07861328,0.6121070981025696
9756672,2154.2575763076006,6.0,207.4674,500.0,231.5243,-1.0,0.4658203,1.0,0.6364603,0.3798936,-0.0068054516,0.0015395954,-0.0075752493,-1.9945605,0.4560547,0.5439453,0.078125,0.6119591593742371
9764864,2152.670507588033,6.0,207.70764,500.0,231.56677,-1.0,0.46606445,1.0,0.6358977,0.38005197,-0.004140691,0.0019580564,-0.0051197186,-1.9972199,0.45617676,0.54382324,0.07775879,0.6119723320007324
9773056,2161.2561175304554,6.0,208.19861,500.0,231.67215,-1.0,0.46557617,1.0,0.6354874,0.37959343,-0.0021280507,0.00063172926,-0.0024439157,-1.9988439,0.45690918,0.5430908,0.07751465,0.6117223501205444
9781248,2154.44357797866,6.0,208.35071,500.0,231.67809,-1.0,0.46594238,1.0,0.6349307,0.37975177,-0.005701725,0.001286468,-0.0063449587,-2.004731,0.45690918,0.5430908,0.07714844,0.6117426156997681
9789440,2153.9916645655267,6.0,208.20325,500.0,231.61836,-1.0,0.46618652,1.0,0.63513595,0.3797465,-0.007667861,0.0019637244,-0.008649724,-2.007407,0.45654297,0.54345703,0.07727051,0.6119370460510254
9797632,2154.1179273190314,6.0,208.05408,500.0,231.56091,-1.0,0.46679688,1.0,0.6349759,0.37995055,-0.004110975,0.0014797719,-0.004850861,-2.0027804,0.4560547,0.5439453,0.07714844,0.6116870641708374
9805824,2152.5610012617262,6.0,207.98425,500.0,231.60541,-1.0,0.46801758,1.0,0.63407665,0.3809989,-0.00596347,0.001569933,-0.006748437,-1.995929,0.45544434,0.54455566,0.076538086,0.6117495894432068
9814016,2149.88197571153,6.0,208.3291,500.0,231.68701,-1.0,0.4675293,1.0,0.63385934,0.38067147,-0.0014603145,0.0014812218,-0.0022009257,-1.9878881,0.4560547,0.5439453,0.076416016,0.6118221879005432
9822208,2154.486266989282,6.0,208.17249,500.0,231.6523,-1.0,0.46765137,1.0,0.6340581,0.3808452,-0.0028946023,0.0016328251,-0.003711015,-1.9780352,0.45581055,0.54418945,0.076538086,0.6119669079780579
9830400,2149.0130737419186,6.0,208.45374,500.0,231.71173,-1.0,0.46655273,1.0,0.63438606,0.37987396,-0.0049666846,0.0014971419,-0.005715255,-1.9720218,0.45666504,0.54333496,0.07678223,0.6123418807983398
9838592,2156.77056726448,6.0,208.22107,500.0,231.6567,-1.0,0.4663086,1.0,0.63495016,0.37968612,-0.007959679,0.0015089597,-0.008714159,-1.9812534,0.45654297,0.54345703,0.07714844,0.6124327778816223
9846784,2155.078819221066,6.0,208.33301,500.0,231.67166,-1.0,0.46606445,1.0,0.63493717,0.37959155,-0.0030321763,0.0015199367,-0.0037921448,-1.9871695,0.4567871,0.5432129,0.07714844,0.6125673651695251
9854976,2153.743638494261,6.0,208.50476,500.0,231.70581,-1.0,0.4650879,1.0,0.63546073,0.37858605,-0.0051280903,0.0021689574,-0.006212569,-1.9865319,0.45739746,0.54260254,0.07751465,0.6129056215286255
9863168,2159.3377373852018,6.0,208.68213,500.0,231.74405,-1.0,0.46496582,1.0,0.63526195,0.37840468,-0.00805083,0.0012138434,-0.008657752,-1.9936019,0.4576416,0.5423584,0.07739258,0.6127907633781433
9871360,2159.605378011442,6.0,208.76562,500.0,231.74747,-1.0,0.4650879,1.0,0.63507646,0.37868917,-0.007767274,0.0017832422,-0.008658895,-2.0020697,0.4576416,0.5423584,0.07727051,0.6130285859107971
9879552,2154.1854535826865,6.0,208.35535,500.0,231.61319,-1.0,0.46557617,1.0,0.6354874,0.37877214,-0.006411042,0.0016492552,-0.00723567,-2.0099154,0.45690918,0.5430908,0.07751465,0.6131357550621033
9887744,2145.3600097603385,6.0,208.66736,500.0,231.65666,-1.0,0.46484375,1.0,0.6356394,0.37795994,-0.0010523722,0.0010390792,-0.0015719119,-2.0220604,0.45751953,0.54248047,0.07763672,0.6130857467651367
9895936,2134.7056999374927,6.0,208.67627,500.0,231.66048,-1.0,0.46484375,1.0,0.6356394,0.3779775,-0.005359265,0.0008947819,-0.0058066566,-2.023263,0.45751953,0.54248047,0.07763672,0.6129708886146545
9904128,2140.863162473997,6.0,208.43604,500.0,231.61331,-1.0,0.4650879,1.0,0.6358448,0.37826997,0.0007571906,0.0009815348,0.000266423,-2.021763,0.45715332,0.5428467,0.07775879,0.6129708886146545
9912320,2147.902623255449,6.0,208.50403,500.0,231.62057,-1.0,0.46496582,1.0,0.63583815,0.37792647,-0.006897482,0.0013308129,-0.0075628893,-2.0201411,0.4572754,0.5427246,0.07775879,0.613006591796875
9920512,2158.2041223143233,6.0,208.65344,500.0,231.67494,-1.0,0.4645996,1.0,0.6358178,0.377586,-0.0058136666,0.0015240134,-0.006575674,-2.0304105,0.4576416,0.5423584,0.07775879,0.6132111549377441
9928704,2152.117830225297,6.0,208.85522,500.0,231.77225,-1.0,0.46447754,1.0,0.635427,0.37734598,-0.0030319607,0.0013941436,-0.0037290328,-2.0384014,0.4580078,0.5419922,0.07751465,0.6134157180786133
9936896,2147.3395078355366,6.0,208.98962,500.0,231.7846,-1.0,0.46398926,1.0,0.6355916,0.3768013,-0.0023905227,0.0023615018,-0.0035712733,-2.0346575,0.45837402,0.541626,0.07763672,0.6136101484298706
9945088,2151.4938981577975,6.0,208.82642,500.0,231.71921,-1.0,0.46435547,1.0,0.6356122,0.37725952,-0.006341972,0.0020381352,-0.00736104,-2.043974,0.4580078,0.5419922,0.07763672,0.6136862635612488
9953280,2155.593259290609,6.0,209.02295,500.0,231.7221,-1.0,0.46362305,1.0,0.6359547,0.37665924,-0.0047316384,0.0018513657,-0.005657321,-2.0531538,0.4584961,0.5415039,0.07788086,0.6140077114105225
9961472,2145.4634260014914,6.0,209.07776,500.0,231.74763,-1.0,0.4638672,1.0,0.63558465,0.37690264,-0.0053185183,0.0021513565,-0.0063941963,-2.0543187,0.4584961,0.5415039,0.07763672,0.614183247089386
9969664,2154.2527139496137,6.0,208.74902,500.0,231.65706,-1.0,0.46362305,1.0,0.6363385,0.37672907,-0.0057752747,0.0022868002,-0.0069186743,-2.0574267,0.45825195,0.54174805,0.078125,0.614545464515686
9977856,2151.0041696368926,6.0,209.10315,500.0,231.74832,-1.0,0.46240234,1.0,0.6366511,0.37575087,-0.00399003,0.0014297715,-0.004704916,-2.0577264,0.45922852,0.5407715,0.07836914,0.6149015426635742
9986048,2146.1747496745425,6.0,209.58496,500.0,231.87984,-1.0,0.46154785,1.0,0.6364084,0.37513864,-0.0050638923,0.0005480479,-0.0053379163,-2.0590277,0.46020508,0.5397949,0.07824707,0.6146515607833862
9994240,2147.8905390139844,6.0,209.73816,500.0,231.91524,-1.0,0.46069336,1.0,0.6367396,0.374178,-0.0007797683,0.0019731347,-0.0017663358,-2.061977,0.46081543,0.5391846,0.07849121,0.6148459911346436
