timestep,fps,ep_len_min,ep_len_mean,ep_len_max,ep_len_std,return_min,return_mean,return_max,return_std,disc_return_mean,total_loss,value_loss,actor_loss,entropy,prob_fail,prob_success,prob_reject,lambda
8192,279.23977520344266,58.0,376.3158,500.0,175.98448,-1.0,-0.31578946,1.0,0.5668594,-0.1109607,0.0017673981,0.013769952,-0.005117578,2.178987,0.94736844,0.05263158,0.36842105,0.0
16384,2305.982780163941,58.0,346.59525,500.0,181.21521,-1.0,-0.3809524,1.0,0.6153737,-0.11541917,0.0012367571,0.012385165,-0.004955826,2.1806114,0.9285714,0.071428575,0.45238096,0.0
24576,2305.5252419025023,17.0,335.06152,500.0,186.25027,-1.0,-0.43076923,1.0,0.5809603,-0.13864045,0.0014271627,0.011399682,-0.004272679,2.171361,0.95384616,0.046153847,0.47692308,0.0
32768,2318.284723966159,17.0,336.8353,500.0,189.45686,-1.0,-0.42352942,1.0,0.56101733,-0.14643797,-0.0003178271,0.0072811223,-0.003958389,2.170556,0.9647059,0.03529412,0.45882353,0.0
40960,2348.142074338261,17.0,335.33627,500.0,195.27089,-1.0,-0.36283186,1.0,0.58084387,-0.13042957,-0.00019513356,0.0064815143,-0.0034358902,2.1671605,0.94690263,0.053097345,0.4159292,0.0
49152,2331.285235802545,17.0,313.34247,500.0,198.58415,-1.0,-0.42465752,1.0,0.5832786,-0.1566313,-0.0003043276,0.009073772,-0.004841213,2.159472,0.9520548,0.047945205,0.47260273,0.0
57344,2320.767369870388,17.0,315.81873,500.0,198.21611,-1.0,-0.4269006,1.0,0.57142615,-0.15722737,-0.003053049,0.0052729063,-0.0056895018,2.1613042,0.9590643,0.040935673,0.46783626,0.0
65536,2359.927086763902,17.0,315.19598,500.0,198.66856,-1.0,-0.42211056,1.0,0.5782608,-0.1592799,-0.001405309,0.004699507,-0.0037550624,2.1577797,0.95477384,0.04522613,0.46733668,0.0
73728,2367.1248747105574,17.0,317.35294,500.0,198.61667,-1.0,-0.4162896,1.0,0.57748616,-0.15625106,-0.0026816344,0.0034057808,-0.004384525,2.1522932,0.95475113,0.04524887,0.46153846,0.0
81920,2350.859436418894,17.0,323.64755,500.0,198.38017,-1.0,-0.4057377,1.0,0.5684029,-0.15521915,-0.003033998,0.0017257466,-0.003896871,2.1543205,0.9590164,0.040983606,0.44672132,0.0
90112,2319.4778602262277,17.0,325.5468,500.0,199.74094,-1.0,-0.40074906,1.0,0.56129813,-0.1601734,-0.0028239076,0.0018512335,-0.0037495245,2.1536634,0.9625468,0.037453182,0.43820226,0.0
98304,2305.368386918907,17.0,327.8488,500.0,199.3713,-1.0,-0.39862543,1.0,0.55538434,-0.15961076,-0.002322711,0.0018030774,-0.0032242502,2.150085,0.9656357,0.03436426,0.4329897,0.0
106496,2304.4522791649233,17.0,333.9,500.0,199.08797,-1.0,-0.38387096,1.0,0.5486621,-0.15671884,-0.00398493,0.00095226907,-0.004461065,2.1414003,0.9677419,0.032258064,0.41612902,0.0
114688,2306.4423579350578,17.0,335.92194,500.0,199.82079,-1.0,-0.3783784,1.0,0.5433859,-0.1592246,-0.0047695385,0.0009286751,-0.0052338764,2.1275873,0.96997,0.03003003,0.4084084,0.0
122880,2306.0162090818267,17.0,338.24078,500.0,199.85313,-1.0,-0.37393767,1.0,0.5392268,-0.15963683,-0.0047746846,0.0008940359,-0.005221702,2.1197183,0.9716714,0.028328612,0.4022663,0.0
131072,2305.8741428740163,17.0,335.56613,500.0,201.09119,-1.0,-0.37566137,1.0,0.5410554,-0.16512659,-0.00452151,0.0014747097,-0.0052588643,2.1122952,0.97089946,0.02910053,0.4047619,0.0
139264,2306.596107381325,17.0,336.3167,500.0,201.66985,-1.0,-0.3690773,1.0,0.5410265,-0.16534053,-0.0028777602,0.00095032755,-0.0033529243,2.1068969,0.97007483,0.029925186,0.3990025,0.0
147456,2308.274438722606,17.0,338.64084,500.0,201.79747,-1.0,-0.35915494,1.0,0.53962535,-0.16172332,-0.0024002367,0.0010122482,-0.002906361,2.0986753,0.96948355,0.030516433,0.38967136,0.0
155648,2305.8475267516587,17.0,342.46967,500.0,201.21637,-1.0,-0.3505618,1.0,0.5348787,-0.15927857,-0.0034359857,0.0010235194,-0.0039477455,2.0922832,0.9707865,0.029213483,0.3797753,0.0
163840,2306.837378945504,15.0,346.01074,500.0,200.64583,-1.0,-0.34408602,1.0,0.5306645,-0.1576135,-0.0033687425,0.00089027674,-0.003813881,2.088744,0.97204304,0.027956989,0.372043,0.0
172032,2306.5652939164547,15.0,346.20123,500.0,201.52684,-1.0,-0.3429158,1.0,0.5279324,-0.16133937,-0.004401274,0.0010990566,-0.0049508023,2.0834324,0.97330594,0.026694044,0.36960986,0.0
180224,2312.2224138022693,13.0,346.60196,500.0,202.36172,-1.0,-0.34117648,1.0,0.52512425,-0.16499922,-0.0025471738,0.0007633719,-0.00292886,2.0790827,0.9745098,0.025490196,0.36666667,0.0
188416,2314.0813032660312,13.0,344.42056,500.0,203.33354,-1.0,-0.34392524,1.0,0.5272353,-0.16685237,-0.0044094976,0.0010759928,-0.004947494,2.071678,0.9738318,0.026168223,0.37009346,0.0
196608,2307.70764560245,13.0,344.76703,500.0,203.53046,-1.0,-0.34408602,1.0,0.5252333,-0.16843535,-0.003710742,0.0009768314,-0.0041991575,2.0670614,0.9749104,0.025089607,0.3691756,0.0
204800,2309.72540059857,13.0,345.9551,500.0,203.3866,-1.0,-0.3385147,1.0,0.52510566,-0.16574956,-0.0028700768,0.0012610842,-0.003500619,2.0675561,0.97409326,0.025906736,0.36442143,0.0
212992,2302.529046397252,12.0,346.3128,500.0,203.56616,-1.0,-0.3327787,1.0,0.52783465,-0.164545,-0.0036784206,0.0011739252,-0.004265383,2.0692244,0.9717138,0.028286189,0.36106488,0.0
221184,2306.7212277973035,12.0,348.91827,500.0,202.69067,-1.0,-0.3221154,1.0,0.5284453,-0.15774131,-0.003244156,0.00079380063,-0.0036410561,2.0604944,0.96955127,0.030448718,0.3525641,0.0
229376,2308.4482841837034,12.0,349.3323,500.0,203.0165,-1.0,-0.3153014,1.0,0.529907,-0.15580684,-0.0029738743,0.0013375924,-0.0036426706,2.0426135,0.9675425,0.032457497,0.3477589,0.0
237568,2306.413406405219,12.0,350.5374,500.0,202.68715,-1.0,-0.31437126,1.0,0.5276516,-0.15570116,-0.0037509957,0.0011231403,-0.004312566,2.0340633,0.9685629,0.031437125,0.3458084,0.0
245760,2343.893260089067,12.0,349.43723,500.0,203.3385,-1.0,-0.3131313,1.0,0.53052634,-0.15466341,-0.0036646998,0.0017221816,-0.004525791,2.0251856,0.96681094,0.033189032,0.34632036,0.0
253952,2322.9994700194557,12.0,349.3975,500.0,203.73848,-1.0,-0.31380752,1.0,0.5286668,-0.1568397,-0.0027905814,0.00077110215,-0.0031761324,2.0146847,0.9679219,0.032078102,0.34588563,0.0
262144,2346.33094266612,12.0,350.41406,500.0,203.53662,-1.0,-0.31258458,1.0,0.5264236,-0.15688491,-0.004728224,0.0007874194,-0.0051219347,2.0106163,0.96887684,0.031123139,0.3437077,0.0
270336,2316.684589284632,12.0,350.06552,500.0,203.64528,-1.0,-0.31585845,1.0,0.52571875,-0.15812282,-0.0043496587,0.0013010411,-0.0050001796,2.00437,0.96985584,0.030144168,0.3460026,0.0
278528,2309.1344616681768,12.0,351.11734,500.0,203.17781,-1.0,-0.3125,1.0,0.525422,-0.15634283,-0.0020844643,0.001154109,-0.0026615188,2.0060968,0.96938777,0.030612245,0.34311223,0.0
286720,2327.5590350284047,12.0,349.13794,500.0,204.2727,-1.0,-0.3128079,1.0,0.5282031,-0.15925348,-0.0019897753,0.0011654359,-0.0025724932,2.007417,0.9679803,0.032019705,0.3448276,0.0
294912,2304.72695773658,12.0,350.47653,500.0,203.93146,-1.0,-0.3104693,1.0,0.52597845,-0.15842152,-0.0037427777,0.00078641856,-0.0041359877,2.0121584,0.9687124,0.031287607,0.3417569,0.0
303104,2308.1959764667013,12.0,352.20847,500.0,203.37207,-1.0,-0.3074205,1.0,0.5236045,-0.15695694,-0.003762511,0.0007031793,-0.0041141007,2.007841,0.9693757,0.030624263,0.33804476,0.0
311296,2301.00035131373,12.0,352.44318,500.0,203.483,-1.0,-0.3053961,1.0,0.52357143,-0.15794161,-0.0022280714,0.0012104711,-0.0028333073,1.9998306,0.9690012,0.030998852,0.33639494,0.0
319488,2320.8992058762697,12.0,353.5599,500.0,203.26128,-1.0,-0.30347145,1.0,0.52138937,-0.15762036,-0.0064745005,0.0006501959,-0.0067995987,2.0005865,0.9697648,0.030235162,0.33370662,0.0
327680,2306.300084412837,10.0,352.90524,500.0,203.62917,-1.0,-0.30392158,1.0,0.52206844,-0.15958263,-0.0034453073,0.0010732324,-0.0039819237,1.9943633,0.96949893,0.03050109,0.33442265,0.0
335872,2303.1309660327156,10.0,352.5016,500.0,204.16896,-1.0,-0.30074388,1.0,0.5235064,-0.1588949,-0.0038547134,0.00092617166,-0.0043177996,1.9929171,0.968119,0.03188098,0.33262485,0.0
344064,2304.174730199605,10.0,352.18924,500.0,204.6217,-1.0,-0.30196485,1.0,0.52233094,-0.16134448,-0.003398406,0.000963112,-0.0038799625,1.9964722,0.9689762,0.031023785,0.33298862,0.0
352256,2344.874926176142,10.0,353.18762,500.0,204.40439,-1.0,-0.30020285,1.0,0.5205122,-0.16090971,-0.0041625993,0.00052129076,-0.004423245,1.9956566,0.96957403,0.030425964,0.3306288,0.0
360448,2322.0782439548293,10.0,351.31165,500.0,205.49184,-1.0,-0.30276135,1.0,0.5217671,-0.16382879,-0.0029415933,0.0013793227,-0.0036312551,1.9816178,0.969428,0.030571992,0.33333334,0.0
368640,2314.074913425259,10.0,350.8537,500.0,205.92278,-1.0,-0.30317613,1.0,0.5223582,-0.16463375,-0.002437641,0.0011048617,-0.0029900717,1.972442,0.96920115,0.030798845,0.333975,0.0
376832,2305.752363665817,10.0,351.85364,500.0,205.8019,-1.0,-0.299339,1.0,0.5215919,-0.16306911,-0.0039856737,0.00042800963,-0.0041996785,1.9643035,0.9688385,0.031161472,0.33050048,0.0
385024,2303.4931954587855,10.0,351.33087,500.0,206.15056,-1.0,-0.30046082,1.0,0.5223571,-0.16374978,-0.004844399,0.001283897,-0.005486348,1.9577677,0.9686636,0.031336404,0.33179724,0.0
393216,2322.3357933878624,10.0,350.8766,500.0,206.6203,-1.0,-0.3018018,1.0,0.5215158,-0.16608593,-0.003385049,0.0007617018,-0.0037659,1.9632487,0.96936935,0.030630631,0.33243242,0.0
401408,2303.8921502055246,10.0,350.10907,500.0,207.00461,-1.0,-0.30255058,1.0,0.5220912,-0.16664326,-0.0042461865,0.0010256723,-0.004759023,1.967441,0.96921724,0.030782761,0.33333334,0.0
409600,2302.2589022416305,10.0,350.69403,500.0,206.96083,-1.0,-0.30164218,1.0,0.5207259,-0.16695575,-0.003924032,0.000628305,-0.0042381845,1.9581121,0.96974933,0.030250648,0.33189282,0.0
417792,2305.4438726491558,10.0,351.11206,500.0,206.88095,-1.0,-0.30220714,1.0,0.51990455,-0.16748564,-0.0031395478,0.0007610368,-0.003520066,1.950819,0.97028863,0.029711375,0.3319185,0.0
425984,2303.4479491548204,10.0,351.61533,500.0,206.80293,-1.0,-0.30224812,1.0,0.5188246,-0.16778702,-0.0054790447,0.0010926866,-0.006025388,1.9485143,0.9708576,0.029142382,0.3313905,0.0
434176,2302.724867252195,10.0,352.75983,500.0,206.52051,-1.0,-0.3,1.0,0.51708513,-0.16711654,-0.005063789,0.0004409012,-0.0052842395,1.9515544,0.97131145,0.028688524,0.32868853,0.0
442368,2306.5817070163785,10.0,353.80145,500.0,206.11511,-1.0,-0.2986279,1.0,0.5157,-0.16613357,-0.0055119437,0.00043174438,-0.0057278164,1.9463671,0.9717514,0.028248588,0.32687652,0.0
450560,2305.0715964983037,10.0,355.1051,500.0,205.64459,-1.0,-0.29617834,1.0,0.5139934,-0.16475172,-0.0037487457,0.00019455349,-0.0038460223,1.9437559,0.97213376,0.027866242,0.3240446,0.0
458752,2302.2471784023983,10.0,354.84988,500.0,205.9193,-1.0,-0.2971071,1.0,0.51338553,-0.16630608,-0.0050349007,0.00065531814,-0.00536256,1.9420687,0.97263485,0.02736513,0.32447225,0.0
466944,2348.5596963855146,10.0,353.3922,500.0,206.818,-1.0,-0.30045873,1.0,0.5135173,-0.1701974,-0.0048932545,0.0009570963,-0.0053718025,1.9360301,0.97324157,0.02675841,0.32721713,0.0
475136,2313.112476623821,10.0,354.0887,500.0,206.52579,-1.0,-0.29849625,1.0,0.5133533,-0.16965,-0.004027677,0.000998692,-0.004527023,1.9324585,0.97293234,0.027067669,0.3255639,0.0
483328,2302.7674615407764,10.0,355.3462,500.0,206.09131,-1.0,-0.29503337,1.0,0.5126833,-0.16852169,-0.0030854535,0.0007033443,-0.0034371256,1.9279975,0.97257227,0.027427724,0.32246107,0.0
491520,2301.6535837608662,10.0,354.7933,500.0,206.37466,-1.0,-0.2954876,1.0,0.51331043,-0.16891478,-0.0030134981,0.0014007685,-0.0037138823,1.9227889,0.9723435,0.027656477,0.3231441,0.0
499712,2304.389067535545,10.0,354.96347,500.0,206.43642,-1.0,-0.29584527,1.0,0.5126033,-0.16967681,-0.0031974171,0.0010109581,-0.003702896,1.9184077,0.9727794,0.027220631,0.3230659,0.0
507904,2301.985274283701,10.0,353.98102,500.0,207.07124,-1.0,-0.2972593,1.0,0.51352704,-0.17142269,-0.004054498,0.0012272144,-0.0046681054,1.9135739,0.9725931,0.027406886,0.3246662,0.0
516096,2326.7194250927764,10.0,353.80096,500.0,207.33339,-1.0,-0.2950933,1.0,0.5144727,-0.1711975,-0.0039386367,0.00090963056,-0.004393452,1.9094524,0.9716655,0.028334485,0.3234278,0.0
524288,2332.60628021685,10.0,354.93994,500.0,206.98933,-1.0,-0.29283276,1.0,0.5128883,-0.17023908,-0.0034091878,0.00047730858,-0.003647842,1.908114,0.97201365,0.027986348,0.3208191,0.0
532480,2328.024257167605,10.0,355.7887,500.0,206.69751,-1.0,-0.29138628,1.0,0.5115291,-0.16943355,-0.0036274875,0.00043519103,-0.003845083,1.9024278,0.9724091,0.027590849,0.31897712,0.0
540672,2312.657553048333,10.0,356.42535,500.0,206.49342,-1.0,-0.28931653,1.0,0.5112263,-0.16800629,-0.0038769806,0.00063147396,-0.0041927183,1.8986988,0.97213006,0.02786994,0.31718647,0.0
548864,2302.9062125590576,10.0,356.60236,500.0,206.53963,-1.0,-0.28973186,1.0,0.51061255,-0.16866001,-0.0035791537,0.00058469333,-0.0038714996,1.8962853,0.9725311,0.027468935,0.31720078,0.0
557056,2327.116379326109,10.0,357.26016,500.0,206.35704,-1.0,-0.28857327,1.0,0.50943816,-0.16829698,-0.0049066483,0.00073141576,-0.005272357,1.8917553,0.9728857,0.027114267,0.31568754,0.0
565248,2321.597198602734,10.0,358.28336,500.0,206.0312,-1.0,-0.28525844,1.0,0.50869244,-0.16632006,-0.002692767,0.0004028932,-0.0028942137,1.882908,0.97255903,0.02744097,0.31269944,0.0
573440,2304.7077883953593,10.0,358.02576,500.0,206.33585,-1.0,-0.28598365,1.0,0.5081841,-0.16785116,-0.006331623,0.00068843196,-0.0066758385,1.8825126,0.972973,0.027027028,0.3130107,0.0
581632,2304.4462515005675,10.0,358.40262,500.0,206.30992,-1.0,-0.2853598,1.0,0.50722724,-0.16811259,-0.004678557,0.0005683225,-0.004962718,1.8818222,0.9733251,0.026674937,0.31203473,0.0
589824,2301.8634428542305,10.0,359.25076,500.0,205.98842,-1.0,-0.28387493,1.0,0.5059826,-0.16732383,-0.0040562246,0.0005298522,-0.0043211505,1.8798413,0.9736358,0.026364194,0.3102391,0.0
598016,2326.040709271807,10.0,359.80618,500.0,205.86111,-1.0,-0.28285888,1.0,0.50491524,-0.167192,-0.0050150463,0.00029955147,-0.005164822,1.8727883,0.97395515,0.026044821,0.3089037,0.0
606208,2304.534969538792,10.0,359.9803,500.0,205.83887,-1.0,-0.28332338,1.0,0.50443625,-0.16751505,-0.004401199,0.00069220347,-0.0047473004,1.8661793,0.97429764,0.025702331,0.3090257,0.0
614400,2301.2728203813417,10.0,360.33234,500.0,205.78882,-1.0,-0.2827627,1.0,0.5035627,-0.16763665,-0.003700407,0.00063589006,-0.004018352,1.8694193,0.9746163,0.025383707,0.3081464,0.0
622592,2305.5691774993793,10.0,360.68106,500.0,205.73553,-1.0,-0.28221574,1.0,0.50270844,-0.16777483,-0.004797614,0.00045886697,-0.005027048,1.8716352,0.9749271,0.025072886,0.30728862,0.0
630784,2332.518237906181,10.0,361.39505,500.0,205.50153,-1.0,-0.2808535,1.0,0.5015687,-0.16723077,-0.003268171,0.0004020283,-0.0034691852,1.8667774,0.97520185,0.024798155,0.30565166,0.0
638976,2303.016731450118,10.0,362.41382,500.0,205.03975,-1.0,-0.2791096,1.0,0.5002941,-0.1660013,-0.0033738902,0.00031623294,-0.0035320069,1.8731375,0.9754566,0.024543379,0.30365297,0.0
647168,2304.4210592959685,10.0,362.64938,500.0,204.89912,-1.0,-0.27846673,1.0,0.50052816,-0.16494791,-0.0032333266,0.001118059,-0.0037923562,1.8801986,0.9751973,0.024802705,0.30326945,0.0
655360,2319.370609286963,10.0,363.4961,500.0,204.59451,-1.0,-0.2767857,1.0,0.499282,-0.16419527,-0.005407136,0.00043402967,-0.00562415,1.8833287,0.9754464,0.02455357,0.3013393,0.0
663552,2334.4467130964204,10.0,363.93985,500.0,204.50917,-1.0,-0.27593818,1.0,0.49835876,-0.16423547,-0.0037197217,0.00028212141,-0.0038607821,1.8892645,0.9757174,0.024282562,0.30022076,0.0
671744,2303.9134687498513,10.0,364.20404,500.0,204.38155,-1.0,-0.27605018,1.0,0.4978506,-0.1642809,-0.0060120644,0.0006959631,-0.0063600456,1.896208,0.97599566,0.024004364,0.30005455,0.0
679936,2311.95247946007,10.0,364.65585,500.0,204.17603,-1.0,-0.27552673,1.0,0.4971454,-0.16392235,-0.0035820832,0.0005539344,-0.0038590499,1.9047945,0.9762291,0.023770934,0.2992977,0.0
688128,2304.36047661727,10.0,365.48636,500.0,203.82243,-1.0,-0.27394328,1.0,0.49596608,-0.16296057,-0.004240511,0.00025947558,-0.0043702484,1.8987448,0.976458,0.023542002,0.2974853,0.0
696320,2306.2369261681756,10.0,366.23016,500.0,203.55856,-1.0,-0.27248678,1.0,0.49477124,-0.16238976,-0.0039541363,0.00024290282,-0.0040755873,1.8872771,0.97671956,0.023280423,0.2957672,0.0
704512,2302.4221228265783,10.0,366.83865,500.0,203.325,-1.0,-0.27134624,1.0,0.4937762,-0.16185357,-0.0064407727,0.00035869694,-0.006620121,1.8827841,0.9769513,0.023048718,0.29439497,0.0
712704,2303.0766260072687,10.0,367.84018,500.0,202.89937,-1.0,-0.2682927,1.0,0.49296698,-0.15996549,-0.0021203891,0.0002252521,-0.0022330154,1.8720227,0.9766476,0.02335236,0.29164505,0.0
720896,2301.227044767311,10.0,367.41046,500.0,203.20837,-1.0,-0.2662904,1.0,0.4946067,-0.15859091,-0.0027070418,0.0007062238,-0.0030601537,1.8551177,0.97537196,0.024628015,0.2909184,0.0
729088,2304.3768583539195,10.0,367.932,500.0,203.04492,-1.0,-0.26433283,1.0,0.4941477,-0.15753727,-0.0051035206,0.00048294937,-0.0053449953,1.8456919,0.9751395,0.024860477,0.2891933,0.0
737280,2301.490472118597,10.0,367.75363,500.0,203.21396,-1.0,-0.26492724,1.0,0.49387535,-0.15835656,-0.0030453985,0.00070982805,-0.0034003125,1.8367733,0.975414,0.024586052,0.2895133,0.0
745472,2304.5584639611866,10.0,368.4943,500.0,202.88596,-1.0,-0.26255596,1.0,0.493302,-0.15684828,-0.004040776,0.00033926786,-0.0042104097,1.829001,0.97513676,0.024863252,0.2874192,0.0
753664,2303.0361814028815,10.0,369.49606,500.0,202.44646,-1.0,-0.2596059,1.0,0.49239922,-0.15503022,-0.0037788744,0.0002291483,-0.0038934487,1.8269452,0.9748768,0.025123153,0.28472906,0.0
761856,2345.471173182077,10.0,369.80527,500.0,202.35153,-1.0,-0.2591508,1.0,0.4917032,-0.1550273,-0.003967262,0.0009187757,-0.00442665,1.8277335,0.9751098,0.02489019,0.284041,0.0
770048,2304.8639350511767,10.0,370.15756,500.0,202.2479,-1.0,-0.25857902,1.0,0.49093285,-0.15500043,-0.004396988,0.00033988824,-0.004566932,1.8219272,0.97535044,0.024649588,0.2832286,0.0
778240,2305.6711330997045,10.0,370.09952,500.0,202.37517,-1.0,-0.25885168,1.0,0.49056226,-0.1556967,-0.0041325185,0.0004390874,-0.0043520625,1.8201318,0.9755981,0.024401914,0.28325358,0.0
786432,2303.6684837582425,10.0,370.29843,500.0,202.3334,-1.0,-0.2586452,1.0,0.48996553,-0.15583892,-0.0038695305,0.00069685426,-0.004217957,1.8202817,0.9758408,0.024159167,0.28280437,0.0
794624,2303.174964806937,10.0,370.59467,500.0,202.26616,-1.0,-0.25820056,1.0,0.48921427,-0.15593381,-0.004806737,0.0006875443,-0.005150509,1.814712,0.9761012,0.023898782,0.28209934,0.0
802816,2302.0682504114575,10.0,371.1017,500.0,202.05121,-1.0,-0.25731537,1.0,0.48834407,-0.15550904,-0.0026448595,0.00042386894,-0.0028567938,1.8061324,0.9763121,0.023687877,0.28100324,0.0
811008,2307.0954312179515,10.0,371.08875,500.0,202.16096,-1.0,-0.25747126,1.0,0.48793072,-0.1561613,-0.0029315036,0.0004524492,-0.0031577281,1.807974,0.9765517,0.023448275,0.28091955,0.0
819200,2303.1263346805877,10.0,371.55243,500.0,201.99533,-1.0,-0.25660893,1.0,0.4870844,-0.1559095,-0.004245794,0.00029180737,-0.0043916972,1.8092401,0.9767548,0.023245214,0.27985415,0.0
827392,2303.5460107991275,10.0,371.83786,500.0,201.94409,-1.0,-0.25609756,1.0,0.48639706,-0.15605947,-0.004468407,0.00027971136,-0.0046082623,1.8053985,0.9769648,0.02303523,0.27913278,0.0
835584,2379.2089324880476,9.0,371.9316,500.0,201.93538,-1.0,-0.25525257,1.0,0.4864047,-0.1557683,-0.0033305408,0.0006083564,-0.0036347187,1.7939191,0.9767546,0.023245418,0.278498,0.0
843776,2350.4186470884515,9.0,371.69543,500.0,202.1649,-1.0,-0.2549801,1.0,0.48671207,-0.15607001,-0.0009996397,0.0007718094,-0.0013855444,1.7782722,0.9765383,0.023461709,0.2784418,0.0
851968,2302.744157948542,9.0,371.67822,500.0,202.2668,-1.0,-0.25515124,1.0,0.48633316,-0.15667737,-0.0046679885,0.00033406346,-0.0048350203,1.7591026,0.97676456,0.023235423,0.27838668,0.0
860160,2336.3988739233255,9.0,372.32434,500.0,201.99089,-1.0,-0.25391304,1.0,0.48531243,-0.15607443,-0.004416706,0.00023817379,-0.0045357924,1.7534053,0.97695655,0.023043478,0.27695653,0.0
868352,2303.4181462464458,9.0,372.65317,500.0,201.90056,-1.0,-0.25247738,1.0,0.4850404,-0.1553836,-0.0012426651,0.00042713722,-0.0014562337,1.7592506,0.97673416,0.023265833,0.27574322,0.0
876544,2302.998671073855,9.0,372.9453,500.0,201.79767,-1.0,-0.25202906,1.0,0.4844012,-0.15528962,-0.00558846,0.0003131273,-0.0057450235,1.7569003,0.97693294,0.023067065,0.27509612,0.0
884736,2302.3880266333913,9.0,372.77325,500.0,201.9782,-1.0,-0.25253808,1.0,0.4841982,-0.15612666,-0.005723114,0.0005920223,-0.006019125,1.7465739,0.97715735,0.02284264,0.2753807,0.0
892928,2301.4243398642884,9.0,372.6805,500.0,202.12561,-1.0,-0.25283018,1.0,0.48393193,-0.15687783,-0.0032149942,0.00052658736,-0.0034782877,1.743922,0.9773585,0.02264151,0.2754717,0.0
901120,2348.190537840873,9.0,372.89035,500.0,202.11565,-1.0,-0.25249168,1.0,0.48331162,-0.15717676,-0.00302786,0.00039553212,-0.0032256262,1.7464609,0.97757477,0.02242525,0.27491695,0.0
909312,2304.6861459740026,9.0,373.58228,500.0,201.79868,-1.0,-0.251134,1.0,0.4822881,-0.15642603,-0.003520199,0.0002206059,-0.0036305021,1.7523439,0.97773194,0.022268042,0.27340207,0.0
917504,2308.0210837584946,9.0,374.065,500.0,201.57085,-1.0,-0.25061324,1.0,0.48162222,-0.1560143,-0.0041000154,0.00040191575,-0.0043009734,1.7523258,0.97792315,0.02207686,0.27269012,0.0
925696,2315.5940384995374,9.0,374.35104,500.0,201.50177,-1.0,-0.25010133,1.0,0.48096624,-0.15609379,-0.0040244036,0.0005242644,-0.004286536,1.7477044,0.9781111,0.021888934,0.27199027,0.0
933888,2340.3040802858463,9.0,374.8346,500.0,201.243,-1.0,-0.24949698,1.0,0.4803218,-0.15557285,-0.0027236533,0.00045853932,-0.002952923,1.7444193,0.97826964,0.021730382,0.27122736,0.0
942080,2303.734281670939,9.0,375.20407,500.0,201.1119,-1.0,-0.24880192,1.0,0.47961494,-0.15542686,-0.0035591358,0.00035803329,-0.003738153,1.7323726,0.9784345,0.021565495,0.2703674,0.0
950272,2302.2363802350565,9.0,375.56442,500.0,200.98839,-1.0,-0.24811733,1.0,0.47891676,-0.15531446,-0.0042361827,0.0003027458,-0.0043875556,1.7317638,0.9785969,0.021403091,0.2695204,0.0
958464,2301.769225111127,9.0,375.7975,500.0,200.91869,-1.0,-0.2477389,1.0,0.4783658,-0.15532143,-0.002895618,0.00050844287,-0.0031498391,1.7310433,0.97876525,0.021234762,0.26897365,0.0
966656,2316.455933506152,9.0,375.5908,500.0,201.13565,-1.0,-0.2482463,1.0,0.47823521,-0.15627424,-0.0048046457,0.0005526876,-0.0050809896,1.7344056,0.97895557,0.021044428,0.26929072,0.0
974848,2320.633041095239,9.0,375.80975,500.0,201.08348,-1.0,-0.24787316,1.0,0.477698,-0.15635207,-0.003772947,0.00033387885,-0.0039398866,1.7344899,0.97911835,0.020881671,0.26875484,0.0
983040,2309.298193020893,9.0,376.16168,500.0,200.89915,-1.0,-0.24731183,1.0,0.47709888,-0.15595984,-0.0038954923,0.00054488506,-0.0041679353,1.7285075,0.97926265,0.020737328,0.26804915,0.0
991232,2301.6722397792682,9.0,376.31354,500.0,200.83894,-1.0,-0.24495238,1.0,0.47789046,-0.15467897,-0.0027328017,0.0005248812,-0.002995242,1.72007,0.97828573,0.021714285,0.26666668,0.0
999424,2304.754320977717,9.0,376.25955,500.0,200.94206,-1.0,-0.24518323,1.0,0.4776359,-0.15524337,-0.004005151,0.0006156051,-0.0043129534,1.7143866,0.9784662,0.021533811,0.26671705,0.0
1007616,2304.9041346444556,9.0,376.05096,500.0,201.10526,-1.0,-0.2435369,1.0,0.47873512,-0.15425222,-0.0021052673,0.0008536781,-0.0025321064,1.7109666,0.9775197,0.02248033,0.26601723,0.0
1015808,2348.1128688225913,9.0,376.1821,500.0,201.09415,-1.0,-0.24266072,1.0,0.4786573,-0.15383679,-0.002986931,0.0006352876,-0.0033045749,1.7043374,0.9773318,0.022668153,0.26532888,0.0
1024000,2306.8338168031028,9.0,376.34464,500.0,201.06105,-1.0,-0.2409594,1.0,0.4789493,-0.1526909,-0.006388504,0.00047991148,-0.0066284603,1.7034277,0.97675276,0.023247233,0.26420665,0.0
1032192,2314.540061349251,9.0,376.6823,500.0,200.92361,-1.0,-0.24038109,1.0,0.4782978,-0.15250835,-0.004007353,0.00029251503,-0.00415361,1.6971679,0.97691464,0.02308538,0.26346648,0.0
1040384,2303.6894892562173,9.0,376.36758,500.0,201.17854,-1.0,-0.24119143,1.0,0.4783162,-0.15354095,-0.0056503974,0.0005595156,-0.0059301555,1.6914634,0.97711587,0.022884127,0.26407555,0.0
1048576,2304.986857449833,9.0,376.4137,500.0,201.13402,-1.0,-0.24144144,1.0,0.47807205,-0.1536185,-0.004472196,0.0007156482,-0.0048300205,1.6837193,0.9772973,0.022702703,0.26414415,0.0
1056768,2343.5533797113985,9.0,376.6422,500.0,201.03725,-1.0,-0.24042934,1.0,0.47793213,-0.15333518,-0.003124807,0.00048656657,-0.0033680904,1.6759574,0.977102,0.022898031,0.26332736,0.0
1064960,2303.542613248206,9.0,376.71957,500.0,200.99525,-1.0,-0.23926163,1.0,0.47840762,-0.15309353,-0.0018012417,0.0007409927,-0.002171738,1.6707983,0.97657084,0.02342918,0.2626908,0.0
1073152,2321.346713472291,9.0,376.84305,500.0,200.96219,-1.0,-0.23915344,1.0,0.47803757,-0.15318803,-0.0019395665,0.00034288122,-0.0021110072,1.6645844,0.97671956,0.023280423,0.26243386,0.0
1081344,2306.579229552365,9.0,377.19684,500.0,200.82375,-1.0,-0.23852889,1.0,0.4773547,-0.15302263,-0.0038300706,0.00021387673,-0.003937009,1.6599466,0.97688264,0.023117337,0.26164624,0.0
1089536,2303.7691900707864,9.0,377.64844,500.0,200.59612,-1.0,-0.23703445,1.0,0.47695938,-0.1520753,-0.002586421,0.0003500616,-0.002761452,1.6531595,0.97667944,0.02332057,0.26035503,0.0
1097728,2303.430962946725,9.0,378.02042,500.0,200.38927,-1.0,-0.23582296,1.0,0.4766936,-0.15111308,-0.0023981298,0.00046595337,-0.0026311064,1.6399742,0.97648686,0.02351314,0.2593361,0.0
1105920,2300.7017574120523,9.0,377.87787,500.0,200.49919,-1.0,-0.23636363,1.0,0.47660372,-0.15166903,-0.0037584105,0.00053838885,-0.004027605,1.6329596,0.9766724,0.023327615,0.25969124,0.0
1114112,2303.1538143091557,9.0,378.17758,500.0,200.37979,-1.0,-0.23585549,1.0,0.47600505,-0.15153542,-0.0054210997,0.00046562144,-0.0056539103,1.6287905,0.97682345,0.02317655,0.25903204,0.0
1122304,2306.8812096850806,9.0,378.05615,500.0,200.46733,-1.0,-0.2364682,1.0,0.47598228,-0.1520703,-0.0055843964,0.00050000957,-0.0058344016,1.6216494,0.97699594,0.023004059,0.25947225,0.0
1130496,2303.1037956994637,9.0,377.9406,500.0,200.57176,-1.0,-0.23691276,1.0,0.47583893,-0.15257333,-0.0037601711,0.00034564314,-0.0039329925,1.617649,0.9771812,0.022818793,0.25973153,0.0
1138688,2302.2963884762084,9.0,377.993,500.0,200.60376,-1.0,-0.23692103,1.0,0.47550783,-0.1528997,-0.004097064,0.00053933554,-0.004366732,1.6100484,0.9773409,0.022659114,0.25958014,0.0
1146880,2310.354391159156,9.0,378.08838,500.0,200.53476,-1.0,-0.23634557,1.0,0.47556973,-0.15270394,-0.0012707453,0.00067953416,-0.0016105126,1.6071168,0.97715986,0.02284012,0.2591857,0.0
1155072,2322.60376193022,9.0,378.50015,500.0,200.33601,-1.0,-0.23560382,1.0,0.47487295,-0.15229884,-0.005098477,0.0003291854,-0.00526307,1.6036086,0.97729516,0.022704838,0.25830865,0.0
1163264,2308.7322932625693,9.0,378.66428,500.0,200.2979,-1.0,-0.23537104,1.0,0.47443047,-0.15240583,-0.0026070094,0.00052219356,-0.0028681061,1.5986997,0.97744364,0.02255639,0.25792742,0.0
1171456,2303.547864012945,9.0,378.67596,500.0,200.35585,-1.0,-0.23548491,1.0,0.4741238,-0.15282285,-0.00368036,0.0005440236,-0.003952372,1.5967621,0.97761923,0.022380797,0.25786573,0.0
1179648,2343.7055623118363,9.0,379.06128,500.0,200.14653,-1.0,-0.23508546,1.0,0.4736265,-0.15240847,-0.007069717,0.00031647334,-0.0072279554,1.5953748,0.9777491,0.022250887,0.25733635,0.0
1187840,2329.511849515643,9.0,378.70795,500.0,200.37389,-1.0,-0.23544466,1.0,0.47412673,-0.15321203,-0.0019395407,0.0008963891,-0.002387735,1.5914954,0.9776072,0.022392834,0.2578375,0.0
1196032,2301.7137158128266,9.0,379.09607,500.0,200.19263,-1.0,-0.23473282,1.0,0.4734581,-0.15286857,-0.004708069,0.00025893454,-0.0048375367,1.5807962,0.97773534,0.022264631,0.25699747,0.0
1204224,2304.4760810194502,9.0,379.40707,500.0,200.05788,-1.0,-0.23419721,1.0,0.4728601,-0.15267195,-0.0042037806,0.00031007128,-0.004358816,1.5760988,0.9778761,0.022123894,0.2563211,0.0
1212416,2301.7167995924938,9.0,379.89447,500.0,199.78966,-1.0,-0.23335427,1.0,0.47209102,-0.15207988,-0.0047500255,0.00040408794,-0.0049520694,1.5756257,0.97801507,0.021984925,0.2553392,0.0
1220608,2303.2868990912675,9.0,379.60504,500.0,200.01468,-1.0,-0.23410225,1.0,0.47216445,-0.15293662,-0.0032381602,0.0008024042,-0.0036393618,1.5675122,0.9781796,0.021820448,0.2559227,0.0
1228800,2312.086427471564,9.0,379.9783,500.0,199.83806,-1.0,-0.23341599,1.0,0.4715192,-0.15260333,-0.005204723,0.00016006923,-0.0052847574,1.5636027,0.9783013,0.021698698,0.2551147,0.0
1236992,2303.4888715030916,9.0,380.35266,500.0,199.6532,-1.0,-0.23273736,1.0,0.47087926,-0.15223192,-0.0053430134,0.00021192727,-0.005448977,1.5672215,0.9784217,0.021578299,0.25431567,0.0
1245184,2301.3549744508136,9.0,380.7155,500.0,199.48274,-1.0,-0.23206621,1.0,0.47024453,-0.15192457,-0.0059686536,0.00032400017,-0.0061306534,1.566896,0.9785408,0.021459227,0.25352544,0.0
1253376,2301.156766560803,9.0,380.8571,500.0,199.44705,-1.0,-0.23187082,1.0,0.46985495,-0.1520127,-0.0034662285,0.00048566415,-0.0037090606,1.5641583,0.97867155,0.021328459,0.25319928,0.0
1261568,2318.5760088446655,9.0,381.43176,500.0,199.13293,-1.0,-0.23044269,1.0,0.46946272,-0.15127297,-0.0017189665,0.00036409753,-0.0019010153,1.5618968,0.9784718,0.0215282,0.2519709,0.0
1269760,2301.008364188912,9.0,381.89383,500.0,198.89317,-1.0,-0.2295626,1.0,0.46872082,-0.15075667,-0.0023326797,0.00020924358,-0.0024373014,1.5559132,0.9785822,0.021417798,0.2509804,0.0
1277952,2302.4272141999995,9.0,382.0951,500.0,198.7577,-1.0,-0.22885422,1.0,0.4686911,-0.15009417,-0.0020566068,0.00062484003,-0.0023690267,1.5500286,0.97840434,0.021595681,0.2504499,0.0
1286144,2355.5556173470854,9.0,382.4524,500.0,198.54044,-1.0,-0.22829007,1.0,0.4681303,-0.1496284,-0.006181091,0.00040321003,-0.0063826963,1.5380088,0.9785139,0.021486124,0.24977618,0.0
1294336,2309.9024151571625,9.0,382.9148,500.0,198.2822,-1.0,-0.22743468,1.0,0.4674008,-0.14903891,-0.002560812,0.00017241182,-0.002647018,1.531925,0.9786223,0.021377672,0.24881235,0.0
1302528,2331.5459392350804,9.0,382.88736,500.0,198.32793,-1.0,-0.22707166,1.0,0.46750966,-0.14886369,-0.002903905,0.0007295028,-0.0032686563,1.5179185,0.9784724,0.021527573,0.24859923,0.0
1310720,2306.8064041622733,9.0,383.3212,500.0,198.06761,-1.0,-0.22645937,1.0,0.46690825,-0.1483458,-0.006387327,0.00031629333,-0.006545474,1.5014327,0.9785861,0.021413904,0.24787328,0.0
1318912,2311.2467473797487,9.0,383.75803,500.0,197.83713,-1.0,-0.22562756,1.0,0.4661921,-0.14786842,-0.004438202,0.00013172139,-0.0045040622,1.4913235,0.97869235,0.021307647,0.2469352,0.0
1327104,2308.6452683094903,9.0,383.8964,500.0,197.77269,-1.0,-0.22547881,1.0,0.46583912,-0.1478166,-0.005175104,0.00031094643,-0.005330577,1.4862403,0.97881603,0.02118398,0.2466628,0.0
1335296,2303.5137344700192,9.0,383.79926,500.0,197.85338,-1.0,-0.2252668,1.0,0.46605778,-0.14773479,-0.0025418533,0.0006212528,-0.0028524797,1.4854038,0.9786559,0.021344101,0.24661091,0.0
1343488,2303.6567455585714,9.0,384.0522,500.0,197.74095,-1.0,-0.2248351,1.0,0.46554017,-0.14760324,-0.0040965285,0.0003261934,-0.004259626,1.4849644,0.9787783,0.02122168,0.24605678,0.0
1351680,2306.9436287720764,9.0,384.40817,500.0,197.55814,-1.0,-0.22361666,1.0,0.46518388,-0.14680104,-0.0038034192,0.00040393384,-0.004005386,1.4789488,0.9786081,0.0213919,0.24500856,0.0
1359872,2301.719112432667,9.0,384.204,500.0,197.7442,-1.0,-0.22414282,1.0,0.46519652,-0.14753039,-0.0042951037,0.0005864583,-0.004588333,1.4667149,0.97874755,0.02125248,0.2453953,0.0
1368064,2304.569129350494,9.0,384.2248,500.0,197.7639,-1.0,-0.22366197,1.0,0.4652464,-0.14742576,-0.003867031,0.00048964063,-0.0041118516,1.4627637,0.97859156,0.02140845,0.24507043,0.0
1376256,2302.8038839938295,9.0,384.43765,500.0,197.6713,-1.0,-0.22331186,1.0,0.46479312,-0.14733689,-0.0041634412,0.00018804998,-0.0042574666,1.4596782,0.9787055,0.02129448,0.24460633,0.0
1384448,2303.26049705893,9.0,384.65247,500.0,197.57204,-1.0,-0.22296543,1.0,0.46434394,-0.14721967,-0.004834024,0.00034092853,-0.0050044884,1.4610972,0.9788183,0.021181718,0.24414715,0.0
1392640,2309.4110337321085,9.0,384.88635,500.0,197.47464,-1.0,-0.22256097,1.0,0.4638493,-0.14714563,-0.0055725053,0.00012602005,-0.005635515,1.4650701,0.9789357,0.021064302,0.24362528,0.0
1400832,2303.795449298849,9.0,385.22498,500.0,197.2997,-1.0,-0.22194651,1.0,0.4632431,-0.1468281,-0.0036167775,0.00013721628,-0.0036853855,1.468576,0.97904605,0.020953957,0.24290048,0.0
1409024,2304.733759837535,9.0,385.59952,500.0,197.09218,-1.0,-0.22124623,1.0,0.46262318,-0.1463925,-0.0037767298,0.00020316358,-0.0038783117,1.4658803,0.9791381,0.020861927,0.24210815,0.0
1417216,2302.8784301487954,9.0,385.84357,500.0,196.96329,-1.0,-0.22085722,1.0,0.46214214,-0.14617833,-0.0026769666,0.00031536398,-0.0028346486,1.4667757,0.979252,0.020748021,0.24160524,0.0
1425408,2315.4848058293514,9.0,386.3709,500.0,196.66022,-1.0,-0.21983695,1.0,0.46131665,-0.14550306,-0.005399257,9.915834e-05,-0.005448836,1.4674823,0.9793478,0.020652173,0.24048913,0.0
1433600,2324.7075854852433,9.0,386.74323,500.0,196.44148,-1.0,-0.21915585,1.0,0.46070826,-0.14502575,-0.0036925003,0.00010145822,-0.00374323,1.459779,0.97943723,0.02056277,0.23971862,0.0
1441792,2304.069816797561,9.0,386.97498,500.0,196.32097,-1.0,-0.21878363,1.0,0.46024078,-0.14484128,-0.005770032,0.0002747146,-0.0059073893,1.4509723,0.9795479,0.020452099,0.23923574,0.0
1449984,2302.66221330012,9.0,386.8657,500.0,196.44106,-1.0,-0.21910113,1.0,0.4601731,-0.1453574,-0.0053902,0.00038704422,-0.0055837217,1.448209,0.97966826,0.020331727,0.23943286,0.0
1458176,2304.51193928705,9.0,386.83398,500.0,196.48305,-1.0,-0.21894121,1.0,0.4604067,-0.1452342,-0.002796211,0.0008332659,-0.0032128443,1.4450257,0.97951585,0.020484172,0.23942538,0.0
1466368,2303.854920940162,9.0,386.26202,500.0,196.88878,-1.0,-0.219757,1.0,0.4611597,-0.14607346,-0.0026679086,0.0009019442,-0.0031188808,1.4396803,0.9793978,0.020602219,0.24035922,0.0
1474560,2346.297296022006,9.0,386.4465,500.0,196.81325,-1.0,-0.21944809,1.0,0.46074864,-0.146039,-0.0042630937,0.00020226781,-0.0043642274,1.4311557,0.97950065,0.020499343,0.23994744,0.0
1482752,2321.7349335587514,9.0,386.8242,500.0,196.6049,-1.0,-0.21821035,1.0,0.46036312,-0.1451575,-0.0021887063,0.00021220304,-0.0022948077,1.4266827,0.9793302,0.020669807,0.23888017,0.0
1490944,2313.410095324533,9.0,387.29468,500.0,196.32942,-1.0,-0.21756123,1.0,0.4597778,-0.14455418,-0.004042123,0.00041245966,-0.004248353,1.4272603,0.9794164,0.020583637,0.23814486,0.0
1499136,2305.9683874561074,9.0,387.38388,500.0,196.30638,-1.0,-0.2174702,1.0,0.45948967,-0.14464529,-0.0013477362,0.00055525627,-0.0016253642,1.42547,0.97952306,0.020476932,0.23794712,0.0
1507328,2302.7696221626243,9.0,387.48093,500.0,196.26787,-1.0,-0.21738009,1.0,0.45920435,-0.14467305,-0.003035605,0.00056271325,-0.0033169617,1.4256127,0.9796287,0.020371325,0.23775142,0.0
1515520,2306.209218128043,9.0,387.94324,500.0,195.99643,-1.0,-0.2164869,1.0,0.4584709,-0.14407861,-0.004399873,0.00014659094,-0.0044731684,1.4228026,0.97971237,0.020287622,0.23677452,0.0
1523712,2303.623385012617,9.0,388.23874,500.0,195.80914,-1.0,-0.21600205,1.0,0.45796692,-0.1436791,-0.0036482608,0.00037305497,-0.0038347882,1.4209116,0.9798057,0.020194273,0.23619632,0.0
1531904,2345.497591136518,9.0,388.5229,500.0,195.61821,-1.0,-0.21566632,1.0,0.45753413,-0.14334121,-0.0028777402,0.00024295104,-0.0029992154,1.4115392,0.97990847,0.020091556,0.23575789,0.0
1540096,2306.0165186133727,9.0,388.73203,500.0,195.50644,-1.0,-0.21533401,1.0,0.45710507,-0.14317739,-0.0036895233,0.0003515933,-0.0038653198,1.4018612,0.9800101,0.019989878,0.23532389,0.0
1548288,2334.50761917477,9.0,388.80588,500.0,195.49765,-1.0,-0.21424975,1.0,0.45730984,-0.14246939,-0.0034138658,0.00053950056,-0.0036836162,1.3937522,0.9796072,0.02039275,0.23464249,0.0
1556480,2309.0283202867085,9.0,389.05264,500.0,195.34346,-1.0,-0.21353383,1.0,0.45720878,-0.1422097,-0.0032792874,0.0007150424,-0.0036368088,1.3892777,0.9794486,0.020551378,0.23408522,0.0
1564672,2312.5241614175693,9.0,389.30887,500.0,195.20909,-1.0,-0.21307385,1.0,0.45671824,-0.14200453,-0.00667642,0.0002567432,-0.0068047913,1.3860197,0.97954094,0.020459082,0.23353294,0.0
1572864,2304.250601366372,9.0,389.58707,500.0,195.01173,-1.0,-0.21291925,1.0,0.45643178,-0.14163138,-0.003070053,0.0004291523,-0.0032846287,1.390233,0.9796273,0.02037267,0.23329192,0.0
1581056,2312.4679765502115,9.0,390.0334,500.0,194.71317,-1.0,-0.21216618,1.0,0.45574728,-0.14099713,-0.002620528,0.00021164946,-0.0027263528,1.3868252,0.97972304,0.020276954,0.23244312,0.0
1589248,2303.179750739892,9.0,389.925,500.0,194.81912,-1.0,-0.21249385,1.0,0.4557134,-0.1414287,-0.0029143312,0.0008546725,-0.0033416674,1.3814565,0.97983277,0.02016724,0.2326611,0.0
1597440,2334.133985066184,9.0,389.8987,500.0,194.87892,-1.0,-0.2126254,1.0,0.45556897,-0.14175291,-0.0051321234,0.00046506495,-0.005364656,1.3902194,0.97993636,0.020063616,0.23268901,0.0
1605632,2322.9768544963704,9.0,390.2473,500.0,194.66458,-1.0,-0.2119883,1.0,0.4549838,-0.14130177,-0.003460181,0.00025491221,-0.0035876373,1.3970971,0.9800195,0.019980507,0.2319688,0.0
1613824,2316.320697986356,9.0,390.53348,500.0,194.46846,-1.0,-0.21154779,1.0,0.45451272,-0.14090194,-0.0042820396,0.00026778525,-0.004415932,1.395094,0.9801068,0.019893255,0.23144105,0.0
1622016,2361.5930542792516,9.0,390.6776,500.0,194.38365,-1.0,-0.21138996,1.0,0.45418006,-0.14081547,-0.0033120003,0.00062210555,-0.0036230534,1.3960255,0.98021233,0.019787645,0.23117761,0.0
1630208,2301.0954307571606,9.0,391.00745,500.0,194.19212,-1.0,-0.21076664,1.0,0.45360518,-0.14045104,-0.005189319,0.0001754419,-0.0052770404,1.3907081,0.9802932,0.0197068,0.23047344,0.0
1638400,2361.163969792814,9.0,390.97775,500.0,194.25154,-1.0,-0.21090387,1.0,0.45347446,-0.14076439,-0.0033883788,0.0005392007,-0.003657979,1.3925998,0.98039216,0.019607844,0.23051171,0.0
1646592,2306.522559016313,9.0,391.05853,500.0,194.21368,-1.0,-0.21085198,1.0,0.45323554,-0.14080359,-0.004227752,0.00045452078,-0.004455012,1.3911422,0.9804855,0.019514516,0.2303665,0.0
1654784,2303.8563112230504,9.0,391.2021,500.0,194.15524,-1.0,-0.2106136,1.0,0.45288944,-0.14080615,-0.00580104,0.00035674783,-0.0059794136,1.3885038,0.9805733,0.019426676,0.23004028,0.0
1662976,2303.0363357689,9.0,391.52335,500.0,193.96793,-1.0,-0.21000472,1.0,0.45232758,-0.14045261,-0.004539525,0.00016614656,-0.0046225986,1.3846674,0.98065126,0.01934875,0.22935347,0.0
1671168,2319.5134039665195,9.0,391.38614,500.0,194.06483,-1.0,-0.2100939,1.0,0.45268264,-0.1404259,-0.004359056,0.0006725393,-0.004695325,1.3828213,0.98051643,0.019483568,0.22957747,0.0
1679360,2307.0471001083433,9.0,391.6309,500.0,193.91382,-1.0,-0.2092099,1.0,0.45245087,-0.13980812,-0.0046279565,0.0002904104,-0.004773162,1.3874484,0.9803647,0.019635344,0.22884525,0.0
1687552,2347.019468729382,9.0,391.62006,500.0,193.92206,-1.0,-0.20939972,1.0,0.4523709,-0.13996844,-0.0042574885,0.00047655051,-0.004495764,1.3843143,0.98045605,0.019543974,0.22894369,0.0
1695744,2357.544712932439,9.0,391.87445,500.0,193.77985,-1.0,-0.2089414,1.0,0.45188585,-0.13973849,-0.0039219353,0.0002267012,-0.004035286,1.383082,0.98054206,0.019457957,0.22839935,0.0
1703936,2304.7329868694956,9.0,392.12616,500.0,193.63925,-1.0,-0.20848708,1.0,0.45140404,-0.13951303,-0.004238712,0.00031768924,-0.004397557,1.3894535,0.9806273,0.019372694,0.22785978,0.0
1712128,2302.353160077482,9.0,392.2691,500.0,193.56787,-1.0,-0.20826636,1.0,0.4510741,-0.13945052,-0.0025529545,0.0004526306,-0.0027792696,1.3916873,0.9807118,0.019288175,0.22755453,0.0
1720320,2304.213824087225,9.0,392.32663,500.0,193.5553,-1.0,-0.20822857,1.0,0.45085412,-0.13954245,-0.002492257,0.00024928292,-0.0026168986,1.3922355,0.9808,0.0192,0.22742857,0.0
1728512,2349.708682321754,9.0,392.3999,500.0,193.54306,-1.0,-0.20814377,1.0,0.4505957,-0.1396656,-0.0041739712,0.00037762386,-0.0043627834,1.3830767,0.9808917,0.01910828,0.22725205,0.0
1736704,2319.7172926316616,8.0,392.41486,500.0,193.54298,-1.0,-0.20833333,1.0,0.4505264,-0.13983856,-0.004278233,0.00042650194,-0.0044914843,1.3746227,0.98097825,0.019021738,0.22735508,0.0
1744896,2303.126797814962,8.0,392.6124,500.0,193.39511,-1.0,-0.20811725,1.0,0.45020548,-0.13958429,-0.0023883507,0.00038105805,-0.0025788797,1.3711331,0.98105973,0.018940248,0.2270575,0.0
1753088,2344.6789111790517,8.0,392.8271,500.0,193.27988,-1.0,-0.20772512,1.0,0.4497808,-0.13942434,-0.004198933,0.00034027357,-0.0043690703,1.3742118,0.9811363,0.018863687,0.22658882,0.0
1761280,2304.4604706567716,8.0,392.71286,500.0,193.38861,-1.0,-0.2080447,1.0,0.44978213,-0.13983041,-0.0043178694,0.00040383445,-0.004519786,1.3728565,0.98122907,0.01877095,0.22681564,0.0
1769472,2353.7062708391245,8.0,392.82907,500.0,193.32773,-1.0,-0.20787892,1.0,0.44950724,-0.13977449,-0.0033117193,0.0004033888,-0.0035134137,1.3712093,0.9813042,0.01869575,0.22657467,0.0
1777664,2311.3638211897573,8.0,393.0738,500.0,193.18,-1.0,-0.20744681,1.0,0.44905087,-0.13950405,-0.0043735267,0.00032762942,-0.004537341,1.3635978,0.98138297,0.01861702,0.22606383,0.0
1785856,2303.434977846029,8.0,393.211,500.0,193.10571,-1.0,-0.20723902,1.0,0.4487415,-0.13941967,-0.0036254108,0.00043439487,-0.003842608,1.3612,0.98146105,0.018538954,0.22577797,0.0
1794048,2356.1456761929003,8.0,393.3354,500.0,193.0453,-1.0,-0.20725274,1.0,0.44857788,-0.13939723,-0.0031242142,0.0005246344,-0.0033865313,1.3632549,0.9815385,0.018461538,0.22571428,0.0
1802240,2311.8442122714378,8.0,393.4769,500.0,192.96132,-1.0,-0.20704749,1.0,0.44827265,-0.1392855,-0.0026583406,0.00030099292,-0.0028088368,1.3596567,0.98161525,0.018384768,0.22543226,0.0
1810432,2305.9693160124816,8.0,393.21826,500.0,193.11057,-1.0,-0.2069266,1.0,0.44896835,-0.13919166,-0.00064977206,0.00086720195,-0.0010833731,1.3557074,0.9812677,0.018732302,0.2256589,0.0
1818624,2304.4618616706052,8.0,393.29422,500.0,193.08113,-1.0,-0.20641804,1.0,0.44892904,-0.1388412,-0.005187958,0.0005311066,-0.005453512,1.3514043,0.98113614,0.018863833,0.22528188,0.0
1826816,2302.533058153073,8.0,393.49847,500.0,192.96977,-1.0,-0.20604752,1.0,0.44852304,-0.13868634,-0.0032903955,0.00018916301,-0.0033849769,1.3520937,0.9812095,0.018790497,0.22483802,0.0
1835008,2304.1999170186646,8.0,393.67392,500.0,192.84554,-1.0,-0.20585072,1.0,0.4482227,-0.13850743,-0.0050884085,0.0003682432,-0.00527253,1.3508449,0.9812863,0.018713702,0.22456442,0.0
1843200,2303.700455513972,8.0,393.6377,500.0,192.9009,-1.0,-0.20599572,1.0,0.44813007,-0.13877429,-0.0036340398,0.00045671075,-0.003862395,1.350075,0.98137045,0.018629551,0.22462527,0.0
1851392,2314.3352111069,8.0,393.8024,500.0,192.82173,-1.0,-0.20571306,1.0,0.44775832,-0.13871993,-0.004670528,0.00020894062,-0.004774999,1.3496418,0.98145384,0.018546153,0.22425921,0.0
1859584,2303.5259345072286,8.0,393.9862,500.0,192.71248,-1.0,-0.20539507,1.0,0.4473995,-0.13853683,-0.0058811037,0.00021709569,-0.005989651,1.3506063,0.98152083,0.018479185,0.22387426,0.0
1867776,2302.5517284313896,8.0,394.235,500.0,192.5627,-1.0,-0.20452623,1.0,0.44712445,-0.13795727,-0.0009873642,0.00038479167,-0.0011797601,1.3491533,0.9813875,0.01861252,0.22313875,0.0
1875968,2307.5681604478596,8.0,394.2068,500.0,192.60008,-1.0,-0.20425352,1.0,0.44723102,-0.1378165,-0.0027739098,0.0006260935,-0.0030869567,1.3427228,0.9812592,0.018740788,0.22299431,0.0
1884160,2303.0520812114896,8.0,394.15665,500.0,192.65141,-1.0,-0.20444538,1.0,0.44718212,-0.13804126,-0.0042803553,0.0006592604,-0.004609986,1.3372138,0.9813378,0.018662194,0.22310758,0.0
1892352,2303.200438549863,8.0,394.18643,500.0,192.63995,-1.0,-0.20417537,1.0,0.44728747,-0.13816385,-0.002051053,0.00046348045,-0.0022827932,1.3385762,0.9812108,0.018789144,0.22296451,0.0
1900544,2304.1291480927252,8.0,394.20453,500.0,192.627,-1.0,-0.20390771,1.0,0.4473917,-0.13790208,-0.0037221576,0.0006113952,-0.004027855,1.3368759,0.981085,0.018914986,0.2228227,0.0
1908736,2330.949634348148,8.0,394.18747,500.0,192.67096,-1.0,-0.20401406,1.0,0.44726962,-0.13814867,-0.005398785,0.0005424619,-0.005670016,1.3311405,0.98117113,0.018828886,0.22284296,0.0
1916928,2305.1909839778614,8.0,394.48154,500.0,192.48912,-1.0,-0.2034632,1.0,0.44674823,-0.13780296,-0.0031802165,0.0001637897,-0.0032621115,1.3246377,0.981241,0.01875902,0.22222222,0.0
1925120,2344.3400825506014,8.0,394.3092,500.0,192.61937,-1.0,-0.20311859,1.0,0.44723943,-0.13776524,-0.0042407326,0.00074546726,-0.0046134656,1.3184702,0.9809192,0.019080836,0.22219943,0.0
1933312,2356.981923951221,8.0,394.24142,500.0,192.67203,-1.0,-0.20343137,1.0,0.44725525,-0.1380525,-0.0043566274,0.00081524363,-0.004764249,1.3177475,0.9810049,0.018995099,0.22242647,0.0
1941504,2302.880127943525,8.0,394.41376,500.0,192.52652,-1.0,-0.2034174,1.0,0.44707316,-0.13783938,-0.003992127,0.00089544937,-0.004439851,1.3234022,0.9810822,0.01891782,0.22233523,0.0
1949696,2302.4003690301474,8.0,394.60498,500.0,192.41556,-1.0,-0.20308067,1.0,0.44669512,-0.13766733,-0.0048545743,0.00022740214,-0.004968275,1.3171047,0.9811512,0.018848805,0.22192948,0.0
1957888,2303.964603967865,8.0,394.68677,500.0,192.36583,-1.0,-0.20302725,1.0,0.4464807,-0.13765793,-0.0020545148,0.00036781616,-0.0022384226,1.3099065,0.9812311,0.01876892,0.22179617,0.0
1966080,2365.7010916664517,8.0,394.85037,500.0,192.27737,-1.0,-0.20273532,1.0,0.44614258,-0.13754928,-0.005676687,0.00024666378,-0.00580002,1.3065029,0.9812952,0.018704746,0.22144006,0.0
1974272,2348.147369921657,8.0,394.90466,500.0,192.27039,-1.0,-0.20268376,1.0,0.44593185,-0.13766287,-0.004060419,0.00020841075,-0.004164624,1.3019829,0.9813739,0.018626077,0.22130984,0.0
1982464,2306.297762357296,8.0,394.94217,500.0,192.25626,-1.0,-0.20283207,1.0,0.4458557,-0.13777052,-0.005166831,0.0004015686,-0.0053676153,1.295278,0.9814519,0.018548066,0.22138013,0.0
1990656,2305.062936747679,8.0,395.1153,500.0,192.14597,-1.0,-0.20254423,1.0,0.44552314,-0.13757494,-0.003331084,0.00034355395,-0.0035028611,1.2946754,0.98151463,0.01848539,0.22102961,0.0
1998848,2304.0135784949407,8.0,395.44778,500.0,191.93173,-1.0,-0.20190212,1.0,0.44496202,-0.1371388,-0.003617633,0.00016214691,-0.0036987064,1.2983885,0.9815732,0.018426789,0.22032891,0.0
2007040,2302.3926550166675,8.0,395.40942,500.0,191.98308,-1.0,-0.20205209,1.0,0.4448909,-0.13737912,-0.005311791,0.0003473994,-0.00548549,1.2957418,0.9816496,0.018350434,0.22040252,0.0009404761949554086
2015232,2304.2632728017,8.0,395.6919,500.0,191.79797,-1.0,-0.20153362,1.0,0.44439712,-0.13700835,-0.0050593456,0.00031919382,-0.0052189417,1.2977927,0.9817145,0.018285489,0.21981911,0.0009682539966888726
2023424,2303.5469374056634,8.0,395.65225,500.0,191.85022,-1.0,-0.20090072,1.0,0.44468355,-0.1366211,-0.0027118833,0.0007103053,-0.003067036,1.2971216,0.9813981,0.018601919,0.21950264,0.0014325397787615657
2031616,2306.98947720105,8.0,395.90475,500.0,191.69211,-1.0,-0.20042935,1.0,0.44422725,-0.13632907,-0.0049110837,0.00012520736,-0.004973687,1.295,0.9814598,0.018540204,0.21896955,0.0014766574604436755
2039808,2316.31054815138,8.0,396.0879,500.0,191.57747,-1.0,-0.20011668,1.0,0.44387,-0.1361334,-0.0052961535,0.00021368836,-0.005402997,1.292443,0.9815247,0.018475302,0.21859199,0.001782212988473475
2048000,2304.756176136228,8.0,396.3562,500.0,191.40974,-1.0,-0.1992248,1.0,0.44355786,-0.13548845,-0.0030997163,0.0002805818,-0.0032400072,1.2786069,0.98139536,0.018604651,0.21782945,0.0015322129474952817
2056192,2304.5405339639615,8.0,396.3828,500.0,191.41841,-1.0,-0.1988417,1.0,0.4435712,-0.13528328,-0.003991264,0.000530288,-0.004256408,1.2704608,0.9812741,0.018725868,0.21756756,0.0020322129130363464
2064384,2302.0650114541336,8.0,396.21545,500.0,191.54724,-1.0,-0.1993081,1.0,0.44370097,-0.13571598,-0.0035554639,0.0010079665,-0.0040594474,1.2702814,0.9813569,0.01864309,0.21795118,0.0033039520494639874
2072576,2311.0682831712456,8.0,396.39935,500.0,191.42589,-1.0,-0.19862096,1.0,0.44352156,-0.13521615,-0.0022475128,0.00040466926,-0.0024498473,1.2690554,0.98122966,0.01877035,0.2173913,0.0033317299094051123
2080768,2302.141669222202,8.0,396.49655,500.0,191.38347,-1.0,-0.1980916,1.0,0.44343835,-0.13488826,-0.004535499,0.0005392007,-0.004805099,1.2607455,0.9811069,0.01889313,0.21698473,0.003608045633882284
2088960,2307.3946024686757,8.0,396.2605,500.0,191.54985,-1.0,-0.19798593,1.0,0.44403675,-0.13473968,-0.002050744,0.0007871312,-0.0024443096,1.2450032,0.98080945,0.019190576,0.21717651,0.004662393592298031
2097152,2305.4214429713165,8.0,396.2898,500.0,191.55246,-1.0,-0.197615,1.0,0.44404697,-0.13452084,-0.0032543796,0.00049222267,-0.0035004911,1.2382535,0.9806928,0.019307211,0.21692221,0.005162393674254417
2105344,2302.9468069526733,8.0,396.53018,500.0,191.4029,-1.0,-0.19716981,1.0,0.44360393,-0.13425998,-0.001176875,0.00029284993,-0.0013232997,1.2394383,0.98075473,0.019245284,0.21641509,0.005206511355936527
2113536,2314.680858454032,8.0,396.69876,500.0,191.30458,-1.0,-0.19687852,1.0,0.443258,-0.13412656,-0.0062384307,0.00035497156,-0.0064159166,1.2365407,0.9808199,0.019180143,0.21605867,0.00551206711679697
2121728,2321.780587360903,8.0,396.95578,500.0,191.14302,-1.0,-0.1964018,1.0,0.44278553,-0.1338419,-0.004021821,9.862991e-05,-0.004071136,1.2343956,0.98088455,0.019115442,0.21551724,0.005539844743907452
2129920,2302.890932150459,8.0,397.19614,500.0,190.98634,-1.0,-0.19559126,1.0,0.4425137,-0.1332841,-0.001523557,0.00021041802,-0.001628766,1.232945,0.9807584,0.019241547,0.2148328,0.005289844702929258
2138112,2310.8598507304987,7.0,397.3584,500.0,190.89442,-1.0,-0.19530813,1.0,0.442173,-0.1331761,-0.003681982,0.00032515434,-0.0038445592,1.2294817,0.9808229,0.019177062,0.2144852,0.0055954004637897015
2146304,2324.6207675055052,7.0,397.4271,500.0,190.81871,-1.0,-0.19536178,1.0,0.4420571,-0.13308606,-0.0032058437,0.0004857562,-0.003448722,1.2310362,0.9808905,0.019109461,0.21447124,0.0063980319537222385
2154496,2315.172145275328,7.0,397.64374,500.0,190.65718,-1.0,-0.19467553,1.0,0.44184998,-0.13249189,-0.0035585214,0.00046423177,-0.0037906375,1.2235928,0.9807728,0.019227214,0.21390276,0.006411189679056406
2162688,2374.599222375032,7.0,397.94562,500.0,190.4567,-1.0,-0.19410138,1.0,0.4413242,-0.13210113,-0.0014224764,5.2843272e-05,-0.0014488981,1.2186731,0.9808295,0.019170508,0.21327189,0.006161189638078213
2170880,2340.5176989375154,7.0,398.08044,500.0,190.34726,-1.0,-0.19360764,1.0,0.44124633,-0.13167723,-0.0031109173,0.0005345555,-0.0033781952,1.2218162,0.9807127,0.019287288,0.21289493,0.006437505595386028
2179072,2324.726774392006,7.0,398.1382,500.0,190.30547,-1.0,-0.19366649,1.0,0.44113514,-0.13170604,-0.0060689617,0.0005575537,-0.0063477387,1.2227943,0.98077977,0.019220209,0.21288669,0.007240137085318565
2187264,2304.7166000690613,7.0,398.25375,500.0,190.22299,-1.0,-0.19317767,1.0,0.4410579,-0.13127501,-0.0036716051,0.00039903002,-0.00387112,1.2203125,0.980664,0.01933601,0.21251369,0.007516453042626381
2195456,2303.444397472413,7.0,397.93262,500.0,190.47035,-1.0,-0.19360697,1.0,0.44157672,-0.131697,-0.0013719182,0.0011510376,-0.0019474371,1.2201881,0.9805667,0.019433346,0.21304032,0.008933119475841522
2203648,2313.3280128179276,7.0,398.0905,500.0,190.37674,-1.0,-0.19333816,1.0,0.4412466,-0.13157524,-0.0033190087,0.00033706316,-0.00348754,1.2197437,0.98063,0.019370021,0.21270818,0.009238675236701965
2211840,2303.2510789365547,7.0,398.24612,500.0,190.28606,-1.0,-0.1930711,1.0,0.4409182,-0.1314646,-0.0056547676,0.00030286814,-0.005806202,1.2164423,0.98069286,0.019307109,0.2123782,0.009544230997562408
2220032,2322.0592556729703,7.0,398.4172,500.0,190.17653,-1.0,-0.1929509,1.0,0.44068485,-0.13131134,-0.0046577323,0.0003107854,-0.0048131254,1.2215452,0.98075885,0.019241143,0.21219206,0.010083704255521297
2228224,2309.705837496572,7.0,398.56693,500.0,190.04953,-1.0,-0.19279699,1.0,0.44042102,-0.13108574,-0.0056223553,0.00044384893,-0.00584428,1.2292272,0.9808278,0.019172192,0.21196918,0.010583704337477684
2236416,2304.69062901362,7.0,398.3924,500.0,190.19211,-1.0,-0.19325481,1.0,0.44056144,-0.13153274,-0.0069206697,0.00091245654,-0.007376898,1.2288976,0.9809065,0.019093504,0.21234833,0.011855443939566612
2244608,2302.743386314483,7.0,398.47556,500.0,190.15704,-1.0,-0.19313534,1.0,0.4403318,-0.13156444,-0.005463799,0.00031878753,-0.0056231935,1.2287679,0.98097104,0.019028988,0.21216433,0.012394917197525501
2252800,2303.2413521041335,7.0,398.69485,500.0,190.01714,-1.0,-0.1927305,1.0,0.439919,-0.13132824,-0.003104449,0.000108089764,-0.003158494,1.2303963,0.9810284,0.018971631,0.21170212,0.012439034879207611
2260992,2304.166231703919,7.0,398.71237,500.0,190.02696,-1.0,-0.19275619,1.0,0.43978453,-0.13145904,-0.002385674,0.00055058365,-0.0026609658,1.2326044,0.98109543,0.018904593,0.21166077,0.013189034536480904
2269184,2302.7092806056253,7.0,399.03345,500.0,189.81094,-1.0,-0.19214512,1.0,0.43922058,-0.1310423,-0.0015147816,5.9184167e-05,-0.0015443736,1.2361498,0.98115534,0.018844664,0.21098979,0.012939034961163998
2277376,2314.032055649258,7.0,399.14426,500.0,189.73975,-1.0,-0.1909442,1.0,0.43942523,-0.13021113,-0.002297315,0.00047138857,-0.0025330095,1.2360189,0.980695,0.019305019,0.21024922,0.012689035385847092
2285568,2302.325236738931,7.0,399.36465,500.0,189.59024,-1.0,-0.19055118,1.0,0.43901777,-0.12993625,-0.0044292016,0.00013325202,-0.004495827,1.2339122,0.9807524,0.019247593,0.20979877,0.012733153067529202
2293760,2304.2478198504414,7.0,399.51178,500.0,189.50232,-1.0,-0.18960404,1.0,0.43900615,-0.1292275,-0.0031050802,0.00029416324,-0.0032521621,1.23553,0.980464,0.01953602,0.20914006,0.012483153492212296
2301952,2317.116253224161,7.0,399.72348,500.0,189.36613,-1.0,-0.18921739,1.0,0.4386008,-0.12900591,-0.0043741176,9.478445e-05,-0.004421509,1.2290123,0.98052174,0.019478261,0.20869565,0.012527271173894405
2310144,2318.380455067272,7.0,399.92612,500.0,189.22682,-1.0,-0.18900642,1.0,0.43832028,-0.12878586,-0.0031598944,0.00027977602,-0.0032997828,1.2270957,0.98057914,0.019420844,0.20842727,0.012865506112575531
2318336,2352.359454215589,7.0,399.8725,500.0,189.2904,-1.0,-0.18918452,1.0,0.43828586,-0.1290508,-0.005342124,0.0006287949,-0.0056565213,1.2247229,0.9806496,0.01935038,0.2085349,0.013805982656776905
2326528,2302.58289766985,7.0,400.08304,500.0,189.15172,-1.0,-0.18880275,1.0,0.43788546,-0.1288152,-0.0027344953,0.00014520744,-0.0028070996,1.2315788,0.9807063,0.019293712,0.20809647,0.013850100338459015
2334720,2302.9911074106876,7.0,400.24365,500.0,189.0523,-1.0,-0.18853022,1.0,0.43754783,-0.12868315,-0.0024356344,0.0002946228,-0.002582946,1.2440479,0.9807692,0.01923077,0.20776099,0.01412641629576683
2342912,2302.627338439406,7.0,400.3556,500.0,188.97282,-1.0,-0.18805613,1.0,0.43745074,-0.12828308,-0.0014693711,0.00037950103,-0.0016591217,1.2521245,0.98066396,0.01933607,0.2073922,0.014376415871083736
2351104,2303.9853058798476,7.0,400.51868,500.0,188.8442,-1.0,-0.1878519,1.0,0.43717676,-0.12807772,-0.0044578253,0.00027640013,-0.0045960257,1.2521365,0.98072004,0.019279987,0.20713189,0.014714650809764862
2359296,2303.796530574013,7.0,400.66025,500.0,188.7371,-1.0,-0.1873831,1.0,0.43708074,-0.12765835,-0.0043727416,0.00045555845,-0.0046005207,1.2462097,0.98061556,0.019384459,0.20676756,0.014964650385081768
2367488,2304.5362060753964,7.0,400.67447,500.0,188.7427,-1.0,-0.18742587,1.0,0.43696102,-0.12776396,-0.006379272,0.00042531954,-0.0065919315,1.2457917,0.98068124,0.01931876,0.20674463,0.015714650973677635
2375680,2302.9256606451004,7.0,400.79758,500.0,188.66753,-1.0,-0.18688746,1.0,0.4368352,-0.12739694,-0.0044305846,0.0003568796,-0.004609024,1.249107,0.98056775,0.019432241,0.2063197,0.01575876772403717
2383872,2301.6158101042643,7.0,401.01685,500.0,188.5221,-1.0,-0.18648922,1.0,0.4364145,-0.12715551,-0.004007714,0.00012702604,-0.0040712263,1.2403878,0.9806267,0.019373314,0.20586254,0.01578654535114765
2392064,2302.730268614593,7.0,401.15335,500.0,188.4393,-1.0,-0.18626134,1.0,0.43611643,-0.12706156,-0.004695013,0.00043882077,-0.0049144235,1.2329543,0.98068523,0.019314747,0.20557608,0.016092101112008095
2400256,2315.00180889528,7.0,401.35422,500.0,188.30527,-1.0,-0.18589851,1.0,0.43572903,-0.12683956,-0.0049353917,0.00017266787,-0.005021726,1.2302556,0.98074025,0.019259755,0.20515826,0.01613621786236763
2408448,2303.014724727656,7.0,401.38083,500.0,188.3039,-1.0,-0.18558078,1.0,0.43572795,-0.12664907,-0.0027577372,0.00035067045,-0.0029330722,1.2347802,0.9806408,0.019359145,0.20493992,0.016600504517555237
2416640,2302.1532377391986,7.0,401.35938,500.0,188.32126,-1.0,-0.18543157,1.0,0.43584678,-0.12651363,-0.0045328205,0.00044258073,-0.0047541107,1.2286716,0.9805422,0.019457841,0.2048894,0.01730288565158844
2424832,2321.8056898727823,7.0,401.31128,500.0,188.35197,-1.0,-0.1853141,1.0,0.43599424,-0.12635861,-0.0023905253,0.0005972187,-0.0026891348,1.2121658,0.9804409,0.019559091,0.2048732,0.018052885308861732
2433024,2328.917847339628,7.0,401.50958,500.0,188.2187,-1.0,-0.18495868,1.0,0.43561134,-0.12613739,-0.001009916,0.00015809,-0.001088961,1.2047402,0.98049587,0.019504132,0.20446281,0.018097002059221268
2441216,2303.542613248206,7.0,401.76938,500.0,188.03818,-1.0,-0.18447082,1.0,0.4351399,-0.12580469,-0.0027379664,6.2759915e-05,-0.002769346,1.2104378,0.9805473,0.019452687,0.20392351,0.017847001552581787
2449408,2303.7834008728296,7.0,401.8204,500.0,187.9936,-1.0,-0.18452185,1.0,0.43502995,-0.12580895,-0.002221757,0.0004653252,-0.0024544196,1.2209396,0.98061126,0.019388761,0.20391062,0.01859700120985508
2457600,2318.687567495343,7.0,402.0164,500.0,187.85048,-1.0,-0.18430537,1.0,0.43474135,-0.12559006,-0.00461868,0.00028523698,-0.0047612987,1.2313614,0.9806684,0.019331586,0.20363696,0.018902556970715523
2465792,2303.3729028907082,7.0,402.1454,500.0,187.77266,-1.0,-0.18409017,1.0,0.43445423,-0.12551044,-0.0022745868,0.00013413654,-0.002341655,1.2348995,0.9807252,0.019274747,0.20336491,0.019208112731575966
2473984,2336.573803788869,7.0,402.33606,500.0,187.64671,-1.0,-0.18374328,1.0,0.4340788,-0.12531623,-0.0065915184,6.746907e-05,-0.0066252532,1.2355456,0.98077863,0.019221371,0.20296465,0.0192522294819355
2482176,2343.932434200554,7.0,402.4637,500.0,187.56892,-1.0,-0.18353094,1.0,0.43379453,-0.12523498,-0.004679311,0.00012940781,-0.0047440147,1.2414725,0.98083484,0.019165179,0.20269611,0.019557785242795944
2490368,2303.9460652579587,7.0,402.5529,500.0,187.49622,-1.0,-0.18315789,1.0,0.43376672,-0.12488066,-0.0007221103,0.00032839284,-0.0008863068,1.2394118,0.98072875,0.019271255,0.20242915,0.019863341003656387
2498560,2305.234442853266,7.0,402.8204,500.0,187.30807,-1.0,-0.18265504,1.0,0.4332769,-0.1245378,-0.0035423618,5.948954e-05,-0.0035721061,1.2398762,0.9807817,0.019218346,0.20187339,0.019613340497016907
2506752,2302.1901035222904,7.0,402.76132,500.0,187.37428,-1.0,-0.18284243,1.0,0.4332642,-0.12479824,-0.004239238,0.0004858436,-0.0044821594,1.2440213,0.9808466,0.019153388,0.20199582,0.020553816109895706
2514944,2303.390197069403,7.0,402.82285,500.0,187.34958,-1.0,-0.18244544,1.0,0.43320897,-0.12455871,-0.0032974319,0.00025876105,-0.0034268126,1.2381576,0.98074454,0.019255456,0.2017009,0.02083013206720352
2523136,2321.7705465081344,7.0,402.84073,500.0,187.35675,-1.0,-0.18247241,1.0,0.43307945,-0.12468281,-0.00220533,0.00029606884,-0.0023533641,1.22097,0.9808092,0.019190788,0.2016632,0.021532513201236725
2531328,2300.9462658659186,7.0,402.9182,500.0,187.31903,-1.0,-0.18205005,1.0,0.4329964,-0.12440757,-0.0024673794,0.00037301795,-0.0026538884,1.2201375,0.980711,0.019289017,0.20133907,0.021782513707876205
2539520,2302.31011830788,7.0,402.75998,500.0,187.42111,-1.0,-0.1822081,1.0,0.43332347,-0.12439921,-0.003562217,0.0008936678,-0.004009051,1.214202,0.98061955,0.019380461,0.20158856,0.02289615012705326
2547712,2304.700831858452,7.0,402.51425,500.0,187.6131,-1.0,-0.18259494,1.0,0.43379498,-0.12468886,-0.0038930962,0.00073428353,-0.0042602383,1.2056401,0.98053795,0.019462025,0.20205696,0.024246150627732277
2555904,2304.2362302730126,7.0,402.6833,500.0,187.46216,-1.0,-0.1824207,1.0,0.43354702,-0.124416985,-0.0048837033,0.00039704813,-0.0050822278,1.2025142,0.98059016,0.019409815,0.20183052,0.024584386497735977
2564096,2357.669274394995,7.0,402.8227,500.0,187.37337,-1.0,-0.18219006,1.0,0.43324408,-0.12430954,-0.0052020606,0.00028612008,-0.0053451206,1.2042581,0.9806482,0.019351793,0.20154186,0.024860702455043793
2572288,2302.54046450824,7.0,402.7612,500.0,187.42549,-1.0,-0.18218878,1.0,0.43345088,-0.12427009,-0.0025219705,0.00055267016,-0.0027983058,1.2030175,0.98055816,0.019441832,0.2016306,0.025747066363692284
2580480,2302.8807453240474,7.0,402.8493,500.0,187.35492,-1.0,-0.18211661,1.0,0.43326473,-0.12419474,-0.0022539645,0.00030273045,-0.0024053296,1.1976976,0.9806159,0.019384086,0.2015007,0.026286540552973747
2588672,2317.2390795230444,7.0,402.83047,500.0,187.36847,-1.0,-0.18229978,1.0,0.43325266,-0.12434358,-0.0051825764,0.00031353033,-0.0053393412,1.2012271,0.98067933,0.019320661,0.20162044,0.027227016165852547
2596864,2305.888998651353,7.0,402.53586,500.0,187.59926,-1.0,-0.1830177,1.0,0.4336122,-0.12496351,-0.0071143596,0.0008093567,-0.0075190375,1.1960828,0.98075134,0.019248681,0.20226638,0.028852015733718872
2605056,2310.7215382474737,7.0,402.57877,500.0,187.54932,-1.0,-0.18276076,1.0,0.43364382,-0.12469353,-0.0028759027,0.00058607856,-0.0031689415,1.1863933,0.98065615,0.019343857,0.20210461,0.029352014884352684
2613248,2303.140846312842,7.0,402.71503,500.0,187.46367,-1.0,-0.18253356,1.0,0.43334672,-0.124593705,-0.0035236275,0.0002516516,-0.0036494532,1.181268,0.98071283,0.019287147,0.2018207,0.0296283308416605
2621440,2302.7717827885263,7.0,402.89398,500.0,187.34412,-1.0,-0.18220991,1.0,0.4329929,-0.124409765,-0.0018734083,0.00018983611,-0.0019683263,1.1841756,0.9807633,0.019236688,0.2014466,0.029672447592020035
2629632,2304.9568600828206,7.0,402.9075,500.0,187.33879,-1.0,-0.18226449,1.0,0.43289658,-0.1244641,-0.005261495,0.00042022255,-0.005471606,1.1836803,0.9808223,0.019177662,0.20144217,0.030422447249293327
2637824,2310.0636151722047,7.0,402.92245,500.0,187.34946,-1.0,-0.18229087,1.0,0.43277368,-0.124598086,-0.002933072,0.0004998148,-0.0031829788,1.1795661,0.98088396,0.019116072,0.20140694,0.03112482838332653
2646016,2303.0389599943805,7.0,403.04514,500.0,187.26797,-1.0,-0.18209547,1.0,0.43250886,-0.124491,-0.0049852496,0.00024082664,-0.005105662,1.1726407,0.9809364,0.019063596,0.20115906,0.031430382281541824
2654208,2365.025980586403,7.0,403.28116,500.0,187.10092,-1.0,-0.18165222,1.0,0.43207532,-0.12418796,-0.0025644104,7.67975e-05,-0.0026028096,1.1733729,0.9809828,0.019017192,0.20066941,0.031180381774902344
2662400,2302.262296006851,7.0,403.5148,500.0,186.93364,-1.0,-0.18136288,1.0,0.431755,-0.12388748,-0.0043941992,0.00023965754,-0.004514029,1.1722232,0.981029,0.018971013,0.2003339,0.03124288097023964
2670592,2311.9498348820575,7.0,403.74854,500.0,186.76732,-1.0,-0.18092354,1.0,0.43132395,-0.12358737,-0.0033178122,0.00015445746,-0.003395041,1.1727296,0.9810749,0.018925056,0.19984859,0.03099288046360016
2678784,2306.6215020113946,7.0,403.9811,500.0,186.60136,-1.0,-0.18048634,1.0,0.43089405,-0.12328872,-0.004255231,0.0001319845,-0.004321223,1.1764643,0.9811207,0.018879324,0.19936566,0.030742879956960678
2686976,2327.5631344791677,7.0,404.00693,500.0,186.5798,-1.0,-0.18054509,1.0,0.43080565,-0.12333594,-0.004433182,0.0004057415,-0.004636053,1.1753857,0.9811775,0.018822467,0.19936757,0.03149288147687912
2695168,2381.295128641162,7.0,403.84094,500.0,186.71922,-1.0,-0.18097238,1.0,0.43097144,-0.123738624,-0.0054681087,0.00075027824,-0.005843248,1.1808784,0.9812425,0.018757503,0.19972989,0.03276462107896805
2703360,2330.7981550737404,7.0,403.5905,500.0,186.89796,-1.0,-0.1816415,1.0,0.4313034,-0.124211594,-0.004607479,0.0009118307,-0.005063394,1.1819087,0.98131263,0.018687397,0.2003289,0.03431462123990059
2711552,2304.350276785694,7.0,403.4991,500.0,186.95802,-1.0,-0.18196721,1.0,0.43140814,-0.12442762,-0.004932418,0.0006445955,-0.0052547157,1.1737087,0.9813711,0.018628912,0.20059612,0.035493191331624985
2719744,2302.7707024750684,7.0,403.67386,500.0,186.8349,-1.0,-0.18165602,1.0,0.43106934,-0.1242188,-0.006183734,0.00019715329,-0.006282311,1.1651653,0.9814182,0.018581834,0.20023784,0.03553730994462967
2727936,2303.6921149703985,7.0,403.9024,500.0,186.67195,-1.0,-0.18122497,1.0,0.43064833,-0.123924054,-0.0048276996,0.00019044238,-0.0049229213,1.164253,0.98146224,0.018537743,0.19976272,0.03528730943799019
2736128,2304.5448618687815,7.0,404.07263,500.0,186.55496,-1.0,-0.18091716,1.0,0.43031198,-0.12373836,-0.0037244908,0.00025725595,-0.0038531187,1.1666846,0.98150885,0.018491125,0.19940828,0.03533142805099487
2744320,2304.1350195849614,7.0,403.95667,500.0,186.66554,-1.0,-0.18092008,1.0,0.43051735,-0.12385655,-0.003314138,0.00067368645,-0.0036509812,1.162764,0.9814214,0.01857859,0.19949867,0.036217790096998215
2752512,2302.2328322878957,7.0,404.0709,500.0,186.59045,-1.0,-0.18073529,1.0,0.43026605,-0.12376411,-0.0032320516,0.000191527,-0.003327815,1.1593639,0.9814706,0.018529411,0.1992647,0.03652334585785866
2760704,2304.2733173311644,7.0,404.15424,500.0,186.54399,-1.0,-0.18061867,1.0,0.43004686,-0.12375464,-0.0041241813,0.0003044727,-0.004276417,1.1693891,0.9815276,0.018472364,0.19909105,0.036987632513046265
2768896,2304.190645732886,7.0,404.27545,500.0,186.43628,-1.0,-0.18055555,1.0,0.42988065,-0.12359086,-0.004276673,0.0004211123,-0.004487229,1.1687942,0.98157895,0.018421052,0.1989766,0.03752710670232773
2777088,2301.5097421385194,7.0,404.39963,500.0,186.35658,-1.0,-0.1800554,1.0,0.4297291,-0.12327237,-0.002231488,0.00030485186,-0.0023839138,1.1496605,0.9814842,0.018515818,0.19857122,0.037540264427661896
2785280,2335.061947096309,7.0,404.451,500.0,186.33609,-1.0,-0.1797034,1.0,0.4296862,-0.12306593,-0.003249376,0.00037636477,-0.0034375587,1.130065,0.98138994,0.01861006,0.19831346,0.03781658038496971
2793472,2305.6176014174152,7.0,404.39542,500.0,186.39398,-1.0,-0.17988114,1.0,0.42968678,-0.123281285,-0.006368653,0.0004915474,-0.006614427,1.1277399,0.98144656,0.018553413,0.19843456,0.03875705599784851
2801664,2304.9918055441512,7.0,404.5738,500.0,186.27098,-1.0,-0.1795576,1.0,0.42933312,-0.12308862,-0.004593593,0.00011615982,-0.0046516727,1.1319325,0.98149484,0.018505132,0.19806275,0.03878483548760414
2809856,2310.0111217529,7.0,404.62933,500.0,186.24039,-1.0,-0.17949827,1.0,0.42917076,-0.1230948,-0.0041906917,0.0002686366,-0.00432501,1.1304721,0.98154557,0.01845444,0.19795272,0.039324309676885605
2818048,2324.020925546352,7.0,404.8073,500.0,186.11574,-1.0,-0.17917745,1.0,0.42881957,-0.122893795,-0.0014876649,0.0002297181,-0.0016025241,1.1300857,0.9815933,0.018406672,0.19758412,0.039352089166641235
2826240,2304.2731627992785,7.0,404.80585,500.0,186.13113,-1.0,-0.17923717,1.0,0.42874113,-0.12300844,-0.006528641,0.0003314775,-0.0066943797,1.1271588,0.9816461,0.018353885,0.19759105,0.04010209068655968
2834432,2302.1071186102727,7.0,404.86316,500.0,186.09563,-1.0,-0.17889318,1.0,0.42870086,-0.122760944,-0.004107666,0.0005826861,-0.004399009,1.1353488,0.98155296,0.01844702,0.19734019,0.04037840664386749
2842624,2309.3328046112806,7.0,404.92072,500.0,186.0589,-1.0,-0.17855105,1.0,0.42866054,-0.12251002,-0.003151271,0.00049307547,-0.0033978086,1.1335707,0.98146033,0.018539647,0.1970907,0.04065472260117531
2850816,2304.5269320832094,7.0,405.02844,500.0,185.98752,-1.0,-0.17837837,1.0,0.42842022,-0.122424975,-0.005868215,0.00034028414,-0.0060383566,1.1270139,0.98150784,0.018492177,0.19687055,0.04096027836203575
2859008,2304.230203738823,7.0,405.11832,500.0,185.91743,-1.0,-0.1780647,1.0,0.42840555,-0.122355536,-0.0014167664,0.00048855855,-0.0016610457,1.1245596,0.9814132,0.018586833,0.19665153,0.041265834122896194
2867200,2302.337115645478,7.0,405.18408,500.0,185.86357,-1.0,-0.17801048,1.0,0.42824814,-0.12228148,-0.0042427164,0.00041310352,-0.004449268,1.1241382,0.98146313,0.018536862,0.19654733,0.04180530831217766
2875392,2315.23002167344,7.0,405.1514,500.0,185.88066,-1.0,-0.17818849,1.0,0.4282537,-0.12237964,-0.0049866163,0.00048495058,-0.005229092,1.1292074,0.98151803,0.018481942,0.19667043,0.04274578392505646
2883584,2311.1355926537344,7.0,405.20178,500.0,185.8563,-1.0,-0.17813423,1.0,0.42809755,-0.12240648,-0.0064519728,0.00029535143,-0.006599649,1.135162,0.98156744,0.018432532,0.19656676,0.04328525811433792
2891776,2304.175039236993,7.0,405.30457,500.0,185.79195,-1.0,-0.17796491,1.0,0.42786136,-0.122346066,-0.0033495086,0.00022287542,-0.0034609463,1.144752,0.98161405,0.018385965,0.19635087,0.043590813875198364
2899968,2314.924604231453,7.0,405.39838,500.0,185.70712,-1.0,-0.17791153,1.0,0.42770684,-0.12223024,-0.00360825,0.00046444667,-0.003840473,1.1542162,0.9816629,0.018337065,0.1962486,0.04413028806447983
2908160,2304.2019258070836,7.0,405.55872,500.0,185.59062,-1.0,-0.17762883,1.0,0.42739195,-0.12203443,-0.0044670273,0.00020945985,-0.004571757,1.1578221,0.98170644,0.018293535,0.19592236,0.04417440667748451
2916352,2307.2800994904605,7.0,405.6068,500.0,185.56856,-1.0,-0.1775766,1.0,0.42723927,-0.12206729,-0.0053863535,0.00018862553,-0.005480666,1.1585472,0.9817549,0.018245125,0.19582173,0.044713880866765976
2924544,2302.2889836911468,7.0,405.77493,500.0,185.4514,-1.0,-0.17727147,1.0,0.42690197,-0.121887684,-0.0030588512,0.00019235622,-0.003155029,1.1614866,0.9818005,0.0181995,0.19547096,0.044741660356521606
2932736,2336.712844843738,7.0,405.87723,500.0,185.38383,-1.0,-0.17710643,1.0,0.42667076,-0.12181125,-0.004335846,0.00016124261,-0.0044164676,1.1654077,0.9818459,0.018154101,0.19526052,0.04504721611738205
2940928,2301.0632230640617,7.0,406.0307,500.0,185.27716,-1.0,-0.17682843,1.0,0.42636016,-0.12165126,-0.0034186349,0.00026390233,-0.0035505856,1.1632383,0.9818886,0.018111434,0.19493985,0.045091334730386734
2949120,2301.889350230509,7.0,406.18454,500.0,185.16849,-1.0,-0.17655173,1.0,0.42605066,-0.12148227,-0.0031321412,5.690728e-05,-0.003160595,1.1657244,0.98193103,0.018068966,0.19462068,0.04513545334339142
2957312,2330.8384738345785,7.0,406.33755,500.0,185.06042,-1.0,-0.17627631,1.0,0.42574212,-0.121315256,-0.0045973067,6.680168e-05,-0.0046307077,1.1712095,0.9819733,0.018026697,0.19430302,0.0451795719563961
2965504,2303.9578064062584,7.0,406.53763,500.0,184.89699,-1.0,-0.17600219,1.0,0.42543465,-0.12103566,-0.0050055967,0.0002955903,-0.0051533915,1.1739018,0.9820154,0.017984623,0.19398682,0.04522369056940079
2973696,2304.375931079588,7.0,406.54114,500.0,184.88373,-1.0,-0.17581816,1.0,0.42550635,-0.12097097,-0.0019219273,0.0004681775,-0.002156016,1.1686602,0.98192525,0.018074764,0.19389293,0.04576316475868225
2981888,2304.5589276717124,7.0,406.74545,500.0,184.73311,-1.0,-0.1754338,1.0,0.4251203,-0.12070651,-0.0031816724,4.7427537e-05,-0.0032053862,1.1609809,0.98196477,0.018035252,0.19346905,0.04551316425204277
2990080,2321.913950673414,7.0,406.7971,500.0,184.67984,-1.0,-0.17525211,1.0,0.42519233,-0.12055366,-0.0034930347,0.00063475885,-0.0038104139,1.1536219,0.9818752,0.01812483,0.19337694,0.046052638441324234
2998272,2304.4638709157744,7.0,406.79587,500.0,184.68814,-1.0,-0.17531937,1.0,0.42512777,-0.120639436,-0.0061187684,0.00038665568,-0.0063120965,1.153342,0.9819244,0.018075565,0.19339494,0.046802639961242676
3006464,2302.8509570911797,7.0,406.89276,500.0,184.6245,-1.0,-0.17516269,1.0,0.4249043,-0.120573096,-0.004642195,0.0002769495,-0.00478067,1.1560695,0.9819685,0.018031454,0.19319414,0.04710819572210312
3014656,2311.0564694402156,7.0,406.93024,500.0,184.58748,-1.0,-0.17520617,1.0,0.42481703,-0.120571755,-0.004282302,0.0004917707,-0.004528187,1.1547527,0.9820197,0.017980263,0.19318643,0.04781057685613632
3022848,2330.8911274930497,7.0,407.14365,500.0,184.42946,-1.0,-0.17480442,1.0,0.42441243,-0.120295286,-0.005009331,2.9187144e-05,-0.005023924,1.1588795,0.98206097,0.017939035,0.19274347,0.04756057634949684
3031040,2383.7007991494092,7.0,407.27954,500.0,184.33156,-1.0,-0.17456259,1.0,0.42413592,-0.12014305,-0.0064356686,0.00015398044,-0.0065126596,1.1616879,0.9820996,0.017900404,0.19246298,0.04762307554483414
3039232,2302.0682504114575,7.0,407.33798,500.0,184.29543,-1.0,-0.17449665,1.0,0.423972,-0.120132506,-0.003593543,0.00033543087,-0.0037612587,1.1633278,0.98214763,0.01785235,0.19234899,0.0481230765581131
3047424,2305.4486680162186,7.0,407.39774,500.0,184.25633,-1.0,-0.17443106,1.0,0.42380887,-0.120111786,-0.0043690805,0.00031241344,-0.0045252875,1.1670848,0.98219544,0.017804552,0.1922356,0.04862307757139206
3055616,2301.7137158128266,7.0,407.5126,500.0,184.16829,-1.0,-0.17425558,1.0,0.42356735,-0.11997663,-0.005380899,0.00014530167,-0.0054535493,1.1640722,0.9822406,0.01775938,0.19201496,0.048899393528699875
3063808,2301.054901605715,7.0,407.44202,500.0,184.23546,-1.0,-0.17445731,1.0,0.42361078,-0.12018805,-0.0063073207,0.0004947363,-0.0065546883,1.1591775,0.98228794,0.017712079,0.1921694,0.0498993918299675
3072000,2355.5005516547517,7.0,407.59824,500.0,184.12453,-1.0,-0.17417298,1.0,0.4232921,-0.12002199,-0.006754549,6.627821e-05,-0.0067876875,1.1538943,0.98233026,0.017669722,0.1918427,0.04992717131972313
3080192,2302.9866309803792,7.0,407.70352,500.0,184.03825,-1.0,-0.17402253,1.0,0.4230766,-0.11987437,-0.0054265987,0.00019177591,-0.0055224863,1.1443416,0.9823724,0.017627567,0.1916501,0.05023272708058357
3088384,2302.105884679027,7.0,407.7936,500.0,183.98183,-1.0,-0.1738728,1.0,0.422862,-0.119830646,-0.0051268553,0.00040217183,-0.005327941,1.1379555,0.98241436,0.017585615,0.19145842,0.050538282841444016
3096576,2349.971915569982,7.0,407.9487,500.0,183.87015,-1.0,-0.17359187,1.0,0.42254642,-0.11965958,-0.0074535655,0.00021625124,-0.007561691,1.1314383,0.98245615,0.01754386,0.19113573,0.050566062331199646
3104768,2303.4459416808095,7.0,408.1078,500.0,183.74918,-1.0,-0.17331228,1.0,0.42223185,-0.11945495,-0.005150203,0.0002247091,-0.0052625574,1.1208888,0.9824977,0.017502302,0.19081458,0.050593841820955276
3112960,2348.0855896015373,7.0,408.1695,500.0,183.68608,-1.0,-0.17329657,1.0,0.4221217,-0.11937107,-0.004851237,0.00048737088,-0.005094922,1.1091591,0.98253906,0.017460942,0.19075751,0.05117717385292053
3121152,2319.1786783510242,7.0,408.24704,500.0,183.6366,-1.0,-0.17317265,1.0,0.42193362,-0.11933173,-0.004726357,0.00023489108,-0.0048438027,1.1030948,0.9825779,0.01742206,0.1905947,0.05151540786027908
3129344,2302.143365930752,7.0,408.35358,500.0,183.55817,-1.0,-0.17300405,1.0,0.42170045,-0.119220056,-0.0044829096,0.00024540894,-0.0046056136,1.0994627,0.9826212,0.017378805,0.19038285,0.0517917238175869
3137536,2317.735361578576,7.0,408.45712,500.0,183.48526,-1.0,-0.17283629,1.0,0.4214682,-0.11912934,-0.0070439978,0.0003497659,-0.00721888,1.0910124,0.9826642,0.017335767,0.19017206,0.052068039774894714
3145728,2358.0831717915103,7.0,408.5981,500.0,183.38116,-1.0,-0.1725842,1.0,0.42118144,-0.1189651,-0.0049641333,0.00011924426,-0.005023755,1.0784609,0.98270255,0.017297437,0.18988165,0.0521121583878994
3153920,2301.9658420773753,7.0,408.65076,500.0,183.33565,-1.0,-0.17228854,1.0,0.42115825,-0.118755914,-0.0027863174,0.00049154187,-0.0030320883,1.0695856,0.9826155,0.017384535,0.18967307,0.052388474345207214
3162112,2303.5211471354496,7.0,408.7511,500.0,183.25276,-1.0,-0.172146,1.0,0.42095107,-0.118619084,-0.0061012446,0.0002625964,-0.0062325425,1.0604727,0.98265594,0.017344033,0.18949004,0.05269403010606766
3170304,2301.7841822410637,7.0,408.88907,500.0,183.15251,-1.0,-0.1718972,1.0,0.42066666,-0.11846861,-0.005692796,0.00014475253,-0.0057651713,1.0561161,0.98269403,0.017305953,0.18920316,0.05273814871907234
3178496,2305.1705696981276,7.0,409.0259,500.0,183.0537,-1.0,-0.17164949,1.0,0.4203832,-0.11832331,-0.0041947514,0.00015615285,-0.004272828,1.0572273,0.98273194,0.017268041,0.18891753,0.052782267332077026
3186688,2303.5390612738684,7.0,409.14413,500.0,182.94872,-1.0,-0.17150939,1.0,0.42017862,-0.11816312,-0.0041436595,0.0003809788,-0.004334148,1.0594362,0.98277193,0.01722808,0.18873747,0.05308782309293747
3194880,2303.706479277446,7.0,409.22845,500.0,182.89493,-1.0,-0.17136994,1.0,0.41997486,-0.11812231,-0.005135553,0.00019171552,-0.005231411,1.0633187,0.9828117,0.017188301,0.18855824,0.05339337885379791
3203072,2314.166712330723,7.0,409.37625,500.0,182.78592,-1.0,-0.17110315,1.0,0.41967165,-0.11795489,-0.0034001265,0.00016478245,-0.0034825176,1.066283,0.98285127,0.017148707,0.18825185,0.05342115834355354
3211264,2319.136413978991,7.0,409.57297,500.0,182.63614,-1.0,-0.17073171,1.0,0.41929147,-0.11769882,-0.0028173774,7.408898e-05,-0.0028544217,1.069458,0.9828885,0.01711148,0.18784319,0.05317115783691406
3219456,2304.5099299580593,7.0,409.59622,500.0,182.61232,-1.0,-0.17080627,1.0,0.41924608,-0.11772638,-0.0049807415,0.0003443986,-0.0051529408,1.0632813,0.9829321,0.017067889,0.18787415,0.053921159356832504
3227648,2303.3200954879585,7.0,409.79156,500.0,182.46321,-1.0,-0.17043722,1.0,0.418868,-0.11747201,-0.0018560955,3.850392e-05,-0.0018753473,1.0546035,0.982969,0.017031012,0.18746823,0.053671158850193024
3235840,2302.474889061881,7.0,409.97464,500.0,182.32318,-1.0,-0.17009133,1.0,0.41851303,-0.11723362,-0.0052304347,5.998446e-05,-0.0052604266,1.0466064,0.98300356,0.016996449,0.18708777,0.05342115834355354
3244032,2310.286350474184,7.0,410.10822,500.0,182.2234,-1.0,-0.16985191,1.0,0.4182368,-0.11708081,-0.005117291,0.00010768919,-0.005171135,1.0422989,0.9830401,0.016959878,0.18681179,0.05346527695655823
3252224,2301.6505001505866,7.0,410.2899,500.0,182.08394,-1.0,-0.16950865,1.0,0.41788357,-0.116844185,-0.0036456387,2.8031096e-05,-0.0036596542,1.0388186,0.9830744,0.016925603,0.18643425,0.05321527644991875
3260416,2304.819871723321,7.0,410.38507,500.0,182.01584,-1.0,-0.16910282,1.0,0.41776696,-0.116539635,-0.0029473628,0.00037122768,-0.0031329766,1.0293031,0.9829889,0.01701109,0.18611391,0.053228434175252914
3268608,2314.3345875694363,7.0,410.46976,500.0,181.9532,-1.0,-0.16882464,1.0,0.41775015,-0.11625928,-0.0037320869,0.00043610507,-0.0039501395,1.0218056,0.98290384,0.017096166,0.1859208,0.05350475013256073
3276800,2305.6688123104864,7.0,410.64948,500.0,181.81467,-1.0,-0.16848576,1.0,0.4173991,-0.11602592,-0.00217681,3.9722087e-05,-0.0021966712,1.0247699,0.9829382,0.01706185,0.1855476,0.05325474962592125
3284992,2317.9730269807774,7.0,410.82846,500.0,181.67639,-1.0,-0.16814823,1.0,0.41704887,-0.1157935,-0.004238347,6.367194e-05,-0.004270183,1.0405775,0.9829723,0.01702767,0.18517591,0.05300474911928177
3293184,2332.905293644129,7.0,410.92606,500.0,181.6006,-1.0,-0.167999,1.0,0.41683313,-0.11568887,-0.006346195,0.00028189566,-0.006487143,1.0506351,0.98301274,0.01698726,0.18498626,0.053281065076589584
3301376,2305.509153229559,7.0,411.06467,500.0,181.49855,-1.0,-0.16774675,1.0,0.41654062,-0.11554435,-0.0053444696,0.00012528745,-0.0054071136,1.0471872,0.9830508,0.016949153,0.18469591,0.053308844566345215
3309568,2307.1758326460213,7.0,411.24167,500.0,181.36118,-1.0,-0.16741294,1.0,0.4161931,-0.11531442,-0.004376443,4.1310625e-05,-0.0043970984,1.0475049,0.98308456,0.016915424,0.18432836,0.053058844059705734
3317760,2309.6188943858892,7.0,411.3202,500.0,181.30782,-1.0,-0.16703896,1.0,0.4161015,-0.11507057,-0.0028146552,0.00041248705,-0.0030208984,1.0464323,0.98299825,0.017001737,0.18404071,0.053086623549461365
3325952,2304.636369947393,7.0,411.40057,500.0,181.24991,-1.0,-0.16691431,1.0,0.4159106,-0.11500663,-0.0061807735,0.0005197412,-0.006440644,1.0375531,0.98303616,0.016963843,0.18387815,0.05339217931032181
3334144,2304.2434930612303,7.0,411.53058,500.0,181.14778,-1.0,-0.16668727,1.0,0.4156429,-0.11484366,-0.0028410363,0.00023694048,-0.0029595066,1.0330896,0.9830718,0.016928209,0.18361548,0.05343629792332649
3342336,2303.6093306274433,7.0,411.71603,500.0,181.00307,-1.0,-0.16633785,1.0,0.41527706,-0.11460293,-0.0049033603,4.348368e-05,-0.004925102,1.026979,0.98310727,0.016892726,0.18323058,0.05318629741668701
3350528,2303.325808452734,7.0,411.88986,500.0,180.86713,-1.0,-0.16601034,1.0,0.41493356,-0.11437728,-0.0044914302,2.0744457e-05,-0.004501803,1.018809,0.9831405,0.016859464,0.1828698,0.05293629691004753
3358720,2341.4183548153514,7.0,412.0168,500.0,180.7684,-1.0,-0.16578656,1.0,0.4146684,-0.11422487,-0.005535127,0.00012260783,-0.0055964305,1.0169014,0.98317575,0.016824266,0.18261082,0.052980415523052216
3366912,2334.8781996348293,7.0,412.18936,500.0,180.633,-1.0,-0.16546145,1.0,0.4143266,-0.11400088,-0.00496999,5.3113985e-05,-0.0049965475,1.0105382,0.9832087,0.016791273,0.18225272,0.052730415016412735
3375104,2303.98994068723,7.0,412.22757,500.0,180.60129,-1.0,-0.16544387,1.0,0.4142182,-0.11398266,-0.0058351555,0.00031933567,-0.0059948233,1.0001378,0.98324776,0.016752262,0.18219614,0.0532698892056942
3383296,2301.9761750351327,7.0,412.42334,500.0,180.49281,-1.0,-0.16516113,1.0,0.41362548,-0.11385867,-0.005115633,0.0005182375,-0.0053747515,1.0039961,0.98339844,0.016601562,0.1817627,0.05380936339497566
3391488,2302.36874190337,7.0,412.57263,500.0,180.42609,-1.0,-0.16479492,1.0,0.4130333,-0.11376364,-0.0056708474,5.3992575e-05,-0.0056978436,1.0068747,0.9835205,0.016479492,0.18127441,0.05355936288833618
3399680,2302.712675698784,7.0,412.9397,500.0,180.24153,-1.0,-0.16369629,1.0,0.41184303,-0.113540836,-0.0039991136,0.00018172507,-0.0040899757,1.0043161,0.9836426,0.016357422,0.18005371,0.05358714237809181
3407872,2303.850132200835,7.0,413.30444,500.0,180.04631,-1.0,-0.16259766,1.0,0.41094342,-0.11323247,-0.0060765184,0.00039964798,-0.006276342,1.0090514,0.9836426,0.016357422,0.17895508,0.053892698138952255
3416064,2319.236598696182,7.0,413.47278,500.0,179.9554,-1.0,-0.16210938,1.0,0.41054204,-0.113095164,-0.0026742935,0.00017171378,-0.0027601505,1.0188297,0.9836426,0.016357422,0.1784668,0.05393681675195694
3424256,2315.6183831846547,7.0,413.6831,500.0,179.80296,-1.0,-0.1616211,1.0,0.41013968,-0.11283414,-0.0038234203,1.773181e-05,-0.0038322862,1.0231122,0.9836426,0.016357422,0.17797852,0.05368681624531746
3432448,2348.6406057624977,7.0,414.12,500.0,179.46693,-1.0,-0.16113281,1.0,0.40914005,-0.11255044,-0.005944564,1.884117e-05,-0.005953985,1.0161663,0.9838867,0.016113281,0.1772461,0.05343681573867798
3440640,2376.3844216994044,7.0,414.51355,500.0,179.20735,-1.0,-0.16040039,1.0,0.40823337,-0.11227307,-0.0035436277,1.9152969e-05,-0.0035532042,1.0093528,0.9840088,0.015991211,0.1763916,0.0531868152320385
3448832,2337.643813166954,7.0,415.11096,500.0,178.84764,-1.0,-0.15893555,1.0,0.40671033,-0.11181332,-0.005385014,2.3379142e-05,-0.0053967037,1.0045801,0.98413086,0.01586914,0.17480469,0.05293681472539902
3457024,2304.2890796923925,7.0,415.38464,500.0,178.69044,-1.0,-0.15795898,1.0,0.40619004,-0.11139457,-0.0038476074,0.00057479134,-0.004135003,0.9929052,0.9840088,0.015991211,0.1739502,0.05321313068270683
3465216,2302.556357472854,7.0,415.67798,500.0,178.51518,-1.0,-0.15710449,1.0,0.40546897,-0.11112111,-0.0049815155,2.2600885e-05,-0.004992816,0.9855116,0.9840088,0.015991211,0.1730957,0.05296313017606735
3473408,2303.7781490342595,7.0,416.1184,500.0,178.21051,-1.0,-0.15637207,1.0,0.40424493,-0.110723116,-0.0034505683,3.0858813e-05,-0.003465998,0.98363197,0.9842529,0.01574707,0.17211914,0.05271312966942787
3481600,2304.578249109501,7.0,416.44934,500.0,177.99255,-1.0,-0.15576172,1.0,0.40342286,-0.11051689,-0.0065596355,3.0134712e-05,-0.0065747024,0.9897628,0.984375,0.015625,0.17138672,0.05246312916278839
3489792,2301.6307652404485,7.0,416.66418,500.0,177.88289,-1.0,-0.15478516,1.0,0.40289062,-0.110119656,-0.0041563557,0.00025250972,-0.004282611,0.99173295,0.9842529,0.01574707,0.17053223,0.05249090865254402
3497984,2352.128854926214,7.0,416.76892,500.0,177.80103,-1.0,-0.15454102,1.0,0.40268126,-0.10997392,-0.006669622,0.00060927466,-0.0069742594,0.987669,0.9842529,0.01574707,0.17028809,0.05324091017246246
3506176,2317.036719984317,7.0,416.979,500.0,177.6418,-1.0,-0.15405273,1.0,0.40226185,-0.109704584,-0.0046326634,0.000102519836,-0.004683924,0.99479425,0.9842529,0.01574707,0.1697998,0.053268689662218094
3514368,2303.3355359985057,7.0,417.38184,500.0,177.35617,-1.0,-0.15307617,1.0,0.40141994,-0.109259605,-0.0058529507,0.00026271146,-0.005984306,0.9905024,0.9842529,0.01574707,0.16882324,0.05331280827522278
3522560,2324.2182181538924,7.0,417.51282,500.0,177.27914,-1.0,-0.15270996,1.0,0.4011032,-0.109140165,-0.004810078,0.00016521127,-0.0048926836,0.98846936,0.9842529,0.01574707,0.16845703,0.05335692688822746
3530752,2305.675465252079,7.0,417.7428,500.0,177.08034,-1.0,-0.15222168,1.0,0.4006799,-0.108770914,-0.0040804697,1.7038905e-05,-0.004088989,0.9827955,0.9842529,0.01574707,0.16796875,0.05310692638158798
3538944,2303.55697569092,7.0,417.94458,500.0,176.91675,-1.0,-0.15185547,1.0,0.40036175,-0.10851112,-0.0068939254,0.0003530406,-0.007070445,0.97496367,0.9842529,0.01574707,0.16760254,0.05344516038894653
3547136,2302.621628938947,7.0,418.13794,500.0,176.76875,-1.0,-0.15136719,1.0,0.39993662,-0.10823917,-0.005739222,4.70675e-05,-0.005762757,0.9723346,0.9842529,0.01574707,0.16711426,0.05319515988230705
3555328,2300.282654940045,7.0,418.54358,500.0,176.46866,-1.0,-0.15063477,1.0,0.3989911,-0.10777697,-0.0035379336,2.7461036e-05,-0.0035516643,0.9642528,0.984375,0.015625,0.16625977,0.05294515937566757
3563520,2305.2963088476486,7.0,418.86145,500.0,176.22102,-1.0,-0.14990234,1.0,0.39834863,-0.10737021,-0.007169066,0.00015158716,-0.007244859,0.9603019,0.984375,0.015625,0.16552734,0.052989277988672256
3571712,2304.1413546496196,7.0,419.1726,500.0,175.97859,-1.0,-0.14941406,1.0,0.39761207,-0.10707158,-0.006483537,0.00013244929,-0.0065497626,0.9619367,0.9844971,0.01550293,0.16491699,0.05301705747842789
3579904,2311.779039069027,7.0,419.37646,500.0,175.82822,-1.0,-0.14892578,1.0,0.397181,-0.10684243,-0.0045188293,3.9374394e-05,-0.0045385165,0.9634126,0.9844971,0.01550293,0.16442871,0.052767056971788406
3588096,2306.362936492242,7.0,419.54114,500.0,175.6924,-1.0,-0.14855957,1.0,0.396857,-0.10660026,-0.0036768839,0.00026616515,-0.003809966,0.96989924,0.9844971,0.01550293,0.1640625,0.052780214697122574
3596288,2305.256714228715,7.0,419.55066,500.0,175.69441,-1.0,-0.14794922,1.0,0.3969312,-0.106161684,-0.0022129393,0.00056067435,-0.0024932767,0.97064126,0.9842529,0.01574707,0.16369629,0.05305653065443039
3604480,2303.3801602376443,7.0,419.7245,500.0,175.53903,-1.0,-0.14758301,1.0,0.3966061,-0.1058747,-0.0064717466,3.3034725e-05,-0.0064882636,0.96234417,0.9842529,0.01574707,0.16333008,0.05280653014779091
3612672,2301.5137503432034,7.0,419.83643,500.0,175.44409,-1.0,-0.14733887,1.0,0.396389,-0.10571404,-0.005716183,0.00014380888,-0.005788088,0.96725917,0.9842529,0.01574707,0.16308594,0.05285064876079559
3620864,2302.972121291414,7.0,420.06604,500.0,175.24107,-1.0,-0.14685059,1.0,0.3959541,-0.10534906,-0.004860586,0.00043271336,-0.005076943,0.96556157,0.9842529,0.01574707,0.16259766,0.05312696471810341
3629056,2303.3097504617044,7.0,420.59363,500.0,174.80818,-1.0,-0.14562988,1.0,0.39486194,-0.10459192,-0.0065414556,2.0944719e-05,-0.006551928,0.96214175,0.9842529,0.01574707,0.16137695,0.05287696421146393
3637248,2307.311706754834,7.0,420.81982,500.0,174.64468,-1.0,-0.14526367,1.0,0.39422342,-0.10451181,-0.0030228754,1.5711616e-05,-0.0030307313,0.9582908,0.984375,0.015625,0.16088867,0.05262696370482445
3645440,2368.4625347525925,7.0,421.09827,500.0,174.40547,-1.0,-0.14440918,1.0,0.393763,-0.104004614,-0.0029158266,0.00027464842,-0.0030531504,0.9499482,0.9842529,0.01574707,0.16015625,0.052640121430158615
3653632,2365.208968285376,7.0,421.3546,500.0,174.20389,-1.0,-0.14404297,1.0,0.3931216,-0.10385573,-0.003995115,1.5985253e-05,-0.0040031075,0.93726164,0.984375,0.015625,0.15966797,0.052390120923519135
3661824,2302.957766140767,7.0,421.41687,500.0,174.15346,-1.0,-0.14379883,1.0,0.39290038,-0.103588976,-0.0036066938,0.00039182024,-0.0038026036,0.9329156,0.984375,0.015625,0.15942383,0.052417900413274765
3670016,2320.324472971357,7.0,421.74426,500.0,173.87921,-1.0,-0.14331055,1.0,0.39214596,-0.10331316,-0.004123125,1.6076296e-05,-0.0041311635,0.9282333,0.9844971,0.01550293,0.15881348,0.052167899906635284
3678208,2340.134329092137,7.0,421.92017,500.0,173.7617,-1.0,-0.14331055,1.0,0.3915229,-0.10345882,-0.0036661867,1.6744563e-05,-0.0036745588,0.9366287,0.9847412,0.015258789,0.15856934,0.051917899399995804
3686400,2302.14228620684,7.0,422.19702,500.0,173.52275,-1.0,-0.14294434,1.0,0.39087683,-0.10314403,-0.0033627788,1.7023796e-05,-0.0033712909,0.9431515,0.9848633,0.015136719,0.15808105,0.05166789889335632
3694592,2303.3965280390385,7.0,422.42883,500.0,173.30913,-1.0,-0.1427002,1.0,0.39034104,-0.10296699,-0.00480676,1.2582546e-05,-0.004813051,0.94422364,0.98498535,0.015014648,0.15771484,0.05141789838671684
3702784,2304.5983437484847,7.0,422.60962,500.0,173.19908,-1.0,-0.14208984,1.0,0.3897815,-0.102795586,-0.0055736033,0.00012657784,-0.0056368923,0.94631577,0.98498535,0.015014648,0.15710449,0.05146201699972153
3710976,2303.815839229978,7.0,422.9734,500.0,172.8966,-1.0,-0.14172363,1.0,0.3888175,-0.10269091,-0.0042318106,1.5166548e-05,-0.0042393934,0.94486713,0.9852295,0.014770508,0.15649414,0.051212016493082047
3719168,2303.155358127968,7.0,423.37085,500.0,172.53723,-1.0,-0.14086914,1.0,0.38802835,-0.10207174,-0.0030745158,2.8139304e-05,-0.0030885856,0.94808745,0.9852295,0.014770508,0.15563965,0.050962015986442566
3727360,2304.392622131727,7.0,423.58875,500.0,172.3516,-1.0,-0.14038086,1.0,0.38757586,-0.10178002,-0.0033269294,0.00014302987,-0.0033984445,0.9563421,0.9852295,0.014770508,0.15515137,0.05100613459944725
3735552,2303.59851967862,7.0,423.89612,500.0,172.1013,-1.0,-0.13964844,1.0,0.38689503,-0.10137477,-0.0052644545,1.5148762e-05,-0.005272029,0.9607866,0.9852295,0.014770508,0.15441895,0.05075613409280777
3743744,2303.7562151437724,7.0,424.15356,500.0,171.90483,-1.0,-0.13891602,1.0,0.3862115,-0.1010865,-0.0038585174,1.0945867e-05,-0.0038639898,0.9646237,0.9852295,0.014770508,0.15368652,0.05050613358616829
3751936,2308.7357061395164,7.0,424.25488,500.0,171.87515,-1.0,-0.13879395,1.0,0.38578108,-0.10119057,-0.003753392,0.00037642897,-0.003941607,0.9658723,0.98535156,0.0146484375,0.15344238,0.050782449543476105
3760128,2302.551574130328,7.0,424.6969,500.0,171.48274,-1.0,-0.13806152,1.0,0.38477692,-0.10074578,-0.0063485075,8.911445e-06,-0.006352963,0.9651339,0.98547363,0.014526367,0.15258789,0.050532449036836624
3768320,2301.644949672904,7.0,425.01245,500.0,171.21,-1.0,-0.13757324,1.0,0.38399926,-0.100308895,-0.003218749,1.0572778e-05,-0.0032240355,0.966164,0.9855957,0.014404297,0.15197754,0.050282448530197144
3776512,2302.649096525024,7.0,425.2246,500.0,171.03178,-1.0,-0.13708496,1.0,0.38353783,-0.10004036,-0.0058779307,0.00037315662,-0.0060645086,0.96016556,0.9855957,0.014404297,0.15148926,0.05055876448750496
3784704,2311.3443858053315,7.0,425.26184,500.0,171.01207,-1.0,-0.13671875,1.0,0.3835094,-0.09983918,-0.0023542535,0.00027504942,-0.0024917782,0.9517889,0.98547363,0.014526367,0.15124512,0.05030876398086548
3792896,2303.116917655369,7.0,425.4276,500.0,170.86496,-1.0,-0.13635254,1.0,0.3831622,-0.09960895,-0.00460672,3.098642e-05,-0.0046222135,0.94373965,0.98547363,0.014526367,0.1508789,0.050058763474226
3801088,2302.765455252691,7.0,425.68176,500.0,170.63339,-1.0,-0.1361084,1.0,0.38261142,-0.09923604,-0.0057900185,0.00023134032,-0.005905689,0.9393998,0.9855957,0.014404297,0.1505127,0.05012126266956329
3809280,2302.8364491117527,7.0,425.9563,500.0,170.38908,-1.0,-0.13549805,1.0,0.38202995,-0.0988469,-0.0043044193,0.00015143018,-0.004380134,0.9365505,0.9855957,0.014404297,0.14990234,0.050149042159318924
3817472,2303.0071609590395,7.0,426.31787,500.0,170.07802,-1.0,-0.13464355,1.0,0.38121286,-0.098328575,-0.004291049,2.5113026e-05,-0.0043036058,0.94030285,0.9855957,0.014404297,0.14904785,0.04989904165267944
3825664,2303.414131405816,7.0,426.5299,500.0,169.89465,-1.0,-0.13439941,1.0,0.3806582,-0.09802878,-0.0023370087,0.0004654109,-0.002569714,0.92372584,0.9857178,0.014282227,0.14868164,0.05017535760998726
3833856,2303.939267805744,7.0,426.76025,500.0,169.674,-1.0,-0.13415527,1.0,0.38010257,-0.0978571,-0.0061897915,0.00024152738,-0.0063105556,0.91410637,0.98583984,0.014160156,0.14831543,0.05020313709974289
3842048,2320.346253402379,7.0,427.1067,500.0,169.33904,-1.0,-0.13342285,1.0,0.37939626,-0.0972822,-0.0045647873,2.294965e-05,-0.004576262,0.9177697,0.98583984,0.014160156,0.14758301,0.04995313659310341
3850240,2302.6699291199825,7.0,427.26233,500.0,169.20749,-1.0,-0.13305664,1.0,0.37904203,-0.097084224,-0.0058006565,0.0003216702,-0.0059614917,0.9192434,0.98583984,0.014160156,0.1472168,0.05029137060046196
3858432,2305.8467530363623,7.0,427.48047,500.0,169.0122,-1.0,-0.13256836,1.0,0.3785687,-0.09678648,-0.003153718,0.0001781825,-0.0032428093,0.9239162,0.98583984,0.014160156,0.14672852,0.05031915009021759
3866624,2303.2845830992997,7.0,427.88525,500.0,168.62833,-1.0,-0.13183594,1.0,0.37753332,-0.096359506,-0.0052138297,0.00030317483,-0.0053654173,0.918285,0.9859619,0.014038086,0.14587402,0.05062470585107803
3874816,2321.872841760188,7.0,428.33447,500.0,168.20233,-1.0,-0.13110352,1.0,0.37649354,-0.09585744,-0.0022860623,2.5676065e-05,-0.0022989004,0.9105893,0.986084,0.013916016,0.14501953,0.05037470534443855
3883008,2304.927791214348,7.0,428.51062,500.0,168.02533,-1.0,-0.13098145,1.0,0.37604943,-0.09575964,-0.0039027582,3.777328e-05,-0.0039216448,0.91498715,0.98620605,0.013793945,0.14477539,0.05012470483779907
3891200,2319.466586668312,7.0,428.62524,500.0,167.91365,-1.0,-0.13049316,1.0,0.3758946,-0.095403604,-0.0026833082,0.0002982092,-0.0028324127,0.91591597,0.986084,0.013916016,0.14440918,0.04987470433115959
3899392,2302.236071717478,7.0,429.00146,500.0,167.56448,-1.0,-0.12976074,1.0,0.37484765,-0.09501667,-0.0056577018,0.0002496319,-0.0057825185,0.90611696,0.98620605,0.013793945,0.14355469,0.04990248382091522
3907584,2313.8313465388833,7.0,429.34363,500.0,167.23164,-1.0,-0.12902832,1.0,0.37412283,-0.094482765,-0.0026238102,0.0003456769,-0.0027966485,0.90481365,0.98620605,0.013793945,0.14282227,0.050208039581775665
3915776,2327.5421643637983,7.0,429.50708,500.0,167.08107,-1.0,-0.12866211,1.0,0.37375933,-0.094254375,-0.005735538,1.6478161e-05,-0.0057437764,0.9053326,0.98620605,0.013793945,0.14245605,0.049958039075136185
3923968,2303.205224588686,7.0,429.8844,500.0,166.73788,-1.0,-0.12805176,1.0,0.37282467,-0.09394978,-0.004449724,0.00017942167,-0.0045394353,0.90208405,0.9863281,0.013671875,0.14172363,0.05000215768814087
3932160,2318.431452312687,7.0,430.16382,500.0,166.46954,-1.0,-0.1274414,1.0,0.3722148,-0.093528256,-0.006551065,1.514151e-05,-0.0065586353,0.8972796,0.9863281,0.013671875,0.14111328,0.04975215718150139
3940352,2301.748563003947,7.0,430.42944,500.0,166.2272,-1.0,-0.12670898,1.0,0.3714802,-0.093112096,-0.0039640847,1.8975677e-05,-0.003973572,0.8955557,0.9863281,0.013671875,0.14038086,0.04950215667486191
3948544,2302.932452117608,7.0,430.54443,500.0,166.11226,-1.0,-0.12646484,1.0,0.37123474,-0.09292689,-0.0029810998,0.0001783688,-0.0030702841,0.8986093,0.9863281,0.013671875,0.14013672,0.04954627528786659
3956736,2302.898186460571,7.0,430.77246,500.0,165.90517,-1.0,-0.12585449,1.0,0.3706196,-0.092607886,-0.0059607853,0.00012059641,-0.006021084,0.90343976,0.9863281,0.013671875,0.13952637,0.04959039390087128
3964928,2305.452071192043,7.0,430.88733,500.0,165.7899,-1.0,-0.12561035,1.0,0.370373,-0.09242147,-0.0022169861,0.00022230472,-0.0023281386,0.8975668,0.9863281,0.013671875,0.13928223,0.04963451251387596
3973120,2303.6198327891807,7.0,431.01807,500.0,165.68004,-1.0,-0.12524414,1.0,0.3700024,-0.09224735,-0.0038818866,0.00018364412,-0.0039737085,0.8923236,0.9863281,0.013671875,0.13891602,0.049678631126880646
3981312,2357.075380064149,7.0,431.06152,500.0,165.65262,-1.0,-0.12487793,1.0,0.36996123,-0.09200068,-0.0028995997,4.8961574e-05,-0.0029240807,0.89173526,0.98620605,0.013793945,0.13867188,0.049428630620241165
3989504,2327.009051226623,7.0,431.27478,500.0,165.45354,-1.0,-0.12414551,1.0,0.36954758,-0.09147431,-0.0034417673,0.0002541796,-0.0035688572,0.8895399,0.986084,0.013916016,0.13806152,0.04944178834557533
3997696,2301.3915063807167,7.0,431.62183,500.0,165.09987,-1.0,-0.123413086,1.0,0.36880124,-0.09090358,-0.0058063557,1.6468108e-05,-0.0058145896,0.8844434,0.986084,0.013916016,0.1373291,0.04919178783893585
4005888,2302.3386583696074,7.0,432.0769,500.0,164.64336,-1.0,-0.12243652,1.0,0.3678014,-0.09018719,-0.003721094,1.4901967e-05,-0.0037285448,0.8839688,0.986084,0.013916016,0.13635254,0.04894178733229637
4014080,2304.4986468680377,7.0,432.28735,500.0,164.4485,-1.0,-0.12194824,1.0,0.36729944,-0.089898095,-0.0060291793,0.00037266526,-0.006215512,0.8762279,0.986084,0.013916016,0.13586426,0.04921810328960419
4022272,2304.6717694473587,7.0,432.30176,500.0,164.44926,-1.0,-0.12207031,1.0,0.3670927,-0.08990075,-0.0039982735,1.662859e-05,-0.004006588,0.8659959,0.98620605,0.013793945,0.13586426,0.048968102782964706
4030464,2304.7717905053814,7.0,432.60522,500.0,164.14946,-1.0,-0.12182617,1.0,0.366175,-0.08960733,-0.003505956,2.3737208e-05,-0.0035178242,0.85506874,0.9864502,0.013549805,0.13537598,0.048718102276325226
4038656,2304.900114622026,7.0,432.9673,500.0,163.81285,-1.0,-0.12097168,1.0,0.36529046,-0.089112855,-0.0034767636,2.4045423e-05,-0.0034887863,0.85068333,0.9864502,0.013549805,0.13452148,0.048468101769685745
4046848,2304.5518174641556,7.0,433.21106,500.0,163.57442,-1.0,-0.12036133,1.0,0.3646561,-0.08873108,-0.00452792,1.5673437e-05,-0.0045357565,0.8554003,0.9864502,0.013549805,0.13391113,0.048218101263046265
4055040,2319.582928792785,7.0,433.50122,500.0,163.27055,-1.0,-0.11999512,1.0,0.3639392,-0.08845559,-0.004554213,1.6001663e-05,-0.004562214,0.8590734,0.98657227,0.013427734,0.13342285,0.047968100756406784
4063232,2303.4808413427277,7.0,433.85828,500.0,162.90791,-1.0,-0.119140625,1.0,0.36304492,-0.08788115,-0.005517761,0.00024723317,-0.0056413785,0.86733085,0.98657227,0.013427734,0.13256836,0.04827365651726723
4071424,2301.7852616290947,7.0,434.26453,500.0,162.47862,-1.0,-0.11853027,1.0,0.36206657,-0.087353244,-0.006015148,1.5766953e-05,-0.0060230317,0.86563814,0.98669434,0.013305664,0.13183594,0.04802365601062775
4079616,2303.4984459982375,7.0,434.3766,500.0,162.36525,-1.0,-0.11853027,1.0,0.36172926,-0.087316826,-0.0023989906,3.9802617e-05,-0.002418892,0.8564948,0.9868164,0.013183594,0.13171387,0.047773655503988266
4087808,2304.614110556722,7.0,434.48962,500.0,162.24942,-1.0,-0.11828613,1.0,0.36147156,-0.087143704,-0.0014865374,3.6122594e-05,-0.0015045987,0.8561689,0.9868164,0.013183594,0.13146973,0.047523654997348785
4096000,2302.625178084551,7.0,434.60327,500.0,162.13356,-1.0,-0.11804199,1.0,0.3612136,-0.08698218,-0.0023333423,0.00023969173,-0.0024531882,0.8662053,0.9868164,0.013183594,0.13122559,0.04782921075820923
4104192,2338.6732562032657,7.0,434.8047,500.0,161.94794,-1.0,-0.11767578,1.0,0.3604875,-0.08690488,-0.0032149246,9.54854e-06,-0.003219699,0.8734193,0.9869385,0.013061523,0.1307373,0.04757921025156975
4112384,2304.4430058482058,7.0,435.1504,500.0,161.58133,-1.0,-0.11694336,1.0,0.35970908,-0.0863331,-0.005384259,1.0577697e-05,-0.0053895474,0.87027806,0.9869385,0.013061523,0.13000488,0.04732920974493027
4120576,2308.641235226532,7.0,435.08105,500.0,161.67143,-1.0,-0.11682129,1.0,0.35991845,-0.086306095,-0.0039837197,0.0008125119,-0.004389975,0.8645549,0.9868164,0.013183594,0.13000488,0.04803159087896347
4128768,2300.8989624447036,7.0,435.1394,500.0,161.60858,-1.0,-0.11694336,1.0,0.35970908,-0.086423755,-0.0053053284,0.00018598844,-0.0053983224,0.8671329,0.9869385,0.013061523,0.13000488,0.048075709491968155
4136960,2313.8165440624125,7.0,435.42798,500.0,161.30127,-1.0,-0.11633301,1.0,0.35905802,-0.085949175,-0.0009724877,0.00018636345,-0.0010656693,0.8713475,0.9869385,0.013061523,0.12939453,0.04811982810497284
4145152,2305.1289689896744,7.0,435.59998,500.0,161.11934,-1.0,-0.1159668,1.0,0.3586663,-0.08567411,-0.0041266615,0.00015725383,-0.0042052884,0.8726421,0.9869385,0.013061523,0.12902832,0.048163946717977524
4153344,2322.1984579700843,7.0,435.604,500.0,161.10922,-1.0,-0.1159668,1.0,0.3586663,-0.08564427,-0.005836079,0.0006779669,-0.0061750626,0.8721342,0.9869385,0.013061523,0.12902832,0.048913948237895966
4161536,2304.350740412443,7.0,435.6278,500.0,161.08775,-1.0,-0.1159668,1.0,0.3586663,-0.08564232,-0.0017829216,0.00044614793,-0.0020059953,0.86703753,0.9869385,0.013061523,0.12902832,0.04949728026986122
4169728,2304.8814062405877,7.0,435.80054,500.0,160.90373,-1.0,-0.115356445,1.0,0.35835248,-0.08515644,-0.0032717418,0.0002219002,-0.003382692,0.8607214,0.9868164,0.013183594,0.12854004,0.04924727976322174
4177920,2303.7676454289544,7.0,436.02478,500.0,160.68533,-1.0,-0.114746094,1.0,0.35769626,-0.08483916,-0.004510787,3.5333844e-05,-0.0045284545,0.8460936,0.9868164,0.013183594,0.12792969,0.04899727925658226
4186112,2302.8694781816203,7.0,436.25842,500.0,160.43007,-1.0,-0.11425781,1.0,0.35716963,-0.08444135,-0.007635565,0.00022913262,-0.007750132,0.84357554,0.9868164,0.013183594,0.1274414,0.049041397869586945
4194304,2308.8297193534286,7.0,436.37146,500.0,160.31161,-1.0,-0.11401367,1.0,0.35690576,-0.08426939,-0.006203969,0.0001989007,-0.0063034194,0.852056,0.9868164,0.013183594,0.12719727,0.049069177359342575
4202496,2300.9957285265104,7.0,436.5387,500.0,160.13838,-1.0,-0.11364746,1.0,0.35650936,-0.08401777,-0.0027143038,2.184021e-05,-0.0027252238,0.8577457,0.9868164,0.013183594,0.12683105,0.048819176852703094
4210688,2325.225797182598,7.0,436.76868,500.0,159.89082,-1.0,-0.11315918,1.0,0.3559794,-0.08364789,-0.0037856866,1.545861e-05,-0.0037934158,0.8549482,0.9868164,0.013183594,0.12634277,0.048569176346063614
4218880,2304.4867456462407,7.0,436.68127,500.0,160.00775,-1.0,-0.11303711,1.0,0.35618958,-0.08364996,-0.0020560143,0.00032172012,-0.0022168744,0.84717685,0.98669434,0.013305664,0.12634277,0.048596955835819244
4227072,2302.947887431372,7.0,436.88184,500.0,159.83606,-1.0,-0.1126709,1.0,0.35544813,-0.08364019,-0.004729447,0.00033593836,-0.004897416,0.8348477,0.9868164,0.013183594,0.12585449,0.04890251159667969
4235264,2302.928284618366,7.0,436.93884,500.0,159.77527,-1.0,-0.11230469,1.0,0.35539228,-0.083333105,-0.0046994956,0.00010109064,-0.0047500413,0.8302001,0.98669434,0.013305664,0.12561035,0.04865251109004021
4243456,2306.2432727962237,7.0,437.05518,500.0,159.64766,-1.0,-0.11206055,1.0,0.35512573,-0.08313879,-0.0020098905,0.00012739099,-0.002073586,0.82054317,0.98669434,0.013305664,0.12536621,0.04868029057979584
4251648,2304.975415063089,7.0,437.2484,500.0,159.45227,-1.0,-0.111572266,1.0,0.35459158,-0.08283554,-0.003305871,0.00015016079,-0.0033809515,0.82875514,0.98669434,0.013305664,0.12487793,0.04870807006955147
4259840,2301.9775630514514,7.0,437.4818,500.0,159.23932,-1.0,-0.110961914,1.0,0.3539219,-0.08253476,-0.005414211,0.00020189345,-0.005515158,0.83784604,0.98669434,0.013305664,0.12426758,0.04875218868255615
4268032,2302.56191234718,7.0,437.53003,500.0,159.1998,-1.0,-0.110839844,1.0,0.35378766,-0.08250441,-0.0051530525,7.869855e-05,-0.005192402,0.83514136,0.98669434,0.013305664,0.12414551,0.04879630729556084
4276224,2302.1607958997643,7.0,437.5896,500.0,159.13184,-1.0,-0.11071777,1.0,0.35365334,-0.08239511,-0.0037668012,1.890672e-05,-0.0037762544,0.8297193,0.98669434,0.013305664,0.12402344,0.048546306788921356
4284416,2304.8170888328614,7.0,437.58423,500.0,159.14561,-1.0,-0.11071777,1.0,0.35365334,-0.08243592,-0.003319791,0.0002702321,-0.003454907,0.82728565,0.98669434,0.013305664,0.12402344,0.0488518625497818
4292608,2317.092502058155,7.0,437.69385,500.0,159.03378,-1.0,-0.11047363,1.0,0.35338438,-0.08228713,-0.0042231064,0.00019303245,-0.0043196226,0.82276535,0.98669434,0.013305664,0.1237793,0.048895981162786484
4300800,2305.1311340452685,7.0,437.80896,500.0,158.90813,-1.0,-0.11071777,1.0,0.35296232,-0.0824725,-0.0032505514,1.7528539e-05,-0.003259316,0.81987345,0.9869385,0.013061523,0.1237793,0.048645980656147
4308992,2304.718455166848,7.0,438.08887,500.0,158.61258,-1.0,-0.1105957,1.0,0.35213497,-0.082491755,-0.006642897,0.00032998933,-0.0068078917,0.81670815,0.9871826,0.012817383,0.123413086,0.048951536417007446
4317184,2306.2719104547537,7.0,438.08325,500.0,158.62729,-1.0,-0.1105957,1.0,0.35213497,-0.08251381,-0.0042303056,0.00048184028,-0.0044712257,0.8091595,0.9871826,0.012817383,0.123413086,0.04922785237431526
4325376,2304.7439630642516,7.0,438.3158,500.0,158.36842,-1.0,-0.11010742,1.0,0.35159427,-0.082123324,-0.0055288705,1.5226957e-05,-0.0055364836,0.80052257,0.9871826,0.012817383,0.122924805,0.04897785186767578
4333568,2305.288111412551,7.0,438.58997,500.0,158.08533,-1.0,-0.10974121,1.0,0.35084,-0.081914715,-0.006468927,0.00022234875,-0.0065801013,0.7835897,0.9873047,0.0126953125,0.12243652,0.049021970480680466
4341760,2303.604388466819,7.0,438.64673,500.0,158.02388,-1.0,-0.10986328,1.0,0.35062775,-0.082001455,-0.0018498758,5.9654132e-05,-0.0018797029,0.7734331,0.98742676,0.012573242,0.12243652,0.048771969974040985
4349952,2341.8664687015616,7.0,438.70605,500.0,157.95566,-1.0,-0.10974121,1.0,0.35049188,-0.08189434,0.00085081183,3.5810874e-05,0.0008329063,0.7609739,0.98742676,0.012573242,0.12231445,0.048521969467401505
4358144,2336.167263234682,7.0,438.87207,500.0,157.77948,-1.0,-0.109375,1.0,0.3500837,-0.08164262,-0.0034705093,8.2343695e-06,-0.0034746265,0.7563603,0.98742676,0.012573242,0.12194824,0.048271968960762024
4366336,2304.272544671943,7.0,438.98218,500.0,157.66412,-1.0,-0.10913086,1.0,0.34981105,-0.08148624,-0.0052457256,0.00029525132,-0.005393351,0.75528675,0.98742676,0.012573242,0.1217041,0.04854828491806984
4374528,2358.947193576365,7.0,439.15332,500.0,157.47655,-1.0,-0.10876465,1.0,0.34940147,-0.08122062,-0.0053742738,5.1915973e-05,-0.0054002316,0.75644505,0.98742676,0.012573242,0.12133789,0.04857606440782547
4382720,2306.0165186133727,7.0,439.38403,500.0,157.21915,-1.0,-0.10827637,1.0,0.34885392,-0.08084583,-0.0054443274,2.288502e-05,-0.0054557696,0.7538962,0.98742676,0.012573242,0.12084961,0.04832606390118599
4390912,2308.7032842159015,7.0,439.6693,500.0,156.9026,-1.0,-0.107666016,1.0,0.34816736,-0.08038229,-0.003302508,9.083053e-06,-0.0033070496,0.7355923,0.98742676,0.012573242,0.12023926,0.04807606339454651
4399104,2326.5428169068637,7.0,439.83862,500.0,156.71774,-1.0,-0.107299805,1.0,0.34775427,-0.08012587,-0.0045016175,5.5488213e-06,-0.004504391,0.7216422,0.98742676,0.012573242,0.11987305,0.04782606288790703
4407296,2301.408770818665,7.0,439.94617,500.0,156.607,-1.0,-0.107055664,1.0,0.3474784,-0.079982966,-0.0041106935,7.273904e-06,-0.0041143303,0.7227399,0.98742676,0.012573242,0.119628906,0.04757606238126755
4415488,2302.779190679544,7.0,440.23938,500.0,156.26901,-1.0,-0.10644531,1.0,0.34678695,-0.079475895,-0.005269906,1.1040425e-05,-0.0052754255,0.72974265,0.98742676,0.012573242,0.119018555,0.04732606187462807
4423680,2304.9466549710082,7.0,440.23438,500.0,156.28247,-1.0,-0.10620117,1.0,0.34686178,-0.079292044,-0.0030293297,0.0005200335,-0.0032893466,0.7255387,0.9873047,0.0126953125,0.118896484,0.04760237783193588
4431872,2312.1363702493345,7.0,440.52795,500.0,155.94226,-1.0,-0.10559082,1.0,0.3461676,-0.07878217,-0.0041712956,0.0002012347,-0.0042719133,0.7202377,0.9873047,0.0126953125,0.11828613,0.04761553555727005
4440064,2301.503421536422,7.0,440.68604,500.0,155.78337,-1.0,-0.10546875,1.0,0.34567553,-0.07873184,-0.0044808234,0.00021544655,-0.004588547,0.7224641,0.98742676,0.012573242,0.11804199,0.047659654170274734
4448256,2302.0759622512946,7.0,440.80298,500.0,155.64786,-1.0,-0.10522461,1.0,0.34539667,-0.078530155,-0.0013723305,0.00019815585,-0.0014714084,0.72871566,0.98742676,0.012573242,0.11779785,0.047687433660030365
4456448,2302.689527534908,7.0,441.09375,500.0,155.31285,-1.0,-0.1048584,1.0,0.34462366,-0.078239985,-0.0037555648,0.00013115829,-0.0038211434,0.73679143,0.9875488,0.012451172,0.11730957,0.047715213149785995
4464640,2303.4939675954392,7.0,441.32507,500.0,155.04736,-1.0,-0.10437012,1.0,0.34406295,-0.07786073,-0.0059880926,0.00015161734,-0.006063902,0.7317871,0.9875488,0.012451172,0.11682129,0.04775933176279068
4472832,2303.8325221693603,7.0,441.28455,500.0,155.07611,-1.0,-0.10449219,1.0,0.3442033,-0.077888355,-0.0054667625,0.000583615,-0.00575857,0.73066133,0.9875488,0.012451172,0.11694336,0.048298805952072144
4481024,2301.2754405894366,7.0,441.3999,500.0,154.944,-1.0,-0.10424805,1.0,0.34392253,-0.077680856,-0.0019337627,0.000283164,-0.0020753448,0.7280036,0.9875488,0.012451172,0.11669922,0.048326585441827774
4489216,2304.0577655015954,7.0,441.516,500.0,154.80965,-1.0,-0.104003906,1.0,0.34364143,-0.07748788,-0.0062784413,2.0662126e-05,-0.0062887724,0.7256346,0.9875488,0.012451172,0.11645508,0.04807658493518829
4497408,2303.872222357815,7.0,441.68372,500.0,154.62474,-1.0,-0.103637695,1.0,0.34321895,-0.07724595,-0.008411635,7.481302e-05,-0.008449042,0.73369515,0.9875488,0.012451172,0.11608887,0.04812070354819298
4505600,2304.0347447866457,7.0,442.03247,500.0,154.21817,-1.0,-0.10290527,1.0,0.34237134,-0.07666147,-0.004842465,2.0536881e-05,-0.0048527336,0.7404452,0.9875488,0.012451172,0.115356445,0.0478707030415535
4513792,2303.5751992631185,7.0,442.266,500.0,153.94347,-1.0,-0.10241699,1.0,0.34180415,-0.07626559,-0.0027242478,0.00024251305,-0.0028455043,0.7439414,0.9875488,0.012451172,0.114868164,0.04817625880241394
4521984,2315.377923835481,7.0,442.32434,500.0,153.87477,-1.0,-0.10229492,1.0,0.3416621,-0.07616717,-0.00504669,9.3459355e-05,-0.0050934195,0.7456364,0.9875488,0.012451172,0.114746094,0.048220377415418625
4530176,2363.41043878741,7.0,442.50378,500.0,153.65622,-1.0,-0.10192871,1.0,0.3412354,-0.07583472,-0.005762119,0.00017188286,-0.0058480604,0.75275195,0.9875488,0.012451172,0.11437988,0.04826449602842331
4538368,2302.4640887583882,7.0,442.6195,500.0,153.52078,-1.0,-0.10168457,1.0,0.34095037,-0.0756432,-0.0031195884,2.1471515e-05,-0.0031303242,0.76425815,0.9875488,0.012451172,0.11413574,0.04801449552178383
4546560,2306.875324188611,7.0,442.68372,500.0,153.45796,-1.0,-0.10144043,1.0,0.34066492,-0.075556666,-0.0049839816,0.00013252991,-0.005050246,0.7676269,0.9875488,0.012451172,0.1138916,0.04805861413478851
4554752,2302.1953481229293,7.0,442.8617,500.0,153.24231,-1.0,-0.10107422,1.0,0.34023604,-0.07523465,-0.004410663,1.9422301e-05,-0.004420374,0.7708773,0.9875488,0.012451172,0.11352539,0.04780861362814903
4562944,2308.6859101626765,7.0,442.87244,500.0,153.25337,-1.0,-0.10095215,1.0,0.34009287,-0.07526395,-0.0057530273,0.00031833645,-0.005912196,0.7814325,0.9875488,0.012451172,0.11340332,0.048114169389009476
4571136,2303.8716044455673,7.0,442.99036,500.0,153.11139,-1.0,-0.10070801,1.0,0.33980617,-0.07505594,-0.006269372,0.00013345001,-0.0063360976,0.791869,0.9875488,0.012451172,0.11315918,0.04815828800201416
4579328,2321.3181706954724,7.0,443.1089,500.0,152.96748,-1.0,-0.10046387,1.0,0.33951908,-0.07484272,-0.0034531453,1.9490932e-05,-0.0034628902,0.79212785,0.9875488,0.012451172,0.11291504,0.04790828749537468
4587520,2323.094491438561,7.0,443.34058,500.0,152.69374,-1.0,-0.099975586,1.0,0.3389437,-0.07445912,-0.005283409,0.00016932531,-0.0053680716,0.78506345,0.9875488,0.012451172,0.11242676,0.04793606698513031
4595712,2313.643447053321,7.0,443.3999,500.0,152.6213,-1.0,-0.099853516,1.0,0.3387995,-0.074352,-0.0036123055,4.336366e-05,-0.0036339876,0.7832258,0.9875488,0.012451172,0.11230469,0.04768606647849083
4603904,2301.2432278570964,7.0,443.75305,500.0,152.19339,-1.0,-0.099121094,1.0,0.33793262,-0.0737332,-0.0057078954,0.000103286264,-0.005759538,0.78042424,0.9875488,0.012451172,0.111572266,0.04771384596824646
4612096,2304.9873213327733,7.0,443.92883,500.0,151.98085,-1.0,-0.09875488,1.0,0.33749768,-0.07343,-0.0056882445,2.6299022e-05,-0.0057013943,0.7771036,0.9875488,0.012451172,0.111206055,0.04746384546160698
4620288,2306.8663411203197,7.0,444.03455,500.0,151.86717,-1.0,-0.09851074,1.0,0.33720723,-0.07328802,-0.0031180661,1.1568619e-05,-0.0031238506,0.7715946,0.9875488,0.012451172,0.110961914,0.0472138449549675
4628480,2318.004302372876,7.0,444.24084,500.0,151.64265,-1.0,-0.09875488,1.0,0.33641085,-0.073428676,-0.004464071,0.00036095423,-0.004644548,0.7656381,0.98791504,0.012084961,0.110839844,0.047490160912275314
4636672,2302.919177913255,7.0,444.29346,500.0,151.58751,-1.0,-0.09863281,1.0,0.33626524,-0.0733699,-0.0047329054,0.00015351317,-0.0048096627,0.757217,0.98791504,0.012084961,0.11071777,0.04753427952528
4644864,2303.531957358054,7.0,444.5299,500.0,151.29626,-1.0,-0.09790039,1.0,0.33575282,-0.072721444,-0.00505492,0.00024015324,-0.0051749973,0.74849254,0.98779297,0.012207031,0.11010742,0.04728427901864052
4653056,2302.6443127971775,7.0,444.75146,500.0,151.04482,-1.0,-0.09790039,1.0,0.33502486,-0.07274115,-0.00585848,0.00023971427,-0.0059783366,0.7484572,0.9880371,0.011962891,0.10986328,0.04758983477950096
4661248,2304.1691675407956,7.0,444.8617,500.0,150.92029,-1.0,-0.09790039,1.0,0.33466032,-0.07279566,-0.005870876,0.00032164602,-0.0060316985,0.7643691,0.9881592,0.01184082,0.10974121,0.048129308968782425
4669440,2303.9684662366476,7.0,444.97974,500.0,150.7742,-1.0,-0.09814453,1.0,0.33422378,-0.07300697,-0.0051746424,3.0844025e-05,-0.0051900647,0.77330184,0.9884033,0.01159668,0.10974121,0.04817342758178711
4677632,2302.31829457757,7.0,445.09412,500.0,150.63803,-1.0,-0.09790039,1.0,0.33393,-0.07282628,-0.0034586592,3.270068e-05,-0.0034750092,0.77722156,0.9884033,0.01159668,0.10949707,0.048217546194791794
4685824,2304.1405820788937,7.0,445.09375,500.0,150.63907,-1.0,-0.09765625,1.0,0.3340015,-0.072621495,-0.0035903156,0.00023545671,-0.003708044,0.77846086,0.98828125,0.01171875,0.109375,0.04796754568815231
4694016,2303.6772874864987,7.0,445.56006,500.0,150.06808,-1.0,-0.09667969,1.0,0.3328216,-0.07183358,-0.0037349316,2.9238738e-05,-0.0037495508,0.7783631,0.98828125,0.01171875,0.10839844,0.04771754518151283
4702208,2303.93911331866,7.0,445.80542,500.0,149.82047,-1.0,-0.09631348,1.0,0.33200988,-0.0716376,-0.003756201,0.00014082187,-0.0038266117,0.7851246,0.9884033,0.01159668,0.107910156,0.04776166379451752
4710400,2348.377670667733,7.0,445.98267,500.0,149.59795,-1.0,-0.095947266,1.0,0.33156407,-0.071321934,-0.0027547358,2.1475431e-05,-0.0027654734,0.7922526,0.9884033,0.01159668,0.107543945,0.047511663287878036
4718592,2308.241254429845,7.0,446.12573,500.0,149.39986,-1.0,-0.095458984,1.0,0.33133677,-0.07102648,-0.00023777307,0.0002478481,-0.00036169717,0.7835926,0.98828125,0.01171875,0.107177734,0.047261662781238556
4726784,2304.030418797598,7.0,446.36694,500.0,149.13603,-1.0,-0.09509277,1.0,0.33052006,-0.07059839,-0.0019640895,0.00023101257,-0.0020795956,0.77626735,0.9884033,0.01159668,0.10668945,0.047289442270994186
4734976,2302.781968650964,7.0,446.4276,500.0,149.0568,-1.0,-0.0949707,1.0,0.3303704,-0.07047975,-0.0052072536,0.00021123933,-0.005312873,0.7702704,0.9884033,0.01159668,0.10656738,0.04733356088399887
4743168,2303.2830391072416,7.0,446.53784,500.0,148.92961,-1.0,-0.09472656,1.0,0.3300709,-0.0702655,-0.004611441,0.00015300873,-0.0046879454,0.77071756,0.9884033,0.01159668,0.10632324,0.04708356037735939
4751360,2356.8693983969597,7.0,446.5725,500.0,148.90901,-1.0,-0.09460449,1.0,0.32992095,-0.07025144,-0.004894325,3.8573504e-05,-0.004913612,0.76693606,0.9884033,0.01159668,0.10620117,0.04683355987071991
4759552,2306.2449755560333,7.0,446.7334,500.0,148.72461,-1.0,-0.09448242,1.0,0.3294005,-0.07022434,-0.002125404,2.208064e-05,-0.0021364444,0.7699308,0.9885254,0.011474609,0.10595703,0.04658355936408043
4767744,2304.5882963851896,7.0,447.02393,500.0,148.36299,-1.0,-0.09387207,1.0,0.3286477,-0.069739684,-0.0029002093,4.2270098e-05,-0.0029213442,0.7744673,0.9885254,0.011474609,0.10534668,0.04661133885383606
4775936,2301.8674522909887,7.0,447.14124,500.0,148.21478,-1.0,-0.09362793,1.0,0.32834578,-0.06953661,-0.005315776,0.00015480889,-0.0053931805,0.77744246,0.9885254,0.011474609,0.10510254,0.046655457466840744
4784128,2303.351131124289,7.0,447.45447,500.0,147.84087,-1.0,-0.09289551,1.0,0.32743722,-0.06903065,-0.0019443316,1.0213325e-05,-0.0019494384,0.78442496,0.9885254,0.011474609,0.10437012,0.04640545696020126
4792320,2303.787262534113,7.0,447.6836,500.0,147.55812,-1.0,-0.09240723,1.0,0.32682925,-0.06866764,-0.0033896517,1.6228003e-05,-0.0033977656,0.7977015,0.9885254,0.011474609,0.103881836,0.04615545645356178
4800512,2318.3149128226664,7.0,447.96973,500.0,147.20369,-1.0,-0.091796875,1.0,0.3260666,-0.06821029,-0.0005216563,2.4732613e-05,-0.0005340227,0.81457824,0.9885254,0.011474609,0.103271484,0.0459054559469223
4808704,2302.735052699592,7.0,448.18677,500.0,146.90367,-1.0,-0.091430664,1.0,0.32560763,-0.06780116,-0.006213942,0.00030997844,-0.0063689314,0.8235347,0.9885254,0.011474609,0.10290527,0.04594957455992699
4816896,2304.7207740432805,7.0,448.21033,500.0,146.91646,-1.0,-0.09106445,1.0,0.32552275,-0.06749003,-0.003829232,0.00046119135,-0.004059828,0.828473,0.9884033,0.01159668,0.10266113,0.04619957506656647
4825088,2304.4148772440385,7.0,448.32544,500.0,146.77219,-1.0,-0.09082031,1.0,0.32521585,-0.06730478,-0.0037482618,1.1314969e-05,-0.0037539194,0.8202798,0.9884033,0.01159668,0.10241699,0.04594957455992699
4833280,2317.410526802817,7.0,448.50183,500.0,146.54457,-1.0,-0.0904541,1.0,0.32475457,-0.06699694,-0.0034702015,1.4794067e-05,-0.0034775985,0.8124175,0.9884033,0.01159668,0.10205078,0.045699574053287506
4841472,2304.561246227141,7.0,448.67737,500.0,146.3188,-1.0,-0.09008789,1.0,0.32429215,-0.06669541,-0.005663571,1.1094424e-05,-0.0056691174,0.80557716,0.9884033,0.01159668,0.10168457,0.045449573546648026
4849664,2303.1961156931834,7.0,448.8589,500.0,146.09645,-1.0,-0.08935547,1.0,0.32374153,-0.06617549,-0.0019305166,6.8294954e-05,-0.001964664,0.7943357,0.98828125,0.01171875,0.10107422,0.045199573040008545
4857856,2303.9610506920217,7.0,448.97266,500.0,145.95451,-1.0,-0.08911133,1.0,0.32343155,-0.06599799,-0.0034849774,2.7767694e-05,-0.0034988616,0.7914257,0.98828125,0.01171875,0.10083008,0.044949572533369064
4866048,2304.8993415423975,7.0,449.35754,500.0,145.48395,-1.0,-0.08850098,1.0,0.32227615,-0.06544381,-0.0036789603,3.754479e-05,-0.0036977325,0.80066955,0.9884033,0.01159668,0.100097656,0.044699572026729584
4874240,2303.9279903030447,7.0,449.47717,500.0,145.32402,-1.0,-0.088256836,1.0,0.32196417,-0.0652211,-0.003226447,0.00018529713,-0.0033190954,0.8031508,0.9884033,0.01159668,0.099853516,0.04474369063973427
4882432,2321.7481117915363,7.0,449.53662,500.0,145.24506,-1.0,-0.088134766,1.0,0.32180795,-0.06511307,-0.002997981,0.0003866033,-0.0031912825,0.8065013,0.9884033,0.01159668,0.099731445,0.045020006597042084
4890624,2366.427437213264,7.0,449.47498,500.0,145.33047,-1.0,-0.088256836,1.0,0.32196417,-0.06523901,-0.0044799955,0.00027992018,-0.004619955,0.80980533,0.9884033,0.01159668,0.099853516,0.04532556235790253
4898816,2319.407871992552,7.0,449.63965,500.0,145.12904,-1.0,-0.087890625,1.0,0.3214953,-0.064986005,-0.005650188,2.0047275e-05,-0.0056602117,0.81411964,0.9884033,0.01159668,0.099487305,0.045075561851263046
4907008,2341.0689832978856,7.0,449.98535,500.0,144.68567,-1.0,-0.08691406,1.0,0.3206205,-0.06420384,-0.0014453446,6.0155337e-05,-0.0014754222,0.8167353,0.98828125,0.01171875,0.09863281,0.044825561344623566
4915200,2304.8158519948147,7.0,450.0443,500.0,144.6076,-1.0,-0.08679199,1.0,0.32046315,-0.0640999,-0.006192616,1.2917136e-05,-0.006199075,0.82131326,0.98828125,0.01171875,0.09851074,0.044575560837984085
4923392,2306.366187555046,7.0,450.1029,500.0,144.53056,-1.0,-0.08666992,1.0,0.32030568,-0.06399906,0.00031392527,2.5622132e-05,0.00030111428,0.8393348,0.98828125,0.01171875,0.09838867,0.044325560331344604
4931584,2304.623848987232,7.0,450.15857,500.0,144.46217,-1.0,-0.08630371,1.0,0.32021403,-0.063699305,-0.0035532294,0.00020580343,-0.0036561307,0.8430317,0.9881592,0.01184082,0.09814453,0.044075559824705124
4939776,2366.3373122445805,7.0,450.45642,500.0,144.0613,-1.0,-0.08569336,1.0,0.31942388,-0.06315633,-0.0049398714,0.00017644576,-0.005028094,0.8470357,0.9881592,0.01184082,0.09753418,0.04411967843770981
4947968,2342.3949144283083,7.0,450.33728,500.0,144.22198,-1.0,-0.0859375,1.0,0.31974036,-0.06337496,-0.00149852,0.00036717672,-0.0016821085,0.85464776,0.9881592,0.01184082,0.09777832,0.04442523419857025
4956160,2303.7491098885293,7.0,450.3977,500.0,144.14357,-1.0,-0.0859375,1.0,0.31935835,-0.063270874,-0.005182242,1.5171438e-05,-0.0051898276,0.85497564,0.98828125,0.01171875,0.09765625,0.04417523369193077
4964352,2302.7136016350196,7.0,450.47192,500.0,144.07889,-1.0,-0.0859375,1.0,0.31897587,-0.06339812,-0.0022846628,0.0001542872,-0.0023618066,0.85579604,0.9884033,0.01159668,0.09753418,0.044219352304935455
4972544,2304.586132349177,7.0,450.50928,500.0,144.05528,-1.0,-0.08581543,1.0,0.31881732,-0.06340012,-0.0046257684,0.0002570428,-0.0047542895,0.8614221,0.9884033,0.01159668,0.09741211,0.0445249080657959
4980736,2304.681972125209,7.0,450.38953,500.0,144.21788,-1.0,-0.08605957,1.0,0.31913424,-0.06362427,-0.0019432623,0.00022306424,-0.0020547942,0.8732612,0.9884033,0.01159668,0.09765625,0.044801224023103714
4988928,2315.6795592680996,7.0,450.4879,500.0,144.11414,-1.0,-0.08557129,1.0,0.31888297,-0.06331012,-0.003775555,0.000255101,-0.0039031054,0.8749711,0.98828125,0.01171875,0.09729004,0.044829003512859344
4997120,2303.623385012617,7.0,450.604,500.0,143.96242,-1.0,-0.08532715,1.0,0.31856543,-0.06309421,-0.0031635903,0.00011857281,-0.0032228767,0.86705416,0.98828125,0.01171875,0.0970459,0.044579003006219864
5005312,2341.6692008590912,7.0,450.6803,500.0,143.88112,-1.0,-0.08483887,1.0,0.31831253,-0.06276179,-0.002550051,4.1557843e-05,-0.0025708298,0.8538482,0.9881592,0.01184082,0.09667969,0.04432900249958038
5013504,2310.5740749731854,7.0,450.62024,500.0,143.96318,-1.0,-0.08496094,1.0,0.3184717,-0.06287557,-0.0043316996,9.320162e-05,-0.0043783,0.84935606,0.9881592,0.01184082,0.09680176,0.04437312111258507
5021696,2321.2483849940013,7.0,450.84583,500.0,143.67786,-1.0,-0.084472656,1.0,0.31783435,-0.06253637,-0.002741109,2.0066516e-05,-0.0027511427,0.8540471,0.9881592,0.01184082,0.09631348,0.04412312060594559
5029888,2303.0576384779247,7.0,451.00623,500.0,143.48534,-1.0,-0.084106445,1.0,0.31735498,-0.06229809,-0.0016528127,0.00025877103,-0.0017821982,0.85270023,0.9881592,0.01184082,0.095947266,0.04415090009570122
5038080,2303.249380594815,7.0,451.1222,500.0,143.33293,-1.0,-0.083862305,1.0,0.31703478,-0.062107086,-0.006012257,0.00024075666,-0.006132635,0.85318387,0.9881592,0.01184082,0.095703125,0.04445645585656166
5046272,2304.9356768455573,7.0,451.23877,500.0,143.17838,-1.0,-0.083862305,1.0,0.3166495,-0.062108073,-0.0018271838,1.1870997e-05,-0.0018331194,0.86061054,0.98828125,0.01171875,0.095581055,0.04420645534992218
5054464,2308.3457726752526,7.0,451.35645,500.0,143.02022,-1.0,-0.083618164,1.0,0.31632844,-0.061902188,-0.0035062828,0.00011618742,-0.0035643764,0.8590398,0.98828125,0.01171875,0.095336914,0.044250573962926865
5062656,2319.103699282044,7.0,451.594,500.0,142.6965,-1.0,-0.08312988,1.0,0.31568465,-0.061472513,-0.0025725495,0.00044376522,-0.0027944322,0.85501957,0.98828125,0.01171875,0.09484863,0.04452688992023468
5070848,2305.424382007703,7.0,451.76514,500.0,142.47357,-1.0,-0.08300781,1.0,0.31513628,-0.061337512,0.00030924968,3.8330003e-05,0.00029008475,0.86605537,0.9884033,0.01159668,0.09460449,0.0442768894135952
5079040,2303.3685793866116,7.0,451.828,500.0,142.38257,-1.0,-0.0826416,1.0,0.31503886,-0.06098695,-0.003003645,0.00039241975,-0.0031998549,0.8706814,0.98828125,0.01171875,0.09436035,0.04430466890335083
5087232,2304.526159253897,7.0,452.00195,500.0,142.15073,-1.0,-0.08227539,1.0,0.31455308,-0.06069656,-0.0046457583,2.2132092e-05,-0.0046568243,0.86138785,0.98828125,0.01171875,0.09399414,0.04405466839671135
5095424,2303.8005467477947,7.0,452.06494,500.0,142.05827,-1.0,-0.08215332,1.0,0.3143909,-0.060560193,-0.006006323,0.0002255372,-0.006119091,0.86027944,0.98828125,0.01171875,0.09387207,0.044117167592048645
5103616,2352.826427399653,7.0,452.24133,500.0,141.81842,-1.0,-0.08178711,1.0,0.3139036,-0.060252376,-0.0052513964,2.0827485e-05,-0.00526181,0.8564206,0.98828125,0.01171875,0.09350586,0.043867167085409164
5111808,2328.473412338035,7.0,452.1803,500.0,141.90527,-1.0,-0.08166504,1.0,0.31412977,-0.060150698,-0.0030121657,0.0002488999,-0.0031366155,0.85859615,0.9881592,0.01184082,0.09350586,0.04388032481074333
5120000,2303.552651495775,7.0,452.01013,500.0,142.13432,-1.0,-0.08178711,1.0,0.3146804,-0.06024573,-0.0045456337,0.00078220526,-0.004936736,0.8601198,0.9880371,0.011962891,0.09375,0.044766686856746674
5128192,2313.2040434522128,7.0,452.01013,500.0,142.13431,-1.0,-0.08178711,1.0,0.31468037,-0.060245726,-0.0022648973,1.7189202e-05,-0.002273492,0.8566962,0.9880371,0.011962891,0.09375,0.04451668635010719
5136384,2411.838649854236,7.0,452.00476,500.0,142.15004,-1.0,-0.08178711,1.0,0.3146804,-0.06028401,-0.004706728,0.00022726026,-0.004820358,0.8531962,0.9880371,0.011962891,0.09375,0.04456080496311188
5144576,2306.6134499949785,7.0,451.87646,500.0,142.34175,-1.0,-0.08178711,1.0,0.31506807,-0.060353838,-0.0020724935,0.0007306011,-0.0024377939,0.84826624,0.98791504,0.012084961,0.09387207,0.04526318609714508
5152768,2302.1436744234848,7.0,452.11096,500.0,142.0246,-1.0,-0.08129883,1.0,0.31441888,-0.05994581,-0.004370033,0.00014226552,-0.0044411654,0.85286,0.98791504,0.012084961,0.09338379,0.04529096558690071
5160960,2303.588326591241,7.0,452.3479,500.0,141.69911,-1.0,-0.08105469,1.0,0.31370464,-0.059719995,-0.0045752428,0.00024073862,-0.004695612,0.8550341,0.9880371,0.011962891,0.09301758,0.04530412331223488
5169152,2303.2895238877945,7.0,452.52527,500.0,141.48541,-1.0,-0.080566406,1.0,0.3130515,-0.05946753,-0.0035039177,0.00018894812,-0.003598392,0.85616845,0.9880371,0.011962891,0.0925293,0.04560967907309532
5177344,2302.844629120228,7.0,452.99426,500.0,140.84439,-1.0,-0.079833984,1.0,0.31167635,-0.058864146,-0.0048221103,0.00013412478,-0.004889172,0.85576934,0.9881592,0.01184082,0.091674805,0.045653797686100006
5185536,2305.368386918907,7.0,452.99475,500.0,140.84288,-1.0,-0.079833984,1.0,0.31167635,-0.05885984,-0.0046153525,0.00011439562,-0.0046725506,0.85236037,0.9881592,0.01184082,0.091674805,0.04569791629910469
5193728,2303.153042400526,7.0,452.99426,500.0,140.8444,-1.0,-0.080078125,1.0,0.31161374,-0.059080683,-0.0052196444,8.075253e-05,-0.0052600205,0.84825635,0.98828125,0.01171875,0.091796875,0.045742034912109375
5201920,2328.5450533865037,7.0,452.99487,500.0,140.84459,-1.0,-0.079956055,1.0,0.31144914,-0.05907983,-0.0031755269,2.4847319e-05,-0.0031879507,0.8463984,0.98828125,0.01171875,0.091674805,0.045492034405469894
5210112,2305.9676136597004,7.0,453.10803,500.0,140.69615,-1.0,-0.07946777,1.0,0.31118208,-0.058687426,-0.0023746085,0.0001568875,-0.0024530524,0.8441068,0.9881592,0.01184082,0.091308594,0.045519813895225525
5218304,2301.8176437407637,7.0,453.27734,500.0,140.47385,-1.0,-0.07910156,1.0,0.31068656,-0.058431532,-0.005239413,0.00012455916,-0.005301693,0.8320273,0.9881592,0.01184082,0.09094238,0.045547593384981155
5226496,2304.2094974256834,7.0,453.0974,500.0,140.72835,-1.0,-0.07897949,1.0,0.31130636,-0.058315493,-0.0050317678,0.00037297388,-0.0052182544,0.82984054,0.98791504,0.012084961,0.09106445,0.045547593384981155
5234688,2304.898568463287,7.0,453.14343,500.0,140.68405,-1.0,-0.07885742,1.0,0.3111412,-0.058294687,-0.0026266747,0.00017754237,-0.0027154456,0.8292674,0.98791504,0.012084961,0.09094238,0.04559171199798584
5242880,2305.525706002169,7.0,453.2207,500.0,140.60643,-1.0,-0.07861328,1.0,0.31081048,-0.05821213,-0.004832439,9.83169e-06,-0.004837355,0.83480394,0.98791504,0.012084961,0.09069824,0.04534171149134636
5251072,2304.6314233789735,7.0,453.27368,500.0,140.5427,-1.0,-0.07824707,1.0,0.31070647,-0.05795912,-0.0024791446,0.00047797497,-0.002718132,0.83685064,0.98779297,0.012207031,0.0904541,0.045618027448654175
5259264,2303.8112051230287,7.0,453.45044,500.0,140.2976,-1.0,-0.078125,1.0,0.3101474,-0.057847865,-0.005733368,3.089907e-05,-0.0057488177,0.8302553,0.98791504,0.012084961,0.09020996,0.045368026942014694
5267456,2344.1041761666374,7.0,453.51843,500.0,140.2159,-1.0,-0.07836914,1.0,0.30969185,-0.057954535,-0.006372298,1.842032e-05,-0.006381508,0.826373,0.9881592,0.01184082,0.09020996,0.045118026435375214
5275648,2320.5799095007465,7.0,453.6338,500.0,140.05942,-1.0,-0.078125,1.0,0.30935922,-0.057765238,-0.0060048033,0.00022845932,-0.0061190333,0.8274719,0.9881592,0.01184082,0.08996582,0.045145805925130844
5283840,2319.3815687819665,7.0,453.72766,500.0,139.95737,-1.0,-0.07775879,1.0,0.3088592,-0.05764669,-0.0053162854,1.64774e-05,-0.005324524,0.8222146,0.9881592,0.01184082,0.08959961,0.044895805418491364
5292032,2306.063723146754,7.0,453.552,500.0,140.20013,-1.0,-0.07788086,1.0,0.30942073,-0.057747982,-0.003648439,0.00069409714,-0.003995488,0.81762946,0.9880371,0.011962891,0.08984375,0.045395806431770325
5300224,2302.4824493346136,7.0,453.58777,500.0,140.1746,-1.0,-0.07775879,1.0,0.30925417,-0.05773259,-0.0024851437,0.00012727237,-0.00254878,0.8197087,0.9880371,0.011962891,0.08972168,0.04543992504477501
5308416,2304.720001083951,7.0,453.81714,500.0,139.86522,-1.0,-0.07727051,1.0,0.30858636,-0.057363883,-0.003293618,0.00027017487,-0.003428706,0.8228703,0.9880371,0.011962891,0.0892334,0.04574548080563545
5316608,2308.0032548736117,7.0,453.93445,500.0,139.70229,-1.0,-0.07702637,1.0,0.30825165,-0.05716099,-0.0049249576,0.00023907717,-0.005044496,0.8279737,0.9880371,0.011962891,0.08898926,0.046051036566495895
5324800,2314.1137205628484,7.0,453.69006,500.0,140.05762,-1.0,-0.07727051,1.0,0.3089817,-0.057415582,-0.006402327,0.00045149142,-0.0066280738,0.8368564,0.98791504,0.012084961,0.08935547,0.0467534177005291
5332992,2421.824951189565,7.0,453.7738,500.0,139.98442,-1.0,-0.07702637,1.0,0.3086474,-0.05737652,-0.0023939032,0.00010281136,-0.0024453087,0.8406473,0.98791504,0.012084961,0.08911133,0.04679753631353378
5341184,2350.6849341909247,7.0,453.88928,500.0,139.82738,-1.0,-0.07678223,1.0,0.30831257,-0.05718925,-0.0038906678,0.00014001147,-0.0039606737,0.8454927,0.98791504,0.012084961,0.08886719,0.04684165492653847
5349376,2305.8102342649904,7.0,453.9486,500.0,139.74379,-1.0,-0.076660156,1.0,0.30814493,-0.05708213,-0.0043533454,3.9895847e-05,-0.0043732934,0.83863574,0.98791504,0.012084961,0.08874512,0.04659165441989899
5357568,2303.7846366030317,7.0,454.18347,500.0,139.41621,-1.0,-0.076171875,1.0,0.307473,-0.056672536,-0.0063913204,0.00015778831,-0.0064702146,0.8327403,0.98791504,0.012084961,0.088256836,0.04661943390965462
5365760,2317.9462871897954,7.0,454.3485,500.0,139.19989,-1.0,-0.075805664,1.0,0.3069676,-0.05641915,-0.0067026257,2.4730547e-05,-0.0067149904,0.84395933,0.98791504,0.012084961,0.087890625,0.04636943340301514
5373952,2302.0667080496905,7.0,454.46765,500.0,139.02995,-1.0,-0.07556152,1.0,0.30662993,-0.056200556,-0.004275167,2.862087e-05,-0.004289477,0.8537596,0.98791504,0.012084961,0.087646484,0.046119432896375656
5382144,2306.551358448933,7.0,454.64648,500.0,138.77411,-1.0,-0.07519531,1.0,0.30612236,-0.05587157,-0.0043631564,2.261967e-05,-0.004374466,0.8598581,0.98791504,0.012084961,0.08728027,0.045869432389736176
5390336,2309.067268695355,7.0,454.82227,500.0,138.52686,-1.0,-0.07507324,1.0,0.30555362,-0.055790268,-0.00510177,0.00021627167,-0.005209907,0.8594385,0.9880371,0.011962891,0.08703613,0.045897211879491806
5398528,2308.7740241323822,7.0,454.83154,500.0,138.54054,-1.0,-0.07495117,1.0,0.30538377,-0.055827204,-0.0027660106,0.00022259504,-0.002877308,0.8634923,0.9880371,0.011962891,0.08691406,0.04620276764035225
5406720,2302.9395523362414,7.0,454.82263,500.0,138.56795,-1.0,-0.07495117,1.0,0.3053838,-0.055837892,-0.0007279733,0.00015200209,-0.0008039744,0.86485887,0.9880371,0.011962891,0.08691406,0.04623054713010788
5414912,2303.590797634444,7.0,454.8546,500.0,138.55276,-1.0,-0.07458496,1.0,0.3052736,-0.05562248,-0.0029521477,0.00043770229,-0.0031709992,0.8687177,0.98791504,0.012084961,0.08666992,0.046694833785295486
5423104,2328.306161852256,7.0,454.97192,500.0,138.38734,-1.0,-0.07434082,1.0,0.30493307,-0.055419028,-0.0060426528,3.641391e-05,-0.00606086,0.8741732,0.98791504,0.012084961,0.08642578,0.046444833278656006
5431296,2304.0616280827285,7.0,454.9109,500.0,138.47763,-1.0,-0.07446289,1.0,0.30510336,-0.05554122,-0.006235373,0.00035626919,-0.0064135073,0.8830046,0.98791504,0.012084961,0.08654785,0.04698430746793747
5439488,2303.1868524835127,7.0,455.02576,500.0,138.31978,-1.0,-0.07421875,1.0,0.3047626,-0.055358,-0.0040287524,0.0001302676,-0.0040938864,0.89625394,0.98791504,0.012084961,0.08630371,0.047028426080942154
5447680,2304.8020922610717,7.0,455.0807,500.0,138.24841,-1.0,-0.07409668,1.0,0.30459198,-0.05528516,-0.0044314614,0.00033656572,-0.004599744,0.90968275,0.98791504,0.012084961,0.08618164,0.0473339818418026
5455872,2334.5937496008196,7.0,455.3169,500.0,137.91121,-1.0,-0.0736084,1.0,0.3039081,-0.054865293,-0.0024501744,0.00019872366,-0.0025495363,0.9207786,0.98791504,0.012084961,0.08569336,0.04736176133155823
5464064,2304.6490456258925,7.0,455.51147,500.0,137.6533,-1.0,-0.07312012,1.0,0.30322182,-0.05454486,-0.005569761,3.9169812e-05,-0.0055893464,0.9222442,0.98791504,0.012084961,0.08520508,0.04711176082491875
5472256,2346.3466447636224,7.0,455.60083,500.0,137.54924,-1.0,-0.07287598,1.0,0.30287787,-0.05442204,-0.004123051,1.8877323e-05,-0.0041324897,0.92357117,0.98791504,0.012084961,0.08496094,0.046861760318279266
5480448,2304.910319321729,7.0,455.71436,500.0,137.39322,-1.0,-0.072631836,1.0,0.30253327,-0.05424216,-0.0046926076,0.00016176817,-0.0047734915,0.9255326,0.98791504,0.012084961,0.0847168,0.04690587893128395
5488640,2304.1898731291058,7.0,455.77368,500.0,137.30736,-1.0,-0.072509766,1.0,0.3023607,-0.054135043,-0.0056005456,1.52335615e-05,-0.005608163,0.9272062,0.98791504,0.012084961,0.08459473,0.04665587842464447
5496832,2304.3301864724326,7.0,456.1239,500.0,136.80882,-1.0,-0.071777344,1.0,0.30132255,-0.053538784,-0.0043904725,1.0454502e-05,-0.0043956996,0.9184141,0.98791504,0.012084961,0.083862305,0.04640587791800499
5505024,2324.444635007661,7.0,456.2959,500.0,136.56805,-1.0,-0.07141113,1.0,0.30080143,-0.053262215,-0.0040121903,1.5677633e-05,-0.0040200287,0.9090694,0.98791504,0.012084961,0.083496094,0.04615587741136551
5513216,2303.2865902920694,7.0,456.23206,500.0,136.6689,-1.0,-0.07128906,1.0,0.3010332,-0.053178184,-0.0030104155,0.00048128457,-0.003251058,0.89486337,0.98779297,0.012207031,0.083496094,0.046432193368673325
5521408,2340.6843166689328,7.0,456.23218,500.0,136.6685,-1.0,-0.07128906,1.0,0.3010332,-0.053177144,-0.006592761,0.00016081866,-0.0066731703,0.88331544,0.98779297,0.012207031,0.083496094,0.046459972858428955
5529600,2306.7851869158094,7.0,456.46448,500.0,136.3443,-1.0,-0.07067871,1.0,0.30016214,-0.052801497,-0.005100342,2.665235e-05,-0.005113668,0.88692397,0.98779297,0.012207031,0.08288574,0.046209972351789474
5537792,2302.817465542424,7.0,456.52393,500.0,136.25708,-1.0,-0.07055664,1.0,0.2999874,-0.052693292,-0.0021125118,1.9888794e-05,-0.0021224562,0.8942351,0.98779297,0.012207031,0.08276367,0.045959971845149994
5545984,2316.5260560600877,7.0,456.77917,500.0,135.93684,-1.0,-0.07019043,1.0,0.29905456,-0.05246249,-0.005241478,0.00012423856,-0.0053035966,0.888266,0.98791504,0.012084961,0.08227539,0.045987751334905624
5554176,2307.179860610627,7.0,457.06372,500.0,135.53685,-1.0,-0.06982422,1.0,0.29811838,-0.052221227,-0.0054891794,1.4175139e-05,-0.0054962668,0.8800933,0.9880371,0.011962891,0.08178711,0.045737750828266144
5562368,2305.185725719722,7.0,457.29468,500.0,135.20622,-1.0,-0.06958008,1.0,0.29735553,-0.052061733,-0.006061524,8.930679e-06,-0.006065991,0.8758615,0.9881592,0.01184082,0.0814209,0.04548775032162666
5570560,2304.2249498629426,7.0,457.35388,500.0,135.11868,-1.0,-0.06945801,1.0,0.29717878,-0.051955685,-0.0041856924,1.3513315e-05,-0.0041924487,0.8700526,0.9881592,0.01184082,0.08129883,0.04523774981498718
5578752,2329.116445931041,7.0,457.4724,500.0,134.94296,-1.0,-0.06896973,1.0,0.2968816,-0.051523715,-0.00501399,0.00020470959,-0.005116345,0.86849594,0.9880371,0.011962891,0.08093262,0.0449877493083477
5586944,2301.2345968475524,7.0,457.62024,500.0,134.74983,-1.0,-0.068603516,1.0,0.2963492,-0.051300514,-0.0044501526,9.095878e-06,-0.0044547003,0.8783288,0.9880371,0.011962891,0.080566406,0.04473774880170822
5595136,2310.132885287851,7.0,457.73535,500.0,134.58453,-1.0,-0.068359375,1.0,0.2959935,-0.05111577,-0.005399721,0.0001317896,-0.0054656165,0.8871093,0.9880371,0.011962891,0.080322266,0.04476552829146385
5603328,2303.4337424909063,7.0,457.97168,500.0,134.23308,-1.0,-0.067871094,1.0,0.2952802,-0.050695248,-0.0033688082,1.3523945e-05,-0.0033755703,0.8937043,0.9880371,0.011962891,0.079833984,0.04451552778482437
5611520,2304.8891369399,7.0,458.02844,500.0,134.15251,-1.0,-0.06774902,1.0,0.29510146,-0.05060851,-0.0052998546,1.2712395e-05,-0.005306211,0.9021371,0.9880371,0.011962891,0.079711914,0.04426552727818489
5619712,2305.3656027037127,7.0,458.14368,500.0,133.98567,-1.0,-0.06774902,1.0,0.2946875,-0.050604768,-0.0055405805,1.5321562e-05,-0.005548241,0.9115451,0.9881592,0.01184082,0.079589844,0.04401552677154541
5627904,2303.4453239972026,7.0,458.31665,500.0,133.7343,-1.0,-0.06762695,1.0,0.29409358,-0.050516628,-0.0056917863,8.017463e-06,-0.0056957947,0.90728676,0.98828125,0.01171875,0.0793457,0.04376552626490593
5636096,2303.8127498232734,7.0,458.59937,500.0,133.33134,-1.0,-0.0670166,1.0,0.29319426,-0.05008512,-0.0050736605,1.15376515e-05,-0.0050794296,0.9023567,0.98828125,0.01171875,0.07873535,0.04351552575826645
5644288,2321.294960603217,7.0,458.77783,500.0,133.06021,-1.0,-0.06640625,1.0,0.29270822,-0.049534194,-0.0037350007,6.477721e-05,-0.0037673898,0.9032381,0.9881592,0.01184082,0.07824707,0.04326552525162697
5652480,2312.4668871199324,7.0,458.9126,500.0,132.87837,-1.0,-0.06628418,1.0,0.2921097,-0.049327232,-0.00462154,7.3884303e-06,-0.004625234,0.8963973,0.98828125,0.01171875,0.07800293,0.04301552474498749
5660672,2339.5890604449282,7.0,459.17322,500.0,132.51172,-1.0,-0.06591797,1.0,0.29114628,-0.04912679,-0.005182118,6.9424696e-06,-0.0051855897,0.8879485,0.9884033,0.01159668,0.07751465,0.04276552423834801
5668864,2304.425541304359,7.0,459.2898,500.0,132.33736,-1.0,-0.06567383,1.0,0.29078192,-0.048929196,-0.004679779,5.219745e-06,-0.0046823886,0.8822069,0.9884033,0.01159668,0.07727051,0.04251552373170853
5677056,2310.7544830894994,7.0,459.40723,500.0,132.15988,-1.0,-0.06542969,1.0,0.29041696,-0.048725363,-0.005861285,0.00031550997,-0.00601904,0.87608624,0.9884033,0.01159668,0.07702637,0.04282107949256897
5685248,2313.921567832528,7.0,459.5724,500.0,131.92677,-1.0,-0.06555176,1.0,0.28975815,-0.048760317,-0.0035811376,0.00012570806,-0.0036439914,0.8810002,0.98864746,0.011352539,0.0769043,0.042865198105573654
5693440,2305.0466998906304,7.0,459.80652,500.0,131.57213,-1.0,-0.06506348,1.0,0.28902474,-0.04835669,-0.0052846083,1.877411e-05,-0.005293995,0.88204455,0.98864746,0.011352539,0.076416016,0.042615197598934174
5701632,2347.289315721698,7.0,460.04358,500.0,131.20644,-1.0,-0.064575195,1.0,0.28828856,-0.047930248,-0.0022502923,2.1971562e-05,-0.0022612782,0.8737059,0.98864746,0.011352539,0.075927734,0.04236519709229469
5709824,2302.8611436540546,7.0,460.08398,500.0,131.1923,-1.0,-0.064331055,1.0,0.2879195,-0.047927983,-0.00321218,0.00013151616,-0.0032779383,0.87099785,0.98864746,0.011352539,0.075683594,0.04240931570529938
5718016,2304.6501277024677,7.0,460.2838,500.0,130.9135,-1.0,-0.06384277,1.0,0.2871793,-0.047620878,-0.003906952,1.9565772e-05,-0.0039167358,0.87495846,0.98864746,0.011352539,0.07519531,0.0421593151986599
5726208,2303.541995512752,7.0,460.32678,500.0,130.86876,-1.0,-0.0637207,1.0,0.2869938,-0.047593016,-0.0003589869,1.8994186e-05,-0.00036848398,0.8769413,0.98864746,0.011352539,0.07507324,0.041909314692020416
5734400,2304.119259331335,7.0,460.62378,500.0,130.40547,-1.0,-0.06311035,1.0,0.28606382,-0.047053937,-0.00329893,2.1950904e-05,-0.003309905,0.86410284,0.98864746,0.011352539,0.07446289,0.041659314185380936
5742592,2301.464573720102,7.0,460.68347,500.0,130.31154,-1.0,-0.06298828,1.0,0.28587732,-0.046943538,-0.0035160407,8.848747e-06,-0.003520465,0.8591951,0.98864746,0.011352539,0.07434082,0.041409313678741455
5750784,2303.082337764343,7.0,460.8004,500.0,130.13167,-1.0,-0.06274414,1.0,0.28550372,-0.046743605,-0.004802911,0.00014464404,-0.004875233,0.85915285,0.98864746,0.011352539,0.07409668,0.04142247140407562
5758976,2302.9806109808505,7.0,460.86914,500.0,130.04216,-1.0,-0.0625,1.0,0.2851295,-0.046644166,-0.005334899,0.00012547933,-0.0053976392,0.8524888,0.98864746,0.011352539,0.07385254,0.04146659001708031
5767168,2302.496027091927,7.0,461.09888,500.0,129.69415,-1.0,-0.06201172,1.0,0.2843789,-0.04626944,-0.003107345,8.412901e-06,-0.0031115515,0.8454148,0.98864746,0.011352539,0.07336426,0.041216589510440826
5775360,2302.65295438454,7.0,461.09888,500.0,129.69415,-1.0,-0.06201172,1.0,0.2843789,-0.046269435,-0.0050986316,1.5318365e-05,-0.005106291,0.8353868,0.98864746,0.011352539,0.07336426,0.040966589003801346
5783552,2320.479451984484,7.0,461.1587,500.0,129.59904,-1.0,-0.06188965,1.0,0.28419077,-0.046157926,-0.0002636926,1.8047554e-05,-0.00027271642,0.84279585,0.98864746,0.011352539,0.07324219,0.040716588497161865
5791744,2312.6974023081516,7.0,461.39062,500.0,129.24231,-1.0,-0.061401367,1.0,0.2834366,-0.0457692,-0.0015305218,2.8615646e-05,-0.0015448295,0.86340046,0.98864746,0.011352539,0.072753906,0.040466587990522385
5799936,2331.191599287638,7.0,461.50488,500.0,129.06894,-1.0,-0.061157227,1.0,0.28305846,-0.04558603,-0.0030068005,1.2435794e-05,-0.0030130185,0.87649083,0.98864746,0.011352539,0.072509766,0.040216587483882904
5808128,2303.340477005602,7.0,461.67615,500.0,128.80956,-1.0,-0.061279297,1.0,0.28238437,-0.045709908,-0.005257018,0.0002878202,-0.0054009277,0.8809133,0.9888916,0.011108398,0.072387695,0.04052214324474335
5816320,2304.1042718391654,7.0,461.73145,500.0,128.72874,-1.0,-0.061157227,1.0,0.28219464,-0.04563302,-0.0017765769,9.968186e-06,-0.0017815608,0.88864785,0.9888916,0.011108398,0.072265625,0.04027214273810387
5824512,2303.6905704319197,7.0,461.78992,500.0,128.6373,-1.0,-0.061035156,1.0,0.2820047,-0.045533184,-0.0033009727,6.156519e-06,-0.0033040512,0.89952445,0.9888916,0.011108398,0.072143555,0.040022142231464386
5832704,2304.0583835137063,7.0,461.84924,500.0,128.5428,-1.0,-0.061157227,1.0,0.28176174,-0.045640305,-0.0037539813,1.1600655e-05,-0.0037597818,0.8981,0.9890137,0.010986328,0.072143555,0.039772141724824905
5840896,2303.0740016959494,7.0,462.02637,500.0,128.26164,-1.0,-0.061035156,1.0,0.28113765,-0.045544248,-0.0029559575,1.0816198e-05,-0.0029613657,0.8968971,0.98913574,0.010864258,0.071899414,0.039522141218185425
5849088,2302.4245913684554,7.0,462.20044,500.0,127.990265,-1.0,-0.060668945,1.0,0.28056502,-0.04525605,-0.00468559,0.00027322388,-0.004822202,0.89936525,0.98913574,0.010864258,0.0715332,0.03982769697904587
5857280,2305.5244684034724,7.0,462.36304,500.0,127.75027,-1.0,-0.060302734,1.0,0.27999073,-0.045007642,-0.0022429859,4.8377756e-06,-0.002245405,0.8988314,0.98913574,0.010864258,0.07116699,0.03957769647240639
5865472,2304.551662894913,7.0,462.4735,500.0,127.58695,-1.0,-0.060546875,1.0,0.27950168,-0.045249928,-0.0065274043,8.479829e-05,-0.0065698028,0.8963609,0.9893799,0.010620117,0.07116699,0.03962181508541107
5873664,2302.6078953916463,7.0,462.62207,500.0,127.38006,-1.0,-0.059936523,1.0,0.27897763,-0.044817362,-0.0005622563,0.00013196323,-0.00062823796,0.88793963,0.9892578,0.0107421875,0.07067871,0.03937181457877159
5881856,2303.46169272472,7.0,462.97424,500.0,126.81673,-1.0,-0.059692383,1.0,0.2777144,-0.044639714,-0.004790367,6.533591e-06,-0.004793634,0.8790318,0.98950195,0.010498047,0.07019043,0.03912181407213211
5890048,2304.3164325369007,7.0,463.0896,500.0,126.63513,-1.0,-0.059448242,1.0,0.27732694,-0.044450805,-0.004961953,0.00012062575,-0.005022266,0.87636364,0.98950195,0.010498047,0.06994629,0.039165932685136795
5898240,2303.3166986034194,7.0,463.14905,500.0,126.53812,-1.0,-0.059570312,1.0,0.27708057,-0.044561215,-0.0027865162,8.2862396e-05,-0.0028279475,0.8864203,0.989624,0.010375977,0.06994629,0.039193712174892426
5906432,2302.947578723069,7.0,463.1493,500.0,126.537224,-1.0,-0.059570312,1.0,0.27708057,-0.044558994,-0.0008088218,4.2995587e-05,-0.0008303196,0.9026355,0.989624,0.010375977,0.06994629,0.03923783078789711
5914624,2305.22686449725,7.0,463.26697,500.0,126.347145,-1.0,-0.059326172,1.0,0.2766921,-0.044352822,-0.004287418,6.152788e-06,-0.0042904946,0.90487653,0.989624,0.010375977,0.06970215,0.03898783028125763
5922816,2339.972092283318,7.0,463.26697,500.0,126.347145,-1.0,-0.059326172,1.0,0.2766921,-0.044352822,-0.0048127035,8.350327e-06,-0.0048168786,0.9016719,0.989624,0.010375977,0.06970215,0.03873782977461815
5931008,2308.9550822161596,7.0,463.32434,500.0,126.256966,-1.0,-0.059448242,1.0,0.2764452,-0.04443393,-0.0042963554,0.00018096724,-0.0043868385,0.90586716,0.9897461,0.010253906,0.06970215,0.03878194838762283
5939200,2316.9598482501124,7.0,463.5177,500.0,125.99139,-1.0,-0.05895996,1.0,0.27566555,-0.04418007,-0.0024067569,1.4708855e-05,-0.0024141113,0.90518415,0.9897461,0.010253906,0.06921387,0.03853194788098335
5947392,2339.5627754207585,7.0,463.57654,500.0,125.89583,-1.0,-0.05883789,1.0,0.27547014,-0.044077173,-0.0033990925,4.608415e-06,-0.0034013968,0.90196145,0.9897461,0.010253906,0.0690918,0.03828194737434387
5955584,2316.2735410449695,7.0,463.6714,500.0,125.76888,-1.0,-0.05883789,1.0,0.27502665,-0.04416082,-0.002560553,4.2508573e-06,-0.0025626784,0.8998374,0.98986816,0.010131836,0.06896973,0.03803194686770439
5963776,2344.968384862745,7.0,463.6714,500.0,125.76888,-1.0,-0.05883789,1.0,0.27502665,-0.04416082,-0.0013500527,7.3244246e-06,-0.0013537148,0.90843177,0.98986816,0.010131836,0.06896973,0.03778194636106491
5971968,2307.1955078373394,7.0,463.8385,500.0,125.55607,-1.0,-0.05859375,1.0,0.2741898,-0.044131923,-0.0001724051,6.5057648e-06,-0.00017565803,0.92408526,0.98999023,0.010009766,0.068603516,0.03753194585442543
5980160,2302.239619674623,7.0,463.9568,500.0,125.361694,-1.0,-0.05834961,1.0,0.27379635,-0.043920804,-0.004601784,0.00017430892,-0.004688938,0.92889476,0.98999023,0.010009766,0.068359375,0.037576064467430115
5988352,2303.7983841909418,7.0,464.06262,500.0,125.19966,-1.0,-0.05834961,1.0,0.27335015,-0.04396794,-0.0058614765,0.00016052496,-0.005941738,0.92369676,0.9901123,0.009887695,0.068237305,0.0376201830804348
5996544,2311.6493257783895,7.0,464.39746,500.0,124.671,-1.0,-0.057861328,1.0,0.27211142,-0.043631047,-0.0008039246,1.2539031e-05,-0.00081019424,0.92625225,0.9902344,0.009765625,0.06762695,0.03737018257379532
6004736,2303.1363693004064,7.0,464.52002,500.0,124.45932,-1.0,-0.057617188,1.0,0.27171436,-0.043383084,-0.0012948978,0.0003021929,-0.0014459942,0.9416151,0.9902344,0.009765625,0.06738281,0.03767573833465576
6012928,2304.684445515262,7.0,464.59753,500.0,124.30695,-1.0,-0.057495117,1.0,0.2715155,-0.04320161,-0.0056923325,0.00023594366,-0.005810304,0.95402753,0.9902344,0.009765625,0.06726074,0.037719856947660446
6021120,2301.8287463887946,7.0,464.71497,500.0,124.11295,-1.0,-0.057250977,1.0,0.27111724,-0.042997506,-0.0030919595,2.1037533e-05,-0.003102478,0.95389986,0.9902344,0.009765625,0.0670166,0.037469856441020966
6029312,2303.0834183702195,7.0,464.7909,500.0,123.97132,-1.0,-0.056762695,1.0,0.2707694,-0.04275588,-0.0051314263,4.3779208e-05,-0.005153315,0.95205986,0.9901123,0.009887695,0.06665039,0.037219855934381485
6037504,2381.294963605968,7.0,464.87793,500.0,123.86927,-1.0,-0.056518555,1.0,0.27036935,-0.042692922,-0.0029450036,2.0814572e-05,-0.0029554106,0.9423647,0.9901123,0.009887695,0.06640625,0.036969855427742004
6045696,2304.3498131591314,7.0,465.1631,500.0,123.40968,-1.0,-0.055664062,1.0,0.26941624,-0.042022385,-0.0043383054,0.00033064384,-0.0045036273,0.9400983,0.98999023,0.010009766,0.06567383,0.036997634917497635
6053888,2302.3116609958297,7.0,465.28186,500.0,123.20887,-1.0,-0.055419922,1.0,0.26901314,-0.041807067,-0.0031032688,2.3833207e-05,-0.0031151855,0.94224393,0.98999023,0.010009766,0.06542969,0.036747634410858154
6062080,2304.709798069395,7.0,465.28223,500.0,123.20752,-1.0,-0.05517578,1.0,0.26906335,-0.041587353,-0.0039730957,0.00011440149,-0.004030296,0.9524215,0.98986816,0.010131836,0.06530762,0.036497633904218674
6070272,2302.33032768387,7.0,465.40015,500.0,123.00939,-1.0,-0.0546875,1.0,0.26870912,-0.041156307,-0.0036306877,0.0001077837,-0.0036845794,0.9601084,0.9897461,0.010253906,0.064941406,0.03624763339757919
6078464,2301.2150231908117,7.0,465.51733,500.0,122.81348,-1.0,-0.05444336,1.0,0.26830408,-0.04095444,-0.0027666471,2.4157958e-05,-0.0027787262,0.96494484,0.9897461,0.010253906,0.064697266,0.03599763289093971
6086656,2302.310426845305,7.0,465.51733,500.0,122.81348,-1.0,-0.05444336,1.0,0.26830408,-0.04095444,-0.0021378524,4.6235646e-06,-0.0021401641,0.96758014,0.9897461,0.010253906,0.064697266,0.03574763238430023
6094848,2305.3006395916123,7.0,465.62708,500.0,122.64337,-1.0,-0.05493164,1.0,0.267749,-0.04132304,-0.005606751,0.0001562477,-0.0056848745,0.95855993,0.9901123,0.009887695,0.064819336,0.03577541187405586
6103040,2304.171330793808,7.0,465.68262,500.0,122.55587,-1.0,-0.05480957,1.0,0.267546,-0.041244593,-0.0026621544,9.092622e-06,-0.0026667006,0.9569929,0.9901123,0.009887695,0.064697266,0.03552541136741638
6111232,2318.7820799971064,7.0,465.80078,500.0,122.35536,-1.0,-0.05505371,1.0,0.26703915,-0.04145509,-0.0004461886,1.2608495e-05,-0.0004524929,0.9611229,0.99035645,0.009643555,0.064697266,0.0352754108607769
6119424,2307.9648074332617,7.0,465.86072,500.0,122.25178,-1.0,-0.05493164,1.0,0.26683563,-0.04134245,-0.0057715746,7.0262377e-06,-0.0057750875,0.966218,0.99035645,0.009643555,0.064575195,0.03502541035413742
6127616,2300.773548455959,7.0,465.92615,500.0,122.14908,-1.0,-0.0546875,1.0,0.26642802,-0.04122965,-0.005232203,3.8814233e-06,-0.0052341437,0.9661997,0.99035645,0.009643555,0.064331055,0.03477540984749794
6135808,2302.9659470111383,7.0,466.1045,500.0,121.84278,-1.0,-0.05407715,1.0,0.26586473,-0.040709406,-0.0023348609,0.00014956629,-0.002409644,0.96354866,0.9902344,0.009765625,0.06384277,0.03452540934085846
6144000,2303.0082414943713,7.0,466.16248,500.0,121.74584,-1.0,-0.053710938,1.0,0.26570937,-0.040413763,-0.0042474237,0.00013157279,-0.00431321,0.9610599,0.9901123,0.009887695,0.06359863,0.03427540883421898
6152192,2301.107296976633,7.0,466.28003,500.0,121.545815,-1.0,-0.053466797,1.0,0.26529884,-0.040208876,-0.0014063644,1.3089519e-05,-0.0014129089,0.9649379,0.9901123,0.009887695,0.06335449,0.0340254083275795
6160384,2304.4960193149896,7.0,466.34766,500.0,121.415215,-1.0,-0.053588867,1.0,0.26504403,-0.04026665,-0.0038354672,0.00018348199,-0.003927208,0.9726525,0.9902344,0.009765625,0.06335449,0.03406952694058418
6168576,2309.9246215301537,7.0,466.48315,500.0,121.23185,-1.0,-0.053222656,1.0,0.26442626,-0.0401133,-0.0030985263,8.111925e-06,-0.0031025824,0.9737838,0.9902344,0.009765625,0.06298828,0.0338195264339447
6176768,2318.883799078662,7.0,466.54297,500.0,121.12746,-1.0,-0.053100586,1.0,0.2642199,-0.040001787,-0.004435522,1.1888425e-05,-0.0044414666,0.97693187,0.9902344,0.009765625,0.06286621,0.03356952592730522
6184960,2303.3939029986245,7.0,466.68396,500.0,120.9112,-1.0,-0.052978516,1.0,0.26355055,-0.039992385,-0.0036818828,7.4549803e-06,-0.0036856101,0.9864665,0.99035645,0.009643555,0.06262207,0.03331952542066574
6193152,2320.6730089422913,7.0,466.85657,500.0,120.62186,-1.0,-0.052856445,1.0,0.26287943,-0.039916657,-0.003601347,0.00011491878,-0.0036588064,0.98556536,0.9904785,0.009521484,0.06237793,0.03334730491042137
6201344,2302.1179155650957,7.0,466.91516,500.0,120.521324,-1.0,-0.052734375,1.0,0.2626717,-0.039815806,-0.005471782,2.9592284e-06,-0.005473261,0.9795527,0.9904785,0.009521484,0.06225586,0.03309730440378189
6209536,2304.1164781324874,7.0,466.9143,500.0,120.524536,-1.0,-0.052734375,1.0,0.2626717,-0.039823458,-0.0059207515,8.633031e-05,-0.005963917,0.9757871,0.9904785,0.009521484,0.06225586,0.033141423016786575
6217728,2322.3822556748746,7.0,466.9137,500.0,120.52685,-1.0,-0.052734375,1.0,0.2626717,-0.039828934,-0.005389111,0.00028980573,-0.0055340137,0.9736685,0.9904785,0.009521484,0.06225586,0.03344697877764702
6225920,2306.3839911567356,7.0,466.9724,500.0,120.42574,-1.0,-0.052612305,1.0,0.26246372,-0.039727066,-0.0051748827,1.0999629e-05,-0.005180382,0.9683418,0.9904785,0.009521484,0.06213379,0.03319697827100754
6234112,2304.314423548824,7.0,467.1466,500.0,120.12878,-1.0,-0.052246094,1.0,0.26183853,-0.03943521,-0.0041215527,2.3649629e-05,-0.0041333777,0.9685893,0.9904785,0.009521484,0.061767578,0.03294697776436806
6242304,2314.235605257369,7.0,467.26538,500.0,119.92052,-1.0,-0.052246094,1.0,0.26137188,-0.039434165,-0.003422792,0.00013893229,-0.003492258,0.9779828,0.9906006,0.009399414,0.061645508,0.03269697725772858
6250496,2342.6860605640777,7.0,467.42065,500.0,119.66885,-1.0,-0.051879883,1.0,0.26074353,-0.039181653,-0.006949464,0.0002466196,-0.007072774,0.9858677,0.9906006,0.009399414,0.061279297,0.03274109587073326
6258688,2304.1506255387403,7.0,467.64355,500.0,119.300354,-1.0,-0.051635742,1.0,0.2598541,-0.039052416,-0.004085538,1.4370369e-05,-0.0040927236,1.0043161,0.99072266,0.009277344,0.060913086,0.03249109536409378
6266880,2304.198989886729,7.0,467.58228,500.0,119.41245,-1.0,-0.051757812,1.0,0.26006466,-0.03917664,-0.0008602247,0.0002654357,-0.0009929426,1.0239434,0.99072266,0.009277344,0.061035156,0.032796651124954224
6275072,2345.0866591877216,7.0,467.63965,500.0,119.315056,-1.0,-0.051635742,1.0,0.2598541,-0.039085433,-0.0049889823,9.984205e-06,-0.0049939747,1.0369439,0.99072266,0.009277344,0.060913086,0.03254665061831474
6283264,2322.63029527913,7.0,467.78418,500.0,119.089874,-1.0,-0.05126953,1.0,0.25922126,-0.038866334,-0.004185156,6.6587027e-06,-0.0041884854,1.0343512,0.99072266,0.009277344,0.060546875,0.03229665011167526
6291456,2304.9693846617342,7.0,467.85388,500.0,118.98225,-1.0,-0.05102539,1.0,0.25879812,-0.03875299,-0.003738924,7.0155447e-06,-0.003742432,1.0377239,0.99072266,0.009277344,0.060302734,0.03204664960503578
6299648,2302.8637674803,7.0,467.8673,500.0,118.93699,-1.0,-0.05102539,1.0,0.25879812,-0.038679846,-0.0017266808,0.00038215297,-0.0019177571,1.0459545,0.99072266,0.009277344,0.060302734,0.032352205365896225
6307840,2304.39045846318,7.0,467.86804,500.0,118.93418,-1.0,-0.05102539,1.0,0.25879812,-0.038673118,-0.0053155264,0.00015185286,-0.0053914525,1.046428,0.99072266,0.009277344,0.060302734,0.03239632397890091
6316032,2304.7482917331818,7.0,467.9364,500.0,118.797226,-1.0,-0.05090332,1.0,0.25858623,-0.038509756,-0.0070943586,0.00021107454,-0.0071998956,1.0412679,0.99072266,0.009277344,0.060180664,0.03242410346865654
6324224,2314.628934604431,7.0,468.02356,500.0,118.672874,-1.0,-0.05090332,1.0,0.25811374,-0.038614303,-0.0033417875,7.120051e-05,-0.0033773873,1.0524211,0.9908447,0.009155273,0.060058594,0.032468222081661224
6332416,2303.7688811422545,7.0,468.02356,500.0,118.672874,-1.0,-0.05090332,1.0,0.25811374,-0.038614303,-0.004549668,1.2258502e-05,-0.004555798,1.0576771,0.9908447,0.009155273,0.060058594,0.032218221575021744
6340608,2301.492630344782,7.0,468.2578,500.0,118.26111,-1.0,-0.05041504,1.0,0.25726235,-0.038207933,-0.0032646577,1.1431865e-05,-0.0032703741,1.0588299,0.9908447,0.009155273,0.059570312,0.03196822106838226
6348800,2300.904971566263,7.0,468.49622,500.0,117.83194,-1.0,-0.0501709,1.0,0.2563595,-0.0379903,-0.0025939248,1.204766e-05,-0.0025999486,1.062135,0.9909668,0.009033203,0.0592041,0.03171822056174278
6356992,2317.056719970841,7.0,468.61536,500.0,117.61684,-1.0,-0.049926758,1.0,0.2559306,-0.037771717,-0.006161597,5.260666e-06,-0.0061642276,1.0571783,0.9909668,0.009033203,0.05895996,0.0314682200551033
6365184,2354.7562063821097,7.0,468.79175,500.0,117.302,-1.0,-0.049804688,1.0,0.25523803,-0.03769005,-0.004940945,1.0439322e-05,-0.004946165,1.05423,0.99108887,0.008911133,0.05871582,0.03121821954846382
6373376,2303.1051850759522,7.0,468.9049,500.0,117.107475,-1.0,-0.049560547,1.0,0.25480688,-0.037512172,-0.004142966,0.00019293267,-0.004239432,1.0580223,0.99108887,0.008911133,0.05847168,0.031245997175574303
6381568,2304.710416431342,7.0,469.1211,500.0,116.749794,-1.0,-0.049316406,1.0,0.2538945,-0.037421864,-0.0076358393,0.0001978546,-0.007734766,1.0730631,0.99121094,0.0087890625,0.05810547,0.031273774802684784
6389760,2310.006152085348,7.0,469.36853,500.0,116.284004,-1.0,-0.049072266,1.0,0.25297856,-0.037168793,-0.0034328108,0.00075519184,-0.0038104062,1.0925723,0.991333,0.008666992,0.057739258,0.03193286433815956
6397952,2303.4701860240643,7.0,469.45496,500.0,116.20191,-1.0,-0.048706055,1.0,0.25232467,-0.03712825,-0.0051554996,0.00013622614,-0.0052236128,1.1006246,0.991333,0.008666992,0.057373047,0.031976982951164246
6406144,2301.3600611057277,7.0,469.45642,500.0,116.19621,-1.0,-0.048706055,1.0,0.2523247,-0.037115835,-0.0073326677,0.00020912659,-0.007437232,1.1005666,0.991333,0.008666992,0.057373047,0.03202110156416893
6414336,2302.243321902434,7.0,469.6333,500.0,115.874435,-1.0,-0.048339844,1.0,0.2516686,-0.036803253,-0.0033009714,1.533661e-05,-0.0033086396,1.0952291,0.991333,0.008666992,0.057006836,0.03177110105752945
6422528,2302.5805830934346,7.0,469.7638,500.0,115.66111,-1.0,-0.048217773,1.0,0.25096348,-0.03682501,-0.0045259823,0.00018949603,-0.0046207304,1.1081216,0.9914551,0.008544922,0.056762695,0.031815219670534134
6430720,2303.216649406934,7.0,469.92053,500.0,115.40176,-1.0,-0.047851562,1.0,0.2503031,-0.03659562,-0.003682213,1.469623e-05,-0.003689561,1.110119,0.9914551,0.008544922,0.056396484,0.03156521916389465
6438912,2303.551261579355,7.0,470.06567,500.0,115.16477,-1.0,-0.04748535,1.0,0.24964042,-0.036375143,-0.004305859,7.683533e-06,-0.004309701,1.0951502,0.9914551,0.008544922,0.056030273,0.03131521865725517
6447104,2303.161379041112,7.0,470.34644,500.0,114.67203,-1.0,-0.046875,1.0,0.24853083,-0.035937313,-0.006168345,0.00016561571,-0.0062511526,1.08635,0.9914551,0.008544922,0.055419922,0.03135933727025986
6455296,2301.782177665978,7.0,470.69104,500.0,114.04977,-1.0,-0.046142578,1.0,0.24719076,-0.03537058,-0.0026789615,1.1685985e-05,-0.0026848044,1.083942,0.9914551,0.008544922,0.0546875,0.031109336763620377
6463488,2304.9590248151258,7.0,470.90454,500.0,113.682076,-1.0,-0.045898438,1.0,0.24624677,-0.035218976,-0.0040386114,9.288977e-06,-0.004043256,1.0812776,0.99157715,0.008422852,0.05432129,0.030859336256980896
6471680,2301.9140244643872,7.0,470.963,500.0,113.573784,-1.0,-0.045776367,1.0,0.24602152,-0.03511913,-0.0053796167,6.068501e-06,-0.005382651,1.073445,0.99157715,0.008422852,0.05419922,0.030609335750341415
6479872,2313.2104284844277,7.0,471.02295,500.0,113.45949,-1.0,-0.045654297,1.0,0.245796,-0.035006493,-0.0033287467,3.9647043e-06,-0.003330729,1.0629228,0.99157715,0.008422852,0.05407715,0.030359335243701935
6488064,2304.6471906398415,7.0,471.19006,500.0,113.165306,-1.0,-0.045288086,1.0,0.24511789,-0.03476557,-0.004216548,0.00018835958,-0.004310728,1.0635123,0.99157715,0.008422852,0.053710938,0.030387112870812416
6496256,2303.800392279313,7.0,471.30762,500.0,112.94482,-1.0,-0.045043945,1.0,0.24466443,-0.034560367,-0.0029971309,0.00011234339,-0.0030533024,1.0745631,0.99157715,0.008422852,0.053466797,0.03043122962117195
6504448,2315.5654809636626,7.0,471.3672,500.0,112.8312,-1.0,-0.044921875,1.0,0.24443732,-0.03445107,-0.0016226978,1.2576254e-05,-0.0016289861,1.0777433,0.99157715,0.008422852,0.053344727,0.03018122911453247
6512640,2301.888733381439,7.0,471.42627,500.0,112.71923,-1.0,-0.044799805,1.0,0.2442099,-0.034344677,-0.0009996291,0.000185287,-0.0010922727,1.0750043,0.99157715,0.008422852,0.053222656,0.030225345864892006
6520832,2302.734435397185,7.0,471.42627,500.0,112.71923,-1.0,-0.044799805,1.0,0.2442099,-0.034344677,-0.0047753174,1.1420423e-05,-0.0047810273,1.0637368,0.99157715,0.008422852,0.053222656,0.029975345358252525
6529024,2303.105802577152,7.0,471.41418,500.0,112.72234,-1.0,-0.044799805,1.0,0.2442099,-0.034346174,-0.0035338292,0.0002223524,-0.0036450056,1.0598973,0.99157715,0.008422852,0.053222656,0.03003784455358982
6537216,2304.5204403330904,7.0,471.41418,500.0,112.72234,-1.0,-0.044799805,1.0,0.2442099,-0.034346174,-0.004983338,1.7117747e-05,-0.004991896,1.0665863,0.99157715,0.008422852,0.053222656,0.02978784404695034
6545408,2303.3744470032475,7.0,471.5332,500.0,112.49486,-1.0,-0.044555664,1.0,0.2437543,-0.03412866,-0.0060377386,7.978079e-06,-0.006041728,1.0634152,0.99157715,0.008422852,0.052978516,0.02953784354031086
6553600,2305.334512757534,7.0,471.67896,500.0,112.26289,-1.0,-0.044189453,1.0,0.24306878,-0.033954278,-0.0043027443,0.00014028724,-0.004372888,1.0651515,0.99157715,0.008422852,0.052612305,0.029581960290670395
6561792,2303.317470621753,7.0,471.92676,500.0,111.77142,-1.0,-0.043701172,1.0,0.24215093,-0.03347855,-0.003778572,0.00020993926,-0.0038835413,1.0733789,0.99157715,0.008422852,0.052124023,0.029609737917780876
6569984,2302.773171764462,7.0,472.08374,500.0,111.499855,-1.0,-0.04333496,1.0,0.24145961,-0.033251103,-0.004824981,9.01836e-06,-0.0048294906,1.0685804,0.99157715,0.008422852,0.051757812,0.029359737411141396
6578176,2303.4902613442227,7.0,472.59558,500.0,110.55126,-1.0,-0.042236328,1.0,0.23937024,-0.032446317,-0.0051169125,6.5071927e-06,-0.0051201666,1.0560938,0.99157715,0.008422852,0.05065918,0.029109736904501915
6586368,2304.485972843881,7.0,472.6897,500.0,110.39474,-1.0,-0.041992188,1.0,0.23890279,-0.032307874,-0.0031771087,0.00013758296,-0.0032459,1.0380111,0.99157715,0.008422852,0.05041504,0.02915385365486145
6594560,2305.521374412544,7.0,472.74646,500.0,110.28916,-1.0,-0.041870117,1.0,0.2386686,-0.03222114,-0.0033712573,8.353801e-06,-0.0033754343,1.0298159,0.99157715,0.008422852,0.05029297,0.02890385314822197
6602752,2301.898911433363,7.0,472.6869,500.0,110.40615,-1.0,-0.041992188,1.0,0.23890279,-0.03233043,-0.005859796,0.0001412362,-0.005930415,1.0285685,0.99157715,0.008422852,0.05041504,0.02893163077533245
6610944,2362.466472832013,7.0,472.68604,500.0,110.409706,-1.0,-0.041992188,1.0,0.23890279,-0.03233801,-0.004502473,0.00019299804,-0.0045989715,1.027068,0.99157715,0.008422852,0.05041504,0.028975747525691986
6619136,2306.7317583525673,7.0,473.03967,500.0,109.72109,-1.0,-0.041503906,1.0,0.23745082,-0.031907853,-0.004868666,5.6178314e-06,-0.0048714755,1.0242223,0.9916992,0.008300781,0.049804688,0.028725747019052505
6627328,2314.6434356252744,7.0,473.15588,500.0,109.49709,-1.0,-0.041259766,1.0,0.2369788,-0.031712443,-0.0024991422,6.835753e-06,-0.0025025601,1.016039,0.9916992,0.008300781,0.049560547,0.028475746512413025
6635520,2304.167158809493,7.0,473.21497,500.0,109.38092,-1.0,-0.041137695,1.0,0.23674235,-0.031607453,-0.00091491773,2.7359013e-06,-0.0009162857,1.0123008,0.9916992,0.008300781,0.049438477,0.028225746005773544
6643712,2303.580295737446,7.0,473.3916,500.0,109.03394,-1.0,-0.040771484,1.0,0.23603119,-0.031297006,-0.0056018005,3.808323e-06,-0.005603705,1.0130925,0.9916992,0.008300781,0.049072266,0.027975745499134064
6651904,2301.528549989132,7.0,473.4535,500.0,108.9556,-1.0,-0.040527344,1.0,0.2355556,-0.03125279,-0.002409479,8.138388e-06,-0.0024135483,1.015735,0.9916992,0.008300781,0.048828125,0.027725744992494583
6660096,2302.720546180521,7.0,473.50903,500.0,108.841286,-1.0,-0.040527344,1.0,0.2355556,-0.031123431,-0.0034163147,0.0005480188,-0.003690324,1.0169348,0.9916992,0.008300781,0.048828125,0.0280020609498024
6668288,2303.686091282044,7.0,473.74573,500.0,108.37049,-1.0,-0.040283203,1.0,0.2345589,-0.03091421,-0.006528017,1.6296388e-05,-0.006536165,1.0233008,0.9918213,0.008178711,0.048461914,0.027752060443162918
6676480,2302.7969389456593,7.0,473.91992,500.0,108.02945,-1.0,-0.039916992,1.0,0.23383977,-0.030622201,-0.0057011805,1.741244e-05,-0.0057098866,1.0227158,0.9918213,0.008178711,0.048095703,0.027502059936523438
6684672,2339.114268712495,7.0,473.9198,500.0,108.029976,-1.0,-0.039916992,1.0,0.23383978,-0.030623294,-0.0063701924,0.00020291406,-0.0064716497,1.0246706,0.9918213,0.008178711,0.048095703,0.027546176686882973
6692864,2309.6780460405157,7.0,474.09412,500.0,107.687325,-1.0,-0.03955078,1.0,0.23311786,-0.030332576,-0.005941517,9.132223e-06,-0.005946084,1.0250175,0.9918213,0.008178711,0.047729492,0.027296176180243492
6701056,2303.754361594701,7.0,474.1526,500.0,107.57128,-1.0,-0.03942871,1.0,0.2328766,-0.030232733,0.00079397444,1.5147546e-05,0.0007864006,1.0235702,0.9918213,0.008178711,0.047607422,0.02704617567360401
6709248,2302.5778056078784,7.0,474.38623,500.0,107.106476,-1.0,-0.03894043,1.0,0.23190835,-0.029835101,-0.002686057,6.720437e-06,-0.002689417,1.0305917,0.9918213,0.008178711,0.04711914,0.02679617516696453
6717440,2303.6783686507483,7.0,474.44482,500.0,106.98911,-1.0,-0.0390625,1.0,0.23162448,-0.029935949,-0.0044864733,6.245128e-06,-0.004489595,1.0402023,0.99194336,0.008056641,0.04711914,0.02654617466032505
6725632,2313.9680057141168,7.0,474.61658,500.0,106.65252,-1.0,-0.03894043,1.0,0.2308532,-0.029860914,-0.0028727509,4.266675e-06,-0.002874884,1.0532023,0.9920654,0.00793457,0.046875,0.02629617415368557
6733824,2300.665401424977,7.0,474.7295,500.0,106.434204,-1.0,-0.03869629,1.0,0.230365,-0.029691126,-0.004003158,3.7789143e-06,-0.0040050475,1.0511339,0.9920654,0.00793457,0.04663086,0.02604617364704609
6742016,2303.651339848953,7.0,474.7976,500.0,106.32762,-1.0,-0.03845215,1.0,0.22987545,-0.029397208,-0.003738888,0.00025571644,-0.003866746,1.0462098,0.9920654,0.00793457,0.04638672,0.02607395127415657
6750208,2304.1031902751083,7.0,474.91528,500.0,106.08835,-1.0,-0.038208008,1.0,0.22938459,-0.029190369,-0.0017395442,3.6889246e-06,-0.0017413888,1.0464061,0.9920654,0.00793457,0.046142578,0.02582395076751709
6758400,2332.8392443580133,7.0,475.021,500.0,105.89719,-1.0,-0.037963867,1.0,0.22889243,-0.02906353,-0.0058386335,3.9637757e-06,-0.0058406154,1.0619082,0.9920654,0.00793457,0.045898438,0.02557395026087761
6766592,2338.4090467990945,7.0,475.2329,500.0,105.50467,-1.0,-0.037475586,1.0,0.22790416,-0.028773326,-0.0022740918,1.1927304e-05,-0.0022800555,1.0763553,0.9920654,0.00793457,0.045410156,0.02532394975423813
6774784,2349.1411156085,7.0,475.35205,500.0,105.256744,-1.0,-0.037231445,1.0,0.22740799,-0.028554726,-0.00027454994,2.303899e-05,-0.00028606947,1.0708425,0.9920654,0.00793457,0.045166016,0.025073949247598648
6782976,2303.1859261666436,7.0,475.5282,500.0,104.894714,-1.0,-0.036865234,1.0,0.22666125,-0.028248712,-0.0038799522,1.8679798e-06,-0.0038808857,1.0631536,0.9920654,0.00793457,0.044799805,0.024823948740959167
6791168,2312.5738118136137,7.0,475.58484,500.0,104.78263,-1.0,-0.036743164,1.0,0.22641167,-0.028163495,-0.0052590007,0.0001508199,-0.0053344104,1.0660381,0.9920654,0.00793457,0.044677734,0.024868065491318703
6799360,2300.5524895200533,7.0,475.66565,500.0,104.65217,-1.0,-0.036499023,1.0,0.22591145,-0.028069245,-0.0054200194,4.9481805e-06,-0.0054224934,1.0705489,0.9920654,0.00793457,0.044433594,0.024618064984679222
6807552,2302.673015462406,7.0,475.7212,500.0,104.54445,-1.0,-0.036132812,1.0,0.22570005,-0.027769197,-0.002932614,0.00016788646,-0.003016557,1.0696017,0.99194336,0.008056641,0.044189453,0.02436806447803974
6815744,2302.1171443506782,7.0,475.77942,500.0,104.42509,-1.0,-0.036010742,1.0,0.22544898,-0.027671602,-0.004291769,0.0001590203,-0.0043712794,1.0682337,0.99194336,0.008056641,0.044067383,0.02438122220337391
6823936,2303.0539336306547,7.0,475.8391,500.0,104.29908,-1.0,-0.035888672,1.0,0.22519758,-0.027561203,-0.007211977,5.3004533e-06,-0.0072146263,1.0709069,0.99194336,0.008056641,0.043945312,0.02413122169673443
6832128,2307.0955861286097,7.0,475.88855,500.0,104.13471,-1.0,-0.03564453,1.0,0.22523637,-0.027375719,-0.0016539135,0.00039359488,-0.0018507112,1.0797148,0.9918213,0.008178711,0.043823242,0.024175338447093964
6840320,2346.1178635498113,7.0,475.94836,500.0,104.00774,-1.0,-0.03552246,1.0,0.22498453,-0.027264204,-0.0041573965,9.259432e-06,-0.004162026,1.0884573,0.9918213,0.008178711,0.043701172,0.023925337940454483
6848512,2304.7255664026943,7.0,476.0072,500.0,103.884926,-1.0,-0.03540039,1.0,0.22473232,-0.027161306,-0.0015825236,1.3204178e-05,-0.0015891256,1.1023155,0.9918213,0.008178711,0.0435791,0.023675337433815002
6856704,2302.1776091288066,7.0,476.06616,500.0,103.76139,-1.0,-0.03527832,1.0,0.2244798,-0.027057368,-0.0037401374,5.0096332e-06,-0.0037426422,1.1071239,0.9918213,0.008178711,0.04345703,0.023425336927175522
6864896,2302.9109973751574,7.0,476.06616,500.0,103.76139,-1.0,-0.03527832,1.0,0.2244798,-0.027057368,-0.0050435723,3.73433e-06,-0.005045439,1.112859,0.9918213,0.008178711,0.04345703,0.02317533642053604
6873088,2303.444860734715,7.0,476.29626,500.0,103.34685,-1.0,-0.03491211,1.0,0.22317377,-0.026831165,-0.0052310103,4.6103505e-06,-0.0052333158,1.1236501,0.99194336,0.008056641,0.04296875,0.02292533591389656
6881280,2340.4988861769807,7.0,476.2367,500.0,103.473724,-1.0,-0.03503418,1.0,0.22342798,-0.02694046,-0.0032421055,0.00018903251,-0.0033366217,1.1339875,0.99194336,0.008056641,0.04309082,0.022969452664256096
6889472,2318.397193179623,7.0,476.3484,500.0,103.28084,-1.0,-0.03491211,1.0,0.22262612,-0.026896276,-0.005251566,0.00017529436,-0.0053392127,1.1393151,0.9920654,0.00793457,0.04284668,0.02301356941461563
6897664,2302.845863843537,7.0,476.49268,500.0,102.940704,-1.0,-0.03466797,1.0,0.22211538,-0.026592422,-0.0053321263,0.00012872391,-0.005396488,1.1404355,0.9920654,0.00793457,0.04260254,0.023041347041726112
6905856,2303.2016736547516,7.0,476.54395,500.0,102.84778,-1.0,-0.0345459,1.0,0.22185946,-0.026537243,-0.005331288,6.7197134e-06,-0.0053346483,1.1362615,0.9920654,0.00793457,0.04248047,0.022791346535086632
6914048,2303.880100768031,7.0,476.6422,500.0,102.60944,-1.0,-0.034423828,1.0,0.22160316,-0.026335862,-0.0041658855,0.00022380362,-0.0042777876,1.1313729,0.9920654,0.00793457,0.0423584,0.022835463285446167
6922240,2316.693805183716,7.0,476.72778,500.0,102.46947,-1.0,-0.034179688,1.0,0.22108953,-0.026247751,-0.0055210725,0.0003128143,-0.0056774803,1.1261773,0.9920654,0.00793457,0.042114258,0.023111779242753983
6930432,2303.5472462746743,7.0,476.74353,500.0,102.40979,-1.0,-0.034179688,1.0,0.22108953,-0.026177369,-0.0062945876,0.00015423879,-0.006371707,1.1271361,0.9920654,0.00793457,0.042114258,0.023155895993113518
6938624,2303.084190232181,7.0,476.74353,500.0,102.40979,-1.0,-0.034179688,1.0,0.22108953,-0.026177369,-0.0048286966,1.1370468e-05,-0.004834382,1.131264,0.9920654,0.00793457,0.042114258,0.022905895486474037
6946816,2301.93546063446,7.0,476.91296,500.0,102.06436,-1.0,-0.033813477,1.0,0.22031629,-0.025919836,-0.005030178,0.00019123481,-0.0051257955,1.1313063,0.9920654,0.00793457,0.041748047,0.022950012236833572
6955008,2334.247838817193,7.0,477.03027,500.0,101.814384,-1.0,-0.033569336,1.0,0.21979895,-0.025717095,0.0003948582,1.5413963e-05,0.00038715117,1.1398278,0.9920654,0.00793457,0.041503906,0.022700011730194092
6963200,2303.826497746712,7.0,477.14,500.0,101.59556,-1.0,-0.033325195,1.0,0.2192801,-0.02556207,-0.0035984835,1.1289774e-05,-0.0036041285,1.160639,0.9920654,0.00793457,0.041259766,0.02245001122355461
6971392,2301.0337900277286,7.0,477.3164,500.0,101.216095,-1.0,-0.032958984,1.0,0.21849902,-0.025253262,-0.0038489322,0.00032536118,-0.0040116133,1.1806846,0.9920654,0.00793457,0.040893555,0.022700011730194092
6979584,2302.6876757019027,7.0,477.37622,500.0,101.08461,-1.0,-0.032836914,1.0,0.21823792,-0.02514175,-0.002970113,1.53816e-05,-0.002977804,1.1895322,0.9920654,0.00793457,0.040771484,0.02245001122355461
6987776,2302.9468069526733,7.0,477.37146,500.0,101.10476,-1.0,-0.032836914,1.0,0.21823792,-0.025171325,-0.007162923,0.00020382873,-0.0072648367,1.1972233,0.9920654,0.00793457,0.040771484,0.022494127973914146
6995968,2301.6654557375846,7.0,477.42493,500.0,101.000854,-1.0,-0.032714844,1.0,0.21797642,-0.0251052,-0.0052214684,1.9905052e-05,-0.0052314214,1.1906797,0.9920654,0.00793457,0.040649414,0.022244127467274666
7004160,2319.912132186305,7.0,477.60364,500.0,100.60812,-1.0,-0.032348633,1.0,0.21718962,-0.024777187,-0.0026342678,1.4620874e-05,-0.0026415782,1.1899518,0.9920654,0.00793457,0.040283203,0.021994126960635185
7012352,2317.80915772292,7.0,477.6034,500.0,100.60807,-1.0,-0.032470703,1.0,0.21745227,-0.024778014,-0.0035076998,0.0001703419,-0.0035928707,1.199524,0.9920654,0.00793457,0.040405273,0.02203824371099472
7020544,2302.35485709779,7.0,477.71326,500.0,100.38652,-1.0,-0.032226562,1.0,0.2169266,-0.024628785,-7.994857e-05,1.2480094e-05,-8.618865e-05,1.2008501,0.9920654,0.00793457,0.040161133,0.02178824320435524
7028736,2304.499419678898,7.0,477.86157,500.0,100.09922,-1.0,-0.03186035,1.0,0.21613516,-0.024416484,-0.0027137967,7.321621e-06,-0.0027174577,1.1990997,0.9920654,0.00793457,0.039794922,0.02153824269771576
7036928,2305.0980400680883,7.0,477.9209,500.0,99.968216,-1.0,-0.03173828,1.0,0.21587057,-0.024309363,-0.0042157797,6.0364405e-06,-0.004218798,1.1860713,0.9920654,0.00793457,0.03967285,0.02128824219107628
7045120,2301.6950591220602,7.0,478.03418,500.0,99.72989,-1.0,-0.03149414,1.0,0.21534018,-0.02413692,-0.004613635,3.6780223e-06,-0.0046154736,1.1803195,0.9920654,0.00793457,0.03942871,0.021038241684436798
7053312,2319.1240480281017,7.0,478.14978,500.0,99.480225,-1.0,-0.03125,1.0,0.21480824,-0.023945369,-0.0033435025,5.2500673e-06,-0.0033461275,1.1781998,0.9920654,0.00793457,0.03918457,0.020788241177797318
7061504,2304.718918941761,7.0,478.2074,500.0,99.356094,-1.0,-0.03112793,1.0,0.21454164,-0.023852311,-0.002558076,2.6015246e-06,-0.0025593766,1.1813953,0.9920654,0.00793457,0.0390625,0.020538240671157837
7069696,2328.900799118644,7.0,478.3152,500.0,99.13729,-1.0,-0.030883789,1.0,0.21400729,-0.023700096,-0.0027576115,2.206716e-06,-0.0027587144,1.1852925,0.9920654,0.00793457,0.03881836,0.020288240164518356
7077888,2302.4974157352235,7.0,478.42603,500.0,98.907364,-1.0,-0.030883789,1.0,0.21343613,-0.023690723,-0.0072211805,2.7915617e-06,-0.0072225765,1.1835663,0.9921875,0.0078125,0.03869629,0.020038239657878876
7086080,2305.524623103237,7.0,478.47595,500.0,98.814964,-1.0,-0.030761719,1.0,0.21316762,-0.023641318,-0.003503193,4.7551875e-06,-0.0035055703,1.1803195,0.9921875,0.0078125,0.03857422,0.019788239151239395
7094272,2305.470479453613,7.0,478.59436,500.0,98.54975,-1.0,-0.030517578,1.0,0.21262936,-0.023429178,-0.0049025477,2.678365e-06,-0.004903887,1.1736757,0.9921875,0.0078125,0.038330078,0.019538238644599915
7102464,2305.2174302869366,7.0,478.62366,500.0,98.52043,-1.0,-0.030395508,1.0,0.21235964,-0.02342014,-0.00626026,1.9428471e-06,-0.0062612314,1.1591872,0.9921875,0.0078125,0.038208008,0.019288238137960434
7110656,2303.673580645347,7.0,478.6222,500.0,98.52731,-1.0,-0.030151367,1.0,0.21239443,-0.023209782,-0.004380864,0.00018897193,-0.0044753505,1.15062,0.9920654,0.00793457,0.038085938,0.019038237631320953
7118848,2312.6248652276636,7.0,478.74158,500.0,98.25651,-1.0,-0.029907227,1.0,0.21185355,-0.022988975,-0.007464909,4.1854537e-06,-0.0074670017,1.1540473,0.9920654,0.00793457,0.037841797,0.018788237124681473
7127040,2361.2926463110603,7.0,478.80005,500.0,98.126526,-1.0,-0.029785156,1.0,0.21158247,-0.022889132,-0.004293358,3.846736e-06,-0.004295281,1.1656834,0.9920654,0.00793457,0.037719727,0.018538236618041992
7135232,2304.9890222384834,7.0,478.80005,500.0,98.126526,-1.0,-0.029785156,1.0,0.21158247,-0.022889134,-0.0035305847,4.3465984e-06,-0.003532758,1.1749731,0.9920654,0.00793457,0.037719727,0.01828823611140251
7143424,2303.4166020753164,7.0,478.99854,500.0,97.71466,-1.0,-0.029296875,1.0,0.21049397,-0.022575365,-0.0053802915,1.3487529e-06,-0.0053809662,1.1811659,0.9920654,0.00793457,0.037231445,0.01803823560476303
7151616,2347.334055711078,7.0,478.9386,500.0,97.85224,-1.0,-0.029418945,1.0,0.2107667,-0.022688005,-0.0053800163,0.00016258427,-0.005461308,1.1818144,0.9920654,0.00793457,0.037353516,0.018082352355122566
7159808,2352.251717495704,7.0,478.89075,500.0,97.93929,-1.0,-0.029541016,1.0,0.21103904,-0.022737939,-0.007800107,0.00036132883,-0.007980771,1.1819695,0.9920654,0.00793457,0.037475586,0.018358668312430382
7168000,2306.337857172967,7.0,478.89075,500.0,97.93929,-1.0,-0.029541016,1.0,0.21103904,-0.022737939,-0.0039588804,3.972371e-06,-0.0039608665,1.1883054,0.9920654,0.00793457,0.037475586,0.0181086678057909
7176192,2305.6695859063734,7.0,478.8318,500.0,98.07187,-1.0,-0.029663086,1.0,0.21131097,-0.022841878,-0.005603809,0.00021479263,-0.0057112053,1.1943526,0.9920654,0.00793457,0.037597656,0.018152784556150436
7184384,2350.888227755457,7.0,478.94763,500.0,97.81603,-1.0,-0.029663086,1.0,0.2107325,-0.022865918,-0.004463681,6.987411e-06,-0.0044671744,1.2059559,0.9921875,0.0078125,0.037475586,0.017902784049510956
7192576,2302.7810426597457,7.0,479.01392,500.0,97.67807,-1.0,-0.029663086,1.0,0.21015243,-0.022974981,-0.003905123,0.00015048459,-0.003980365,1.2133493,0.9923096,0.0076904297,0.037353516,0.01794690079987049
7200768,2303.435132265513,7.0,479.01392,500.0,97.67807,-1.0,-0.029663086,1.0,0.21015243,-0.022974983,-0.00021323908,6.7788264e-06,-0.00021662842,1.2129593,0.9923096,0.0076904297,0.037353516,0.01769690029323101
7208960,2303.560527720505,7.0,478.96338,500.0,97.774254,-1.0,-0.029785156,1.0,0.21042542,-0.023026932,-0.0055502276,0.00021502114,-0.005657738,1.2097855,0.9923096,0.0076904297,0.037475586,0.017741017043590546
7217152,2310.2871271717186,7.0,479.07483,500.0,97.53661,-1.0,-0.029541016,1.0,0.209879,-0.02286061,-0.0044424776,4.1267112e-06,-0.0044445414,1.2009046,0.9923096,0.0076904297,0.037231445,0.017491016536951065
7225344,2304.2178417160626,7.0,479.07483,500.0,97.53661,-1.0,-0.029541016,1.0,0.209879,-0.02286061,-0.004262326,3.587554e-06,-0.00426412,1.1933211,0.9923096,0.0076904297,0.037231445,0.017241016030311584
7233536,2360.9965328268286,7.0,479.07605,500.0,97.53079,-1.0,-0.029541016,1.0,0.209879,-0.022849843,-0.0053075384,0.00016586004,-0.005390468,1.1888251,0.9923096,0.0076904297,0.037231445,0.01728513278067112
7241728,2369.3782946745678,7.0,479.18457,500.0,97.26583,-1.0,-0.029663086,1.0,0.20957077,-0.02283806,-0.0052486286,0.00024938022,-0.0053733187,1.1878133,0.99243164,0.0075683594,0.037231445,0.017347631976008415
7249920,2307.726554887941,7.0,479.1277,500.0,97.39008,-1.0,-0.029785156,1.0,0.20984451,-0.022927606,-0.006838629,0.00036958518,-0.007023422,1.1832844,0.99243164,0.0075683594,0.037353516,0.01765318773686886
7258112,2302.8870734934876,7.0,479.23975,500.0,97.14963,-1.0,-0.029541016,1.0,0.20929658,-0.022764076,-0.0061768056,8.102804e-06,-0.0061808573,1.1753802,0.99243164,0.0075683594,0.037109375,0.017403187230229378
7266304,2302.764529274754,7.0,479.23975,500.0,97.14963,-1.0,-0.029541016,1.0,0.20929657,-0.022764076,-0.0069971466,7.687987e-06,-0.0070009907,1.1713166,0.99243164,0.0075683594,0.037109375,0.017153186723589897
7274496,2303.0083958566447,7.0,479.23975,500.0,97.14963,-1.0,-0.029541016,1.0,0.20929657,-0.022764076,-0.005787938,4.1678995e-06,-0.0057900217,1.1609644,0.99243164,0.0075683594,0.037109375,0.016903186216950417
7282688,2303.080330927548,7.0,479.2964,500.0,97.026375,-1.0,-0.029418945,1.0,0.20902197,-0.022678206,-0.0035914264,5.4219868e-06,-0.0035941373,1.1535606,0.99243164,0.0075683594,0.036987305,0.016653185710310936
7290880,2304.000600814976,7.0,479.23718,500.0,97.161606,-1.0,-0.029541016,1.0,0.20929657,-0.022784254,-0.0023757222,0.00019814998,-0.002474797,1.1599963,0.99243164,0.0075683594,0.037109375,0.01669730246067047
7299072,2313.5834689835715,7.0,479.28467,500.0,97.07728,-1.0,-0.029174805,1.0,0.20905618,-0.02254749,-0.0024810438,0.00022423422,-0.002593161,1.1617739,0.9923096,0.0076904297,0.036865234,0.01644730195403099
7307264,2312.276097020506,7.0,479.30212,500.0,97.00683,-1.0,-0.029174805,1.0,0.20905618,-0.02246758,-0.005242108,0.00034163948,-0.0054129283,1.1586083,0.9923096,0.0076904297,0.036865234,0.016752857714891434
7315456,2328.856916883101,7.0,479.4121,500.0,96.77259,-1.0,-0.028930664,1.0,0.2085055,-0.022305658,-0.0042810123,1.2004757e-05,-0.004287015,1.1585485,0.9923096,0.0076904297,0.036621094,0.016502857208251953
7323648,2302.5125366262105,7.0,479.46704,500.0,96.65648,-1.0,-0.028808594,1.0,0.20822948,-0.02223106,-0.0026576798,1.1214449e-05,-0.0026632873,1.164961,0.9923096,0.0076904297,0.036499023,0.016252856701612473
7331840,2303.0278456686124,7.0,479.51978,500.0,96.54975,-1.0,-0.028686523,1.0,0.20795304,-0.022168804,-0.0054169027,6.6455414e-06,-0.0054202257,1.1754183,0.9923096,0.0076904297,0.036376953,0.016002856194972992
7340032,2303.750036658467,7.0,479.46753,500.0,96.65353,-1.0,-0.028564453,1.0,0.2082631,-0.022063011,-0.0046658283,0.00031997784,-0.004825817,1.1740868,0.9921875,0.0078125,0.036376953,0.016065355390310287
7348224,2305.757469778309,7.0,479.46045,500.0,96.68513,-1.0,-0.028564453,1.0,0.2082631,-0.022108011,-0.00425218,0.00016149262,-0.004332926,1.1804447,0.9921875,0.0078125,0.036376953,0.016078513115644455
7356416,2304.047259346433,7.0,479.40137,500.0,96.820335,-1.0,-0.028686523,1.0,0.20853922,-0.022212999,-0.0070933914,0.00017325806,-0.00718002,1.1941605,0.9921875,0.0078125,0.036499023,0.01612262986600399
7364608,2382.866640077667,7.0,479.40137,500.0,96.820335,-1.0,-0.028686523,1.0,0.20853922,-0.022212999,-0.0046758307,3.2084827e-05,-0.0046918727,1.197759,0.9921875,0.0078125,0.036499023,0.01587262935936451
7372800,2365.024678284331,7.0,479.34338,500.0,96.95014,-1.0,-0.028808594,1.0,0.20881489,-0.022308907,-0.0038311426,0.00019011472,-0.0039262,1.1938709,0.9921875,0.0078125,0.036621094,0.015916746109724045
7380992,2322.401092266805,7.0,479.40076,500.0,96.82319,-1.0,-0.028686523,1.0,0.20853922,-0.022217698,-0.0012245745,9.690627e-06,-0.0012294198,1.1995897,0.9921875,0.0078125,0.036499023,0.015666745603084564
7389184,2304.1549519791943,7.0,479.45496,500.0,96.71011,-1.0,-0.028808594,1.0,0.20822948,-0.022357807,-0.0069179353,0.00018234561,-0.0070091086,1.2095988,0.9923096,0.0076904297,0.036499023,0.0157108623534441
7397376,2301.3836449814085,7.0,479.45496,500.0,96.710106,-1.0,-0.028808594,1.0,0.20822948,-0.022357807,-0.005634031,3.2646174e-05,-0.0056503536,1.2081271,0.9923096,0.0076904297,0.036499023,0.015460862778127193
7405568,2303.7192991866254,7.0,479.45496,500.0,96.710106,-1.0,-0.028808594,1.0,0.20822948,-0.022357807,-0.0027457373,8.0352365e-06,-0.0027497548,1.1942055,0.9923096,0.0076904297,0.036499023,0.015210863202810287
7413760,2303.092063253739,7.0,479.45496,500.0,96.710106,-1.0,-0.028808594,1.0,0.20822948,-0.022357807,-0.0033863774,3.826497e-06,-0.0033882908,1.1969033,0.9923096,0.0076904297,0.036499023,0.014960863627493382
7421952,2301.1234783822338,7.0,479.62415,500.0,96.3381,-1.0,-0.028686523,1.0,0.2073652,-0.022309868,-0.0040768823,3.2976964e-06,-0.0040785316,1.2043564,0.99243164,0.0075683594,0.036254883,0.014710864052176476
7430144,2302.8997299367047,7.0,479.646,500.0,96.339745,-1.0,-0.028564453,1.0,0.2070875,-0.022341592,-0.0065431534,0.00022009073,-0.006653199,1.2045448,0.99243164,0.0075683594,0.036132812,0.014960863627493382
7438336,2303.7474108122474,7.0,479.65808,500.0,96.288155,-1.0,-0.028564453,1.0,0.2070875,-0.022277389,-0.0054194527,0.00020712618,-0.0055230157,1.2151201,0.99243164,0.0075683594,0.036132812,0.014974021352827549
7446528,2304.7059333147445,7.0,479.6582,500.0,96.28757,-1.0,-0.028564453,1.0,0.2070875,-0.022276346,-0.0037968932,0.00022031322,-0.0039070495,1.2193344,0.99243164,0.0075683594,0.036132812,0.015018139034509659
7454720,2302.9926510113805,7.0,479.71545,500.0,96.16013,-1.0,-0.028442383,1.0,0.20680939,-0.022186052,-0.006508186,8.133229e-06,-0.0065122526,1.2211972,0.99243164,0.0075683594,0.036010742,0.014768139459192753
7462912,2324.3057922195503,7.0,479.61072,500.0,96.41147,-1.0,-0.028564453,1.0,0.2070875,-0.022363177,-0.0071395575,0.00038165326,-0.0073303846,1.2213402,0.99243164,0.0075683594,0.036132812,0.015073695220053196
7471104,2308.0235643208275,7.0,479.66772,500.0,96.28537,-1.0,-0.028442383,1.0,0.20680939,-0.022274679,-0.0065344884,8.560221e-06,-0.0065387688,1.2201585,0.99243164,0.0075683594,0.036010742,0.01482369564473629
7479296,2352.1676607206437,7.0,479.66772,500.0,96.28537,-1.0,-0.028442383,1.0,0.20680939,-0.022274679,-0.0023493099,1.4885113e-05,-0.002356752,1.2179389,0.99243164,0.0075683594,0.036010742,0.014573696069419384
7487488,2303.0795590681732,7.0,479.66772,500.0,96.28537,-1.0,-0.028442383,1.0,0.20680939,-0.022274679,-0.004928438,5.211977e-06,-0.0049310443,1.2244047,0.99243164,0.0075683594,0.036010742,0.014323696494102478
7495680,2302.860834969007,7.0,479.72485,500.0,96.15849,-1.0,-0.028320312,1.0,0.20653085,-0.022185285,-0.0032247682,4.7076505e-06,-0.0032271217,1.2382478,0.99243164,0.0075683594,0.035888672,0.014073696918785572
7503872,2314.682417764824,7.0,479.78235,500.0,96.02969,-1.0,-0.028198242,1.0,0.20625181,-0.022093156,-0.0039588725,5.758684e-06,-0.003961752,1.2459161,0.99243164,0.0075683594,0.0357666,0.013823697343468666
7512064,2301.888887593676,7.0,479.84204,500.0,95.89017,-1.0,-0.028320312,1.0,0.20593895,-0.022203553,-0.0068270927,4.3502505e-06,-0.0068292683,1.2502682,0.9925537,0.007446289,0.0357666,0.01357369776815176
7520256,2303.310368072604,7.0,479.95422,500.0,95.64393,-1.0,-0.028076172,1.0,0.20537885,-0.022035193,-0.004434415,4.7298554e-06,-0.0044367802,1.259712,0.9925537,0.007446289,0.03552246,0.013323698192834854
7528448,2302.4839922535166,7.0,480.08545,500.0,95.31155,-1.0,-0.028320312,1.0,0.20475002,-0.022189947,-0.0020672283,0.00021824209,-0.0021763495,1.270132,0.99279785,0.0072021484,0.03552246,0.013367815874516964
7536640,2321.7841958135805,7.0,480.08545,500.0,95.31155,-1.0,-0.028320312,1.0,0.20475002,-0.022189949,-0.005970283,6.899631e-06,-0.005973733,1.2729075,0.99279785,0.0072021484,0.03552246,0.013117816299200058
7544832,2332.9292116940937,7.0,480.14514,500.0,95.17077,-1.0,-0.028198242,1.0,0.20446856,-0.02207955,-0.0020143315,1.005385e-05,-0.0020193588,1.2702531,0.99279785,0.0072021484,0.03540039,0.012867816723883152
7553024,2303.4630825330537,7.0,480.26147,500.0,94.90313,-1.0,-0.027954102,1.0,0.2039043,-0.021883024,-0.0019014676,9.725557e-06,-0.0019063302,1.2763231,0.99279785,0.0072021484,0.03515625,0.012617817148566246
7561216,2308.195356232964,7.0,480.26147,500.0,94.90313,-1.0,-0.027954102,1.0,0.2039043,-0.021883024,-0.003378321,4.6759e-06,-0.003380659,1.2814971,0.99279785,0.0072021484,0.03515625,0.01236781757324934
7569408,2307.80715531788,7.0,480.22144,500.0,94.96395,-1.0,-0.028076172,1.0,0.20418665,-0.021904914,-0.005014298,0.00020034716,-0.0051144715,1.2709697,0.99279785,0.0072021484,0.03527832,0.01241193525493145
7577600,2305.455164996966,7.0,480.3307,500.0,94.726715,-1.0,-0.028076172,1.0,0.20358793,-0.021842454,-0.0049775853,5.936399e-06,-0.0049805534,1.2602441,0.9929199,0.007080078,0.03515625,0.012161935679614544
7585792,2309.705992757981,7.0,480.27588,500.0,94.84515,-1.0,-0.028198242,1.0,0.20387067,-0.021916308,-0.005937705,0.00025575544,-0.006065583,1.2563643,0.9929199,0.007080078,0.03527832,0.012206053361296654
7593984,2326.577947353528,7.0,480.213,500.0,95.001625,-1.0,-0.028320312,1.0,0.20415296,-0.022051223,-0.004113844,0.00037500059,-0.004301344,1.2579267,0.9929199,0.007080078,0.03540039,0.012511609122157097
7602176,2303.1511898219246,7.0,480.26953,500.0,94.875565,-1.0,-0.028442383,1.0,0.20383675,-0.022136234,-0.003487911,6.400781e-06,-0.003491112,1.2626373,0.993042,0.006958008,0.03540039,0.012261609546840191
7610368,2304.4621707850188,7.0,480.19336,500.0,94.99877,-1.0,-0.028686523,1.0,0.20440064,-0.022195794,-0.006113869,0.00043772504,-0.0063327313,1.2701856,0.993042,0.006958008,0.03564453,0.012636609375476837
7618560,2302.1857844573537,7.0,480.19336,500.0,94.998764,-1.0,-0.028686523,1.0,0.20440064,-0.022195794,-0.0047053723,3.877204e-06,-0.004707311,1.2635647,0.993042,0.006958008,0.03564453,0.012386609800159931
7626752,2305.75004271307,7.0,480.19336,500.0,94.99877,-1.0,-0.028686523,1.0,0.20440064,-0.022195794,-0.005267418,4.1027333e-06,-0.0052694697,1.251109,0.993042,0.006958008,0.03564453,0.012136610224843025
7634944,2302.559289208742,7.0,480.24866,500.0,94.85796,-1.0,-0.028686523,1.0,0.20440064,-0.022087652,-0.0057845386,0.00024837727,-0.0059087267,1.2584559,0.993042,0.006958008,0.03564453,0.012199110351502895
7643136,2303.3637926688652,7.0,480.24866,500.0,94.85796,-1.0,-0.028686523,1.0,0.20440064,-0.022087652,-0.002315247,7.431112e-06,-0.0023189622,1.2598042,0.993042,0.006958008,0.03564453,0.01194911077618599
7651328,2300.713003352598,7.0,480.24866,500.0,94.85796,-1.0,-0.028686523,1.0,0.20440064,-0.022087652,-0.0017643151,4.0627833e-06,-0.0017663465,1.2569946,0.993042,0.006958008,0.03564453,0.011699111200869083
7659520,2303.119542064493,7.0,480.18872,500.0,95.00048,-1.0,-0.028808594,1.0,0.20468189,-0.02220029,-0.0059301853,0.0001244497,-0.00599241,1.2599733,0.993042,0.006958008,0.0357666,0.011726888827979565
7667712,2334.8951768146135,7.0,480.24622,500.0,94.86984,-1.0,-0.028686523,1.0,0.20440064,-0.022108164,-0.0036149186,7.8265275e-06,-0.0036188317,1.2546499,0.993042,0.006958008,0.03564453,0.011476889252662659
7675904,2303.045597767879,7.0,480.24622,500.0,94.86984,-1.0,-0.028686523,1.0,0.20440064,-0.022108164,-0.0053140237,2.8657225e-06,-0.0053154565,1.2533398,0.993042,0.006958008,0.03564453,0.011226889677345753
7684096,2304.272235608399,7.0,480.24597,500.0,94.87105,-1.0,-0.028686523,1.0,0.20440064,-0.022110404,-0.0064208563,0.00016796295,-0.0065048384,1.2574259,0.993042,0.006958008,0.03564453,0.01124004740267992
7692288,2304.470516905526,7.0,480.30554,500.0,94.730125,-1.0,-0.028564453,1.0,0.20411892,-0.02200111,-0.0047507915,4.0152427e-06,-0.004752799,1.2610537,0.993042,0.006958008,0.03552246,0.010990047827363014
7700480,2315.604962333393,7.0,480.30554,500.0,94.730125,-1.0,-0.028564453,1.0,0.20411892,-0.02200111,-0.0012552545,9.415691e-06,-0.0012599624,1.2621679,0.993042,0.006958008,0.03552246,0.010740048252046108
7708672,2329.9173407384947,7.0,480.25867,500.0,94.8156,-1.0,-0.028442383,1.0,0.20443474,-0.021820175,-0.0021011152,0.000399715,-0.0023009728,1.2665503,0.9929199,0.007080078,0.03552246,0.010784165933728218
7716864,2304.6937207752417,7.0,480.318,500.0,94.67578,-1.0,-0.028320312,1.0,0.20415296,-0.021713054,-0.0050673964,6.2695435e-06,-0.0050705313,1.2607526,0.9929199,0.007080078,0.03540039,0.010534166358411312
7725056,2303.820009942172,7.0,480.37427,500.0,94.55038,-1.0,-0.028442383,1.0,0.20383675,-0.021796376,-0.003358432,4.0362024e-06,-0.00336045,1.2587223,0.993042,0.006958008,0.03540039,0.010284166783094406
7733248,2304.5246135968255,7.0,480.38184,500.0,94.54948,-1.0,-0.028320312,1.0,0.20355414,-0.021794863,-0.0038782712,6.026607e-06,-0.0038812845,1.2575804,0.993042,0.006958008,0.03527832,0.0100341672077775
7741440,2303.194726206983,7.0,480.32214,500.0,94.691315,-1.0,-0.028198242,1.0,0.20387067,-0.021684468,-0.0043079024,0.0001724411,-0.0043941233,1.2549099,0.9929199,0.007080078,0.03527832,0.009784167632460594
7749632,2302.3624165822816,7.0,480.38184,500.0,94.54947,-1.0,-0.028076172,1.0,0.20358793,-0.021574069,-0.0058511347,5.7935417e-06,-0.0058540315,1.2572047,0.9929199,0.007080078,0.03515625,0.009534168057143688
7757824,2305.2117079346986,7.0,480.43665,500.0,94.4305,-1.0,-0.028198242,1.0,0.20327103,-0.021724721,-0.0051067616,0.0001874917,-0.005200507,1.2678483,0.993042,0.006958008,0.03515625,0.009578285738825798
7766016,2318.9712846267366,7.0,480.49536,500.0,94.293015,-1.0,-0.028076172,1.0,0.20298746,-0.021622851,-0.0047583394,6.1528976e-06,-0.004761416,1.2684277,0.993042,0.006958008,0.03503418,0.009328286163508892
7774208,2303.8294327179124,7.0,480.49634,500.0,94.2883,-1.0,-0.028076172,1.0,0.20298746,-0.021615218,-0.0062790373,0.00025044603,-0.00640426,1.2636558,0.993042,0.006958008,0.03503418,0.009372403845191002
7782400,2303.155512509963,7.0,480.5476,500.0,94.18553,-1.0,-0.027954102,1.0,0.20270345,-0.021565313,-0.004191322,0.00021453526,-0.004298589,1.264678,0.993042,0.006958008,0.03491211,0.009372403845191002
7790592,2332.265074125664,7.0,480.4879,500.0,94.32804,-1.0,-0.028076172,1.0,0.20298746,-0.02167571,-0.0052232575,0.00017586368,-0.005311189,1.2684239,0.993042,0.006958008,0.03503418,0.009400181472301483
7798784,2340.713337685077,7.0,480.60327,500.0,94.06245,-1.0,-0.027832031,1.0,0.20241894,-0.021487972,-0.0045822216,7.1291415e-06,-0.0045857863,1.2749546,0.993042,0.006958008,0.03479004,0.009150181896984577
7806976,2304.586905218715,7.0,480.66162,500.0,93.9261,-1.0,-0.027709961,1.0,0.20213395,-0.021389127,-0.0005639368,7.2451116e-06,-0.0005675592,1.2874709,0.993042,0.006958008,0.03466797,0.008900182321667671
7815168,2303.925981992227,7.0,480.66162,500.0,93.9261,-1.0,-0.027709961,1.0,0.20213395,-0.021389127,-0.0023061149,5.159419e-06,-0.0023086942,1.2934467,0.993042,0.006958008,0.03466797,0.008650182746350765
7823360,2302.4349284450577,7.0,480.71826,500.0,93.79775,-1.0,-0.027832031,1.0,0.20181498,-0.021474998,-0.0046173595,3.8227217e-06,-0.004619271,1.2874236,0.99316406,0.0068359375,0.03466797,0.00840018317103386
7831552,2305.3181174022384,7.0,480.76892,500.0,93.69603,-1.0,-0.027709961,1.0,0.20152913,-0.02142252,-0.0034711673,2.6100397e-06,-0.0034724728,1.2815769,0.99316406,0.0068359375,0.0345459,0.008150183595716953
7839744,2304.123894677668,7.0,480.82593,500.0,93.56556,-1.0,-0.02758789,1.0,0.2012428,-0.021334022,-0.0021022456,5.2107403e-06,-0.002104851,1.276929,0.99316406,0.0068359375,0.034423828,0.007900184020400047
7847936,2305.146289548303,7.0,480.82532,500.0,93.56862,-1.0,-0.02758789,1.0,0.2012428,-0.021339543,-0.004938953,0.00016453504,-0.0050212205,1.2757826,0.99316406,0.0068359375,0.034423828,0.007927961647510529
7856128,2302.725793198235,7.0,480.82532,500.0,93.56862,-1.0,-0.02758789,1.0,0.2012428,-0.021339543,-0.0064379233,2.1683302e-06,-0.0064390074,1.2804472,0.99316406,0.0068359375,0.034423828,0.007677961606532335
7864320,2303.557593434409,7.0,480.8839,500.0,93.43022,-1.0,-0.02746582,1.0,0.200956,-0.021238692,-0.0027274955,3.9302004e-06,-0.0027294606,1.2874218,0.99316406,0.0068359375,0.034301758,0.007427961565554142
7872512,2303.8408637296584,7.0,480.77393,500.0,93.67259,-1.0,-0.027709961,1.0,0.20152915,-0.02138919,-0.0016747294,0.0003122424,-0.0018308507,1.3061846,0.99316406,0.0068359375,0.0345459,0.007733517326414585
7880704,2303.978353703737,7.0,480.8318,500.0,93.53796,-1.0,-0.02758789,1.0,0.20124282,-0.02129424,-0.0028874371,8.647354e-06,-0.0028917608,1.3220601,0.99316406,0.0068359375,0.034423828,0.007483517285436392
7888896,2304.868418782486,7.0,480.8318,500.0,93.53796,-1.0,-0.02758789,1.0,0.2012428,-0.02129424,-0.0038911465,8.52827e-06,-0.0038954099,1.324156,0.99316406,0.0068359375,0.034423828,0.0072335172444581985
7897088,2320.848570299788,7.0,480.83374,500.0,93.52831,-1.0,-0.02758789,1.0,0.20124282,-0.021277841,-0.0034638909,0.0002218873,-0.0035748342,1.32433,0.99316406,0.0068359375,0.034423828,0.007277634926140308
7905280,2319.3068897034277,7.0,480.7749,500.0,93.667755,-1.0,-0.027709961,1.0,0.20152915,-0.021380782,-0.0058441907,0.0004015082,-0.0060449447,1.3320199,0.99316406,0.0068359375,0.0345459,0.0075831906870007515
7913472,2302.1549344648015,7.0,480.7683,500.0,93.698975,-1.0,-0.027709961,1.0,0.20152915,-0.021427488,-0.006006712,0.00018740683,-0.006100416,1.3305058,0.99316406,0.0068359375,0.0345459,0.007610968314111233
7921664,2305.3317286241586,7.0,480.82837,500.0,93.55349,-1.0,-0.027832031,1.0,0.2012092,-0.021541264,-0.006145031,8.872175e-06,-0.0061494675,1.3287475,0.99328613,0.006713867,0.0345459,0.0073609682731330395
7929856,2394.610605404125,7.0,480.8872,500.0,93.413895,-1.0,-0.027954102,1.0,0.20088868,-0.021657284,-0.0041720234,0.00011157754,-0.0042278124,1.3292013,0.9934082,0.006591797,0.0345459,0.007405085954815149
7938048,2318.6387494857086,7.0,480.8872,500.0,93.413895,-1.0,-0.027954102,1.0,0.20088868,-0.021657284,-0.003295054,5.5413816e-06,-0.0032978244,1.3324374,0.9934082,0.006591797,0.0345459,0.007155085913836956
7946240,2308.816687361733,7.0,480.76758,500.0,93.70265,-1.0,-0.028198242,1.0,0.20146137,-0.021880323,-0.0047782045,0.00027640956,-0.004916409,1.337777,0.9934082,0.006591797,0.03479004,0.007460641674697399
7954432,2317.6504705554294,7.0,480.8822,500.0,93.438126,-1.0,-0.027954102,1.0,0.20088868,-0.021695675,-0.006314956,4.936309e-06,-0.0063174246,1.3492495,0.9934082,0.006591797,0.0345459,0.007210641633719206
7962624,2304.741025762452,7.0,480.8224,500.0,93.582596,-1.0,-0.028076172,1.0,0.20117526,-0.021807188,-0.00038524924,0.00013556503,-0.00045303177,1.3602406,0.9934082,0.006591797,0.03466797,0.007223799359053373
7970816,2349.7737619774575,7.0,480.8224,500.0,93.582596,-1.0,-0.028076172,1.0,0.20117526,-0.02180719,-0.0054840483,6.350008e-06,-0.005487223,1.3612895,0.9934082,0.006591797,0.03466797,0.00697379931807518
7979008,2329.2748123211168,7.0,480.76306,500.0,93.724365,-1.0,-0.028198242,1.0,0.20146137,-0.021914309,-0.0045763617,0.00014910499,-0.004650914,1.3572738,0.9934082,0.006591797,0.03479004,0.00701791699975729
7987200,2320.1367708082435,7.0,480.59326,500.0,94.10915,-1.0,-0.028564453,1.0,0.20231687,-0.02217507,-0.005084346,0.00044017774,-0.0053044343,1.3509527,0.9934082,0.006591797,0.03515625,0.007557390723377466
7995392,2303.005154253256,7.0,480.54065,500.0,94.218704,-1.0,-0.028686523,1.0,0.20260109,-0.022236701,-0.003749145,0.00021500408,-0.0038566468,1.3463398,0.9934082,0.006591797,0.03527832,0.0075851683504879475
8003584,2321.3545550174003,7.0,480.6593,500.0,93.93669,-1.0,-0.028442383,1.0,0.20203218,-0.022022419,-0.0064897146,1.993707e-05,-0.0064996826,1.337174,0.9934082,0.006591797,0.03503418,0.007335168309509754
8011776,2305.9903634908746,7.0,480.60474,500.0,94.05518,-1.0,-0.028564453,1.0,0.20231687,-0.022094803,-0.0032130487,0.00012831652,-0.0032772073,1.3296988,0.9934082,0.006591797,0.03515625,0.007379285991191864
8019968,2368.0693036334565,7.0,480.54712,500.0,94.187775,-1.0,-0.028686523,1.0,0.20260109,-0.022187863,-0.002567152,0.00012034908,-0.0026273269,1.3216207,0.9934082,0.006591797,0.03527832,0.007423403672873974
8028160,2327.5759059375787,7.0,480.49707,500.0,94.284225,-1.0,-0.028808594,1.0,0.20288482,-0.022225548,-0.0035636395,0.00032659803,-0.0037269383,1.3270609,0.9934082,0.006591797,0.03540039,0.007728959433734417
8036352,2301.705852212076,7.0,480.49316,500.0,94.300446,-1.0,-0.028808594,1.0,0.20288482,-0.022241829,-0.003082569,0.00023393647,-0.0031995373,1.3393023,0.9934082,0.006591797,0.03540039,0.007773077115416527
8044544,2301.4047629796264,7.0,480.36658,500.0,94.58833,-1.0,-0.029174805,1.0,0.2037332,-0.02246964,-0.0053892825,0.0004161904,-0.005597377,1.3396361,0.9934082,0.006591797,0.0357666,0.008273077197372913
8052736,2302.761442687008,7.0,480.36707,500.0,94.5051,-1.0,-0.029296875,1.0,0.2040151,-0.02236595,-0.007354724,0.0007817996,-0.0077456236,1.3382508,0.9934082,0.006591797,0.035888672,0.009213553741574287
8060928,2345.6431407199307,7.0,480.48547,500.0,94.22536,-1.0,-0.029296875,1.0,0.20341589,-0.022359554,-0.0030687526,1.6292823e-05,-0.003076899,1.3316784,0.9935303,0.0064697266,0.0357666,0.008963554166257381
8069120,2302.3800041464597,7.0,480.54468,500.0,94.08513,-1.0,-0.029174805,1.0,0.20313317,-0.022253506,-0.0047193887,1.6753396e-05,-0.0047277655,1.3323818,0.9935303,0.0064697266,0.03564453,0.008713554590940475
8077312,2302.6617503525727,7.0,480.4851,500.0,94.22717,-1.0,-0.029296875,1.0,0.20341589,-0.022362802,-0.0039451206,0.00010793078,-0.003999086,1.3314228,0.9935303,0.0064697266,0.0357666,0.008757672272622585
8085504,2302.8765780119456,7.0,480.62878,500.0,93.8565,-1.0,-0.029052734,1.0,0.20284998,-0.02208016,-0.005083754,0.00043311348,-0.0053003104,1.3231164,0.9935303,0.0064697266,0.03552246,0.009063228033483028
8093696,2302.4272141999995,7.0,480.57996,500.0,93.94817,-1.0,-0.029174805,1.0,0.20313317,-0.02211329,-0.005328944,0.00015769103,-0.0054077897,1.3186537,0.9935303,0.0064697266,0.03564453,0.009368783794343472
8101888,2302.9279759153187,7.0,480.71484,500.0,93.65433,-1.0,-0.028808594,1.0,0.20228226,-0.021889579,-0.0016962612,2.3311848e-05,-0.0017079171,1.3019013,0.9935303,0.0064697266,0.03527832,0.009118784219026566
8110080,2304.1487713549477,7.0,480.714,500.0,93.65859,-1.0,-0.029052734,1.0,0.20224732,-0.022105027,-0.005696907,0.00017711477,-0.0057854634,1.2884818,0.99365234,0.0063476562,0.03540039,0.009162901900708675
8118272,2301.0209999900885,7.0,480.61182,500.0,93.86574,-1.0,-0.029296875,1.0,0.20281489,-0.022214599,-0.0043597594,0.0002969582,-0.0045082388,1.2835534,0.99365234,0.0063476562,0.03564453,0.009468457661569118
8126464,2303.021671089539,7.0,480.63525,500.0,93.779655,-1.0,-0.029296875,1.0,0.20281489,-0.022144089,-0.0030483166,0.0002350959,-0.0031658646,1.28134,0.99365234,0.0063476562,0.03564453,0.009512575343251228
8134656,2303.0588734296634,7.0,480.65552,500.0,93.696495,-1.0,-0.029296875,1.0,0.20281489,-0.022056289,-0.004071294,0.00019174421,-0.004167166,1.2767211,0.99365234,0.0063476562,0.03564453,0.009575075469911098
8142848,2303.805489750133,7.0,480.59875,500.0,93.82552,-1.0,-0.029418945,1.0,0.20309794,-0.022143029,-0.006299116,0.00013423087,-0.0063662315,1.2780509,0.99365234,0.0063476562,0.0357666,0.00960285309702158
8151040,2303.6820755073086,7.0,480.59875,500.0,93.82552,-1.0,-0.029418945,1.0,0.20309794,-0.022143027,-0.0029644975,1.9843605e-05,-0.0029744194,1.2776812,0.99365234,0.0063476562,0.0357666,0.009352853521704674
8159232,2309.7789679310026,7.0,480.77515,500.0,93.408104,-1.0,-0.029296875,1.0,0.20221211,-0.022017507,-0.0040943287,0.00020635089,-0.004197504,1.2752166,0.9937744,0.006225586,0.03552246,0.009366011247038841
8167424,2318.7240258754296,7.0,480.77515,500.0,93.408104,-1.0,-0.029296875,1.0,0.20221211,-0.022017507,-0.004416859,4.688853e-06,-0.0044192034,1.2708176,0.9937744,0.006225586,0.03552246,0.009116011671721935
8175616,2304.5034383037278,7.0,480.83472,500.0,93.26463,-1.0,-0.029418945,1.0,0.20189229,-0.022126801,-0.0038681587,9.05719e-06,-0.0038726875,1.2670094,0.9938965,0.0061035156,0.03552246,0.00886601209640503
8183808,2303.750036658467,7.0,480.83826,500.0,93.24731,-1.0,-0.029418945,1.0,0.20189229,-0.022098608,-0.0060606785,0.00010681381,-0.006114085,1.2613392,0.9938965,0.0061035156,0.03552246,0.008910129778087139
8192000,2302.9498940373587,7.0,480.84985,500.0,93.19527,-1.0,-0.029418945,1.0,0.20189229,-0.022033377,-0.004116399,0.000106135056,-0.004169467,1.2495471,0.9938965,0.0061035156,0.03552246,0.008954247459769249
8200192,2304.2294311085143,7.0,480.90894,500.0,93.053856,-1.0,-0.029296875,1.0,0.20160754,-0.02192839,-0.003556856,1.0455167e-05,-0.0035620835,1.2475028,0.9938965,0.0061035156,0.03540039,0.008704247884452343
8208384,2361.3744353980146,7.0,480.96863,500.0,92.90913,-1.0,-0.029174805,1.0,0.20132227,-0.021817992,-0.0043608155,2.3147311e-05,-0.00437239,1.2446129,0.9938965,0.0061035156,0.03527832,0.008454248309135437
8216576,2310.0038225610433,7.0,480.8523,500.0,93.18338,-1.0,-0.029418945,1.0,0.20189229,-0.022014517,-0.0040982333,0.00032934843,-0.0042629074,1.2462685,0.9938965,0.0061035156,0.03552246,0.008730564266443253
8224768,2308.5843082125957,7.0,480.92188,500.0,92.993546,-1.0,-0.029296875,1.0,0.20160754,-0.021844413,-0.0063560707,0.00013071939,-0.0064214305,1.246237,0.9938965,0.0061035156,0.03540039,0.008793064393103123
8232960,2302.5730221762387,7.0,480.92236,500.0,92.991135,-1.0,-0.029296875,1.0,0.20160754,-0.02184036,-0.003220377,0.00011406226,-0.0032774084,1.2400494,0.9938965,0.0061035156,0.03540039,0.008837182074785233
8241152,2303.841945047453,7.0,480.92773,500.0,92.965485,-1.0,-0.029296875,1.0,0.20160754,-0.021802459,-0.0041982345,0.0001013384,-0.004248904,1.232827,0.9938965,0.0061035156,0.03540039,0.008881299756467342
8249344,2303.6148905834934,7.0,480.93152,500.0,92.946915,-1.0,-0.029296875,1.0,0.20160754,-0.021772306,-0.004364834,0.00014646543,-0.004438067,1.2320356,0.9938965,0.0061035156,0.03540039,0.008925417438149452
8257536,2305.1973248504646,7.0,481.04956,500.0,92.66355,-1.0,-0.029296875,1.0,0.20100114,-0.021788206,-0.0041917567,0.0002299129,-0.004306713,1.2293335,0.99401855,0.0059814453,0.03527832,0.008953195065259933
8265728,2304.4406875306877,7.0,480.9917,500.0,92.799576,-1.0,-0.029418945,1.0,0.20128675,-0.021883154,-0.0057309736,0.00011898031,-0.0057904636,1.2217712,0.99401855,0.0059814453,0.03540039,0.008997312746942043
8273920,2304.2672906029775,7.0,481.05017,500.0,92.66052,-1.0,-0.029296875,1.0,0.20100114,-0.02178331,-0.0047568325,2.9022232e-05,-0.004771344,1.2085049,0.99401855,0.0059814453,0.03527832,0.008747313171625137
8282112,2303.1295766251214,7.0,480.99023,500.0,92.806946,-1.0,-0.029174805,1.0,0.20132227,-0.021670673,-0.0027667996,0.00020690233,-0.002870251,1.2029551,0.9938965,0.0061035156,0.03527832,0.008497313596308231
8290304,2303.3977633542445,7.0,480.93384,500.0,92.93565,-1.0,-0.029296875,1.0,0.20160754,-0.021754835,-0.0014795559,0.00018894726,-0.0015740294,1.2011034,0.9938965,0.0061035156,0.03540039,0.008510471321642399
8298496,2303.6817666021393,7.0,480.93384,500.0,92.93565,-1.0,-0.029296875,1.0,0.20160754,-0.021754833,-0.0060349167,1.0181257e-05,-0.0060400073,1.2013733,0.9938965,0.0061035156,0.03540039,0.008260471746325493
8306688,2302.44649990957,7.0,480.93506,500.0,92.929565,-1.0,-0.029296875,1.0,0.20160754,-0.021744488,-0.0037788698,0.00021856808,-0.003888154,1.1983532,0.9938965,0.0061035156,0.03540039,0.008566027507185936
8314880,2303.124482144952,7.0,480.93628,500.0,92.92344,-1.0,-0.029296875,1.0,0.20160754,-0.021733718,-0.005064132,8.774169e-05,-0.005108003,1.1936994,0.9938965,0.0061035156,0.03540039,0.008610145188868046
8323072,2305.9894349175497,7.0,480.93628,500.0,92.92344,-1.0,-0.029296875,1.0,0.20160754,-0.021733718,-0.007010227,4.2533993e-05,-0.0070314948,1.1980426,0.9938965,0.0061035156,0.03540039,0.00836014561355114
8331264,2302.586138084649,7.0,480.8767,500.0,93.067505,-1.0,-0.029418945,1.0,0.20189229,-0.021843012,-0.0033921413,0.00016741054,-0.0034758467,1.1996374,0.9938965,0.0061035156,0.03552246,0.00840426329523325
8339456,2304.560782515682,7.0,480.81677,500.0,93.21317,-1.0,-0.029541016,1.0,0.20217659,-0.02195565,-0.0051052193,0.00018196124,-0.0051961998,1.1938512,0.9938965,0.0061035156,0.03564453,0.00844838097691536
8347648,2332.0363398641707,7.0,480.77783,500.0,93.27175,-1.0,-0.029663086,1.0,0.20246041,-0.021975648,-0.0039807623,0.00026055073,-0.0041110376,1.1962166,0.9938965,0.0061035156,0.0357666,0.00847615860402584
8355840,2312.256023873216,7.0,480.77844,500.0,93.268684,-1.0,-0.029907227,1.0,0.20242448,-0.022195406,-0.003969222,0.00017304176,-0.004055743,1.203183,0.99401855,0.0059814453,0.035888672,0.00852027628570795
8364032,2320.009564237982,7.0,480.89746,500.0,92.98165,-1.0,-0.029663086,1.0,0.20185658,-0.02197791,-0.0051163593,2.0691801e-05,-0.0051267054,1.2065274,0.99401855,0.0059814453,0.03564453,0.008270276710391045
8372224,2365.7880732113704,7.0,480.93323,500.0,92.85793,-1.0,-0.029663086,1.0,0.20185658,-0.021875404,-0.004971075,0.00021188795,-0.005077019,1.2004402,0.99401855,0.0059814453,0.03564453,0.008314394392073154
8380416,2359.4329879534785,7.0,480.99304,500.0,92.71226,-1.0,-0.029541016,1.0,0.2015719,-0.02176389,-0.006580991,1.17497475e-05,-0.0065868665,1.1942403,0.99401855,0.0059814453,0.03552246,0.008064394816756248
8388608,2313.54935297558,7.0,480.9911,500.0,92.722015,-1.0,-0.029541016,1.0,0.2015719,-0.021780454,-0.0054787747,0.00012348375,-0.0055405167,1.1932325,0.99401855,0.0059814453,0.03552246,0.00809217244386673
8396800,2323.8104646256343,7.0,480.9939,500.0,92.7081,-1.0,-0.029541016,1.0,0.2015719,-0.021757439,-0.0014020643,8.074007e-05,-0.0014424343,1.1894101,0.99401855,0.0059814453,0.03552246,0.00813629012554884
8404992,2302.3020963638696,7.0,480.9984,500.0,92.68625,-1.0,-0.029541016,1.0,0.2015719,-0.021724174,-0.0068190326,0.00017433881,-0.006906203,1.1871678,0.99401855,0.0059814453,0.03552246,0.00818040780723095
8413184,2302.950665809823,7.0,481.03796,500.0,92.62563,-1.0,-0.029174805,1.0,0.20132227,-0.021486305,-0.0044925446,0.00020068974,-0.00459289,1.1894667,0.9938965,0.0061035156,0.03527832,0.007930408231914043
8421376,2303.3698146718402,7.0,481.15454,500.0,92.34848,-1.0,-0.029174805,1.0,0.20071502,-0.021507911,-0.005266792,0.00018659883,-0.0053600916,1.1824055,0.99401855,0.0059814453,0.03515625,0.007974525913596153
8429568,2303.4027046283195,7.0,481.0963,500.0,92.48685,-1.0,-0.029296875,1.0,0.20100114,-0.021605765,-0.004907154,0.00022457348,-0.0050194403,1.1794448,0.99401855,0.0059814453,0.03527832,0.008002303540706635
8437760,2304.909391618022,7.0,481.15613,500.0,92.34049,-1.0,-0.029174805,1.0,0.20071502,-0.02149425,-0.005258017,1.455279e-05,-0.005265293,1.1848994,0.99401855,0.0059814453,0.03515625,0.007752303499728441
8445952,2302.342823735084,7.0,481.09656,500.0,92.48561,-1.0,-0.029296875,1.0,0.20100114,-0.021603547,-0.0062414664,0.00017385244,-0.006328393,1.1942459,0.99401855,0.0059814453,0.03527832,0.007796421181410551
8454144,2329.577394628534,7.0,481.15625,500.0,92.33988,-1.0,-0.029174805,1.0,0.20071502,-0.021493148,-0.0033768292,2.2696313e-05,-0.0033881771,1.1979003,0.99401855,0.0059814453,0.03515625,0.007546421140432358
8462336,2303.604079582484,7.0,481.27625,500.0,92.04446,-1.0,-0.028930664,1.0,0.20014139,-0.02126673,-0.0051471973,1.3438536e-05,-0.005153916,1.1999944,0.99401855,0.0059814453,0.03491211,0.0072964210994541645
8470528,2303.125408412397,7.0,481.27625,500.0,92.04446,-1.0,-0.028930664,1.0,0.20014137,-0.02126673,-0.0045303805,1.2431109e-05,-0.004536596,1.1997546,0.99401855,0.0059814453,0.03491211,0.007046421058475971
8478720,2303.391895618816,7.0,481.15857,500.0,92.32844,-1.0,-0.028930664,1.0,0.20075037,-0.021254003,-0.002697784,0.0005948538,-0.0029952107,1.1963934,0.9938965,0.0061035156,0.03503418,0.007322737015783787
8486912,2303.3346095620354,7.0,481.1588,500.0,92.32721,-1.0,-0.028930664,1.0,0.20075037,-0.021251976,-0.005727707,0.00017479146,-0.0058151027,1.1894386,0.9938965,0.0061035156,0.03503418,0.007366854697465897
8495104,2303.5994463274,7.0,481.1588,500.0,92.3272,-1.0,-0.028930664,1.0,0.20075037,-0.021251976,-0.0055575115,5.376572e-06,-0.0055601997,1.1907587,0.9938965,0.0061035156,0.03503418,0.007116854656487703
8503296,2323.436475809603,7.0,481.21802,500.0,92.18366,-1.0,-0.028808594,1.0,0.20046368,-0.021145927,-0.0061899624,6.43176e-06,-0.006193178,1.1985865,0.9938965,0.0061035156,0.03491211,0.00686685461550951
8511488,2304.782767069743,7.0,481.3369,500.0,91.89329,-1.0,-0.028564453,1.0,0.19988884,-0.020929527,-0.005292775,6.3029183e-06,-0.0052959262,1.1941309,0.9938965,0.0061035156,0.03466797,0.006616854574531317
8519680,2322.3277882491348,7.0,481.27722,500.0,92.03986,-1.0,-0.028442383,1.0,0.20021133,-0.020819128,-0.006034529,0.00020660393,-0.006137831,1.1874603,0.9937744,0.006225586,0.03466797,0.0063668545335531235
8527872,2302.681348628276,7.0,481.28125,500.0,92.02,-1.0,-0.028442383,1.0,0.20021133,-0.020787966,-0.0035339424,0.00012009882,-0.0035939917,1.1893034,0.9937744,0.006225586,0.03466797,0.006380012258887291
8536064,2318.2467152804998,7.0,481.2224,500.0,92.16199,-1.0,-0.028564453,1.0,0.20049861,-0.020890864,-0.0057693846,0.0001483223,-0.005843546,1.1842691,0.9937744,0.006225586,0.03479004,0.006407789885997772
8544256,2340.79609937014,7.0,481.2235,500.0,92.15643,-1.0,-0.028564453,1.0,0.20049861,-0.020881219,-0.0071760877,0.0001808804,-0.007266529,1.181425,0.9937744,0.006225586,0.03479004,0.0064355675131082535
8552448,2363.2493473331015,7.0,481.16418,500.0,92.30064,-1.0,-0.028686523,1.0,0.2007854,-0.020988338,-0.006966211,0.00019552709,-0.0070639746,1.185692,0.9937744,0.006225586,0.03491211,0.006479685194790363
8560640,2305.1926851841604,7.0,481.10608,500.0,92.43849,-1.0,-0.028808594,1.0,0.20107171,-0.021085214,-0.0072562546,0.00018188113,-0.0073471954,1.1959794,0.9937744,0.006225586,0.03503418,0.006523802876472473
8568832,2305.2163476775777,7.0,481.22388,500.0,92.15462,-1.0,-0.028564453,1.0,0.2004986,-0.020878315,-0.005819982,1.0938936e-05,-0.005825451,1.2028024,0.9937744,0.006225586,0.03479004,0.00627380283549428
8577024,2310.067497916318,7.0,481.16467,500.0,92.29821,-1.0,-0.028442383,1.0,0.20082012,-0.020772267,-0.0029993823,0.00022621016,-0.0031124875,1.1966213,0.99365234,0.0063476562,0.03479004,0.006023802794516087
8585216,2304.9028977129838,7.0,481.22778,500.0,92.135315,-1.0,-0.028808594,1.0,0.20046368,-0.021077268,-0.00597507,0.0003782811,-0.006164211,1.1924393,0.9938965,0.0061035156,0.03491211,0.00632935855537653
8593408,2302.200129985514,7.0,481.2876,500.0,91.98832,-1.0,-0.028686523,1.0,0.20017652,-0.020965753,-0.005720389,1.4126217e-05,-0.0057274518,1.1915462,0.9938965,0.0061035156,0.03479004,0.006079358514398336
8601600,2304.392158488125,7.0,481.406,500.0,91.699715,-1.0,-0.028442383,1.0,0.1996007,-0.02075356,-0.005357185,1.1743471e-05,-0.0053630564,1.1869191,0.9938965,0.0061035156,0.0345459,0.005829358473420143
8609792,2303.9769632735497,7.0,481.35815,500.0,91.79133,-1.0,-0.028564453,1.0,0.19988886,-0.020790566,-0.005957077,0.0005174821,-0.006215818,1.1827618,0.9938965,0.0061035156,0.03466797,0.0063688321970403194
8617984,2357.5662271537844,7.0,481.35803,500.0,91.791954,-1.0,-0.028564453,1.0,0.19988886,-0.020791657,-0.0037083763,0.000101274105,-0.003759013,1.1746458,0.9938965,0.0061035156,0.03466797,0.006412949878722429
8626176,2304.698358433228,7.0,481.41797,500.0,91.64369,-1.0,-0.028442383,1.0,0.1996007,-0.020679016,-0.006768797,2.646575e-05,-0.00678203,1.165278,0.9938965,0.0061035156,0.0345459,0.006162949837744236
8634368,2341.2270649817424,7.0,481.47693,500.0,91.500145,-1.0,-0.028564453,1.0,0.19927722,-0.020782955,-0.0053679105,1.1262868e-05,-0.005373542,1.1691755,0.99401855,0.0059814453,0.0345459,0.005912949796766043
8642560,2302.5301264839823,7.0,481.43616,500.0,91.51973,-1.0,-0.028564453,1.0,0.19988886,-0.020738387,-0.0007950122,0.00070972106,-0.0011498727,1.159796,0.9938965,0.0061035156,0.03466797,0.006189265754073858
8650752,2311.5364217426277,7.0,481.43616,500.0,91.51973,-1.0,-0.028564453,1.0,0.19988884,-0.02073839,-0.0043727453,1.8838924e-05,-0.004382165,1.1432309,0.9938965,0.0061035156,0.03466797,0.005939265713095665
8658944,2302.629035863921,7.0,481.40698,500.0,91.63153,-1.0,-0.028808594,1.0,0.19985382,-0.02085878,-0.005020619,0.00020366344,-0.005122451,1.1368437,0.99401855,0.0059814453,0.03479004,0.0059524234384298325
8667136,2320.2953285738104,7.0,481.46692,500.0,91.48296,-1.0,-0.028930664,1.0,0.19953051,-0.020971421,-0.005015393,8.125069e-06,-0.0050194557,1.1348565,0.9941406,0.005859375,0.03479004,0.005702423397451639
8675328,2304.21907791237,7.0,481.52502,500.0,91.34345,-1.0,-0.028808594,1.0,0.19924209,-0.020874545,-0.0038462772,1.033892e-05,-0.003851447,1.1316355,0.9941406,0.005859375,0.03466797,0.005452423356473446
8683520,2302.5484881134385,7.0,481.5238,500.0,91.34965,-1.0,-0.028564453,1.0,0.19927722,-0.020668488,-0.0041642743,0.00017949272,-0.0042540208,1.1286513,0.99401855,0.0059814453,0.0345459,0.005202423315495253
8691712,2308.386714152433,7.0,481.5835,500.0,91.20181,-1.0,-0.028686523,1.0,0.19895315,-0.020778885,-0.004721822,6.6821563e-06,-0.004725164,1.1337392,0.9941406,0.005859375,0.0345459,0.004952423274517059
8699904,2306.6445744466814,7.0,481.52368,500.0,91.35027,-1.0,-0.028808594,1.0,0.19924209,-0.0208904,-0.0032944893,0.00019357465,-0.0033912766,1.145198,0.9941406,0.005859375,0.03466797,0.004996540956199169
8708096,2337.3978039177696,7.0,481.58325,500.0,91.20307,-1.0,-0.028686523,1.0,0.19895315,-0.020781105,-0.0046369103,8.382017e-06,-0.004641101,1.1511554,0.9941406,0.005859375,0.0345459,0.004746540915220976
8716288,2313.949929001738,7.0,481.58325,500.0,91.203064,-1.0,-0.028686523,1.0,0.19895315,-0.020781104,-0.0054287417,5.9625586e-06,-0.005431723,1.1610723,0.9941406,0.005859375,0.0345459,0.004496540874242783
8724480,2306.8139929072313,7.0,481.52466,500.0,91.345436,-1.0,-0.028808594,1.0,0.19924209,-0.020882975,-0.00441493,0.00026207813,-0.004545969,1.1699717,0.9941406,0.005859375,0.03466797,0.004772856831550598
8732672,2302.092928480811,7.0,481.40686,500.0,91.632195,-1.0,-0.029052734,1.0,0.19981846,-0.021089833,-0.0071502854,0.0003066028,-0.0073035867,1.178811,0.9941406,0.005859375,0.03491211,0.005078412592411041
8740864,2304.633896660529,7.0,481.40686,500.0,91.632195,-1.0,-0.029052734,1.0,0.19981846,-0.021089831,-0.0057371464,2.0329653e-05,-0.0057473113,1.1776798,0.9941406,0.005859375,0.03491211,0.004828412551432848
8749056,2304.2135150394333,7.0,481.3733,500.0,91.73102,-1.0,-0.029052734,1.0,0.19981846,-0.021144748,-0.003027454,0.00015530884,-0.0031051086,1.1805298,0.9941406,0.005859375,0.03491211,0.004872530233114958
8757248,2303.261577831998,7.0,481.49268,500.0,91.436485,-1.0,-0.029296875,1.0,0.19917087,-0.02137896,-0.006914215,0.00014627088,-0.006987351,1.1822759,0.99438477,0.0056152344,0.03491211,0.004916647914797068
8765440,2314.1955471063275,7.0,481.5122,500.0,91.335014,-1.0,-0.029418945,1.0,0.1994591,-0.021283522,-0.005286265,0.00031555997,-0.005444045,1.1794754,0.99438477,0.0056152344,0.03503418,0.005222203675657511
8773632,2303.1527336372187,7.0,481.5122,500.0,91.335014,-1.0,-0.029418945,1.0,0.1994591,-0.021283522,-0.006562323,3.021401e-05,-0.0065774303,1.1859283,0.99438477,0.0056152344,0.03503418,0.0049722036346793175
8781824,2306.306121779126,7.0,481.45227,500.0,91.48385,-1.0,-0.029541016,1.0,0.19974686,-0.021396164,-0.005672466,0.00018556896,-0.0057652504,1.1888002,0.99438477,0.0056152344,0.03515625,0.005016321316361427
8790016,2321.2990380182496,7.0,481.45227,500.0,91.48384,-1.0,-0.029541016,1.0,0.19974686,-0.021396164,-0.004349793,7.7247e-06,-0.0043536555,1.1915935,0.99438477,0.0056152344,0.03515625,0.004766321275383234
8798208,2350.525090370374,7.0,481.4525,500.0,91.48258,-1.0,-0.029785156,1.0,0.19971061,-0.0216192,-0.0051829503,0.00019246814,-0.005279184,1.1941965,0.99450684,0.005493164,0.03527832,0.004810438957065344
8806400,2359.8539879363566,7.0,481.3219,500.0,91.76704,-1.0,-0.030151367,1.0,0.20057064,-0.021817006,-0.0054258266,0.0005213261,-0.00568649,1.1923473,0.99450684,0.005493164,0.03564453,0.00534991268068552
8814592,2302.6972435378225,7.0,481.3219,500.0,91.76704,-1.0,-0.030151367,1.0,0.20057064,-0.021817008,-0.0034469725,1.0893479e-05,-0.003452419,1.181155,0.99450684,0.005493164,0.03564453,0.005099912639707327
8822784,2315.6012170073172,7.0,481.25952,500.0,91.92741,-1.0,-0.030273438,1.0,0.20085637,-0.021950852,-0.0053180372,0.0004754026,-0.0055557387,1.1789907,0.99450684,0.005493164,0.0357666,0.0055999127216637135
8830976,2371.204413179028,7.0,481.43665,500.0,91.49634,-1.0,-0.029907227,1.0,0.19999778,-0.021636667,-0.004565876,1.0551238e-05,-0.0045711515,1.1803427,0.99450684,0.005493164,0.03540039,0.00534991268068552
8839168,2348.0494857247277,7.0,481.43665,500.0,91.49634,-1.0,-0.029907227,1.0,0.19999778,-0.021636667,-0.0033967723,1.200913e-05,-0.003402777,1.1789416,0.99450684,0.005493164,0.03540039,0.005099912639707327
8847360,2306.991181062923,7.0,481.49646,500.0,91.34817,-1.0,-0.030029297,1.0,0.19967404,-0.021748181,-0.0032041953,1.1389666e-05,-0.0032098899,1.1791868,0.9946289,0.0053710938,0.03540039,0.004849912598729134
8855552,2302.7602080542265,7.0,481.49646,500.0,91.34816,-1.0,-0.030029297,1.0,0.19967404,-0.021748181,-0.004272898,1.964241e-05,-0.0042827195,1.1781571,0.9946289,0.0053710938,0.03540039,0.00459991255775094
8863744,2305.203356444582,7.0,481.49646,500.0,91.34817,-1.0,-0.030029297,1.0,0.19967405,-0.021748181,-0.004247069,5.340974e-06,-0.00424974,1.1808475,0.9946289,0.0053710938,0.03540039,0.004349912516772747
8871936,2353.0329920884483,7.0,481.4369,500.0,91.49509,-1.0,-0.030151367,1.0,0.1999611,-0.021857474,-0.0025073984,0.00014133347,-0.0025780653,1.1828703,0.9946289,0.0053710938,0.03552246,0.004394030198454857
8880128,2368.992109458749,7.0,481.4967,500.0,91.34692,-1.0,-0.030273438,1.0,0.19963717,-0.021968989,-0.0039462447,1.1316003e-05,-0.0039519025,1.1779348,0.994751,0.0052490234,0.03552246,0.004144030157476664
8888320,2365.8087607749776,7.0,481.55176,500.0,91.22206,-1.0,-0.030151367,1.0,0.1993497,-0.021893635,-0.0053929132,0.00018542564,-0.005485626,1.1750149,0.994751,0.0052490234,0.03540039,0.004171807784587145
8896512,2341.6905858959913,7.0,481.61108,500.0,91.0759,-1.0,-0.030029297,1.0,0.19906175,-0.021786515,-0.0057240995,1.3146722e-05,-0.0057306723,1.1812353,0.994751,0.0052490234,0.03527832,0.003921807743608952
8904704,2302.1506155318225,7.0,481.59827,500.0,91.07815,-1.0,-0.030151367,1.0,0.1993497,-0.021783553,-0.004735115,0.0003350792,-0.004902655,1.1888852,0.994751,0.0052490234,0.03540039,0.004227363504469395
8912896,2303.364101488765,7.0,481.53894,500.0,91.224304,-1.0,-0.030029297,1.0,0.19967404,-0.021674214,-0.0039887526,0.0003577378,-0.004167622,1.1879948,0.9946289,0.0053710938,0.03540039,0.004255141131579876
8921088,2304.2385481791716,7.0,481.65796,500.0,90.92982,-1.0,-0.029785156,1.0,0.19909844,-0.021456651,-0.0024340632,0.00018192343,-0.0025250248,1.1944429,0.9946289,0.0053710938,0.03515625,0.004282918758690357
8929280,2303.9395767799747,7.0,481.65796,500.0,90.92982,-1.0,-0.029785156,1.0,0.19909844,-0.021456651,-0.004623765,7.659671e-06,-0.0046275947,1.1955478,0.9946289,0.0053710938,0.03515625,0.004032918717712164
8937472,2301.5758793011196,7.0,481.66028,500.0,90.91807,-1.0,-0.030273438,1.0,0.19902478,-0.021888236,-0.0030241301,0.00048786082,-0.0032680607,1.1945693,0.99487305,0.005126953,0.03540039,0.00457239244133234
8945664,2300.5883798244095,7.0,481.66028,500.0,90.91807,-1.0,-0.030273438,1.0,0.19902478,-0.021888236,-0.0023127897,1.0150241e-05,-0.002317865,1.1935496,0.99487305,0.005126953,0.03540039,0.004322392400354147
8953856,2303.822018068244,7.0,481.7202,500.0,90.76818,-1.0,-0.030395508,1.0,0.19869922,-0.022000875,-0.003587941,1.1415577e-05,-0.0035936483,1.1981118,0.9949951,0.005004883,0.03540039,0.004072392359375954
8962048,2302.0181247119103,7.0,481.78027,500.0,90.61735,-1.0,-0.030273438,1.0,0.1984105,-0.021887098,-0.0032772815,1.121148e-05,-0.0032828874,1.1971955,0.9949951,0.005004883,0.03527832,0.0038223923183977604
8970240,2311.181141479264,7.0,481.78027,500.0,90.61735,-1.0,-0.030273438,1.0,0.1984105,-0.021887098,-0.003947878,7.0437495e-06,-0.0039513996,1.1963264,0.9949951,0.005004883,0.03527832,0.003572392277419567
8978432,2320.46675828393,7.0,481.9591,500.0,90.17016,-1.0,-0.030151367,1.0,0.19750413,-0.021776676,-0.004735377,3.6905535e-06,-0.0047372216,1.1906044,0.9951172,0.0048828125,0.03503418,0.003322392236441374
8986624,2304.46974411405,7.0,482.01868,500.0,90.020744,-1.0,-0.030029297,1.0,0.19721349,-0.021667384,-0.004609848,3.7551679e-06,-0.004611725,1.180998,0.9951172,0.0048828125,0.03491211,0.0030723921954631805
8994816,2327.699843664906,7.0,482.01868,500.0,90.020744,-1.0,-0.030029297,1.0,0.19721347,-0.021667382,-0.0035082619,4.9887367e-06,-0.0035107564,1.1800011,0.9951172,0.0048828125,0.03491211,0.0028223921544849873
9003008,2324.800859127362,7.0,482.078,500.0,89.872314,-1.0,-0.029907227,1.0,0.19692235,-0.021560263,-0.0043344456,2.7448073e-06,-0.004335818,1.1791499,0.9951172,0.0048828125,0.03479004,0.002572392113506794
9011200,2321.6255913737573,7.0,482.13586,500.0,89.731155,-1.0,-0.029785156,1.0,0.19663069,-0.02146548,-0.0056388425,0.0002322969,-0.00575499,1.1726892,0.9951172,0.0048828125,0.03466797,0.002616509795188904
9019392,2302.8173112057443,7.0,482.13586,500.0,89.731155,-1.0,-0.029785156,1.0,0.19663069,-0.02146548,-0.0045283693,3.2261064e-06,-0.0045299823,1.1722468,0.9951172,0.0048828125,0.03466797,0.0023665097542107105
9027584,2356.011744218282,7.0,482.18896,500.0,89.61292,-1.0,-0.029663086,1.0,0.1963385,-0.02140132,-0.004200966,4.837367e-06,-0.0042033847,1.171089,0.9951172,0.0048828125,0.0345459,0.0021165097132325172
9035776,2321.6594753685326,7.0,482.24878,500.0,89.46113,-1.0,-0.029785156,1.0,0.19600889,-0.021512832,-0.003130089,5.459891e-06,-0.0031328192,1.172432,0.99523926,0.004760742,0.0345459,0.001866509672254324
9043968,2305.592383596055,7.0,482.24695,500.0,89.47035,-1.0,-0.029785156,1.0,0.19600889,-0.021526389,-0.005249057,0.00014895145,-0.005323532,1.1726658,0.99523926,0.004760742,0.0345459,0.0019106273539364338
9052160,2305.1201541624573,7.0,482.24695,500.0,89.47035,-1.0,-0.029785156,1.0,0.19600889,-0.02152639,-0.0046683955,4.8369116e-06,-0.0046708146,1.1663721,0.99523926,0.004760742,0.0345459,0.0016606273129582405
9060352,2330.8939737045207,7.0,482.3097,500.0,89.30345,-1.0,-0.029907227,1.0,0.19567862,-0.021615852,-0.005155032,0.00020069617,-0.0052553806,1.164675,0.9953613,0.004638672,0.0345459,0.0016884050564840436
9068544,2303.928144788637,7.0,482.4873,500.0,88.84318,-1.0,-0.029907227,1.0,0.1950538,-0.021504182,-0.004171246,0.00025364812,-0.00429807,1.1597598,0.9954834,0.0045166016,0.034423828,0.001750905066728592
9076736,2333.1822028178212,7.0,482.59363,500.0,88.59277,-1.0,-0.029663086,1.0,0.19446436,-0.021330386,-0.004269707,0.00016457509,-0.0043519945,1.1598923,0.9954834,0.0045166016,0.034179688,0.001778682810254395
9084928,2305.1407221975,7.0,482.59363,500.0,88.59277,-1.0,-0.029663086,1.0,0.19446437,-0.021330386,-0.004831094,9.264987e-06,-0.0048357267,1.1664212,0.9954834,0.0045166016,0.034179688,0.0015286827692762017
9093120,2308.3561629883848,7.0,482.71313,500.0,88.28546,-1.0,-0.029418945,1.0,0.19387281,-0.02110834,-0.006861576,6.668663e-06,-0.0068649105,1.1702006,0.9954834,0.0045166016,0.033935547,0.0012786827282980084
9101312,2304.9018153990346,7.0,482.95264,500.0,87.664536,-1.0,-0.029174805,1.0,0.19264655,-0.020883039,-0.0030320995,6.521037e-06,-0.00303536,1.1710128,0.99560547,0.0043945312,0.033569336,0.0010286826873198152
9109504,2359.497959286539,7.0,483.01184,500.0,87.51212,-1.0,-0.029052734,1.0,0.19234796,-0.02077699,-0.0047923857,4.4192634e-06,-0.004794595,1.1780783,0.99560547,0.0043945312,0.033447266,0.0007786826463416219
9117696,2306.791381691953,7.0,483.06995,500.0,87.365234,-1.0,-0.028930664,1.0,0.19204879,-0.020680113,-0.002241535,5.0890894e-06,-0.0022440795,1.1807327,0.99560547,0.0043945312,0.033325195,0.0005286826053634286
9125888,2301.6858079826097,7.0,483.18945,500.0,87.05296,-1.0,-0.028686523,1.0,0.19144887,-0.02045818,-0.0027412882,4.2626525e-06,-0.0027434195,1.1716682,0.99560547,0.0043945312,0.033081055,0.00027868259348906577
9134080,2302.299319550121,7.0,483.24866,500.0,86.899315,-1.0,-0.028564453,1.0,0.19114806,-0.020352133,-0.0033995411,2.6958724e-06,-0.0034008892,1.1719855,0.99560547,0.0043945312,0.032958984,2.868258161470294e-05
9142272,2303.4680240873795,7.0,483.2478,500.0,86.903946,-1.0,-0.028564453,1.0,0.19114807,-0.020359784,-0.0041225823,0.00012053192,-0.0041828486,1.1675224,0.99560547,0.0043945312,0.032958984,5.646035788231529e-05
9150464,2303.369660261114,7.0,483.2478,500.0,86.903946,-1.0,-0.028564453,1.0,0.19114807,-0.020359784,-0.001880564,3.869508e-06,-0.001882499,1.1668485,0.99560547,0.0043945312,0.032958984,0.0
9158656,2301.9763292590856,7.0,483.30774,500.0,86.74601,-1.0,-0.028442383,1.0,0.19084671,-0.020247143,-0.0013683769,5.7470825e-06,-0.0013712504,1.167558,0.99560547,0.0043945312,0.032836914,0.0
9166848,2304.381803829622,7.0,483.42773,500.0,86.42849,-1.0,-0.028442383,1.0,0.19020602,-0.02024373,-0.006553392,2.8620389e-06,-0.0065548224,1.1691787,0.99572754,0.004272461,0.032714844,0.0
9175040,2325.97630776069,7.0,483.36768,500.0,86.58776,-1.0,-0.028564453,1.0,0.1905084,-0.020357506,-0.003325572,0.000111084504,-0.0033811145,1.1687663,0.99572754,0.004272461,0.032836914,4.4117641664342955e-05
9183232,2304.743653874236,7.0,483.42737,500.0,86.430504,-1.0,-0.028442383,1.0,0.19020602,-0.02024711,-0.0060884682,3.2852379e-06,-0.006090111,1.1693661,0.99572754,0.004272461,0.032714844,0.0
9191424,2307.3969267334114,7.0,483.60657,500.0,85.95608,-1.0,-0.028320312,1.0,0.18925922,-0.020146651,-0.0016746108,0.00019318055,-0.001771201,1.1660694,0.9958496,0.0041503906,0.032470703,0.0
9199616,2303.217884529209,7.0,483.54675,500.0,86.114975,-1.0,-0.028442383,1.0,0.18956316,-0.020258164,-0.0022355684,0.00015369912,-0.0023124178,1.1605023,0.9958496,0.0041503906,0.032592773,4.4117641664342955e-05
9207808,2304.954695354582,7.0,483.54675,500.0,86.114975,-1.0,-0.028442383,1.0,0.18956316,-0.020258164,-0.0045590913,3.880971e-06,-0.0045610317,1.1580765,0.9958496,0.0041503906,0.032592773,0.0
9216000,2304.1999170186646,7.0,483.72424,500.0,85.647896,-1.0,-0.028320312,1.0,0.18861313,-0.0201342,-0.0029479335,3.0209098e-06,-0.0029494436,1.1592972,0.9959717,0.0040283203,0.032348633,0.0
9224192,2302.488003852341,7.0,483.72424,500.0,85.647896,-1.0,-0.028320312,1.0,0.18861313,-0.0201342,-0.0039200736,9.023005e-06,-0.003924585,1.1636027,0.9959717,0.0040283203,0.032348633,0.0
9232384,2304.588450959346,7.0,483.72424,500.0,85.647896,-1.0,-0.028320312,1.0,0.18861313,-0.0201342,-0.0038828684,4.569902e-06,-0.0038851537,1.1654474,0.9959717,0.0040283203,0.032348633,0.0
9240576,2301.9242027399673,7.0,483.78333,500.0,85.49202,-1.0,-0.028198242,1.0,0.18830755,-0.020029211,-0.0043758117,1.5694202e-06,-0.004376597,1.1681565,0.9959717,0.0040283203,0.032226562,0.0
9248768,2304.6743974011983,7.0,483.89868,500.0,85.19444,-1.0,-0.028198242,1.0,0.18765819,-0.020043325,-0.0036802068,2.1661745e-06,-0.00368129,1.1711044,0.99609375,0.00390625,0.032104492,0.0
9256960,2321.943763391318,7.0,483.95813,500.0,85.0356,-1.0,-0.028076172,1.0,0.187351,-0.019935124,-0.004163661,2.358562e-06,-0.0041648406,1.1779441,0.99609375,0.00390625,0.031982422,0.0
9265152,2303.758686547174,7.0,484.01733,500.0,84.87777,-1.0,-0.027954102,1.0,0.18704323,-0.019829076,-0.003963642,3.4898678e-06,-0.003965387,1.1820099,0.99609375,0.00390625,0.03186035,0.0
9273344,2302.5167026208683,7.0,484.01843,500.0,84.87168,-1.0,-0.027954102,1.0,0.18704322,-0.019819409,-0.0022240854,0.0002895419,-0.0023688562,1.1780726,0.99609375,0.00390625,0.03186035,0.0003055555571336299
9281536,2302.6095927874962,7.0,484.0786,500.0,84.70808,-1.0,-0.027832031,1.0,0.18673487,-0.019704714,-0.0035891375,0.0002148808,-0.003696578,1.1729112,0.99609375,0.00390625,0.03173828,0.00033333332976326346
9289728,2305.0862872955036,7.0,484.31738,500.0,84.06093,-1.0,-0.02758789,1.0,0.1854593,-0.019490477,-0.002256892,8.205485e-06,-0.0022609946,1.1659812,0.9962158,0.0037841797,0.03137207,8.333331788890064e-05
9297920,2304.1960539738566,7.0,484.495,500.0,83.58009,-1.0,-0.02722168,1.0,0.18452375,-0.019172,-0.0043841647,1.3196774e-05,-0.0043907636,1.1591915,0.9962158,0.0037841797,0.03100586,0.0
9306112,2308.5428944107707,7.0,484.55493,500.0,83.41497,-1.0,-0.02709961,1.0,0.18421069,-0.01905936,-0.0016895214,5.69584e-06,-0.0016923693,1.1585326,0.9962158,0.0037841797,0.030883789,0.0
9314304,2365.3908444358162,7.0,484.49524,500.0,83.5787,-1.0,-0.02722168,1.0,0.18452375,-0.019169757,-0.0036428527,0.00015065877,-0.003718182,1.1678569,0.9962158,0.0037841797,0.03100586,4.4117641664342955e-05
9322496,2317.965833759972,7.0,484.55493,500.0,83.41497,-1.0,-0.02709961,1.0,0.18421069,-0.01905936,-0.0062863915,4.077995e-06,-0.00628843,1.1684238,0.9962158,0.0037841797,0.030883789,0.0
9330688,2303.6453163738333,7.0,484.55493,500.0,83.41497,-1.0,-0.02709961,1.0,0.18421069,-0.01905936,-0.0040750927,5.2657324e-06,-0.0040777256,1.1651388,0.9962158,0.0037841797,0.030883789,0.0
9338880,2302.4014489961596,7.0,484.55493,500.0,83.41497,-1.0,-0.02709961,1.0,0.18421069,-0.01905936,-0.0022519124,4.4579638e-06,-0.0022541415,1.1672229,0.9962158,0.0037841797,0.030883789,0.0
9347072,2304.149543931165,7.0,484.55493,500.0,83.41497,-1.0,-0.02709961,1.0,0.18421069,-0.01905936,-0.0035844226,2.3965904e-06,-0.003585621,1.1696304,0.9962158,0.0037841797,0.030883789,0.0
9355264,2302.4972614414414,7.0,484.49976,500.0,83.5541,-1.0,-0.026977539,1.0,0.1845596,-0.018983245,-0.0041604536,0.00022682606,-0.0042738663,1.1710938,0.99609375,0.00390625,0.030883789,0.0
9363456,2360.874863884496,7.0,484.67737,500.0,83.06987,-1.0,-0.026611328,1.0,0.18361826,-0.0186643,-0.0066146,1.0754187e-05,-0.006619977,1.1635795,0.99609375,0.00390625,0.030517578,0.0
9371648,2303.1002450782753,7.0,484.67847,500.0,83.06367,-1.0,-0.026611328,1.0,0.18361825,-0.018654753,-0.003066883,0.0002158624,-0.0031748144,1.1666257,0.99609375,0.00390625,0.030517578,4.4117641664342955e-05
9379840,2303.443470948369,7.0,484.69482,500.0,82.98276,-1.0,-0.02709961,1.0,0.18354683,-0.019024838,-0.004959458,0.0003612303,-0.005140073,1.1605482,0.9963379,0.0036621094,0.030761719,0.0003204334352631122
9388032,2302.3386583696074,7.0,484.87305,500.0,82.49133,-1.0,-0.026733398,1.0,0.1826005,-0.018701034,-0.004458202,1.1168875e-05,-0.0044637863,1.1625041,0.9963379,0.0036621094,0.030395508,7.043342338874936e-05
9396224,2303.2516965159903,7.0,484.87305,500.0,82.49133,-1.0,-0.026733398,1.0,0.1826005,-0.018701036,-0.003639361,5.7588113e-06,-0.0036422405,1.16797,0.9963379,0.0036621094,0.030395508,0.0
9404416,2362.992069199058,7.0,485.05164,500.0,81.99448,-1.0,-0.026367188,1.0,0.18164851,-0.018374067,-0.004454112,8.978784e-06,-0.0044586016,1.1706499,0.9963379,0.0036621094,0.030029297,0.0
9412608,2353.5677796035498,7.0,485.0514,500.0,81.99588,-1.0,-0.026367188,1.0,0.18164851,-0.018376242,-0.0047855857,0.00015902989,-0.0048651006,1.1724347,0.9963379,0.0036621094,0.030029297,4.4117641664342955e-05
9420800,2334.541880240487,7.0,485.17078,500.0,81.6609,-1.0,-0.026123047,1.0,0.18101063,-0.018155437,-0.003854426,5.804871e-06,-0.0038573283,1.176027,0.9963379,0.0036621094,0.029785156,0.0
9428992,2376.7710481072913,7.0,485.20007,500.0,81.53731,-1.0,-0.026123047,1.0,0.18101063,-0.018064542,-0.0033821184,0.00021937909,-0.0034918077,1.1728754,0.9963379,0.0036621094,0.029785156,1.3157892681192607e-05
9437184,2304.896558460028,7.0,485.20007,500.0,81.53731,-1.0,-0.026123047,1.0,0.18101063,-0.018064542,-0.005130346,6.9650782e-06,-0.005133828,1.1788568,0.9963379,0.0036621094,0.029785156,0.0
9445376,2304.9812908691188,7.0,485.14075,500.0,81.70317,-1.0,-0.026245117,1.0,0.18132988,-0.01817166,-0.0036273715,0.00020487655,-0.0037298095,1.180659,0.9963379,0.0036621094,0.029907227,4.4117641664342955e-05
9453568,2334.439734477879,7.0,485.1422,500.0,81.69477,-1.0,-0.026245117,1.0,0.18132988,-0.018159118,-0.0047119632,0.00018445299,-0.0048041907,1.1821433,0.9963379,0.0036621094,0.029907227,7.189541793195531e-05
9461760,2301.8293632057143,7.0,485.1422,500.0,81.69477,-1.0,-0.026245117,1.0,0.18132988,-0.018159118,-0.0046463567,9.918255e-06,-0.004651316,1.1865884,0.9963379,0.0036621094,0.029907227,0.0
9469952,2304.320450523563,7.0,485.1422,500.0,81.69477,-1.0,-0.026245117,1.0,0.18132988,-0.01815912,-0.0029755558,5.996872e-06,-0.002978554,1.191887,0.9963379,0.0036621094,0.029907227,0.0
9478144,2304.1823016394756,7.0,485.1422,500.0,81.69477,-1.0,-0.026245117,1.0,0.18132988,-0.018159118,-0.004594735,7.869026e-06,-0.004598669,1.2085706,0.9963379,0.0036621094,0.029907227,0.0
9486336,2302.965020871952,7.0,485.26062,500.0,81.36399,-1.0,-0.026245117,1.0,0.18065542,-0.01817397,-0.0036445921,0.00020600484,-0.0037475945,1.2062339,0.99645996,0.003540039,0.029785156,2.7777776267612353e-05
9494528,2303.3872632172265,7.0,485.26062,500.0,81.36399,-1.0,-0.026245117,1.0,0.18065542,-0.018173968,-0.003623353,1.20677605e-05,-0.0036293874,1.2067064,0.99645996,0.003540039,0.029785156,0.0
9502720,2310.08691183267,7.0,485.2599,500.0,81.36822,-1.0,-0.026245117,1.0,0.18065542,-0.018180367,-0.0061297365,0.00016531907,-0.0062123965,1.201754,0.99645996,0.003540039,0.029785156,4.4117641664342955e-05
9510912,2335.569068727566,7.0,485.2599,500.0,81.36822,-1.0,-0.026245117,1.0,0.18065542,-0.018180365,-0.004859408,7.737004e-06,-0.0048632766,1.1997283,0.99645996,0.003540039,0.029785156,0.0
9519104,2304.320141447168,7.0,485.20044,500.0,81.535164,-1.0,-0.026367188,1.0,0.18097524,-0.018288568,-0.003161068,0.00012428504,-0.0032232108,1.2033098,0.99645996,0.003540039,0.029907227,4.4117641664342955e-05
9527296,2304.382576562118,7.0,485.26013,500.0,81.3668,-1.0,-0.026245117,1.0,0.18065542,-0.018178169,-0.005376042,4.5234488e-06,-0.005378304,1.2026378,0.99645996,0.003540039,0.029785156,0.0
9535488,2303.180368281077,7.0,485.26013,500.0,81.3668,-1.0,-0.026245117,1.0,0.18065542,-0.018178169,-0.003819446,6.1431206e-06,-0.0038225173,1.198001,0.99645996,0.003540039,0.029785156,0.0
9543680,2304.5292505742586,7.0,485.20508,500.0,81.50926,-1.0,-0.026367188,1.0,0.18097524,-0.01825352,-0.005398732,0.00022496321,-0.0055112136,1.2052916,0.99645996,0.003540039,0.029907227,4.4117641664342955e-05
9551872,2305.0947925794703,7.0,485.26465,500.0,81.341545,-1.0,-0.026489258,1.0,0.18061979,-0.018362816,-0.004264037,4.4985068e-06,-0.004266287,1.2068117,0.99658203,0.0034179688,0.029907227,0.0
9560064,2326.326228844133,7.0,485.26465,500.0,81.341545,-1.0,-0.026489258,1.0,0.18061979,-0.018362816,-0.0040296805,4.9525306e-06,-0.004032157,1.2004126,0.99658203,0.0034179688,0.029907227,0.0
9568256,2347.360355282117,7.0,485.3241,500.0,81.17416,-1.0,-0.026367188,1.0,0.18029946,-0.018254615,-0.005228574,6.8045624e-06,-0.005231976,1.1948112,0.99658203,0.0034179688,0.029785156,0.0
9576448,2324.189447504305,7.0,485.26538,500.0,81.337326,-1.0,-0.026489258,1.0,0.18061979,-0.018356483,-0.00317374,0.00023123206,-0.003289356,1.193124,0.99658203,0.0034179688,0.029907227,4.4117641664342955e-05
9584640,2315.264031257111,7.0,485.26538,500.0,81.337326,-1.0,-0.026489258,1.0,0.18061979,-0.018356483,-0.00087166403,3.7307561e-06,-0.0008735294,1.1999322,0.99658203,0.0034179688,0.029907227,0.0
9592832,2304.296188278796,7.0,485.26538,500.0,81.337326,-1.0,-0.026489258,1.0,0.18061979,-0.018356483,-0.005940332,3.4368618e-06,-0.005942051,1.204032,0.99658203,0.0034179688,0.029907227,0.0
9601024,2304.2105790895457,7.0,485.26538,500.0,81.337326,-1.0,-0.026489258,1.0,0.18061979,-0.018356483,-0.0049295006,5.1517577e-06,-0.004932076,1.2003492,0.99658203,0.0034179688,0.029907227,0.0
9609216,2315.8080083488344,7.0,485.26538,500.0,81.337326,-1.0,-0.026489258,1.0,0.18061979,-0.018356483,-0.0027794878,3.190091e-06,-0.002781083,1.1973487,0.99658203,0.0034179688,0.029907227,0.0
9617408,2310.111140858015,7.0,485.32532,500.0,81.167076,-1.0,-0.026611328,1.0,0.1802636,-0.018469121,-0.0071092136,5.3300823e-06,-0.007111879,1.1920722,0.9967041,0.0032958984,0.029907227,0.0
9625600,2304.7668433556237,7.0,485.2672,500.0,81.32678,-1.0,-0.026733398,1.0,0.18058382,-0.018566,-0.0049210833,0.00020189583,-0.0050220313,1.1900935,0.9967041,0.0032958984,0.030029297,2.7777776267612353e-05
9633792,2303.399307500116,7.0,485.2672,500.0,81.32678,-1.0,-0.026733398,1.0,0.18058382,-0.018566,-0.0046602497,5.383484e-06,-0.004662941,1.189699,0.9967041,0.0032958984,0.030029297,0.0
9641984,2340.144848168666,7.0,485.2672,500.0,81.32678,-1.0,-0.026733398,1.0,0.18058382,-0.018566001,-0.0038589337,7.919293e-06,-0.0038628932,1.1973294,0.9967041,0.0032958984,0.030029297,0.0
9650176,2325.8642041019593,7.0,485.32617,500.0,81.16219,-1.0,-0.026611328,1.0,0.18026358,-0.018462062,-0.0016574841,6.0920493e-06,-0.0016605302,1.2059977,0.9967041,0.0032958984,0.029907227,0.0
9658368,2355.9031880974694,7.0,485.32642,500.0,81.16076,-1.0,-0.026611328,1.0,0.1802636,-0.018459886,-0.0045684474,0.00018585686,-0.004661375,1.2044557,0.9967041,0.0032958984,0.029907227,4.4117641664342955e-05
9666560,2324.932524544769,7.0,485.38525,500.0,80.996506,-1.0,-0.026489258,1.0,0.17994268,-0.01835699,-0.0056096073,5.380867e-06,-0.005612298,1.2006316,0.9967041,0.0032958984,0.029785156,0.0
9674752,2302.560060719427,7.0,485.38525,500.0,80.996506,-1.0,-0.026489258,1.0,0.17994268,-0.01835699,-0.007099391,4.0126874e-06,-0.007101398,1.1954875,0.9967041,0.0032958984,0.029785156,0.0
9682944,2305.434127287235,7.0,485.2649,500.0,81.34025,-1.0,-0.026733398,1.0,0.18058382,-0.01858672,-0.007244817,0.0004612126,-0.007475422,1.1943628,0.9967041,0.0032958984,0.030029297,0.00046428575296886265
9691136,2319.273074344068,7.0,485.20532,500.0,81.50795,-1.0,-0.026855469,1.0,0.18090342,-0.018696014,-0.0033435882,0.00019650278,-0.0034418395,1.2006822,0.9967041,0.0032958984,0.030151367,0.0004920635255984962
9699328,2340.2889371601755,7.0,485.20532,500.0,81.50795,-1.0,-0.026855469,1.0,0.18090342,-0.018696014,-0.0040434934,8.778426e-06,-0.0040478827,1.2057018,0.9967041,0.0032958984,0.030151367,0.00024206351372413337
9707520,2302.3116609958297,7.0,485.0852,500.0,81.847885,-1.0,-0.026855469,1.0,0.18157695,-0.018696014,-0.0034406146,0.00030448314,-0.0035928562,1.2060821,0.99658203,0.0034179688,0.030273438,0.0002698412863537669
9715712,2302.765763912169,7.0,485.026,500.0,82.012314,-1.0,-0.026977539,1.0,0.1818947,-0.018802062,-0.0033452085,0.00015578706,-0.0034231022,1.2003965,0.99658203,0.0034179688,0.030395508,0.0003139589389320463
9723904,2304.0438603167468,7.0,484.9099,500.0,82.32708,-1.0,-0.02722168,1.0,0.18252833,-0.018995548,-0.0046255034,0.00047027203,-0.0048606396,1.1946349,0.99658203,0.0034179688,0.030639648,0.0008534325752407312
9732096,2304.571911642201,7.0,484.911,500.0,82.320816,-1.0,-0.02722168,1.0,0.18252833,-0.018986002,-0.004599633,0.00011583043,-0.004657549,1.1955185,0.99658203,0.0034179688,0.030639648,0.0008975501987151802
9740288,2304.5784036823097,7.0,484.7339,500.0,82.80717,-1.0,-0.02758789,1.0,0.18347408,-0.019300709,-0.0040678214,0.00040221238,-0.004268928,1.1940321,0.99658203,0.0034179688,0.03100586,0.0014370238641276956
9748480,2304.7569491198224,7.0,484.7339,500.0,82.80717,-1.0,-0.02758789,1.0,0.18347406,-0.019300707,-0.0048737517,3.9267583e-05,-0.004893386,1.1942182,0.99658203,0.0034179688,0.03100586,0.0011870238231495023
9756672,2316.495289071621,7.0,484.62073,500.0,83.10343,-1.0,-0.027832031,1.0,0.18410146,-0.019477684,-0.002992955,0.00026533878,-0.0031256245,1.193888,0.99658203,0.0034179688,0.03125,0.0014925793511793017
9764864,2303.56284426744,7.0,484.5027,500.0,83.424385,-1.0,-0.028076172,1.0,0.18472639,-0.01968737,-0.00492551,0.00018558156,-0.005018301,1.1874602,0.99658203,0.0034179688,0.03149414,0.0017981348792091012
9773056,2301.074010229276,7.0,484.38342,500.0,83.75068,-1.0,-0.028320312,1.0,0.18534888,-0.019907095,-0.004695913,0.00021059182,-0.0048012086,1.1806278,0.99658203,0.0034179688,0.03173828,0.0023376084864139557
9781248,2332.222964656711,7.0,484.3252,500.0,83.90548,-1.0,-0.028442383,1.0,0.18565921,-0.02000495,-0.006401198,0.00021977864,-0.0065110875,1.1805699,0.99658203,0.0034179688,0.03186035,0.0026139242108911276
9789440,2328.7459558741302,7.0,484.21216,500.0,84.19671,-1.0,-0.028442383,1.0,0.18631555,-0.020051656,-0.0017065657,0.00037105562,-0.0018920936,1.1808506,0.99645996,0.003540039,0.031982422,0.0026270821690559387
9797632,2374.7449595723547,7.0,484.21216,500.0,84.19671,-1.0,-0.028442383,1.0,0.18631555,-0.020051656,-0.0038624029,3.9245013e-05,-0.0038820256,1.1804764,0.99645996,0.003540039,0.031982422,0.0023770821280777454
9805824,2308.8177733554217,7.0,484.21216,500.0,84.19671,-1.0,-0.028442383,1.0,0.18631555,-0.020051656,-0.003627737,1.9228359e-05,-0.003637351,1.1855279,0.99645996,0.003540039,0.031982422,0.002127082087099552
9814016,2334.9883176981025,7.0,484.27185,500.0,84.03439,-1.0,-0.028320312,1.0,0.18600632,-0.01994127,-0.0043701855,0.00013207234,-0.004436222,1.1787993,0.99645996,0.003540039,0.03186035,0.002171199768781662
9822208,2309.857382564773,7.0,484.27185,500.0,84.03439,-1.0,-0.028320312,1.0,0.18600632,-0.01994127,-0.0012464153,1.2983255e-05,-0.0012529069,1.1750823,0.99645996,0.003540039,0.03186035,0.0019211997278034687
9830400,2358.259583488104,7.0,484.15552,500.0,84.34174,-1.0,-0.028564453,1.0,0.18662423,-0.020135611,-0.0032081113,0.00041313184,-0.0034146772,1.1712795,0.99645996,0.003540039,0.032104492,0.002460673451423645
9838592,2304.662958116456,7.0,484.21558,500.0,84.177666,-1.0,-0.028686523,1.0,0.18627812,-0.02024939,-0.0019116635,2.8388635e-05,-0.001925858,1.1631628,0.99658203,0.0034179688,0.032104492,0.0022106734104454517
9846784,2306.9134255662607,7.0,484.21558,500.0,84.177666,-1.0,-0.028686523,1.0,0.18627812,-0.02024939,-0.0034159878,1.2075522e-05,-0.0034220256,1.152877,0.99658203,0.0034179688,0.032104492,0.0019606733694672585
9854976,2352.4295125346903,7.0,484.27502,500.0,84.016685,-1.0,-0.028564453,1.0,0.18596898,-0.020141186,-0.0037441396,8.0230375e-06,-0.003748151,1.1481665,0.99658203,0.0034179688,0.031982422,0.0017106733284890652
9863168,2303.019355630922,7.0,484.28284,500.0,83.97555,-1.0,-0.028564453,1.0,0.18596898,-0.020088285,-0.0011296249,0.00020433428,-0.0012317919,1.1517648,0.99658203,0.0034179688,0.031982422,0.001754791010171175
9871360,2303.4944308776794,7.0,484.29553,500.0,83.91198,-1.0,-0.028564453,1.0,0.18596898,-0.020017419,-0.0058618356,0.00017782871,-0.00595075,1.1565698,0.99658203,0.0034179688,0.031982422,0.0017989086918532848
9879552,2302.0775046254626,7.0,484.29553,500.0,83.91198,-1.0,-0.028564453,1.0,0.18596898,-0.020017419,-0.0028847558,2.411262e-05,-0.0028968123,1.1474681,0.99658203,0.0034179688,0.031982422,0.0015489086508750916
9887744,2318.2492178716784,7.0,484.29553,500.0,83.91198,-1.0,-0.028564453,1.0,0.18596898,-0.020017419,-0.0025994882,1.21241965e-05,-0.0026055507,1.1359643,0.99658203,0.0034179688,0.031982422,0.0012989086098968983
9895936,2313.0620245303576,7.0,484.3551,500.0,83.74973,-1.0,-0.028442383,1.0,0.18565921,-0.019908126,0.00043336983,7.186954e-06,0.0004297761,1.1283371,0.99658203,0.0034179688,0.03186035,0.001048908568918705
9904128,2351.761149048036,7.0,484.3551,500.0,83.74974,-1.0,-0.028442383,1.0,0.18565921,-0.019908125,-0.0030834088,1.1921665e-05,-0.00308937,1.1235311,0.99658203,0.0034179688,0.03186035,0.0007989085279405117
9912320,2303.36502794896,7.0,484.3551,500.0,83.74974,-1.0,-0.028442383,1.0,0.18565921,-0.019908125,-0.0049661016,3.367305e-05,-0.004982938,1.1282843,0.99658203,0.0034179688,0.03186035,0.0005489084869623184
9920512,2303.713584269727,7.0,484.3551,500.0,83.74973,-1.0,-0.028442383,1.0,0.18565921,-0.019908125,-0.0052768905,6.6483126e-06,-0.005280215,1.1238749,0.99658203,0.0034179688,0.03186035,0.0002989084750879556
9928704,2302.120229211448,7.0,484.3551,500.0,83.74974,-1.0,-0.028442383,1.0,0.18565921,-0.019908126,-0.0043981923,6.9850485e-06,-0.0044016847,1.1232357,0.99658203,0.0034179688,0.03186035,4.890846321359277e-05
9936896,2301.769379307351,7.0,484.29553,500.0,83.91198,-1.0,-0.028564453,1.0,0.18596898,-0.02001742,-0.0022976627,0.00012017909,-0.0023577523,1.1235641,0.99658203,0.0034179688,0.031982422,9.302610123995692e-05
9945088,2301.922352137712,7.0,484.30103,500.0,83.88253,-1.0,-0.028564453,1.0,0.18596898,-0.019977657,-0.0034260233,0.00016030457,-0.0035061757,1.1202749,0.99658203,0.0034179688,0.031982422,0.00013714373926632106
9953280,2327.889244744594,7.0,484.35413,500.0,83.75467,-1.0,-0.028442383,1.0,0.18565921,-0.019913498,-0.0044432026,1.1176936e-05,-0.0044487915,1.1230375,0.99658203,0.0034179688,0.03186035,0.0
9961472,2333.674243083364,7.0,484.35413,500.0,83.75467,-1.0,-0.028442383,1.0,0.18565923,-0.019913496,-0.0020944132,5.000034e-06,-0.0020969133,1.1265149,0.99658203,0.0034179688,0.03186035,0.0
9969664,2303.8217091255433,7.0,484.35266,500.0,83.76285,-1.0,-0.028442383,1.0,0.18565921,-0.019926041,-0.005863919,0.0001841691,-0.0059560034,1.1311536,0.99658203,0.0034179688,0.03186035,4.4117641664342955e-05
9977856,2318.995074325168,7.0,484.41064,500.0,83.609116,-1.0,-0.028320312,1.0,0.18534888,-0.019830132,-0.0061557405,6.729835e-06,-0.006159105,1.1391132,0.99658203,0.0034179688,0.03173828,0.0
9986048,2303.4057929353817,7.0,484.45044,500.0,83.5389,-1.0,-0.028198242,1.0,0.18503793,-0.019808678,-0.0040828055,7.5839007e-06,-0.004086598,1.1400754,0.99658203,0.0034179688,0.03161621,0.0
9994240,2302.9031255914806,7.0,484.49536,500.0,83.448265,-1.0,-0.028320312,1.0,0.18468912,-0.019841399,-0.003407099,1.1242572e-05,-0.0034127203,1.1438879,0.9967041,0.0032958984,0.03161621,0.0
