timestep,fps,ep_len_min,ep_len_mean,ep_len_max,ep_len_std,return_min,return_mean,return_max,return_std,disc_return_mean,total_loss,value_loss,actor_loss,entropy,prob_fail,prob_success,prob_reject,lambda
8192,215.06847944569697,173.0,469.1875,500.0,81.57988,0.0,0.1875,1.0,0.39031237,0.013052593,-0.002307904,0.01552222,-0.010069014,2.179308,0.8125,0.1875,0.0,0.4997499883174896
16384,1823.9988244779533,21.0,470.54544,500.0,98.85499,0.0,0.121212125,1.0,0.3263736,0.031113593,-0.010022206,0.0017106866,-0.01087755,2.1802094,0.8787879,0.121212125,0.0,0.49949997663497925
24576,1786.7235119472446,21.0,480.16327,500.0,82.29299,0.0,0.08163265,1.0,0.27380425,0.020954054,-0.010656365,0.0007895139,-0.011051121,2.1643493,0.9183673,0.08163265,0.0,0.49924996495246887
32768,1787.5063471264914,21.0,485.04614,500.0,71.95949,0.0,0.06153846,1.0,0.24031538,0.015796132,-0.006083335,0.0005794418,-0.006373056,2.1494634,0.93846154,0.06153846,0.0,0.4989999532699585
40960,1794.0992466083383,21.0,482.7561,500.0,79.79372,0.0,0.06097561,1.0,0.23928556,0.019398222,-0.001540766,0.00060214667,-0.001841839,2.1389863,0.9390244,0.06097561,0.0,0.4987499415874481
49152,1786.9066573389014,21.0,485.57144,500.0,73.26762,0.0,0.05102041,1.0,0.22003935,0.016231164,-0.0021293906,0.00025393616,-0.0022563585,2.1292882,0.9489796,0.05102041,0.0,0.49849992990493774
57344,1786.765415571207,21.0,479.64346,500.0,89.867256,0.0,0.060869563,1.0,0.23909089,0.026085723,-0.0026582687,0.0005384081,-0.0029274728,2.1217873,0.9391304,0.060869563,0.0,0.49824991822242737
65536,1785.8839027328286,21.0,478.67426,500.0,92.974945,0.0,0.060606062,1.0,0.23860629,0.028618785,-0.0042574327,0.00045967044,-0.0044872677,2.1149232,0.93939394,0.060606062,0.0,0.497999906539917
73728,1781.7539316857067,21.0,478.54,500.0,92.92367,0.0,0.06,1.0,0.23748682,0.027750509,-0.004355906,0.00050329405,-0.0046075527,2.1104293,0.94,0.06,0.0,0.4977498948574066
81920,1781.2633601860657,21.0,480.60843,500.0,88.55873,0.0,0.05421687,1.0,0.22644514,0.02507576,-0.0045442507,0.00040270883,-0.0047456045,2.1109662,0.94578314,0.05421687,0.0,0.49749988317489624
90112,1779.6311157092746,21.0,482.3132,500.0,84.75456,0.0,0.04945055,1.0,0.21680681,0.022871295,-0.004169364,0.00036126137,-0.004349994,2.1066902,0.9505494,0.04945055,0.0,0.49724987149238586
98304,1778.8349933676284,21.0,480.72864,500.0,87.79589,0.0,0.055276383,1.0,0.22851892,0.024890125,-0.0065911673,0.0004863597,-0.006834347,2.0976586,0.9447236,0.055276383,0.0,0.4969998598098755
106496,1785.7639831945648,21.0,480.12964,500.0,89.53032,0.0,0.055555556,1.0,0.22906142,0.02596664,-0.003644294,0.00044112693,-0.0038648574,2.0801783,0.9444444,0.055555556,0.0,0.4967498481273651
114688,1785.8015723385338,21.0,479.7296,500.0,90.461235,0.0,0.055793993,1.0,0.22952347,0.026238974,-0.0016398983,0.00040216863,-0.0018409826,2.0650294,0.944206,0.055793993,0.0,0.49649983644485474
122880,1778.542741668323,21.0,479.196,500.0,92.145836,0.0,0.056,1.0,0.22992173,0.027693635,-0.0019618506,0.00040037432,-0.0021620379,2.0570357,0.944,0.056,0.0,0.49624982476234436
131072,1777.939482225515,21.0,477.47015,500.0,95.49605,0.0,0.063432835,1.0,0.24373984,0.029553222,-0.0029875243,0.00050387625,-0.0032394624,2.0524068,0.9365672,0.063432835,0.0,0.495999813079834
139264,1780.1336078158615,21.0,478.73944,500.0,92.91237,0.0,0.059859157,1.0,0.2372257,0.027888251,-0.0025885156,0.0002502943,-0.0027136626,2.0483217,0.94014084,0.059859157,0.0,0.4957498013973236
147456,1777.4304123969991,21.0,479.87332,500.0,90.52688,0.0,0.05666667,1.0,0.23120458,0.026400877,-0.0013959644,0.00023739098,-0.0015146598,2.045722,0.9433333,0.05666667,0.0,0.49549978971481323
155648,1779.4553565639305,21.0,480.01892,500.0,89.5329,0.0,0.056782335,1.0,0.23142624,0.025395155,-0.0021475875,0.00022020595,-0.0022576903,2.0428405,0.9432177,0.056782335,0.0,0.49524977803230286
163840,1778.6993523279784,21.0,478.4,500.0,93.34421,0.0,0.05970149,1.0,0.23693295,0.027783351,-0.0039874157,0.0003772937,-0.004176062,2.030774,0.9402985,0.05970149,0.0,0.4949997663497925
172032,1791.9126324335737,21.0,476.90677,500.0,96.95147,0.0,0.06214689,1.0,0.24142218,0.030511463,-0.0015369683,0.00060583564,-0.001839886,2.0221305,0.9378531,0.06214689,0.0,0.4947497546672821
180224,1778.9430237384565,21.0,476.7143,500.0,97.54909,0.0,0.06199461,1.0,0.24114574,0.031009452,-0.0020311205,0.00028661487,-0.0021744282,2.0156763,0.9380054,0.06199461,0.0,0.49449974298477173
188416,1784.8510068173932,16.0,473.55383,500.0,103.77042,0.0,0.06923077,1.0,0.25384617,0.03582033,-0.0029342123,0.00039733548,-0.0031328802,2.0043604,0.9307692,0.06923077,0.0,0.49424973130226135
196608,1788.0694977323453,16.0,473.64374,500.0,103.504295,0.0,0.06879607,1.0,0.25310704,0.035359368,-0.0017786266,0.00030399195,-0.0019306225,1.9925728,0.9312039,0.06879607,0.0,0.493999719619751
204800,1778.7223720923996,16.0,474.64066,500.0,101.65232,0.0,0.06619386,1.0,0.24862064,0.034021895,-0.0034887919,0.00018750204,-0.003582543,1.9980812,0.9338061,0.06619386,0.0,0.4937497079372406
212992,1776.854094552525,16.0,474.12698,500.0,101.920654,0.0,0.06802721,1.0,0.2517926,0.033565223,-0.002757891,0.0003144225,-0.0029151023,1.9985582,0.9319728,0.06802721,0.0,0.4934996962547302
221184,1774.984969492601,16.0,474.05676,500.0,102.27506,0.0,0.06768559,1.0,0.2512056,0.033983856,-0.0038330592,0.00026508764,-0.003965603,1.9894322,0.9323144,0.06768559,0.0,0.49324968457221985
229376,1780.0209142652823,16.0,474.01685,500.0,102.49457,0.0,0.06736842,1.0,0.25065896,0.034190185,-0.0020898061,0.00044012032,-0.0023098665,1.9836788,0.93263155,0.06736842,0.0,0.4929996728897095
237568,1776.9718094928978,16.0,472.56274,500.0,104.998276,0.0,0.0708502,1.0,0.25657445,0.035839166,-0.0043340074,0.00059859,-0.004633303,1.9905323,0.9291498,0.0708502,0.0,0.4927496612071991
245760,1776.7250028117041,16.0,470.84796,500.0,108.47779,0.0,0.074074075,1.0,0.26189137,0.038775593,-0.003687068,0.00049650506,-0.0039353203,1.9885026,0.9259259,0.074074075,0.0,0.4924996495246887
253952,1776.7490740124526,16.0,471.72968,500.0,106.941315,0.0,0.07183365,1.0,0.2582123,0.037602797,-0.004067471,0.00015223827,-0.00414359,1.9867085,0.92816633,0.07183365,0.0,0.49224963784217834
262144,1782.3121686474378,14.0,471.7198,500.0,107.17982,0.0,0.071428575,1.0,0.25753936,0.038039196,-0.0035796328,0.00015838331,-0.0036588246,1.9933159,0.9285714,0.071428575,0.0,0.49199962615966797
270336,1792.4304069249688,14.0,472.5249,500.0,105.74775,0.0,0.06939502,1.0,0.25412467,0.036956232,-0.0066445293,0.00020027584,-0.0067446665,1.9952078,0.930605,0.06939502,0.0,0.4917496144771576
278528,1786.9148351776937,14.0,473.28546,500.0,104.37122,0.0,0.067474045,1.0,0.25084117,0.03593322,-0.00386506,0.00017932053,-0.0039547207,2.0035641,0.93252593,0.067474045,0.0,0.4914996027946472
286720,1776.492225693371,14.0,471.12708,500.0,108.52995,0.0,0.07190636,1.0,0.25833282,0.039121762,-0.0031705042,0.00070063944,-0.0035208242,2.0102565,0.9280937,0.07190636,0.0,0.49124959111213684
294912,1776.8734829038492,14.0,470.23376,500.0,110.099754,0.0,0.07467532,1.0,0.26286677,0.0406552,-0.0029644608,0.00057349337,-0.003251207,2.0082757,0.9253247,0.07467532,0.0,0.49099957942962646
303104,1774.896489480094,14.0,468.7143,500.0,112.685555,0.0,0.07849293,1.0,0.26894572,0.04296356,-0.002398408,0.00060518424,-0.0027010003,2.0132527,0.92150706,0.07849293,0.0,0.4907495677471161
311296,1776.6646439285644,14.0,468.83792,500.0,112.52223,0.0,0.07798165,1.0,0.26814273,0.04279064,-0.0017793665,0.0003199614,-0.001939347,2.0166245,0.92201835,0.07798165,0.0,0.4904995560646057
319488,1775.7322208496425,14.0,469.5821,500.0,111.27232,0.0,0.0761194,1.0,0.26518905,0.041768774,-0.0050178044,0.00021378124,-0.0051246947,2.0208335,0.9238806,0.0761194,0.0,0.49024954438209534
327680,1779.3632051816114,14.0,470.29153,500.0,110.06283,0.0,0.074344024,1.0,0.2623299,0.040794574,-0.0046831523,0.00017539336,-0.004770849,2.0170968,0.92565596,0.074344024,0.0,0.48999953269958496
335872,1777.0718013330313,14.0,469.99716,500.0,110.38509,0.0,0.07539118,1.0,0.2640215,0.04105907,-0.0055232937,0.0003888116,-0.0057176994,2.0179145,0.9246088,0.07539118,0.0,0.4897495210170746
344064,1776.1406953995279,13.0,470.11218,500.0,110.344475,0.0,0.07479224,1.0,0.26305583,0.04120624,-0.0030962229,0.00031287246,-0.0032526592,2.015023,0.92520773,0.07479224,0.0,0.4894995093345642
352256,1783.510230658006,10.0,469.5803,500.0,111.50513,0.0,0.07557355,1.0,0.26431456,0.042411294,-0.0018594322,0.0005556027,-0.0021372335,2.0091012,0.92442644,0.07557355,0.0,0.48924949765205383
360448,1777.7697598854272,10.0,470.22324,500.0,110.40718,0.0,0.07397622,1.0,0.2617322,0.041514885,-0.0047861612,0.00021462647,-0.0048934743,2.0133774,0.9260238,0.07397622,0.0,0.48899948596954346
368640,1776.5331915129254,10.0,469.75772,500.0,111.33437,0.0,0.074742265,1.0,0.262975,0.042302907,-0.002145925,0.00039315486,-0.0023425026,2.0156345,0.92525774,0.074742265,0.0,0.4887494742870331
376832,1777.143401668707,10.0,470.36868,500.0,110.28615,0.0,0.07323232,1.0,0.26051748,0.0414483,-0.004368436,0.00024296046,-0.0044899164,2.0122218,0.92676765,0.07323232,0.0,0.4884994626045227
385024,1777.464709116151,10.0,470.41037,500.0,110.29288,0.0,0.072929546,1.0,0.2600208,0.041500896,-0.0043612802,0.00041692355,-0.004569742,2.0168772,0.92707044,0.072929546,0.0,0.48824945092201233
393216,1776.3169023113387,10.0,470.4443,500.0,110.32361,0.0,0.07263923,1.0,0.25954336,0.041597944,-0.0038276245,0.0003571144,-0.0040061814,2.0176497,0.9273608,0.07263923,0.0,0.48799943923950195
401408,1775.8131664938303,10.0,471.00595,500.0,109.344864,0.0,0.07125891,1.0,0.25725684,0.040807486,-0.0045117238,0.00016048834,-0.0045919684,2.0172808,0.9287411,0.07125891,0.0,0.4877494275569916
409600,1775.1882777163714,10.0,471.6128,500.0,108.27409,0.0,0.069767445,1.0,0.2547547,0.039953373,-0.004818142,0.00013092988,-0.004883607,2.014463,0.9302326,0.069767445,0.0,0.4874994158744812
417792,1776.4080036992582,10.0,471.5799,500.0,108.43836,0.0,0.069634706,1.0,0.2545304,0.040195618,-0.0030968734,0.000262297,-0.0032280223,2.0197678,0.9303653,0.069634706,0.0,0.4872494041919708
425984,1788.2148545058076,10.0,472.12094,500.0,107.47145,0.0,0.06830907,1.0,0.25227553,0.03943042,-0.004102836,0.0001143255,-0.0041599986,2.0267317,0.93169093,0.06830907,0.0,0.48699939250946045
434176,1777.1254780651343,10.0,471.8368,500.0,107.873474,0.0,0.069003284,1.0,0.25345972,0.039594904,-0.002613801,0.0004981538,-0.002862878,2.0226567,0.9309967,0.069003284,0.0,0.4867493808269501
442368,1776.9535217614853,10.0,471.93124,500.0,107.65803,0.0,0.06874329,1.0,0.2530171,0.039310068,-0.0018427105,0.00031662505,-0.0020010232,2.0106783,0.9312567,0.06874329,0.0,0.4864993691444397
450560,1777.730944477977,10.0,471.5284,500.0,108.45089,0.0,0.069473684,1.0,0.25425792,0.03992068,-0.0022375146,0.00029169233,-0.0023833606,2.0002818,0.9305263,0.069473684,0.0,0.4862493574619293
458752,1777.8660698869157,10.0,471.5878,500.0,108.37463,0.0,0.06921487,1.0,0.2538192,0.039842203,-0.0021421476,0.00016103733,-0.0022226663,1.98923,0.9307851,0.06921487,0.0,0.48599934577941895
466944,1823.0181976908507,10.0,471.63858,500.0,108.26657,0.0,0.06903553,1.0,0.25351456,0.039677553,-0.0036738291,0.00024490705,-0.0037962827,1.9933081,0.93096447,0.06903553,0.0,0.48574933409690857
475136,1822.5064804230497,10.0,471.2485,500.0,108.94156,0.0,0.06986028,1.0,0.25491142,0.04009926,-0.0014941376,0.0004656629,-0.001726969,2.003363,0.9301397,0.06986028,0.0,0.4854993224143982
483328,1838.403643962066,10.0,471.70038,500.0,108.14119,0.0,0.06876228,1.0,0.25304943,0.039469015,-0.005782846,0.00019763604,-0.005881664,1.9985785,0.9312377,0.06876228,0.0,0.4852493107318878
491520,1821.9675154929398,10.0,470.7271,500.0,109.84871,0.0,0.071359694,1.0,0.2574247,0.040951177,-0.001464408,0.0005915365,-0.0017601763,1.9948933,0.9286403,0.071359694,0.0,0.48499929904937744
499712,1790.3110073181344,10.0,469.92044,500.0,111.41376,0.0,0.072916664,1.0,0.25999966,0.042355776,-0.00290512,0.00047666216,-0.003143451,1.9915465,0.9270833,0.072916664,0.0,0.48474928736686707
507904,1775.2071711476005,10.0,470.36942,500.0,110.63932,0.0,0.07182836,1.0,0.2582035,0.0417236,-0.0029857776,0.00019018262,-0.0030808689,1.9863791,0.92817163,0.07182836,0.0,0.4844992756843567
516096,1776.883223183145,10.0,468.47165,500.0,114.027725,0.0,0.075868376,1.0,0.2647874,0.044621374,-0.00291102,0.00081470323,-0.0033183717,1.9850434,0.92413163,0.075868376,0.0,0.4842492640018463
524288,1775.9658085729975,10.0,468.92612,500.0,113.26529,0.0,0.07477477,1.0,0.26302758,0.043978184,-0.008043017,0.00022240677,-0.00815422,1.9827626,0.9252252,0.07477477,0.0,0.48399925231933594
532480,1776.476978808009,10.0,469.3055,500.0,112.520195,0.0,0.074600354,1.0,0.26274538,0.04336518,-0.008013013,0.00021137264,-0.008118699,1.9917034,0.92539966,0.074600354,0.0,0.48374924063682556
540672,1775.546771182884,10.0,469.1084,500.0,112.76355,0.0,0.07517482,1.0,0.26367322,0.04355909,-0.0038884352,0.0003553553,-0.0040661134,2.001905,0.9248252,0.07517482,0.0,0.4834992289543152
548864,1795.9621157828376,10.0,469.23407,500.0,112.50012,0.0,0.074870914,1.0,0.26318294,0.04323616,-0.0038218244,0.00021647869,-0.003930064,2.0028405,0.9251291,0.074870914,0.0,0.4832492172718048
557056,1804.5937959210512,10.0,469.6777,500.0,111.7463,0.0,0.07379135,1.0,0.26143107,0.04261274,-0.0023592003,0.00029401103,-0.0025062063,2.0041091,0.9262087,0.07379135,0.0,0.48299920558929443
565248,1777.564020754201,10.0,469.7032,500.0,111.78057,0.0,0.073578596,1.0,0.26108387,0.042733412,-0.0028548045,0.00027582867,-0.002992719,2.007062,0.9264214,0.073578596,0.0,0.48274919390678406
573440,1776.0383296387388,10.0,469.73703,500.0,111.77741,0.0,0.073371805,1.0,0.26074582,0.04277575,-0.0043509104,0.00011579049,-0.0044088056,2.0086727,0.9266282,0.073371805,0.0,0.4824991822242737
581632,1776.9651008843935,10.0,470.15527,500.0,111.05849,0.0,0.07235772,1.0,0.25907928,0.042184543,-0.005754822,0.00010988317,-0.0058097644,2.0159957,0.9276423,0.07235772,0.0,0.4822491705417633
589824,1776.0976360766842,10.0,469.1584,500.0,112.88029,0.0,0.0744,1.0,0.2624207,0.04371422,-0.0030584258,0.00057948637,-0.0033481685,2.0145612,0.9256,0.0744,0.0,0.48199915885925293
598016,1775.9935311165636,10.0,468.92975,500.0,113.19881,0.0,0.07498027,1.0,0.26335952,0.043930076,-0.003689191,0.00043110922,-0.0039047454,2.0060918,0.92501974,0.07498027,0.0,0.48174914717674255
606208,1777.787880454548,10.0,468.3894,500.0,114.00664,0.0,0.076323986,1.0,0.2655158,0.044498302,-0.003678513,0.00040699664,-0.0038820114,2.0001888,0.923676,0.076323986,0.0,0.4814991354942322
614400,1781.8594523281552,10.0,468.80246,500.0,113.31619,0.0,0.07532667,1.0,0.26391774,0.043916848,-0.005785802,8.130615e-05,-0.0058264555,1.989705,0.9246733,0.07532667,0.0,0.4812491238117218
622592,1776.2730998295312,10.0,469.1815,500.0,112.67761,0.0,0.07441154,1.0,0.26243946,0.043383308,-0.0057519637,9.615318e-05,-0.0058000404,1.9878346,0.9255884,0.07441154,0.0,0.4809991121292114
630784,1781.7760142186394,10.0,469.57422,500.0,112.010704,0.0,0.07346327,1.0,0.26089543,0.04283045,-0.0029003778,0.00014970498,-0.00297523,1.9897234,0.92653674,0.07346327,0.0,0.48074910044670105
638976,1775.9003611007668,10.0,469.7781,500.0,111.50839,0.0,0.07322485,1.0,0.2605052,0.042335764,-0.004347492,0.00034653622,-0.00452076,1.9933344,0.92677516,0.07322485,0.0,0.4804990887641907
647168,1776.7986884685042,10.0,469.90213,500.0,111.18585,0.0,0.07304602,1.0,0.26021203,0.041963883,-0.0025025932,0.00024343356,-0.00262431,2.001895,0.926954,0.07304602,0.0,0.4802490770816803
655360,1787.1082442958123,10.0,470.27127,500.0,110.55154,0.0,0.072150074,1.0,0.25873625,0.041449174,-0.0068067694,7.6040305e-05,-0.0068447893,1.998562,0.92784995,0.072150074,0.0,0.4799990653991699
663552,1810.2960882976006,10.0,470.28226,500.0,110.61026,0.0,0.0719886,1.0,0.25846905,0.04159806,-0.0027264915,0.00013842933,-0.002795706,1.994369,0.9280114,0.0719886,0.0,0.47974905371665955
671744,1781.264468308985,10.0,470.61734,500.0,110.02964,0.0,0.07117689,1.0,0.25712007,0.04112901,-0.0055993143,5.8545014e-05,-0.005628586,1.9955386,0.9288231,0.07117689,0.0,0.47949904203414917
679936,1779.4140715644774,10.0,470.70633,500.0,109.82342,0.0,0.07098121,1.0,0.25679344,0.040873718,-0.0049249684,0.00028100118,-0.005065468,1.9982433,0.9290188,0.07098121,0.0,0.4792490303516388
688128,1778.0250456088113,10.0,469.97324,500.0,110.97665,0.0,0.07275223,1.0,0.25972936,0.041603852,-0.002550066,0.00081156543,-0.0029558488,1.9937602,0.92724776,0.07275223,0.0,0.4789990186691284
696320,1802.1764944253264,10.0,470.03595,500.0,110.828125,0.0,0.073270015,1.0,0.26057917,0.041414604,-0.0022639863,0.00043219703,-0.002480085,1.988901,0.92673,0.073270015,0.0,0.47874900698661804
704512,1816.3902219523109,10.0,470.07843,500.0,110.80731,0.0,0.0730563,1.0,0.2602289,0.041446876,-0.005623544,0.00025444373,-0.0057507665,1.9832481,0.9269437,0.0730563,0.0,0.47849899530410767
712704,1809.108835889623,10.0,470.15442,500.0,110.62218,0.0,0.07289596,1.0,0.25996566,0.041210625,-0.0040253885,0.00025309392,-0.004151935,1.9804955,0.92710406,0.07289596,0.0,0.4782489836215973
720896,1776.588029883307,10.0,470.46033,500.0,110.080765,0.0,0.07278688,1.0,0.25978637,0.04078311,-0.0058469963,0.00012102967,-0.0059075113,1.9785478,0.92721313,0.07278688,0.0,0.4779989719390869
729088,1801.0320562559477,10.0,470.76703,500.0,109.54873,0.0,0.07203115,1.0,0.25853947,0.040359672,-0.0060805706,7.633557e-05,-0.006118738,1.9689292,0.92796886,0.07203115,0.0,0.47774896025657654
737280,1781.443540615926,10.0,470.60037,500.0,109.731865,0.0,0.07248236,1.0,0.2592849,0.040339556,-0.0033094021,0.00045291916,-0.0035358616,1.9685458,0.92751765,0.07248236,0.0,0.47749894857406616
745472,1775.6948708694108,10.0,470.4094,500.0,110.04319,0.0,0.07287706,1.0,0.2599346,0.040505867,-0.0047113313,0.000305541,-0.0048641018,1.9686708,0.92712295,0.07287706,0.0,0.4772489368915558
753664,1776.813573345649,10.0,470.56238,500.0,109.64575,0.0,0.07272727,1.0,0.2596883,0.04013034,-0.003611512,0.00033750053,-0.003780262,1.9614912,0.92727274,0.07272727,0.0,0.4769989252090454
761856,1804.7986351500342,10.0,470.26703,500.0,110.16119,0.0,0.073729865,1.0,0.26133078,0.04063175,-0.0033701991,0.0006818597,-0.0037111288,1.9575622,0.9262701,0.073729865,0.0,0.47674891352653503
770048,1787.0816608397963,10.0,470.5589,500.0,109.65837,0.0,0.07300614,1.0,0.26014656,0.04023291,-0.0021720235,0.000100605626,-0.0022223264,1.9503582,0.92699385,0.07300614,0.0,0.47649890184402466
778240,1809.8667018810274,10.0,470.31613,500.0,109.8503,0.0,0.074029125,1.0,0.26181826,0.040253855,-0.003832668,0.0005572675,-0.0041113016,1.9412918,0.92597085,0.074029125,0.0,0.4762488901615143
786432,1778.3639759097132,10.0,470.05643,500.0,110.419044,0.0,0.07442977,1.0,0.26246902,0.040846884,-0.003425375,0.0003256938,-0.003588222,1.9357071,0.92557025,0.07442977,0.0,0.4759988784790039
794624,1779.5893617036704,10.0,469.81235,500.0,110.93179,0.0,0.07482185,1.0,0.26310366,0.041348107,-0.004131262,0.0002634711,-0.004262998,1.9395287,0.9251782,0.07482185,0.0,0.47574886679649353
802816,1781.248862371557,10.0,469.52612,500.0,111.19666,0.0,0.07574868,1.0,0.26459557,0.041331768,-0.005438734,0.0005636504,-0.0057205595,1.9410431,0.9242513,0.07574868,0.0,0.47549885511398315
811008,1779.0342104774004,10.0,469.80978,500.0,110.71663,0.0,0.07504363,1.0,0.26346174,0.04094706,-0.005496514,9.8028846e-05,-0.0055455286,1.9402647,0.9249564,0.07504363,0.0,0.4752488434314728
819200,1790.806855736171,10.0,469.58435,500.0,111.17521,0.0,0.075417385,1.0,0.26406363,0.041370627,-0.0017293496,0.00047488234,-0.0019667908,1.9399667,0.9245826,0.075417385,0.0,0.4749988317489624
827392,1808.4734345808965,10.0,469.84314,500.0,110.70216,0.0,0.07529949,1.0,0.26387396,0.040998302,-0.006631666,0.00025095165,-0.006757142,1.939248,0.9247005,0.07529949,0.0,0.474748820066452
835584,1778.6317697422512,10.0,469.76355,500.0,110.71417,0.0,0.07562077,1.0,0.26439038,0.040889464,-0.000767793,0.00036539458,-0.00095049024,1.9382004,0.9243792,0.07562077,0.0,0.47449880838394165
843776,1780.0436915983473,10.0,469.64246,500.0,110.81805,0.0,0.07597765,1.0,0.26496232,0.040833946,-0.003644975,0.00028372835,-0.0037868388,1.9368985,0.9240223,0.07597765,0.0,0.4742487967014313
851968,1781.4040104707535,10.0,469.33572,500.0,111.207535,0.0,0.07688053,1.0,0.2664018,0.04103994,-0.0046559,0.0005111634,-0.0049114814,1.9362516,0.9231195,0.07688053,0.0,0.4739987850189209
860160,1780.700611936517,10.0,468.96442,500.0,111.82674,0.0,0.07772304,1.0,0.26773527,0.041545883,-0.0013250142,0.0006903549,-0.0016701915,1.9258481,0.922277,0.07772304,0.0,0.4737487733364105
868352,1779.5471488288667,10.0,468.88788,500.0,111.87245,0.0,0.0780065,1.0,0.26818183,0.041526917,-0.0020640409,0.00025286103,-0.0021904712,1.917912,0.9219935,0.0780065,0.0,0.47349876165390015
876544,1778.7626120716986,10.0,468.83298,500.0,111.77217,0.0,0.07841031,1.0,0.26881617,0.04131669,-0.0059163393,0.00024092969,-0.006036804,1.9092734,0.9215897,0.07841031,0.0,0.47324874997138977
884736,1778.9733261732047,10.0,468.56595,500.0,112.06161,0.0,0.07925532,1.0,0.27013683,0.041398406,-0.0025854295,0.00042350034,-0.0027971794,1.9155978,0.92074466,0.07925532,0.0,0.4729987382888794
892928,1778.4478311699786,10.0,467.81262,500.0,113.25964,0.0,0.08105263,1.0,0.27291593,0.042332552,-0.0046056756,0.000660339,-0.004935845,1.9201405,0.91894734,0.08105263,0.0,0.472748726606369
901120,1780.8425578587764,10.0,467.63992,500.0,113.3109,0.0,0.08181345,1.0,0.27408028,0.04219721,-0.0032723504,0.00033381983,-0.0034392606,1.9161968,0.91818655,0.08181345,0.0,0.47249871492385864
909312,1778.4500404165683,10.0,467.40784,500.0,113.508316,0.0,0.082601964,1.0,0.2752796,0.042199895,-0.0037866007,0.00033617724,-0.0039546895,1.9167974,0.91739804,0.082601964,0.0,0.47224870324134827
917504,1778.0183290453924,10.0,467.2455,500.0,113.81801,0.0,0.08286445,1.0,0.27567723,0.042462163,-0.002153348,0.00031875464,-0.0023127254,1.9036053,0.91713554,0.08286445,0.0,0.4719986915588379
925696,1777.9236585021438,10.0,467.5114,500.0,113.393196,0.0,0.08219178,1.0,0.27465668,0.04211746,-0.00607503,6.825999e-05,-0.00610916,1.8933661,0.91780823,0.08219178,0.0,0.4717486798763275
933888,1784.0769796655215,8.0,466.89102,500.0,114.560265,0.0,0.083375186,1.0,0.2764485,0.043227706,-0.0028280602,0.00035026303,-0.0030031917,1.8920006,0.9166248,0.083375186,0.0,0.47149866819381714
942080,1778.992208151543,8.0,466.68094,500.0,114.89323,0.0,0.08412145,1.0,0.2775699,0.043547068,-0.0047291676,0.00029951046,-0.0048789233,1.8751829,0.91587853,0.08412145,0.0,0.47124865651130676
950272,1780.3069181305432,8.0,466.41568,500.0,115.22168,0.0,0.084812626,1.0,0.27860266,0.04367109,-0.0029704534,0.0006209491,-0.0032809274,1.8662851,0.91518736,0.084812626,0.0,0.4709986448287964
958464,1785.8744348152948,8.0,466.10748,500.0,115.71751,0.0,0.085490964,1.0,0.27961093,0.04409045,-0.0034139305,0.00032828402,-0.0035780726,1.8594433,0.91450906,0.085490964,0.0,0.470748633146286
966656,1782.60778765846,8.0,465.95984,500.0,115.96997,0.0,0.08615682,1.0,0.28059548,0.0443372,-0.0039671035,0.00039788982,-0.004166048,1.8483795,0.91384315,0.08615682,0.0,0.47049862146377563
974848,1781.6389080959252,8.0,466.0547,500.0,115.80999,0.0,0.08589251,1.0,0.28020525,0.04416053,-0.004746449,0.0002404273,-0.0048666634,1.8454716,0.9141075,0.08589251,0.0,0.47024860978126526
983040,1784.7317821700613,8.0,466.01047,500.0,115.79222,0.0,0.086149454,1.0,0.2805846,0.044091307,-0.0066944184,0.00032188228,-0.0068553593,1.8417118,0.91385055,0.086149454,0.0,0.4699985980987549
991232,1781.600662577976,8.0,465.89478,500.0,115.97956,0.0,0.08636149,1.0,0.2808971,0.04422452,-0.0041968566,0.0004105819,-0.0044021476,1.8265333,0.91363853,0.08636149,0.0,0.4697485864162445
999424,1779.3332580373421,8.0,465.7134,500.0,116.03093,0.0,0.08742403,1.0,0.28245544,0.04419374,-0.0052800877,0.00068457396,-0.005622375,1.8125677,0.91257596,0.08742403,0.0,0.46949857473373413
1007616,1779.367351788731,8.0,465.08472,500.0,116.99683,0.0,0.08888889,1.0,0.2845833,0.044998392,-0.00437592,0.0004987528,-0.0046252967,1.800387,0.9111111,0.08888889,0.0,0.46924856305122375
1015808,1782.450210614489,8.0,464.46423,500.0,117.6359,0.0,0.0912844,1.0,0.28801313,0.045279857,-0.0029546295,0.00085895014,-0.003384105,1.7902662,0.9087156,0.0912844,0.0,0.4689985513687134
1024000,1778.9301293984784,8.0,464.0068,500.0,118.359665,0.0,0.09227273,1.0,0.28941056,0.045917485,-0.00282508,0.00055474776,-0.0031024541,1.789692,0.9077273,0.09227273,0.0,0.468748539686203
1032192,1779.860382875955,8.0,463.69748,500.0,118.694695,0.0,0.09332732,1.0,0.29089057,0.046142694,-0.0045365044,0.0003248046,-0.004698907,1.7855558,0.90667266,0.09332732,0.0,0.4684985280036926
1040384,1781.044255969317,8.0,463.412,500.0,119.20385,0.0,0.09383378,1.0,0.29159734,0.046654955,-0.0052706175,0.00028710059,-0.0054141684,1.7803895,0.9061662,0.09383378,0.0,0.46824851632118225
1048576,1779.978219863175,8.0,463.6878,500.0,118.79584,0.0,0.09312639,1.0,0.29060945,0.04630323,-0.0048615607,5.8723606e-05,-0.004890922,1.7858552,0.90687364,0.09312639,0.0,0.4679985046386719
1056768,1780.1861784277198,8.0,463.0057,500.0,119.66186,0.0,0.09494506,1.0,0.293139,0.04689233,-0.002897997,0.0010077016,-0.003401847,1.7907373,0.9050549,0.09494506,0.0,0.4677484929561615
1064960,1787.8376458307241,8.0,462.26,500.0,120.65472,0.0,0.09712543,1.0,0.2961285,0.047806352,-0.001290931,0.0011108671,-0.0018463645,1.786454,0.9028746,0.09712543,0.0,0.4674984812736511
1073152,1786.7482264854784,8.0,462.12228,500.0,120.85346,0.0,0.097666375,1.0,0.29686302,0.04800398,-0.0057174456,0.00050374796,-0.0059693195,1.7789075,0.9023336,0.097666375,0.0,0.46724846959114075
1081344,1809.349286902423,8.0,461.45633,500.0,121.728516,0.0,0.09931507,1.0,0.2990846,0.048604228,-0.0027598976,0.00066654314,-0.003093169,1.7722074,0.90068495,0.09931507,0.0,0.46699845790863037
1089536,1796.7677266265068,8.0,461.40527,500.0,121.79544,0.0,0.09940527,1.0,0.2992054,0.0486565,-0.0057550287,0.00038123727,-0.005945647,1.7708621,0.9005947,0.09940527,0.0,0.46674844622612
1097728,1808.3878661513318,8.0,460.26746,500.0,123.1605,0.0,0.102607235,1.0,0.3034452,0.04962468,-0.004889705,0.0012414719,-0.005510441,1.7616247,0.89739275,0.102607235,0.0,0.4664984345436096
1105920,1788.6193163403486,8.0,460.27814,500.0,123.00123,0.0,0.1030025,1.0,0.30396214,0.049391866,-0.004067214,0.0004920054,-0.0043132165,1.7495189,0.8969975,0.1030025,0.0,0.46624842286109924
1114112,1782.0999234562546,8.0,460.35983,500.0,122.93408,0.0,0.10269151,1.0,0.30355552,0.049379468,-0.00543488,0.0004946297,-0.0056821946,1.7414446,0.89730847,0.10269151,0.0,0.46599841117858887
1122304,1791.3182011670872,8.0,460.16934,500.0,123.19087,0.0,0.103164814,1.0,0.30417407,0.04961584,-0.0063293716,0.00044783298,-0.0065532876,1.737881,0.8968352,0.103164814,0.0,0.4657483994960785
1130496,1829.1083608029953,8.0,459.7175,500.0,123.98798,0.0,0.103954345,1.0,0.30520132,0.050510217,-0.005742213,0.00048280915,-0.005983618,1.7294847,0.8960457,0.103954345,0.0,0.4654983878135681
1138688,1784.3843044652272,8.0,459.66315,500.0,124.04794,0.0,0.10404858,1.0,0.30532354,0.05050118,-0.003906388,0.00022773702,-0.0040202565,1.7261606,0.8959514,0.10404858,0.0,0.46524837613105774
1146880,1779.4610702638709,8.0,459.27402,500.0,124.63778,0.0,0.10486139,1.0,0.30637473,0.051076453,-0.0041005295,0.00066971075,-0.004435385,1.7256947,0.8951386,0.10486139,0.0,0.46499836444854736
1155072,1784.8991276524798,8.0,459.03586,500.0,124.83296,0.0,0.105619766,1.0,0.30735034,0.05111283,-0.002949364,0.000704817,-0.0033017728,1.7188444,0.8943802,0.105619766,0.0,0.464748352766037
1163264,1789.7790735312058,8.0,458.29315,500.0,126.024475,0.0,0.1070723,1.0,0.30920517,0.052364428,-0.005239673,0.00066551164,-0.005572429,1.7194018,0.8929277,0.1070723,0.0,0.4644983410835266
1171456,1783.6137373356491,8.0,457.72992,500.0,126.74389,0.0,0.108584866,1.0,0.31111765,0.0530133,-0.0041161464,0.0008627627,-0.0045475275,1.7242846,0.8914151,0.108584866,0.0,0.46424832940101624
1179648,1778.8221005936734,8.0,457.8201,500.0,126.672066,0.0,0.10825545,1.0,0.31070274,0.053007517,-0.0066450965,0.00015363914,-0.006721916,1.7252662,0.89174455,0.10825545,0.0,0.46399831771850586
1187840,1779.0006821452985,8.0,457.6963,500.0,126.78061,0.0,0.108578056,1.0,0.31110907,0.052997325,-0.0033564614,0.0005025791,-0.003607751,1.7293508,0.891422,0.108578056,0.0,0.4637483060359955
1196032,1780.6483800562753,8.0,457.36835,500.0,127.19916,0.0,0.10962054,1.0,0.3124162,0.053421594,-0.004130847,0.0006814485,-0.004471571,1.7187314,0.8903794,0.10962054,0.0,0.4634982943534851
1204224,1778.600005859693,8.0,456.89313,500.0,127.84483,0.0,0.11068848,1.0,0.31374598,0.054001186,-0.0037474697,0.00045849246,-0.0039767157,1.7053621,0.88931155,0.11068848,0.0,0.46324828267097473
1212416,1813.196602774043,8.0,456.90778,500.0,127.790184,0.0,0.11073318,1.0,0.31380144,0.05395029,-0.003504792,0.00038044184,-0.0036950128,1.6904627,0.8892668,0.11073318,0.0,0.46299827098846436
1220608,1784.9996427376013,8.0,456.7272,500.0,128.05173,0.0,0.11106942,1.0,0.3142181,0.05416841,-0.0024670467,0.00058662833,-0.0027603607,1.6803138,0.88893056,0.11106942,0.0,0.462748259305954
1228800,1780.327581111223,8.0,456.43762,500.0,128.41193,0.0,0.11173184,1.0,0.31503627,0.054426502,-0.00321481,0.00047472017,-0.00345217,1.6758639,0.8882682,0.11173184,0.0,0.4624982476234436
1236992,1798.4277124955877,8.0,456.51147,500.0,128.30302,0.0,0.11176906,1.0,0.3150821,0.05434467,-0.0037590072,0.00031030798,-0.003914161,1.6678616,0.8882309,0.11176906,0.0,0.4622482359409332
1245184,1780.33366940237,8.0,456.64618,500.0,128.1007,0.0,0.11143803,1.0,0.3146738,0.054108553,-0.0034693326,0.0003828774,-0.003660771,1.6610154,0.88856196,0.11143803,0.0,0.46199822425842285
1253376,1789.66254541121,8.0,456.22745,500.0,128.70448,0.0,0.1124498,1.0,0.315919,0.054786205,-0.0049887565,0.0005727256,-0.005275119,1.6561886,0.8875502,0.1124498,0.0,0.4617482125759125
1261568,1791.4470872313636,8.0,455.92856,500.0,129.08937,0.0,0.11312545,1.0,0.31674606,0.055115268,-0.002720948,0.0007708407,-0.0031063682,1.6473485,0.88687456,0.11312545,0.0,0.4614982008934021
1269760,1791.0783170074294,8.0,456.04108,500.0,128.9832,0.0,0.11275216,1.0,0.31628963,0.055058517,-0.0051650805,0.00020360938,-0.0052668853,1.6450629,0.88724786,0.11275216,0.0,0.4612481892108917
1277952,1778.9720366868662,8.0,455.3219,500.0,129.96439,0.0,0.114326544,1.0,0.31820747,0.055979837,-0.0033196984,0.0008435966,-0.0037414967,1.6341571,0.88567346,0.114326544,0.0,0.46099817752838135
1286144,1789.1824232213069,8.0,454.96912,500.0,130.48763,0.0,0.115015976,1.0,0.3190412,0.056532227,-0.00344555,0.00052375527,-0.003707428,1.6200774,0.884984,0.115015976,0.0,0.46074816584587097
1294336,1786.3227858903756,8.0,455.09384,500.0,130.34923,0.0,0.11463845,1.0,0.3185851,0.05640457,-0.0065243626,0.00017070683,-0.006609716,1.6100043,0.88536155,0.11463845,0.0,0.4604981541633606
1302528,1792.022350590042,8.0,454.7929,500.0,130.7532,0.0,0.115276806,1.0,0.3193557,0.05677123,-0.005064901,0.00032914648,-0.005229474,1.5996914,0.8847232,0.115276806,0.0,0.4602481424808502
1310720,1786.182564947543,8.0,454.66028,500.0,130.84769,0.0,0.115906715,1.0,0.32011303,0.056769695,-0.003995192,0.0006607688,-0.004325576,1.5959996,0.8840933,0.115906715,0.0,0.45999813079833984
1318912,1808.5416857294867,8.0,454.00034,500.0,131.76637,0.0,0.11740331,1.0,0.32190025,0.057776604,-0.0047041564,0.00061444886,-0.0050113807,1.5977423,0.8825967,0.11740331,0.0,0.45974811911582947
1327104,1832.9910693285071,8.0,453.7308,500.0,132.12177,0.0,0.11796982,1.0,0.32257238,0.05810658,-0.0022846535,0.00036379325,-0.00246655,1.5920336,0.8820302,0.11796982,0.0,0.4594981074333191
1335296,1790.4034565262918,8.0,453.41962,500.0,132.59863,0.0,0.11852861,1.0,0.32323304,0.058651432,-0.0047633043,0.0004450843,-0.0049858456,1.5927476,0.8814714,0.11852861,0.0,0.4592480957508087
1343488,1810.4944014144305,8.0,453.1276,500.0,133.03023,0.0,0.119120136,1.0,0.32392982,0.05922016,-0.0033257683,0.00024897483,-0.0034502558,1.5783811,0.8808799,0.119120136,0.0,0.45899808406829834
1351680,1794.057935041346,8.0,451.84808,500.0,134.68628,0.0,0.12206573,1.0,0.3273617,0.06094061,-0.0072760964,0.0011163987,-0.007834296,1.563746,0.8779343,0.12206573,0.0,0.45874807238578796
1359872,1800.029565972686,8.0,451.677,500.0,134.83548,0.0,0.122544125,1.0,0.32791317,0.061006583,-0.0043190285,0.0004737103,-0.0045558834,1.5492653,0.8774559,0.122544125,0.0,0.4584980607032776
1368064,1798.743203319052,7.0,450.2798,500.0,136.59286,0.0,0.12570108,1.0,0.33151218,0.0628353,-0.0048816856,0.0008142757,-0.0052888235,1.5485253,0.87429893,0.12570108,0.0,0.4582480490207672
1376256,1811.9406621828705,7.0,450.07053,500.0,136.78778,0.0,0.1262709,1.0,0.33215445,0.06297586,-0.0054440405,0.00053383724,-0.0057109594,1.5507691,0.8737291,0.1262709,0.0,0.45799803733825684
1384448,1779.2849761490625,7.0,450.06586,500.0,136.82988,0.0,0.12618193,1.0,0.33205426,0.06304925,-0.0042089894,0.00028115782,-0.004349568,1.5569899,0.87381804,0.12618193,0.0,0.45774802565574646
1392640,1780.7265444499888,7.0,449.46957,500.0,137.56822,0.0,0.12750809,1.0,0.33354124,0.06380841,-0.0043668114,0.0004908001,-0.004612211,1.5600431,0.8724919,0.12750809,0.0,0.4574980139732361
1400832,1785.7735427527368,7.0,449.4728,500.0,137.56506,0.0,0.12745413,1.0,0.33348098,0.063771546,-0.004192545,0.000100791214,-0.0042429413,1.5549504,0.87254584,0.12745413,0.0,0.4572480022907257
1409024,1796.2752395583389,7.0,449.07578,500.0,138.12909,0.0,0.12819692,1.0,0.33430892,0.06445666,-0.0045305165,0.00042010465,-0.004740569,1.5419531,0.87180305,0.12819692,0.0,0.45699799060821533
1417216,1779.7085455407628,7.0,448.71832,500.0,138.52907,0.0,0.12924738,1.0,0.33547354,0.064863764,-0.005187802,0.00062272797,-0.005499166,1.5292573,0.87075263,0.12924738,0.0,0.45674797892570496
1425408,1839.9576168211963,7.0,448.8869,500.0,138.28694,0.0,0.12890995,1.0,0.33510023,0.06457338,-0.0064581763,0.00039095196,-0.006653652,1.5220524,0.87109005,0.12890995,0.0,0.4564979672431946
1433600,1789.482562593957,7.0,448.0229,500.0,139.18907,0.0,0.13134797,1.0,0.3377805,0.065434285,-0.005926996,0.001003462,-0.006428727,1.5218126,0.86865205,0.13134797,0.0,0.4562479555606842
1441792,1786.6852336360928,7.0,447.4608,500.0,139.861,0.0,0.13262765,1.0,0.33917186,0.06617546,-0.007447083,0.0003575165,-0.0076258415,1.5170659,0.86737233,0.13262765,0.0,0.45599794387817383
1449984,1814.983061684222,7.0,447.3522,500.0,139.83118,0.0,0.13370474,1.0,0.3403348,0.0661478,-0.005361802,0.0006872826,-0.005705444,1.5124791,0.8662953,0.13370474,0.0,0.45574793219566345
1458176,1817.5698434301887,7.0,446.882,500.0,140.3371,0.0,0.13491088,1.0,0.34162837,0.0667045,-0.005522797,0.00029520382,-0.005670399,1.5103526,0.8650891,0.13491088,0.0,0.4554979205131531
1466368,1783.9210877847981,7.0,447.03027,500.0,140.14566,0.0,0.13455658,1.0,0.34124932,0.066457644,-0.006938546,0.0001905972,-0.007033846,1.5165011,0.8654434,0.13455658,0.0,0.4552479088306427
1474560,1778.6536828790597,7.0,446.7396,500.0,140.46236,0.0,0.13521726,1.0,0.34195548,0.06674099,-0.0052425982,0.0006093699,-0.005547283,1.5136569,0.86478275,0.13521726,0.0,0.4549978971481323
1482752,1780.0763370516281,7.0,445.66656,500.0,141.6352,0.0,0.13807657,1.0,0.34498036,0.06799455,-0.0037542176,0.00091282075,-0.004210628,1.5051519,0.8619234,0.13807657,0.0,0.45474788546562195
1490944,1789.928997622752,7.0,445.555,500.0,141.72414,0.0,0.1384477,1.0,0.34536928,0.06807678,-0.0052615227,0.0005467281,-0.0055348864,1.4988916,0.8615523,0.1384477,0.0,0.4544978737831116
1499136,1780.3528570165763,7.0,445.32617,500.0,141.80545,0.0,0.13953489,1.0,0.3465038,0.06806731,-0.0041765934,0.0008061901,-0.0045796884,1.4906945,0.8604651,0.13953489,0.0,0.4542478621006012
1507328,1778.1966572132403,7.0,444.53906,500.0,142.64001,0.0,0.14142011,1.0,0.3484544,0.0688984,-0.00605554,0.00093331444,-0.006522197,1.4748869,0.8585799,0.14142011,0.0,0.4539978504180908
1515520,1813.6598323122535,7.0,444.1046,500.0,143.09335,0.0,0.14281516,1.0,0.34988424,0.06947488,-0.007150663,0.0008637925,-0.0075825593,1.4633534,0.8571848,0.14281516,0.0,0.45374783873558044
1523712,1807.548221450542,7.0,443.42194,500.0,143.52048,0.0,0.1453166,1.0,0.35241976,0.06976879,-0.005503478,0.0010140317,-0.0060104937,1.4565914,0.8546834,0.1453166,0.0,0.45349782705307007
1531904,1797.7735466177323,7.0,443.1732,500.0,143.60214,0.0,0.14650421,1.0,0.353611,0.06979408,-0.0062681558,0.0006780733,-0.006607192,1.449524,0.8534958,0.14650421,0.0,0.4532478153705597
1540096,1779.8600140835863,7.0,442.63544,500.0,144.02043,0.0,0.14841498,1.0,0.3555109,0.0702236,-0.0077858814,0.0010203627,-0.008296064,1.4432577,0.85158503,0.14841498,0.0,0.4529978036880493
1548288,1785.4149901902754,7.0,441.9774,500.0,144.62964,0.0,0.15025759,1.0,0.35732374,0.07086482,-0.0056566,0.00074897124,-0.0060310853,1.4378681,0.8497424,0.15025759,0.0,0.45274779200553894
1556480,1803.1520433473495,7.0,441.40472,500.0,145.12518,0.0,0.15187714,1.0,0.35890174,0.07137797,-0.0055282777,0.00053957826,-0.0057980665,1.4249754,0.8481229,0.15187714,0.0,0.45249778032302856
1564672,1792.3147487240092,7.0,440.8017,500.0,145.72429,0.0,0.15338983,1.0,0.36036286,0.072064795,-0.004398571,0.0007424041,-0.0047697728,1.4115628,0.8466102,0.15338983,0.0,0.4522477686405182
1572864,1788.7809660594448,7.0,440.12265,500.0,146.3236,0.0,0.1557676,1.0,0.3626349,0.07277656,-0.007940177,0.0012080753,-0.008544216,1.4089689,0.8442324,0.1557676,0.0,0.4519977569580078
1581056,1779.1032975640753,7.0,439.68323,500.0,146.6682,0.0,0.1572783,1.0,0.36406294,0.0731264,-0.0041607055,0.0007461151,-0.0045337635,1.4028447,0.8427217,0.1572783,0.0,0.45174774527549744
1589248,1809.2969805099424,7.0,438.51837,500.0,147.63258,0.0,0.16090682,1.0,0.36744502,0.074208505,-0.005897589,0.00105688,-0.006426029,1.3890203,0.83909315,0.16090682,0.0,0.45149773359298706
1597440,1781.2477542680545,7.0,437.89673,500.0,148.10373,0.0,0.163142,1.0,0.3694952,0.07472241,-0.0063291555,0.001040823,-0.0068495674,1.3714333,0.83685803,0.163142,0.0,0.4512477219104767
1605632,1778.5451352745022,7.0,437.1473,500.0,148.64331,0.0,0.16557556,1.0,0.3716992,0.07519958,-0.0048060445,0.0010459546,-0.0053290217,1.3595496,0.83442444,0.16557556,0.0,0.4509977102279663
1613824,1779.5712965601494,7.0,436.29117,500.0,149.42233,0.0,0.16793066,1.0,0.37380466,0.07614822,-0.0053027705,0.0008923395,-0.0057489397,1.3517629,0.83206934,0.16793066,0.0,0.45074769854545593
1622016,1777.4918348045692,7.0,435.83597,500.0,149.81207,0.0,0.16913547,1.0,0.37487152,0.07657637,-0.0046306634,0.0003277872,-0.004794557,1.347036,0.83086455,0.16913547,0.0,0.45049768686294556
1630208,1780.300276560044,7.0,434.5282,500.0,151.07594,0.0,0.17232166,1.0,0.37765977,0.07818621,-0.005083504,0.00082372833,-0.0054953685,1.338065,0.8276783,0.17232166,0.0,0.4502476751804352
1638400,1786.6306062656822,7.0,433.8042,500.0,151.558,0.0,0.17458212,1.0,0.3796093,0.07869291,-0.006974459,0.0009042246,-0.00742657,1.3224394,0.8254179,0.17458212,0.0,0.4499976634979248
1646592,1805.3628706118734,7.0,432.97522,500.0,152.15837,0.0,0.17738535,1.0,0.38199446,0.0793349,-0.0059373723,0.00083477696,-0.006354761,1.3119199,0.82261467,0.17738535,0.0,0.44974765181541443
1654784,1813.4606337502055,7.0,431.696,500.0,153.17366,0.0,0.18139048,1.0,0.38534138,0.080658734,-0.0058895033,0.0012491766,-0.006514091,1.2993139,0.81860954,0.18139048,0.0,0.44949764013290405
1662976,1817.1571812737036,7.0,431.00156,500.0,153.72655,0.0,0.183329,1.0,0.38693604,0.08127089,-0.0065251384,0.0008422104,-0.006946243,1.2914159,0.816671,0.183329,0.0,0.4492476284503937
1671168,1792.7173261344437,7.0,430.08435,500.0,154.4819,0.0,0.1857106,1.0,0.38887298,0.082192585,-0.0066509675,0.0007469246,-0.0070244297,1.2871696,0.8142894,0.1857106,0.0,0.4489976167678833
1679360,1777.7874205370574,7.0,429.19006,500.0,155.12294,0.0,0.18852459,1.0,0.3911305,0.08293815,-0.0058264025,0.0009576467,-0.006305225,1.2716334,0.8114754,0.18852459,0.0,0.4487476050853729
1687552,1777.6019092293473,7.0,428.17233,500.0,155.91551,0.0,0.19140823,1.0,0.39340964,0.08400389,-0.005317238,0.000589691,-0.005612083,1.2567501,0.8085918,0.19140823,0.0,0.44849759340286255
1695744,1780.6941519972922,7.0,427.08835,500.0,156.93881,0.0,0.19384149,1.0,0.3953062,0.08544284,-0.0070319325,0.00033005254,-0.007196958,1.2478389,0.8061585,0.19384149,0.0,0.4482475817203522
1703936,1779.353161257801,7.0,426.36124,500.0,157.57903,0.0,0.19553773,1.0,0.39661404,0.08628417,-0.0054384307,0.00051390997,-0.0056953854,1.2400367,0.80446225,0.19553773,0.0,0.4479975700378418
1712128,1791.6219536263595,7.0,425.4554,500.0,158.2865,0.0,0.19795817,1.0,0.39846042,0.08717125,-0.0072515453,0.00057480705,-0.00753895,1.2373598,0.8020418,0.19795817,0.0,0.4477475583553314
1720320,1791.5496489583984,7.0,423.94,500.0,159.50496,0.0,0.20172839,1.0,0.40129048,0.08882872,-0.01004299,0.0008792121,-0.010482596,1.2251619,0.7982716,0.20172839,0.0,0.44749754667282104
1728512,1779.8083846603383,7.0,423.49963,500.0,159.70767,0.0,0.2031442,1.0,0.40233895,0.08896982,-0.0046898746,0.00048061734,-0.004930183,1.2079676,0.7968558,0.2031442,0.0,0.44724753499031067
1736704,1778.5489098204134,7.0,421.7963,500.0,161.0615,0.0,0.20759308,1.0,0.40558374,0.09091529,-0.0075160097,0.0008135709,-0.007922795,1.1957853,0.7924069,0.20759308,0.0,0.4469975233078003
1744896,1788.733939366143,7.0,421.07593,500.0,161.616,0.0,0.20938104,1.0,0.40686682,0.09169222,-0.0055444054,0.00051004085,-0.005799425,1.1871837,0.79061896,0.20938104,0.0,0.4467475116252899
1753088,1782.122938892479,7.0,420.64246,500.0,161.90637,0.0,0.21062756,1.0,0.40775433,0.09216087,-0.00591922,0.00045154136,-0.0061449907,1.1817381,0.78937244,0.21062756,0.0,0.44649749994277954
1761280,1784.1569276625305,7.0,419.37994,500.0,162.89798,0.0,0.21384248,1.0,0.41001692,0.09362471,-0.0054438356,0.00052112737,-0.005704399,1.174892,0.7861575,0.21384248,0.0,0.44624748826026917
1769472,1815.787886879781,7.0,417.54443,500.0,164.34256,0.0,0.2182033,1.0,0.41302615,0.09576474,-0.0055337157,0.000567768,-0.0058176005,1.1736184,0.7817967,0.2182033,0.0,0.4459974765777588
1777664,1800.8878176192009,7.0,416.62527,500.0,165.0089,0.0,0.22070909,1.0,0.4147247,0.09681209,-0.0071672457,0.00071003305,-0.007522262,1.1736779,0.7792909,0.22070909,0.0,0.4457474648952484
1785856,1802.0890634231614,7.0,415.30423,500.0,165.90729,0.0,0.22431865,1.0,0.41713285,0.098277725,-0.0073966607,0.00092714594,-0.007860234,1.1643447,0.7756813,0.22431865,0.0,0.44549745321273804
1794048,1813.6808938242218,7.0,413.8422,500.0,166.8709,0.0,0.22828096,1.0,0.41972464,0.099746674,-0.0068880217,0.0011808448,-0.007478444,1.1527352,0.77171904,0.22828096,0.0,0.44524744153022766
1802240,1806.7417519060718,7.0,411.67056,500.0,168.35846,0.0,0.23427133,1.0,0.42354253,0.10209426,-0.007423999,0.0012082332,-0.008028115,1.1434578,0.76572865,0.23427133,0.0,0.4449974298477173
1810432,1793.9684800052962,7.0,410.10782,500.0,169.47093,0.0,0.2383655,1.0,0.42608377,0.103974745,-0.004999414,0.00071653316,-0.005357681,1.1319816,0.7616345,0.2383655,0.0,0.4447474181652069
1818624,1798.26544400433,7.0,408.18295,500.0,170.60962,0.0,0.24365026,1.0,0.42928404,0.10576088,-0.0060536256,0.0011020276,-0.00660464,1.1230102,0.75634974,0.24365026,0.0,0.44449740648269653
1826816,1803.007938018034,7.0,406.6665,500.0,171.62486,0.0,0.24765939,1.0,0.43165287,0.10753154,-0.0052006845,0.0011643207,-0.0057828445,1.1106703,0.7523406,0.24765939,0.0,0.44424739480018616
1835008,1807.6424594877988,7.0,403.34946,500.0,173.91739,0.0,0.25572184,1.0,0.43626618,0.11177418,-0.0068407664,0.0012269877,-0.0074542607,1.0993798,0.7442782,0.25572184,0.0,0.4439973831176758
1843200,1805.4588731622905,7.0,401.44287,500.0,174.81862,0.0,0.26166594,1.0,0.43954164,0.113364324,-0.009172777,0.001206105,-0.009775829,1.0902342,0.73833406,0.26166594,0.0,0.4437473714351654
1851392,1801.645517253168,7.0,399.5136,500.0,175.6685,0.0,0.26793432,1.0,0.44288316,0.114899576,-0.005948422,0.0015247286,-0.0067107864,1.0814239,0.7320657,0.26793432,0.0,0.44349735975265503
1859584,1813.9438209507673,7.0,396.8825,500.0,176.91277,0.0,0.27579576,1.0,0.44691435,0.117234424,-0.007602266,0.0015249294,-0.008364731,1.067779,0.72420424,0.27579576,0.0,0.44324734807014465
1867776,1807.2095781574653,7.0,394.5164,500.0,177.99365,0.0,0.2827236,1.0,0.4503232,0.11940239,-0.0064159688,0.0012017023,-0.007016819,1.05366,0.7172764,0.2827236,0.0,0.4429973363876343
1875968,1836.5319325412524,7.0,391.71286,500.0,179.33076,0.0,0.29028213,1.0,0.45389253,0.12199716,-0.0074466486,0.0015727719,-0.008233034,1.0459368,0.70971787,0.29028213,0.0,0.4427473247051239
1884160,1837.7542839630114,7.0,387.7817,500.0,181.29202,0.0,0.30045304,1.0,0.45845503,0.12610462,-0.0066696983,0.001486377,-0.007412887,1.042625,0.69954693,0.30045304,0.0,0.4424973130226135
1892352,1809.3512877534474,7.0,384.5179,500.0,182.78265,0.0,0.30899104,1.0,0.46207747,0.12935764,-0.006872803,0.0011588724,-0.0074522393,1.0369292,0.6910089,0.30899104,0.0,0.44224730134010315
1900544,1808.4385018857167,7.0,380.83212,500.0,184.42406,0.0,0.31869233,1.0,0.46596944,0.13317764,-0.0060405517,0.0012643848,-0.0066727437,1.0233158,0.6813077,0.31869233,0.0,0.4419972896575928
1908736,1820.3570643795688,7.0,376.83365,500.0,186.16325,0.0,0.32892138,1.0,0.46982136,0.13756001,-0.007600667,0.0013144241,-0.00825788,1.0108724,0.6710786,0.32892138,0.0,0.4417472779750824
1916928,1818.269865371332,7.0,373.846,500.0,187.2293,0.0,0.33704138,1.0,0.47269917,0.14031966,-0.006502129,0.0013897502,-0.007197004,0.9975779,0.6629586,0.33704138,0.0,0.441497266292572
1925120,1803.8688434566443,7.0,370.20364,500.0,188.71625,0.0,0.34610203,1.0,0.4757262,0.1442725,-0.0076179695,0.0012972452,-0.008266592,0.9891647,0.653898,0.34610203,0.0,0.44124725461006165
1933312,1827.8044240757722,7.0,367.19635,500.0,189.76888,0.0,0.3541152,1.0,0.4782443,0.14726035,-0.0077766115,0.0013614165,-0.00845732,0.97784024,0.6458848,0.3541152,0.0,0.44099724292755127
1941504,1803.435306304482,7.0,364.91852,500.0,190.40219,0.0,0.3604892,1.0,0.4801424,0.14925636,-0.0073747737,0.0012512093,-0.0080003785,0.967288,0.6395108,0.3604892,0.0,0.4407472312450409
1949696,1814.5977349465138,7.0,362.16602,500.0,191.31165,0.0,0.36791226,1.0,0.4822373,0.15223426,-0.00476119,0.0015570933,-0.005539737,0.9556609,0.63208777,0.36791226,0.0,0.4404972195625305
1957888,1814.1705203387962,7.0,359.19812,500.0,192.2399,0.0,0.37568858,1.0,0.4843002,0.15533623,-0.007158399,0.0013228132,-0.007819806,0.93892425,0.62431145,0.37568858,0.0,0.44024720788002014
1966080,1803.603810945187,7.0,356.40567,500.0,193.03914,0.0,0.38316402,1.0,0.48615772,0.1582431,-0.0079547865,0.0013504945,-0.008630034,0.9221666,0.616836,0.38316402,0.0,0.43999719619750977
1974272,1809.5648325776394,7.0,353.39764,500.0,193.92775,0.0,0.3908293,1.0,0.48793623,0.16148458,-0.008724611,0.0011602999,-0.009304761,0.9135189,0.6091707,0.3908293,0.0,0.4397471845149994
1982464,1801.1084327951844,7.0,350.74835,500.0,194.68385,0.0,0.3977333,1.0,0.48942977,0.1643875,-0.007389058,0.0010221325,-0.0079001235,0.90965724,0.60226667,0.3977333,0.0,0.439497172832489
1990656,1837.6335874057604,7.0,348.22247,500.0,195.20203,0.0,0.40469107,1.0,0.49083215,0.1666408,-0.005645494,0.0012472663,-0.0062691267,0.90863454,0.59530896,0.40469107,0.0,0.43924716114997864
1998848,1815.0785559936453,7.0,346.05026,500.0,195.65471,0.0,0.41057193,1.0,0.49193764,0.16869275,-0.0068599335,0.0011132832,-0.007416575,0.9051808,0.58942807,0.41057193,0.0,0.43899714946746826
2007040,1817.582438676756,7.0,343.40524,500.0,196.25368,0.0,0.4175655,1.0,0.4931578,0.17157508,-0.006828945,0.0012859402,-0.0074719144,0.89795184,0.58243454,0.4175655,0.0,0.4387471377849579
2015232,1828.663873480191,7.0,340.97562,500.0,196.75075,0.0,0.4237805,1.0,0.49415642,0.17398894,-0.004209833,0.0013903544,-0.0049050106,0.8885691,0.5762195,0.4237805,0.0,0.4384971261024475
2023424,1799.2626720427118,7.0,337.78702,500.0,197.55301,0.0,0.4316739,1.0,0.49530956,0.17785965,-0.006891408,0.0013149342,-0.007548876,0.8797678,0.5683261,0.4316739,0.0,0.43824711441993713
2031616,1801.2859459412987,7.0,335.30768,500.0,197.9649,0.0,0.4381503,1.0,0.49615985,0.18037052,-0.006336809,0.0011733227,-0.006923471,0.87132317,0.5618497,0.4381503,0.0,0.43799710273742676
2039808,1822.96906345949,7.0,332.4206,500.0,198.53818,0.0,0.44520548,1.0,0.49698848,0.18354261,-0.008444998,0.0011155222,-0.00900276,0.8554364,0.55479455,0.44520548,0.0,0.4377470910549164
2048000,1821.9558255068441,7.0,329.9073,500.0,198.95131,0.0,0.45146728,1.0,0.497639,0.18609983,-0.005667715,0.0012578717,-0.0062966505,0.84338075,0.5485327,0.45146728,0.0,0.437497079372406
2056192,1822.916160073206,7.0,327.15472,500.0,199.37729,0.0,0.45845273,1.0,0.4982708,0.18902475,-0.008259341,0.0013099457,-0.008914314,0.83139557,0.5415473,0.45845273,0.0,0.43724706768989563
2064384,1826.941896531134,7.0,324.26904,500.0,199.83408,0.0,0.46534654,1.0,0.49879768,0.19209084,-0.007151611,0.0011235343,-0.0077133775,0.818027,0.5346535,0.46534654,0.0,0.43699705600738525
2072576,1814.5788562246364,7.0,321.80798,500.0,200.10927,0.0,0.47149295,1.0,0.4991867,0.19452411,-0.00711626,0.0011752864,-0.007703903,0.80388045,0.52850705,0.47149295,0.0,0.4367470443248749
2080768,1827.8445818092757,7.0,318.94186,500.0,200.56985,0.0,0.47822085,1.0,0.49952546,0.19790801,-0.0073768934,0.000995826,-0.0078748055,0.78570545,0.5217791,0.47822085,0.0,0.4364970326423645
2088960,1817.7732155108235,7.0,316.04678,500.0,200.97029,0.0,0.48501363,1.0,0.49977538,0.20123155,-0.005242481,0.0011924765,-0.005838719,0.775472,0.5149864,0.48501363,0.0,0.4362470209598541
2097152,1842.9152893460716,7.0,313.21503,500.0,201.34201,0.0,0.4916318,1.0,0.49992993,0.20450245,-0.0058872774,0.0010947563,-0.0064346557,0.7681511,0.5083682,0.4916318,0.0,0.43599700927734375
2105344,1814.3166072063345,7.0,310.58228,500.0,201.62978,0.0,0.49785978,1.0,0.4999954,0.20757507,-0.0062398515,0.0011869904,-0.006833346,0.76006883,0.5021402,0.49785978,0.0,0.4357469975948334
2113536,1817.95412509154,7.0,307.87683,500.0,201.93416,0.0,0.5041539,1.0,0.49998274,0.21084878,-0.007952103,0.0011355092,-0.008519858,0.75626516,0.4958461,0.5041539,0.0,0.435496985912323
2121728,1820.3767386293136,7.0,305.24353,500.0,202.11816,0.0,0.5103627,1.0,0.49989262,0.21367267,-0.006923275,0.0013307874,-0.0075886687,0.7479855,0.48963732,0.5103627,0.0,0.4352469742298126
2129920,1824.7063277431184,7.0,302.85474,500.0,202.30989,0.0,0.5160051,1.0,0.4997438,0.21654996,-0.0057628164,0.00110301,-0.006314321,0.73838973,0.48399487,0.5160051,0.0,0.43499696254730225
2138112,1821.8507189816817,7.0,300.2481,500.0,202.47435,0.0,0.52205676,1.0,0.49951327,0.21952705,-0.0071510146,0.0011832962,-0.007742663,0.7281092,0.47794324,0.52205676,0.0,0.43474695086479187
2146304,1817.4742790784742,7.0,297.73218,500.0,202.63078,0.0,0.5278934,1.0,0.49922138,0.22257677,-0.0056777317,0.0010420156,-0.0061987396,0.7172993,0.47210658,0.5278934,0.0,0.4344969391822815
2154496,1815.497948646062,7.0,295.35446,500.0,202.76256,0.0,0.53333336,1.0,0.49888766,0.22542433,-0.007248016,0.0010571564,-0.0077765947,0.7140556,0.46666667,0.53333336,0.0,0.4342469274997711
2162688,1820.7344211827424,7.0,293.51492,500.0,202.6907,0.0,0.5380228,1.0,0.49855217,0.22722885,-0.0054132184,0.0010023875,-0.005914412,0.7126021,0.46197718,0.5380228,0.0,0.43399691581726074
2170880,1810.063776681523,7.0,291.54575,500.0,202.68044,0.0,0.5428034,1.0,0.4981645,0.22942701,-0.008271474,0.001068697,-0.0088058235,0.70774454,0.45719662,0.5428034,0.0,0.43374690413475037
2179072,1831.263474718858,7.0,289.63687,500.0,202.6773,0.0,0.547486,1.0,0.49774,0.23171426,-0.008307343,0.0010072476,-0.008810967,0.7030463,0.45251396,0.547486,0.0,0.43349689245224
2187264,1825.2356671826344,7.0,287.71948,500.0,202.55579,0.0,0.5523684,1.0,0.49725,0.23358774,-0.008260712,0.0012462836,-0.008883854,0.69331074,0.44763157,0.5523684,0.0,0.4332468807697296
2195456,1805.2729486300311,7.0,285.36566,500.0,202.64236,0.0,0.5576073,1.0,0.49667034,0.23677328,-0.00679041,0.0012361004,-0.0074084606,0.680959,0.4423927,0.5576073,0.0,0.43299686908721924
2203648,1829.2491699106452,7.0,283.70654,500.0,202.48148,0.0,0.56176734,1.0,0.49617013,0.23825547,-0.008377257,0.001034471,-0.008894492,0.670804,0.43823263,0.56176734,0.0,0.43274685740470886
2211840,1803.5059229559079,7.0,281.61594,500.0,202.45801,0.0,0.5666242,1.0,0.49554133,0.24090636,-0.0061979396,0.0012321476,-0.0068140132,0.65863794,0.4333758,0.5666242,0.0,0.4324968457221985
2220032,1817.1305612432398,7.0,279.5306,500.0,202.39967,0.0,0.5714286,1.0,0.49487165,0.24340431,-0.007648886,0.0011078264,-0.008202799,0.64655656,0.42857143,0.5714286,0.0,0.4322468340396881
2228224,1806.3384545731597,7.0,277.28336,500.0,202.3768,0.0,0.5764442,1.0,0.49412176,0.24626215,-0.006242343,0.0012353017,-0.0068599936,0.6300055,0.4235558,0.5764442,0.0,0.43199682235717773
2236416,1823.2352711475544,7.0,275.44913,500.0,202.2676,0.0,0.580828,1.0,0.4934236,0.24850291,-0.007399051,0.0010733076,-0.007935705,0.6109257,0.41917202,0.580828,0.0,0.43174681067466736
2244608,1820.6294555290913,7.0,272.8723,500.0,202.13994,0.0,0.58654785,1.0,0.49245253,0.25157142,-0.0069968794,0.0011215345,-0.007557647,0.5948504,0.41345215,0.58654785,0.0,0.431496798992157
2252800,1836.3520176804207,7.0,268.49976,500.0,201.70322,0.0,0.59716797,1.0,0.4904675,0.25658363,-0.009589341,0.0010265844,-0.010102632,0.5800208,0.40283203,0.59716797,0.0,0.4312467873096466
2260992,1812.387667399223,7.0,264.28833,500.0,201.20409,0.0,0.6074219,1.0,0.48832422,0.26153266,-0.007827738,0.00094587164,-0.008300675,0.57005244,0.39257812,0.6074219,0.0,0.43099677562713623
2269184,1826.799791266863,7.0,259.0907,500.0,200.55861,0.0,0.619751,1.0,0.48544797,0.2679589,-0.0054112407,0.0011317243,-0.005977103,0.55777884,0.38024902,0.619751,0.0,0.43074676394462585
2277376,1822.545438960441,7.0,255.18237,500.0,199.90143,0.0,0.62927246,1.0,0.4829996,0.27246922,-0.0059279334,0.0009891104,-0.006422489,0.54605067,0.37072754,0.62927246,0.0,0.4304967522621155
2285568,1832.2805479648414,7.0,250.86072,500.0,199.11374,0.0,0.6398926,1.0,0.48003128,0.27760231,-0.008734515,0.0012052844,-0.009337156,0.53304905,0.36010742,0.6398926,0.0,0.4302467405796051
2293760,1815.790093912364,7.0,246.29968,500.0,198.1992,0.0,0.6508789,1.0,0.4766923,0.283065,-0.0060706623,0.0010621429,-0.0066017336,0.51234794,0.3491211,0.6508789,0.0,0.4299967288970947
2301952,1818.1800962372804,7.0,242.87952,500.0,197.28862,0.0,0.6594238,1.0,0.47390297,0.28664324,-0.009163614,0.0009830269,-0.009655128,0.49646193,0.34057617,0.6594238,0.0,0.42974671721458435
2310144,1817.9410437653592,7.0,238.39429,500.0,196.17892,0.0,0.6702881,1.0,0.47010845,0.29199237,-0.007907198,0.0011074134,-0.008460904,0.48697767,0.3297119,0.6702881,0.0,0.429496705532074
2318336,1813.125320894228,7.0,233.43701,500.0,194.82918,0.0,0.682251,1.0,0.46560133,0.29786885,-0.008065137,0.0010193166,-0.008574795,0.4765268,0.31774902,0.682251,0.0,0.4292466938495636
2326528,1824.270950684951,7.0,229.55774,500.0,193.59932,0.0,0.69189453,1.0,0.4617104,0.30231592,-0.008566276,0.0009848981,-0.009058725,0.46499467,0.30810547,0.69189453,0.0,0.4289966821670532
2334720,1810.520541160069,7.0,225.67505,500.0,192.30286,0.0,0.701416,1.0,0.45763692,0.30674753,-0.0063290913,0.0012245097,-0.006941346,0.45509183,0.29858398,0.701416,0.0,0.42874667048454285
2342912,1833.4149661693411,7.0,221.93787,500.0,190.90546,0.0,0.71069336,1.0,0.45344052,0.3108341,-0.0052787233,0.001095777,-0.005826611,0.45280227,0.28930664,0.71069336,0.0,0.42849665880203247
2351104,1807.8080417343767,7.0,218.04016,500.0,189.38942,0.0,0.7203369,1.0,0.4488336,0.31512538,-0.009178883,0.001040599,-0.0096991835,0.450718,0.2796631,0.7203369,0.0,0.4282466471195221
2359296,1809.4709657482338,7.0,214.3977,500.0,187.89316,0.0,0.7293701,1.0,0.44428518,0.31918114,-0.006359645,0.0011775711,-0.006948431,0.44382662,0.27062988,0.7293701,0.0,0.4279966354370117
2367488,1808.8784477598929,7.0,210.30493,500.0,186.14165,0.0,0.73950195,1.0,0.43890637,0.32386738,-0.007834549,0.0010799842,-0.008374542,0.4369668,0.26049805,0.73950195,0.0,0.42774662375450134
2375680,1842.4219801543475,7.0,205.87085,500.0,184.209,0.0,0.75024414,1.0,0.43287167,0.32911485,-0.007595818,0.0011492388,-0.008170437,0.43040335,0.24975586,0.75024414,0.0,0.42749661207199097
2383872,1817.4981211549452,7.0,201.47668,500.0,182.103,0.0,0.7607422,1.0,0.4266304,0.3341365,-0.007601429,0.0009725484,-0.008087703,0.4244064,0.23925781,0.7607422,0.0,0.4272466003894806
2392064,1825.6813024794385,7.0,197.62402,500.0,180.16083,0.0,0.77001953,1.0,0.42081994,0.33858147,-0.006285117,0.0010936434,-0.006831939,0.4155132,0.22998047,0.77001953,0.0,0.4269965887069702
2400256,1815.1769371455862,7.0,193.0553,500.0,177.79608,0.0,0.78100586,1.0,0.41356462,0.34408224,-0.007075564,0.0011707757,-0.0076609515,0.4081147,0.21899414,0.78100586,0.0,0.42674657702445984
2408448,1833.0283260514893,7.0,188.48474,500.0,175.32025,0.0,0.79174805,1.0,0.40605798,0.3496027,-0.008122174,0.0011169064,-0.008680628,0.40304044,0.20825195,0.79174805,0.0,0.42649656534194946
2416640,1824.3211237393982,7.0,184.51587,500.0,173.01912,0.0,0.80114746,1.0,0.39913678,0.3542732,-0.007151053,0.0009831128,-0.007642609,0.39287454,0.19885254,0.80114746,0.0,0.4262465536594391
2424832,1839.1473724935538,7.0,180.19177,500.0,170.32068,0.0,0.81152344,1.0,0.39109224,0.35933557,-0.007245043,0.0010899021,-0.0077899937,0.38299623,0.18847656,0.81152344,0.0,0.4259965419769287
2433024,1817.2897164260705,7.0,176.2085,500.0,167.64282,0.0,0.821167,1.0,0.38321245,0.36383432,-0.009284392,0.0010753393,-0.009822061,0.37340927,0.17883301,0.821167,0.0,0.42574653029441833
2441216,1824.081906360605,7.0,172.45203,500.0,165.15228,0.0,0.8297119,1.0,0.37588567,0.36836004,-0.008915516,0.0010681113,-0.009449571,0.36276242,0.17028809,0.8297119,0.0,0.42549651861190796
2449408,1831.586882113245,7.0,168.69434,500.0,162.40686,0.0,0.83862305,1.0,0.3678783,0.37256414,-0.00825477,0.001162709,-0.008836126,0.35195148,0.16137695,0.83862305,0.0,0.4252465069293976
2457600,1803.8905305211047,7.0,164.8424,500.0,159.55655,0.0,0.84765625,1.0,0.35935378,0.37729317,-0.009392342,0.0010903672,-0.009937525,0.34215233,0.15234375,0.84765625,0.0,0.4249964952468872
2465792,1817.651571420946,7.0,160.87292,500.0,156.32434,0.0,0.8572998,1.0,0.34976685,0.3817721,-0.007030177,0.0010139876,-0.0075371703,0.33291617,0.1427002,0.8572998,0.0,0.42474648356437683
2473984,1828.508655601125,7.0,157.25867,500.0,153.21786,0.0,0.86608887,1.0,0.3405568,0.38577515,-0.0065369117,0.0010849127,-0.0070793685,0.3247621,0.13391113,0.86608887,0.0,0.42449647188186646
2482176,1808.5372116470473,7.0,154.08118,500.0,150.24,0.0,0.87402344,1.0,0.33182296,0.38910872,-0.007619066,0.00091962604,-0.008078879,0.31393456,0.12597656,0.87402344,0.0,0.4242464601993561
2490368,1835.4550308757832,7.0,149.36023,500.0,145.93326,0.0,0.88513184,1.0,0.31886277,0.3947834,-0.0068668574,0.0010634635,-0.0073985895,0.30531406,0.114868164,0.88513184,0.0,0.4239964485168457
2498560,1819.8131048302953,7.0,145.68518,500.0,142.23517,0.0,0.89416504,1.0,0.30762625,0.39894983,-0.007277932,0.0010578646,-0.0078068646,0.30139667,0.10583496,0.89416504,0.0,0.4237464368343353
2506752,1819.6754792731242,7.0,141.92029,500.0,138.28813,0.0,0.90319824,1.0,0.29568765,0.40322888,-0.007692965,0.0009364881,-0.008161209,0.3035893,0.09680176,0.90319824,0.0,0.42349642515182495
2514944,1814.8354296180228,7.0,139.59619,500.0,135.5694,0.0,0.9091797,1.0,0.28735343,0.40555888,-0.0072532524,0.0011417134,-0.007824109,0.29728734,0.09082031,0.9091797,0.0,0.4232464134693146
2523136,1808.6831543042722,7.0,135.66223,500.0,131.01689,0.0,0.9187012,1.0,0.2732935,0.4099862,-0.008136984,0.0011506483,-0.0087123085,0.28331068,0.08129883,0.9187012,0.0,0.4229964017868042
2531328,1821.2377104874672,7.0,132.3147,500.0,127.02677,0.0,0.9263916,1.0,0.26113254,0.41390517,-0.008393156,0.0011089717,-0.008947642,0.2718299,0.0736084,0.9263916,0.0,0.4227463901042938
2539520,1832.4057216077745,7.0,128.92444,500.0,122.69701,0.0,0.93444824,1.0,0.24749693,0.4177611,-0.008607037,0.001021781,-0.009117928,0.2670774,0.06555176,0.93444824,0.0,0.42249637842178345
2547712,1818.5622297309349,7.0,125.48877,500.0,118.34544,0.0,0.94189453,1.0,0.23394276,0.4220855,-0.008224958,0.0009435141,-0.008696714,0.2584742,0.05810547,0.94189453,0.0,0.42224636673927307
2555904,1810.8688251129574,7.0,122.158936,500.0,113.97473,0.0,0.9489746,1.0,0.22004955,0.42646557,-0.008945812,0.0010512267,-0.009471425,0.25210035,0.05102539,0.9489746,0.0,0.4219963550567627
2564096,1825.3427161763304,7.0,119.30005,500.0,109.961044,0.0,0.95495605,1.0,0.20740055,0.4301287,-0.005146997,0.0010531492,-0.005673572,0.23881663,0.045043945,0.95495605,0.0,0.4217463433742523
2572288,1833.414770509523,7.0,116.3407,500.0,105.578926,0.0,0.9610596,1.0,0.19345301,0.43391153,-0.010023011,0.001075756,-0.01056089,0.2242985,0.03894043,0.9610596,0.0,0.42149633169174194
2580480,1820.242692114941,7.0,113.80505,500.0,101.68264,0.0,0.96606445,1.0,0.18106332,0.4371459,-0.0070719747,0.000964429,-0.007554189,0.22239596,0.033935547,0.96606445,0.0,0.42124632000923157
2588672,1830.6894712495914,7.0,110.87305,500.0,97.07163,0.0,0.9719238,1.0,0.1651905,0.44134176,-0.007839717,0.001042752,-0.008361094,0.2278432,0.028076172,0.9719238,0.0,0.4209963083267212
2596864,1816.0703346774612,7.0,108.046265,500.0,91.99948,0.0,0.9781494,1.0,0.14619555,0.44499475,-0.00847556,0.0010117227,-0.008981422,0.22314145,0.021850586,0.9781494,0.0,0.4207462966442108
2605056,1829.5104934886556,7.0,105.769165,500.0,87.88111,0.0,0.9827881,1.0,0.13006023,0.44816765,-0.007346742,0.0010558676,-0.007874675,0.21511492,0.017211914,0.9827881,0.0,0.42049628496170044
2613248,1821.1700421819266,7.0,103.62537,500.0,83.195946,0.0,0.98779297,1.0,0.10980901,0.45041597,-0.008536262,0.0010074462,-0.009039986,0.2099407,0.012207031,0.98779297,0.0,0.42024627327919006
2621440,1844.0846920054562,7.0,101.513794,500.0,78.95316,0.0,0.9918213,1.0,0.09006564,0.45339227,-0.007623759,0.0010244609,-0.008135989,0.19856985,0.008178711,0.9918213,0.0,0.4199962615966797
2629632,1822.001716809568,7.0,99.83374,500.0,75.322334,0.0,0.99487305,1.0,0.071418956,0.45582843,-0.008927441,0.0011041155,-0.0094794985,0.1846279,0.005126953,0.99487305,0.0,0.4197462499141693
2637824,1823.3961748932568,7.0,98.803345,500.0,72.87783,0.0,0.9967041,1.0,0.05731523,0.45706362,-0.0074893227,0.0010517387,-0.008015193,0.17355591,0.0032958984,0.9967041,0.0,0.41949623823165894
2646016,1819.522554281733,7.0,97.549194,500.0,70.615074,0.0,0.99780273,1.0,0.04682347,0.45933008,-0.0076931757,0.001095094,-0.008240722,0.16983986,0.0021972656,0.99780273,0.0,0.41924622654914856
2654208,1833.0136578695567,7.0,96.42334,500.0,68.95134,0.0,0.9984131,1.0,0.039804466,0.4618261,-0.007959219,0.0010234143,-0.008470926,0.16072644,0.0015869141,0.9984131,0.0,0.4189962148666382
2662400,1822.7069944897705,7.0,95.45911,500.0,67.53149,0.0,0.9991455,1.0,0.029219205,0.4640736,-0.0063148183,0.001230086,-0.0069298605,0.15065944,0.0008544922,0.9991455,0.0,0.4187462031841278
2670592,1821.836518938071,7.0,94.79761,500.0,66.95741,0.0,0.9991455,1.0,0.029219203,0.46599728,-0.008066075,0.0010073935,-0.008569771,0.13805653,0.0008544922,0.9991455,0.0,0.41849619150161743
2678784,1824.1177365478256,7.0,94.403076,500.0,66.57937,0.0,0.9991455,1.0,0.029219205,0.46712673,-0.0056879725,0.00094455574,-0.0061602504,0.12780115,0.0008544922,0.9991455,0.0,0.41824617981910706
2686976,1812.2771619481348,7.0,93.95935,500.0,66.173386,0.0,0.9991455,1.0,0.029219205,0.46837527,-0.006187137,0.0010045995,-0.0066894367,0.120453276,0.0008544922,0.9991455,0.0,0.4179961681365967
2695168,1810.6907541663463,7.0,93.62268,500.0,65.7929,0.0,0.9991455,1.0,0.029219205,0.46930587,-0.007534032,0.0010486844,-0.008058375,0.1109637,0.0008544922,0.9991455,0.0,0.4177461564540863
2703360,1813.1587126475115,7.0,92.87402,500.0,64.92671,0.0,0.99938965,1.0,0.02469775,0.47137284,-0.009283213,0.000994835,-0.0097806305,0.09499134,0.00061035156,0.99938965,0.0,0.4174961447715759
2711552,1823.1101864139055,6.0,92.276855,500.0,64.06003,0.0,0.9995117,1.0,0.022091692,0.47283378,-0.007535798,0.0010122462,-0.008041921,0.085613534,0.00048828125,0.9995117,0.0,0.41724613308906555
2719744,1820.283000429857,6.0,91.75098,500.0,63.27244,0.0,0.9996338,1.0,0.019133134,0.47398284,-0.008907093,0.0011811836,-0.009497684,0.08425138,0.00036621094,0.9996338,0.0,0.4169961214065552
2727936,1818.0565699276126,6.0,91.25745,500.0,62.72397,0.0,0.9996338,1.0,0.019133134,0.47524554,-0.00943611,0.0009778298,-0.009925025,0.07300823,0.00036621094,0.9996338,0.0,0.4167461097240448
2736128,1811.6454557538345,6.0,90.61072,500.0,62.011,0.0,0.9996338,1.0,0.019133134,0.47720146,-0.008296343,0.001072155,-0.008832419,0.05593799,0.00036621094,0.9996338,0.0,0.4164960980415344
2744320,1821.7294944386458,6.0,89.990845,500.0,61.09636,0.0,0.99975586,1.0,0.015623093,0.478575,-0.00556239,0.0011598568,-0.0061423187,0.04471188,0.00024414062,0.99975586,0.0,0.41624608635902405
2752512,1804.469076253421,6.0,89.49878,500.0,60.572998,0.0,0.99975586,1.0,0.015623093,0.48005116,-0.007960532,0.00092933385,-0.0084251985,0.030559018,0.00024414062,0.99975586,0.0,0.41599607467651367
2760704,1821.552564543941,6.0,89.14807,500.0,60.084896,0.0,0.99975586,1.0,0.015623093,0.48070633,-0.009313344,0.0010537211,-0.009840204,0.018192083,0.00024414062,0.99975586,0.0,0.4157460629940033
2768896,1826.485548088844,6.0,88.77905,500.0,59.82262,0.0,0.99975586,1.0,0.015623093,0.48191768,-0.008441293,0.0010318584,-0.008957222,0.0005885735,0.00024414062,0.99975586,0.0,0.4154960513114929
2777088,1820.0920821047882,6.0,88.443726,500.0,59.376392,0.0,0.99975586,1.0,0.015623093,0.48274684,-0.0104216505,0.0009960127,-0.010919657,-0.025080599,0.00024414062,0.99975586,0.0,0.41524603962898254
2785280,1834.933369035413,6.0,88.09473,500.0,59.176456,0.0,0.99975586,1.0,0.015623093,0.48397434,-0.008400299,0.0011161715,-0.008958384,-0.03989028,0.00024414062,0.99975586,0.0,0.41499602794647217
2793472,1832.1776662773882,6.0,87.71643,500.0,58.956776,0.0,0.99975586,1.0,0.015623093,0.4852866,-0.008365703,0.00087144726,-0.008801427,-0.0480555,0.00024414062,0.99975586,0.0,0.4147460162639618
2801664,1815.9300115372682,6.0,87.43848,500.0,58.77069,0.0,0.99975586,1.0,0.015623093,0.4862375,-0.0069209263,0.0010271457,-0.0074344995,-0.06073048,0.00024414062,0.99975586,0.0,0.4144960045814514
2809856,1838.4616799815253,6.0,87.21033,500.0,58.521835,0.0,0.99975586,1.0,0.015623093,0.48685092,-0.007913954,0.0010037862,-0.008415847,-0.06965186,0.00024414062,0.99975586,0.0,0.41424599289894104
2818048,1815.5593441173237,6.0,86.95459,500.0,58.38551,0.0,0.99975586,1.0,0.015623093,0.48776114,-0.008371547,0.0011244954,-0.008933794,-0.0795359,0.00024414062,0.99975586,0.0,0.41399598121643066
2826240,1829.0108977621435,6.0,86.604126,500.0,58.28343,0.0,0.99975586,1.0,0.015623093,0.48922515,-0.0068407366,0.0009472598,-0.0073143668,-0.09337195,0.00024414062,0.99975586,0.0,0.4137459695339203
2834432,1821.6858382358228,6.0,86.36389,500.0,58.26642,0.0,0.9996338,1.0,0.019133132,0.49014178,-0.007335924,0.0011322632,-0.007902055,-0.10102174,0.00036621094,0.9996338,0.0,0.4134959578514099
2842624,1816.6266576447942,6.0,86.24475,500.0,58.18657,0.0,0.9996338,1.0,0.019133132,0.49055475,-0.0068535414,0.00096747064,-0.007337277,-0.112427995,0.00036621094,0.9996338,0.0,0.41324594616889954
2850816,1830.6307544898746,6.0,85.84741,500.0,57.958393,0.0,0.9996338,1.0,0.019133132,0.49197307,-0.0072492464,0.0009924,-0.0077454457,-0.122524545,0.00036621094,0.9996338,0.0,0.41299593448638916
2859008,1834.5680295147722,6.0,85.61926,500.0,57.818966,0.0,0.9996338,1.0,0.019133134,0.49281707,-0.006980229,0.0008850938,-0.007422776,-0.1269477,0.00036621094,0.9996338,0.0,0.4127459228038788
2867200,1818.6579085306555,6.0,85.24585,500.0,57.540096,0.0,0.9996338,1.0,0.019133134,0.49406606,-0.005144299,0.0011237889,-0.0057061934,-0.13215446,0.00036621094,0.9996338,0.0,0.4124959111213684
2875392,1851.8281697330933,6.0,84.73181,500.0,56.98346,0.0,0.9996338,1.0,0.019133132,0.49548012,-0.0087503325,0.0010278794,-0.009264272,-0.14096607,0.00036621094,0.9996338,0.0,0.41224589943885803
2883584,1820.3717235840913,6.0,84.47937,500.0,56.744034,0.0,0.9996338,1.0,0.019133132,0.49625227,-0.008065406,0.000975754,-0.008553283,-0.15238689,0.00036621094,0.9996338,0.0,0.41199588775634766
2891776,1818.9996044333952,6.0,84.22571,500.0,56.564777,0.0,0.9996338,1.0,0.019133132,0.49712592,-0.0071046497,0.000839564,-0.0075244308,-0.16617155,0.00036621094,0.9996338,0.0,0.4117458760738373
2899968,1836.6872392883863,6.0,84.068726,500.0,56.338085,0.0,0.9996338,1.0,0.019133134,0.4974517,-0.008132331,0.0010268416,-0.008645751,-0.173807,0.00036621094,0.9996338,0.0,0.4114958643913269
2908160,1820.5096473970223,6.0,83.697876,500.0,56.172523,0.0,0.9996338,1.0,0.019133134,0.4989377,-0.0069174767,0.0010767641,-0.0074558584,-0.17994595,0.00036621094,0.9996338,0.0,0.41124585270881653
2916352,1823.6792525023634,6.0,83.460815,500.0,56.03286,0.0,0.9996338,1.0,0.019133134,0.49977165,-0.007317856,0.00096776005,-0.0078017367,-0.17820713,0.00036621094,0.9996338,0.0,0.41099584102630615
2924544,1822.7848336781053,6.0,83.25598,500.0,55.891254,0.0,0.9996338,1.0,0.019133132,0.500541,-0.0071534994,0.0009391508,-0.0076230755,-0.17782706,0.00036621094,0.9996338,0.0,0.4107458293437958
2932736,1819.3853580194811,6.0,83.05505,500.0,55.850174,0.0,0.9996338,1.0,0.019133134,0.5014428,-0.0074133957,0.0010722459,-0.007949518,-0.18612188,0.00036621094,0.9996338,0.0,0.4104958176612854
2940928,1810.0613928402045,6.0,82.913086,500.0,55.544655,0.0,0.9996338,1.0,0.019133132,0.5016227,-0.004551148,0.0011153647,-0.0051088305,-0.19631931,0.00036621094,0.9996338,0.0,0.410245805978775
2949120,1823.2378833087032,6.0,82.78638,500.0,55.498974,0.0,0.9996338,1.0,0.019133132,0.5021175,-0.008744453,0.0010738123,-0.009281359,-0.20376123,0.00036621094,0.9996338,0.0,0.40999579429626465
2957312,1831.9500584005173,6.0,82.65503,500.0,55.40003,0.0,0.9996338,1.0,0.019133132,0.5025481,-0.0062919594,0.0009728215,-0.0067783706,-0.21426496,0.00036621094,0.9996338,0.0,0.4097457826137543
2965504,1837.5552610714751,6.0,82.32849,500.0,54.949005,0.0,0.9996338,1.0,0.019133134,0.5034539,-0.0105140675,0.0010059854,-0.011017061,-0.22142968,0.00036621094,0.9996338,0.0,0.4094957709312439
2973696,1818.2556248742862,6.0,82.2207,500.0,54.80297,0.0,0.9996338,1.0,0.019133134,0.50370646,-0.008137598,0.0008877982,-0.008581496,-0.22537118,0.00036621094,0.9996338,0.0,0.4092457592487335
2981888,1826.5632248463824,6.0,82.077515,500.0,54.636353,0.0,0.9996338,1.0,0.019133134,0.50402457,-0.008040717,0.001005877,-0.008543655,-0.2297276,0.00036621094,0.9996338,0.0,0.40899574756622314
2990080,1822.4682968723744,6.0,82.15564,500.0,54.587173,0.0,0.9996338,1.0,0.019133132,0.5035639,-0.0069519863,0.0009799663,-0.00744197,-0.2299042,0.00036621094,0.9996338,0.0,0.40874573588371277
2998272,1814.4794858752575,6.0,81.800415,500.0,54.364838,0.0,0.9996338,1.0,0.019133132,0.5048763,-0.0067050187,0.0010592097,-0.0072346237,-0.2296351,0.00036621094,0.9996338,0.0,0.4084957242012024
3006464,1811.3370725744398,6.0,81.55188,500.0,54.12637,0.0,0.9996338,1.0,0.019133132,0.50565594,-0.009035793,0.0010100645,-0.009540826,-0.23286514,0.00036621094,0.9996338,0.0,0.408245712518692
3014656,1820.933387460054,6.0,81.26123,500.0,53.804684,0.0,0.99975586,1.0,0.015623093,0.50665843,-0.0071147936,0.001057195,-0.0076433914,-0.24353287,0.00024414062,0.99975586,0.0,0.40799570083618164
3022848,1838.2280827215357,6.0,80.813965,500.0,53.35579,0.0,0.9998779,1.0,0.011047869,0.50820214,-0.007761892,0.0010513664,-0.008287575,-0.2594368,0.00012207031,0.9998779,0.0,0.40774568915367126
3031040,1820.0440695563,6.0,80.57019,500.0,53.110035,0.0,0.9998779,1.0,0.011047869,0.5089848,-0.006543274,0.0010785931,-0.0070825703,-0.27776387,0.00012207031,0.9998779,0.0,0.4074956774711609
3039232,1818.4882155138762,6.0,80.44006,500.0,52.90087,0.0,0.9998779,1.0,0.011047868,0.509339,-0.009365214,0.0010741267,-0.009902277,-0.2940668,0.00012207031,0.9998779,0.0,0.4072456657886505
3047424,1816.2898850331553,6.0,80.2229,500.0,52.746002,0.0,0.9998779,1.0,0.011047868,0.51009506,-0.0058359113,0.0010258523,-0.006348838,-0.30106777,0.00012207031,0.9998779,0.0,0.40699565410614014
3055616,1833.7203442040975,6.0,79.96875,500.0,52.569916,0.0,0.9998779,1.0,0.011047868,0.51099557,-0.00669742,0.0009634632,-0.0071791513,-0.3067584,0.00012207031,0.9998779,0.0,0.40674564242362976
3063808,1826.9410222684858,6.0,79.8772,500.0,52.57482,0.0,0.9998779,1.0,0.011047868,0.51150346,-0.008345304,0.00091085606,-0.008800732,-0.3150211,0.00012207031,0.9998779,0.0,0.4064956307411194
3072000,1825.6542381137767,6.0,79.60693,500.0,52.57114,0.0,0.9998779,1.0,0.011047868,0.51277757,-0.006551311,0.0011269925,-0.007114807,-0.328484,0.00012207031,0.9998779,0.0,0.406245619058609
3080192,1828.1004464780947,6.0,79.321655,500.0,52.411522,0.0,0.9998779,1.0,0.011047868,0.51390123,-0.008932389,0.0011073877,-0.009486083,-0.34713188,0.00012207031,0.9998779,0.0,0.40599560737609863
3088384,1816.0756140150306,6.0,79.15149,500.0,52.336548,0.0,0.9998779,1.0,0.011047869,0.51462114,-0.00786754,0.0010880908,-0.008411585,-0.35996616,0.00012207031,0.9998779,0.0,0.40574559569358826
3096576,1827.3219886052098,6.0,79.015015,500.0,52.34356,0.0,0.9998779,1.0,0.011047869,0.515342,-0.007294373,0.0010129163,-0.007800832,-0.36988986,0.00012207031,0.9998779,0.0,0.4054955840110779
3104768,1822.9950810591704,6.0,78.82654,500.0,52.253784,0.0,0.9998779,1.0,0.011047868,0.5161123,-0.00782652,0.001031378,-0.008342209,-0.38130042,0.00012207031,0.9998779,0.0,0.4052455723285675
3112960,1833.8956327172248,6.0,78.60193,500.0,52.176884,0.0,0.9998779,1.0,0.011047868,0.5170956,-0.00861365,0.00094779854,-0.009087549,-0.39259443,0.00012207031,0.9998779,0.0,0.40499556064605713
3121152,1838.1743883329177,6.0,78.30322,500.0,52.115875,0.0,0.9998779,1.0,0.011047868,0.5184445,-0.0072843903,0.0008983441,-0.007733563,-0.3964541,0.00012207031,0.9998779,0.0,0.40474554896354675
3129344,1820.7196596563656,6.0,78.244995,500.0,52.022335,0.0,0.9998779,1.0,0.011047868,0.51856613,-0.007386847,0.0009954198,-0.007884556,-0.4065401,0.00012207031,0.9998779,0.0,0.4044955372810364
3137536,1827.1516466053354,6.0,78.04883,500.0,51.894997,0.0,0.9998779,1.0,0.011047868,0.51930034,-0.010658018,0.0009801978,-0.0111481175,-0.41925585,0.00012207031,0.9998779,0.0,0.404245525598526
3145728,1812.3399648637562,6.0,77.80957,500.0,51.77579,0.0,0.9998779,1.0,0.011047869,0.5202832,-0.006036265,0.0010231637,-0.006547847,-0.42413044,0.00012207031,0.9998779,0.0,0.4039955139160156
3153920,1818.525269992988,6.0,77.60657,500.0,51.544178,0.0,0.9998779,1.0,0.011047869,0.52091825,-0.009809172,0.0009054933,-0.0102619175,-0.42486358,0.00012207031,0.9998779,0.0,0.40374550223350525
3162112,1835.7593234950987,6.0,77.37207,500.0,51.42155,0.0,0.9998779,1.0,0.011047868,0.52186173,-0.004434256,0.0010014387,-0.004934975,-0.4332119,0.00012207031,0.9998779,0.0,0.4034954905509949
3170304,1821.7855165251945,6.0,77.243774,500.0,51.354614,0.0,0.9998779,1.0,0.011047868,0.5224037,-0.0071177394,0.0008688089,-0.007552143,-0.44231996,0.00012207031,0.9998779,0.0,0.4032454788684845
3178496,1834.7343688091928,6.0,76.95105,500.0,51.262745,0.0,0.9998779,1.0,0.011047868,0.5237352,-0.0067329975,0.0010668861,-0.007266441,-0.4503735,0.00012207031,0.9998779,0.0,0.4029954671859741
3186688,1825.6832426081583,6.0,76.83093,500.0,51.105923,0.0,0.9998779,1.0,0.011047868,0.52403146,-0.0072105685,0.0009560343,-0.0076885857,-0.45265752,0.00012207031,0.9998779,0.0,0.40274545550346375
3194880,1836.6785995379403,6.0,76.47876,500.0,50.863697,0.0,0.9998779,1.0,0.011047868,0.52537364,-0.0071596038,0.0009125413,-0.0076158745,-0.46054304,0.00012207031,0.9998779,0.0,0.40249544382095337
3203072,1821.68139546523,6.0,76.42578,500.0,50.819252,0.0,0.9998779,1.0,0.011047868,0.52554226,-0.007766967,0.00086223707,-0.008198085,-0.47456706,0.00012207031,0.9998779,0.0,0.402245432138443
3211264,1830.83052390712,6.0,76.19946,500.0,50.77902,0.0,0.9998779,1.0,0.011047868,0.5265881,-0.007711732,0.00090512785,-0.008164296,-0.48131096,0.00012207031,0.9998779,0.0,0.4019954204559326
3219456,1824.0704797320657,6.0,76.12317,500.0,50.71645,0.0,0.9998779,1.0,0.011047868,0.5268533,-0.0074434085,0.001018688,-0.007952752,-0.48748207,0.00012207031,0.9998779,0.0,0.40174540877342224
3227648,1857.2733164981073,6.0,75.87097,500.0,50.612476,0.0,0.9998779,1.0,0.011047868,0.5279074,-0.008018491,0.0009624722,-0.008499727,-0.49771258,0.00012207031,0.9998779,0.0,0.40149539709091187
3235840,1833.2912196740324,6.0,75.64392,500.0,50.490986,0.0,0.9998779,1.0,0.011047869,0.52881545,-0.004043144,0.0008358564,-0.004461073,-0.5077416,0.00012207031,0.9998779,0.0,0.4012453854084015
3244032,1807.0595014634084,6.0,75.58667,500.0,50.393425,0.0,0.9998779,1.0,0.011047869,0.52895844,-0.0082633905,0.000873594,-0.008700187,-0.5124188,0.00012207031,0.9998779,0.0,0.4009953737258911
3252224,1815.1421285598465,6.0,75.56946,500.0,50.30103,0.0,0.9998779,1.0,0.011047868,0.5288981,-0.00812232,0.0009910568,-0.008617848,-0.50794214,0.00012207031,0.9998779,0.0,0.40074536204338074
3260416,1839.187439517384,6.0,75.39099,500.0,50.138134,0.0,0.9998779,1.0,0.011047868,0.52949905,-0.0070628095,0.00096827105,-0.0075469455,-0.5109398,0.00012207031,0.9998779,0.0,0.40049535036087036
3268608,1824.1422374591523,6.0,75.28906,500.0,50.04927,0.0,0.9998779,1.0,0.011047868,0.5298924,-0.0076438994,0.00089761603,-0.008092707,-0.51559144,0.00012207031,0.9998779,0.0,0.40024533867836
3276800,1825.815375076665,6.0,75.19641,500.0,49.98216,0.0,0.9998779,1.0,0.011047868,0.5302191,-0.007852144,0.0008799194,-0.008292103,-0.51926905,0.00012207031,0.9998779,0.0,0.3999953269958496
3284992,1814.7058399643308,6.0,75.34912,500.0,50.195065,0.0,0.99975586,1.0,0.015623093,0.5296637,-0.005647969,0.0010389015,-0.00616742,-0.5297711,0.00024414062,0.99975586,0.0,0.39974531531333923
3293184,1819.9765863208331,6.0,75.08386,500.0,50.162113,0.0,0.99975586,1.0,0.015623093,0.5308921,-0.0063863555,0.0009740047,-0.006873358,-0.5333051,0.00024414062,0.99975586,0.0,0.39949530363082886
3301376,1846.5430617013412,6.0,74.86841,500.0,49.929497,0.0,0.99975586,1.0,0.015623093,0.5315759,-0.0060186507,0.0009843303,-0.0065108156,-0.53324074,0.00024414062,0.99975586,0.0,0.3992452919483185
3309568,1819.730796847965,6.0,74.67297,500.0,49.71407,0.0,0.99975586,1.0,0.015623093,0.53221875,-0.0091492785,0.0009209919,-0.009609775,-0.54380405,0.00024414062,0.99975586,0.0,0.3989952802658081
3317760,1817.445823225389,6.0,74.69507,500.0,49.87669,0.0,0.9996338,1.0,0.019133132,0.5322108,-0.0059436914,0.0009421431,-0.0064147627,-0.548026,0.00036621094,0.9996338,0.0,0.39874526858329773
3325952,1815.8987249292027,6.0,74.60095,500.0,49.773144,0.0,0.9996338,1.0,0.019133132,0.5324833,-0.0055587725,0.0009745981,-0.0060460716,-0.5516731,0.00036621094,0.9996338,0.0,0.39849525690078735
3334144,1821.5827908525523,6.0,74.53552,500.0,49.759964,0.0,0.9996338,1.0,0.019133132,0.5328147,-0.00809758,0.0010273444,-0.0086112525,-0.5576033,0.00036621094,0.9996338,0.0,0.398245245218277
3342336,1819.0391835988335,6.0,74.46838,500.0,49.715816,0.0,0.9996338,1.0,0.019133132,0.53309935,-0.01000561,0.0010052827,-0.010508251,-0.56753063,0.00036621094,0.9996338,0.0,0.3979952335357666
3350528,1827.167289925478,6.0,74.32129,500.0,49.6285,0.0,0.9996338,1.0,0.019133132,0.53366685,-0.009416699,0.00093676796,-0.009885085,-0.5728809,0.00036621094,0.9996338,0.0,0.3977452218532562
3358720,1816.795330948498,6.0,74.22888,500.0,49.540737,0.0,0.9996338,1.0,0.019133134,0.5339936,-0.00930041,0.0009234708,-0.009762145,-0.5752251,0.00036621094,0.9996338,0.0,0.39749521017074585
3366912,1815.5555067787157,6.0,74.179565,500.0,49.62364,0.0,0.9996338,1.0,0.019133134,0.53441954,-0.0050984877,0.00095807185,-0.0055775233,-0.57729656,0.00036621094,0.9996338,0.0,0.3972451984882355
3375104,1817.580996464101,6.0,74.15625,500.0,49.568024,0.0,0.9996338,1.0,0.019133132,0.53441894,-0.009593702,0.0010484064,-0.010117905,-0.5853395,0.00036621094,0.9996338,0.0,0.3969951868057251
3383296,1827.7718519076477,6.0,73.93848,500.0,49.454426,0.0,0.9996338,1.0,0.019133132,0.53533155,-0.008228482,0.0009828978,-0.00871993,-0.59784734,0.00036621094,0.9996338,0.0,0.3967451751232147
3391488,1820.969866111058,6.0,73.85242,500.0,49.451454,0.0,0.9996338,1.0,0.019133132,0.53578126,-0.007980885,0.001021489,-0.00849163,-0.6046788,0.00036621094,0.9996338,0.0,0.39649516344070435
3399680,1818.403813935229,6.0,73.78577,500.0,49.408222,0.0,0.9996338,1.0,0.019133132,0.53606504,-0.005903677,0.0009775477,-0.006392451,-0.6135766,0.00036621094,0.9996338,0.0,0.39624515175819397
3407872,1827.3607645531433,6.0,73.636475,500.0,49.437202,0.0,0.9996338,1.0,0.019133132,0.536795,-0.008811494,0.000959374,-0.009291181,-0.6300821,0.00036621094,0.9996338,0.0,0.3959951400756836
3416064,1824.2299812993767,6.0,73.535645,500.0,49.43542,0.0,0.9996338,1.0,0.019133132,0.5373186,-0.009960959,0.0009763675,-0.010449142,-0.6449405,0.00036621094,0.9996338,0.0,0.3957451283931732
3424256,1822.4929468296364,6.0,73.49182,500.0,49.34771,0.0,0.9996338,1.0,0.019133132,0.53736544,-0.00789105,0.0008723789,-0.008327239,-0.65908587,0.00036621094,0.9996338,0.0,0.39549511671066284
3432448,1818.4098767292887,6.0,73.33899,500.0,49.072544,0.0,0.99975586,1.0,0.015623093,0.5378859,-0.006861173,0.0010256404,-0.0073739933,-0.67194283,0.00024414062,0.99975586,0.0,0.39524510502815247
3440640,1835.6396733690462,6.0,73.3208,500.0,49.401363,0.0,0.9996338,1.0,0.019133134,0.53825516,-0.008998731,0.0009466155,-0.009472039,-0.67823046,0.00036621094,0.9996338,0.0,0.3949950933456421
3448832,1814.8083982957996,6.0,73.243774,500.0,49.276173,0.0,0.9996338,1.0,0.019133134,0.53841573,-0.006690851,0.00095445645,-0.007168079,-0.68321884,0.00036621094,0.9996338,0.0,0.3947450816631317
3457024,1834.9979480550635,6.0,73.11133,500.0,49.16681,0.0,0.9996338,1.0,0.019133134,0.5388969,-0.0074239476,0.00090715534,-0.007877525,-0.6862936,0.00036621094,0.9996338,0.0,0.39449506998062134
3465216,1827.154561489404,6.0,73.01172,500.0,49.026375,0.0,0.9996338,1.0,0.019133132,0.5391616,-0.0041181156,0.000879258,-0.0045577446,-0.6882329,0.00036621094,0.9996338,0.0,0.39424505829811096
3473408,1829.6651020674415,6.0,73.0155,500.0,49.039394,0.0,0.9996338,1.0,0.019133132,0.5392526,-0.009151978,0.00081997906,-0.009561968,-0.69415224,0.00036621094,0.9996338,0.0,0.3939950466156006
3481600,1824.3282915438979,6.0,72.90527,500.0,48.977062,0.0,0.9996338,1.0,0.019133134,0.53971565,-0.0068751797,0.0010869701,-0.007418665,-0.7020136,0.00036621094,0.9996338,0.0,0.3937450349330902
3489792,1822.836859102975,6.0,72.74609,500.0,48.878582,0.0,0.9996338,1.0,0.019133134,0.54031837,-0.0071317125,0.001020381,-0.007641903,-0.7087492,0.00036621094,0.9996338,0.0,0.39349502325057983
3497984,1815.5467768938104,6.0,72.5968,500.0,48.855556,0.0,0.9996338,1.0,0.019133132,0.54106206,-0.009160178,0.00086638244,-0.0095933685,-0.71667767,0.00036621094,0.9996338,0.0,0.39324501156806946
3506176,1839.4809566230385,6.0,72.63074,500.0,48.80974,0.0,0.9996338,1.0,0.019133132,0.54070294,-0.008714671,0.00093687046,-0.009183107,-0.7247189,0.00036621094,0.9996338,0.0,0.3929949998855591
3514368,1835.412675223551,6.0,72.58911,500.0,48.73481,0.0,0.9996338,1.0,0.019133132,0.54086524,-0.007095087,0.0009290948,-0.007559634,-0.7325969,0.00036621094,0.9996338,0.0,0.3927449882030487
3522560,1823.9278525936575,6.0,72.56323,500.0,48.658775,0.0,0.9996338,1.0,0.019133132,0.54081,-0.008299959,0.000974509,-0.008787213,-0.7423499,0.00036621094,0.9996338,0.0,0.39249497652053833
3530752,1815.923773323845,6.0,72.53735,500.0,48.617523,0.0,0.9996338,1.0,0.019133132,0.5408462,-0.0060666883,0.0008441622,-0.00648877,-0.7489857,0.00036621094,0.9996338,0.0,0.39224496483802795
3538944,1829.643375402494,6.0,72.50037,500.0,48.6064,0.0,0.9996338,1.0,0.019133134,0.5410123,-0.0064330264,0.0009573002,-0.0069116764,-0.7530697,0.00036621094,0.9996338,0.0,0.3919949531555176
3547136,1824.102532755923,6.0,72.481445,500.0,48.54947,0.0,0.9996338,1.0,0.019133132,0.5410807,-0.005255959,0.0009865065,-0.0057492126,-0.762951,0.00036621094,0.9996338,0.0,0.3917449414730072
3555328,1825.9408313078752,6.0,72.43237,500.0,48.568214,0.0,0.9996338,1.0,0.019133134,0.5413345,-0.0075689666,0.0010440464,-0.00809099,-0.77586716,0.00036621094,0.9996338,0.0,0.3914949297904968
3563520,1832.1187563252836,6.0,72.496704,500.0,48.868584,0.0,0.9996338,1.0,0.019133132,0.541322,-0.0064770645,0.0009827041,-0.0069684167,-0.780286,0.00036621094,0.9996338,0.0,0.39124491810798645
3571712,1845.5112869504546,6.0,72.340576,500.0,48.90935,0.0,0.9996338,1.0,0.019133132,0.5421293,-0.0062627466,0.0008764507,-0.006700971,-0.7830075,0.00036621094,0.9996338,0.0,0.3909949064254761
3579904,1837.5078950603872,6.0,72.02344,500.0,48.811756,0.0,0.9996338,1.0,0.019133132,0.5435693,-0.007177638,0.0010526384,-0.007703957,-0.78592074,0.00036621094,0.9996338,0.0,0.3907448947429657
3588096,1825.9826538829902,6.0,72.06543,500.0,48.723038,0.0,0.9996338,1.0,0.019133132,0.54315984,-0.00911659,0.0010059166,-0.009619549,-0.79322207,0.00036621094,0.9996338,0.0,0.3904948830604553
3596288,1854.4952972588073,6.0,71.91333,500.0,48.603218,0.0,0.9996338,1.0,0.019133132,0.5437281,-0.0066955155,0.00097021845,-0.007180624,-0.80230695,0.00036621094,0.9996338,0.0,0.39024487137794495
3604480,1830.0385305935665,6.0,71.80969,500.0,48.550255,0.0,0.9996338,1.0,0.019133132,0.54415804,-0.00630571,0.0009377646,-0.006774592,-0.81870925,0.00036621094,0.9996338,0.0,0.38999485969543457
3612672,1833.4026396823601,6.0,71.85022,500.0,48.57201,0.0,0.9996338,1.0,0.019133132,0.5440075,-0.0066383,0.0008331072,-0.0070548533,-0.82857865,0.00036621094,0.9996338,0.0,0.3897448480129242
3620864,1839.109866615882,6.0,71.923096,500.0,48.734715,0.0,0.9996338,1.0,0.019133132,0.54388285,-0.0041079465,0.0010841992,-0.004650046,-0.83833987,0.00036621094,0.9996338,0.0,0.3894948363304138
3629056,1831.1217698321032,6.0,71.734985,500.0,48.677322,0.0,0.9996338,1.0,0.019133134,0.5447465,-0.007789324,0.00088071154,-0.00822968,-0.84724003,0.00036621094,0.9996338,0.0,0.38924482464790344
3637248,1837.623366275675,6.0,71.73828,500.0,48.960964,0.0,0.9995117,1.0,0.022091692,0.54499865,-0.0064591346,0.00093700574,-0.0069276374,-0.8523295,0.00048828125,0.9995117,0.0,0.38899481296539307
3645440,1823.134273322912,6.0,71.79846,500.0,48.9726,0.0,0.9995117,1.0,0.022091692,0.5447351,-0.008548785,0.0010309656,-0.009064268,-0.8630333,0.00048828125,0.9995117,0.0,0.3887448012828827
3653632,1814.1600796209032,6.0,71.75781,500.0,48.895187,0.0,0.9995117,1.0,0.022091692,0.5448233,-0.005767968,0.00091365934,-0.0062247976,-0.87414354,0.00048828125,0.9995117,0.0,0.3884947896003723
3661824,1832.1625232248098,6.0,71.69617,500.0,48.769005,0.0,0.9995117,1.0,0.022091692,0.5449695,-0.00627786,0.00093790307,-0.006746812,-0.88317156,0.00048828125,0.9995117,0.0,0.38824477791786194
3670016,1821.651455619811,6.0,71.5824,500.0,48.69606,0.0,0.9995117,1.0,0.022091692,0.54542786,-0.006308739,0.0009512643,-0.0067843716,-0.89319843,0.00048828125,0.9995117,0.0,0.38799476623535156
3678208,1834.466359923332,6.0,71.64453,500.0,48.68651,0.0,0.9995117,1.0,0.022091692,0.5450729,-0.00863681,0.00085950515,-0.009066563,-0.90455216,0.00048828125,0.9995117,0.0,0.3877447545528412
3686400,1844.0431247473546,6.0,71.49121,500.0,48.50524,0.0,0.9995117,1.0,0.022091692,0.5455394,-0.0075700004,0.0008837288,-0.008011865,-0.9163574,0.00048828125,0.9995117,0.0,0.3874947428703308
3694592,1843.3042331889883,6.0,71.52185,500.0,48.673153,0.0,0.99938965,1.0,0.02469775,0.54544187,-0.006746628,0.0011052714,-0.007299264,-0.92944634,0.00061035156,0.99938965,0.0,0.38724473118782043
3702784,1820.3297718843476,6.0,71.48535,500.0,48.684948,0.0,0.99938965,1.0,0.02469775,0.5456706,-0.0054463153,0.0009579923,-0.0059253117,-0.93702495,0.00061035156,0.99938965,0.0,0.38699471950531006
3710976,1822.1617264636536,6.0,71.30298,500.0,48.531,0.0,0.99938965,1.0,0.02469775,0.54635704,-0.0055757826,0.000993628,-0.006072597,-0.94755745,0.00061035156,0.99938965,0.0,0.3867447078227997
3719168,1830.0982816066532,6.0,71.06946,500.0,48.533287,0.0,0.99938965,1.0,0.02469775,0.54758096,-0.0033770418,0.0008681775,-0.0038111312,-0.959129,0.00061035156,0.99938965,0.0,0.3864946961402893
3727360,1829.888341770358,6.0,71.029785,500.0,48.4467,0.0,0.99938965,1.0,0.024697753,0.5476289,-0.0066570872,0.00074614334,-0.007030159,-0.9685286,0.00061035156,0.99938965,0.0,0.38624468445777893
3735552,1830.3924148301696,6.0,70.868164,500.0,48.36843,0.0,0.99938965,1.0,0.024697753,0.5483532,-0.007545099,0.0009370437,-0.008013621,-0.97765446,0.00061035156,0.99938965,0.0,0.38599467277526855
3743744,1848.0277326748367,6.0,70.68909,500.0,48.45447,0.0,0.99938965,1.0,0.024697753,0.5493952,-0.008868542,0.000903261,-0.009320172,-0.98529994,0.00061035156,0.99938965,0.0,0.3857446610927582
3751936,1835.3475768286567,6.0,70.58313,500.0,48.454426,0.0,0.99938965,1.0,0.02469775,0.54996896,-0.007475446,0.0009368262,-0.007943859,-0.98749435,0.00061035156,0.99938965,0.0,0.3854946494102478
3760128,1838.2611269814222,6.0,70.54077,500.0,48.392406,0.0,0.99938965,1.0,0.02469775,0.5500333,-0.008561455,0.00092543213,-0.00902417,-0.9930444,0.00061035156,0.99938965,0.0,0.3852446377277374
3768320,1838.2517839898605,6.0,70.42615,500.0,48.436855,0.0,0.99938965,1.0,0.02469775,0.5507417,-0.0053800065,0.00078481645,-0.005772415,-1.0002831,0.00061035156,0.99938965,0.0,0.38499462604522705
3776512,1827.4201464500125,6.0,70.25427,500.0,48.335625,0.0,0.99938965,1.0,0.02469775,0.55147105,-0.008909751,0.0008595119,-0.009339507,-1.0081643,0.00061035156,0.99938965,0.0,0.3847446143627167
3784704,1806.770253583398,6.0,70.27551,500.0,48.61471,0.0,0.9992676,1.0,0.02705338,0.55166507,-0.006044632,0.0010444098,-0.0065668365,-1.0123489,0.0007324219,0.9992676,0.0,0.3844946026802063
3792896,1836.2514259915565,6.0,70.286865,500.0,48.592438,0.0,0.9992676,1.0,0.02705338,0.55154306,-0.0064562513,0.0008562732,-0.0068843877,-1.0162585,0.0007324219,0.9992676,0.0,0.3842445909976959
3801088,1814.9967715948096,6.0,70.320435,500.0,48.61715,0.0,0.9992676,1.0,0.02705338,0.5514393,-0.0058435835,0.00088144315,-0.006284306,-1.0229677,0.0007324219,0.9992676,0.0,0.38399457931518555
3809280,1823.9034542584516,6.0,70.33423,500.0,48.607944,0.0,0.9992676,1.0,0.02705338,0.5513479,-0.008480633,0.00075494143,-0.008858104,-1.0239229,0.0007324219,0.9992676,0.0,0.38374456763267517
3817472,1814.2876753485957,6.0,70.286255,500.0,48.652103,0.0,0.9992676,1.0,0.02705338,0.5517023,-0.004958098,0.0008658011,-0.005390998,-1.0303342,0.0007324219,0.9992676,0.0,0.3834945559501648
3825664,1817.762348617625,6.0,70.15332,500.0,48.571423,0.0,0.9992676,1.0,0.02705338,0.5522515,-0.0074587297,0.0008116954,-0.007864578,-1.0402496,0.0007324219,0.9992676,0.0,0.3832445442676544
3833856,1819.3664758841296,6.0,69.98865,500.0,48.50057,0.0,0.9992676,1.0,0.02705338,0.5530021,-0.007760216,0.0009035311,-0.0082119815,-1.0482218,0.0007324219,0.9992676,0.0,0.38299453258514404
3842048,1828.96416592238,6.0,69.79785,500.0,48.449863,0.0,0.9992676,1.0,0.02705338,0.5538844,-0.007208443,0.0008927906,-0.007654838,-1.0549136,0.0007324219,0.9992676,0.0,0.38274452090263367
3850240,1825.0260659367393,6.0,69.70349,500.0,48.338997,0.0,0.9992676,1.0,0.02705338,0.554154,-0.0048902966,0.00085114886,-0.005315871,-1.0621612,0.0007324219,0.9992676,0.0,0.3824945092201233
3858432,1829.117318966313,6.0,69.56824,500.0,48.040974,0.0,0.99938965,1.0,0.02469775,0.55452883,-0.008387046,0.0008206224,-0.008797357,-1.0657752,0.00061035156,0.99938965,0.0,0.3822444975376129
3866624,1836.5439084859665,6.0,69.6261,500.0,47.904556,0.0,0.99938965,1.0,0.02469775,0.55396825,-0.007135164,0.0007845278,-0.0075274277,-1.0680356,0.00061035156,0.99938965,0.0,0.38199448585510254
3874816,1832.7686361611845,6.0,69.45288,500.0,47.89253,0.0,0.99938965,1.0,0.02469775,0.5548383,-0.0077183926,0.0009845335,-0.00821066,-1.0687993,0.00061035156,0.99938965,0.0,0.38174447417259216
3883008,1817.2222450640172,6.0,69.4386,500.0,47.91851,0.0,0.99938965,1.0,0.02469775,0.55496776,-0.00258611,0.00076557975,-0.0029689,-1.0672228,0.00061035156,0.99938965,0.0,0.3814944624900818
3891200,1819.9788999489174,6.0,69.35254,500.0,47.615414,0.0,0.9995117,1.0,0.022091692,0.5550697,-0.0051529882,0.00086892676,-0.0055874516,-1.0675216,0.00048828125,0.9995117,0.0,0.3812444508075714
3899392,1824.2646550332274,6.0,69.27832,500.0,47.531982,0.0,0.9995117,1.0,0.022091692,0.5553085,-0.0064100055,0.0008838013,-0.006851906,-1.0725999,0.00048828125,0.9995117,0.0,0.38099443912506104
3907584,1810.9070968071082,6.0,69.257324,500.0,47.455948,0.0,0.9995117,1.0,0.022091692,0.5552487,-0.007921785,0.000782629,-0.008313099,-1.0824974,0.00048828125,0.9995117,0.0,0.38074442744255066
3915776,1822.799628710501,6.0,69.25696,500.0,47.35853,0.0,0.9995117,1.0,0.022091692,0.5550505,-0.008187988,0.0009468992,-0.008661438,-1.0993623,0.00048828125,0.9995117,0.0,0.3804944157600403
3923968,1807.4077860206464,6.0,69.17554,500.0,47.315235,0.0,0.9995117,1.0,0.022091692,0.55541945,-0.005283898,0.00094548246,-0.00575664,-1.1065648,0.00048828125,0.9995117,0.0,0.3802444040775299
3932160,1831.4451271728722,6.0,68.98999,500.0,47.14961,0.0,0.9995117,1.0,0.022091692,0.556137,-0.0070588747,0.0008746393,-0.0074961944,-1.114089,0.00048828125,0.9995117,0.0,0.37999439239501953
3940352,1815.6409873399823,6.0,68.78247,500.0,47.1098,0.0,0.9995117,1.0,0.022091692,0.55720973,-0.008747701,0.0009485462,-0.009221975,-1.1209576,0.00048828125,0.9995117,0.0,0.37974438071250916
3948544,1824.8685573709372,6.0,68.87952,500.0,47.111336,0.0,0.9995117,1.0,0.022091692,0.5566944,-0.006997311,0.0007346402,-0.0073646307,-1.1348118,0.00048828125,0.9995117,0.0,0.3794943690299988
3956736,1823.407786604898,6.0,68.78735,500.0,47.049774,0.0,0.9995117,1.0,0.022091692,0.55701965,-0.006734117,0.0009323035,-0.007200269,-1.1501787,0.00048828125,0.9995117,0.0,0.3792443573474884
3964928,1826.7909529137326,6.0,68.73865,500.0,46.96379,0.0,0.9995117,1.0,0.022091692,0.5571629,-0.006015616,0.00092700665,-0.0064791194,-1.1579186,0.00048828125,0.9995117,0.0,0.378994345664978
3973120,1808.9371106853139,6.0,68.624756,500.0,46.926018,0.0,0.9995117,1.0,0.022091692,0.55774486,-0.006351204,0.0008351927,-0.0067687994,-1.1694461,0.00048828125,0.9995117,0.0,0.37874433398246765
3981312,1824.6675674659507,6.0,68.62329,500.0,46.880245,0.0,0.9995117,1.0,0.022091692,0.5576927,-0.0068756468,0.0008674986,-0.0073093968,-1.1818238,0.00048828125,0.9995117,0.0,0.3784943222999573
3989504,1824.4179907249197,6.0,68.658936,500.0,46.818836,0.0,0.9995117,1.0,0.022091692,0.5573594,-0.008239355,0.0010077108,-0.008743211,-1.1905738,0.00048828125,0.9995117,0.0,0.3782443106174469
3997696,1822.103072319323,6.0,68.58472,500.0,46.56444,0.0,0.9996338,1.0,0.019133132,0.55751413,-0.0051183705,0.0009874563,-0.0056120986,-1.1966367,0.00036621094,0.9996338,0.0,0.3779942989349365
4005888,1837.6315235145623,6.0,68.48242,500.0,46.344902,0.0,0.9996338,1.0,0.019133132,0.557829,-0.006779612,0.0008129364,-0.0071860803,-1.19841,0.00036621094,0.9996338,0.0,0.37774428725242615
4014080,1819.314455701818,6.0,68.35022,500.0,46.33067,0.0,0.9996338,1.0,0.019133132,0.5585313,-0.007074591,0.00088902767,-0.0075191045,-1.2062837,0.00036621094,0.9996338,0.0,0.37749427556991577
4022272,1850.9070304297682,6.0,68.43445,500.0,46.325912,0.0,0.9996338,1.0,0.019133132,0.5580313,-0.00717008,0.0009143316,-0.007627246,-1.2134585,0.00036621094,0.9996338,0.0,0.3772442638874054
4030464,1832.241465241219,6.0,68.44678,500.0,46.360058,0.0,0.9996338,1.0,0.019133132,0.5580352,-0.004283974,0.0008898027,-0.0047288747,-1.2164366,0.00036621094,0.9996338,0.0,0.376994252204895
4038656,1834.379587278534,6.0,68.384155,500.0,46.28747,0.0,0.9996338,1.0,0.019133132,0.55819935,-0.0048110094,0.000907151,-0.005264586,-1.2195053,0.00036621094,0.9996338,0.0,0.37674424052238464
4046848,1835.8540739226485,6.0,68.229614,500.0,46.1795,0.0,0.9996338,1.0,0.019133132,0.55882955,-0.0112185655,0.00086817646,-0.011652654,-1.2267323,0.00036621094,0.9996338,0.0,0.37649422883987427
4055040,1842.6478497782236,6.0,68.15527,500.0,46.121986,0.0,0.9996338,1.0,0.019133132,0.5591041,-0.006233715,0.0008142779,-0.006640854,-1.2384009,0.00036621094,0.9996338,0.0,0.3762442171573639
4063232,1833.8845722058052,6.0,68.10144,500.0,46.038307,0.0,0.9996338,1.0,0.019133134,0.5592813,-0.0041967486,0.0008444083,-0.004618953,-1.2460485,0.00036621094,0.9996338,0.0,0.3759942054748535
4071424,1814.7743706485157,6.0,68.00281,500.0,45.89121,0.0,0.9996338,1.0,0.019133134,0.55963516,-0.0060095964,0.00093723676,-0.0064782156,-1.2556813,0.00036621094,0.9996338,0.0,0.37574419379234314
4079616,1840.3876010065005,6.0,67.97534,500.0,45.871983,0.0,0.9996338,1.0,0.019133134,0.55976933,-0.0049459497,0.00088979007,-0.0053908452,-1.2638631,0.00036621094,0.9996338,0.0,0.37549418210983276
4087808,1821.3112728947754,6.0,67.72742,500.0,45.802807,0.0,0.9996338,1.0,0.019133134,0.56099695,-0.0069261175,0.0008959957,-0.0073741144,-1.267394,0.00036621094,0.9996338,0.0,0.3752441704273224
4096000,1837.4133668776126,6.0,67.610596,500.0,45.77866,0.0,0.9996338,1.0,0.019133134,0.56157696,-0.00839646,0.0008243122,-0.008808617,-1.2691265,0.00036621094,0.9996338,0.0,0.374994158744812
4104192,1832.5006148203709,6.0,67.49536,500.0,45.634533,0.0,0.9996338,1.0,0.019133134,0.5619231,-0.0068730703,0.0009980254,-0.0073720827,-1.273068,0.00036621094,0.9996338,0.0,0.37474414706230164
4112384,1830.1111485670083,6.0,67.3739,500.0,45.409447,0.0,0.9996338,1.0,0.019133134,0.5622294,-0.009634888,0.00087373884,-0.010071758,-1.2742743,0.00036621094,0.9996338,0.0,0.37449413537979126
4120576,1828.4876375254287,6.0,67.27673,500.0,44.99152,0.0,0.9996338,1.0,0.019133134,0.5623586,-0.0045797937,0.00083590415,-0.004997746,-1.2796217,0.00036621094,0.9996338,0.0,0.3742441236972809
4128768,1827.0127145845697,6.0,67.28003,500.0,44.952538,0.0,0.9996338,1.0,0.019133132,0.56226534,-0.007954745,0.00077968184,-0.008344585,-1.290135,0.00036621094,0.9996338,0.0,0.3739941120147705
4136960,1815.3552202241833,6.0,67.16077,500.0,45.02472,0.0,0.9996338,1.0,0.019133132,0.5630739,-0.01113058,0.00073964306,-0.011500401,-1.3002381,0.00036621094,0.9996338,0.0,0.37374410033226013
4145152,1823.4135925161781,6.0,67.1488,500.0,45.07496,0.0,0.9996338,1.0,0.019133134,0.5632436,-0.007289122,0.00086111063,-0.007719677,-1.3096542,0.00036621094,0.9996338,0.0,0.37349408864974976
4153344,1847.5052584131627,6.0,67.10657,500.0,45.045406,0.0,0.9996338,1.0,0.019133132,0.5634193,-0.006661223,0.0008262715,-0.0070743584,-1.3107373,0.00036621094,0.9996338,0.0,0.3732440769672394
4161536,1829.055100491533,6.0,67.022705,500.0,44.94864,0.0,0.9996338,1.0,0.019133134,0.5636548,-0.0019064057,0.00077221007,-0.0022925104,-1.3191597,0.00036621094,0.9996338,0.0,0.372994065284729
4169728,1819.5692866651564,6.0,66.857056,500.0,44.935753,0.0,0.9995117,1.0,0.022091692,0.5643394,-0.006377044,0.001072677,-0.006913383,-1.335788,0.00048828125,0.9995117,0.0,0.37274405360221863
4177920,1824.2418941933768,6.0,66.82092,500.0,44.907494,0.0,0.9995117,1.0,0.022091692,0.56445,-0.006622389,0.0008784253,-0.0070616016,-1.343988,0.00048828125,0.9995117,0.0,0.37249404191970825
4186112,1830.3527300883034,6.0,66.59277,500.0,44.460655,0.0,0.9996338,1.0,0.019133132,0.5651633,-0.0067303753,0.0009206927,-0.0071907216,-1.3512765,0.00036621094,0.9996338,0.0,0.3722440302371979
4194304,1822.4799934356274,6.0,66.47839,500.0,44.41548,0.0,0.9996338,1.0,0.019133132,0.56570524,-0.00894856,0.0007900301,-0.009343576,-1.3565058,0.00036621094,0.9996338,0.0,0.3719940185546875
4202496,1822.1532228281264,6.0,66.54114,500.0,44.37655,0.0,0.9996338,1.0,0.019133134,0.56527865,-0.009526325,0.0007881541,-0.009920402,-1.3608006,0.00036621094,0.9996338,0.0,0.3717440068721771
4210688,1833.8453231491164,6.0,66.479126,500.0,44.378235,0.0,0.9996338,1.0,0.019133132,0.56561106,-0.0051504523,0.00083694636,-0.0055689258,-1.3671815,0.00036621094,0.9996338,0.0,0.37149399518966675
4218880,1809.9565100380394,6.0,66.564575,500.0,44.479313,0.0,0.9996338,1.0,0.019133134,0.5653428,-0.006070022,0.00085617666,-0.00649811,-1.3773714,0.00036621094,0.9996338,0.0,0.37124398350715637
4227072,1814.7804092646195,6.0,66.53186,500.0,44.43666,0.0,0.9996338,1.0,0.019133132,0.5654539,-0.0063589606,0.00076455425,-0.0067412383,-1.3865188,0.00036621094,0.9996338,0.0,0.370993971824646
4235264,1825.7912172716062,6.0,66.44849,500.0,44.418358,0.0,0.9996338,1.0,0.019133132,0.56587803,-0.00088612584,0.0008598947,-0.0013160731,-1.3924783,0.00036621094,0.9996338,0.0,0.3707439601421356
4243456,1821.4003859744316,6.0,66.3468,500.0,44.088818,0.0,0.99975586,1.0,0.015623093,0.5660976,-0.0070623965,0.0009024299,-0.0075136116,-1.395412,0.00024414062,0.99975586,0.0,0.37049394845962524
4251648,1823.3225407312184,6.0,66.39563,500.0,44.11389,0.0,0.99975586,1.0,0.015623093,0.565837,-0.006769564,0.00080139784,-0.007170262,-1.3983796,0.00024414062,0.99975586,0.0,0.37024393677711487
4259840,1829.896430481833,6.0,66.35437,500.0,44.106983,0.0,0.99975586,1.0,0.015623093,0.56604683,-0.00686391,0.0007498988,-0.0072388584,-1.4021521,0.00024414062,0.99975586,0.0,0.3699939250946045
4268032,1827.217719594714,6.0,66.337036,500.0,44.12915,0.0,0.99975586,1.0,0.015623093,0.5661888,-0.006398557,0.0008413902,-0.0068192524,-1.4093634,0.00024414062,0.99975586,0.0,0.3697439134120941
4276224,1834.1111925032324,6.0,66.31055,500.0,44.06906,0.0,0.99975586,1.0,0.015623093,0.56621087,-0.0094244145,0.00083421567,-0.009841522,-1.4128821,0.00024414062,0.99975586,0.0,0.36949390172958374
4284416,1825.9811012705545,6.0,66.29956,500.0,43.871902,0.0,0.99975586,1.0,0.015623093,0.5660093,-0.0074747256,0.00081469445,-0.007882072,-1.4199762,0.00024414062,0.99975586,0.0,0.36924389004707336
4292608,1817.9393124274716,6.0,66.267456,500.0,43.824085,0.0,0.99975586,1.0,0.015623093,0.5660924,-0.0049989102,0.0009435224,-0.005470671,-1.4255278,0.00024414062,0.99975586,0.0,0.368993878364563
4300800,1823.6104347826088,6.0,66.25,500.0,43.784462,0.0,0.99975586,1.0,0.015623093,0.56615615,-0.004611868,0.0008588458,-0.005041291,-1.4244453,0.00024414062,0.99975586,0.0,0.3687438666820526
4308992,1821.5096893284483,6.0,66.16748,500.0,43.730896,0.0,0.99975586,1.0,0.015623093,0.5664889,-0.008712759,0.00084051146,-0.009133016,-1.4283062,0.00024414062,0.99975586,0.0,0.36849385499954224
4317184,1815.4845189402288,6.0,66.28821,500.0,43.747627,0.0,0.99975586,1.0,0.015623093,0.56587887,-0.004830148,0.0007942491,-0.005227273,-1.4355927,0.00024414062,0.99975586,0.0,0.36824384331703186
4325376,1827.0657588625993,6.0,66.37952,500.0,43.643227,0.0,0.99975586,1.0,0.015623093,0.5651994,-0.005567288,0.000821094,-0.0059778355,-1.4416578,0.00024414062,0.99975586,0.0,0.3679938316345215
4333568,1823.9839131462784,6.0,66.22217,500.0,43.388058,0.0,0.9998779,1.0,0.011047868,0.5658798,-0.0071679363,0.0008317242,-0.0075837984,-1.4467875,0.00012207031,0.9998779,0.0,0.3677438199520111
4341760,1817.748500729618,6.0,66.17871,500.0,43.348408,0.0,0.9998779,1.0,0.011047868,0.5660459,-0.0073259114,0.0008126279,-0.0077322256,-1.4523578,0.00012207031,0.9998779,0.0,0.36749380826950073
4349952,1828.0010485017167,6.0,66.21838,500.0,43.35162,0.0,0.9998779,1.0,0.011047868,0.5658506,-0.008500855,0.0007389406,-0.008870325,-1.4601977,0.00012207031,0.9998779,0.0,0.36724379658699036
4358144,1820.6661149518839,6.0,66.16382,500.0,43.236,0.0,0.9998779,1.0,0.011047868,0.56593513,-0.0065693245,0.00087125984,-0.007004955,-1.4686096,0.00012207031,0.9998779,0.0,0.36699378490448
4366336,1832.329599142318,6.0,65.92786,500.0,43.18092,0.0,0.9998779,1.0,0.011047868,0.56714565,-0.008251466,0.00088761386,-0.008695272,-1.4775562,0.00012207031,0.9998779,0.0,0.3667437732219696
4374528,1830.3364471663183,6.0,65.90271,500.0,43.16924,0.0,0.9998779,1.0,0.011047868,0.56724143,-0.008707819,0.0009208634,-0.0091682505,-1.4859347,0.00012207031,0.9998779,0.0,0.36649376153945923
4382720,1828.9390485452345,6.0,65.88342,500.0,43.137707,0.0,0.9998779,1.0,0.011047868,0.56729627,-0.0052643325,0.0008761939,-0.0057024304,-1.4950109,0.00012207031,0.9998779,0.0,0.36624374985694885
4390912,1821.653097456797,6.0,65.872925,500.0,43.181396,0.0,0.9998779,1.0,0.011047868,0.5674466,-0.004869166,0.000718353,-0.0052283425,-1.5008541,0.00012207031,0.9998779,0.0,0.3659937381744385
4399104,1828.3530749078127,6.0,65.66382,500.0,43.157707,0.0,0.9998779,1.0,0.011047868,0.56854814,-0.006556912,0.00082225975,-0.0069680414,-1.5049396,0.00012207031,0.9998779,0.0,0.3657437264919281
4407296,1823.0096860595308,6.0,65.70984,500.0,43.152554,0.0,0.9998779,1.0,0.011047868,0.568274,-0.0056694094,0.0008088703,-0.006073844,-1.5150447,0.00012207031,0.9998779,0.0,0.3654937148094177
4415488,1810.3606616802688,6.0,65.90906,500.0,43.184917,0.0,0.9998779,1.0,0.011047868,0.5672697,-0.0086082835,0.00079540286,-0.009005984,-1.518282,0.00012207031,0.9998779,0.0,0.36524370312690735
4423680,1846.723093265386,6.0,65.74939,500.0,43.125923,0.0,0.9998779,1.0,0.011047868,0.56802946,-0.0075653605,0.0008410687,-0.0079858955,-1.520938,0.00012207031,0.9998779,0.0,0.364993691444397
4431872,1824.7691228869214,6.0,65.61243,500.0,43.027447,0.0,0.9998779,1.0,0.011047868,0.56860405,-0.00838608,0.0009511252,-0.008861642,-1.5266362,0.00012207031,0.9998779,0.0,0.3647436797618866
4440064,1834.964237043724,6.0,65.44165,500.0,43.00745,0.0,0.9998779,1.0,0.011047868,0.5695176,-0.0044283653,0.0007932198,-0.0048249755,-1.5407627,0.00012207031,0.9998779,0.0,0.3644936680793762
4448256,1828.6470366618316,6.0,65.21301,500.0,43.006805,0.0,0.9998779,1.0,0.011047868,0.57078856,-0.006720059,0.0007795552,-0.007109837,-1.5473182,0.00012207031,0.9998779,0.0,0.36424365639686584
4456448,1828.7510795355236,6.0,65.27673,500.0,43.046432,0.0,0.9998779,1.0,0.011047868,0.5705131,-0.0023751857,0.0008113806,-0.0027808757,-1.5473659,0.00012207031,0.9998779,0.0,0.36399364471435547
4464640,1826.7388957779042,6.0,65.33252,500.0,43.05785,0.0,0.9998779,1.0,0.011047868,0.570232,-0.0014891692,0.0008264161,-0.0019023772,-1.5544459,0.00012207031,0.9998779,0.0,0.3637436330318451
4472832,1824.7190220918544,6.0,65.43359,500.0,43.33325,0.0,0.99975586,1.0,0.015623093,0.5698704,-0.0075437864,0.0010885713,-0.008088073,-1.5615977,0.00024414062,0.99975586,0.0,0.3634936213493347
4481024,1826.4871986512385,6.0,65.295044,500.0,43.31,0.0,0.99975586,1.0,0.015623093,0.57058454,-0.0029647276,0.0008152619,-0.0033723589,-1.5667188,0.00024414062,0.99975586,0.0,0.36324360966682434
4489216,1830.2720983334489,6.0,65.31494,500.0,43.519894,0.0,0.9996338,1.0,0.019133134,0.5706072,0.00029264,0.0010511287,-0.00023292413,-1.5718166,0.00036621094,0.9996338,0.0,0.36299359798431396
4497408,1815.9879809854674,6.0,65.300415,500.0,43.56858,0.0,0.9996338,1.0,0.019133132,0.57077336,-0.0012045836,0.0008963115,-0.0016527396,-1.5732199,0.00036621094,0.9996338,0.0,0.3627435863018036
4505600,1821.8292741031412,6.0,65.28223,500.0,43.42488,0.0,0.9996338,1.0,0.019133132,0.5706058,-0.0065069967,0.0008737652,-0.0069438787,-1.5766903,0.00036621094,0.9996338,0.0,0.3624935746192932
4513792,1825.7913142896252,6.0,65.23804,500.0,43.411957,0.0,0.9996338,1.0,0.019133132,0.5708181,-0.0031484314,0.00086550164,-0.0035811826,-1.5832554,0.00036621094,0.9996338,0.0,0.36224356293678284
4521984,1827.3612504777182,6.0,65.05725,500.0,43.36722,0.0,0.9996338,1.0,0.019133132,0.5717714,-0.007815328,0.00080017047,-0.008215414,-1.5958266,0.00036621094,0.9996338,0.0,0.36199355125427246
4530176,1830.7094670191927,6.0,65.14075,500.0,43.401844,0.0,0.9996338,1.0,0.019133132,0.5713732,-0.0037730774,0.0007559565,-0.0041510556,-1.6062254,0.00036621094,0.9996338,0.0,0.3617435395717621
4538368,1821.7638800006234,6.0,65.14917,500.0,43.49058,0.0,0.9996338,1.0,0.019133132,0.57148737,-0.0050833244,0.0008217246,-0.0054941876,-1.6132379,0.00036621094,0.9996338,0.0,0.3614935278892517
4546560,1835.0334243522539,6.0,65.22742,500.0,43.569515,0.0,0.9996338,1.0,0.019133132,0.5711161,-0.005245894,0.00092898915,-0.005710389,-1.6174314,0.00036621094,0.9996338,0.0,0.36124351620674133
4554752,1824.5455802409767,6.0,65.109985,500.0,43.476456,0.0,0.9996338,1.0,0.019133132,0.5716168,-0.008328904,0.0008750228,-0.008766416,-1.6191351,0.00036621094,0.9996338,0.0,0.36099350452423096
4562944,1833.9800102129338,6.0,65.04065,500.0,43.41858,0.0,0.9996338,1.0,0.019133132,0.5718831,-0.005970739,0.00076761394,-0.0063545457,-1.6203722,0.00036621094,0.9996338,0.0,0.3607434928417206
4571136,1832.6535787393925,6.0,64.96326,500.0,43.498413,0.0,0.9996338,1.0,0.019133132,0.5723951,-0.0041675363,0.00084467727,-0.004589875,-1.6218413,0.00036621094,0.9996338,0.0,0.3604934811592102
4579328,1827.8195924069582,6.0,65.01367,500.0,43.48243,0.0,0.9996338,1.0,0.019133132,0.57207465,-0.0072815428,0.0007991483,-0.0076811174,-1.6224308,0.00036621094,0.9996338,0.0,0.36024346947669983
4587520,1830.0456459255477,6.0,65.08057,500.0,43.52898,0.0,0.9996338,1.0,0.019133134,0.5717869,-0.003619635,0.0007936986,-0.0040164846,-1.6286299,0.00036621094,0.9996338,0.0,0.35999345779418945
4595712,1829.4755226450968,6.0,65.134766,500.0,43.595104,0.0,0.9996338,1.0,0.019133134,0.57160616,-0.0055091223,0.0007656621,-0.0058919536,-1.638161,0.00036621094,0.9996338,0.0,0.3597434461116791
4603904,1825.0977049805892,6.0,64.951904,500.0,43.544178,0.0,0.9996338,1.0,0.019133132,0.57252204,-0.0039675254,0.0008637329,-0.0043993923,-1.6499637,0.00036621094,0.9996338,0.0,0.3594934344291687
4612096,1833.4575231721233,6.0,64.8053,500.0,43.440914,0.0,0.9996338,1.0,0.019133132,0.57313216,-0.0031834287,0.00090010825,-0.0036334828,-1.6540064,0.00036621094,0.9996338,0.0,0.3592434227466583
4620288,1834.2455269505622,6.0,64.85962,500.0,43.376484,0.0,0.9996338,1.0,0.019133132,0.57270896,-0.0074915485,0.00084711896,-0.007915108,-1.6475776,0.00036621094,0.9996338,0.0,0.35899341106414795
4628480,1831.1812988279871,6.0,64.82739,500.0,43.458755,0.0,0.9996338,1.0,0.019133132,0.57302177,-0.005840881,0.000853258,-0.00626751,-1.6477715,0.00036621094,0.9996338,0.0,0.3587433993816376
4636672,1828.391797333465,6.0,64.91797,500.0,43.520996,0.0,0.9996338,1.0,0.019133132,0.5726204,-0.004529815,0.000796087,-0.0049278596,-1.6552706,0.00036621094,0.9996338,0.0,0.3584933876991272
4644864,1831.8790524101603,6.0,64.88281,500.0,43.60931,0.0,0.9996338,1.0,0.019133132,0.5729772,-0.008342101,0.00094205444,-0.008813129,-1.66478,0.00036621094,0.9996338,0.0,0.3582433760166168
4653056,1833.604873711904,6.0,64.94214,500.0,43.71768,0.0,0.9996338,1.0,0.019133134,0.5728202,-0.007655477,0.0009127749,-0.008111865,-1.6721547,0.00036621094,0.9996338,0.0,0.35799336433410645
4661248,1827.3659153667859,6.0,64.9303,500.0,43.718735,0.0,0.9996338,1.0,0.019133134,0.5728824,-0.0072288075,0.0008138517,-0.0076357336,-1.6774299,0.00036621094,0.9996338,0.0,0.35774335265159607
4669440,1831.8561011695551,6.0,64.86926,500.0,43.601524,0.0,0.9996338,1.0,0.019133134,0.5729931,-0.0040604062,0.0007637602,-0.0044422867,-1.6830521,0.00036621094,0.9996338,0.0,0.3574933409690857
4677632,1825.3303040552762,6.0,64.886475,500.0,43.61516,0.0,0.9996338,1.0,0.019133134,0.5729443,-0.008716866,0.00069932203,-0.009066528,-1.6859121,0.00036621094,0.9996338,0.0,0.3572433292865753
4685824,1818.265535466873,6.0,64.95874,500.0,43.63139,0.0,0.9996338,1.0,0.019133132,0.5725844,-0.007455053,0.00079765014,-0.007853878,-1.6892935,0.00036621094,0.9996338,0.0,0.35699331760406494
4694016,1832.1734652764226,6.0,64.871826,500.0,43.59019,0.0,0.9996338,1.0,0.019133132,0.573017,-0.004931405,0.00081827905,-0.0053405445,-1.6924348,0.00036621094,0.9996338,0.0,0.35674330592155457
4702208,1822.2397123681963,6.0,64.961426,500.0,43.388485,0.0,0.99975586,1.0,0.015623093,0.572434,-0.0043934477,0.00078321557,-0.0047850558,-1.6927581,0.00024414062,0.99975586,0.0,0.3564932942390442
4710400,1809.8675598785758,6.0,64.79724,500.0,43.377983,0.0,0.99975586,1.0,0.015623093,0.5733854,-0.004965584,0.000814341,-0.0053727543,-1.694858,0.00024414062,0.99975586,0.0,0.3562432825565338
4718592,1537.6001301689557,6.0,64.777954,500.0,43.381626,0.0,0.99975586,1.0,0.015623093,0.5735266,-0.0051303427,0.0007513351,-0.00550601,-1.7015126,0.00024414062,0.99975586,0.0,0.35599327087402344
4726784,1766.9140040108637,6.0,64.71118,500.0,43.3589,0.0,0.99975586,1.0,0.015623093,0.57385397,-0.0059878454,0.00078642025,-0.0063810553,-1.7027124,0.00024414062,0.99975586,0.0,0.35574325919151306
4734976,1753.5054871717798,6.0,64.74109,500.0,43.337852,0.0,0.99975586,1.0,0.015623093,0.5736747,-0.0015921025,0.0008440719,-0.002014139,-1.6979117,0.00024414062,0.99975586,0.0,0.3554932475090027
4743168,1830.4310286631912,6.0,64.6781,500.0,43.307034,0.0,0.99975586,1.0,0.015623093,0.57397103,-0.0035937475,0.00079376786,-0.0039906316,-1.7058887,0.00024414062,0.99975586,0.0,0.3552432358264923
4751360,303.65300589203554,6.0,64.57239,500.0,43.207912,0.0,0.99975586,1.0,0.015623093,0.5743611,-0.006419024,0.00082653714,-0.0068322932,-1.7157679,0.00024414062,0.99975586,0.0,0.35499322414398193
4759552,1778.8430053998857,6.0,64.583374,500.0,43.226654,0.0,0.99975586,1.0,0.015623093,0.57432884,-0.005232672,0.0009586994,-0.005712022,-1.7188921,0.00024414062,0.99975586,0.0,0.35474321246147156
4767744,1859.7984067100479,6.0,64.4928,500.0,43.229805,0.0,0.99975586,1.0,0.015623093,0.57482016,-0.0067116544,0.00085375994,-0.007138535,-1.7249936,0.00024414062,0.99975586,0.0,0.3544932007789612
4775936,1858.4419186774023,6.0,64.505005,500.0,43.11988,0.0,0.99975586,1.0,0.015623093,0.5745478,-0.00501356,0.00083414634,-0.005430633,-1.7337002,0.00024414062,0.99975586,0.0,0.3542431890964508
4784128,1845.6753535467478,6.0,64.52832,500.0,43.37263,0.0,0.9996338,1.0,0.019133134,0.57465756,-0.002254848,0.0008901007,-0.0026998986,-1.7405299,0.00036621094,0.9996338,0.0,0.35399317741394043
4792320,1847.8078957819807,6.0,64.46423,500.0,43.30228,0.0,0.9996338,1.0,0.019133134,0.57489234,-0.006758823,0.00079685036,-0.007157249,-1.7473435,0.00036621094,0.9996338,0.0,0.35374316573143005
4800512,1855.5947643962659,6.0,64.62439,500.0,43.378696,0.0,0.9996338,1.0,0.019133134,0.5741397,-0.009196304,0.0007449868,-0.009568797,-1.7490971,0.00036621094,0.9996338,0.0,0.3534931540489197
4808704,1849.5118063376299,6.0,64.56775,500.0,43.357075,0.0,0.9996338,1.0,0.019133134,0.5743771,-0.003806953,0.0008092474,-0.0042115767,-1.7539577,0.00036621094,0.9996338,0.0,0.3532431423664093
4816896,1845.1586672933952,6.0,64.543945,500.0,43.342564,0.0,0.9996338,1.0,0.019133134,0.5744947,-0.0053005363,0.00078123756,-0.005691155,-1.7549617,0.00036621094,0.9996338,0.0,0.3529931306838989
4825088,1854.0721025855762,6.0,64.572754,500.0,43.366066,0.0,0.9996338,1.0,0.019133134,0.574353,-0.0077816797,0.00082043535,-0.008191898,-1.7513256,0.00036621094,0.9996338,0.0,0.35274311900138855
4833280,1853.1055539333868,6.0,64.628174,500.0,43.444225,0.0,0.9996338,1.0,0.019133134,0.5741942,-0.0070981677,0.0008059563,-0.0075011454,-1.7513171,0.00036621094,0.9996338,0.0,0.3524931073188782
4841472,1854.4129247736234,6.0,64.769775,500.0,43.726204,0.0,0.9995117,1.0,0.022091692,0.57365656,-0.0023973526,0.00096254447,-0.0028786245,-1.7614311,0.00048828125,0.9995117,0.0,0.3522430956363678
4849664,1832.3630179824654,6.0,64.66504,500.0,43.95248,0.0,0.99938965,1.0,0.024697753,0.5744004,-0.008376353,0.0008994733,-0.008826089,-1.7684046,0.00061035156,0.99938965,0.0,0.3519930839538574
4857856,1844.646528620988,6.0,64.686646,500.0,44.050064,0.0,0.99938965,1.0,0.024697753,0.57443,-0.0051157624,0.00091253704,-0.005572031,-1.7723396,0.00061035156,0.99938965,0.0,0.35174307227134705
4866048,1844.2709759241366,6.0,64.605835,500.0,44.007126,0.0,0.99938965,1.0,0.024697753,0.5747907,-0.004276054,0.00093481055,-0.0047434587,-1.780951,0.00061035156,0.99938965,0.0,0.35149306058883667
4874240,1839.7394001076009,6.0,64.5166,500.0,44.44445,0.0,0.9991455,1.0,0.029219205,0.5755645,-0.0038631829,0.0010114864,-0.0043689264,-1.7902792,0.0008544922,0.9991455,0.0,0.3512430489063263
4882432,1832.3166032559063,6.0,64.59827,500.0,44.492077,0.0,0.9991455,1.0,0.029219205,0.57519704,-0.0041505634,0.00094180484,-0.0046214657,-1.7933118,0.0008544922,0.9991455,0.0,0.3509930372238159
4890624,1835.8763407115357,6.0,64.73486,500.0,45.041283,0.0,0.99890137,1.0,0.033127416,0.5749231,-0.0062936805,0.0010131748,-0.006800268,-1.7935936,0.0010986328,0.99890137,0.0,0.35074302554130554
4898816,1832.0200930839649,6.0,64.83569,500.0,45.04309,0.0,0.99890137,1.0,0.033127416,0.574364,-0.0046956353,0.0009826238,-0.0051869475,-1.793505,0.0010986328,0.99890137,0.0,0.35049301385879517
4907008,1855.2071281099388,6.0,64.886475,500.0,45.08348,0.0,0.99890137,1.0,0.033127416,0.5741677,-0.007314071,0.0008639698,-0.0077460557,-1.7939585,0.0010986328,0.99890137,0.0,0.3502430021762848
4915200,1835.3945374054758,6.0,64.946655,500.0,45.081863,0.0,0.99890137,1.0,0.033127416,0.57382476,-0.006414444,0.0008809103,-0.006854899,-1.806144,0.0010986328,0.99890137,0.0,0.3499929904937744
4923392,1830.8584248636305,6.0,64.95923,500.0,45.390038,0.0,0.9987793,1.0,0.03491723,0.574086,-0.003191757,0.0010719072,-0.0037277106,-1.811975,0.0012207031,0.9987793,0.0,0.34974297881126404
4931584,1849.219956270674,6.0,65.07739,500.0,45.38553,0.0,0.9987793,1.0,0.03491723,0.57340646,-0.0068631954,0.0008424106,-0.0072844015,-1.8131529,0.0012207031,0.9987793,0.0,0.34949296712875366
4939776,1827.5684722677138,6.0,65.07153,500.0,45.465908,0.0,0.9987793,1.0,0.03491723,0.5735556,-0.0042648856,0.00093279104,-0.004731282,-1.8203557,0.0012207031,0.9987793,0.0,0.3492429554462433
4947968,1827.95310402739,6.0,64.97461,500.0,45.64127,0.0,0.9986572,1.0,0.03661926,0.5741581,-0.005110267,0.00092993525,-0.005575235,-1.8340611,0.0013427734,0.9986572,0.0,0.3489929437637329
4956160,1835.6942005084848,6.0,65.12866,500.0,45.719395,0.0,0.9986572,1.0,0.03661926,0.5734527,-0.0026951642,0.0008431119,-0.0031167208,-1.8373243,0.0013427734,0.9986572,0.0,0.34874293208122253
4964352,1851.9867731779177,6.0,65.11633,500.0,45.877113,0.0,0.99853516,1.0,0.038245235,0.5735675,-0.0043967855,0.00097122265,-0.004882396,-1.8414052,0.0014648438,0.99853516,0.0,0.34849292039871216
4972544,1850.7619702146787,6.0,65.13672,500.0,45.911205,0.0,0.99853516,1.0,0.038245235,0.5735466,-0.0032753565,0.000933649,-0.0037421803,-1.8473908,0.0014648438,0.99853516,0.0,0.3482429087162018
4980736,1847.3200090151624,6.0,65.10486,500.0,45.775158,0.0,0.99853516,1.0,0.038245235,0.5734428,-0.005396547,0.00096687704,-0.005879985,-1.8513215,0.0014648438,0.99853516,0.0,0.3479928970336914
4988928,1838.6451569230842,6.0,65.151855,500.0,45.853306,0.0,0.99853516,1.0,0.038245235,0.5732775,-0.0047468795,0.0007530871,-0.0051234225,-1.8579028,0.0014648438,0.99853516,0.0,0.34774288535118103
4997120,1848.2413584914104,6.0,65.05786,500.0,45.769352,0.0,0.99853516,1.0,0.038245235,0.573617,-0.007088222,0.0007364181,-0.007456431,-1.8659267,0.0014648438,0.99853516,0.0,0.34749287366867065
5005312,1845.1743232049355,6.0,64.948975,500.0,45.49323,0.0,0.9986572,1.0,0.03661926,0.57397985,-0.0047274856,0.00079245155,-0.005123711,-1.8772869,0.0013427734,0.9986572,0.0,0.3472428619861603
5013504,1846.343222127743,6.0,64.89929,500.0,45.53144,0.0,0.9986572,1.0,0.03661926,0.5743021,-0.008987505,0.0009025801,-0.009438794,-1.8865988,0.0013427734,0.9986572,0.0,0.3469928503036499
5021696,1852.4473662106068,6.0,64.80554,500.0,45.310997,0.0,0.9987793,1.0,0.03491723,0.5746689,-0.004924763,0.000898352,-0.005373939,-1.888979,0.0012207031,0.9987793,0.0,0.3467428386211395
5029888,1845.1596581659971,6.0,64.86572,500.0,45.521545,0.0,0.9986572,1.0,0.03661926,0.5744373,0.0076867295,0.0009419115,0.0072157728,-1.8891627,0.0013427734,0.9986572,0.0,0.34649282693862915
5038080,1841.836419665731,6.0,64.81116,500.0,45.785797,0.0,0.99853516,1.0,0.038245235,0.5749793,-0.0061953356,0.0009723036,-0.006681488,-1.8885767,0.0014648438,0.99853516,0.0,0.3462428152561188
5046272,1846.4402589808024,6.0,64.817505,500.0,45.86372,0.0,0.99853516,1.0,0.038245235,0.574999,0.00046622206,0.0010325108,-5.0032977e-05,-1.8907791,0.0014648438,0.99853516,0.0,0.3459928035736084
5054464,1838.1780268645666,6.0,64.93652,500.0,45.90545,0.0,0.99853516,1.0,0.038245235,0.57439727,-0.007952074,0.00080866937,-0.008356408,-1.8919604,0.0014648438,0.99853516,0.0,0.345742791891098
5062656,1836.5881815719636,6.0,64.91687,500.0,46.119484,0.0,0.9984131,1.0,0.039804466,0.5746492,-0.007420259,0.0009831701,-0.007911844,-1.8952439,0.0015869141,0.9984131,0.0,0.34549278020858765
5070848,1844.3380948679774,6.0,64.77869,500.0,45.90558,0.0,0.9984131,1.0,0.039804466,0.5750774,-0.008569919,0.0008116086,-0.008975724,-1.9005133,0.0015869141,0.9984131,0.0,0.34524276852607727
5079040,1837.2949747140087,6.0,64.86206,500.0,46.234386,0.0,0.998291,1.0,0.041304525,0.57500494,-0.0028572548,0.0009671262,-0.0033408185,-1.8992264,0.0017089844,0.998291,0.0,0.3449927568435669
5087232,1844.961009491312,6.0,64.887695,500.0,46.199814,0.0,0.998291,1.0,0.041304525,0.57481503,-0.004017287,0.00085439987,-0.0044444865,-1.8945619,0.0017089844,0.998291,0.0,0.3447427451610565
5095424,1838.6078682955986,6.0,64.92554,500.0,46.34196,0.0,0.998291,1.0,0.041304525,0.57485616,-0.004299504,0.0008364277,-0.004717718,-1.8964913,0.0017089844,0.998291,0.0,0.34449273347854614
5103616,1841.9872925496943,6.0,65.044556,500.0,46.405254,0.0,0.998291,1.0,0.041304525,0.57431036,-0.006651275,0.00087781495,-0.007090183,-1.9059587,0.0017089844,0.998291,0.0,0.34424272179603577
5111808,1854.9765668678795,6.0,65.08484,500.0,46.445675,0.0,0.998291,1.0,0.041304525,0.5741645,-0.006245861,0.001002755,-0.0067472374,-1.9114225,0.0017089844,0.998291,0.0,0.3439927101135254
5120000,1836.915731276856,6.0,65.0387,500.0,46.425068,0.0,0.998291,1.0,0.041304525,0.5744053,-0.006231186,0.0009355036,-0.006698938,-1.9053575,0.0017089844,0.998291,0.0,0.343742698431015
5128192,1829.3283480384378,6.0,64.99585,500.0,46.45619,0.0,0.998291,1.0,0.041304525,0.5747167,-0.0040945094,0.00089176657,-0.004540393,-1.9024359,0.0017089844,0.998291,0.0,0.34349268674850464
5136384,1832.558376468918,6.0,65.12683,500.0,46.51881,0.0,0.998291,1.0,0.041304525,0.574008,-0.010042288,0.00091501954,-0.010499798,-1.9087484,0.0017089844,0.998291,0.0,0.34324267506599426
5144576,1840.3988386759227,6.0,65.1687,500.0,46.637035,0.0,0.998291,1.0,0.041304525,0.5740442,-0.010202449,0.0008841876,-0.010644542,-1.9157393,0.0017089844,0.998291,0.0,0.3429926633834839
5152768,1857.8578858746412,6.0,65.066895,500.0,46.544403,0.0,0.998291,1.0,0.041304525,0.5744111,-0.010717021,0.0008955836,-0.011164812,-1.9235939,0.0017089844,0.998291,0.0,0.3427426517009735
5160960,1838.4068899477704,6.0,65.14636,500.0,46.547184,0.0,0.998291,1.0,0.041304525,0.5739474,-0.0041732094,0.0008209836,-0.0045837024,-1.9274237,0.0017089844,0.998291,0.0,0.34249264001846313
5169152,1839.581114553719,6.0,65.21387,500.0,46.592007,0.0,0.998291,1.0,0.041304525,0.5736402,-0.0010554099,0.0008325705,-0.0014716953,-1.9363891,0.0017089844,0.998291,0.0,0.34224262833595276
5177344,1838.2441129730519,6.0,65.1814,500.0,46.780064,0.0,0.99816895,1.0,0.04275163,0.573955,-0.002286858,0.0010817477,-0.0028277321,-1.9366701,0.0018310547,0.99816895,0.0,0.3419926166534424
5185536,1833.024316725114,6.0,65.24011,500.0,47.13487,0.0,0.9980469,1.0,0.044150993,0.5739842,-0.0030067102,0.00087515276,-0.003444286,-1.9344509,0.001953125,0.9980469,0.0,0.341742604970932
5193728,1831.8041455920065,6.0,65.236694,500.0,47.153435,0.0,0.9980469,1.0,0.044150993,0.57403785,-0.007685064,0.00086526875,-0.008117698,-1.940107,0.001953125,0.9980469,0.0,0.34149259328842163
5201920,1837.7630321309853,6.0,65.291016,500.0,47.179092,0.0,0.9980469,1.0,0.044150993,0.5737892,-0.007959674,0.0008560795,-0.008387714,-1.943545,0.001953125,0.9980469,0.0,0.34124258160591125
5210112,1838.9488351406744,6.0,65.130615,500.0,47.110462,0.0,0.9980469,1.0,0.044150993,0.5745317,-0.008277305,0.00093158294,-0.008743096,-1.953414,0.001953125,0.9980469,0.0,0.3409925699234009
5218304,1851.9719996518093,6.0,64.87036,500.0,47.14179,0.0,0.9980469,1.0,0.044150993,0.57599103,-0.0070968526,0.00088266295,-0.0075381845,-1.9539936,0.001953125,0.9980469,0.0,0.3407425582408905
5226496,1837.5166408827677,6.0,64.81787,500.0,47.12873,0.0,0.9980469,1.0,0.044150993,0.5762398,-0.007950451,0.0007782563,-0.008339579,-1.9509026,0.001953125,0.9980469,0.0,0.3404925465583801
5234688,1826.8217418325,6.0,64.86926,500.0,47.137363,0.0,0.9980469,1.0,0.044150993,0.5759635,-0.006042487,0.0009019408,-0.0064934576,-1.9511601,0.001953125,0.9980469,0.0,0.34024253487586975
5242880,1832.1598854283473,6.0,64.944824,500.0,47.093853,0.0,0.9980469,1.0,0.044150993,0.57543725,-0.004638856,0.00078519154,-0.005031452,-1.9539696,0.001953125,0.9980469,0.0,0.3399925231933594
5251072,1847.6579556853396,6.0,65.086914,500.0,47.341114,0.0,0.9979248,1.0,0.045507014,0.57487786,-0.0048050806,0.0009246244,-0.0052673924,-1.9575075,0.0020751953,0.9979248,0.0,0.339742511510849
5259264,1854.6230241110925,6.0,65.22827,500.0,47.92854,0.0,0.99768066,1.0,0.0481036,0.5747051,-0.00066984707,0.0010722486,-0.0012059719,-1.9623324,0.002319336,0.99768066,0.0,0.3394924998283386
5267456,1847.7403253306102,6.0,65.23901,500.0,48.090256,0.0,0.9975586,1.0,0.049350236,0.57470775,-0.0031390819,0.00093726965,-0.0036077164,-1.9636992,0.0024414062,0.9975586,0.0,0.33924248814582825
5275648,1838.7067504222878,6.0,65.20337,500.0,48.069775,0.0,0.9975586,1.0,0.049350236,0.57483625,-0.006272143,0.0009118581,-0.0067280717,-1.9640306,0.0024414062,0.9975586,0.0,0.33899247646331787
5283840,1835.2382728930359,6.0,65.10156,500.0,48.08149,0.0,0.9975586,1.0,0.049350236,0.5754466,-0.0054006353,0.00076224137,-0.005781756,-1.9670095,0.0024414062,0.9975586,0.0,0.3387424647808075
5292032,1836.7778633866283,6.0,65.12512,500.0,48.027454,0.0,0.9975586,1.0,0.049350236,0.5752049,-0.004929985,0.00080863014,-0.0053343,-1.9690738,0.0024414062,0.9975586,0.0,0.3384924530982971
5300224,1835.9561916998653,6.0,65.29053,500.0,48.297127,0.0,0.9974365,1.0,0.050565846,0.5745884,-0.00916025,0.0009950694,-0.009657785,-1.9727832,0.0025634766,0.9974365,0.0,0.33824244141578674
5308416,1847.7046541001716,6.0,65.21362,500.0,48.264435,0.0,0.9974365,1.0,0.050565846,0.5749741,-0.0058962405,0.0009447535,-0.006368617,-1.9731364,0.0025634766,0.9974365,0.0,0.33799242973327637
5316608,1851.5131395117692,6.0,65.30176,500.0,48.345512,0.0,0.9974365,1.0,0.050565846,0.5745971,-0.0029917527,0.0007756167,-0.0033795612,-1.9769765,0.0025634766,0.9974365,0.0,0.337742418050766
5324800,1844.0295663089582,6.0,65.34497,500.0,48.127647,0.0,0.9975586,1.0,0.049350236,0.5741662,-0.0043262453,0.0009155869,-0.004784039,-1.9822397,0.0024414062,0.9975586,0.0,0.3374924063682556
5332992,1832.3010670621964,6.0,65.23828,500.0,48.138695,0.0,0.9975586,1.0,0.049350236,0.5747427,0.003135837,0.0009209082,0.0026753824,-1.9856094,0.0024414062,0.9975586,0.0,0.33724239468574524
5341184,1851.3034449,6.0,65.21155,500.0,48.33772,0.0,0.9975586,1.0,0.049350236,0.57513165,-0.0042492086,0.000854215,-0.004676316,-1.9798717,0.0024414062,0.9975586,0.0,0.33699238300323486
5349376,1834.805400371097,6.0,65.262695,500.0,48.63958,0.0,0.9974365,1.0,0.050565846,0.57515514,-0.005080568,0.001031227,-0.005596181,-1.969685,0.0025634766,0.9974365,0.0,0.3367423713207245
5357568,1846.2508580752624,6.0,65.269165,500.0,48.60531,0.0,0.9974365,1.0,0.050565846,0.5750456,-0.0037437924,0.0007521175,-0.00411985,-1.9731154,0.0025634766,0.9974365,0.0,0.3364923596382141
5365760,1833.4420654575817,6.0,65.09155,500.0,48.569977,0.0,0.9974365,1.0,0.050565846,0.57594883,-0.007112857,0.0008127119,-0.0075192126,-1.978557,0.0025634766,0.9974365,0.0,0.33624234795570374
5373952,1827.245413371688,6.0,64.99536,500.0,48.28538,0.0,0.9975586,1.0,0.049350236,0.5761951,-0.0048536807,0.0008079488,-0.005257655,-1.9834235,0.0024414062,0.9975586,0.0,0.33599233627319336
5382144,1829.2888068128004,6.0,64.953735,500.0,48.057175,0.0,0.99768066,1.0,0.048103597,0.5762266,-0.0061317612,0.0007350226,-0.0064992723,-1.9914708,0.002319336,0.99768066,0.0,0.335742324590683
5390336,1858.8586633427683,6.0,64.8584,500.0,47.989323,0.0,0.99768066,1.0,0.048103597,0.5766307,-0.00025955588,0.00088155916,-0.00070033525,-1.9963014,0.002319336,0.99768066,0.0,0.3354923129081726
5398528,1846.3445119167775,6.0,64.96753,500.0,48.025803,0.0,0.99768066,1.0,0.048103597,0.576081,-0.0066228416,0.0007737661,-0.0070097246,-2.0025847,0.002319336,0.99768066,0.0,0.33524230122566223
5406720,1831.5587636862886,6.0,64.90747,500.0,47.56969,0.0,0.9979248,1.0,0.045507018,0.5760144,-0.0053402893,0.000934888,-0.005807734,-2.0150604,0.0020751953,0.9979248,0.0,0.33499228954315186
5414912,1849.1917914418689,6.0,64.736084,500.0,47.06547,0.0,0.99816895,1.0,0.04275163,0.57646096,-0.005632335,0.00076228345,-0.006013477,-2.0266047,0.0018310547,0.99816895,0.0,0.3347422778606415
5423104,1839.2772274922222,6.0,64.54077,500.0,46.95792,0.0,0.99816895,1.0,0.04275163,0.57735544,-0.004000779,0.00072140555,-0.004361482,-2.0332248,0.0018310547,0.99816895,0.0,0.3344922661781311
5431296,1839.0257054504941,6.0,64.60144,500.0,46.91499,0.0,0.99816895,1.0,0.04275163,0.5769332,-0.009293656,0.0007012142,-0.009644263,-2.0400739,0.0018310547,0.99816895,0.0,0.3342422544956207
5439488,1819.7576858734303,6.0,64.526,500.0,46.94128,0.0,0.99816895,1.0,0.04275163,0.5773977,-0.0024497132,0.0008162462,-0.002857836,-2.0456314,0.0018310547,0.99816895,0.0,0.33399224281311035
5447680,1829.293676329574,6.0,64.46008,500.0,46.67801,0.0,0.998291,1.0,0.041304525,0.5774952,-0.006769565,0.0007764414,-0.007157786,-2.052115,0.0017089844,0.998291,0.0,0.3337422311306
5455872,1843.4382363548318,6.0,64.35608,500.0,46.646255,0.0,0.998291,1.0,0.041304525,0.57801723,-0.005102898,0.00074316474,-0.005474481,-2.0564659,0.0017089844,0.998291,0.0,0.3334922194480896
5464064,1831.1207939791693,6.0,64.25452,500.0,46.643967,0.0,0.998291,1.0,0.041304525,0.578591,-0.0035582092,0.0007546508,-0.0039355345,-2.0564823,0.0017089844,0.998291,0.0,0.3332422077655792
5472256,1829.5739119942689,6.0,64.217896,500.0,46.32328,0.0,0.9984131,1.0,0.039804466,0.57845324,-0.008750969,0.0007181025,-0.00911002,-2.0587707,0.0015869141,0.9984131,0.0,0.33299219608306885
5480448,1834.0097693256114,6.0,64.052124,500.0,46.251842,0.0,0.9984131,1.0,0.039804466,0.5792355,-0.0067808153,0.00080735364,-0.0071844924,-2.0630615,0.0015869141,0.9984131,0.0,0.33274218440055847
5488640,1835.3234602221326,6.0,64.14612,500.0,46.16086,0.0,0.99853516,1.0,0.038245235,0.57876027,-0.006881565,0.00079526205,-0.007279196,-2.0671525,0.0014648438,0.99853516,0.0,0.3324921727180481
5496832,1831.587760827999,6.0,64.12732,500.0,46.15555,0.0,0.99853516,1.0,0.038245235,0.57886475,-0.0061210836,0.0007930884,-0.0065176287,-2.076175,0.0014648438,0.99853516,0.0,0.3322421610355377
5505024,1827.6318534189795,6.0,64.1427,500.0,46.290466,0.0,0.99853516,1.0,0.038245235,0.5790681,-0.0064769075,0.000832016,-0.006892915,-2.0825944,0.0014648438,0.99853516,0.0,0.33199214935302734
5513216,1844.554334241803,6.0,64.203735,500.0,46.308544,0.0,0.99853516,1.0,0.038245235,0.57877576,-0.00545043,0.0007947302,-0.005847795,-2.0875208,0.0014648438,0.99853516,0.0,0.33174213767051697
5521408,1829.1062186465065,6.0,64.25256,500.0,46.215015,0.0,0.99853516,1.0,0.038245235,0.57839,-0.005614627,0.00081103883,-0.0060201464,-2.091945,0.0014648438,0.99853516,0.0,0.3314921259880066
5529600,1829.6588665592365,6.0,64.1936,500.0,46.22968,0.0,0.99853516,1.0,0.038245235,0.57876736,-0.0054134494,0.0007673529,-0.0057971263,-2.1010914,0.0014648438,0.99853516,0.0,0.3312421143054962
5537792,1847.1916971649155,6.0,64.1958,500.0,46.149597,0.0,0.99853516,1.0,0.038245235,0.5786016,-0.008169254,0.0008802522,-0.008609381,-2.1047802,0.0014648438,0.99853516,0.0,0.33099210262298584
5545984,1827.0916020625873,6.0,64.326416,500.0,46.17681,0.0,0.99853516,1.0,0.038245235,0.57794863,-0.0038226899,0.0007728236,-0.0042091017,-2.1029603,0.0014648438,0.99853516,0.0,0.33074209094047546
5554176,1838.1964164205688,6.0,64.293335,500.0,46.085464,0.0,0.99853516,1.0,0.038245235,0.57796717,-0.005011199,0.0007724084,-0.0053974045,-2.1066265,0.0014648438,0.99853516,0.0,0.3304920792579651
5562368,1843.7958383021667,6.0,64.15271,500.0,45.57901,0.0,0.9987793,1.0,0.03491723,0.578298,-0.006094574,0.0008129808,-0.006501064,-2.114169,0.0012207031,0.9987793,0.0,0.3302420675754547
5570560,1837.7266638893748,6.0,64.28674,500.0,45.652195,0.0,0.9987793,1.0,0.03491723,0.5776967,-0.0012709748,0.0007935412,-0.0016677445,-2.1224139,0.0012207031,0.9987793,0.0,0.32999205589294434
5578752,1832.0589709935296,6.0,64.220215,500.0,45.583828,0.0,0.9987793,1.0,0.03491723,0.57800233,-0.004412145,0.0008493106,-0.0048367996,-2.126116,0.0012207031,0.9987793,0.0,0.32974204421043396
5586944,1803.226423199157,6.0,64.03467,500.0,45.278057,0.0,0.99890137,1.0,0.033127416,0.5787177,-0.0034188721,0.0008024608,-0.003820103,-2.1276839,0.0010986328,0.99890137,0.0,0.3294920325279236
5595136,1827.7091415994396,6.0,64.11951,500.0,45.865677,0.0,0.9986572,1.0,0.03661926,0.5788356,0.0035485965,0.0010877429,0.0030047265,-2.135831,0.0013427734,0.9986572,0.0,0.3292420208454132
5603328,1851.0494209177289,6.0,64.01953,500.0,46.0355,0.0,0.99853516,1.0,0.038245235,0.5794705,-0.0015626724,0.001179982,-0.0021526637,-2.146028,0.0014648438,0.99853516,0.0,0.32899200916290283
5611520,1845.0260981358383,6.0,64.01355,500.0,46.034206,0.0,0.99853516,1.0,0.038245235,0.57948005,-0.0030859094,0.00089572876,-0.0035337736,-2.1511838,0.0014648438,0.99853516,0.0,0.32874199748039246
5619712,1842.6216634538523,6.0,63.98291,500.0,46.23273,0.0,0.9984131,1.0,0.039804466,0.5797385,-0.0038944788,0.0010221268,-0.004405542,-2.1558626,0.0015869141,0.9984131,0.0,0.3284919857978821
5627904,1839.8049089431531,6.0,63.776,500.0,46.102386,0.0,0.9984131,1.0,0.039804466,0.58072805,-0.0037197191,0.00094990584,-0.004194672,-2.1575515,0.0015869141,0.9984131,0.0,0.3282419741153717
5636096,1854.2104776965004,6.0,63.802612,500.0,46.03401,0.0,0.9984131,1.0,0.039804466,0.5804373,0.00088423304,0.00084924826,0.00045960897,-2.1610003,0.0015869141,0.9984131,0.0,0.32799196243286133
5644288,1843.434972577623,6.0,63.7052,500.0,46.218685,0.0,0.998291,1.0,0.041304525,0.5810808,-0.0050503644,0.0010287006,-0.005564715,-2.1681747,0.0017089844,0.998291,0.0,0.32774195075035095
5652480,1835.3385575357647,6.0,63.70874,500.0,46.43744,0.0,0.99816895,1.0,0.04275163,0.5812918,-0.004276993,0.00083407975,-0.004694034,-2.1720343,0.0018310547,0.99816895,0.0,0.3274919390678406
5660672,1830.3288420684792,6.0,63.68994,500.0,46.471176,0.0,0.99816895,1.0,0.04275163,0.58142936,-0.004318127,0.0009099601,-0.004773107,-2.1700492,0.0018310547,0.99816895,0.0,0.3272419273853302
5668864,1832.9742505166748,6.0,63.7937,500.0,46.476017,0.0,0.99816895,1.0,0.04275163,0.580829,-0.0045483964,0.00091123977,-0.0050040167,-2.1671004,0.0018310547,0.99816895,0.0,0.3269919157028198
5677056,1850.4476015867656,6.0,63.92444,500.0,46.516644,0.0,0.99816895,1.0,0.04275163,0.5801989,-0.001778506,0.0007860996,-0.002171555,-2.1653395,0.0018310547,0.99816895,0.0,0.32674190402030945
5685248,1836.7598949510743,6.0,63.808105,500.0,46.551243,0.0,0.99816895,1.0,0.04275163,0.5808171,-0.003667572,0.0009939844,-0.0041645644,-2.1655235,0.0018310547,0.99816895,0.0,0.3264918923377991
5693440,1834.6889114957698,6.0,63.81421,500.0,46.557877,0.0,0.99816895,1.0,0.04275163,0.5807882,-0.0049732025,0.001019398,-0.005482902,-2.167242,0.0018310547,0.99816895,0.0,0.3262418806552887
5701632,1823.331442311259,6.0,63.60327,500.0,46.060337,0.0,0.998291,1.0,0.041304525,0.58136594,-0.0032179765,0.0008708646,-0.0036534087,-2.1646726,0.0017089844,0.998291,0.0,0.3259918689727783
5709824,1831.8245563602754,6.0,63.58545,500.0,45.834484,0.0,0.9984131,1.0,0.039804466,0.58125,-0.0031610716,0.00094022666,-0.0036311848,-2.1645746,0.0015869141,0.9984131,0.0,0.32574185729026794
5718016,1853.0870647443671,6.0,63.49402,500.0,45.79676,0.0,0.9984131,1.0,0.039804466,0.58170414,-0.0006926183,0.00090841483,-0.0011468258,-2.1674905,0.0015869141,0.9984131,0.0,0.32549184560775757
5726208,1843.0772139905646,6.0,63.659058,500.0,45.828827,0.0,0.9984131,1.0,0.039804466,0.58084446,-0.00700908,0.00082052796,-0.007419344,-2.1655004,0.0015869141,0.9984131,0.0,0.3252418339252472
5734400,1696.168676669827,6.0,63.66577,500.0,45.764584,0.0,0.9984131,1.0,0.039804466,0.58069634,-0.0036261342,0.0008170691,-0.004034668,-2.1670911,0.0015869141,0.9984131,0.0,0.3249918222427368
5742592,1695.520425008426,6.0,63.882202,500.0,45.9536,0.0,0.9984131,1.0,0.039804466,0.5797677,-0.0027076663,0.00086913863,-0.0031422353,-2.1694212,0.0015869141,0.9984131,0.0,0.32474181056022644
5750784,1755.5776992110468,6.0,63.806274,500.0,45.92629,0.0,0.9984131,1.0,0.039804466,0.58012855,-0.008760119,0.0008092885,-0.009164764,-2.1725671,0.0015869141,0.9984131,0.0,0.32449179887771606
5758976,1792.3097001207261,6.0,63.741333,500.0,45.910824,0.0,0.9984131,1.0,0.039804466,0.58046484,-0.0059710583,0.00075230555,-0.006347211,-2.17864,0.0015869141,0.9984131,0.0,0.3242417871952057
5767168,1858.3457269783771,6.0,63.70813,500.0,45.850204,0.0,0.9984131,1.0,0.039804466,0.58051854,-0.0043994924,0.0008202114,-0.0048095984,-2.190773,0.0015869141,0.9984131,0.0,0.3239917755126953
5775360,1874.1520429967352,6.0,63.618164,500.0,45.527985,0.0,0.99853516,1.0,0.038245235,0.5806303,-0.0056203147,0.00069968693,-0.0059701586,-2.2007015,0.0014648438,0.99853516,0.0,0.32374176383018494
5783552,1848.6550323183517,6.0,63.379883,500.0,44.595654,0.0,0.99890137,1.0,0.033127416,0.58100504,-5.2346382e-05,0.00094846747,-0.0005265799,-2.2019432,0.0010986328,0.99890137,0.0,0.32349175214767456
5791744,1854.0461908152895,6.0,63.318726,500.0,44.899513,0.0,0.9987793,1.0,0.03491723,0.58167064,-0.004617687,0.000822737,-0.0050290553,-2.2075436,0.0012207031,0.9987793,0.0,0.3232417404651642
5799936,1846.4289474114116,6.0,63.356567,500.0,44.8634,0.0,0.9987793,1.0,0.03491723,0.58138704,-0.0038260028,0.00079235947,-0.004222182,-2.2094564,0.0012207031,0.9987793,0.0,0.3229917287826538
5808128,1855.3916584498181,6.0,63.303345,500.0,44.888306,0.0,0.9987793,1.0,0.03491723,0.581727,0.0028464012,0.00078577176,0.0024535158,-2.2126002,0.0012207031,0.9987793,0.0,0.32274171710014343
5816320,1847.640270518965,6.0,63.271484,500.0,44.69727,0.0,0.99890137,1.0,0.033127416,0.5817214,-0.003118865,0.000707398,-0.0034725638,-2.219572,0.0010986328,0.99890137,0.0,0.32249170541763306
5824512,1848.7438571170535,6.0,63.280273,500.0,44.700428,0.0,0.99890137,1.0,0.033127416,0.58167565,-0.001426074,0.0007572782,-0.0018047132,-2.2303717,0.0010986328,0.99890137,0.0,0.3222416937351227
5832704,1862.3572227814636,6.0,63.124634,500.0,44.642456,0.0,0.99890137,1.0,0.033127416,0.5824948,-0.0017573312,0.00081565516,-0.0021651583,-2.232601,0.0010986328,0.99890137,0.0,0.3219916820526123
5840896,1862.5937622257363,6.0,62.978027,500.0,44.65774,0.0,0.99890137,1.0,0.033127416,0.583359,-0.008567173,0.00064583606,-0.00889009,-2.2333846,0.0010986328,0.99890137,0.0,0.32174167037010193
5849088,1852.77070693285,6.0,62.9375,500.0,44.579025,0.0,0.99890137,1.0,0.03312742,0.5834665,-0.0021434757,0.0007469129,-0.0025169323,-2.2355433,0.0010986328,0.99890137,0.0,0.32149165868759155
5857280,1850.3376874760156,6.0,62.971924,500.0,44.296432,0.0,0.99890137,1.0,0.033127416,0.5829096,-0.008311251,0.0008477347,-0.008735118,-2.2382443,0.0010986328,0.99890137,0.0,0.3212416470050812
5865472,1850.2616620548886,6.0,62.848145,500.0,43.939045,0.0,0.99902344,1.0,0.031234737,0.58327365,-0.007016102,0.00080798264,-0.007420093,-2.2459104,0.0009765625,0.99902344,0.0,0.3209916353225708
5873664,1852.1461026662753,6.0,62.817383,500.0,44.075188,0.0,0.99902344,1.0,0.031234737,0.58368766,0.005062624,0.0007421242,0.0046915617,-2.255082,0.0009765625,0.99902344,0.0,0.3207416236400604
5881856,1846.9335384828412,6.0,62.875122,500.0,44.06262,0.0,0.99902344,1.0,0.031234737,0.5833566,-0.0032742212,0.00080492004,-0.0036766818,-2.2595532,0.0009765625,0.99902344,0.0,0.32049161195755005
5890048,1846.0720096065247,6.0,62.734253,500.0,43.96585,0.0,0.99902344,1.0,0.031234737,0.5839324,-0.0004895099,0.00075688976,-0.00086795515,-2.2538664,0.0009765625,0.99902344,0.0,0.3202416002750397
5898240,1829.816131262082,6.0,62.84204,500.0,44.02227,0.0,0.99902344,1.0,0.031234737,0.5833641,-0.004245375,0.00071644865,-0.004603599,-2.2482638,0.0009765625,0.99902344,0.0,0.3199915885925293
5906432,1842.1142898010962,6.0,62.751953,500.0,43.947964,0.0,0.99902344,1.0,0.031234737,0.5837601,-0.004449475,0.00085382606,-0.0048763882,-2.2495563,0.0009765625,0.99902344,0.0,0.3197415769100189
5914624,1845.695083156556,6.0,62.706665,500.0,43.93735,0.0,0.99902344,1.0,0.031234737,0.58398795,-0.0065854033,0.0007443587,-0.006957583,-2.2528589,0.0009765625,0.99902344,0.0,0.31949156522750854
5922816,1836.5784629068191,6.0,62.67285,500.0,43.850918,0.0,0.99902344,1.0,0.031234737,0.5840107,-0.005171974,0.00073143654,-0.0055376925,-2.2529893,0.0009765625,0.99902344,0.0,0.31924155354499817
5931008,1833.105973538199,6.0,62.75305,500.0,44.13883,0.0,0.99890137,1.0,0.033127416,0.58383346,-0.005794297,0.00093652983,-0.006262562,-2.2567635,0.0010986328,0.99890137,0.0,0.3189915418624878
5939200,1830.787308369964,6.0,62.78955,500.0,44.133614,0.0,0.99890137,1.0,0.033127416,0.5836055,-0.002849111,0.000799308,-0.0032487651,-2.2614517,0.0010986328,0.99890137,0.0,0.3187415301799774
5947392,1835.6073116706516,6.0,62.64978,500.0,44.072166,0.0,0.99890137,1.0,0.033127416,0.5842532,-0.007573812,0.0008253323,-0.0079864785,-2.2642894,0.0010986328,0.99890137,0.0,0.31849151849746704
5955584,1843.647438912214,6.0,62.808105,500.0,44.038128,0.0,0.99890137,1.0,0.033127416,0.5833006,-0.0066158706,0.00069001206,-0.0069608763,-2.26232,0.0010986328,0.99890137,0.0,0.31824150681495667
5963776,1836.2679124595895,6.0,62.72278,500.0,43.9649,0.0,0.99890137,1.0,0.033127416,0.5836702,-0.0029691732,0.00083586125,-0.0033871045,-2.2696962,0.0010986328,0.99890137,0.0,0.3179914951324463
5971968,1843.2826758273577,6.0,62.771484,500.0,44.236115,0.0,0.9987793,1.0,0.03491723,0.583663,-0.00021344819,0.0008575411,-0.0006422177,-2.2808857,0.0012207031,0.9987793,0.0,0.3177414834499359
5980160,1836.1628162976187,6.0,62.769287,500.0,44.173454,0.0,0.9987793,1.0,0.03491723,0.5835639,-0.0055299085,0.0007787946,-0.0059193056,-2.287778,0.0012207031,0.9987793,0.0,0.31749147176742554
5988352,1839.924708593815,6.0,62.76819,500.0,44.225197,0.0,0.9987793,1.0,0.03491723,0.58368737,-0.0029369786,0.0007463007,-0.0033101295,-2.294203,0.0012207031,0.9987793,0.0,0.31724146008491516
