timestep,fps,ep_len_min,ep_len_mean,ep_len_max,ep_len_std,return_min,return_mean,return_max,return_std,disc_return_mean,total_loss,value_loss,actor_loss,entropy,prob_fail,prob_success
8192,354.90232889590493,5.0,138.02325,500.0,111.26973,0.0,0.1627907,1.0,0.3691746,0.068954766,0.0040916386,0.011984061,-0.0019003921,2.1739216,0.8372093,0.1627907
16384,7485.478446407183,5.0,146.63736,500.0,131.52817,0.0,0.20879121,1.0,0.40644488,0.08390712,0.0015567235,0.0104087135,-0.003647633,2.1751082,0.7912088,0.20879121
24576,7483.662223771045,5.0,150.0,500.0,142.82713,0.0,0.26027396,1.0,0.43878406,0.12203104,0.0010344438,0.008622782,-0.0032769477,2.1835256,0.739726,0.26027396
32768,7484.599571527373,5.0,153.85417,500.0,147.00903,0.0,0.25520834,1.0,0.43597823,0.124590434,-0.0014596868,0.004533969,-0.003726671,2.182799,0.7447917,0.25520834
40960,7497.3970279446,5.0,165.20601,500.0,155.77774,0.0,0.26609442,1.0,0.44191423,0.121642865,-0.0014122666,0.0045346767,-0.0036796052,2.1775913,0.73390555,0.26609442
49152,7476.625763525756,5.0,170.49629,500.0,158.83789,0.0,0.27037036,1.0,0.44415113,0.12464074,-0.0033109884,0.0038224303,-0.005222204,2.1768322,0.72962964,0.27037036
57344,7487.871531902477,5.0,168.12616,500.0,158.98965,0.0,0.28615385,1.0,0.4519622,0.1361673,-0.0019882054,0.0040009357,-0.003988673,2.1677456,0.71384615,0.28615385
65536,7496.482641016109,5.0,169.57681,500.0,161.04283,0.0,0.30727762,1.0,0.46136543,0.14536612,-0.0036502327,0.0057981033,-0.006549284,2.1546843,0.6927224,0.30727762
73728,7488.845843244796,4.0,168.21582,500.0,162.8858,0.0,0.31654677,1.0,0.46512893,0.15264465,-0.0029356545,0.003659843,-0.0047655767,2.1524324,0.68345326,0.31654677
81920,7491.495881281126,4.0,166.0207,500.0,165.65593,0.0,0.32919255,1.0,0.46992,0.16404624,-0.002657587,0.0059396112,-0.005627393,2.1503818,0.6708075,0.32919255
90112,7471.806733593051,4.0,161.63216,500.0,165.69757,0.0,0.3345656,1.0,0.47183838,0.16730538,-0.0032301964,0.004961408,-0.0057109003,2.1404366,0.66543436,0.3345656
98304,7491.703326289276,4.0,156.40099,500.0,166.183,0.0,0.3420622,1.0,0.47440028,0.17987566,-0.0018045151,0.0057503493,-0.0046796896,2.1328843,0.6579378,0.3420622
106496,7491.035296431201,4.0,156.4303,500.0,168.89339,0.0,0.34545454,1.0,0.47551623,0.18808208,-0.0028989192,0.0046270373,-0.0052124383,2.1303487,0.6545454,0.34545454
114688,7481.9250834972645,4.0,153.7872,500.0,168.42972,0.0,0.34770516,1.0,0.47624186,0.18949841,-0.000975694,0.004543716,-0.0032475526,2.1215193,0.6522949,0.34770516
122880,7496.220961303846,4.0,152.46727,500.0,169.7706,0.0,0.35815147,1.0,0.47945702,0.20135935,-0.0024671182,0.0043723546,-0.004653295,2.1181772,0.6418485,0.35815147
131072,7489.595109318187,4.0,153.34015,500.0,171.7707,0.0,0.36298078,1.0,0.48085937,0.2076259,-0.0026310827,0.0031548329,-0.0042084996,2.1190045,0.6370192,0.36298078
139264,7487.305340128035,4.0,156.50867,500.0,174.4182,0.0,0.35953757,1.0,0.47986484,0.20622118,-0.0043535815,0.0024516957,-0.0055794297,2.1198432,0.6404624,0.35953757
147456,7499.696248639088,4.0,157.63187,500.0,176.43803,0.0,0.35934067,1.0,0.47980714,0.20961985,-0.003565122,0.0026056075,-0.004867926,2.130704,0.64065933,0.35934067
155648,7481.408659818237,4.0,157.91554,500.0,177.74355,0.0,0.35870698,1.0,0.479621,0.21073882,-0.0027254361,0.0028592485,-0.00415506,2.140891,0.641293,0.35870698
163840,7490.156749072825,4.0,157.97144,500.0,178.8449,0.0,0.36453202,1.0,0.48129869,0.2154315,-0.0021331157,0.004544736,-0.0044054836,2.149088,0.635468,0.36453202
172032,7491.642888368656,3.0,157.88037,500.0,179.58981,0.0,0.36448598,1.0,0.48128572,0.21674636,-0.0039685303,0.0039267205,-0.0059318906,2.1479044,0.635514,0.36448598
180224,7484.035504569631,3.0,159.14606,500.0,181.10129,0.0,0.3691756,1.0,0.48258162,0.22183263,-0.0040005883,0.0027393622,-0.0053702695,2.1409097,0.6308244,0.3691756
188416,7493.402520907974,3.0,158.97182,500.0,181.83018,0.0,0.37147737,1.0,0.48319972,0.22476012,-0.0036770178,0.0048432117,-0.0060986243,2.1315632,0.62852263,0.37147737
196608,7496.001818601483,3.0,158.82623,500.0,182.30298,0.0,0.36803278,1.0,0.4822703,0.22381687,-0.0038679028,0.0032091273,-0.0054724663,2.1210263,0.6319672,0.36803278
204800,7498.11528069046,3.0,158.26407,500.0,182.70476,0.0,0.37421876,1.0,0.48392054,0.22986737,-0.004696186,0.0048000813,-0.0070962263,2.108438,0.62578124,0.37421876
212992,7493.982710927448,3.0,156.16086,500.0,182.10133,0.0,0.37509266,1.0,0.48414686,0.23053887,-0.0015770774,0.0057868566,-0.0044705058,2.1019275,0.6249073,0.37509266
221184,7489.982043961036,3.0,154.61229,500.0,181.54192,0.0,0.38064972,1.0,0.48554662,0.23571593,-0.0013332269,0.0066519026,-0.004659178,2.0937366,0.61935025,0.38064972
229376,7493.296298662907,3.0,155.5886,500.0,181.92198,0.0,0.38186812,1.0,0.48584446,0.23534104,-0.0024907275,0.0033562228,-0.0041688387,2.0869143,0.6181319,0.38186812
237568,7490.573135234215,3.0,154.13834,500.0,181.37656,0.0,0.38339922,1.0,0.48621422,0.23823194,-0.0027050783,0.0047458466,-0.005078002,2.0801551,0.6166008,0.38339922
245760,7477.558094714136,3.0,153.45847,500.0,181.29852,0.0,0.38427395,1.0,0.48642313,0.2393793,-0.0017603189,0.00555152,-0.0045360792,2.0770862,0.61572605,0.38427395
253952,7492.876341738823,3.0,151.86086,500.0,180.7146,0.0,0.39019963,1.0,0.4877949,0.244286,-0.0020659878,0.0057470696,-0.004939522,2.0769248,0.60980034,0.39019963
262144,7493.668906860358,3.0,149.47781,500.0,179.57869,0.0,0.39769453,1.0,0.4894217,0.24934381,-0.0012359782,0.008336277,-0.0054041166,2.0757027,0.6023055,0.39769453
270336,7493.647660659926,3.0,148.87173,500.0,178.91458,0.0,0.40310937,1.0,0.49052235,0.2524399,-0.0027999592,0.006594901,-0.006097409,2.0735075,0.5968906,0.40310937
278528,7487.166660674273,3.0,147.77438,500.0,178.74036,0.0,0.4072883,1.0,0.49132937,0.2566124,-0.0025341248,0.005710746,-0.005389498,2.0754092,0.5927117,0.4072883
286720,7570.463766704556,3.0,144.44794,500.0,177.18869,0.0,0.42051804,1.0,0.4936422,0.2677888,-0.0015462548,0.0080977315,-0.0055951215,2.070145,0.57948196,0.42051804
294912,7491.642888368656,3.0,142.38394,500.0,175.94405,0.0,0.42530414,1.0,0.49438906,0.27223957,-0.0011660997,0.0071751545,-0.004753677,2.0609474,0.5746959,0.42530414
303104,7479.92169272178,3.0,143.22609,500.0,176.48999,0.0,0.42551166,1.0,0.49442032,0.2722663,-0.003957198,0.0032886846,-0.00560154,2.0564592,0.57448834,0.42551166
311296,7494.190293684635,3.0,142.36186,500.0,175.90738,0.0,0.43035632,1.0,0.49512598,0.27499425,-0.002976585,0.005111995,-0.0055325823,2.0516806,0.5696437,0.43035632
319488,7498.663470471605,3.0,142.26178,500.0,176.2186,0.0,0.43331838,1.0,0.49553362,0.2785023,-0.003747365,0.004798123,-0.006146427,2.0404298,0.5666816,0.43331838
327680,7482.162955607528,3.0,141.00087,500.0,175.68599,0.0,0.44338396,1.0,0.49678433,0.2860866,-0.0024384265,0.006545235,-0.005711044,2.0339608,0.55661607,0.44338396
335872,7491.023864194291,3.0,139.87952,500.0,175.31352,0.0,0.4479429,1.0,0.49728268,0.2905056,-0.0047958177,0.005515038,-0.007553336,2.0326402,0.5520571,0.4479429
344064,7492.681902920183,3.0,139.54141,500.0,175.01657,0.0,0.4508364,1.0,0.49757707,0.29151243,-0.0014406042,0.0053816633,-0.0041314363,2.0289018,0.5491636,0.4508364
352256,7485.899205390586,3.0,138.16838,500.0,174.1565,0.0,0.4544374,1.0,0.49791974,0.29432836,-0.0027580217,0.0057414686,-0.0056287562,2.0243409,0.5455626,0.4544374
360448,7490.261249483624,3.0,137.07854,500.0,173.65536,0.0,0.46130267,1.0,0.49850026,0.29994386,-0.0025675958,0.0050293338,-0.0050822627,2.0191884,0.5386973,0.46130267
368640,7478.7218009665385,3.0,136.3203,500.0,173.51904,0.0,0.46294227,1.0,0.4986249,0.3021144,-0.0012177229,0.006171924,-0.0043036845,2.0133474,0.53705776,0.46294227
376832,7492.84529620843,3.0,136.60872,500.0,173.95854,0.0,0.46266472,1.0,0.49860412,0.3022079,-0.0036571987,0.0035642607,-0.005439329,2.0019343,0.5373353,0.46266472
385024,7480.504682753212,3.0,136.74464,500.0,174.36487,0.0,0.46464285,1.0,0.4987483,0.30413026,-0.004019496,0.0045448225,-0.0062919073,1.9896879,0.5353571,0.46464285
393216,7484.403931738057,3.0,136.37167,500.0,174.57738,0.0,0.46678323,1.0,0.49889544,0.3069053,-0.0028211647,0.0041396385,-0.004890984,1.9814378,0.5332168,0.46678323
401408,7497.024048916927,3.0,136.10843,500.0,174.51791,0.0,0.47016707,1.0,0.49910924,0.30985022,-0.001973187,0.0044377306,-0.0041920524,1.9756591,0.52983296,0.47016707
409600,7488.02818797709,3.0,136.85033,500.0,175.03253,0.0,0.4702321,1.0,0.49911308,0.30978736,-0.0040949406,0.0027532587,-0.0054715695,1.9732324,0.52976793,0.4702321
417792,7496.37142490612,3.0,135.98656,500.0,174.54893,0.0,0.4736152,1.0,0.49930337,0.31193513,-0.003212852,0.0061750636,-0.006300384,1.9767354,0.5263848,0.4736152
425984,7486.2237766107755,3.0,135.23618,500.0,173.87663,0.0,0.47714925,1.0,0.49947757,0.3147912,-0.0024447967,0.0063456628,-0.005617628,1.9727857,0.52285075,0.47714925
434176,7493.665638206296,3.0,134.33665,500.0,173.39952,0.0,0.48098505,1.0,0.49963832,0.31863475,-0.004226436,0.00538485,-0.006918861,1.9632213,0.51901495,0.48098505
442368,7495.62734319218,3.0,133.54051,500.0,173.1248,0.0,0.48558423,1.0,0.49979216,0.32220775,-0.0030181007,0.005036708,-0.005536455,1.9568776,0.5144158,0.48558423
450560,7490.369018586328,3.0,132.17671,500.0,172.30966,0.0,0.49113476,1.0,0.49992138,0.32649112,-0.0024376777,0.006700025,-0.005787691,1.9545681,0.50886524,0.49113476
458752,7498.6421959404015,3.0,130.99223,500.0,171.45396,0.0,0.49640495,1.0,0.49998707,0.3299833,-0.0014298348,0.0071574314,-0.0050085504,1.9431759,0.50359505,0.49640495
466944,7479.180872828795,3.0,129.49191,500.0,170.69992,0.0,0.5019531,1.0,0.4999962,0.3347527,-0.00070913974,0.008241725,-0.0048300023,1.9323691,0.49804688,0.5019531
475136,7490.587832062184,3.0,128.73308,500.0,170.31696,0.0,0.50557214,1.0,0.49996898,0.33789003,-0.0009188531,0.0059455144,-0.0038916108,1.928462,0.49442783,0.50557214
483328,7494.734640094039,3.0,126.99868,500.0,169.09988,0.0,0.5131648,1.0,0.49982667,0.34370756,1.1735363e-05,0.008980286,-0.004478408,1.9255267,0.48683518,0.5131648
491520,7491.824205056017,3.0,126.52004,500.0,168.81514,0.0,0.5171968,1.0,0.49970418,0.34642932,-0.0035900115,0.005233511,-0.0062067667,1.9239379,0.4828032,0.5171968
499712,7489.856326633465,3.0,125.99747,500.0,168.4394,0.0,0.52129817,1.0,0.49954623,0.34923372,-0.002168364,0.006017184,-0.005176956,1.9210584,0.47870183,0.52129817
507904,7490.919342503312,3.0,125.08534,500.0,167.88673,0.0,0.5246837,1.0,0.49939027,0.35210943,-0.0033516905,0.0064622927,-0.0065828366,1.9129801,0.4753163,0.5246837
516096,7495.411505369752,3.0,124.73023,500.0,167.99336,0.0,0.5276089,1.0,0.49923718,0.35498604,-0.0016488263,0.005537203,-0.004417428,1.9094379,0.47239116,0.5276089
524288,7482.011432583101,3.0,124.16869,500.0,167.82968,0.0,0.53085536,1.0,0.499047,0.35788742,-0.0030844798,0.0058880458,-0.0060285022,1.9093628,0.4691446,0.53085536
532480,7495.017469893184,3.0,123.8071,500.0,167.66513,0.0,0.5336291,1.0,0.4988678,0.36012572,-0.0016970782,0.005470086,-0.004432121,1.9074225,0.46637085,0.5336291
540672,7484.863701467554,3.0,122.51069,500.0,167.09232,0.0,0.5370623,1.0,0.49862453,0.36403266,-0.004270412,0.0071964464,-0.007868636,1.9008434,0.4629377,0.5370623
548864,7489.797551148884,3.0,121.21717,500.0,166.32063,0.0,0.5405945,1.0,0.49834937,0.36776492,-0.0016472482,0.0072048064,-0.005249651,1.8924382,0.4594055,0.5405945
557056,7495.557031021284,3.0,119.772,500.0,165.4742,0.0,0.54421914,1.0,0.49804085,0.3711287,-0.0008826904,0.008584957,-0.0051751686,1.8872399,0.45578083,0.54421914
565248,7483.479672048598,3.0,118.21388,500.0,164.50511,0.0,0.55141956,1.0,0.49734902,0.37739164,-0.0013115052,0.0074527944,-0.0050379024,1.8764877,0.44858044,0.55141956
573440,7492.119884425103,3.0,117.59022,500.0,164.26599,0.0,0.5534682,1.0,0.49713293,0.37968838,-0.0041648503,0.0057377606,-0.007033731,1.864187,0.4465318,0.5534682
581632,7479.669309024368,3.0,116.48854,500.0,163.74834,0.0,0.5562927,1.0,0.49682102,0.38304445,-0.0023370555,0.007892915,-0.0062835133,1.8580635,0.4437073,0.5562927
589824,7489.10700829693,3.0,115.38165,500.0,163.03807,0.0,0.56138283,1.0,0.49621785,0.38754037,-0.0013893433,0.0069461954,-0.0048624403,1.8499346,0.43861717,0.56138283
598016,7493.789849065287,3.0,114.50606,500.0,162.56265,0.0,0.5649413,1.0,0.49576467,0.3915014,-0.0015003049,0.005965277,-0.0044829436,1.8381054,0.43505868,0.5649413
606208,7489.433490229005,3.0,113.12575,500.0,161.75813,0.0,0.56952775,1.0,0.49514228,0.39635032,-0.0018907747,0.008411802,-0.0060966765,1.827328,0.43047225,0.56952775
614400,7490.489854298399,3.0,112.30895,500.0,161.2007,0.0,0.5726888,1.0,0.4946881,0.3993257,-0.0023156712,0.006296491,-0.005463917,1.8237786,0.42731115,0.5726888
622592,7488.1522120183145,3.0,111.43607,500.0,160.72417,0.0,0.5768747,1.0,0.49405494,0.40324178,-0.0042414977,0.005923267,-0.0072031305,1.8179672,0.42312533,0.5768747
630784,7482.096154377985,3.0,110.54012,500.0,160.22581,0.0,0.57972544,1.0,0.49360296,0.40624854,-0.0012071125,0.007918125,-0.005166175,1.8107135,0.42027456,0.57972544
638976,7483.619844898837,3.0,110.30284,500.0,160.19038,0.0,0.58264035,1.0,0.49312332,0.40878513,-0.0018458053,0.0052625164,-0.004477064,1.8032197,0.41735968,0.58264035
647168,7486.078613138909,3.0,109.27806,500.0,159.35944,0.0,0.58579177,1.0,0.49258476,0.41125658,-0.0020417469,0.008978557,-0.0065310257,1.7931658,0.4142082,0.58579177
655360,7480.1089561489425,3.0,108.25489,500.0,158.70323,0.0,0.59048724,1.0,0.4917439,0.41538256,-0.00048092243,0.008691946,-0.004826895,1.7794871,0.40951276,0.59048724
663552,7492.211370062457,3.0,107.409164,500.0,158.10713,0.0,0.5927852,1.0,0.49131548,0.4176191,0.00034856802,0.008196381,-0.0037496225,1.7707653,0.40721482,0.5927852
671744,7495.3134013777435,3.0,106.782295,500.0,157.62852,0.0,0.5960128,1.0,0.49069497,0.42008,-0.00070107105,0.0071031903,-0.0042526666,1.7702636,0.40398723,0.5960128
679936,7484.081148444918,3.0,106.04243,500.0,157.0275,0.0,0.59909207,1.0,0.4900824,0.4230306,-0.0004111521,0.0066044834,-0.0037133936,1.7673923,0.40090796,0.59909207
688128,7496.320724539314,3.0,105.210686,500.0,156.46194,0.0,0.60211915,1.0,0.48946062,0.4257507,-0.00028938166,0.007835913,-0.004207339,1.7559466,0.39788082,0.60211915
696320,7473.228709074735,3.0,104.38394,500.0,156.01604,0.0,0.60536224,1.0,0.48877275,0.42919248,-0.0019657067,0.0073123993,-0.005621906,1.7412939,0.39463773,0.60536224
704512,7488.674463578197,3.0,103.667206,500.0,155.58665,0.0,0.60967696,1.0,0.48782268,0.43332937,-0.0020727033,0.006221717,-0.0051835626,1.7351618,0.39032304,0.60967696
712704,7484.501750354242,3.0,102.6361,500.0,154.94406,0.0,0.6136824,1.0,0.4869048,0.43746164,-0.0013294788,0.008004158,-0.005331558,1.7351589,0.3863176,0.6136824
720896,7488.728324913898,3.0,102.03765,500.0,154.55853,0.0,0.615942,1.0,0.48637173,0.4397023,-0.0022481675,0.008246816,-0.0063715754,1.7317439,0.38405797,0.615942
729088,7485.687189137915,3.0,102.08122,500.0,154.73413,0.0,0.61691964,1.0,0.48613766,0.44060796,-0.0028836138,0.0044059223,-0.005086575,1.7251372,0.3830804,0.61691964
737280,7491.066326964425,3.0,101.01814,500.0,154.12453,0.0,0.62012094,1.0,0.48535654,0.44456685,-0.0011024824,0.008190978,-0.005197971,1.7176528,0.37987906,0.62012094
745472,7470.684161594129,3.0,99.947784,500.0,153.38985,0.0,0.6236038,1.0,0.48448125,0.4483409,0.00064249523,0.008585671,-0.0036503407,1.7074283,0.37639618,0.6236038
753664,7490.2808436352725,3.0,99.171814,500.0,152.75037,0.0,0.626915,1.0,0.48362443,0.45135504,-0.0003893896,0.008729335,-0.004754057,1.7015876,0.37308505,0.626915
761856,7487.814419339106,3.0,99.05373,500.0,152.71896,0.0,0.6275916,1.0,0.48344636,0.45216706,-0.001786524,0.005565879,-0.0045694634,1.705171,0.3724084,0.6275916
770048,7482.961404089526,3.0,97.872345,500.0,151.8886,0.0,0.6314115,1.0,0.48242205,0.45654064,-0.00039411057,0.010016299,-0.0054022595,1.6999618,0.3685885,0.6314115
778240,7486.949678424782,3.0,97.30754,500.0,151.42085,0.0,0.63291454,1.0,0.48201013,0.45812827,-0.0011327744,0.007054854,-0.0046602017,1.6864903,0.36708543,0.63291454
786432,7484.011052722602,3.0,97.07097,500.0,151.42842,0.0,0.6351251,1.0,0.48139504,0.46051934,-0.002292254,0.005432874,-0.005008691,1.6741016,0.3648749,0.6351251
794624,7488.883384600027,3.0,96.45239,500.0,151.20116,0.0,0.6398926,1.0,0.48003128,0.46497786,3.352121e-06,0.0074854256,-0.0037393605,1.6650892,0.36010742,0.6398926
802816,7490.73480351387,3.0,94.19763,500.0,150.11203,0.0,0.65063477,1.0,0.47676948,0.47515196,0.0009385833,0.008175376,-0.0031491048,1.6537141,0.34936523,0.65063477
811008,7491.976125794638,3.0,92.42212,500.0,148.96596,0.0,0.6571045,1.0,0.4746769,0.48136532,-0.0013453733,0.0054308753,-0.0040608114,1.6434357,0.3428955,0.6571045
819200,7487.267814592396,3.0,91.29663,500.0,148.48665,0.0,0.6624756,1.0,0.4728654,0.48720315,-0.0005201371,0.006349164,-0.0036947192,1.6375545,0.3375244,0.6624756
827392,7489.213111802641,3.0,89.58618,500.0,147.0792,0.0,0.6711426,1.0,0.46979803,0.49544537,-0.0023006494,0.007835099,-0.006218199,1.6307857,0.32885742,0.6711426
835584,7489.035186091735,3.0,88.2522,500.0,145.94514,0.0,0.67858887,1.0,0.46701822,0.5023172,-0.0020974074,0.007564299,-0.0058795568,1.6225823,0.32141113,0.67858887
843776,7495.646965428792,3.0,86.0332,500.0,143.61346,0.0,0.68518066,1.0,0.4644439,0.5081587,0.00021108787,0.008685955,-0.00413189,1.6213373,0.31481934,0.68518066
851968,7481.969072405152,3.0,83.818726,500.0,141.28938,0.0,0.6933594,1.0,0.46109885,0.51579905,-0.0003667734,0.008206921,-0.0044702343,1.6143832,0.30664062,0.6933594
860160,7487.476657134371,3.0,81.954956,500.0,139.36957,0.0,0.6998291,1.0,0.45833215,0.52199787,-0.0009578009,0.0069632563,-0.004439429,1.6039835,0.3001709,0.6998291
868352,7474.1390574595125,3.0,80.46472,500.0,137.76872,0.0,0.7062988,1.0,0.45545664,0.52754164,-0.0020489374,0.007531147,-0.0058145113,1.5980377,0.29370117,0.7062988
876544,7487.156871730473,3.0,79.484985,500.0,136.88274,0.0,0.71154785,1.0,0.45304254,0.5328611,-0.0027806154,0.0060433564,-0.005802294,1.593439,0.28845215,0.71154785
884736,7487.1193476830285,3.0,78.5061,500.0,136.00746,0.0,0.71765137,1.0,0.45014206,0.5380344,0.00038945355,0.0056285164,-0.0024248045,1.5867004,0.28234863,0.71765137
892928,7484.888158886477,3.0,77.578125,500.0,135.22234,0.0,0.72180176,1.0,0.44811156,0.54248106,-0.0004248193,0.0068737734,-0.003861706,1.5788049,0.27819824,0.72180176
901120,7486.536957431654,3.0,77.138794,500.0,135.02052,0.0,0.72509766,1.0,0.44646505,0.54559636,-0.00040286483,0.0068551437,-0.0038304366,1.5799834,0.27490234,0.72509766
909312,7493.969635233267,3.0,76.45593,500.0,134.28316,0.0,0.729126,1.0,0.4444112,0.54909635,-0.0012615792,0.00763802,-0.005080589,1.5804819,0.27087402,0.729126
917504,7492.529953557299,3.0,75.020996,500.0,133.022,0.0,0.7347412,1.0,0.44147092,0.5548137,0.00024110335,0.009065956,-0.0042918744,1.5759876,0.2652588,0.7347412
925696,7492.234241820897,3.0,73.74841,500.0,131.74506,0.0,0.7390137,1.0,0.43917245,0.559018,-0.0009567224,0.009610572,-0.005762009,1.5687175,0.26098633,0.7390137
933888,7495.906969763078,3.0,72.41736,500.0,130.29901,0.0,0.7423096,1.0,0.4373626,0.5631424,0.0005493668,0.009306076,-0.004103671,1.5680373,0.25769043,0.7423096
942080,7495.2937808875095,3.0,71.247314,500.0,129.23997,0.0,0.7468262,1.0,0.43482962,0.5681019,-0.0014781957,0.008405471,-0.0056809313,1.5653696,0.25317383,0.7468262
950272,7478.615994522024,3.0,69.901855,500.0,127.639854,0.0,0.75268555,1.0,0.43145102,0.57359415,0.00017707262,0.007400109,-0.003522982,1.5596447,0.24731445,0.75268555
958464,7493.034841350789,3.0,68.475586,500.0,125.724976,0.0,0.7576904,1.0,0.4284806,0.57799995,-0.0009760964,0.010084515,-0.0060183536,1.555962,0.24230957,0.7576904
966656,7489.040083016511,3.0,66.9303,500.0,124.01322,0.0,0.7631836,1.0,0.42512867,0.5839906,-0.0016700339,0.0065416615,-0.0049408646,1.5483503,0.2368164,0.7631836
974848,7470.627310916787,3.0,65.40027,500.0,122.534996,0.0,0.76904297,1.0,0.42144498,0.59047264,-0.00027772866,0.008216112,-0.0043857847,1.5385331,0.23095703,0.76904297
983040,7481.553642233561,3.0,65.27344,500.0,122.58426,0.0,0.7692871,1.0,0.421289,0.591659,-0.0014155492,0.005572081,-0.00420159,1.5462477,0.23071289,0.7692871
991232,7488.617338765746,3.0,64.45325,500.0,121.9309,0.0,0.77197266,1.0,0.41956034,0.5954555,0.0019364965,0.009926255,-0.0030266317,1.5512295,0.22802734,0.77197266
999424,7494.342310399439,3.0,63.40857,500.0,120.95874,0.0,0.77526855,1.0,0.41740534,0.5998949,0.001456783,0.009717308,-0.003401871,1.5409046,0.22473145,0.77526855
1007616,7478.700639438127,3.0,62.678345,500.0,120.2899,0.0,0.77685547,1.0,0.41635448,0.6029564,0.00016272283,0.0062142336,-0.0029443942,1.5322175,0.22314453,0.77685547
1015808,7480.144781525208,3.0,62.045532,500.0,119.77303,0.0,0.7803955,1.0,0.41397867,0.6069398,0.0012479398,0.007569297,-0.0025367087,1.5265023,0.21960449,0.7803955
1024000,7494.832728936055,3.0,61.016968,500.0,118.29967,0.0,0.7836914,1.0,0.41172707,0.61030483,-0.002618691,0.0053923386,-0.005314861,1.5151502,0.2163086,0.7836914
1032192,7487.798101623879,3.0,60.30774,500.0,117.63469,0.0,0.78601074,1.0,0.4101193,0.6135967,0.00010506698,0.0073901243,-0.0035899952,1.5092577,0.21398926,0.78601074
1040384,7488.672831428604,3.0,60.191772,500.0,117.612595,0.0,0.78796387,1.0,0.4087503,0.6155647,0.0019630592,0.006711922,-0.0013929025,1.5100989,0.21203613,0.78796387
1048576,7485.900836331384,3.0,59.78662,500.0,117.295746,0.0,0.7910156,1.0,0.40658322,0.61911786,-0.0010838727,0.009422488,-0.0057951156,1.5083169,0.20898438,0.7910156
1056768,7492.330631480065,3.0,59.597534,500.0,117.107216,0.0,0.79174805,1.0,0.40605792,0.620293,-0.0017116279,0.007906405,-0.005664831,1.4998631,0.20825195,0.79174805
1064960,7486.9023681758035,3.0,59.057495,500.0,116.448494,0.0,0.7944336,1.0,0.4041149,0.6231482,-0.0011488339,0.007411179,-0.004854424,1.4932637,0.2055664,0.7944336
1073152,7498.619285041799,3.0,58.891724,500.0,116.52641,0.0,0.7955322,1.0,0.40331218,0.6250363,6.6584675e-05,0.00807768,-0.0039722556,1.4892063,0.20446777,0.7955322
1081344,7476.352453952955,3.0,58.374023,500.0,115.884514,0.0,0.798584,1.0,0.40105808,0.6278868,-0.00012101955,0.0075021004,-0.003872069,1.4822571,0.20141602,0.798584
1089536,7485.1082828494955,3.0,58.063965,500.0,115.677895,0.0,0.7996826,1.0,0.40023783,0.6295215,0.0003757145,0.009915596,-0.0045820833,1.4720213,0.20031738,0.7996826
1097728,7492.958041732343,3.0,57.388306,500.0,114.76543,0.0,0.8010254,1.0,0.39922887,0.6314649,0.0016700042,0.009524561,-0.003092276,1.4712446,0.19897461,0.8010254
1105920,7477.789179582782,3.0,56.972412,500.0,114.29498,0.0,0.80236816,1.0,0.39821288,0.63343585,-0.0010226557,0.0075511173,-0.004798214,1.4705557,0.19763184,0.80236816
1114112,7488.37252801187,3.0,56.635376,500.0,114.20405,0.0,0.80444336,1.0,0.39662856,0.6366441,0.0010174213,0.0064735143,-0.0022193359,1.4663016,0.19555664,0.80444336
1122304,7490.976502441671,3.0,56.44812,500.0,114.14007,0.0,0.80578613,1.0,0.39559427,0.63842976,0.0006802379,0.009027047,-0.0038332862,1.4645004,0.19421387,0.80578613
1130496,7491.523648844583,3.0,55.971313,500.0,113.86117,0.0,0.8071289,1.0,0.3945527,0.6410369,0.0012581921,0.008096319,-0.0027899675,1.4602181,0.1928711,0.8071289
1138688,7475.509875210685,3.0,55.59729,500.0,113.77011,0.0,0.80810547,1.0,0.39379057,0.6429939,-0.00021255942,0.006837213,-0.0036311662,1.458574,0.19189453,0.80810547
1146880,7489.9183684235195,3.0,55.580566,500.0,114.023506,0.0,0.80810547,1.0,0.39379057,0.6440224,-0.0014667567,0.007550015,-0.0052417642,1.4534549,0.19189453,0.80810547
1155072,7488.576535861858,3.0,55.04236,500.0,113.508484,0.0,0.80773926,1.0,0.39407682,0.6448053,0.0013255903,0.009327233,-0.0033380263,1.44181,0.19226074,0.80773926
1163264,7493.502209138784,3.0,54.68579,500.0,113.008675,0.0,0.8071289,1.0,0.3945527,0.6449415,0.0010418167,0.010092829,-0.004004597,1.4380734,0.1928711,0.8071289
1171456,7470.666294145158,3.0,53.759766,500.0,111.77497,0.0,0.80908203,1.0,0.39302456,0.64799726,0.0018510399,0.011208463,-0.0037531913,1.4388708,0.19091797,0.80908203
1179648,7488.052666080868,3.0,53.362427,500.0,111.36131,0.0,0.8105469,1.0,0.39186814,0.64995545,-0.0001288628,0.008676296,-0.0044670105,1.4313941,0.18945312,0.8105469
1187840,7489.275142937043,3.0,53.52234,500.0,111.76188,0.0,0.8105469,1.0,0.39186814,0.6502371,-0.002188687,0.0060646934,-0.005221034,1.4240283,0.18945312,0.8105469
1196032,7474.7341550092415,3.0,52.9104,500.0,111.25519,0.0,0.8116455,1.0,0.39099497,0.6524205,0.0025735202,0.01033815,-0.002595555,1.412231,0.18835449,0.8116455
1204224,7486.147116547736,3.0,52.78711,500.0,111.217476,0.0,0.81347656,1.0,0.38952848,0.6543151,0.0037556114,0.009990331,-0.001239554,1.4044026,0.18652344,0.81347656
1212416,7491.536716004495,3.0,52.370728,500.0,110.73978,0.0,0.8150635,1.0,0.3882461,0.6564162,0.0017782687,0.0064322203,-0.0014378414,1.4028866,0.18493652,0.8150635
1220608,7485.6774040623395,3.0,51.864136,500.0,110.14096,0.0,0.8157959,1.0,0.38765058,0.6580318,-8.296524e-05,0.00861918,-0.004392555,1.3990448,0.1842041,0.8157959
1228800,7488.48350690358,3.0,51.57544,500.0,109.85858,0.0,0.81640625,1.0,0.38715252,0.65943444,0.0005448595,0.009062719,-0.0039864993,1.3921367,0.18359375,0.81640625
1236992,7476.544419302426,3.0,50.86548,500.0,108.88563,0.0,0.81811523,1.0,0.3857495,0.6619127,-0.0005548836,0.0067666783,-0.003938223,1.3909982,0.18188477,0.81811523
1245184,7488.432913177323,3.0,50.734253,500.0,108.972694,0.0,0.81677246,1.0,0.38685298,0.6618662,-0.001969349,0.0100928955,-0.007015796,1.3925016,0.18322754,0.81677246
1253376,7488.548790141193,3.0,50.05652,500.0,108.171974,0.0,0.81921387,1.0,0.38484088,0.66509265,0.0023155026,0.011789569,-0.0035792822,1.3940045,0.18078613,0.81921387
1261568,7497.495186488521,3.0,49.437378,500.0,107.202385,0.0,0.82055664,1.0,0.38372308,0.66709065,0.002088932,0.009964202,-0.002893168,1.3916605,0.17944336,0.82055664
1269760,7491.211683937355,3.0,49.179688,500.0,106.92048,0.0,0.8218994,1.0,0.38259742,0.6688424,1.958164e-06,0.008420287,-0.004208185,1.3862327,0.17810059,0.8218994
1277952,7484.9745763801075,3.0,48.63159,500.0,106.224335,0.0,0.82263184,1.0,0.38198,0.67008144,0.00049339863,0.009543826,-0.0042785145,1.3806212,0.17736816,0.82263184
1286144,7485.824182882082,3.0,47.921387,500.0,105.22884,0.0,0.82336426,1.0,0.3813601,0.6722294,0.0008902999,0.008043505,-0.0031314527,1.3770261,0.17663574,0.82336426
1294336,7493.972904152534,3.0,46.812866,500.0,103.67698,0.0,0.8244629,1.0,0.3804258,0.6750088,0.0029840765,0.011021642,-0.0025267447,1.3766643,0.17553711,0.8244629
1302528,7490.396777796865,3.0,47.034668,500.0,104.257576,0.0,0.8249512,1.0,0.38000882,0.6758799,0.00038961525,0.0064378134,-0.002829291,1.3818047,0.17504883,0.8249512
1310720,7482.23138737218,3.0,46.705566,500.0,104.01214,0.0,0.8249512,1.0,0.38000882,0.67715544,0.0007044736,0.011255803,-0.0049234284,1.3838102,0.17504883,0.8249512
1318912,7493.092033578729,3.0,46.14502,500.0,103.26376,0.0,0.82629395,1.0,0.3788565,0.6793568,0.002639332,0.012165561,-0.0034434497,1.3810868,0.17370605,0.82629395
1327104,7484.032244314129,3.0,45.931274,500.0,102.991554,0.0,0.82666016,1.0,0.3785408,0.6802542,-0.0005839457,0.007588214,-0.0043780524,1.3774776,0.17333984,0.82666016
1335296,7490.947105792992,3.0,45.559814,500.0,102.578156,0.0,0.8269043,1.0,0.37832996,0.68166256,0.0006421268,0.011258161,-0.004986953,1.3745481,0.1730957,0.8269043
1343488,7475.763604807588,3.0,45.342773,500.0,102.20824,0.0,0.8277588,1.0,0.37758997,0.6826006,0.0006285346,0.007643279,-0.003193105,1.3736606,0.17224121,0.8277588
1351680,7488.387216205726,3.0,44.444336,500.0,100.726944,0.0,0.8302002,1.0,0.3754568,0.68582,0.001315218,0.011071434,-0.0042204997,1.3673488,0.1697998,0.8302002
1359872,7492.103547939252,3.0,44.09778,500.0,100.24756,0.0,0.83166504,1.0,0.37416345,0.6874763,-0.0003729815,0.008558576,-0.0046522697,1.3581271,0.16833496,0.83166504
1368064,7471.964343062328,3.0,43.99707,500.0,99.984436,0.0,0.83203125,1.0,0.37383854,0.68754697,0.001441386,0.0097427815,-0.0034300042,1.3493752,0.16796875,0.83203125
1376256,7487.548449448966,3.0,43.565186,500.0,99.37245,0.0,0.83203125,1.0,0.37383854,0.6886291,0.00054021005,0.007030472,-0.0029750257,1.3404621,0.16796875,0.83203125
1384448,7487.1193476830285,3.0,42.93921,500.0,98.34441,0.0,0.8345947,1.0,0.37154594,0.6914793,0.0014117088,0.009130603,-0.0031535933,1.3279259,0.16540527,0.8345947
1392640,7488.790348017809,3.0,42.346313,500.0,97.16451,0.0,0.835083,1.0,0.37110558,0.6921155,0.0013410363,0.011912431,-0.004615179,1.3172085,0.16491699,0.835083
1400832,7480.283200976015,3.0,41.601562,500.0,96.13866,0.0,0.8359375,1.0,0.37033227,0.6943908,0.00022537576,0.010450508,-0.0049998793,1.3130081,0.1640625,0.8359375
1409024,7492.343701455305,3.0,40.982178,500.0,94.961044,0.0,0.8378906,1.0,0.3685511,0.69616914,0.0022910775,0.0120132575,-0.0037155505,1.3142457,0.16210938,0.8378906
1417216,7471.783986383679,3.0,40.463257,500.0,94.15891,0.0,0.83776855,1.0,0.36866298,0.69686884,0.0016249382,0.010840933,-0.003795528,1.311368,0.16223145,0.83776855
1425408,7490.032658622159,3.0,39.73755,500.0,92.89168,0.0,0.8395996,1.0,0.36697695,0.69908535,0.003006677,0.013083351,-0.0035349992,1.301269,0.16040039,0.8395996
1433600,7477.906354832406,3.0,39.083984,500.0,91.67671,0.0,0.8395996,1.0,0.36697695,0.6998603,0.0020992947,0.010641208,-0.0032213097,1.294175,0.16040039,0.8395996
1441792,7484.658265458627,3.0,38.417114,500.0,90.352585,0.0,0.8397217,1.0,0.36686397,0.70086515,0.0022966743,0.010918452,-0.003162552,1.298155,0.16027832,0.8397217
1449984,7475.638364328314,3.0,38.412598,500.0,90.40382,0.0,0.8413086,1.0,0.36538807,0.70252705,0.0011681538,0.006088421,-0.0018760569,1.2999322,0.1586914,0.8413086
1458176,7486.078613138909,3.0,37.917603,500.0,89.475525,0.0,0.8430176,1.0,0.36378416,0.7047235,0.0014629333,0.008042621,-0.0025583783,1.295775,0.15698242,0.8430176
1466368,7488.7805548278375,3.0,37.682007,500.0,88.872894,0.0,0.84436035,1.0,0.3625134,0.70591867,0.0025654945,0.012421932,-0.0036454708,1.2909302,0.15563965,0.84436035
1474560,7488.64834927008,3.0,37.520508,500.0,88.83691,0.0,0.8441162,1.0,0.36274517,0.706146,0.0024483595,0.010800594,-0.0029519391,1.2881249,0.15588379,0.8441162
1482752,7477.7403576458955,3.0,37.430542,500.0,88.8463,0.0,0.84606934,1.0,0.36088228,0.70828354,0.0017166245,0.008405733,-0.0024862415,1.2802128,0.15393066,0.84606934
1490944,7484.562073108783,3.0,36.838257,500.0,87.419426,0.0,0.84729004,1.0,0.3597077,0.7094246,0.0027125222,0.010136098,-0.0023555267,1.2783436,0.15270996,0.84729004
1499136,7491.450146919445,3.0,36.561646,500.0,87.127396,0.0,0.8469238,1.0,0.36006087,0.70995355,0.0025888265,0.011552971,-0.0031876587,1.2783953,0.15307617,0.8469238
1507328,7487.731199735007,3.0,36.002563,500.0,85.92618,0.0,0.84765625,1.0,0.35935378,0.7109761,0.0011866314,0.010750908,-0.004188823,1.279069,0.15234375,0.84765625
1515520,7480.323913554141,3.0,35.482056,500.0,84.853615,0.0,0.84936523,1.0,0.35769248,0.7125992,-0.00038393453,0.010734545,-0.005751207,1.2741201,0.15063477,0.84936523
1523712,7496.970068184545,3.0,35.529785,500.0,84.646126,0.0,0.8482666,1.0,0.3587623,0.71132934,0.003075313,0.012105037,-0.0029772052,1.2631075,0.1517334,0.8482666
1531904,7487.047563596809,3.0,34.79065,500.0,82.97512,0.0,0.85095215,1.0,0.35613567,0.71430683,0.0014793102,0.009618564,-0.0033299718,1.2577239,0.14904785,0.85095215
1540096,7487.525606290441,3.0,34.947144,500.0,83.3802,0.0,0.8516846,1.0,0.35541236,0.71471447,0.0010421005,0.008460514,-0.0031881575,1.2522534,0.14831543,0.8516846
1548288,7492.4449953095545,3.0,35.12549,500.0,83.911514,0.0,0.8520508,1.0,0.35504964,0.71501285,-0.00020514129,0.008419033,-0.004414658,1.244484,0.14794922,0.8520508
1556480,7470.25699053753,3.0,34.840576,500.0,83.08649,0.0,0.85180664,1.0,0.35529152,0.7148122,0.0026173156,0.012372531,-0.0035689506,1.2388899,0.14819336,0.85180664
1564672,7486.1014474692165,3.0,34.358154,500.0,81.997734,0.0,0.85266113,1.0,0.35444337,0.71593195,0.0025674656,0.011632802,-0.0032489342,1.2289834,0.14733887,0.85266113
1572864,7496.016536739815,3.0,34.209717,500.0,81.81334,0.0,0.8536377,1.0,0.35346904,0.71715933,0.0014266204,0.011498132,-0.004322445,1.2167443,0.1463623,0.8536377
1581056,7481.28811691975,3.0,34.151123,500.0,81.86417,0.0,0.85339355,1.0,0.35371312,0.7174144,-0.0011025905,0.007626886,-0.004916033,1.2101094,0.14660645,0.85339355
1589248,7491.976125794638,3.0,34.11438,500.0,81.95365,0.0,0.8547363,1.0,0.35236645,0.7187911,-0.0012585503,0.008674576,-0.005595838,1.2023963,0.14526367,0.8547363
1597440,7497.217077289347,3.0,34.156128,500.0,82.244576,0.0,0.85461426,1.0,0.35248932,0.71893555,0.0026968191,0.010539482,-0.0025729216,1.2018915,0.14538574,0.85461426
1605632,7472.1219591809395,3.0,33.75122,500.0,81.45582,0.0,0.8548584,1.0,0.35224354,0.71984506,0.0025697981,0.012214979,-0.0035376912,1.2052922,0.1451416,0.8548584
1613824,7486.952941222614,3.0,33.926147,500.0,82.092,0.0,0.8540039,1.0,0.3531023,0.71938443,0.0023408812,0.0072584935,-0.0012883649,1.204889,0.1459961,0.8540039
1622016,7496.0149013882565,3.0,34.103027,500.0,82.85738,0.0,0.85217285,1.0,0.35492858,0.71833235,0.00076055684,0.007684435,-0.00308166,1.1962997,0.14782715,0.85217285
1630208,7486.318380554946,3.0,34.127197,500.0,83.07217,0.0,0.8511963,1.0,0.3558949,0.71754384,0.0037690827,0.0114880735,-0.0019749545,1.1883863,0.14880371,0.8511963
1638400,7490.111031060001,3.0,33.881836,500.0,82.750275,0.0,0.85253906,1.0,0.35456482,0.7194121,0.0022232863,0.01074136,-0.0031473935,1.1852496,0.14746094,0.85253906
1646592,7476.227193743247,3.0,33.701782,500.0,82.701225,0.0,0.8511963,1.0,0.3558949,0.71913844,0.0016083668,0.011519887,-0.004151576,1.1789691,0.14880371,0.8511963
1654784,7477.904727373236,3.0,33.266724,500.0,81.55548,0.0,0.8498535,1.0,0.3572149,0.7181326,0.0030411782,0.013772219,-0.0038449308,1.1697729,0.15014648,0.8498535
1662976,7487.045932156301,3.0,32.96289,500.0,81.080154,0.0,0.8498535,1.0,0.3572149,0.7188424,0.0017200633,0.012316928,-0.0044384003,1.1638622,0.15014648,0.8498535
1671168,7483.160227963711,3.0,32.891357,500.0,80.988304,0.0,0.85009766,1.0,0.35697567,0.7190008,0.0031323778,0.010904115,-0.0023196796,1.1566997,0.14990234,0.85009766
1679360,7494.193562796411,3.0,32.859375,500.0,81.1021,0.0,0.8502197,1.0,0.35685593,0.71965486,0.0011421844,0.010481506,-0.004098568,1.1496966,0.14978027,0.8502197
1687552,7491.417479860122,3.0,32.95056,500.0,81.18315,0.0,0.84936523,1.0,0.35769248,0.718773,0.0050428146,0.012298952,-0.0011066608,1.1418828,0.15063477,0.84936523
1695744,7487.99555075433,3.0,33.240112,500.0,82.00858,0.0,0.84973145,1.0,0.35733443,0.71912044,0.0023266752,0.010217136,-0.0027818934,1.1347057,0.15026855,0.84973145
1703936,7488.56511112845,3.0,33.54065,500.0,82.69381,0.0,0.84936523,1.0,0.35769248,0.7185062,0.0029733854,0.008136037,-0.001094633,1.1307664,0.15063477,0.84936523
1712128,7491.626553962907,3.0,33.74646,500.0,83.25937,0.0,0.8496094,1.0,0.35745388,0.7186612,0.0016623163,0.011226723,-0.003951045,1.1272238,0.15039062,0.8496094
1720320,7497.657153705324,3.0,33.629883,500.0,82.839714,0.0,0.85058594,1.0,0.35649616,0.7194521,0.0020110635,0.009184053,-0.002580963,1.1196004,0.14941406,0.85058594
1728512,7479.659539675259,3.0,33.637817,500.0,82.76969,0.0,0.8502197,1.0,0.35685593,0.7188462,0.0012166088,0.007300948,-0.002433865,1.1115149,0.14978027,0.8502197
1736704,7486.514120444462,3.0,33.61023,500.0,82.82703,0.0,0.852417,1.0,0.35468614,0.72089094,-0.0005779134,0.008332209,-0.004744018,1.1094481,0.14758301,0.852417
1744896,7487.545186132072,3.0,33.745605,500.0,83.01703,0.0,0.85375977,1.0,0.35334685,0.7217188,0.0018457831,0.009259931,-0.0027841828,1.1093938,0.14624023,0.85375977
1753088,7473.791148144894,3.0,33.544678,500.0,82.387375,0.0,0.8547363,1.0,0.35236645,0.7226127,0.0027278871,0.009899707,-0.0022219662,1.1108464,0.14526367,0.8547363
1761280,7483.949108758552,3.0,33.487793,500.0,82.15414,0.0,0.85498047,1.0,0.35212052,0.7226636,-0.000382608,0.007021493,-0.003893355,1.1083543,0.14501953,0.85498047
1769472,7488.10651847251,3.0,33.752563,500.0,82.86213,0.0,0.8568115,1.0,0.35026497,0.72421944,-0.00080394954,0.008518308,-0.005063103,1.1100411,0.14318848,0.8568115
1777664,7490.285742189203,3.0,33.66089,500.0,82.54398,0.0,0.8569336,1.0,0.35014057,0.7242502,0.002289458,0.010142149,-0.0027816158,1.1088593,0.1430664,0.8569336
1785856,7473.399382504586,3.0,33.479004,500.0,82.20384,0.0,0.85705566,1.0,0.3500161,0.7247043,0.00176063,0.010368297,-0.0034235173,1.1077096,0.14294434,0.85705566
1794048,7493.038109454581,3.0,33.42151,500.0,82.10013,0.0,0.8580322,1.0,0.3490171,0.72552276,0.0026319379,0.008810915,-0.0017735201,1.0978396,0.14196777,0.8580322
1802240,7481.5992558408525,3.0,33.479004,500.0,82.51192,0.0,0.85839844,1.0,0.348641,0.72635376,0.00426644,0.013069777,-0.0022684485,1.0905149,0.14160156,0.85839844
1810432,7490.449030986628,3.0,33.206177,500.0,82.04414,0.0,0.8586426,1.0,0.34838983,0.7271336,0.00028725708,0.008597462,-0.0040114736,1.0893469,0.14135742,0.8586426
1818624,7485.277868657644,3.0,33.466553,500.0,82.69794,0.0,0.8580322,1.0,0.34901708,0.72658306,4.2152707e-05,0.00530525,-0.0026104723,1.0822212,0.14196777,0.8580322
1826816,7482.301449761386,3.0,33.56067,500.0,82.90887,0.0,0.85913086,1.0,0.34788647,0.7274302,0.0013461143,0.008414412,-0.0028610919,1.0756457,0.14086914,0.85913086
1835008,7491.972858617153,3.0,33.47229,500.0,82.94742,0.0,0.85961914,1.0,0.3473817,0.7281665,0.004822563,0.012937117,-0.0016459968,1.0731473,0.14038086,0.85961914
1843200,7482.672965284358,3.0,33.490112,500.0,83.01286,0.0,0.8609619,1.0,0.34598628,0.72916687,-0.00091082236,0.007720122,-0.0047708834,1.0716556,0.13903809,0.8609619
1851392,7484.371326100854,3.0,33.482666,500.0,82.89249,0.0,0.86206055,1.0,0.34483638,0.72963166,0.00084149657,0.007951514,-0.003134261,1.0671697,0.13793945,0.86206055
1859584,7488.8931780589455,3.0,33.345337,500.0,82.54505,0.0,0.86291504,1.0,0.34393704,0.73054165,-0.0006072682,0.007920228,-0.0045673824,1.0647655,0.13708496,0.86291504
1867776,7486.326536179321,3.0,33.29248,500.0,82.187904,0.0,0.86364746,1.0,0.34316254,0.73098266,0.0008421306,0.008455157,-0.0033854481,1.0671568,0.13635254,0.86364746
1875968,7491.747430252194,3.0,33.351074,500.0,82.424095,0.0,0.8640137,1.0,0.342774,0.73144066,0.0041815136,0.010863167,-0.0012500702,1.0732425,0.13598633,0.8640137
1884160,7491.675557393845,3.0,33.23523,500.0,82.39761,0.0,0.8640137,1.0,0.342774,0.7321961,-0.00014224701,0.0066970587,-0.0034907758,1.0793586,0.13598633,0.8640137
1892352,7473.108429626098,3.0,32.931152,500.0,81.55827,0.0,0.86608887,1.0,0.3405568,0.7338751,0.0016708346,0.011318173,-0.003988252,1.0786091,0.13391113,0.86608887
1900544,7484.769134284882,3.0,32.68274,500.0,80.8569,0.0,0.86743164,1.0,0.3391076,0.73500556,0.004520989,0.011204542,-0.0010812825,1.0755055,0.13256836,0.86743164
1908736,7492.235875523272,3.0,32.70862,500.0,80.97921,0.0,0.8675537,1.0,0.3389753,0.7355155,0.0040605934,0.010131971,-0.001005392,1.0757486,0.13244629,0.8675537
1916928,7492.551193420286,3.0,32.733765,500.0,81.13922,0.0,0.8684082,1.0,0.33804643,0.7366754,0.00073120627,0.009451172,-0.00399438,1.0722859,0.1315918,0.8684082
1925120,7490.416372657592,3.0,32.501343,500.0,81.05895,0.0,0.8703613,1.0,0.33590546,0.7396401,0.0027098407,0.012609947,-0.003595132,1.0696808,0.12963867,0.8703613
1933312,7481.947892496046,3.0,32.231567,500.0,80.327896,0.0,0.8701172,1.0,0.33617446,0.7397771,0.0053226245,0.013708359,-0.0015315547,1.0664527,0.12988281,0.8701172
1941504,7487.599031224571,3.0,32.09729,500.0,79.92806,0.0,0.87158203,1.0,0.3345546,0.7410405,0.0019166919,0.01115245,-0.0036595324,1.0638986,0.12841797,0.87158203
1949696,7496.548063798815,3.0,31.381348,500.0,78.14653,0.0,0.8751221,1.0,0.3305804,0.74456424,0.0017294732,0.010639637,-0.0035903454,1.0568737,0.12487793,0.8751221
1957888,7474.3357868745225,3.0,30.982788,500.0,77.31918,0.0,0.87524414,1.0,0.33044186,0.745577,0.0038949195,0.010081317,-0.0011457392,1.0523505,0.12475586,0.87524414
1966080,7495.107391353381,3.0,30.79602,500.0,76.917076,0.0,0.8763428,1.0,0.3291901,0.74691325,0.00020232279,0.008466944,-0.0040311497,1.0548581,0.12365723,0.8763428
1974272,7475.028486906526,3.0,30.83142,500.0,77.09977,0.0,0.8769531,1.0,0.328491,0.7474837,0.00173778,0.010707812,-0.0036161249,1.0508075,0.123046875,0.8769531
1982464,7495.162980244337,3.0,30.044067,500.0,74.84441,0.0,0.87768555,1.0,0.3276486,0.7484936,0.0019521872,0.011753683,-0.0039246553,1.0457363,0.12231445,0.87768555
1990656,7478.305103677391,3.0,29.799072,500.0,74.45671,0.0,0.87805176,1.0,0.32722598,0.74940014,0.0017932452,0.01038227,-0.0033978894,1.0433017,0.12194824,0.87805176
1998848,7490.192670760145,3.0,29.486694,500.0,73.702736,0.0,0.8791504,1.0,0.3259524,0.7506577,0.0013691064,0.011018942,-0.004140365,1.039583,0.12084961,0.8791504
2007040,7478.910632214369,3.0,28.910034,500.0,72.18082,0.0,0.87939453,1.0,0.32566822,0.7514279,0.0053543965,0.01141312,-0.00035216266,1.0348598,0.12060547,0.87939453
2015232,7492.4302911930345,3.0,28.879395,500.0,72.07932,0.0,0.8798828,1.0,0.3250985,0.7518093,0.0013336625,0.010520722,-0.0039266986,1.034203,0.12011719,0.8798828
2023424,7495.5619364787735,3.0,28.729248,500.0,71.750275,0.0,0.88049316,1.0,0.32438394,0.7527037,0.0024774084,0.011365999,-0.0032055904,1.0251641,0.119506836,0.88049316
2031616,7478.89272539369,3.0,28.316772,500.0,70.71536,0.0,0.88098145,1.0,0.3238103,0.75361633,0.0034105375,0.010810792,-0.0019948587,1.0165467,0.119018555,0.88098145
2039808,7489.420430405186,3.0,28.415405,500.0,71.13627,0.0,0.8807373,1.0,0.32409734,0.7537534,0.0016659021,0.01211317,-0.004390683,1.0122201,0.119262695,0.8807373
2048000,7488.184850606742,3.0,27.508545,500.0,68.49305,0.0,0.88061523,1.0,0.32424068,0.75457925,0.0037455338,0.011924178,-0.0022165552,1.0102524,0.119384766,0.88061523
2056192,7470.86608957628,3.0,27.557983,500.0,68.750755,0.0,0.88049316,1.0,0.32438394,0.75442064,0.0064382385,0.010582769,0.0011468555,1.0050116,0.119506836,0.88049316
2064384,7486.727814843705,3.0,27.5979,500.0,68.97847,0.0,0.8808594,1.0,0.3239539,0.7552546,0.0018813212,0.0103354,-0.0032863792,0.9987451,0.119140625,0.8808594
2072576,7475.983192399678,3.0,27.197754,500.0,68.0344,0.0,0.87927246,1.0,0.32581037,0.7549677,0.0028119814,0.0120897535,-0.0032328954,0.9968914,0.12072754,0.87927246
2080768,7482.580082944901,3.0,26.553467,500.0,65.90494,0.0,0.88098145,1.0,0.3238103,0.7563436,0.0022547117,0.010750325,-0.003120451,0.9998178,0.119018555,0.88098145
2088960,7487.143819845222,3.0,26.123047,500.0,64.70007,0.0,0.881958,1.0,0.32265782,0.75763905,0.0032874332,0.012200814,-0.0028129742,0.9952649,0.11804199,0.881958
2097152,7483.12763316192,3.0,25.667847,500.0,62.878067,0.0,0.8841553,1.0,0.32003865,0.75921416,0.0018981873,0.00949246,-0.0028480422,0.9878818,0.11584473,0.8841553
2105344,7488.15710778844,3.0,25.529785,500.0,62.42328,0.0,0.8831787,1.0,0.32120723,0.7584785,0.0020065159,0.01135974,-0.0036733537,0.9816458,0.11682129,0.8831787
2113536,7478.402762938268,3.0,25.559692,500.0,62.587925,0.0,0.8847656,1.0,0.3193046,0.7595214,0.0020038146,0.009061485,-0.0025269282,0.97847444,0.115234375,0.8847656
2121728,7497.202354436213,3.0,25.367798,500.0,61.594086,0.0,0.8857422,1.0,0.31812415,0.7598275,0.0020065978,0.010601419,-0.0032941117,0.979605,0.11425781,0.8857422
2129920,7482.672965284358,3.0,25.386475,500.0,61.4341,0.0,0.885376,1.0,0.31856766,0.7592579,0.0011705774,0.007037159,-0.0023480025,0.978494,0.11462402,0.885376
2138112,7493.059352198715,3.0,25.886719,500.0,62.86337,0.0,0.88635254,1.0,0.3173826,0.7591269,0.0005659034,0.009681368,-0.004274781,0.97585577,0.11364746,0.88635254
2146304,7490.298805031008,3.0,25.943115,500.0,63.13084,0.0,0.88757324,1.0,0.31589076,0.7605206,0.0021418696,0.009872299,-0.0027942793,0.97197205,0.11242676,0.88757324
2154496,7472.050462385572,3.0,25.948975,500.0,62.999096,0.0,0.8865967,1.0,0.31708515,0.7594769,0.0034240799,0.011769401,-0.0024606204,0.9585928,0.11340332,0.8865967
2162688,7490.298805031008,3.0,26.121338,500.0,63.903088,0.0,0.8861084,1.0,0.31767955,0.7593296,0.003496428,0.013978984,-0.0034930643,0.95182097,0.1138916,0.8861084
2170880,7491.165953045555,3.0,25.786743,500.0,63.056946,0.0,0.88708496,1.0,0.31648892,0.76061106,0.004391881,0.01082607,-0.0010211531,0.9523593,0.11291504,0.88708496
2179072,7480.345084269908,3.0,25.698364,500.0,62.91184,0.0,0.88671875,1.0,0.31693628,0.7605338,0.0012593875,0.010050059,-0.0037656417,0.9496688,0.11328125,0.88671875
2187264,7486.696820243172,3.0,25.52356,500.0,62.57115,0.0,0.8864746,1.0,0.31723392,0.76077944,0.002577312,0.013193052,-0.004019214,0.94400126,0.11352539,0.8864746
2195456,7488.199538064359,3.0,25.67749,500.0,63.337677,0.0,0.8868408,1.0,0.31678724,0.76156884,0.002690051,0.0077018505,-0.0011608743,0.9470043,0.11315918,0.8868408
2203648,7486.941521442646,3.0,25.587158,500.0,63.207832,0.0,0.8873291,1.0,0.3161901,0.76237214,0.00044847,0.009312448,-0.0042077545,0.9518812,0.1126709,0.8873291
2211840,7493.881375491026,3.0,25.56189,500.0,63.190033,0.0,0.8878174,1.0,0.31559098,0.7628852,0.0050083287,0.013013324,-0.0014983339,0.95039386,0.11218262,0.8878174
2220032,7489.978778522519,3.0,25.244873,500.0,62.081734,0.0,0.88720703,1.0,0.31633955,0.76256144,0.0033678724,0.013610725,-0.0034374916,0.95378655,0.11279297,0.88720703
2228224,7479.153196687555,3.0,25.250488,500.0,61.828915,0.0,0.8876953,1.0,0.31574094,0.7629193,0.00032686366,0.010137431,-0.004741853,0.9503124,0.11230469,0.8876953
2236416,7486.8208001851235,3.0,25.321167,500.0,62.218414,0.0,0.88757324,1.0,0.31589076,0.7628772,0.0013939892,0.008861206,-0.003036613,0.9506715,0.11242676,0.88757324
2244608,7491.773566178964,3.0,25.187134,500.0,61.894035,0.0,0.8890381,1.0,0.31408498,0.76445186,0.0008400874,0.009263156,-0.0037914906,0.94588965,0.110961914,0.8890381
2252800,7487.571292746872,3.0,25.422485,500.0,62.64626,0.0,0.8886719,1.0,0.31453803,0.76399773,0.0026295346,0.011522515,-0.003131723,0.9423034,0.111328125,0.8886719
2260992,7495.702562323772,3.0,25.32727,500.0,62.18069,0.0,0.88916016,1.0,0.3139337,0.7642168,0.0031212582,0.011677958,-0.0027177199,0.93924785,0.110839844,0.88916016
2269184,7485.214273079078,3.0,25.240479,500.0,62.186783,0.0,0.8897705,1.0,0.31317556,0.76510274,0.0021385967,0.008724221,-0.0022235136,0.9323808,0.11022949,0.8897705
2277376,7493.673809846798,3.0,25.253662,500.0,62.203575,0.0,0.8911133,1.0,0.31149703,0.7661075,0.00036641606,0.0074987537,-0.0033829608,0.926014,0.10888672,0.8911133
2285568,7493.4384737346,3.0,25.424927,500.0,63.03267,0.0,0.8911133,1.0,0.31149703,0.7664206,0.0011481303,0.010554136,-0.004128937,0.9210095,0.10888672,0.8911133
2293760,7486.359158854518,3.0,25.48413,500.0,63.228825,0.0,0.89086914,1.0,0.3118033,0.7661908,-0.0015195202,0.008171036,-0.0056050383,0.91303027,0.10913086,0.89086914
2301952,7463.516435174978,3.0,25.844238,500.0,64.37058,0.0,0.89172363,1.0,0.31072912,0.76651835,0.0025220378,0.009867082,-0.0024115033,0.89531165,0.10827637,0.89172363
2310144,7490.904644374443,3.0,25.541992,500.0,63.234684,0.0,0.89245605,1.0,0.30980355,0.7671052,0.0036294167,0.013571059,-0.003156113,0.8859196,0.107543945,0.89245605
2318336,7491.051628258747,3.0,25.603882,500.0,63.6185,0.0,0.89208984,1.0,0.3102669,0.7670377,0.0043261326,0.011288987,-0.0013183604,0.87822956,0.107910156,0.89208984
2326528,7474.049638421606,3.0,25.601685,500.0,63.788418,0.0,0.89172363,1.0,0.31072912,0.7669875,0.0010834932,0.010578882,-0.0042059477,0.8741546,0.10827637,0.89172363
2334720,7472.2779569383865,3.0,25.54602,500.0,63.822998,0.0,0.89282227,1.0,0.30933905,0.76823676,0.0037882477,0.0075239097,2.6293012e-05,0.8776045,0.107177734,0.89282227
2342912,7490.742968763626,3.0,25.01477,500.0,62.176205,0.0,0.89294434,1.0,0.309184,0.76879275,0.0016655652,0.012081642,-0.0043752557,0.8795944,0.107055664,0.89294434
2351104,7472.300707155566,3.0,25.003296,500.0,62.336494,0.0,0.8905029,1.0,0.31226182,0.7668589,0.0029051183,0.014801115,-0.004495439,0.87960994,0.10949707,0.8905029
2359296,7492.655760655363,3.0,25.068726,500.0,62.929302,0.0,0.89001465,1.0,0.3128715,0.7667963,0.0047459514,0.013514046,-0.002011071,0.86923784,0.10998535,0.89001465
2367488,7481.208300111087,3.0,24.774658,500.0,61.488403,0.0,0.89208984,1.0,0.3102669,0.76800644,0.0016544648,0.011199736,-0.0039454037,0.8589766,0.107910156,0.89208984
2375680,7489.436755192076,3.0,24.72644,500.0,60.833115,0.0,0.8925781,1.0,0.30964887,0.7678211,0.00040141487,0.011157523,-0.0051773465,0.85175467,0.107421875,0.8925781
2383872,7473.657845682146,3.0,24.545166,500.0,59.96429,0.0,0.8930664,1.0,0.3090288,0.76798,0.0027019095,0.011297946,-0.0029470632,0.844678,0.106933594,0.8930664
2392064,7492.578968807432,3.0,24.6073,500.0,60.576828,0.0,0.8930664,1.0,0.3090288,0.76851773,0.0006803783,0.009800432,-0.0042198375,0.84151125,0.106933594,0.8930664
2400256,7479.902152730489,3.0,24.457764,500.0,59.621655,0.0,0.89282227,1.0,0.30933905,0.7676624,0.0032460247,0.0108820805,-0.0021950146,0.8383767,0.107177734,0.89282227
2408448,7486.279233805297,3.0,24.588257,500.0,59.932884,0.0,0.89172363,1.0,0.31072912,0.7665632,0.003149254,0.008575387,-0.0011384394,0.84080386,0.10827637,0.89172363
2416640,7481.108938708654,3.0,24.886719,500.0,60.951393,0.0,0.89123535,1.0,0.3113437,0.7660163,0.002062459,0.0108458465,-0.0033604633,0.8434802,0.10876465,0.89123535
2424832,7493.896085303695,3.0,24.896362,500.0,60.917114,0.0,0.8919678,1.0,0.3104211,0.7664286,0.00258114,0.01231544,-0.0035765802,0.84193087,0.10803223,0.8919678
2433024,7490.654785008286,3.0,24.943848,500.0,61.276962,0.0,0.89172363,1.0,0.31072912,0.7663776,0.0013829058,0.008936244,-0.0030852156,0.8364914,0.10827637,0.89172363
2441216,7477.136645712681,3.0,24.81958,500.0,60.68138,0.0,0.89294434,1.0,0.309184,0.7673607,0.0026525676,0.010396013,-0.0025454387,0.8342626,0.107055664,0.89294434
2449408,7493.261981350446,3.0,24.876465,500.0,60.872066,0.0,0.892334,1.0,0.3099581,0.76688546,0.0016386787,0.007634313,-0.0021784778,0.83487576,0.107666016,0.892334
2457600,7488.522676709558,3.0,25.290771,500.0,62.463543,0.0,0.89294434,1.0,0.309184,0.76732475,0.0015716576,0.007694453,-0.0022755696,0.83168644,0.107055664,0.89294434
2465792,7484.420234663193,3.0,25.408081,500.0,62.8914,0.0,0.8937988,1.0,0.3080949,0.7676095,-0.0013177185,0.007686469,-0.0051609525,0.8207572,0.10620117,0.8937988
2473984,7485.2061198779265,3.0,25.644165,500.0,63.558964,0.0,0.8937988,1.0,0.3080949,0.76729023,0.0036348714,0.010169176,-0.0014497167,0.8102647,0.10620117,0.8937988
2482176,7486.186261915676,3.0,25.193604,500.0,61.92785,0.0,0.89489746,1.0,0.3066855,0.76838076,0.0020260378,0.011426638,-0.0036872802,0.8070265,0.10510254,0.89489746
2490368,7494.615302131707,3.0,25.130493,500.0,61.56661,0.0,0.8952637,1.0,0.30621335,0.7684999,0.0021587238,0.009646224,-0.0026643877,0.8114524,0.10473633,0.8952637
2498560,7482.6615585570635,3.0,24.92102,500.0,60.98826,0.0,0.89453125,1.0,0.30715647,0.7684888,0.0009120542,0.011519346,-0.0048476197,0.8076217,0.10546875,0.89453125
2506752,7494.128181102788,3.0,24.830566,500.0,60.78123,0.0,0.8935547,1.0,0.3084067,0.76796275,0.003026717,0.012254791,-0.0031006795,0.7990776,0.10644531,0.8935547
2514944,7478.1472266004685,3.0,24.88684,500.0,61.251427,0.0,0.8930664,1.0,0.3090288,0.7680472,0.0031439532,0.012804892,-0.0032584919,0.79402876,0.106933594,0.8930664
2523136,7484.51479302959,3.0,25.022095,500.0,61.10021,0.0,0.89367676,1.0,0.30825087,0.76784706,0.0045423075,0.009223523,-6.945309e-05,0.7905449,0.10632324,0.89367676
2531328,7485.936717208744,3.0,25.176758,500.0,61.74127,0.0,0.8939209,1.0,0.30793884,0.76816785,0.0021094368,0.00793134,-0.0018562325,0.7863584,0.1060791,0.8939209
2539520,7488.2256492423885,3.0,25.21399,500.0,61.772015,0.0,0.89294434,1.0,0.309184,0.76708823,0.0030225553,0.011134191,-0.00254454,0.78173345,0.107055664,0.89294434
2547712,7477.87706067573,3.0,25.26001,500.0,61.955265,0.0,0.89367676,1.0,0.30825087,0.7679862,0.00063643174,0.008488969,-0.0036080524,0.78128815,0.10632324,0.89367676
2555904,7489.892245439272,3.0,25.24585,500.0,62.073772,0.0,0.8964844,1.0,0.30463114,0.77083135,0.00270169,0.009848246,-0.002222433,0.77244794,0.103515625,0.8964844
2564096,7494.131450160375,3.0,25.194214,500.0,61.93576,0.0,0.89819336,1.0,0.30239382,0.772557,-0.00028083174,0.008092444,-0.0043270546,0.764684,0.10180664,0.89819336
2572288,7477.0894593997045,3.0,25.255127,500.0,62.358864,0.0,0.897583,1.0,0.30319586,0.7725095,0.0061377995,0.010766829,0.0007543849,0.7630394,0.10241699,0.897583
2580480,7491.611853058633,3.0,25.36084,500.0,63.069504,0.0,0.89819336,1.0,0.30239382,0.77339894,0.0021661497,0.01040278,-0.0030352406,0.75585955,0.10180664,0.89819336
2588672,7493.7620646998375,3.0,25.230347,500.0,62.89255,0.0,0.8977051,1.0,0.30303574,0.7734406,0.0017810313,0.012657087,-0.004547512,0.75049883,0.10229492,0.8977051
2596864,7492.909021522433,3.0,25.317383,500.0,63.16692,0.0,0.89746094,1.0,0.3033559,0.7733927,0.003693179,0.010964532,-0.0017890866,0.7466474,0.10253906,0.89746094
2605056,7475.620473173827,3.0,25.06311,500.0,62.43428,0.0,0.89782715,1.0,0.3028755,0.77415675,0.0026900584,0.010779089,-0.0026994867,0.7389181,0.10217285,0.89782715
2613248,7484.751199399124,3.0,24.759277,500.0,61.760925,0.0,0.89868164,1.0,0.3017498,0.7755883,0.0024137236,0.010732459,-0.0029525063,0.7354443,0.10131836,0.89868164
2621440,7490.855651028115,3.0,24.693481,500.0,61.774406,0.0,0.9000244,1.0,0.29996744,0.777148,0.00307327,0.010593556,-0.0022235084,0.7398416,0.099975586,0.9000244
2629632,7486.346109750321,3.0,24.775513,500.0,62.124947,0.0,0.89990234,1.0,0.30013016,0.77726984,0.0015753568,0.010330249,-0.0035897677,0.739965,0.100097656,0.89990234
2637824,7496.266753934698,3.0,24.56604,500.0,61.444145,0.0,0.9001465,1.0,0.29980457,0.7775868,0.0024199039,0.009277801,-0.0022189966,0.73178405,0.099853516,0.9001465
2646016,7490.001636651935,3.0,24.663208,500.0,62.073944,0.0,0.90063477,1.0,0.29915175,0.77807605,0.00042462812,0.009686427,-0.0044185854,0.72766316,0.099365234,0.90063477
2654208,7483.830114020374,3.0,23.973633,500.0,59.495647,0.0,0.90197754,1.0,0.297345,0.7793797,0.003447302,0.008967462,-0.0010364291,0.71994346,0.09802246,0.90197754
2662400,7483.300388847097,3.0,23.5531,500.0,58.14089,0.0,0.9024658,1.0,0.29668376,0.7805385,0.0022103754,0.010722695,-0.0031509711,0.7056122,0.09753418,0.9024658
2670592,7481.227846927165,3.0,23.47461,500.0,58.080265,0.0,0.9030762,1.0,0.295854,0.78147554,0.0044829547,0.010001039,-0.00051756523,0.6965048,0.09692383,0.9030762
2678784,7482.073344475233,3.0,23.423584,500.0,58.01747,0.0,0.9033203,1.0,0.2955211,0.7819836,0.0036170557,0.010597223,-0.0016815563,0.6937788,0.09667969,0.9033203
2686976,7490.698876626421,3.0,23.338623,500.0,57.94598,0.0,0.9041748,1.0,0.29435134,0.78292006,0.0025273878,0.009625402,-0.0022853129,0.6896152,0.095825195,0.9041748
2695168,7484.294703971673,3.0,23.146973,500.0,57.11,0.0,0.90563965,1.0,0.2923294,0.78425026,0.0020224387,0.008925477,-0.0024403003,0.6802816,0.09436035,0.90563965
2703360,7468.477366276612,3.0,23.352905,500.0,58.159428,0.0,0.90600586,1.0,0.29182053,0.78487504,0.001027206,0.008039706,-0.0029926472,0.67285377,0.09399414,0.90600586
2711552,7482.827774307833,3.0,23.26355,500.0,58.275566,0.0,0.90734863,1.0,0.28994322,0.78665423,0.0029648403,0.0077591995,-0.00091475964,0.6646814,0.09265137,0.90734863
2719744,7490.107765509012,3.0,22.932861,500.0,57.59835,0.0,0.9074707,1.0,0.28977165,0.7876736,0.0036440378,0.01074706,-0.0017294921,0.65795016,0.0925293,0.9074707
2727936,7488.653245688979,3.0,22.877075,500.0,57.31452,0.0,0.9086914,1.0,0.28804746,0.7885609,0.004111168,0.011091087,-0.0014343751,0.6516971,0.091308594,0.9086914
2736128,7489.105375958786,3.0,22.907959,500.0,57.511677,0.0,0.9086914,1.0,0.28804746,0.7887247,0.0013845422,0.006820791,-0.0020258534,0.645945,0.091308594,0.9086914
2744320,7486.996989271679,3.0,22.86438,500.0,57.3963,0.0,0.907959,1.0,0.2890838,0.788357,0.0031652164,0.011502736,-0.002586152,0.6401815,0.092041016,0.907959
2752512,7485.569769919371,3.0,22.552612,500.0,56.338352,0.0,0.90771484,1.0,0.28942806,0.7885291,0.004473766,0.0132702775,-0.0021613727,0.6316347,0.092285156,0.90771484
2760704,7488.891545814014,3.0,22.190186,500.0,54.97567,0.0,0.90893555,1.0,0.2877007,0.78978884,0.0064779148,0.011667855,0.00064398756,0.62769955,0.09106445,0.90893555
2768896,7475.139070626026,3.0,22.156738,500.0,55.00155,0.0,0.9095459,1.0,0.28683123,0.7904531,0.0018555915,0.011078267,-0.0036835417,0.62875193,0.0904541,0.9095459
2777088,7477.894962633092,3.0,21.987915,500.0,54.331264,0.0,0.9107666,1.0,0.28508034,0.7913563,0.003075265,0.010062874,-0.0019561728,0.6284598,0.0892334,0.9107666
2785280,7490.783795279419,3.0,22.095459,500.0,55.015137,0.0,0.911499,1.0,0.2840221,0.79239047,0.0047384473,0.01009664,-0.00030987305,0.625474,0.08850098,0.911499
2793472,7482.676224355687,3.0,22.09375,500.0,55.12043,0.0,0.9127197,1.0,0.28224534,0.7933688,0.0020966444,0.008158101,-0.001982406,0.62761176,0.08728027,0.9127197
2801664,7498.383638210274,3.0,21.81311,500.0,53.841988,0.0,0.91308594,1.0,0.28170907,0.7935883,0.0021280455,0.0106349895,-0.0031894487,0.62916505,0.08691406,0.91308594
2809856,7487.212342750456,3.0,21.5708,500.0,53.334118,0.0,0.91503906,1.0,0.27882355,0.7959705,0.001950272,0.008268579,-0.0021840185,0.6253793,0.08496094,0.91503906
2818048,7488.7022102301335,3.0,21.21521,500.0,52.1732,0.0,0.91674805,1.0,0.27626264,0.79795325,0.002502509,0.009319498,-0.0021572402,0.6175635,0.08325195,0.91674805
2826240,7478.767380049866,3.0,21.409058,500.0,53.187138,0.0,0.9154053,1.0,0.27827767,0.79699993,0.0042082206,0.010528745,-0.0010561522,0.6168521,0.08459473,0.9154053
2834432,7487.099770068457,3.0,21.171143,500.0,52.615295,0.0,0.9157715,1.0,0.2777302,0.79790866,0.002592824,0.010790174,-0.0028022623,0.60648155,0.084228516,0.9157715
2842624,7484.713699461188,3.0,21.348022,500.0,53.669884,0.0,0.91467285,1.0,0.2793679,0.79730415,0.0034655782,0.008565374,-0.00081710867,0.6078582,0.08532715,0.91467285
2850816,7484.862070978642,3.0,21.506714,500.0,54.470238,0.0,0.914917,1.0,0.27900514,0.79764116,0.0024425918,0.0088233175,-0.001969067,0.61258227,0.08508301,0.914917
2859008,7488.051034202304,3.0,21.51001,500.0,54.625187,0.0,0.9161377,1.0,0.27718118,0.79884875,0.004176622,0.0070996396,0.00062680163,0.60796726,0.083862305,0.9161377
2867200,7490.638454911071,3.0,21.722778,500.0,55.33186,0.0,0.91589355,1.0,0.27754736,0.79838014,0.003687535,0.008523146,-0.0005740391,0.60732514,0.084106445,0.91589355
2875392,7487.692038208441,3.0,21.539185,500.0,55.05298,0.0,0.916626,1.0,0.27644673,0.79957056,0.00063160784,0.00975795,-0.0042473674,0.6141818,0.08337402,0.916626
2883584,7474.249614864386,3.0,21.175781,500.0,53.737503,0.0,0.91711426,1.0,0.27570942,0.8004621,0.0038357235,0.010978324,-0.0016534375,0.62000436,0.08288574,0.91711426
2891776,7493.208054780217,3.0,21.206055,500.0,53.78062,0.0,0.9169922,1.0,0.27589402,0.80011046,0.0036742524,0.009745047,-0.0011982718,0.61877084,0.08300781,0.9169922
2899968,7475.9116216933635,3.0,21.168335,500.0,53.58482,0.0,0.9168701,1.0,0.2760784,0.80033684,0.004973203,0.009270426,0.00033799105,0.616675,0.08312988,0.9168701
2908160,7483.5807263658835,3.0,21.355957,500.0,54.78478,0.0,0.9156494,1.0,0.27791288,0.79994076,0.0017618975,0.009002529,-0.0027393668,0.61416376,0.084350586,0.9156494
2916352,7488.436177268064,3.0,21.370972,500.0,55.003407,0.0,0.9156494,1.0,0.27791288,0.80021024,0.0039189546,0.011054008,-0.0016080494,0.6020856,0.084350586,0.9156494
2924544,7471.941594893294,3.0,21.512695,500.0,55.735294,0.0,0.91796875,1.0,0.27441233,0.8020766,0.0010149203,0.006861589,-0.0024158736,0.5988377,0.08203125,0.91796875
2932736,7489.598374422173,3.0,21.66101,500.0,56.185448,0.0,0.91796875,1.0,0.27441233,0.80194557,0.0023226754,0.010844603,-0.0030996252,0.5971725,0.08203125,0.91796875
2940928,7484.2832922994285,3.0,21.767822,500.0,56.94651,0.0,0.91918945,1.0,0.27254394,0.8034501,0.0045862296,0.009019257,7.660064e-05,0.5946985,0.08081055,0.91918945
2949120,7489.71428745812,3.0,21.8396,500.0,57.227833,0.0,0.9180908,1.0,0.27422628,0.80257154,0.005096707,0.010677209,-0.00024189701,0.59079283,0.08190918,0.9180908
2957312,7486.442347963164,3.0,22.039307,500.0,57.88406,0.0,0.91833496,1.0,0.27385372,0.80256987,0.0035681338,0.007836054,-0.0003498937,0.5870853,0.08166504,0.91833496
2965504,7489.869387977535,3.0,22.235596,500.0,58.592155,0.0,0.91845703,1.0,0.27366716,0.80250263,0.0037300899,0.009465131,-0.0010024756,0.5886836,0.08154297,0.91845703
2973696,7469.258283092262,3.0,21.973389,500.0,57.941715,0.0,0.9194336,1.0,0.27216807,0.8041764,0.0023629332,0.007017991,-0.001146062,0.59232295,0.080566406,0.9194336
2981888,7488.375792049969,3.0,22.188232,500.0,58.79095,0.0,0.9182129,1.0,0.2740401,0.80311143,0.0009570917,0.0099005,-0.003993158,0.59179235,0.08178711,0.9182129
2990080,7485.928562433686,3.0,22.416626,500.0,59.823395,0.0,0.9182129,1.0,0.2740401,0.80338055,0.0026446448,0.007736356,-0.0012235336,0.59212464,0.08178711,0.9182129
2998272,7491.979392974973,3.0,22.476074,500.0,59.933037,0.0,0.9187012,1.0,0.27329347,0.80371237,0.0016252714,0.0076386537,-0.0021940551,0.5852498,0.08129883,0.9187012
3006464,7480.270173044611,3.0,22.361328,500.0,59.25194,0.0,0.9189453,1.0,0.2729191,0.8035954,0.003603253,0.009109724,-0.00095160864,0.56963277,0.08105469,0.9189453
3014656,7488.689152956551,3.0,22.394043,500.0,59.520706,0.0,0.9194336,1.0,0.27216807,0.80451864,0.0034187513,0.010777298,-0.0019698967,0.5669772,0.080566406,0.9194336
3022848,7473.48390937527,3.0,22.701416,500.0,60.384907,0.0,0.9199219,1.0,0.2714141,0.80445457,-0.0004236228,0.0053312653,-0.0030892554,0.57210445,0.080078125,0.9199219
3031040,7492.511981459598,3.0,22.763428,500.0,60.595787,0.0,0.91918945,1.0,0.2725439,0.8038535,0.0018746926,0.009917118,-0.0030838663,0.56989926,0.08081055,0.91918945
3039232,7475.465962221197,3.0,22.721313,500.0,60.412884,0.0,0.9199219,1.0,0.2714141,0.8045154,0.0030779918,0.007883311,-0.0008636642,0.565111,0.080078125,0.9199219
3047424,7489.8187755230165,3.0,22.929443,500.0,60.751472,0.0,0.91955566,1.0,0.27197987,0.8037369,0.0034614354,0.0077112606,-0.00039419584,0.5654608,0.080444336,0.91955566
3055616,7485.051212430682,3.0,23.118652,500.0,61.479244,0.0,0.91796875,1.0,0.27441233,0.8022766,0.002364239,0.009793671,-0.0025325962,0.5578413,0.08203125,0.91796875
3063808,7491.866676900106,3.0,23.110352,500.0,61.381237,0.0,0.9173584,1.0,0.27533972,0.8017398,0.0049285437,0.009021753,0.00041766686,0.55406433,0.0826416,0.9173584
3072000,7488.0037100333475,3.0,23.259521,500.0,61.842754,0.0,0.9177246,1.0,0.27478382,0.8017169,0.0037542714,0.010571969,-0.0015317128,0.55758244,0.08227539,0.9177246
3080192,7486.773491564896,3.0,23.182861,500.0,61.57774,0.0,0.91833496,1.0,0.27385372,0.8022662,0.002447122,0.009105566,-0.0021056607,0.5541211,0.08166504,0.91833496
3088384,7482.7984415799365,3.0,23.17688,500.0,61.748528,0.0,0.91882324,1.0,0.27310634,0.80277777,0.0010053171,0.008216588,-0.003102977,0.5526882,0.08117676,0.91882324
3096576,7491.945087723582,3.0,23.08789,500.0,61.2451,0.0,0.920166,1.0,0.271036,0.803507,0.0031108959,0.008389719,-0.001083964,0.55492973,0.079833984,0.920166
3104768,7481.928341917148,3.0,22.731201,500.0,59.723972,0.0,0.92126465,1.0,0.26932526,0.8042144,0.0062643564,0.008659238,0.001934738,0.54715776,0.07873535,0.92126465
3112960,7494.375002971818,3.0,22.70935,500.0,59.496487,0.0,0.9197998,1.0,0.27160284,0.80261344,0.0037090494,0.010681333,-0.0016316171,0.53849524,0.080200195,0.9197998
3121152,7471.78236158831,3.0,22.631348,500.0,59.34637,0.0,0.9193115,1.0,0.2723561,0.80244446,0.0017849951,0.013007081,-0.004718546,0.5345187,0.08068848,0.9193115
3129344,7480.716405536295,3.0,22.37439,500.0,58.11853,0.0,0.920166,1.0,0.271036,0.80288124,0.0020716307,0.010288242,-0.0030724902,0.5258683,0.079833984,0.920166
3137536,7490.507816696548,3.0,22.346191,500.0,58.15961,0.0,0.9206543,1.0,0.27027756,0.8037084,0.0028995704,0.008630504,-0.0014156816,0.5205055,0.0793457,0.9206543
3145728,7480.486768298431,3.0,21.996704,500.0,56.807915,0.0,0.92004395,1.0,0.27122512,0.8032499,0.0033274582,0.010884761,-0.0021149223,0.51734465,0.079956055,0.92004395
3153920,7489.226170903437,3.0,22.11316,500.0,57.037106,0.0,0.91918945,1.0,0.27254394,0.8018031,0.0071379268,0.011562908,0.001356472,0.5118186,0.08081055,0.91918945
3162112,7485.913883883354,3.0,21.894531,500.0,56.253048,0.0,0.9197998,1.0,0.27160284,0.8027324,0.004569307,0.0094379615,-0.00014967413,0.5087205,0.080200195,0.9197998
3170304,7481.703517603259,3.0,21.5177,500.0,54.429195,0.0,0.9177246,1.0,0.2747838,0.80049574,0.004442923,0.013651868,-0.0023830126,0.5040667,0.08227539,0.9177246
3178496,7492.051271663281,3.0,21.567139,500.0,54.791195,0.0,0.9180908,1.0,0.27422628,0.80085,0.0031966057,0.006578487,-9.263813e-05,0.5061912,0.08190918,0.9180908
3186688,7479.973799864332,3.0,21.694214,500.0,55.102455,0.0,0.9185791,1.0,0.27348042,0.80089235,0.0020165504,0.0067045116,-0.0013357052,0.51049715,0.0814209,0.9185791
3194880,7492.925361521136,3.0,21.823242,500.0,55.738636,0.0,0.92004395,1.0,0.27122512,0.8019188,0.0018355204,0.00458207,-0.00045551456,0.50780207,0.079956055,0.92004395
3203072,7478.226978105125,3.0,21.322021,500.0,53.644756,0.0,0.9211426,1.0,0.2695161,0.80308676,0.0020127431,0.009650608,-0.002812561,0.50932384,0.07885742,0.9211426
3211264,7488.207697787932,3.0,21.228516,500.0,53.14288,0.0,0.92126465,1.0,0.26932526,0.80318314,0.004001216,0.009259027,-0.00062829687,0.5083818,0.07873535,0.92126465
3219456,7483.016812959743,3.0,20.797852,500.0,51.622665,0.0,0.92077637,1.0,0.27008745,0.8030807,0.0017268423,0.0113797635,-0.0039630393,0.50122756,0.07922363,0.92077637
3227648,7488.790348017809,3.0,20.62378,500.0,51.04921,0.0,0.92211914,1.0,0.267984,0.80448735,0.0053825593,0.008763875,0.0010006205,0.49531046,0.07788086,0.92211914
3235840,7483.126003429284,3.0,20.4375,500.0,50.171936,0.0,0.92248535,1.0,0.26740628,0.8047708,0.00040526257,0.009948412,-0.004568943,0.49297374,0.07751465,0.92248535
3244032,7473.319733933871,3.0,20.364258,500.0,49.85552,0.0,0.9222412,1.0,0.26779163,0.8046917,0.003282745,0.009374378,-0.0014044439,0.49081945,0.07775879,0.9222412
3252224,7487.328181942588,3.0,20.239746,500.0,49.20784,0.0,0.92248535,1.0,0.26740628,0.8047692,0.0068961713,0.011064555,0.0013638936,0.4867459,0.07751465,0.92248535
3260416,7489.356764416304,3.0,19.776611,500.0,47.10636,0.0,0.92333984,1.0,0.26605144,0.8056036,0.0023778784,0.00881612,-0.0020301812,0.4802049,0.076660156,0.92333984
3268608,7474.340664594893,3.0,20.134155,500.0,48.84895,0.0,0.9226074,1.0,0.26721334,0.80491805,0.0026370687,0.0076173246,-0.0011715925,0.48248908,0.07739258,0.9226074
3276800,7487.320024135677,3.0,19.884277,500.0,47.944096,0.0,0.9232178,1.0,0.2662456,0.8060602,0.0032993369,0.009521458,-0.0014613927,0.4861877,0.07678223,0.9232178
3284992,7493.054450016301,3.0,20.240112,500.0,49.427204,0.0,0.92419434,1.0,0.2646869,0.80663276,0.004046029,0.0072140666,0.0004389949,0.48381674,0.075805664,0.92419434
3293184,7492.7260184057295,3.0,20.390259,500.0,50.466248,0.0,0.9255371,1.0,0.26252267,0.8082827,0.0060328203,0.0060543995,0.0030056196,0.47878632,0.07446289,0.9255371
3301376,7487.925381688789,3.0,20.162231,500.0,49.632824,0.0,0.92529297,1.0,0.26291803,0.80819976,0.005038698,0.010249181,-8.589198e-05,0.47655988,0.07470703,0.92529297
3309568,7495.633883926303,3.0,20.32837,500.0,50.506958,0.0,0.9260254,1.0,0.26172957,0.80887926,0.0024342148,0.008663264,-0.001897417,0.46256202,0.07397461,0.9260254
3317760,7484.436537659353,3.0,20.091797,500.0,49.601524,0.0,0.92736816,1.0,0.25953123,0.8104623,0.00480748,0.009292966,0.00016099657,0.45593822,0.072631836,0.92736816
3325952,7489.946124293943,3.0,20.052368,500.0,49.4837,0.0,0.9276123,1.0,0.25912875,0.8105022,0.0033089987,0.009824203,-0.0016031036,0.46192592,0.072387695,0.9276123
3334144,7476.155618365025,3.0,20.072754,500.0,49.780037,0.0,0.9301758,1.0,0.25485054,0.81309545,0.0023711033,0.006879193,-0.0010684929,0.4660133,0.06982422,0.9301758
3342336,7483.279201399968,3.0,20.15564,500.0,50.094627,0.0,0.9293213,1.0,0.2562874,0.8123269,0.0021576497,0.009978495,-0.0028315969,0.4631164,0.07067871,0.9293213
3350528,7489.307791315257,3.0,20.054565,500.0,49.757664,0.0,0.92907715,1.0,0.25669593,0.81237185,0.001755779,0.0077019567,-0.0020951992,0.4631793,0.07092285,0.92907715
3358720,7475.9685528255395,3.0,19.904907,500.0,49.145485,0.0,0.928833,1.0,0.25710356,0.81232804,0.0003425117,0.0066785007,-0.0029967392,0.45977452,0.07116699,0.928833
3366912,7482.5931189236135,3.0,19.952759,500.0,49.387333,0.0,0.9295654,1.0,0.25587794,0.8129904,0.0031129946,0.0087593645,-0.0012666881,0.45235437,0.07043457,0.9295654
3375104,7491.440346771734,3.0,19.81311,500.0,48.857277,0.0,0.9300537,1.0,0.25505647,0.813397,0.0040738354,0.010368332,-0.0011103298,0.44831163,0.06994629,0.9300537
3383296,7487.355918619056,3.0,19.986816,500.0,49.523506,0.0,0.93115234,1.0,0.2531949,0.81402576,0.0027139822,0.0060285334,-0.00030028413,0.44270402,0.068847656,0.93115234
3391488,7492.794643526926,3.0,20.010498,500.0,49.80373,0.0,0.93151855,1.0,0.25257024,0.81484294,0.0013825507,0.007636815,-0.002435856,0.4367047,0.068481445,0.93151855
3399680,7491.5889850999965,3.0,19.893188,500.0,49.40417,0.0,0.930542,1.0,0.25423136,0.8144608,0.0054889214,0.010663054,0.00015739456,0.43700683,0.06945801,0.930542
3407872,7489.665309681272,3.0,19.797974,500.0,48.920975,0.0,0.93151855,1.0,0.25257024,0.8153064,0.004044316,0.009029983,-0.0004706749,0.43530732,0.068481445,0.93151855
3416064,7486.636463073344,3.0,19.950073,500.0,49.914967,0.0,0.9321289,1.0,0.25152457,0.8162894,0.0036726927,0.008902958,-0.0007787864,0.43060178,0.067871094,0.9321289
3424256,7492.5234182390695,3.0,19.99768,500.0,50.351048,0.0,0.93151855,1.0,0.25257024,0.81618464,0.0035935214,0.00800061,-0.0004067846,0.42189136,0.068481445,0.93151855
3432448,7494.827824432976,3.0,19.869385,500.0,49.60681,0.0,0.9317627,1.0,0.25215265,0.81624424,0.00276409,0.009903567,-0.002187693,0.41470724,0.068237305,0.9317627
3440640,7477.195222653898,3.0,19.650024,500.0,48.791397,0.0,0.932251,1.0,0.25131473,0.8169942,0.0012558688,0.010089004,-0.003788633,0.4111343,0.06774902,0.932251
3448832,7489.100478948623,3.0,19.338135,500.0,47.531548,0.0,0.93151855,1.0,0.25257024,0.8166226,0.0035461567,0.009000401,-0.00095404335,0.40959266,0.068481445,0.93151855
3457024,7489.245759640025,3.0,19.59729,500.0,48.42702,0.0,0.9316406,1.0,0.2523616,0.81628424,0.0034220899,0.0061636316,0.00034027445,0.40891886,0.068359375,0.9316406
3465216,7491.234549592634,3.0,19.697144,500.0,49.00026,0.0,0.932251,1.0,0.25131473,0.8171032,0.004805925,0.007950701,0.0008305757,0.4023837,0.06774902,0.932251
3473408,7487.523974641595,3.0,19.573975,500.0,48.404263,0.0,0.9321289,1.0,0.25152457,0.8171064,0.0024723792,0.010812659,-0.0029339506,0.39844158,0.067871094,0.9321289
3481600,7494.172313620849,3.0,19.707275,500.0,49.108105,0.0,0.9312744,1.0,0.2529869,0.81641006,0.00378509,0.009374397,-0.0009021086,0.40505558,0.068725586,0.9312744
3489792,7496.166992135728,3.0,19.959229,500.0,50.054916,0.0,0.9317627,1.0,0.25215265,0.8165949,0.002001904,0.0064784046,-0.0012372993,0.40531456,0.068237305,0.9317627
3497984,7491.002632989746,3.0,20.083252,500.0,50.58502,0.0,0.9301758,1.0,0.25485054,0.8151723,0.0065407003,0.010976892,0.0010522546,0.40189406,0.06982422,0.9301758
3506176,7490.375550146768,3.0,20.120361,500.0,50.87039,0.0,0.9301758,1.0,0.25485054,0.815368,0.001977652,0.008581889,-0.0023132921,0.4045449,0.06982422,0.9301758
3514368,7481.444497645265,3.0,19.971191,500.0,50.03154,0.0,0.9313965,1.0,0.2527787,0.81622475,-0.00011252926,0.0089013735,-0.004563216,0.4048057,0.068603516,0.9313965
3522560,7491.128388802117,3.0,19.69934,500.0,48.868366,0.0,0.9317627,1.0,0.25215265,0.8167558,0.0013462135,0.008550223,-0.0029288977,0.3990012,0.068237305,0.9317627
3530752,7482.169472864517,3.0,19.85608,500.0,49.96714,0.0,0.93078613,1.0,0.25381744,0.81637836,0.0006322267,0.0063296263,-0.0025325865,0.39685163,0.06921387,0.93078613
3538944,7491.306413989401,3.0,19.904053,500.0,50.37023,0.0,0.93078613,1.0,0.25381747,0.81661713,0.0034469033,0.007836126,-0.00047116005,0.39991498,0.06921387,0.93078613
3547136,7499.622586258867,3.0,19.758179,500.0,50.16684,0.0,0.9300537,1.0,0.25505647,0.8169201,0.00258097,0.00855277,-0.0016954145,0.3941522,0.06994629,0.9300537
3555328,7493.678712839653,3.0,19.82837,500.0,50.348316,0.0,0.930542,1.0,0.25423133,0.8168092,0.0030102523,0.0085149985,-0.0012472466,0.3867386,0.06945801,0.930542
3563520,7496.682184073313,3.0,19.912598,500.0,50.885025,0.0,0.9317627,1.0,0.25215265,0.81803143,0.0011260398,0.0076393005,-0.0026936103,0.37677756,0.068237305,0.9317627
3571712,7483.657333876679,3.0,20.070923,500.0,51.554737,0.0,0.9309082,1.0,0.25361016,0.81699157,0.0031323757,0.0081866905,-0.0009609688,0.37088034,0.0690918,0.9309082
3579904,7488.122837531995,3.0,20.195679,500.0,51.83446,0.0,0.9309082,1.0,0.25361016,0.8166188,0.003094723,0.01121939,-0.0025149717,0.3712569,0.0690918,0.9309082
3588096,7493.61497443297,3.0,19.779053,500.0,49.905815,0.0,0.932251,1.0,0.25131473,0.8176608,0.003107748,0.011646247,-0.0027153755,0.3650158,0.06774902,0.932251
3596288,7483.810553603636,3.0,19.934937,500.0,50.303196,0.0,0.9324951,1.0,0.2508943,0.81733835,0.0011420152,0.009710545,-0.0037132567,0.36258617,0.06750488,0.9324951
3604480,7489.193523236839,3.0,20.065552,500.0,50.6519,0.0,0.9337158,1.0,0.24877818,0.81814575,0.00050500035,0.006458419,-0.0027242084,0.36539,0.06628418,0.9337158
3612672,7473.776517154471,3.0,20.008667,500.0,50.457607,0.0,0.9343262,1.0,0.24771106,0.81880516,0.003330794,0.0073283454,-0.0003333787,0.36712983,0.06567383,0.9343262
3620864,7486.329798434047,3.0,19.809692,500.0,49.669163,0.0,0.9349365,1.0,0.24663784,0.8194389,0.004142193,0.0073499708,0.00046720717,0.3601874,0.06506348,0.9349365
3629056,7496.988061675634,3.0,19.488403,500.0,48.12372,0.0,0.9354248,1.0,0.24577476,0.8198098,0.0010768874,0.007757653,-0.002801939,0.34986815,0.064575195,0.9354248
3637248,7483.240086428161,3.0,19.670166,500.0,48.65571,0.0,0.9345703,1.0,0.24728252,0.8187734,0.0035598262,0.009546518,-0.0012134336,0.33877218,0.06542969,0.9345703
3645440,7490.414739748616,3.0,19.677124,500.0,48.242947,0.0,0.93481445,1.0,0.24685296,0.8184396,0.0016421047,0.007867955,-0.002291873,0.33969647,0.06518555,0.93481445
3653632,7489.160875854879,3.0,19.706055,500.0,48.206272,0.0,0.93518066,1.0,0.2462068,0.8184815,0.0041739456,0.0061473805,0.0011002538,0.33846557,0.064819336,0.93518066
3661824,7492.714581007743,3.0,19.6698,500.0,48.116173,0.0,0.93652344,1.0,0.24381815,0.8196687,0.005050627,0.008375594,0.00086282974,0.33264008,0.06347656,0.93652344
3670016,7496.127742319738,3.0,19.544067,500.0,47.41621,0.0,0.9366455,1.0,0.24359943,0.8197731,0.004499222,0.009318695,-0.00016012625,0.3300179,0.06335449,0.9366455
3678208,7494.582607462794,3.0,19.533936,500.0,47.437504,0.0,0.93640137,1.0,0.24403654,0.8195794,0.002140932,0.008122042,-0.0019200889,0.32869533,0.06359863,0.93640137
3686400,7476.043377917958,3.0,19.711182,500.0,48.134274,0.0,0.935791,1.0,0.24512485,0.81881315,0.0025941017,0.009135438,-0.0019736174,0.3317566,0.064208984,0.935791
3694592,7495.49489578216,3.0,19.373169,500.0,46.167107,0.0,0.93688965,1.0,0.24316132,0.81952775,0.0039762757,0.008993257,-0.0005203523,0.33656293,0.06311035,0.93688965
3702784,7497.3953919906435,3.0,19.338135,500.0,45.857937,0.0,0.93725586,1.0,0.24250218,0.81970626,0.0040727523,0.008119724,1.2890552e-05,0.33353868,0.06274414,0.93725586
3710976,7492.779938037989,3.0,19.087036,500.0,44.393654,0.0,0.93725586,1.0,0.2425022,0.81959224,0.0011024756,0.008369744,-0.0030823965,0.33724472,0.06274414,0.93725586
3719168,7500.878318498101,3.0,19.145874,500.0,44.7027,0.0,0.9376221,1.0,0.24184068,0.81983984,0.0024097844,0.007588016,-0.0013842236,0.3386531,0.06237793,0.9376221
3727360,7483.267792824285,3.0,18.793335,500.0,43.17615,0.0,0.9395752,1.0,0.2382722,0.82213724,0.0021825335,0.006713512,-0.0011742224,0.33281803,0.060424805,0.9395752
3735552,7495.741807687383,3.0,18.777588,500.0,42.803352,0.0,0.9403076,1.0,0.236916,0.8223447,0.0021819342,0.00879892,-0.0022175256,0.32057512,0.059692383,0.9403076
3743744,7476.866552800985,3.0,18.766357,500.0,42.805878,0.0,0.94189453,1.0,0.23394278,0.8238273,0.0023400334,0.0070853047,-0.001202619,0.3129599,0.05810547,0.94189453
3751936,7488.468818331981,3.0,18.685913,500.0,42.910793,0.0,0.942749,1.0,0.23232155,0.8252721,0.002366002,0.008557608,-0.0019128022,0.3198086,0.057250977,0.942749
3760128,7492.923727518059,3.0,18.51709,500.0,42.111374,0.0,0.94091797,1.0,0.23577817,0.8238322,0.004269515,0.0112867225,-0.0013738468,0.3268101,0.05908203,0.94091797
3768320,7485.297436745378,3.0,18.579346,500.0,42.414474,0.0,0.94018555,1.0,0.23714276,0.82306266,0.0027621922,0.00756372,-0.0010196681,0.31794614,0.059814453,0.94018555
3776512,7496.392686554367,3.0,18.607422,500.0,42.66928,0.0,0.94055176,1.0,0.23646171,0.82339716,0.004621997,0.0086233625,0.00031031645,0.3138956,0.059448242,0.94055176
3784704,7474.558542597912,3.0,18.337158,500.0,41.343716,0.0,0.9411621,1.0,0.23532103,0.82403064,0.0019258216,0.007786045,-0.0019672008,0.31286806,0.05883789,0.9411621
3792896,7491.185551930816,3.0,18.30188,500.0,41.840897,0.0,0.94262695,1.0,0.23255402,0.8259381,0.00472461,0.0076321997,0.0009085103,0.3107894,0.057373047,0.94262695
3801088,7490.715206987085,3.0,18.291748,500.0,41.507694,0.0,0.9428711,1.0,0.23208876,0.8256563,0.004567985,0.0059587,0.0015886351,0.30713055,0.057128906,0.9428711
3809280,7481.581336143085,3.0,18.32373,500.0,41.691616,0.0,0.9428711,1.0,0.23208876,0.82558167,0.0027760002,0.008551441,-0.0014997208,0.30695772,0.057128906,0.9428711
3817472,7495.1417255710185,3.0,18.406006,500.0,42.139374,0.0,0.9423828,1.0,0.23301813,0.82486284,0.0022727724,0.0087466305,-0.0021005431,0.30266276,0.057617188,0.9423828
3825664,7488.494931387995,3.0,18.527588,500.0,43.100723,0.0,0.9415283,1.0,0.23463319,0.824505,0.0041483566,0.009775361,-0.0007393238,0.29496253,0.05847168,0.9415283
3833856,7490.638454911071,3.0,18.428223,500.0,43.094128,0.0,0.9423828,1.0,0.23301813,0.8259456,0.003670049,0.008381704,-0.00052080327,0.28614026,0.057617188,0.9423828
3842048,7480.069874311664,3.0,18.394165,500.0,43.228077,0.0,0.94299316,1.0,0.23185566,0.8265749,0.0024900257,0.007003854,-0.0010119015,0.2869161,0.057006836,0.94299316
3850240,7496.554606139891,3.0,18.425049,500.0,43.521484,0.0,0.9425049,1.0,0.23278621,0.8262353,0.001201652,0.008365571,-0.0029811335,0.2843457,0.057495117,0.9425049
3858432,7497.460830705783,3.0,18.540527,500.0,44.246964,0.0,0.9433594,1.0,0.23115464,0.8271637,-0.00021180944,0.0074602147,-0.003941917,0.28192917,0.056640625,0.9433594
3866624,7475.158585739699,3.0,18.447754,500.0,43.526287,0.0,0.9440918,1.0,0.22974437,0.82742774,0.0031838012,0.00835304,-0.0009927185,0.27922636,0.055908203,0.9440918
3874816,7486.091661310599,3.0,18.41858,500.0,43.252773,0.0,0.94311523,1.0,0.2316223,0.8263499,1.5678233e-06,0.008930455,-0.0044636596,0.27180475,0.056884766,0.94311523
3883008,7495.009295321975,3.0,18.541382,500.0,43.863182,0.0,0.9421387,1.0,0.23348103,0.8254932,0.0027520997,0.008677093,-0.001586447,0.26386392,0.057861328,0.9421387
3891200,7488.917661818304,3.0,18.478638,500.0,43.68044,0.0,0.9403076,1.0,0.236916,0.824405,0.0037364878,0.010963537,-0.0017452799,0.25801748,0.059692383,0.9403076
3899392,7488.480242771579,3.0,18.491089,500.0,44.039326,0.0,0.93811035,1.0,0.24095501,0.82297504,0.00028658332,0.010144495,-0.0047856644,0.25183785,0.06188965,0.93811035
3907584,7494.795127909818,3.0,18.438232,500.0,43.835003,0.0,0.939209,1.0,0.23894657,0.8239294,0.004005122,0.010023124,-0.0010064396,0.24460837,0.060791016,0.939209
3915776,7479.7214126506215,3.0,18.309326,500.0,42.989594,0.0,0.93969727,1.0,0.23804687,0.82426715,0.0023564529,0.007147702,-0.0012173975,0.23760289,0.060302734,0.93969727
3923968,7490.146952308807,3.0,18.23523,500.0,42.939,0.0,0.9403076,1.0,0.236916,0.8252783,0.0030482304,0.0058316723,0.00013239437,0.2321113,0.059692383,0.9403076
3932160,7493.224396083168,3.0,18.539917,500.0,44.578056,0.0,0.939209,1.0,0.23894657,0.8242808,0.0034840785,0.00977863,-0.0014052363,0.22360961,0.060791016,0.939209
3940352,7490.917709375033,3.0,18.473145,500.0,44.53701,0.0,0.93811035,1.0,0.24095501,0.8238027,0.0038840517,0.009932794,-0.0010823454,0.21673691,0.06188965,0.93811035
3948544,7483.833374099771,3.0,18.378052,500.0,44.1881,0.0,0.9370117,1.0,0.24294189,0.823169,0.0033706287,0.008466777,-0.00086276047,0.21711008,0.06298828,0.9370117
3956736,7491.139821358065,3.0,18.32129,500.0,44.308662,0.0,0.9362793,1.0,0.24425472,0.82325065,0.0017654358,0.007911482,-0.002190305,0.21814543,0.0637207,0.9362793
3964928,7490.302070748578,3.0,18.618164,500.0,45.919765,0.0,0.93566895,1.0,0.24534173,0.82282066,0.0027111107,0.008076259,-0.0013270186,0.21913321,0.064331055,0.93566895
3973120,7486.156902851341,3.0,18.822632,500.0,47.01773,0.0,0.93530273,1.0,0.2459909,0.8228223,0.0020932318,0.007982742,-0.0018981383,0.2106547,0.064697266,0.93530273
3981312,7493.887913178416,3.0,18.645874,500.0,45.847897,0.0,0.93603516,1.0,0.2446903,0.8230437,0.0036287182,0.009281696,-0.0010121302,0.20015287,0.063964844,0.93603516
3989504,7475.794508947959,3.0,18.619995,500.0,45.852726,0.0,0.9355469,1.0,0.24555838,0.8228428,0.004597387,0.00888156,0.00015660701,0.19723392,0.064453125,0.9355469
3997696,7493.726108768032,3.0,18.415894,500.0,45.15447,0.0,0.9349365,1.0,0.24663782,0.8230034,0.0025889287,0.0075432,-0.0011826712,0.1968492,0.06506348,0.9349365
4005888,7475.381390509849,3.0,18.802734,500.0,47.05463,0.0,0.9346924,1.0,0.24706785,0.82269526,0.0027070655,0.0065861847,-0.0005860273,0.19829744,0.06530762,0.9346924
4014080,7497.737321886468,3.0,18.689209,500.0,47.007065,0.0,0.9345703,1.0,0.24728252,0.82330465,2.3281551e-05,0.008274848,-0.0041141417,0.1967684,0.06542969,0.9345703
4022272,7477.929139335164,3.0,18.740479,500.0,47.676773,0.0,0.9338379,1.0,0.24856524,0.8233682,0.0015244624,0.006457087,-0.0017040814,0.19035041,0.06616211,0.9338379
4030464,7483.388399527123,3.0,18.891846,500.0,48.517143,0.0,0.93444824,1.0,0.2474969,0.82404757,-0.0006499325,0.007878288,-0.0045890766,0.19437736,0.06555176,0.93444824
4038656,7483.588876026523,3.0,18.839844,500.0,48.359604,0.0,0.9342041,1.0,0.24792498,0.8239177,0.0038436828,0.00871568,-0.0005141555,0.19227274,0.0657959,0.9342041
4046848,7486.739233971752,3.0,18.732178,500.0,48.184948,0.0,0.9346924,1.0,0.24706785,0.82444584,0.0044380846,0.010884408,-0.0010041198,0.18506931,0.06530762,0.9346924
4055040,7489.355131969284,3.0,18.84668,500.0,48.54797,0.0,0.93603516,1.0,0.2446903,0.82522583,0.0020695673,0.0048773484,-0.0003691074,0.17969716,0.063964844,0.93603516
4063232,7492.662296204467,3.0,19.366089,500.0,51.096973,0.0,0.9349365,1.0,0.24663784,0.8243406,0.0028169816,0.007480419,-0.0009232276,0.17940629,0.06506348,0.9349365
4071424,7486.824062870626,3.0,19.542725,500.0,51.717396,0.0,0.9342041,1.0,0.24792497,0.8236321,0.0020601964,0.008876165,-0.002377886,0.18671584,0.0657959,0.9342041
4079616,7491.773566178964,3.0,19.688843,500.0,52.49163,0.0,0.93273926,1.0,0.250473,0.8225456,0.0034973186,0.009564426,-0.001284894,0.18881002,0.06726074,0.93273926
4087808,7497.159822074198,3.0,19.655884,500.0,51.99552,0.0,0.93237305,1.0,0.25110465,0.8216736,0.004636783,0.0075449673,0.0008642987,0.18856174,0.06762695,0.93237305
4096000,7480.946056873477,3.0,19.616943,500.0,51.673424,0.0,0.93322754,1.0,0.24962752,0.8224271,0.0024822198,0.00856591,-0.0018007352,0.18590033,0.06677246,0.93322754
4104192,7490.942206373977,3.0,19.824219,500.0,52.48881,0.0,0.93359375,1.0,0.24899088,0.82254505,-0.0003222693,0.00565927,-0.0031519046,0.18169184,0.06640625,0.93359375
4112384,7492.874707757125,3.0,19.830933,500.0,52.493244,0.0,0.93518066,1.0,0.2462068,0.8238052,0.0038141455,0.008424893,-0.00039830117,0.17756885,0.064819336,0.93518066
4120576,7479.431595440647,3.0,19.553223,500.0,50.855354,0.0,0.9367676,1.0,0.24338053,0.82464707,0.0022169095,0.008533714,-0.0020499476,0.1757369,0.06323242,0.9367676
4128768,7492.503812352782,3.0,19.378174,500.0,49.81492,0.0,0.93640137,1.0,0.24403656,0.8241614,0.0040732617,0.010681075,-0.0012672748,0.17588797,0.06359863,0.93640137
4136960,7492.961309769143,3.0,19.373169,500.0,50.022808,0.0,0.9362793,1.0,0.24425472,0.82443976,0.003191914,0.007240776,-0.00042847346,0.17091063,0.0637207,0.9362793
4145152,7480.996549483816,3.0,19.510376,500.0,50.40527,0.0,0.93566895,1.0,0.24534172,0.8234918,0.0017795872,0.008181878,-0.0023113522,0.15399805,0.064331055,0.93566895
4153344,7488.379056090915,3.0,19.696655,500.0,51.009018,0.0,0.9359131,1.0,0.24490769,0.8233283,0.003904142,0.0073488927,0.00022969567,0.15293695,0.064086914,0.9359131
4161536,7501.435100957947,3.0,19.606567,500.0,50.269363,0.0,0.9376221,1.0,0.24184069,0.824244,0.0005220564,0.006142196,-0.0025490415,0.15095694,0.06237793,0.9376221
4169728,7484.253948159167,3.0,19.373291,500.0,49.339455,0.0,0.93688965,1.0,0.24316134,0.82392335,0.0024010423,0.010977253,-0.0030875853,0.15583871,0.06311035,0.93688965
4177920,7494.433850320883,3.0,19.292969,500.0,48.546764,0.0,0.9376221,1.0,0.24184068,0.8236622,0.0027555109,0.008067901,-0.0012784399,0.16231242,0.06237793,0.9376221
4186112,7484.418604367484,3.0,19.172363,500.0,47.6694,0.0,0.9371338,1.0,0.24272217,0.822945,0.002126451,0.008443298,-0.0020951976,0.15650374,0.06286621,0.9371338
4194304,7494.679057556564,3.0,19.330078,500.0,47.926834,0.0,0.9376221,1.0,0.24184069,0.8226144,0.0019740434,0.007659738,-0.001855826,0.15138702,0.06237793,0.9376221
4202496,7498.033468194217,3.0,19.464722,500.0,48.10956,0.0,0.9375,1.0,0.24206147,0.8218075,0.0040879697,0.0084370095,-0.00013053496,0.14442691,0.0625,0.9375
4210688,7489.425327833781,3.0,19.4552,500.0,47.673153,0.0,0.93847656,1.0,0.24028796,0.82205194,0.0008937437,0.007744329,-0.0029784208,0.14253622,0.061523438,0.93847656
4218880,7493.936946197441,3.0,18.972168,500.0,44.970684,0.0,0.9403076,1.0,0.236916,0.8233986,0.0018885691,0.006472788,-0.0013478247,0.13918892,0.059692383,0.9403076
4227072,7491.474647400901,3.0,18.93628,500.0,44.633736,0.0,0.9415283,1.0,0.23463319,0.82411987,0.0010051089,0.007300147,-0.0026449645,0.13418925,0.05847168,0.9415283
4235264,7496.59222482268,3.0,18.779297,500.0,43.853615,0.0,0.9415283,1.0,0.23463319,0.82410693,0.003759785,0.009510113,-0.0009952723,0.13275875,0.05847168,0.9415283
4243456,7496.561148492386,3.0,18.799316,500.0,44.177883,0.0,0.9415283,1.0,0.23463319,0.8244929,0.0031423392,0.008976722,-0.0013460219,0.1289898,0.05847168,0.9415283
4251648,7491.262315218846,3.0,18.689697,500.0,43.827667,0.0,0.9411621,1.0,0.23532104,0.824359,0.0055271876,0.011149399,-4.7511945e-05,0.12251089,0.05883789,0.9411621
4259840,7501.628356545766,3.0,18.373291,500.0,41.74614,0.0,0.9412842,1.0,0.23509203,0.8240608,0.0007140315,0.008149521,-0.0033607297,0.12808254,0.05871582,0.9412842
4268032,7483.031480150978,3.0,18.312134,500.0,41.679413,0.0,0.9411621,1.0,0.23532103,0.8242489,0.0038442898,0.008278921,-0.0002951715,0.13285716,0.05883789,0.9411621
4276224,7498.665106979006,3.0,18.218628,500.0,41.16679,0.0,0.9420166,1.0,0.23371203,0.824842,0.007220828,0.008148715,0.0031464715,0.13810757,0.0579834,0.9420166
4284416,7482.765849929767,3.0,18.1073,500.0,40.813618,0.0,0.9436035,1.0,0.23068574,0.82654285,0.0032113353,0.007542071,-0.00055970025,0.13728496,0.056396484,0.9436035
4292608,7495.96093518715,3.0,17.829468,500.0,39.311672,0.0,0.9445801,1.0,0.22879806,0.8275732,0.001726186,0.008691313,-0.0026194707,0.13414025,0.055419922,0.9445801
4300800,7479.190640927549,3.0,17.787842,500.0,39.488876,0.0,0.94384766,1.0,0.23021568,0.8273604,0.0043518,0.0077956794,0.0004539598,0.13133651,0.056152344,0.94384766
4308992,7494.4943332815665,3.0,17.527832,500.0,37.94784,0.0,0.9448242,1.0,0.22832304,0.82821167,0.0008852609,0.0060399743,-0.0021347261,0.12960589,0.05517578,0.9448242
4317184,7495.558666173067,3.0,17.714722,500.0,38.861546,0.0,0.94421387,1.0,0.22950824,0.82735765,0.0025721265,0.006825582,-0.00084066443,0.13024974,0.055786133,0.94421387
4325376,7489.474302472003,3.0,17.91565,500.0,40.03569,0.0,0.9448242,1.0,0.22832304,0.8279649,0.0034402348,0.008086756,-0.0006031438,0.13630486,0.05517578,0.9448242
4333568,7495.941311306675,3.0,17.646729,500.0,39.237347,0.0,0.94592285,1.0,0.22616987,0.8298263,0.0030732143,0.0076582963,-0.0007559343,0.14185944,0.05407715,0.94592285
4341760,7479.429967317516,3.0,17.54309,500.0,38.871906,0.0,0.946167,1.0,0.22568786,0.8304312,0.00078778993,0.0052074688,-0.0018159443,0.14562634,0.053833008,0.946167
4349952,7489.632658185908,3.0,17.721436,500.0,39.99405,0.0,0.9458008,1.0,0.22641039,0.8302872,0.0037389307,0.008312739,-0.00041743868,0.1437353,0.05419922,0.9458008
4358144,7485.847015660267,3.0,17.672485,500.0,39.955715,0.0,0.9456787,1.0,0.22665058,0.83046603,0.0029402555,0.0079007745,-0.001010132,0.1389878,0.05432129,0.9456787
4366336,7494.149430028081,3.0,17.734497,500.0,40.432312,0.0,0.9445801,1.0,0.22879806,0.8298133,0.001241084,0.007726494,-0.0026221632,0.13334996,0.055419922,0.9445801
4374528,7492.198300548902,3.0,17.85144,500.0,40.804886,0.0,0.94506836,1.0,0.22784679,0.8297507,0.00021147431,0.0067625465,-0.0031697988,0.13060063,0.05493164,0.94506836
4382720,7487.4733938800555,3.0,18.016724,500.0,41.31243,0.0,0.9445801,1.0,0.22879806,0.8290547,0.0010647599,0.008268186,-0.003069333,0.12933895,0.055419922,0.9445801
4390912,7476.6306442354435,3.0,18.146362,500.0,41.767876,0.0,0.94433594,1.0,0.22927183,0.8284191,0.0018666163,0.008873236,-0.0025700023,0.118877485,0.055664062,0.94433594
4399104,7509.178022417996,3.0,18.30603,500.0,42.16768,0.0,0.9458008,1.0,0.22641039,0.8289461,0.0008320817,0.007894152,-0.003114994,0.10848879,0.05419922,0.9458008
4407296,7476.632271140088,3.0,18.375,500.0,42.314175,0.0,0.94555664,1.0,0.22689046,0.82840616,0.002669104,0.007485043,-0.0010734171,0.10125486,0.05444336,0.94555664
4415488,7489.871020648747,3.0,18.611938,500.0,43.0329,0.0,0.9448242,1.0,0.22832304,0.8270844,0.0059389602,0.0064193956,0.0027292632,0.09728543,0.05517578,0.9448242
4423680,7494.950438935648,3.0,18.620483,500.0,42.966045,0.0,0.94470215,1.0,0.2285607,0.82683897,0.0024118023,0.009867473,-0.0025219345,0.100629,0.05529785,0.94470215
4431872,7492.395981812267,3.0,18.776611,500.0,43.392002,0.0,0.944458,1.0,0.2290351,0.82600284,0.004465632,0.0075550037,0.0006881299,0.10188854,0.055541992,0.944458
4440064,7468.318280587028,3.0,18.964233,500.0,44.378345,0.0,0.94384766,1.0,0.23021568,0.82554454,0.0010284447,0.0072380807,-0.0025905955,0.10125973,0.056152344,0.94384766
4448256,7486.943152837652,3.0,19.391846,500.0,46.433228,0.0,0.9421387,1.0,0.23348102,0.8237786,0.0033039206,0.0078046815,-0.0005984195,0.106876634,0.057861328,0.9421387
4456448,7488.452497764453,3.0,19.517334,500.0,46.923214,0.0,0.9420166,1.0,0.23371205,0.8236347,0.0024247488,0.0072279335,-0.0011892176,0.1108738,0.0579834,0.9420166
4464640,7486.037837895545,3.0,19.564453,500.0,46.973778,0.0,0.94177246,1.0,0.23417321,0.8233861,0.0008056581,0.008363872,-0.0033762772,0.10338962,0.05822754,0.94177246
4472832,7488.587960630127,3.0,19.98645,500.0,48.891212,0.0,0.93933105,1.0,0.23872206,0.82096684,0.003854828,0.010584824,-0.0014375843,0.094539,0.060668945,0.93933105
4481024,7493.263615501055,3.0,19.689575,500.0,47.42697,0.0,0.94140625,1.0,0.23486277,0.822861,0.002087949,0.0064439336,-0.0011340168,0.08947134,0.05859375,0.94140625
4489216,7484.9696847705845,3.0,19.77356,500.0,48.038708,0.0,0.9415283,1.0,0.23463319,0.8232573,0.0065079057,0.0046054977,0.0042051575,0.09561872,0.05847168,0.9415283
4497408,7482.361737053521,3.0,20.048462,500.0,48.859673,0.0,0.94140625,1.0,0.23486277,0.8223613,0.0018594097,0.007302348,-0.0017917647,0.097514845,0.05859375,0.94140625
4505600,7490.02776039925,3.0,19.97876,500.0,48.790104,0.0,0.94177246,1.0,0.23417321,0.8230228,0.0028779178,0.006586991,-0.0004155781,0.090692595,0.05822754,0.94177246
4513792,7490.684179362703,3.0,19.818115,500.0,47.952282,0.0,0.94299316,1.0,0.23185568,0.82384026,0.0021760596,0.008342022,-0.0019949516,0.07741103,0.057006836,0.94299316
4521984,7490.796859858463,3.0,19.605103,500.0,47.243797,0.0,0.9437256,1.0,0.23045087,0.8251045,-0.00036330847,0.008054183,-0.0043904,0.06744082,0.056274414,0.9437256
4530176,7496.335443929995,3.0,19.569946,500.0,46.88755,0.0,0.94421387,1.0,0.22950824,0.8251398,0.0025553133,0.0074712,-0.0011802863,0.0631334,0.055786133,0.94421387
4538368,7484.31426691934,3.0,19.60913,500.0,47.19746,0.0,0.94262695,1.0,0.23255403,0.8240019,0.0015256192,0.009873733,-0.0034112476,0.06455448,0.057373047,0.94262695
4546560,7492.124785384751,3.0,19.326904,500.0,46.425755,0.0,0.9437256,1.0,0.23045087,0.8258773,0.0038711394,0.008174868,-0.00021629425,0.066937335,0.056274414,0.9437256
4554752,7496.386144495907,3.0,19.28711,500.0,46.355244,0.0,0.9439697,1.0,0.22998017,0.82625616,0.0013902464,0.0057402547,-0.0014798808,0.06790737,0.056030273,0.9439697
4562944,7480.35811246225,3.0,19.224487,500.0,46.374218,0.0,0.9449463,1.0,0.22808506,0.8277688,0.0045899665,0.0076558166,0.0007620581,0.0740984,0.05505371,0.9449463
4571136,7489.426960311402,3.0,19.030273,500.0,46.02666,0.0,0.9448242,1.0,0.22832304,0.82848597,0.0054896367,0.0074541625,0.001762555,0.076427296,0.05517578,0.9448242
4579328,7497.827308621738,3.0,19.116821,500.0,46.622784,0.0,0.9451904,1.0,0.22760816,0.8289464,0.0023059146,0.008901555,-0.0021448627,0.07867927,0.05480957,0.9451904
4587520,7485.85353933676,3.0,18.737549,500.0,45.34654,0.0,0.94628906,1.0,0.22544639,0.83084047,0.0010579169,0.006981032,-0.0024325992,0.078192234,0.053710938,0.94628906
4595712,7487.541922818022,3.0,18.562134,500.0,44.181503,0.0,0.94750977,1.0,0.22301348,0.831597,0.0013524,0.0066149198,-0.0019550596,0.0669204,0.052490234,0.94750977
4603904,7479.659539675259,3.0,18.361328,500.0,42.49706,0.0,0.94799805,1.0,0.22203097,0.8313126,0.00083632185,0.008741076,-0.0035342162,0.062120587,0.052001953,0.94799805
4612096,7490.8572841293335,3.0,18.389526,500.0,42.234768,0.0,0.947876,1.0,0.22227709,0.8307259,-0.00027843477,0.008403436,-0.0044801533,0.055791304,0.052124023,0.947876
4620288,7494.149430028081,3.0,18.144165,500.0,40.7715,0.0,0.9498291,1.0,0.21829745,0.83227605,0.0042717443,0.008345693,9.889656e-05,0.054819204,0.0501709,0.9498291
4628480,7494.157602723742,3.0,18.173706,500.0,41.373543,0.0,0.94970703,1.0,0.21854882,0.83270544,0.0010785885,0.0064941808,-0.0021685013,0.059065834,0.05029297,0.94970703
4636672,7490.6172258911365,3.0,18.337524,500.0,41.93707,0.0,0.94885254,1.0,0.22029842,0.8314526,0.002462644,0.0068239323,-0.0009493221,0.055252507,0.05114746,0.94885254
4644864,7484.5734856311865,3.0,18.332275,500.0,42.00909,0.0,0.9486084,1.0,0.22079515,0.8313844,0.004684498,0.0073349136,0.0010170413,0.052552104,0.0513916,0.9486084
4653056,7487.297182370899,3.0,18.308472,500.0,41.714554,0.0,0.9482422,1.0,0.22153768,0.8309143,0.002745475,0.0072338236,-0.00087143644,0.05076602,0.051757812,0.9482422
4661248,7496.440116819687,3.0,18.433472,500.0,42.581383,0.0,0.94763184,1.0,0.22276835,0.8305905,0.00079840363,0.00718338,-0.002793286,0.046066687,0.052368164,0.94763184
4669440,7478.0528290585935,3.0,18.598877,500.0,43.548233,0.0,0.94750977,1.0,0.22301346,0.8305184,0.002545898,0.007748772,-0.0013284871,0.03158526,0.052490234,0.94750977
4677632,7489.854693968659,3.0,18.470825,500.0,42.974873,0.0,0.94750977,1.0,0.22301348,0.83059335,0.0019370203,0.009686852,-0.0029064054,0.017527886,0.052490234,0.94750977
4685824,7482.206947312537,3.0,18.502197,500.0,43.347603,0.0,0.9482422,1.0,0.22153768,0.83137465,0.0041782474,0.0069172573,0.0007196187,0.0117896125,0.051757812,0.9482422
4694016,7491.092458139169,3.0,18.37439,500.0,42.493187,0.0,0.9489746,1.0,0.22004955,0.83193266,0.00039599143,0.005808842,-0.0025084296,0.009685509,0.05102539,0.9489746
4702208,7494.700309605897,3.0,18.473145,500.0,43.264893,0.0,0.94873047,1.0,0.22054698,0.8319385,0.0034508319,0.0069520203,-2.5178888e-05,0.014223449,0.05126953,0.94873047
4710400,7493.972904152534,3.0,18.533081,500.0,43.275513,0.0,0.94873047,1.0,0.22054698,0.83179647,0.001625579,0.0067937304,-0.0017712867,0.012160979,0.05126953,0.94873047
4718592,7481.380967187058,3.0,18.667725,500.0,44.15819,0.0,0.94763184,1.0,0.22276834,0.831028,0.0009239783,0.008050514,-0.003101278,0.009468116,0.052368164,0.94763184
4726784,7484.777286534095,3.0,18.653809,500.0,43.888535,0.0,0.94921875,1.0,0.21955071,0.8322029,0.000707748,0.0068067694,-0.0026956375,0.0016847327,0.05078125,0.94921875
4734976,7478.290455008251,3.0,18.756104,500.0,44.390938,0.0,0.9489746,1.0,0.22004955,0.83196694,0.0022961441,0.008199181,-0.0018034459,-0.004967347,0.05102539,0.9489746
4743168,7492.010431330274,3.0,18.772217,500.0,44.32515,0.0,0.9484863,1.0,0.221043,0.8313221,0.0015590672,0.0061019305,-0.001491898,-0.0059894323,0.051513672,0.9484863
4751360,7475.573305995212,3.0,18.748657,500.0,44.808483,0.0,0.94799805,1.0,0.22203097,0.83160543,0.0056787482,0.008428279,0.0014646084,-0.013284467,0.052001953,0.94799805
4759552,7487.931908988246,3.0,18.773926,500.0,45.31943,0.0,0.9484863,1.0,0.22104299,0.83246535,0.0058893217,0.007082994,0.0023478253,-0.019154973,0.051513672,0.9484863
4767744,7489.662044518925,3.0,18.677612,500.0,45.33148,0.0,0.9493408,1.0,0.21930075,0.83407843,0.0021888455,0.0067846836,-0.0012034968,-0.021027036,0.05065918,0.9493408
4775936,7493.611705825957,3.0,18.809692,500.0,46.185905,0.0,0.94921875,1.0,0.21955071,0.83414984,0.0032342663,0.007095098,-0.00031328286,-0.014967687,0.05078125,0.94921875
4784128,7487.631664990871,3.0,18.5708,500.0,45.245735,0.0,0.9481201,1.0,0.22178447,0.8336077,0.006525453,0.010820645,0.0011151321,-0.011166692,0.051879883,0.9481201
4792320,7474.823590427019,3.0,18.287354,500.0,43.930313,0.0,0.9490967,1.0,0.21980028,0.83491635,0.0023651721,0.0064750942,-0.0008723752,-0.012122467,0.05090332,0.9490967
4800512,7488.889913569793,3.0,18.690796,500.0,46.27388,0.0,0.9486084,1.0,0.22079515,0.8347025,0.0026346268,0.006009997,-0.00037037174,-0.016173355,0.0513916,0.9486084
4808704,7480.6398582238135,3.0,18.496094,500.0,45.35149,0.0,0.94750977,1.0,0.22301348,0.83397746,0.0045147394,0.010541541,-0.0007560317,-0.017450169,0.052490234,0.94750977
4816896,7487.165029181862,3.0,18.43872,500.0,45.044945,0.0,0.94714355,1.0,0.2237468,0.83383703,0.0033472208,0.0069940253,-0.00014979119,-0.019333996,0.052856445,0.94714355
4825088,7476.529777530202,3.0,18.488281,500.0,45.38506,0.0,0.9482422,1.0,0.22153768,0.834978,0.004785331,0.0066036745,0.0014834933,-0.021137089,0.051757812,0.9482422
4833280,7482.215093981344,3.0,18.379028,500.0,45.17793,0.0,0.9468994,1.0,0.22423404,0.8342507,0.0041066436,0.010459832,-0.0011232714,-0.02152992,0.053100586,0.9468994
4841472,7493.072424716511,3.0,18.097534,500.0,44.046158,0.0,0.9465332,1.0,0.22496244,0.83444846,0.00083479215,0.007922506,-0.0031264608,-0.027920775,0.053466797,0.9465332
4849664,7484.076258003078,3.0,17.674927,500.0,42.206524,0.0,0.94714355,1.0,0.2237468,0.8355212,0.0018159489,0.0092393635,-0.0028037324,-0.030368902,0.052856445,0.94714355
4857856,7488.999275505729,3.0,17.717773,500.0,42.628727,0.0,0.9466553,1.0,0.22471997,0.83515084,0.0022678706,0.0076714247,-0.0015678415,-0.031201065,0.053344727,0.9466553
4866048,7485.426262543522,3.0,17.613525,500.0,42.130466,0.0,0.94592285,1.0,0.22616987,0.83480036,0.005106707,0.0093815,0.00041595683,-0.03553368,0.05407715,0.94592285
4874240,7475.568426665877,3.0,17.460327,500.0,41.6674,0.0,0.94677734,1.0,0.22447719,0.8361142,0.0010373555,0.0073428378,-0.0026340634,-0.03806416,0.053222656,0.94677734
4882432,7489.725715698223,3.0,17.480713,500.0,41.996147,0.0,0.9454346,1.0,0.22713,0.83517295,0.0017444172,0.007894279,-0.0022027225,-0.036714017,0.05456543,0.9454346
4890624,7492.154191277286,3.0,17.7229,500.0,43.33058,0.0,0.9440918,1.0,0.22974437,0.8341588,0.005383856,0.008546201,0.001110755,-0.04458996,0.055908203,0.9440918
4898816,7504.5005216715945,3.0,17.749512,500.0,43.327496,0.0,0.9448242,1.0,0.22832304,0.8346113,0.0040855007,0.0060151676,0.0010779167,-0.04425913,0.05517578,0.9448242
4907008,7495.146630484931,3.0,17.6792,500.0,43.26168,0.0,0.94384766,1.0,0.23021568,0.8341534,-0.0008390469,0.008547621,-0.0051128566,-0.045746885,0.056152344,0.94384766
4915200,7489.802449070699,3.0,17.475342,500.0,42.095985,0.0,0.9440918,1.0,0.22974437,0.8341781,0.0023275178,0.005667035,-0.00050599896,-0.050028317,0.055908203,0.9440918
4923392,7485.3382039234275,3.0,17.305298,500.0,41.01675,0.0,0.9453125,1.0,0.22736925,0.83507967,0.0050502312,0.008397714,0.0008513741,-0.053404115,0.0546875,0.9453125
4931584,7481.934858765428,3.0,17.422852,500.0,41.373188,0.0,0.94628906,1.0,0.22544639,0.83546495,0.0024123758,0.003717812,0.00055347,-0.05895482,0.053710938,0.94628906
4939776,7485.737745769252,3.0,17.367798,500.0,41.272747,0.0,0.9465332,1.0,0.22496244,0.8360138,0.003447058,0.005502525,0.0006957954,-0.05719351,0.053466797,0.9465332
4947968,7486.982306531069,3.0,17.4823,500.0,41.518883,0.0,0.94677734,1.0,0.22447719,0.8357327,0.002389621,0.0069171744,-0.0010689667,-0.048189692,0.053222656,0.94677734
4956160,7480.638229574611,3.0,17.415527,500.0,41.3736,0.0,0.9482422,1.0,0.22153768,0.837245,-0.00021554611,0.0062489198,-0.0033400056,-0.043749683,0.051757812,0.9482422
4964352,7485.40343233196,3.0,17.353394,500.0,41.019733,0.0,0.947876,1.0,0.2222771,0.8368925,0.0015618587,0.007281584,-0.0020789334,-0.046812847,0.052124023,0.947876
4972544,7476.785203338119,3.0,17.353271,500.0,40.72591,0.0,0.94836426,1.0,0.2212905,0.8369284,0.0009570009,0.006459755,-0.0022728762,-0.045940027,0.051635742,0.94836426
4980736,7495.094311734166,3.0,17.559204,500.0,41.818142,0.0,0.94836426,1.0,0.2212905,0.8367516,0.003941998,0.008032471,-7.4237934e-05,-0.04926169,0.051635742,0.94836426
4988928,7481.641611831361,3.0,17.808594,500.0,42.998867,0.0,0.94921875,1.0,0.21955071,0.8374007,0.0047152075,0.0054209614,0.0020047268,-0.051968068,0.05078125,0.94921875
4997120,7490.576401191002,3.0,17.841064,500.0,42.973946,0.0,0.9501953,1.0,0.21754122,0.83777374,0.0013606676,0.008158279,-0.0027184715,-0.06302621,0.049804688,0.9501953
5005312,7490.659684051336,3.0,17.85254,500.0,42.810375,0.0,0.95043945,1.0,0.21703525,0.8377106,0.0010550519,0.005458656,-0.0016742761,-0.07345656,0.049560547,0.95043945
5013504,7489.2555540467465,3.0,17.854736,500.0,42.96082,0.0,0.9515381,1.0,0.2147402,0.838717,0.0015619681,0.0066434448,-0.0017597543,-0.08551899,0.048461914,0.9515381
5021696,7491.453413641047,3.0,18.082886,500.0,43.971943,0.0,0.9515381,1.0,0.21474019,0.8384589,0.0023341745,0.0064628525,-0.00089725177,-0.09230291,0.048461914,0.9515381
5029888,7491.128388802117,3.0,18.029541,500.0,43.827915,0.0,0.95288086,1.0,0.21189366,0.83971226,0.0020895102,0.0063048475,-0.0010629136,-0.09305891,0.04711914,0.95288086
5038080,7468.84751023116,3.0,18.090576,500.0,44.093754,0.0,0.9538574,1.0,0.2097938,0.8403714,0.0020580874,0.005430013,-0.000656919,-0.08994667,0.046142578,0.9538574
5046272,7488.0167649167615,3.0,18.148682,500.0,44.37932,0.0,0.9530029,1.0,0.21163255,0.8398101,0.0008506242,0.0076718275,-0.0029852898,-0.08652378,0.04699707,0.9530029
5054464,7488.238704899691,3.0,17.959717,500.0,43.404068,0.0,0.9556885,1.0,0.2057863,0.84222716,0.0035786454,0.004944495,0.0011063976,-0.0896355,0.044311523,0.9556885
5062656,7477.403503655925,3.0,17.881104,500.0,42.87685,0.0,0.9560547,1.0,0.20497346,0.84252685,0.0050732438,0.0061410195,0.0020027338,-0.09758757,0.043945312,0.9560547
5070848,7493.0168668308925,3.0,17.902466,500.0,42.88765,0.0,0.95703125,1.0,0.20278668,0.8432939,0.0025492795,0.005789237,-0.00034534012,-0.103460334,0.04296875,0.95703125
5079040,7496.534979150922,3.0,18.107422,500.0,44.18158,0.0,0.95532227,1.0,0.20659535,0.8421495,0.0052983942,0.007248358,0.0016742153,-0.11103649,0.044677734,0.95532227
5087232,7486.752284446458,3.0,17.750366,500.0,42.727726,0.0,0.9560547,1.0,0.20497346,0.8432379,0.0016824468,0.006974742,-0.0018049246,-0.115521476,0.043945312,0.9560547
5095424,7490.390246199405,3.0,17.672363,500.0,42.829205,0.0,0.9556885,1.0,0.2057863,0.8439076,0.002930136,0.006299964,-0.00021984638,-0.11183316,0.044311523,0.9556885
5103616,7481.275085487719,3.0,17.365479,500.0,41.350002,0.0,0.95654297,1.0,0.20388359,0.84507334,0.0009708111,0.0068558753,-0.002457126,-0.116007775,0.04345703,0.95654297
5111808,7484.858810002949,3.0,17.346313,500.0,41.39579,0.0,0.95544434,1.0,0.20632608,0.8443084,0.0043776203,0.008558382,9.842927e-05,-0.120402895,0.044555664,0.95544434
5120000,7491.381546423917,3.0,17.439697,500.0,42.006584,0.0,0.9550781,1.0,0.20713256,0.8440468,0.0014273622,0.00793619,-0.0025407325,-0.12305503,0.044921875,0.9550781
5128192,7484.262099286158,3.0,17.49707,500.0,42.37576,0.0,0.9543457,1.0,0.20873424,0.84369636,0.0061234743,0.009121204,0.0015628729,-0.12578747,0.045654297,0.9543457
5136384,7486.171582354724,3.0,17.334839,500.0,41.67761,0.0,0.9544678,1.0,0.2084683,0.8439515,0.0036213773,0.009338136,-0.0010476911,-0.12708744,0.045532227,0.9544678
5144576,7490.333095207524,3.0,17.328491,500.0,41.814735,0.0,0.9536133,1.0,0.21032116,0.84353113,0.0014208398,0.007544212,-0.0023512668,-0.124329135,0.04638672,0.9536133
5152768,7484.79685200466,3.0,17.066284,500.0,40.779213,0.0,0.9532471,1.0,0.21110918,0.8439469,0.004704246,0.009004468,0.00020201126,-0.13623759,0.04675293,0.9532471
5160960,7494.227888642254,3.0,17.102417,500.0,41.042416,0.0,0.95214844,1.0,0.21345209,0.8430766,0.002823262,0.007389248,-0.000871361,-0.1410039,0.047851562,0.95214844
5169152,7492.843662240272,3.0,17.17041,500.0,41.61139,0.0,0.9515381,1.0,0.21474019,0.8427455,0.0014559145,0.006023297,-0.0015557341,-0.13937955,0.048461914,0.9515381
5177344,7474.750415835105,3.0,16.904663,500.0,40.099216,0.0,0.9519043,1.0,0.21396847,0.8432385,0.0024615095,0.0071733342,-0.0011251577,-0.14271577,0.048095703,0.9519043
5185536,7493.000526433091,3.0,16.957031,500.0,40.53354,0.0,0.9519043,1.0,0.21396847,0.8430975,0.0029421083,0.0077850027,-0.00095039234,-0.14189923,0.048095703,0.9519043
5193728,7491.773566178964,3.0,16.884033,500.0,39.911022,0.0,0.95202637,1.0,0.21371044,0.8429923,0.002681796,0.004988833,0.00018737954,-0.15018417,0.047973633,0.95202637
5201920,7487.669194173782,3.0,17.03418,500.0,40.90247,0.0,0.9515381,1.0,0.21474019,0.8425673,0.003356239,0.007304691,-0.0002961065,-0.15617663,0.048461914,0.9515381
5210112,7475.641617274695,3.0,17.098633,500.0,41.235577,0.0,0.95214844,1.0,0.21345209,0.8430029,0.003255702,0.0048117684,0.00084981846,-0.15256923,0.047851562,0.95214844
5218304,7489.348602188319,3.0,16.95459,500.0,39.722755,0.0,0.95288086,1.0,0.21189366,0.84284693,0.0015207806,0.006626535,-0.0017924869,-0.1521607,0.04711914,0.95288086
5226496,7490.298805031008,3.0,17.17566,500.0,40.35015,0.0,0.9519043,1.0,0.21396847,0.841187,0.0025187158,0.008090256,-0.0015264117,-0.16039963,0.048095703,0.9519043
5234688,7487.396708222471,3.0,17.025513,500.0,39.34196,0.0,0.9526367,1.0,0.2124147,0.8416846,0.001677148,0.005948454,-0.0012970783,-0.16064268,0.04736328,0.9526367
5242880,7491.566117280968,3.0,17.194214,500.0,40.079685,0.0,0.95251465,1.0,0.2126746,0.8411068,0.0032818974,0.006574711,-5.458249e-06,-0.16401762,0.04748535,0.95251465
5251072,7487.825841782082,3.0,17.291382,500.0,40.22362,0.0,0.9534912,1.0,0.21058422,0.8414711,0.0016265085,0.0062508727,-0.0014989284,-0.17031428,0.04650879,0.9534912
5259264,7493.126349334566,3.0,17.331299,500.0,40.08533,0.0,0.95288086,1.0,0.21189366,0.8405581,0.0037375414,0.007090086,0.0001924985,-0.171058,0.04711914,0.95288086
5267456,7496.435210212683,3.0,17.369019,500.0,40.539753,0.0,0.9539795,1.0,0.2095295,0.8416904,0.0031322099,0.006526529,-0.00013105426,-0.16918334,0.046020508,0.9539795
5275648,7480.532368897556,3.0,17.29187,500.0,40.0766,0.0,0.9556885,1.0,0.20578633,0.84310734,0.003711645,0.006381024,0.00052113284,-0.17375213,0.044311523,0.9556885
5283840,7482.8424407580205,3.0,17.138916,500.0,39.076492,0.0,0.95654297,1.0,0.20388359,0.84386235,0.0062042396,0.0070615485,0.0026734648,-0.17670146,0.04345703,0.95654297
5292032,7488.847475469805,3.0,17.259033,500.0,39.431194,0.0,0.95666504,1.0,0.20361002,0.84338105,0.0025158965,0.009493017,-0.0022306116,-0.18181348,0.04333496,0.95666504
5300224,7491.778466685534,3.0,17.091919,500.0,38.143677,0.0,0.958374,1.0,0.19973294,0.8446342,0.0032322153,0.0067965374,-0.00016605342,-0.18873484,0.041625977,0.958374
5308416,7493.971269692544,3.0,16.914673,500.0,36.954174,0.0,0.95788574,1.0,0.20084979,0.8441508,0.005437726,0.008162677,0.0013563875,-0.18872681,0.042114258,0.95788574
5316608,7475.20249511802,3.0,16.761353,500.0,35.718174,0.0,0.9588623,1.0,0.1986086,0.8446279,0.00052758236,0.0060412805,-0.0024930579,-0.18915224,0.041137695,0.9588623
5324800,7485.876372294029,3.0,16.65503,500.0,35.283672,0.0,0.95947266,1.0,0.19719249,0.84553325,0.00014194258,0.0056701084,-0.0026931113,-0.19271863,0.040527344,0.95947266
5332992,7492.128052694745,3.0,16.918701,500.0,37.11319,0.0,0.958374,1.0,0.19973294,0.84450567,0.0016005229,0.0063616037,-0.0015802796,-0.19012989,0.041625977,0.958374
5341184,7493.6280488895345,3.0,16.849365,500.0,37.060413,0.0,0.95751953,1.0,0.20168261,0.8442354,0.001991069,0.008264473,-0.0021411674,-0.18047991,0.04248047,0.95751953
5349376,7480.025907732873,3.0,16.74585,500.0,36.649387,0.0,0.95703125,1.0,0.20278668,0.84415674,0.0025135442,0.0060839457,-0.0005284284,-0.17937449,0.04296875,0.95703125
5357568,7480.31739951186,3.0,16.698608,500.0,37.05626,0.0,0.9560547,1.0,0.20497346,0.8440032,0.005517122,0.007698351,0.0016679469,-0.1801695,0.043945312,0.9560547
5365760,7484.92239954149,3.0,16.808594,500.0,37.823524,0.0,0.9560547,1.0,0.20497346,0.8441627,0.0036297836,0.0074218265,-8.1129896e-05,-0.18074231,0.043945312,0.9560547
5373952,7472.095960187952,3.0,16.817383,500.0,38.057556,0.0,0.9556885,1.0,0.2057863,0.8440032,0.004557782,0.0060368427,0.0015393603,-0.18276781,0.044311523,0.9556885
5382144,7484.695764841093,3.0,16.783447,500.0,38.040607,0.0,0.95654297,1.0,0.20388359,0.8450481,0.0033711542,0.0062450455,0.00024863132,-0.18228683,0.04345703,0.95654297
5390336,7495.8317465290065,3.0,16.553833,500.0,37.21175,0.0,0.9560547,1.0,0.20497346,0.8453529,0.0038927197,0.008600095,-0.00040732848,-0.18037403,0.043945312,0.9560547
5398528,7474.2805064886,3.0,16.290771,500.0,34.79494,0.0,0.9569092,1.0,0.20306155,0.8454575,0.0046839863,0.007378948,0.0009945123,-0.18507518,0.04309082,0.9569092
5406720,7493.011964704068,3.0,16.414185,500.0,35.721046,0.0,0.95617676,1.0,0.20470163,0.8448922,0.0015903569,0.007423212,-0.0021212497,-0.18551266,0.043823242,0.95617676
5414912,7492.667197873776,3.0,16.522095,500.0,36.70687,0.0,0.9559326,1.0,0.20524484,0.84502685,0.0034382446,0.0050581438,0.0009091735,-0.18719536,0.044067383,0.9559326
5423104,7478.303476044653,3.0,16.441895,500.0,36.45432,0.0,0.9556885,1.0,0.2057863,0.84501123,0.004589726,0.010358711,-0.00058962946,-0.18614933,0.044311523,0.9556885
5431296,7484.659895858747,3.0,16.499756,500.0,37.322723,0.0,0.9560547,1.0,0.20497346,0.84580934,0.0028338593,0.006625517,-0.0004788998,-0.18669337,0.043945312,0.9560547
5439488,7488.1032546691495,3.0,16.513306,500.0,37.251278,0.0,0.95532227,1.0,0.20659535,0.8450837,0.00424097,0.008403463,3.923889e-05,-0.18958855,0.044677734,0.95532227
5447680,7488.0412429458565,3.0,16.769653,500.0,38.8517,0.0,0.9560547,1.0,0.20497346,0.8457358,0.0038801176,0.004499057,0.0016305894,-0.18800841,0.043945312,0.9560547
5455872,7489.645718749891,3.0,16.660034,500.0,38.82071,0.0,0.9538574,1.0,0.2097938,0.84469634,0.0016499534,0.009599106,-0.0031496002,-0.19149071,0.046142578,0.9538574
5464064,7493.108374375643,3.0,16.804565,500.0,39.73884,0.0,0.9523926,1.0,0.21293415,0.84348035,0.003127308,0.009594814,-0.0016700987,-0.1944266,0.047607422,0.9523926
5472256,7485.317004935423,3.0,16.483276,500.0,37.940434,0.0,0.9536133,1.0,0.21032116,0.8449942,0.0019691149,0.006829818,-0.0014457945,-0.20078304,0.04638672,0.9536133
5480448,7487.2710776675185,3.0,16.35559,500.0,37.005383,0.0,0.95336914,1.0,0.21084692,0.8448193,0.006457108,0.008195279,0.0023594685,-0.20580861,0.04663086,0.95336914
5488640,7492.511981459598,3.0,16.304077,500.0,36.62774,0.0,0.9543457,1.0,0.20873424,0.84569323,0.0028367315,0.0058825775,-0.00010455644,-0.20163178,0.045654297,0.9543457
5496832,7482.793552814312,3.0,16.218872,500.0,36.197575,0.0,0.95422363,1.0,0.20899972,0.84574723,0.0008892703,0.009132564,-0.003677012,-0.20051932,0.045776367,0.95422363
5505024,7493.333884651503,3.0,15.992432,500.0,34.943783,0.0,0.9536133,1.0,0.21032116,0.8452312,0.0023200305,0.010666914,-0.003013426,-0.20413819,0.04638672,0.9536133
5513216,7492.649225117662,3.0,15.816406,500.0,33.72537,0.0,0.953125,1.0,0.21137108,0.84486526,0.0023673803,0.008890353,-0.0020777965,-0.21820903,0.046875,0.953125
5521408,7492.631252447772,3.0,15.730469,500.0,33.6027,0.0,0.9526367,1.0,0.2124147,0.8448726,0.003897247,0.010193815,-0.0011996601,-0.2327677,0.04736328,0.9526367
5529600,7485.6888199863315,3.0,15.736084,500.0,34.03349,0.0,0.9515381,1.0,0.21474019,0.84410805,-0.00050801923,0.008893183,-0.004954611,-0.24045911,0.048461914,0.9515381
5537792,7489.995105743579,3.0,15.722656,500.0,33.46902,0.0,0.9506836,1.0,0.21652782,0.8429111,0.006480839,0.0067953244,0.0030831767,-0.23841357,0.049316406,0.9506836
5545984,7489.420430405186,3.0,15.682739,500.0,33.477703,0.0,0.95007324,1.0,0.21779364,0.84272504,0.0029793913,0.008830251,-0.0014357351,-0.23224163,0.049926758,0.95007324
5554176,7482.246051484603,3.0,15.628906,500.0,33.08928,0.0,0.9506836,1.0,0.21652782,0.8430174,0.0015311427,0.0087478245,-0.002842769,-0.2315017,0.049316406,0.9506836
5562368,7486.337954083299,3.0,15.644409,500.0,33.113014,0.0,0.9499512,1.0,0.21804574,0.84226793,0.0044293934,0.008789455,3.4666446e-05,-0.22732085,0.050048828,0.9499512
5570560,7481.44938464828,3.0,15.496826,500.0,31.918259,0.0,0.94970703,1.0,0.21854882,0.8418367,0.0016739806,0.008070001,-0.0023610205,-0.22174966,0.05029297,0.94970703
5578752,7481.30277733505,3.0,15.303223,500.0,30.034,0.0,0.94958496,1.0,0.2187998,0.8414128,0.0018735222,0.009802409,-0.0030276831,-0.22101842,0.05041504,0.94958496
5586944,7482.389436945908,3.0,15.2146,500.0,29.43534,0.0,0.9517822,1.0,0.21422608,0.84340227,0.0005949882,0.005767744,-0.002288884,-0.22651003,0.048217773,0.9517822
5595136,7492.758696878095,3.0,15.312256,500.0,29.548227,0.0,0.9515381,1.0,0.21474019,0.8425673,0.0021614567,0.007971304,-0.0018241957,-0.2270245,0.048461914,0.9515381
5603328,7488.775658242456,3.0,15.315796,500.0,29.846846,0.0,0.9519043,1.0,0.21396847,0.84313786,0.0020225612,0.0070365374,-0.0014957078,-0.21629462,0.048095703,0.9519043
5611520,7485.904098215113,3.0,15.194702,500.0,28.947618,0.0,0.9519043,1.0,0.21396847,0.8431711,0.0018493461,0.008033906,-0.002167607,-0.20803183,0.048095703,0.9519043
5619712,7496.716532720384,3.0,15.029419,500.0,27.984314,0.0,0.95336914,1.0,0.21084692,0.84480083,0.0040920116,0.006136934,0.0010235454,-0.20683569,0.04663086,0.95336914
5627904,7496.777052531076,3.0,15.000732,500.0,27.477184,0.0,0.9550781,1.0,0.20713256,0.8460844,0.00077179185,0.0057254517,-0.0020909342,-0.2072215,0.044921875,0.9550781
5636096,7491.6788243120345,3.0,15.1085205,500.0,28.444979,0.0,0.95495605,1.0,0.20740053,0.8459562,0.0046632453,0.007458786,0.00093385146,-0.21067716,0.045043945,0.95495605
5644288,7491.838906793706,3.0,15.272217,500.0,29.902092,0.0,0.9544678,1.0,0.2084683,0.8455542,-0.0002301964,0.007755916,-0.0041081547,-0.21626285,0.045532227,0.9544678
5652480,7476.819369896913,3.0,15.224121,500.0,29.363796,0.0,0.9560547,1.0,0.20497346,0.84691787,0.0053411187,0.007188842,0.0017466977,-0.22187756,0.043945312,0.9560547
5660672,7494.406061179771,3.0,15.128418,500.0,28.744516,0.0,0.9571533,1.0,0.20251133,0.848009,0.00043345208,0.0061869426,-0.002660019,-0.22467992,0.04284668,0.9571533
5668864,7495.409870282175,3.0,15.159912,500.0,28.0443,0.0,0.95703125,1.0,0.20278668,0.847154,0.0030791292,0.008289137,-0.0010654392,-0.22592902,0.04296875,0.95703125
5677056,7494.685596635829,3.0,15.258667,500.0,28.610075,0.0,0.95739746,1.0,0.2019593,0.8474531,0.004264135,0.009457955,-0.00046484257,-0.22309408,0.04260254,0.95739746
5685248,7496.173533811687,3.0,15.122559,500.0,27.460752,0.0,0.95739746,1.0,0.2019593,0.84749436,0.0035620423,0.008336724,-0.00060632045,-0.2257283,0.04260254,0.95739746
5693440,7492.590405791407,3.0,15.039551,500.0,27.125076,0.0,0.9569092,1.0,0.20306155,0.84767306,0.0046309605,0.008768241,0.00024684012,-0.22427252,0.04309082,0.9569092
5701632,7492.0202329695885,3.0,15.14209,500.0,28.173183,0.0,0.9569092,1.0,0.20306155,0.84771883,0.0083344905,0.007534229,0.0045673763,-0.21714485,0.04309082,0.9569092
5709824,7496.78850233491,3.0,15.049683,500.0,27.19502,0.0,0.95666504,1.0,0.20361002,0.84732944,0.0054744896,0.008376449,0.0012862656,-0.21042973,0.04333496,0.95666504
5718016,7490.240022601688,3.0,15.041992,500.0,27.100159,0.0,0.95751953,1.0,0.20168261,0.84811616,0.00048329926,0.0065986067,-0.0028160042,-0.20072293,0.04248047,0.95751953
5726208,7489.609802308544,3.0,14.984497,500.0,26.42544,0.0,0.9562988,1.0,0.2044294,0.84675425,0.0022378238,0.00975611,-0.0026402306,-0.19638146,0.043701172,0.9562988
5734400,7495.249635160057,3.0,15.046875,500.0,26.9791,0.0,0.95617676,1.0,0.20470163,0.8465492,0.00056024565,0.008688925,-0.0037842172,-0.19512379,0.043823242,0.95617676
5742592,7487.107927395419,3.0,15.042603,500.0,26.766542,0.0,0.95581055,1.0,0.2055158,0.8460842,0.008060653,0.007572268,0.004274519,-0.1971825,0.044189453,0.95581055
5750784,7488.289296001733,3.0,15.009399,500.0,26.965763,0.0,0.95458984,1.0,0.208202,0.8455545,0.004564569,0.009532612,-0.0002017364,-0.20014617,0.045410156,0.95458984
5758976,7487.670825885921,3.0,15.033691,500.0,26.548122,0.0,0.9552002,1.0,0.20686415,0.84553885,0.004637331,0.004740888,0.0022668876,-0.19871911,0.044799805,0.9552002
5767168,7484.053436025667,3.0,14.944458,500.0,25.769537,0.0,0.9562988,1.0,0.2044294,0.8464897,-0.00017671904,0.007408192,-0.0038808146,-0.1976505,0.043701172,0.9562988
5775360,7490.293906459991,3.0,15.011719,500.0,26.843771,0.0,0.95458984,1.0,0.208202,0.8453075,0.0041433848,0.01004773,-0.0008804809,-0.19907334,0.045410156,0.95458984
5783552,7489.004172383542,3.0,15.050903,500.0,27.00076,0.0,0.9534912,1.0,0.21058422,0.844396,0.002864613,0.008293405,-0.0012820908,-0.1957906,0.04650879,0.9534912
5791744,7487.18460713772,3.0,14.917358,500.0,26.638271,0.0,0.95410156,1.0,0.20926483,0.8454181,0.0027169404,0.0077297376,-0.0011479281,-0.19691452,0.045898438,0.95410156
5799936,7486.280864911691,3.0,14.88208,500.0,26.448334,0.0,0.95458984,1.0,0.208202,0.84592336,0.0020752212,0.007291367,-0.001570462,-0.19349732,0.045410156,0.95458984
5808128,7490.277577936212,3.0,14.943115,500.0,26.943842,0.0,0.9539795,1.0,0.2095295,0.84530675,0.0026679824,0.009196444,-0.0019302401,-0.19211829,0.046020508,0.9539795
5816320,7476.066151069471,3.0,14.900269,500.0,26.669577,0.0,0.954834,1.0,0.20766811,0.84599066,0.00040293095,0.008846892,-0.0040205154,-0.19526973,0.045166016,0.954834
5824512,7487.718145847303,3.0,14.719482,500.0,25.00663,0.0,0.95495605,1.0,0.20740053,0.8461415,0.0029854395,0.009802076,-0.0019155985,-0.18766952,0.045043945,0.95495605
5832704,7490.553539553302,3.0,14.720093,500.0,24.817667,0.0,0.9536133,1.0,0.21032116,0.844762,0.0014404143,0.0100354375,-0.0035773055,-0.18553957,0.04638672,0.9536133
5840896,7486.838744990579,3.0,14.83606,500.0,26.414656,0.0,0.9522705,1.0,0.2131933,0.84383667,0.00452658,0.0074819345,0.00078561314,-0.18776205,0.047729492,0.9522705
5849088,7471.113006010856,3.0,14.983643,500.0,27.23549,0.0,0.9526367,1.0,0.2124147,0.84376734,3.7651567e-05,0.008382311,-0.0041535036,-0.18836394,0.04736328,0.9526367
5857280,7489.570621129033,3.0,14.84668,500.0,26.86978,0.0,0.9534912,1.0,0.21058422,0.8454026,0.005284415,0.0069430238,0.0018129038,-0.18584752,0.04650879,0.9534912
5865472,7487.695301653342,3.0,14.78064,500.0,26.252178,0.0,0.9543457,1.0,0.20873424,0.84617376,0.0021920088,0.007175149,-0.0013955655,-0.19142133,0.045654297,0.9543457
5873664,7495.52759841118,3.0,14.698608,500.0,25.56362,0.0,0.95373535,1.0,0.21005768,0.8458196,0.0047678403,0.009217089,0.00015929458,-0.19293165,0.04626465,0.95373535
5881856,7491.749063742275,3.0,14.529297,500.0,24.865538,0.0,0.9544678,1.0,0.2084683,0.8472123,0.0034232738,0.00686376,-8.607109e-06,-0.18484274,0.045532227,0.9544678
5890048,7495.200584961669,3.0,14.460205,500.0,23.74661,0.0,0.9555664,1.0,0.20605642,0.84789103,0.003008148,0.007648109,-0.0008159066,-0.18943477,0.044433594,0.9555664
5898240,7491.164319809745,3.0,14.3671875,500.0,22.597223,0.0,0.95654297,1.0,0.20388359,0.84862006,0.005828072,0.0087956935,0.0014302258,-0.19473821,0.04345703,0.95654297
5906432,7489.400840754857,3.0,14.327637,500.0,22.185575,0.0,0.95703125,1.0,0.20278668,0.8489553,0.003948948,0.0067466097,0.0005756434,-0.19005635,0.04296875,0.95703125
5914624,7493.404155119882,3.0,14.111328,500.0,20.613943,0.0,0.95861816,1.0,0.19917174,0.85090256,0.0009321257,0.0075955475,-0.0028656488,-0.19840717,0.041381836,0.95861816
5922816,7486.235194201305,3.0,14.202148,500.0,21.398348,0.0,0.95910645,1.0,0.19804358,0.8513218,0.0020776375,0.006275488,-0.0010601069,-0.20682375,0.040893555,0.95910645
5931008,7491.185551930816,3.0,14.5078125,500.0,24.099308,0.0,0.9592285,1.0,0.19776039,0.851172,0.0005133641,0.006971172,-0.0029722217,-0.20359027,0.040771484,0.9592285
5939200,7493.3306162897,3.0,14.652954,500.0,25.21207,0.0,0.9604492,1.0,0.1949013,0.8518915,0.0020612804,0.0056043454,-0.0007408918,-0.20538951,0.03955078,0.9604492
5947392,7472.172332744718,3.0,14.829468,500.0,26.431812,0.0,0.95983887,1.0,0.19633698,0.8509909,0.0042792466,0.010229528,-0.00083551696,-0.20868355,0.040161133,0.95983887
5955584,7476.86492579438,3.0,14.862183,500.0,26.422867,0.0,0.9608154,1.0,0.19403385,0.85172254,0.0040420652,0.0070114713,0.0005363291,-0.2079912,0.03918457,0.9608154
5963776,7484.669678274383,3.0,14.612305,500.0,24.194782,0.0,0.9621582,1.0,0.19081351,0.8531023,0.002169453,0.0076151197,-0.0016381063,-0.20526856,0.037841797,0.9621582
5971968,7488.618970891151,3.0,14.75647,500.0,25.329102,0.0,0.9614258,1.0,0.1925779,0.852174,0.0020055543,0.008365267,-0.0021770797,-0.20300658,0.03857422,0.9614258
5980160,7497.2776051819765,3.0,14.787598,500.0,25.34127,0.0,0.9609375,1.0,0.1937437,0.8514731,0.003458167,0.008084405,-0.00058403483,-0.20256974,0.0390625,0.9609375
5988352,7494.343945021284,3.0,14.803467,500.0,25.317326,0.0,0.9609375,1.0,0.1937437,0.8512672,0.0054203016,0.0076787886,0.0015809066,-0.19897315,0.0390625,0.9609375
5996544,7491.391346417786,3.0,14.84729,500.0,25.862745,0.0,0.960083,1.0,0.19576418,0.8505277,0.002901146,0.008345721,-0.0012717156,-0.2036703,0.039916992,0.960083
6004736,7490.832787685814,3.0,15.017456,500.0,26.541826,0.0,0.9595947,1.0,0.19690779,0.8494231,0.0016313182,0.007871464,-0.002304414,-0.20669898,0.040405273,0.9595947
6012928,7487.14545132839,3.0,15.068726,500.0,26.693085,0.0,0.9593506,1.0,0.19747669,0.8489859,0.0014933532,0.0070468076,-0.0020300504,-0.20930186,0.040649414,0.9593506
6021120,7484.348502323847,3.0,15.104858,500.0,27.059267,0.0,0.95861816,1.0,0.19917174,0.8483698,0.00072276714,0.008615371,-0.0035849176,-0.21052676,0.041381836,0.95861816
6029312,7494.038283136781,3.0,15.163208,500.0,27.589205,0.0,0.9584961,1.0,0.19945258,0.8482554,0.00276594,0.007543662,-0.0010058915,-0.21692738,0.041503906,0.9584961
6037504,7491.179018957668,3.0,15.151489,500.0,27.346579,0.0,0.95666504,1.0,0.20361002,0.8465294,0.0021986105,0.010601661,-0.0031022192,-0.22889058,0.04333496,0.95666504
6045696,7475.230142028278,3.0,14.961182,500.0,26.15938,0.0,0.95666504,1.0,0.20361002,0.84680617,0.0026635895,0.00811199,-0.0013924049,-0.2365826,0.04333496,0.95666504
6053888,7484.340351008651,3.0,14.518921,500.0,22.986736,0.0,0.95666504,1.0,0.20361,0.84757876,0.001703613,0.007381431,-0.001987102,-0.24115205,0.04333496,0.95666504
6062080,7483.065703820792,3.0,14.300903,500.0,21.00306,0.0,0.9577637,1.0,0.20112787,0.8487482,0.002269799,0.0075864615,-0.0015234316,-0.23746708,0.042236328,0.9577637
6070272,7490.702142692859,3.0,14.258667,500.0,21.542877,0.0,0.9559326,1.0,0.20524484,0.8477992,0.0020147546,0.0100099975,-0.0029902442,-0.23136866,0.044067383,0.9559326
6078464,7489.746939665226,3.0,14.245239,500.0,21.17356,0.0,0.9556885,1.0,0.2057863,0.84716177,0.00027782485,0.008323625,-0.0038839877,-0.23011404,0.044311523,0.9556885
6086656,7490.10939828415,3.0,14.19165,500.0,21.062038,0.0,0.9559326,1.0,0.20524484,0.84756553,0.0003321254,0.006841636,-0.0030886927,-0.2328211,0.044067383,0.9559326
6094848,7476.9641744931305,3.0,14.209351,500.0,21.17338,0.0,0.95654297,1.0,0.20388359,0.84797096,0.0021745348,0.0062535694,-0.00095224904,-0.23498538,0.04345703,0.95654297
6103040,7496.47446324856,3.0,14.225586,500.0,21.173332,0.0,0.9569092,1.0,0.20306155,0.84807646,-0.0005507822,0.0070128166,-0.004057191,-0.24352896,0.04309082,0.9569092
6111232,7497.98274534313,3.0,14.372314,500.0,21.937567,0.0,0.95703125,1.0,0.20278668,0.847509,0.0010169379,0.0077487202,-0.002857422,-0.24552108,0.04296875,0.95703125
6119424,7477.694791079974,3.0,14.209717,500.0,20.489147,0.0,0.95861816,1.0,0.19917172,0.84914196,0.0056297886,0.005778004,0.0027407864,-0.2448198,0.041381836,0.95861816
6127616,7490.625390884563,3.0,14.131348,500.0,19.53792,0.0,0.9595947,1.0,0.19690779,0.8498843,-0.00013463252,0.0052938284,-0.002781547,-0.23643146,0.040405273,0.9595947
6135808,7492.028401021941,3.0,14.113037,500.0,19.416698,0.0,0.95983887,1.0,0.19633698,0.8501043,0.0014297378,0.009071754,-0.0031061384,-0.22845423,0.040161133,0.95983887
6144000,7484.493598705234,3.0,14.125244,500.0,19.113136,0.0,0.9595947,1.0,0.1969078,0.84969354,0.0051574805,0.006936321,0.0016893201,-0.23236321,0.040405273,0.9595947
6152192,7494.144526419242,3.0,14.334717,500.0,21.10469,0.0,0.9602051,1.0,0.19547707,0.8500364,0.001499749,0.0062021357,-0.0016013186,-0.2393715,0.039794922,0.9602051
6160384,7486.541851089893,3.0,14.348389,500.0,21.792208,0.0,0.9610596,1.0,0.193453,0.85120887,0.0003037708,0.006778743,-0.0030856007,-0.23791282,0.03894043,0.9610596
6168576,7486.346109750321,3.0,14.463135,500.0,21.891163,0.0,0.96032715,1.0,0.19518942,0.849839,0.0023606664,0.008635819,-0.001957243,-0.23635477,0.03967285,0.96032715
6176768,7492.110082525043,3.0,14.521973,500.0,22.674788,0.0,0.9602051,1.0,0.19547707,0.84992117,0.004408909,0.0086077675,0.00010502635,-0.22881576,0.039794922,0.9602051
6184960,7471.92372142908,3.0,14.584351,500.0,22.750515,0.0,0.9604492,1.0,0.1949013,0.84992635,0.0017624199,0.008317726,-0.0023964427,-0.21938264,0.03955078,0.9604492
6193152,7490.24818677281,3.0,14.790649,500.0,25.107931,0.0,0.95983887,1.0,0.19633698,0.8495792,0.005929181,0.0077102976,0.0020740323,-0.21362078,0.040161133,0.95983887
6201344,7496.844116165314,3.0,14.889893,500.0,25.896524,0.0,0.96069336,1.0,0.19432351,0.85037136,0.0033576237,0.0072552934,-0.00027002342,-0.21783078,0.03930664,0.96069336
6209536,7500.054759547854,3.0,14.811401,500.0,24.797913,0.0,0.9605713,1.0,0.19461264,0.8500424,0.004759589,0.0059269792,0.0017960991,-0.22850838,0.03942871,0.9605713
6217728,7495.499801158321,3.0,14.728882,500.0,24.72838,0.0,0.9608154,1.0,0.19403385,0.8509724,0.004484427,0.00739476,0.0007870466,-0.22885907,0.03918457,0.9608154
6225920,7493.103472129084,3.0,14.706299,500.0,25.155481,0.0,0.96069336,1.0,0.19432351,0.8513688,0.0012974401,0.008554519,-0.0029798185,-0.21933556,0.03930664,0.96069336
6234112,7496.7950450956605,3.0,14.674805,500.0,25.175478,0.0,0.95947266,1.0,0.19719249,0.8505181,0.000860694,0.0075314534,-0.0029050326,-0.21936154,0.040527344,0.95947266
6242304,7485.95465777641,3.0,14.632202,500.0,25.172312,0.0,0.9589844,1.0,0.19832635,0.8504748,0.0024458694,0.008025435,-0.0015668483,-0.21556273,0.041015625,0.9589844
6250496,7490.026127659704,3.0,14.652466,500.0,25.641354,0.0,0.95739746,1.0,0.2019593,0.8492429,0.0046818247,0.009167551,9.8049524e-05,-0.20790376,0.04260254,0.95739746
6258688,7494.301445085066,3.0,14.659546,500.0,26.168749,0.0,0.9577637,1.0,0.20112787,0.85005176,0.004448613,0.0074744313,0.00071139744,-0.20754981,0.042236328,0.9577637
6266880,7486.119388826468,3.0,14.684082,500.0,25.92887,0.0,0.9577637,1.0,0.20112787,0.8495617,0.0036758133,0.006654106,0.00034875964,-0.20538384,0.042236328,0.9577637
6275072,7489.012333860794,3.0,14.57019,500.0,24.89091,0.0,0.95874023,1.0,0.19889042,0.85033095,0.0016711148,0.0062903743,-0.0014740718,-0.20689207,0.041259766,0.95874023
6283264,7492.683536817792,3.0,14.747192,500.0,25.955513,0.0,0.9584961,1.0,0.19945258,0.84980047,0.0062154806,0.006548844,0.002941059,-0.20478152,0.041503906,0.9584961
6291456,7500.75059770697,3.0,14.574829,500.0,25.243633,0.0,0.95996094,1.0,0.19605085,0.8518956,0.00015148125,0.0077939117,-0.0037454744,-0.19271398,0.040039062,0.95996094
6299648,7501.8658452686905,3.0,14.574585,500.0,25.217808,0.0,0.960083,1.0,0.19576418,0.8518775,0.0050931964,0.008796765,0.00069481396,-0.18461245,0.039916992,0.960083
6307840,7491.585718260159,3.0,14.44104,500.0,24.04054,0.0,0.9605713,1.0,0.19461264,0.85247743,0.00037767287,0.009242008,-0.004243331,-0.17918864,0.03942871,0.9605713
6316032,7490.762565435666,3.0,14.341431,500.0,22.67347,0.0,0.9604492,1.0,0.1949013,0.852141,0.0006019713,0.0064015733,-0.0025988156,-0.18179137,0.03955078,0.9604492
6324224,7484.4300164523665,3.0,14.397705,500.0,23.029415,0.0,0.95983887,1.0,0.19633698,0.8514646,0.001817453,0.008019895,-0.0021924952,-0.1822857,0.040161133,0.95983887
6332416,7495.843193445494,3.0,14.3479,500.0,22.899302,0.0,0.95996094,1.0,0.19605085,0.85176265,0.0026041428,0.007586548,-0.0011891309,-0.17705333,0.040039062,0.95996094
6340608,7480.2799439889095,3.0,14.322876,500.0,22.655542,0.0,0.9597168,1.0,0.19662265,0.8517169,0.0022438779,0.008495453,-0.002003849,-0.1695313,0.040283203,0.9597168
6348800,7488.808302265948,3.0,14.296387,500.0,22.019533,0.0,0.96032715,1.0,0.19518942,0.85199815,0.0025063273,0.006997265,-0.0009923049,-0.16839796,0.03967285,0.96032715
6356992,7493.325713752342,3.0,14.454224,500.0,23.348904,0.0,0.96069336,1.0,0.19432351,0.8520972,0.00059181964,0.0056942804,-0.00225532,-0.1684207,0.03930664,0.96069336
6365184,7476.5086284049,3.0,14.6571045,500.0,25.049856,0.0,0.960083,1.0,0.19576418,0.85140425,0.0033431116,0.008903354,-0.0011085654,-0.1645219,0.039916992,0.960083
6373376,7503.1960600496095,3.0,14.549194,500.0,24.5016,0.0,0.96118164,1.0,0.19316183,0.85271084,-0.0005619993,0.0063687637,-0.0037463817,-0.16008207,0.03881836,0.96118164
6381568,7492.162359621734,3.0,14.361938,500.0,23.32968,0.0,0.9613037,1.0,0.19287013,0.85344666,0.0029923022,0.008122815,-0.0010691044,-0.16409922,0.03869629,0.9613037
6389760,7492.644323471868,3.0,14.347778,500.0,23.803537,0.0,0.9604492,1.0,0.1949013,0.8531283,0.002825054,0.0076398067,-0.0009948495,-0.15658091,0.03955078,0.9604492
6397952,7480.625200406517,3.0,14.309082,500.0,23.466938,0.0,0.96032715,1.0,0.19518943,0.85315746,0.0043734587,0.0062320353,0.0012574405,-0.15380093,0.03967285,0.96032715
6406144,7489.487362483704,3.0,14.413086,500.0,24.54947,0.0,0.9610596,1.0,0.193453,0.85347426,0.00277763,0.006257755,-0.00035124703,-0.1632416,0.03894043,0.9610596
6414336,7484.826200402302,3.0,14.679932,500.0,26.438892,0.0,0.95996094,1.0,0.19605085,0.8520851,0.0036150217,0.007261021,-1.5489059e-05,-0.1682718,0.040039062,0.95996094
6422528,7496.147367176355,3.0,15.019653,500.0,28.610172,0.0,0.95996094,1.0,0.19605085,0.85116696,0.0029887827,0.007982281,-0.0010023587,-0.16650127,0.040039062,0.95996094
6430720,7493.608437221796,3.0,14.9592285,500.0,28.183632,0.0,0.96069336,1.0,0.19432351,0.8519572,0.00252215,0.006356166,-0.0006559327,-0.17421696,0.03930664,0.96069336
6438912,7488.86542999187,3.0,15.160522,500.0,30.104548,0.0,0.96069336,1.0,0.19432351,0.85194355,0.0017409283,0.007269941,-0.0018940422,-0.17798209,0.03930664,0.96069336
6447104,7488.494931387995,3.0,15.266602,500.0,31.19748,0.0,0.9595947,1.0,0.19690782,0.8513586,0.004343883,0.008662879,1.2444565e-05,-0.17413333,0.040405273,0.9595947
6455296,7489.619597667476,3.0,15.310547,500.0,31.657963,0.0,0.9589844,1.0,0.19832635,0.8510295,0.0026693007,0.007701802,-0.0011816008,-0.17636849,0.041015625,0.9589844
6463488,7496.2782021798275,3.0,15.279297,500.0,31.787218,0.0,0.95874023,1.0,0.19889042,0.85109735,0.00083571416,0.007990157,-0.0031593645,-0.18227576,0.041259766,0.95874023
6471680,7479.245993969104,3.0,15.307739,500.0,31.669245,0.0,0.95788574,1.0,0.20084979,0.8500045,0.0027999172,0.009821484,-0.0021108242,-0.1875426,0.042114258,0.95788574
6479872,7489.443285126759,3.0,15.20752,500.0,31.167088,0.0,0.95861816,1.0,0.19917172,0.85090977,0.0010595523,0.0066052987,-0.002243097,-0.196069,0.041381836,0.95861816
6488064,7495.462193438498,3.0,15.050537,500.0,29.863325,0.0,0.9584961,1.0,0.19945258,0.85061675,0.002944385,0.008970829,-0.0015410294,-0.20566776,0.041503906,0.9584961
6496256,7496.824487660364,3.0,15.006348,500.0,29.396181,0.0,0.9577637,1.0,0.20112787,0.8498354,0.001885836,0.007783605,-0.0020059661,-0.20962778,0.042236328,0.9577637
6504448,7493.783311548998,3.0,15.046875,500.0,29.956902,0.0,0.95788574,1.0,0.20084979,0.8502691,0.002786455,0.007699764,-0.0010634272,-0.20740348,0.042114258,0.95788574
6512640,7492.9629437886115,3.0,15.175903,500.0,30.720812,0.0,0.9580078,1.0,0.2005713,0.85006654,0.0030209082,0.0074195354,-0.0006888601,-0.20600885,0.041992188,0.9580078
6520832,7493.232566761372,3.0,15.033936,500.0,30.170813,0.0,0.95703125,1.0,0.20278668,0.84965074,0.0040451367,0.008707161,-0.0003084446,-0.20984448,0.04296875,0.95703125
6529024,7493.199884155469,3.0,14.920044,500.0,29.593504,0.0,0.95654297,1.0,0.20388359,0.84963953,0.0030864468,0.008126077,-0.0009765924,-0.21901315,0.04345703,0.95654297
6537216,7494.0399176260025,3.0,14.531128,500.0,26.734722,0.0,0.95788574,1.0,0.20084979,0.85128504,1.5019963e-05,0.0063222293,-0.003146094,-0.22536203,0.042114258,0.95788574
6545408,7474.823590427019,3.0,14.454468,500.0,26.571293,0.0,0.958374,1.0,0.19973294,0.8524189,0.002912139,0.0072650095,-0.00072036474,-0.23577407,0.041625977,0.958374
6553600,7489.111905315632,3.0,14.464722,500.0,26.965006,0.0,0.9581299,1.0,0.20029229,0.8524209,0.0023800838,0.008255537,-0.0017476844,-0.2329737,0.041870117,0.9581299
6561792,7481.8354780626605,3.0,14.075562,500.0,23.3994,0.0,0.9589844,1.0,0.19832635,0.85341245,0.0046619093,0.008825147,0.00024933717,-0.23151514,0.041015625,0.9589844
6569984,7495.996912568216,3.0,14.063232,500.0,22.820518,0.0,0.9595947,1.0,0.1969078,0.8535905,0.0030826489,0.007890761,-0.0008627311,-0.2272621,0.040405273,0.9595947
6578176,7491.486081013757,3.0,14.091187,500.0,22.457733,0.0,0.95983887,1.0,0.19633698,0.8532707,0.0007504389,0.0078008873,-0.003150005,-0.22597818,0.040161133,0.95983887
6586368,7469.651238545433,3.0,14.105957,500.0,22.617798,0.0,0.95996094,1.0,0.19605085,0.8535651,0.0037091235,0.009004385,-0.00079306914,-0.23045653,0.040039062,0.95996094
6594560,7480.21806177279,3.0,14.026733,500.0,22.07393,0.0,0.95861816,1.0,0.19917172,0.8528493,0.0053700833,0.010142269,0.00029894983,-0.2338915,0.041381836,0.95861816
6602752,7498.120189497009,3.0,14.043823,500.0,22.150679,0.0,0.9595947,1.0,0.1969078,0.8538035,0.0047547403,0.00813414,0.00068767066,-0.2362468,0.040405273,0.9595947
6610944,7477.4555757194985,3.0,14.151123,500.0,23.543201,0.0,0.9588623,1.0,0.1986086,0.8533943,0.007850774,0.009248976,0.0032262858,-0.2372311,0.041137695,0.9588623
6619136,7486.202572606478,3.0,14.182495,500.0,23.214706,0.0,0.9584961,1.0,0.19945258,0.85256886,0.0052128355,0.008319311,0.0010531796,-0.23592307,0.041503906,0.9584961
6627328,7495.26598536885,3.0,14.080444,500.0,21.955137,0.0,0.9580078,1.0,0.2005713,0.8520669,0.0045924406,0.009132119,2.6381575e-05,-0.23902924,0.041992188,0.9580078
6635520,7480.19689177601,3.0,14.232056,500.0,22.68206,0.0,0.9571533,1.0,0.20251133,0.85065526,0.003018829,0.009655631,-0.0018089865,-0.2425744,0.04284668,0.9571533
6643712,7491.13818813365,3.0,14.124023,500.0,21.427446,0.0,0.95825195,1.0,0.20001286,0.85151935,0.0028157323,0.006041346,-0.00020494103,-0.24051696,0.041748047,0.95825195
6651904,7495.789229716711,3.0,14.178955,500.0,22.712635,0.0,0.95666504,1.0,0.20361,0.850586,0.0037208395,0.008715051,-0.0006366855,-0.233107,0.04333496,0.95666504
6660096,7472.242206876995,3.0,14.200806,500.0,23.140158,0.0,0.9556885,1.0,0.2057863,0.8498379,0.0067046084,0.009318975,0.002045121,-0.23226887,0.044311523,0.9556885
6668288,7486.982306531069,3.0,14.083618,500.0,21.637499,0.0,0.954834,1.0,0.20766811,0.84884214,0.00476376,0.00961348,-4.2980246e-05,-0.2327414,0.045166016,0.954834
6676480,7489.351867077378,3.0,14.156006,500.0,22.464693,0.0,0.9550781,1.0,0.20713256,0.849026,0.0020741085,0.008797367,-0.002324575,-0.23439342,0.044921875,0.9550781
6684672,7496.090128298436,3.0,14.059814,500.0,21.809452,0.0,0.954834,1.0,0.20766811,0.84906256,0.001976064,0.008041106,-0.0020444894,-0.23753452,0.045166016,0.954834
6692864,7493.206420653842,3.0,14.255005,500.0,23.9762,0.0,0.9536133,1.0,0.21032116,0.8481201,0.0013094603,0.009448162,-0.0034146206,-0.23233756,0.04638672,0.9536133
6701056,7494.394618652154,3.0,14.447388,500.0,25.64505,0.0,0.953125,1.0,0.21137108,0.8472645,0.0006731959,0.008610241,-0.003631924,-0.23472226,0.046875,0.953125
6709248,7483.864344995704,3.0,14.452759,500.0,25.68065,0.0,0.9523926,1.0,0.21293415,0.8465124,0.0028933692,0.009808539,-0.0020109005,-0.2494159,0.047607422,0.9523926
6717440,7494.968422733398,3.0,14.421753,500.0,25.583101,0.0,0.951416,1.0,0.2149967,0.8458066,0.0042065047,0.009283552,-0.000435271,-0.25869974,0.048583984,0.951416
6725632,7491.214950450992,3.0,14.515991,500.0,26.364042,0.0,0.9523926,1.0,0.21293415,0.8466431,0.0050781774,0.007254134,0.0014511095,-0.26236415,0.047607422,0.9523926
6733824,7478.992027934552,3.0,14.470947,500.0,26.02576,0.0,0.95251465,1.0,0.2126746,0.8468165,0.003740904,0.008801746,-0.0006599686,-0.25949618,0.04748535,0.95251465
6742016,7493.806192905911,3.0,14.519287,500.0,27.014294,0.0,0.9522705,1.0,0.2131933,0.8468736,0.0044554756,0.008335672,0.00028763962,-0.25499472,0.047729492,0.9522705
6750208,7471.764488885883,3.0,14.369873,500.0,25.917408,0.0,0.9534912,1.0,0.21058422,0.8481924,0.0052409964,0.0075507616,0.0014656151,-0.2482124,0.04650879,0.9534912
6758400,7491.620020220551,3.0,14.493042,500.0,26.999681,0.0,0.95288086,1.0,0.21189366,0.84764767,0.0042775106,0.008894954,-0.00016996713,-0.2472466,0.04711914,0.95288086
6766592,7494.307983505418,3.0,14.658569,500.0,28.480724,0.0,0.9527588,1.0,0.21215436,0.84742206,0.007257379,0.009752516,0.0023811208,-0.24192989,0.04724121,0.9527588
6774784,7485.328419760198,3.0,14.523926,500.0,26.479567,0.0,0.9526367,1.0,0.2124147,0.84658223,0.0035019012,0.008034857,-0.00051552744,-0.24089503,0.04736328,0.9526367
6782976,7489.861224632153,3.0,14.661377,500.0,27.733568,0.0,0.9536133,1.0,0.21032116,0.847524,0.0011894827,0.0057296655,-0.00167535,-0.23739344,0.04638672,0.9536133
6791168,7483.16511720847,3.0,14.764404,500.0,28.300915,0.0,0.9536133,1.0,0.21032116,0.8472917,0.0020861235,0.010086926,-0.0029573392,-0.2337017,0.04638672,0.9536133
6799360,7491.9009814334195,3.0,14.751831,500.0,28.78204,0.0,0.9527588,1.0,0.21215436,0.847099,0.0042864745,0.0085018445,3.5551857e-05,-0.23854744,0.04724121,0.9527588
6807552,7485.150678581131,3.0,14.705933,500.0,28.242075,0.0,0.9530029,1.0,0.21163255,0.8470992,0.0027375286,0.008244955,-0.0013849485,-0.23704097,0.04699707,0.9530029
6815744,7487.383655501025,3.0,14.52124,500.0,26.905378,0.0,0.9539795,1.0,0.2095295,0.8481237,0.0005289528,0.008669917,-0.0038060048,-0.23085175,0.046020508,0.9539795
6823936,7472.199957245469,3.0,14.46582,500.0,26.494888,0.0,0.9550781,1.0,0.20713256,0.8494189,0.005210068,0.0067625283,0.0018288029,-0.23788473,0.044921875,0.9550781
6832128,7493.163933618262,3.0,14.619751,500.0,27.534851,0.0,0.95410156,1.0,0.20926483,0.8483621,0.0019769608,0.009750872,-0.0028984754,-0.237932,0.045898438,0.95410156
6840320,7489.062935416802,3.0,14.547241,500.0,26.794027,0.0,0.95373535,1.0,0.21005766,0.84780955,0.0016074538,0.010048169,-0.0034166307,-0.23860383,0.04626465,0.95373535
6848512,7493.98761432453,3.0,14.523315,500.0,26.26366,0.0,0.9536133,1.0,0.21032116,0.8474276,0.0013466045,0.006436839,-0.0018718151,-0.24270818,0.04638672,0.9536133
6856704,7489.707757050864,3.0,14.508301,500.0,26.111963,0.0,0.9543457,1.0,0.20873424,0.8481711,0.005234422,0.009380362,0.00054424186,-0.2432809,0.045654297,0.9543457
6864896,7498.293638120777,3.0,14.479492,500.0,25.63305,0.0,0.9543457,1.0,0.20873424,0.8480768,0.0034146246,0.008273525,-0.0007221381,-0.24884865,0.045654297,0.9543457
6873088,7490.264515168446,3.0,14.449219,500.0,25.636595,0.0,0.95458984,1.0,0.208202,0.84855855,0.0043113222,0.0082464265,0.00018810807,-0.25035512,0.045410156,0.95458984
6881280,7481.30277733505,3.0,14.269531,500.0,23.882906,0.0,0.95544434,1.0,0.20632608,0.8494241,0.0040759956,0.007545911,0.00030304107,-0.2499438,0.044555664,0.95544434
6889472,7492.938433571411,3.0,14.267822,500.0,24.549467,0.0,0.95617676,1.0,0.20470163,0.85062665,0.0013444712,0.00643374,-0.0018723994,-0.2513833,0.043823242,0.95617676
6897664,7475.465962221197,3.0,14.281128,500.0,25.374985,0.0,0.95544434,1.0,0.20632608,0.8505867,0.000351183,0.0059681283,-0.002632881,-0.24940753,0.044555664,0.95544434
6905856,7489.118434683863,3.0,14.223389,500.0,25.199886,0.0,0.95654297,1.0,0.20388359,0.8518351,0.0045494447,0.0079227025,0.00058809377,-0.24853653,0.04345703,0.95654297
6914048,7474.439846289889,3.0,14.307617,500.0,24.997272,0.0,0.95703125,1.0,0.20278668,0.8512864,0.004647955,0.007774463,0.000760723,-0.24739097,0.04296875,0.95703125
6922240,7488.922558589386,3.0,14.401978,500.0,25.506346,0.0,0.9576416,1.0,0.20140547,0.85141027,0.0023273893,0.0059209038,-0.00063306274,-0.25053987,0.0423584,0.9576416
6930432,7491.907515665859,3.0,14.442017,500.0,26.05717,0.0,0.95788574,1.0,0.20084979,0.8518164,0.0043139053,0.006962691,0.0008325592,-0.25065416,0.042114258,0.95788574
6938624,7483.559537331289,3.0,14.444702,500.0,26.018692,0.0,0.95861816,1.0,0.19917172,0.85233283,0.0036169796,0.0063139806,0.00045998942,-0.25335938,0.041381836,0.95861816
6946816,7491.103890585447,3.0,14.390747,500.0,25.898024,0.0,0.96032715,1.0,0.19518942,0.8539194,0.0030901388,0.0064424668,-0.00013109553,-0.25604555,0.03967285,0.96032715
6955008,7491.953255612085,3.0,14.234253,500.0,24.706205,0.0,0.96069336,1.0,0.19432351,0.85453653,0.004450403,0.008647659,0.00012657349,-0.25817397,0.03930664,0.96069336
6963200,7490.955271505593,3.0,14.206787,500.0,25.164852,0.0,0.9602051,1.0,0.19547707,0.8546838,0.005129351,0.00855865,0.0008500272,-0.26128024,0.039794922,0.9602051
6971392,7502.424412498488,3.0,14.20459,500.0,25.585571,0.0,0.9602051,1.0,0.19547707,0.8550734,0.00074465026,0.008427747,-0.0034692227,-0.27223748,0.039794922,0.9602051
6979584,7490.386980404946,3.0,14.322632,500.0,25.702375,0.0,0.95996094,1.0,0.19605085,0.853979,0.0025848113,0.008043441,-0.0014369087,-0.27069855,0.040039062,0.95996094
6987776,7484.387628883945,3.0,14.519287,500.0,27.010475,0.0,0.96118164,1.0,0.19316183,0.8544216,-0.00072388316,0.0059508365,-0.0036993015,-0.2690741,0.03881836,0.96118164
6995968,7498.36727439694,3.0,14.520142,500.0,26.549458,0.0,0.9614258,1.0,0.1925779,0.8542354,0.004283555,0.006653942,0.00095658435,-0.28017443,0.03857422,0.9614258
7004160,7495.86772266998,3.0,14.635986,500.0,27.047453,0.0,0.9608154,1.0,0.19403385,0.85313773,0.0026236142,0.007944517,-0.0013486445,-0.28558224,0.03918457,0.9608154
7012352,7484.865331957177,3.0,14.519165,500.0,26.161116,0.0,0.96154785,1.0,0.19228514,0.8539916,0.004111734,0.0060132747,0.0011050964,-0.2907061,0.03845215,0.96154785
7020544,7489.433490229005,3.0,14.440674,500.0,25.070425,0.0,0.9628906,1.0,0.18902981,0.8548353,0.0023487222,0.0060609705,-0.00068176305,-0.29616,0.037109375,0.9628906
7028736,7490.011433035823,3.0,14.578125,500.0,25.982174,0.0,0.96325684,1.0,0.18813053,0.8549863,0.0047254777,0.006487328,0.0014818136,-0.30439228,0.036743164,0.96325684
7036928,7482.242792787986,3.0,14.563232,500.0,25.683525,0.0,0.9625244,1.0,0.18992409,0.85425663,0.0033569883,0.0070742457,-0.00018013471,-0.30441284,0.037475586,0.9625244
7045120,7483.70134315602,3.0,14.653442,500.0,26.782032,0.0,0.961792,1.0,0.19169806,0.8539187,0.0058139293,0.008152946,0.0017374565,-0.3100788,0.038208008,0.961792
7053312,7482.5751944645945,3.0,14.866577,500.0,27.952915,0.0,0.9610596,1.0,0.193453,0.8526159,0.0033581175,0.007971402,-0.00062758353,-0.3154808,0.03894043,0.9610596
7061504,7493.407423545835,3.0,14.928589,500.0,27.97638,0.0,0.9609375,1.0,0.1937437,0.8520636,0.0038778374,0.0078981705,-7.1247225e-05,-0.3144326,0.0390625,0.9609375
7069696,7479.90052440249,3.0,14.973022,500.0,28.32514,0.0,0.9605713,1.0,0.19461267,0.8517742,0.00397427,0.007117989,0.00041527557,-0.31413054,0.03942871,0.9605713
7077888,7495.316671469436,3.0,15.062988,500.0,28.904472,0.0,0.9613037,1.0,0.19287013,0.85223293,0.0019343157,0.0071074395,-0.0016194042,-0.31225836,0.03869629,0.9613037
7086080,7488.682624336835,3.0,15.081299,500.0,28.466463,0.0,0.96203613,1.0,0.19110888,0.85231334,0.005061592,0.007748221,0.0011874804,-0.3039921,0.037963867,0.96203613
7094272,7473.462777478344,3.0,15.019775,500.0,27.047401,0.0,0.9621582,1.0,0.19081351,0.85163903,0.0051233736,0.007255672,0.0014955377,-0.30032974,0.037841797,0.9621582
7102464,7491.72456146586,3.0,15.180542,500.0,28.052671,0.0,0.9622803,1.0,0.19051756,0.8515123,0.004090122,0.007422834,0.00037870446,-0.29518378,0.037719727,0.9622803
7110656,7493.253810608095,3.0,15.0928955,500.0,27.81463,0.0,0.9626465,1.0,0.18962656,0.8523614,0.010915205,0.0053330236,0.00824869,-0.29232073,0.037353516,0.9626465
7118848,7481.304406273631,3.0,14.931885,500.0,26.748152,0.0,0.96313477,1.0,0.18843086,0.85313904,0.001224285,0.0067906696,-0.0021710498,-0.29448208,0.036865234,0.96313477
7127040,7478.290455008251,3.0,14.917236,500.0,26.68444,0.0,0.96398926,1.0,0.18631683,0.8540131,0.00017562986,0.005773639,-0.002711189,-0.2965058,0.036010742,0.96398926
7135232,7491.662489749579,3.0,14.965698,500.0,26.463615,0.0,0.9633789,1.0,0.18782969,0.85284364,0.0053427746,0.007999242,0.0013431539,-0.2915163,0.036621094,0.9633789
7143424,7494.433850320883,3.0,15.0772705,500.0,27.487835,0.0,0.961792,1.0,0.19169806,0.85142606,0.0037250402,0.008083414,-0.0003166668,-0.2929549,0.038208008,0.961792
7151616,7476.074284371492,3.0,14.865356,500.0,26.093601,0.0,0.9628906,1.0,0.18902981,0.85270214,0.0033332014,0.0041878405,0.0012392818,-0.2891911,0.037109375,0.9628906
7159808,7480.6300863392335,3.0,14.937378,500.0,26.360168,0.0,0.96276855,1.0,0.18932843,0.85234547,0.002359849,0.00824883,-0.0017645664,-0.2914353,0.037231445,0.96276855
7168000,7494.1608718069965,3.0,14.77771,500.0,24.734741,0.0,0.9633789,1.0,0.18782969,0.85275745,0.009269794,0.0072199693,0.0056598103,-0.29047808,0.036621094,0.9633789
7176192,7476.022231544354,3.0,14.70752,500.0,24.624989,0.0,0.96435547,1.0,0.18540226,0.8541614,0.0022073325,0.004906892,-0.00024611404,-0.28613263,0.03564453,0.96435547
7184384,7485.915514830548,3.0,14.848511,500.0,25.932043,0.0,0.9638672,1.0,0.18662056,0.8537301,0.005402139,0.007245231,0.0017795245,-0.2868545,0.036132812,0.9638672
7192576,7489.284937420619,3.0,14.941284,500.0,26.260044,0.0,0.963501,1.0,0.18752825,0.85303164,0.0034276089,0.005803498,0.0005258594,-0.28322574,0.036499023,0.963501
7200768,7482.347072487641,3.0,14.908325,500.0,26.316133,0.0,0.9633789,1.0,0.18782969,0.8532163,0.0037586195,0.0076426878,-6.272449e-05,-0.28298557,0.036621094,0.9633789
7208960,7490.391879097701,3.0,14.993042,500.0,27.008293,0.0,0.963501,1.0,0.18752825,0.8531841,0.0024488764,0.0067691104,-0.00093567866,-0.29144055,0.036499023,0.963501
7217152,7486.086768240884,3.0,14.959106,500.0,27.42116,0.0,0.963501,1.0,0.18752824,0.8536995,0.0013049348,0.007251303,-0.0023207166,-0.29755276,0.036499023,0.963501
7225344,7492.520150584229,3.0,14.703369,500.0,26.31162,0.0,0.9641113,1.0,0.18601257,0.8550917,0.0034387363,0.005539967,0.000668752,-0.29916346,0.035888672,0.9641113
7233536,7488.321935785189,3.0,14.699951,500.0,25.992575,0.0,0.9645996,1.0,0.18478961,0.85540795,0.0033401875,0.005383004,0.0006486854,-0.29602903,0.03540039,0.9645996
7241728,7491.799702288091,3.0,14.968994,500.0,28.205727,0.0,0.9628906,1.0,0.18902981,0.85392845,-0.0007408714,0.007373887,-0.0044278153,-0.2865802,0.037109375,0.9628906
7249920,7491.976125794638,3.0,14.936279,500.0,27.806526,0.0,0.9628906,1.0,0.18902981,0.8537879,0.0029187186,0.00639746,-0.00028001174,-0.29177642,0.037109375,0.9628906
7258112,7489.644086176902,3.0,14.772583,500.0,27.05124,0.0,0.961792,1.0,0.19169806,0.8536124,0.0028586935,0.009911317,-0.0020969647,-0.29818583,0.038208008,0.961792
7266304,7473.227083650973,3.0,14.773804,500.0,27.038065,0.0,0.9625244,1.0,0.18992409,0.8542276,0.003930441,0.006958038,0.00045142125,-0.29874763,0.037475586,0.9625244
7274496,7487.380392327774,3.0,14.879395,500.0,28.085173,0.0,0.9609375,1.0,0.1937437,0.8529439,0.0006699392,0.0075350385,-0.0030975798,-0.3016679,0.0390625,0.9609375
7282688,7493.9009885874175,3.0,14.84436,500.0,28.287964,0.0,0.9622803,1.0,0.19051756,0.8545634,0.0034695233,0.008351859,-0.0007064059,-0.30783463,0.037719727,0.9622803
7290880,7497.730777480887,3.0,14.704102,500.0,27.18052,0.0,0.961792,1.0,0.19169806,0.8542112,0.0012206478,0.00721886,-0.0023887819,-0.3164167,0.038208008,0.961792
7299072,7472.62247506189,3.0,14.533447,500.0,25.919142,0.0,0.96154785,1.0,0.19228514,0.8540362,0.003124959,0.006985101,-0.00036759145,-0.3225938,0.03845215,0.96154785
7307264,7484.174068054226,3.0,14.608154,500.0,26.935339,0.0,0.9614258,1.0,0.1925779,0.8540552,0.00722762,0.0068556885,0.0037997756,-0.32609612,0.03857422,0.9614258
7315456,7486.554900876474,3.0,14.521606,500.0,26.341883,0.0,0.96118164,1.0,0.19316183,0.85397196,0.0040462683,0.0064124274,0.00084005366,-0.3269096,0.03881836,0.96118164
7323648,7489.622862792814,3.0,14.659668,500.0,27.233942,0.0,0.9605713,1.0,0.19461267,0.85325044,0.009696482,0.0066923695,0.0063502984,-0.3328414,0.03942871,0.9605713
7331840,7490.718473067763,3.0,14.612427,500.0,26.54143,0.0,0.96032715,1.0,0.19518942,0.85289526,0.005873011,0.008126572,0.0018097254,-0.33957103,0.03967285,0.96032715
7340032,7478.624133373005,3.0,14.620239,500.0,26.567324,0.0,0.960083,1.0,0.19576418,0.8527315,0.0061581777,0.008104101,0.0021061273,-0.34182054,0.039916992,0.960083
7348224,7483.375360777231,3.0,14.725342,500.0,27.164125,0.0,0.958374,1.0,0.19973294,0.85104567,0.005793452,0.0099679185,0.0008094915,-0.336771,0.041625977,0.958374
7356416,7496.037796374997,3.0,14.618774,500.0,26.016659,0.0,0.95861816,1.0,0.19917172,0.8510162,0.0038991123,0.00798523,-9.3501294e-05,-0.32791483,0.041381836,0.95861816
7364608,7489.371456471511,3.0,14.481689,500.0,24.788227,0.0,0.9588623,1.0,0.1986086,0.85121834,0.0031511628,0.0068118963,-0.00025478593,-0.3310808,0.041137695,0.9588623
7372800,7489.121699372247,3.0,14.5633545,500.0,25.762926,0.0,0.9592285,1.0,0.19776039,0.8516122,0.0029851082,0.007026866,-0.00052832335,-0.33633456,0.040771484,0.9592285
7380992,7480.100814065831,3.0,14.535889,500.0,25.130257,0.0,0.95910645,1.0,0.19804358,0.8510559,0.0017361243,0.008109414,-0.002318583,-0.329081,0.040893555,0.95910645
7389184,7482.257456945116,3.0,14.539917,500.0,25.087107,0.0,0.96032715,1.0,0.19518942,0.8520583,0.00080164685,0.0050411657,-0.0017189365,-0.31849244,0.03967285,0.96032715
7397376,7477.951923976769,3.0,14.555786,500.0,24.690876,0.0,0.96069336,1.0,0.19432351,0.8519664,0.0034044152,0.006796848,5.9912563e-06,-0.31809625,0.03930664,0.96069336
7405568,7492.082310614155,3.0,14.65271,500.0,25.819359,0.0,0.9604492,1.0,0.1949013,0.8518392,0.011594055,0.0071332366,0.008027438,-0.31860626,0.03955078,0.9604492
7413760,7488.008605609293,3.0,14.743408,500.0,26.910728,0.0,0.95983887,1.0,0.19633698,0.85152924,0.004778849,0.007817851,0.00086992263,-0.3214931,0.040161133,0.95983887
7421952,7484.379477483521,3.0,14.726074,500.0,26.897993,0.0,0.95947266,1.0,0.19719249,0.8514602,0.005410339,0.008368305,0.0012261877,-0.32421786,0.040527344,0.95947266
7430144,7499.170821979547,3.0,14.688599,500.0,26.353413,0.0,0.95996094,1.0,0.19605085,0.8518627,0.0062635466,0.0074808463,0.0025231245,-0.32163894,0.040039062,0.95996094
7438336,7485.524107884739,3.0,14.729492,500.0,26.94361,0.0,0.9595947,1.0,0.19690779,0.85185367,0.004158673,0.006246183,0.0010355816,-0.3097744,0.040405273,0.9595947
7446528,7504.413652720349,3.0,14.819702,500.0,27.98158,0.0,0.95947266,1.0,0.19719249,0.8520497,0.0072102994,0.006976934,0.003721832,-0.29541132,0.040527344,0.95947266
7454720,7490.076742916635,3.0,14.990967,500.0,29.511087,0.0,0.95947266,1.0,0.19719249,0.85198164,0.0011234712,0.0062855324,-0.0020192955,-0.28781086,0.040527344,0.95947266
7462912,7480.600770838671,3.0,15.070679,500.0,30.464071,0.0,0.9589844,1.0,0.19832635,0.8518902,0.0027462118,0.007965436,-0.0012365065,-0.28690004,0.041015625,0.9589844
7471104,7493.675444177036,3.0,15.015503,500.0,30.853209,0.0,0.9593506,1.0,0.19747666,0.8529086,0.003844678,0.0067289346,0.00048021,-0.29396,0.040649414,0.9593506
7479296,7492.356771476145,3.0,14.999634,500.0,31.08005,0.0,0.9597168,1.0,0.19662265,0.85337955,0.0010163706,0.006763651,-0.0023654546,-0.29303986,0.040283203,0.9597168
7487488,7487.88784993775,3.0,14.998657,500.0,31.499876,0.0,0.960083,1.0,0.19576418,0.8541715,0.0023476433,0.0056156013,-0.00046015735,-0.28921264,0.039916992,0.960083
7495680,7489.995105743579,3.0,15.195557,500.0,33.144955,0.0,0.9581299,1.0,0.20029229,0.8526053,0.0016329956,0.009750801,-0.0032424047,-0.2882661,0.041870117,0.9581299
7503872,7488.694049428808,3.0,15.109985,500.0,33.132336,0.0,0.9576416,1.0,0.20140545,0.85285366,0.0042144847,0.008282155,7.340661e-05,-0.2885029,0.0423584,0.9576416
7512064,7492.976015970017,3.0,15.120361,500.0,33.137806,0.0,0.9576416,1.0,0.20140545,0.85289747,0.004694546,0.006288088,0.0015505019,-0.28855625,0.0423584,0.9576416
7520256,7492.466234690863,3.0,15.04541,500.0,32.578865,0.0,0.9577637,1.0,0.20112787,0.85286057,0.0023124253,0.0057286876,-0.00055191875,-0.28866434,0.042236328,0.9577637
7528448,7493.510380422858,3.0,15.188721,500.0,33.348618,0.0,0.9571533,1.0,0.20251133,0.85216844,-0.00035689943,0.0070007597,-0.003857279,-0.2931369,0.04284668,0.9571533
7536640,7494.183755469639,3.0,15.129639,500.0,32.921444,0.0,0.95825195,1.0,0.20001286,0.8531939,-0.00017812257,0.0051808394,-0.0027685426,-0.2905027,0.041748047,0.95825195
7544832,7493.221127816876,3.0,15.286865,500.0,34.001102,0.0,0.95861816,1.0,0.19917172,0.8533951,0.0025623795,0.00662836,-0.0007517993,-0.29050267,0.041381836,0.95861816
7553024,7487.8552139383255,3.0,15.180176,500.0,33.16551,0.0,0.9595947,1.0,0.19690779,0.8540567,0.0029032016,0.0053040157,0.00025119365,-0.2980209,0.040405273,0.9595947
7561216,7488.855636605526,3.0,15.329834,500.0,34.224117,0.0,0.9597168,1.0,0.19662265,0.85388196,-0.001510418,0.005693956,-0.0043573966,-0.30190542,0.040283203,0.9597168
7569408,7496.417219375288,3.0,15.268677,500.0,33.68683,0.0,0.96069336,1.0,0.19432351,0.8544998,0.0025920172,0.005904272,-0.0003601193,-0.29598063,0.03930664,0.96069336
7577600,7512.9429506149245,3.0,15.029907,500.0,32.315083,0.0,0.96069336,1.0,0.19432351,0.8549681,0.005694904,0.007092451,0.0021486792,-0.29035592,0.03930664,0.96069336
7585792,7482.391066357729,3.0,14.907349,500.0,30.953451,0.0,0.96362305,1.0,0.18722625,0.85700095,0.000140124,0.0040714527,-0.0018956023,-0.2875562,0.036376953,0.96362305
7593984,7493.520185987272,3.0,14.90979,500.0,30.119839,0.0,0.96447754,1.0,0.18509623,0.856959,0.00023803755,0.0056553665,-0.0025896458,-0.28339374,0.03552246,0.96447754
7602176,7476.051511170429,3.0,14.936279,500.0,30.156652,0.0,0.96398926,1.0,0.18631683,0.85640246,0.0022515606,0.007124141,-0.0013105099,-0.28004226,0.036010742,0.96398926
7610368,7501.71352318606,3.0,14.817627,500.0,29.179096,0.0,0.96276855,1.0,0.18932843,0.8552444,0.0010837023,0.010275975,-0.004054285,-0.2790671,0.037231445,0.96276855
7618560,7490.800126010345,3.0,14.620972,500.0,27.32156,0.0,0.9649658,1.0,0.1838662,0.85711396,0.00080042455,0.00643328,-0.0024162158,-0.27914593,0.03503418,0.9649658
7626752,7500.287236994073,3.0,14.805908,500.0,28.581583,0.0,0.9642334,1.0,0.18570769,0.8561764,0.0039612884,0.007686413,0.00011808338,-0.27942026,0.0357666,0.9642334
7634944,7478.565534041336,3.0,14.741577,500.0,28.561256,0.0,0.96435547,1.0,0.18540226,0.856707,-0.0014635015,0.006348801,-0.0046379017,-0.2766633,0.03564453,0.96435547
7643136,7494.433850320883,3.0,14.562012,500.0,27.675909,0.0,0.9659424,1.0,0.1813772,0.8586111,0.0004704172,0.004785834,-0.0019225,-0.28392893,0.034057617,0.9659424
7651328,7497.094388613406,3.0,14.617432,500.0,28.16864,0.0,0.9645996,1.0,0.18478961,0.85740197,0.0022364222,0.00969231,-0.002609734,-0.28733253,0.03540039,0.9645996
7659520,7491.94345414802,3.0,14.362671,500.0,26.290482,0.0,0.9647217,1.0,0.1844824,0.8579159,0.0017644133,0.0069863014,-0.0017287373,-0.29019552,0.03527832,0.9647217
7667712,7491.585718260159,3.0,14.24292,500.0,25.705563,0.0,0.96447754,1.0,0.18509623,0.8582354,0.003688615,0.008098451,-0.0003606102,-0.29220223,0.03552246,0.96447754
7675904,7494.8114761357365,3.0,14.077148,500.0,24.582266,0.0,0.9638672,1.0,0.18662056,0.8583446,0.0043573277,0.008230436,0.00024210947,-0.29369923,0.036132812,0.9638672
7684096,7490.210631733012,3.0,13.900269,500.0,23.030401,0.0,0.9641113,1.0,0.18601257,0.8587812,0.00558885,0.00584043,0.002668634,-0.2951118,0.035888672,0.9641113
7692288,7497.917297517049,3.0,13.907837,500.0,23.634365,0.0,0.96362305,1.0,0.18722625,0.85873115,0.0015697854,0.006810984,-0.0018357063,-0.29241985,0.036376953,0.96362305
7700480,7495.931499404967,3.0,13.913086,500.0,24.192455,0.0,0.961792,1.0,0.19169806,0.8575634,0.004563555,0.008164329,0.00048139074,-0.29440686,0.038208008,0.961792
7708672,7487.223763356603,3.0,13.829834,500.0,24.13685,0.0,0.9597168,1.0,0.19662265,0.85624766,0.0014653767,0.010279179,-0.003674212,-0.29183275,0.040283203,0.9597168
7716864,7483.7372029515245,3.0,13.775269,500.0,24.077337,0.0,0.9592285,1.0,0.19776039,0.856302,0.00429506,0.009036665,-0.00022327265,-0.28879493,0.040771484,0.9592285
7725056,7492.940067580903,3.0,13.709106,500.0,23.480232,0.0,0.9592285,1.0,0.19776039,0.8564025,0.0035402647,0.010193999,-0.0015567343,-0.29004288,0.040771484,0.9592285
7733248,7499.746994676143,3.0,13.682495,500.0,23.835217,0.0,0.95825195,1.0,0.20001286,0.8561219,0.003964648,0.008783853,-0.000427278,-0.2951999,0.041748047,0.95825195
7741440,7493.413960406297,3.0,13.549316,500.0,22.591757,0.0,0.9577637,1.0,0.20112787,0.8558786,0.0032513875,0.00822917,-0.0008631972,-0.2995782,0.042236328,0.9577637
7749632,7484.3762169283245,3.0,13.502563,500.0,22.535696,0.0,0.9567871,1.0,0.20333602,0.85540485,0.0029295164,0.0084456075,-0.0012932869,-0.30413213,0.04321289,0.9567871
7757824,7488.121205622846,3.0,13.289917,500.0,20.574318,0.0,0.9572754,1.0,0.20223555,0.8561463,0.0038363126,0.008467172,-0.0003972737,-0.30782163,0.04272461,0.9572754
7766016,7491.185551930816,3.0,13.439941,500.0,21.671747,0.0,0.9569092,1.0,0.20306155,0.8554397,0.0027348744,0.006759395,-0.0006448228,-0.30712897,0.04309082,0.9569092
7774208,7482.373142866724,3.0,13.590942,500.0,23.260096,0.0,0.9564209,1.0,0.2041567,0.85502315,0.0012661914,0.0070658247,-0.0022667213,-0.3071032,0.0435791,0.9564209
7782400,7495.9658411733235,3.0,13.561768,500.0,23.0787,0.0,0.95703125,1.0,0.20278668,0.8556478,0.0019330708,0.0068517653,-0.0014928116,-0.30854887,0.04296875,0.95703125
7790592,7494.84253796147,3.0,13.804443,500.0,25.819263,0.0,0.9572754,1.0,0.20223555,0.8558121,0.0022757477,0.0053028576,-0.00037568063,-0.31863874,0.04272461,0.9572754
7798784,7493.569214194272,3.0,13.744385,500.0,25.25066,0.0,0.95788574,1.0,0.20084979,0.85641825,0.003323327,0.0061885808,0.00022903708,-0.3221737,0.042114258,0.95788574
7806976,7486.168320237886,3.0,13.715698,500.0,24.665337,0.0,0.95861816,1.0,0.19917172,0.85684764,0.0016111638,0.0064365,-0.0016070863,-0.31551045,0.041381836,0.95861816
7815168,7492.61818146928,3.0,13.722412,500.0,24.626995,0.0,0.9592285,1.0,0.19776039,0.8573023,0.0032228045,0.0059708077,0.00023740053,-0.31118208,0.040771484,0.9592285
7823360,7495.4147755470485,3.0,13.939697,500.0,26.326471,0.0,0.9602051,1.0,0.19547707,0.8578915,0.0019815913,0.007888132,-0.001962474,-0.30923018,0.039794922,0.9602051
7831552,7493.745721051697,3.0,13.975342,500.0,26.624538,0.0,0.9595947,1.0,0.19690779,0.85732555,0.004725903,0.009819555,-0.00018387567,-0.30946898,0.040405273,0.9595947
7839744,7488.873591166724,3.0,14.067383,500.0,27.19237,0.0,0.9614258,1.0,0.1925779,0.85870695,0.0034788493,0.0067635365,9.70813e-05,-0.3071407,0.03857422,0.9614258
7847936,7489.069464699644,3.0,14.044434,500.0,27.00547,0.0,0.9626465,1.0,0.18962656,0.8595958,0.004337742,0.0059432746,0.0013661046,-0.3011564,0.037353516,0.9626465
7856128,7479.3680991637675,3.0,14.164185,500.0,27.661999,0.0,0.9630127,1.0,0.1887306,0.85961723,0.0026225639,0.0069634765,-0.0008591749,-0.3020554,0.036987305,0.9630127
7864320,7489.534705407938,3.0,14.263306,500.0,27.951023,0.0,0.9637451,1.0,0.18692367,0.8596007,0.0037312931,0.007271426,9.5580355e-05,-0.30132198,0.036254883,0.9637451
7872512,7487.306971681595,3.0,14.405151,500.0,28.586893,0.0,0.9633789,1.0,0.18782969,0.8588285,0.0030548905,0.007272414,-0.0005813169,-0.2940643,0.036621094,0.9633789
7880704,7492.9662118296865,3.0,14.347656,500.0,28.048042,0.0,0.96447754,1.0,0.18509623,0.85984755,0.000816623,0.0058259913,-0.0020963727,-0.29015929,0.03552246,0.96447754
7888896,7489.051509199224,3.0,14.339844,500.0,27.795584,0.0,0.963501,1.0,0.18752824,0.8588283,-0.0010359816,0.008072202,-0.0050720833,-0.289525,0.036499023,0.963501
7897088,7500.608145032654,3.0,14.293091,500.0,27.679209,0.0,0.9630127,1.0,0.1887306,0.85857916,0.004469255,0.0087998705,6.931921e-05,-0.29308778,0.036987305,0.9630127
7905280,7483.202601630549,3.0,14.185181,500.0,26.11637,0.0,0.9616699,1.0,0.19199188,0.85685676,0.0032139209,0.009762777,-0.0016674667,-0.29824188,0.038330078,0.9616699
7913472,7486.359158854518,3.0,14.179199,500.0,25.637686,0.0,0.9608154,1.0,0.19403385,0.8558489,0.0061039375,0.007848552,0.0021796613,-0.30069044,0.03918457,0.9608154
7921664,7475.399280519975,3.0,14.169678,500.0,25.68801,0.0,0.95983887,1.0,0.19633698,0.8550861,0.006146295,0.008338828,0.001976882,-0.29157487,0.040161133,0.95983887
7929856,7475.807521294029,3.0,14.187012,500.0,25.851099,0.0,0.9580078,1.0,0.2005713,0.85344267,0.0071738088,0.010388376,0.0019796193,-0.28665605,0.041992188,0.9580078
7938048,7485.41158596296,3.0,14.15625,500.0,25.439901,0.0,0.9572754,1.0,0.20223555,0.8527054,0.003609661,0.008609452,-0.0006950656,-0.28670815,0.04272461,0.9572754
7946240,7481.618804699956,3.0,14.302368,500.0,26.439814,0.0,0.95751953,1.0,0.20168261,0.8527348,0.0035546501,0.0076418747,-0.0002662866,-0.29049635,0.04248047,0.95751953
7954432,7482.578453450756,3.0,14.264893,500.0,26.390825,0.0,0.95666504,1.0,0.20361002,0.852154,0.0035239542,0.0099431155,-0.0014476036,-0.29054013,0.04333496,0.95666504
7962624,7485.930193387277,3.0,14.428223,500.0,27.551369,0.0,0.9552002,1.0,0.20686415,0.85074174,0.002652815,0.0076072197,-0.0011507942,-0.2919607,0.044799805,0.9552002
7970816,7488.842578796912,3.0,14.1953125,500.0,25.927883,0.0,0.95422363,1.0,0.20899972,0.8502775,0.0047072815,0.010294435,-0.0004399356,-0.29788387,0.045776367,0.95422363
7979008,7486.664194625118,3.0,14.155762,500.0,25.853725,0.0,0.95336914,1.0,0.21084692,0.84985125,0.0052231094,0.008162762,0.0011417281,-0.29679072,0.04663086,0.95336914
7987200,7479.07016949278,3.0,14.276367,500.0,27.278875,0.0,0.9527588,1.0,0.21215436,0.84968644,0.008082167,0.009349652,0.00340734,-0.29387015,0.04724121,0.9527588
7995392,7481.9837354893925,3.0,14.289917,500.0,27.574987,0.0,0.95166016,1.0,0.21448334,0.8487612,0.004149353,0.008235306,3.1701114e-05,-0.29547888,0.048339844,0.95166016
8003584,7474.3829384381115,3.0,14.564209,500.0,30.073523,0.0,0.95080566,1.0,0.21627355,0.84812504,-0.0011352915,0.005879158,-0.0040748706,-0.30126685,0.049194336,0.95080566
8011776,7491.907515665859,3.0,14.645142,500.0,30.608114,0.0,0.9486084,1.0,0.22079515,0.8460194,0.003448642,0.011302041,-0.0022023781,-0.30110162,0.0513916,0.9486084
8019968,7490.264515168446,3.0,14.859497,500.0,32.13842,0.0,0.9472656,1.0,0.22350271,0.84479094,0.005071494,0.010801322,-0.00032916805,-0.29472667,0.052734375,0.9472656
8028160,7472.203207200162,3.0,14.946777,500.0,32.601254,0.0,0.9460449,1.0,0.22592904,0.8436569,0.0055831424,0.011285074,-5.9394166e-05,-0.29273468,0.053955078,0.9460449
8036352,7490.6417209248175,3.0,15.101318,500.0,33.8901,0.0,0.9445801,1.0,0.22879806,0.8424097,0.0008997128,0.009699567,-0.0039500715,-0.29529375,0.055419922,0.9445801
8044544,7489.913470350093,3.0,15.280151,500.0,35.04484,0.0,0.9445801,1.0,0.22879806,0.8422301,0.0051523,0.008055526,0.0011245365,-0.29779106,0.055419922,0.9445801
8052736,7482.490461820825,3.0,15.19397,500.0,34.510094,0.0,0.94592285,1.0,0.22616987,0.84348094,0.0039811204,0.007776825,9.2707865e-05,-0.3075754,0.05407715,0.94592285
8060928,7496.067232992023,3.0,15.173706,500.0,34.812267,0.0,0.9460449,1.0,0.22592904,0.8440083,0.0042680586,0.008933978,-0.00019893085,-0.3132936,0.053955078,0.9460449
8069120,7493.415594623193,3.0,14.943115,500.0,33.424473,0.0,0.94592285,1.0,0.22616985,0.84411263,0.0028413967,0.009259415,-0.0017883107,-0.31278324,0.05407715,0.94592285
8077312,7475.173222141823,3.0,14.996338,500.0,33.452423,0.0,0.94750977,1.0,0.22301348,0.84510016,0.0022714564,0.006005673,-0.00073138,-0.31759977,0.052490234,0.94750977
8085504,7478.412529004643,3.0,15.003296,500.0,33.375317,0.0,0.9468994,1.0,0.22423404,0.8443184,0.004332371,0.008452018,0.00010636251,-0.32714292,0.053100586,0.9468994
8093696,7492.265282287854,3.0,15.030029,500.0,33.23964,0.0,0.94873047,1.0,0.22054698,0.84559155,0.0035651808,0.006784762,0.00017280108,-0.32628733,0.05126953,0.94873047
8101888,7476.858417775039,3.0,14.915894,500.0,32.345974,0.0,0.94921875,1.0,0.21955071,0.8458525,0.003031469,0.008463152,-0.0012001067,-0.32717574,0.05078125,0.94921875
8110080,7488.880120119413,3.0,14.949707,500.0,32.55794,0.0,0.94970703,1.0,0.21854882,0.8461944,0.0026477275,0.007055844,-0.00088019436,-0.32679403,0.05029297,0.94970703
8118272,7505.570977771895,3.0,14.65625,500.0,30.389326,0.0,0.9494629,1.0,0.21905047,0.8461141,0.0025631844,0.010477223,-0.0026754276,-0.32462388,0.05053711,0.9494629
8126464,7487.682247890804,3.0,14.3479,500.0,27.97044,0.0,0.95092773,1.0,0.21601893,0.8476182,0.0044790623,0.0062945434,0.0013317912,-0.3311712,0.049072266,0.95092773
8134656,7486.1047095277745,3.0,14.391113,500.0,28.224943,0.0,0.9534912,1.0,0.21058422,0.8497574,0.004315989,0.007245573,0.0006932026,-0.33939934,0.04650879,0.9534912
8142848,7498.691291194557,3.0,14.306885,500.0,27.233873,0.0,0.95544434,1.0,0.20632608,0.85116833,0.004960769,0.009606,0.00015776866,-0.33949283,0.044555664,0.95544434
8151040,7490.181241094987,3.0,14.133179,500.0,25.761908,0.0,0.9559326,1.0,0.20524484,0.8517841,0.0041519455,0.00920813,-0.0004521195,-0.3419809,0.044067383,0.9559326
8159232,7492.175429009898,3.0,14.081665,500.0,25.22168,0.0,0.9556885,1.0,0.2057863,0.85152364,0.0032458957,0.0077859927,-0.0006471008,-0.33324412,0.044311523,0.9556885
8167424,7490.502917852145,3.0,13.961792,500.0,24.604883,0.0,0.9550781,1.0,0.20713256,0.85155696,0.003171623,0.009389633,-0.0015231931,-0.32480955,0.044921875,0.9550781
8175616,7496.742703329422,3.0,13.873657,500.0,23.500418,0.0,0.9556885,1.0,0.2057863,0.8521006,0.0026557292,0.008076962,-0.0013827515,-0.32796514,0.044311523,0.9556885
8183808,7493.381276218038,3.0,14.007446,500.0,24.236906,0.0,0.9569092,1.0,0.20306155,0.8526728,0.0064558564,0.005769943,0.003570886,-0.32746714,0.04309082,0.9569092
8192000,7492.72275057417,3.0,14.140137,500.0,25.946665,0.0,0.9560547,1.0,0.20497346,0.85235655,0.0054369937,0.0076685306,0.0016027273,-0.33077344,0.043945312,0.9560547
8200192,7489.684900715144,3.0,14.122192,500.0,25.682539,0.0,0.9564209,1.0,0.20415671,0.8526718,0.0045742164,0.007638054,0.0007551892,-0.33591375,0.0435791,0.9564209
8208384,7492.425389833687,3.0,14.155151,500.0,26.256603,0.0,0.95581055,1.0,0.2055158,0.85235775,0.0044401814,0.0074506244,0.0007148692,-0.33797303,0.044189453,0.95581055
8216576,7490.09143779678,3.0,14.15564,500.0,26.521906,0.0,0.9555664,1.0,0.20605642,0.85244524,0.0044591473,0.0091886055,-0.00013515542,-0.34185076,0.044433594,0.9555664
8224768,7486.047623913441,3.0,14.009644,500.0,25.380629,0.0,0.9559326,1.0,0.20524484,0.85298455,0.0012424085,0.007909095,-0.0027121385,-0.3396908,0.044067383,0.9559326
8232960,7500.835744417773,3.0,14.092529,500.0,26.026907,0.0,0.9567871,1.0,0.20333602,0.85364497,0.0060497774,0.0075903554,0.0022546002,-0.33083516,0.04321289,0.9567871
8241152,7491.979392974973,3.0,14.217407,500.0,27.059847,0.0,0.9564209,1.0,0.2041567,0.85311955,0.00015547348,0.005815847,-0.0027524498,-0.32640138,0.0435791,0.9564209
8249344,7487.471762253964,3.0,14.198608,500.0,26.948734,0.0,0.9562988,1.0,0.2044294,0.8529358,0.0030416378,0.0074048634,-0.0006607943,-0.32947505,0.043701172,0.9562988
8257536,7497.392120084872,3.0,14.316772,500.0,28.144705,0.0,0.95581055,1.0,0.2055158,0.85277414,0.00464893,0.008540224,0.00037881738,-0.3288352,0.044189453,0.95581055
8265728,7496.476098800642,3.0,14.363159,500.0,28.218157,0.0,0.9576416,1.0,0.20140545,0.8540889,0.0005981773,0.0050016087,-0.0019026274,-0.3245868,0.0423584,0.9576416
8273920,7489.175567141537,3.0,14.317017,500.0,27.536852,0.0,0.958374,1.0,0.19973294,0.85442156,0.007298472,0.0063214647,0.00413774,-0.32314736,0.041625977,0.958374
8282112,7498.509641965262,3.0,14.436157,500.0,28.75027,0.0,0.9595947,1.0,0.19690782,0.8557408,0.001882015,0.006278377,-0.0012571741,-0.32373622,0.040405273,0.9595947
8290304,7499.591484799461,3.0,14.456299,500.0,28.285532,0.0,0.96032715,1.0,0.19518943,0.8558945,-0.0002810824,0.005441277,-0.0030017209,-0.32099968,0.03967285,0.96032715
8298496,7497.392120084872,3.0,14.547363,500.0,29.240932,0.0,0.9605713,1.0,0.19461264,0.8561996,0.0019037076,0.0057887584,-0.0009906711,-0.3128396,0.03942871,0.9605713
8306688,7500.218474558327,3.0,14.532959,500.0,28.899084,0.0,0.96069336,1.0,0.19432351,0.8560407,0.0021161165,0.0082638245,-0.0020157965,-0.3087098,0.03930664,0.96069336
8314880,7493.979441999625,3.0,14.355103,500.0,27.352266,0.0,0.9609375,1.0,0.1937437,0.8561814,0.0014131023,0.007466118,-0.0023199557,-0.3090635,0.0390625,0.9609375
8323072,7496.034525654043,3.0,14.418091,500.0,27.62338,0.0,0.961792,1.0,0.19169806,0.8565715,0.0013206806,0.006402218,-0.0018804279,-0.3025496,0.038208008,0.961792
8331264,7497.241615506404,3.0,14.427246,500.0,27.180748,0.0,0.96240234,1.0,0.19022112,0.8566619,0.00027360895,0.005086696,-0.0022697398,-0.2907443,0.037597656,0.96240234
8339456,7501.087921017047,3.0,14.691406,500.0,29.237553,0.0,0.9621582,1.0,0.19081351,0.85625625,0.001997279,0.0070010643,-0.0015032529,-0.29135057,0.037841797,0.9621582
8347648,7500.658903411036,3.0,14.712036,500.0,29.315838,0.0,0.9626465,1.0,0.18962656,0.8565788,0.0025671362,0.007249837,-0.0010577817,-0.2881401,0.037353516,0.9626465
8355840,7486.928470308198,3.0,14.870117,500.0,30.822594,0.0,0.96276855,1.0,0.18932843,0.8569545,0.006359536,0.007226908,0.0027460821,-0.2897547,0.037231445,0.96276855
8364032,7496.155544230272,3.0,14.949097,500.0,30.903175,0.0,0.96325684,1.0,0.18813053,0.8568505,0.0013514311,0.0050274464,-0.001162292,-0.29431516,0.036743164,0.96325684
8372224,7492.600208948317,3.0,14.865967,500.0,30.471613,0.0,0.96362305,1.0,0.18722625,0.85744345,0.0051874933,0.0071634054,0.0016057909,-0.2926813,0.036376953,0.96362305
8380416,7501.8101569082355,3.0,14.775757,500.0,29.411524,0.0,0.9649658,1.0,0.1838662,0.85824764,0.0043502627,0.0068082334,0.00094614516,-0.28948414,0.03503418,0.9649658
8388608,7486.946415629795,3.0,14.844849,500.0,30.230051,0.0,0.96362305,1.0,0.18722625,0.8571733,0.0059693735,0.008319379,0.0018096829,-0.29228416,0.036376953,0.96362305
8396800,7495.602815540885,3.0,14.937378,500.0,30.79622,0.0,0.96313477,1.0,0.18843086,0.8565177,0.0012576638,0.005797971,-0.0016413215,-0.29259536,0.036865234,0.96313477
8404992,7495.32811681283,3.0,15.007446,500.0,30.964672,0.0,0.9622803,1.0,0.19051756,0.85532606,0.0032820557,0.007989382,-0.0007126352,-0.28343126,0.037719727,0.9622803
8413184,7498.310001612716,3.0,15.025757,500.0,30.896406,0.0,0.96240234,1.0,0.19022112,0.8551142,0.001845265,0.006216518,-0.0012629945,-0.2801981,0.037597656,0.96240234
8421376,7500.495169172817,3.0,14.937744,500.0,30.346106,0.0,0.96240234,1.0,0.19022112,0.85526997,0.0029521915,0.0062596314,-0.00017762437,-0.2797485,0.037597656,0.96240234
8429568,7481.468932724186,3.0,14.778198,500.0,29.689486,0.0,0.9626465,1.0,0.18962656,0.85600555,0.0031477823,0.008234035,-0.00096923497,-0.27871782,0.037353516,0.9626465
8437760,7491.935286280888,3.0,14.727783,500.0,29.201275,0.0,0.96313477,1.0,0.18843086,0.85640347,0.0004828811,0.006351427,-0.0026928326,-0.28229925,0.036865234,0.96313477
8445952,7488.813198894019,3.0,14.781738,500.0,30.077503,0.0,0.96191406,1.0,0.19140376,0.85567516,0.001556852,0.006171082,-0.0015286889,-0.28579938,0.038085938,0.96191406
8454144,7493.405789332502,3.0,14.60437,500.0,28.997986,0.0,0.96069336,1.0,0.19432351,0.8549149,0.0007196504,0.009717397,-0.004139048,-0.28859857,0.03930664,0.96069336
8462336,7494.0562625574385,3.0,14.432007,500.0,27.918938,0.0,0.9621582,1.0,0.19081351,0.85654336,0.0018152174,0.006992199,-0.0016808824,-0.29180554,0.037841797,0.9621582
8470528,7490.057149832802,3.0,14.215454,500.0,26.076515,0.0,0.96240234,1.0,0.19022112,0.85676247,0.0047650686,0.007869235,0.0008304505,-0.29384145,0.037597656,0.96240234
8478720,7491.634721156877,3.0,14.057129,500.0,24.872412,0.0,0.96203613,1.0,0.19110888,0.8567406,0.0018229216,0.0058802543,-0.0011172056,-0.2916822,0.037963867,0.96203613
8486912,7495.462193438498,3.0,13.960693,500.0,24.249857,0.0,0.96191406,1.0,0.19140376,0.85689056,0.0008371897,0.0070756716,-0.0027006464,-0.28913248,0.038085938,0.96191406
8495104,7493.363300036028,3.0,13.881958,500.0,24.209345,0.0,0.9621582,1.0,0.19081351,0.8576915,0.0065869177,0.007707593,0.0027331212,-0.28896227,0.037841797,0.9621582
8503296,7492.864903881905,3.0,13.886475,500.0,24.807001,0.0,0.961792,1.0,0.19169806,0.8578528,0.0067964164,0.008508565,0.0025421337,-0.28990567,0.038208008,0.961792
8511488,7495.947852588751,3.0,13.589844,500.0,22.82005,0.0,0.9625244,1.0,0.18992409,0.8593404,0.0051124874,0.007667922,0.0012785257,-0.28908783,0.037475586,0.9625244
8519680,7494.903027518893,3.0,13.603149,500.0,22.620787,0.0,0.96240234,1.0,0.19022112,0.85895497,0.003106034,0.006207043,2.512359e-06,-0.28805867,0.037597656,0.96240234
8527872,7498.889315245362,3.0,13.776123,500.0,24.310465,0.0,0.96154785,1.0,0.19228515,0.8582484,0.0021717835,0.008017135,-0.0018367841,-0.28568718,0.03845215,0.96154785
8536064,7481.178980078487,3.0,13.795898,500.0,24.353935,0.0,0.96118164,1.0,0.19316183,0.85787404,-0.00039484305,0.007356925,-0.004073305,-0.28859308,0.03881836,0.96118164
8544256,7490.692344502093,3.0,13.894165,500.0,24.970596,0.0,0.96203613,1.0,0.19110888,0.8583871,0.0013008601,0.006052951,-0.0017256159,-0.29496273,0.037963867,0.96203613
8552448,7489.0808909720145,3.0,13.894287,500.0,24.960806,0.0,0.9625244,1.0,0.18992409,0.85871625,-0.0009863086,0.004182919,-0.0030777683,-0.2983106,0.037475586,0.9625244
8560640,7498.008924793481,3.0,14.049194,500.0,26.13866,0.0,0.9621582,1.0,0.19081351,0.8581598,-6.840349e-05,0.0066488953,-0.0033928503,-0.31059498,0.037841797,0.9621582
8568832,7489.240862446271,3.0,14.029663,500.0,25.679434,0.0,0.9638672,1.0,0.18662056,0.8594768,0.0015867368,0.0059062783,-0.0013664026,-0.31734926,0.036132812,0.9638672
8577024,7481.058444581177,3.0,14.106567,500.0,25.770367,0.0,0.9647217,1.0,0.1844824,0.8597859,0.0020003761,0.0043271137,-0.00016318104,-0.31690806,0.03527832,0.9647217
8585216,7490.181241094987,3.0,14.435791,500.0,28.463865,0.0,0.96362305,1.0,0.18722625,0.85859543,0.000893559,0.005699584,-0.0019562328,-0.32039875,0.036376953,0.96362305
8593408,7489.815510226858,3.0,14.500122,500.0,28.961416,0.0,0.9626465,1.0,0.18962656,0.8576776,0.0037371134,0.008240943,-0.00038335775,-0.33064064,0.037353516,0.9626465
8601600,7491.326013609637,3.0,14.598877,500.0,29.230003,0.0,0.9637451,1.0,0.18692367,0.8582299,0.00031512848,0.00683929,-0.0031045163,-0.32764876,0.036254883,0.9637451
8609792,7491.5350826070135,3.0,14.611816,500.0,28.93646,0.0,0.9642334,1.0,0.18570769,0.8583907,0.0011904606,0.006724513,-0.0021717963,-0.31811562,0.0357666,0.9642334
8617984,7478.09839998816,3.0,14.625488,500.0,28.900618,0.0,0.96435547,1.0,0.18540226,0.8584024,0.0030060995,0.0069555384,-0.00047166934,-0.31551814,0.03564453,0.96435547
8626176,7496.469556596594,3.0,14.660889,500.0,28.960178,0.0,0.9649658,1.0,0.1838662,0.85875463,0.0016024649,0.0068897163,-0.0018423931,-0.3156209,0.03503418,0.9649658
8634368,7486.2759715946395,3.0,14.579346,500.0,28.326218,0.0,0.96533203,1.0,0.18293743,0.85907024,0.0003016689,0.0038534794,-0.0016250703,-0.31320494,0.03466797,0.96533203
8642560,7487.169923661228,3.0,14.619507,500.0,28.6981,0.0,0.9658203,1.0,0.1816905,0.8594873,0.0051101656,0.0063909316,0.0019146991,-0.31432605,0.034179688,0.9658203
8650752,7494.1526991042065,3.0,14.47522,500.0,27.650204,0.0,0.96765137,1.0,0.17692426,0.8610979,0.0022504195,0.0054638414,-0.00048150122,-0.31502712,0.032348633,0.96765137
8658944,7480.944428090943,3.0,14.446167,500.0,27.133217,0.0,0.9674072,1.0,0.17756824,0.86058724,-1.9752479e-05,0.005006887,-0.0025231962,-0.3150134,0.032592773,0.9674072
8667136,7497.333226269319,3.0,14.631836,500.0,28.732655,0.0,0.9666748,1.0,0.17948431,0.8600943,0.0029869385,0.0067349966,-0.00038055988,-0.31538033,0.033325195,0.9666748
8675328,7493.247274027042,3.0,14.501465,500.0,27.726086,0.0,0.9675293,1.0,0.1772466,0.86098826,0.0004772743,0.004812888,-0.0019291696,-0.3140955,0.032470703,0.9675293
8683520,7483.417736880506,3.0,14.47998,500.0,27.255152,0.0,0.96813965,1.0,0.17562822,0.86134374,0.003488718,0.004789849,0.0010937934,-0.30940372,0.03186035,0.96813965
8691712,7491.36847980531,3.0,14.637695,500.0,28.579967,0.0,0.96777344,1.0,0.17660128,0.8607782,0.0036069145,0.0045382627,0.0013377833,-0.3027612,0.032226562,0.96777344
8699904,7482.079861576113,3.0,14.672241,500.0,29.021936,0.0,0.9680176,1.0,0.17595325,0.8611087,-0.00084552786,0.0052522244,-0.0034716406,-0.2932697,0.031982422,0.9680176
8708096,7489.49715752237,3.0,14.527222,500.0,27.746552,0.0,0.96899414,1.0,0.17333348,0.86195076,0.004948268,0.006183289,0.0018566223,-0.28733027,0.03100586,0.96899414
8716288,7500.794808257835,3.0,14.56665,500.0,27.62398,0.0,0.9678955,1.0,0.17627758,0.86074024,0.0023148023,0.009186185,-0.00227829,-0.2915662,0.032104492,0.9678955
8724480,7480.332056122947,3.0,14.536499,500.0,27.679556,0.0,0.9675293,1.0,0.1772466,0.86060846,0.00011138944,0.0075229355,-0.003650078,-0.29551375,0.032470703,0.9675293
8732672,7481.1920111757145,3.0,14.62854,500.0,27.77549,0.0,0.96850586,1.0,0.17464896,0.860793,0.0003431436,0.0060753142,-0.0026945136,-0.29847246,0.03149414,0.96850586
8740864,7484.67946071559,3.0,14.526611,500.0,26.645298,0.0,0.96813965,1.0,0.1756282,0.86027044,-0.0001310173,0.0062360265,-0.0032490313,-0.29984766,0.03186035,0.96813965
8749056,7492.312660338565,3.0,14.6623535,500.0,27.40693,0.0,0.96777344,1.0,0.17660128,0.859652,-0.0013306711,0.006579515,-0.0046204287,-0.29423898,0.032226562,0.96777344
8757248,7479.322512758045,3.0,14.530273,500.0,25.861212,0.0,0.9680176,1.0,0.17595325,0.85971266,0.0006007169,0.0048851743,-0.0018418707,-0.29032478,0.031982422,0.9680176
8765440,7491.6494221509,3.0,14.437134,500.0,25.756039,0.0,0.96875,1.0,0.17399263,0.86110115,0.0032262402,0.004556373,0.00094805396,-0.29073048,0.03125,0.96875
8773632,7492.079043344057,3.0,14.385254,500.0,25.260132,0.0,0.9691162,1.0,0.17300282,0.8615314,0.0017248907,0.0062668878,-0.0014085532,-0.28783602,0.030883789,0.9691162
8781824,7495.658411780926,3.0,14.248901,500.0,23.537025,0.0,0.96972656,1.0,0.17133872,0.86171615,0.0010353466,0.006713217,-0.002321262,-0.28985405,0.030273438,0.96972656
8790016,7490.715206987085,3.0,14.262695,500.0,23.531086,0.0,0.9696045,1.0,0.17167298,0.86152524,-0.00017329043,0.0054644216,-0.002905501,-0.29485062,0.030395508,0.9696045
8798208,7477.169188344493,3.0,14.186768,500.0,23.424118,0.0,0.9691162,1.0,0.17300282,0.8616272,0.0006123873,0.0071178502,-0.0029465384,-0.30186167,0.030883789,0.9691162
8806400,7486.06230298826,3.0,14.089478,500.0,22.302479,0.0,0.96813965,1.0,0.1756282,0.86076576,0.0018545554,0.0065287827,-0.001409836,-0.30434164,0.03186035,0.96813965
8814592,7498.360728891605,3.0,13.941895,500.0,21.052576,0.0,0.9683838,1.0,0.17497607,0.8613022,0.006113031,0.0074212826,0.0024023915,-0.30059338,0.03161621,0.9683838
8822784,7494.155968183183,3.0,13.752441,500.0,19.11656,0.0,0.96875,1.0,0.17399263,0.8617213,0.00077078864,0.0067642774,-0.0026113498,-0.3015726,0.03125,0.96875
8830976,7495.236555044381,3.0,13.720825,500.0,19.119238,0.0,0.9691162,1.0,0.17300282,0.8622503,0.0018848013,0.006875692,-0.0015530438,-0.30603963,0.030883789,0.9691162
8839168,7497.136920232998,3.0,13.774048,500.0,20.478018,0.0,0.96875,1.0,0.17399263,0.86241645,0.00047648407,0.0070416457,-0.0030443391,-0.3099204,0.03125,0.96875
8847360,7499.383602721712,3.0,13.657593,500.0,20.34423,0.0,0.9700928,1.0,0.17033139,0.8644592,-0.0008274752,0.005187154,-0.003421052,-0.30511692,0.029907227,0.9700928
8855552,7485.576293112651,3.0,13.585205,500.0,19.57888,0.0,0.9700928,1.0,0.17033139,0.8644396,-0.0006494851,0.006147869,-0.0037234193,-0.2946785,0.029907227,0.9700928
8863744,7495.929864090514,3.0,13.608887,500.0,20.421944,0.0,0.970459,1.0,0.16931729,0.8651509,0.0017675239,0.0045417217,-0.00050333695,-0.28976864,0.029541016,0.970459
8871936,7493.160665404712,3.0,13.644653,500.0,20.911255,0.0,0.9700928,1.0,0.17033139,0.864725,0.0020052996,0.0058188834,-0.0009041414,-0.2912429,0.029907227,0.9700928
8880128,7497.467374640125,3.0,13.64563,500.0,20.849314,0.0,0.96972656,1.0,0.17133872,0.86430734,0.0017438594,0.004663281,-0.00058778084,-0.29714426,0.030273438,0.96972656
8888320,7477.506021222699,3.0,13.760498,500.0,22.182861,0.0,0.9692383,1.0,0.17267147,0.8639394,0.002732243,0.0062688263,-0.00040217058,-0.29258013,0.030761719,0.9692383
8896512,7491.288447760947,3.0,13.730835,500.0,22.913671,0.0,0.9694824,1.0,0.17200656,0.8649744,0.0015255406,0.005287243,-0.001118081,-0.28478873,0.030517578,0.9694824
8904704,7495.96093518715,3.0,13.809326,500.0,23.437912,0.0,0.9686279,1.0,0.17432113,0.86405456,0.0021910171,0.006472385,-0.0010451758,-0.28523862,0.03137207,0.9686279
8912896,7482.348701881011,3.0,13.7907715,500.0,22.98432,0.0,0.96972656,1.0,0.17133872,0.8648247,-0.0011160662,0.003977209,-0.0031046704,-0.28848386,0.030273438,0.96972656
8921088,7489.335542660548,3.0,13.928711,500.0,23.853445,0.0,0.9696045,1.0,0.171673,0.8643546,-0.00036655646,0.0062841214,-0.003508617,-0.2785268,0.030395508,0.9696045
8929280,7491.415846514634,3.0,13.900269,500.0,23.391949,0.0,0.9696045,1.0,0.171673,0.8642644,0.0026883213,0.0059569315,-0.00029014435,-0.2733095,0.030395508,0.9696045
8937472,7493.226030217384,3.0,14.047363,500.0,24.653759,0.0,0.9691162,1.0,0.17300282,0.8637162,3.320293e-05,0.0073425155,-0.0036380547,-0.2759136,0.030883789,0.9691162
8945664,7483.013553591722,3.0,14.070068,500.0,24.50262,0.0,0.96936035,1.0,0.17233936,0.8635459,-3.7126767e-05,0.0064283093,-0.0032512816,-0.2726022,0.030639648,0.96936035
8953856,7488.220753382638,3.0,14.036865,500.0,23.343073,0.0,0.96936035,1.0,0.17233936,0.86282253,0.0024505132,0.0061375764,-0.00061827543,-0.27536514,0.030639648,0.96936035
8962048,7483.579096435886,3.0,14.19397,500.0,24.569624,0.0,0.9686279,1.0,0.17432113,0.86184585,0.003408567,0.005842707,0.00048721355,-0.28475916,0.03137207,0.9686279
8970240,7497.267789781644,3.0,14.234619,500.0,24.490095,0.0,0.9692383,1.0,0.17267147,0.8619634,0.0017295335,0.0050796233,-0.00081027823,-0.29080516,0.030761719,0.9692383
8978432,7491.94018699903,3.0,14.2404785,500.0,24.488632,0.0,0.9675293,1.0,0.1772466,0.8603026,0.0031841951,0.008958605,-0.0012951065,-0.2962025,0.032470703,0.9675293
8986624,7487.7752569420445,3.0,14.21228,500.0,23.909033,0.0,0.96728516,1.0,0.17788924,0.85976577,0.0016511471,0.0063372487,-0.0015174774,-0.29333085,0.032714844,0.96728516
8994816,7488.568375334438,3.0,14.231934,500.0,24.028612,0.0,0.9666748,1.0,0.17948431,0.8591254,0.0031013412,0.004827409,0.00068763644,-0.2909063,0.033325195,0.9666748
9003008,7495.36081798656,3.0,14.31543,500.0,24.127705,0.0,0.96765137,1.0,0.17692426,0.85941994,0.002996266,0.0033524842,0.0013200239,-0.29875255,0.032348633,0.96765137
9011200,7494.914471599053,3.0,14.2751465,500.0,23.967323,0.0,0.9674072,1.0,0.17756823,0.8592852,0.0024702582,0.0070442227,-0.0010518525,-0.30240497,0.032592773,0.9674072
9019392,7487.205816705443,3.0,14.307129,500.0,23.912603,0.0,0.967041,1.0,0.17852925,0.85851336,0.0024419425,0.006369274,-0.0007426942,-0.30048865,0.032958984,0.967041
9027584,7483.422626461766,3.0,14.253296,500.0,23.759119,0.0,0.9663086,1.0,0.18043363,0.85815346,0.0037378324,0.0069115087,0.00028207788,-0.30132416,0.033691406,0.9663086
9035776,7492.128052694745,3.0,14.046509,500.0,22.26383,0.0,0.96728516,1.0,0.17788924,0.8594327,0.0006215484,0.004904039,-0.0018304711,-0.29943907,0.032714844,0.96728516
9043968,7499.26739020452,3.0,14.016113,500.0,22.115728,0.0,0.96655273,1.0,0.1798014,0.8589679,0.00038186996,0.007647282,-0.003441771,-0.30709514,0.033447266,0.96655273
9052160,7479.574873051971,3.0,13.900269,500.0,20.962875,0.0,0.9674072,1.0,0.17756824,0.85975945,0.0035983103,0.004575565,0.0013105284,-0.31376565,0.032592773,0.9674072
9060352,7486.525538920642,3.0,14.097412,500.0,23.462423,0.0,0.96765137,1.0,0.17692426,0.86020863,0.004816822,0.00463562,0.002499012,-0.32082278,0.032348633,0.96765137
9068544,7489.500422540952,3.0,14.07019,500.0,23.604643,0.0,0.96850586,1.0,0.17464896,0.861441,0.00016336539,0.005216953,-0.0024451113,-0.3231228,0.03149414,0.96850586
9076736,7492.783205919431,3.0,13.903564,500.0,22.384518,0.0,0.9691162,1.0,0.17300282,0.86245555,0.000862384,0.0057232925,-0.0019992627,-0.32658356,0.030883789,0.9691162
9084928,7492.067607921155,3.0,13.895752,500.0,22.381187,0.0,0.96850586,1.0,0.17464896,0.8619245,0.0024879675,0.007008996,-0.0010165307,-0.32693738,0.03149414,0.96850586
9093120,7485.246886061301,3.0,13.918213,500.0,22.189808,0.0,0.9692383,1.0,0.17267147,0.862257,0.002902156,0.0055370214,0.00013364526,-0.32042027,0.030761719,0.9692383
9101312,7482.659929027432,3.0,14.005493,500.0,23.427496,0.0,0.9691162,1.0,0.17300282,0.862545,0.0021797603,0.0062315506,-0.0009360155,-0.31780493,0.030883789,0.9691162
9109504,7491.520382061727,3.0,14.0373535,500.0,23.89519,0.0,0.9686279,1.0,0.17432114,0.8623164,0.0012239483,0.0058433516,-0.0016977271,-0.31822586,0.03137207,0.9686279
9117696,7493.763699068572,3.0,13.998779,500.0,23.489733,0.0,0.9682617,1.0,0.17530249,0.86195314,0.0013567714,0.005954956,-0.0016207063,-0.32123044,0.03173828,0.9682617
9125888,7486.4880212011285,3.0,14.006226,500.0,22.871363,0.0,0.96899414,1.0,0.17333348,0.861968,0.00068066723,0.0051537026,-0.001896184,-0.32834536,0.03100586,0.96899414
9134080,7482.523051072093,3.0,14.003174,500.0,23.131086,0.0,0.96899414,1.0,0.17333348,0.86229265,0.0009129941,0.006094484,-0.0021342481,-0.32922143,0.03100586,0.96899414
9142272,7489.851428641184,3.0,13.917603,500.0,22.48846,0.0,0.96813965,1.0,0.1756282,0.8619096,0.0017392521,0.009312204,-0.00291685,-0.32462224,0.03186035,0.96813965
9150464,7493.0217689641295,3.0,13.957642,500.0,23.062702,0.0,0.967041,1.0,0.17852925,0.86105716,0.0043019573,0.008354199,0.00012485782,-0.33132654,0.032958984,0.967041
9158656,7474.308146579347,3.0,13.990601,500.0,23.579607,0.0,0.96813965,1.0,0.17562822,0.8620412,0.003091393,0.0052887946,0.00044699525,-0.34393427,0.03186035,0.96813965
9166848,7490.574768212253,3.0,13.958252,500.0,23.406551,0.0,0.9674072,1.0,0.17756824,0.861521,0.003271408,0.006558452,-7.818104e-06,-0.3485907,0.032592773,0.9674072
9175040,7493.7947522099885,3.0,13.804077,500.0,21.820457,0.0,0.9671631,1.0,0.17820954,0.8612631,0.0028361822,0.0055568567,5.7753932e-05,-0.35364527,0.032836914,0.9671631
9183232,7498.850036916186,3.0,13.79248,500.0,21.315727,0.0,0.96643066,1.0,0.18011783,0.8604169,-0.000391306,0.0075836442,-0.0041831285,-0.35691056,0.033569336,0.96643066
9191424,7476.516762669703,3.0,13.808472,500.0,21.241222,0.0,0.9659424,1.0,0.1813772,0.8597269,0.0016317889,0.0051410655,-0.0009387437,-0.35756886,0.034057617,0.9659424
9199616,7492.827322597894,3.0,13.917725,500.0,22.582712,0.0,0.96728516,1.0,0.17788924,0.86100054,0.001022478,0.0039312644,-0.00094315456,-0.3586464,0.032714844,0.96728516
9207808,7477.701300555391,3.0,13.66626,500.0,20.51488,0.0,0.96655273,1.0,0.1798014,0.86092234,-0.00048181118,0.0077332463,-0.004348434,-0.35922548,0.033447266,0.96655273
9216000,7489.924899198053,3.0,13.765625,500.0,20.962313,0.0,0.9667969,1.0,0.17916662,0.8605905,0.0069905184,0.0056866053,0.0041472157,-0.35690045,0.033203125,0.9667969
9224192,7492.825688637576,3.0,13.614258,500.0,19.209484,0.0,0.96728516,1.0,0.17788924,0.8609972,0.0040762764,0.006030289,0.0010611323,-0.35715228,0.032714844,0.96728516
9232384,7491.603685914522,3.0,13.807251,500.0,20.975924,0.0,0.967041,1.0,0.17852925,0.8604641,0.003324027,0.0056970753,0.00047548977,-0.35920942,0.032958984,0.967041
9240576,7486.447241497719,3.0,13.8396,500.0,21.17945,0.0,0.9661865,1.0,0.18074878,0.85963124,0.0033829212,0.007569315,-0.00040173624,-0.3566754,0.033813477,0.9661865
9248768,7489.826938775866,3.0,13.919678,500.0,21.915663,0.0,0.9658203,1.0,0.1816905,0.8592541,0.0011686363,0.006715804,-0.0021892663,-0.35664243,0.034179688,0.9658203
9256960,7489.449815072829,3.0,13.891602,500.0,21.275822,0.0,0.967041,1.0,0.17852925,0.86002636,0.0017524688,0.006370662,-0.0014328621,-0.3595575,0.032958984,0.967041
9265152,7495.1973149712685,3.0,13.985107,500.0,21.762053,0.0,0.9675293,1.0,0.1772466,0.8600973,0.00011803617,0.006669781,-0.0032168538,-0.3579683,0.032470703,0.9675293
9273344,7486.196048321628,3.0,13.971802,500.0,21.139708,0.0,0.96728516,1.0,0.17788924,0.8595833,0.0014218338,0.0067287185,-0.0019425247,-0.35754663,0.032714844,0.96728516
9281536,7485.975860376337,3.0,13.932861,500.0,21.06597,0.0,0.96777344,1.0,0.17660128,0.8602844,0.0022613038,0.0064309374,-0.0009541647,-0.354513,0.032226562,0.96777344
9289728,7490.630289889164,3.0,13.964722,500.0,21.642061,0.0,0.9667969,1.0,0.17916662,0.8594383,0.0023795806,0.0072833165,-0.0012620769,-0.35346588,0.033203125,0.9667969
9297920,7474.0431353023105,3.0,14.098267,500.0,22.960388,0.0,0.96606445,1.0,0.18106332,0.85871345,0.0013659545,0.008509123,-0.002888607,-0.35839975,0.033935547,0.96606445
9306112,7493.503843394173,3.0,14.095581,500.0,23.085085,0.0,0.9655762,1.0,0.18231519,0.858444,0.0028980006,0.0070287893,-0.00061639334,-0.3639826,0.034423828,0.9655762
9314304,7491.427279948004,3.0,14.126465,500.0,22.856306,0.0,0.9649658,1.0,0.1838662,0.857616,0.0047469772,0.0068160035,0.0013389749,-0.3625318,0.03503418,0.9649658
9322496,7481.063331079853,3.0,14.204102,500.0,23.49298,0.0,0.9649658,1.0,0.1838662,0.85751057,0.0038962169,0.0076531037,6.9665024e-05,-0.35554594,0.03503418,0.9649658
9330688,7491.255782111809,3.0,14.097656,500.0,23.160097,0.0,0.9649658,1.0,0.1838662,0.85810196,0.0024390642,0.006677399,-0.0008996359,-0.3592457,0.03503418,0.9649658
9338880,7482.239534094208,3.0,14.052612,500.0,23.141369,0.0,0.9637451,1.0,0.18692367,0.8574182,0.0015723195,0.006897873,-0.0018766173,-0.36151582,0.036254883,0.9637451
9347072,7493.314274523454,3.0,13.9852295,500.0,22.879076,0.0,0.96435547,1.0,0.18540226,0.85821867,0.0015413633,0.00506577,-0.0009915215,-0.3636006,0.03564453,0.96435547
9355264,7498.254366031514,3.0,13.993652,500.0,23.356672,0.0,0.96533203,1.0,0.18293743,0.85937464,0.0010577637,0.005280138,-0.0015823053,-0.37047952,0.03466797,0.96533203
9363456,7490.514348499051,3.0,13.919922,500.0,22.945602,0.0,0.9654541,1.0,0.18262659,0.8597751,0.0035607289,0.006392694,0.00036438165,-0.3686025,0.0345459,0.9654541
9371648,7493.118178888,3.0,14.119751,500.0,25.302412,0.0,0.9642334,1.0,0.18570769,0.8589027,0.0045592133,0.008291359,0.00041353377,-0.36671615,0.0357666,0.9642334
9379840,7497.917297517049,3.0,14.10437,500.0,25.483587,0.0,0.96362305,1.0,0.18722625,0.85861754,0.0020090658,0.0076201675,-0.0018010181,-0.37267897,0.036376953,0.96362305
9388032,7493.559408501547,3.0,14.178467,500.0,26.02229,0.0,0.963501,1.0,0.18752824,0.8582978,0.0023010916,0.006153893,-0.0007758547,-0.38125455,0.036499023,0.963501
9396224,7478.3474223772755,3.0,14.157837,500.0,25.457525,0.0,0.9642334,1.0,0.18570769,0.8585661,0.00015696418,0.006506909,-0.0030964902,-0.388086,0.0357666,0.9642334
9404416,7481.864803241353,3.0,14.2092285,500.0,26.528156,0.0,0.9642334,1.0,0.18570769,0.8589935,0.0026422234,0.0056931875,-0.00020437036,-0.39225936,0.0357666,0.9642334
9412608,7494.36356053904,3.0,13.965088,500.0,24.8377,0.0,0.9666748,1.0,0.17948431,0.86175394,0.0010517609,0.0037268791,-0.00081167865,-0.4039732,0.033325195,0.9666748
9420800,7493.596997129686,3.0,14.106812,500.0,25.583864,0.0,0.96643066,1.0,0.18011782,0.8610505,0.0029331788,0.007495146,-0.000814394,-0.4069837,0.033569336,0.96643066
9428992,7487.021460634005,3.0,14.043823,500.0,25.756477,0.0,0.96691895,1.0,0.17884824,0.86203456,0.0044245287,0.0059488225,0.0014501171,-0.3991074,0.033081055,0.96691895
9437184,7495.058343016705,3.0,14.027832,500.0,25.743732,0.0,0.9671631,1.0,0.17820954,0.86237043,-0.0012693019,0.00561924,-0.004078922,-0.39277107,0.032836914,0.9671631
9445376,7479.778401823025,3.0,14.297852,500.0,27.91075,0.0,0.9661865,1.0,0.18074879,0.8611797,0.0023225523,0.0064295675,-0.000892232,-0.3926749,0.033813477,0.9661865
9453568,7487.581082774357,3.0,14.357544,500.0,28.385263,0.0,0.9659424,1.0,0.1813772,0.8608852,0.001534326,0.0069418615,-0.001936604,-0.39626792,0.034057617,0.9659424
9461760,7496.889916409914,3.0,14.337402,500.0,28.37265,0.0,0.96643066,1.0,0.18011783,0.8614981,0.0028505858,0.006036033,-0.00016743122,-0.40021017,0.033569336,0.96643066
9469952,7479.2150612860605,3.0,14.333252,500.0,28.423086,0.0,0.9659424,1.0,0.1813772,0.8612075,0.0023322355,0.005843586,-0.0005895576,-0.39912716,0.034057617,0.9659424
9478144,7495.12864583197,3.0,14.452515,500.0,29.654245,0.0,0.96606445,1.0,0.18106332,0.8614317,0.0043594833,0.0051982403,0.0017603625,-0.40070957,0.033935547,0.96606445
9486336,7493.825805608765,3.0,14.355713,500.0,28.713886,0.0,0.9666748,1.0,0.17948431,0.8619186,0.0025654421,0.006697947,-0.0007835312,-0.406231,0.033325195,0.9666748
9494528,7494.736274887033,3.0,14.199219,500.0,27.1728,0.0,0.96655273,1.0,0.1798014,0.86163074,0.0027406907,0.008913678,-0.0017161486,-0.41311282,0.033447266,0.96655273
9502720,7498.922047500664,3.0,14.291626,500.0,27.886677,0.0,0.9680176,1.0,0.17595325,0.8628428,-0.00015243603,0.0036816006,-0.0019932361,-0.4144851,0.031982422,0.9680176
9510912,7496.528436844103,3.0,14.250122,500.0,27.384653,0.0,0.96875,1.0,0.17399263,0.863428,0.0013539142,0.0053973245,-0.0013447476,-0.41072124,0.03125,0.96875
9519104,7508.423192463374,3.0,14.22522,500.0,26.879395,0.0,0.9678955,1.0,0.1762776,0.8624381,0.0008454889,0.0077028833,-0.003005952,-0.40801725,0.032104492,0.9678955
9527296,7493.237469176847,3.0,14.395508,500.0,27.939991,0.0,0.9666748,1.0,0.17948431,0.86101484,-0.0014668705,0.0071644187,-0.0050490797,-0.4102307,0.033325195,0.9666748
9535488,7507.07144160247,3.0,14.260986,500.0,27.151102,0.0,0.96728516,1.0,0.17788924,0.86189246,0.0037909748,0.006509764,0.0005360923,-0.41665176,0.032714844,0.96728516
9543680,7511.141290758799,3.0,14.1640625,500.0,27.087568,0.0,0.9674072,1.0,0.17756823,0.862664,0.0027365244,0.005037161,0.00021794369,-0.41521984,0.032592773,0.9674072
9551872,7498.841853982732,3.0,14.213989,500.0,27.282019,0.0,0.96765137,1.0,0.17692426,0.86261785,0.003722859,0.004258997,0.0015933607,-0.40872157,0.032348633,0.96765137
9560064,7490.86544964611,3.0,13.994019,500.0,25.587967,0.0,0.96850586,1.0,0.17464896,0.86376405,0.002690358,0.007437925,-0.0010286046,-0.40894124,0.03149414,0.96850586
9568256,7489.074361669248,3.0,13.905273,500.0,25.011497,0.0,0.9675293,1.0,0.1772466,0.86314094,0.0026003248,0.009342376,-0.0020708635,-0.4073995,0.032470703,0.9675293
9576448,7502.97978612851,3.0,13.793213,500.0,24.39845,0.0,0.967041,1.0,0.17852925,0.863057,-0.0014499188,0.006911641,-0.0049057393,-0.41051456,0.032958984,0.967041
9584640,7484.167547304612,3.0,13.730469,500.0,23.938068,0.0,0.96777344,1.0,0.17660128,0.8637878,0.00375103,0.0051469095,0.0011775764,-0.40964988,0.032226562,0.96777344
9592832,7486.122650900662,3.0,13.743408,500.0,24.11899,0.0,0.96643066,1.0,0.18011783,0.86266935,0.0034813914,0.0076763975,-0.0003568069,-0.4068454,0.033569336,0.96643066
9601024,7495.957664533269,3.0,13.914551,500.0,25.806843,0.0,0.9667969,1.0,0.17916662,0.8629304,3.5674893e-05,0.006886964,-0.0034078066,-0.40260768,0.033203125,0.9667969
9609216,7496.209513233551,3.0,13.845947,500.0,25.219427,0.0,0.96643066,1.0,0.18011783,0.8627155,0.0020638902,0.008292223,-0.002082222,-0.40461195,0.033569336,0.96643066
9617408,7480.537254709008,3.0,13.682251,500.0,24.970242,0.0,0.96533203,1.0,0.18293743,0.8628894,0.0018532551,0.0059979768,-0.0011457326,-0.41134173,0.03466797,0.96533203
9625600,7503.472974407197,3.0,13.763306,500.0,26.32945,0.0,0.9645996,1.0,0.18478961,0.86285555,0.00547383,0.0066125253,0.0021675671,-0.41434145,0.03540039,0.9645996
9633792,7493.244005740793,3.0,13.800659,500.0,26.870583,0.0,0.9642334,1.0,0.1857077,0.8627014,0.0012068676,0.0064343004,-0.0020102826,-0.40808505,0.0357666,0.9642334
9641984,7495.109026308993,3.0,13.83667,500.0,27.420889,0.0,0.9658203,1.0,0.1816905,0.86430734,0.0023311973,0.0033882414,0.00063707633,-0.40766495,0.034179688,0.9658203
9650176,7492.665563983293,3.0,13.8359375,500.0,27.460892,0.0,0.9650879,1.0,0.18355723,0.8636876,0.005198798,0.008109801,0.0011438985,-0.40556723,0.03491211,0.9650879
9658368,7491.920584164934,3.0,13.937134,500.0,27.532701,0.0,0.9641113,1.0,0.18601257,0.8621078,0.0032037273,0.006852205,-0.00022237538,-0.40035892,0.035888672,0.9641113
9666560,7489.369824018087,3.0,13.86145,500.0,26.988768,0.0,0.96313477,1.0,0.18843086,0.8615759,0.0025100098,0.0079933535,-0.0014866677,-0.40189272,0.036865234,0.96313477
9674752,7496.75578870246,3.0,14.011108,500.0,28.078356,0.0,0.961792,1.0,0.19169806,0.86021763,0.002909181,0.008315323,-0.0012484804,-0.40378237,0.038208008,0.961792
9682944,7492.53812272112,3.0,14.107056,500.0,28.646118,0.0,0.96325684,1.0,0.18813054,0.8613049,0.0019994583,0.006354608,-0.0011778455,-0.4006461,0.036743164,0.96325684
9691136,7496.0214427987685,3.0,14.21875,500.0,29.095156,0.0,0.9637451,1.0,0.18692367,0.8611849,0.006620994,0.0066540763,0.003293956,-0.39719343,0.036254883,0.9637451
9699328,7491.667390110836,3.0,14.193115,500.0,28.901752,0.0,0.96154785,1.0,0.19228515,0.85931087,0.0027078511,0.009644095,-0.0021141972,-0.39988846,0.03845215,0.96154785
9707520,7493.242371598738,3.0,14.135864,500.0,28.377361,0.0,0.9621582,1.0,0.19081351,0.8599111,0.0017958361,0.006773939,-0.0015911331,-0.3994403,0.037841797,0.9621582
9715712,7480.2017771492465,3.0,14.035889,500.0,27.366877,0.0,0.96191406,1.0,0.19140376,0.85962135,-3.5756733e-05,0.0056455433,-0.0028585284,-0.40732917,0.038085938,0.96191406
9723904,7495.025644482225,3.0,14.095947,500.0,27.879993,0.0,0.96362305,1.0,0.18722625,0.8611382,0.0009660764,0.005068429,-0.0015681384,-0.4150939,0.036376953,0.96362305
9732096,7490.9226087620045,3.0,14.148193,500.0,27.994091,0.0,0.9626465,1.0,0.18962654,0.86013424,0.0016212985,0.008930749,-0.0028440766,-0.4206727,0.037353516,0.9626465
9740288,7496.852294739378,3.0,14.217163,500.0,28.00434,0.0,0.96313477,1.0,0.18843086,0.86013055,0.0007058352,0.006003371,-0.0022958496,-0.4212981,0.036865234,0.96313477
9748480,7495.468733884401,3.0,14.092651,500.0,27.283247,0.0,0.9638672,1.0,0.18662056,0.8610927,0.0030633025,0.0069788825,-0.00042613852,-0.42119044,0.036132812,0.9638672
9756672,7493.317542871,3.0,14.044922,500.0,26.7756,0.0,0.9616699,1.0,0.19199188,0.8590834,0.0050148373,0.008109813,0.00095993,-0.4213711,0.038330078,0.9616699
9764864,7493.273420419674,3.0,14.106445,500.0,27.25444,0.0,0.9609375,1.0,0.1937437,0.85841227,0.0019239658,0.008305628,-0.0022288484,-0.42062187,0.0390625,0.9609375
9773056,7489.226170903437,3.0,13.902222,500.0,26.500002,0.0,0.9613037,1.0,0.19287013,0.85961306,0.0022038068,0.0077635893,-0.0016779883,-0.42358586,0.03869629,0.9613037
9781248,7485.70675936581,3.0,13.952393,500.0,26.987318,0.0,0.9622803,1.0,0.19051757,0.8604206,0.0009445875,0.005947743,-0.002029284,-0.43245077,0.037719727,0.9622803
9789440,7498.751842893405,3.0,13.782959,500.0,25.918922,0.0,0.96325684,1.0,0.18813053,0.8616048,0.0016933946,0.0060626636,-0.0013379371,-0.4353448,0.036743164,0.96325684
9797632,7488.978055775875,3.0,13.739868,500.0,25.325264,0.0,0.9638672,1.0,0.18662056,0.8621789,0.001966903,0.0065985597,-0.0013323766,-0.4310893,0.036132812,0.9638672
9805824,7479.789799761716,3.0,13.677246,500.0,24.670635,0.0,0.9642334,1.0,0.18570769,0.8622812,-0.00027798844,0.0070390534,-0.0037975148,-0.42397532,0.0357666,0.9642334
9814016,7506.092382437882,3.0,13.600342,500.0,23.97804,0.0,0.96533203,1.0,0.18293743,0.8633868,0.0013935966,0.006877954,-0.0020453804,-0.4257984,0.03466797,0.96533203
9822208,7500.639254925006,3.0,13.607178,500.0,23.915205,0.0,0.9650879,1.0,0.18355723,0.8629652,0.0025473735,0.0063329306,-0.0006190918,-0.42710215,0.03491211,0.9650879
9830400,7491.956522772472,3.0,13.605957,500.0,24.01713,0.0,0.96447754,1.0,0.18509622,0.8624177,0.0033930137,0.0065029785,0.00014152384,-0.42407036,0.03552246,0.96447754
9838592,7491.389713083694,3.0,13.739136,500.0,24.822922,0.0,0.96435547,1.0,0.18540226,0.8619257,0.0039251884,0.0063639367,0.0007432195,-0.43007505,0.03564453,0.96435547
9846784,7497.981109133553,3.0,13.777954,500.0,24.748903,0.0,0.9658203,1.0,0.1816905,0.8626335,0.002441813,0.0040076897,0.00043796888,-0.4301619,0.034179688,0.9658203
9854976,7485.683927443214,3.0,13.603638,500.0,22.89755,0.0,0.9666748,1.0,0.17948431,0.86313057,0.0015681367,0.006959448,-0.0019115871,-0.4302805,0.033325195,0.9666748
9863168,7496.770509801731,3.0,13.678345,500.0,23.275726,0.0,0.9675293,1.0,0.1772466,0.86358964,-0.00078973843,0.0038839174,-0.002731697,-0.43141523,0.032470703,0.9675293
9871360,7478.363698927839,3.0,13.59729,500.0,22.54073,0.0,0.96850586,1.0,0.17464896,0.86456144,0.0040939297,0.0053342376,0.0014268111,-0.4313503,0.03149414,0.96850586
9879552,7484.941965770725,3.0,13.780151,500.0,23.87712,0.0,0.9692383,1.0,0.17267147,0.8648793,0.0021853,0.0068563907,-0.0012428957,-0.43397912,0.030761719,0.9692383
9887744,7501.49897246584,3.0,13.898193,500.0,25.056559,0.0,0.9691162,1.0,0.17300282,0.8648349,0.003478053,0.006570356,0.00019287557,-0.43082744,0.030883789,0.9691162
9895936,7491.708226703957,3.0,13.901123,500.0,25.075706,0.0,0.9691162,1.0,0.17300282,0.8648131,0.0031736784,0.006029535,0.00015891087,-0.42584753,0.030883789,0.9691162
9904128,7478.537862453928,3.0,13.991211,500.0,25.783682,0.0,0.9688721,1.0,0.17366341,0.86462045,0.003140735,0.005399564,0.00044095272,-0.4277848,0.03112793,0.9688721
9912320,7490.215530195107,3.0,14.030273,500.0,26.385149,0.0,0.9683838,1.0,0.17497607,0.86423504,0.0032470115,0.0063605504,6.673613e-05,-0.43024215,0.03161621,0.9683838
9920512,7480.985147867064,3.0,14.014038,500.0,26.398718,0.0,0.96813965,1.0,0.1756282,0.8642308,0.0029481775,0.0076106433,-0.0008571438,-0.4320523,0.03186035,0.96813965
9928704,7503.043683943888,3.0,14.19043,500.0,27.51139,0.0,0.96850586,1.0,0.17464896,0.8642487,0.0026096182,0.0058903415,-0.00033555232,-0.4343475,0.03149414,0.96850586
9936896,7491.373379781946,3.0,14.1484375,500.0,27.036808,0.0,0.96850586,1.0,0.17464896,0.8642667,0.0026093482,0.005715107,-0.00024820492,-0.4320996,0.03149414,0.96850586
9945088,7490.769097682466,3.0,14.228027,500.0,28.03304,0.0,0.96936035,1.0,0.17233936,0.8652851,0.0009011388,0.0054835808,-0.001840651,-0.43024635,0.030639648,0.96936035
9953280,7493.229298487952,3.0,14.171265,500.0,27.500206,0.0,0.9696045,1.0,0.171673,0.86543214,0.002434778,0.005785321,-0.0004578827,-0.42521167,0.030395508,0.9696045
9961472,7489.457977521428,3.0,13.99939,500.0,26.733072,0.0,0.96899414,1.0,0.17333348,0.8656074,0.0020479865,0.0078040943,-0.0018540609,-0.4230461,0.03100586,0.96899414
9969664,7484.513162692685,3.0,14.013184,500.0,26.789827,0.0,0.96850586,1.0,0.17464896,0.86516225,0.0018319809,0.0073718415,-0.0018539407,-0.417332,0.03149414,0.96850586
9977856,7487.969441180964,3.0,14.116333,500.0,27.546768,0.0,0.967041,1.0,0.17852925,0.8637197,0.003627464,0.007793245,-0.00026915863,-0.41459596,0.032958984,0.967041
9986048,7477.509275794666,3.0,14.246338,500.0,28.03555,0.0,0.96728516,1.0,0.17788924,0.8634488,0.0024575847,0.005061811,-7.332099e-05,-0.41230762,0.032714844,0.96728516
9994240,7486.359158854518,3.0,14.080933,500.0,26.53473,0.0,0.9675293,1.0,0.1772466,0.86343753,0.00032406847,0.00688507,-0.0031184666,-0.40771925,0.032470703,0.9675293
