timestep,fps,ep_len_min,ep_len_mean,ep_len_max,ep_len_std,return_min,return_mean,return_max,return_std,disc_return_mean,total_loss,value_loss,actor_loss,entropy,prob_fail,prob_success
8192,282.23202918636537,67.0,379.64706,500.0,156.81273,0.0,0.47058824,1.0,0.4991342,0.08468423,0.00074070774,0.009185052,-0.0038518175,2.181789,0.5294118,0.47058824
16384,6967.0591786837185,11.0,355.41666,500.0,176.97197,0.0,0.5,1.0,0.5,0.13994247,-0.0015030735,0.005819242,-0.0044126944,2.1804035,0.5,0.5
24576,6924.112552749907,11.0,343.2258,500.0,189.62737,0.0,0.5,1.0,0.5,0.17193364,0.00073114893,0.005433753,-0.0019857276,2.1695147,0.5,0.5
32768,7124.1807167113075,11.0,348.17648,500.0,185.44188,0.0,0.49411765,1.0,0.4999654,0.15777077,-0.0029262844,0.004431775,-0.005142172,2.1637797,0.5058824,0.49411765
40960,6972.830586525856,11.0,306.39838,500.0,201.13914,0.0,0.55284554,1.0,0.4971995,0.22203937,-0.0007019042,0.007934689,-0.004669248,2.1518152,0.44715446,0.55284554
49152,7073.534930888402,11.0,292.08334,500.0,202.46022,0.0,0.59615386,1.0,0.4906673,0.24551536,-0.00029537253,0.0068589537,-0.0037248489,2.1411128,0.40384614,0.59615386
57344,7083.959239297388,11.0,294.26486,500.0,200.74345,0.0,0.5891892,1.0,0.491981,0.23694083,-0.002552599,0.004205583,-0.0046553905,2.1327462,0.4108108,0.5891892
65536,6908.675574690168,6.0,287.33026,500.0,201.99246,0.0,0.60091746,1.0,0.4897098,0.24826623,-0.0021304688,0.00564554,-0.004953239,2.1234396,0.39908257,0.60091746
73728,6912.710545142597,6.0,275.36047,500.0,201.2858,0.0,0.63178295,1.0,0.4823207,0.25960687,-0.0014416787,0.005854087,-0.004368722,2.1114044,0.36821705,0.63178295
81920,6917.666531708059,6.0,271.05594,500.0,200.73509,0.0,0.63986015,1.0,0.48004073,0.26324797,-0.003703174,0.003308148,-0.0053572482,2.1020966,0.36013985,0.63986015
90112,6908.942296018259,6.0,269.3863,500.0,201.5913,0.0,0.635514,1.0,0.4812857,0.26629645,-0.0024443066,0.003180106,-0.00403436,2.0976112,0.36448598,0.635514
98304,6956.011067348912,6.0,268.932,500.0,201.66013,0.0,0.6345609,1.0,0.48155305,0.26641348,-0.0019783834,0.0034950478,-0.0037259078,2.095042,0.3654391,0.6345609
106496,6941.602489621861,6.0,268.74606,500.0,202.9974,0.0,0.62827224,1.0,0.4832662,0.26950532,-0.00060099305,0.002832028,-0.0020170072,2.0897946,0.37172773,0.62827224
114688,6925.448145614501,6.0,265.98334,500.0,205.20605,0.0,0.6261905,1.0,0.48381397,0.27981937,-0.0043430347,0.0031728528,-0.0059294607,2.0880814,0.37380952,0.6261905
122880,6897.014181942853,6.0,259.16306,500.0,205.43834,0.0,0.6369565,1.0,0.48087722,0.2909369,-0.0027308746,0.0035885042,-0.0045251264,2.0878375,0.3630435,0.6369565
131072,6884.2429314756155,6.0,256.8477,500.0,205.9829,0.0,0.64128256,1.0,0.4796241,0.2972974,-0.0065738773,0.0037383852,-0.00844307,2.0888023,0.35871744,0.64128256
139264,6889.1471182955365,6.0,250.0422,500.0,205.53836,0.0,0.653211,1.0,0.4759479,0.306769,-0.0040522087,0.00407141,-0.0060879136,2.086366,0.346789,0.653211
147456,6970.441404737217,4.0,240.56789,500.0,205.27223,0.0,0.6705298,1.0,0.47002083,0.3235607,-0.0021912162,0.0051966123,-0.004789522,2.0786414,0.3294702,0.6705298
155648,6876.976118537875,3.0,231.30862,500.0,205.1937,0.0,0.68532526,1.0,0.46438622,0.34191686,-0.0046858215,0.004077006,-0.0067243245,2.0672877,0.31467474,0.68532526
163840,6853.57324373355,3.0,227.79149,500.0,204.92264,0.0,0.69078016,1.0,0.46217197,0.3487133,-0.0034216654,0.0033438643,-0.005093598,2.057868,0.30921987,0.69078016
172032,6965.422247071247,3.0,224.41888,500.0,204.06326,0.0,0.6994681,1.0,0.45848933,0.35369986,-0.0032635415,0.004294187,-0.005410635,2.0525796,0.30053192,0.6994681
180224,6956.377223967291,3.0,216.43674,500.0,203.57759,0.0,0.7104623,1.0,0.45354784,0.36950105,-0.0033810996,0.0045810216,-0.00567161,2.0454636,0.2895377,0.7104623
188416,6886.496085229656,3.0,209.72072,500.0,202.45212,0.0,0.7207207,1.0,0.44864503,0.38176617,-0.0025105672,0.0043819738,-0.004701554,2.0335739,0.2792793,0.7207207
196608,6895.969092336244,3.0,202.88087,500.0,201.79327,0.0,0.7293626,1.0,0.44428906,0.3961203,-0.0029305113,0.0038675815,-0.004864302,2.0261471,0.27063742,0.7293626
204800,6891.420070150217,3.0,198.30815,500.0,201.16068,0.0,0.7360157,1.0,0.4407909,0.40559083,-0.0040615867,0.0028602793,-0.005491726,2.026778,0.2639843,0.7360157
212992,6959.947862382391,3.0,191.37477,500.0,199.77095,0.0,0.7468007,1.0,0.4348441,0.4195728,-0.0029415921,0.0036669935,-0.0047750887,2.0216906,0.25319928,0.7468007
221184,7007.4693274042675,3.0,185.13327,500.0,198.57973,0.0,0.75551784,1.0,0.4297798,0.43325356,-0.0031312725,0.003878517,-0.005070531,2.0151296,0.24448217,0.75551784
229376,7016.152049912256,3.0,182.49193,500.0,198.34303,0.0,0.7580645,1.0,0.4282554,0.44028655,-0.00283167,0.0034434875,-0.004553413,2.0116768,0.24193548,0.7580645
237568,7050.66077219277,3.0,174.3825,500.0,196.20213,0.0,0.77020013,1.0,0.42070404,0.45777208,-0.004776405,0.0038004834,-0.0066766473,2.01341,0.22979985,0.77020013
245760,6932.4611267756245,3.0,166.4355,500.0,193.73872,0.0,0.78293514,1.0,0.41224718,0.4754641,-0.004937278,0.0056805355,-0.0077775456,2.008839,0.21706484,0.78293514
253952,6965.3078742229345,3.0,155.71684,500.0,189.03343,0.0,0.8019741,1.0,0.39851177,0.4962484,-0.0039014716,0.0066933623,-0.0072481525,1.9986277,0.19802591,0.8019741
262144,6909.7606477688505,3.0,142.80438,500.0,183.08627,0.0,0.8230137,1.0,0.38165712,0.5234681,-0.0059867017,0.0058592227,-0.008916312,1.9896326,0.1769863,0.8230137
270336,6905.07685131725,3.0,129.46368,500.0,176.09402,0.0,0.84367484,1.0,0.36316335,0.5530108,-0.004886925,0.0050992155,-0.0074365335,1.9839023,0.15632516,0.84367484
278528,6958.480554382074,3.0,116.731735,500.0,168.43593,0.0,0.8631402,1.0,0.34369928,0.58223957,-0.003406433,0.003673155,-0.0052430104,1.9777706,0.13685977,0.8631402
286720,6956.649049770384,3.0,108.04269,500.0,162.14243,0.0,0.8768417,1.0,0.3286188,0.6010127,-0.0039730845,0.0033296025,-0.005637886,1.9768518,0.12315829,0.8768417
294912,6926.792632304057,3.0,99.649185,500.0,155.98845,0.0,0.8890392,1.0,0.31408355,0.62127125,-0.0042389333,0.0028851612,-0.0056815143,1.9733253,0.11096076,0.8890392
303104,6957.247704809589,3.0,92.86051,500.0,150.50201,0.0,0.8991416,1.0,0.30114108,0.63772225,-0.0036643164,0.002619984,-0.004974309,1.9605818,0.10085837,0.8991416
311296,6912.113967867277,3.0,85.82671,500.0,144.41771,0.0,0.90921634,1.0,0.2873012,0.65534836,-0.006993428,0.0019144451,-0.0079506505,1.9455893,0.09078366,0.90921634
319488,6535.447917066893,3.0,78.892265,500.0,138.22649,0.0,0.9187052,1.0,0.2732873,0.6743088,-0.0030818572,0.0015501016,-0.003856908,1.9321203,0.08129479,0.9187052
327680,6925.185731428933,3.0,73.56693,500.0,132.93694,0.0,0.9261006,1.0,0.26160705,0.68853545,-0.004726667,0.0015196775,-0.005486506,1.9215105,0.07389937,0.9261006
335872,6948.919464726887,3.0,68.355194,500.0,127.655685,0.0,0.9329939,1.0,0.25003257,0.70351833,-0.0061861733,0.0011382456,-0.006755296,1.8998076,0.06700611,0.9329939
344064,6933.3718010599505,3.0,64.3523,500.0,123.174614,0.0,0.9384126,1.0,0.24040468,0.7146569,-0.00018976617,0.0013750807,-0.0008773065,1.8840576,0.06158742,0.9384126
352256,6942.174712996674,3.0,61.296825,500.0,119.62733,0.0,0.94244856,1.0,0.23289326,0.72336566,0.00013678939,0.0014894555,-0.0006079384,1.8819757,0.057551447,0.94244856
360448,6943.567798009347,3.0,58.563,500.0,116.460396,0.0,0.9458625,1.0,0.22628891,0.7316336,-0.002260803,0.0016477623,-0.003084684,1.8810569,0.05413754,0.9458625
368640,6948.836550026038,3.0,55.684666,500.0,112.8682,0.0,0.949637,1.0,0.21869281,0.74021155,0.0035657135,0.0013671641,0.0028821314,1.8698665,0.050362978,0.949637
376832,6938.067456460064,3.0,53.426685,500.0,109.82639,0.0,0.95273244,1.0,0.21221063,0.74663794,0.00051351736,0.0012401498,-0.00010655745,1.8602104,0.047267567,0.95273244
385024,6941.051393059017,3.0,51.253796,500.0,106.799164,0.0,0.9556591,1.0,0.20585132,0.75299275,-0.0031963652,0.0013047555,-0.0038487432,1.84916,0.04434088,0.9556591
393216,6919.699133379626,3.0,49.014217,500.0,103.738686,0.0,0.95846844,1.0,0.19951613,0.76000476,-0.0046941284,0.00082653505,-0.005107396,1.8278642,0.041531555,0.95846844
401408,6939.838727907372,3.0,37.5437,500.0,81.81087,0.0,0.9748535,1.0,0.1565699,0.7876959,-0.0019778898,0.00070052716,-0.0023281537,1.8080536,0.025146484,0.9748535
409600,6960.12973326862,3.0,27.46753,500.0,55.27032,0.0,0.9892578,1.0,0.10308634,0.81431526,0.004406801,0.00081522146,0.00399919,1.7960535,0.0107421875,0.9892578
417792,6949.748720577117,3.0,21.70227,500.0,31.101286,0.0,0.99780273,1.0,0.04682347,0.8312621,-0.004279569,0.0008504288,-0.004704783,1.7880156,0.0021972656,0.99780273
425984,6956.585668797998,3.0,19.651978,500.0,22.354692,0.0,0.99902344,1.0,0.031234737,0.84043527,-0.002291039,0.001008044,-0.002795061,1.7749525,0.0009765625,0.99902344
434176,6933.25568027843,3.0,18.700684,500.0,20.526392,0.0,0.9991455,1.0,0.029219205,0.8465875,-0.0008002655,0.0008105989,-0.001205565,1.7629218,0.0008544922,0.9991455
442368,6954.531342384548,3.0,17.844604,500.0,18.276688,0.0,0.99938965,1.0,0.02469775,0.85210806,-0.003573238,0.0011401172,-0.0041432967,1.7520174,0.00061035156,0.99938965
450560,6963.5715627946265,3.0,17.304688,500.0,17.281792,0.0,0.99938965,1.0,0.024697753,0.8559487,0.01001909,0.0013242417,0.00935697,1.7481995,0.00061035156,0.99938965
458752,6939.953667579343,3.0,16.970825,500.0,16.966606,0.0,0.99938965,1.0,0.024697753,0.85845006,-0.00035351363,0.0010161664,-0.00086159667,1.7407397,0.00061035156,0.99938965
466944,6937.9497774225765,3.0,16.73291,500.0,17.590765,0.0,0.9992676,1.0,0.02705338,0.86067617,0.0043035015,0.0012718842,0.0036675592,1.7290169,0.0007324219,0.9992676
475136,6961.996926648037,3.0,16.79004,500.0,19.226303,0.0,0.99902344,1.0,0.031234737,0.86107993,0.00046776835,0.0015986721,-0.0003315676,1.7195905,0.0009765625,0.99902344
483328,6949.407155638174,3.0,16.64856,500.0,20.523172,0.0,0.9987793,1.0,0.03491723,0.86290216,-0.0013866872,0.0015694331,-0.002171404,1.7106612,0.0012207031,0.9987793
491520,6956.763138431124,3.0,16.305054,500.0,18.64836,0.0,0.9991455,1.0,0.029219205,0.86480343,-0.00085477333,0.0011201191,-0.0014148329,1.7012473,0.0008544922,0.9991455
499712,6934.480040816063,3.0,16.11792,500.0,18.460295,0.0,0.9991455,1.0,0.029219203,0.8661988,-0.00028293772,0.0010092943,-0.0007875846,1.6910673,0.0008544922,0.9991455
507904,6950.018622793565,3.0,15.964722,500.0,18.780518,0.0,0.9991455,1.0,0.029219206,0.8676671,-0.0012511815,0.0016597072,-0.0020810352,1.6825143,0.0008544922,0.9991455
516096,6941.647366477326,3.0,15.703369,500.0,18.375603,0.0,0.9991455,1.0,0.029219205,0.86953133,-0.0031321335,0.0008870942,-0.0035756805,1.6742822,0.0008544922,0.9991455
524288,6953.747385595717,3.0,15.601807,500.0,18.38373,0.0,0.9991455,1.0,0.029219205,0.8704146,-0.0020415112,0.0007497036,-0.002416363,1.6631194,0.0008544922,0.9991455
532480,6914.589949820544,3.0,15.504639,500.0,18.366884,0.0,0.9991455,1.0,0.029219205,0.8712342,-0.0041447533,0.000690349,-0.0044899276,1.6494241,0.0008544922,0.9991455
540672,6938.112287619656,3.0,15.410645,500.0,18.017185,0.0,0.9991455,1.0,0.029219206,0.87186974,0.0027614236,0.0009386823,0.002292082,1.6354033,0.0008544922,0.9991455
548864,6925.272270079613,3.0,15.497925,500.0,19.119,0.0,0.99902344,1.0,0.031234737,0.87176573,0.0022119128,0.0009949447,0.0017144404,1.6347933,0.0009765625,0.99902344
557056,6940.3643977602405,3.0,15.431763,500.0,19.15008,0.0,0.99902344,1.0,0.031234737,0.872379,0.0010541317,0.00075875176,0.0006747553,1.6238519,0.0009765625,0.99902344
565248,6915.807726199558,3.0,15.341187,500.0,19.09048,0.0,0.99902344,1.0,0.031234737,0.8730799,-0.00086664525,0.0009145413,-0.0013239157,1.6081262,0.0009765625,0.99902344
573440,6957.263200778507,3.0,15.435181,500.0,20.25667,0.0,0.99890137,1.0,0.033127416,0.8730115,8.378795e-05,0.000997197,-0.00041481038,1.6027433,0.0010986328,0.99890137
581632,6946.403393008299,3.0,15.338745,500.0,19.56141,0.0,0.99902344,1.0,0.031234737,0.8734666,0.0024630018,0.0010915312,0.0019172356,1.5933886,0.0009765625,0.99902344
589824,6925.229000483923,3.0,15.278564,500.0,18.828476,0.0,0.9991455,1.0,0.029219205,0.87360203,-0.005424222,0.0009149433,-0.005881693,1.587543,0.0008544922,0.9991455
598016,6960.128323380233,3.0,15.061523,500.0,17.297619,0.0,0.99938965,1.0,0.02469775,0.874688,-0.0011341674,0.00089521485,-0.0015817751,1.58384,0.00061035156,0.99938965
606208,6969.563378276135,3.0,14.896118,500.0,15.524956,0.0,0.9996338,1.0,0.019133132,0.87528807,-0.00039580383,0.0006145615,-0.00070308405,1.5714782,0.00036621094,0.9996338
614400,6936.50573245193,3.0,14.817993,500.0,15.033514,0.0,0.9996338,1.0,0.019133134,0.87570155,-0.0013924248,0.00071929,-0.0017520699,1.5567405,0.00036621094,0.9996338
622592,6939.209430610911,3.0,14.645142,500.0,13.064245,0.0,0.99975586,1.0,0.015623093,0.87639415,0.0004324125,0.0006563298,0.00010424777,1.5419006,0.00024414062,0.99975586
630784,6931.0095786232805,3.0,14.609985,500.0,12.981681,0.0,0.99975586,1.0,0.015623093,0.8766496,-0.0031126442,0.00079366507,-0.0035094768,1.5317067,0.00024414062,0.99975586
638976,6930.868371802367,3.0,14.557373,500.0,12.953817,0.0,0.99975586,1.0,0.015623093,0.87708795,-0.0036693146,0.0005220745,-0.0039303517,1.5204096,0.00024414062,0.99975586
647168,6902.675624409622,3.0,14.591187,500.0,12.979626,0.0,0.99975586,1.0,0.015623093,0.87681943,0.019592252,0.00066098705,0.01926176,1.5059578,0.00024414062,0.99975586
655360,6923.572600337154,3.0,14.54895,500.0,12.985298,0.0,0.99975586,1.0,0.015623093,0.87719476,0.0012961233,0.00067254633,0.0009598502,1.4945256,0.00024414062,0.99975586
663552,6918.6276543841295,3.0,14.481445,500.0,12.761556,0.0,0.99975586,1.0,0.015623093,0.87760663,-0.0022062599,0.00051998,-0.00246625,1.4768585,0.00024414062,0.99975586
671744,6920.501915035892,3.0,14.285767,500.0,10.8258705,0.0,0.9998779,1.0,0.011047868,0.87851155,-0.0029300395,0.00044303827,-0.0031515588,1.4607261,0.00012207031,0.9998779
679936,6943.222631198303,3.0,14.239868,500.0,10.781961,0.0,0.9998779,1.0,0.011047868,0.87888116,-0.0017109769,0.00043713345,-0.0019295437,1.4442812,0.00012207031,0.9998779
688128,6934.3107034806835,3.0,14.070435,231.0,8.248345,1.0,1.0,1.0,0.0,0.879538,0.0011681817,0.0004458818,0.00094524043,1.429265,0.0,1.0
696320,6912.255802084274,3.0,13.996338,231.0,8.07173,1.0,1.0,1.0,0.0,0.880093,-0.00203236,0.00043093387,-0.0022478274,1.4148569,0.0,1.0
704512,6920.336047310001,3.0,13.885498,231.0,7.9530683,1.0,1.0,1.0,0.0,0.8809962,-0.0011967792,0.0005034964,-0.0014485276,1.4023885,0.0,1.0
712704,6920.609245448446,3.0,13.7960205,213.0,7.3408256,1.0,1.0,1.0,0.0,0.8815303,-0.0041402313,0.0004062923,-0.004343377,1.3882412,0.0,1.0
720896,6943.762846463262,3.0,13.699219,213.0,7.2472787,1.0,1.0,1.0,0.0,0.8823317,-0.0031298045,0.0004101845,-0.0033348973,1.3632935,0.0,1.0
729088,6931.269637923129,3.0,13.612915,213.0,7.1363635,1.0,1.0,1.0,0.0,0.88303113,-0.0028140906,0.00039811688,-0.003013149,1.3331032,0.0,1.0
737280,6915.248191677005,3.0,13.5460205,105.0,6.6629276,1.0,1.0,1.0,0.0,0.8834516,0.0005692288,0.00045924506,0.00033960625,1.3179798,0.0,1.0
745472,6950.101565706368,3.0,13.520996,164.0,6.8112845,1.0,1.0,1.0,0.0,0.8837203,3.2879645e-05,0.0004908386,-0.00021253957,1.3069522,0.0,1.0
753664,6942.4524436365955,3.0,13.467041,164.0,6.714598,1.0,1.0,1.0,0.0,0.88414854,-0.0041440115,0.00042385265,-0.0043559377,1.2874136,0.0,1.0
761856,6957.697115935637,3.0,13.376221,164.0,6.6034293,1.0,1.0,1.0,0.0,0.8848963,-0.0025722391,0.00035752152,-0.0027509998,1.2648473,0.0,1.0
770048,6951.589251013157,3.0,13.352905,164.0,6.55495,1.0,1.0,1.0,0.0,0.8850781,-0.002524536,0.0003920637,-0.0027205679,1.2542071,0.0,1.0
778240,6929.562830800407,3.0,13.300171,164.0,6.5098033,1.0,1.0,1.0,0.0,0.8855207,-0.0018460425,0.00036554766,-0.0020288164,1.236395,0.0,1.0
786432,6941.634744803078,3.0,13.300537,164.0,6.518866,1.0,1.0,1.0,0.0,0.88551676,0.007678933,0.000391468,0.0074831992,1.222879,0.0,1.0
794624,6935.2652583557365,3.0,13.242432,164.0,6.6087337,1.0,1.0,1.0,0.0,0.88606447,-0.0037227017,0.00037028547,-0.0039078444,1.2099657,0.0,1.0
802816,6924.850763492779,3.0,13.21521,164.0,6.6129723,1.0,1.0,1.0,0.0,0.8863092,-0.0008449318,0.00042536057,-0.001057612,1.1996061,0.0,1.0
811008,6937.177957938496,3.0,13.153076,164.0,6.4969387,1.0,1.0,1.0,0.0,0.8868066,-0.0002035732,0.00031301676,-0.00036008225,1.1909511,0.0,1.0
819200,6928.6517596005715,3.0,13.152222,164.0,6.4905953,1.0,1.0,1.0,0.0,0.88681126,-0.0014005866,0.00033192296,-0.0015665478,1.1714821,0.0,1.0
827392,6934.051815278359,3.0,13.115601,164.0,6.4754605,1.0,1.0,1.0,0.0,0.88712865,0.0013813066,0.00034397093,0.001209321,1.1483225,0.0,1.0
835584,6928.141831999346,3.0,13.112305,164.0,6.4623938,1.0,1.0,1.0,0.0,0.88715076,-0.0033101116,0.00028737017,-0.0034537965,1.1289606,0.0,1.0
843776,6922.290725127563,3.0,13.0979,210.0,6.791085,1.0,1.0,1.0,0.0,0.8873844,0.042799674,0.0005107416,0.042544298,1.1164907,0.0,1.0
851968,6975.901157468362,3.0,13.11731,500.0,8.70373,0.0,0.9998779,1.0,0.011047869,0.8876481,0.008276696,0.0006264336,0.007963481,1.107001,0.00012207031,0.9998779
860160,6960.5555456967195,3.0,13.058228,500.0,8.676527,0.0,0.9998779,1.0,0.011047869,0.88815445,-0.0024366735,0.0003565697,-0.0026149587,1.0936726,0.00012207031,0.9998779
868352,6916.230916914822,3.0,13.079956,500.0,8.681573,0.0,0.9998779,1.0,0.011047869,0.8879646,0.0047745695,0.00038033823,0.0045844,1.0754359,0.00012207031,0.9998779
876544,6946.366880537956,3.0,13.036011,500.0,8.675409,0.0,0.9998779,1.0,0.011047868,0.8883516,-0.0018880265,0.0003320935,-0.0020540734,1.0619265,0.00012207031,0.9998779
884736,6930.695016840749,3.0,13.00415,500.0,8.672198,0.0,0.9998779,1.0,0.011047869,0.8886342,-0.0033584994,0.00032077136,-0.003518885,1.050174,0.00012207031,0.9998779
892928,6968.128754802539,3.0,12.973999,500.0,8.645931,0.0,0.9998779,1.0,0.011047869,0.8888897,-0.0002906905,0.00036282724,-0.0004721043,1.03159,0.00012207031,0.9998779
901120,6963.199003906392,3.0,12.973389,500.0,10.098201,0.0,0.99975586,1.0,0.015623093,0.88926303,0.010057369,0.0008447639,0.009634989,1.0215671,0.00024414062,0.99975586
909312,6956.029374264358,3.0,12.99939,500.0,11.422265,0.0,0.9996338,1.0,0.019133132,0.88943404,-0.0012511541,0.00065325137,-0.0015777797,1.0237596,0.00036621094,0.9996338
917504,6951.855076592384,3.0,12.981201,500.0,11.413254,0.0,0.9996338,1.0,0.019133132,0.8895874,0.0010152615,0.00050222944,0.00076414656,1.0213135,0.00036621094,0.9996338
925696,6933.80274109274,3.0,13.002075,500.0,12.619918,0.0,0.9995117,1.0,0.022091692,0.889824,0.00070027844,0.0005886519,0.00040595228,1.0175416,0.00048828125,0.9995117
933888,6948.229506055178,3.0,13.037476,500.0,12.635581,0.0,0.9995117,1.0,0.022091692,0.8895229,0.0005055802,0.00055009587,0.00023053258,1.0081854,0.00048828125,0.9995117
942080,6955.131040848549,3.0,13.035034,500.0,13.728806,0.0,0.99938965,1.0,0.024697753,0.8899609,0.0043023597,0.0006094693,0.0039976244,0.99831456,0.00061035156,0.99938965
950272,6962.97887420987,3.0,13.035522,500.0,14.581712,0.0,0.9992676,1.0,0.02705338,0.89025444,-0.0013604334,0.0006489303,-0.0016848985,0.9959462,0.0007324219,0.9992676
958464,6960.974359067863,3.0,12.985107,500.0,14.513902,0.0,0.9992676,1.0,0.02705338,0.89065534,0.0050411536,0.0005598533,0.0047612265,0.9877337,0.0007324219,0.9992676
966656,6948.864656482606,3.0,12.957886,500.0,14.506349,0.0,0.9992676,1.0,0.02705338,0.89088833,0.0069774687,0.0004340773,0.0067604296,0.9782106,0.0007324219,0.9992676
974848,6944.1333283751255,3.0,12.959106,500.0,14.532582,0.0,0.9992676,1.0,0.02705338,0.8909052,0.010454556,0.00040654445,0.010251282,0.974133,0.0007324219,0.9992676
983040,6961.133718805334,3.0,12.95105,500.0,14.553946,0.0,0.9992676,1.0,0.02705338,0.89100033,-0.0015093908,0.00049283274,-0.0017558072,0.9696221,0.0007324219,0.9992676
991232,6945.027419120437,3.0,13.041016,500.0,14.770767,0.0,0.9992676,1.0,0.02705338,0.8904075,0.008932885,0.00067954184,0.008593112,0.96500504,0.0007324219,0.9992676
999424,6968.75765494246,3.0,13.006348,500.0,14.862068,0.0,0.9992676,1.0,0.02705338,0.8908032,0.0030769655,0.0007734491,0.0026902398,0.9632572,0.0007324219,0.9992676
1007616,6959.516485733389,3.0,13.097412,500.0,15.80257,0.0,0.9991455,1.0,0.029219205,0.8904087,0.007897933,0.0006617971,0.0075670322,0.95702136,0.0008544922,0.9991455
1015808,6890.4070741516525,3.0,13.139893,500.0,16.687332,0.0,0.99902344,1.0,0.031234737,0.8904432,0.0457719,0.0015021012,0.04502085,0.9476259,0.0009765625,0.99902344
1024000,6966.112799985079,3.0,13.192139,500.0,17.54128,0.0,0.99890137,1.0,0.033127416,0.8904114,0.0035580834,0.00069753506,0.0032093166,0.94765073,0.0010986328,0.99890137
1032192,6954.503190068667,3.0,13.131836,500.0,16.699272,0.0,0.99902344,1.0,0.031234737,0.8905317,-0.0017599807,0.00045971177,-0.0019898363,0.9344166,0.0009765625,0.99902344
1040384,6959.657452612291,3.0,13.188232,500.0,17.541733,0.0,0.99890137,1.0,0.033127416,0.89044714,0.0076151323,0.0008890275,0.0071706185,0.9300411,0.0010986328,0.99890137
1048576,6959.3868012482435,3.0,13.166748,500.0,16.703184,0.0,0.99902344,1.0,0.031234737,0.89022624,-0.0017638463,0.0003975876,-0.0019626399,0.92810786,0.0009765625,0.99902344
1056768,6932.335245927273,3.0,13.165649,500.0,15.833663,0.0,0.9991455,1.0,0.029219205,0.88983834,-0.00082967547,0.00045253348,-0.0010559424,0.90996766,0.0008544922,0.9991455
1064960,6940.930808533693,3.0,13.164917,500.0,15.010178,0.0,0.9992676,1.0,0.02705338,0.8895188,0.017209213,0.00052360015,0.016947415,0.9000859,0.0007324219,0.9992676
1073152,6925.290415554853,3.0,13.17981,500.0,15.039077,0.0,0.9992676,1.0,0.02705338,0.88941807,0.003972847,0.00044948127,0.0037481072,0.8928497,0.0007324219,0.9992676
1081344,6943.099165225397,3.0,13.141724,500.0,15.012163,0.0,0.9992676,1.0,0.02705338,0.8897276,0.0096909115,0.00048397834,0.009448927,0.8806276,0.0007324219,0.9992676
1089536,6953.719239626464,3.0,13.192993,500.0,15.937584,0.0,0.9991455,1.0,0.029219205,0.88968,-0.00047809872,0.0007929078,-0.00087455264,0.8730818,0.0008544922,0.9991455
1097728,6933.623642625886,3.0,13.193848,500.0,16.774376,0.0,0.99902344,1.0,0.031234737,0.8900293,0.03546651,0.0010528255,0.034940097,0.86494255,0.0009765625,0.99902344
1105920,6889.546330747261,3.0,13.318848,500.0,18.540112,0.0,0.9987793,1.0,0.03491723,0.8898452,0.021445934,0.0012807699,0.020805553,0.86389035,0.0012207031,0.9987793
1114112,6936.039452557411,3.0,13.531738,500.0,20.341469,0.0,0.99853516,1.0,0.038245235,0.8890705,0.024817409,0.0013405082,0.02414716,0.8685267,0.0014648438,0.99853516
1122304,6955.8040650870635,3.0,13.777954,500.0,22.795727,0.0,0.99816895,1.0,0.04275163,0.8885301,0.009739173,0.0011264802,0.009175934,0.8689827,0.0018310547,0.99816895
1130496,6886.261456663821,3.0,13.906372,500.0,23.500393,0.0,0.9980469,1.0,0.044150993,0.88793254,0.01012488,0.001875042,0.00918736,0.8679136,0.001953125,0.9980469
1138688,6894.112244465958,3.0,14.291992,500.0,26.610245,0.0,0.9974365,1.0,0.050565846,0.88693297,0.015970217,0.002563344,0.014688544,0.8691602,0.0025634766,0.9974365
1146880,6891.63569846337,3.0,14.419556,500.0,27.711962,0.0,0.9971924,1.0,0.05291251,0.88671803,0.0020887058,0.0012845527,0.0014464296,0.86936986,0.0028076172,0.9971924
1155072,6335.697996587622,3.0,14.525269,500.0,28.628916,0.0,0.9970703,1.0,0.05404724,0.8865901,0.004995095,0.0010936742,0.004448258,0.8676954,0.0029296875,0.9970703
1163264,6346.252075199596,3.0,14.584351,500.0,29.17007,0.0,0.99694824,1.0,0.055158354,0.8865652,0.0012372261,0.00094804534,0.00076320395,0.86488473,0.0030517578,0.99694824
1171456,6417.679902889827,3.0,14.580444,500.0,29.654373,0.0,0.9968262,1.0,0.056247268,0.88700134,-0.0020127294,0.00047651562,-0.0022509876,0.85670197,0.0031738281,0.9968262
1179648,6374.689981586356,3.0,14.606323,500.0,30.088118,0.0,0.9967041,1.0,0.057315227,0.8871141,0.0055712205,0.0010262947,0.005058073,0.8452431,0.0032958984,0.9967041
1187840,6412.676885221915,3.0,14.680908,500.0,30.643593,0.0,0.99658203,1.0,0.058363397,0.8869892,0.019539207,0.0015306841,0.018773865,0.8437337,0.0034179688,0.99658203
1196032,6380.934744974233,3.0,14.896973,500.0,32.07693,0.0,0.9963379,1.0,0.060404457,0.8865263,0.0026872705,0.0011899169,0.002092312,0.8441503,0.0036621094,0.9963379
1204224,6378.486287542347,3.0,15.013916,500.0,32.966503,0.0,0.99609375,1.0,0.06237781,0.88634336,0.0022554179,0.0006648306,0.001923003,0.8364583,0.00390625,0.99609375
1212416,6386.568469888476,3.0,15.038696,500.0,33.00214,0.0,0.99609375,1.0,0.06237781,0.88620174,0.002625483,0.0012957373,0.0019776141,0.82849073,0.00390625,0.99609375
1220608,6379.245380767357,3.0,15.159302,500.0,33.821064,0.0,0.9958496,1.0,0.0642897,0.8858927,-0.0006325158,0.0011485758,-0.0012068037,0.8286679,0.0041503906,0.9958496
1228800,6402.1716808698075,3.0,15.17334,500.0,34.192646,0.0,0.99572754,1.0,0.065224275,0.8861103,0.0036239892,0.00086480554,0.0031915868,0.82855856,0.004272461,0.99572754
1236992,6419.154628262542,3.0,14.973633,500.0,33.56658,0.0,0.9958496,1.0,0.0642897,0.8871291,0.0013398184,0.0007640382,0.0009577986,0.8163438,0.0041503906,0.9958496
1245184,6393.590724087106,3.0,14.526001,500.0,30.983255,0.0,0.99645996,1.0,0.059392814,0.88848174,-0.0035101203,0.00037088164,-0.0036955606,0.8016792,0.003540039,0.99645996
1253376,6385.862226761166,3.0,13.86853,500.0,26.243105,0.0,0.9975586,1.0,0.049350236,0.8902037,-0.003545809,0.00032603572,-0.003708827,0.78277683,0.0024414062,0.9975586
1261568,6381.241675025551,3.0,13.705688,500.0,24.639376,0.0,0.99780273,1.0,0.04682347,0.8903889,-0.0025258097,0.000405853,-0.0027287363,0.76933223,0.0021972656,0.99780273
1269760,6388.552721114681,3.0,13.584717,500.0,23.489264,0.0,0.9980469,1.0,0.044150993,0.89067346,0.004400484,0.0005645558,0.0041182055,0.7603133,0.001953125,0.9980469
1277952,6418.966353225929,3.0,13.5095215,500.0,22.808601,0.0,0.99816895,1.0,0.042751625,0.8908392,-0.0010066737,0.0005222752,-0.0012678112,0.7576901,0.0018310547,0.99816895
1286144,6350.532150922765,3.0,13.539795,500.0,23.409689,0.0,0.9980469,1.0,0.044150993,0.8909539,-0.0045507303,0.00057571166,-0.004838586,0.7470269,0.001953125,0.9980469
1294336,6406.218174780712,3.0,13.446777,500.0,22.668743,0.0,0.99816895,1.0,0.04275163,0.8912355,-0.00412675,0.00045689126,-0.004355195,0.7215702,0.0018310547,0.99816895
1302528,6366.519849203493,3.0,13.102295,500.0,19.804108,0.0,0.99853516,1.0,0.038245235,0.89234227,-0.0023858065,0.00039094526,-0.0025812795,0.701773,0.0014648438,0.99853516
1310720,6384.892732242021,3.0,12.968262,500.0,18.362665,0.0,0.9987793,1.0,0.03491723,0.8927711,0.0086376425,0.00074500416,0.008265141,0.6930404,0.0012207031,0.9987793
1318912,6407.46299233038,3.0,12.953003,500.0,18.744873,0.0,0.9987793,1.0,0.03491723,0.89310706,0.0026431486,0.0009939249,0.0021461858,0.6913033,0.0012207031,0.9987793
1327104,6402.905399706649,3.0,12.871094,500.0,17.300764,0.0,0.99902344,1.0,0.031234737,0.89314836,0.0068122987,0.00090690743,0.006358844,0.69577074,0.0009765625,0.99902344
1335296,6387.964798253299,3.0,12.69397,500.0,15.3911,0.0,0.9992676,1.0,0.02705338,0.89375114,-0.0022108813,0.00043864024,-0.0024302015,0.6917855,0.0007324219,0.9992676
1343488,6382.831310292301,3.0,12.658813,500.0,14.42969,0.0,0.99938965,1.0,0.02469775,0.8936562,-0.003583646,0.00032576607,-0.0037465293,0.6810962,0.00061035156,0.99938965
1351680,6373.213152957909,3.0,12.654053,500.0,14.432239,0.0,0.99938965,1.0,0.02469775,0.8937023,-0.00090434897,0.00041431288,-0.0011115056,0.6670615,0.00061035156,0.99938965
1359872,6400.000143051151,3.0,12.680908,500.0,15.398578,0.0,0.9992676,1.0,0.02705338,0.8938789,0.003195538,0.0003986704,0.002996203,0.65600395,0.0007324219,0.9992676
1368064,6367.265477335439,3.0,12.668457,500.0,15.404275,0.0,0.9992676,1.0,0.02705338,0.8939975,-0.0027349372,0.00035155637,-0.0029107155,0.6449455,0.0007324219,0.9992676
1376256,6377.7984043503,3.0,12.637939,500.0,15.269607,0.0,0.9992676,1.0,0.02705338,0.89415526,-0.004233418,0.00030387507,-0.0043853554,0.62877333,0.0007324219,0.9992676
1384448,6398.870238452847,3.0,12.478638,500.0,13.248988,0.0,0.9995117,1.0,0.022091692,0.8947467,0.0031118668,0.0003800891,0.0029218206,0.61837447,0.00048828125,0.9995117
1392640,6378.300390534649,3.0,12.468506,500.0,13.2494,0.0,0.9995117,1.0,0.022091692,0.8948379,-0.0010292248,0.00043212884,-0.0012452893,0.61527437,0.00048828125,0.9995117
1400832,6397.226153534224,3.0,12.55188,500.0,14.331822,0.0,0.99938965,1.0,0.024697753,0.89454186,0.010172518,0.00050013297,0.009922453,0.6097646,0.00061035156,0.99938965
1409024,6386.093667385325,3.0,12.67627,500.0,15.618489,0.0,0.99938965,1.0,0.024697753,0.8941326,0.010616693,0.0010487897,0.010092298,0.60644454,0.00061035156,0.99938965
1417216,6391.729375540399,3.0,12.736694,500.0,16.698845,0.0,0.9992676,1.0,0.02705338,0.8941705,0.009710856,0.001163813,0.00912895,0.60613245,0.0007324219,0.9992676
1425408,6404.388860453716,3.0,12.709351,500.0,15.681837,0.0,0.99938965,1.0,0.024697753,0.8939865,0.009907673,0.0012172488,0.00929905,0.6096422,0.00061035156,0.99938965
1433600,6419.076678659248,3.0,12.795776,500.0,16.560846,0.0,0.99938965,1.0,0.024697753,0.8937208,0.005205161,0.0012267397,0.004591791,0.60974693,0.00061035156,0.99938965
1441792,6399.9190817573535,3.0,12.798096,500.0,16.567225,0.0,0.99938965,1.0,0.024697753,0.89370704,0.0051641986,0.00062969344,0.0048493515,0.60337985,0.00061035156,0.99938965
1449984,6385.033925489654,3.0,12.895142,500.0,17.489454,0.0,0.9992676,1.0,0.02705338,0.8933469,0.005977634,0.0009552244,0.0055000214,0.60288596,0.0007324219,0.9992676
1458176,6380.900380127021,3.0,12.938477,500.0,17.534018,0.0,0.9992676,1.0,0.02705338,0.8930162,0.0023895602,0.00097601814,0.0019015511,0.6041455,0.0007324219,0.9992676
1466368,6407.403249152541,3.0,13.053955,500.0,19.113451,0.0,0.99902344,1.0,0.031234737,0.892828,0.00081627374,0.0013333581,0.0001495938,0.5997959,0.0009765625,0.99902344
1474560,6386.4272087662,3.0,13.139648,500.0,20.057919,0.0,0.99890137,1.0,0.033127416,0.892655,0.0031284948,0.00083219237,0.0027123988,0.59877825,0.0010986328,0.99890137
1482752,6402.082214466543,3.0,13.150635,500.0,20.763891,0.0,0.9987793,1.0,0.03491723,0.89297366,-7.539848e-05,0.00045943563,-0.00030511618,0.58992064,0.0012207031,0.9987793
1490944,6379.460944070863,3.0,13.148682,500.0,20.761612,0.0,0.9987793,1.0,0.03491723,0.8929887,-0.00056687323,0.0005718992,-0.00085282273,0.5687501,0.0012207031,0.9987793
1499136,6376.750881124841,3.0,13.211792,500.0,21.433096,0.0,0.9986572,1.0,0.03661926,0.8928235,-0.0014958364,0.00037524747,-0.0016834599,0.56052285,0.0013427734,0.9986572
1507328,6403.066482449762,3.0,13.127197,500.0,20.718178,0.0,0.9987793,1.0,0.03491723,0.89311504,-0.0032687979,0.0006509432,-0.003594269,0.5612731,0.0012207031,0.9987793
1515520,6360.610558101547,3.0,13.083618,500.0,20.492,0.0,0.9986572,1.0,0.03661926,0.893232,0.0015106241,0.00040363584,0.0013088059,0.5584305,0.0013427734,0.9986572
1523712,6382.361805397409,3.0,13.012695,500.0,19.527966,0.0,0.9987793,1.0,0.03491723,0.89317614,-0.0030435384,0.0002830571,-0.0031850669,0.5511455,0.0012207031,0.9987793
1531904,6375.018784369656,3.0,12.821167,500.0,18.275698,0.0,0.99890137,1.0,0.033127416,0.89404225,-0.0038895803,0.0002835043,-0.004031332,0.53284043,0.0010986328,0.99890137
1540096,6379.31525958311,3.0,12.647827,500.0,16.59301,0.0,0.99902344,1.0,0.031234737,0.8946102,-0.005377085,0.00028419134,-0.0055191806,0.5161165,0.0009765625,0.99902344
1548288,6371.213608244517,3.0,12.618164,500.0,16.578506,0.0,0.99902344,1.0,0.031234737,0.8948574,-0.0018338918,0.00028923547,-0.0019785096,0.50599194,0.0009765625,0.99902344
1556480,6383.322230181826,3.0,12.475342,500.0,15.56768,0.0,0.9991455,1.0,0.029219205,0.89558995,0.00028532185,0.00025089842,0.00015987316,0.490256,0.0008544922,0.9991455
1564672,6374.706539188881,3.0,12.338501,500.0,13.565768,0.0,0.99938965,1.0,0.02469775,0.895957,-0.0017383905,0.00025990215,-0.0018683416,0.4692519,0.00061035156,0.99938965
1572864,6379.546225882959,3.0,12.158447,500.0,10.850876,0.0,0.9996338,1.0,0.019133132,0.8965487,0.0136083895,0.00041326735,0.013401753,0.45639247,0.00036621094,0.9996338
1581056,6365.1364166936055,3.0,12.156128,500.0,10.8373165,0.0,0.9996338,1.0,0.019133132,0.89655674,0.005079214,0.00060051447,0.0047789565,0.44939005,0.00036621094,0.9996338
1589248,6365.842800280721,3.0,12.167725,500.0,10.860192,0.0,0.9996338,1.0,0.019133134,0.89647216,-0.0013238788,0.00038379533,-0.0015157764,0.4407037,0.00036621094,0.9996338
1597440,6392.748522874995,3.0,12.09729,500.0,9.42156,0.0,0.99975586,1.0,0.015623093,0.8966739,-0.0007437004,0.00031735495,-0.0009023779,0.43042254,0.00024414062,0.99975586
1605632,6395.2936474669905,3.0,12.140991,500.0,10.843965,0.0,0.9996338,1.0,0.019133132,0.8966986,0.010474118,0.0004906265,0.010228805,0.42877573,0.00036621094,0.9996338
1613824,6374.501940564553,3.0,12.086914,500.0,9.417703,0.0,0.99975586,1.0,0.015623093,0.8967655,-0.0009891698,0.00032102983,-0.0011496848,0.42464402,0.00024414062,0.99975586
1622016,6381.036656697614,3.0,12.075684,500.0,9.430805,0.0,0.99975586,1.0,0.015623093,0.8968764,0.004049398,0.00030552773,0.0038966339,0.40943578,0.00024414062,0.99975586
1630208,6380.598222406767,3.0,12.121582,500.0,9.466448,0.0,0.99975586,1.0,0.015623093,0.89648956,-0.00096064364,0.0003355369,-0.0011284127,0.39890918,0.00024414062,0.99975586
1638400,6382.992570333275,3.0,12.140259,500.0,9.462739,0.0,0.99975586,1.0,0.015623093,0.896317,0.002121554,0.00027386588,0.0019846207,0.38667113,0.00024414062,0.99975586
1646592,6357.264787830222,3.0,12.1427,500.0,9.590442,0.0,0.99975586,1.0,0.015623093,0.8963795,0.012411921,0.00047439913,0.012174721,0.38182455,0.00024414062,0.99975586
1654784,6374.676972101856,3.0,12.169312,500.0,9.614786,0.0,0.99975586,1.0,0.015623093,0.89615834,0.0035697017,0.0003173976,0.0034110018,0.37332377,0.00024414062,0.99975586
1662976,6368.121041184598,3.0,12.202881,500.0,9.8022995,0.0,0.99975586,1.0,0.015623093,0.89596224,0.013552573,0.00047326254,0.0133159375,0.35832715,0.00024414062,0.99975586
1671168,6378.583384554837,3.0,12.220581,500.0,9.869673,0.0,0.99975586,1.0,0.015623093,0.8958458,0.005903284,0.0002868385,0.005759865,0.3385145,0.00024414062,0.99975586
1679360,6360.463378464707,3.0,12.162842,500.0,8.320211,0.0,0.9998779,1.0,0.011047868,0.89596933,0.01810793,0.00038709675,0.017914383,0.33524767,0.00012207031,0.9998779
1687552,6367.34099372045,3.0,12.176147,500.0,9.868625,0.0,0.99975586,1.0,0.015623093,0.8962418,0.006214067,0.00045952984,0.0059843017,0.33557904,0.00024414062,0.99975586
1695744,6378.536019789206,3.0,12.185181,500.0,9.880661,0.0,0.99975586,1.0,0.015623093,0.8961708,0.009709431,0.00039171585,0.009513572,0.33138856,0.00024414062,0.99975586
1703936,6335.425803965387,3.0,12.263916,500.0,12.379012,0.0,0.9996338,1.0,0.019133132,0.89628834,0.016871871,0.00074926077,0.01649724,0.32910287,0.00036621094,0.9996338
1712128,6366.874944618328,3.0,12.47644,500.0,15.753964,0.0,0.9992676,1.0,0.02705338,0.89584464,0.014215176,0.0012246442,0.013602855,0.33070138,0.0007324219,0.9992676
1720320,6360.509297780358,3.0,12.485107,500.0,15.79543,0.0,0.9992676,1.0,0.02705338,0.89581156,0.00287369,0.00058892445,0.002579227,0.32987782,0.0007324219,0.9992676
1728512,6364.258078186876,3.0,12.489136,500.0,16.672735,0.0,0.9991455,1.0,0.029219205,0.8961781,0.0064059803,0.000539694,0.0061361324,0.32467592,0.0008544922,0.9991455
1736704,6405.677152531781,3.0,12.551392,500.0,18.306108,0.0,0.99890137,1.0,0.033127416,0.8964354,0.005292836,0.0007098541,0.0049379095,0.32123995,0.0010986328,0.99890137
1744896,6400.143197402521,3.0,12.5772705,500.0,19.056503,0.0,0.9987793,1.0,0.03491723,0.8965967,-0.0019143386,0.00044607994,-0.0021373783,0.3222628,0.0012207031,0.9987793
1753088,6378.472078471397,3.0,12.588867,500.0,19.022009,0.0,0.9987793,1.0,0.03491723,0.89644563,-0.002648993,0.00032265153,-0.002810319,0.3131689,0.0012207031,0.9987793
1761280,6367.056636660109,3.0,12.545654,500.0,18.923761,0.0,0.9987793,1.0,0.03491723,0.89672583,0.00039029354,0.00027887773,0.00025085406,0.2947319,0.0012207031,0.9987793
1769472,6381.791615829564,3.0,12.494873,500.0,18.86791,0.0,0.9987793,1.0,0.03491723,0.8971036,0.00981587,0.0003953994,0.00961817,0.28548214,0.0012207031,0.9987793
1777664,6345.42347030454,3.0,12.619995,500.0,20.345064,0.0,0.99853516,1.0,0.038245235,0.8968288,0.008239777,0.0005811233,0.0079492135,0.279347,0.0014648438,0.99853516
1785856,6394.368886803734,3.0,12.586182,500.0,19.603912,0.0,0.9986572,1.0,0.03661926,0.8966874,-0.001352788,0.0003189096,-0.001512243,0.2705531,0.0013427734,0.9986572
1794048,6370.452881836099,3.0,12.635132,500.0,19.681448,0.0,0.9986572,1.0,0.03661926,0.8963363,-0.0018689836,0.00046577424,-0.0021018707,0.2497669,0.0013427734,0.9986572
1802240,6374.024200699441,3.0,12.5546875,500.0,18.925507,0.0,0.9987793,1.0,0.03491723,0.8966246,-0.0050019086,0.0002634302,-0.0051336233,0.24279031,0.0012207031,0.9987793
1810432,6386.359548089134,3.0,12.234741,500.0,14.429862,0.0,0.9992676,1.0,0.02705338,0.89722335,0.00074665714,0.00045237385,0.0005204703,0.23177215,0.0007324219,0.9992676
1818624,6369.1196864204185,3.0,12.156982,500.0,14.379738,0.0,0.9992676,1.0,0.02705338,0.8978718,0.0039059112,0.00034306166,0.0037343802,0.2225168,0.0007324219,0.9992676
1826816,6353.6452501332315,3.0,12.252319,500.0,15.368247,0.0,0.9991455,1.0,0.029219205,0.8974571,0.0017176067,0.00059311016,0.0014210514,0.22679375,0.0008544922,0.9991455
1835008,6393.827484437722,3.0,12.219971,500.0,14.602596,0.0,0.9992676,1.0,0.02705338,0.8974794,0.0076222755,0.00080334634,0.0072206035,0.23325592,0.0007324219,0.9992676
1843200,6357.133053254716,3.0,12.1953125,500.0,14.023615,0.0,0.99938965,1.0,0.024697753,0.8975204,0.011937481,0.0006621476,0.011606407,0.23818187,0.00061035156,0.99938965
1851392,6361.27118420334,3.0,12.291382,500.0,15.4636965,0.0,0.9992676,1.0,0.02705338,0.8973546,0.0067742467,0.0010158818,0.006266306,0.24250996,0.0007324219,0.9992676
1859584,6391.536761103148,3.0,12.346924,500.0,16.375687,0.0,0.9991455,1.0,0.029219205,0.8972813,0.0028555805,0.000390828,0.002660167,0.24011785,0.0008544922,0.9991455
1867776,6395.332928937743,3.0,12.355103,500.0,16.375418,0.0,0.9991455,1.0,0.029219205,0.8972076,-0.0017211123,0.00044343143,-0.001942828,0.23202541,0.0008544922,0.9991455
1875968,6397.448889468147,3.0,12.254028,500.0,14.725376,0.0,0.99938965,1.0,0.02469775,0.8974327,-0.0024893526,0.00035148227,-0.0026650936,0.22255504,0.00061035156,0.99938965
1884160,6355.4668469985545,3.0,12.2960205,500.0,14.73056,0.0,0.99938965,1.0,0.02469775,0.897062,-0.0018173077,0.00029041717,-0.0019625162,0.20741248,0.00061035156,0.99938965
1892352,6397.441742619799,3.0,12.268433,500.0,14.731851,0.0,0.99938965,1.0,0.02469775,0.8973118,-0.0012493724,0.00030654165,-0.0014026435,0.19087523,0.00061035156,0.99938965
1900544,6372.022965420385,3.0,12.276367,500.0,14.659374,0.0,0.99938965,1.0,0.02469775,0.8971912,-0.0024030248,0.00031976102,-0.0025629052,0.17812957,0.00061035156,0.99938965
1908736,6416.534161488364,3.0,12.2854,500.0,14.678067,0.0,0.99938965,1.0,0.024697753,0.8971337,0.0049863257,0.00057643035,0.00469811,0.17311358,0.00061035156,0.99938965
1916928,6390.61189793691,3.0,12.455933,500.0,16.74199,0.0,0.9991455,1.0,0.029219205,0.89660704,0.0012112545,0.00068631035,0.00086809916,0.17473707,0.0008544922,0.9991455
1925120,6387.905418122827,3.0,12.392944,500.0,15.840514,0.0,0.9992676,1.0,0.02705338,0.8967316,-0.0046404614,0.00029051534,-0.004785719,0.17308569,0.0007324219,0.9992676
1933312,6404.286201453985,3.0,12.362305,500.0,14.907047,0.0,0.99938965,1.0,0.024697753,0.8965943,-0.009071583,0.0006531869,-0.009398175,0.1596323,0.00061035156,0.99938965
1941504,6405.7464173875205,3.0,12.370239,500.0,15.136651,0.0,0.9995117,1.0,0.022091692,0.89666367,0.066696756,0.0003307577,0.066531375,0.14688694,0.00048828125,0.9995117
1949696,6388.5384671592965,3.0,12.268433,500.0,13.660767,0.0,0.9996338,1.0,0.019133132,0.8968797,-0.017914552,0.0005195158,-0.018174313,0.13711463,0.00036621094,0.9996338
1957888,6371.373100325228,3.0,12.252319,500.0,13.191366,0.0,0.99975586,1.0,0.015623093,0.8968895,-0.000782731,0.0002755856,-0.00092052395,0.12419195,0.00024414062,0.99975586
1966080,6407.626694346233,3.0,12.27063,500.0,13.212862,0.0,0.99975586,1.0,0.015623093,0.89674973,-0.0017458852,0.0002892493,-0.00189051,0.11315068,0.00024414062,0.99975586
1974272,6384.801375232765,3.0,12.285522,500.0,12.973838,0.0,0.99975586,1.0,0.015623093,0.89646804,0.0029509575,0.00032070017,0.0027906082,0.10342995,0.00024414062,0.99975586
1982464,6379.447915105909,3.0,12.275391,500.0,12.988769,0.0,0.99975586,1.0,0.015623093,0.896575,-0.00747528,0.00032886388,-0.0076397117,0.09653853,0.00024414062,0.99975586
1990656,6390.317139199129,3.0,12.255371,500.0,13.020491,0.0,0.99975586,1.0,0.015623093,0.89677894,0.0034146782,0.0003189148,0.0032552204,0.095260255,0.00024414062,0.99975586
1998848,6386.690742964038,3.0,12.330322,500.0,14.083266,0.0,0.9996338,1.0,0.019133132,0.89652264,0.00050997897,0.00041342713,0.00030326576,0.09812655,0.00036621094,0.9996338
2007040,6396.415144652046,3.0,12.324463,500.0,14.065709,0.0,0.9996338,1.0,0.019133132,0.89655477,-0.0002625069,0.000229783,-0.00037739717,0.090822116,0.00036621094,0.9996338
2015232,6370.353670045056,3.0,12.21228,500.0,12.689193,0.0,0.99975586,1.0,0.015623093,0.89694977,-0.00062800176,0.0002538281,-0.0007549159,0.07717671,0.00024414062,0.99975586
2023424,6379.645724212277,3.0,12.138428,500.0,11.495663,0.0,0.9998779,1.0,0.011047868,0.89719564,0.003377569,0.0005041274,0.0031255058,0.07387007,0.00012207031,0.9998779
2031616,6399.592473232234,3.0,12.146851,500.0,11.783427,0.0,0.9998779,1.0,0.011047869,0.8972687,0.0019366287,0.00028911047,0.0017920735,0.06659406,0.00012207031,0.9998779
2039808,6380.009393317019,3.0,12.000488,500.0,9.224601,0.0,0.9998779,1.0,0.011047868,0.89764357,0.0020320993,0.0004158812,0.0018241585,0.061010182,0.00012207031,0.9998779
2048000,6405.517132558489,3.0,12.088135,500.0,10.690334,0.0,0.99975586,1.0,0.015623093,0.89728785,0.002165799,0.00092353206,0.001704033,0.06034857,0.00024414062,0.99975586
2056192,6416.501808623202,3.0,12.334961,500.0,15.583112,0.0,0.9991455,1.0,0.029219205,0.8968984,0.005691612,0.0016552141,0.0048640054,0.06962556,0.0008544922,0.9991455
2064384,6412.402825136586,3.0,12.298828,500.0,15.580195,0.0,0.9991455,1.0,0.029219205,0.8972184,-0.0029777796,0.00095661974,-0.0034560896,0.075798735,0.0008544922,0.9991455
2072576,6389.538774065788,3.0,12.49585,500.0,18.161312,0.0,0.9987793,1.0,0.03491723,0.89672697,0.0006730779,0.00060384977,0.0003711533,0.068267584,0.0012207031,0.9987793
2080768,6370.970250531598,3.0,12.446045,500.0,18.144474,0.0,0.9987793,1.0,0.03491723,0.89714867,-0.0017620423,0.00026556282,-0.0018948235,0.05630394,0.0012207031,0.9987793
2088960,6354.688721081415,3.0,12.464722,500.0,18.13201,0.0,0.9987793,1.0,0.03491723,0.89696974,0.0055616437,0.00039403432,0.005364625,0.04802382,0.0012207031,0.9987793
2097152,6335.639584182686,3.0,12.553101,500.0,19.01851,0.0,0.9987793,1.0,0.03491723,0.8968214,0.020154567,0.00069257955,0.01980828,0.043879963,0.0012207031,0.9987793
2105344,6367.443651678907,3.0,12.622803,500.0,19.342098,0.0,0.9987793,1.0,0.03491723,0.89649737,0.0038584971,0.00071972795,0.0034986336,0.041478537,0.0012207031,0.9987793
2113536,6387.604971587397,3.0,12.6521,500.0,20.07308,0.0,0.9986572,1.0,0.03661926,0.89665097,0.0014713097,0.00053125346,0.0012056828,0.038404442,0.0013427734,0.9986572
2121728,6382.047655090419,3.0,12.670532,500.0,20.069593,0.0,0.9986572,1.0,0.03661926,0.8964801,0.0007061324,0.00024700907,0.0005826284,0.03418448,0.0013427734,0.9986572
2129920,6370.791878773068,3.0,12.652222,500.0,19.920094,0.0,0.9986572,1.0,0.03661926,0.8965194,-0.010485355,0.00028667232,-0.010628691,0.018291786,0.0013427734,0.9986572
2138112,6376.94970653002,3.0,12.614868,500.0,19.905619,0.0,0.9986572,1.0,0.03661926,0.8968339,-0.0033391672,0.00028385245,-0.003481093,0.0006983802,0.0013427734,0.9986572
2146304,6373.836198953503,3.0,12.650391,500.0,19.921547,0.0,0.9986572,1.0,0.03661926,0.8965389,0.0056181494,0.00029181625,0.005472241,-0.005217798,0.0013427734,0.9986572
2154496,6394.67116009263,3.0,12.386597,500.0,16.76327,0.0,0.9991455,1.0,0.029219206,0.89721054,0.003229152,0.00032578266,0.0030662604,-0.017158516,0.0008544922,0.9991455
2162688,6392.019508086078,3.0,12.284912,500.0,14.936909,0.0,0.99938965,1.0,0.02469775,0.8972799,0.001058769,0.00041410502,0.0008517159,-0.033340685,0.00061035156,0.99938965
2170880,6388.226083942971,3.0,12.120117,500.0,12.824289,0.0,0.9996338,1.0,0.019133132,0.89788496,0.003699132,0.00041112653,0.0034935689,-0.03644915,0.00036621094,0.9996338
2179072,6367.195862254786,3.0,12.129028,500.0,12.819104,0.0,0.9996338,1.0,0.019133132,0.89779896,-0.0039688624,0.00023754647,-0.004087636,-0.037781425,0.00036621094,0.9996338
2187264,6388.803363555801,3.0,12.066772,500.0,12.787095,0.0,0.9996338,1.0,0.019133132,0.89832675,-0.0014200609,0.00023740517,-0.0015387633,-0.053867526,0.00036621094,0.9996338
2195456,6374.072680935719,3.0,11.930054,500.0,11.035614,0.0,0.9996338,1.0,0.019133132,0.8987011,0.014440856,0.00031913078,0.014281286,-0.062094957,0.00036621094,0.9996338
2203648,6390.660630831452,3.0,11.891235,500.0,10.162715,0.0,0.99975586,1.0,0.015623093,0.89878255,0.0038358343,0.00026173005,0.0037049695,-0.071042426,0.00024414062,0.99975586
2211840,6380.196574684799,3.0,11.859741,500.0,8.614916,0.0,0.9998779,1.0,0.011047868,0.89863956,-0.0010435692,0.0002271667,-0.0011571529,-0.083303005,0.00012207031,0.9998779
2220032,6376.075204115755,3.0,11.850342,500.0,8.632007,0.0,0.9998779,1.0,0.011047868,0.89873683,0.0036229512,0.00022672914,0.0035095867,-0.103308275,0.00012207031,0.9998779
2228224,6395.113911135159,3.0,11.8125,500.0,8.552358,0.0,0.9998779,1.0,0.011047868,0.8990263,-0.0029271424,0.00022022423,-0.0030372546,-0.1194669,0.00012207031,0.9998779
2236416,6385.203602947326,3.0,11.84021,500.0,8.521642,0.0,0.9998779,1.0,0.011047868,0.8987559,-0.0015094184,0.00021683225,-0.0016178344,-0.12519929,0.00012207031,0.9998779
2244608,6380.432344061677,3.0,11.801025,500.0,8.482127,0.0,0.9998779,1.0,0.011047868,0.8990824,-0.0038218447,0.00019797878,-0.003920834,-0.13683417,0.00012207031,0.9998779
2252800,6385.583333426256,3.0,11.788818,500.0,8.459395,0.0,0.9998779,1.0,0.011047868,0.89917755,0.0015674894,0.00022897263,0.0014530033,-0.15075734,0.00012207031,0.9998779
2260992,6366.432556064314,3.0,11.775635,500.0,8.470376,0.0,0.9998779,1.0,0.011047868,0.89930505,0.0008700992,0.00023110154,0.000754548,-0.1585893,0.00012207031,0.9998779
2269184,6375.694237486398,3.0,11.737427,362.0,6.5343537,1.0,1.0,1.0,0.0,0.8992237,-0.004242031,0.00021065533,-0.0043473584,-0.17254084,0.0,1.0
2277376,6374.6840681777285,3.0,11.755737,362.0,6.5572176,1.0,1.0,1.0,0.0,0.8990718,0.0013555678,0.00022297664,0.0012440796,-0.18724972,0.0,1.0
2285568,6381.84969700842,3.0,11.731445,362.0,6.555606,1.0,1.0,1.0,0.0,0.8992902,-0.0042857314,0.00020151852,-0.004386491,-0.1993126,0.0,1.0
2293760,6396.75929217346,3.0,11.689087,99.0,5.3959794,1.0,1.0,1.0,0.0,0.8994336,0.010882148,0.00028650105,0.010738897,-0.20249042,0.0,1.0
2301952,6380.483291492816,3.0,11.720337,397.0,7.1915264,1.0,1.0,1.0,0.0,0.89958787,-0.0024812273,0.00059119315,-0.0027768237,-0.20708266,0.0,1.0
2310144,6416.930810167962,3.0,11.715698,397.0,7.189579,1.0,1.0,1.0,0.0,0.8996284,-0.0022523124,0.00024014834,-0.0023723864,-0.21935925,0.0,1.0
2318336,6379.250118265811,3.0,11.75708,397.0,8.016802,1.0,1.0,1.0,0.0,0.899498,0.06782511,0.00035228848,0.06764896,-0.23294652,0.0,1.0
2326528,6399.588897410978,3.0,11.762207,397.0,8.012311,1.0,1.0,1.0,0.0,0.89944845,-0.016941428,0.0004967139,-0.017189786,-0.24954474,0.0,1.0
2334720,6412.815719356922,3.0,11.7890625,500.0,10.086924,0.0,0.9998779,1.0,0.011047869,0.89982086,-0.025904028,0.00081735157,-0.026312703,-0.26983964,0.00012207031,0.9998779
2342912,6382.002609657143,3.0,11.806152,500.0,10.096568,0.0,0.9998779,1.0,0.011047868,0.89967537,0.009708198,0.00047064305,0.009472878,-0.2965722,0.00012207031,0.9998779
2351104,6396.817646117012,3.0,11.847412,500.0,11.296439,0.0,0.9998779,1.0,0.011047868,0.89968944,0.052051805,0.00044819078,0.051827714,-0.319541,0.00012207031,0.9998779
2359296,6394.535490593578,3.0,11.859131,500.0,11.480694,0.0,0.9998779,1.0,0.011047868,0.899689,0.0035220627,0.0002861408,0.0033789922,-0.33378828,0.00012207031,0.9998779
2367488,6386.950737200256,3.0,11.860596,500.0,11.6989975,0.0,0.9998779,1.0,0.011047868,0.89980495,0.028708383,0.0006076836,0.028404541,-0.34276268,0.00012207031,0.9998779
2375680,6419.005926042998,3.0,11.971924,500.0,14.131504,0.0,0.9996338,1.0,0.019133132,0.8997763,0.057484373,0.00089676783,0.05703599,-0.34428582,0.00036621094,0.9996338
2383872,6386.658690345812,3.0,12.097534,500.0,15.435037,0.0,0.9996338,1.0,0.019133132,0.8993363,-0.016038947,0.00086090894,-0.0164694,-0.34640187,0.00036621094,0.9996338
2392064,6421.268383590357,3.0,12.217407,500.0,16.77724,0.0,0.9995117,1.0,0.022091692,0.89895654,0.036962155,0.0012513124,0.036336504,-0.36053318,0.00048828125,0.9995117
2400256,6389.648090241263,3.0,12.480347,500.0,19.574928,0.0,0.9992676,1.0,0.02705338,0.8982431,0.022499215,0.0011917183,0.021903358,-0.36241692,0.0007324219,0.9992676
2408448,6390.115102545762,3.0,12.46167,500.0,19.597706,0.0,0.9992676,1.0,0.02705338,0.8983859,0.016672976,0.00073513755,0.016305404,-0.36539397,0.0007324219,0.9992676
2416640,6401.395195824381,3.0,12.598145,500.0,21.037497,0.0,0.99902344,1.0,0.031234737,0.89803195,0.01753642,0.001099514,0.016986664,-0.37304688,0.0009765625,0.99902344
2424832,6414.100220145692,3.0,12.747681,500.0,23.361197,0.0,0.99853516,1.0,0.038245235,0.89813626,0.036962233,0.0016964555,0.03611401,-0.36932766,0.0014648438,0.99853516
2433024,6336.198050848192,3.0,12.862671,500.0,24.566969,0.0,0.998291,1.0,0.041304525,0.89794767,0.029899424,0.0020585011,0.028870175,-0.37571356,0.0017089844,0.998291
2441216,6403.039038150365,3.0,13.31604,500.0,27.98791,0.0,0.99768066,1.0,0.0481036,0.8965796,0.011310908,0.0010493877,0.010786214,-0.37594584,0.002319336,0.99768066
2449408,6424.287876102289,3.0,13.3585205,500.0,28.500109,0.0,0.9975586,1.0,0.049350236,0.8966232,-0.005051828,0.0013469096,-0.0057252827,-0.37771744,0.0024414062,0.9975586
2457600,6398.150549479811,3.0,13.621338,500.0,30.94461,0.0,0.99694824,1.0,0.055158354,0.89640576,0.012683246,0.0009717096,0.012197393,-0.38290054,0.0030517578,0.99694824
2465792,6395.194850749422,3.0,13.758789,500.0,31.79503,0.0,0.9967041,1.0,0.057315227,0.8959119,0.004425578,0.0009231996,0.0039639785,-0.3832199,0.0032958984,0.9967041
2473984,6402.152594493958,3.0,14.022217,500.0,33.56196,0.0,0.9962158,1.0,0.06139918,0.8952569,-0.004777079,0.0017954446,-0.0056748018,-0.38098368,0.0037841797,0.9962158
2482176,6400.192075771698,3.0,14.1936035,500.0,34.502663,0.0,0.99609375,1.0,0.06237781,0.89478654,0.009033152,0.00082570233,0.008620299,-0.3865451,0.00390625,0.99609375
2490368,6399.524533311678,3.0,14.015625,500.0,33.582108,0.0,0.9963379,1.0,0.060404457,0.8953886,0.0049736006,0.0007259144,0.0046106423,-0.39597738,0.0036621094,0.9963379
2498560,6424.988227559258,3.0,14.068115,500.0,34.298775,0.0,0.9959717,1.0,0.06334108,0.895515,0.012168974,0.0010405714,0.0116486875,-0.40126634,0.0040283203,0.9959717
2506752,6422.678727537276,3.0,14.194702,500.0,35.338478,0.0,0.99560547,1.0,0.06614544,0.8953852,0.014016827,0.0011130798,0.013460289,-0.39894658,0.0043945312,0.99560547
2514944,6403.771762319853,3.0,14.123901,500.0,35.132225,0.0,0.9954834,1.0,0.06705372,0.89564294,0.0051536947,0.0011360819,0.004585654,-0.40464422,0.0045166016,0.9954834
2523136,6399.532876732995,3.0,14.39978,500.0,37.202946,0.0,0.994751,1.0,0.07225974,0.895314,0.0092742,0.0005638442,0.008992278,-0.4126464,0.0052490234,0.994751
2531328,6401.661159506912,3.0,14.4157715,500.0,37.201263,0.0,0.994751,1.0,0.07225975,0.8951679,-0.0021707206,0.0007740935,-0.0025577669,-0.42325974,0.0052490234,0.994751
2539520,6419.77229589322,3.0,14.564209,500.0,37.964527,0.0,0.99450684,1.0,0.07391203,0.89468634,0.014177622,0.0009780348,0.013688604,-0.4326011,0.005493164,0.99450684
2547712,6428.270981748136,3.0,14.429565,500.0,37.19989,0.0,0.994751,1.0,0.07225974,0.89504415,0.010502057,0.00093064376,0.010036737,-0.42894292,0.0052490234,0.994751
2555904,6434.435647943802,3.0,14.459351,500.0,37.778282,0.0,0.99438477,1.0,0.07472418,0.89530015,0.013906082,0.002048054,0.012882055,-0.42663774,0.0056152344,0.99438477
2564096,6478.331995548847,3.0,14.486694,500.0,38.15728,0.0,0.9942627,1.0,0.07552739,0.8954739,2.4201803,0.0012836345,2.4195385,-0.4258681,0.0057373047,0.9942627
2572288,6423.131369178643,3.0,14.463623,500.0,37.808426,0.0,0.9942627,1.0,0.07552739,0.8952726,-0.00016149908,0.0014264605,-0.00087472924,-0.42371014,0.0057373047,0.9942627
2580480,6416.193873608608,3.0,14.538696,500.0,38.185505,0.0,0.9941406,1.0,0.07632197,0.895022,0.00507603,0.00061285,0.0047696047,-0.42734778,0.005859375,0.9941406
2588672,6391.552217388838,3.0,14.375732,500.0,37.421722,0.0,0.99438477,1.0,0.07472418,0.89561725,0.0006258269,0.00084041484,0.00020561926,-0.440171,0.0056152344,0.99438477
2596864,6397.332159611301,3.0,14.383667,500.0,37.657978,0.0,0.9941406,1.0,0.07632197,0.8956407,-0.0014688892,0.0005538007,-0.0017457895,-0.44646996,0.005859375,0.9941406
2605056,6402.634560327961,3.0,14.436279,500.0,38.035664,0.0,0.99401855,1.0,0.07710815,0.8955838,-0.016679,0.0015154093,-0.017436706,-0.4504475,0.0059814453,0.99401855
2613248,6452.599673423857,3.0,14.590088,500.0,38.784767,0.0,0.9937744,1.0,0.07865638,0.89506125,-0.019824998,0.0012211241,-0.02043556,-0.46307808,0.006225586,0.9937744
2621440,6403.9615341891395,3.0,14.358032,500.0,37.265816,0.0,0.9942627,1.0,0.07552739,0.8954282,0.0033485065,0.0005224873,0.0030872626,-0.47263753,0.0057373047,0.9942627
2629632,6382.220730301756,3.0,14.20813,500.0,36.47943,0.0,0.99450684,1.0,0.07391203,0.8959014,0.009750806,0.0015414925,0.008980058,-0.4762208,0.005493164,0.99450684
2637824,6410.345131057668,3.0,13.998901,500.0,34.927452,0.0,0.9949951,1.0,0.070567936,0.8961935,0.0007425933,0.0008396876,0.0003227491,-0.48069304,0.005004883,0.9949951
2646016,6412.816916229049,3.0,14.080322,500.0,35.74334,0.0,0.994751,1.0,0.07225974,0.8963084,0.0070658484,0.0006618928,0.006734901,-0.48175225,0.0052490234,0.994751
2654208,6424.641035968167,3.0,14.312378,500.0,37.320118,0.0,0.9942627,1.0,0.07552739,0.89592457,0.0028535428,0.00046450988,0.0026212884,-0.4854665,0.0057373047,0.9942627
2662400,6413.992460328053,3.0,14.14978,500.0,36.145428,0.0,0.9946289,1.0,0.073090665,0.89611554,-0.0013310016,0.001442204,-0.0020521032,-0.49130344,0.0053710938,0.9946289
2670592,6420.103366693461,3.0,14.095581,500.0,35.740788,0.0,0.994751,1.0,0.07225974,0.8961657,0.007858921,0.00075262267,0.00748261,-0.5026732,0.0052490234,0.994751
2678784,6390.4502526813685,3.0,13.698853,500.0,32.798252,0.0,0.99560547,1.0,0.06614544,0.8967605,0.0098167015,0.0007270143,0.009453195,-0.50436336,0.0043945312,0.99560547
2686976,6350.243425017673,3.0,13.609863,500.0,32.353477,0.0,0.99572754,1.0,0.065224275,0.89712584,-0.0113676265,0.00062070513,-0.011677979,-0.5112866,0.004272461,0.99572754
2695168,6353.893160950924,3.0,13.626221,500.0,32.702736,0.0,0.99572754,1.0,0.06522428,0.89735425,-0.005110221,0.0021941261,-0.0062072836,-0.5292752,0.004272461,0.99572754
2703360,6397.7597928271925,3.0,13.6623535,500.0,33.141266,0.0,0.99560547,1.0,0.06614544,0.89745235,0.0047708773,0.0011949795,0.004173388,-0.5368575,0.0043945312,0.99560547
2711552,6417.0446609912615,3.0,13.635864,500.0,33.139416,0.0,0.99560547,1.0,0.06614544,0.89768237,0.0043152897,0.0009123228,0.0038591286,-0.5322262,0.0043945312,0.99560547
2719744,6419.412475053592,3.0,13.826294,500.0,34.42527,0.0,0.99523926,1.0,0.06883369,0.89726305,-0.0226884,0.00074641046,-0.023061607,-0.5306818,0.004760742,0.99523926
2727936,6390.289804081075,3.0,13.586548,500.0,32.675686,0.0,0.9958496,1.0,0.0642897,0.89769393,0.0011059885,0.0009421334,0.0006349216,-0.54329103,0.0041503906,0.9958496
2736128,6419.023913848421,3.0,13.773193,500.0,33.97275,0.0,0.9954834,1.0,0.06705372,0.8972887,-9.191112e-05,0.0007468823,-0.0004653521,-0.550287,0.0045166016,0.9954834
2744320,6391.25499422904,3.0,13.879517,500.0,34.749535,0.0,0.99523926,1.0,0.06883369,0.89707816,0.005478034,0.00051307253,0.005221498,-0.54776067,0.004760742,0.99523926
2752512,6384.396825615079,3.0,13.849976,500.0,34.335808,0.0,0.9953613,1.0,0.067949645,0.89693284,-0.0036185684,0.0006769866,-0.003957062,-0.54977465,0.004638672,0.9953613
2760704,6374.05730907364,3.0,13.765747,500.0,33.638157,0.0,0.99560547,1.0,0.06614544,0.89707196,0.0044322964,0.0014481212,0.0037082362,-0.5530956,0.0043945312,0.99560547
2768896,6388.0455570024,3.0,13.684937,500.0,32.86382,0.0,0.9958496,1.0,0.0642897,0.8970915,-0.00045118958,0.0010069574,-0.00095466804,-0.5562891,0.0041503906,0.9958496
2777088,6410.806800955061,3.0,13.757446,500.0,33.299732,0.0,0.99572754,1.0,0.065224275,0.8968665,-0.00011896645,0.0008268249,-0.0005323784,-0.5588012,0.004272461,0.99572754
2785280,6408.336564818225,3.0,13.710449,500.0,32.863525,0.0,0.9958496,1.0,0.0642897,0.89686465,0.013849845,0.0011878298,0.013255932,-0.5607719,0.0041503906,0.9958496
2793472,6384.489357369124,3.0,13.988403,500.0,34.912582,0.0,0.9953613,1.0,0.067949645,0.8964399,-0.0003335242,0.0006185656,-0.00064280746,-0.5692247,0.004638672,0.9953613
2801664,6411.116611560996,3.0,13.874023,500.0,34.17972,0.0,0.9954834,1.0,0.06705372,0.89669794,-0.00019544276,0.0007810684,-0.0005859768,-0.58560735,0.0045166016,0.9954834
2809856,6360.343284927593,3.0,13.901367,500.0,34.17224,0.0,0.9954834,1.0,0.06705372,0.8964354,0.00429569,0.0007596525,0.003915863,-0.59946537,0.0045166016,0.9954834
2818048,6407.3160261135545,3.0,13.964722,500.0,34.656174,0.0,0.9953613,1.0,0.067949645,0.89640766,0.015463607,0.0015017753,0.014712723,-0.6004719,0.004638672,0.9953613
2826240,6391.673492378578,3.0,14.036743,500.0,34.810417,0.0,0.9953613,1.0,0.067949645,0.89599293,0.0032635597,0.0005182377,0.003004442,-0.6009687,0.004638672,0.9953613
2834432,6435.23342750896,3.0,13.866821,500.0,33.57146,0.0,0.99560547,1.0,0.06614544,0.8962563,0.0074267397,0.0006341537,0.0071096625,-0.6109062,0.0043945312,0.99560547
2842624,6426.858181016944,3.0,14.100952,500.0,35.247295,0.0,0.9951172,1.0,0.06970632,0.8958553,0.018775601,0.0011873315,0.018181933,-0.6110167,0.0048828125,0.9951172
2850816,6385.12172948174,3.0,14.093506,500.0,35.25078,0.0,0.9951172,1.0,0.06970632,0.8959318,0.0029260393,0.00031570287,0.002768188,-0.61186105,0.0048828125,0.9951172
2859008,6364.58816355412,3.0,13.884399,500.0,33.999714,0.0,0.9954834,1.0,0.06705372,0.8965225,0.0026574326,0.0005413622,0.0023867523,-0.623639,0.0045166016,0.9954834
2867200,6409.089629637229,3.0,13.786865,500.0,33.570927,0.0,0.99560547,1.0,0.06614544,0.89696276,-0.00089151587,0.00096614915,-0.0013745903,-0.6346698,0.0043945312,0.99560547
2875392,6425.549339655703,3.0,13.901611,500.0,34.59114,0.0,0.99523926,1.0,0.06883369,0.89680946,0.0072885123,0.00138377,0.0065966262,-0.63084745,0.004760742,0.99523926
2883584,6447.105351119424,3.0,14.05603,500.0,35.819893,0.0,0.99487305,1.0,0.071418956,0.89669657,-0.012836485,0.0008966324,-0.013284801,-0.6242466,0.005126953,0.99487305
2891776,6417.876493788005,3.0,14.018555,500.0,35.595455,0.0,0.9949951,1.0,0.070567936,0.89689004,0.0005349579,0.0006840369,0.00019293965,-0.6313559,0.005004883,0.9949951
2899968,6377.785382175365,3.0,13.710205,500.0,33.587467,0.0,0.9954834,1.0,0.06705372,0.8975828,-0.0011965412,0.0004050196,-0.0013990508,-0.63888925,0.0045166016,0.9954834
2908160,6429.276552683981,3.0,13.893555,500.0,34.84563,0.0,0.9951172,1.0,0.06970632,0.89719474,0.00011028058,0.0007367639,-0.00025810068,-0.64031625,0.0048828125,0.9951172
2916352,6411.511394327747,3.0,13.991333,500.0,35.25794,0.0,0.9949951,1.0,0.070567936,0.89675075,0.0029509228,0.00030357754,0.0027991345,-0.6458442,0.005004883,0.9949951
2924544,6421.540801764255,3.0,14.046265,500.0,35.66637,0.0,0.99487305,1.0,0.071418956,0.8966879,-0.026279422,0.00050125475,-0.02653005,-0.65477914,0.005126953,0.99487305
2932736,6391.571240612308,3.0,13.912842,500.0,34.898193,0.0,0.9951172,1.0,0.06970632,0.89700586,0.0034623025,0.0006977065,0.0031134489,-0.6630243,0.0048828125,0.9951172
2940928,6409.780692422019,3.0,13.894653,500.0,34.902996,0.0,0.9951172,1.0,0.06970632,0.8971817,-0.010238046,0.001060403,-0.010768247,-0.6659756,0.0048828125,0.9951172
2949120,6383.4111730239,3.0,13.934204,500.0,35.387257,0.0,0.9949951,1.0,0.070567936,0.89737755,-0.0024643545,0.00052992965,-0.0027293193,-0.6743952,0.005004883,0.9949951
2957312,6377.743948336169,3.0,13.633057,500.0,33.28605,0.0,0.99560547,1.0,0.06614544,0.89795315,0.00020702905,0.0003202662,4.689605e-05,-0.68968326,0.0043945312,0.99560547
2965504,6384.4774941738415,3.0,13.576782,500.0,32.85064,0.0,0.99572754,1.0,0.065224275,0.89803684,0.001469943,0.00037099345,0.0012844473,-0.7038466,0.004272461,0.99572754
2973696,6393.758477097852,3.0,13.727173,500.0,34.142574,0.0,0.9953613,1.0,0.067949645,0.89795697,0.006635839,0.0006778921,0.006296894,-0.71341574,0.004638672,0.9953613
2981888,6388.657252064383,3.0,13.716797,500.0,34.1429,0.0,0.9953613,1.0,0.067949645,0.8980498,0.020832026,0.0005944814,0.020534784,-0.71745133,0.004638672,0.9953613
2990080,6386.833202937594,3.0,13.55542,500.0,32.852314,0.0,0.99572754,1.0,0.065224275,0.89823115,0.00062594755,0.0006545858,0.00029865472,-0.722264,0.004272461,0.99572754
2998272,6413.096996590916,3.0,13.390137,500.0,31.788498,0.0,0.9959717,1.0,0.06334107,0.8986404,-0.0010394955,0.0011742878,-0.0016266392,-0.72705585,0.0040283203,0.9959717
3006464,6431.3271597612975,3.0,13.466064,500.0,32.66295,0.0,0.99572754,1.0,0.06522428,0.8987626,0.00055258936,0.00033842682,0.0003833758,-0.72905445,0.004272461,0.99572754
3014656,6400.673746456876,3.0,13.435669,500.0,32.287983,0.0,0.9958496,1.0,0.0642897,0.89874303,0.014528032,0.0016499622,0.013703053,-0.72734797,0.0041503906,0.9958496
3022848,6406.717477270524,3.0,13.43689,500.0,32.28676,0.0,0.9958496,1.0,0.0642897,0.8987286,-0.00081654626,0.00061123294,-0.0011221627,-0.7294778,0.0041503906,0.9958496
3031040,6400.598629672812,3.0,13.264526,500.0,30.954576,0.0,0.9962158,1.0,0.061399177,0.89907855,0.019803645,0.0008679948,0.019369647,-0.73063993,0.0037841797,0.9962158
3039232,6396.530650245057,3.0,13.163696,500.0,30.171766,0.0,0.9963379,1.0,0.060404457,0.8992333,0.0023934282,0.0005702084,0.0021083232,-0.73023725,0.0036621094,0.9963379
3047424,6395.3722108910515,3.0,13.076904,500.0,29.209806,0.0,0.99658203,1.0,0.058363397,0.8991691,0.0004205173,0.0007615278,3.9754435e-05,-0.7348227,0.0034179688,0.99658203
3055616,6391.835199524069,3.0,12.944458,500.0,27.897867,0.0,0.99694824,1.0,0.055158354,0.8993282,0.008880598,0.0008663795,0.008447411,-0.7441788,0.0030517578,0.99694824
3063808,6414.6450613204415,3.0,13.063599,500.0,28.919567,0.0,0.9967041,1.0,0.057315227,0.8991156,0.0055097095,0.0005118117,0.005253805,-0.7493591,0.0032958984,0.9967041
3072000,6418.619812128781,3.0,13.088379,500.0,29.413881,0.0,0.99658203,1.0,0.058363397,0.89931196,0.00802383,0.0005101339,0.0077687637,-0.7535839,0.0034179688,0.99658203
3080192,6382.653459402225,3.0,13.120972,500.0,29.418222,0.0,0.99658203,1.0,0.058363397,0.89903283,-0.0036854467,0.00027236622,-0.00382163,-0.7547232,0.0034179688,0.99658203
3088384,6395.605531831409,3.0,12.927124,500.0,27.90599,0.0,0.99694824,1.0,0.055158354,0.8995023,0.00075458107,0.0006275538,0.00044080347,-0.7563349,0.0030517578,0.99694824
3096576,6431.7942648773815,3.0,13.023682,500.0,28.951893,0.0,0.9967041,1.0,0.057315227,0.89953357,0.018702043,0.0015239469,0.01794007,-0.76330966,0.0032958984,0.9967041
3104768,6363.424764985785,3.0,13.192627,500.0,30.276255,0.0,0.99645996,1.0,0.059392817,0.8992063,0.14086378,0.0008020644,0.14046273,-0.764393,0.003540039,0.99645996
3112960,6377.567564587748,3.0,13.10791,500.0,29.542093,0.0,0.9967041,1.0,0.057315227,0.8993871,0.005582816,0.00040418658,0.005380723,-0.7773048,0.0032958984,0.9967041
3121152,6379.013251962546,3.0,13.032227,500.0,28.869955,0.0,0.99694824,1.0,0.055158354,0.89953315,0.018772578,0.00094155024,0.0183018,-0.7827966,0.0030517578,0.99694824
3129344,6361.726990221085,3.0,12.641235,500.0,25.6755,0.0,0.99768066,1.0,0.048103597,0.9004791,-0.00067698455,0.0008760826,-0.0011150254,-0.78186285,0.002319336,0.99768066
3137536,6354.104664144362,3.0,12.804443,500.0,27.006697,0.0,0.9974365,1.0,0.050565846,0.900115,-0.005830177,0.0014987595,-0.0065795574,-0.7876344,0.0025634766,0.9974365
3145728,6342.895629220591,3.0,12.961914,500.0,28.429424,0.0,0.9971924,1.0,0.05291251,0.89995897,0.034921747,0.002644642,0.033599425,-0.80077946,0.0028076172,0.9971924
3153920,6378.711272935735,3.0,12.97168,500.0,28.847967,0.0,0.9971924,1.0,0.05291251,0.9001987,0.004224426,0.0015213789,0.0034637367,-0.8152815,0.0028076172,0.9971924
3162112,6387.595471762654,3.0,12.943848,500.0,28.843552,0.0,0.9971924,1.0,0.05291251,0.9004772,0.0069853826,0.0008194159,0.0065756747,-0.8184047,0.0028076172,0.9971924
3170304,6379.539118978197,3.0,12.778564,500.0,27.294706,0.0,0.9975586,1.0,0.049350236,0.9006808,0.00071687833,0.000552871,0.00044044224,-0.8182896,0.0024414062,0.9975586
3178496,6380.247518350779,3.0,12.613892,500.0,25.652233,0.0,0.9979248,1.0,0.045507014,0.90088224,0.0034314457,0.0002836232,0.0032896334,-0.8224434,0.0020751953,0.9979248
3186688,6379.360267088545,3.0,12.5703125,500.0,25.108788,0.0,0.9980469,1.0,0.044150993,0.90089715,0.008013119,0.0007987976,0.007613719,-0.8218843,0.001953125,0.9980469
3194880,6368.6356703030815,3.0,12.434937,500.0,23.883934,0.0,0.998291,1.0,0.041304525,0.9011943,-0.0010312365,0.00025014408,-0.0011563085,-0.82656956,0.0017089844,0.998291
3203072,6367.5439528812985,3.0,12.062134,500.0,19.380932,0.0,0.99902344,1.0,0.031234737,0.90165186,0.0024138156,0.00039577507,0.0022159289,-0.83269787,0.0009765625,0.99902344
3211264,6383.051859161606,3.0,11.913452,500.0,17.30407,0.0,0.9992676,1.0,0.02705338,0.90177786,0.002863731,0.0002954634,0.0027159997,-0.8440352,0.0007324219,0.9992676
3219456,6408.82782989394,3.0,11.869385,500.0,16.7861,0.0,0.9992676,1.0,0.02705338,0.9018631,-0.0019377172,0.00025009332,-0.0020627638,-0.8585572,0.0007324219,0.9992676
3227648,6386.272897035063,3.0,11.748779,500.0,15.437638,0.0,0.99938965,1.0,0.02469775,0.9021995,0.0056262338,0.00026913837,0.0054916656,-0.8714294,0.00061035156,0.99938965
3235840,6395.313883315903,3.0,11.448364,500.0,10.039511,0.0,0.9998779,1.0,0.011047868,0.90278745,0.0006476382,0.00024171782,0.00052677933,-0.88832295,0.00012207031,0.9998779
3244032,6384.409874802553,3.0,11.380127,500.0,8.468579,0.0,0.9998779,1.0,0.011047869,0.9029719,-0.0006458231,0.00024083098,-0.0007662386,-0.903201,0.00012207031,0.9998779
3252224,6390.784249312418,3.0,11.302612,127.0,5.480087,1.0,1.0,1.0,0.0,0.90294015,-0.0031192815,0.00028217753,-0.0032603708,-0.9174809,0.0,1.0
3260416,6392.807993080235,3.0,11.325317,127.0,5.5135446,1.0,1.0,1.0,0.0,0.9027474,-0.002815518,0.00027804333,-0.0029545398,-0.92453915,0.0,1.0
3268608,6400.097896166003,3.0,11.300537,127.0,5.4968486,1.0,1.0,1.0,0.0,0.9029649,0.00090777455,0.00021954061,0.00079800305,-0.9271637,0.0,1.0
3276800,6392.640289940818,3.0,11.28772,127.0,5.408472,1.0,1.0,1.0,0.0,0.90304834,0.008467564,0.00025557267,0.008339781,-0.9347511,0.0,1.0
3284992,6379.098521805321,3.0,11.306885,127.0,5.5163827,1.0,1.0,1.0,0.0,0.9029181,-0.0035912353,0.00073636195,-0.0039594155,-0.94007385,0.0,1.0
3293184,6372.2569493088295,3.0,11.365723,329.0,6.582098,1.0,1.0,1.0,0.0,0.90265256,0.0037836565,0.0003563433,0.003605485,-0.9524961,0.0,1.0
3301376,6356.227525819596,3.0,11.306519,329.0,6.438935,1.0,1.0,1.0,0.0,0.90312636,-0.0011974375,0.00036567752,-0.0013802755,-0.9587739,0.0,1.0
3309568,6364.568121680503,3.0,11.387695,340.0,7.7107644,1.0,1.0,1.0,0.0,0.9027809,-0.012524182,0.00033790802,-0.012693137,-0.9687432,0.0,1.0
3317760,6358.504771783272,3.0,11.457275,340.0,8.00193,1.0,1.0,1.0,0.0,0.9022819,-0.0029030223,0.00040630173,-0.003106173,-0.9762874,0.0,1.0
3325952,6391.891085513587,3.0,11.474487,340.0,8.1143465,1.0,1.0,1.0,0.0,0.902182,0.0032585927,0.000273064,0.0031220615,-0.98183274,0.0,1.0
3334144,6374.569350221247,3.0,11.505249,340.0,8.101663,1.0,1.0,1.0,0.0,0.9018966,0.0042897207,0.00028055673,0.0041494425,-0.9817295,0.0,1.0
3342336,6402.343463373695,3.0,11.496094,340.0,8.101678,1.0,1.0,1.0,0.0,0.90198123,-0.005576086,0.00033366683,-0.0057429196,-0.98831457,0.0,1.0
3350528,6376.176960670788,3.0,11.483154,340.0,8.203748,1.0,1.0,1.0,0.0,0.9021448,0.0076173656,0.00026488325,0.0074849245,-1.0013368,0.0,1.0
3358720,6371.534963415317,3.0,11.514038,340.0,8.20414,1.0,1.0,1.0,0.0,0.90186536,0.0025591669,0.00020966672,0.0024543332,-1.0060835,0.0,1.0
3366912,6392.513031728204,3.0,11.508911,340.0,8.19,1.0,1.0,1.0,0.0,0.9019028,-0.024964005,0.000361565,-0.02514479,-1.017346,0.0,1.0
3375104,6384.220073694081,3.0,11.569092,340.0,8.713546,1.0,1.0,1.0,0.0,0.90156364,-0.001961826,0.00032087872,-0.002122266,-1.0356709,0.0,1.0
3383296,6382.654645042008,3.0,11.505371,340.0,7.90438,1.0,1.0,1.0,0.0,0.90185535,0.0056450274,0.0005722982,0.00535888,-1.0411402,0.0,1.0
3391488,6393.105360704319,3.0,11.549561,446.0,9.239475,1.0,1.0,1.0,0.0,0.90182114,-0.016455244,0.0006507934,-0.016780637,-1.0531304,0.0,1.0
3399680,6383.306813674574,3.0,11.630615,446.0,10.173197,1.0,1.0,1.0,0.0,0.90141445,0.0005452387,0.00037917492,0.00035565125,-1.0740217,0.0,1.0
3407872,6385.607068080828,3.0,11.572388,446.0,9.71304,1.0,1.0,1.0,0.0,0.9016878,-0.003451759,0.00024755817,-0.0035755378,-1.0900869,0.0,1.0
3416064,6360.519894639666,3.0,11.566528,446.0,9.748234,1.0,1.0,1.0,0.0,0.90175897,-0.009407755,0.0002985517,-0.009557031,-1.0998466,0.0,1.0
3424256,6385.211909068389,3.0,11.565918,446.0,9.744593,1.0,1.0,1.0,0.0,0.90176165,-0.0030132402,0.00025382816,-0.0031401543,-1.1068339,0.0,1.0
3432448,6386.379727439282,3.0,11.534546,446.0,9.741258,1.0,1.0,1.0,0.0,0.90204227,-0.015383726,0.0007909445,-0.015779197,-1.1063182,0.0,1.0
3440640,6382.590621124046,3.0,11.564697,446.0,9.972532,1.0,1.0,1.0,0.0,0.9018823,-0.007596712,0.00045052348,-0.007821974,-1.1162072,0.0,1.0
3448832,6380.7937329580345,3.0,11.533936,446.0,9.979487,1.0,1.0,1.0,0.0,0.90216625,-0.0021032155,0.00026991605,-0.0022381735,-1.1266378,0.0,1.0
3457024,6383.953184977752,3.0,11.531982,446.0,9.98205,1.0,1.0,1.0,0.0,0.90218467,0.0025952305,0.0002705151,0.0024599736,-1.1338576,0.0,1.0
3465216,6371.7015610231365,3.0,11.503052,446.0,9.55315,1.0,1.0,1.0,0.0,0.9022609,-0.009745009,0.00031438426,-0.009902202,-1.1454039,0.0,1.0
3473408,6356.891946074793,3.0,11.530151,500.0,10.93527,0.0,0.9998779,1.0,0.011047868,0.9024135,-0.0021523389,0.00058935885,-0.002447021,-1.1573608,0.00012207031,0.9998779
3481600,6375.835024198111,3.0,11.442261,500.0,9.94519,0.0,0.9998779,1.0,0.011047869,0.9029191,0.005795873,0.00046409437,0.005563827,-1.1676477,0.00012207031,0.9998779
3489792,6337.110736504766,3.0,11.422241,500.0,9.877166,0.0,0.99975586,1.0,0.015623093,0.9029767,-0.0033542663,0.0009310569,-0.0038197935,-1.1691456,0.00024414062,0.99975586
3497984,6344.729811981475,3.0,11.503296,500.0,12.462511,0.0,0.9995117,1.0,0.022091692,0.9030828,-0.015269427,0.0007817134,-0.015660282,-1.1909379,0.00048828125,0.9995117
3506176,6337.00788554052,3.0,11.716797,500.0,16.471117,0.0,0.99902344,1.0,0.031234737,0.9028485,1.16741285e-05,0.0013881784,-0.0006824136,-1.2092317,0.0009765625,0.99902344
3514368,6336.556783247167,3.0,11.998169,500.0,20.366302,0.0,0.9984131,1.0,0.039804466,0.90239775,0.0066092676,0.0029920118,0.0051132618,-1.2213988,0.0015869141,0.9984131
3522560,6355.530327911608,3.0,12.230347,500.0,22.549192,0.0,0.9984131,1.0,0.039804466,0.9019444,0.02226165,0.0010658001,0.02172875,-1.2341838,0.0015869141,0.9984131
3530752,6355.754872427967,3.0,12.332031,500.0,23.18317,0.0,0.998291,1.0,0.041304525,0.90145504,0.019089691,0.0005760738,0.018801654,-1.2388651,0.0017089844,0.998291
3538944,6330.838265381327,3.0,12.369751,500.0,23.7392,0.0,0.99816895,1.0,0.04275163,0.9014774,0.016425183,0.00039224888,0.016229056,-1.241943,0.0018310547,0.99816895
3547136,6329.71748870415,3.0,12.43689,500.0,24.889227,0.0,0.9979248,1.0,0.045507018,0.9016573,0.024030687,0.0015041815,0.0232786,-1.2405508,0.0020751953,0.9979248
3555328,6380.163402502432,3.0,12.522583,500.0,25.53693,0.0,0.99780273,1.0,0.04682347,0.9014331,0.0070456113,0.00076345145,0.006663886,-1.2520655,0.0021972656,0.99780273
3563520,6352.835856151916,3.0,12.526245,500.0,25.535822,0.0,0.99780273,1.0,0.04682347,0.9013977,-0.012227471,0.0006461701,-0.012550556,-1.2621751,0.0021972656,0.99780273
3571712,6371.770093064528,3.0,12.521362,500.0,25.846111,0.0,0.99780273,1.0,0.04682347,0.90173054,0.0031257786,0.00033171527,0.002959921,-1.275148,0.0021972656,0.99780273
3579904,6400.2349939797095,3.0,12.469238,500.0,25.251272,0.0,0.9979248,1.0,0.045507018,0.9017276,0.0013340091,0.0003241912,0.0011719133,-1.2820368,0.0020751953,0.9979248
3588096,6370.111559003978,3.0,12.491699,500.0,25.32228,0.0,0.9979248,1.0,0.045507018,0.90160763,-0.011520512,0.0005827765,-0.011811901,-1.2909958,0.0020751953,0.9979248
3596288,6373.318364700896,3.0,12.358032,500.0,23.63065,0.0,0.998291,1.0,0.041304525,0.9016575,-0.010194011,0.00039991745,-0.010393969,-1.304158,0.0017089844,0.998291
3604480,6401.609873310133,3.0,12.112549,500.0,21.035807,0.0,0.9987793,1.0,0.03491723,0.90217113,-0.020700894,0.0004905747,-0.02094618,-1.3120086,0.0012207031,0.9987793
3612672,6403.874404827469,3.0,11.577637,500.0,14.646937,0.0,0.99938965,1.0,0.02469775,0.9034467,0.000109591754,0.00025258368,-1.6700593e-05,-1.3282485,0.00061035156,0.99938965
3620864,6396.747383336197,3.0,11.481079,500.0,13.589246,0.0,0.9995117,1.0,0.022091692,0.9038608,0.0023782814,0.00022643269,0.0022650652,-1.3369858,0.00048828125,0.9995117
3629056,6379.930022255653,3.0,11.405029,500.0,13.493326,0.0,0.9995117,1.0,0.022091692,0.9044664,-0.002002093,0.00021235991,-0.002108273,-1.3482256,0.00048828125,0.9995117
3637248,6379.635063528541,3.0,11.204224,500.0,9.723882,0.0,0.9998779,1.0,0.011047868,0.90499175,-0.020989843,0.00036145866,-0.021170573,-1.3625531,0.00012207031,0.9998779
3645440,6402.570134950659,3.0,11.183105,500.0,9.544415,0.0,0.9998779,1.0,0.011047868,0.9050721,-0.008257593,0.00063095154,-0.008573068,-1.3797569,0.00012207031,0.9998779
3653632,6417.727850778847,3.0,11.180176,500.0,9.519884,0.0,0.9998779,1.0,0.011047868,0.9050795,-0.03560713,0.00054014346,-0.035877198,-1.3973501,0.00012207031,0.9998779
3661824,6399.202732234535,3.0,11.296997,500.0,12.72023,0.0,0.9995117,1.0,0.022091692,0.9050079,0.0496778,0.0010266481,0.049164478,-1.4142525,0.00048828125,0.9995117
3670016,6397.948017207557,3.0,11.346924,500.0,13.816132,0.0,0.99938965,1.0,0.024697753,0.9049828,0.019277737,0.00064011273,0.018957678,-1.4072325,0.00061035156,0.99938965
3678208,6411.717179166314,3.0,11.479248,500.0,15.778514,0.0,0.9991455,1.0,0.029219205,0.90463597,0.01354558,0.001680386,0.012705389,-1.4040928,0.0008544922,0.9991455
3686400,6396.3460814449445,3.0,11.599243,500.0,18.1684,0.0,0.9987793,1.0,0.03491723,0.90466887,-0.013587102,0.0013212155,-0.014247709,-1.4096272,0.0012207031,0.9987793
3694592,6394.393876818768,3.0,11.673218,500.0,19.351524,0.0,0.9987793,1.0,0.03491723,0.9046737,0.0037058603,0.0011023204,0.0031547013,-1.4239347,0.0012207031,0.9987793
3702784,6383.125378838404,3.0,11.674927,500.0,19.154776,0.0,0.9987793,1.0,0.03491723,0.904525,0.010488537,0.000507395,0.0102348365,-1.4419743,0.0012207031,0.9987793
3710976,6376.7946689887585,3.0,11.6875,500.0,19.221899,0.0,0.9987793,1.0,0.03491723,0.9044925,0.017518466,0.0004201216,0.017308403,-1.4523462,0.0012207031,0.9987793
3719168,6374.689981586356,3.0,11.763916,500.0,19.311665,0.0,0.9987793,1.0,0.03491723,0.9039181,-0.01350563,0.0007371361,-0.013874197,-1.4580816,0.0012207031,0.9987793
3727360,6389.567290968344,3.0,11.835327,500.0,19.789824,0.0,0.9987793,1.0,0.03491723,0.90362656,0.026726488,0.0005320759,0.02646045,-1.4634067,0.0012207031,0.9987793
3735552,6385.932250615924,3.0,11.822388,500.0,19.340506,0.0,0.99890137,1.0,0.033127416,0.9035572,-0.017513104,0.00077652314,-0.017901365,-1.46971,0.0010986328,0.99890137
3743744,6382.232585111788,3.0,11.898071,500.0,19.770658,0.0,0.99890137,1.0,0.033127416,0.90323997,0.002144564,0.00034990092,0.001969614,-1.4822923,0.0010986328,0.99890137
3751936,6378.164230811854,3.0,11.829346,500.0,19.01875,0.0,0.99902344,1.0,0.031234737,0.9034283,0.0065403394,0.00025211865,0.0064142803,-1.4834832,0.0009765625,0.99902344
3760128,6376.896448509324,3.0,11.700317,500.0,17.437477,0.0,0.9992676,1.0,0.02705338,0.9037595,0.011804142,0.00034360756,0.011632338,-1.4851555,0.0007324219,0.9992676
3768320,6392.096801936694,3.0,11.610596,500.0,16.578197,0.0,0.99938965,1.0,0.024697753,0.9041355,-0.0007591484,0.00027648517,-0.000897391,-1.4886199,0.00061035156,0.99938965
3776512,6395.6626742487,3.0,11.349487,465.0,11.785635,1.0,1.0,1.0,0.0,0.9045694,0.014622064,0.00039908654,0.014422522,-1.4868684,0.0,1.0
3784704,6391.47255887045,3.0,11.317993,437.0,10.699547,1.0,1.0,1.0,0.0,0.90448785,0.0031689303,0.00037662796,0.0029806169,-1.4842114,0.0,1.0
3792896,6392.45594557813,3.0,11.244873,392.0,9.410277,1.0,1.0,1.0,0.0,0.9046844,-0.0022481044,0.00027940236,-0.0023878056,-1.4951302,0.0,1.0
3801088,6403.116598733977,3.0,11.251221,392.0,9.307747,1.0,1.0,1.0,0.0,0.9045712,0.0011775078,0.00021896357,0.0010680265,-1.5032157,0.0,1.0
3809280,6390.678460124913,3.0,11.22998,392.0,9.273887,1.0,1.0,1.0,0.0,0.9047389,-0.012070047,0.00038145707,-0.012260774,-1.5102253,0.0,1.0
3817472,6377.353312889516,3.0,11.194946,334.0,8.787278,1.0,1.0,1.0,0.0,0.904868,-0.0051903976,0.00046503823,-0.0054229163,-1.5173693,0.0,1.0
3825664,6372.974370654715,3.0,11.187256,334.0,8.781227,1.0,1.0,1.0,0.0,0.90494764,0.004011655,0.0002638512,0.0038797304,-1.5271313,0.0,1.0
3833856,6366.732193859948,3.0,11.116821,334.0,7.7419877,1.0,1.0,1.0,0.0,0.9052066,0.0019258652,0.00021407269,0.0018188293,-1.527277,0.0,1.0
3842048,6386.832015744888,3.0,11.09729,334.0,7.7509723,1.0,1.0,1.0,0.0,0.90539014,0.0003869055,0.00023090561,0.0002714526,-1.5229601,0.0,1.0
3850240,6375.559372013753,3.0,11.119141,334.0,7.7355876,1.0,1.0,1.0,0.0,0.9051821,0.0072751977,0.00024188016,0.007154258,-1.526591,0.0,1.0
3858432,6388.272405000219,3.0,11.12854,334.0,7.7255607,1.0,1.0,1.0,0.0,0.90509075,0.00090119767,0.0002060601,0.00079816737,-1.5332203,0.0,1.0
3866624,6390.220873082663,3.0,11.12085,334.0,7.0665812,1.0,1.0,1.0,0.0,0.9049397,-0.0022965355,0.00021526492,-0.0024041682,-1.5403152,0.0,1.0
3874816,6362.859132151998,3.0,11.130249,334.0,7.014303,1.0,1.0,1.0,0.0,0.9048274,0.0044099176,0.00024440506,0.004287715,-1.5501207,0.0,1.0
3883008,6401.001657827343,3.0,11.092041,334.0,7.314174,1.0,1.0,1.0,0.0,0.9052779,-0.016787462,0.0005940662,-0.017084494,-1.5638248,0.0,1.0
3891200,6380.197759411977,3.0,11.120972,334.0,7.7414203,1.0,1.0,1.0,0.0,0.90517116,-0.0034112986,0.00040404004,-0.0036133202,-1.5775408,0.0,1.0
3899392,6381.978901789772,3.0,11.186523,462.0,9.19821,1.0,1.0,1.0,0.0,0.90496224,-0.0073252874,0.00034473508,-0.0074976548,-1.590926,0.0,1.0
3907584,6380.637323558529,3.0,11.154053,462.0,8.536297,1.0,1.0,1.0,0.0,0.90503424,0.0040332535,0.00023966045,0.003913424,-1.5974319,0.0,1.0
3915776,6394.979413071914,3.0,11.116333,462.0,7.81247,1.0,1.0,1.0,0.0,0.90510595,-0.0033702087,0.00020785035,-0.003474134,-1.6020832,0.0,1.0
3923968,6394.5985642937485,3.0,11.097168,462.0,7.8330092,1.0,1.0,1.0,0.0,0.90529263,-0.0034941449,0.00023642743,-0.0036123586,-1.6045763,0.0,1.0
3932160,6378.612987890568,3.0,11.112549,462.0,7.84316,1.0,1.0,1.0,0.0,0.90516007,0.004113553,0.0002051352,0.0040109847,-1.6105645,0.0,1.0
3940352,6380.595852655395,3.0,11.084961,462.0,7.832388,1.0,1.0,1.0,0.0,0.9054034,-0.00056001946,0.00021348134,-0.00066675956,-1.6137007,0.0,1.0
3948544,6400.285065949889,3.0,11.053955,462.0,7.8231344,1.0,1.0,1.0,0.0,0.90567863,-0.032714397,0.00037047124,-0.032899633,-1.6206279,0.0,1.0
3956736,6377.837471194174,3.0,11.08667,462.0,9.258525,1.0,1.0,1.0,0.0,0.9057661,0.0020525195,0.00024703494,0.0019290035,-1.6404408,0.0,1.0
3964928,6367.24305875346,3.0,11.023682,462.0,9.24704,1.0,1.0,1.0,0.0,0.90632945,0.01287877,0.00022746803,0.012765038,-1.6488489,0.0,1.0
3973120,6378.483919359459,3.0,10.974365,462.0,8.654139,1.0,1.0,1.0,0.0,0.9065236,0.004628169,0.00021546525,0.004520437,-1.6570859,0.0,1.0
3981312,6388.523025446075,3.0,10.954346,460.0,7.8259487,1.0,1.0,1.0,0.0,0.90657234,0.02201175,0.0003716369,0.021825934,-1.6604049,0.0,1.0
3989504,6383.380339224629,3.0,10.927734,460.0,7.7379036,1.0,1.0,1.0,0.0,0.9067681,0.009330805,0.00022397266,0.00921882,-1.6626995,0.0,1.0
3997696,6369.569533204878,3.0,10.897949,460.0,7.73711,1.0,1.0,1.0,0.0,0.90703875,0.0021466129,0.00018978065,0.0020517213,-1.6650462,0.0,1.0
4005888,6386.73941607359,3.0,10.894897,460.0,7.7521777,1.0,1.0,1.0,0.0,0.9070766,0.0019648173,0.00020618609,0.0018617248,-1.672231,0.0,1.0
4014080,6375.51323513558,3.0,10.910889,460.0,7.7268343,1.0,1.0,1.0,0.0,0.9069153,-0.002166673,0.00018064863,-0.0022569972,-1.6862222,0.0,1.0
4022272,6381.200196266115,3.0,10.902466,460.0,7.7196913,1.0,1.0,1.0,0.0,0.90698683,0.0026442017,0.00018207895,0.0025531615,-1.6957719,0.0,1.0
4030464,6366.088125413632,3.0,10.939941,460.0,7.723054,1.0,1.0,1.0,0.0,0.9066478,-0.00090879307,0.0001867481,-0.001002167,-1.7030287,0.0,1.0
4038656,6383.297326630201,3.0,10.937744,295.0,5.9300556,1.0,1.0,1.0,0.0,0.9062842,0.00266616,0.00018034602,0.002575988,-1.7043477,0.0,1.0
4046848,6390.269600013688,3.0,10.939209,295.0,5.9249425,1.0,1.0,1.0,0.0,0.9062688,-0.0026916992,0.00017312283,-0.0027782605,-1.7085543,0.0,1.0
4055040,6380.226192996256,3.0,10.960205,295.0,5.9180093,1.0,1.0,1.0,0.0,0.9060746,9.4611314e-05,0.00016698967,1.1116499e-05,-1.7102283,0.0,1.0
4063232,6359.666371878955,3.0,10.973755,295.0,5.9489136,1.0,1.0,1.0,0.0,0.9059649,0.0031559197,0.00024131694,0.0030352618,-1.7092501,0.0,1.0
4071424,6376.231389928818,3.0,10.97583,234.0,5.972013,1.0,1.0,1.0,0.0,0.90596646,-0.028344693,0.00051558117,-0.028602485,-1.7158068,0.0,1.0
4079616,6374.496027504787,3.0,10.953247,234.0,6.1696506,1.0,1.0,1.0,0.0,0.9062413,-0.0155150145,0.00097434304,-0.016002186,-1.7390066,0.0,1.0
4087808,6385.694887836906,3.0,11.008911,357.0,7.9787345,1.0,1.0,1.0,0.0,0.9062358,0.0054461136,0.0003598603,0.0052661826,-1.759819,0.0,1.0
4096000,6384.091964325363,3.0,10.994629,357.0,7.9796176,1.0,1.0,1.0,0.0,0.9063658,0.0054117646,0.00024259434,0.0052904673,-1.7681427,0.0,1.0
4104192,6371.916614787818,3.0,10.96167,357.0,7.9827385,1.0,1.0,1.0,0.0,0.9066678,-0.028356314,0.0002551446,-0.028483886,-1.781094,0.0,1.0
4112384,6385.636736647162,3.0,11.022949,357.0,8.827583,1.0,1.0,1.0,0.0,0.9064469,-0.014833204,0.00044134495,-0.015053877,-1.7979946,0.0,1.0
4120576,6376.9224856527435,3.0,10.965454,357.0,8.82646,1.0,1.0,1.0,0.0,0.9069692,0.0047156303,0.00021221055,0.0046095257,-1.8129232,0.0,1.0
4128768,6383.946068250774,3.0,10.930664,357.0,8.821822,1.0,1.0,1.0,0.0,0.907282,0.0038744109,0.00021271227,0.0037680534,-1.8185456,0.0,1.0
4136960,6360.372719198513,3.0,10.932495,357.0,8.819462,1.0,1.0,1.0,0.0,0.907264,0.009439557,0.00022640618,0.0093263555,-1.8224931,0.0,1.0
4145152,6405.99005050442,3.0,10.900635,357.0,8.824122,1.0,1.0,1.0,0.0,0.9075564,0.002849238,0.000198476,0.002750001,-1.8269227,0.0,1.0
4153344,6385.088506065602,3.0,10.881958,357.0,8.775945,1.0,1.0,1.0,0.0,0.9076922,-0.00083784875,0.00016020417,-0.00091795076,-1.8355256,0.0,1.0
4161536,6392.904337160919,3.0,10.816406,357.0,8.080707,1.0,1.0,1.0,0.0,0.90799904,-0.027644519,0.00024484776,-0.027766941,-1.8454694,0.0,1.0
4169728,6377.6196500486585,3.0,10.75769,374.0,7.2831616,1.0,1.0,1.0,0.0,0.90824497,0.0026758586,0.0001916423,0.0025800387,-1.8598576,0.0,1.0
4177920,6375.192661421998,3.0,10.746338,374.0,7.287508,1.0,1.0,1.0,0.0,0.9083519,-0.01750224,0.00027370956,-0.017639095,-1.8712283,0.0,1.0
4186112,6394.731856206026,3.0,10.743286,374.0,7.6769896,1.0,1.0,1.0,0.0,0.9085264,0.0037218314,0.0002062472,0.003618708,-1.8763732,0.0,1.0
4194304,6376.399416543876,3.0,10.71106,374.0,6.8816466,1.0,1.0,1.0,0.0,0.90856254,0.0030306238,0.00020194304,0.0029296516,-1.8754491,0.0,1.0
4202496,6387.021972192078,3.0,10.666382,374.0,6.6547017,1.0,1.0,1.0,0.0,0.908872,-0.004999998,0.00027218595,-0.0051360903,-1.8760788,0.0,1.0
4210688,6368.761979610168,3.0,10.716431,374.0,6.8343105,1.0,1.0,1.0,0.0,0.90849614,0.005205566,0.00030409356,0.0050535193,-1.8788657,0.0,1.0
4218880,6372.1340465380745,3.0,10.697144,374.0,6.833143,1.0,1.0,1.0,0.0,0.90867186,0.0039375005,0.00021222618,0.0038313887,-1.8848395,0.0,1.0
4227072,6395.705531731764,3.0,10.726074,374.0,6.833927,1.0,1.0,1.0,0.0,0.90840834,-0.0018672785,0.00016735344,-0.0019509551,-1.8914214,0.0,1.0
4235264,6382.016834462113,3.0,10.720947,374.0,6.8234577,1.0,1.0,1.0,0.0,0.90844953,0.0052788234,0.00020545385,0.005176097,-1.8982348,0.0,1.0
4243456,6378.244741945502,3.0,10.756836,374.0,6.834841,1.0,1.0,1.0,0.0,0.908129,-0.000995897,0.00017598768,-0.0010838902,-1.9055237,0.0,1.0
4251648,6370.581625552679,3.0,10.71521,228.0,5.52567,1.0,1.0,1.0,0.0,0.90820885,0.002004359,0.00019392258,0.001907398,-1.9130889,0.0,1.0
4259840,6381.466854843367,3.0,10.750732,228.0,5.5530887,1.0,1.0,1.0,0.0,0.9078983,0.0009132094,0.00019665621,0.0008148805,-1.9131758,0.0,1.0
4268032,6385.280732045675,3.0,10.754883,116.0,5.0076337,1.0,1.0,1.0,0.0,0.9077171,0.0012255493,0.00018907216,0.001131013,-1.9062641,0.0,1.0
4276224,6394.723525298713,3.0,10.763184,116.0,5.006107,1.0,1.0,1.0,0.0,0.9076408,0.00040563475,0.00018596785,0.0003126508,-1.9034716,0.0,1.0
4284416,6382.528969676255,3.0,10.797119,116.0,5.031163,1.0,1.0,1.0,0.0,0.90734285,0.00013640942,0.00017792059,4.7448673e-05,-1.9077005,0.0,1.0
4292608,6389.968931050111,3.0,10.772095,105.0,4.9225135,1.0,1.0,1.0,0.0,0.9075378,0.007853496,0.00021808773,0.0077444525,-1.9120024,0.0,1.0
4300800,6361.061558919966,3.0,10.81958,50.0,4.8685775,1.0,1.0,1.0,0.0,0.9070926,-0.0017260044,0.00018027221,-0.0018161403,-1.9193567,0.0,1.0
4308992,6387.580034607711,3.0,10.798706,50.0,4.868925,1.0,1.0,1.0,0.0,0.9072827,0.005810654,0.00019259828,0.005714356,-1.9281623,0.0,1.0
4317184,6380.619550248319,3.0,10.821411,50.0,4.877775,1.0,1.0,1.0,0.0,0.90707994,-0.0006422547,0.00017123729,-0.00072787295,-1.9325614,0.0,1.0
4325376,6388.306849298769,3.0,10.85498,50.0,4.8924184,1.0,1.0,1.0,0.0,0.9067808,-0.0032485886,0.00016037111,-0.003328774,-1.9425888,0.0,1.0
4333568,6394.067831973933,3.0,10.830933,50.0,4.9340234,1.0,1.0,1.0,0.0,0.9070179,-0.002124298,0.00019318346,-0.0022208896,-1.9538803,0.0,1.0
4341760,6386.978043759312,3.0,10.816406,50.0,4.9269547,1.0,1.0,1.0,0.0,0.90714747,0.0011241124,0.00016865494,0.0010397845,-1.9665074,0.0,1.0
4349952,6368.267395130833,3.0,10.827148,50.0,4.951957,1.0,1.0,1.0,0.0,0.90706074,-0.0068959785,0.00028057414,-0.007036265,-1.9746909,0.0,1.0
4358144,6413.93738448618,3.0,10.837402,120.0,5.093623,1.0,1.0,1.0,0.0,0.9070137,0.0016055519,0.00020604015,0.0015025306,-1.9806962,0.0,1.0
4366336,6371.855169373767,3.0,10.848145,120.0,5.104608,1.0,1.0,1.0,0.0,0.90692085,0.0044907895,0.00017799421,0.004401791,-1.9841795,0.0,1.0
4374528,6395.942448737602,3.0,10.846069,120.0,5.092634,1.0,1.0,1.0,0.0,0.9069345,-0.00019536895,0.00019295399,-0.00029184646,-1.9890414,0.0,1.0
4382720,6370.59579949083,3.0,10.8573,120.0,5.100027,1.0,1.0,1.0,0.0,0.9068354,0.003974697,0.00019319012,0.0038781026,-1.9852365,0.0,1.0
4390912,6379.79379294812,3.0,10.837891,120.0,5.0975432,1.0,1.0,1.0,0.0,0.9070113,-0.0013384605,0.0002010056,-0.0014389635,-1.9842799,0.0,1.0
4399104,6363.349341464259,3.0,10.825562,120.0,5.102869,1.0,1.0,1.0,0.0,0.9071263,-0.0022983192,0.0001692644,-0.0023829523,-1.990603,0.0,1.0
4407296,6382.268149806125,3.0,10.8029785,120.0,5.112743,1.0,1.0,1.0,0.0,0.90733635,0.006558878,0.00018180622,0.0064679747,-1.9934243,0.0,1.0
4415488,6369.9084361329315,3.0,10.812134,120.0,5.1145315,1.0,1.0,1.0,0.0,0.90725404,0.002960639,0.00017120731,0.0028750368,-1.996545,0.0,1.0
4423680,6398.864280098077,3.0,10.824219,120.0,5.1056805,1.0,1.0,1.0,0.0,0.90714025,0.00046679657,0.00018575379,0.00037392043,-2.0026777,0.0,1.0
4431872,6374.435714921785,3.0,10.831177,120.0,5.1168656,1.0,1.0,1.0,0.0,0.90708184,-0.0024971894,0.0001819778,-0.0025881787,-2.0082316,0.0,1.0
4440064,6372.538225412637,3.0,10.828491,55.0,4.9782248,1.0,1.0,1.0,0.0,0.9070596,-0.0021761984,0.0001943351,-0.0022733659,-2.0132794,0.0,1.0
4448256,6397.444124900807,3.0,10.815796,55.0,4.9602304,1.0,1.0,1.0,0.0,0.9071673,0.0016672919,0.0001759594,0.0015793116,-2.0187786,0.0,1.0
4456448,6370.806053646823,3.0,10.815552,55.0,4.9519706,1.0,1.0,1.0,0.0,0.907166,0.005262313,0.00018411358,0.0051702554,-2.0227425,0.0,1.0
4464640,6397.217816126623,3.0,10.782593,55.0,4.9249473,1.0,1.0,1.0,0.0,0.9074549,-0.00018985069,0.0001585482,-0.00026912475,-2.0245275,0.0,1.0
4472832,6400.622476079913,3.0,10.771362,55.0,4.901007,1.0,1.0,1.0,0.0,0.90754724,-0.0005451452,0.00014907077,-0.0006196804,-2.0241833,0.0,1.0
4481024,6383.674458363578,3.0,10.77124,55.0,4.876944,1.0,1.0,1.0,0.0,0.9075377,0.0014880978,0.00016660387,0.0014047954,-2.032816,0.0,1.0
4489216,6379.909883643743,3.0,10.810913,55.0,4.885557,1.0,1.0,1.0,0.0,0.9071797,0.008668793,0.00019211767,0.008572735,-2.0373733,0.0,1.0
4497408,6382.004980453567,3.0,10.784424,55.0,4.858085,1.0,1.0,1.0,0.0,0.90740913,0.0037518723,0.00016430511,0.00366972,-2.040427,0.0,1.0
4505600,6382.755426033593,3.0,10.770386,55.0,4.8407135,1.0,1.0,1.0,0.0,0.90752935,0.00054413965,0.00015867148,0.000464804,-2.0402622,0.0,1.0
4513792,6370.556821312678,3.0,10.741333,55.0,4.825936,1.0,1.0,1.0,0.0,0.907788,0.0020966632,0.0001681163,0.0020126044,-2.044144,0.0,1.0
4521984,6388.172637403928,3.0,10.724731,33.0,4.757912,1.0,1.0,1.0,0.0,0.90791136,0.0047985967,0.00016809706,0.0047145477,-2.049492,0.0,1.0
4530176,6410.181290112911,3.0,10.689209,56.0,4.7817955,1.0,1.0,1.0,0.0,0.9082438,0.003226219,0.00021152955,0.003120454,-2.0482976,0.0,1.0
4538368,6374.1258918000585,3.0,10.679932,56.0,4.762381,1.0,1.0,1.0,0.0,0.90832007,-0.0020580767,0.00016233092,-0.0021392421,-2.0517535,0.0,1.0
4546560,6389.756221877234,3.0,10.697388,56.0,4.7637653,1.0,1.0,1.0,0.0,0.9081613,-0.0024880772,0.0001707141,-0.0025734343,-2.061042,0.0,1.0
4554752,6392.728303257265,3.0,10.726196,56.0,4.7840176,1.0,1.0,1.0,0.0,0.9079068,0.009386471,0.00017102767,0.009300957,-2.0666993,0.0,1.0
4562944,6394.128516634631,3.0,10.73584,56.0,4.817068,1.0,1.0,1.0,0.0,0.9078327,-0.0019631411,0.00017517021,-0.002050726,-2.065033,0.0,1.0
4571136,6410.891726752131,3.0,10.703003,56.0,4.8116174,1.0,1.0,1.0,0.0,0.9081297,0.0038807448,0.00017122098,0.0037951346,-2.074374,0.0,1.0
4579328,6388.856820649329,3.0,10.664917,79.0,4.8539357,1.0,1.0,1.0,0.0,0.9084911,0.0028105436,0.00021224242,0.0027044225,-2.0844193,0.0,1.0
4587520,6378.307494679753,3.0,10.669434,79.0,4.826517,1.0,1.0,1.0,0.0,0.908438,0.0014890763,0.00014747836,0.0014153373,-2.0942798,0.0,1.0
4595712,6382.65108812398,3.0,10.681763,79.0,4.8699064,1.0,1.0,1.0,0.0,0.9083439,0.005444044,0.00020082897,0.005343629,-2.103809,0.0,1.0
4603904,6376.258604906305,3.0,10.6875,79.0,4.8679338,1.0,1.0,1.0,0.0,0.90829074,0.002498774,0.00014698767,0.00242528,-2.1015496,0.0,1.0
4612096,6385.853918948103,3.0,10.667236,79.0,4.8634286,1.0,1.0,1.0,0.0,0.90847397,0.0007196539,0.0001534397,0.0006429332,-2.1005964,0.0,1.0
4620288,6366.457328198377,3.0,10.702881,79.0,4.875887,1.0,1.0,1.0,0.0,0.9081551,0.0017017284,0.00017760105,0.0016129268,-2.1041262,0.0,1.0
4628480,6386.47469079915,3.0,10.6640625,79.0,4.8749437,1.0,1.0,1.0,0.0,0.9085089,0.0010027245,0.00014872402,0.00092836283,-2.1099637,0.0,1.0
4636672,6387.962423026884,3.0,10.665894,79.0,4.8785863,1.0,1.0,1.0,0.0,0.9084939,-0.0006486898,0.00015605614,-0.0007267178,-2.1155117,0.0,1.0
4644864,6372.390493270548,3.0,10.696411,79.0,4.865274,1.0,1.0,1.0,0.0,0.90821016,-0.00040885247,0.00016145843,-0.00048958126,-2.1209247,0.0,1.0
4653056,6409.8177605538,3.0,10.710205,79.0,4.862314,1.0,1.0,1.0,0.0,0.9080833,-0.00066253997,0.00015592882,-0.0007405049,-2.1309755,0.0,1.0
4661248,6388.734464621462,3.0,10.734131,79.0,4.891984,1.0,1.0,1.0,0.0,0.90787786,0.0021657827,0.00019144919,0.0020700586,-2.1416073,0.0,1.0
4669440,5889.3628432195455,3.0,10.710083,53.0,4.8216286,1.0,1.0,1.0,0.0,0.90807104,-0.008733783,0.0002100114,-0.008838788,-2.138967,0.0,1.0
4677632,6950.077666697952,3.0,10.775024,500.0,7.243821,0.0,0.9998779,1.0,0.011047868,0.907913,0.03095693,0.00032433594,0.030794764,-2.1455393,0.00012207031,0.9998779
4685824,6842.349040122239,3.0,10.813721,500.0,9.038666,0.0,0.99975586,1.0,0.015623093,0.9079931,0.023020912,0.0010786967,0.022481564,-2.1552072,0.00024414062,0.99975586
4694016,6912.661869478857,3.0,11.033691,500.0,13.109872,0.0,0.9995117,1.0,0.022091692,0.9074317,0.022885377,0.0014169945,0.02217688,-2.165136,0.00048828125,0.9995117
4702208,6923.297773183704,3.0,11.093994,500.0,13.870186,0.0,0.9995117,1.0,0.022091692,0.9073151,0.031815507,0.0006832873,0.031473864,-2.1691892,0.00048828125,0.9995117
4710400,6919.646178638592,3.0,11.190918,500.0,15.502485,0.0,0.99938965,1.0,0.02469775,0.9071918,0.07548824,0.0011823903,0.07489704,-2.166851,0.00061035156,0.99938965
4718592,7005.617660815423,3.0,11.457764,500.0,19.01267,0.0,0.99890137,1.0,0.03312742,0.9066133,0.019503037,0.0015953216,0.018705377,-2.168845,0.0010986328,0.99890137
4726784,7008.555636647274,3.0,11.878052,500.0,23.77736,0.0,0.9980469,1.0,0.044150993,0.90582347,0.028184231,0.0023027225,0.02703287,-2.1636164,0.001953125,0.9980469
4734976,6972.225002475605,3.0,12.2508545,500.0,27.20346,0.0,0.99731445,1.0,0.05175263,0.9050406,0.027079746,0.0020404065,0.026059544,-2.15913,0.0026855469,0.99731445
4743168,7064.898530341873,3.0,12.714355,500.0,31.182482,0.0,0.9963379,1.0,0.060404457,0.904292,0.0058161495,0.001643106,0.0049945964,-2.1538277,0.0036621094,0.9963379
4751360,7000.223977905528,3.0,13.073853,500.0,33.85636,0.0,0.99560547,1.0,0.06614544,0.9036231,0.011019436,0.0014237426,0.010307565,-2.152131,0.0043945312,0.99560547
4759552,6994.421391041414,3.0,13.303589,500.0,35.52314,0.0,0.9951172,1.0,0.06970632,0.9032583,0.010339911,0.0024105045,0.009134659,-2.1571069,0.0048828125,0.9951172
4767744,7084.457305613568,3.0,13.8186035,500.0,39.01317,0.0,0.99401855,1.0,0.07710815,0.90246975,0.0059365924,0.002335353,0.0047689155,-2.1537864,0.0059814453,0.99401855
4775936,7042.941850192453,3.0,14.378174,500.0,42.21239,0.0,0.9929199,1.0,0.0838448,0.9012962,0.012007675,0.0013103299,0.011352512,-2.1511426,0.007080078,0.9929199
4784128,6939.918624592989,3.0,14.506958,500.0,43.06192,0.0,0.9926758,1.0,0.08526766,0.9012761,0.0053859237,0.0009021076,0.00493487,-2.1533442,0.0073242188,0.9926758
4792320,6950.72299762124,3.0,14.49585,500.0,43.063915,0.0,0.9926758,1.0,0.08526766,0.90138125,-7.958966e-06,0.0017044813,-0.0008601989,-2.160479,0.0073242188,0.9926758
4800512,6957.160365184857,3.0,14.864624,500.0,45.1059,0.0,0.99194336,1.0,0.089396484,0.90079963,0.041793067,0.00089317886,0.04134648,-2.163413,0.008056641,0.99194336
4808704,6940.46673741849,3.0,14.945435,500.0,45.418877,0.0,0.9918213,1.0,0.090065636,0.90048885,0.005563211,0.0017276233,0.0046994006,-2.1601965,0.008178711,0.9918213
4816896,6961.678135423095,3.0,15.215454,500.0,46.946804,0.0,0.99108887,1.0,0.09397724,0.90005136,0.0065099634,0.0019543825,0.0055327737,-2.1564012,0.008911133,0.99108887
4825088,7000.788790339653,3.0,15.455811,500.0,48.24372,0.0,0.9904785,1.0,0.09711244,0.899601,0.004589587,0.001617942,0.0037806167,-2.1519654,0.009521484,0.9904785
4833280,6972.229246857552,3.0,15.727173,500.0,49.41427,0.0,0.98999023,1.0,0.09954683,0.898865,0.0091917105,0.002276158,0.008053633,-2.1489675,0.010009766,0.98999023
4841472,6432.321645488767,3.0,15.908447,500.0,50.332996,0.0,0.98950195,1.0,0.101920746,0.8985021,0.0056155343,0.0015986848,0.0048161913,-2.147964,0.010498047,0.98950195
4849664,6421.341586203056,3.0,15.861084,500.0,50.04692,0.0,0.989624,1.0,0.10133269,0.89850056,0.005332671,0.001401597,0.0046318723,-2.14869,0.010375977,0.989624
4857856,6442.609593261234,3.0,15.753052,500.0,49.471436,0.0,0.98986816,1.0,0.100145794,0.8986212,0.001270962,0.0013672664,0.00058732857,-2.1424344,0.010131836,0.98986816
4866048,6416.13396750715,3.0,15.438965,500.0,47.999474,0.0,0.9904785,1.0,0.09711244,0.8992994,0.008788873,0.0014674579,0.008055144,-2.1373606,0.009521484,0.9904785
4874240,6458.240534827587,3.0,15.385498,500.0,47.701015,0.0,0.9906006,1.0,0.09649385,0.89935946,0.0038077435,0.0015143766,0.0030505562,-2.1395314,0.009399414,0.9906006
4882432,6475.955920945994,3.0,15.341431,500.0,47.465496,0.0,0.99072266,1.0,0.095871136,0.8994839,0.002494363,0.0027849227,0.001101902,-2.1396165,0.009277344,0.99072266
4890624,6442.891073996492,3.0,15.212402,500.0,46.856956,0.0,0.9909668,1.0,0.09461292,0.899787,0.010097998,0.001092205,0.009551897,-2.1374574,0.009033203,0.9909668
4898816,6414.597159484229,3.0,14.79126,500.0,44.816135,0.0,0.9916992,1.0,0.0907297,0.9007236,-0.0036860658,0.0009094472,-0.0041407878,-2.1414378,0.008300781,0.9916992
4907008,6390.856758531282,3.0,14.896362,500.0,45.132744,0.0,0.99157715,1.0,0.09138876,0.9002047,-0.00014467083,0.0011250728,-0.00070720713,-2.156997,0.008422852,0.99157715
4915200,6377.171032723526,3.0,14.729126,500.0,44.17446,0.0,0.99194336,1.0,0.089396484,0.90045214,-0.0064445194,0.00096687843,-0.0069279587,-2.1661325,0.008056641,0.99194336
4923392,6434.94779487118,3.0,14.640015,500.0,43.597713,0.0,0.9921875,1.0,0.0880424,0.9005071,0.007505654,0.0012739649,0.0068686716,-2.1708937,0.0078125,0.9921875
4931584,6403.334971700063,3.0,14.567505,500.0,43.265965,0.0,0.9923096,1.0,0.08735723,0.9007275,0.0040074745,0.0010380414,0.0034884536,-2.1674075,0.0076904297,0.9923096
4939776,6403.23592637788,3.0,14.327026,500.0,41.91989,0.0,0.99279785,1.0,0.08455931,0.90120244,0.008381092,0.0009269344,0.007917624,-2.168587,0.0072021484,0.99279785
4947968,6399.16936212311,3.0,14.176025,500.0,40.888683,0.0,0.99316406,1.0,0.08239665,0.901321,0.0050800894,0.00091084256,0.0046246685,-2.1776822,0.0068359375,0.99316406
4956160,6413.781740481407,3.0,13.998291,500.0,39.81712,0.0,0.9935303,1.0,0.080173984,0.9016397,0.0005085934,0.000726329,0.00014542893,-2.189844,0.0064697266,0.9935303
4964352,6384.076544099887,3.0,13.732178,500.0,38.344376,0.0,0.99401855,1.0,0.07710815,0.90233564,0.0018430076,0.0006373642,0.0015243255,-2.2000675,0.0059814453,0.99401855
4972544,6351.350350251172,3.0,13.666504,500.0,37.585773,0.0,0.9942627,1.0,0.07552739,0.90208626,-0.0061060735,0.00087051024,-0.0065413285,-2.2016895,0.0057373047,0.9942627
4980736,6417.471337909147,3.0,13.462769,500.0,36.37318,0.0,0.994751,1.0,0.07225974,0.9026001,-0.009112362,0.0014082836,-0.009816504,-2.2120843,0.0052490234,0.994751
4988928,6395.957926338703,3.0,13.301147,500.0,35.07678,0.0,0.9951172,1.0,0.06970632,0.9026398,0.0008671294,0.0016002594,6.700022e-05,-2.2194755,0.0048828125,0.9951172
4997120,6398.599740329586,3.0,13.030884,500.0,32.952053,0.0,0.99572754,1.0,0.065224275,0.9029454,-0.0024473304,0.0010367479,-0.0029657043,-2.2261229,0.004272461,0.99572754
5005312,6411.757859128353,3.0,12.97229,500.0,32.508118,0.0,0.9958496,1.0,0.0642897,0.9030406,0.00858455,0.0015496904,0.007809706,-2.2370358,0.0041503906,0.9958496
5013504,6396.462775318997,3.0,12.966309,500.0,32.508556,0.0,0.9958496,1.0,0.0642897,0.90309536,0.0019167056,0.0009286157,0.0014523985,-2.241529,0.0041503906,0.9958496
5021696,6395.542438265142,3.0,13.260498,500.0,34.266727,0.0,0.9953613,1.0,0.067949645,0.9022167,0.027270807,0.0015848323,0.026478391,-2.2433095,0.004638672,0.9953613
5029888,6424.448835307365,3.0,13.443237,500.0,35.322586,0.0,0.9949951,1.0,0.070567936,0.90162086,0.02488666,0.0010949059,0.0243392,-2.239345,0.005004883,0.9949951
5038080,6420.466864177876,3.0,13.209961,500.0,33.45881,0.0,0.99560547,1.0,0.06614544,0.90192723,0.018008465,0.0012655323,0.017375702,-2.2398906,0.0043945312,0.99560547
5046272,6422.793983014983,3.0,13.266968,500.0,33.88864,0.0,0.9954834,1.0,0.06705372,0.90184224,-0.011119658,0.0011763477,-0.011707833,-2.2424185,0.0045166016,0.9954834
5054464,6383.4609820981195,3.0,13.135376,500.0,33.0443,0.0,0.9958496,1.0,0.0642897,0.90224016,0.010716984,0.0008946305,0.010269668,-2.2450838,0.0041503906,0.9958496
5062656,6395.221037533868,3.0,13.081665,500.0,32.6028,0.0,0.9959717,1.0,0.06334108,0.9022951,0.0037583916,0.0008748764,0.0033209552,-2.245083,0.0040283203,0.9959717
5070848,6390.244642224477,3.0,13.206055,500.0,33.181858,0.0,0.9958496,1.0,0.0642897,0.9018124,0.011142584,0.0010060206,0.010639577,-2.2474778,0.0041503906,0.9958496
5079040,6435.825261892881,3.0,13.251953,500.0,33.61798,0.0,0.99572754,1.0,0.065224275,0.9018315,0.021074506,0.0013756526,0.020386681,-2.2412913,0.004272461,0.99572754
5087232,6407.46299233038,3.0,13.431152,500.0,34.59831,0.0,0.9954834,1.0,0.06705372,0.90132356,0.02075708,0.001248551,0.020132804,-2.2344496,0.0045166016,0.9954834
5095424,6382.768468512148,3.0,13.078247,500.0,32.4362,0.0,0.99609375,1.0,0.06237781,0.90234727,0.021464579,0.00069645804,0.021116348,-2.2324612,0.00390625,0.99609375
5103616,6388.508771623203,3.0,12.892944,500.0,30.774847,0.0,0.99658203,1.0,0.058363397,0.90253764,0.0072982707,0.00070568087,0.0069454317,-2.235816,0.0034179688,0.99658203
5111808,6393.6502099630425,3.0,12.822754,500.0,30.301277,0.0,0.9967041,1.0,0.057315227,0.9027444,0.012008282,0.0013494685,0.0113335475,-2.2385578,0.0032958984,0.9967041
5120000,6420.963590654101,3.0,13.085327,500.0,32.15228,0.0,0.9962158,1.0,0.06139918,0.9020804,0.0022561636,0.0009812039,0.0017655614,-2.2417421,0.0037841797,0.9962158
5128192,6401.062474174795,3.0,12.866333,500.0,30.714272,0.0,0.99658203,1.0,0.058363397,0.9026453,-0.0012058045,0.00085789495,-0.0016347525,-2.2408195,0.0034179688,0.99658203
5136384,6369.765549316747,3.0,12.77478,500.0,30.030176,0.0,0.9967041,1.0,0.057315227,0.9028109,0.01529047,0.0013418482,0.014619546,-2.240538,0.0032958984,0.9967041
5144576,6425.712765460072,3.0,12.83252,500.0,30.50844,0.0,0.99658203,1.0,0.058363397,0.9027169,0.004802572,0.0008534516,0.004375846,-2.234952,0.0034179688,0.99658203
5152768,6399.071637370267,3.0,12.716919,500.0,29.541368,0.0,0.9967041,1.0,0.057315227,0.9028635,0.030290669,0.00088036363,0.029850485,-2.2247663,0.0032958984,0.9967041
5160960,6419.497629008877,3.0,12.850586,500.0,30.513723,0.0,0.99645996,1.0,0.059392817,0.90253156,0.016470736,0.0010020949,0.015969688,-2.21572,0.003540039,0.99645996
5169152,6435.245480076527,3.0,13.114868,500.0,32.40352,0.0,0.9959717,1.0,0.06334107,0.90195847,0.032707337,0.0012951553,0.032059763,-2.208334,0.0040283203,0.9959717
5177344,6428.896419511512,3.0,13.24707,500.0,33.170895,0.0,0.99572754,1.0,0.065224275,0.9014797,0.017700372,0.0013649738,0.017017886,-2.2058952,0.004272461,0.99572754
5185536,6438.12130742076,3.0,13.430908,500.0,34.47002,0.0,0.9953613,1.0,0.067949645,0.9011471,0.029112846,0.0017648767,0.02823041,-2.2057488,0.004638672,0.9953613
5193728,6431.140577455686,3.0,13.188721,500.0,33.12652,0.0,0.99560547,1.0,0.06614544,0.90189654,0.018201439,0.0021547617,0.017124059,-2.202356,0.0043945312,0.99560547
5201920,6471.262623013311,3.0,13.634644,500.0,35.928577,0.0,0.99487305,1.0,0.071418956,0.9008429,0.016448315,0.001739134,0.015578748,-2.1959229,0.005126953,0.99487305
5210112,6374.6343959783835,3.0,13.818726,500.0,36.89193,0.0,0.9946289,1.0,0.073090665,0.90023065,0.013880304,0.002090626,0.01283499,-2.18857,0.0053710938,0.9946289
5218304,6376.598220032172,3.0,14.100586,500.0,38.474285,0.0,0.9941406,1.0,0.07632197,0.89952403,0.020086126,0.0020841898,0.019044032,-2.1844225,0.005859375,0.9941406
5226496,6445.517398902528,3.0,14.473389,500.0,40.562317,0.0,0.9935303,1.0,0.080173984,0.8987191,0.007213811,0.0021971334,0.006115245,-2.1769578,0.0064697266,0.9935303
5234688,6412.113232511602,3.0,14.375,500.0,39.780373,0.0,0.9938965,1.0,0.07788622,0.8987535,0.02329336,0.0017008415,0.022442939,-2.1718867,0.0061035156,0.9938965
5242880,6392.498760095099,3.0,14.28833,500.0,39.163696,0.0,0.9941406,1.0,0.07632197,0.8988881,0.010466165,0.0010831743,0.0099245785,-2.1775897,0.005859375,0.9941406
5251072,6397.249974818549,3.0,14.235352,500.0,38.794773,0.0,0.9942627,1.0,0.07552739,0.89893854,0.019765664,0.0009859293,0.019272698,-2.1779366,0.0057373047,0.9942627
5259264,6408.79794543863,3.0,14.188721,500.0,38.396324,0.0,0.99438477,1.0,0.07472418,0.8988911,0.003719455,0.0013690373,0.0030349365,-2.1681159,0.0056152344,0.99438477
5267456,6391.326325266299,3.0,14.223877,500.0,38.743576,0.0,0.9942627,1.0,0.07552739,0.898944,0.004285372,0.0012284386,0.0036711523,-2.164483,0.0057373047,0.9942627
5275648,6397.029634707464,3.0,14.14563,500.0,37.803425,0.0,0.9946289,1.0,0.073090665,0.89873385,0.0051949546,0.0015143973,0.0044377553,-2.1637306,0.0053710938,0.9946289
5283840,6388.896023086478,3.0,14.029907,500.0,37.03833,0.0,0.99487305,1.0,0.071418956,0.8989317,0.01633699,0.0012258019,0.015724089,-2.1606312,0.005126953,0.99487305
5292032,6386.160135485761,3.0,13.971558,500.0,36.748013,0.0,0.9949951,1.0,0.070567936,0.8991574,0.009622155,0.0008606457,0.009191834,-2.1580482,0.005004883,0.9949951
5300224,6418.528686427641,3.0,13.68103,500.0,34.721573,0.0,0.99560547,1.0,0.06614544,0.8996214,0.0030941498,0.0013333953,0.0024274518,-2.1543036,0.0043945312,0.99560547
5308416,6415.484657147055,3.0,13.594971,500.0,33.905838,0.0,0.9959717,1.0,0.06334107,0.89952934,0.004854045,0.0012619989,0.0042230454,-2.1528056,0.0040283203,0.9959717
5316608,6381.110129959466,3.0,13.354004,500.0,32.244873,0.0,0.9963379,1.0,0.060404457,0.90000427,0.0030485508,0.00047221314,0.0028124442,-2.162244,0.0036621094,0.9963379
5324800,6395.459109047689,3.0,12.934326,500.0,29.415876,0.0,0.9970703,1.0,0.05404724,0.9011657,0.0055867718,0.0006859981,0.0052437726,-2.1719158,0.0029296875,0.9970703
5332992,6401.489413614633,3.0,12.513428,500.0,26.560345,0.0,0.9975586,1.0,0.049350236,0.9024414,0.012577364,0.00061004394,0.01227234,-2.17115,0.0024414062,0.9975586
5341184,6374.005281782895,3.0,12.499878,500.0,26.007418,0.0,0.99768066,1.0,0.0481036,0.9021354,0.0068587507,0.00071100664,0.0065032463,-2.1732464,0.002319336,0.99768066
5349376,6393.327809773605,3.0,12.541382,500.0,26.396772,0.0,0.9975586,1.0,0.049350236,0.9019996,0.006546372,0.0007880839,0.0061523295,-2.176016,0.0024414062,0.9975586
5357568,6395.0532077689695,3.0,12.476074,500.0,25.8437,0.0,0.99768066,1.0,0.048103597,0.9021641,0.011728929,0.00086836354,0.011294747,-2.1731682,0.002319336,0.99768066
5365760,6396.8748101960555,3.0,12.4001465,500.0,25.258125,0.0,0.99780273,1.0,0.04682347,0.90239316,0.0075688306,0.00088379934,0.007126932,-2.1705208,0.0021972656,0.99780273
5373952,6415.108548533298,3.0,12.340942,500.0,25.526304,0.0,0.99768066,1.0,0.048103597,0.9029642,0.0083129015,0.0009850088,0.007820397,-2.1732593,0.002319336,0.99768066
5382144,6387.505224836877,3.0,12.323486,500.0,25.461594,0.0,0.99768066,1.0,0.048103597,0.9030224,0.0061339405,0.0010839273,0.005591976,-2.1817403,0.002319336,0.99768066
5390336,6409.659925031032,3.0,12.156616,500.0,24.105684,0.0,0.9979248,1.0,0.045507018,0.9034766,0.00392686,0.00043256162,0.0037105782,-2.1797044,0.0020751953,0.9979248
5398528,6390.495417444251,3.0,11.94812,500.0,22.209724,0.0,0.998291,1.0,0.041304525,0.90404725,0.0056974525,0.00069016695,0.0053523686,-2.1786377,0.0017089844,0.998291
5406720,6392.490435005217,3.0,11.783813,500.0,21.064592,0.0,0.998291,1.0,0.041304525,0.90475506,0.0023253458,0.00031608285,0.0021673047,-2.1781106,0.0017089844,0.998291
5414912,6389.165701373402,3.0,11.675537,500.0,19.638231,0.0,0.99853516,1.0,0.038245235,0.9048803,0.00825505,0.00077741133,0.0078663435,-2.1809702,0.0014648438,0.99853516
5423104,6420.643229271778,3.0,11.761353,500.0,20.965822,0.0,0.998291,1.0,0.041304525,0.9048507,0.022768218,0.0009533559,0.02229154,-2.1863515,0.0017089844,0.998291
5431296,6403.831437795977,3.0,11.824829,500.0,21.649889,0.0,0.99816895,1.0,0.04275163,0.9047085,0.0045198817,0.0004274354,0.0043061636,-2.1892188,0.0018310547,0.99816895
5439488,6384.454954224261,3.0,11.703369,500.0,20.959677,0.0,0.998291,1.0,0.041304525,0.90536475,-0.0018031178,0.00026182024,-0.001934028,-2.2019043,0.0017089844,0.998291
5447680,6378.5644385641735,3.0,11.633789,500.0,20.247744,0.0,0.9984131,1.0,0.039804466,0.90555453,0.010253336,0.00039330093,0.010056686,-2.2101297,0.0015869141,0.9984131
5455872,6376.840824415246,3.0,11.426392,500.0,18.262623,0.0,0.9987793,1.0,0.03491723,0.9063395,0.0042153616,0.0003883883,0.0040211673,-2.2131357,0.0012207031,0.9987793
5464064,6409.425577533561,3.0,11.41626,500.0,18.255733,0.0,0.9987793,1.0,0.03491723,0.90642035,0.024039906,0.00034894145,0.023865433,-2.211556,0.0012207031,0.9987793
5472256,6393.7846521203855,3.0,11.411011,500.0,17.460192,0.0,0.99890137,1.0,0.033127416,0.90606654,0.009408695,0.0006713993,0.009072997,-2.218189,0.0010986328,0.99890137
5480448,6423.985198546778,3.0,11.336426,500.0,16.30343,0.0,0.9991455,1.0,0.029219205,0.90619624,0.025124164,0.00056058663,0.024843868,-2.2234633,0.0008544922,0.9991455
5488640,6387.112205462844,3.0,11.450317,500.0,18.007303,0.0,0.99890137,1.0,0.033127416,0.9060334,-0.001177786,0.000851949,-0.0016037605,-2.2213905,0.0010986328,0.99890137
5496832,6412.124002016961,3.0,11.537964,500.0,19.450294,0.0,0.9986572,1.0,0.03661926,0.90597266,0.021210728,0.00069986255,0.020860797,-2.2261705,0.0013427734,0.9986572
5505024,6416.79659122827,3.0,11.646973,500.0,20.8921,0.0,0.9984131,1.0,0.039804466,0.9058419,0.01572894,0.0013499893,0.015053947,-2.2318711,0.0015869141,0.9984131
5513216,6404.441384935581,3.0,11.756958,500.0,22.256224,0.0,0.99816895,1.0,0.04275163,0.9057319,0.011922405,0.0010840484,0.011380382,-2.235457,0.0018310547,0.99816895
5521408,6399.673526252551,3.0,11.627686,500.0,20.905872,0.0,0.9984131,1.0,0.039804466,0.906039,0.0068113157,0.00047896442,0.006571833,-2.2343829,0.0015869141,0.9984131
5529600,6398.73439072169,3.0,11.74707,500.0,22.252401,0.0,0.99816895,1.0,0.04275163,0.9058137,0.0082634,0.00049540255,0.0080157,-2.235293,0.0018310547,0.99816895
5537792,6386.779779702749,3.0,11.7751465,500.0,22.254595,0.0,0.99816895,1.0,0.042751625,0.9055639,0.0064119278,0.000566444,0.006128706,-2.2373626,0.0018310547,0.99816895
5545984,6434.776668475759,3.0,11.768677,500.0,22.62749,0.0,0.9980469,1.0,0.044150993,0.90580034,-0.0002716002,0.00037692825,-0.00046006386,-2.23974,0.001953125,0.9980469
5554176,6378.845087564981,3.0,11.82312,500.0,22.63269,0.0,0.9980469,1.0,0.044150993,0.905319,0.009932206,0.00053612445,0.009664143,-2.2442446,0.001953125,0.9980469
5562368,6392.629585783844,3.0,11.827881,500.0,22.641712,0.0,0.9980469,1.0,0.044150993,0.9052929,0.005420455,0.0004628105,0.005189049,-2.2519631,0.001953125,0.9980469
5570560,6408.654503932605,3.0,11.728149,500.0,22.18805,0.0,0.9980469,1.0,0.044150993,0.90583503,0.017949471,0.00036346374,0.017767739,-2.2495615,0.001953125,0.9980469
5578752,6392.4892457084325,3.0,11.665283,500.0,21.522451,0.0,0.99816895,1.0,0.04275163,0.90597427,0.0031211558,0.00028220424,0.0029800523,-2.250191,0.0018310547,0.99816895
5586944,6389.854850626707,3.0,11.588135,500.0,20.83126,0.0,0.998291,1.0,0.041304525,0.90623564,0.0013953706,0.00040341116,0.0011936653,-2.2569351,0.0017089844,0.998291
5595136,6418.341647041946,3.0,11.518555,500.0,20.122906,0.0,0.9984131,1.0,0.039804466,0.9064403,0.010797708,0.0010121571,0.01029163,-2.2569988,0.0015869141,0.9984131
5603328,6413.61772382035,3.0,11.635498,500.0,21.51353,0.0,0.99816895,1.0,0.04275163,0.90622854,0.007399386,0.0010144663,0.0068921526,-2.2489667,0.0018310547,0.99816895
5611520,6448.362480303818,3.0,11.729614,500.0,22.641407,0.0,0.9980469,1.0,0.044150993,0.9061339,0.0081990985,0.0004546165,0.007971789,-2.2464411,0.001953125,0.9980469
5619712,6415.711062256398,3.0,11.859619,500.0,23.63858,0.0,0.9980469,1.0,0.044150993,0.9057728,0.03589317,0.0013334008,0.035226464,-2.2427495,0.001953125,0.9980469
5627904,6350.122543513271,3.0,11.86377,500.0,23.689629,0.0,0.9980469,1.0,0.044150993,0.90580595,0.041652236,0.00073943037,0.041282516,-2.2344856,0.001953125,0.9980469
5636096,6342.895629220591,3.0,12.270386,500.0,27.652481,0.0,0.9971924,1.0,0.05291251,0.90513575,0.021015089,0.0016844862,0.02017285,-2.2278893,0.0028076172,0.9971924
5644288,6340.74070749623,3.0,12.729858,500.0,31.24869,0.0,0.9963379,1.0,0.060404457,0.90420675,0.015604704,0.0015617891,0.014823811,-2.2222621,0.0036621094,0.9963379
5652480,6446.92148111456,3.0,12.991089,500.0,33.049187,0.0,0.9958496,1.0,0.0642897,0.9035602,0.006730814,0.0009967253,0.006232451,-2.216992,0.0041503906,0.9958496
5660672,6415.333729284672,3.0,13.279663,500.0,35.189358,0.0,0.99523926,1.0,0.068833694,0.90314174,0.005645312,0.0015604452,0.00486509,-2.2126744,0.004760742,0.99523926
5668864,6333.930913910605,3.0,13.567017,500.0,37.1854,0.0,0.9946289,1.0,0.073090665,0.9026866,0.006246739,0.0013706274,0.0055614254,-2.2104778,0.0053710938,0.9946289
5677056,6353.329221265621,3.0,14.087891,500.0,40.52691,0.0,0.9935303,1.0,0.080173984,0.90183806,0.012116718,0.0013904589,0.011421489,-2.2103145,0.0064697266,0.9935303
5685248,6349.640236919521,3.0,14.290405,500.0,41.584362,0.0,0.99316406,1.0,0.08239665,0.9013147,0.014893179,0.003327912,0.013229221,-2.211324,0.0068359375,0.99316406
5693440,6434.158520072349,3.0,14.581299,500.0,42.94896,0.0,0.99279785,1.0,0.08455931,0.9005266,0.02658361,0.002356006,0.02540561,-2.2133672,0.0072021484,0.99279785
5701632,6414.5157280045405,3.0,15.024658,500.0,45.384613,0.0,0.9920654,1.0,0.0887221,0.8998132,0.011770007,0.0021100473,0.010714984,-2.205325,0.00793457,0.9920654
5709824,6345.198483419534,3.0,15.319702,500.0,46.643406,0.0,0.99157715,1.0,0.09138876,0.8989153,0.011589529,0.0017106448,0.010734206,-2.2008405,0.008422852,0.99157715
5718016,6402.818299080976,3.0,15.65271,500.0,48.169395,0.0,0.9909668,1.0,0.09461292,0.89810884,0.020611253,0.001662442,0.019780029,-2.2030072,0.009033203,0.9909668
5726208,6345.49378197818,3.0,15.875977,500.0,49.11263,0.0,0.9906006,1.0,0.09649385,0.89753264,0.007834526,0.0015772851,0.0070458828,-2.2039587,0.009399414,0.9906006
5734400,6391.045765704635,3.0,15.844238,500.0,48.898914,0.0,0.9906006,1.0,0.09649385,0.8974731,0.0038471231,0.0007133135,0.0034904673,-2.1995192,0.009399414,0.9906006
5742592,6404.528529726391,3.0,15.828003,500.0,48.604027,0.0,0.99072266,1.0,0.095871136,0.8972005,0.0048462907,0.0008745747,0.004409003,-2.2047749,0.009277344,0.99072266
5750784,6397.520358829893,3.0,15.718262,500.0,48.136246,0.0,0.99072266,1.0,0.095871136,0.8973795,0.017110582,0.0015484879,0.016336337,-2.2093956,0.009277344,0.99072266
5758976,6397.722864026872,3.0,15.729736,500.0,47.95115,0.0,0.9908447,1.0,0.09524418,0.89709723,0.0059583946,0.001798197,0.005059296,-2.2097373,0.009155273,0.9908447
5767168,6402.64410493857,3.0,15.2092285,500.0,45.12703,0.0,0.99194336,1.0,0.089396484,0.89783037,0.0007599883,0.0008468549,0.00033656054,-2.216371,0.008056641,0.99194336
5775360,6387.854352093554,3.0,14.970459,500.0,43.734264,0.0,0.9925537,1.0,0.08597,0.898194,0.011232533,0.0017242164,0.010370422,-2.224684,0.007446289,0.9925537
5783552,6389.5767966590965,3.0,14.542969,500.0,41.43501,0.0,0.9934082,1.0,0.08092184,0.8991654,0.0017496754,0.00040375994,0.0015477962,-2.2244053,0.006591797,0.9934082
5791744,6403.2538259080675,3.0,13.620361,500.0,35.852863,0.0,0.99523926,1.0,0.06883369,0.9010879,0.002212923,0.0007571136,0.0018343662,-2.2254553,0.004760742,0.99523926
5799936,6396.005550196554,3.0,13.364868,500.0,34.195923,0.0,0.99560547,1.0,0.06614544,0.90155435,0.008939688,0.0003342706,0.008772554,-2.2281914,0.0043945312,0.99560547
5808128,6378.594041724045,3.0,12.957886,500.0,30.893122,0.0,0.9963379,1.0,0.060404457,0.90199226,0.02353143,0.0012733568,0.022894751,-2.2311528,0.0036621094,0.9963379
5816320,6388.842565336919,3.0,12.607056,500.0,28.472809,0.0,0.99694824,1.0,0.055158354,0.9030373,0.102207154,0.0008945484,0.10175988,-2.230649,0.0030517578,0.99694824
5824512,6368.802116326797,3.0,12.220337,500.0,25.409197,0.0,0.99768066,1.0,0.048103597,0.90404433,0.00074026705,0.00042686547,0.0005268337,-2.241468,0.002319336,0.99768066
5832704,6386.709737259987,3.0,11.930786,500.0,22.371021,0.0,0.998291,1.0,0.041304525,0.9045224,-0.002545849,0.00035014006,-0.00272092,-2.2540717,0.0017089844,0.998291
5840896,6409.844067230001,3.0,11.815552,500.0,21.100157,0.0,0.99853516,1.0,0.038245235,0.90479434,0.007887069,0.00083239295,0.007470873,-2.2546916,0.0014648438,0.99853516
5849088,6392.1717192989245,3.0,11.811523,500.0,20.699549,0.0,0.9986572,1.0,0.03661926,0.9045837,0.020398783,0.00062785775,0.020084854,-2.2556858,0.0013427734,0.9986572
5857280,6410.865411475835,3.0,11.642578,500.0,19.027342,0.0,0.99890137,1.0,0.033127416,0.90502626,0.0005334823,0.0011144032,-2.3720786e-05,-2.2511926,0.0010986328,0.99890137
5865472,6422.951265392722,3.0,11.780762,500.0,20.537344,0.0,0.9986572,1.0,0.03661926,0.904691,0.012787143,0.0011547457,0.01220977,-2.2470515,0.0013427734,0.9986572
5873664,6400.715478765427,3.0,11.69458,500.0,19.872477,0.0,0.9986572,1.0,0.03661926,0.90495956,0.0074113244,0.0006943747,0.0070641357,-2.2464476,0.0013427734,0.9986572
5881856,6391.290659548644,3.0,11.880371,500.0,21.477926,0.0,0.9984131,1.0,0.039804466,0.9043331,0.013216241,0.0009504237,0.01274103,-2.2430463,0.0015869141,0.9984131
5890048,6400.692824016119,3.0,12.09021,500.0,23.067867,0.0,0.998291,1.0,0.041304525,0.9036658,0.017616054,0.0013428122,0.016944652,-2.2400992,0.0017089844,0.998291
5898240,6386.758410659053,3.0,12.233032,500.0,24.85277,0.0,0.9979248,1.0,0.045507018,0.90360665,0.01669475,0.00076540036,0.016312055,-2.2394633,0.0020751953,0.9979248
5906432,6357.178924496269,3.0,12.29541,500.0,25.437185,0.0,0.99780273,1.0,0.04682347,0.90349436,0.00848277,0.0013020212,0.007831762,-2.238755,0.0021972656,0.99780273
5914624,6395.410302942991,3.0,12.238281,500.0,24.551146,0.0,0.9980469,1.0,0.044150993,0.9034064,0.010513454,0.0010912934,0.009967806,-2.230461,0.001953125,0.9980469
5922816,6403.923340204495,3.0,12.33606,500.0,25.453852,0.0,0.99780273,1.0,0.04682347,0.9032003,-0.002352959,0.000917705,-0.002811811,-2.227645,0.0021972656,0.99780273
5931008,6413.262183657741,3.0,12.4904785,500.0,26.643478,0.0,0.9975586,1.0,0.049350236,0.90279186,0.017326739,0.0011194559,0.01676701,-2.2230392,0.0024414062,0.9975586
5939200,6390.822286730257,3.0,12.685181,500.0,28.236046,0.0,0.9971924,1.0,0.05291251,0.9023329,0.013030857,0.0010374258,0.012512142,-2.214613,0.0028076172,0.9971924
5947392,6381.143311987169,3.0,12.773804,500.0,28.85207,0.0,0.9970703,1.0,0.05404724,0.90209633,0.027665626,0.0011291889,0.027101032,-2.209287,0.0029296875,0.9970703
5955584,6344.8176826023255,3.0,12.832153,500.0,29.492619,0.0,0.9968262,1.0,0.056247268,0.90208775,0.0013250357,0.0017074563,0.00047130778,-2.2100708,0.0031738281,0.9968262
5963776,6395.81982116139,3.0,12.892456,500.0,29.98631,0.0,0.9967041,1.0,0.057315227,0.90198565,0.010557507,0.0012646364,0.00992519,-2.2113373,0.0032958984,0.9967041
5971968,6380.4714431804105,3.0,12.86499,500.0,30.02135,0.0,0.9967041,1.0,0.057315227,0.90227926,0.015283622,0.0013825475,0.014592347,-2.2115571,0.0032958984,0.9967041
5980160,6448.441142794084,3.0,12.918945,500.0,30.424194,0.0,0.99658203,1.0,0.058363397,0.9021459,0.0072653163,0.0010563766,0.006737127,-2.209676,0.0034179688,0.99658203
5988352,6396.01745627183,3.0,12.696899,500.0,28.80553,0.0,0.99694824,1.0,0.055158354,0.9026897,0.07735594,0.0013437656,0.07668406,-2.206526,0.0030517578,0.99694824
5996544,6350.06738552096,3.0,12.807251,500.0,29.350065,0.0,0.9967041,1.0,0.057315227,0.9021324,0.025943996,0.0015016454,0.02519317,-2.208233,0.0032958984,0.9967041
6004736,6364.2156411236665,3.0,12.843872,500.0,29.183071,0.0,0.9968262,1.0,0.056247268,0.90173936,0.028498402,0.0016933865,0.027651707,-2.2064123,0.0031738281,0.9968262
6012928,6387.0825231844865,3.0,12.746216,500.0,28.387007,0.0,0.9970703,1.0,0.05404724,0.9018711,0.024819905,0.0010083463,0.024315733,-2.207469,0.0029296875,0.9970703
6021120,6344.237781479227,3.0,12.845093,500.0,29.366385,0.0,0.9968262,1.0,0.056247264,0.9017849,0.03825155,0.0010144804,0.03774431,-2.2057464,0.0031738281,0.9968262
6029312,6401.519229948756,3.0,12.784302,500.0,28.79284,0.0,0.99694824,1.0,0.055158354,0.90177464,0.010029484,0.0008880461,0.009585461,-2.2016828,0.0030517578,0.99694824
6037504,6380.323342988071,3.0,12.752808,500.0,28.7415,0.0,0.99694824,1.0,0.055158354,0.9019631,0.015016967,0.00062910834,0.014702411,-2.2034073,0.0030517578,0.99694824
6045696,6410.497020290236,3.0,12.677368,500.0,28.223537,0.0,0.9970703,1.0,0.05404724,0.9021986,0.009990665,0.0008450732,0.009568129,-2.1948628,0.0029296875,0.9970703
6053888,6395.450776245373,3.0,12.638062,500.0,27.99329,0.0,0.9971924,1.0,0.05291251,0.90236676,0.0063062795,0.0011344553,0.0057390523,-2.1920033,0.0028076172,0.9971924
6062080,6384.1002675545515,3.0,12.562378,500.0,27.228228,0.0,0.9974365,1.0,0.050565846,0.9024731,0.0026967195,0.00071245123,0.002340494,-2.1918964,0.0025634766,0.9974365
6070272,6391.932703374672,3.0,12.420654,500.0,26.068558,0.0,0.99768066,1.0,0.048103597,0.90278745,0.002971622,0.0005303818,0.0027064304,-2.1953835,0.002319336,0.99768066
6078464,6397.115386892516,3.0,12.187134,500.0,24.27322,0.0,0.9980469,1.0,0.044150993,0.9034977,0.014044655,0.0007817873,0.013653761,-2.200019,0.001953125,0.9980469
6086656,6382.430566948417,3.0,12.254028,500.0,24.752523,0.0,0.9980469,1.0,0.044150993,0.9032167,0.0066726548,0.0010408494,0.00615223,-2.1970751,0.001953125,0.9980469
6094848,6399.253979869015,3.0,12.181274,500.0,24.658587,0.0,0.9980469,1.0,0.044150993,0.9037286,0.008267379,0.00034462515,0.008095068,-2.1877956,0.001953125,0.9980469
6103040,6404.8723569681015,3.0,11.901001,500.0,22.412565,0.0,0.998291,1.0,0.041304525,0.9046139,0.0059115794,0.00037374662,0.0057247053,-2.1828392,0.0017089844,0.998291
6111232,6377.668184993879,3.0,11.8396,500.0,22.385433,0.0,0.998291,1.0,0.041304525,0.9051215,-0.0039226334,0.00022133358,-0.0040333,-2.1795,0.0017089844,0.998291
6119424,6394.434337257243,3.0,11.730347,500.0,21.177437,0.0,0.99853516,1.0,0.038245235,0.9053873,0.025508353,0.0008473457,0.025084678,-2.1740785,0.0014648438,0.99853516
6127616,6389.040957485778,3.0,11.775635,500.0,21.857258,0.0,0.9984131,1.0,0.039804466,0.9054121,0.0062061786,0.00041866672,0.0059968457,-2.1633816,0.0015869141,0.9984131
6135808,6387.1501991817095,3.0,11.622681,500.0,19.776136,0.0,0.9987793,1.0,0.03491723,0.9055338,-0.008401367,0.0008175427,-0.008810138,-2.1709309,0.0012207031,0.9987793
6144000,6398.5365876731885,3.0,11.544678,500.0,19.115665,0.0,0.9987793,1.0,0.03491723,0.90574926,-0.0151605,0.00060026674,-0.015460635,-2.1905336,0.0012207031,0.9987793
6152192,6372.70251159837,3.0,11.311157,500.0,16.169828,0.0,0.9991455,1.0,0.029219205,0.9062668,-0.0029883464,0.00028513826,-0.0031309158,-2.2066123,0.0008544922,0.9991455
6160384,6386.591024763842,3.0,11.199585,500.0,15.228352,0.0,0.9992676,1.0,0.02705338,0.9068301,7.7149365e-05,0.00019876796,-2.2234977e-05,-2.2138357,0.0007324219,0.9992676
6168576,6379.594790155965,3.0,11.194702,500.0,15.226514,0.0,0.9992676,1.0,0.02705338,0.9068724,-0.0075448626,0.0001679901,-0.0076288567,-2.2241547,0.0007324219,0.9992676
6176768,6380.810322283515,3.0,11.091919,500.0,13.293275,0.0,0.99938965,1.0,0.02469775,0.9069667,-0.0031601076,0.00018656536,-0.0032533896,-2.2341728,0.00061035156,0.99938965
6184960,6395.776962146615,3.0,10.968872,500.0,10.8715925,0.0,0.9996338,1.0,0.019133132,0.9072143,-0.004056379,0.00016726372,-0.004140011,-2.239102,0.00036621094,0.9996338
6193152,6381.61500812752,3.0,10.989624,500.0,10.875069,0.0,0.9996338,1.0,0.019133132,0.9070288,-0.0015340054,0.00020255262,-0.0016352816,-2.2489371,0.00036621094,0.9996338
6201344,6397.573961899141,3.0,11.0217285,500.0,11.035421,0.0,0.9996338,1.0,0.019133132,0.9068339,-0.002779788,0.00032019988,-0.0029398876,-2.252855,0.00036621094,0.9996338
6209536,6389.541150464612,3.0,10.999756,500.0,10.760226,0.0,0.9996338,1.0,0.019133132,0.90687823,-0.0042059356,0.00016035739,-0.004286114,-2.2570534,0.00036621094,0.9996338
6217728,6377.189970437527,3.0,10.825562,500.0,7.4683557,0.0,0.9998779,1.0,0.011047868,0.90753865,-0.003836573,0.00018307052,-0.0039281086,-2.2654035,0.00012207031,0.9998779
6225920,6368.393689830176,3.0,10.812256,500.0,7.424993,0.0,0.9998779,1.0,0.011047868,0.9076339,-0.0021535032,0.00015710745,-0.002232057,-2.271832,0.00012207031,0.9998779
6234112,6374.574080777006,3.0,10.739624,182.0,5.107602,1.0,1.0,1.0,0.0,0.90786946,-0.0029004626,0.0002146682,-0.003007797,-2.275882,0.0,1.0
6242304,6375.359450364127,3.0,10.735474,182.0,5.1097307,1.0,1.0,1.0,0.0,0.9079082,-0.00051209936,0.00018130355,-0.0006027508,-2.2818787,0.0,1.0
6250496,6394.37840678643,3.0,10.760498,182.0,5.3362308,1.0,1.0,1.0,0.0,0.9077542,-0.0024913156,0.00027735622,-0.002629994,-2.2878308,0.0,1.0
6258688,6370.2520992699,3.0,10.757935,182.0,5.3226805,1.0,1.0,1.0,0.0,0.907771,-0.0017798246,0.00019600484,-0.0018778269,-2.296455,0.0,1.0
6266880,6381.452632489976,3.0,10.698486,182.0,5.292878,1.0,1.0,1.0,0.0,0.9082992,-0.0053307386,0.00016980065,-0.0054156384,-2.3056774,0.0,1.0
6275072,6395.199611967006,3.0,10.709473,182.0,5.3142753,1.0,1.0,1.0,0.0,0.9082091,-0.0029041092,0.00017854832,-0.0029933841,-2.3148956,0.0,1.0
6283264,6386.615954021963,3.0,10.723999,182.0,5.312419,1.0,1.0,1.0,0.0,0.9080757,-0.00062639336,0.00019057746,-0.00072168245,-2.3189118,0.0,1.0
6291456,6383.593810096299,3.0,10.703735,146.0,4.960045,1.0,1.0,1.0,0.0,0.908159,-0.006647259,0.0001642104,-0.0067293644,-2.3229265,0.0,1.0
6299648,6381.817692962766,3.0,10.706665,146.0,5.0765157,1.0,1.0,1.0,0.0,0.9081742,-0.012223515,0.00023341984,-0.012340225,-2.3311443,0.0,1.0
6307840,6380.871940533386,3.0,10.678955,146.0,5.0785294,1.0,1.0,1.0,0.0,0.90842795,-0.00082439603,0.00021467675,-0.00093173434,-2.3410525,0.0,1.0
6316032,6408.397520625088,3.0,10.678833,146.0,5.0718474,1.0,1.0,1.0,0.0,0.908426,-0.003573089,0.00016316792,-0.0036546725,-2.3427289,0.0,1.0
6324224,6377.70369883645,3.0,10.701904,146.0,5.0673933,1.0,1.0,1.0,0.0,0.908213,-0.0035493877,0.00019776255,-0.0036482695,-2.3498905,0.0,1.0
6332416,6380.304386659789,3.0,10.675171,146.0,5.0768585,1.0,1.0,1.0,0.0,0.90846115,-0.00425143,0.00017402887,-0.0043384447,-2.359621,0.0,1.0
6340608,6377.321353925284,3.0,10.659058,101.0,4.847513,1.0,1.0,1.0,0.0,0.90853775,-0.0038818433,0.00015873909,-0.003961213,-2.3683877,0.0,1.0
6348800,6383.294954873514,3.0,10.711914,101.0,4.875928,1.0,1.0,1.0,0.0,0.90806794,-0.0023058665,0.00016131003,-0.0023865206,-2.3698149,0.0,1.0
6356992,6378.244741945502,3.0,10.717651,101.0,4.8982806,1.0,1.0,1.0,0.0,0.9080255,0.0018003932,0.00016230212,0.0017192415,-2.3717704,0.0,1.0
6365184,6410.69675960693,3.0,10.668213,101.0,4.8752027,1.0,1.0,1.0,0.0,0.9084664,0.0022410091,0.00016887864,0.0021565682,-2.3796768,0.0,1.0
6373376,6377.711985456627,3.0,10.676514,101.0,4.8876634,1.0,1.0,1.0,0.0,0.90839577,0.0037372634,0.00017715414,0.0036486867,-2.381459,0.0,1.0
6381568,6405.543403945852,3.0,10.662109,101.0,4.8815646,1.0,1.0,1.0,0.0,0.9085251,-0.013726321,0.00026468234,-0.013858662,-2.3840587,0.0,1.0
6389760,6383.507234077339,3.0,10.711914,353.0,6.116286,1.0,1.0,1.0,0.0,0.9083216,-0.023183368,0.00037348905,-0.023370111,-2.4003034,0.0,1.0
6397952,6376.846741825938,3.0,10.806274,384.0,7.7577267,1.0,1.0,1.0,0.0,0.9079266,-0.014004849,0.00037698844,-0.014193343,-2.417485,0.0,1.0
6406144,6367.955810942923,3.0,10.844116,384.0,8.335962,1.0,1.0,1.0,0.0,0.9078216,0.0010111347,0.00019699914,0.0009126358,-2.4258883,0.0,1.0
6414336,6366.6673092676665,3.0,10.841187,384.0,8.330736,1.0,1.0,1.0,0.0,0.907845,0.0048284307,0.0001907389,0.004733061,-2.427155,0.0,1.0
6422528,6365.066848160137,3.0,10.8532715,384.0,8.331303,1.0,1.0,1.0,0.0,0.90773535,-0.00153711,0.00016405826,-0.0016191395,-2.4343846,0.0,1.0
6430720,6370.077310635218,3.0,10.903809,384.0,8.38463,1.0,1.0,1.0,0.0,0.9073087,-0.0056497436,0.00018370879,-0.005741597,-2.4365435,0.0,1.0
6438912,6380.066257381186,3.0,10.875,384.0,8.397024,1.0,1.0,1.0,0.0,0.9075798,-0.006743484,0.00018704472,-0.006837007,-2.4419506,0.0,1.0
6447104,6371.900071675149,3.0,10.916138,384.0,8.40899,1.0,1.0,1.0,0.0,0.90721387,-0.004108127,0.0001977963,-0.0042070257,-2.4517405,0.0,1.0
6455296,6381.0236212956215,3.0,10.940308,384.0,8.450741,1.0,1.0,1.0,0.0,0.9070195,0.0007848891,0.00021348866,0.0006781444,-2.4569688,0.0,1.0
6463488,6400.018024495343,3.0,10.938477,384.0,8.460393,1.0,1.0,1.0,0.0,0.9070433,0.0005210838,0.00019008583,0.00042604015,-2.4553528,0.0,1.0
6471680,6383.814411663667,3.0,10.877808,384.0,7.569249,1.0,1.0,1.0,0.0,0.9073224,0.0020673405,0.00015591802,0.0019893805,-2.4581428,0.0,1.0
6479872,6369.35817995131,3.0,10.80481,224.0,5.8521295,1.0,1.0,1.0,0.0,0.9075108,-0.0021474885,0.00015699152,-0.0022259844,-2.4574761,0.0,1.0
6488064,6396.298452515872,3.0,10.758423,88.0,5.005184,1.0,1.0,1.0,0.0,0.90769684,-0.005919908,0.00019793547,-0.006018876,-2.4614482,0.0,1.0
6496256,6381.821248951987,3.0,10.781982,88.0,5.023755,1.0,1.0,1.0,0.0,0.9074905,-0.001718072,0.00017295484,-0.0018045497,-2.4645982,0.0,1.0
6504448,6385.475342975673,3.0,10.780884,88.0,5.0259542,1.0,1.0,1.0,0.0,0.9075017,-0.0045483634,0.00017101786,-0.004633872,-2.476031,0.0,1.0
6512640,6378.241189940865,3.0,10.759277,88.0,5.0256824,1.0,1.0,1.0,0.0,0.9076984,-0.0019615018,0.00017140739,-0.0020472053,-2.4911056,0.0,1.0
6520832,6401.7768546429725,3.0,10.717529,86.0,4.92924,1.0,1.0,1.0,0.0,0.90804213,-0.0046278522,0.00018905528,-0.00472238,-2.5010285,0.0,1.0
6529024,6391.268071466677,3.0,10.723999,86.0,4.9152355,1.0,1.0,1.0,0.0,0.90797716,0.001830135,0.00016281063,0.0017487312,-2.5057046,0.0,1.0
6537216,6392.724735102707,3.0,10.704346,86.0,4.8712664,1.0,1.0,1.0,0.0,0.90813744,-0.00056163105,0.00016317789,-0.00064322026,-2.5019524,0.0,1.0
6545408,6392.358425763708,3.0,10.670776,64.0,4.795667,1.0,1.0,1.0,0.0,0.9084172,-0.0010212673,0.00016343249,-0.001102983,-2.4979699,0.0,1.0
6553600,6376.698809853226,3.0,10.680542,64.0,4.782666,1.0,1.0,1.0,0.0,0.9083227,-0.00073503365,0.00014260909,-0.00080633746,-2.4928203,0.0,1.0
6561792,6402.720462847913,3.0,10.657593,64.0,4.753424,1.0,1.0,1.0,0.0,0.9085199,-0.0027007046,0.00013637471,-0.0027688919,-2.4903584,0.0,1.0
6569984,6373.294721309985,3.0,10.627563,34.0,4.7145405,1.0,1.0,1.0,0.0,0.90877986,-0.0062512998,0.00015383096,-0.0063282144,-2.495817,0.0,1.0
6578176,6391.7020283391175,3.0,10.620239,34.0,4.724846,1.0,1.0,1.0,0.0,0.908851,-0.00073025806,0.00017266179,-0.00081659004,-2.5039163,0.0,1.0
6586368,6385.39108922667,3.0,10.641602,34.0,4.7370267,1.0,1.0,1.0,0.0,0.9086609,-0.0022931509,0.00016444126,-0.0023753713,-2.5049603,0.0,1.0
6594560,6387.219063949265,3.0,10.670898,101.0,4.8521442,1.0,1.0,1.0,0.0,0.9084326,0.016530875,0.00025053188,0.016405609,-2.5017369,0.0,1.0
6602752,6384.281757816485,3.0,10.620972,101.0,4.8327765,1.0,1.0,1.0,0.0,0.90887964,-0.006287936,0.00020816298,-0.006392018,-2.5031688,0.0,1.0
6610944,6400.267183013457,3.0,10.677124,500.0,7.2405057,0.0,0.9998779,1.0,0.011047868,0.90879464,-0.022384524,0.000683659,-0.022726353,-2.5157757,0.00012207031,0.9998779
6619136,6389.7229502148275,3.0,10.667847,500.0,7.246962,0.0,0.9998779,1.0,0.011047868,0.90888333,-0.003925456,0.00024014627,-0.0040455293,-2.5410552,0.00012207031,0.9998779
6627328,6368.771423497979,3.0,10.687744,500.0,7.2602735,0.0,0.9998779,1.0,0.011047868,0.90871066,0.004688041,0.00023479875,0.0045706416,-2.548179,0.00012207031,0.9998779
6635520,6378.588121070089,3.0,10.696411,500.0,7.3027105,0.0,0.9998779,1.0,0.011047868,0.9086569,-0.0015504211,0.00026159416,-0.0016812182,-2.5500047,0.00012207031,0.9998779
6643712,6399.818950052907,3.0,10.6640625,500.0,7.301586,0.0,0.9998779,1.0,0.011047868,0.90895104,0.0048408555,0.00016846252,0.004756623,-2.549188,0.00012207031,0.9998779
6651904,6378.601146523301,3.0,10.699585,500.0,7.320356,0.0,0.9998779,1.0,0.011047868,0.9086391,0.002156916,0.00018757157,0.0020631296,-2.5487454,0.00012207031,0.9998779
6660096,6384.46444470995,3.0,10.710205,500.0,7.345213,0.0,0.9998779,1.0,0.011047868,0.908556,0.004258147,0.00028969737,0.004113298,-2.5546165,0.00012207031,0.9998779
6668288,6384.080102606847,3.0,10.718872,500.0,7.348482,0.0,0.9998779,1.0,0.011047868,0.9084778,-0.00041771936,0.00017140237,-0.00050342013,-2.5590394,0.00012207031,0.9998779
6676480,6404.090442250917,3.0,10.684326,500.0,7.34845,0.0,0.9998779,1.0,0.011047868,0.9087929,0.016585134,0.00030880494,0.016430732,-2.5589554,0.00012207031,0.9998779
6684672,6376.9390548547135,3.0,10.730347,500.0,9.068367,0.0,0.99975586,1.0,0.015623093,0.9087733,0.001675387,0.00039173814,0.0014795173,-2.5647485,0.00024414062,0.99975586
6692864,6387.464852037786,3.0,10.741211,500.0,9.077972,0.0,0.99975586,1.0,0.015623093,0.9086826,-0.0025835335,0.00034251576,-0.0027547916,-2.5667927,0.00024414062,0.99975586
6701056,6376.611237359654,3.0,10.746216,500.0,9.113845,0.0,0.99975586,1.0,0.015623093,0.90866137,0.009280832,0.0004241862,0.0090687405,-2.569518,0.00024414062,0.99975586
6709248,6370.900554417194,3.0,10.752075,500.0,9.11047,0.0,0.99975586,1.0,0.015623093,0.90860504,-0.0005650349,0.00021909001,-0.0006745802,-2.5647423,0.00024414062,0.99975586
6717440,6407.632669030571,3.0,10.727051,500.0,9.094245,0.0,0.99975586,1.0,0.015623093,0.90881985,0.006564102,0.00019313535,0.0064675356,-2.5675783,0.00024414062,0.99975586
6725632,6381.981272568583,3.0,10.762939,500.0,9.44139,0.0,0.99975586,1.0,0.015623093,0.9086374,-0.020899184,0.00025169685,-0.021025034,-2.572094,0.00024414062,0.99975586
6733824,6418.113857384912,3.0,10.78833,500.0,9.46201,0.0,0.99975586,1.0,0.015623093,0.908422,0.0041048774,0.00019694497,0.004006405,-2.5798724,0.00024414062,0.99975586
6742016,6385.559598948122,3.0,10.796143,500.0,9.46742,0.0,0.99975586,1.0,0.015623093,0.9083551,-0.0013451839,0.00017771327,-0.0014340405,-2.5762665,0.00024414062,0.99975586
6750208,6380.754629889272,3.0,10.752319,500.0,9.449279,0.0,0.99975586,1.0,0.015623093,0.90874183,-0.002475838,0.00015378083,-0.0025527282,-2.5761893,0.00024414062,0.99975586
6758400,6374.4179761439855,3.0,10.773682,500.0,9.443902,0.0,0.99975586,1.0,0.015623093,0.9085438,0.00018563913,0.00017348284,9.889738e-05,-2.5791728,0.00024414062,0.99975586
6766592,6407.361429590935,3.0,10.70459,500.0,7.7328687,0.0,0.9998779,1.0,0.011047869,0.9087327,0.0017450333,0.0001442333,0.0016729163,-2.5748854,0.00012207031,0.9998779
6774784,6380.922894985106,3.0,10.702393,500.0,7.726452,0.0,0.9998779,1.0,0.011047869,0.90874827,0.0033491678,0.0001720986,0.0032631182,-2.5763228,0.00012207031,0.9998779
6782976,6394.458137754352,3.0,10.715576,500.0,7.6739855,0.0,0.9998779,1.0,0.011047869,0.90859646,0.0006660684,0.00015191571,0.00059010985,-2.573817,0.00012207031,0.9998779
6791168,6388.666755047615,3.0,10.670044,249.0,5.4652567,1.0,1.0,1.0,0.0,0.90858656,0.0018302414,0.00017036786,0.0017450578,-2.5765212,0.0,1.0
6799360,6382.330981734804,3.0,10.662231,249.0,5.47538,1.0,1.0,1.0,0.0,0.9086628,-0.0005004334,0.00014148671,-0.00057117664,-2.585463,0.0,1.0
6807552,6386.694304385923,3.0,10.663696,249.0,5.4866276,1.0,1.0,1.0,0.0,0.90865505,0.0020320076,0.00015078041,0.0019566175,-2.5874946,0.0,1.0
6815744,6374.155453775241,3.0,10.606689,43.0,4.779421,1.0,1.0,1.0,0.0,0.9089974,-0.0029863962,0.00015278177,-0.0030627865,-2.5890737,0.0,1.0
6823936,6376.857393192857,3.0,10.557739,40.0,4.7463064,1.0,1.0,1.0,0.0,0.9094308,-0.0014979651,0.00012794402,-0.0015619372,-2.59663,0.0,1.0
6832128,6370.650133504702,3.0,10.592041,40.0,4.7464347,1.0,1.0,1.0,0.0,0.90911746,-0.0062713763,0.00019239895,-0.006367575,-2.6053832,0.0,1.0
6840320,6368.33467299205,3.0,10.60437,76.0,4.824164,1.0,1.0,1.0,0.0,0.9090327,0.0022307793,0.00023941083,0.0021110747,-2.6112416,0.0,1.0
6848512,6391.7947719706135,3.0,10.567505,76.0,4.8262367,1.0,1.0,1.0,0.0,0.9093702,-0.0022782327,0.00016903027,-0.0023627472,-2.6135573,0.0,1.0
6856704,6394.086870174856,3.0,10.552246,96.0,4.91266,1.0,1.0,1.0,0.0,0.9095389,0.002186237,0.00024946057,0.0020615067,-2.6176805,0.0,1.0
6864896,6386.16250937208,3.0,10.558472,96.0,4.930399,1.0,1.0,1.0,0.0,0.9094896,0.011244922,0.0001741884,0.011157828,-2.6318042,0.0,1.0
6873088,6385.0695214116095,3.0,10.536865,96.0,4.9350133,1.0,1.0,1.0,0.0,0.9096885,0.0022871858,0.0003945158,0.0020899284,-2.6400614,0.0,1.0
6881280,6400.933687983031,3.0,10.667114,456.0,8.339207,1.0,1.0,1.0,0.0,0.90930945,0.09370633,0.0004026516,0.093504995,-2.660032,0.0,1.0
6889472,6364.166131931873,3.0,10.734863,456.0,9.559271,1.0,1.0,1.0,0.0,0.90904856,-6.9003785e-05,0.0005320757,-0.00033504097,-2.6681607,0.0,1.0
6897664,6399.203924030665,3.0,10.784302,456.0,10.345756,1.0,1.0,1.0,0.0,0.9089526,0.042168275,0.00043807548,0.04194924,-2.6700406,0.0,1.0
6905856,6393.950035626632,3.0,10.791626,456.0,10.334135,1.0,1.0,1.0,0.0,0.9088747,0.00843771,0.00040366632,0.008235879,-2.67558,0.0,1.0
6914048,6394.683061200523,3.0,10.944214,500.0,12.35713,0.0,0.9998779,1.0,0.011047868,0.90827525,0.0061367895,0.00095187605,0.005660848,-2.687076,0.00012207031,0.9998779
6922240,6382.716298917735,3.0,10.926392,500.0,12.477014,0.0,0.9998779,1.0,0.011047869,0.9085337,0.0117221875,0.00034453976,0.011549918,-2.6982098,0.00012207031,0.9998779
6930432,6389.1668894338445,3.0,10.938477,500.0,12.460117,0.0,0.9998779,1.0,0.011047868,0.90840876,-0.035866536,0.0006301158,-0.03618159,-2.7083209,0.00012207031,0.9998779
6938624,6398.815422007511,3.0,11.020874,500.0,14.33652,0.0,0.9998779,1.0,0.011047868,0.90844333,0.021354701,0.0003719431,0.021168731,-2.7221131,0.00012207031,0.9998779
6946816,6399.624655803364,3.0,11.018799,500.0,14.296957,0.0,0.9998779,1.0,0.011047868,0.9084201,0.008976132,0.0001726669,0.008889798,-2.720891,0.00012207031,0.9998779
6955008,6400.541399020724,3.0,10.974487,500.0,14.289827,0.0,0.9998779,1.0,0.011047869,0.9088143,-0.0011121798,0.00014226946,-0.0011833145,-2.7250457,0.00012207031,0.9998779
6963200,6382.053582168451,3.0,10.91333,500.0,13.231638,0.0,0.9998779,1.0,0.011047869,0.90886086,0.007768427,0.0003053444,0.0076157534,-2.7306132,0.00012207031,0.9998779
6971392,6370.900554417194,3.0,10.836792,500.0,12.636331,0.0,0.9998779,1.0,0.011047868,0.9092822,-0.006539461,0.00014603944,-0.006612481,-2.7356226,0.00012207031,0.9998779
6979584,6386.090106633276,3.0,10.737427,500.0,11.471071,0.0,0.9998779,1.0,0.011047868,0.90966934,7.5575663e-06,0.00013314317,-5.9014186e-05,-2.7423537,0.00012207031,0.9998779
6987776,6374.566984946,3.0,10.712891,500.0,11.039927,0.0,0.9998779,1.0,0.011047868,0.9096862,0.0027773783,0.00016352064,0.002695618,-2.7447615,0.00012207031,0.9998779
6995968,6390.501360223736,3.0,10.667236,500.0,10.387221,0.0,0.9998779,1.0,0.011047868,0.9098377,-0.0026613297,0.00020771407,-0.0027651868,-2.7420788,0.00012207031,0.9998779
7004160,6398.528246849502,3.0,10.551147,467.0,8.542265,1.0,1.0,1.0,0.0,0.9102726,0.0018369526,0.00016187454,0.0017560162,-2.7451963,0.0,1.0
7012352,6374.16373117743,3.0,10.552246,467.0,8.546259,1.0,1.0,1.0,0.0,0.9102657,0.0007480916,0.0001548627,0.00067066075,-2.749946,0.0,1.0
7020544,6373.1209477696875,3.0,10.441528,83.0,4.7367206,1.0,1.0,1.0,0.0,0.91047966,0.0048740786,0.00014782284,0.004800168,-2.7533586,0.0,1.0
7028736,6382.774396929111,3.0,10.457031,83.0,4.722459,1.0,1.0,1.0,0.0,0.9103317,-0.0011625922,0.00013909143,-0.0012321378,-2.7569008,0.0,1.0
7036928,6387.276056604041,3.0,10.480591,83.0,4.7479553,1.0,1.0,1.0,0.0,0.91012657,1.8420396e-05,0.00015425785,-5.8708247e-05,-2.755467,0.0,1.0
7045120,6363.535546524633,3.0,10.514893,83.0,4.7698264,1.0,1.0,1.0,0.0,0.9098221,-0.0025432284,0.00015678984,-0.0026216232,-2.758286,0.0,1.0
7053312,6384.056379302048,3.0,10.501221,64.0,4.656748,1.0,1.0,1.0,0.0,0.90990555,0.0042295856,0.00014784075,0.004155665,-2.7673492,0.0,1.0
7061504,6389.031453389281,3.0,10.511108,64.0,4.663833,1.0,1.0,1.0,0.0,0.90981823,-0.00058234343,0.00013024594,-0.0006474664,-2.7703962,0.0,1.0
7069696,6389.069469944927,3.0,10.496338,64.0,4.6542816,1.0,1.0,1.0,0.0,0.9099493,-0.005008514,0.00013286211,-0.0050749453,-2.770464,0.0,1.0
7077888,6392.852001744465,3.0,10.467407,64.0,4.6413527,1.0,1.0,1.0,0.0,0.9102086,-0.0019596864,0.00013311044,-0.0020262413,-2.7672255,0.0,1.0
7086080,6359.8299950449955,3.0,10.482178,46.0,4.594911,1.0,1.0,1.0,0.0,0.9100581,-0.0057701003,0.00017347181,-0.005856837,-2.765369,0.0,1.0
7094272,6334.994782808139,3.0,10.515259,500.0,7.1034155,0.0,0.9998779,1.0,0.011047869,0.91019523,0.0034815823,0.00070227607,0.0031304448,-2.7733948,0.00012207031,0.9998779
7102464,6364.292264010487,3.0,10.541748,500.0,7.9542737,0.0,0.9998779,1.0,0.011047868,0.91020656,0.0050416114,0.000184737,0.0049492437,-2.7875724,0.00012207031,0.9998779
7110656,6380.674055380067,3.0,10.532837,500.0,7.956694,0.0,0.9998779,1.0,0.011047868,0.9102898,-0.0027169876,0.00015159714,-0.0027927859,-2.7945623,0.00012207031,0.9998779
7118848,6373.602099075394,3.0,10.512573,500.0,7.9550796,0.0,0.9998779,1.0,0.011047868,0.9104742,0.0015287255,0.00014653658,0.0014554574,-2.7974122,0.00012207031,0.9998779
7127040,6384.810866748391,3.0,10.496216,500.0,7.957129,0.0,0.9998779,1.0,0.011047868,0.9106251,-0.004875442,0.00015746719,-0.004954175,-2.803573,0.00012207031,0.9998779
7135232,6374.248871419142,3.0,10.46582,500.0,7.956704,0.0,0.9998779,1.0,0.011047869,0.9109017,-0.0038198456,0.00018356188,-0.003911627,-2.8100657,0.00012207031,0.9998779
7143424,6397.442933760081,3.0,10.482788,500.0,7.9765863,0.0,0.9998779,1.0,0.011047869,0.91076064,0.0031317174,0.00015165625,0.0030558899,-2.8147461,0.00012207031,0.9998779
7151616,6394.203481629365,3.0,10.474609,500.0,7.981169,0.0,0.9998779,1.0,0.011047868,0.91083866,0.0033609797,0.00016839619,0.0032767812,-2.8204854,0.00012207031,0.9998779
7159808,6371.734645272854,3.0,10.464355,500.0,7.996914,0.0,0.9998779,1.0,0.011047868,0.9109415,-0.0033640182,0.00014861037,-0.0034383233,-2.8222141,0.00012207031,0.9998779
7168000,6349.596821185787,3.0,10.498657,500.0,9.647764,0.0,0.99975586,1.0,0.015623093,0.9110577,-0.026417762,0.00065659126,-0.026746057,-2.8252783,0.00024414062,0.99975586
7176192,6392.626017739486,3.0,10.577637,500.0,10.700414,0.0,0.99975586,1.0,0.015623093,0.9107595,-0.0029847613,0.00033631158,-0.0031529176,-2.8438957,0.00024414062,0.99975586
7184384,6361.817688098589,3.0,10.516357,500.0,8.508138,0.0,0.9998779,1.0,0.011047868,0.9106284,0.006394838,0.00017131292,0.0063091796,-2.84799,0.00012207031,0.9998779
7192576,6386.277644977134,3.0,10.48645,500.0,8.496225,0.0,0.9998779,1.0,0.011047868,0.9108926,-0.0001628414,0.00013012474,-0.00022790395,-2.851646,0.00012207031,0.9998779
7200768,6393.408704182393,3.0,10.52124,500.0,8.50253,0.0,0.9998779,1.0,0.011047868,0.91057914,0.0009863615,0.00015161007,0.00091055676,-2.863115,0.00012207031,0.9998779
7208960,6378.668642905635,3.0,10.50647,500.0,8.500758,0.0,0.9998779,1.0,0.011047869,0.91071236,0.0029939814,0.00015981193,0.0029140739,-2.8706312,0.00012207031,0.9998779
7217152,6395.172235062711,3.0,10.459961,500.0,8.467949,0.0,0.9998779,1.0,0.011047868,0.911114,-0.002087846,0.00014409152,-0.002159892,-2.8760245,0.00012207031,0.9998779
7225344,6385.130035389797,3.0,10.471313,500.0,8.469149,0.0,0.9998779,1.0,0.011047868,0.9110099,0.0061745085,0.00015840508,0.0060953065,-2.8819697,0.00012207031,0.9998779
7233536,6358.138843860981,3.0,10.470093,500.0,8.467025,0.0,0.9998779,1.0,0.011047869,0.9110193,-0.029845798,0.0003354156,-0.030013504,-2.8956225,0.00012207031,0.9998779
7241728,6385.683020161145,3.0,10.590942,500.0,9.82174,0.0,0.9998779,1.0,0.011047869,0.9103862,0.0032401779,0.00018556282,0.0031473963,-2.9117274,0.00012207031,0.9998779
7249920,6370.248556161789,3.0,10.601807,500.0,9.828367,0.0,0.9998779,1.0,0.011047868,0.9102919,0.004125381,0.00017932583,0.004035718,-2.9150891,0.00012207031,0.9998779
7258112,6382.083217723753,3.0,10.529175,409.0,7.08141,1.0,1.0,1.0,0.0,0.91021,-0.0009238952,0.00014638531,-0.0009970886,-2.9283252,0.0,1.0
7266304,6389.501940110051,3.0,10.510864,409.0,6.773064,1.0,1.0,1.0,0.0,0.91026175,0.0020725685,0.00015468025,0.0019952292,-2.9404852,0.0,1.0
7274496,6370.6099734920535,3.0,10.509399,409.0,6.7996697,1.0,1.0,1.0,0.0,0.91029,0.0041026315,0.00017326855,0.004015997,-2.9453573,0.0,1.0
7282688,6402.599961353046,3.0,10.497803,409.0,6.8121233,1.0,1.0,1.0,0.0,0.9104035,0.00067315274,0.00015780488,0.0005942505,-2.9494445,0.0,1.0
7290880,6390.256526861693,3.0,10.48938,409.0,6.806128,1.0,1.0,1.0,0.0,0.9104769,0.022293543,0.00015609893,0.022215495,-2.9496143,0.0,1.0
7299072,6387.575284728894,3.0,10.525757,409.0,6.803971,1.0,1.0,1.0,0.0,0.91014385,-0.005728038,0.00013827073,-0.005797173,-2.9484575,0.0,1.0
7307264,6387.714221602945,3.0,10.55896,409.0,6.8102202,1.0,1.0,1.0,0.0,0.9098454,-0.0013226575,0.00014779401,-0.0013965546,-2.9470267,0.0,1.0
7315456,6380.971480220231,3.0,10.558594,409.0,6.8150783,1.0,1.0,1.0,0.0,0.9098518,0.0049742246,0.0001352881,0.004906581,-2.9520388,0.0,1.0
7323648,6374.632030654867,3.0,10.447632,81.0,4.6855664,1.0,1.0,1.0,0.0,0.91040516,0.0014052509,0.00019389401,0.0013083045,-2.960472,0.0,1.0
7331840,6382.086774008883,3.0,10.421265,81.0,4.6707673,1.0,1.0,1.0,0.0,0.91064024,0.010586424,0.0001280448,0.010522402,-2.9615016,0.0,1.0
7340032,6382.195835344038,3.0,10.431885,81.0,4.638599,1.0,1.0,1.0,0.0,0.91053057,0.0008642096,0.00012483579,0.0008017906,-2.9608579,0.0,1.0
7348224,6384.6483284395135,3.0,10.412598,81.0,4.637644,1.0,1.0,1.0,0.0,0.91070664,0.030312903,0.0002466934,0.030189559,-2.9656444,0.0,1.0
7356416,6400.559283489561,3.0,10.465088,500.0,7.1246233,0.0,0.9998779,1.0,0.011047869,0.910662,0.073364034,0.00053619535,0.07309594,-2.9625614,0.00012207031,0.9998779
7364608,6420.925193596293,3.0,10.476318,500.0,7.265065,0.0,0.9998779,1.0,0.011047869,0.910622,0.014251731,0.0006438996,0.013929783,-2.9655569,0.00012207031,0.9998779
7372800,6402.4544111402065,3.0,10.781128,500.0,14.107648,0.0,0.9992676,1.0,0.02705338,0.9100154,-0.023621,0.0008910474,-0.024066526,-2.9686735,0.0007324219,0.9992676
7380992,6382.991384567942,3.0,10.868164,500.0,14.842712,0.0,0.9992676,1.0,0.02705338,0.90960544,0.010525043,0.00036030266,0.010344891,-2.9913378,0.0007324219,0.9992676
7389184,6375.746292352832,3.0,10.86792,500.0,14.840777,0.0,0.9992676,1.0,0.02705338,0.909605,-0.0005393409,0.00016213197,-0.0006204068,-2.99412,0.0007324219,0.9992676
7397376,6400.0335218278005,3.0,10.851807,500.0,14.836586,0.0,0.9992676,1.0,0.027053379,0.9097464,0.0032127262,0.00015694097,0.0031342562,-2.9872918,0.0007324219,0.9992676
7405568,6375.385474957774,3.0,10.861572,500.0,14.842908,0.0,0.9992676,1.0,0.027053379,0.90966564,-0.005635894,0.00016374556,-0.005717767,-2.9866807,0.0007324219,0.9992676
7413760,6379.577022653241,3.0,10.863159,500.0,14.824757,0.0,0.9992676,1.0,0.02705338,0.9096314,0.0010779815,0.00014846394,0.0010037491,-2.9925625,0.0007324219,0.9992676
7421952,6381.357818420758,3.0,10.853149,500.0,14.831922,0.0,0.9992676,1.0,0.02705338,0.90973216,0.005446401,0.00013659161,0.0053781057,-3.0039687,0.0007324219,0.9992676
7430144,6385.711502657078,3.0,10.835815,500.0,14.85148,0.0,0.9992676,1.0,0.02705338,0.9099133,0.0019004662,0.00019737385,0.0018017793,-3.01499,0.0007324219,0.9992676
7438336,6392.984031372747,3.0,10.857666,500.0,14.845683,0.0,0.9992676,1.0,0.02705338,0.90970635,-0.017555624,0.000294208,-0.017702727,-3.0250068,0.0007324219,0.9992676
7446528,6371.63775665462,3.0,10.776367,500.0,13.971137,0.0,0.99938965,1.0,0.024697753,0.9100923,0.0018774313,0.00017131917,0.0017917713,-3.0314233,0.00061035156,0.99938965
7454720,6383.248705970389,3.0,10.554565,500.0,8.834937,0.0,0.9998779,1.0,0.011047869,0.9103693,0.0017167269,0.00014873414,0.00164236,-3.036923,0.00012207031,0.9998779
7462912,6382.702070994541,3.0,10.418091,239.0,5.2709665,1.0,1.0,1.0,0.0,0.9108099,0.0007618563,0.00016438059,0.0006796669,-3.0405934,0.0,1.0
7471104,6391.677059359711,3.0,10.388184,239.0,5.251576,1.0,1.0,1.0,0.0,0.91107464,0.005511409,0.00015229636,0.0054352605,-3.042624,0.0,1.0
7479296,6394.0880600661785,3.0,10.372192,239.0,5.250258,1.0,1.0,1.0,0.0,0.9112202,0.0049040318,0.00017714378,0.004815459,-3.0481215,0.0,1.0
7487488,6392.959052376148,3.0,10.369507,239.0,5.2311616,1.0,1.0,1.0,0.0,0.9112357,0.0006404704,0.00015980228,0.0005605703,-3.0491505,0.0,1.0
7495680,6378.428267567821,3.0,10.373779,239.0,5.244294,1.0,1.0,1.0,0.0,0.9112022,-0.0017585419,0.00014295185,-0.0018300179,-3.0545495,0.0,1.0
7503872,6340.078489145578,3.0,10.369019,239.0,5.2322693,1.0,1.0,1.0,0.0,0.9112399,-0.033067334,0.00040533682,-0.033270005,-3.0699253,0.0,1.0
7512064,6385.617748732949,3.0,10.459351,470.0,7.706155,1.0,1.0,1.0,0.0,0.9109696,0.007127538,0.00017793878,0.0070385705,-3.0854654,0.0,1.0
7520256,6382.263407823979,3.0,10.439819,470.0,7.697214,1.0,1.0,1.0,0.0,0.91114503,0.011625647,0.00016462523,0.0115433335,-3.0874414,0.0,1.0
7528448,6375.072011031408,3.0,10.41272,470.0,7.2529087,1.0,1.0,1.0,0.0,0.9112257,-0.020961845,0.000292785,-0.021108236,-3.0910902,0.0,1.0
7536640,6386.663438861545,3.0,10.459473,470.0,7.642818,1.0,1.0,1.0,0.0,0.9109452,0.0047958293,0.00017165275,0.004710003,-3.0939088,0.0,1.0
7544832,6390.262469196878,3.0,10.50769,470.0,8.194203,1.0,1.0,1.0,0.0,0.91069937,-0.017451229,0.0003782686,-0.017640363,-3.096775,0.0,1.0
7553024,6375.008139143962,3.0,10.495728,470.0,8.190958,1.0,1.0,1.0,0.0,0.9108063,0.009784392,0.00019574937,0.009686519,-3.1117377,0.0,1.0
7561216,6390.084203948641,3.0,10.48938,470.0,8.197521,1.0,1.0,1.0,0.0,0.9108689,0.007831165,0.00015872922,0.0077518006,-3.1198816,0.0,1.0
7569408,6374.239411279967,3.0,10.520264,470.0,8.196014,1.0,1.0,1.0,0.0,0.9105856,0.004168082,0.00017459404,0.004080784,-3.1211739,0.0,1.0
7577600,6363.343449076938,3.0,10.526855,470.0,8.181714,1.0,1.0,1.0,0.0,0.91051596,0.005033399,0.00014828566,0.0049592564,-3.124904,0.0,1.0
7585792,6376.1071505914,3.0,10.559692,470.0,8.187909,1.0,1.0,1.0,0.0,0.9102204,-0.0021051427,0.00015659313,-0.0021834392,-3.1306944,0.0,1.0
7593984,6387.854352093554,3.0,10.485962,278.0,5.9390655,1.0,1.0,1.0,0.0,0.9103489,0.0016687098,0.00016397859,0.0015867214,-3.1363428,0.0,1.0
7602176,6374.846099542236,3.0,10.489136,278.0,5.933624,1.0,1.0,1.0,0.0,0.91031706,-0.012698473,0.00024600798,-0.012821476,-3.1469078,0.0,1.0
7610368,6374.629665333105,3.0,10.506348,278.0,6.0373354,1.0,1.0,1.0,0.0,0.91019565,0.00010753446,0.00013419494,4.043628e-05,-3.1547878,0.0,1.0
7618560,6373.357376679419,3.0,10.508911,278.0,5.591866,1.0,1.0,1.0,0.0,0.9100534,0.0029466038,0.00015759046,0.0028678095,-3.1591573,0.0,1.0
7626752,6367.758726082731,3.0,10.542847,278.0,5.6219497,1.0,1.0,1.0,0.0,0.909758,0.0047898,0.00015783902,0.00471088,-3.167405,0.0,1.0
7634944,6389.202531452558,3.0,10.506348,125.0,4.780097,1.0,1.0,1.0,0.0,0.9098954,0.004323857,0.00013576246,0.004255975,-3.1726756,0.0,1.0
7643136,6393.779893009439,3.0,10.494141,125.0,4.7697687,1.0,1.0,1.0,0.0,0.91000295,0.0024040816,0.00015309374,0.0023275341,-3.17612,0.0,1.0
7651328,6372.603229725193,3.0,10.50769,125.0,4.805082,1.0,1.0,1.0,0.0,0.90989393,0.0016335056,0.0001608115,0.0015531011,-3.1816642,0.0,1.0
7659520,6378.030444746642,3.0,10.47876,125.0,4.8010254,1.0,1.0,1.0,0.0,0.91015685,0.0022529187,0.00014236016,0.0021817388,-3.1860132,0.0,1.0
7667712,6377.266906057281,3.0,10.463501,125.0,4.8074126,1.0,1.0,1.0,0.0,0.9102993,0.0043274947,0.0001445741,0.004255209,-3.1923845,0.0,1.0
7675904,6370.682025640151,3.0,10.432739,125.0,4.7885833,1.0,1.0,1.0,0.0,0.91057265,0.00058479817,0.00012630239,0.00052164705,-3.1966915,0.0,1.0
7684096,6376.5627185000785,3.0,10.454834,125.0,4.7912135,1.0,1.0,1.0,0.0,0.91037154,0.00430962,0.0001338873,0.0042426763,-3.2015119,0.0,1.0
7692288,6377.394741653224,3.0,10.470093,41.0,4.6535316,1.0,1.0,1.0,0.0,0.9101933,0.0013243335,0.0001314248,0.0012586209,-3.1994224,0.0,1.0
7700480,6388.660815679782,3.0,10.435059,41.0,4.66745,1.0,1.0,1.0,0.0,0.9105192,0.0017898052,0.0001488619,0.0017153752,-3.2040963,0.0,1.0
7708672,6364.473808675718,3.0,10.371094,41.0,4.6204824,1.0,1.0,1.0,0.0,0.91108537,-0.0006342765,0.00011694818,-0.0006927509,-3.2212033,0.0,1.0
7716864,6369.440830391584,3.0,10.367798,41.0,4.6240606,1.0,1.0,1.0,0.0,0.91111696,0.0030565052,0.00014059471,0.0029862085,-3.2264316,0.0,1.0
7725056,6394.923473065461,3.0,10.419067,41.0,4.6412606,1.0,1.0,1.0,0.0,0.91065496,-0.0009227849,0.00013425469,-0.0009899121,-3.2274797,0.0,1.0
7733248,6378.303942605223,3.0,10.41394,36.0,4.6034036,1.0,1.0,1.0,0.0,0.9106866,0.0070843627,0.00015580544,0.007006461,-3.2315793,0.0,1.0
7741440,6388.96254953529,3.0,10.40332,36.0,4.5985494,1.0,1.0,1.0,0.0,0.9107814,0.004370006,0.00013142092,0.004304295,-3.229972,0.0,1.0
7749632,6383.493002627731,3.0,10.394409,36.0,4.6069994,1.0,1.0,1.0,0.0,0.910866,0.0055887653,0.00014104845,0.005518241,-3.2250776,0.0,1.0
7757824,6389.282133396805,3.0,10.402222,55.0,4.633065,1.0,1.0,1.0,0.0,0.9108043,-0.006361263,0.00020407318,-0.006463299,-3.231618,0.0,1.0
7766016,6398.6628942326115,3.0,10.4053955,77.0,4.6634893,1.0,1.0,1.0,0.0,0.91078365,0.005670412,0.00014662501,0.0055970987,-3.2427177,0.0,1.0
7774208,6385.406515803165,3.0,10.406372,77.0,4.6658373,1.0,1.0,1.0,0.0,0.9107758,0.0003692815,0.00013021851,0.00030417286,-3.246003,0.0,1.0
7782400,6381.3234490164405,3.0,10.429077,136.0,4.833972,1.0,1.0,1.0,0.0,0.9106146,-0.0076530427,0.00021690274,-0.0077614943,-3.2509508,0.0,1.0
7790592,6370.20840121198,3.0,10.421265,136.0,4.8311987,1.0,1.0,1.0,0.0,0.9106848,-0.0026948182,0.00014204692,-0.0027658418,-3.2523427,0.0,1.0
7798784,6387.448228092382,3.0,10.4227295,136.0,4.8416214,1.0,1.0,1.0,0.0,0.9106755,0.0028791171,0.00017171564,0.0027932595,-3.2447064,0.0,1.0
7806976,6383.822714170894,3.0,10.422485,136.0,4.9529376,1.0,1.0,1.0,0.0,0.9107127,-0.0030473485,0.00026844064,-0.0031815686,-3.244688,0.0,1.0
7815168,6385.433809159562,3.0,10.449707,136.0,4.9885035,1.0,1.0,1.0,0.0,0.91047907,0.005703131,0.00018935018,0.005608455,-3.2522368,0.0,1.0
7823360,6387.074212195985,3.0,10.490234,136.0,5.0156636,1.0,1.0,1.0,0.0,0.9101211,0.0023400001,0.0001640323,0.0022579853,-3.2520418,0.0,1.0
7831552,6381.57708023167,3.0,10.515381,136.0,5.03096,1.0,1.0,1.0,0.0,0.9098984,0.010889268,0.00016440691,0.010807065,-3.2533445,0.0,1.0
7839744,6383.914043175728,3.0,10.525269,136.0,5.0557294,1.0,1.0,1.0,0.0,0.90981907,-0.0014058135,0.00014799942,-0.0014798134,-3.2544744,0.0,1.0
7847936,6391.004159392411,3.0,10.529541,136.0,5.0089135,1.0,1.0,1.0,0.0,0.9097642,0.0035344535,0.00016576036,0.0034515741,-3.2591953,0.0,1.0
7856128,6366.392449208364,3.0,10.551025,136.0,5.041704,1.0,1.0,1.0,0.0,0.90958273,-0.00594751,0.0002880127,-0.0060915165,-3.2654884,0.0,1.0
7864320,6387.52897378063,3.0,10.530029,184.0,5.2014666,1.0,1.0,1.0,0.0,0.9098108,0.0047593014,0.00017766672,0.004670468,-3.2718005,0.0,1.0
7872512,6363.845519622315,3.0,10.520996,184.0,5.1932898,1.0,1.0,1.0,0.0,0.90988946,0.0032524327,0.00013898444,0.0031829402,-3.2707431,0.0,1.0
7880704,6371.646027519193,3.0,10.521118,184.0,5.2233367,1.0,1.0,1.0,0.0,0.9099024,0.0017829924,0.0001514224,0.0017072817,-3.2678025,0.0,1.0
7888896,6380.7581846939,3.0,10.534912,184.0,5.1452065,1.0,1.0,1.0,0.0,0.9097517,-0.009614798,0.0002607249,-0.00974516,-3.2752986,0.0,1.0
7897088,6381.099464380993,3.0,10.560059,442.0,7.0075507,1.0,1.0,1.0,0.0,0.9098896,-0.0117292,0.00024439543,-0.011851396,-3.2874978,0.0,1.0
7905280,6399.530492896113,3.0,10.502808,442.0,6.9724793,1.0,1.0,1.0,0.0,0.910391,0.001828877,0.00014344574,0.0017571533,-3.293031,0.0,1.0
7913472,6392.484488525719,3.0,10.477051,442.0,6.9710417,1.0,1.0,1.0,0.0,0.9106256,0.010576315,0.00015293853,0.010499846,-3.2996354,0.0,1.0
7921664,6392.200259708367,3.0,10.488037,442.0,6.972733,1.0,1.0,1.0,0.0,0.91052634,0.010177093,0.00017238736,0.010090901,-3.308431,0.0,1.0
7929856,6393.292121714621,3.0,10.481689,442.0,6.970425,1.0,1.0,1.0,0.0,0.9105831,0.005318303,0.00013515337,0.005250726,-3.3120954,0.0,1.0
7938048,6390.348040048966,3.0,10.447998,442.0,6.9456935,1.0,1.0,1.0,0.0,0.91087586,0.010865465,0.00013963031,0.01079565,-3.3131263,0.0,1.0
7946240,6378.335911418422,3.0,10.418579,442.0,6.669401,1.0,1.0,1.0,0.0,0.9110389,0.0019344208,0.00012069387,0.0018740748,-3.3179362,0.0,1.0
7954432,6360.412750244163,3.0,10.420898,442.0,6.676509,1.0,1.0,1.0,0.0,0.91102207,-0.0006978875,0.00013433136,-0.0007650531,-3.314565,0.0,1.0
7962624,6392.752091056107,3.0,10.448486,442.0,6.6745663,1.0,1.0,1.0,0.0,0.9107685,0.00045035488,0.00013235511,0.00038417755,-3.317735,0.0,1.0
7970816,6392.463081291131,3.0,10.436523,442.0,6.6546636,1.0,1.0,1.0,0.0,0.91086596,-0.03048981,0.00039714537,-0.030688383,-3.3286874,0.0,1.0
7979008,6366.869045699867,3.0,10.419922,500.0,7.1002984,1.0,1.0,1.0,0.0,0.91106725,-0.013597807,0.00036295087,-0.013779282,-3.3419142,0.0,1.0
7987200,6382.393814900625,3.0,10.479492,500.0,7.5833306,1.0,1.0,1.0,0.0,0.9106959,0.009842921,0.00017640225,0.009754723,-3.3471048,0.0,1.0
7995392,6392.891253226472,3.0,10.491699,500.0,7.600943,1.0,1.0,1.0,0.0,0.91059613,0.0053947405,0.0001640858,0.005312697,-3.3496838,0.0,1.0
8003584,6379.439623974102,3.0,10.503418,500.0,7.8601975,1.0,1.0,1.0,0.0,0.91059554,-0.0069668214,0.00024308133,-0.0070883622,-3.3494143,0.0,1.0
8011776,6399.174129260577,3.0,10.480225,500.0,7.852078,1.0,1.0,1.0,0.0,0.91080195,-0.018941753,0.00043552028,-0.01915951,-3.3551679,0.0,1.0
8019968,6385.960735335225,3.0,10.561401,500.0,8.913506,1.0,1.0,1.0,0.0,0.9104412,0.0006700887,0.00016984146,0.00058516813,-3.3682961,0.0,1.0
8028160,6383.6792024427605,3.0,10.532227,500.0,8.908754,1.0,1.0,1.0,0.0,0.9107038,0.0016289566,0.00015518215,0.0015513651,-3.379665,0.0,1.0
8036352,6379.132867247118,3.0,10.556152,500.0,8.914184,1.0,1.0,1.0,0.0,0.9104893,0.006561958,0.00017036907,0.006476772,-3.386337,0.0,1.0
8044544,6383.672086326631,3.0,10.542603,500.0,8.917585,1.0,1.0,1.0,0.0,0.91061586,-0.017463485,0.00056129514,-0.017744131,-3.3868222,0.0,1.0
8052736,6376.8041367140795,3.0,10.592163,500.0,10.101683,1.0,1.0,1.0,0.0,0.91054034,0.007809212,0.00022269989,0.0076978607,-3.4014785,0.0,1.0
8060928,6378.660353799286,3.0,10.562744,438.0,8.542343,1.0,1.0,1.0,0.0,0.9103808,0.008398873,0.0001808306,0.008308459,-3.401054,0.0,1.0
8069120,6395.894825819434,3.0,10.553345,438.0,8.135605,1.0,1.0,1.0,0.0,0.9103069,0.010866011,0.00018031162,0.010775856,-3.393555,0.0,1.0
8077312,6366.518669550522,3.0,10.567139,438.0,8.147887,1.0,1.0,1.0,0.0,0.91018903,0.0040750485,0.00020465287,0.0039727218,-3.3946464,0.0,1.0
8085504,6392.146746649725,3.0,10.510864,438.0,7.8666644,1.0,1.0,1.0,0.0,0.91057414,0.016125843,0.00017045886,0.016040614,-3.3987496,0.0,1.0
8093696,6391.731753568961,3.0,10.543701,438.0,7.8674197,1.0,1.0,1.0,0.0,0.91027474,0.006051264,0.00015233847,0.0059750965,-3.4014542,0.0,1.0
8101888,6387.156135741114,3.0,10.4729,438.0,6.63485,1.0,1.0,1.0,0.0,0.910537,0.00900756,0.00012680785,0.008944157,-3.4030643,0.0,1.0
8110080,6381.862735785713,3.0,10.452759,438.0,6.634682,1.0,1.0,1.0,0.0,0.9107214,0.0025103344,0.0001393225,0.0024406738,-3.4036489,0.0,1.0
8118272,6372.538225412637,3.0,10.457031,438.0,6.64214,1.0,1.0,1.0,0.0,0.91068685,0.0019302068,0.00013893876,0.0018607371,-3.4047375,0.0,1.0
8126464,6393.37182559508,3.0,10.478394,438.0,6.6361947,1.0,1.0,1.0,0.0,0.910488,0.0071031493,0.00014924508,0.0070285243,-3.4034407,0.0,1.0
8134656,6364.902955423296,3.0,10.449463,53.0,4.677086,1.0,1.0,1.0,0.0,0.91039145,0.0016926528,0.00015381505,0.001615747,-3.4057426,0.0,1.0
8142848,6389.215600292388,3.0,10.399292,53.0,4.6373477,1.0,1.0,1.0,0.0,0.9108341,0.0071481513,0.00013039961,0.00708295,-3.4096658,0.0,1.0
8151040,6385.2546266037825,3.0,10.377808,53.0,4.6354623,1.0,1.0,1.0,0.0,0.9110296,0.0035384605,0.00014115158,0.0034678846,-3.4089043,0.0,1.0
8159232,6373.667125094372,3.0,10.36084,53.0,4.6357217,1.0,1.0,1.0,0.0,0.91118526,0.0063955626,0.00014287092,0.0063241255,-3.4126496,0.0,1.0
8167424,6377.721455906055,3.0,10.347168,38.0,4.599893,1.0,1.0,1.0,0.0,0.9112967,0.0009382223,0.00016461412,0.000855915,-3.4189866,0.0,1.0
8175616,6375.250622547222,3.0,10.368042,38.0,4.6177015,1.0,1.0,1.0,0.0,0.9111132,0.003794137,0.00016112276,0.0037135757,-3.4205353,0.0,1.0
8183808,6390.155508854413,3.0,10.371826,38.0,4.627367,1.0,1.0,1.0,0.0,0.9110825,0.0023766272,0.00014686587,0.0023031936,-3.4265013,0.0,1.0
8192000,6387.584784493592,3.0,10.4071045,60.0,4.6888194,1.0,1.0,1.0,0.0,0.9107833,0.011044636,0.0002070216,0.010941126,-3.4313605,0.0,1.0
8200192,6385.284291895199,3.0,10.427612,60.0,4.698205,1.0,1.0,1.0,0.0,0.9105996,0.0077070203,0.0001506818,0.0076316786,-3.4300463,0.0,1.0
8208384,6379.023910568226,3.0,10.41748,60.0,4.678745,1.0,1.0,1.0,0.0,0.9106841,0.0050339373,0.00013791397,0.0049649803,-3.4233968,0.0,1.0
8216576,6367.4530916573685,3.0,10.398071,60.0,4.672383,1.0,1.0,1.0,0.0,0.9108585,-0.014700942,0.00044168637,-0.014921784,-3.4264748,0.0,1.0
8224768,6384.021980823262,3.0,10.435425,242.0,5.335381,1.0,1.0,1.0,0.0,0.91067934,0.008613127,0.00019927527,0.00851349,-3.430731,0.0,1.0
8232960,6374.732558452346,3.0,10.464478,242.0,5.3356304,1.0,1.0,1.0,0.0,0.91041374,0.0036224008,0.00018432099,0.0035302406,-3.4345157,0.0,1.0
8241152,6371.284492627908,3.0,10.484253,242.0,5.3305755,1.0,1.0,1.0,0.0,0.91023064,0.009400135,0.00016535303,0.00931746,-3.4368038,0.0,1.0
8249344,6383.297326630201,3.0,10.5008545,242.0,5.326498,1.0,1.0,1.0,0.0,0.9100765,0.0023382204,0.00014019839,0.002268121,-3.4347382,0.0,1.0
8257536,6390.435990257301,3.0,10.471924,242.0,5.3019376,1.0,1.0,1.0,0.0,0.91032934,0.0042423513,0.00015488664,0.004164908,-3.4372206,0.0,1.0
8265728,6394.79374362563,3.0,10.451904,242.0,5.2910767,1.0,1.0,1.0,0.0,0.9105073,0.009461868,0.00015099069,0.009386374,-3.439324,0.0,1.0
8273920,6373.657666681877,3.0,10.487549,242.0,5.2906113,1.0,1.0,1.0,0.0,0.9101812,0.0010990642,0.00014551432,0.0010263079,-3.4394727,0.0,1.0
8282112,6397.122533011712,3.0,10.480225,242.0,5.2617846,1.0,1.0,1.0,0.0,0.9102363,0.013570016,0.00014110151,0.013499466,-3.4380202,0.0,1.0
8290304,6403.364805228883,3.0,10.433594,242.0,5.2463927,1.0,1.0,1.0,0.0,0.91065544,-0.00911311,0.0002084884,-0.009217354,-3.4410973,0.0,1.0
8298496,6399.6866379634685,3.0,10.445068,242.0,5.443931,1.0,1.0,1.0,0.0,0.9106207,0.001485653,0.00016209306,0.001404606,-3.4455533,0.0,1.0
8306688,6381.994311883527,3.0,10.431152,134.0,4.7921033,1.0,1.0,1.0,0.0,0.91058385,0.003421499,0.00014790035,0.0033475496,-3.4418747,0.0,1.0
8314880,6404.300525768,3.0,10.415039,134.0,4.7653546,1.0,1.0,1.0,0.0,0.9107199,0.0037657444,0.0001344938,0.003698498,-3.4446404,0.0,1.0
8323072,6397.5584764757605,3.0,10.4123535,134.0,4.781468,1.0,1.0,1.0,0.0,0.9107511,0.0048139524,0.0001687993,0.0047295517,-3.444828,0.0,1.0
8331264,6390.065189575857,3.0,10.401855,134.0,4.7765894,1.0,1.0,1.0,0.0,0.91084516,-0.0023732283,0.00021703205,-0.0024817449,-3.4455528,0.0,1.0
8339456,6397.083229553707,3.0,10.424072,134.0,4.874609,1.0,1.0,1.0,0.0,0.91067797,0.0115067605,0.00016279383,0.011425361,-3.4488578,0.0,1.0
8347648,6403.246666083985,3.0,10.46814,134.0,4.8967323,1.0,1.0,1.0,0.0,0.9102844,0.0042076446,0.00016188354,0.0041267024,-3.4427967,0.0,1.0
8355840,6385.11223704185,3.0,10.488281,134.0,4.895251,1.0,1.0,1.0,0.0,0.910099,0.006260611,0.00015762643,0.006181798,-3.434648,0.0,1.0
8364032,6415.947067660188,3.0,10.444946,134.0,4.895479,1.0,1.0,1.0,0.0,0.9104954,0.008181349,0.00012931578,0.008116694,-3.4312468,0.0,1.0
8372224,6406.140539040933,3.0,10.453857,134.0,4.8860874,1.0,1.0,1.0,0.0,0.91041005,0.010032982,0.00013069875,0.009967633,-3.4302554,0.0,1.0
8380416,6403.5987097284005,3.0,10.43103,88.0,4.6791205,1.0,1.0,1.0,0.0,0.91055447,0.0019034969,0.00013332258,0.0018368346,-3.42345,0.0,1.0
8388608,6369.17517589512,3.0,10.434082,88.0,4.7067623,1.0,1.0,1.0,0.0,0.9105382,0.004709065,0.00014336854,0.00463738,-3.4163458,0.0,1.0
8396800,6395.46148985234,3.0,10.442993,88.0,4.7242227,1.0,1.0,1.0,0.0,0.9104639,0.005017177,0.0001407023,0.0049468265,-3.4224195,0.0,1.0
8404992,6378.650880561266,3.0,10.42981,88.0,4.723761,1.0,1.0,1.0,0.0,0.9105842,0.0024996302,0.00016388307,0.0024176883,-3.426406,0.0,1.0
8413184,6404.1393809297215,3.0,10.414673,88.0,4.72085,1.0,1.0,1.0,0.0,0.9107214,0.007199587,0.00013980913,0.007129683,-3.4280522,0.0,1.0
8421376,6382.76965419466,3.0,10.394287,36.0,4.6085596,1.0,1.0,1.0,0.0,0.9108673,0.0035496,0.00013325844,0.0034829713,-3.425057,0.0,1.0
8429568,6408.8756456021465,3.0,10.359375,36.0,4.592581,1.0,1.0,1.0,0.0,0.9111807,-0.00080376316,0.000120482095,-0.0008640046,-3.4220738,0.0,1.0
8437760,6381.298561058219,3.0,10.3532715,36.0,4.6149282,1.0,1.0,1.0,0.0,0.91124594,0.0044794637,0.0001396277,0.0044096494,-3.416498,0.0,1.0
8445952,6372.017056958774,3.0,10.319946,36.0,4.584419,1.0,1.0,1.0,0.0,0.91153896,0.0020426435,0.0001331596,0.001976064,-3.4144127,0.0,1.0
8454144,6382.562166461684,3.0,10.354492,36.0,4.5935984,1.0,1.0,1.0,0.0,0.9112264,0.006626714,0.00014261156,0.0065554064,-3.4191556,0.0,1.0
8462336,6408.325808031506,3.0,10.3671875,36.0,4.601523,1.0,1.0,1.0,0.0,0.9111136,-3.1376956e-05,0.00014055755,-0.000101655954,-3.4181201,0.0,1.0
8470528,6381.062727661375,3.0,10.35144,32.0,4.564308,1.0,1.0,1.0,0.0,0.9112427,-0.00019969966,0.0001317984,-0.000265599,-3.413651,0.0,1.0
8478720,6397.687126884083,3.0,10.409912,500.0,7.056496,0.0,0.9998779,1.0,0.011047869,0.91112995,-0.018285517,0.0007423053,-0.018656671,-3.4119139,0.00012207031,0.9998779
8486912,6391.710351375605,3.0,10.475952,500.0,7.193334,0.0,0.9998779,1.0,0.011047869,0.91059035,0.04418524,0.00085043104,0.043760028,-3.4149237,0.00012207031,0.9998779
8495104,6392.872222144699,3.0,10.815308,500.0,12.901177,0.0,0.9996338,1.0,0.019133134,0.9093236,0.08795913,0.0014465082,0.087235875,-3.410044,0.00036621094,0.9996338
8503296,6409.032247041349,3.0,10.923706,500.0,13.391224,0.0,0.9996338,1.0,0.019133134,0.90867394,0.029624574,0.0012596868,0.028994724,-3.4120288,0.00036621094,0.9996338
8511488,6393.854849829797,3.0,11.075317,500.0,14.925655,0.0,0.9996338,1.0,0.019133132,0.9081284,0.035730984,0.0008112965,0.03532534,-3.4097013,0.00036621094,0.9996338
8519680,6414.297789215908,3.0,11.258667,500.0,16.427095,0.0,0.9995117,1.0,0.022091692,0.90726435,0.037196722,0.0018197955,0.036286823,-3.4054644,0.00048828125,0.9995117
8527872,6409.71851458306,3.0,11.472534,500.0,18.675352,0.0,0.9992676,1.0,0.02705338,0.9065381,0.0633731,0.0013054808,0.06272036,-3.397388,0.0007324219,0.9992676
8536064,6389.9130786671985,3.0,11.58313,500.0,19.563965,0.0,0.9992676,1.0,0.02705338,0.90614784,0.019868236,0.0004470962,0.019644687,-3.393699,0.0007324219,0.9992676
8544256,6371.584587323639,3.0,11.610962,500.0,19.571463,0.0,0.9992676,1.0,0.02705338,0.9059093,0.03240381,0.0005016868,0.032152973,-3.3874953,0.0007324219,0.9992676
8552448,6396.915302036863,3.0,11.660522,500.0,19.651564,0.0,0.9992676,1.0,0.02705338,0.90556026,0.008449622,0.0004312505,0.008233996,-3.3790405,0.0007324219,0.9992676
8560640,6400.503245821246,3.0,11.699707,500.0,19.735277,0.0,0.9992676,1.0,0.02705338,0.90529704,0.0064908583,0.00035170084,0.0063150073,-3.3788536,0.0007324219,0.9992676
8568832,6398.151740884054,3.0,11.745483,500.0,19.738737,0.0,0.9992676,1.0,0.02705338,0.9048897,-0.001731937,0.00030227192,-0.001883073,-3.3804948,0.0007324219,0.9992676
8577024,6389.130059765597,3.0,11.7323,500.0,19.077505,0.0,0.99938965,1.0,0.024697753,0.90468,0.011125905,0.00021780898,0.011017004,-3.378172,0.00061035156,0.99938965
8585216,6387.64415866315,3.0,11.515991,500.0,17.503828,0.0,0.99938965,1.0,0.024697753,0.9056368,0.003556013,0.0001844668,0.0034637803,-3.3774579,0.00061035156,0.99938965
8593408,6377.350945547848,3.0,11.351318,500.0,15.487579,0.0,0.9996338,1.0,0.019133134,0.90605116,0.0033404096,0.00017310507,0.003253856,-3.3770323,0.00036621094,0.9996338
8601600,6410.860626903355,3.0,11.122314,500.0,13.850782,0.0,0.9996338,1.0,0.019133132,0.9071785,-0.00071440043,0.00015921,-0.00079400546,-3.3750694,0.00036621094,0.9996338
8609792,6365.448904285966,3.0,10.953857,500.0,10.765333,0.0,0.9998779,1.0,0.011047869,0.90749085,0.0016538528,0.00015588787,0.0015759091,-3.3762877,0.00012207031,0.9998779
8617984,6383.918787611015,3.0,10.739624,178.0,5.6542387,1.0,1.0,1.0,0.0,0.90804315,-0.0032322211,0.00016338244,-0.0033139125,-3.381099,0.0,1.0
8626176,6365.234286866028,3.0,10.787231,178.0,5.693272,1.0,1.0,1.0,0.0,0.90762883,0.0047939774,0.00017656613,0.004705695,-3.3809571,0.0,1.0
8634368,6382.533712053031,3.0,10.744141,178.0,5.4222097,1.0,1.0,1.0,0.0,0.9079279,0.0025818045,0.00014594424,0.0025088314,-3.3721056,0.0,1.0
8642560,6387.048092087212,3.0,10.729004,178.0,5.3807015,1.0,1.0,1.0,0.0,0.9080465,6.396067e-05,0.00017943075,-2.5754562e-05,-3.374137,0.0,1.0
8650752,6399.107389982378,3.0,10.7146,175.0,5.1065874,1.0,1.0,1.0,0.0,0.90810406,-0.0015524602,0.00015631646,-0.0016306185,-3.3717265,0.0,1.0
8658944,6390.859135910578,3.0,10.667725,63.0,4.7808104,1.0,1.0,1.0,0.0,0.9084418,0.0101319505,0.00015061781,0.010056642,-3.366217,0.0,1.0
8667136,6395.749580299005,3.0,10.667236,63.0,4.8086286,1.0,1.0,1.0,0.0,0.9084582,0.0034223776,0.00015952073,0.0033426175,-3.3721013,0.0,1.0
8675328,6385.7221836585595,3.0,10.644165,63.0,4.7835183,1.0,1.0,1.0,0.0,0.90865815,0.000900296,0.00012649698,0.00083704677,-3.3830595,0.0,1.0
8683520,6391.5557842346125,3.0,10.663574,63.0,4.805505,1.0,1.0,1.0,0.0,0.90849006,-0.003213236,0.0001415776,-0.0032840248,-3.391611,0.0,1.0
8691712,6388.887707377789,3.0,10.702148,63.0,4.824549,1.0,1.0,1.0,0.0,0.9081461,0.00030675693,0.0001568971,0.00022830907,-3.402061,0.0,1.0
8699904,6370.197772045298,3.0,10.674927,63.0,4.7978334,1.0,1.0,1.0,0.0,0.9083829,-0.0013520522,0.00013742597,-0.001420765,-3.415313,0.0,1.0
8708096,6404.610901640383,3.0,10.666748,63.0,4.795249,1.0,1.0,1.0,0.0,0.9084564,-3.9314735e-05,0.00015354763,-0.00011608796,-3.425654,0.0,1.0
8716288,6389.2785690882265,3.0,10.654419,63.0,4.761123,1.0,1.0,1.0,0.0,0.90855455,0.0061396887,0.00014030434,0.0060695373,-3.427722,0.0,1.0
8724480,6400.466285343007,3.0,10.678711,63.0,4.7684464,1.0,1.0,1.0,0.0,0.9083359,0.002240474,0.00013447934,0.0021732338,-3.4255013,0.0,1.0
8732672,6388.017053681318,3.0,10.716675,34.0,4.760953,1.0,1.0,1.0,0.0,0.9079885,-0.0014197631,0.00016654732,-0.0015030367,-3.4189143,0.0,1.0
8740864,6387.096770643669,3.0,10.71106,34.0,4.757615,1.0,1.0,1.0,0.0,0.9080384,0.0017043373,0.00013464628,0.0016370144,-3.4187996,0.0,1.0
8749056,6394.172543482007,3.0,10.761963,34.0,4.7811713,1.0,1.0,1.0,0.0,0.90758413,-1.6037142e-05,0.00014909916,-9.0587186e-05,-3.4170454,0.0,1.0
8757248,6380.45248597209,3.0,10.754517,34.0,4.784534,1.0,1.0,1.0,0.0,0.90765345,-0.0025307671,0.00014661004,-0.0026040724,-3.4084218,0.0,1.0
8765440,6391.0386331554955,3.0,10.743042,34.0,4.807959,1.0,1.0,1.0,0.0,0.9077678,-0.00168284,0.00013718929,-0.0017514348,-3.4042242,0.0,1.0
8773632,6395.944829902126,3.0,10.685303,33.0,4.7975965,1.0,1.0,1.0,0.0,0.9082904,-0.0012153515,0.00012807993,-0.001279392,-3.40057,0.0,1.0
8781824,6361.497312358006,3.0,10.688965,33.0,4.7856836,1.0,1.0,1.0,0.0,0.90825164,0.0029776872,0.00014861947,0.0029033774,-3.4004464,0.0,1.0
8790016,6369.12795074899,3.0,10.6727295,33.0,4.8037357,1.0,1.0,1.0,0.0,0.90840745,0.0021800138,0.0001528336,0.0021035965,-3.4035416,0.0,1.0
8798208,6398.569951185393,3.0,10.692627,33.0,4.8036904,1.0,1.0,1.0,0.0,0.9082258,0.0014231016,0.00016168127,0.0013422606,-3.41208,0.0,1.0
8806400,6385.63436315171,3.0,10.682861,33.0,4.8181033,1.0,1.0,1.0,0.0,0.90832096,0.005028436,0.00015470397,0.004951086,-3.419872,0.0,1.0
8814592,6385.688953993511,3.0,10.674927,46.0,4.839001,1.0,1.0,1.0,0.0,0.9084016,0.00054444966,0.00015846678,0.00046521495,-3.424224,0.0,1.0
8822784,6374.13416912547,3.0,10.676514,46.0,4.850937,1.0,1.0,1.0,0.0,0.90839213,0.0035160137,0.00016830029,0.0034318634,-3.4210129,0.0,1.0
8830976,6383.01272841133,3.0,10.693848,46.0,4.843172,1.0,1.0,1.0,0.0,0.9082305,0.0043090405,0.00012493687,0.004246573,-3.4187093,0.0,1.0
8839168,6371.6531168487745,3.0,10.661011,52.0,4.833174,1.0,1.0,1.0,0.0,0.9085246,0.0071172677,0.00015503935,0.0070397477,-3.4193852,0.0,1.0
8847360,6397.805060970467,3.0,10.667114,52.0,4.815583,1.0,1.0,1.0,0.0,0.90846103,0.0034599258,0.00013940355,0.003390225,-3.4217422,0.0,1.0
8855552,6384.662565040993,3.0,10.685547,52.0,4.814097,1.0,1.0,1.0,0.0,0.90829223,0.00076276285,0.00013788215,0.00069382065,-3.4248128,0.0,1.0
8863744,6377.568748338776,3.0,10.691772,52.0,4.8070016,1.0,1.0,1.0,0.0,0.9082322,0.0031621987,0.00014830913,0.0030880445,-3.4341347,0.0,1.0
8871936,6388.702391486524,3.0,10.715332,52.0,4.824485,1.0,1.0,1.0,0.0,0.908025,0.0012873125,0.00013616538,0.00121923,-3.4347847,0.0,1.0
8880128,6381.644639609847,3.0,10.687988,52.0,4.801307,1.0,1.0,1.0,0.0,0.9082646,-0.00039665995,0.0001376346,-0.00046547665,-3.4299798,0.0,1.0
8888320,6382.4483503493,3.0,10.675903,52.0,4.7930374,1.0,1.0,1.0,0.0,0.9083712,0.00058815395,0.00012331922,0.00052649423,-3.4307797,0.0,1.0
8896512,6388.285470035255,3.0,10.701294,52.0,4.8084407,1.0,1.0,1.0,0.0,0.9081466,-0.0010876968,0.00016391129,-0.0011696528,-3.4364586,0.0,1.0
8904704,6377.045573209078,3.0,10.677856,52.0,4.779116,1.0,1.0,1.0,0.0,0.9083481,0.0027485758,0.0001290614,0.0026840456,-3.4394922,0.0,1.0
8912896,6381.331745045655,3.0,10.662476,52.0,4.7879057,1.0,1.0,1.0,0.0,0.90849173,0.0034686374,0.0001735826,0.003381845,-3.4424005,0.0,1.0
8921088,6388.179763557462,3.0,10.651978,41.0,4.771856,1.0,1.0,1.0,0.0,0.90858126,0.0031239684,0.00013895439,0.003054492,-3.440534,0.0,1.0
8929280,6388.356734803459,3.0,10.653809,41.0,4.7660117,1.0,1.0,1.0,0.0,0.9085622,0.0044983523,0.00012766679,0.0044345185,-3.437736,0.0,1.0
8937472,6385.931063758134,3.0,10.638916,41.0,4.782806,1.0,1.0,1.0,0.0,0.9087056,-0.0020113145,0.00013229858,-0.002077464,-3.4480696,0.0,1.0
8945664,6388.09543842636,3.0,10.631592,41.0,4.7768836,1.0,1.0,1.0,0.0,0.90877026,0.006810807,0.00012778502,0.006746915,-3.4542098,0.0,1.0
8953856,6370.051329359746,3.0,10.628174,41.0,4.7705584,1.0,1.0,1.0,0.0,0.90879893,0.0015550563,0.00014177038,0.0014841708,-3.455439,0.0,1.0
8962048,6384.25210183963,3.0,10.653442,41.0,4.7774076,1.0,1.0,1.0,0.0,0.9085711,-0.020971237,0.00028368368,-0.021113079,-3.4596477,0.0,1.0
8970240,6366.365318386466,3.0,10.727295,350.0,6.100245,1.0,1.0,1.0,0.0,0.908183,0.0028800063,0.00016587513,0.0027970693,-3.4806833,0.0,1.0
8978432,6371.396729460758,3.0,10.711548,350.0,6.089856,1.0,1.0,1.0,0.0,0.9083212,0.0021636733,0.00015991346,0.0020837183,-3.4920106,0.0,1.0
8986624,6392.224043577589,3.0,10.706665,350.0,6.090305,1.0,1.0,1.0,0.0,0.9083661,0.004157862,0.00015042629,0.004082649,-3.4998138,0.0,1.0
8994816,6395.466251466957,3.0,10.69519,350.0,6.086513,1.0,1.0,1.0,0.0,0.908469,-0.0013390745,0.00013450939,-0.0014063293,-3.5190084,0.0,1.0
9003008,6390.210177026536,3.0,10.697998,350.0,6.071442,1.0,1.0,1.0,0.0,0.908435,0.0027142179,0.00014386157,0.002642286,-3.5294785,0.0,1.0
9011200,6391.640200746652,3.0,10.69397,350.0,6.084225,1.0,1.0,1.0,0.0,0.90847886,0.003483674,0.00015530013,0.003406024,-3.5311596,0.0,1.0
9019392,6389.847720735493,3.0,10.686401,350.0,6.0705023,1.0,1.0,1.0,0.0,0.9085405,0.0019057905,0.00013375266,0.0018389144,-3.5354335,0.0,1.0
9027584,6385.509757118337,3.0,10.703613,350.0,6.049967,1.0,1.0,1.0,0.0,0.9083723,0.007878449,0.00012658542,0.007815154,-3.5407605,0.0,1.0
9035776,6393.014958019937,3.0,10.725342,350.0,6.04851,1.0,1.0,1.0,0.0,0.90817297,0.004788217,0.00014371108,0.0047163614,-3.5324006,0.0,1.0
9043968,6389.092042488901,3.0,10.734985,350.0,6.0598984,1.0,1.0,1.0,0.0,0.9080907,0.008645395,0.0001499147,0.008570436,-3.5253212,0.0,1.0
9052160,6385.169192104556,3.0,10.669922,78.0,4.8147497,1.0,1.0,1.0,0.0,0.9084324,0.0024539086,0.00018198404,0.0023629167,-3.5266802,0.0,1.0
9060352,6401.16860743156,3.0,10.680176,78.0,4.83217,1.0,1.0,1.0,0.0,0.90834606,0.0009740202,0.0001757397,0.0008861495,-3.525857,0.0,1.0
9068544,6405.461008043799,3.0,10.641846,78.0,4.8147974,1.0,1.0,1.0,0.0,0.90868855,0.0043781064,0.00015001424,0.004303098,-3.5273077,0.0,1.0
9076736,6392.874601023724,3.0,10.64209,78.0,4.787866,1.0,1.0,1.0,0.0,0.90867484,-0.00093834475,0.00013339087,-0.0010050396,-3.535208,0.0,1.0
9084928,6391.3025480769675,3.0,10.624878,78.0,4.7585535,1.0,1.0,1.0,0.0,0.90881944,0.00089642254,0.00014175783,0.00082554267,-3.544063,0.0,1.0
9093120,6388.38642892615,3.0,10.614746,78.0,4.745348,1.0,1.0,1.0,0.0,0.9089067,0.0023988532,0.00014893408,0.0023243856,-3.5404696,0.0,1.0
9101312,6390.938779139117,3.0,10.622437,78.0,4.755178,1.0,1.0,1.0,0.0,0.9088404,0.000921411,0.00015828157,0.0008422707,-3.5315843,0.0,1.0
9109504,6390.2113654754485,3.0,10.608643,78.0,4.7857585,1.0,1.0,1.0,0.0,0.9089792,0.0023334622,0.00015512362,0.0022559,-3.5302343,0.0,1.0
9117696,6392.890063780541,3.0,10.597046,78.0,4.786798,1.0,1.0,1.0,0.0,0.9090855,0.005130851,0.0001323946,0.005064655,-3.5295007,0.0,1.0
9125888,6375.257719900288,3.0,10.586548,78.0,4.8073816,1.0,1.0,1.0,0.0,0.90919036,0.0011421267,0.000146321,0.0010689662,-3.523341,0.0,1.0
9134080,6398.62357184465,3.0,10.561279,78.0,4.7884603,1.0,1.0,1.0,0.0,0.9094134,0.0022663039,0.00015006839,0.0021912698,-3.5182443,0.0,1.0
9142272,6401.241352483053,3.0,10.555542,33.0,4.695679,1.0,1.0,1.0,0.0,0.9094306,0.0043118014,0.00013957621,0.0042420146,-3.5190332,0.0,1.0
9150464,6397.73596774593,3.0,10.5271,33.0,4.656328,1.0,1.0,1.0,0.0,0.90967405,0.0031399862,0.00013872165,0.003070626,-3.5246394,0.0,1.0
9158656,6388.410184423055,3.0,10.535156,33.0,4.6623526,1.0,1.0,1.0,0.0,0.9096031,0.00096002955,0.00013886421,0.0008905975,-3.5228672,0.0,1.0
9166848,6411.749483799853,3.0,10.536011,33.0,4.68215,1.0,1.0,1.0,0.0,0.90960354,0.0017488954,0.00012370503,0.0016870423,-3.5282967,0.0,1.0
9175040,6392.357236516042,3.0,10.551636,33.0,4.695178,1.0,1.0,1.0,0.0,0.90946645,0.002000325,0.00014450937,0.0019280693,-3.5368962,0.0,1.0
9183232,6385.996341591701,3.0,10.566528,33.0,4.6889806,1.0,1.0,1.0,0.0,0.9093279,0.009148381,0.00013747468,0.0090796435,-3.5371702,0.0,1.0
9191424,6362.681214281402,3.0,10.5772705,33.0,4.6723332,1.0,1.0,1.0,0.0,0.90922284,0.00047116564,0.00013545433,0.0004034387,-3.5383923,0.0,1.0
9199616,6399.1359923597165,3.0,10.561035,31.0,4.6594405,1.0,1.0,1.0,0.0,0.909366,0.004508409,0.00015452229,0.0044311476,-3.5386062,0.0,1.0
9207808,6388.387616696799,3.0,10.583374,31.0,4.6643057,1.0,1.0,1.0,0.0,0.90916383,-0.0024766945,0.00013527508,-0.0025443318,-3.5402563,0.0,1.0
9216000,6400.1789619896135,3.0,10.579102,31.0,4.6462865,1.0,1.0,1.0,0.0,0.9091954,0.0037397966,0.0001341118,0.0036727402,-3.5411794,0.0,1.0
9224192,6377.9298129095405,3.0,10.591431,32.0,4.661144,1.0,1.0,1.0,0.0,0.9090886,-0.0032356894,0.00015620168,-0.0033137905,-3.5406466,0.0,1.0
9232384,6399.729549393027,3.0,10.586792,32.0,4.677937,1.0,1.0,1.0,0.0,0.9091382,0.0021858616,0.00012969844,0.002121013,-3.5389485,0.0,1.0
9240576,6387.91610646484,3.0,10.570068,32.0,4.6711407,1.0,1.0,1.0,0.0,0.90928805,0.00248195,0.00013148804,0.0024162054,-3.539095,0.0,1.0
9248768,6393.5264805843535,3.0,10.607666,32.0,4.692381,1.0,1.0,1.0,0.0,0.9089536,0.013216609,0.00013816703,0.013147526,-3.5408728,0.0,1.0
9256960,6406.7461477187635,3.0,10.570068,32.0,4.6788955,1.0,1.0,1.0,0.0,0.9092913,-5.3138763e-05,0.00021210393,-0.00015919085,-3.537638,0.0,1.0
9265152,6388.099001415023,3.0,10.595093,207.0,5.1599646,1.0,1.0,1.0,0.0,0.90918714,0.0013934904,0.00015283248,0.0013170734,-3.5443435,0.0,1.0
9273344,6382.533712053031,3.0,10.59375,207.0,5.174565,1.0,1.0,1.0,0.0,0.9092058,0.0013860373,0.00015225561,0.0013099096,-3.5532558,0.0,1.0
9281536,6393.601431463086,3.0,10.599121,207.0,5.1614027,1.0,1.0,1.0,0.0,0.9091507,0.0009962549,0.00012950708,0.00093150197,-3.5578518,0.0,1.0
9289728,6372.854986212754,3.0,10.589233,207.0,5.1665945,1.0,1.0,1.0,0.0,0.9092433,-5.986239e-05,0.00023387346,-0.00017679925,-3.5636353,0.0,1.0
9297920,6395.247224532772,3.0,10.612793,207.0,5.3964167,1.0,1.0,1.0,0.0,0.909104,-0.0043495027,0.00014639684,-0.0044227014,-3.5715394,0.0,1.0
9306112,6374.773953172884,3.0,10.609619,207.0,5.4020214,1.0,1.0,1.0,0.0,0.90913594,0.005511732,0.00013570797,0.005443876,-3.5740097,0.0,1.0
9314304,6375.614973754199,3.0,10.601807,207.0,5.384996,1.0,1.0,1.0,0.0,0.90919876,-0.00048993994,0.00015529938,-0.00056759024,-3.5727081,0.0,1.0
9322496,6372.746243881069,3.0,10.617432,207.0,5.3816624,1.0,1.0,1.0,0.0,0.90905434,0.00041560805,0.00012652499,0.0003523447,-3.5712814,0.0,1.0
9330688,6383.3613647269785,3.0,10.602905,207.0,5.368424,1.0,1.0,1.0,0.0,0.9091809,0.0042971545,0.00011994184,0.0042371824,-3.5649118,0.0,1.0
9338880,6391.838766685691,3.0,10.615356,207.0,5.3824778,1.0,1.0,1.0,0.0,0.90907353,0.001615996,0.00014288409,0.001544554,-3.5622268,0.0,1.0
9347072,6395.041305283283,3.0,10.578857,148.0,4.9535084,1.0,1.0,1.0,0.0,0.9092955,0.0073061446,0.00016335,0.0072244676,-3.5627482,0.0,1.0
9355264,6359.253231426573,3.0,10.57019,148.0,4.931707,1.0,1.0,1.0,0.0,0.909365,-0.0012085118,0.00012358693,-0.0012703063,-3.5587995,0.0,1.0
9363456,6388.1845143353175,3.0,10.579712,148.0,4.9337153,1.0,1.0,1.0,0.0,0.90927845,0.021179542,0.00014907589,0.021105004,-3.5645132,0.0,1.0
9371648,6392.109882619431,3.0,10.596436,148.0,4.9336147,1.0,1.0,1.0,0.0,0.9091255,0.0017791425,0.00013201339,0.0017131359,-3.5708308,0.0,1.0
9379840,6377.38053744503,3.0,10.612549,49.0,4.699129,1.0,1.0,1.0,0.0,0.9089105,0.0018077482,0.00012595153,0.0017447716,-3.5752108,0.0,1.0
9388032,6392.469027730801,3.0,10.5789795,49.0,4.693237,1.0,1.0,1.0,0.0,0.9092145,0.0028639873,0.00013199524,0.00279799,-3.5852914,0.0,1.0
9396224,6386.45094969442,3.0,10.608887,176.0,5.0483365,1.0,1.0,1.0,0.0,0.9090415,-0.012947055,0.0002459165,-0.013070013,-3.5988183,0.0,1.0
9404416,6378.113320408707,3.0,10.62439,176.0,5.047229,1.0,1.0,1.0,0.0,0.9088994,-0.0007390061,0.00013162356,-0.0008048173,-3.607105,0.0,1.0
9412608,6403.694185863607,3.0,10.61145,176.0,5.074064,1.0,1.0,1.0,0.0,0.9090296,-0.0013803849,0.00013889924,-0.0014498346,-3.606236,0.0,1.0
9420800,6384.52257455046,3.0,10.618042,176.0,5.0650296,1.0,1.0,1.0,0.0,0.9089653,-0.00015413977,0.00012509683,-0.00021668733,-3.602734,0.0,1.0
9428992,6378.752719344625,3.0,10.611328,176.0,5.063976,1.0,1.0,1.0,0.0,0.90902615,0.00076782436,0.0001365321,0.0006995583,-3.5994596,0.0,1.0
9437184,6382.400928167165,3.0,10.606567,176.0,5.0620294,1.0,1.0,1.0,0.0,0.9090687,0.0026625374,0.00015544167,0.0025848164,-3.5976186,0.0,1.0
9445376,6395.247224532772,3.0,10.620117,176.0,5.0838165,1.0,1.0,1.0,0.0,0.9089546,0.0006532441,0.00013871904,0.0005838841,-3.5971346,0.0,1.0
9453568,6401.866312511831,3.0,10.597778,176.0,5.0629063,1.0,1.0,1.0,0.0,0.9091502,0.002432592,0.00012676825,0.002369208,-3.5928676,0.0,1.0
9461760,6391.994536626165,3.0,10.598877,176.0,5.063656,1.0,1.0,1.0,0.0,0.90914035,0.003057011,0.0001405252,0.0029867492,-3.5903804,0.0,1.0
9469952,6402.392375355968,3.0,10.570557,176.0,5.0681777,1.0,1.0,1.0,0.0,0.90940094,0.006276063,0.00015087257,0.006200628,-3.590413,0.0,1.0
9478144,6402.634560327961,3.0,10.573853,176.0,5.058053,1.0,1.0,1.0,0.0,0.90936625,0.0026609628,0.00013596239,0.0025929813,-3.5917602,0.0,1.0
9486336,6373.494513484978,3.0,10.542847,35.0,4.715657,1.0,1.0,1.0,0.0,0.90955466,0.0031154696,0.00014821456,0.0030413629,-3.5884943,0.0,1.0
9494528,6400.612937495751,3.0,10.527466,101.0,4.834111,1.0,1.0,1.0,0.0,0.90973604,0.008586191,0.0001570157,0.008507684,-3.5972867,0.0,1.0
9502720,6377.760521807244,3.0,10.552124,101.0,4.842411,1.0,1.0,1.0,0.0,0.9095143,0.00049892394,0.00014528267,0.0004262824,-3.6065876,0.0,1.0
9510912,6396.478255438491,3.0,10.588379,101.0,4.8749504,1.0,1.0,1.0,0.0,0.909197,0.0010101194,0.00014276366,0.0009387373,-3.6132228,0.0,1.0
9519104,6396.50564352576,3.0,10.610352,101.0,4.8754787,1.0,1.0,1.0,0.0,0.9089967,0.0039495067,0.00013851542,0.0038802482,-3.6139493,0.0,1.0
9527296,6395.180567139205,3.0,10.619629,101.0,4.8670654,1.0,1.0,1.0,0.0,0.9089086,0.0044233976,0.00014967177,0.0043485616,-3.6118479,0.0,1.0
9535488,6398.349520138753,3.0,10.580811,101.0,4.857572,1.0,1.0,1.0,0.0,0.90925884,-0.025080195,0.00019695546,-0.025178673,-3.6155233,0.0,1.0
9543680,6383.583136213622,3.0,10.57666,293.0,5.758145,1.0,1.0,1.0,0.0,0.9094994,0.00047408248,0.0001405619,0.00040380168,-3.6227694,0.0,1.0
9551872,6374.440445279205,3.0,10.610962,293.0,5.774353,1.0,1.0,1.0,0.0,0.9091946,0.003010614,0.00013482399,0.0029432005,-3.6227908,0.0,1.0
9560064,6405.832403430316,3.0,10.584106,293.0,5.7382274,1.0,1.0,1.0,0.0,0.9094212,0.003305309,0.00012937971,0.0032406203,-3.6182766,0.0,1.0
9568256,6388.372175712808,3.0,10.585571,293.0,5.754266,1.0,1.0,1.0,0.0,0.9094163,0.00987268,0.00013333629,0.009806011,-3.6145692,0.0,1.0
9576448,6377.9369162291705,3.0,10.588989,293.0,5.6537585,1.0,1.0,1.0,0.0,0.9093436,0.0041868556,0.00014356892,0.004115072,-3.6129239,0.0,1.0
9584640,6365.2331076894125,3.0,10.583008,293.0,5.651409,1.0,1.0,1.0,0.0,0.9093968,0.0018169705,0.00014570182,0.0017441196,-3.612154,0.0,1.0
9592832,6375.018784369656,3.0,10.552368,293.0,5.615786,1.0,1.0,1.0,0.0,0.90965897,-0.003473422,0.00013234431,-0.003539594,-3.6138945,0.0,1.0
9601024,6356.926052809141,3.0,10.540405,293.0,5.6136675,1.0,1.0,1.0,0.0,0.9097672,0.0018133679,0.0001455959,0.00174057,-3.6188495,0.0,1.0
9609216,6353.8731863770145,3.0,10.493164,293.0,5.574246,1.0,1.0,1.0,0.0,0.9101794,-0.00069180806,0.0001379691,-0.00076079124,-3.6158924,0.0,1.0
9617408,6372.817162372123,3.0,10.488159,293.0,5.5576797,1.0,1.0,1.0,0.0,0.9102169,0.0016748995,0.00011934201,0.0016152291,-3.606581,0.0,1.0
9625600,6370.361937576281,3.0,10.448975,30.0,4.5990176,1.0,1.0,1.0,0.0,0.9103647,0.008889638,0.00013678112,0.008821247,-3.6071804,0.0,1.0
9633792,6356.724945969277,3.0,10.432251,30.0,4.6122394,1.0,1.0,1.0,0.0,0.91052324,0.008271009,0.0001449282,0.008198545,-3.611396,0.0,1.0
9641984,6364.127232392987,3.0,10.443481,30.0,4.608949,1.0,1.0,1.0,0.0,0.91041934,-0.001144999,0.0001291816,-0.0012095904,-3.6190653,0.0,1.0
9650176,6350.228167874993,3.0,10.462891,30.0,4.610814,1.0,1.0,1.0,0.0,0.9102426,0.0049240226,0.000117528856,0.004865258,-3.6313276,0.0,1.0
9658368,6349.311700174201,3.0,10.449097,30.0,4.5990987,1.0,1.0,1.0,0.0,0.91036385,0.0047524665,0.0001374886,0.0046837227,-3.6368308,0.0,1.0
9666560,6358.408285091288,3.0,10.453369,30.0,4.5969133,1.0,1.0,1.0,0.0,0.9103241,0.0013581421,0.00014352928,0.0012863781,-3.6342738,0.0,1.0
9674752,6354.300904699556,3.0,10.45105,28.0,4.586761,1.0,1.0,1.0,0.0,0.910341,0.000907819,0.00014405468,0.00083579205,-3.6302016,0.0,1.0
9682944,6370.661945369489,3.0,10.41333,27.0,4.536668,1.0,1.0,1.0,0.0,0.91066563,0.0002604609,0.00011368648,0.00020361692,-3.628642,0.0,1.0
9691136,6362.138096110123,3.0,10.450073,27.0,4.5719023,1.0,1.0,1.0,0.0,0.9103441,0.005739808,0.00013067217,0.0056744707,-3.6369503,0.0,1.0
9699328,6378.830876895424,3.0,10.426025,31.0,4.6021814,1.0,1.0,1.0,0.0,0.9105766,0.0003192199,0.0001491755,0.00024463388,-3.6348953,0.0,1.0
9707520,6364.781515170376,3.0,10.453369,31.0,4.5918117,1.0,1.0,1.0,0.0,0.910322,0.0021910174,0.00014032744,0.0021208548,-3.6401014,0.0,1.0
9715712,6363.268027483008,3.0,10.42395,31.0,4.5576096,1.0,1.0,1.0,0.0,0.9105768,0.0017973819,0.00013376019,0.0017305012,-3.6464267,0.0,1.0
9723904,6367.09911161984,3.0,10.407959,31.0,4.5264063,1.0,1.0,1.0,0.0,0.9107101,0.011122625,0.00012839073,0.011058429,-3.643311,0.0,1.0
9732096,6349.729417045679,3.0,10.405518,31.0,4.540923,1.0,1.0,1.0,0.0,0.9107381,0.006704106,0.00012892355,0.006639644,-3.6372116,0.0,1.0
9740288,6376.955624142788,3.0,10.391968,31.0,4.5407815,1.0,1.0,1.0,0.0,0.9108621,-0.021101754,0.00023680799,-0.021220159,-3.639388,0.0,1.0
9748480,6357.149519778082,3.0,10.450195,500.0,7.06464,0.0,0.9998779,1.0,0.011047868,0.91076624,-0.013385836,0.00052369316,-0.013647681,-3.656895,0.00012207031,0.9998779
9756672,6347.7070521973565,3.0,10.4696045,500.0,7.0710196,0.0,0.9998779,1.0,0.011047868,0.9105927,0.0014589522,0.00017700344,0.0013704507,-3.6685634,0.00012207031,0.9998779
9764864,6350.079121183755,3.0,10.489624,500.0,7.083134,0.0,0.9998779,1.0,0.011047868,0.91041744,0.005021949,0.00019127427,0.004926313,-3.6698184,0.00012207031,0.9998779
9773056,6346.81475915354,3.0,10.532959,500.0,7.102032,0.0,0.9998779,1.0,0.011047868,0.9100336,0.0023838724,0.00017587561,0.0022959348,-3.6687708,0.00012207031,0.9998779
9781248,6372.056053007898,3.0,10.534302,500.0,7.0842824,0.0,0.9998779,1.0,0.011047868,0.91000986,0.0022106185,0.00013631202,0.002142463,-3.670466,0.00012207031,0.9998779
9789440,6352.656149329231,3.0,10.545776,500.0,7.0839763,0.0,0.9998779,1.0,0.011047868,0.9099047,0.0015181785,0.000159297,0.0014385316,-3.6739893,0.00012207031,0.9998779
9797632,6345.1797352326175,3.0,10.551392,500.0,7.1103225,0.0,0.9998779,1.0,0.011047868,0.90987015,0.0015447632,0.0001562251,0.001466651,-3.6802604,0.00012207031,0.9998779
9805824,6359.273239841187,3.0,10.572388,500.0,7.1380353,0.0,0.9998779,1.0,0.011047868,0.90969634,-0.00080883957,0.00013211463,-0.00087489653,-3.6824071,0.00012207031,0.9998779
9814016,6350.4699435291805,3.0,10.57373,500.0,7.146772,0.0,0.9998779,1.0,0.011047868,0.9096899,0.0065457635,0.00013853556,0.0064764963,-3.6770597,0.00012207031,0.9998779
9822208,6346.42438656151,3.0,10.589722,500.0,7.1544423,0.0,0.9998779,1.0,0.011047869,0.90954876,0.003796424,0.00013798034,0.003727434,-3.680924,0.00012207031,0.9998779
9830400,6353.832062649705,3.0,10.536499,34.0,4.6804776,1.0,1.0,1.0,0.0,0.90959823,0.0017890605,0.00014049857,0.0017188098,-3.6815462,0.0,1.0
9838592,6343.437809097253,3.0,10.539429,34.0,4.657053,1.0,1.0,1.0,0.0,0.909562,0.0037320745,0.00013985389,0.003662148,-3.6790404,0.0,1.0
9846784,6346.267313242208,3.0,10.508301,34.0,4.672155,1.0,1.0,1.0,0.0,0.90985286,-0.0018532772,0.00014006754,-0.0019233094,-3.6829395,0.0,1.0
9854976,6376.885797011935,3.0,10.512939,34.0,4.6797934,1.0,1.0,1.0,0.0,0.90981364,-0.00036956463,0.00012644626,-0.0004327885,-3.688007,0.0,1.0
9863168,6350.925376797948,3.0,10.501343,34.0,4.671744,1.0,1.0,1.0,0.0,0.90991604,0.0048566763,0.00013343946,0.0047899573,-3.6954155,0.0,1.0
9871360,6345.765668444516,3.0,10.470215,34.0,4.665557,1.0,1.0,1.0,0.0,0.91019815,0.00048096583,0.00013263468,0.00041464844,-3.6999803,0.0,1.0
9879552,6345.910996627739,3.0,10.463257,31.0,4.657022,1.0,1.0,1.0,0.0,0.91025835,0.0053947344,0.00013413282,0.0053276676,-3.6995103,0.0,1.0
9887744,6360.287949235779,3.0,10.468872,30.0,4.628985,1.0,1.0,1.0,0.0,0.9101951,0.005644092,0.00012635763,0.005580912,-3.7014437,0.0,1.0
9895936,6355.575000425435,3.0,10.460449,30.0,4.622904,1.0,1.0,1.0,0.0,0.9102695,0.0015993335,0.00012744158,0.0015356119,-3.708751,0.0,1.0
9904128,6368.966209930213,3.0,10.4470215,30.0,4.617168,1.0,1.0,1.0,0.0,0.91039,0.025347352,0.00012664123,0.025284026,-3.7066617,0.0,1.0
9912320,6350.282155016816,3.0,10.426025,30.0,4.619892,1.0,1.0,1.0,0.0,0.9105835,0.0042405436,0.00013274791,0.004174169,-3.7068455,0.0,1.0
9920512,6349.325779623129,3.0,10.473267,289.0,5.556353,1.0,1.0,1.0,0.0,0.9103608,-0.02018914,0.0002934249,-0.020335855,-3.7108727,0.0,1.0
9928704,6339.577822231423,3.0,10.51062,289.0,5.740237,1.0,1.0,1.0,0.0,0.9100849,-0.016769862,0.0002167559,-0.016878242,-3.72972,0.0,1.0
9936896,6350.664785850108,3.0,10.53064,289.0,6.1464105,1.0,1.0,1.0,0.0,0.9100256,0.004455254,0.0001658183,0.0043723444,-3.7337744,0.0,1.0
9945088,6352.280324789612,3.0,10.53833,289.0,6.1501193,1.0,1.0,1.0,0.0,0.9099572,-0.0003617158,0.00015426907,-0.0004388506,-3.7314525,0.0,1.0
9953280,6309.988896465259,3.0,10.5616455,289.0,6.1548705,1.0,1.0,1.0,0.0,0.90974677,-0.007125685,0.00040128457,-0.007326326,-3.7396739,0.0,1.0
9961472,6317.77634055648,3.0,10.59314,500.0,8.179407,0.0,0.9998779,1.0,0.011047868,0.90988415,0.01382897,0.0009229612,0.013367484,-3.750105,0.00012207031,0.9998779
9969664,6347.340020874705,3.0,10.671265,500.0,8.727452,0.0,0.9998779,1.0,0.011047868,0.9093764,0.008323838,0.0002752427,0.008186217,-3.7526774,0.00012207031,0.9998779
9977856,6353.3950090706685,3.0,10.67627,500.0,8.737166,0.0,0.9998779,1.0,0.011047868,0.9093385,0.0076755947,0.00016444665,0.007593372,-3.7541323,0.00012207031,0.9998779
9986048,6366.1907429768025,3.0,10.685547,500.0,8.727412,0.0,0.9998779,1.0,0.011047868,0.90924597,-0.0006205037,0.00016443801,-0.0007027233,-3.7560136,0.00012207031,0.9998779
9994240,6335.088224150256,3.0,10.694702,500.0,8.741984,0.0,0.9998779,1.0,0.011047868,0.9091737,-0.0008832216,0.0001590873,-0.0009627645,-3.758228,0.00012207031,0.9998779
