timestep,fps,ep_len_min,ep_len_mean,ep_len_max,ep_len_std,return_min,return_mean,return_max,return_std,disc_return_mean,total_loss,value_loss,actor_loss,entropy,prob_fail,prob_success,prob_reject,lambda
8192,234.81860123562817,90.0,394.4,500.0,152.85759,-1.0,0.1,1.0,0.6244998,0.052518465,-0.00031364762,0.007782535,-0.0042049154,2.1703029,0.75,0.25,0.15,0.0
16384,2192.476415735745,40.0,388.81082,500.0,156.59915,-1.0,0.054054055,1.0,0.6553706,0.03447638,-0.0004839177,0.0060593626,-0.003513599,2.1538248,0.7567568,0.24324325,0.1891892,0.0
24576,2191.6521507727834,37.0,367.80328,500.0,174.32755,-1.0,0.04918033,1.0,0.6634789,0.026551586,-0.0012815988,0.005305581,-0.0039343894,2.1368222,0.75409836,0.24590164,0.19672132,0.0
32768,2186.6610982328066,37.0,365.8395,500.0,176.52415,-1.0,0.09876543,1.0,0.6593101,0.028429812,-0.0025039418,0.002818705,-0.003913294,2.0980058,0.72839504,0.27160493,0.17283951,0.0
40960,2192.671594642132,37.0,372.87878,500.0,175.0345,-1.0,0.11111111,1.0,0.6338736,0.03069159,-0.004683401,0.002073258,-0.00572003,2.0701487,0.7373737,0.26262626,0.15151516,0.0
49152,2199.1877899856954,37.0,373.44168,500.0,175.86432,-1.0,0.083333336,1.0,0.62694144,0.027513167,-0.0025284875,0.0028452931,-0.0039511337,1.991529,0.7583333,0.24166666,0.15833333,0.0
57344,2181.3477078216133,37.0,370.65518,500.0,176.64662,-1.0,0.12413793,1.0,0.620153,0.036811784,-0.007118255,0.0018955392,-0.008066025,1.9726441,0.737931,0.26206896,0.13793103,0.0
65536,2221.3081295260063,29.0,380.10495,500.0,173.60332,-1.0,0.11111111,1.0,0.5983517,0.028586756,-0.0025601685,0.0011295062,-0.0031249216,1.9909945,0.7592593,0.24074075,0.12962963,0.0
73728,2193.921563003509,29.0,384.06042,500.0,172.0034,-1.0,0.104395606,1.0,0.5884254,0.030525852,-0.003476418,0.0019609751,-0.004456906,1.9791782,0.7692308,0.23076923,0.12637363,0.0
81920,2195.313071086836,29.0,381.2892,500.0,173.67984,-1.0,0.09803922,1.0,0.5942503,0.029593224,-0.0037599502,0.002203052,-0.004861477,1.9753094,0.76960784,0.23039216,0.13235295,0.0
90112,2199.207496359215,29.0,375.71738,500.0,179.21289,-1.0,0.11304348,1.0,0.5936653,0.040972553,-0.003748782,0.002080743,-0.004789154,2.025549,0.76086956,0.23913044,0.12608695,0.0
98304,2204.542725081933,29.0,368.92188,500.0,183.7314,-1.0,0.125,1.0,0.59947896,0.043946996,-0.0047769747,0.0017920535,-0.005673001,2.0313628,0.75,0.25,0.125,0.0
106496,2248.1682862303815,20.0,357.64337,500.0,189.1821,-1.0,0.14685315,1.0,0.6140322,0.051517546,-0.005680757,0.0024167583,-0.0068891365,1.8788781,0.72727275,0.27272728,0.12587413,0.0
114688,2213.7450497519794,17.0,357.0291,500.0,190.75694,-1.0,0.14886731,1.0,0.61045927,0.05436092,-0.006350084,0.001268869,-0.0069845184,1.9184091,0.7281553,0.27184466,0.122977346,0.0
122880,2192.9475627525403,17.0,353.1875,500.0,193.36746,-1.0,0.15178572,1.0,0.6154241,0.058768954,-0.0031167392,0.0019042777,-0.004068878,1.9730563,0.72321427,0.2767857,0.125,0.0
131072,2197.9381422829074,17.0,354.47473,500.0,193.2712,-1.0,0.1488764,1.0,0.6114763,0.05733698,-0.0043463614,0.0015171684,-0.0051049464,1.9057215,0.7275281,0.2724719,0.123595506,0.0
139264,2188.2803047923194,17.0,355.85,500.0,193.2893,-1.0,0.15,1.0,0.6079517,0.0599908,-0.0036744047,0.0014700508,-0.00440943,1.856005,0.72894734,0.27105263,0.12105263,0.0
147456,2211.8947132674457,17.0,355.82672,500.0,194.10605,-1.0,0.15594059,1.0,0.6035697,0.06386389,-0.00558076,0.001674618,-0.0064180684,1.8654184,0.72772276,0.27227724,0.116336636,0.0
155648,2222.5254127599414,17.0,357.01883,500.0,194.3367,-1.0,0.16,1.0,0.6002352,0.06585054,-0.0058126356,0.00114182,-0.0063835457,1.8279591,0.7270588,0.27294117,0.112941176,0.0
163840,2238.765388892668,17.0,353.0132,500.0,196.32866,-1.0,0.1585903,1.0,0.6057389,0.0672376,-0.0034921686,0.0020324998,-0.0045084185,1.6325512,0.7246696,0.2753304,0.116740085,0.0
172032,2215.8861134209556,17.0,353.85504,500.0,195.93523,-1.0,0.16386555,1.0,0.6032449,0.070676126,-0.0055490118,0.0013480011,-0.006223012,1.7222098,0.7226891,0.27731094,0.11344538,0.0
180224,2189.407378346303,17.0,351.59164,500.0,196.83511,-1.0,0.17529881,1.0,0.60306937,0.07513281,-0.0038584373,0.0016086989,-0.0046627866,1.5186732,0.71513945,0.28486055,0.109561756,0.0
188416,2197.1475594690714,17.0,350.0171,500.0,197.45618,-1.0,0.18595825,1.0,0.6032425,0.07907341,-0.003954777,0.0014521002,-0.0046808273,1.5842879,0.7077799,0.29222012,0.10626186,0.0
196608,2211.5057725824877,17.0,347.6216,500.0,198.4826,-1.0,0.19099098,1.0,0.6059092,0.080213204,-0.004772315,0.0015454086,-0.005545019,1.6228354,0.7027027,0.2972973,0.10630631,0.0
204800,2180.6690699058267,11.0,348.18686,500.0,198.58603,-1.0,0.19723183,1.0,0.60206616,0.084458925,-0.004550654,0.0011365842,-0.005118946,1.4262062,0.70069206,0.29930797,0.10207613,0.0
212992,2231.188062663355,11.0,347.48923,500.0,199.15587,-1.0,0.19402985,1.0,0.6044315,0.083189726,-0.0055345013,0.001649926,-0.0063594645,1.4820709,0.70149255,0.29850745,0.104477614,0.0
221184,2191.5716314837864,11.0,345.42493,500.0,199.60588,-1.0,0.1996805,1.0,0.60619795,0.08519509,-0.004679856,0.0016667121,-0.0055132126,1.4786156,0.69648564,0.3035144,0.10383387,0.0
229376,2197.846475800541,11.0,346.63385,500.0,199.69456,-1.0,0.2,1.0,0.6025587,0.08734347,-0.0079557635,0.0008355753,-0.008373552,1.684068,0.69846153,0.30153847,0.101538464,0.0
237568,2231.854876363977,11.0,347.1994,500.0,199.60103,-1.0,0.19940476,1.0,0.60168386,0.08817657,-0.0036777924,0.0011467452,-0.004251165,1.5959704,0.6994048,0.30059522,0.10119048,0.0
245760,2201.6780918354093,11.0,346.49066,500.0,200.07738,-1.0,0.20086083,1.0,0.603528,0.08954143,-0.0044635683,0.0012098146,-0.005068475,1.4151037,0.697274,0.30272597,0.101865135,0.0
253952,2192.7422593726246,11.0,346.48892,500.0,199.73903,-1.0,0.20914127,1.0,0.60402584,0.090151675,-0.004846342,0.0016696327,-0.0056811585,1.5057011,0.6911357,0.30886427,0.09972299,0.0
262144,2202.917167183388,11.0,345.5207,500.0,200.52568,-1.0,0.21094793,1.0,0.603362,0.09270103,-0.0038352893,0.0013795606,-0.004525069,1.4160736,0.6902537,0.30974633,0.098798394,0.0
270336,2205.4419738727593,11.0,345.54993,500.0,200.6712,-1.0,0.2075227,1.0,0.6034879,0.092169106,-0.0042927973,0.0015510239,-0.005068309,1.6402768,0.692607,0.30739298,0.0998703,0.0
278528,2201.1462170554255,11.0,346.8546,500.0,200.35458,-1.0,0.20986094,1.0,0.6004245,0.09327108,-0.003919832,0.0009985333,-0.0044190986,1.3141186,0.6927939,0.30720606,0.097345136,0.0
286720,2213.6539140933387,11.0,347.45587,500.0,200.57753,-1.0,0.21078432,1.0,0.5979388,0.09644424,-0.005934793,0.0010098886,-0.006439738,1.2829187,0.6936275,0.30637255,0.09558824,0.0
294912,2185.2646892117823,11.0,346.56668,500.0,201.24962,-1.0,0.21071428,1.0,0.5993087,0.09792781,-0.0041083246,0.0013694023,-0.004793026,1.3787134,0.69285715,0.30714285,0.09642857,0.0
303104,2204.316436524698,11.0,347.03253,500.0,201.55348,-1.0,0.20557491,1.0,0.5986951,0.0958315,-0.0032448089,0.0010527127,-0.0037711654,1.4028671,0.6968641,0.3031359,0.09756097,0.0
311296,2187.0502576646163,11.0,347.84988,500.0,201.60564,-1.0,0.2054176,1.0,0.5958983,0.096430235,-0.0034951246,0.0012642791,-0.0041272645,1.3496146,0.6986456,0.3013544,0.0959368,0.0
319488,2185.5175265401513,11.0,346.54385,500.0,202.27913,-1.0,0.20504385,1.0,0.5984783,0.0970862,-0.004965512,0.001739996,-0.00583551,1.2811221,0.69736844,0.3026316,0.09758772,0.0
327680,2187.9167599584243,11.0,345.4365,500.0,202.9236,-1.0,0.20490928,1.0,0.5994105,0.098932005,-0.0045084413,0.0014920969,-0.0052544894,1.4496951,0.696905,0.30309498,0.098185696,0.0
335872,2188.811277738505,11.0,344.27283,500.0,203.58997,-1.0,0.21161826,1.0,0.5980864,0.10388968,-0.004865908,0.0011548584,-0.005443337,1.4325151,0.6929461,0.30705395,0.09543569,0.0
344064,2199.6178914543043,11.0,344.0759,500.0,203.85437,-1.0,0.21356276,1.0,0.5968357,0.10597445,-0.0057673566,0.0012139769,-0.0063743447,1.2266455,0.6923077,0.30769232,0.094129555,0.0
352256,2200.25187619967,11.0,343.57297,500.0,204.13022,-1.0,0.21499014,1.0,0.5967798,0.107296854,-0.0054483367,0.0016883947,-0.006292534,1.2664456,0.6913215,0.3086785,0.09368836,0.0
360448,2238.309636537048,11.0,343.15976,500.0,204.29117,-1.0,0.2184793,1.0,0.59627104,0.11017463,-0.004998049,0.0013254441,-0.0056607705,0.9531896,0.68912417,0.31087583,0.092396535,0.0
368640,2190.264440620306,11.0,339.91052,500.0,205.98112,-1.0,0.22553588,1.0,0.5977749,0.11671488,-0.0047916453,0.0018754231,-0.005729357,1.2412875,0.6831314,0.3168686,0.09133271,0.0
376832,2175.3202697898832,11.0,339.33667,500.0,206.39229,-1.0,0.22867514,1.0,0.5967044,0.11900446,-0.0051342114,0.0013472907,-0.005807856,1.3622049,0.6814882,0.31851178,0.08983666,0.0
385024,2185.460810274034,11.0,339.3197,500.0,206.52069,-1.0,0.23001777,1.0,0.5955917,0.11983902,-0.0022667074,0.0010494187,-0.0027914168,1.2589173,0.6811723,0.31882772,0.088809945,0.0
393216,2199.0574552935445,11.0,338.79565,500.0,206.58229,-1.0,0.22695652,1.0,0.59837776,0.11911333,-0.0043563712,0.0013050712,-0.005008906,0.8025823,0.68173915,0.31826088,0.09130435,0.0
401408,2190.570806660253,11.0,336.09283,500.0,207.46217,-1.0,0.2329114,1.0,0.6007846,0.12343271,-0.0061700353,0.0022313623,-0.007285717,1.1872852,0.6759494,0.32405064,0.09113924,0.0
409600,2190.5258378187605,11.0,335.53763,500.0,207.74582,-1.0,0.23325062,1.0,0.6020528,0.12385346,-0.005059829,0.0013849242,-0.005752291,1.125859,0.67493796,0.32506204,0.09181141,0.0
417792,2185.704099339608,11.0,335.671,500.0,207.86482,-1.0,0.23419774,1.0,0.6007267,0.12562412,-0.0041464204,0.0010592357,-0.0046760384,0.8959028,0.67504054,0.3249595,0.09076175,0.0
425984,2190.604464672058,11.0,334.7007,500.0,208.49568,-1.0,0.2375297,1.0,0.6000403,0.1287324,-0.0038074132,0.0017818245,-0.0046983254,0.8700833,0.6730008,0.32699922,0.089469515,0.0
434176,2220.335061709759,11.0,334.37375,500.0,208.69705,-1.0,0.24087024,1.0,0.59871024,0.1309539,-0.004377076,0.0012405475,-0.0049973493,1.2598255,0.67132866,0.32867134,0.08780109,0.0
442368,2197.4101806865615,11.0,334.43216,500.0,208.71494,-1.0,0.24237806,1.0,0.59783894,0.13191743,-0.0048937486,0.0011930467,-0.0054902723,0.87096524,0.6707317,0.3292683,0.08689024,0.0
450560,2204.3466999280054,11.0,333.78226,500.0,208.99663,-1.0,0.2453393,1.0,0.5972116,0.13427824,-0.005130302,0.0014192609,-0.0058399322,0.9116266,0.6689038,0.3310962,0.0857569,0.0
458752,2181.342860888498,11.0,334.24377,500.0,208.99019,-1.0,0.24375919,1.0,0.59678036,0.13432264,-0.0030927039,0.0012249883,-0.003705198,0.99473673,0.67033774,0.32966226,0.085903086,0.0
466944,2172.869279795855,11.0,334.11038,500.0,208.93623,-1.0,0.24458875,1.0,0.59706134,0.13377514,-0.0050851237,0.0017376665,-0.0059539573,0.7606427,0.6695527,0.33044732,0.08585858,0.0
475136,2186.8882302574075,11.0,334.77164,500.0,208.82536,-1.0,0.24255319,1.0,0.5961144,0.13286775,-0.0055623017,0.0013059998,-0.0062153013,0.5984944,0.6716312,0.32836878,0.0858156,0.0
483328,2197.092064357639,11.0,334.37518,500.0,209.10272,-1.0,0.24198048,1.0,0.59696627,0.13224411,-0.00091071916,0.0016021009,-0.0017117695,0.66477484,0.6715481,0.32845187,0.08647141,0.0
491520,2197.4870538822684,11.0,335.3751,500.0,208.6902,-1.0,0.2422574,1.0,0.59518915,0.13154241,-0.0055770674,0.0008244219,-0.0059892777,0.75888205,0.6724019,0.32759807,0.08534067,0.0
499712,2180.1154802511824,11.0,335.83875,500.0,208.43314,-1.0,0.24254742,1.0,0.5942179,0.13132206,-0.0033810688,0.0012163774,-0.003989257,0.7629967,0.67276424,0.32723576,0.08468835,0.0
507904,2192.3977943391424,11.0,335.74048,500.0,208.30669,-1.0,0.24282855,1.0,0.5943981,0.13150337,-0.0039038486,0.0010629019,-0.0044352994,0.74568313,0.6724483,0.3275517,0.08472315,0.0
516096,2189.302053856221,11.0,336.38724,500.0,208.17319,-1.0,0.24128863,1.0,0.5938802,0.12999482,-0.0036101323,0.0011672301,-0.0041937474,0.9950309,0.67389876,0.32610124,0.084812626,0.0
524288,2190.5041919850014,11.0,335.0888,500.0,208.68822,-1.0,0.24195625,1.0,0.5954701,0.13155872,-0.0051785237,0.0018433485,-0.006100198,0.23062712,0.6724582,0.32754183,0.08558559,0.0
532480,2235.001559699519,11.0,335.47812,500.0,208.60152,-1.0,0.23969562,1.0,0.59558463,0.1303849,-0.006873615,0.0009335138,-0.0073403716,0.843798,0.6740647,0.32593533,0.086239696,0.0
540672,2190.1135233209666,11.0,333.47113,500.0,209.28485,-1.0,0.24208567,1.0,0.598771,0.13134222,-0.0036694962,0.002476906,-0.0049079494,0.1609434,0.6703911,0.32960895,0.087523274,0.0
548864,2185.8720699087417,11.0,333.7679,500.0,209.20016,-1.0,0.24127373,1.0,0.59849685,0.13137567,-0.002837621,0.0010959886,-0.0033856155,0.24492416,0.67115736,0.3288426,0.087568894,0.0
557056,2182.248364746157,10.0,333.88177,500.0,209.19312,-1.0,0.24125452,1.0,0.59829783,0.13193221,-0.0039620036,0.001323066,-0.004623537,0.26657256,0.6712907,0.32870927,0.087454766,0.0
565248,2188.1663095479034,10.0,333.77942,500.0,209.3383,-1.0,0.24375743,1.0,0.5972885,0.13372068,-0.0048668263,0.001014825,-0.005374239,0.047131665,0.67003566,0.32996434,0.0862069,0.0
573440,2181.7658714992344,10.0,333.9531,500.0,209.46667,-1.0,0.24501759,1.0,0.59579545,0.13512325,-0.0031959885,0.0008009444,-0.003596461,0.18225211,0.6699883,0.33001173,0.08499414,0.0
581632,2197.066635888743,10.0,332.5743,500.0,209.79243,-1.0,0.24654378,1.0,0.59784526,0.13572916,-0.0013312814,0.0022141428,-0.002438353,-0.23216042,0.66762674,0.33237326,0.0858295,0.0
589824,2212.941204035956,10.0,332.9283,500.0,209.74777,-1.0,0.24687144,1.0,0.5971385,0.1358533,-0.003930176,0.0010345741,-0.0044474634,0.0785414,0.6678043,0.33219567,0.085324235,0.0
598016,2229.958669387289,10.0,333.62045,500.0,209.62834,-1.0,0.24705222,1.0,0.5953672,0.13610813,-0.004706557,0.0011272132,-0.005270163,0.09207718,0.66872543,0.33127457,0.08422235,0.0
606208,2194.127927955427,10.0,332.92972,500.0,209.864,-1.0,0.24626453,1.0,0.5967131,0.13702647,-0.004642465,0.001264328,-0.005274629,-0.18600564,0.66851133,0.33148867,0.08522413,0.0
614400,2192.425912731851,10.0,332.80795,500.0,209.89813,-1.0,0.24822696,1.0,0.5964327,0.13759638,-0.0022099204,0.0015931317,-0.0030064865,0.07750728,0.66721225,0.33278778,0.08456083,0.0
622592,2215.69792456007,10.0,332.5626,500.0,210.03264,-1.0,0.24986567,1.0,0.59588975,0.13861316,-0.0035190152,0.0013562817,-0.0041971556,0.1211042,0.66630846,0.33369157,0.0838259,0.0
630784,2178.017410199677,10.0,332.19916,500.0,210.22412,-1.0,0.25158897,1.0,0.59548765,0.13969366,-0.0070719495,0.0013480759,-0.0077459873,0.049260672,0.66525424,0.33474576,0.08315678,0.0
638976,2177.4498489113334,10.0,330.97708,500.0,210.83366,-1.0,0.250911,1.0,0.59717405,0.14029475,-0.003988947,0.0018580146,-0.004917954,-0.3583656,0.66475797,0.33524206,0.08433108,0.0
647168,2193.070315309873,10.0,330.22192,500.0,211.28957,-1.0,0.25217837,1.0,0.59724647,0.14234355,-0.0034144912,0.0014739695,-0.0041514756,-0.42773354,0.66376215,0.33623782,0.084059455,0.0
655360,2194.0786097864698,10.0,329.47372,500.0,211.4508,-1.0,0.25050506,1.0,0.5995577,0.14253512,-0.0050434223,0.002259626,-0.006173235,-0.20222792,0.6636364,0.33636364,0.08585858,0.0
663552,2192.4754364310006,10.0,328.35736,500.0,211.86034,-1.0,0.25347912,1.0,0.60016805,0.14540835,-0.0030553455,0.0016909088,-0.0039008001,-0.10793866,0.6610338,0.3389662,0.085487075,0.0
671744,2192.693003475598,10.0,327.99313,500.0,212.06477,-1.0,0.25613347,1.0,0.5994348,0.14747585,-0.0026941113,0.0010946864,-0.0032414547,-0.39122358,0.6594701,0.34052992,0.08439647,0.0
679936,2175.4405058710117,10.0,328.10233,500.0,212.09787,-1.0,0.25654703,1.0,0.5987729,0.14777428,-0.0032535035,0.0013562635,-0.0039316355,-0.022112967,0.6595538,0.34044617,0.083899125,0.0
688128,2184.566528282182,10.0,327.52606,500.0,212.31526,-1.0,0.25681493,1.0,0.5993342,0.14844139,-0.005486251,0.0015300191,-0.0062512606,-0.68909574,0.6590148,0.34098518,0.08417025,0.0
696320,2176.3003124750207,10.0,328.0696,500.0,212.18274,-1.0,0.25520834,1.0,0.5988636,0.1472151,-0.004725489,0.00090288266,-0.00517693,-0.31064972,0.6605114,0.33948863,0.084280305,0.0
704512,2187.7860861221293,10.0,328.27997,500.0,212.00314,-1.0,0.25608614,1.0,0.5984221,0.14750385,-0.0037081034,0.0014380686,-0.004427138,-0.2436782,0.6601124,0.33988765,0.0838015,0.0
712704,2213.034133992766,10.0,327.06735,500.0,212.24841,-1.0,0.25599632,1.0,0.6009379,0.14723462,-0.0023839523,0.0019509547,-0.0033594295,-0.31442577,0.65867156,0.3413284,0.0853321,0.0
720896,2198.547243691174,10.0,326.07767,500.0,212.50858,-1.0,0.253406,1.0,0.6037273,0.14578258,-0.0038808107,0.0021850832,-0.004973352,0.4295156,0.6589464,0.34105358,0.087647595,0.0
729088,2200.5976863703,10.0,324.41797,500.0,213.10886,-1.0,0.25301743,1.0,0.60647386,0.14620526,-0.003649815,0.0026000037,-0.004949817,0.4315968,0.6575771,0.3424229,0.089405455,0.0
737280,2188.697506006065,10.0,324.3846,500.0,213.1922,-1.0,0.25287357,1.0,0.6062438,0.1468808,-0.0032379865,0.0013469133,-0.0039114426,-0.09116961,0.65782493,0.34217507,0.089301504,0.0
745472,2183.5009048316174,9.0,323.7691,500.0,213.52658,-1.0,0.25403753,1.0,0.60629255,0.14857289,-0.001768581,0.0012010921,-0.0023691268,-0.8767996,0.65691835,0.34308162,0.08904409,0.0
753664,2189.5602912698137,9.0,323.85474,500.0,213.60626,-1.0,0.2542153,1.0,0.60568047,0.14890097,-0.0037058145,0.0008139547,-0.0041127917,-0.64096606,0.6571552,0.34284478,0.088629484,0.0
761856,2208.9515917044623,9.0,321.963,500.0,214.19408,-1.0,0.2559524,1.0,0.60816324,0.15060858,-0.0021687117,0.0026719791,-0.003504702,-0.29609504,0.65433675,0.34566328,0.089710884,0.0
770048,2190.6917568665576,9.0,321.49075,500.0,214.45648,-1.0,0.25776657,1.0,0.60772085,0.15249819,-0.0024534818,0.0012538264,-0.003080395,-0.010300877,0.6532326,0.34676743,0.089000836,0.0
778240,2190.253271189842,9.0,321.1365,500.0,214.63362,-1.0,0.25767636,1.0,0.60803163,0.15270145,3.1919917e-06,0.0015072513,-0.00075043354,-0.5589006,0.65311205,0.34688798,0.08921162,0.0
786432,2198.3420157414257,9.0,320.65588,500.0,214.81978,-1.0,0.25809094,1.0,0.60835457,0.1528188,-0.0038370092,0.0018578123,-0.0047659157,-0.5453148,0.6526014,0.3473986,0.08930766,0.0
794624,2191.58015842005,9.0,320.00244,500.0,215.1176,-1.0,0.258795,1.0,0.6087285,0.15428557,-0.0012488731,0.0017989489,-0.0021483474,0.4090706,0.65183985,0.34816012,0.08936515,0.0
802816,2180.591984968778,9.0,319.06183,500.0,215.39224,-1.0,0.26126844,1.0,0.6090231,0.15619533,-0.0004693374,0.0017194913,-0.001329083,-0.93955034,0.64978063,0.3502194,0.08895094,0.0
811008,2200.0936627215365,9.0,318.54077,500.0,215.72878,-1.0,0.2630957,1.0,0.6085423,0.15830116,-0.002191959,0.0011768115,-0.0027803644,-1.1045442,0.64868057,0.3513194,0.08822371,0.0
819200,2185.559648613272,9.0,318.88354,500.0,215.72906,-1.0,0.26338413,1.0,0.60752064,0.15874016,-0.0018696592,0.0011213648,-0.0024303417,-1.3080637,0.64908165,0.35091832,0.0875342,0.0
827392,2182.91148277361,9.0,318.24652,500.0,216.00827,-1.0,0.26468316,1.0,0.60768265,0.16028662,-0.00269565,0.0012835802,-0.0033374403,-0.4553848,0.6479907,0.35200927,0.08732612,0.0
835584,2182.8166279038005,9.0,318.22583,500.0,215.96585,-1.0,0.2621322,1.0,0.6088688,0.15845595,0.0003146635,0.0020504845,-0.00071057887,-0.46758822,0.64921665,0.35078335,0.08865113,0.0
843776,2198.146388579839,9.0,317.68015,500.0,216.08804,-1.0,0.26351607,1.0,0.6091083,0.15983905,-0.003952901,0.0015737119,-0.0047397567,-1.1720414,0.64801514,0.3519849,0.08846881,0.0
851968,2197.8772647631345,9.0,316.85895,500.0,216.20055,-1.0,0.26529852,1.0,0.61035,0.16074818,-0.0023007812,0.0018519342,-0.003226748,-1.2712965,0.64589554,0.3541045,0.08880597,0.0
860160,2217.299050290545,8.0,316.3721,500.0,216.32468,-1.0,0.26430416,1.0,0.61143225,0.16044511,-0.001983189,0.0016344741,-0.002800426,-0.7938003,0.64599484,0.35400516,0.089701,0.0
868352,2223.2107929812,8.0,316.14658,500.0,216.35555,-1.0,0.2642544,1.0,0.6117586,0.16030453,-0.0022656154,0.001439435,-0.002985333,-0.926095,0.6458333,0.35416666,0.08991228,0.0
876544,2195.6963364629914,8.0,316.07748,500.0,216.3326,-1.0,0.26466328,1.0,0.61171615,0.16051768,-0.0021850208,0.0015420078,-0.0029560244,-0.7667963,0.64554673,0.3544533,0.08979001,0.0
884736,2186.655114387244,8.0,315.3505,500.0,216.61539,-1.0,0.26573676,1.0,0.6120972,0.16158274,-0.0024079797,0.0015452068,-0.0031805828,-0.75853777,0.64449215,0.35550788,0.0897711,0.0
892928,2185.485275753287,8.0,314.94086,500.0,216.70827,-1.0,0.26744598,1.0,0.6119249,0.1628198,-0.0013367068,0.0010494153,-0.0018614144,-1.0398664,0.6432873,0.35671273,0.08926674,0.0
901120,2191.1340511073795,8.0,314.85083,500.0,216.757,-1.0,0.26921728,1.0,0.6112639,0.16394305,-0.00039300244,0.0011631156,-0.0009745603,-1.6470894,0.64233065,0.35766935,0.088452086,0.0
909312,2188.8768133940916,8.0,314.6778,500.0,216.79015,-1.0,0.26868266,1.0,0.6119276,0.16380288,-0.0010346347,0.0017432319,-0.0019062506,-0.8066732,0.6423358,0.35766423,0.088981576,0.0
917504,2171.95547760786,8.0,314.1506,500.0,216.91522,-1.0,0.27028885,1.0,0.6121065,0.16508755,-0.0041746646,0.0013972765,-0.0048733028,-0.4432539,0.6409904,0.35900962,0.08872077,0.0
925696,2194.582824448324,8.0,314.13385,500.0,216.92938,-1.0,0.27179837,1.0,0.61128825,0.16591097,-0.00023683824,0.0011507799,-0.00081222825,-0.40204662,0.640327,0.35967302,0.08787466,0.0
933888,2181.0210727214203,8.0,314.02835,500.0,217.08183,-1.0,0.27177584,1.0,0.61112255,0.16668522,-0.004170332,0.00094201445,-0.0046413396,-0.02165729,0.64044565,0.35955435,0.08777853,0.0
942080,2196.6960932843435,8.0,313.93143,500.0,217.13066,-1.0,0.27266645,1.0,0.61070436,0.16715734,-0.002213839,0.001534672,-0.0029811752,-0.58009934,0.6400134,0.3599866,0.08732017,0.0
950272,2206.9056870774025,8.0,313.0774,500.0,217.20924,-1.0,0.2755541,1.0,0.6112474,0.1690742,-0.0034408723,0.001916688,-0.0043992163,-0.89000785,0.6374462,0.36255375,0.08699967,0.0
958464,2193.675040703963,8.0,313.26492,500.0,217.2148,-1.0,0.2757377,1.0,0.6105908,0.16930115,0.00017907552,0.001104846,-0.0003733473,-0.48529935,0.6377049,0.3622951,0.08655737,0.0
966656,2202.9322795765465,8.0,312.41718,500.0,217.5139,-1.0,0.27844408,1.0,0.61050147,0.17185743,-0.00041375606,0.0012381685,-0.0010328402,-1.0760823,0.6356564,0.36434358,0.08589952,0.0
974848,2198.8175165946072,8.0,311.6278,500.0,217.7908,-1.0,0.28066796,1.0,0.61052006,0.1737725,-0.0025236928,0.00074542896,-0.0028964074,-1.2932096,0.6339114,0.36608863,0.08542068,0.0
983040,2190.9912568835653,8.0,311.48633,500.0,217.84032,-1.0,0.28039464,1.0,0.6107389,0.17380407,-0.003016416,0.0011756575,-0.0036042447,-1.0227828,0.63399106,0.3660089,0.08561426,0.0
991232,2191.838234472341,8.0,310.72696,500.0,218.0673,-1.0,0.2812205,1.0,0.61146355,0.17528565,-0.0019972268,0.002517187,-0.0032558204,-1.1395448,0.63290346,0.36709657,0.08587606,0.0
999424,2188.4542470730157,8.0,310.5763,500.0,218.14478,-1.0,0.28205928,1.0,0.6111339,0.1758413,-0.0036938423,0.0012807169,-0.0043342006,-1.0730681,0.63244927,0.3675507,0.08549142,0.0
1007616,2197.7455390414943,8.0,310.7082,500.0,218.1548,-1.0,0.28035936,1.0,0.61155605,0.1748045,-0.00045956273,0.0015013585,-0.0012102418,-0.76386863,0.63351923,0.3664808,0.08612144,0.0
1015808,2196.9973779058646,8.0,309.74088,500.0,218.42494,-1.0,0.28177643,1.0,0.61247015,0.17612746,-0.0044532553,0.002172769,-0.005539641,-1.242267,0.631853,0.36814702,0.086370595,0.0
1024000,2200.2927364492216,8.0,309.39734,500.0,218.47658,-1.0,0.2811647,1.0,0.61335856,0.17528836,-0.0047579305,0.0019439028,-0.005729882,-0.97118074,0.63178647,0.36821353,0.08704883,0.0
1032192,2185.61873346501,8.0,309.54996,500.0,218.55368,-1.0,0.28115594,1.0,0.61277795,0.17588484,-0.005516311,0.000759988,-0.0058963047,-1.1384113,0.6321493,0.3678507,0.08669476,0.0
1040384,2189.158103527324,8.0,308.61624,500.0,218.84364,-1.0,0.2804406,1.0,0.6143624,0.17581579,-0.0014376172,0.0021052149,-0.0024902248,-1.0943024,0.6317356,0.36826438,0.087823756,0.0
1048576,2185.7177251288904,8.0,308.7437,500.0,218.89064,-1.0,0.28111145,1.0,0.6135872,0.17648569,-0.0034517297,0.0007790711,-0.003841265,-0.94214237,0.6316879,0.36831215,0.08720071,0.0
1056768,2198.501243416763,8.0,309.1377,500.0,218.84332,-1.0,0.28068116,1.0,0.61295205,0.17645061,-0.00400186,0.0009678213,-0.00448577,-0.7938095,0.6324134,0.3675866,0.086905465,0.0
1064960,2213.1805287583616,8.0,308.1975,500.0,219.05197,-1.0,0.2834737,1.0,0.61336875,0.17905474,-0.00224181,0.0017887348,-0.0031361773,-1.5450454,0.6299739,0.37002614,0.086552426,0.0
1073152,2199.7112548417545,8.0,308.57416,500.0,219.01436,-1.0,0.2830352,1.0,0.6127475,0.17863505,-0.003464486,0.0007353169,-0.003832144,-1.6570271,0.6306982,0.3693018,0.08626659,0.0
1081344,2186.865960325647,8.0,308.1837,500.0,219.11452,-1.0,0.28354794,1.0,0.6131613,0.17913967,-4.211026e-05,0.0012674374,-0.0006758291,-1.7599019,0.6300429,0.3699571,0.08640916,0.0
1089536,2196.973777805741,8.0,307.68964,500.0,219.25505,-1.0,0.28595746,1.0,0.61280775,0.18081048,-0.0024116456,0.0015587156,-0.003191003,-1.5918398,0.6283688,0.3716312,0.08567376,0.0
1097728,2200.183121687894,8.0,307.71158,500.0,219.33397,-1.0,0.28700057,1.0,0.6120299,0.18182254,-0.0028102275,0.00085764774,-0.0032390512,-1.6026654,0.62802476,0.37197524,0.08497468,0.0
1105920,2189.31293459244,8.0,307.69675,500.0,219.36223,-1.0,0.28707066,1.0,0.61192,0.18217346,-0.0014498659,0.0011077584,-0.002003745,-1.3618339,0.62803686,0.37196314,0.08489249,0.0
1114112,2193.7431089381794,8.0,307.4175,500.0,219.50247,-1.0,0.28765228,1.0,0.6118363,0.18283951,-0.0020620604,0.0016082813,-0.002866201,-1.9952548,0.6276301,0.3723699,0.08471761,0.0
1122304,2210.81748932095,8.0,306.61322,500.0,219.67012,-1.0,0.28919956,1.0,0.6123488,0.18416388,0.0011561074,0.0022014142,5.5400073e-05,-0.76906747,0.6260965,0.3739035,0.084703945,0.0
1130496,2195.300868274939,8.0,306.2612,500.0,219.84613,-1.0,0.2902963,1.0,0.6124475,0.18552965,-0.00044537496,0.001344723,-0.0011177365,-1.2157576,0.6251699,0.37483013,0.08453384,0.0
1138688,2192.5560221472815,8.0,306.348,500.0,219.82239,-1.0,0.2902268,1.0,0.61237377,0.18552914,0.0008946871,0.0013492003,0.00022008683,-0.93887436,0.62526995,0.37473002,0.08450324,0.0
1146880,2191.985753770375,8.0,306.28397,500.0,219.8668,-1.0,0.2898473,1.0,0.61248404,0.18516284,-0.003702194,0.0014215896,-0.0044129887,-0.56147957,0.6255023,0.3744977,0.08465041,0.0
1155072,2190.1185489092063,8.0,305.92188,500.0,220.06519,-1.0,0.28992826,1.0,0.61271155,0.18563965,-0.0011427044,0.0010408227,-0.0016631155,-1.4046049,0.625299,0.37470102,0.08477279,0.0
1163264,2194.6062330357436,8.0,306.19354,500.0,220.05498,-1.0,0.28914708,1.0,0.6124283,0.18509462,-0.00060475187,0.0008197305,-0.0010146173,-2.2041626,0.6260893,0.37391075,0.08476367,0.0
1171456,2194.850160603443,8.0,305.30505,500.0,220.21083,-1.0,0.29145992,1.0,0.6129811,0.18689185,0.00020091655,0.0028851489,-0.0012416582,-1.9288627,0.6239227,0.3760773,0.08461739,0.0
1179648,2188.4181462008205,8.0,305.3418,500.0,220.24313,-1.0,0.29172075,1.0,0.6126332,0.18704918,-0.00042547187,0.00084369455,-0.00084731914,-0.834696,0.6239294,0.3760706,0.084349856,0.0
1187840,2195.0164549549936,8.0,304.64438,500.0,220.44814,-1.0,0.29390588,1.0,0.6125174,0.18876609,-0.0037781044,0.0016585398,-0.0046073743,-1.7846627,0.62226796,0.37773207,0.08382618,0.0
1196032,2192.889760435181,8.0,304.0056,500.0,220.54514,-1.0,0.2956921,1.0,0.612762,0.18984395,-0.0015439718,0.0013031523,-0.002195548,-1.3402392,0.62069845,0.37930155,0.083609484,0.0
1204224,2187.4175529881427,8.0,304.15784,500.0,220.5728,-1.0,0.29465416,1.0,0.61282575,0.18948387,-0.0005626821,0.001069917,-0.0010976407,-1.7833259,0.6214847,0.37851533,0.08386116,0.0
1212416,2186.756009185718,8.0,303.8254,500.0,220.57936,-1.0,0.29490077,1.0,0.61337894,0.18978512,0.0003502859,0.001785583,-0.0005425056,-1.8838488,0.6209495,0.3790505,0.08414971,0.0
1220608,2189.9153101803477,8.0,303.7545,500.0,220.6568,-1.0,0.29540917,1.0,0.6130312,0.19039083,-0.0019149001,0.0011363615,-0.002483081,-0.7192437,0.6207585,0.37924153,0.08383234,0.0
1228800,2186.0600940789195,8.0,303.42136,500.0,220.71054,-1.0,0.29700273,1.0,0.61298263,0.19121113,-0.0021067937,0.0011860994,-0.0026998434,-1.154187,0.6195195,0.38048056,0.08347783,0.0
1236992,2199.000315580708,8.0,302.53644,500.0,220.93597,-1.0,0.2981595,1.0,0.6136956,0.19242677,-0.002154959,0.0018971004,-0.0031035088,-1.1444778,0.61815953,0.3818405,0.08368098,0.0
1245184,2230.0057060283625,8.0,302.7712,500.0,220.91336,-1.0,0.2970732,1.0,0.6136983,0.19189721,-0.0017872269,0.0013431313,-0.0024587926,-1.077078,0.6190244,0.3809756,0.08390244,0.0
1253376,2194.3874453003573,8.0,302.62973,500.0,220.91321,-1.0,0.29864472,1.0,0.61315686,0.1927138,-0.0010559806,0.0013606718,-0.0017363165,-0.95109427,0.6181026,0.3818974,0.08325266,0.0
1261568,2191.200284883715,8.0,302.506,500.0,220.94724,-1.0,0.2984608,1.0,0.61342406,0.19256648,-0.0017638241,0.0009779788,-0.0022528137,-1.6229421,0.6180856,0.38191438,0.08345358,0.0
1269760,2195.4328622126004,8.0,301.86462,500.0,221.0856,-1.0,0.29980934,1.0,0.61379904,0.1938637,-0.00056835805,0.0019643838,-0.0015505499,-0.9535978,0.6167779,0.3832221,0.083412774,0.0
1277952,2211.246886822554,8.0,301.25165,500.0,221.23698,-1.0,0.30132452,1.0,0.6140334,0.19550085,-0.0009447236,0.0016184922,-0.0017539698,-1.4698468,0.615421,0.384579,0.083254494,0.0
1286144,2205.389880918951,8.0,300.83337,500.0,221.3812,-1.0,0.3032152,1.0,0.613592,0.19713324,-0.0025476287,0.0009405206,-0.0030178889,-0.8627564,0.6141751,0.38582492,0.08260971,0.0
1294336,2191.8137663665657,8.0,300.5276,500.0,221.4747,-1.0,0.30351734,1.0,0.6138241,0.19777717,0.0013233568,0.001284907,0.0006809032,-1.6303663,0.6137899,0.3862101,0.08269276,0.0
1302528,2195.707842104399,8.0,300.44714,500.0,221.51717,-1.0,0.3041869,1.0,0.61348,0.1982392,0.0026710404,0.0013035703,0.0020192552,-1.7199668,0.61346287,0.38653713,0.08235022,0.0
1310720,2190.9010071207376,8.0,299.82483,500.0,221.68336,-1.0,0.30509642,1.0,0.61387515,0.19910091,0.000488173,0.0014630711,-0.00024336243,-1.3000447,0.6124885,0.3875115,0.08241506,0.0
1318912,2199.901526638283,8.0,300.15964,500.0,221.6663,-1.0,0.30509248,1.0,0.6131684,0.1991453,-0.0040809535,0.00089924585,-0.004530576,-1.4083465,0.61292535,0.38707468,0.08198219,0.0
1327104,2202.5342007897,8.0,299.83228,500.0,221.69518,-1.0,0.30575702,1.0,0.613488,0.19956982,2.8987357e-05,0.0013757332,-0.0006588795,-1.4764961,0.612194,0.387806,0.08204896,0.0
1335296,2183.867564076122,8.0,299.77332,500.0,221.73367,-1.0,0.30504277,1.0,0.613826,0.19947486,0.0003174892,0.0011979169,-0.00028146937,-1.6955465,0.6125619,0.3874381,0.082395315,0.0
1343488,2191.9549898136474,8.0,299.66763,500.0,221.7975,-1.0,0.3048535,1.0,0.6139883,0.1993687,0.0031474887,0.0011094911,0.002592743,-2.065519,0.61261463,0.38738537,0.08253187,0.0
1351680,2210.234128873584,8.0,299.8136,500.0,221.81903,-1.0,0.30493772,1.0,0.61362976,0.19946295,-0.00047216885,0.0010522888,-0.0009983134,-1.6801307,0.6127669,0.3872331,0.08229537,0.0
1359872,2189.793468782905,8.0,300.18835,500.0,221.68315,-1.0,0.30433822,1.0,0.6135072,0.19888866,-0.00068724947,0.0010444548,-0.0012094766,-1.413112,0.61332446,0.3866755,0.08233732,0.0
1368064,2189.9264761641325,8.0,299.3203,500.0,221.85187,-1.0,0.306731,1.0,0.61371505,0.2010143,-0.0031415785,0.0020488508,-0.004166004,-0.5757633,0.6112695,0.38873056,0.08199956,0.0
1376256,2195.2944162683034,8.0,299.183,500.0,221.91837,-1.0,0.3074074,1.0,0.6134385,0.20160834,-0.001959668,0.001166376,-0.0025428561,-1.5537562,0.61089325,0.38910675,0.08169935,0.0
1384448,2190.6729011634948,8.0,298.547,500.0,222.10527,-1.0,0.30848995,1.0,0.6137118,0.20277147,-0.00093945256,0.0021358766,-0.0020073904,-1.910989,0.60985094,0.39014906,0.08165911,0.0
1392640,2188.2113209210197,8.0,298.27673,500.0,222.15652,-1.0,0.30871618,1.0,0.6140033,0.20293342,0.00027672615,0.0013679595,-0.00040725345,-1.7849998,0.609489,0.39051095,0.08179476,0.0
1400832,2195.492482106217,8.0,298.0352,500.0,222.24306,-1.0,0.308463,1.0,0.6143759,0.20311067,-0.0028436065,0.0012523115,-0.0034697622,-2.2177353,0.60946494,0.39053506,0.08207205,0.0
1409024,2196.659719986406,8.0,297.88297,500.0,222.21921,-1.0,0.30852416,1.0,0.61472213,0.20323254,0.0005655211,0.0016183117,-0.00024363465,-1.7004316,0.60920274,0.3907973,0.08227311,0.0
1417216,2196.9910564007578,8.0,297.3819,500.0,222.2906,-1.0,0.3094737,1.0,0.61508644,0.20425679,-0.00075152935,0.0020238585,-0.0017634586,-1.7052865,0.6082105,0.39178947,0.08231579,0.0
1425408,2200.617277077886,8.0,296.89453,500.0,222.40065,-1.0,0.31119466,1.0,0.6148945,0.20551415,0.00052611285,0.0015398961,-0.00024383486,-1.4126192,0.606934,0.393066,0.081871346,0.0
1433600,2208.983970729068,8.0,296.2628,500.0,222.52635,-1.0,0.3120729,1.0,0.61538,0.20640317,0.0038458458,0.001980109,0.0028557915,-1.7263132,0.6059226,0.39407745,0.082004555,0.0
1441792,2201.058653727213,8.0,296.06854,500.0,222.54851,-1.0,0.31185672,1.0,0.6158563,0.20636338,0.00019833248,0.0015281977,-0.00056576636,-1.997725,0.60580486,0.39419514,0.08233841,0.0
1449984,2209.7431615774444,8.0,295.6903,500.0,222.5986,-1.0,0.31132463,1.0,0.6167551,0.20593886,0.0042262054,0.0016075796,0.0034224153,-1.8255482,0.60568273,0.39431724,0.08299264,0.0
1458176,2184.941326184273,8.0,295.78488,500.0,222.59993,-1.0,0.3117121,1.0,0.6164918,0.20620322,0.0048869606,0.0012941614,0.0042398795,-1.4839331,0.6055307,0.3944693,0.08275722,0.0
1466368,2209.3977389252614,8.0,295.25555,500.0,222.64197,-1.0,0.3132822,1.0,0.6166487,0.2071854,-0.00026382066,0.0016484656,-0.0010880535,-1.657189,0.6041583,0.39584175,0.08255955,0.0
1474560,2220.769743526934,8.0,295.50974,500.0,222.63199,-1.0,0.31256282,1.0,0.6165172,0.20704521,0.002176316,0.0007006811,0.0018259753,-1.6715251,0.6048241,0.39517587,0.082613066,0.0
1482752,2191.7825878005065,8.0,295.36203,500.0,222.68741,-1.0,0.31230032,1.0,0.6168498,0.2070429,-0.0015366896,0.0017299806,-0.0024016798,-1.5701945,0.6048323,0.39516774,0.082867414,0.0
1490944,2194.3208785729194,8.0,295.84494,500.0,222.59462,-1.0,0.3117296,1.0,0.61641043,0.20660226,-0.0032061357,0.0010286268,-0.0037204493,-1.3237591,0.6055666,0.3944334,0.08270378,0.0
1499136,2202.0055814473335,8.0,295.76605,500.0,222.6253,-1.0,0.31125173,1.0,0.616831,0.2066548,0.0013218595,0.0014422167,0.00060075126,-1.2572216,0.60569507,0.39430493,0.083053194,0.0
1507328,2192.056933689645,8.0,295.58484,500.0,222.66057,-1.0,0.31138197,1.0,0.6170328,0.20712312,0.0026409426,0.0015334353,0.0018742254,-1.9194784,0.60546494,0.3945351,0.083153136,0.0
1515520,2201.1278859914696,8.0,295.2923,500.0,222.67459,-1.0,0.3128175,1.0,0.61697036,0.20783675,0.0013795475,0.0015982067,0.000580444,-2.5291362,0.60433763,0.39566237,0.08284486,0.0
1523712,2201.517416275386,8.0,295.1776,500.0,222.67561,-1.0,0.31325302,1.0,0.61700165,0.2079443,-1.1879165e-05,0.0016487658,-0.000836262,-1.7815229,0.60396427,0.39603576,0.082782745,0.0
1531904,2192.843436806634,8.0,295.22296,500.0,222.7006,-1.0,0.3141422,1.0,0.6164923,0.2084781,0.0027791653,0.0010157127,0.0022713086,-2.3533726,0.60355484,0.39644513,0.082302935,0.0
1540096,2241.915950218125,8.0,294.77246,500.0,222.81242,-1.0,0.31446663,1.0,0.61691266,0.2091019,-0.00013886135,0.0016680878,-0.0009729054,-2.2974875,0.60303146,0.39696854,0.08250192,0.0
1548288,2212.1644325417014,8.0,293.90717,500.0,222.9924,-1.0,0.317101,1.0,0.6168629,0.21151118,-1.7268932e-05,0.0013396634,-0.00068710104,-2.1982784,0.60091305,0.39908692,0.08198592,0.0
1556480,2210.1629009239336,8.0,293.61758,500.0,223.08014,-1.0,0.31776938,1.0,0.6168445,0.21215864,-0.0011848626,0.001474831,-0.0019222782,-1.4593872,0.6003781,0.39962193,0.081852555,0.0
1564672,2206.4649380676024,8.0,293.71103,500.0,223.05003,-1.0,0.3177289,1.0,0.6167186,0.21214779,-0.0010526866,0.0009527657,-0.0015290696,-2.2297604,0.60048884,0.3995112,0.08178229,0.0
1572864,2194.2948135441898,8.0,293.29865,500.0,223.0478,-1.0,0.31825826,1.0,0.61729366,0.212366,0.00048201747,0.0014739009,-0.0002549329,-2.1773596,0.599701,0.400299,0.08204074,0.0
1581056,2194.9677979290614,8.0,292.8501,500.0,223.13058,-1.0,0.3194805,1.0,0.61729175,0.21315323,0.003551125,0.0014902854,0.0028059818,-2.9548588,0.5987013,0.4012987,0.08181818,0.0
1589248,2183.8561821873645,8.0,293.0,500.0,223.12944,-1.0,0.31941622,1.0,0.617009,0.2130529,-0.0024271081,0.0010374773,-0.0029458466,-2.370223,0.5989285,0.4010715,0.08165527,0.0
1597440,2186.4178743440298,8.0,292.8677,500.0,223.16237,-1.0,0.32047042,1.0,0.61661124,0.2137806,-0.0014646128,0.0007107091,-0.0018199674,-2.898739,0.59830946,0.40169054,0.08122014,0.0
1605632,2192.5616185975564,8.0,292.5765,500.0,223.20103,-1.0,0.321879,1.0,0.61632144,0.21470332,0.00028111594,0.0013916738,-0.00041472074,-2.0094154,0.5973314,0.40266863,0.08078962,0.0
1613824,2192.4252132605984,8.0,292.67053,500.0,223.22166,-1.0,0.32163635,1.0,0.61615014,0.21457635,0.0010460538,0.0013860946,0.00035300647,-2.0187645,0.59763634,0.40236363,0.08072727,0.0
1622016,2188.456477281789,8.0,292.5029,500.0,223.26532,-1.0,0.3229129,1.0,0.6157132,0.21544579,-0.0012202477,0.00076447194,-0.0016024838,-2.5496051,0.5968558,0.4031442,0.080231294,0.0
1630208,2198.0458461095186,8.0,292.69418,500.0,223.21693,-1.0,0.3232596,1.0,0.6152266,0.21545136,-1.1987053e-05,0.0005779673,-0.00030097098,-2.1861234,0.59686995,0.40313005,0.07987048,0.0
1638400,2195.7126127715655,8.0,292.1001,500.0,223.20291,-1.0,0.324276,1.0,0.61586744,0.21605699,0.0010855763,0.0021205666,2.5292975e-05,-2.0648236,0.59563816,0.4043618,0.08008581,0.0
1646592,2194.981118802405,8.0,291.9051,500.0,223.24274,-1.0,0.32486227,1.0,0.61584896,0.2166986,-0.0026380206,0.0011790543,-0.0032275477,-2.1940198,0.59516615,0.40483382,0.07997157,0.0
1654784,2201.0411700967447,8.0,291.94162,500.0,223.2297,-1.0,0.3256102,1.0,0.6154409,0.21706627,0.0021546627,0.00096777943,0.0016707736,-2.5035625,0.5948001,0.40519986,0.07958967,0.0
1662976,2198.005069267753,8.0,291.45566,500.0,223.24335,-1.0,0.3263657,1.0,0.61591005,0.21780661,0.001261249,0.0016890396,0.00041672905,-2.4234664,0.5938872,0.40611276,0.07974706,0.0
1671168,2184.0556600271548,8.0,290.81512,500.0,223.3143,-1.0,0.3286287,1.0,0.615789,0.21926144,0.0025863429,0.0020751148,0.0015487855,-2.1855829,0.59208924,0.4079108,0.079282105,0.0
1679360,2196.733310453717,8.0,290.57346,500.0,223.36116,-1.0,0.3293486,1.0,0.61581546,0.2197831,-0.0008560412,0.0014972957,-0.0016046893,-1.4336605,0.5914761,0.40852392,0.07917533,0.0
1687552,2186.3124199334925,8.0,290.08618,500.0,223.44572,-1.0,0.32995012,1.0,0.6161924,0.22047734,0.002509209,0.0019136914,0.0015523636,-1.9596673,0.59074485,0.40925512,0.07930501,0.0
1695744,2197.105270535034,8.0,289.8209,500.0,223.48715,-1.0,0.33082193,1.0,0.6161152,0.2210425,-0.0014391679,0.0016957601,-0.002287048,-1.8256304,0.5900685,0.4099315,0.07910959,0.0
1703936,2196.328483497144,8.0,289.44647,500.0,223.49553,-1.0,0.33214226,1.0,0.6162203,0.221728,-0.0023925523,0.0021997718,-0.0034924382,-1.597159,0.58890593,0.4110941,0.07895184,0.0
1712128,2190.7099145170323,8.0,289.11768,500.0,223.53517,-1.0,0.33338976,1.0,0.61620456,0.2224699,0.00016315561,0.0012514824,-0.00046258536,-2.0463471,0.58787674,0.41212326,0.07873349,0.0
1720320,2173.354306825947,8.0,288.74188,500.0,223.60403,-1.0,0.33467945,1.0,0.6160294,0.22338895,-0.0010213782,0.0011149069,-0.0015788317,-1.7448738,0.586909,0.41309103,0.07841158,0.0
1728512,2182.55970137071,8.0,288.71283,500.0,223.5759,-1.0,0.33523107,1.0,0.6158309,0.22353801,0.0021600819,0.0010469032,0.0016366304,-1.9419491,0.5865707,0.41342935,0.07819826,0.0
1736704,2192.325473229435,8.0,289.0589,500.0,223.54718,-1.0,0.33483484,1.0,0.6155296,0.22303823,-0.0011972747,0.0006197859,-0.0015071672,-2.1686382,0.5870871,0.4129129,0.078078076,0.0
1744896,2191.995682322543,8.0,288.66522,500.0,223.63881,-1.0,0.33609682,1.0,0.61535805,0.22408216,0.00065283146,0.0013519062,-2.3121946e-05,-2.4031358,0.5861383,0.41386172,0.07776488,0.0
1753088,2187.6398279544424,8.0,287.81952,500.0,223.71976,-1.0,0.33826917,1.0,0.6157576,0.22566555,0.00036769547,0.0024560648,-0.00086033694,-1.5479636,0.5840737,0.41592628,0.077657126,0.0
1761280,2197.038960268332,8.0,286.95084,500.0,223.79185,-1.0,0.34062704,1.0,0.6159554,0.22739735,-0.0019223866,0.0017405055,-0.0027926392,-1.69931,0.58197254,0.41802743,0.077400394,0.0
1769472,2188.541925578689,8.0,286.6637,500.0,223.80779,-1.0,0.341507,1.0,0.616016,0.22821887,0.0007630029,0.0013539953,8.600511e-05,-1.6159229,0.5811952,0.4188048,0.07729782,0.0
1777664,2191.925485193673,8.0,286.5345,500.0,223.84761,-1.0,0.34162495,1.0,0.616164,0.22848141,-0.00048048777,0.0016207661,-0.0012908706,-1.6123449,0.5810047,0.41899532,0.077370375,0.0
1785856,2189.8078434084273,8.0,286.5024,500.0,223.87639,-1.0,0.34169078,1.0,0.616077,0.22849257,-0.0007994147,0.0012975801,-0.0014482047,-0.6441238,0.5810029,0.4189971,0.07730633,0.0
1794048,2190.7601988123643,8.0,285.98483,500.0,223.94127,-1.0,0.34297124,1.0,0.6161616,0.2297318,-0.0025104252,0.0018956809,-0.0034582657,-0.3013973,0.5798722,0.4201278,0.07715655,0.0
1802240,2202.7748101422526,8.0,285.69006,500.0,223.96461,-1.0,0.3429706,1.0,0.61675394,0.22969648,0.0030972008,0.001958068,0.0021181665,-1.7859539,0.5795075,0.42049244,0.077521846,0.0
1810432,2195.9472429244233,8.0,285.84332,500.0,223.93835,-1.0,0.3432505,1.0,0.6163476,0.2297362,0.0038531625,0.0008023441,0.0034519902,-2.4273472,0.5795221,0.42047793,0.077227406,0.0
1818624,2184.5187500973534,8.0,285.34344,500.0,224.01875,-1.0,0.34423137,1.0,0.6165145,0.23058675,6.7657034e-05,0.0016773271,-0.0007710064,-2.2010787,0.57859164,0.42140836,0.07717699,0.0
1826816,2198.6474099691504,8.0,284.71527,500.0,224.12354,-1.0,0.3459257,1.0,0.6165868,0.23198938,-0.0022240458,0.001883769,-0.00316593,-2.0894077,0.5771152,0.4228848,0.0769591,0.0
1835008,2189.239282489839,8.0,284.80527,500.0,224.14082,-1.0,0.34628537,1.0,0.6161333,0.23227808,0.0022060615,0.0007426711,0.0018347265,-2.146899,0.57709044,0.42290956,0.076624185,0.0
1843200,2195.752883641082,8.0,284.68237,500.0,224.1054,-1.0,0.3468378,1.0,0.61613816,0.23235512,7.359893e-05,0.0015899438,-0.000721373,-1.6224159,0.57661974,0.42338023,0.076542445,0.0
1851392,2172.7392980076283,8.0,284.3499,500.0,224.1404,-1.0,0.34666872,1.0,0.6167328,0.23254262,0.0021079213,0.0018309072,0.0011924675,-1.7853942,0.57639635,0.42360362,0.07693491,0.0
1859584,2192.783400937224,8.0,284.04483,500.0,224.21317,-1.0,0.34740707,1.0,0.6166869,0.23318556,0.0041967854,0.0011890436,0.0036022633,-2.2737193,0.5757993,0.4242007,0.07679363,0.0
1867776,2200.667312482471,8.0,283.45972,500.0,224.29556,-1.0,0.34873822,1.0,0.6169781,0.23434107,0.0004986455,0.0017805194,-0.00039161442,-1.8242073,0.5744907,0.42550927,0.07677106,0.0
1875968,2194.5738536250246,8.0,283.16434,500.0,224.39346,-1.0,0.34935752,1.0,0.6169237,0.23505789,0.00440745,0.0012599116,0.0037774947,-2.3799672,0.5739985,0.42600152,0.07664399,0.0
1884160,2186.2293713117438,8.0,283.04333,500.0,224.4038,-1.0,0.3500301,1.0,0.61671466,0.23539709,0.0012511911,0.0016460365,0.00042817256,-2.3810058,0.57355595,0.42644405,0.07641396,0.0
1892352,2196.8415985226065,8.0,282.92123,500.0,224.41942,-1.0,0.3509061,1.0,0.61638874,0.23597246,-0.0010827086,0.001093827,-0.0016296222,-1.3287925,0.5730118,0.42698815,0.07608207,0.0
1900544,2211.3899140672825,8.0,283.0688,500.0,224.39383,-1.0,0.35103685,1.0,0.61618364,0.23596582,0.00014545617,0.0008958472,-0.00030246744,-1.5971936,0.573027,0.426973,0.075936146,0.0
1908736,2188.958250400001,8.0,282.91772,500.0,224.41959,-1.0,0.35090587,1.0,0.61654854,0.23597471,0.0016501519,0.0014142583,0.00094302266,-2.096383,0.5729136,0.4270864,0.07618058,0.0
1916928,2189.9387588778122,8.0,282.74075,500.0,224.44391,-1.0,0.351611,1.0,0.61637396,0.23643818,0.0013844415,0.0011974749,0.00078570377,-3.063465,0.57242095,0.42757908,0.07596808,0.0
1925120,2185.584533373195,8.0,282.63394,500.0,224.45514,-1.0,0.35133147,1.0,0.61669916,0.23650032,0.0016855056,0.0017809763,0.00079501746,-2.7301428,0.57245845,0.42754155,0.07621009,0.0
1933312,2184.307662204038,8.0,282.72375,500.0,224.44244,-1.0,0.35082063,1.0,0.6167997,0.23612823,-0.0006464665,0.00096693146,-0.0011299325,-2.3119826,0.5728312,0.42716882,0.076348186,0.0
1941504,2182.6829575503048,8.0,282.64557,500.0,224.49373,-1.0,0.3512252,1.0,0.6165561,0.23665772,0.0061586318,0.00117808,0.0055695926,-2.453152,0.5726371,0.4273629,0.07613769,0.0
1949696,2210.642391964164,8.0,282.79715,500.0,224.5077,-1.0,0.35135135,1.0,0.6161198,0.23677889,0.008505073,0.0007297242,0.008140212,-2.6088514,0.5727986,0.4272014,0.07585005,0.0
1957888,2195.3753496190616,8.0,282.8715,500.0,224.53777,-1.0,0.3513748,1.0,0.61586154,0.23689441,-0.0037140606,0.0007642654,-0.0040961932,-1.7735822,0.5729378,0.42706224,0.07568741,0.0
1966080,2211.5501834873307,8.0,282.72177,500.0,224.55559,-1.0,0.3517291,1.0,0.6158836,0.23708025,0.0011748242,0.0017838493,0.0002829,-1.801903,0.5726225,0.42737752,0.07564841,0.0
1974272,2189.6255927121365,8.0,282.66428,500.0,224.53528,-1.0,0.35151428,1.0,0.6162879,0.23685135,0.000625545,0.0015919607,-0.00017043522,-1.8937777,0.5725563,0.42744365,0.07592938,0.0
1982464,2189.553454378242,8.0,282.19052,500.0,224.58597,-1.0,0.35196805,1.0,0.61676323,0.23710296,-0.0017669906,0.0026669037,-0.0031004422,-2.7151444,0.57187676,0.4281232,0.07615516,0.0
1990656,2189.0027365290894,8.0,282.13528,500.0,224.54279,-1.0,0.35264054,1.0,0.6165935,0.23730884,0.0035183614,0.0011427343,0.0029469943,-3.409548,0.5714083,0.4285917,0.07595117,0.0
1998848,2178.1016310213226,8.0,282.15485,500.0,224.54515,-1.0,0.35284966,1.0,0.6164024,0.23734349,0.0017746438,0.000751382,0.0013989528,-2.1868267,0.5713478,0.42865223,0.07580257,0.0
2007040,2184.5851401174714,8.0,281.91757,500.0,224.57239,-1.0,0.3535453,1.0,0.61638445,0.23794004,-0.0004767913,0.00159238,-0.0012729809,-2.7986264,0.5707653,0.42923465,0.07568936,2.0270254026399925e-05
2015232,2189.222404580938,8.0,281.96274,500.0,224.63013,-1.0,0.3535594,1.0,0.6161333,0.23820184,0.0007501003,0.00074825546,0.0003759727,-3.143506,0.57090807,0.42909193,0.07553251,0.0
2023424,2181.4115508652735,8.0,282.08017,500.0,224.6507,-1.0,0.35372156,1.0,0.61574364,0.23841777,-0.0022681,0.00065538386,-0.0025957916,-2.6503258,0.57100964,0.42899036,0.07526882,0.0
2031616,2193.632045045645,8.0,281.746,500.0,224.70398,-1.0,0.35411748,1.0,0.6160606,0.23871765,0.0020607782,0.0017608304,0.0011803632,-2.7003415,0.5704763,0.42952368,0.075406194,0.0002500000118743628
2039808,2208.7684124683997,8.0,281.96317,500.0,224.68916,-1.0,0.3538206,1.0,0.6158252,0.23858024,-0.0019217267,0.0006541561,-0.0022488046,-2.4731061,0.57087487,0.42912513,0.07530454,0.0002173913235310465
2048000,2193.183982154138,8.0,281.6688,500.0,224.76335,-1.0,0.35394573,1.0,0.61612624,0.23883365,0.0022114285,0.0018461163,0.0012883701,-2.8253746,0.57058257,0.42941743,0.0754717,0.0005079318070784211
2056192,2191.672700914003,8.0,281.82663,500.0,224.76823,-1.0,0.35374057,1.0,0.61589676,0.23880602,0.0058290605,0.0008461486,0.0054059858,-2.380453,0.5708991,0.4291009,0.07536033,0.00046626513358205557
2064384,2191.5358470321844,8.0,281.59738,500.0,224.82397,-1.0,0.35427478,1.0,0.61584866,0.23925628,0.0010740146,0.0017691124,0.0001894582,-2.2558832,0.57047254,0.42952746,0.07525266,0.0004865353985223919
2072576,2214.3947691421095,8.0,280.9058,500.0,224.87392,-1.0,0.3552328,1.0,0.6166501,0.23985527,-0.0020490792,0.0023171108,-0.0032076347,-2.4622552,0.56915975,0.43084022,0.07560744,0.0009032021043822169
2080768,2193.3372830727585,8.0,280.5779,500.0,224.88992,-1.0,0.35565758,1.0,0.6169798,0.24028237,0.0012546848,0.0018043465,0.00035251153,-2.453725,0.568593,0.43140697,0.07574939,0.001166022615507245
2088960,2210.8396807306995,8.0,280.12112,500.0,224.90126,-1.0,0.35676837,1.0,0.6171297,0.24102804,-0.0008109207,0.0016276616,-0.0016247515,-2.1171012,0.5675494,0.4324506,0.075682215,0.0012190529378131032
2097152,2203.874459273745,8.0,279.76822,500.0,224.91145,-1.0,0.3562358,1.0,0.61804956,0.24068366,0.003851676,0.0026429838,0.002530184,-1.9562199,0.5674375,0.4325625,0.07632669,0.0019214339554309845
2105344,2195.68230535617,8.0,280.00067,500.0,224.88333,-1.0,0.3560293,1.0,0.61782205,0.24033232,0.00077765714,0.000920917,0.00031719875,-2.6355505,0.5677548,0.43224517,0.076215856,0.001879767281934619
2113536,2194.6903398653335,8.0,280.1572,500.0,224.8826,-1.0,0.35568243,1.0,0.6177287,0.24025744,0.0013159572,0.0010763867,0.0007777637,-2.777234,0.5681094,0.4318906,0.07620818,0.002000137697905302
2121728,2190.7819893905667,8.0,279.91147,500.0,224.96631,-1.0,0.35645396,1.0,0.61751926,0.2410985,0.00022464886,0.00092328456,-0.00023699348,-3.1710095,0.56757826,0.4324217,0.07596777,0.0018852727953344584
2129920,2189.1751199245123,8.0,279.69235,500.0,224.96886,-1.0,0.35630673,1.0,0.6179997,0.24113087,-4.678726e-05,0.0018470474,-0.000970311,-2.5070357,0.5674076,0.4325924,0.076285675,0.002370567061007023
2138112,2185.8980742829294,8.0,279.60992,500.0,224.9662,-1.0,0.3567872,1.0,0.6178542,0.24134494,0.0031469062,0.0014015362,0.0024461371,-3.0172038,0.567086,0.43291405,0.076126836,0.002292980905622244
2146304,2196.2877703488793,8.0,279.70572,500.0,224.98553,-1.0,0.3568351,1.0,0.61764216,0.24139766,0.0016076005,0.0010865374,0.0010643322,-2.457732,0.56717587,0.43282413,0.07598903,0.002228165976703167
2154496,2196.947087827273,8.0,279.76846,500.0,224.9729,-1.0,0.3567898,1.0,0.6175888,0.24148205,-0.0003996391,0.0012854232,-0.0010423507,-2.1176069,0.5672476,0.43275234,0.075962536,0.0023229934740811586
2162688,2203.561958560791,8.0,279.45975,500.0,224.9927,-1.0,0.35817805,1.0,0.61727244,0.24239151,-0.0002078223,0.0020099883,-0.0012128167,-3.131501,0.5662526,0.4337474,0.07556936,0.0020729934331029654
2170880,2214.959195899226,8.0,279.44818,500.0,225.00499,-1.0,0.35850516,1.0,0.61705136,0.24253722,0.0032465744,0.0013065381,0.002593306,-2.8898315,0.5661082,0.43389174,0.0753866,0.001979243475943804
2179072,2187.967473412586,8.0,279.5201,500.0,225.01068,-1.0,0.35873055,1.0,0.6167419,0.24268547,-0.0010059348,0.00084116624,-0.0014265178,-2.5131497,0.5661056,0.4338944,0.07516382,0.0017292434349656105
2187264,2195.616080952649,8.0,279.50916,500.0,225.01399,-1.0,0.359017,1.0,0.616547,0.24288668,0.0013851249,0.0011487537,0.0008107479,-1.6867423,0.5659798,0.43402022,0.0750032,0.0016459100879728794
2195456,2202.823955136417,8.0,279.23447,500.0,225.04309,-1.0,0.35945463,1.0,0.6167244,0.24315225,-0.0003575919,0.0014879422,-0.0011015632,-1.7813486,0.5654944,0.4345056,0.075050965,0.0018244815291836858
2203648,2192.2650460966156,8.0,279.30807,500.0,225.02757,-1.0,0.35897437,1.0,0.61697453,0.24289402,-0.0003159754,0.0020441464,-0.0013380486,-1.3793937,0.56575274,0.4342473,0.07527291,0.0022411481477320194
2211840,2210.101912974838,8.0,278.9856,500.0,225.07663,-1.0,0.3595605,1.0,0.617106,0.24349512,0.0049688807,0.0018837547,0.004027003,-1.4292278,0.56516796,0.43483204,0.07527153,0.002366148168221116
2220032,2200.448441998914,8.0,279.06406,500.0,225.08965,-1.0,0.35959724,1.0,0.6169038,0.24351667,0.0035021438,0.0009661936,0.003019047,-2.01438,0.5652612,0.4347388,0.0751416,0.002301333472132683
2228224,2187.566288379077,8.0,279.11618,500.0,225.09653,-1.0,0.35992974,1.0,0.616582,0.24374726,0.0014044833,0.00085559196,0.0009766873,-2.9861715,0.56517375,0.43482625,0.0748965,0.0020513334311544895
2236416,2197.1607663136115,8.0,279.03,500.0,225.14252,-1.0,0.36031985,1.0,0.6163722,0.24413252,0.0019528198,0.0015658555,0.0011698919,-1.6652247,0.5649675,0.4350325,0.07471264,0.0019528486300259829
2244608,2178.495622433147,8.0,279.026,500.0,225.1316,-1.0,0.360468,1.0,0.616357,0.24414553,0.0018870358,0.0012719983,0.0012510368,-1.5705745,0.5648494,0.43515062,0.0746826,0.002036181977018714
2252800,2196.6840155305977,8.0,278.94095,500.0,225.1293,-1.0,0.36062524,1.0,0.61638933,0.24434866,0.0020497735,0.0013368868,0.0013813304,-1.9791993,0.5646942,0.4353058,0.07468056,0.002156552392989397
2260992,2190.1718774052792,8.0,278.6417,500.0,225.189,-1.0,0.36089855,1.0,0.61663884,0.24463436,-0.0014986588,0.0016835311,-0.0023404243,-0.86044836,0.5643051,0.4356949,0.07479635,0.002394357230514288
2269184,2208.968633178036,8.0,278.68103,500.0,225.15927,-1.0,0.36117604,1.0,0.616498,0.24472624,-0.0018608688,0.00088838546,-0.0023050616,-2.6262636,0.564153,0.43584695,0.07467093,0.002329542301595211
2277376,2193.354924553378,8.0,278.61893,500.0,225.21089,-1.0,0.36123025,1.0,0.6164328,0.24497901,0.0018894027,0.0011093438,0.0013347307,-2.3913276,0.5641466,0.43585345,0.074623205,0.0023920421954244375
2285568,2185.284563804403,8.0,278.51807,500.0,225.21501,-1.0,0.36157227,1.0,0.61644757,0.24514282,-0.00014126638,0.0013750537,-0.00082879316,-2.871112,0.5638428,0.43615723,0.07458496,0.002464622724801302
2293760,2188.2901998052816,8.0,277.974,500.0,225.36029,-1.0,0.36291504,1.0,0.61615354,0.24632202,0.00012343773,0.0018554535,-0.00080428954,-1.2117169,0.5628662,0.4371338,0.07421875,0.002820683177560568
2301952,2198.9544370739372,8.0,277.7766,500.0,225.45047,-1.0,0.3642578,1.0,0.61545986,0.24738634,0.0015641901,0.0008314003,0.0011484906,-2.12049,0.5621338,0.4378662,0.0736084,0.0025706831365823746
2310144,2192.521464699721,8.0,277.55273,500.0,225.55498,-1.0,0.3642578,1.0,0.61545986,0.24793446,-0.0032285275,0.0010910325,-0.0037740439,-2.0071971,0.5621338,0.4378662,0.0736084,0.002820683177560568
2318336,2204.8293296382267,8.0,276.80493,500.0,225.67188,-1.0,0.36608887,1.0,0.6154643,0.24924907,0.0025889976,0.0017904551,0.0016937699,-1.8350518,0.5605469,0.43945312,0.07336426,0.0028648008592426777
2326528,2244.6855468196236,8.0,276.60315,500.0,225.73222,-1.0,0.36669922,1.0,0.6153984,0.24990517,0.0016867302,0.00058491307,0.0013942743,-2.5977073,0.5600586,0.4399414,0.07324219,0.0026148008182644844
2334720,2237.9154328565874,8.0,275.15625,500.0,225.89684,-1.0,0.3708496,1.0,0.61509323,0.25298014,-0.0014673036,0.002151383,-0.0025429954,-2.1550071,0.5566406,0.44335938,0.072509766,0.0024628399405628443
2342912,2215.2929339740967,8.0,275.0807,500.0,225.91264,-1.0,0.37109375,1.0,0.6151445,0.25310004,-0.0003404357,0.0012313476,-0.0009561095,-2.1075206,0.5563965,0.44360352,0.072509766,0.0025832103565335274
2351104,2188.283788941606,8.0,274.60095,500.0,226.04791,-1.0,0.37280273,1.0,0.6147062,0.25516194,0.00089270866,0.0014600012,0.00016270793,-2.399845,0.5551758,0.44482422,0.072021484,0.00244432152248919
2359296,2195.188524622108,8.0,274.50854,500.0,226.09369,-1.0,0.37316895,1.0,0.6145834,0.255569,0.00016413862,0.00061222026,-0.0001419714,-2.1495745,0.55493164,0.44506836,0.071899414,0.002379506826400757
2367488,2184.2319860197917,8.0,274.2649,500.0,226.16222,-1.0,0.3746338,1.0,0.6138904,0.2567975,-0.0015132395,0.00094418484,-0.0019853318,-2.5000105,0.55407715,0.44592285,0.07128906,0.0021295067854225636
2375680,2199.161468451969,8.0,273.7345,500.0,226.1897,-1.0,0.37634277,1.0,0.6138394,0.25817323,-0.00092292676,0.0009198171,-0.0013828352,-2.1212478,0.5526123,0.4473877,0.07104492,0.002031021984294057
2383872,2190.345980914011,8.0,273.48657,500.0,226.20947,-1.0,0.37731934,1.0,0.6136375,0.25898975,0.000989368,0.001019218,0.00047975883,-2.6517775,0.5518799,0.44812012,0.07080078,0.0019476886373013258
2392064,2187.851003155789,8.0,273.37207,500.0,226.23106,-1.0,0.37695312,1.0,0.613962,0.2590116,0.0013827818,0.0010196941,0.00087293476,-3.0049667,0.55200195,0.44799805,0.07104492,0.0023498625960201025
2400256,2186.343164825823,8.0,273.3811,500.0,226.25607,-1.0,0.37731934,1.0,0.6136375,0.2592038,-0.00025949365,0.00085403176,-0.0006865093,-2.0942636,0.5518799,0.44812012,0.07080078,0.002292170189321041
2408448,2188.9539273929413,8.0,272.79578,500.0,226.31021,-1.0,0.3782959,1.0,0.61403084,0.26022172,0.0030005001,0.0019434073,0.0020287964,-1.3169417,0.55078125,0.44921875,0.07092285,0.002554990816861391
2416640,2207.4597783117865,8.0,272.49902,500.0,226.39197,-1.0,0.37890625,1.0,0.61395264,0.26119852,0.0012223697,0.00087246037,0.0007861392,-1.3758596,0.55029297,0.44970703,0.07080078,0.002304990775883198
2424832,2188.114054084656,8.0,272.44336,500.0,226.44463,-1.0,0.3795166,1.0,0.6134761,0.26200032,0.0035918993,0.0007792027,0.0032022977,-2.4397602,0.5500488,0.44995117,0.07043457,0.0020549907349050045
2433024,2206.573904316293,8.0,271.7727,500.0,226.54321,-1.0,0.3807373,1.0,0.6137145,0.26338917,0.00096744066,0.0018704457,3.2217766e-05,-2.209406,0.5488281,0.45117188,0.07043457,0.0021383240818977356
2441216,2235.798819260187,8.0,271.0692,500.0,226.64018,-1.0,0.3828125,1.0,0.6135176,0.26507288,0.0036123164,0.0015428654,0.002840883,-1.5556632,0.54711914,0.45288086,0.07006836,0.0020046031568199396
2449408,2206.171817019127,8.0,270.33997,500.0,226.69754,-1.0,0.3843994,1.0,0.6136196,0.26645392,-0.004141069,0.0013167901,-0.0047994647,-1.6086862,0.5456543,0.4543457,0.06994629,0.0018974603153765202
2457600,2193.4410358533946,8.0,269.8977,500.0,226.74547,-1.0,0.3857422,1.0,0.6132743,0.26746407,-0.00045225193,0.0009870115,-0.00094575796,-0.8902702,0.54467773,0.45532227,0.06958008,0.0017945191357284784
2465792,2190.005618337753,8.0,269.61206,500.0,226.84193,-1.0,0.38549805,1.0,0.6134277,0.26799282,0.0016259869,0.0013976598,0.00092715723,-2.0922954,0.5447998,0.4552002,0.06970215,0.0018475494580343366
2473984,2204.9466241631517,8.0,269.11597,500.0,226.83911,-1.0,0.38720703,1.0,0.61334634,0.2689789,0.0020098374,0.001976604,0.0010215356,-2.4293354,0.54333496,0.45666504,0.06945801,0.0020814205054193735
2482176,2193.1986813132944,8.0,268.69922,500.0,226.85255,-1.0,0.38793945,1.0,0.61348057,0.26959977,-0.0019386442,0.00082283735,-0.0023500628,-1.9062558,0.54260254,0.45739746,0.06945801,0.0018314204644411802
2490368,2195.1597743491457,8.0,268.31543,500.0,226.9099,-1.0,0.3894043,1.0,0.6129502,0.2707585,-0.00059229875,0.00070547615,-0.0009450369,-2.4332447,0.541626,0.45837402,0.06896973,0.001581420423462987
2498560,2199.969700116748,8.0,267.36487,500.0,226.90652,-1.0,0.39196777,1.0,0.61300915,0.27258232,0.00012495948,0.00096550956,-0.00035779522,-2.366745,0.53930664,0.46069336,0.068725586,0.0014596255496144295
2506752,2198.9835682965595,8.0,267.37207,500.0,226.90327,-1.0,0.39172363,1.0,0.6131652,0.2725804,0.0021797684,0.0011817713,0.0015888828,-2.2606845,0.5394287,0.4605713,0.068847656,0.0018346256110817194
2514944,2183.7311280277413,8.0,267.38354,500.0,226.94289,-1.0,0.3927002,1.0,0.61234087,0.2732029,-0.0010385885,0.0006655715,-0.0013713741,-1.7804122,0.5390625,0.4609375,0.068237305,0.0015846255701035261
2523136,2192.4115037141432,8.0,267.1892,500.0,226.91187,-1.0,0.39331055,1.0,0.6124475,0.27359468,0.001555835,0.0014304926,0.00084058876,-2.2479315,0.53845215,0.46154785,0.068237305,0.001473514479584992
2531328,2192.7542938202087,8.0,267.24194,500.0,226.95981,-1.0,0.39331055,1.0,0.6122481,0.27380168,0.0008894334,0.0008478768,0.00046549493,-1.723737,0.5385742,0.46142578,0.068115234,0.0012235144386067986
2539520,2188.518367388535,8.0,266.81335,500.0,226.98071,-1.0,0.39440918,1.0,0.61223924,0.27462953,0.000102626334,0.0010640142,-0.00042938086,-2.7318053,0.53759766,0.46240234,0.067993164,0.001134804799221456
2547712,2183.913509247762,8.0,266.4264,500.0,227.03575,-1.0,0.3942871,1.0,0.61281604,0.27481157,-0.00037065346,0.0014361179,-0.0010887128,-2.659767,0.5373535,0.46264648,0.068359375,0.0014111206401139498
2555904,2188.8860165876267,8.0,266.80103,500.0,227.05836,-1.0,0.3939209,1.0,0.6123543,0.27470097,0.003826328,0.000862511,0.003395073,-3.026208,0.53796387,0.46203613,0.068115234,0.0011611205991357565
2564096,2183.6993462897517,8.0,266.422,500.0,227.05313,-1.0,0.39465332,1.0,0.6126799,0.27525866,-0.0025099008,0.0016944367,-0.0033571192,-2.613961,0.5371094,0.46289062,0.068237305,0.001316525973379612
2572288,2211.747207213389,8.0,266.1753,500.0,227.06996,-1.0,0.39575195,1.0,0.61226994,0.27581906,-0.004246938,0.0009044798,-0.004699178,-2.623672,0.53637695,0.46362305,0.067871094,0.0010665259324014187
2580480,2193.733304611127,8.0,266.06995,500.0,227.11769,-1.0,0.3963623,1.0,0.6119748,0.27635562,2.4336856e-05,0.001225261,-0.00058829365,-1.0595152,0.53601074,0.46398926,0.06762695,0.001285275910049677
2588672,2193.655013200656,8.0,265.93726,500.0,227.12274,-1.0,0.39672852,1.0,0.61183715,0.2767553,0.0017968852,0.0015666712,0.0010135494,-2.5268888,0.5357666,0.4642334,0.06750488,0.0013293935917317867
2596864,2192.7519149073037,8.0,265.44385,500.0,227.1208,-1.0,0.3968506,1.0,0.6126553,0.27703518,0.0009931383,0.0017674534,0.0001094116,-2.3476813,0.53515625,0.46484375,0.067993164,0.0017204192699864507
2605056,2199.6477443452104,8.0,265.12097,500.0,227.15244,-1.0,0.39672852,1.0,0.6132322,0.27738893,0.00057538156,0.0016464826,-0.00024786012,-2.5237186,0.5349121,0.4650879,0.068359375,0.0021155804861336946
2613248,2196.107667874407,8.0,264.87903,500.0,227.17383,-1.0,0.39746094,1.0,0.6131561,0.27782437,0.0018764563,0.0012447544,0.0012540789,-1.4374917,0.53430176,0.46569824,0.068237305,0.002012639306485653
2621440,2202.8882141121067,8.0,264.6598,500.0,227.16489,-1.0,0.3968506,1.0,0.6140484,0.27767017,-0.0015993943,0.002217007,-0.0027078977,-2.6691892,0.53430176,0.46569824,0.068847656,0.0027001393027603626
2629632,2185.5546439255304,8.0,264.21155,500.0,227.2267,-1.0,0.39831543,1.0,0.6136963,0.2789148,-0.0010819975,0.0009167008,-0.0015403477,-2.0148032,0.5332031,0.46679688,0.068481445,0.0024501392617821693
2637824,2229.266085630032,8.0,263.44775,500.0,227.22525,-1.0,0.399292,1.0,0.61425495,0.2801196,-0.00083768065,0.0019832363,-0.0018292988,-1.6347444,0.5319824,0.46801758,0.068725586,0.0028251393232494593
2646016,2197.8308707653455,8.0,263.27014,500.0,227.2326,-1.0,0.3996582,1.0,0.6143148,0.28057617,-8.541776e-05,0.0010343519,-0.0006025939,-3.2672887,0.5316162,0.4683838,0.068725586,0.0029597547836601734
2654208,2202.0808007021587,8.0,262.87463,500.0,227.29636,-1.0,0.40100098,1.0,0.6139365,0.28161612,0.0015804003,0.0011010494,0.0010298758,-2.2658458,0.53063965,0.46936035,0.068359375,0.00270975474268198
2662400,2203.1964268447296,8.0,262.39783,500.0,227.34055,-1.0,0.40234375,1.0,0.6137538,0.28297788,-0.002776667,0.0006716333,-0.003112484,-2.204433,0.529541,0.47045898,0.068115234,0.002459754701703787
2670592,2196.9956921676126,8.0,262.20447,500.0,227.34868,-1.0,0.4029541,1.0,0.61365175,0.283422,0.0010889398,0.00090023055,0.00063882465,-1.774975,0.52905273,0.47094727,0.067993164,0.002382168546319008
2678784,2194.558855693627,8.0,262.2716,500.0,227.37459,-1.0,0.40283203,1.0,0.6136323,0.28345734,0.0052600345,0.0014577607,0.0045311544,-2.3647506,0.5291748,0.4708252,0.067993164,0.00284645427018404
2686976,2190.9918157287884,8.0,262.10925,500.0,227.40002,-1.0,0.4038086,1.0,0.61299014,0.28445035,0.005068813,0.0011034866,0.00451707,-2.8943076,0.5286865,0.47131348,0.06750488,0.0027435130905359983
2695168,2184.1016131137103,8.0,261.78455,500.0,227.4475,-1.0,0.40454102,1.0,0.6129055,0.28511435,0.0023901563,0.0007047353,0.002037788,-2.332904,0.5280762,0.47192383,0.06738281,0.002806012984365225
2703360,2185.6564104149484,8.0,261.71167,500.0,227.4487,-1.0,0.40478516,1.0,0.6129435,0.2852438,0.0011034119,0.001317498,0.00044466316,-2.779146,0.52783203,0.47216797,0.06738281,0.0028785935137420893
2711552,2210.8433793423037,8.0,261.1139,500.0,227.4789,-1.0,0.40563965,1.0,0.61327475,0.28614748,-0.0010104042,0.0011607031,-0.0015907558,-1.1981739,0.52685547,0.47314453,0.06750488,0.0027674823068082333
2719744,2197.4701891009126,8.0,261.22388,500.0,227.54912,-1.0,0.40600586,1.0,0.61273354,0.2867519,0.000331169,0.0010171883,-0.00017742557,-0.919647,0.52685547,0.47314453,0.06713867,0.0026898961514234543
2727936,2189.551221933098,8.0,260.96375,500.0,227.53557,-1.0,0.40600586,1.0,0.6131319,0.28675097,0.0045347004,0.0014787649,0.0037953185,-1.8443475,0.5266113,0.47338867,0.06738281,0.002975610550493002
2736128,2189.0431800337356,8.0,260.8274,500.0,227.54854,-1.0,0.40649414,1.0,0.6130074,0.2870401,-0.0006267296,0.00078792457,-0.0010206917,-2.2684946,0.5262451,0.47375488,0.06726074,0.0027256105095148087
2744320,2202.4185745038494,8.0,260.4082,500.0,227.55879,-1.0,0.4071045,1.0,0.61329937,0.2875319,-0.002158156,0.0016456568,-0.0029809845,-2.2755568,0.5255127,0.4744873,0.06738281,0.0031335053499788046
2752512,2196.246777945296,8.0,260.16687,500.0,227.58754,-1.0,0.40698242,1.0,0.61367875,0.28767765,-0.001131872,0.0012102507,-0.0017369972,-2.2393107,0.5253906,0.47460938,0.06762695,0.0032283328473567963
2760704,2195.7980673506754,8.0,260.22266,500.0,227.60793,-1.0,0.40734863,1.0,0.6133362,0.28809062,0.0012303558,0.00076494867,0.00084788166,-2.4323485,0.52526855,0.47473145,0.06738281,0.002978332806378603
2768896,2189.5381064098133,8.0,260.24915,500.0,227.62297,-1.0,0.40795898,1.0,0.6128308,0.28875235,-0.0018883813,0.0011813423,-0.0024790526,-2.5701392,0.5250244,0.4749756,0.0670166,0.0028845828492194414
2777088,2193.990627195564,8.0,260.11743,500.0,227.59631,-1.0,0.4078369,1.0,0.61321074,0.288519,-0.0025517447,0.0012183798,-0.0031609344,-1.8287159,0.52490234,0.47509766,0.06726074,0.003170297248288989
2785280,2211.771552899464,8.0,259.6836,500.0,227.6519,-1.0,0.41003418,1.0,0.61234206,0.28989753,-0.00012042071,0.001492915,-0.0008668784,-2.288151,0.5234375,0.4765625,0.06652832,0.0031376886181533337
2793472,2198.269301939898,8.0,259.33472,500.0,227.68788,-1.0,0.41027832,1.0,0.61257714,0.2901997,-0.000600787,0.0014698777,-0.0013357258,-3.2009964,0.5230713,0.4769287,0.06665039,0.0032626886386424303
2801664,2186.7731274339653,8.0,258.8567,500.0,227.67445,-1.0,0.41088867,1.0,0.6130646,0.29064575,0.0007955163,0.0012966159,0.00014720834,-1.7306846,0.5222168,0.4777832,0.06689453,0.003407425479963422
2809856,2184.471946169522,8.0,258.3474,500.0,227.67363,-1.0,0.41223145,1.0,0.6130592,0.29149443,0.0016577945,0.0010818131,0.0011168877,-2.5230389,0.5209961,0.4790039,0.06677246,0.0034276957157999277
2818048,2194.682209257005,8.0,258.01135,500.0,227.69609,-1.0,0.41308594,1.0,0.61298186,0.2922624,0.00025704133,0.0011130294,-0.0002994734,-2.4444451,0.5202637,0.47973633,0.06665039,0.003500276245176792
2826240,2172.6144147235077,8.0,257.97266,500.0,227.82472,-1.0,0.41296387,1.0,0.6127653,0.29268545,0.0020577733,0.0013894693,0.0013630384,-3.1063936,0.5205078,0.4794922,0.06652832,0.0037190262228250504
2834432,2184.4668075815307,8.0,257.8816,500.0,227.88089,-1.0,0.414917,1.0,0.61144453,0.29440045,-0.0007077926,0.0012718854,-0.0013437355,-3.4122672,0.51953125,0.48046875,0.06555176,0.0036041613202542067
2842624,2194.7098255339315,8.0,258.11243,500.0,227.90839,-1.0,0.4152832,1.0,0.6106963,0.29459077,0.004719241,0.0010842329,0.0041771256,-2.9239757,0.5196533,0.48034668,0.06506348,0.0036989888176321983
2850816,2195.7314150146103,8.0,257.67322,500.0,227.92746,-1.0,0.41662598,1.0,0.6104814,0.29558718,2.5888789e-05,0.0013098323,-0.0006290273,-2.3183444,0.5185547,0.4814453,0.064819336,0.003797826124355197
2859008,2184.4294493848074,8.0,257.2041,500.0,227.87764,-1.0,0.41748047,1.0,0.6107972,0.29610676,0.0008205709,0.0015555051,4.2818603e-05,-2.6195962,0.5175781,0.48242188,0.064941406,0.003913679625838995
2867200,2189.061868226901,8.0,257.41187,500.0,227.8787,-1.0,0.41748047,1.0,0.6103974,0.296264,-0.0018186008,0.0011025952,-0.0023698984,-2.6568625,0.51782227,0.48217773,0.064697266,0.004034049808979034
2875392,2191.392441386024,8.0,257.23877,500.0,227.87344,-1.0,0.41809082,1.0,0.6102797,0.29656398,-0.00072893203,0.000998139,-0.0012280013,-2.3101628,0.517334,0.48266602,0.064575195,0.00405432004481554
2883584,2199.362485221721,8.0,256.9978,500.0,227.88449,-1.0,0.41906738,1.0,0.61000985,0.29737836,-0.0001418023,0.0009413476,-0.00061247643,-2.5094032,0.51660156,0.48339844,0.064331055,0.003947176970541477
2891776,2190.755868684991,8.0,256.80786,500.0,227.89734,-1.0,0.41918945,1.0,0.61022604,0.29784548,-0.0029553927,0.0019734527,-0.003942119,-2.7207727,0.5163574,0.48364258,0.064453125,0.004303237423300743
2899968,2176.9620268659182,8.0,256.72827,500.0,227.9131,-1.0,0.41955566,1.0,0.6100744,0.2981227,0.0023392455,0.0014636689,0.0016074115,-3.0180345,0.5161133,0.48388672,0.064331055,0.004458642564713955
2908160,2195.8744067866583,8.0,256.4884,500.0,227.918,-1.0,0.4202881,1.0,0.60997045,0.29885048,-0.001901611,0.0007456937,-0.0022744578,-2.3674843,0.5155029,0.48449707,0.064208984,0.004355701617896557
2916352,2202.4120805914613,8.0,256.28394,500.0,227.91954,-1.0,0.4202881,1.0,0.6103706,0.29895347,-0.00047272997,0.001200376,-0.0010729181,-0.82561517,0.5152588,0.4847412,0.064453125,0.004383479245007038
2924544,2189.249186177373,8.0,256.02136,500.0,227.8884,-1.0,0.42041016,1.0,0.6107863,0.29896182,-0.0015698301,0.0017199966,-0.0024298283,-1.6991513,0.5148926,0.48510742,0.064697266,0.004739539697766304
2932736,2196.7004469258172,8.0,255.56763,500.0,227.95331,-1.0,0.42236328,1.0,0.610038,0.30058002,-0.00016596055,0.0015563967,-0.000944159,-1.8197,0.5135498,0.4864502,0.064086914,0.004706930834800005
2940928,2195.867530406702,8.0,255.56897,500.0,227.9789,-1.0,0.42236328,1.0,0.60983783,0.30057102,0.0003176664,0.0011937055,-0.0002791863,-2.3211303,0.5136719,0.48632812,0.063964844,0.004790264181792736
2949120,2211.9167839154575,8.0,255.5476,500.0,227.9959,-1.0,0.42285156,1.0,0.6094994,0.30099756,0.00048901915,0.00083860685,6.9715694e-05,-3.3366761,0.51342773,0.48657227,0.0637207,0.004897407256066799
2957312,2196.5549603843565,8.0,255.11108,500.0,227.98575,-1.0,0.42407227,1.0,0.60945237,0.30240244,-0.0018763266,0.0015962913,-0.0026744723,-2.4902453,0.5123291,0.4876709,0.06359863,0.005101952701807022
2965504,2199.1058715613826,8.0,254.68677,500.0,228.01884,-1.0,0.42456055,1.0,0.60971326,0.30297256,-0.0002603991,0.0013654509,-0.0009431243,-2.3382819,0.51171875,0.48828125,0.0637207,0.005440188106149435
2973696,2193.7838678657827,8.0,254.99023,500.0,228.03058,-1.0,0.42443848,1.0,0.60929763,0.30282176,0.0005623915,0.00071061275,0.0002070854,-1.7151929,0.51208496,0.48791504,0.06347656,0.005382495932281017
2981888,2183.698791158444,8.0,254.90588,500.0,228.05531,-1.0,0.42456055,1.0,0.6093127,0.30297196,-0.00094525225,0.0009865655,-0.0014385349,-2.1431653,0.5119629,0.4880371,0.06347656,0.005288745742291212
2990080,2189.682106719648,8.0,254.76123,500.0,228.06702,-1.0,0.42443848,1.0,0.60969824,0.30294815,0.0039727613,0.000980108,0.0034827073,-2.791273,0.5118408,0.48815918,0.0637207,0.005351245868951082
2998272,2177.615173048524,8.0,254.61597,500.0,228.10127,-1.0,0.42529297,1.0,0.60920256,0.30361372,0.0006858962,0.0008300148,0.00027088876,-3.206436,0.51135254,0.48864746,0.06335449,0.005252760834991932
3006464,2186.709526839168,8.0,254.48218,500.0,228.13531,-1.0,0.4251709,1.0,0.60938805,0.3036969,0.004830409,0.00090584345,0.0043774876,-3.1441731,0.51135254,0.48864746,0.06347656,0.005520001985132694
3014656,2188.1884666178034,8.0,254.18604,500.0,228.17929,-1.0,0.42590332,1.0,0.6092771,0.30459797,-0.00039256096,0.0010924398,-0.0009387805,-2.8174534,0.5107422,0.4892578,0.06335449,0.005405137315392494
3022848,2186.6645772278407,8.0,253.5924,500.0,228.19655,-1.0,0.42614746,1.0,0.61010766,0.30494374,0.0019967903,0.00257378,0.00070989976,-2.2485723,0.51000977,0.48999023,0.06384277,0.0057801371440291405
3031040,2189.1076138073854,8.0,253.04138,500.0,228.22188,-1.0,0.4263916,1.0,0.6107371,0.3055354,0.0011846485,0.002013764,0.00017776678,-2.1925209,0.5093994,0.4906006,0.064208984,0.005995253566652536
3039232,2193.7872294944295,8.0,252.88196,500.0,228.24408,-1.0,0.42614746,1.0,0.61110723,0.30547455,-0.004393733,0.0015175154,-0.005152491,-1.3309302,0.5093994,0.4906006,0.064453125,0.006210369989275932
3047424,2208.8874045143934,8.0,252.40881,500.0,228.2191,-1.0,0.4272461,1.0,0.61123896,0.30626592,-0.0032942279,0.0018904638,-0.00423946,-1.9979185,0.5083008,0.49169922,0.064453125,0.006425486411899328
3055616,2197.838884134118,8.0,252.25854,500.0,228.22543,-1.0,0.42749023,1.0,0.611268,0.30635077,0.00041964816,0.0015123946,-0.00033654916,-2.1446538,0.50805664,0.49194336,0.064453125,0.006469604093581438
3063808,2195.5108597145418,8.0,252.47571,500.0,228.25848,-1.0,0.42651367,1.0,0.6115507,0.30580056,-0.0024641056,0.0010231059,-0.0029756585,-1.2267178,0.50878906,0.49121094,0.064697266,0.00698883505538106
3072000,2214.34439298081,8.0,252.11597,500.0,228.22704,-1.0,0.42785645,1.0,0.6113113,0.3067981,-4.363834e-05,0.0014081376,-0.0007477071,-2.3715277,0.5076904,0.49230957,0.064453125,0.007180011365562677
3080192,2194.07048371002,8.0,252.12695,500.0,228.24774,-1.0,0.4272461,1.0,0.61163825,0.30655783,-0.0044277622,0.0018855289,-0.005370527,-1.6845436,0.50805664,0.49194336,0.064697266,0.007719485089182854
3088384,2195.706438970942,8.0,251.84167,500.0,228.25723,-1.0,0.42797852,1.0,0.61152536,0.3071952,-0.00048221054,0.0022038268,-0.0015841237,-1.6586261,0.5074463,0.4925537,0.064575195,0.008064723573625088
3096576,2188.501639987465,8.0,251.59644,500.0,228.22238,-1.0,0.42907715,1.0,0.6112545,0.30801922,0.0025040775,0.0013437683,0.0018321932,-1.8010358,0.5065918,0.4934082,0.064331055,0.008255899883806705
3104768,2185.0064913501446,8.0,251.44495,500.0,228.19601,-1.0,0.42980957,1.0,0.6111393,0.30856562,-0.00091478275,0.0014419816,-0.0016357735,-1.5698524,0.50598145,0.49401855,0.064208984,0.008157415315508842
3112960,2204.1576379871885,8.0,250.75073,500.0,228.17616,-1.0,0.43139648,1.0,0.61111975,0.3096152,-0.0010239661,0.0013462969,-0.0016971146,-1.2925715,0.5045166,0.4954834,0.064086914,0.008054474368691444
3121152,2180.9899235720977,8.0,250.77808,500.0,228.23163,-1.0,0.4309082,1.0,0.61126447,0.3094005,0.0019028645,0.0010387741,0.0013834778,-1.7031742,0.5048828,0.4951172,0.064208984,0.008082251995801926
3129344,2198.568486057796,8.0,250.25342,500.0,228.23978,-1.0,0.43237305,1.0,0.61102885,0.31066492,0.0010475982,0.00094262435,0.00057628565,-1.8520703,0.5036621,0.4963379,0.063964844,0.007957251742482185
3137536,2179.1456813741306,8.0,250.11719,500.0,228.23918,-1.0,0.43286133,1.0,0.6108829,0.31113636,0.0013428966,0.0009147627,0.000885515,-2.187375,0.5032959,0.4967041,0.06384277,0.007707251701503992
3145728,2197.412288654941,8.0,250.17981,500.0,228.23491,-1.0,0.43225098,1.0,0.6112151,0.31069273,-0.003924598,0.00078274164,-0.0043159686,-1.9929113,0.5036621,0.4963379,0.064086914,0.007814394310116768
3153920,2174.6426238136446,8.0,249.99329,500.0,228.23158,-1.0,0.4326172,1.0,0.6112556,0.31108582,0.00042756269,0.0009327539,-3.8814323e-05,-1.5637612,0.5032959,0.4967041,0.064086914,0.007921537384390831
3162112,2188.336052512313,8.0,249.95483,500.0,228.21867,-1.0,0.43249512,1.0,0.6114418,0.31109285,0.00021069113,0.0011192024,-0.00034890987,-2.1788428,0.5032959,0.4967041,0.064208984,0.008112713694572449
3170304,2208.9447751886555,8.0,250.05872,500.0,228.2544,-1.0,0.43249512,1.0,0.6112421,0.31111377,-0.0007261685,0.0010119205,-0.0012321289,-2.3572114,0.50341797,0.49658203,0.064086914,0.008175213821232319
3178496,2188.817970561703,8.0,249.57922,500.0,228.20387,-1.0,0.43310547,1.0,0.6115088,0.311641,-0.0019052402,0.0018551291,-0.002832805,-1.0427175,0.50268555,0.49731445,0.064208984,0.00826612301170826
3186688,2202.411092390759,8.0,249.10242,500.0,228.13174,-1.0,0.4342041,1.0,0.6118276,0.31224415,0.0014676767,0.0020377254,0.00044881337,-1.9308836,0.50146484,0.49853516,0.064331055,0.008587551303207874
3194880,2192.309806615875,8.0,248.89392,500.0,228.0656,-1.0,0.43554688,1.0,0.6113718,0.31315458,-0.00017757417,0.0016652266,-0.0010101874,-1.8197763,0.5004883,0.49951172,0.063964844,0.008587551303207874
3203072,2221.5170935921415,8.0,248.48804,500.0,228.05855,-1.0,0.43652344,1.0,0.6112743,0.314003,0.0016392581,0.0017252711,0.00077662256,-1.4957379,0.4996338,0.5003662,0.06384277,0.008656700141727924
3211264,2198.250034291938,8.0,248.09143,500.0,228.07632,-1.0,0.4375,1.0,0.61117524,0.3148777,0.0008755919,0.0013284944,0.00021134477,-2.0509212,0.4987793,0.5012207,0.0637207,0.008541835471987724
3219456,2188.0347698948067,8.0,247.94336,500.0,228.049,-1.0,0.4371338,1.0,0.6117366,0.31458575,-0.00084234145,0.0018896288,-0.0017871556,-2.1993394,0.4987793,0.5012207,0.064086914,0.008736279793083668
3227648,2189.8367327897026,8.0,248.02795,500.0,228.11148,-1.0,0.43676758,1.0,0.6116988,0.31470105,0.00027519139,0.0013520877,-0.00040085238,-1.585565,0.4991455,0.5008545,0.064086914,0.008808860555291176
3235840,2197.609752958897,8.0,247.68176,500.0,228.0627,-1.0,0.43811035,1.0,0.611437,0.315459,-0.00059088843,0.00081577676,-0.0009987768,-2.1376004,0.49804688,0.5019531,0.06384277,0.00889219343662262
3244032,2184.866439674526,8.0,247.75745,500.0,228.12509,-1.0,0.43798828,1.0,0.6112249,0.3155124,0.0013507678,0.00086576777,0.00091788464,-1.9295665,0.49829102,0.501709,0.0637207,0.008964774198830128
3252224,2193.1320467030896,8.0,247.6211,500.0,228.14294,-1.0,0.4378662,1.0,0.61161184,0.3154556,-0.0024643408,0.0014417418,-0.0031852117,-1.8790618,0.49816895,0.50183105,0.063964844,0.009198645129799843
3260416,2186.766307937099,8.0,247.66602,500.0,228.11108,-1.0,0.43823242,1.0,0.6112496,0.31554967,0.001256388,0.0018786617,0.00031705736,-2.7103448,0.49804688,0.5019531,0.0637207,0.009234359487891197
3268608,2171.1919788126447,8.0,247.78308,500.0,228.1167,-1.0,0.43823242,1.0,0.6110499,0.3155198,-6.0952152e-05,0.00092469325,-0.0005232987,-2.1435668,0.49816895,0.50183105,0.06359863,0.008984359912574291
3276800,2189.8321271850928,8.0,247.68091,500.0,228.09673,-1.0,0.43884277,1.0,0.6109116,0.31578243,2.792629e-05,0.0012451336,-0.00059464027,-1.9953091,0.49768066,0.50231934,0.06347656,0.009104730561375618
3284992,2191.686401222251,8.0,247.323,500.0,228.1089,-1.0,0.4395752,1.0,0.6109844,0.31666481,-0.0021136203,0.0013242288,-0.002775735,-1.7371602,0.49694824,0.50305176,0.06347656,0.009211873635649681
3293184,2188.7124239295613,8.0,247.2727,500.0,228.11276,-1.0,0.43933105,1.0,0.61116,0.31637186,-0.0032902514,0.0017260835,-0.0041532926,-2.0395584,0.4970703,0.5029297,0.06359863,0.009502414613962173
3301376,2191.4934942889986,8.0,247.40002,500.0,228.11032,-1.0,0.4390869,1.0,0.6111357,0.3161764,0.00044316874,0.0009289471,-2.1304877e-05,-2.2417996,0.49731445,0.50268555,0.06359863,0.009408664889633656
3309568,2201.54647438485,8.0,247.48462,500.0,228.15941,-1.0,0.43896484,1.0,0.6109237,0.3161864,0.0013273039,0.0005771103,0.0010387485,-2.1822221,0.4975586,0.5024414,0.06347656,0.00915866531431675
3317760,2181.794687619675,8.0,247.56726,500.0,228.1523,-1.0,0.43859863,1.0,0.61108685,0.3157884,-0.0007776584,0.0016325909,-0.0015939536,-1.7254143,0.49780273,0.50219727,0.06359863,0.009241998195648193
3325952,2199.2059479885115,8.0,247.3263,500.0,228.15195,-1.0,0.43884277,1.0,0.6113111,0.31610164,-0.003312789,0.0016597088,-0.004142643,-1.9995108,0.49743652,0.5025635,0.0637207,0.009479803033173084
3334144,2191.969252995305,8.0,247.33777,500.0,228.19534,-1.0,0.43945312,1.0,0.6107725,0.31683093,0.00017811765,0.0009894652,-0.00031661452,-2.8137555,0.49719238,0.5028076,0.06335449,0.009229803457856178
3342336,2227.2187761935984,8.0,247.05017,500.0,228.17459,-1.0,0.43981934,1.0,0.6110085,0.31731611,9.309442e-05,0.0010562928,-0.00043505203,-2.6722841,0.4967041,0.5032959,0.06347656,0.009313136339187622
3350528,2186.8424382027733,8.0,246.54053,500.0,228.1923,-1.0,0.44091797,1.0,0.6109159,0.31827337,-0.0016306664,0.001667008,-0.0024641706,-2.2741375,0.49572754,0.50427246,0.06335449,0.00928052794188261
3358720,2203.4809857253617,8.0,246.50269,500.0,228.1968,-1.0,0.44189453,1.0,0.6102099,0.31886873,-0.0017411327,0.00051494606,-0.0019986057,-2.1177957,0.49523926,0.50476074,0.06286621,0.009030528366565704
3366912,2201.736076220121,8.0,246.54175,500.0,228.2021,-1.0,0.44177246,1.0,0.6101983,0.31884927,-0.00039129,0.0011807457,-0.0009816628,-1.6931297,0.49536133,0.5046387,0.06286621,0.009137671440839767
3375104,2199.6911169701702,8.0,245.97827,500.0,228.21007,-1.0,0.4432373,1.0,0.6099362,0.32002783,-0.0009768652,0.0010239638,-0.0014888474,-2.0888488,0.49414062,0.5058594,0.06262207,0.009039186872541904
3383296,2188.9141844184437,8.0,246.224,500.0,228.22542,-1.0,0.44299316,1.0,0.6097132,0.31977284,2.3293309e-05,0.0012390843,-0.0005962489,-1.7569659,0.49450684,0.50549316,0.0625,0.008789187297224998
3391488,2193.2313001511593,8.0,246.34595,500.0,228.26205,-1.0,0.4428711,1.0,0.6095015,0.31968284,0.0012921137,0.001115962,0.000734133,-1.7367625,0.49475098,0.505249,0.06237793,0.008724372833967209
3399680,2209.4092465381264,8.0,246.02417,500.0,228.23041,-1.0,0.4440918,1.0,0.60921407,0.32053983,0.0013009208,0.00091870106,0.0008415703,-2.3230214,0.4937744,0.5062256,0.06213379,0.008474373258650303
3407872,2200.848586549318,8.0,245.7981,500.0,228.23094,-1.0,0.44506836,1.0,0.6089021,0.32124618,-0.00075124094,0.001999345,-0.0017509137,-1.9890198,0.493042,0.506958,0.06188965,0.008424373343586922
3416064,2185.911285298267,8.0,245.70105,500.0,228.25502,-1.0,0.446167,1.0,0.608198,0.32211763,9.721611e-06,0.000957525,-0.00046904088,-1.9789236,0.49243164,0.50756836,0.061401367,0.008321432396769524
3424256,2187.983078025306,8.0,245.55981,500.0,228.25645,-1.0,0.44665527,1.0,0.6080403,0.32260066,-0.0001266104,0.0014291876,-0.0008412044,-2.0228114,0.49206543,0.5079346,0.061279297,0.00822294782847166
3432448,2195.456569500148,8.0,245.68262,500.0,228.2907,-1.0,0.44628906,1.0,0.608008,0.3222715,-0.0019613171,0.0016819546,-0.002802295,-1.8105936,0.49243164,0.50756836,0.061279297,0.008456818759441376
3440640,2197.1149645322453,8.0,245.45532,500.0,228.30449,-1.0,0.44628906,1.0,0.6084094,0.32253543,-0.0027107052,0.0021626176,-0.003792014,-1.7995797,0.4921875,0.5078125,0.061523438,0.008819064125418663
3448832,2188.096078782248,8.0,245.39319,500.0,228.37367,-1.0,0.44641113,1.0,0.6082195,0.32298714,-0.0029059432,0.00070881273,-0.0032603496,-1.6581182,0.4921875,0.5078125,0.061401367,0.00883222185075283
3457024,2196.057558876809,8.0,245.43604,500.0,228.39566,-1.0,0.44702148,1.0,0.6076706,0.32350898,0.00042496857,0.0013321289,-0.0002410957,-2.6480083,0.49194336,0.50805664,0.061035156,0.009207221679389477
3465216,2193.766359549807,8.0,245.3219,500.0,228.39963,-1.0,0.44665527,1.0,0.6080403,0.3234957,0.0014401167,0.0010103142,0.00093495974,-2.149673,0.49206543,0.5079346,0.061279297,0.009582221508026123
3473408,2194.912412873579,8.0,245.00769,500.0,228.36371,-1.0,0.44665527,1.0,0.6086423,0.32353508,-0.0002386932,0.0018966172,-0.0011870018,-1.8316867,0.49169922,0.5083008,0.061645508,0.009875699877738953
3481600,2179.077824999946,8.0,244.36914,500.0,228.33092,-1.0,0.44812012,1.0,0.60856825,0.32463676,0.0014156236,0.0016127194,0.000609264,-2.696075,0.49035645,0.50964355,0.061523438,0.010101890191435814
3489792,2193.4432762376214,8.0,243.83252,500.0,228.35199,-1.0,0.4494629,1.0,0.60828,0.32574087,-0.0023018382,0.00087562506,-0.0027396507,-2.8391044,0.4892578,0.5107422,0.061279297,0.0099800955504179
3497984,2176.6223636601135,8.0,243.97095,500.0,228.31354,-1.0,0.44934082,1.0,0.6082699,0.32541862,0.0023013488,0.0011221862,0.0017402561,-2.3189278,0.48937988,0.5106201,0.061279297,0.01026580948382616
3506176,2189.380313867517,8.0,243.7284,500.0,228.38916,-1.0,0.44970703,1.0,0.6080995,0.32606333,-0.0018271767,0.0008709662,-0.0022626596,-2.5115404,0.48913574,0.51086426,0.061157227,0.01031883992254734
3514368,2195.5324643192907,8.0,243.91357,500.0,228.40508,-1.0,0.44934082,1.0,0.6080691,0.325753,0.0029069788,0.0005980184,0.0026079693,-3.1995206,0.48950195,0.51049805,0.061157227,0.010286231525242329
3522560,2186.4071614924696,8.0,243.64575,500.0,228.42322,-1.0,0.44995117,1.0,0.60791886,0.326633,0.0029398946,0.0012221964,0.0023287963,-2.5757666,0.48901367,0.5109863,0.061035156,0.010167810134589672
3530752,2202.2120586128713,8.0,243.5138,500.0,228.4116,-1.0,0.45056152,1.0,0.6077681,0.3270191,-6.0086517e-05,0.001208132,-0.00066415267,-3.4715643,0.4885254,0.5114746,0.060913086,0.009917810559272766
3538944,2194.229373432265,8.0,243.86987,500.0,228.4085,-1.0,0.44995117,1.0,0.60771805,0.3262155,-0.00076085475,0.0015187523,-0.0015202309,-2.8830748,0.48913574,0.51086426,0.060913086,0.010185051709413528
3547136,2189.5415945655623,8.0,243.96509,500.0,228.4228,-1.0,0.4494629,1.0,0.6078785,0.32569876,-0.003117689,0.001350186,-0.0037927818,-2.4200711,0.48950195,0.51049805,0.061035156,0.010229169391095638
3555328,2191.668646773997,8.0,243.80371,500.0,228.40439,-1.0,0.4501953,1.0,0.60773814,0.32605958,0.003871976,0.0017215741,0.0030111892,-3.359995,0.4888916,0.5111084,0.060913086,0.01021172758191824
3563520,2177.4901426311267,8.0,243.83057,500.0,228.48465,-1.0,0.45031738,1.0,0.6073463,0.32649684,0.0021807372,0.0004479669,0.001956754,-3.7275152,0.48901367,0.5109863,0.060668945,0.009961728006601334
3571712,2189.960533117956,8.0,243.76929,500.0,228.48656,-1.0,0.4501953,1.0,0.60753727,0.32649195,0.0035747045,0.001648507,0.0027504507,-3.2482681,0.48901367,0.5109863,0.060791016,0.010426013730466366
3579904,2195.543547365954,8.0,243.9198,500.0,228.4795,-1.0,0.44970703,1.0,0.6076979,0.32619596,0.0026896556,0.0017996846,0.0017898135,-2.81815,0.48937988,0.5106201,0.060913086,0.010509347543120384
3588096,2227.5435108816587,8.0,243.651,500.0,228.45517,-1.0,0.45007324,1.0,0.607929,0.32669064,0.00031987194,0.001201715,-0.0002809851,-2.223212,0.4888916,0.5111084,0.061035156,0.010537125170230865
3596288,2204.524054517602,8.0,243.53442,500.0,228.40561,-1.0,0.44995117,1.0,0.60832036,0.32647884,0.0001432898,0.0015320398,-0.00062273006,-2.815064,0.48876953,0.51123047,0.061279297,0.01057283952832222
3604480,2196.2191229757846,8.0,243.3717,500.0,228.38457,-1.0,0.45031738,1.0,0.6083504,0.32678995,-0.0018422945,0.0006441377,-0.0021643634,-2.5586543,0.48840332,0.5115967,0.061279297,0.010489506646990776
3612672,2186.266651989639,8.0,243.04956,500.0,228.37965,-1.0,0.45092773,1.0,0.6083999,0.32743165,-0.0035136107,0.0010190248,-0.0040231226,-3.0883212,0.48779297,0.51220703,0.061279297,0.010367712005972862
3620864,2199.9998442828764,8.0,242.98438,500.0,228.41762,-1.0,0.4506836,1.0,0.60858077,0.3274613,0.0015865574,0.00087015005,0.0011514828,-2.296688,0.48791504,0.51208496,0.061401367,0.010317712090909481
3629056,2189.0706545772473,8.0,243.14844,500.0,228.52042,-1.0,0.45080566,1.0,0.60798866,0.32772774,-2.1201267e-05,0.00084135035,-0.0004418767,-2.5393708,0.48815918,0.5118408,0.061035156,0.010067712515592575
3637248,2187.9029674201192,8.0,243.34485,500.0,228.55745,-1.0,0.45056152,1.0,0.6077681,0.3276159,-0.0011575227,0.00073586067,-0.0015254533,-2.6019788,0.4885254,0.5114746,0.060913086,0.009817712940275669
3645440,2189.1899048778273,8.0,242.68823,500.0,228.5328,-1.0,0.45251465,1.0,0.60732114,0.32899904,-0.00042859162,0.000777105,-0.0008171443,-3.0825183,0.48693848,0.5130615,0.060546875,0.009567713364958763
3653632,2199.5269296226684,8.0,242.44678,500.0,228.58138,-1.0,0.45263672,1.0,0.60753155,0.3292639,-0.00035941275,0.0015523582,-0.0011355917,-2.8355012,0.48669434,0.51330566,0.060668945,0.009762157686054707
3661824,2186.9365297304703,8.0,242.89209,500.0,228.6139,-1.0,0.45129395,1.0,0.6078272,0.32836533,-0.00092038116,0.0016005924,-0.0017206776,-2.5313709,0.48779297,0.51220703,0.060913086,0.009882528334856033
3670016,2197.285115134524,8.0,243.00684,500.0,228.66942,-1.0,0.45141602,1.0,0.6074351,0.3286349,0.001125643,0.0013121128,0.00046958635,-2.1311169,0.48791504,0.51208496,0.060668945,0.00977538526058197
3678208,2191.352889329714,8.0,242.95483,500.0,228.68846,-1.0,0.45117188,1.0,0.60761654,0.32851446,-2.344622e-05,0.0012640194,-0.000655456,-3.1406221,0.4880371,0.5119629,0.060791016,0.010150385089218616
3686400,2194.2971958060507,8.0,242.51111,500.0,228.68297,-1.0,0.4519043,1.0,0.6076749,0.32937422,-0.00071832543,0.0017095497,-0.0015731007,-3.0682144,0.4873047,0.5126953,0.060791016,0.010092692449688911
3694592,2181.540217723943,8.0,242.60938,500.0,228.74336,-1.0,0.45141602,1.0,0.60763603,0.32924226,-0.0023173199,0.0014552361,-0.003044938,-3.4635458,0.48779297,0.51220703,0.060791016,0.010248097591102123
3702784,2203.5523489078514,8.0,242.54028,500.0,228.75032,-1.0,0.4515381,1.0,0.6076458,0.32942507,0.003137597,0.000692114,0.0027915402,-2.8771634,0.4876709,0.5123291,0.060791016,0.009998098015785217
3710976,2205.48231929157,8.0,242.80493,500.0,228.79945,-1.0,0.45092773,1.0,0.6075968,0.32913244,0.0007384857,0.00086762116,0.0003046759,-2.3609736,0.48828125,0.51171875,0.060791016,0.009909388609230518
3719168,2186.842577385444,8.0,242.18213,500.0,228.81554,-1.0,0.45141602,1.0,0.6080377,0.33015567,-0.0034959824,0.001510191,-0.004251078,-3.1937394,0.48754883,0.5124512,0.061035156,0.010016531683504581
3727360,2195.0976482824985,8.0,242.47754,500.0,228.8398,-1.0,0.45080566,1.0,0.60798866,0.3297814,-0.0006896157,0.0006246598,-0.0010019453,-3.1355505,0.48815918,0.5118408,0.061035156,0.00999380461871624
3735552,2183.551413780869,8.0,242.62842,500.0,228.89449,-1.0,0.45031738,1.0,0.60794896,0.3295601,0.0026518018,0.0012136718,0.002044966,-3.1175096,0.48864746,0.51135254,0.061035156,0.010077137500047684
3743744,2188.89954263373,8.0,242.98523,500.0,228.9255,-1.0,0.44921875,1.0,0.608059,0.32877886,0.0013854357,0.0015629062,0.0006039826,-2.9515772,0.48962402,0.510376,0.061157227,0.010243804194033146
3751936,2215.4119158474923,8.0,243.27246,500.0,228.99007,-1.0,0.44873047,1.0,0.6078172,0.32857025,-1.236971e-06,0.0007803462,-0.00039140997,-2.8244514,0.49023438,0.5097656,0.061035156,0.00999380461871624
3760128,2191.3762290630616,8.0,243.41907,500.0,229.03809,-1.0,0.44909668,1.0,0.6072452,0.32857442,0.0009814154,0.0014261634,0.00026833353,-3.0596058,0.49023438,0.5097656,0.060668945,0.009743805043399334
3768320,2188.256612871403,8.0,243.44128,500.0,229.06609,-1.0,0.44848633,1.0,0.6075956,0.32830864,0.0021887848,0.0013569519,0.0015103085,-2.8807495,0.4906006,0.5093994,0.060913086,0.009977675974369049
3776512,2190.2097114995045,8.0,243.49194,500.0,229.08388,-1.0,0.4482422,1.0,0.60757494,0.3281865,0.0063507515,0.0016070538,0.005547223,-3.0900435,0.49084473,0.5091553,0.060913086,0.010196425952017307
3784704,2185.961071401374,8.0,243.27148,500.0,229.06898,-1.0,0.44885254,1.0,0.6076266,0.3286998,-0.00027556624,0.0016068405,-0.0010789867,-3.378613,0.49023438,0.5097656,0.060913086,0.01029526349157095
3792896,2192.6815294082885,8.0,243.32214,500.0,229.11362,-1.0,0.44909668,1.0,0.6072452,0.32903916,0.00094823196,0.0012290992,0.00033368258,-1.6565855,0.49023438,0.5097656,0.060668945,0.010192322544753551
3801088,2204.439475164901,8.0,242.58667,500.0,229.04073,-1.0,0.4501953,1.0,0.60773814,0.33007812,0.0015668813,0.0023784353,0.00037766364,-2.434254,0.4888916,0.5111084,0.060913086,0.010485800914466381
3809280,2190.2372153331285,8.0,242.8103,500.0,229.08037,-1.0,0.44958496,1.0,0.60768783,0.32983947,0.001623204,0.0015916128,0.0008273975,-2.3637931,0.48950195,0.51049805,0.060913086,0.010479703545570374
3817472,2188.782554837033,8.0,242.93286,500.0,229.09277,-1.0,0.44958496,1.0,0.6074869,0.32984787,9.630772e-05,0.0010235042,-0.0004154442,-3.076759,0.48962402,0.510376,0.060791016,0.010364838875830173
3825664,2227.5260371964673,8.0,242.51855,500.0,229.10007,-1.0,0.4498291,1.0,0.6079089,0.33028513,-0.00051512435,0.001081218,-0.0010557333,-3.5636778,0.48913574,0.51086426,0.061035156,0.010371249169111252
3833856,2201.3064153450932,8.0,242.53418,500.0,229.10497,-1.0,0.45007324,1.0,0.607929,0.3305702,0.0023923619,0.001833208,0.0014757575,-2.8457878,0.4888916,0.5111084,0.061035156,0.010766410268843174
3842048,2200.4048985894437,8.0,242.58862,500.0,229.10513,-1.0,0.45129395,1.0,0.6070233,0.33131734,-0.0013493907,0.00076754414,-0.0017331628,-2.5518446,0.48828125,0.51171875,0.060424805,0.010516410693526268
3850240,2191.309565394188,8.0,242.69604,500.0,229.12068,-1.0,0.4506836,1.0,0.6073761,0.33091348,-0.0003911854,0.0011667464,-0.00097455876,-2.7170384,0.48864746,0.51135254,0.060668945,0.010552125051617622
3858432,2199.806879557864,8.0,242.78052,500.0,229.12505,-1.0,0.45092773,1.0,0.6069938,0.33113474,-0.0016202517,0.0015135766,-0.0023770398,-3.101688,0.48864746,0.51135254,0.060424805,0.010552125051617622
3866624,2190.111150134537,8.0,242.59497,500.0,229.11867,-1.0,0.4510498,1.0,0.60720474,0.33137387,0.0032091946,0.0007633328,0.0028275284,-4.0172114,0.48840332,0.5115967,0.060546875,0.010587839409708977
3874816,2184.460557980068,8.0,242.30261,500.0,229.05836,-1.0,0.45129395,1.0,0.6076263,0.33170068,0.0021165358,0.0022455456,0.0009937625,-3.2944236,0.48791504,0.51208496,0.060791016,0.010703693144023418
3883008,2192.1339922119955,8.0,242.31055,500.0,229.10536,-1.0,0.45129395,1.0,0.6074254,0.33190045,0.0017776951,0.00060495053,0.0014752197,-3.071671,0.4880371,0.5119629,0.060668945,0.010453693568706512
3891200,2192.3677182497627,8.0,241.85889,500.0,229.08693,-1.0,0.4515381,1.0,0.6078467,0.33220553,0.00039974262,0.0018411864,-0.0005208503,-2.9914987,0.48754883,0.5124512,0.060913086,0.01085586752742529
3899392,2187.160238397189,8.0,241.68616,500.0,229.12012,-1.0,0.4522705,1.0,0.60750294,0.33299503,0.0010073243,0.00078342715,0.00061561074,-2.546825,0.48706055,0.51293945,0.060668945,0.010605867952108383
3907584,2189.694805330125,8.0,241.34387,500.0,229.08,-1.0,0.45324707,1.0,0.6073779,0.33359164,0.0017285515,0.0014827994,0.0009871518,-2.4997983,0.48620605,0.51379395,0.060546875,0.010772534646093845
3915776,2213.173971226973,8.0,241.24512,500.0,229.10654,-1.0,0.4534912,1.0,0.6073966,0.33392134,0.0013426747,0.0013687824,0.0006582831,-2.4981802,0.4859619,0.5140381,0.060546875,0.010897534899413586
3923968,2185.494867482693,8.0,240.73279,500.0,229.00052,-1.0,0.45458984,1.0,0.6076806,0.3343622,-0.00075864093,0.0011075601,-0.0013124205,-2.6331801,0.4847412,0.5152588,0.060668945,0.010786423459649086
3932160,2194.650248139164,8.0,240.77881,500.0,229.00826,-1.0,0.4543457,1.0,0.6078632,0.33411562,0.002397404,0.0010019626,0.0018964233,-3.0807788,0.48486328,0.5151367,0.060791016,0.010921038687229156
3940352,2236.58689346195,8.0,240.4248,500.0,229.04079,-1.0,0.45422363,1.0,0.60825557,0.3344922,0.0016894492,0.0026329139,0.00037299213,-2.1724393,0.4847412,0.5152588,0.061035156,0.011484991759061813
3948544,2182.920358504833,8.0,240.53992,500.0,229.05548,-1.0,0.4547119,1.0,0.6076898,0.3349027,0.0045799934,0.0005079468,0.00432602,-2.8397243,0.48461914,0.51538086,0.060668945,0.011234992183744907
3956736,2186.532939771377,8.0,240.6123,500.0,229.11356,-1.0,0.4547119,1.0,0.6074889,0.3352327,0.0037600175,0.0013264315,0.0030968026,-2.5066643,0.4847412,0.5152588,0.060546875,0.011234992183744907
3964928,2194.590673978874,8.0,240.34106,500.0,229.18875,-1.0,0.4547119,1.0,0.6076898,0.33572808,0.0002526167,0.001169174,-0.00033197046,-3.5376956,0.48461914,0.51538086,0.060668945,0.011262769810855389
3973120,2183.191657856951,8.0,240.34973,500.0,229.2302,-1.0,0.45410156,1.0,0.60804564,0.33559167,0.00058115664,0.0017356349,-0.00028666068,-3.1443346,0.48498535,0.51501465,0.060913086,0.011622525751590729
3981312,2190.1337654142353,8.0,239.92603,500.0,229.15121,-1.0,0.45483398,1.0,0.60830116,0.3359977,0.0006599546,0.0009694838,0.00017521251,-1.9572009,0.48413086,0.51586914,0.061035156,0.01165030337870121
3989504,2199.9294152778707,8.0,239.7456,500.0,229.12015,-1.0,0.45495605,1.0,0.6087114,0.3361327,-0.00076407986,0.0009573827,-0.0012427714,-2.5897145,0.48376465,0.51623535,0.061279297,0.01171280350536108
3997696,2201.6890959363855,8.0,239.51294,500.0,229.12274,-1.0,0.45629883,1.0,0.6080067,0.33718836,0.004491251,0.0009901687,0.0039961673,-3.694446,0.48291016,0.51708984,0.060791016,0.011584755033254623
4005888,2189.4337459304643,8.0,239.51111,500.0,229.1233,-1.0,0.45654297,1.0,0.60782343,0.3374241,0.0009020898,0.0009343901,0.00043489406,-3.2041101,0.4827881,0.5172119,0.060668945,0.011668087914586067
4014080,2180.8256092315382,8.0,239.45203,500.0,229.10286,-1.0,0.45703125,1.0,0.6076573,0.3375436,0.00087517,0.00096681603,0.0003917619,-3.2766755,0.48242188,0.5175781,0.060546875,0.01157433819025755
4022272,2176.239387142001,8.0,239.32007,500.0,229.10176,-1.0,0.45703125,1.0,0.6078582,0.33774367,-0.0029659187,0.0012230158,-0.0035774268,-3.1775122,0.4822998,0.5177002,0.060668945,0.01170895341783762
4030464,2182.5059111361434,8.0,239.56787,500.0,229.18544,-1.0,0.4567871,1.0,0.60743904,0.33778217,0.0025851675,0.001135222,0.0020175565,-3.7554934,0.4827881,0.5172119,0.060424805,0.0117619838565588
4038656,2216.2793126617917,8.0,239.78247,500.0,229.23677,-1.0,0.45617676,1.0,0.6073954,0.33751735,0.0014345536,0.001498421,0.0006853428,-2.8825643,0.48339844,0.51660156,0.060424805,0.011995854787528515
4046848,2187.5410799277315,8.0,239.90942,500.0,229.25688,-1.0,0.45617676,1.0,0.6071944,0.3373662,0.0028380544,0.001311101,0.002182504,-3.081733,0.4835205,0.5164795,0.060302734,0.012116225436329842
4055040,2198.8754911189967,8.0,240.32483,500.0,229.33844,-1.0,0.45544434,1.0,0.60694,0.3369308,-0.0016588904,0.0009238168,-0.002120799,-3.1139321,0.484375,0.515625,0.060180664,0.012032892554998398
4063232,2189.5630818500726,8.0,240.3003,500.0,229.35141,-1.0,0.4567871,1.0,0.6060307,0.3378186,-0.0017516026,0.0019769375,-0.0027400716,-2.5089364,0.48364258,0.5163574,0.059570312,0.012020987458527088
4071424,2198.4182508493664,8.0,239.95715,500.0,229.37701,-1.0,0.45703125,1.0,0.6062495,0.33825302,0.00011452929,0.0013320013,-0.0005514713,-2.1292844,0.48327637,0.51672363,0.059692383,0.012212163768708706
4079616,2211.6471250235104,8.0,239.77075,500.0,229.32283,-1.0,0.45751953,1.0,0.60628384,0.3383726,-0.001434057,0.0015488955,-0.0022085048,-3.1473315,0.4827881,0.5172119,0.059692383,0.012367568910121918
4087808,2192.680270066751,8.0,239.44104,500.0,229.27614,-1.0,0.4580078,1.0,0.6065192,0.3388686,0.00030457554,0.0015776933,-0.0004842714,-3.1752238,0.48217773,0.51782227,0.059814453,0.012380726635456085
4096000,2198.0637040303877,8.0,239.42737,500.0,229.31168,-1.0,0.4576416,1.0,0.60669506,0.3384369,0.003208293,0.0018752611,0.0022706622,-2.6710877,0.48242188,0.5175781,0.059936523,0.012845012359321117
4104192,2214.248641780754,8.0,239.0271,500.0,229.26466,-1.0,0.4584961,1.0,0.606754,0.33909446,-0.00070642924,0.0016863754,-0.0015496169,-2.2586236,0.48156738,0.5184326,0.059936523,0.012851422652602196
4112384,2199.623524013209,8.0,238.67566,500.0,229.26778,-1.0,0.45922852,1.0,0.60660243,0.33966416,0.00023477379,0.0013792006,-0.00045482666,-2.8619547,0.48095703,0.51904297,0.059814453,0.012736557982861996
4120576,2197.736401770253,8.0,238.75647,500.0,229.30963,-1.0,0.45825195,1.0,0.60713947,0.33915538,0.0032846124,0.0013852994,0.002591962,-3.0115461,0.48156738,0.5184326,0.060180664,0.012871173210442066
4128768,2192.2463031721077,8.0,238.74268,500.0,229.31299,-1.0,0.45825195,1.0,0.60713947,0.33924273,-0.0012939041,0.000755043,-0.0016714254,-3.3209302,0.48156738,0.5184326,0.060180664,0.012806358747184277
4136960,2216.0320282271487,8.0,238.45227,500.0,229.33372,-1.0,0.4584961,1.0,0.60735726,0.3397309,-0.0028573377,0.00095716753,-0.0033359216,-3.3698053,0.48120117,0.5187988,0.060302734,0.012806358747184277
4145152,2204.1191790940657,8.0,238.35388,500.0,229.30194,-1.0,0.45788574,1.0,0.6081188,0.33949566,0.00780852,0.0020330744,0.006791983,-3.597324,0.48132324,0.51867676,0.060791016,0.013650109060108662
4153344,2210.732710857637,8.0,238.15869,500.0,229.33943,-1.0,0.4588623,1.0,0.60758317,0.34026706,-0.00032735232,0.001193058,-0.0009238812,-3.0805914,0.4807129,0.5192871,0.060424805,0.013522060588002205
4161536,2195.0623095157252,8.0,238.01831,500.0,229.33975,-1.0,0.45874023,1.0,0.6077757,0.3403349,0.0007771187,0.0014556262,4.930538e-05,-3.7284477,0.4807129,0.5192871,0.060546875,0.013748250901699066
4169728,2187.716297642724,8.0,237.96936,500.0,229.313,-1.0,0.45861816,1.0,0.6079683,0.3402713,0.0023967326,0.0014875208,0.0016529732,-3.2726793,0.4807129,0.5192871,0.060668945,0.013843078166246414
4177920,2194.62571721087,8.0,237.67847,500.0,229.27377,-1.0,0.4584961,1.0,0.608562,0.340191,-0.0035280786,0.0016032849,-0.0043297214,-2.978827,0.48046875,0.51953125,0.061035156,0.014047623611986637
4186112,2190.3383013465645,8.0,237.4989,500.0,229.27277,-1.0,0.45861816,1.0,0.6087709,0.3403296,-0.0012118198,0.001728829,-0.0020762347,-3.0666533,0.4802246,0.5197754,0.061157227,0.014163477346301079
4194304,2188.75397211547,8.0,237.5675,500.0,229.30977,-1.0,0.4588623,1.0,0.6083863,0.3405144,0.0055041723,0.0011876519,0.004910346,-3.727496,0.4802246,0.5197754,0.060913086,0.013913477770984173
4202496,2190.865803346745,8.0,237.19763,500.0,229.2794,-1.0,0.46032715,1.0,0.6078814,0.34163797,0.002271905,0.0012158168,0.0016639968,-3.5464349,0.47912598,0.520874,0.060546875,0.013663478195667267
4210688,2193.2098808049013,8.0,237.40552,500.0,229.33165,-1.0,0.4597168,1.0,0.60784125,0.34130722,-0.0017859512,0.0011440477,-0.0023579746,-3.2974305,0.47973633,0.5202637,0.060546875,0.013716508634388447
4218880,2197.9520616352415,8.0,236.96924,500.0,229.28606,-1.0,0.4609375,1.0,0.60772014,0.3422625,-0.0018018263,0.0014773563,-0.0025405046,-3.4449863,0.4786377,0.5213623,0.060424805,0.013699066825211048
4227072,2194.654874032813,8.0,236.75208,500.0,229.32782,-1.0,0.4613037,1.0,0.60754263,0.34295863,0.0034650115,0.0011105468,0.002909739,-3.7195718,0.47839355,0.52160645,0.060302734,0.013580645434558392
4235264,2196.1997508738846,8.0,236.94922,500.0,229.37997,-1.0,0.46118164,1.0,0.6071328,0.34282643,-0.0014555256,0.00088984723,-0.0019004493,-2.5216837,0.47875977,0.52124023,0.060058594,0.013701016083359718
4243456,2187.288888124987,8.0,236.37402,500.0,229.30989,-1.0,0.4609375,1.0,0.6083224,0.34273347,-0.0013463349,0.0023709426,-0.0025318062,-1.7659488,0.47827148,0.5217285,0.060791016,0.014148690737783909
4251648,2215.3113589020636,8.0,236.49658,500.0,229.3632,-1.0,0.46081543,1.0,0.6081138,0.3427782,-0.001892114,0.0016742855,-0.0027292566,-2.869272,0.47851562,0.5214844,0.060668945,0.014367440715432167
4259840,2186.8748682439227,8.0,236.40771,500.0,229.38902,-1.0,0.46081543,1.0,0.6081138,0.34301785,-0.003922723,0.0009440884,-0.004394767,-3.2159328,0.47851562,0.5214844,0.060668945,0.01427369099110365
4268032,2185.100702875172,8.0,236.33008,500.0,229.32039,-1.0,0.46069336,1.0,0.6085073,0.34280604,0.0025373665,0.002325513,0.00137461,-2.445952,0.47839355,0.52160645,0.060913086,0.014349778182804585
4276224,2194.6023082077986,8.0,236.28723,500.0,229.30309,-1.0,0.45983887,1.0,0.60925347,0.34242237,0.0028634935,0.001620981,0.0020530033,-2.6748364,0.47875977,0.52124023,0.061401367,0.014775454066693783
4284416,2194.7494988638446,8.0,236.03516,500.0,229.17062,-1.0,0.460083,1.0,0.6098703,0.3420831,0.0048093745,0.0023961966,0.003611276,-3.426477,0.4781494,0.5218506,0.061767578,0.015081009827554226
4292608,2187.7406743500924,8.0,235.97449,500.0,229.16884,-1.0,0.46032715,1.0,0.6096861,0.34217757,0.0010983746,0.0014518659,0.00037244207,-3.3234627,0.47802734,0.52197266,0.061645508,0.014966145157814026
4300800,2192.54552888002,8.0,235.96704,500.0,229.17155,-1.0,0.460083,1.0,0.6098703,0.34197903,0.0040293224,0.0006309027,0.0037138714,-3.5567691,0.4781494,0.5218506,0.061767578,0.014867660589516163
4308992,2182.7020919287943,8.0,236.2893,500.0,229.23569,-1.0,0.45898438,1.0,0.6099976,0.34118065,0.0021071641,0.0011479319,0.0015331989,-3.3579164,0.47912598,0.520874,0.06188965,0.015017660334706306
4317184,2212.7479575234165,8.0,235.9961,500.0,229.21951,-1.0,0.45922852,1.0,0.61021394,0.34133264,0.0005586243,0.0014810585,-0.00018190494,-2.6500883,0.47875977,0.52124023,0.06201172,0.015005755238234997
4325376,2191.5612874206677,8.0,235.56616,500.0,229.17502,-1.0,0.460083,1.0,0.6102705,0.34191346,0.004585499,0.0012583374,0.0039563305,-3.6116986,0.47790527,0.5220947,0.06201172,0.01521030068397522
4333568,2183.652161136199,8.0,235.37732,500.0,229.20537,-1.0,0.46032715,1.0,0.6102865,0.34250897,0.0023748882,0.0013510531,0.0016993613,-3.1138737,0.47766113,0.52233887,0.06201172,0.015515856444835663
4341760,2188.348596140758,8.0,235.10315,500.0,229.22437,-1.0,0.46020508,1.0,0.6106783,0.342561,0.0033387302,0.0015111632,0.002583149,-3.00099,0.47753906,0.52246094,0.06225586,0.01568252220749855
4349952,2187.4884365272096,8.0,234.82874,500.0,229.19484,-1.0,0.46032715,1.0,0.611086,0.34271032,-0.0016697536,0.0010928966,-0.0022162017,-3.3117926,0.47717285,0.52282715,0.0625,0.015676423907279968
4358144,2178.9985033540092,8.0,235.03455,500.0,229.22652,-1.0,0.460083,1.0,0.6108703,0.34243047,0.0066909045,0.0012587981,0.0060615055,-2.3887918,0.47753906,0.52246094,0.06237793,0.015738923102617264
4366336,2185.8697059054048,8.0,235.55212,500.0,229.29185,-1.0,0.45874023,1.0,0.6109808,0.34152812,-0.0026234072,0.00058736553,-0.00291709,-2.852357,0.47875977,0.52124023,0.0625,0.015667494386434555
4374528,2187.3934619864917,8.0,235.83789,500.0,229.31407,-1.0,0.45776367,1.0,0.6111139,0.3409257,0.0030869204,0.0012142176,0.0024798112,-3.1914005,0.47961426,0.52038574,0.06262207,0.01570320874452591
4382720,2185.422445057292,8.0,235.64075,500.0,229.31042,-1.0,0.45812988,1.0,0.6111391,0.34131378,-0.0022004507,0.0010376992,-0.0027193006,-2.6757941,0.47924805,0.52075195,0.06262207,0.01559209730476141
4390912,2192.571552367156,8.0,235.56226,500.0,229.31569,-1.0,0.4572754,1.0,0.61187845,0.34091562,0.0017151029,0.0019644601,0.00073287246,-3.0747523,0.47961426,0.52038574,0.06311035,0.0160738043487072
4399104,2198.566516549586,8.0,235.68555,500.0,229.32555,-1.0,0.45751953,1.0,0.6114963,0.341106,0.0015015453,0.00077404734,0.001114521,-3.4784198,0.47961426,0.52038574,0.06286621,0.01582380384206772
4407296,2197.2675508881384,8.0,235.79199,500.0,229.39166,-1.0,0.45751953,1.0,0.611097,0.34133914,0.001572655,0.0004514123,0.0013469496,-3.6224039,0.4798584,0.5201416,0.06262207,0.015573804266750813
4415488,2182.535439983058,8.0,236.17896,500.0,229.47102,-1.0,0.45666504,1.0,0.611037,0.34091753,0.0015559765,0.0004839206,0.0013140162,-2.5649083,0.4807129,0.5192871,0.06262207,0.015323804691433907
4423680,2193.0365814818224,8.0,235.91858,500.0,229.38553,-1.0,0.45739746,1.0,0.6110885,0.34112698,0.0013779014,0.0013688365,0.00069348345,-3.0302942,0.47998047,0.52001953,0.06262207,0.015187441371381283
4431872,2194.3805782300715,8.0,235.55225,500.0,229.39508,-1.0,0.45825195,1.0,0.61094767,0.3418733,0.0020822135,0.0016775058,0.0012434607,-2.8761418,0.47924805,0.52075195,0.0625,0.015154832974076271
4440064,2195.1029772428824,8.0,235.38599,500.0,229.36295,-1.0,0.45837402,1.0,0.61115587,0.34192103,0.0014935737,0.000903845,0.0010416512,-3.2288074,0.4790039,0.5209961,0.06262207,0.015083404257893562
4448256,2190.1587544454474,8.0,234.62012,500.0,229.33768,-1.0,0.4584961,1.0,0.61216193,0.34239465,0.0024416808,0.00274342,0.001069971,-2.9434016,0.47827148,0.5217285,0.06323242,0.01544564962387085
4456448,2214.516937284287,8.0,234.67212,500.0,229.34198,-1.0,0.45861816,1.0,0.6119708,0.34246945,-0.00013695873,0.0009236726,-0.0005987949,-2.7287638,0.47827148,0.5217285,0.06311035,0.015195650048553944
4464640,2236.4790189202618,8.0,234.25696,500.0,229.25572,-1.0,0.4593506,1.0,0.6122193,0.3427591,0.0018111814,0.0026302254,0.0004960685,-2.1547298,0.477417,0.522583,0.06323242,0.015489128418266773
4472832,2204.849137246744,8.0,234.11926,500.0,229.21133,-1.0,0.4593506,1.0,0.6126179,0.34272438,-0.0016862928,0.0010322749,-0.0022024303,-2.5973003,0.47717285,0.52282715,0.06347656,0.015583955682814121
4481024,2190.065641789728,8.0,234.15894,500.0,229.22673,-1.0,0.4597168,1.0,0.6122435,0.3429826,-0.0016781171,0.0012236831,-0.0022899588,-2.6505928,0.47705078,0.5229492,0.06323242,0.015485471114516258
4489216,2221.1839186611255,8.0,233.95776,500.0,229.24101,-1.0,0.45947266,1.0,0.612626,0.34339797,-0.0016305917,0.0014183416,-0.0023397626,-3.0065842,0.47705078,0.5229492,0.06347656,0.015521185472607613
4497408,2200.5086164721874,8.0,234.01904,500.0,229.22641,-1.0,0.45922852,1.0,0.612809,0.34314486,-0.0006880186,0.0014529146,-0.0014144757,-2.703937,0.47717285,0.52282715,0.06359863,0.01572572998702526
4505600,2200.96024142591,8.0,233.81555,500.0,229.2309,-1.0,0.4597168,1.0,0.6126421,0.3435608,0.0051145223,0.001560172,0.0043344363,-2.642652,0.47680664,0.52319336,0.06347656,0.01573888771235943
4513792,2183.8631223493207,8.0,233.7926,500.0,229.28093,-1.0,0.46081543,1.0,0.6117164,0.34435755,-0.00080468995,0.0010741581,-0.0013417691,-3.096839,0.47631836,0.52368164,0.06286621,0.015610839240252972
4521984,2202.359989506021,8.0,233.37854,500.0,229.22824,-1.0,0.46166992,1.0,0.61197,0.3449624,0.00119559,0.0025264751,-6.764778e-05,-3.1160784,0.4753418,0.5246582,0.06298828,0.015860838815569878
4530176,2185.817699125628,8.0,233.3164,500.0,229.274,-1.0,0.46228027,1.0,0.61140937,0.3453936,-0.0024148293,0.0017524441,-0.0032910514,-3.1513476,0.47509766,0.52490234,0.06262207,0.01600557565689087
4538368,2196.9400642565106,8.0,232.87476,500.0,229.17288,-1.0,0.46240234,1.0,0.61221486,0.3453209,-0.002103067,0.0015692507,-0.0028876923,-3.2407932,0.4744873,0.5255127,0.06311035,0.01625557616353035
4546560,2193.5807885804224,8.0,233.229,500.0,229.25743,-1.0,0.4625244,1.0,0.6114243,0.34542826,0.0005389999,0.00080759265,0.00013520365,-3.4326248,0.47485352,0.5251465,0.06262207,0.016177989542484283
4554752,2186.956991533879,8.0,232.84607,500.0,229.23051,-1.0,0.46362305,1.0,0.611291,0.34617662,0.0028048842,0.0011998891,0.0022049395,-2.8920074,0.47387695,0.52612305,0.0625,0.016044268384575844
4562944,2193.2756801280943,8.0,232.57874,500.0,229.25438,-1.0,0.46350098,1.0,0.6116831,0.34644613,0.0002472659,0.0010753134,-0.0002903908,-3.4304109,0.47375488,0.5262451,0.06274414,0.01608838513493538
4571136,2190.172994260186,8.0,232.3158,500.0,229.1985,-1.0,0.4630127,1.0,0.61265075,0.34608293,-0.0013042482,0.0022071584,-0.0024078274,-3.1637917,0.4736328,0.5263672,0.06335449,0.016450630500912666
4579328,2201.801259393772,8.0,232.3153,500.0,229.205,-1.0,0.4638672,1.0,0.61190426,0.34661627,0.005930626,0.0005340647,0.0056635933,-3.9779341,0.4732666,0.5267334,0.06286621,0.016200629994273186
4587520,2191.322143134477,8.0,232.40979,500.0,229.23186,-1.0,0.4633789,1.0,0.6120747,0.34620324,0.002714205,0.0008308426,0.0022987842,-3.189247,0.4736328,0.5263672,0.06298828,0.016320999711751938
4595712,2181.6288668015272,8.0,232.4613,500.0,229.22221,-1.0,0.4621582,1.0,0.6129969,0.34535658,-0.00043113288,0.0016364686,-0.0012493671,-3.0108829,0.47424316,0.52575684,0.06359863,0.016904333606362343
4603904,2184.377511115553,8.0,231.97168,500.0,229.2043,-1.0,0.46289062,1.0,0.6130417,0.34613353,-0.004235347,0.0021644519,-0.0053175725,-2.565209,0.47351074,0.52648926,0.06359863,0.01707986555993557
4612096,2195.9604353428845,8.0,231.99951,500.0,229.18686,-1.0,0.46240234,1.0,0.61341006,0.34583837,0.002981619,0.0011581014,0.0024025685,-2.9472477,0.47375488,0.5262451,0.06384277,0.01722460240125656
4620288,2218.7218133010156,8.0,231.7456,500.0,229.13861,-1.0,0.46313477,1.0,0.6132555,0.3462416,-0.0012751158,0.0009115614,-0.0017308964,-2.9257457,0.47314453,0.52685547,0.0637207,0.017113491892814636
4628480,2209.0186230174295,8.0,231.21606,500.0,229.10463,-1.0,0.46435547,1.0,0.6131286,0.34734875,0.0012920932,0.0017438133,0.00042018626,-3.0321527,0.4720459,0.5279541,0.06359863,0.016979770734906197
4636672,2199.5838150881077,8.0,231.41809,500.0,229.15865,-1.0,0.46447754,1.0,0.61253816,0.34751898,-0.0026077316,0.00047121846,-0.002843341,-2.957152,0.47229004,0.52770996,0.06323242,0.016729770228266716
4644864,2182.506742923711,8.0,231.35791,500.0,229.19948,-1.0,0.46496582,1.0,0.6121676,0.34814066,0.0007423859,0.0013356735,7.454929e-05,-2.8386753,0.4720459,0.5279541,0.06298828,0.01673617959022522
4653056,2192.1622436989687,8.0,230.77478,500.0,229.10489,-1.0,0.4654541,1.0,0.61279327,0.3485912,4.769594e-06,0.0015907243,-0.00079059263,-2.8884509,0.4711914,0.5288086,0.06335449,0.01688091643154621
4661248,2187.92330799203,8.0,230.63867,500.0,229.08926,-1.0,0.46447754,1.0,0.6137327,0.34797728,0.00034967705,0.0018104811,-0.00055556314,-2.4437366,0.47155762,0.5284424,0.063964844,0.017603138461709023
4669440,2203.0954218802767,8.0,230.47815,500.0,229.06558,-1.0,0.4645996,1.0,0.61393857,0.3480262,0.003489137,0.001646731,0.0026657719,-3.7032716,0.47131348,0.5286865,0.064086914,0.017747875303030014
4677632,2212.4366394145113,8.0,230.73889,500.0,229.14226,-1.0,0.46435547,1.0,0.61352664,0.34805274,-0.00049658195,0.0006496024,-0.0008213829,-3.8117392,0.47180176,0.52819824,0.06384277,0.017649389803409576
4685824,2175.945008713979,8.0,230.69788,500.0,229.12419,-1.0,0.46325684,1.0,0.614456,0.34735602,0.00086550706,0.00216311,-0.00021604805,-3.160924,0.47229004,0.52770996,0.064453125,0.01823272369801998
4694016,2202.674691062265,8.0,230.8446,500.0,229.15001,-1.0,0.46374512,1.0,0.61388874,0.34792495,0.001987659,0.0010009375,0.00148719,-3.2127783,0.47216797,0.52783203,0.064086914,0.018129782751202583
4702208,2193.344283626343,8.0,230.82568,500.0,229.15366,-1.0,0.46276855,1.0,0.6146253,0.34785503,0.006850887,0.0014543801,0.0061236965,-2.1586368,0.47265625,0.52734375,0.064575195,0.01855545863509178
4710400,2204.34839696588,8.0,230.54651,500.0,229.10123,-1.0,0.46264648,1.0,0.61521333,0.3477031,0.0022081623,0.0020350828,0.001190621,-3.3651505,0.4724121,0.5275879,0.064941406,0.019094932824373245
4718592,2201.1629972970204,8.0,230.4253,500.0,229.04907,-1.0,0.4625244,1.0,0.6156027,0.34760025,0.0011226409,0.0014687399,0.0003882708,-3.4454556,0.47229004,0.52770996,0.06518555,0.01940048858523369
4726784,2192.300154974342,8.0,230.46252,500.0,229.04765,-1.0,0.46228027,1.0,0.6157861,0.34723192,-0.004216976,0.00094359263,-0.0046887724,-3.0534031,0.4724121,0.5275879,0.06530762,0.019721917808055878
4734976,2181.2596354830926,8.0,230.56897,500.0,229.07251,-1.0,0.46154785,1.0,0.61613715,0.34678042,-0.0022041597,0.0009791603,-0.0026937402,-3.7181482,0.4729004,0.5270996,0.06555176,0.019784417003393173
4743168,2205.3997897151976,8.0,230.68506,500.0,229.08751,-1.0,0.461792,1.0,0.615756,0.34697437,0.0017279078,0.0007877736,0.0013340211,-3.7948112,0.4729004,0.5270996,0.06530762,0.019812194630503654
4751360,2209.249713409393,8.0,230.81311,500.0,229.09483,-1.0,0.46154785,1.0,0.615939,0.347016,-0.0009662173,0.0014758745,-0.0017041547,-2.8627272,0.47302246,0.52697754,0.06542969,0.020168256014585495
4759552,2189.0926904963158,8.0,230.48694,500.0,229.07576,-1.0,0.46240234,1.0,0.61579347,0.34767497,0.002939611,0.0016087993,0.0021352114,-3.6362314,0.47229004,0.52770996,0.06530762,0.020131021738052368
4767744,2194.3596969946816,8.0,230.55786,500.0,229.0292,-1.0,0.46191406,1.0,0.61615986,0.34725535,0.005485857,0.0012956025,0.0048380545,-3.52924,0.47253418,0.5274658,0.06555176,0.020225849002599716
4775936,2191.373713379274,8.0,230.61438,500.0,229.00476,-1.0,0.46264648,1.0,0.61561006,0.34739226,-0.0044093053,0.0008751272,-0.0048468686,-3.0231307,0.47216797,0.52783203,0.06518555,0.019975848495960236
4784128,2196.7233389374924,8.0,230.23401,500.0,228.93483,-1.0,0.46350098,1.0,0.6156614,0.34774366,0.00075491454,0.0021089062,-0.00029953866,-2.792697,0.47131348,0.5286865,0.06518555,0.02019096538424492
4792320,2195.827395660498,8.0,230.21118,500.0,228.8848,-1.0,0.46276855,1.0,0.61641014,0.34709337,-0.0019419297,0.0022546255,-0.0030692427,-2.7943332,0.47155762,0.5284424,0.06567383,0.020616641268134117
4800512,2187.6527814599726,8.0,230.44421,500.0,228.91689,-1.0,0.46203613,1.0,0.6165635,0.3463995,0.0012136814,0.0013710608,0.00052815094,-2.8588,0.47216797,0.52783203,0.0657959,0.021033307537436485
4808704,2190.530027384384,8.0,230.3927,500.0,228.91626,-1.0,0.46203613,1.0,0.6165635,0.34644318,0.002158677,0.0013049933,0.0015061809,-2.4370005,0.47216797,0.52783203,0.0657959,0.02108633704483509
4816896,2191.603642784256,8.0,230.4978,500.0,228.95982,-1.0,0.46228027,1.0,0.61618245,0.3469322,0.004013245,0.0011261771,0.003450157,-2.3819807,0.47216797,0.52783203,0.06555176,0.020975226536393166
4825088,2185.555895095317,8.0,230.72192,500.0,229.00484,-1.0,0.46203613,1.0,0.61596924,0.34665728,-9.589363e-05,0.0011957485,-0.0006937679,-3.211213,0.47253418,0.5274658,0.06542969,0.020872285589575768
4833280,2182.0869094491813,8.0,230.70203,500.0,228.9831,-1.0,0.4621582,1.0,0.6159767,0.34674472,0.0011263059,0.0011661362,0.00054323766,-2.4064088,0.4724121,0.5275879,0.06542969,0.020788952708244324
4841472,2192.2541359970996,8.0,230.60449,500.0,228.99435,-1.0,0.46203613,1.0,0.61616737,0.34659362,-0.0033256782,0.0012756697,-0.0039635124,-2.5222468,0.4724121,0.5275879,0.06555176,0.02102675847709179
4849664,2184.5155557002304,8.0,230.85559,500.0,229.03882,-1.0,0.4621582,1.0,0.61558026,0.34638873,-0.002102378,0.0010574807,-0.0026311188,-2.8922293,0.47265625,0.52734375,0.06518555,0.02077675797045231
4857856,2185.313611936228,8.0,230.55627,500.0,229.0083,-1.0,0.46374512,1.0,0.6148822,0.34766957,0.0006206487,0.0012418191,-2.6100315e-07,-2.5890949,0.47155762,0.5284424,0.064697266,0.02064303681254387
4866048,2205.0888375191407,8.0,230.39417,500.0,228.97487,-1.0,0.46362305,1.0,0.61527187,0.34759206,0.0015915331,0.0013008437,0.0009411109,-2.2938912,0.47143555,0.52856445,0.064941406,0.020715616643428802
4874240,2187.5075159854473,8.0,230.28833,500.0,228.93724,-1.0,0.46362305,1.0,0.61547023,0.34779435,-0.0015258803,0.0020317454,-0.002541753,-3.0170538,0.47131348,0.5286865,0.06506348,0.020991932600736618
4882432,2190.5847725147096,8.0,230.24036,500.0,228.94829,-1.0,0.4633789,1.0,0.61565405,0.34773403,4.9003516e-05,0.0010830106,-0.0004925013,-2.9757257,0.47143555,0.52856445,0.06518555,0.021036049351096153
4890624,2192.0200146476027,8.0,229.9674,500.0,228.84262,-1.0,0.4642334,1.0,0.61570436,0.34802788,0.0013961646,0.0016008166,0.0005957562,-2.9820948,0.47058105,0.52941895,0.06518555,0.021214621141552925
4898816,2238.9401553325433,8.0,229.92249,500.0,228.82327,-1.0,0.46411133,1.0,0.61589545,0.34780753,3.5035657e-05,0.0011051873,-0.00051755796,-4.0237026,0.47058105,0.52941895,0.06530762,0.02129795402288437
4907008,2199.362907564541,8.0,230.25378,500.0,228.88815,-1.0,0.46398926,1.0,0.6152935,0.3477409,-0.00033441908,0.00064282166,-0.00065583,-3.418233,0.47106934,0.52893066,0.064941406,0.02104795351624489
4915200,2196.286226086761,8.0,230.69617,500.0,228.93509,-1.0,0.4633789,1.0,0.61505896,0.3472638,0.0020992598,0.0013461054,0.001426207,-3.3427062,0.47180176,0.52819824,0.064819336,0.021100983023643494
4923392,2191.101494621908,8.0,230.87146,500.0,228.95355,-1.0,0.4625244,1.0,0.61540437,0.34656864,0.00035071664,0.0022960252,-0.00079729536,-2.8307536,0.4724121,0.5275879,0.06506348,0.021600982174277306
4931584,2199.8643428854016,8.0,230.96265,500.0,228.93503,-1.0,0.46289062,1.0,0.61502975,0.3465998,-0.00028868904,0.0012000119,-0.000888695,-3.1731973,0.47229004,0.52770996,0.064819336,0.021594883874058723
4939776,2188.656796445788,8.0,230.91614,500.0,228.938,-1.0,0.46240234,1.0,0.61539686,0.34659013,-0.00052355137,0.0016811718,-0.0013641375,-3.356829,0.47253418,0.5274658,0.06506348,0.021983182057738304
4947968,2191.484408930278,8.0,230.73853,500.0,228.87242,-1.0,0.46362305,1.0,0.61487496,0.34716308,-0.00055293675,0.0016826491,-0.0013942615,-2.7521098,0.4716797,0.5283203,0.064697266,0.02199633978307247
4956160,2185.6141455856555,8.0,230.5437,500.0,228.83437,-1.0,0.4642334,1.0,0.61491084,0.34756863,0.0022661113,0.001760636,0.0013857932,-2.8643672,0.47106934,0.52893066,0.064697266,0.022049369290471077
4964352,2187.4441511843547,8.0,230.64844,500.0,228.87617,-1.0,0.46484375,1.0,0.6141515,0.34810174,0.0044034864,0.0009905174,0.003908227,-4.059453,0.47094727,0.52905273,0.064208984,0.021942226216197014
4972544,2190.8542087006012,8.0,230.63525,500.0,228.87207,-1.0,0.4650879,1.0,0.6139665,0.34831405,0.0014552935,0.001288149,0.0008112191,-3.2178373,0.4708252,0.5291748,0.064086914,0.02213340252637863
4980736,2178.233359923282,8.0,230.94495,500.0,228.9483,-1.0,0.4650879,1.0,0.61336976,0.34844044,-0.0015755428,0.0005507694,-0.0018509277,-3.354828,0.4711914,0.5288086,0.0637207,0.022083401679992676
4988928,2185.5581194006973,8.0,230.92944,500.0,228.94734,-1.0,0.46484375,1.0,0.6135549,0.34815323,0.00016106368,0.0015689012,-0.00062338694,-3.114709,0.47131348,0.5286865,0.06384277,0.022238807752728462
4997120,2194.3058840990225,8.0,231.03198,500.0,228.96376,-1.0,0.4633789,1.0,0.61446327,0.3471601,0.0066858428,0.0018591592,0.0057562627,-3.1412554,0.47216797,0.52783203,0.064453125,0.02315547503530979
5005312,2229.114373641339,8.0,230.81079,500.0,228.92162,-1.0,0.4633789,1.0,0.6148604,0.34720385,-0.0007041934,0.0017832001,-0.0015957933,-3.128694,0.47192383,0.5280762,0.064697266,0.023217974230647087
5013504,2235.416843226473,8.0,230.87537,500.0,228.88763,-1.0,0.4638672,1.0,0.6144922,0.34730557,0.0031963892,0.001131407,0.0026306857,-2.9421074,0.4716797,0.5283203,0.064453125,0.022967973724007607
5021696,2197.8251067993783,8.0,230.99426,500.0,228.90155,-1.0,0.46362305,1.0,0.61447775,0.34711292,0.00045800337,0.00082790595,4.405016e-05,-3.279614,0.47192383,0.5280762,0.064453125,0.02286948822438717
5029888,2199.986321564128,8.0,231.01917,500.0,228.92612,-1.0,0.46350098,1.0,0.6144706,0.34714648,0.0010886531,0.0008930598,0.00064212346,-3.3199751,0.4720459,0.5279541,0.064453125,0.02261948771774769
5038080,2199.8382868379204,8.0,230.72925,500.0,228.88895,-1.0,0.4645996,1.0,0.61413735,0.34793562,0.0015415086,0.0010123906,0.001035313,-2.842401,0.4711914,0.5288086,0.064208984,0.022369487211108208
5046272,2204.750810120551,8.0,230.37354,500.0,228.88928,-1.0,0.46594238,1.0,0.6136168,0.34890836,0.00025950314,0.0007428572,-0.00011192507,-2.9316216,0.47021484,0.52978516,0.06384277,0.022262344136834145
5054464,2196.6274203841162,8.0,230.27222,500.0,228.84633,-1.0,0.46606445,1.0,0.61382246,0.34890586,0.0042086635,0.0015732531,0.0034220375,-3.0991578,0.4699707,0.5300293,0.063964844,0.022496215999126434
5062656,2198.5506199339293,8.0,230.30396,500.0,228.85455,-1.0,0.46569824,1.0,0.61400104,0.34846336,0.00017689448,0.0016646951,-0.0006554529,-3.04761,0.47021484,0.52978516,0.064086914,0.022736411541700363
5070848,2195.842130274503,8.0,230.24512,500.0,228.86662,-1.0,0.4658203,1.0,0.61380893,0.34875888,0.0002842214,0.0018267453,-0.0006291515,-2.000776,0.47021484,0.52978516,0.063964844,0.022843554615974426
5079040,2184.955220349897,8.0,230.2583,500.0,228.8814,-1.0,0.4663086,1.0,0.61343807,0.348965,0.0050692735,0.0016197301,0.004259409,-3.3269198,0.4699707,0.5300293,0.0637207,0.022593554109334946
5087232,2189.4423957525005,8.0,230.27551,500.0,228.8707,-1.0,0.46704102,1.0,0.6128806,0.34941447,-0.0009338597,0.0018067632,-0.0018372409,-3.4049845,0.4696045,0.5303955,0.06335449,0.022343553602695465
5095424,2192.9346864277372,8.0,230.0824,500.0,228.80869,-1.0,0.46679688,1.0,0.6134647,0.349236,-0.0018337935,0.0017942965,-0.0027309414,-3.3460307,0.46948242,0.5305176,0.0637207,0.022537998855113983
5103616,2196.750163926377,8.0,230.27148,500.0,228.84373,-1.0,0.4666748,1.0,0.6132591,0.3492391,0.0007874691,0.0011751287,0.00019990443,-2.6809237,0.46972656,0.53027344,0.06359863,0.02255115658044815
5111808,2189.483692619128,8.0,229.98901,500.0,228.79953,-1.0,0.46704102,1.0,0.6134778,0.34929925,-0.0042705885,0.001652495,-0.005096836,-2.842303,0.46923828,0.5307617,0.0637207,0.022766273468732834
5120000,2187.582165823429,8.0,230.05884,500.0,228.82994,-1.0,0.46679688,1.0,0.6134647,0.34909332,-8.2606246e-05,0.0013384876,-0.0007518502,-3.133448,0.46948242,0.5305176,0.0637207,0.022873416543006897
5128192,2189.043598422628,8.0,229.99963,500.0,228.82367,-1.0,0.4671631,1.0,0.6132854,0.34934425,-0.00246802,0.0009376412,-0.0029368405,-3.4220119,0.46923828,0.5307617,0.06359863,0.022784706205129623
5136384,2188.7884109013958,8.0,229.88062,500.0,228.79692,-1.0,0.46728516,1.0,0.6132919,0.349643,-0.00096045644,0.0018676161,-0.0018942645,-2.7144594,0.4691162,0.5308838,0.06359863,0.022909706458449364
5144576,2186.5467150417294,8.0,229.85474,500.0,228.81528,-1.0,0.46704102,1.0,0.6134778,0.34961763,0.00075582054,0.001356201,7.772015e-05,-3.7122931,0.46923828,0.5307617,0.0637207,0.023088278248906136
5152768,2188.254661794897,8.0,229.64856,500.0,228.83185,-1.0,0.46728516,1.0,0.6134909,0.35010833,-0.00035228452,0.0007167423,-0.0007106557,-2.7353299,0.46899414,0.53100586,0.0637207,0.022838277742266655
5160960,2183.8474376461045,8.0,229.49646,500.0,228.82231,-1.0,0.46679688,1.0,0.61406136,0.34982443,0.0012027312,0.0018831564,0.00026115292,-3.4566321,0.4691162,0.5308838,0.064086914,0.02342161163687706
5169152,2200.565975532543,8.0,229.25659,500.0,228.82828,-1.0,0.46740723,1.0,0.6138953,0.35035956,-0.0031321438,0.0014147894,-0.0038395384,-1.9734704,0.46862793,0.5313721,0.063964844,0.02355622686445713
5177344,2197.411867060942,8.0,229.54968,500.0,228.91252,-1.0,0.4666748,1.0,0.61385596,0.35012054,-0.0006931509,0.00086342223,-0.0011248626,-2.5852451,0.46936035,0.53063965,0.063964844,0.023618726059794426
5185536,2191.055246514085,8.0,228.974,500.0,228.82312,-1.0,0.46740723,1.0,0.61429286,0.35071263,-0.0048406115,0.0014718763,-0.0055765496,-3.3089035,0.4683838,0.5316162,0.064208984,0.02369481325149536
5193728,2187.3599025738918,8.0,229.07007,500.0,228.84145,-1.0,0.46691895,1.0,0.6144654,0.3504652,0.00013432535,0.0008273929,-0.00027937145,-3.037961,0.46875,0.53125,0.064331055,0.024044813588261604
5201920,2197.0414889762797,8.0,229.02332,500.0,228.79848,-1.0,0.46765137,1.0,0.61410695,0.35085565,-0.0016846391,0.0018805497,-0.002624914,-2.6675687,0.46826172,0.5317383,0.064086914,0.024044813588261604
5210112,2193.4745020691976,8.0,228.76135,500.0,228.72835,-1.0,0.46728516,1.0,0.6148822,0.3501823,-0.0006982466,0.0020907815,-0.0017436374,-2.8325279,0.46813965,0.53186035,0.064575195,0.024338291957974434
5218304,2204.025582542958,8.0,228.51917,500.0,228.68745,-1.0,0.4678955,1.0,0.6149144,0.3506838,-0.0014819901,0.001118156,-0.0020410682,-2.7432294,0.4675293,0.5324707,0.064575195,0.024358563125133514
5226496,2190.2130621834017,8.0,228.78442,500.0,228.69626,-1.0,0.4671631,1.0,0.61507416,0.34990206,-0.0015479499,0.0013652893,-0.0022305944,-2.9366481,0.46813965,0.53186035,0.064697266,0.024352464824914932
5234688,2201.918373059593,8.0,228.17285,500.0,228.61154,-1.0,0.46826172,1.0,0.6153302,0.3509233,0.00031074323,0.0013478495,-0.00036318123,-2.9937522,0.46691895,0.53308105,0.064819336,0.0244683176279068
5242880,2201.4645212005657,8.0,227.75989,500.0,228.55418,-1.0,0.46850586,1.0,0.61593765,0.35105166,-0.0019454346,0.0021351937,-0.0030130316,-2.4121773,0.4663086,0.5336914,0.06518555,0.02458868734538555
5251072,2189.1903233228086,8.0,227.51465,500.0,228.48082,-1.0,0.4683838,1.0,0.6165257,0.35088646,0.0007105981,0.0014013544,9.921001e-06,-2.5050235,0.46606445,0.53393555,0.06555176,0.02475535310804844
5259264,2215.226235441272,8.0,227.70349,500.0,228.48222,-1.0,0.4678955,1.0,0.61669844,0.35030377,0.001991494,0.0017678487,0.0011075696,-2.605633,0.46643066,0.53356934,0.06567383,0.024838685989379883
5267456,2186.6634639482254,8.0,227.74829,500.0,228.4541,-1.0,0.46691895,1.0,0.61743814,0.34952533,-0.002149944,0.001594069,-0.0029469784,-3.6039667,0.46691895,0.53308105,0.06616211,0.025160115212202072
5275648,2195.9761541760836,8.0,227.77649,500.0,228.45293,-1.0,0.4663086,1.0,0.6178004,0.34905636,-0.0034159743,0.0018666442,-0.004349296,-3.004479,0.46728516,0.53271484,0.06640625,0.025410115718841553
5283840,2184.9855102434694,8.0,227.9751,500.0,228.48166,-1.0,0.46618652,1.0,0.6175962,0.34875336,-0.0013398551,0.00047015917,-0.0015749347,-3.5772436,0.4675293,0.5324707,0.06628418,0.025160115212202072
5292032,2175.7211084231,8.0,228.09045,500.0,228.53929,-1.0,0.46557617,1.0,0.61776,0.34840852,-0.0023317246,0.0008872439,-0.0027753464,-3.9202874,0.46801758,0.5319824,0.06640625,0.025222614407539368
5300224,2201.3406861405647,8.0,227.73279,500.0,228.4996,-1.0,0.46655273,1.0,0.61761606,0.34912592,-0.00053694844,0.0005566837,-0.00081529,-3.257761,0.4671631,0.5328369,0.06628418,0.02525039203464985
5308416,2186.9006181032705,8.0,228.12805,500.0,228.53372,-1.0,0.4654541,1.0,0.61775327,0.34794563,-0.0007739665,0.0013924687,-0.0014702008,-2.8732285,0.46813965,0.53186035,0.06640625,0.025909483432769775
5316608,2195.2022689210976,8.0,228.25208,500.0,228.54501,-1.0,0.46520996,1.0,0.61773956,0.3477593,-0.0015082465,0.0016921895,-0.0023543416,-2.7945983,0.4683838,0.5316162,0.06640625,0.025909483432769775
5324800,2184.2932208392567,8.0,228.3208,500.0,228.51703,-1.0,0.46606445,1.0,0.617194,0.34802157,0.0010955732,0.001718408,0.00023636938,-1.929275,0.4678955,0.5321045,0.06604004,0.025810997933149338
5332992,2197.2828668953152,8.0,228.6405,500.0,228.53403,-1.0,0.46606445,1.0,0.6167983,0.34774828,-0.0018159084,0.001127083,-0.0023794496,-2.0781398,0.46813965,0.53186035,0.0657959,0.025753306224942207
5341184,2194.361098407435,8.0,228.43323,500.0,228.53708,-1.0,0.4658203,1.0,0.6171805,0.34767407,0.00082042074,0.0019630173,-0.00016108764,-2.0034006,0.46813965,0.53186035,0.06604004,0.02605886198580265
5349376,2208.9954740321155,8.0,228.64624,500.0,228.61882,-1.0,0.46643066,1.0,0.61622435,0.34820783,0.0016331461,0.00085878925,0.0012037519,-3.213701,0.46813965,0.53186035,0.06542969,0.026111891493201256
5357568,2206.2253635275165,8.0,228.43152,500.0,228.54346,-1.0,0.46679688,1.0,0.61644226,0.34857398,-0.00013278628,0.0017012629,-0.0009834177,-3.11897,0.46765137,0.53234863,0.06555176,0.02616189233958721
5365760,2200.0788709949343,8.0,228.13208,500.0,228.50943,-1.0,0.4675293,1.0,0.6162832,0.34917945,-0.0012530629,0.0013991076,-0.0019526166,-3.2542892,0.46704102,0.532959,0.06542969,0.026149988174438477
5373952,2197.9980389307057,8.0,227.79565,500.0,228.41835,-1.0,0.46813965,1.0,0.61651313,0.3495279,0.0005496958,0.0015762968,-0.0002384521,-2.280412,0.4663086,0.5336914,0.06555176,0.02636510506272316
5382144,2194.1607145559724,8.0,227.43188,500.0,228.32951,-1.0,0.4691162,1.0,0.6165628,0.35007286,0.00032189587,0.0016063785,-0.0004812935,-1.8553642,0.46533203,0.53466797,0.06555176,0.026400819420814514
5390336,2189.8932576968864,8.0,227.43689,500.0,228.35435,-1.0,0.4678955,1.0,0.617292,0.3493962,0.00024406088,0.0017339791,-0.00062292884,-2.8284788,0.46606445,0.53393555,0.06604004,0.026650819927453995
5398528,2186.273468370471,8.0,227.06812,500.0,228.28014,-1.0,0.46936035,1.0,0.6169709,0.3505037,-0.0016244876,0.0012329363,-0.0022409556,-3.0408137,0.46484375,0.53515625,0.0657959,0.026522770524024963
5406720,2189.0940851896653,8.0,226.74463,500.0,228.21144,-1.0,0.46972656,1.0,0.6173845,0.35082048,-0.00042531802,0.0017898959,-0.0013202659,-2.8740082,0.4642334,0.5357666,0.06604004,0.02676057629287243
5414912,2196.1391099816433,8.0,227.00122,500.0,228.22226,-1.0,0.4683838,1.0,0.6179101,0.3498149,0.0047039906,0.0017496739,0.0038291535,-3.1072998,0.46520996,0.53479004,0.06640625,0.027186252176761627
5423104,2189.1949262281564,8.0,226.95544,500.0,228.20505,-1.0,0.46801758,1.0,0.6182862,0.34957767,0.0013204985,0.000842767,0.00089911534,-3.2445076,0.46533203,0.53466797,0.06665039,0.027336252853274345
5431296,2197.5068703311417,8.0,226.87366,500.0,228.20609,-1.0,0.46862793,1.0,0.61792254,0.34996477,0.0023433808,0.0016413148,0.0015227229,-2.9624155,0.46496582,0.5350342,0.06640625,0.027540799230337143
5439488,2171.023376021395,8.0,226.75586,500.0,228.25359,-1.0,0.46875,1.0,0.61792874,0.35017294,-0.000571652,0.0009835977,-0.0010634507,-2.8641806,0.46484375,0.53515625,0.06640625,0.027547208592295647
5447680,2190.623039868368,8.0,226.61377,500.0,228.3164,-1.0,0.46850586,1.0,0.6181138,0.35027915,0.0012768852,0.0014919438,0.0005309135,-3.576251,0.46496582,0.5350342,0.06652832,0.027672208845615387
5455872,2200.9533331565385,8.0,226.49927,500.0,228.31297,-1.0,0.46899414,1.0,0.617941,0.35067832,0.0020057885,0.000991404,0.0015100866,-2.3679035,0.4645996,0.5354004,0.06640625,0.027557343244552612
5464064,2189.623778730587,8.0,226.26428,500.0,228.24103,-1.0,0.4691162,1.0,0.6183421,0.35078943,0.001020722,0.0019028838,6.928e-05,-2.683659,0.4642334,0.5357666,0.06665039,0.02767319604754448
5472256,2208.2880308206345,8.0,226.44666,500.0,228.26437,-1.0,0.46850586,1.0,0.6185087,0.35044694,-0.0027406884,0.0006328608,-0.0030571185,-2.7559578,0.46472168,0.5352783,0.06677246,0.02780781127512455
5480448,2214.4053298744693,8.0,226.31335,500.0,228.17255,-1.0,0.46777344,1.0,0.61945707,0.35001037,-0.00085740787,0.001534834,-0.0016248248,-3.6967056,0.46484375,0.53515625,0.06738281,0.028272097930312157
5488640,2185.312083067932,8.0,226.2135,500.0,228.1355,-1.0,0.46740723,1.0,0.62002885,0.34977025,0.0033556744,0.0012539035,0.002728723,-3.2744262,0.46484375,0.53515625,0.06774902,0.028522098436951637
5496832,2186.077896859983,8.0,226.27234,500.0,228.1841,-1.0,0.46618652,1.0,0.6207506,0.34903887,0.0012902622,0.0016416737,0.0004694258,-2.133731,0.46557617,0.5344238,0.068237305,0.028759904205799103
5505024,2175.194951939284,8.0,226.01184,500.0,228.14868,-1.0,0.46728516,1.0,0.620416,0.34984064,-1.4443882e-05,0.0016273771,-0.00082813227,-3.004792,0.46472168,0.5352783,0.067993164,0.02869858406484127
5513216,2193.3158616563783,8.0,225.99133,500.0,228.18065,-1.0,0.46643066,1.0,0.6209604,0.34955037,-0.0017022077,0.0013612394,-0.0023828275,-2.797926,0.46520996,0.53479004,0.068359375,0.0293414406478405
5521408,2193.0372813432314,8.0,225.76758,500.0,228.10214,-1.0,0.46704102,1.0,0.6209931,0.3497854,-0.002516551,0.001469342,-0.003251222,-2.758944,0.4645996,0.5354004,0.068359375,0.029440278187394142
5529600,2195.1357929902188,8.0,225.84302,500.0,228.11134,-1.0,0.46691895,1.0,0.62098664,0.34955132,0.004426424,0.0015389319,0.0036569582,-3.0590792,0.46472168,0.5352783,0.068359375,0.029502777382731438
5537792,2201.8956548565084,8.0,226.19421,500.0,228.17432,-1.0,0.46594238,1.0,0.6211304,0.34885657,-0.005072511,0.0016177716,-0.005881396,-3.3966627,0.46557617,0.5344238,0.068481445,0.029637392610311508
5545984,2227.2883645401325,8.0,226.0404,500.0,228.10034,-1.0,0.46618652,1.0,0.6213403,0.3491825,0.0008265382,0.0018817,-0.0001143117,-3.0230815,0.46520996,0.53479004,0.068603516,0.02985250949859619
5554176,2207.769555422763,8.0,225.52246,500.0,227.97998,-1.0,0.4666748,1.0,0.6219557,0.34947526,0.0027356502,0.0018988878,0.0017862055,-3.3116896,0.46435547,0.53564453,0.06896973,0.029935842379927635
5562368,2193.6349860630335,8.0,225.47168,500.0,227.96756,-1.0,0.46728516,1.0,0.6215954,0.3497858,0.00052481197,0.0015989295,-0.00027465285,-3.6012962,0.46398926,0.53601074,0.068725586,0.029935842379927635
5570560,2176.683862008849,8.0,224.75171,500.0,227.82487,-1.0,0.46813965,1.0,0.6222287,0.3505726,0.0017006518,0.002261746,0.00056977913,-2.563425,0.46276855,0.53723145,0.0690918,0.030254025012254715
5578752,2223.1264997726066,8.0,224.84766,500.0,227.8274,-1.0,0.46777344,1.0,0.62240595,0.35039282,0.001150318,0.0011954295,0.00055260316,-1.9670049,0.4630127,0.5369873,0.06921387,0.030361168086528778
5586944,2232.074384510221,8.0,224.83813,500.0,227.81827,-1.0,0.46765137,1.0,0.6225957,0.3502336,0.003411241,0.0017681333,0.0025271748,-2.3501892,0.4630127,0.5369873,0.06933594,0.030637484043836594
5595136,2175.754449423234,8.0,224.57922,500.0,227.7885,-1.0,0.46728516,1.0,0.6231645,0.35011247,0.0018226588,0.001350803,0.0011472575,-3.1433918,0.4630127,0.5369873,0.06970215,0.030856234952807426
5603328,2183.1734859058747,8.0,224.58044,500.0,227.75134,-1.0,0.4671631,1.0,0.62335396,0.34972462,-0.0008499851,0.0015013466,-0.0016006585,-3.0482337,0.4630127,0.5369873,0.06982422,0.030869392678141594
5611520,2196.9736373304727,8.0,224.29858,500.0,227.70523,-1.0,0.46850586,1.0,0.6228355,0.35067582,0.0014750143,0.0010656147,0.0009422065,-2.869462,0.46203613,0.53796387,0.06945801,0.03085748851299286
5619712,2185.072633105069,8.0,224.13074,500.0,227.6402,-1.0,0.46936035,1.0,0.6224861,0.3509195,0.00048025098,0.0014045775,-0.00022203807,-3.245799,0.46142578,0.5385742,0.06921387,0.03060748800635338
5627904,2197.204743440501,8.0,223.97241,500.0,227.64354,-1.0,0.46984863,1.0,0.6223138,0.3512672,-0.0010151123,0.0011647086,-0.0015974665,-3.5437276,0.46105957,0.5389404,0.0690918,0.030468599870800972
5636096,2185.9865215981695,8.0,224.29443,500.0,227.68729,-1.0,0.46984863,1.0,0.6217251,0.35098124,-0.0007042611,0.0011146682,-0.0012615954,-3.056501,0.46142578,0.5385742,0.068725586,0.0303798895329237
5644288,2192.163782167186,8.0,224.56262,500.0,227.70488,-1.0,0.46887207,1.0,0.62206954,0.3502584,-0.0014316856,0.0012537756,-0.002058573,-3.1411135,0.4621582,0.5378418,0.06896973,0.03052462637424469
5652480,2188.441005302042,8.0,224.4596,500.0,227.62624,-1.0,0.4696045,1.0,0.62190956,0.35043877,0.0024770077,0.0014719546,0.0017410304,-2.8665626,0.46154785,0.53845215,0.068847656,0.030531035736203194
5660672,2179.4159049858768,8.0,224.4552,500.0,227.62234,-1.0,0.4691162,1.0,0.6222779,0.35015923,-0.002738397,0.0017632816,-0.003620038,-3.382693,0.461792,0.538208,0.0690918,0.03079385682940483
5668864,2206.2374047669987,8.0,224.57727,500.0,227.68372,-1.0,0.46850586,1.0,0.6222473,0.34970194,-0.00021065661,0.001417743,-0.0009195282,-2.4801145,0.46240234,0.53759766,0.0690918,0.03099840134382248
5677056,2211.0823927903234,8.0,224.22119,500.0,227.60242,-1.0,0.46923828,1.0,0.6222839,0.35017806,-0.0028355462,0.002000438,-0.0038357652,-2.628931,0.46166992,0.5383301,0.0690918,0.03086203709244728
5685248,2191.9344343783673,8.0,224.22717,500.0,227.5984,-1.0,0.46887207,1.0,0.62246186,0.34981048,0.0026298887,0.0014022143,0.0019287816,-3.4381952,0.46191406,0.53808594,0.06921387,0.031147751957178116
5693440,2195.184597711151,8.0,224.1062,500.0,227.53491,-1.0,0.46923828,1.0,0.62248003,0.349774,0.003621435,0.0014624974,0.0028901862,-3.5658512,0.46154785,0.53845215,0.06921387,0.031130310148000717
5701632,2193.100550660083,8.0,224.09497,500.0,227.54198,-1.0,0.46948242,1.0,0.6222959,0.3499281,0.0014461997,0.0011524685,0.00086996524,-3.144851,0.46142578,0.5385742,0.0690918,0.031002260744571686
5709824,2195.568098817164,8.0,224.36853,500.0,227.59898,-1.0,0.4691162,1.0,0.6220817,0.34962475,0.0020847726,0.0010461159,0.0015617142,-3.27401,0.46191406,0.53808594,0.06896973,0.030913550406694412
5718016,2209.559282682595,8.0,224.45825,500.0,227.626,-1.0,0.4691162,1.0,0.6218854,0.3496142,-0.00087286363,0.000880576,-0.0013131516,-3.1387696,0.46203613,0.53796387,0.068847656,0.03066354990005493
5726208,2195.2185379055986,8.0,224.53027,500.0,227.5803,-1.0,0.46936035,1.0,0.62170124,0.3494546,0.0017271303,0.0010834384,0.0011854112,-3.0794668,0.46191406,0.53808594,0.068725586,0.030560608953237534
5734400,2196.07791099502,8.0,224.48206,500.0,227.5662,-1.0,0.46826172,1.0,0.6226271,0.3488723,0.0033085076,0.002573893,0.0020215614,-3.187383,0.46240234,0.53759766,0.06933594,0.031408168375492096
5742592,2198.838201328976,8.0,224.40552,500.0,227.49075,-1.0,0.46862793,1.0,0.6226457,0.3488695,-0.0009766282,0.0014003599,-0.0016768081,-3.2300274,0.46203613,0.53796387,0.06933594,0.031408168375492096
5750784,2189.9094480844424,8.0,224.22571,500.0,227.43842,-1.0,0.46850586,1.0,0.6230315,0.34861982,-0.003831109,0.002338588,-0.0050004027,-3.1542447,0.46191406,0.53808594,0.06958008,0.03179646655917168
5758976,2184.5797232073182,8.0,224.22046,500.0,227.4924,-1.0,0.4683838,1.0,0.6230253,0.34889024,0.0018849842,0.00067172176,0.0015491227,-3.5125825,0.46203613,0.53796387,0.06958008,0.03171887993812561
5767168,2197.000046996721,8.0,224.21802,500.0,227.49104,-1.0,0.46740723,1.0,0.6237584,0.3483875,-0.00040766672,0.0015482577,-0.0011817956,-2.8947873,0.4625244,0.5374756,0.07006836,0.03218316659331322
5775360,2193.8377952349683,8.0,223.80798,500.0,227.39679,-1.0,0.46875,1.0,0.62343556,0.34966555,5.606038e-06,0.0021024565,-0.0010456224,-3.3414843,0.46142578,0.5385742,0.06982422,0.03251009061932564
5783552,2188.084792115397,8.0,223.7539,500.0,227.37509,-1.0,0.46850586,1.0,0.6238147,0.3494963,-0.0013169162,0.0011993424,-0.0019165876,-3.2680464,0.46142578,0.5385742,0.07006836,0.03257258981466293
5791744,2197.1387081621256,8.0,223.82715,500.0,227.36096,-1.0,0.4678955,1.0,0.62417495,0.34922612,0.0013648053,0.0016998856,0.0005148621,-3.3711832,0.461792,0.538208,0.0703125,0.03289401903748512
5799936,2188.789805207053,8.0,223.77075,500.0,227.34251,-1.0,0.46813965,1.0,0.62418747,0.3493646,0.0031222084,0.0012437867,0.002500316,-3.5755692,0.46154785,0.53845215,0.0703125,0.03293813765048981
5808128,2208.827054917477,8.0,223.78125,500.0,227.36533,-1.0,0.46899414,1.0,0.62344766,0.34988007,-0.0025174972,0.00091826427,-0.0029766294,-3.4892414,0.46118164,0.53881836,0.06982422,0.03292069584131241
5816320,2204.004375969832,8.0,223.71619,500.0,227.36168,-1.0,0.46936035,1.0,0.62327003,0.35018593,0.0016019786,0.0009597852,0.0011220863,-3.160724,0.4609375,0.5390625,0.06970215,0.03267069533467293
5824512,2186.546436751722,8.0,223.55237,500.0,227.3412,-1.0,0.46948242,1.0,0.62327594,0.35033816,-0.0012732418,0.0011918438,-0.0018691637,-3.1907988,0.46081543,0.5391846,0.06970215,0.03267710655927658
5832704,2211.342378581995,8.0,224.0061,500.0,227.37927,-1.0,0.4683838,1.0,0.6234171,0.34941998,-4.671805e-05,0.0004953847,-0.00029441004,-3.4151785,0.461792,0.538208,0.06982422,0.032784249633550644
5840896,2192.9656178539394,8.0,223.97742,500.0,227.39824,-1.0,0.46887207,1.0,0.6230499,0.3499024,0.0042475364,0.0007079821,0.0038935458,-3.1043453,0.46154785,0.53845215,0.06958008,0.03253424912691116
5849088,2190.1836044386105,8.0,223.98303,500.0,227.34076,-1.0,0.46899414,1.0,0.62305593,0.3497548,-4.460622e-05,0.0014884826,-0.0007888471,-3.1863043,0.46142578,0.5385742,0.06958008,0.03241938352584839
5857280,2194.846094699643,8.0,223.87549,500.0,227.31693,-1.0,0.46923828,1.0,0.6230681,0.34998947,-0.0022657835,0.0013780048,-0.0029547857,-3.2576907,0.46118164,0.53881836,0.06958008,0.032610561698675156
5865472,2191.532352519465,8.0,223.46643,500.0,227.25092,-1.0,0.46936035,1.0,0.62366164,0.35014498,0.0001720573,0.0010949111,-0.0003753981,-3.3160632,0.46069336,0.53930664,0.06994629,0.032881394028663635
5873664,2186.7945604153056,8.0,222.73438,500.0,227.17174,-1.0,0.4708252,1.0,0.6235361,0.35153794,-0.0004660633,0.0017895589,-0.001360843,-2.4277124,0.4593506,0.5406494,0.06982422,0.03304805979132652
5881856,2196.5619814929933,8.0,222.57727,500.0,227.12843,-1.0,0.47143555,1.0,0.6233685,0.35190645,0.0005145229,0.0006904126,0.00016931667,-2.9137642,0.4588623,0.5411377,0.06970215,0.03293319419026375
5890048,2197.9841189960307,8.0,222.6554,500.0,227.16849,-1.0,0.47070312,1.0,0.6237261,0.35177368,-0.0016371508,0.0013910531,-0.0023326771,-2.6747432,0.4593506,0.5406494,0.06994629,0.033099859952926636
5898240,2189.990264029684,8.0,222.6134,500.0,227.22546,-1.0,0.47058105,1.0,0.62372035,0.35203582,-0.0018793305,0.00061605714,-0.0021873591,-2.8975728,0.45947266,0.54052734,0.06994629,0.03327843174338341
5906432,2194.3084065195467,8.0,222.83496,500.0,227.23694,-1.0,0.47021484,1.0,0.62370294,0.3517133,0.0017678529,0.001601111,0.0009672969,-1.7763647,0.45983887,0.54016113,0.06994629,0.03345700353384018
5914624,2191.6517313861586,8.0,222.6626,500.0,227.21182,-1.0,0.47131348,1.0,0.62316716,0.35254654,0.0019448367,0.0018530271,0.0010183232,-3.0258842,0.45910645,0.54089355,0.06958008,0.03343956172466278
5922816,2193.029442920964,8.0,222.40247,500.0,227.1427,-1.0,0.4720459,1.0,0.6232004,0.35316938,-0.0017246263,0.0014427353,-0.002445994,-3.0040467,0.45837402,0.541626,0.06958008,0.033538397401571274
5931008,2183.04115883518,8.0,222.37878,500.0,227.11845,-1.0,0.47277832,1.0,0.62284094,0.35354608,-0.0007953882,0.0011587208,-0.0013747488,-2.8402822,0.45788574,0.54211426,0.06933594,0.03328839689493179
5939200,2217.0293650227272,8.0,222.15149,500.0,227.09496,-1.0,0.4732666,1.0,0.62286216,0.3540595,-0.0015163638,0.0012166793,-0.0021247033,-3.4522486,0.45739746,0.54260254,0.06933594,0.033270955085754395
5947392,2194.6055321725808,8.0,221.91931,500.0,227.05585,-1.0,0.47375488,1.0,0.62288284,0.35448644,0.0034987796,0.0011414199,0.0029280698,-2.7813942,0.45690918,0.5430908,0.06933594,0.03325904905796051
5955584,2189.2186384714905,8.0,221.72803,500.0,226.98854,-1.0,0.47424316,1.0,0.6229032,0.35455364,0.0013344886,0.0020668495,0.00030106396,-3.3330765,0.4564209,0.5435791,0.06933594,0.03356460481882095
5963776,2189.0332782099636,8.0,221.69043,500.0,226.99449,-1.0,0.47424316,1.0,0.6229032,0.35437816,0.0035562478,0.0013178475,0.0028973238,-3.962996,0.4564209,0.5435791,0.06933594,0.033920664340257645
5971968,2192.5869428921833,8.0,221.84155,500.0,227.02264,-1.0,0.47387695,1.0,0.62288797,0.3542561,0.0032300777,0.0013155426,0.002572307,-3.8332672,0.4567871,0.5432129,0.06933594,0.03393382206559181
5980160,2206.5875081407066,8.0,222.32166,500.0,227.11954,-1.0,0.47351074,1.0,0.6224805,0.3538095,0.00081925874,0.00108432,0.00027709908,-3.1520312,0.45739746,0.54260254,0.0690918,0.033856235444545746
5988352,2203.1071464569586,8.0,222.02405,500.0,227.07481,-1.0,0.4736328,1.0,0.6228777,0.35412967,-0.0005936814,0.0014770828,-0.0013322227,-3.183232,0.45703125,0.54296875,0.06933594,0.034060779958963394
5996544,2199.5817029513987,8.0,221.70862,500.0,227.0491,-1.0,0.47473145,1.0,0.6225312,0.35511458,-0.0006533045,0.0016848571,-0.001495733,-3.2405057,0.45617676,0.54382324,0.0690918,0.03415168821811676
6004736,2196.763787339115,8.0,221.93591,500.0,227.09842,-1.0,0.4741211,1.0,0.6225061,0.3547566,0.00012977351,0.0009665401,-0.00035349658,-2.9478445,0.4567871,0.5432129,0.0690918,0.034214187413454056
6012928,2200.7879705909463,8.0,221.83508,500.0,227.0959,-1.0,0.4736328,1.0,0.62307364,0.35455588,0.00038887365,0.00096823514,-9.524383e-05,-3.7258718,0.45690918,0.5430908,0.06945801,0.03440536558628082
6021120,2186.530852624344,8.0,222.10327,500.0,227.15506,-1.0,0.47229004,1.0,0.6236029,0.3537043,0.0022646468,0.0010066371,0.001761328,-3.4865305,0.45788574,0.54211426,0.06982422,0.03463923558592796
6029312,2188.851993045819,8.0,221.74988,500.0,227.08635,-1.0,0.47351074,1.0,0.62346023,0.3544407,0.0025703448,0.0013226586,0.0019090155,-2.8667245,0.4567871,0.5432129,0.06970215,0.03461145609617233
6037504,2188.5045672641936,8.0,222.24805,500.0,227.11256,-1.0,0.47265625,1.0,0.6234233,0.3534208,-0.0018678327,0.0010665121,-0.0024010881,-2.5688677,0.4576416,0.5423584,0.06970215,0.03455376252532005
6045696,2186.3906054738195,8.0,222.10974,500.0,227.07121,-1.0,0.47229004,1.0,0.6239943,0.3530672,0.0037284722,0.0020324572,0.0027122432,-2.9804213,0.4576416,0.5423584,0.07006836,0.03481658175587654
6053888,2198.6955267915587,8.0,221.79419,500.0,226.9738,-1.0,0.4729004,1.0,0.6242166,0.35314947,0.0015330808,0.002098228,0.00048396655,-3.6692858,0.45690918,0.5430908,0.07019043,0.035031698644161224
6062080,2204.243044152107,8.0,221.60999,500.0,226.90523,-1.0,0.4741211,1.0,0.62368155,0.35398737,0.0037406255,0.0018396265,0.0028208129,-2.5375977,0.4560547,0.5439453,0.06982422,0.03512260690331459
6070272,2180.6141273012367,8.0,221.05432,500.0,226.74026,-1.0,0.47546387,1.0,0.62373585,0.35469276,-0.0005881662,0.0019335176,-0.0015549248,-2.947723,0.4547119,0.5452881,0.06982422,0.035185106098651886
6078464,2191.117004243249,8.0,221.17041,500.0,226.83821,-1.0,0.4744873,1.0,0.624088,0.35433435,-0.0033163414,0.0020698914,-0.0043512876,-2.6610374,0.45544434,0.54455566,0.07006836,0.03549066185951233
6086656,2192.022112287124,8.0,221.16125,500.0,226.86664,-1.0,0.4753418,1.0,0.6233395,0.35487142,-0.00037384895,0.0010224546,-0.0008850764,-2.7436068,0.45507812,0.5449219,0.06958008,0.03538772091269493
6094848,2194.518067963771,8.0,221.53699,500.0,226.96207,-1.0,0.47387695,1.0,0.62367135,0.3540661,-0.0009608005,0.0014783283,-0.0016999646,-3.0419133,0.45629883,0.5437012,0.06982422,0.03574378043413162
6103040,2195.0132297827745,8.0,221.49353,500.0,226.97522,-1.0,0.47424316,1.0,0.62349087,0.3545877,0.0029783943,0.0011668338,0.0023949775,-2.7620924,0.4560547,0.5439453,0.06970215,0.03580627962946892
6111232,2192.7152523141426,8.0,221.24341,500.0,226.90573,-1.0,0.47485352,1.0,0.6235157,0.3549339,-0.00075916084,0.0011135156,-0.0013159185,-3.4747949,0.45544434,0.54455566,0.06970215,0.03566497564315796
6119424,2203.8678154147874,8.0,220.28638,500.0,226.7606,-1.0,0.47753906,1.0,0.6230308,0.3572368,7.088756e-05,0.0013131865,-0.00058570557,-3.3524842,0.453125,0.546875,0.06933594,0.03550931438803673
6127616,2198.083249646455,8.0,220.63306,500.0,226.83481,-1.0,0.47583008,1.0,0.6237501,0.3562197,-0.00060915237,0.0015897594,-0.0014040321,-2.167515,0.4543457,0.5456543,0.06982422,0.035973601043224335
6135808,2191.2331237892245,8.0,220.68091,500.0,226.80426,-1.0,0.47644043,1.0,0.623382,0.3567537,0.0016536231,0.00092955807,0.001188844,-3.1074486,0.4539795,0.5460205,0.06958008,0.03604618087410927
6144000,2182.751177303382,8.0,220.41931,500.0,226.74847,-1.0,0.47668457,1.0,0.62358695,0.35673907,0.003135946,0.0024187255,0.0019265828,-3.1620526,0.45361328,0.5463867,0.06970215,0.0363396592438221
6152192,2183.564873977606,8.0,220.64319,500.0,226.79326,-1.0,0.47644043,1.0,0.623382,0.35672358,0.00050929154,0.00078162196,0.00011848088,-2.8635464,0.4539795,0.5460205,0.06958008,0.03637537360191345
6160384,2197.0087567067303,8.0,220.40625,500.0,226.70636,-1.0,0.47680664,1.0,0.6235915,0.35688293,0.0040239245,0.0016061484,0.0032208506,-3.2097778,0.4534912,0.5465088,0.06970215,0.036381784826517105
6168576,2199.9836452124155,8.0,220.0249,500.0,226.6168,-1.0,0.47717285,1.0,0.62399644,0.35716167,0.0013679081,0.0018274251,0.00045419543,-3.293511,0.45288086,0.54711914,0.06994629,0.03667232394218445
6176768,2191.391602811712,8.0,219.67761,500.0,226.53986,-1.0,0.47717285,1.0,0.624583,0.35725218,0.00062965986,0.002211865,-0.00047627283,-2.639969,0.45251465,0.54748535,0.0703125,0.03694315627217293
6184960,2194.8798842198435,8.0,219.71106,500.0,226.4983,-1.0,0.47753906,1.0,0.6244008,0.35728127,0.00014049234,0.0014407074,-0.0005798612,-3.0264583,0.4522705,0.5477295,0.07019043,0.03704199194908142
6193152,2186.523060643959,8.0,219.2478,500.0,226.42368,-1.0,0.47827148,1.0,0.6246221,0.35826236,-0.0011770285,0.0018432792,-0.002098668,-3.107471,0.45141602,0.548584,0.0703125,0.03720015659928322
6201344,2194.526197355959,8.0,218.5476,500.0,226.21422,-1.0,0.47924805,1.0,0.62524134,0.35877588,0.0054411325,0.0012350321,0.0048236167,-3.5485544,0.45007324,0.54992676,0.07067871,0.03734489157795906
6209536,2185.817003864587,8.0,218.57361,500.0,226.19003,-1.0,0.47875977,1.0,0.6256153,0.35855407,-0.00023332663,0.0014376497,-0.0009521516,-3.8015475,0.45031738,0.5496826,0.07092285,0.03752346336841583
6217728,2185.1811642817843,8.0,218.52197,500.0,226.14996,-1.0,0.47875977,1.0,0.6258104,0.35854125,-0.0025783754,0.0015253061,-0.0033410285,-3.1002417,0.4501953,0.5498047,0.07104492,0.03747346252202988
6225920,2190.2782629482226,8.0,218.72937,500.0,226.12567,-1.0,0.47827148,1.0,0.62598866,0.35799748,0.0014952392,0.0011375401,0.00092646934,-3.21217,0.45056152,0.5494385,0.07116699,0.03759383410215378
6234112,2192.495862111124,8.0,218.63391,500.0,226.09654,-1.0,0.47875977,1.0,0.6258104,0.35853615,0.0036673902,0.0011306067,0.003102087,-3.4689958,0.4501953,0.5498047,0.07104492,0.037581928074359894
6242304,2207.926037256015,8.0,218.70654,500.0,226.0881,-1.0,0.47875977,1.0,0.6258104,0.35860085,0.0020067403,0.0013585623,0.0013274595,-3.0710979,0.4501953,0.5498047,0.07104492,0.037808120250701904
6250496,2193.047779317972,8.0,218.82373,500.0,226.0988,-1.0,0.47705078,1.0,0.6271141,0.35791248,-0.00253616,0.0018365809,-0.0034544505,-2.4608188,0.4510498,0.5489502,0.071899414,0.038734592497348785
6258688,2186.5424015545696,8.0,219.11597,500.0,226.19005,-1.0,0.47680664,1.0,0.62671566,0.35798123,0.0011489615,0.001173252,0.0005623356,-3.3689013,0.4515381,0.5484619,0.07165527,0.03879709169268608
6266880,2197.2293320583,8.0,219.07874,500.0,226.21056,-1.0,0.4769287,1.0,0.6265254,0.35810167,0.0021257817,0.00077348354,0.00173904,-4.1296096,0.4515381,0.5484619,0.0715332,0.03871375694870949
6275072,2195.4342649964287,8.0,218.99915,500.0,226.19238,-1.0,0.47705078,1.0,0.6265299,0.35822842,0.0020397762,0.0011775236,0.0014510144,-3.1819868,0.45141602,0.548584,0.0715332,0.038606613874435425
6283264,2193.0361615651914,8.0,219.00769,500.0,226.232,-1.0,0.4769287,1.0,0.6265254,0.35827368,0.0015084564,0.0012285965,0.0008941579,-3.7147748,0.4515381,0.5484619,0.0715332,0.03861977159976959
6291456,2184.4912508106872,8.0,219.21729,500.0,226.28748,-1.0,0.47595215,1.0,0.6268783,0.35759276,0.004072163,0.0016981537,0.003223086,-3.545992,0.4522705,0.5477295,0.071777344,0.03923184052109718
6299648,2189.334556889266,8.0,219.3092,500.0,226.30206,-1.0,0.47583008,1.0,0.62687355,0.35765868,0.0011779289,0.0010077421,0.00067405775,-2.7550635,0.45239258,0.5476074,0.071777344,0.03929433971643448
6307840,2174.4866955967573,8.0,219.45032,500.0,226.26262,-1.0,0.4753418,1.0,0.6272439,0.35716468,0.0009048638,0.0017089928,5.036735e-05,-2.8433034,0.45263672,0.5473633,0.072021484,0.03940148279070854
6316032,2188.673944466371,8.0,219.19385,500.0,226.22308,-1.0,0.47546387,1.0,0.62744325,0.35744935,0.0020549146,0.001648263,0.0012307831,-2.9158893,0.45239258,0.5476074,0.072143555,0.039616599678993225
6324224,2193.9487398746196,8.0,219.6676,500.0,226.30536,-1.0,0.4749756,1.0,0.6270348,0.35698646,0.0018564304,0.0007984946,0.0014571829,-3.9068086,0.453125,0.546875,0.071899414,0.039545170962810516
6332416,2221.018230070282,8.0,219.56775,500.0,226.28008,-1.0,0.4749756,1.0,0.6272294,0.35717332,0.0058873477,0.00175148,0.005011608,-3.3270755,0.45300293,0.5469971,0.072021484,0.03978297486901283
6340608,2196.7414562665467,8.0,219.7976,500.0,226.28162,-1.0,0.47509766,1.0,0.6268449,0.35699636,0.005145424,0.0013959081,0.0044474695,-3.3255486,0.453125,0.546875,0.071777344,0.03987780213356018
6348800,2184.285305941492,8.0,219.77039,500.0,226.23192,-1.0,0.47521973,1.0,0.6268498,0.35707328,0.0031862212,0.0009085941,0.0027319237,-2.9749498,0.45300293,0.5469971,0.071777344,0.03978405147790909
6356992,2203.626967237859,8.0,219.85718,500.0,226.22299,-1.0,0.47460938,1.0,0.6272147,0.35662937,-0.0010997354,0.0013927023,-0.0017960866,-3.1261036,0.45336914,0.54663086,0.072021484,0.03980432078242302
6365184,2184.414173166874,8.0,219.82666,500.0,226.20068,-1.0,0.47521973,1.0,0.6268498,0.35704404,-0.0005970674,0.000715761,-0.0009549479,-2.7697487,0.45300293,0.5469971,0.071777344,0.03955432027578354
6373376,2189.9134957187375,8.0,220.11304,500.0,226.26308,-1.0,0.47558594,1.0,0.62608474,0.35714263,0.0031612385,0.001073599,0.0026244386,-2.8567734,0.453125,0.546875,0.07128906,0.039567478001117706
6381568,2200.3087991697676,8.0,219.84998,500.0,226.19345,-1.0,0.47595215,1.0,0.6262939,0.3572931,-4.5255583e-05,0.0011985624,-0.00064453675,-2.6466308,0.45263672,0.5473633,0.07141113,0.03945261240005493
6389760,2193.5480193087324,8.0,219.36841,500.0,226.10289,-1.0,0.4777832,1.0,0.62577647,0.35854524,-0.00030283094,0.0014682541,-0.001036958,-2.662545,0.45117188,0.5488281,0.07104492,0.03931624814867973
6397952,2195.682585976549,8.0,219.24072,500.0,226.05247,-1.0,0.47839355,1.0,0.6256028,0.35883364,0.00076128345,0.0019750153,-0.00022622419,-3.044022,0.4506836,0.5493164,0.07092285,0.03974192216992378
6406144,2194.3340514573974,8.0,219.64221,500.0,226.10658,-1.0,0.4769287,1.0,0.6261356,0.35773215,-0.0035103613,0.0014795663,-0.0042501446,-2.7925422,0.45178223,0.5482178,0.07128906,0.04027317091822624
6414336,2190.6910585013966,8.0,219.6117,500.0,226.09482,-1.0,0.47631836,1.0,0.6266974,0.3571965,-0.002382752,0.002176088,-0.0034707962,-3.2074666,0.45202637,0.54797363,0.07165527,0.04072084650397301
6422528,2195.4415595012324,8.0,219.42505,500.0,226.07964,-1.0,0.47644043,1.0,0.6268968,0.35740396,-7.350638e-05,0.0012064537,-0.000676733,-2.3991537,0.45178223,0.5482178,0.071777344,0.04072084650397301
6430720,2174.416789764317,8.0,219.53589,500.0,226.07596,-1.0,0.4761963,1.0,0.6270823,0.35717303,-0.0012577322,0.0010304422,-0.0017729534,-2.5893822,0.4519043,0.5480957,0.071899414,0.04064325988292694
6438912,2185.6979816935586,8.0,219.43713,500.0,226.04953,-1.0,0.47644043,1.0,0.6270915,0.35737747,0.0040281704,0.0011018328,0.0034772535,-3.4373503,0.45166016,0.54833984,0.071899414,0.04051230847835541
6447104,2185.8062969004063,8.0,219.52832,500.0,226.04352,-1.0,0.47631836,1.0,0.6270869,0.35721597,0.0038527688,0.0013670111,0.0031692632,-3.6060507,0.45178223,0.5482178,0.071899414,0.04055642709136009
6455296,2185.1630981651297,8.0,219.50342,500.0,226.06293,-1.0,0.47705078,1.0,0.6265299,0.35763955,0.0008202543,0.0012319675,0.00020427076,-3.475831,0.45141602,0.548584,0.0715332,0.04069104418158531
6463488,2184.588890301776,8.0,219.57275,500.0,226.07382,-1.0,0.47790527,1.0,0.6257809,0.3581568,-4.2731932e-05,0.00074921653,-0.00041734058,-2.9213612,0.4510498,0.5489502,0.07104492,0.04044104367494583
6471680,2191.3384944127138,8.0,219.20813,500.0,225.95227,-1.0,0.47790527,1.0,0.6265607,0.35824648,-0.0010500681,0.0026754164,-0.0023877763,-2.8948228,0.45056152,0.5494385,0.0715332,0.040986496955156326
6479872,2195.2085801364565,8.0,219.49316,500.0,226.01483,-1.0,0.47753906,1.0,0.6263527,0.35792112,0.0015896261,0.0010946635,0.0010422937,-2.8215458,0.4510498,0.5489502,0.07141113,0.04104899615049362
6488064,2186.4395786248324,8.0,219.69385,500.0,226.0413,-1.0,0.4777832,1.0,0.62577647,0.35800618,0.00067430217,0.0006751262,0.00033673877,-3.050998,0.45117188,0.5488281,0.07104492,0.04098417982459068
6496256,2216.292893463357,8.0,219.3175,500.0,225.96216,-1.0,0.47827148,1.0,0.62598866,0.35824943,-0.00046625792,0.0013690973,-0.0011508067,-2.8800771,0.45056152,0.5494385,0.07116699,0.0409780815243721
6504448,2238.6656179519937,8.0,219.54663,500.0,226.02998,-1.0,0.47924805,1.0,0.62485075,0.35863817,0.0015260351,0.0017976869,0.0006271919,-2.9301043,0.45031738,0.5496826,0.07043457,0.04111269861459732
6512640,2214.7917221335697,8.0,219.172,500.0,225.96451,-1.0,0.4807129,1.0,0.6243113,0.35960707,-0.00020699552,0.0020010213,-0.0012075064,-3.3613973,0.44921875,0.55078125,0.07006836,0.04118878394365311
6520832,2189.2748524888375,8.0,219.39478,500.0,226.00497,-1.0,0.47998047,1.0,0.6244838,0.35939276,-0.0008892012,0.0013715802,-0.0015749916,-3.0214944,0.4498291,0.5501709,0.07019043,0.041605450212955475
6529024,2193.4606393705562,8.0,219.10522,500.0,225.91553,-1.0,0.4814453,1.0,0.62394243,0.3603084,0.0043036896,0.0010023839,0.0038024974,-3.1890635,0.44873047,0.55126953,0.06982422,0.041355449706315994
6537216,2194.0601160446977,8.0,219.19373,500.0,225.94727,-1.0,0.48083496,1.0,0.62431514,0.3600271,-0.0039151656,0.0012630295,-0.0045466805,-2.5329082,0.44909668,0.5509033,0.07006836,0.04150018468499184
6545408,2185.864560739347,8.0,218.78296,500.0,225.92212,-1.0,0.48205566,1.0,0.62376463,0.36084425,0.00040683313,0.0016028557,-0.00039459427,-3.023782,0.4482422,0.5517578,0.06970215,0.04146295040845871
6553600,2194.8703501419777,8.0,218.7998,500.0,225.93246,-1.0,0.48181152,1.0,0.6239532,0.36068085,0.0022148918,0.0024856,0.0009720919,-3.1845593,0.44836426,0.55163574,0.06982422,0.041684649884700775
6561792,2193.46329987489,8.0,218.72986,500.0,225.9613,-1.0,0.48181152,1.0,0.6239532,0.36092374,-0.00023266906,0.00071126013,-0.0005882988,-2.939081,0.44836426,0.55163574,0.06982422,0.041434649378061295
6569984,2178.4616448981574,8.0,218.8501,500.0,225.98656,-1.0,0.48132324,1.0,0.6241344,0.3607368,-0.0039512273,0.0018491917,-0.004875823,-3.2081842,0.44873047,0.55126953,0.06994629,0.04191994294524193
6578176,2185.022331657882,8.0,218.93909,500.0,225.99358,-1.0,0.48046875,1.0,0.62469476,0.3602807,-0.0020637526,0.0016668119,-0.0028971587,-3.2752123,0.44921875,0.55078125,0.0703125,0.042294941842556
6586368,2187.9943636428475,8.0,218.1106,500.0,225.84238,-1.0,0.48291016,1.0,0.62417984,0.36214805,0.002253157,0.0016092426,0.0014485361,-3.0313349,0.44714355,0.55285645,0.06994629,0.042422302067279816
6594560,2194.080711367762,8.0,217.8009,500.0,225.66405,-1.0,0.48327637,1.0,0.6247762,0.36192954,-0.0030498442,0.0023335516,-0.00421662,-2.7837355,0.44641113,0.55358887,0.0703125,0.042767539620399475
6602752,2188.410898292829,8.0,217.90149,500.0,225.69116,-1.0,0.48291016,1.0,0.62476623,0.36155587,-0.0015511613,0.0005882011,-0.001845262,-3.0662518,0.44677734,0.55322266,0.0703125,0.04266459867358208
6610944,2199.050840445743,8.0,216.99927,500.0,225.52779,-1.0,0.484375,1.0,0.62519526,0.36262724,-0.00030972937,0.0030153566,-0.0018174079,-2.8675244,0.44506836,0.55493164,0.07055664,0.04273717850446701
6619136,2198.2804126349624,8.0,216.97925,500.0,225.50395,-1.0,0.4847412,1.0,0.62500906,0.36303997,-0.0027151178,0.0012989979,-0.003364617,-2.677434,0.44482422,0.5551758,0.07043457,0.0429038442671299
6627328,2231.162273485954,8.0,216.66895,500.0,225.42949,-1.0,0.48498535,1.0,0.6254055,0.36322165,0.002957472,0.0018466305,0.0020341568,-2.9423814,0.44433594,0.55566406,0.07067871,0.04292411357164383
6635520,2189.37863979802,8.0,216.42236,500.0,225.34357,-1.0,0.484375,1.0,0.6263657,0.36279812,0.0006532644,0.0024026057,-0.00054803846,-2.4624572,0.44433594,0.55566406,0.07128906,0.043240152299404144
6643712,2200.4756398895474,8.0,216.3617,500.0,225.32817,-1.0,0.48498535,1.0,0.62599075,0.36328983,0.0007735976,0.0017599543,-0.000106379506,-3.1152804,0.44396973,0.5560303,0.07104492,0.043365150690078735
6651904,2178.3845778327013,8.0,216.34546,500.0,225.34883,-1.0,0.48547363,1.0,0.62561214,0.36396945,-0.0011804332,0.00049476465,-0.0014278158,-3.404612,0.4437256,0.5562744,0.07080078,0.04327140003442764
6660096,2200.959677483928,8.0,216.26733,500.0,225.34146,-1.0,0.4855957,1.0,0.62561494,0.3640203,-0.0009149408,0.0014584196,-0.0016441507,-2.9776392,0.44360352,0.5563965,0.07080078,0.04338725283741951
6668288,2179.7073516328646,8.0,215.81421,500.0,225.19698,-1.0,0.48547363,1.0,0.626587,0.36397082,4.207139e-05,0.0023511765,-0.0011335165,-3.272942,0.44311523,0.55688477,0.07141113,0.04388193413615227
6676480,2182.9586359225477,8.0,215.49072,500.0,225.11597,-1.0,0.48547363,1.0,0.62717116,0.36376554,-5.2997493e-05,0.002126926,-0.0011164607,-2.9779708,0.44274902,0.557251,0.071777344,0.04424168914556503
6684672,2197.753130063074,8.0,215.24829,500.0,225.07796,-1.0,0.48669434,1.0,0.6266141,0.36489272,-8.5339416e-05,0.0015522923,-0.0008614857,-3.4608026,0.44189453,0.55810547,0.07141113,0.044200021773576736
6692864,2190.4677441605995,8.0,215.25842,500.0,225.07074,-1.0,0.4864502,1.0,0.62680364,0.36479527,0.00126227,0.0012590565,0.0006327414,-3.2357297,0.4420166,0.5579834,0.0715332,0.044404566287994385
6701056,2195.3878338040417,8.0,215.45691,500.0,225.13954,-1.0,0.48693848,1.0,0.62603456,0.36510393,0.07488459,0.0011150368,0.074327074,-2.8520048,0.4420166,0.5579834,0.07104492,0.04444868490099907
6709248,2183.8432736034515,8.0,215.81738,500.0,225.16801,-1.0,0.4864502,1.0,0.6260241,0.36432326,-0.0005382825,0.001446182,-0.0012613737,-2.8505025,0.44250488,0.5574951,0.07104492,0.04446184262633324
6717440,2184.8393484169364,8.0,215.85986,500.0,225.17503,-1.0,0.48608398,1.0,0.62621105,0.36422694,-0.002002288,0.0015111237,-0.0027578496,-1.8513314,0.44274902,0.557251,0.07116699,0.04453442245721817
6725632,2189.7509042510105,8.0,215.70947,500.0,225.14394,-1.0,0.48706055,1.0,0.62564695,0.36471185,-0.0031459504,0.0011192817,-0.003705591,-3.1513596,0.44213867,0.5578613,0.07080078,0.04428442195057869
6733824,2188.7277603245866,8.0,215.87256,500.0,225.14597,-1.0,0.48657227,1.0,0.6258317,0.36429316,-0.0013643821,0.00082288194,-0.0017758233,-2.315354,0.44250488,0.5574951,0.07092285,0.04422672837972641
6742016,2178.2130610351865,8.0,215.74817,500.0,225.12978,-1.0,0.48718262,1.0,0.62564945,0.36481413,-0.0015174416,0.0013204401,-0.0021776618,-3.25533,0.4420166,0.5579834,0.07080078,0.04425450786948204
6750208,2193.146185221031,8.0,214.95361,500.0,224.96297,-1.0,0.48937988,1.0,0.6253003,0.36637062,-0.0019707966,0.001990629,-0.002966111,-2.5769057,0.44006348,0.5599365,0.07055664,0.04417117312550545
6758400,2186.9248374432896,8.0,214.67578,500.0,224.92114,-1.0,0.49157715,1.0,0.62396586,0.36796033,-0.0040076124,0.0012490699,-0.0046321466,-2.9003708,0.4387207,0.5612793,0.06970215,0.04403480887413025
6766592,2234.4815097198084,8.0,214.60315,500.0,224.86156,-1.0,0.4918213,1.0,0.62416464,0.36791968,-0.00034893013,0.0025627883,-0.0016303242,-2.6451235,0.4383545,0.5616455,0.06982422,0.0441039577126503
6774784,2225.1064878278753,8.0,214.16821,500.0,224.70624,-1.0,0.4918213,1.0,0.6251418,0.36795855,-0.00012795132,0.0025832064,-0.0014195545,-2.48752,0.43774414,0.56225586,0.07043457,0.044419996440410614
6782976,2192.0524585880116,8.0,214.01245,500.0,224.61827,-1.0,0.491333,1.0,0.6259158,0.36734045,-0.0015794175,0.0022556651,-0.00270725,-2.576322,0.43774414,0.56225586,0.07092285,0.04469631239771843
6791168,2197.2883469864464,8.0,213.75049,500.0,224.52776,-1.0,0.48986816,1.0,0.6276466,0.36680043,-0.0021848378,0.0029013744,-0.003635525,-1.7693942,0.43811035,0.56188965,0.072021484,0.04526449367403984
6799360,2191.830264800756,8.0,212.89636,500.0,224.28499,-1.0,0.49206543,1.0,0.6274837,0.36823857,-0.002046972,0.002287162,-0.003190553,-2.4361773,0.43603516,0.56396484,0.071899414,0.045252587646245956
6807552,2177.574736695874,8.0,213.08215,500.0,224.30692,-1.0,0.49230957,1.0,0.6270976,0.36840683,-0.00075711997,0.0012433043,-0.0013787724,-3.2923446,0.43603516,0.56396484,0.07165527,0.045387204736471176
6815744,2218.2847820308784,8.0,213.04602,500.0,224.31981,-1.0,0.49206543,1.0,0.6272892,0.368054,0.001576717,0.0021676905,0.00049287104,-2.64654,0.43615723,0.5638428,0.071777344,0.04560232162475586
6823936,2201.291325250894,8.0,212.97693,500.0,224.29239,-1.0,0.491333,1.0,0.6280575,0.36776334,0.0013720406,0.0017302592,0.00050691015,-1.9652562,0.43640137,0.56359863,0.072265625,0.0458928607404232
6832128,2185.6814364132974,8.0,212.49426,500.0,224.25095,-1.0,0.49072266,1.0,0.62921375,0.36756468,-0.0031362064,0.002693312,-0.0044828625,-2.5919254,0.4362793,0.5637207,0.07299805,0.046226195991039276
6840320,2190.7867386766834,8.0,212.47778,500.0,224.26791,-1.0,0.49121094,1.0,0.6288327,0.36801493,0.0010512922,0.0010555785,0.0005235032,-2.6609795,0.43603516,0.56396484,0.072753906,0.04612771049141884
6848512,2193.5994142866207,8.0,212.6206,500.0,224.29263,-1.0,0.4909668,1.0,0.6288292,0.36786067,-0.0017999655,0.0016908029,-0.0026453673,-3.3893533,0.4362793,0.5637207,0.072753906,0.04621104523539543
6856704,2192.083225280756,8.0,212.50757,500.0,224.22102,-1.0,0.491333,1.0,0.6288344,0.36801213,0.0016217834,0.0017154135,0.0007640766,-3.078812,0.4359131,0.5640869,0.072753906,0.04634566232562065
6864896,2189.517596278811,8.0,211.91357,500.0,224.04929,-1.0,0.49291992,1.0,0.6286601,0.3691669,-0.0014295604,0.001850107,-0.002354614,-2.636141,0.43444824,0.56555176,0.072631836,0.046295661479234695
6873088,2193.897328526559,8.0,211.92517,500.0,224.05672,-1.0,0.49267578,1.0,0.6288514,0.3688603,-0.0011136946,0.0012415058,-0.0017344478,-2.7743845,0.4345703,0.5654297,0.072753906,0.04665172100067139
6881280,2198.290820223355,8.0,211.61572,500.0,223.92987,-1.0,0.4925537,1.0,0.62962604,0.36864734,-0.0022295057,0.0026712455,-0.0035651284,-2.7547145,0.4342041,0.5657959,0.07324219,0.04706209897994995
6889472,2185.108762645396,8.0,211.21143,500.0,223.81874,-1.0,0.49328613,1.0,0.6298281,0.3694867,0.0011420038,0.0022228872,3.05602e-05,-2.670537,0.4333496,0.5666504,0.07336426,0.04742434248328209
6897664,2215.831668254713,8.0,211.04736,500.0,223.77112,-1.0,0.49365234,1.0,0.62983185,0.36966857,0.0044379537,0.0025179824,0.0031789625,-3.275003,0.4329834,0.5670166,0.07336426,0.0476091243326664
6905856,2239.2998399044836,8.0,210.73596,500.0,223.68408,-1.0,0.49438477,1.0,0.6298388,0.36995128,-0.0007543193,0.0020424696,-0.0017755541,-2.6052785,0.43225098,0.567749,0.07336426,0.04770003259181976
6914048,2190.1887699574186,8.0,210.96814,500.0,223.74176,-1.0,0.49365234,1.0,0.6300256,0.36918867,0.002554198,0.0012318657,0.0019382653,-3.675217,0.43286133,0.5671387,0.07348633,0.04797634854912758
6922240,2192.213713626186,8.0,210.38062,500.0,223.62352,-1.0,0.4946289,1.0,0.63022846,0.37003458,-0.002137719,0.0021180506,-0.0031967442,-2.545055,0.4317627,0.5682373,0.0736084,0.04800412803888321
6930432,2183.6989299412444,8.0,210.12952,500.0,223.57266,-1.0,0.4958496,1.0,0.6296563,0.3711238,-0.0006815796,0.0018126725,-0.0015879158,-2.7411578,0.4309082,0.5690918,0.07324219,0.04813874512910843
6938624,2192.0704989531123,8.0,209.59338,500.0,223.40422,-1.0,0.49682617,1.0,0.6298559,0.3718427,0.0006007218,0.0019428098,-0.00037068332,-2.6144168,0.42980957,0.5701904,0.07336426,0.048214830458164215
6946816,2192.4736177245104,8.0,209.8855,500.0,223.47568,-1.0,0.49645996,1.0,0.62966007,0.37161553,0.0011492033,0.001077389,0.0006105093,-2.856718,0.43029785,0.56970215,0.07324219,0.04835956543684006
6955008,2184.1088325054825,8.0,210.00122,500.0,223.5218,-1.0,0.49560547,1.0,0.6300423,0.3713842,0.0012637761,0.0014319316,0.00054781063,-3.3182824,0.4309082,0.5690918,0.07348633,0.0485043004155159
6963200,2192.7074161937144,8.0,210.25183,500.0,223.60568,-1.0,0.49450684,1.0,0.6304211,0.37068337,0.00082176935,0.0014085515,0.00011749368,-2.9644556,0.4317627,0.5682373,0.07373047,0.04889946058392525
6971392,2197.9876341144095,8.0,210.18213,500.0,223.58986,-1.0,0.49438477,1.0,0.63061357,0.37082335,-7.265556e-05,0.002310216,-0.0012277635,-3.1989408,0.4317627,0.5682373,0.07385254,0.04922638460993767
6979584,2214.565037552503,7.0,209.50159,500.0,223.43939,-1.0,0.4963379,1.0,0.6302407,0.37244046,0.00196691,0.0017089839,0.0011124179,-2.8891761,0.4300537,0.5699463,0.0736084,0.04917246475815773
6987776,2189.2737365497383,7.0,209.74036,500.0,223.53749,-1.0,0.4963379,1.0,0.6298532,0.37261584,0.0023506456,0.0012222595,0.0017395159,-3.3271406,0.43029785,0.56970215,0.07336426,0.04920024424791336
6995968,2186.924280670828,7.0,209.57239,500.0,223.46434,-1.0,0.4967041,1.0,0.6298553,0.37294012,-0.0029021166,0.0011153775,-0.0034598056,-3.3537846,0.42993164,0.57006836,0.07336426,0.049235958606004715
7004160,2233.1442707974516,7.0,209.31482,500.0,223.37502,-1.0,0.4975586,1.0,0.62966526,0.37352693,0.0010337613,0.0011227989,0.0004723617,-2.5646667,0.42919922,0.5708008,0.07324219,0.049107909202575684
7012352,2202.7612532883804,7.0,209.10303,500.0,223.26619,-1.0,0.49804688,1.0,0.6298609,0.3736642,0.0020532934,0.0013867468,0.0013599199,-2.4566817,0.42858887,0.57141113,0.07336426,0.04912106692790985
7020544,2184.771692671752,7.0,208.87537,500.0,223.24594,-1.0,0.49926758,1.0,0.62928176,0.3749259,0.002632345,0.0014628752,0.0019009069,-3.1662805,0.42773438,0.5722656,0.07299805,0.04939738288521767
7028736,2197.9783542262276,7.0,208.82043,500.0,223.2566,-1.0,0.49902344,1.0,0.6296693,0.3750024,-0.0009324101,0.0015945301,-0.0017296752,-3.014063,0.42773438,0.5722656,0.07324219,0.049591828137636185
7036928,2191.53039559721,7.0,208.099,500.0,223.1213,-1.0,0.5001221,1.0,0.62967,0.37606522,-0.00091617095,0.0018141975,-0.0018232698,-2.2723956,0.42663574,0.57336426,0.07324219,0.04955459386110306
7045120,2196.9684397581677,7.0,207.37183,500.0,222.92899,-1.0,0.5019531,1.0,0.62947315,0.37764573,-0.0004752096,0.0030880126,-0.0020192156,-2.6538835,0.42492676,0.57507324,0.07312012,0.04967772960662842
7053312,2189.950762572029,7.0,207.44482,500.0,222.98941,-1.0,0.5019531,1.0,0.6292792,0.37750256,0.0013679693,0.0011626529,0.0007866435,-2.6335104,0.42504883,0.5749512,0.07299805,0.04956661909818649
7061504,2188.0155419060384,7.0,207.29993,500.0,222.94487,-1.0,0.5020752,1.0,0.62947273,0.3773663,-0.00049500784,0.0016604918,-0.0013252536,-3.0296807,0.4248047,0.5751953,0.07312012,0.04953883960843086
7069696,2198.7952844569077,7.0,207.76831,500.0,223.10402,-1.0,0.50097656,1.0,0.6294754,0.37667334,-0.00021606352,0.0011069332,-0.00076952984,-3.3854828,0.42590332,0.5740967,0.07312012,0.04953274130821228
7077888,2204.329305440443,7.0,207.57202,500.0,223.08893,-1.0,0.5015869,1.0,0.6290862,0.37715945,-0.00047384907,0.0017964317,-0.0013720652,-3.0993927,0.4255371,0.5744629,0.07287598,0.04963157698512077
7086080,2181.8372204960147,7.0,207.51855,500.0,223.06094,-1.0,0.5020752,1.0,0.6288907,0.37754935,0.001061755,0.0010848633,0.0005193234,-2.1476934,0.4251709,0.5748291,0.072753906,0.04952443391084671
7094272,2193.851662701294,7.0,207.58472,500.0,223.0793,-1.0,0.5020752,1.0,0.62869656,0.37768584,-0.0020446617,0.0009907769,-0.00254005,-2.5852659,0.42529297,0.57470703,0.072631836,0.04963157698512077
7102464,2184.5708339770745,7.0,207.46692,500.0,223.07289,-1.0,0.50146484,1.0,0.62928045,0.37759322,-0.001967275,0.0020472805,-0.0029909154,-2.5431023,0.4255371,0.5744629,0.07299805,0.049857769161462784
7110656,2182.5244878761937,7.0,207.37012,500.0,223.03967,-1.0,0.5025635,1.0,0.6285006,0.37831736,-0.0008205822,0.0025785745,-0.0021098694,-3.1488822,0.42492676,0.57507324,0.072509766,0.049978140741586685
7118848,2180.487922029321,7.0,207.04846,500.0,222.95177,-1.0,0.50305176,1.0,0.6286926,0.37879366,-0.001962734,0.0016441388,-0.0027848035,-3.6846547,0.4243164,0.5756836,0.072631836,0.050215944647789
7127040,2185.143503714772,7.0,207.01428,500.0,222.90102,-1.0,0.5036621,1.0,0.6284951,0.37909508,-0.0015310252,0.0018484235,-0.0024552369,-2.050487,0.42382812,0.5761719,0.072509766,0.050299279391765594
7135232,2194.074266531224,7.0,207.10693,500.0,222.89383,-1.0,0.50305176,1.0,0.62888676,0.37854916,0.0021208466,0.001453469,0.0013941121,-3.1300273,0.42419434,0.57580566,0.072753906,0.05058981850743294
7143424,2188.3990508542975,7.0,207.14124,500.0,222.87035,-1.0,0.50354004,1.0,0.6284958,0.37874967,-0.0016964104,0.0007437426,-0.0020682819,-2.6376579,0.4239502,0.5760498,0.072509766,0.05033981800079346
7151616,2187.4331497577414,7.0,206.93176,500.0,222.75427,-1.0,0.5036621,1.0,0.6288834,0.37871885,-0.00095069886,0.001551596,-0.0017264965,-3.2527518,0.42358398,0.576416,0.072753906,0.050602637231349945
7159808,2183.120358959566,7.0,206.62646,500.0,222.68889,-1.0,0.5040283,1.0,0.6290753,0.379079,0.0012999268,0.0021405343,0.00022965932,-2.9719265,0.4230957,0.5769043,0.07287598,0.05081560090184212
7168000,2188.3204428644035,7.0,205.82886,500.0,222.56319,-1.0,0.50598145,1.0,0.6286715,0.3806114,-0.0015850796,0.002168304,-0.0026692315,-2.8761415,0.42138672,0.5786133,0.072631836,0.051020145416259766
7176192,2196.923910214182,7.0,205.64441,500.0,222.53088,-1.0,0.50683594,1.0,0.6282744,0.3812502,-0.0028940942,0.0011006418,-0.0034444148,-2.9973557,0.42077637,0.57922363,0.072387695,0.050886426120996475
7184384,2201.6752702887748,7.0,205.68652,500.0,222.47398,-1.0,0.5073242,1.0,0.62807447,0.38140398,0.004141232,0.0016354216,0.003323521,-3.2461762,0.42041016,0.57958984,0.072265625,0.05105309188365936
7192576,2186.65107878896,7.0,206.07935,500.0,222.5427,-1.0,0.50598145,1.0,0.62847733,0.38031572,-0.004604177,0.0011522279,-0.005180291,-3.1196318,0.4215088,0.5784912,0.072509766,0.05120849609375
7200768,2189.711411427602,7.0,205.78821,500.0,222.46414,-1.0,0.5070801,1.0,0.62807727,0.38122582,-0.0011960885,0.001086812,-0.0017394945,-2.6592166,0.4206543,0.5793457,0.072265625,0.05131563916802406
7208960,2189.835058022148,7.0,205.97375,500.0,222.49535,-1.0,0.5064697,1.0,0.62827826,0.380893,0.002241326,0.0018153962,0.0013336274,-2.4903488,0.42114258,0.5788574,0.072387695,0.051606178283691406
7217152,2200.1835443459463,7.0,205.85681,500.0,222.44232,-1.0,0.506958,1.0,0.6280787,0.38129616,-0.00038796867,0.0010077034,-0.00089182047,-2.6006851,0.42077637,0.57922363,0.072265625,0.05149903520941734
7225344,2193.846199739086,7.0,205.60974,500.0,222.33983,-1.0,0.5081787,1.0,0.6276751,0.3818572,-0.0013145574,0.0018577959,-0.0022434555,-2.1776807,0.4197998,0.5802002,0.072021484,0.05147125571966171
7233536,2202.5500138750167,7.0,205.84338,500.0,222.40424,-1.0,0.5078125,1.0,0.6276798,0.38142234,0.0052565387,0.0017301172,0.004391479,-2.5834496,0.42016602,0.579834,0.072021484,0.051554590463638306
7241728,2198.762077797351,7.0,205.62183,500.0,222.28587,-1.0,0.5081787,1.0,0.62786955,0.38177818,0.00049287325,0.0021243412,-0.0005692975,-3.0391471,0.41967773,0.58032227,0.072143555,0.051848068833351135
7249920,2194.5208711956534,7.0,205.6128,500.0,222.29863,-1.0,0.5083008,1.0,0.62786794,0.3819058,0.0007888377,0.0010908453,0.00024341483,-2.9839377,0.41955566,0.58044434,0.072143555,0.051875848323106766
7258112,2196.1746238015626,7.0,205.61658,500.0,222.29688,-1.0,0.50805664,1.0,0.6280655,0.38182947,0.0019840603,0.002258531,0.00085479446,-3.110768,0.41967773,0.58032227,0.072265625,0.05226687341928482
7266304,2229.1836466205777,7.0,205.7367,500.0,222.34624,-1.0,0.5079346,1.0,0.6278727,0.38175076,0.0010286481,0.0010753586,0.00049096945,-3.2515588,0.41992188,0.5800781,0.072143555,0.052339453250169754
7274496,2242.84009740371,7.0,205.31323,500.0,222.20006,-1.0,0.5098877,1.0,0.6270668,0.38303274,0.0012519067,0.0018795007,0.00031215616,-3.1430874,0.41845703,0.58154297,0.07165527,0.05208945274353027
7282688,2199.7458984766004,7.0,204.90088,500.0,222.10469,-1.0,0.51123047,1.0,0.6266547,0.38438493,0.0014542362,0.002010218,0.00044912705,-2.3965385,0.4173584,0.5826416,0.07141113,0.052018024027347565
7290880,2188.546107558943,7.0,204.75977,500.0,222.07452,-1.0,0.5114746,1.0,0.6266503,0.38462737,7.4048294e-06,0.001685471,-0.00083533017,-2.8382323,0.41711426,0.58288574,0.07141113,0.05195670202374458
7299072,2192.724907610977,7.0,204.73853,500.0,222.0844,-1.0,0.5107422,1.0,0.6272474,0.38438702,0.0019656473,0.0012906124,0.0013203413,-3.0649648,0.41748047,0.58251953,0.071777344,0.0520913191139698
7307264,2187.0704431728445,7.0,204.81714,500.0,222.04146,-1.0,0.5106201,1.0,0.627444,0.38412893,0.0011634347,0.0014642214,0.00043132447,-2.932314,0.41748047,0.58251953,0.071899414,0.05213543772697449
7315456,2215.682636512174,7.0,204.47241,500.0,221.94356,-1.0,0.5106201,1.0,0.62802744,0.3843372,-0.003906299,0.0021011883,-0.004956893,-2.8673134,0.41711426,0.58288574,0.072265625,0.05236620828509331
7323648,2196.39952453597,7.0,204.25793,500.0,221.91666,-1.0,0.51123047,1.0,0.62782234,0.38497186,0.002336902,0.0014561004,0.0016088518,-3.0650427,0.41662598,0.583374,0.072143555,0.052379366010427475
7331840,2190.99782333294,7.0,204.28772,500.0,221.90181,-1.0,0.51123047,1.0,0.62782234,0.38513482,-0.0019610324,0.0015515806,-0.0027368227,-3.0949376,0.41662598,0.583374,0.072143555,0.05248650908470154
7340032,2196.655226071811,7.0,203.92297,500.0,221.84584,-1.0,0.5130615,1.0,0.62681407,0.38659692,0.0021682596,0.00059359655,0.0018714609,-3.677068,0.41540527,0.5845947,0.0715332,0.05223650857806206
7348224,2180.481141677143,7.0,203.58936,500.0,221.74318,-1.0,0.5135498,1.0,0.62699836,0.38695127,0.00046795525,0.0018740513,-0.0004690704,-3.229703,0.41479492,0.5852051,0.07165527,0.052269525825977325
7356416,2190.7798941238257,7.0,203.46375,500.0,221.76863,-1.0,0.513916,1.0,0.6267956,0.3876261,-0.0031573682,0.0015507152,-0.0039327256,-2.7270412,0.41455078,0.5854492,0.0715332,0.05235286056995392
7364608,2182.290499501264,7.0,203.61047,500.0,221.77463,-1.0,0.5126953,1.0,0.6276,0.38674042,-0.0027218517,0.0014094675,-0.0034265856,-2.6684918,0.4152832,0.5847168,0.072021484,0.05264339968562126
7372800,2207.362636274041,7.0,203.12439,500.0,221.62553,-1.0,0.51379395,1.0,0.6275768,0.38758206,0.002044714,0.0016567175,0.0012163554,-2.17023,0.41418457,0.5858154,0.072021484,0.052601732313632965
7380992,2190.4449823414748,7.0,202.77661,500.0,221.47818,-1.0,0.51379395,1.0,0.6283544,0.38783088,-0.00038708613,0.0019209476,-0.0013475601,-3.0461717,0.4136963,0.5863037,0.072509766,0.05293312668800354
7389184,2196.486436720828,7.0,202.5664,500.0,221.43326,-1.0,0.5147705,1.0,0.6279436,0.38858545,0.0034609393,0.0010468727,0.0029375034,-2.6687152,0.41296387,0.58703613,0.072265625,0.05280217528343201
7397376,2188.6995972914956,7.0,202.57288,500.0,221.45541,-1.0,0.51623535,1.0,0.62673986,0.38955995,-0.0019597206,0.0013665367,-0.0026429892,-2.8402343,0.41223145,0.58776855,0.0715332,0.052774395793676376
7405568,2202.8882141121067,7.0,202.47473,500.0,221.46245,-1.0,0.51660156,1.0,0.6265354,0.3901584,-0.0018672927,0.0010119667,-0.0023732758,-2.8899348,0.4119873,0.5880127,0.07141113,0.05263309180736542
7413760,2183.116336397916,7.0,202.55835,500.0,221.49924,-1.0,0.5175781,1.0,0.62572896,0.39059556,0.0008032084,0.0010254406,0.00029048818,-2.6460152,0.41149902,0.588501,0.07092285,0.05251822620630264
7421952,2165.851148666264,7.0,202.28198,500.0,221.38821,-1.0,0.51794434,1.0,0.6259136,0.3908592,-0.00085785607,0.0019990078,-0.0018573599,-2.9694405,0.41101074,0.58898926,0.07104492,0.05296267196536064
7430144,2185.3183375426684,7.0,202.05188,500.0,221.32045,-1.0,0.5184326,1.0,0.62589943,0.39090833,-0.0014425425,0.0028062346,-0.0028456596,-3.2956991,0.41052246,0.58947754,0.07104492,0.053296007215976715
7438336,2190.3405353969947,7.0,201.92395,500.0,221.27872,-1.0,0.51867676,1.0,0.6258922,0.3911398,1.0301621e-05,0.001019986,-0.0004996912,-3.0329726,0.41027832,0.5897217,0.07104492,0.05333172157406807
7446528,2183.7830355628853,7.0,201.4281,500.0,221.13506,-1.0,0.5192871,1.0,0.62626356,0.39166668,-0.00062083825,0.002334421,-0.0017880485,-2.9458125,0.40942383,0.5905762,0.07128906,0.053617436438798904
7454720,2196.282856795131,7.0,201.18591,500.0,221.03772,-1.0,0.5202637,1.0,0.62584275,0.39227846,-0.0014191946,0.0016422005,-0.0022402946,-2.6816113,0.4086914,0.5913086,0.07104492,0.053465474396944046
7462912,2196.130266797984,7.0,200.86096,500.0,220.92549,-1.0,0.5201416,1.0,0.6266265,0.3921718,7.137132e-05,0.0021548013,-0.0010060293,-2.6811132,0.4083252,0.5916748,0.0715332,0.05378365516662598
7471104,2199.045492300018,7.0,200.8584,500.0,220.92497,-1.0,0.5201416,1.0,0.6266265,0.39199597,0.0021971061,0.0013843447,0.0015049339,-2.28344,0.4083252,0.5916748,0.0715332,0.05378365516662598
7479296,2194.340497820204,7.0,200.12244,500.0,220.64882,-1.0,0.5217285,1.0,0.6267682,0.39302367,0.005534791,0.0021143996,0.004477591,-2.5537124,0.4066162,0.5933838,0.07165527,0.05380638316273689
7487488,2199.030151710556,7.0,199.80652,500.0,220.5668,-1.0,0.5217285,1.0,0.6273522,0.3931368,-0.003264112,0.0016194,-0.0040738117,-3.0146108,0.40625,0.59375,0.072021484,0.05396178737282753
7495680,2189.53489731634,7.0,199.72632,500.0,220.46494,-1.0,0.5222168,1.0,0.6273351,0.39325285,0.0012439031,0.0029654785,-0.00023883628,-2.8541365,0.40576172,0.5942383,0.072021484,0.054359935224056244
7503872,2185.146699948646,7.0,199.4032,500.0,220.27484,-1.0,0.52282715,1.0,0.62770236,0.39354774,0.001417177,0.002472622,0.00018086587,-3.062739,0.40490723,0.5950928,0.072265625,0.054593805223703384
7512064,2193.8564253059308,7.0,199.41309,500.0,220.3036,-1.0,0.52282715,1.0,0.62770236,0.39363354,0.002739349,0.0011031628,0.0021877673,-3.3528018,0.40490723,0.5950928,0.072265625,0.054614074528217316
7520256,2186.686008081381,7.0,199.24292,500.0,220.24808,-1.0,0.5234375,1.0,0.6274853,0.3940789,-0.0016542438,0.0016468071,-0.0024776473,-3.3417542,0.40441895,0.59558105,0.072143555,0.054670196026563644
7528448,2198.0587825271678,7.0,198.47595,500.0,219.98622,-1.0,0.52490234,1.0,0.6276233,0.395132,0.00018915778,0.002594816,-0.0011082499,-2.9935174,0.40283203,0.59716797,0.072265625,0.05477733910083771
7536640,2191.979181397993,7.0,198.30298,500.0,219.94775,-1.0,0.526001,1.0,0.6269951,0.3956917,-0.00014195498,0.0015833367,-0.0009336234,-2.1957464,0.4020996,0.5979004,0.071899414,0.05473567172884941
7544832,2218.7905851271707,7.0,198.54468,500.0,219.97618,-1.0,0.52575684,1.0,0.6270051,0.3953992,-0.0025889203,0.0019052915,-0.0035415655,-2.3160057,0.40234375,0.59765625,0.071899414,0.05482657998800278
7553024,2210.5724176750123,7.0,198.44556,500.0,219.9798,-1.0,0.52575684,1.0,0.62719977,0.39566922,0.0024107445,0.0011506581,0.0018354151,-3.297833,0.40222168,0.5977783,0.072021484,0.05470816045999527
7561216,2182.8855494099844,7.0,198.42786,500.0,219.91414,-1.0,0.52575684,1.0,0.6273944,0.3953519,-0.0023926343,0.0011611788,-0.0029732233,-3.3544755,0.4020996,0.5979004,0.072143555,0.054569270461797714
7569408,2187.318964269847,7.0,198.38428,500.0,219.91127,-1.0,0.5246582,1.0,0.62841046,0.39484823,0.0010346638,0.0022131,-7.188611e-05,-3.6263695,0.4025879,0.5974121,0.072753906,0.05540035292506218
7577600,2181.034778628997,7.0,198.37402,500.0,219.86401,-1.0,0.5253906,1.0,0.6279927,0.39505255,-0.0031178426,0.0016321023,-0.0039338935,-3.009815,0.4020996,0.5979004,0.072509766,0.05538291111588478
7585792,2190.925454851639,7.0,198.3457,500.0,219.8895,-1.0,0.5263672,1.0,0.62717444,0.396115,0.0010841247,0.0008723952,0.00064792717,-3.0999503,0.40161133,0.5983887,0.072021484,0.05525195971131325
7593984,2197.7750599755377,7.0,197.79907,500.0,219.67552,-1.0,0.5263672,1.0,0.62834114,0.39602152,0.0023951703,0.0028648886,0.00096272596,-2.4792855,0.4008789,0.5991211,0.072753906,0.0558352917432785
7602176,2195.0114068635385,7.0,197.47095,500.0,219.59863,-1.0,0.5263672,1.0,0.6287296,0.39618766,-0.0021190504,0.0019652825,-0.0031016916,-2.1490078,0.40063477,0.59936523,0.07299805,0.05616668611764908
7610368,2177.4499869009796,7.0,197.58557,500.0,219.58458,-1.0,0.52697754,1.0,0.6283152,0.3963157,-0.0010740715,0.001453114,-0.0018006279,-2.5704484,0.40026855,0.59973145,0.072753906,0.056059543043375015
7618560,2199.431892402153,7.0,197.07153,500.0,219.3923,-1.0,0.52770996,1.0,0.6286718,0.39702338,-3.978674e-05,0.0019672797,-0.0010234269,-2.9273896,0.399292,0.600708,0.07299805,0.05628124251961708
7626752,2199.724210870139,7.0,196.90393,500.0,219.32701,-1.0,0.5291748,1.0,0.6278283,0.3980003,0.0016692779,0.0012022173,0.0010681694,-3.185018,0.39831543,0.6016846,0.072509766,0.0560312420129776
7634944,2188.5886252654227,7.0,196.31836,500.0,219.09248,-1.0,0.5286865,1.0,0.62921035,0.3980038,-0.004312154,0.0026388871,-0.0056315977,-2.4160628,0.39794922,0.6020508,0.07336426,0.05675950273871422
7643136,2188.5678541138986,7.0,196.10364,500.0,219.05481,-1.0,0.5292969,1.0,0.62898815,0.3986549,0.0010269328,0.0011073451,0.0004732606,-3.3901405,0.39746094,0.60253906,0.07324219,0.056747596710920334
7651328,2200.579928188561,7.0,196.0127,500.0,219.01434,-1.0,0.5296631,1.0,0.628971,0.39908227,0.0019494463,0.0016835197,0.0011076871,-2.8703861,0.39709473,0.6029053,0.07324219,0.056816745549440384
7659520,2193.6802227049293,7.0,195.96155,500.0,218.98071,-1.0,0.529541,1.0,0.6291707,0.39932507,-0.0036199917,0.0025434035,-0.0048916936,-3.220971,0.39709473,0.6029053,0.07336426,0.057191744446754456
7667712,2188.4975975705706,7.0,195.85278,500.0,219.01851,-1.0,0.5299072,1.0,0.6289594,0.39977717,0.00015891739,0.0012618075,-0.00047198607,-3.5862648,0.3968506,0.6031494,0.07324219,0.057145826518535614
7675904,2192.4319282030506,7.0,196.13696,500.0,219.06221,-1.0,0.5300293,1.0,0.62856525,0.39967588,0.0067594782,0.0018979007,0.005810528,-2.975437,0.39697266,0.60302734,0.07299805,0.05702740699052811
7684096,2191.8193590282945,7.0,195.78186,500.0,218.92113,-1.0,0.53063965,1.0,0.62873006,0.4002428,-0.0024586697,0.0028989082,-0.003908123,-2.2655108,0.39624023,0.60375977,0.07312012,0.05743778496980667
7692288,2200.6498350684933,7.0,195.42346,500.0,218.75024,-1.0,0.53015137,1.0,0.62991744,0.39972538,-0.0031856752,0.0027942695,-0.00458281,-2.4071026,0.3959961,0.6040039,0.07385254,0.05807013809680939
7700480,2183.413629764704,7.0,194.97424,500.0,218.57027,-1.0,0.53063965,1.0,0.63047504,0.400142,0.002583267,0.0020953745,0.0015355803,-3.0835357,0.3951416,0.6048584,0.07421875,0.058534424751996994
7708672,2226.797440900307,7.0,194.53235,500.0,218.41753,-1.0,0.5303955,1.0,0.63164747,0.40016624,0.0024322781,0.0031214403,0.00087155815,-3.4262538,0.39465332,0.6053467,0.07495117,0.05882496386766434
7716864,2191.134470295904,7.0,194.47253,500.0,218.36623,-1.0,0.5308838,1.0,0.63143045,0.40018392,0.0014288188,0.0018203126,0.00051866274,-2.622891,0.3942871,0.6057129,0.0748291,0.05892379954457283
7725056,2201.674564903246,7.0,193.63379,500.0,218.03506,-1.0,0.532959,1.0,0.63113207,0.40143844,-0.0020273812,0.0021584511,-0.0031066067,-2.50874,0.39233398,0.607666,0.07470703,0.05892379954457283
7733248,2190.7393864212527,7.0,193.27405,500.0,217.85194,-1.0,0.5336914,1.0,0.6312868,0.40184176,0.0032172455,0.0023045565,0.0020649668,-3.1417544,0.3914795,0.6085205,0.0748291,0.05912834405899048
7741440,2184.8511573440555,7.0,193.40686,500.0,217.95607,-1.0,0.5340576,1.0,0.6306868,0.402143,0.0019141377,0.0012895563,0.0012693595,-3.3690448,0.3914795,0.6085205,0.07446289,0.059006549417972565
7749632,2173.6805745747024,7.0,192.97192,500.0,217.75858,-1.0,0.5350342,1.0,0.63082683,0.40263158,-0.0012410795,0.0025311888,-0.0025066736,-2.8509772,0.39038086,0.60961914,0.07458496,0.05921951308846474
7757824,2174.8550139208237,7.0,193.11914,500.0,217.8228,-1.0,0.53430176,1.0,0.631254,0.4022123,-0.00037977257,0.0022404748,-0.0015000096,-2.3993716,0.39086914,0.60913086,0.0748291,0.05976496636867523
7766016,2204.8059854136472,7.0,192.98071,500.0,217.73439,-1.0,0.53466797,1.0,0.63123393,0.4022169,-0.001922043,0.0018554211,-0.0028497537,-2.5677793,0.39050293,0.6094971,0.0748291,0.0598808191716671
7774208,2185.9603760491227,7.0,192.57263,500.0,217.56049,-1.0,0.5354004,1.0,0.63138664,0.40239757,-0.0018994532,0.0028504226,-0.0033246642,-1.9399307,0.38964844,0.61035156,0.07495117,0.06002764403820038
7782400,2197.638145762594,7.0,192.7063,500.0,217.64659,-1.0,0.5354004,1.0,0.6311933,0.4022509,-0.0042469893,0.0019376476,-0.0052158125,-2.0121706,0.3897705,0.6102295,0.0748291,0.060222089290618896
7790592,2199.926457358333,7.0,192.17407,500.0,217.43817,-1.0,0.53601074,1.0,0.6317388,0.40298688,0.000116247276,0.0025808932,-0.0011741997,-2.6028175,0.38879395,0.61120605,0.07519531,0.06050780415534973
7798784,2199.198206167697,7.0,191.77454,500.0,217.36182,-1.0,0.536499,1.0,0.63190395,0.40342835,8.905516e-05,0.0018091365,-0.00081551296,-2.9735117,0.3881836,0.6118164,0.07531738,0.06055780500173569
7806976,2169.9720173788546,7.0,191.72852,500.0,217.33365,-1.0,0.5357666,1.0,0.632718,0.4028008,-0.0026142765,0.0023191767,-0.003773865,-1.5086404,0.38842773,0.61157227,0.075805664,0.06108558177947998
7815168,2185.805601646619,7.0,191.09387,500.0,217.16574,-1.0,0.53845215,1.0,0.63120824,0.40425593,-0.0015859687,0.0019704127,-0.002571175,-2.840002,0.38659668,0.6134033,0.07495117,0.061168916523456573
7823360,2185.911702490826,7.0,190.81909,500.0,217.06908,-1.0,0.5390625,1.0,0.6311707,0.40480715,-0.003364149,0.001430314,-0.004079306,-2.5407352,0.38598633,0.6140137,0.07495117,0.061168916523456573
7831552,2193.8187452640354,7.0,190.43579,500.0,216.84789,-1.0,0.5397949,1.0,0.6315116,0.40488988,7.596437e-05,0.0018425619,-0.00084531656,-2.2622635,0.38500977,0.61499023,0.07519531,0.06133558228611946
7839744,2183.1518464198166,7.0,190.17383,500.0,216.74303,-1.0,0.5390625,1.0,0.63271606,0.404783,-0.0011676847,0.0018256045,-0.0020804873,-2.6479812,0.38500977,0.61499023,0.075927734,0.06201581656932831
7847936,2186.6598457973046,7.0,189.07605,500.0,216.3364,-1.0,0.54089355,1.0,0.6329861,0.40634358,-0.0008361096,0.0027498198,-0.0022110196,-2.0669515,0.38293457,0.6170654,0.076171875,0.06246757134795189
7856128,2202.1978029640936,7.0,188.92993,500.0,216.30911,-1.0,0.54125977,1.0,0.63276947,0.4064616,-0.0016066794,0.0014829665,-0.0023481625,-2.1574469,0.38269043,0.6173096,0.076049805,0.06242590397596359
7864320,2202.533212479407,7.0,187.83716,500.0,215.88432,-1.0,0.54345703,1.0,0.6328153,0.4079516,0.0022538798,0.0039761453,0.00026580738,-1.1531166,0.3803711,0.6196289,0.076171875,0.06270531564950943
7872512,2187.920242950144,7.0,187.73218,500.0,215.80836,-1.0,0.5435791,1.0,0.63299984,0.40757105,-0.00033724116,0.0015097507,-0.0010921161,-1.9858124,0.38012695,0.61987305,0.076293945,0.06298162788152695
7880704,2192.362402561638,7.0,187.30872,500.0,215.74803,-1.0,0.54345703,1.0,0.6335864,0.40792468,0.00059397495,0.0019648736,-0.00038846146,-2.616528,0.3798828,0.6201172,0.076660156,0.06329981237649918
7888896,2196.405842637446,7.0,187.26172,500.0,215.72252,-1.0,0.54333496,1.0,0.63378745,0.407867,-0.0020326662,0.0013055685,-0.0026854507,-2.595624,0.3798828,0.6201172,0.07678223,0.06331297010183334
7897088,2178.513716593623,7.0,186.9248,500.0,215.58504,-1.0,0.54248047,1.0,0.6351919,0.40735877,0.0019711864,0.002348569,0.00079690205,-1.8935968,0.3798828,0.6201172,0.07763672,0.06393253803253174
7905280,2198.12824806949,7.0,186.30408,500.0,215.35376,-1.0,0.54296875,1.0,0.63592744,0.408126,-0.001361559,0.0023996,-0.0025613592,-2.457805,0.37890625,0.62109375,0.078125,0.06427575647830963
7913472,2186.1228223544085,7.0,186.14832,500.0,215.27307,-1.0,0.5422363,1.0,0.6367437,0.40763062,-0.0032491726,0.0020761036,-0.0042872247,-2.411665,0.3791504,0.6208496,0.07861328,0.06441037356853485
7921664,2182.1851656641093,7.0,186.1726,500.0,215.2797,-1.0,0.54345703,1.0,0.6357022,0.40847996,0.0037952298,0.0012157599,0.0031873495,-2.44978,0.37854004,0.62145996,0.07800293,0.06428857892751694
7929856,2190.0360484208163,7.0,185.80066,500.0,215.16849,-1.0,0.5449219,1.0,0.635024,0.40960103,-0.00050561276,0.0012661649,-0.0011386955,-2.3516037,0.3774414,0.6225586,0.07763672,0.06429498642683029
7938048,2186.2968391417307,7.0,185.54443,500.0,215.06366,-1.0,0.5463867,1.0,0.63414913,0.41088623,0.0013880938,0.0014042424,0.0006859726,-2.217396,0.37646484,0.62353516,0.07714844,0.06424106657505035
7946240,2190.5629858595403,7.0,185.78564,500.0,215.14444,-1.0,0.54589844,1.0,0.63418466,0.41051865,0.00011687289,0.0013657551,-0.0005660044,-2.8798513,0.37695312,0.6230469,0.07714844,0.06439647078514099
7954432,2189.9125187021928,7.0,185.37207,500.0,214.99118,-1.0,0.54541016,1.0,0.6351814,0.4105091,-4.705717e-05,0.0021106538,-0.001102384,-1.8715253,0.37683105,0.62316895,0.07775879,0.06474646925926208
7962624,2187.5317487698703,7.0,184.88074,500.0,214.78111,-1.0,0.54626465,1.0,0.635312,0.41101038,-0.0013163215,0.0019804982,-0.0023065708,-3.0322258,0.3758545,0.6241455,0.07788086,0.06480259448289871
7970816,2193.12098798938,7.0,184.49731,500.0,214.60474,-1.0,0.5465088,1.0,0.63587034,0.41149133,-0.004716358,0.0020813856,-0.0057570515,-2.1369128,0.37524414,0.62475586,0.07824707,0.065190888941288
7979008,2217.7477172709,7.0,184.30408,500.0,214.52893,-1.0,0.54785156,1.0,0.6350022,0.41218245,-0.00012782618,0.0025416072,-0.00139863,-2.3730383,0.37438965,0.62561035,0.07775879,0.06521361321210861
7987200,2231.970859436797,7.0,183.84924,500.0,214.32893,-1.0,0.5482178,1.0,0.63555104,0.4124487,-0.0018662659,0.002203814,-0.0029681735,-1.9803236,0.37365723,0.6263428,0.078125,0.06554053723812103
7995392,2187.001813965055,7.0,184.00793,500.0,214.36644,-1.0,0.5472412,1.0,0.6362002,0.41184145,0.00084285083,0.0011262926,0.00027970463,-3.2151346,0.37426758,0.6257324,0.07849121,0.06605976819992065
8003584,2189.431374217006,7.0,183.32983,500.0,214.17566,-1.0,0.54870605,1.0,0.63589776,0.41313243,-0.003944102,0.0014527777,-0.0046704914,-3.8051636,0.3729248,0.6270752,0.07836914,0.06597106158733368
8011776,2185.6972865086746,7.0,183.10034,500.0,214.06969,-1.0,0.54907227,1.0,0.63606155,0.41356167,-0.00031143066,0.0016839383,-0.0011533997,-2.7137172,0.37243652,0.6275635,0.07849121,0.06615965813398361
8019968,2198.221485040432,7.0,182.53479,500.0,213.86694,-1.0,0.5498047,1.0,0.6363884,0.41418612,-0.0014680545,0.0021463912,-0.0025412496,-2.6305177,0.37145996,0.62854004,0.07873535,0.06653466075658798
8028160,2200.704241479812,7.0,182.31396,500.0,213.70639,-1.0,0.5493164,1.0,0.6373847,0.4137093,-0.0021324442,0.0017574825,-0.0030111857,-2.6042435,0.3713379,0.6286621,0.0793457,0.06699894368648529
8036352,2188.628356418676,7.0,182.20508,500.0,213.62747,-1.0,0.5494385,1.0,0.6375668,0.4134757,-0.0034921654,0.0013212909,-0.004152811,-1.4767143,0.37109375,0.62890625,0.07946777,0.06708227843046188
8044544,2198.0230671355307,7.0,182.32715,500.0,213.60443,-1.0,0.5488281,1.0,0.6381879,0.41336817,0.0025344251,0.0033317881,0.0008685312,-1.5729451,0.3713379,0.6286621,0.079833984,0.06754656136035919
8052736,2208.1415730287977,7.0,181.89404,500.0,213.41585,-1.0,0.54919434,1.0,0.6387333,0.41347486,0.00074612314,0.0018831939,-0.00019547355,-2.6576428,0.37060547,0.62939453,0.080200195,0.06790632009506226
8060928,2190.251735402062,7.0,181.59534,500.0,213.35493,-1.0,0.5506592,1.0,0.6378538,0.41455808,-0.0001742841,0.0018541429,-0.0011013557,-1.7438722,0.3696289,0.6303711,0.079711914,0.06788887828588486
8069120,2190.0156685468905,7.0,181.65149,500.0,213.34474,-1.0,0.55126953,1.0,0.6374221,0.41518873,-0.0025470671,0.0020247635,-0.0035594488,-2.2322993,0.3692627,0.6307373,0.07946777,0.06800924986600876
8077312,2185.964130956535,7.0,181.771,500.0,213.44673,-1.0,0.5513916,1.0,0.63702923,0.41553015,-0.00035195227,0.0010732338,-0.00088856946,-1.9466112,0.36938477,0.63061523,0.07922363,0.06775925308465958
8085504,2181.973974237397,7.0,181.21204,500.0,213.27686,-1.0,0.5526123,1.0,0.6367378,0.41686147,-0.0015495289,0.0021200988,-0.0026095784,-1.7451019,0.36828613,0.63171387,0.07910156,0.0679900199174881
8093696,2187.6122500342694,7.0,181.24268,500.0,213.23624,-1.0,0.5518799,1.0,0.6373728,0.41624475,-0.0027245977,0.0027005174,-0.004074856,-1.0992546,0.36865234,0.63134766,0.07946777,0.06829557567834854
8101888,2181.7323460093835,7.0,180.87305,500.0,213.10123,-1.0,0.5527344,1.0,0.63730264,0.41669363,-0.0011723745,0.0018849315,-0.00211484,-1.6820465,0.36779785,0.63220215,0.07946777,0.06849200278520584
8110080,2187.545536628233,7.0,180.87854,500.0,213.03374,-1.0,0.552124,1.0,0.6379272,0.41597182,-0.0027568466,0.0015778227,-0.0035457576,-1.7532823,0.368042,0.631958,0.079833984,0.06867057085037231
8118272,2188.7727947993953,7.0,180.34473,500.0,212.84875,-1.0,0.55444336,1.0,0.63696724,0.41773602,-0.0016245048,0.0021824508,-0.0027157306,-1.2198963,0.36621094,0.63378906,0.0793457,0.06878821551799774
8126464,2183.592211176582,7.0,180.06616,500.0,212.66322,-1.0,0.55407715,1.0,0.63795596,0.4176441,0.0032701883,0.0023682355,0.0020860704,-1.82238,0.3659668,0.6340332,0.079956055,0.06925249844789505
8134656,2187.6782710639336,7.0,179.94666,500.0,212.56468,-1.0,0.5539551,1.0,0.6383488,0.417766,-0.0008625148,0.001976714,-0.0018508716,-1.9627104,0.36584473,0.6341553,0.080200195,0.06949030607938766
8142848,2185.8706793179244,7.0,179.7279,500.0,212.57886,-1.0,0.5546875,1.0,0.6379039,0.41870922,0.0013746116,0.00225376,0.00024773157,-1.9314274,0.36535645,0.63464355,0.079956055,0.06969485431909561
8151040,2192.6075105674786,7.0,179.52539,500.0,212.45164,-1.0,0.555542,1.0,0.6376387,0.41956902,0.0011970149,0.0024384225,-2.219627e-05,-2.0163074,0.36462402,0.635376,0.079833984,0.0699448511004448
8159232,2189.058102669773,7.0,179.13855,500.0,212.27605,-1.0,0.5567627,1.0,0.63733965,0.42000788,-0.0015971193,0.0020971256,-0.0026456825,-2.0056496,0.3635254,0.6364746,0.079711914,0.06997787207365036
8167424,2187.1129035615268,7.0,178.79834,500.0,212.19019,-1.0,0.55688477,1.0,0.63771164,0.42027164,-0.00279487,0.0016737715,-0.0036317557,-2.4144025,0.36315918,0.6368408,0.079956055,0.07014454156160355
8175616,2194.345682965598,7.0,178.24146,500.0,212.01396,-1.0,0.55700684,1.0,0.63846606,0.4207626,-0.0026685023,0.002645,-0.003991002,-1.8447349,0.36254883,0.6374512,0.080444336,0.07043025642633438
8183808,2198.76756526937,7.0,177.66943,500.0,211.7945,-1.0,0.5579834,1.0,0.6385693,0.42171478,-0.0010252038,0.0017861701,-0.0019182889,-1.2412076,0.3614502,0.6385498,0.080566406,0.07052508741617203
8192000,2193.1912617130934,7.0,176.87305,500.0,211.39009,-1.0,0.5578613,1.0,0.64010775,0.42160946,-0.0007610428,0.0032093604,-0.0023657233,-1.7923889,0.3605957,0.6394043,0.08154297,0.07120729237794876
8200192,2191.5693949213246,7.0,176.89575,500.0,211.34369,-1.0,0.5562744,1.0,0.6415825,0.42055854,-0.0014109709,0.0026136988,-0.0027178205,-1.7330005,0.36132812,0.6386719,0.08239746,0.07162395864725113
8208384,2188.387064164685,7.0,176.86914,500.0,211.32417,-1.0,0.55566406,1.0,0.64220625,0.42016077,-0.0035435448,0.0014156116,-0.00425135,-2.334433,0.36157227,0.63842773,0.08276367,0.07188677787780762
8216576,2191.6665498109132,7.0,176.8634,500.0,211.39778,-1.0,0.55493164,1.0,0.6426493,0.42004994,0.0021541123,0.0029599455,0.00067413953,-1.9872197,0.36206055,0.63793945,0.08300781,0.07214698195457458
8224768,2184.604307861412,7.0,176.96033,500.0,211.5092,-1.0,0.55493164,1.0,0.64226925,0.4204041,0.00045184046,0.0020730554,-0.0005846871,-2.2714796,0.3623047,0.6376953,0.08276367,0.07236209511756897
8232960,2180.5241768728265,7.0,176.78186,500.0,211.46703,-1.0,0.5560303,1.0,0.6416039,0.42108995,-0.0013605921,0.0022374196,-0.0024793018,-2.0548315,0.36157227,0.63842773,0.08239746,0.07263840734958649
8241152,2178.8058891111255,7.0,176.55396,500.0,211.363,-1.0,0.5566406,1.0,0.6415503,0.42112407,4.225975e-05,0.0025967485,-0.0012561142,-2.0413814,0.3609619,0.6390381,0.08239746,0.07287860661745071
8249344,2187.4969317193354,7.0,176.8042,500.0,211.46947,-1.0,0.55493164,1.0,0.6426493,0.42034435,-0.002926595,0.0025034717,-0.0041783312,-2.027024,0.36206055,0.63793945,0.08300781,0.07324264198541641
8257536,2200.584579113219,7.0,176.48218,500.0,211.35553,-1.0,0.5550537,1.0,0.64301866,0.42101544,-0.0008710075,0.0023249625,-0.0020334886,-1.3580253,0.36169434,0.63830566,0.08325195,0.07358087599277496
8265728,2192.6721543448743,7.0,176.46655,500.0,211.28671,-1.0,0.5560303,1.0,0.6423645,0.42146897,-0.0017314705,0.0015414652,-0.002502203,-2.3482516,0.36108398,0.638916,0.08288574,0.07365002483129501
8273920,2181.721540492546,7.0,176.7727,500.0,211.4381,-1.0,0.5562744,1.0,0.6415825,0.4218965,-0.0026248533,0.0010045744,-0.0031271405,-2.902536,0.36132812,0.6386719,0.08239746,0.07365002483129501
8282112,2189.6663383204277,7.0,176.71545,500.0,211.38243,-1.0,0.55578613,1.0,0.64219564,0.42186886,-0.0018693593,0.0016964421,-0.0027175802,-1.2291838,0.3614502,0.6385498,0.08276367,0.07391022890806198
8290304,2185.4843026839935,7.0,176.80359,500.0,211.40015,-1.0,0.55493164,1.0,0.6428392,0.42138398,-0.0006158286,0.0018116708,-0.0015216639,-1.0925403,0.36193848,0.6380615,0.08312988,0.07444147765636444
8298496,2203.2242578120317,7.0,176.41724,500.0,211.18842,-1.0,0.555542,1.0,0.64316654,0.42179328,-0.0032112277,0.0023191215,-0.004370788,-1.2755746,0.36108398,0.638916,0.08337402,0.07463790476322174
8306688,2183.078053449604,7.0,176.37952,500.0,211.18054,-1.0,0.5562744,1.0,0.6427231,0.4223206,-0.0024032956,0.0017844258,-0.003295509,-1.6028796,0.3605957,0.6394043,0.08312988,0.0745839849114418
8314880,2181.5363394912893,7.0,175.72571,500.0,210.89938,-1.0,0.55822754,1.0,0.642169,0.4237351,-0.0025102808,0.0019323505,-0.003476456,-1.6670368,0.35888672,0.6411133,0.08288574,0.07459260523319244
8323072,2191.2626097728253,7.0,175.45251,500.0,210.80353,-1.0,0.5593262,1.0,0.64168805,0.42499632,-0.0038198389,0.0017707453,-0.0047052116,-1.50207,0.35803223,0.6419678,0.0826416,0.07491637766361237
8331264,2199.6016980081354,7.0,175.49524,500.0,210.79485,-1.0,0.5596924,1.0,0.64127356,0.4251253,-0.0010895088,0.0017970265,-0.001988022,-0.67096645,0.35791016,0.64208984,0.08239746,0.07485868781805038
8339456,2219.0889322807175,7.0,175.70325,500.0,210.84879,-1.0,0.55908203,1.0,0.6415203,0.42471308,-0.0016828257,0.0016482794,-0.002506965,-1.6181854,0.35839844,0.64160156,0.08251953,0.07525385171175003
8347648,2192.980594016334,7.0,175.74756,500.0,210.88672,-1.0,0.5599365,1.0,0.6406795,0.42568204,-0.0025371667,0.0019702013,-0.0035222676,-0.91709906,0.35803223,0.6419678,0.08203125,0.07523112744092941
8355840,2183.720719059712,7.0,175.40845,500.0,210.66675,-1.0,0.5596924,1.0,0.64165413,0.4256083,0.0016730924,0.0025119442,0.00041712052,-0.37914646,0.35766602,0.642334,0.0826416,0.07565909624099731
8364032,2197.746663633975,7.0,175.46228,500.0,210.67073,-1.0,0.55895996,1.0,0.64229226,0.42503333,-0.0014130983,0.002451044,-0.00263862,-1.6908339,0.35803223,0.6419678,0.08300781,0.07600909471511841
8372224,2177.882394342584,7.0,175.6731,500.0,210.74742,-1.0,0.5579834,1.0,0.642951,0.4241122,-0.0024220883,0.0025204988,-0.0036823372,-0.9495084,0.35864258,0.6413574,0.08337402,0.07638409733772278
8380416,2191.9273029909,7.0,175.38257,500.0,210.66956,-1.0,0.5584717,1.0,0.6429067,0.4245515,-0.00023028516,0.0018137782,-0.0011371744,-1.3955188,0.3581543,0.6418457,0.08337402,0.07656887918710709
8388608,2233.6059077895975,7.0,175.31335,500.0,210.59744,-1.0,0.55810547,1.0,0.64350927,0.4244967,-0.0038190102,0.0020624765,-0.0048502483,-2.1167252,0.3581543,0.6418457,0.083740234,0.07709665596485138
8396800,2210.01377782992,7.0,175.12537,500.0,210.45445,-1.0,0.5587158,1.0,0.6434539,0.42464137,0.0016116154,0.0020099576,0.0006066365,-1.0889239,0.35754395,0.64245605,0.083740234,0.07734665274620056
8404992,2194.558435193832,7.0,174.79333,500.0,210.32407,-1.0,0.55895996,1.0,0.64362127,0.42504123,-0.0019824419,0.0023788332,-0.0031718586,-1.9749563,0.35717773,0.64282227,0.083862305,0.0776611715555191
8413184,2193.952942543664,7.0,174.62085,500.0,210.25485,-1.0,0.55908203,1.0,0.64379966,0.42545635,-0.0009926446,0.0013446395,-0.0016649641,-2.771783,0.3569336,0.6430664,0.083984375,0.07769419252872467
8421376,2220.7430463746514,7.0,174.29663,500.0,210.07071,-1.0,0.5600586,1.0,0.64351964,0.42596847,-0.0027339219,0.0021924586,-0.0038301512,-0.9768274,0.3560791,0.6439209,0.083862305,0.0777503177523613
8429568,2195.922823334043,7.0,174.20349,500.0,210.0503,-1.0,0.56030273,1.0,0.6434968,0.4260972,-0.0014049201,0.0012482153,-0.0020290278,-1.5693958,0.35583496,0.64416504,0.083862305,0.0776139572262764
8437760,2188.9816786062424,7.0,173.87927,500.0,209.90292,-1.0,0.5609131,1.0,0.64343935,0.42676497,-0.0031424067,0.0017787805,-0.004031797,-1.5118669,0.3552246,0.6447754,0.083862305,0.07764697819948196
8445952,2213.3692882752503,7.0,173.57361,500.0,209.66289,-1.0,0.560791,1.0,0.64420927,0.42672914,-7.741462e-05,0.0024736824,-0.0013142563,-2.352456,0.3548584,0.6451416,0.084350586,0.07815169543027878
8454144,2199.0314183566247,7.0,173.3197,500.0,209.554,-1.0,0.560791,1.0,0.6445881,0.42689627,0.00378777,0.0022794018,0.0026480688,-0.9053581,0.35461426,0.64538574,0.08459473,0.0784754678606987
8462336,2193.836534564905,7.0,173.39795,500.0,209.57285,-1.0,0.55981445,1.0,0.64543647,0.42624596,-0.0043132375,0.0016496013,-0.005138038,-2.1268382,0.35510254,0.64489746,0.08508301,0.07870623469352722
8470528,2201.309376976653,7.0,173.12256,500.0,209.41747,-1.0,0.560791,1.0,0.645156,0.42693532,-0.0002478896,0.00248052,-0.0014881492,-2.1030996,0.35424805,0.64575195,0.08496094,0.07880711555480957
8478720,2189.105382271297,7.0,173.18823,500.0,209.43237,-1.0,0.56066895,1.0,0.6451675,0.42691773,-0.00057906884,0.001384336,-0.0012712369,-1.5725884,0.35437012,0.6456299,0.08496094,0.07880711555480957
8486912,2175.7780091758245,7.0,172.91553,500.0,209.28296,-1.0,0.5617676,1.0,0.644874,0.42742732,-0.00034700328,0.0015082957,-0.0011011509,-0.81358254,0.35339355,0.64660645,0.08483887,0.07876119762659073
8495104,2183.8416079908366,7.0,172.81604,500.0,209.21219,-1.0,0.56188965,1.0,0.6450516,0.42761374,0.0005969297,0.0021186369,-0.00046238856,-2.2796555,0.3531494,0.6468506,0.08496094,0.0787942185997963
8503296,2208.2629102260385,7.0,172.37427,500.0,209.00829,-1.0,0.5632324,1.0,0.644732,0.4283902,-0.0015495851,0.0014680411,-0.0022836057,-2.1016202,0.3519287,0.6480713,0.08483887,0.07873652875423431
8511488,2186.597225851376,7.0,171.87231,500.0,208.8028,-1.0,0.5650635,1.0,0.64398146,0.4296634,-0.001554459,0.0015180719,-0.002313495,-1.4519573,0.35046387,0.64953613,0.084472656,0.07868260890245438
8519680,2193.7837277981457,7.0,171.77332,500.0,208.81297,-1.0,0.56481934,1.0,0.644385,0.4298039,-0.002389668,0.0018399142,-0.0033096254,-1.6071066,0.35046387,0.64953613,0.0847168,0.0789589211344719
8527872,2196.3509465699044,7.0,171.21045,500.0,208.5601,-1.0,0.5661621,1.0,0.6442485,0.43045294,-0.00143916,0.0037366871,-0.0033075032,-2.1334116,0.3491211,0.6508789,0.0847168,0.07916346937417984
8536064,2196.425218375295,7.0,170.86194,500.0,208.31297,-1.0,0.5666504,1.0,0.644577,0.43038854,0.0027831742,0.0028688638,0.0013487425,-1.78919,0.34838867,0.6516113,0.08496094,0.07947950810194016
8544256,2190.6906394825137,7.0,170.2063,500.0,208.04094,-1.0,0.5678711,1.0,0.644639,0.43163776,-0.0028196278,0.0022994217,-0.0039693387,-1.245691,0.3470459,0.6529541,0.08508301,0.07966054230928421
8552448,2196.777410920829,7.0,169.90039,500.0,207.89265,-1.0,0.56884766,1.0,0.64434606,0.4320303,0.0022260158,0.0027861285,0.00083295174,-1.3703697,0.3461914,0.6538086,0.08496094,0.07971823215484619
8560640,2188.6126031923413,7.0,170.15918,500.0,207.97272,-1.0,0.5690918,1.0,0.64394087,0.4321233,0.0014507343,0.0012918438,0.0008048124,-0.86438227,0.3461914,0.6538086,0.0847168,0.07986296713352203
8568832,2202.523047053584,7.0,170.11292,500.0,207.86618,-1.0,0.5686035,1.0,0.64475083,0.43141878,-0.0027746018,0.00242216,-0.003985682,-1.7187893,0.3461914,0.6538086,0.08520508,0.08010316640138626
8577024,2192.828742408884,7.0,170.03125,500.0,207.80309,-1.0,0.5683594,1.0,0.6451554,0.43108228,0.00040366256,0.0015642132,-0.00037844395,-2.1367784,0.3461914,0.6538086,0.08544922,0.08049833029508591
8585216,2191.1745734064375,7.0,169.83594,500.0,207.70837,-1.0,0.56970215,1.0,0.64463305,0.43195373,-0.005119768,0.00183895,-0.006039243,-1.8918241,0.34509277,0.6549072,0.08520508,0.08044064044952393
8593408,2188.694020539228,7.0,169.95459,500.0,207.73212,-1.0,0.56921387,1.0,0.64506423,0.43115592,0.0022528833,0.002557602,0.0009740823,-1.1135647,0.3453369,0.6546631,0.08544922,0.08090492337942123
8601600,2213.4371583270254,7.0,169.64673,500.0,207.66031,-1.0,0.5704346,1.0,0.644364,0.43218952,-0.0008520602,0.0014576886,-0.0015809048,-1.4037477,0.34448242,0.6555176,0.08508301,0.08075909316539764
8609792,2188.3349375300772,7.0,169.41699,500.0,207.5597,-1.0,0.57055664,1.0,0.6447294,0.43221962,-0.000683432,0.0027992777,-0.0020830706,-0.9023689,0.3441162,0.6558838,0.08532715,0.08091725409030914
8617984,2188.5628356397815,7.0,168.7544,500.0,207.34311,-1.0,0.5723877,1.0,0.643958,0.43358168,-0.002069714,0.0023867872,-0.003263108,-1.1625184,0.34265137,0.65734863,0.08496094,0.08091725409030914
8626176,2167.516239494705,7.0,168.72693,500.0,207.30545,-1.0,0.57299805,1.0,0.6435098,0.43371588,-0.0022275695,0.002394453,-0.0034247956,-0.2292994,0.34228516,0.65771484,0.0847168,0.0808713361620903
8634368,2190.865384261012,7.0,168.4513,500.0,207.20644,-1.0,0.57421875,1.0,0.6428007,0.43458968,-0.0033684834,0.0011502363,-0.0039436016,-1.0130345,0.34143066,0.65856934,0.084350586,0.08072550594806671
8642560,2187.178337552298,7.0,168.39319,500.0,207.09842,-1.0,0.57470703,1.0,0.6427441,0.4343949,0.0010657243,0.0021778033,-2.3177825e-05,-1.0817549,0.34094238,0.6590576,0.084350586,0.08077853918075562
8650752,2181.8431780019764,7.0,167.9292,500.0,206.89384,-1.0,0.57507324,1.0,0.643271,0.43466195,-0.00017076124,0.0029233769,-0.0016324499,-1.7443376,0.34020996,0.65979004,0.0847168,0.08093176782131195
8658944,2183.0143902151417,7.0,168.21704,500.0,206.98244,-1.0,0.5743408,1.0,0.64354575,0.4338951,-8.2281535e-05,0.0017009499,-0.0009327565,-1.2639029,0.3408203,0.6591797,0.08483887,0.08098480105400085
8667136,2183.7500032095522,7.0,168.70972,500.0,207.13591,-1.0,0.5727539,1.0,0.6442957,0.43255895,-0.0010804663,0.0017609741,-0.0019609537,-2.0014877,0.34204102,0.657959,0.08520508,0.08130622655153275
8675328,2220.210385791631,7.0,168.59302,500.0,207.13472,-1.0,0.57263184,1.0,0.64449894,0.43285787,-0.0016475338,0.0013548081,-0.0023249378,-1.2668841,0.34204102,0.657959,0.08532715,0.0812603086233139
8683520,2192.425073366401,7.0,168.1997,500.0,207.00159,-1.0,0.5734863,1.0,0.6442126,0.4335617,-0.0009889043,0.0021322086,-0.002055008,-1.3062233,0.3413086,0.6586914,0.08520508,0.08127346634864807
8691712,2192.571552367156,7.0,167.83801,500.0,206.89767,-1.0,0.57385254,1.0,0.6443602,0.43401688,0.0011159532,0.0027968723,-0.00028248283,-1.6367967,0.3408203,0.6591797,0.08532715,0.08167920261621475
8699904,2183.9472406194905,7.0,167.53552,500.0,206.76141,-1.0,0.57458496,1.0,0.64427584,0.43437773,0.002698068,0.0025809112,0.0014076125,-1.7754874,0.3400879,0.6599121,0.08532715,0.0817570686340332
8708096,2228.215661531204,7.0,167.05017,500.0,206.46524,-1.0,0.57507324,1.0,0.6447874,0.43474397,0.0005295108,0.0023546556,-0.0006478169,-0.6334391,0.3392334,0.6607666,0.08569336,0.08181319385766983
8716288,2192.9902516501006,7.0,166.79517,500.0,206.36389,-1.0,0.57543945,1.0,0.6449339,0.435093,-0.0009389194,0.0034075133,-0.0026426762,-0.8585687,0.33874512,0.6612549,0.08581543,0.08190566301345825
8724480,2209.412798294701,7.0,166.22571,500.0,206.05208,-1.0,0.57702637,1.0,0.64455694,0.43595538,-0.0032405783,0.0016788333,-0.0040799947,-1.369582,0.33728027,0.6627197,0.08569336,0.08191428333520889
8732672,2179.687163536779,7.0,165.97375,500.0,205.91606,-1.0,0.5776367,1.0,0.6444837,0.43600368,-1.0861026e-05,0.0025000172,-0.0012608699,-1.0155532,0.33666992,0.6633301,0.08569336,0.08200911432504654
8740864,2187.3835750815897,7.0,165.95923,500.0,205.86995,-1.0,0.5780029,1.0,0.64425004,0.43570197,-5.905307e-05,0.002297095,-0.0012076003,-1.4791671,0.33642578,0.6635742,0.08557129,0.0821591168642044
8749056,2192.193712796703,7.0,165.88342,500.0,205.79973,-1.0,0.5788574,1.0,0.6437669,0.43610734,-0.00064214075,0.0015070857,-0.0013956836,-1.2368438,0.33581543,0.6641846,0.08532715,0.08202023059129715
8757248,2190.3923387193427,7.0,165.48169,500.0,205.58472,-1.0,0.5782471,1.0,0.6449779,0.43560377,-0.00077602244,0.0028392528,-0.0021956493,-1.9140404,0.33569336,0.66430664,0.08605957,0.08236344903707504
8765440,2195.471860270826,7.0,165.4447,500.0,205.50081,-1.0,0.5782471,1.0,0.64535636,0.43527043,0.0032169945,0.002115984,0.0021590022,-2.6923428,0.33544922,0.6645508,0.08630371,0.0823698565363884
8773632,2182.840618195843,7.0,164.71753,500.0,205.18552,-1.0,0.5802002,1.0,0.6445486,0.43679318,-0.0025521838,0.0029033134,-0.004003841,-1.8415842,0.3338623,0.6661377,0.0859375,0.08250447362661362
8781824,2183.668120592274,7.0,164.76648,500.0,205.1757,-1.0,0.5806885,1.0,0.6441088,0.43695813,-0.00077514607,0.0021763744,-0.0018633334,-1.1737585,0.33361816,0.66638184,0.08569336,0.08253749459981918
8790016,2197.0098805453104,7.0,164.56384,500.0,204.99202,-1.0,0.5819092,1.0,0.64357543,0.43743873,-0.0019901872,0.001686869,-0.0028336218,-1.5588303,0.3326416,0.6673584,0.08544922,0.08248749375343323
8798208,2181.9124537157663,7.0,164.19495,500.0,204.91362,-1.0,0.58239746,1.0,0.6435131,0.43810803,-0.0011081613,0.0016505728,-0.0019334476,-2.1025434,0.33215332,0.6678467,0.08544922,0.08254518359899521
8806400,2187.977644250975,7.0,164.5177,500.0,205.0545,-1.0,0.5810547,1.0,0.6442523,0.4371604,0.004190949,0.0021439265,0.0031189865,-1.6057837,0.33312988,0.6668701,0.08581543,0.0828080028295517
8814592,2193.2084808621953,7.0,164.21484,500.0,204.88438,-1.0,0.5822754,1.0,0.6437183,0.43845606,0.0023983754,0.0022940582,0.0012513457,-1.2321069,0.33215332,0.6678467,0.08557129,0.08293536305427551
8822784,2170.510594901308,7.0,164.20361,500.0,204.85933,-1.0,0.5806885,1.0,0.6452449,0.4375077,0.0021016016,0.0020262527,0.0010884758,-1.2873304,0.33288574,0.66711426,0.08642578,0.0834631398320198
8830976,2188.0659812627273,7.0,163.87122,500.0,204.78064,-1.0,0.5812988,1.0,0.644979,0.43839413,-4.8636226e-05,0.002373119,-0.0012351957,-1.6126987,0.33239746,0.66760254,0.08630371,0.08363686501979828
8839168,2186.1310287587216,7.0,164.05286,500.0,204.92743,-1.0,0.5814209,1.0,0.6443956,0.4385766,-0.0023825578,0.0016423933,-0.0032037548,-1.5157379,0.3326416,0.6673584,0.0859375,0.0837714821100235
8847360,2193.42731359987,7.0,163.52893,500.0,204.70607,-1.0,0.58117676,1.0,0.6453728,0.4389205,-0.0002500047,0.004428643,-0.0024643256,-1.755452,0.3322754,0.6677246,0.08654785,0.08425481617450714
8855552,2192.998369726895,7.0,163.32788,500.0,204.55032,-1.0,0.5826416,1.0,0.6444296,0.43962097,0.003342945,0.0013963073,0.0026447917,-2.566134,0.33129883,0.6687012,0.08605957,0.08411845564842224
8863744,2214.9954638017284,7.0,163.62476,500.0,204.67595,-1.0,0.5822754,1.0,0.644287,0.43923128,-0.0015077079,0.0016013085,-0.0023083622,-1.8197298,0.3317871,0.6682129,0.0859375,0.0840725377202034
8871936,2201.9182319512943,7.0,163.60205,500.0,204.64897,-1.0,0.58166504,1.0,0.64493275,0.43859005,-0.0023917845,0.002311634,-0.0035476014,-1.8060006,0.33203125,0.66796875,0.08630371,0.08418617397546768
8880128,2190.4092346724533,7.0,163.03992,500.0,204.45154,-1.0,0.58203125,1.0,0.64526474,0.4389269,-0.0010568335,0.0029472965,-0.0025304817,-2.3993425,0.3314209,0.6685791,0.08654785,0.08444342017173767
8888320,2192.541471510272,7.0,162.54224,500.0,204.27864,-1.0,0.5821533,1.0,0.64562744,0.4395394,-0.00043388328,0.0016383565,-0.0012530617,-1.4320004,0.3310547,0.6689453,0.08679199,0.08445657789707184
8896512,2190.873067524931,7.0,162.27466,500.0,204.14453,-1.0,0.58239746,1.0,0.6457854,0.4395177,0.0024312858,0.0023060036,0.0012782848,-1.1775622,0.33068848,0.6693115,0.08691406,0.0850556343793869
8904704,2209.299005692139,7.0,161.92407,500.0,204.01968,-1.0,0.5826416,1.0,0.6459432,0.43994188,0.0024233286,0.0023731892,0.001236734,-1.9007258,0.33032227,0.66967773,0.08703613,0.08513350039720535
8912896,2203.6324790194762,7.0,161.49268,500.0,203.78963,-1.0,0.58374023,1.0,0.6456126,0.44074556,-0.0013835845,0.0020301156,-0.0023986422,-1.0362775,0.3293457,0.6706543,0.08691406,0.08531453460454941
8921088,2187.780096117883,7.0,161.95508,500.0,204.02351,-1.0,0.58325195,1.0,0.6452975,0.4402222,-0.0025347257,0.001323774,-0.0031966125,-0.7608816,0.33007812,0.6699219,0.08666992,0.08532094210386276
8929280,2189.4129587344128,7.0,161.24634,500.0,203.7183,-1.0,0.5847168,1.0,0.6449176,0.44169313,0.000654086,0.002796819,-0.00074432336,-1.8862301,0.32873535,0.67126465,0.08654785,0.08546777069568634
8937472,2187.9221934303505,7.0,161.24902,500.0,203.7251,-1.0,0.5838623,1.0,0.64578587,0.44093317,-0.0013734829,0.002388424,-0.0025676948,-1.9188995,0.32910156,0.67089844,0.08703613,0.08603409677743912
8945664,2186.4493178652533,7.0,160.92603,500.0,203.53842,-1.0,0.5838623,1.0,0.6463527,0.44102067,-0.0028966742,0.0021250176,-0.0039591826,-1.4113483,0.32873535,0.67126465,0.087402344,0.0861809253692627
8953856,2210.288583676045,7.0,160.86597,500.0,203.5967,-1.0,0.5854492,1.0,0.644821,0.44211614,-0.002471213,0.0013025821,-0.0031225036,-1.4276494,0.32800293,0.6719971,0.08654785,0.08602526783943176
8962048,2189.180141207017,7.0,160.67456,500.0,203.48943,-1.0,0.58532715,1.0,0.6452157,0.44224185,0.0004639451,0.0016002799,-0.00033619493,-1.7819953,0.32788086,0.67211914,0.08679199,0.08628547191619873
8970240,2174.028123760847,7.0,160.28076,500.0,203.3285,-1.0,0.5876465,1.0,0.6435783,0.44372916,-0.003299735,0.0017267353,-0.0041631022,-1.1014525,0.32641602,0.673584,0.0859375,0.08610900491476059
8978432,2193.173062906312,7.0,160.28906,500.0,203.30458,-1.0,0.5876465,1.0,0.6435783,0.44386607,0.001697865,0.0012858695,0.0010549302,-1.7635682,0.32641602,0.673584,0.0859375,0.08611541241407394
8986624,2187.9237259529527,7.0,159.74597,500.0,203.0537,-1.0,0.5878906,1.0,0.64411384,0.44418505,-0.0011335202,0.0023392157,-0.0023031277,-0.9961611,0.32580566,0.67419434,0.08630371,0.086204394698143
8994816,2190.8553262515115,7.0,159.89612,500.0,203.18565,-1.0,0.58862305,1.0,0.64306504,0.44461605,-0.005302254,0.0007813246,-0.005692917,-1.1850399,0.3256836,0.6743164,0.08569336,0.08607344329357147
9003008,2196.4752037412472,7.0,159.91699,500.0,203.24573,-1.0,0.5899658,1.0,0.6417383,0.44562978,-0.002066532,0.0022071581,-0.003170111,-0.4815863,0.32507324,0.67492676,0.08496094,0.08621560037136078
9011200,2205.9885319824225,7.0,159.85315,500.0,203.2689,-1.0,0.5905762,1.0,0.6410814,0.44612196,-0.0044743125,0.0017682208,-0.0053584226,-0.7431612,0.3248291,0.6751709,0.08459473,0.08629168570041656
9019392,2195.7538658758654,7.0,160.27539,500.0,203.51018,-1.0,0.59020996,1.0,0.64056164,0.44594103,5.0210336e-05,0.00085584156,-0.00037771033,-1.5474535,0.32556152,0.6744385,0.084228516,0.08620297908782959
9027584,2185.0362268537656,7.0,160.66248,500.0,203.6097,-1.0,0.5899658,1.0,0.64040536,0.44547808,-0.0014737134,0.0022960582,-0.002621743,-1.4593384,0.32592773,0.67407227,0.084106445,0.08620297908782959
9035776,2186.661376552002,7.0,160.63477,500.0,203.59418,-1.0,0.59069824,1.0,0.6397299,0.445939,-0.00083307223,0.0009656803,-0.0013159122,-1.8793955,0.32556152,0.6744385,0.083740234,0.08595298230648041
9043968,2213.0096179701873,7.0,160.60876,500.0,203.47983,-1.0,0.5905762,1.0,0.6401286,0.44521922,-0.0013110058,0.0034811327,-0.0030515718,-1.2934394,0.32543945,0.67456055,0.083984375,0.08611394464969635
9052160,2197.13997263018,7.0,160.44897,500.0,203.38457,-1.0,0.5916748,1.0,0.63939977,0.44582593,-0.00086239335,0.0019328343,-0.0018288104,-1.3478642,0.32470703,0.67529297,0.083618164,0.08604251593351364
9060352,2218.152174015492,7.0,160.11804,500.0,203.17284,-1.0,0.59265137,1.0,0.639068,0.44657424,-0.00061906944,0.0018155497,-0.0015268447,-2.0742073,0.32385254,0.67614746,0.083496094,0.08606037497520447
9068544,2189.2158487691427,7.0,159.62012,500.0,203.02327,-1.0,0.5950928,1.0,0.63737005,0.44863635,-0.0026534554,0.0014902034,-0.003398557,-2.3803725,0.32226562,0.6777344,0.0826416,0.08595743030309677
9076736,2185.0705487449645,7.0,159.52808,500.0,202.92865,-1.0,0.5958252,1.0,0.63706875,0.4490174,0.003757167,0.0018909383,0.0028116973,-1.391026,0.32165527,0.6783447,0.08251953,0.08589611202478409
9084928,2201.348160982562,7.0,159.70093,500.0,203.09018,-1.0,0.5949707,1.0,0.6373882,0.4484018,2.547889e-05,0.0014753126,-0.00071217737,-1.3043056,0.3223877,0.6776123,0.0826416,0.08617802709341049
9093120,2190.4321353886066,7.0,159.78699,500.0,203.13394,-1.0,0.5950928,1.0,0.6369869,0.4485648,0.0015017568,0.0016238297,0.0006898418,-1.301467,0.32250977,0.67749023,0.08239746,0.08619830012321472
9101312,2184.4066740108046,7.0,160.08301,500.0,203.33878,-1.0,0.59521484,1.0,0.63620156,0.4482761,-1.4125602e-05,0.0016271546,-0.00082770304,-2.277793,0.32287598,0.677124,0.08190918,0.08618085831403732
9109504,2208.057567249553,7.0,159.83374,500.0,203.2246,-1.0,0.59484863,1.0,0.63683164,0.4481467,-0.0009996474,0.0025291655,-0.0022642303,-0.95741653,0.32287598,0.677124,0.08227539,0.08641473203897476
9117696,2192.425073366401,7.0,159.54541,500.0,203.12773,-1.0,0.5961914,1.0,0.6358627,0.44921124,-0.0014582109,0.001516917,-0.0022166693,-1.4315559,0.32202148,0.6779785,0.08178711,0.08641473203897476
9125888,2188.1755067677295,7.0,159.83191,500.0,203.25072,-1.0,0.5949707,1.0,0.6366217,0.44844186,0.0009602326,0.0025459258,-0.00031273055,-1.6643019,0.32287598,0.677124,0.08215332,0.08696473389863968
9134080,2183.2740596600065,7.0,159.63745,500.0,203.10277,-1.0,0.59375,1.0,0.63814306,0.4476399,-0.00017018599,0.0029853594,-0.0016628657,-2.2931135,0.3232422,0.6767578,0.08300781,0.0876406580209732
9142272,2186.033390450995,7.0,159.22461,500.0,202.91476,-1.0,0.5957031,1.0,0.6368955,0.44836336,-0.00074872223,0.0022253208,-0.0018613825,-1.5111616,0.3218994,0.6781006,0.08239746,0.0877239927649498
9150464,2180.0640235621286,7.0,159.44214,500.0,203.0231,-1.0,0.5958252,1.0,0.6364936,0.44812846,9.049114e-05,0.0013252314,-0.00057212444,-0.734245,0.32202148,0.6779785,0.08215332,0.08774426579475403
9158656,2212.26812249955,7.0,159.22876,500.0,202.8888,-1.0,0.5969238,1.0,0.6359435,0.44859618,-0.0017489449,0.0022507359,-0.002874313,-1.7186303,0.321167,0.678833,0.08190918,0.08785658329725266
9166848,2211.060054225438,7.0,159.32495,500.0,202.94017,-1.0,0.59680176,1.0,0.6359621,0.44864133,-0.00072682614,0.0023316788,-0.0018926659,-2.0016913,0.32128906,0.67871094,0.08190918,0.08802325278520584
9175040,2188.977216052104,7.0,159.807,500.0,203.28159,-1.0,0.5963135,1.0,0.6352681,0.4484281,-0.002481746,0.0016384905,-0.003300991,-2.605202,0.32226562,0.6777344,0.0814209,0.08788689225912094
9183232,2179.0081764162805,7.0,159.20178,500.0,202.97214,-1.0,0.5979004,1.0,0.63483316,0.4497279,-0.0035753944,0.0025259876,-0.0048383884,-2.0255115,0.32080078,0.6791992,0.08129883,0.0880984291434288
9191424,2184.7828062642448,7.0,158.82275,500.0,202.74106,-1.0,0.59936523,1.0,0.63422066,0.45041132,-0.0012361977,0.002708986,-0.0025906905,-1.215566,0.31958008,0.6804199,0.08105469,0.08825165778398514
9199616,2184.4302826392036,7.0,158.67712,500.0,202.62018,-1.0,0.59924316,1.0,0.63462466,0.44984227,5.117862e-05,0.0028981487,-0.0013978959,-1.3347145,0.319458,0.680542,0.08129883,0.08876436948776245
9207808,2190.6342130705098,7.0,158.75769,500.0,202.60936,-1.0,0.59887695,1.0,0.63487405,0.44957453,-0.0022893192,0.0019549353,-0.0032667867,-2.1868587,0.31970215,0.68029785,0.0814209,0.08910960704088211
9216000,2204.602133527018,7.0,158.63635,500.0,202.62459,-1.0,0.5994873,1.0,0.63439405,0.45045096,0.001126415,0.0016961803,0.000278324,-2.5930808,0.31933594,0.68066406,0.08117676,0.08911384642124176
9224192,2189.6716409426085,7.0,158.17517,500.0,202.32726,-1.0,0.5998535,1.0,0.6351057,0.45040703,0.0021738026,0.0019061973,0.0012207039,-2.254901,0.31848145,0.68151855,0.08166504,0.08935404568910599
9232384,2179.576273951734,7.0,157.91064,500.0,202.2052,-1.0,0.5998535,1.0,0.6356821,0.45022374,1.7497165e-05,0.0018918305,-0.000928418,-1.9428003,0.31811523,0.68188477,0.08203125,0.089649498462677
9240576,2200.4842362538816,7.0,157.37207,500.0,201.95728,-1.0,0.6016846,1.0,0.63481516,0.45154795,-0.0031180794,0.0022941646,-0.0042651617,-2.2786574,0.3166504,0.6833496,0.08166504,0.08979012072086334
9248768,2191.176809163117,7.0,157.06921,500.0,201.81808,-1.0,0.60266113,1.0,0.63446563,0.45210445,0.0014795717,0.0020542073,0.00045246794,-1.9578959,0.3157959,0.6842041,0.08154297,0.08968717604875565
9256960,2203.4405721909316,7.0,157.09863,500.0,201.86208,-1.0,0.6035156,1.0,0.63355654,0.4525597,0.0003076627,0.0018172148,-0.00060094474,-1.854172,0.3154297,0.6845703,0.08105469,0.08970503509044647
9265152,2199.7820923825884,7.0,157.0304,500.0,201.84177,-1.0,0.6029053,1.0,0.63423365,0.45255044,0.00033656717,0.0027203057,-0.0010235856,-2.1814718,0.31567383,0.6843262,0.0814209,0.09001059085130692
9273344,2188.9267346755328,7.0,156.74463,500.0,201.68475,-1.0,0.60461426,1.0,0.63318336,0.45360714,0.004044064,0.0025980887,0.0027450193,-1.9729612,0.31445312,0.6855469,0.08093262,0.09017042815685272
9281536,2190.3940143394125,7.0,156.12659,500.0,201.26512,-1.0,0.6052246,1.0,0.6338529,0.45368794,0.0061073536,0.0025852257,0.0048147403,-1.1234233,0.3133545,0.6866455,0.0814209,0.09048646688461304
9289728,2201.403589224957,7.0,156.1134,500.0,201.28494,-1.0,0.6055908,1.0,0.6334067,0.45407593,-0.0008222575,0.002718491,-0.0021815025,-1.8181925,0.31323242,0.6867676,0.08117676,0.09053497761487961
9297920,2187.1422787624447,7.0,156.01746,500.0,201.25902,-1.0,0.60668945,1.0,0.63245106,0.454592,-1.8625811e-05,0.002222937,-0.0011300948,-2.2825778,0.31262207,0.6873779,0.08068848,0.09044890850782394
9306112,2190.439536332184,7.0,156.05396,500.0,201.32184,-1.0,0.60668945,1.0,0.632258,0.4546338,0.008755564,0.0017008185,0.0079051545,-2.2745545,0.31274414,0.68725586,0.080566406,0.09061557799577713
9314304,2214.3452492136953,7.0,155.86145,500.0,201.21042,-1.0,0.60754395,1.0,0.63172686,0.45522654,-0.00086413085,0.002089028,-0.0019086449,-1.7414064,0.3121338,0.6878662,0.080322266,0.09070456027984619
9322496,2193.7704214542164,7.0,155.96228,500.0,201.25676,-1.0,0.6069336,1.0,0.6320236,0.4546557,0.0015033879,0.0021605368,0.0004231194,-1.8322127,0.31262207,0.6873779,0.080444336,0.09102274477481842
9330688,2202.2114940292117,7.0,156.12866,500.0,201.34671,-1.0,0.607666,1.0,0.63093257,0.45476788,0.0017233504,0.001806813,0.00081994385,-1.7290485,0.3125,0.6875,0.079833984,0.09105576574802399
9338880,2191.86997391489,7.0,156.11707,500.0,201.32748,-1.0,0.6074219,1.0,0.63136107,0.4546279,-0.0044635846,0.0021566649,-0.005541917,-2.3810103,0.3125,0.6875,0.080078125,0.09131858497858047
9347072,2213.4504191383235,7.0,155.6117,500.0,201.03174,-1.0,0.60717773,1.0,0.63236845,0.45434487,-0.0033248146,0.0037627073,-0.005206168,-2.477067,0.3121338,0.6878662,0.08068848,0.09166069328784943
9355264,2179.4844736555665,7.0,155.80627,500.0,201.14471,-1.0,0.6065674,1.0,0.6326646,0.4537978,0.0042560347,0.0021136645,0.0031992018,-1.7163007,0.31262207,0.6873779,0.08081055,0.09175160527229309
9363456,2212.8515596793736,7.0,155.54956,500.0,200.99738,-1.0,0.6074219,1.0,0.632327,0.45443913,-0.0016185315,0.0019299086,-0.0025834858,-1.967953,0.31188965,0.68811035,0.08068848,0.09187197685241699
9371648,2187.926373042504,7.0,155.68481,500.0,201.1241,-1.0,0.60717773,1.0,0.6321754,0.4542355,0.0022427118,0.0028114226,0.00083700084,-2.400324,0.31225586,0.68774414,0.080566406,0.09219340234994888
9379840,2187.3165971358667,7.0,155.04492,500.0,200.86354,-1.0,0.60827637,1.0,0.63198817,0.4553814,-0.0010842921,0.001789173,-0.0019788786,-1.7916204,0.31115723,0.6888428,0.080566406,0.09226598590612411
9388032,2185.0541519174917,7.0,154.9906,500.0,200.85635,-1.0,0.6088867,1.0,0.6313034,0.45526847,0.0006955896,0.0025526604,-0.000580741,-1.7723987,0.3109131,0.6890869,0.080200195,0.0921609103679657
9396224,2183.393234212711,7.0,154.4126,500.0,200.66533,-1.0,0.6114502,1.0,0.6295,0.4568087,-0.0018150723,0.002444531,-0.0030373381,-2.2130446,0.3092041,0.6907959,0.0793457,0.09204979985952377
9404416,2207.7582067418098,7.0,154.32715,500.0,200.58493,-1.0,0.6109619,1.0,0.63016766,0.45608494,-0.0037170586,0.003201271,-0.0053176945,-2.8929539,0.30932617,0.6906738,0.079711914,0.09267698973417282
9412608,2206.62662007027,7.0,154.50513,500.0,200.6101,-1.0,0.61120605,1.0,0.629737,0.4556382,-0.000429345,0.0015703279,-0.0012145089,-2.003861,0.30932617,0.6906738,0.07946777,0.09253568202257156
9420800,2170.3824031937966,7.0,154.35803,500.0,200.53166,-1.0,0.61083984,1.0,0.6303828,0.45551035,-0.0008526751,0.0022038731,-0.0019546119,-2.0654743,0.30932617,0.6906738,0.079833984,0.09285172075033188
9428992,2183.888523718252,7.0,153.98682,500.0,200.27348,-1.0,0.61242676,1.0,0.6295203,0.45674294,0.00090274564,0.0022680105,-0.00023125939,-2.394292,0.30810547,0.69189453,0.07946777,0.09283249080181122
9437184,2208.857300303251,7.0,153.90454,500.0,200.25131,-1.0,0.6130371,1.0,0.6288288,0.4571208,-0.00042858865,0.0018863357,-0.0013717563,-2.0011714,0.30786133,0.6921387,0.07910156,0.09283673018217087
9445376,2203.6760089302147,7.0,153.95862,500.0,200.33237,-1.0,0.6130371,1.0,0.62863463,0.4572567,0.0010994279,0.0013528431,0.00042300654,-1.4793619,0.3079834,0.6920166,0.07897949,0.09281928837299347
9453568,2191.671023337009,7.0,154.12354,500.0,200.46927,-1.0,0.61376953,1.0,0.62753063,0.4574958,-0.0003182148,0.0021754703,-0.0014059497,-1.7593,0.30786133,0.6921387,0.07836914,0.09288674592971802
9461760,2188.2281832434705,7.0,154.16602,500.0,200.57083,-1.0,0.61450195,1.0,0.6266187,0.4579354,0.0077892435,0.0022173633,0.0066805608,-2.0335953,0.3076172,0.6923828,0.07788086,0.09311751276254654
9469952,2198.0440181497383,7.0,153.60303,500.0,200.23108,-1.0,0.61572266,1.0,0.6263944,0.45888126,-0.003301755,0.0033348305,-0.0049691703,-1.8956574,0.30639648,0.6936035,0.07788086,0.09343893826007843
9478144,2204.5684683483537,7.0,153.97485,500.0,200.35614,-1.0,0.6154785,1.0,0.62624454,0.45839483,-0.00017836166,0.0017747912,-0.0010657571,-1.30306,0.3067627,0.6932373,0.07775879,0.09345921128988266
9486336,2200.6358815259823,7.0,153.5354,500.0,200.13525,-1.0,0.61828613,1.0,0.6241577,0.460143,0.00088999554,0.0018844,-5.2204006e-05,-2.1235948,0.30493164,0.69506836,0.07678223,0.09320921450853348
9494528,2186.546436751722,7.0,153.5365,500.0,200.1404,-1.0,0.6176758,1.0,0.62466395,0.45971248,0.0024100717,0.002140543,0.0013398003,-2.4407535,0.30529785,0.69470215,0.07702637,0.0935361385345459
9502720,2180.8769634547994,7.0,153.66919,500.0,200.22447,-1.0,0.6175537,1.0,0.6244916,0.4598502,0.0021755705,0.0020178454,0.001166648,-2.9908924,0.305542,0.694458,0.0769043,0.09382185339927673
9510912,2189.24932566657,7.0,153.40356,500.0,200.0887,-1.0,0.618042,1.0,0.6243995,0.45976597,-0.00046853547,0.0021211146,-0.0015290926,-2.4689772,0.3050537,0.6949463,0.0769043,0.09397508203983307
9519104,2185.7002062881597,7.0,153.04944,500.0,199.85706,-1.0,0.6185303,1.0,0.6245025,0.4597792,-0.0012968606,0.0029435244,-0.0027686232,-1.5969429,0.30444336,0.69555664,0.07702637,0.09435008466243744
9527296,2190.7382689886203,7.0,152.86096,500.0,199.73187,-1.0,0.6185303,1.0,0.6248933,0.4597748,-0.0008326596,0.0013838354,-0.0015245772,-2.122908,0.30419922,0.6958008,0.07727051,0.09455463290214539
9535488,2191.3616940808993,7.0,152.65295,500.0,199.58774,-1.0,0.6191406,1.0,0.62458175,0.45941436,0.0008424502,0.0025424724,-0.00042878592,-2.6783748,0.30371094,0.69628906,0.07714844,0.09486018866300583
9543680,2170.5195071872477,7.0,152.59863,500.0,199.63496,-1.0,0.6196289,1.0,0.6240973,0.45985335,-0.00087968295,0.0013193174,-0.0015393418,-3.475582,0.3034668,0.6965332,0.0769043,0.09499480575323105
9551872,2201.1205536513767,7.0,152.57019,500.0,199.63081,-1.0,0.6187744,1.0,0.6248469,0.45955968,0.0037265867,0.0029131337,0.0022700198,-2.0626917,0.30395508,0.6960449,0.07727051,0.09522867947816849
9560064,2187.214815221272,7.0,152.42493,500.0,199.66705,-1.0,0.61865234,1.0,0.62487006,0.46005896,0.0058724303,0.0017038111,0.005020525,-2.754505,0.30407715,0.69592285,0.07727051,0.09514261037111282
9568256,2191.4530999634862,7.0,152.38196,500.0,199.61276,-1.0,0.61938477,1.0,0.6241441,0.46007687,0.0028125774,0.002630805,0.0014971751,-2.1902723,0.30371094,0.69628906,0.0769043,0.09523983299732208
9576448,2185.1271057923736,7.0,152.50903,500.0,199.70212,-1.0,0.6188965,1.0,0.6244328,0.459555,0.002541065,0.0014164696,0.0018328303,-2.5228271,0.30407715,0.69592285,0.07702637,0.09530898183584213
9584640,2191.2198483684724,7.0,151.5321,500.0,199.07916,-1.0,0.6209717,1.0,0.62422967,0.46074688,-0.00022799749,0.0030206847,-0.0017383397,-2.2552266,0.30187988,0.6981201,0.07714844,0.09560693055391312
9592832,2186.5673086988813,7.0,151.3451,500.0,199.0272,-1.0,0.6224365,1.0,0.6229651,0.46184444,-0.0005793981,0.0011716434,-0.0011652198,-2.2365198,0.3010254,0.6989746,0.076538086,0.0955323725938797
9601024,2203.113079422831,7.0,151.27185,500.0,199.01474,-1.0,0.6229248,1.0,0.62267286,0.46242177,-0.0003620594,0.0022733232,-0.00149872,-3.0458558,0.30065918,0.6993408,0.076416016,0.09571340680122375
9609216,2184.140070808377,7.0,151.09338,500.0,198.98552,-1.0,0.62402344,1.0,0.62167007,0.46348375,-0.0008483995,0.0018573512,-0.001777075,-2.6440198,0.30004883,0.6999512,0.075927734,0.09571340680122375
9617408,2183.957096484476,7.0,150.95789,500.0,198.92969,-1.0,0.62438965,1.0,0.62140054,0.4639331,6.2606996e-05,0.0017863156,-0.000830551,-1.836056,0.2998047,0.7001953,0.075805664,0.09584802389144897
9625600,2194.7856687325234,7.0,150.66968,500.0,198.7825,-1.0,0.6258545,1.0,0.62031883,0.4647436,0.0028486028,0.0017137958,0.0019917046,-1.5246735,0.29882812,0.7011719,0.07531738,0.09593135863542557
9633792,2174.125105274394,7.0,150.59473,500.0,198.72208,-1.0,0.6265869,1.0,0.61977595,0.46505362,-0.0002602652,0.0019667344,-0.0012436325,-2.2177386,0.29833984,0.70166016,0.07507324,0.09612580388784409
9641984,2177.851472821303,7.0,150.83801,500.0,198.89082,-1.0,0.626709,1.0,0.61915976,0.4650702,-0.0007143832,0.0012896012,-0.0013591837,-2.5001032,0.29858398,0.701416,0.07470703,0.0960008054971695
9650176,2187.588294021491,7.0,150.94177,500.0,199.01633,-1.0,0.6263428,1.0,0.6192347,0.4648382,0.0034877788,0.0014847061,0.002745426,-2.46088,0.2989502,0.7010498,0.07470703,0.09606330841779709
9658368,2190.7474878419284,7.0,150.82507,500.0,198.93317,-1.0,0.62609863,1.0,0.61987555,0.46454972,0.0029103996,0.0024439069,0.0016884466,-2.4717636,0.29882812,0.7011719,0.07507324,0.09630510956048965
9666560,2203.7671729191125,7.0,150.61206,500.0,198.79141,-1.0,0.6253662,1.0,0.6210076,0.46422732,0.0005622546,0.0025364095,-0.00070595025,-2.4135315,0.2989502,0.7010498,0.075683594,0.09662114828824997
9674752,2198.086624464276,7.0,150.13,500.0,198.6671,-1.0,0.62597656,1.0,0.6208841,0.46441752,0.00022008293,0.0034715445,-0.0015156893,-2.3063064,0.29833984,0.70166016,0.075683594,0.09680324792861938
9682944,2193.047779317972,7.0,150.21143,500.0,198.74806,-1.0,0.62719727,1.0,0.6194539,0.46514583,0.0013540841,0.0022185878,0.00024478964,-3.109578,0.29785156,0.70214844,0.07495117,0.09687070548534393
9691136,2188.260933124619,7.0,150.0271,500.0,198.62105,-1.0,0.6270752,1.0,0.619873,0.4654063,-0.00032638383,0.0032337187,-0.0019432437,-1.7430193,0.2977295,0.7022705,0.07519531,0.09726586937904358
9699328,2222.561497567648,7.0,149.59595,500.0,198.43849,-1.0,0.62731934,1.0,0.62021667,0.46584642,0.0006187438,0.0026637644,-0.00071313826,-2.1832087,0.2972412,0.7027588,0.07543945,0.09747639298439026
9707520,2197.6112990827846,7.0,149.05139,500.0,198.0753,-1.0,0.6275635,1.0,0.6209534,0.46632713,0.0046703853,0.0033385628,0.003001103,-2.226046,0.2965088,0.7034912,0.075927734,0.09774363785982132
9715712,2182.7779394686168,7.0,149.0188,500.0,198.06976,-1.0,0.6270752,1.0,0.62144643,0.46601793,0.004730085,0.003475115,0.0029925266,-2.1231382,0.29675293,0.7032471,0.076171875,0.0979936346411705
9723904,2186.4181526013135,7.0,148.80127,500.0,197.94647,-1.0,0.6278076,1.0,0.62090313,0.4665618,-0.0004075974,0.0017503777,-0.001282786,-3.0770504,0.29626465,0.70373535,0.075927734,0.09774363785982132
9732096,2176.387157647133,7.0,148.6565,500.0,197.76721,-1.0,0.6281738,1.0,0.62082756,0.46620333,0.0037540977,0.0027633351,0.0023724297,-1.9494336,0.29589844,0.70410156,0.075927734,0.0979565978050232
9740288,2196.181221357066,7.0,148.53735,500.0,197.65753,-1.0,0.62841797,1.0,0.62077713,0.46612668,0.0012498387,0.002490664,4.506961e-06,-1.8976643,0.2956543,0.7043457,0.075927734,0.09816813468933105
9748480,2188.4910460990423,7.0,148.6388,500.0,197.81876,-1.0,0.6286621,1.0,0.6201363,0.46682233,-0.0007736668,0.0018345877,-0.0016909607,-2.6141655,0.29577637,0.70422363,0.07556152,0.09825146943330765
9756672,2184.868384713741,7.0,148.41003,500.0,197.86061,-1.0,0.62805176,1.0,0.6206562,0.46704683,0.0010428446,0.00267586,-0.00029508572,-3.092298,0.29614258,0.7038574,0.075805664,0.09841813892126083
9764864,2187.4136538304956,7.0,148.51245,500.0,197.96565,-1.0,0.62841797,1.0,0.61999005,0.46742976,0.0008652169,0.00276558,-0.000517573,-2.1167285,0.29614258,0.7038574,0.07543945,0.09842787683010101
9773056,2200.0621072785602,7.0,148.40857,500.0,197.95837,-1.0,0.6281738,1.0,0.62023747,0.46737316,0.00030447415,0.001470364,-0.0004307081,-3.3016014,0.29626465,0.70373535,0.07556152,0.09849702566862106
9781248,2193.251179918756,7.0,148.54602,500.0,198.10551,-1.0,0.62854004,1.0,0.6193738,0.46789715,-4.2770058e-05,0.0009725913,-0.00052906596,-2.9004402,0.29638672,0.7036133,0.07507324,0.09848511964082718
9789440,2187.060419977358,7.0,148.26025,500.0,198.03517,-1.0,0.62890625,1.0,0.6191006,0.46857125,0.0033228376,0.0020430023,0.0023013363,-2.575487,0.29614258,0.7038574,0.07495117,0.098612479865551
9797632,2191.2475173218927,7.0,147.80298,500.0,197.79214,-1.0,0.6300049,1.0,0.6182788,0.4694212,0.00031347858,0.0017456467,-0.00055934483,-2.3363647,0.29541016,0.70458984,0.07458496,0.09844060242176056
9805824,2182.773918168733,7.0,147.27759,500.0,197.53145,-1.0,0.6312256,1.0,0.6178233,0.470656,-1.5155529e-05,0.0016725519,-0.0008514317,-2.1793468,0.29431152,0.7056885,0.07446289,0.09844484180212021
9814016,2180.3391790897026,7.0,146.98608,500.0,197.44519,-1.0,0.6308594,1.0,0.61829597,0.47093648,-0.0018857219,0.0030872435,-0.003429344,-2.6340692,0.2944336,0.7055664,0.07470703,0.09864260256290436
9822208,2190.9040805197815,7.0,146.82544,500.0,197.30096,-1.0,0.63098145,1.0,0.61866486,0.47102487,0.0011536442,0.0020295735,0.00013885729,-1.7078632,0.29406738,0.7059326,0.07495117,0.09877139329910278
9830400,2189.1037086222163,7.0,146.93787,500.0,197.38512,-1.0,0.630249,1.0,0.6192139,0.47055134,0.00095290807,0.0014769079,0.00021445379,-2.3286686,0.29455566,0.70544434,0.07519531,0.09894692152738571
9838592,2202.567945058973,7.0,146.76257,500.0,197.30556,-1.0,0.6298828,1.0,0.6196849,0.4708694,-0.00016698363,0.002009267,-0.0011716172,-1.9659933,0.29467773,0.70532227,0.07543945,0.09901437908411026
9846784,2191.538922212596,7.0,146.47327,500.0,197.1814,-1.0,0.62976074,1.0,0.6201043,0.47100657,-0.0022795307,0.0027267043,-0.0036428827,-2.291922,0.29455566,0.70544434,0.075683594,0.09936139732599258
9854976,2179.162404266117,7.0,145.88501,500.0,196.86716,-1.0,0.630249,1.0,0.62059236,0.4715985,-0.0016227813,0.0022575639,-0.0027515627,-2.7714295,0.29370117,0.7062988,0.076049805,0.09957293421030045
9863168,2211.9834257060184,7.0,145.12817,500.0,196.48656,-1.0,0.6315918,1.0,0.6205057,0.47248495,0.0017605978,0.0037691896,-0.00012399681,-2.3944173,0.29223633,0.7077637,0.076171875,0.0997706949710846
9871360,2192.5610589512435,7.0,145.04517,500.0,196.49818,-1.0,0.6323242,1.0,0.61975926,0.47342962,-0.0012382031,0.0013576933,-0.0019170501,-2.4664454,0.29187012,0.7081299,0.075805664,0.09960006177425385
9879552,2194.519469578817,7.0,145.24402,500.0,196.63133,-1.0,0.63220215,1.0,0.61958843,0.4735449,-0.001906492,0.0014950254,-0.0026540048,-2.0977547,0.29211426,0.70788574,0.075683594,0.09985005855560303
9887744,2186.2232507249396,7.0,145.06592,500.0,196.53673,-1.0,0.6329346,1.0,0.6190374,0.47404683,0.0010882411,0.001814388,0.00018104754,-2.2745128,0.29162598,0.708374,0.07543945,0.09983815252780914
9895936,2199.157527313988,7.0,144.9248,500.0,196.4768,-1.0,0.63305664,1.0,0.6190111,0.47378713,-0.0017778176,0.0026751608,-0.0031153979,-1.4738879,0.2915039,0.7084961,0.07543945,0.09989118576049805
9904128,2192.7334435239204,7.0,144.94763,500.0,196.49193,-1.0,0.6335449,1.0,0.6185114,0.47413164,0.0041506262,0.0019641062,0.0031685727,-1.7413148,0.29125977,0.70874023,0.07519531,0.09985245019197464
9912320,2201.6151730629435,7.0,144.79993,500.0,196.44312,-1.0,0.6345215,1.0,0.61770713,0.47495416,-0.0006521007,0.0015253425,-0.0014147717,-2.1928544,0.2906494,0.7093506,0.0748291,0.09960245341062546
9920512,2194.618147777999,7.0,144.76746,500.0,196.48932,-1.0,0.6343994,1.0,0.6177338,0.47543514,0.0005148789,0.00195684,-0.0004635412,-2.2912204,0.29077148,0.7092285,0.0748291,0.09971608966588974
9928704,2201.493718967576,7.0,144.99597,500.0,196.75478,-1.0,0.6343994,1.0,0.61714065,0.47582164,0.0021350347,0.0014212166,0.0014244266,-2.206038,0.2911377,0.7088623,0.07446289,0.09956608712673187
9936896,2177.428736701487,7.0,144.71606,500.0,196.62695,-1.0,0.6347656,1.0,0.6170608,0.4764997,0.0033635036,0.0012437253,0.0027416404,-1.6211113,0.29077148,0.7092285,0.07446289,0.0996222123503685
9945088,2203.5825913340955,7.0,144.49463,500.0,196.53288,-1.0,0.6348877,1.0,0.6170341,0.47680554,-0.0005446314,0.0032637073,-0.002176485,-2.1484764,0.2906494,0.7093506,0.07446289,0.09986516833305359
9953280,2230.465611813716,7.0,144.4143,500.0,196.46317,-1.0,0.6347656,1.0,0.6174563,0.4771315,0.0007964228,0.0021242236,-0.00026568907,-2.066945,0.29052734,0.70947266,0.07470703,0.10014708340167999
9961472,2190.2257669529768,7.0,144.50232,500.0,196.55672,-1.0,0.63549805,1.0,0.6165045,0.4776161,0.0046075974,0.0016731905,0.0037710015,-1.9271328,0.2902832,0.7097168,0.07421875,0.10002695024013519
9969664,2189.9864952778853,7.0,144.05017,500.0,196.36655,-1.0,0.6352539,1.0,0.6173495,0.47841644,-0.003770591,0.0024552364,-0.004998209,-1.4422057,0.29003906,0.70996094,0.07470703,0.10019948333501816
9977856,2193.3802671769445,7.0,144.06787,500.0,196.29634,-1.0,0.6352539,1.0,0.61754715,0.47837484,-0.0012957716,0.0020730346,-0.0023322888,-2.2866764,0.289917,0.710083,0.0748291,0.10031985491514206
9986048,2210.1401544421165,7.0,144.0863,500.0,196.32625,-1.0,0.6361084,1.0,0.61676604,0.4787097,-0.0008962541,0.0014425998,-0.0016175539,-2.0699236,0.2894287,0.7105713,0.07446289,0.10028262436389923
9994240,2188.1160049104346,7.0,144.07092,500.0,196.3684,-1.0,0.6361084,1.0,0.6165681,0.47868812,0.0009977252,0.0022860481,-0.00014529887,-1.666581,0.28955078,0.7104492,0.07434082,0.10030048340559006
