timestep,fps,ep_len_min,ep_len_mean,ep_len_max,ep_len_std,return_min,return_mean,return_max,return_std,disc_return_mean,total_loss,value_loss,actor_loss,entropy,prob_fail,prob_success,prob_reject,lambda
8192,252.2592766724387,56.0,332.8095,500.0,168.81934,-1.0,-0.1904762,1.0,0.79396826,-0.040847074,0.0018719904,0.018583406,-0.0074197142,2.1807327,0.7619048,0.23809524,0.42857143,0.0
16384,5735.624167526906,37.0,274.20834,500.0,186.36267,-1.0,-0.22916667,1.0,0.79685795,-0.055244584,-0.0010602857,0.008948138,-0.0055343546,2.1841295,0.7708333,0.22916667,0.45833334,0.0
24576,5725.110677929247,20.0,303.4,500.0,193.90517,-1.0,-0.2,1.0,0.7483315,-0.08728201,-0.0024505698,0.003927197,-0.0044141677,2.178276,0.8,0.2,0.4,0.0
32768,5736.1670873388175,14.0,306.75,500.0,197.25749,-1.0,-0.22916667,1.0,0.71413064,-0.09977153,-0.0033553292,0.003663632,-0.0051871445,2.166956,0.8333333,0.16666667,0.39583334,0.0
40960,5741.042646781166,14.0,314.1356,500.0,197.36922,-1.0,-0.21186441,1.0,0.69929385,-0.09172408,-0.0012850852,0.0025190995,-0.002544635,2.1572921,0.83898306,0.16101696,0.37288135,0.0
49152,5740.157395779683,14.0,312.69864,500.0,202.73769,-1.0,-0.19863014,1.0,0.68865424,-0.09095837,-0.0012175327,0.0028854646,-0.0026602647,2.1499367,0.84246576,0.15753424,0.3561644,0.0
57344,5733.853450534457,14.0,313.38824,500.0,205.21909,-1.0,-0.20588236,1.0,0.6764706,-0.09762398,-0.0025028104,0.002226411,-0.0036160161,2.140383,0.85294116,0.14705883,0.3529412,0.0
65536,5734.0371713959485,14.0,311.83505,500.0,208.07532,-1.0,-0.185567,1.0,0.67853534,-0.08465983,-0.00048831326,0.0021715455,-0.001574086,2.13536,0.8453608,0.15463917,0.34020618,0.0
73728,5740.416325026317,14.0,308.47086,500.0,210.77528,-1.0,-0.17040358,1.0,0.68134874,-0.07712265,-0.00014598822,0.0026670261,-0.0014795014,2.1296525,0.83856505,0.16143498,0.33183858,0.0
81920,5728.053165273596,14.0,302.62845,500.0,213.356,-1.0,-0.18181819,1.0,0.6818841,-0.08799337,-0.00044570075,0.0027815837,-0.0018364923,2.1264853,0.84189725,0.15810277,0.33992094,0.0
90112,5737.676695487189,14.0,304.39786,500.0,214.64784,-1.0,-0.18637992,1.0,0.67284304,-0.09631574,-0.0022552242,0.0019651498,-0.0032377988,2.124455,0.8494624,0.15053764,0.33691755,0.0
98304,5731.512041104395,14.0,309.51163,500.0,214.76144,-1.0,-0.179402,1.0,0.6630051,-0.094221085,-0.0016399245,0.001257149,-0.0022684992,2.1262279,0.8538206,0.14617941,0.3255814,0.0
106496,5759.829438015063,12.0,307.83636,500.0,216.45235,-1.0,-0.17272727,1.0,0.6632211,-0.092565656,0.000673751,0.0020150787,-0.0003337884,2.1288881,0.8515152,0.14848486,0.3212121,0.0
114688,5757.954973320658,12.0,312.7322,500.0,216.23598,-1.0,-0.17094018,1.0,0.65316147,-0.09271757,-0.0025266807,0.0009858534,-0.0030196074,2.138216,0.85754985,0.14245014,0.3133903,0.0
122880,5752.08851587453,12.0,317.03226,500.0,216.0127,-1.0,-0.16935484,1.0,0.644102,-0.09298548,-0.0014198798,0.0011076871,-0.0019737235,2.1425962,0.86290324,0.13709678,0.30645162,0.0
131072,5728.795229524528,11.0,319.4122,500.0,216.23518,-1.0,-0.16284987,1.0,0.6412012,-0.08865649,-0.00041379835,0.001341932,-0.0010847644,2.1371262,0.86259544,0.13740458,0.30025446,0.0
139264,5763.679679217583,11.0,318.72552,500.0,217.0407,-1.0,-0.15990454,1.0,0.64123684,-0.08714234,-0.000646445,0.0019761126,-0.0016345014,2.130703,0.8615752,0.13842481,0.29832935,0.0
147456,5753.989996756239,11.0,321.5102,500.0,216.81305,-1.0,-0.16099773,1.0,0.63454795,-0.089163356,-0.0016168568,0.0011579578,-0.0021958356,2.1292129,0.86621314,0.13378684,0.29478458,0.0
155648,5735.454705670949,11.0,325.1128,500.0,216.41653,-1.0,-0.1583514,1.0,0.62735945,-0.08913869,-0.0018096857,0.0008699647,-0.002244668,2.1256244,0.86984813,0.13015184,0.28850326,0.0
163840,5733.924258222136,11.0,322.00607,500.0,218.1495,-1.0,-0.15821502,1.0,0.62997997,-0.09218561,-0.00031596114,0.0023635835,-0.0014977528,2.1215036,0.86815417,0.13184585,0.29006085,0.0
172032,5731.3829748939825,11.0,318.08398,500.0,219.85039,-1.0,-0.16793893,1.0,0.63188404,-0.10225427,-0.004436466,0.002518285,-0.005695608,2.12,0.870229,0.129771,0.2977099,0.0
180224,5735.968866606658,11.0,320.29907,500.0,219.50339,-1.0,-0.16880734,1.0,0.6273137,-0.10313071,-0.003021707,0.00096257246,-0.003502994,2.1213222,0.8733945,0.12660551,0.29541284,0.0
188416,5739.936844844951,11.0,322.11774,500.0,219.40018,-1.0,-0.15992971,1.0,0.62525415,-0.097595714,-0.0016425407,0.0014225481,-0.0023538147,2.1229005,0.87170476,0.12829526,0.28822497,0.0
196608,5732.057051418078,11.0,322.41245,500.0,219.76935,-1.0,-0.16161616,1.0,0.62291384,-0.09999652,-0.0023087629,0.0017587993,-0.0031881626,2.1247954,0.8737374,0.12626262,0.28787878,0.0
204800,5735.930564662926,11.0,324.14587,500.0,219.29034,-1.0,-0.16207455,1.0,0.62080693,-0.10126777,-0.0021351383,0.0014026649,-0.002836471,2.1252775,0.8752026,0.124797404,0.28687197,0.0
212992,5731.794094905954,11.0,321.63635,500.0,220.07214,-1.0,-0.1725732,1.0,0.62148464,-0.109348975,-0.001255603,0.002384296,-0.0024477514,2.125975,0.87827426,0.12172573,0.29429892,0.0
221184,5760.65509139493,11.0,322.82886,500.0,219.74925,-1.0,-0.17559524,1.0,0.6187542,-0.1119955,-0.001475649,0.001513704,-0.0022325008,2.131919,0.88095236,0.11904762,0.29464287,0.0
229376,5735.366627757349,11.0,318.929,500.0,220.61742,-1.0,-0.171875,1.0,0.6263657,-0.112094216,-0.002248395,0.003280281,-0.0038885358,2.124936,0.875,0.125,0.296875,0.0
237568,5766.408396061963,9.0,317.16962,500.0,221.21915,-1.0,-0.17232022,1.0,0.62849057,-0.1148269,-0.0016744896,0.0027237146,-0.003036347,2.1192625,0.87381274,0.12618725,0.29850745,0.0
245760,5730.893532163717,9.0,318.66754,500.0,220.94147,-1.0,-0.17282322,1.0,0.62528116,-0.11459049,-0.0037898528,0.0014954256,-0.004537566,2.1111557,0.87598944,0.124010555,0.29683378,0.0
253952,5758.879505255521,9.0,319.07388,500.0,220.84473,-1.0,-0.17070064,1.0,0.6254946,-0.11334489,-0.002599123,0.002256126,-0.003727186,2.101736,0.87515926,0.124840766,0.2955414,0.0
262144,5735.366627757349,9.0,318.26782,500.0,221.09138,-1.0,-0.17321867,1.0,0.6255967,-0.11498649,-0.0014052892,0.0027850107,-0.0027977945,2.0976145,0.87592137,0.124078624,0.2972973,0.0
270336,5763.768628890321,9.0,316.37988,500.0,221.44113,-1.0,-0.17751479,1.0,0.6281114,-0.11984061,-1.3366705e-05,0.002834387,-0.0014305601,2.093806,0.87573963,0.12426036,0.30177516,0.0
278528,5735.800341880342,9.0,316.47702,500.0,221.31924,-1.0,-0.18045977,1.0,0.62759143,-0.12092283,-0.0014669497,0.002218977,-0.0025764382,2.0886233,0.8770115,0.12298851,0.3034483,0.0
286720,5739.667412138654,9.0,316.8952,500.0,221.39581,-1.0,-0.17837235,1.0,0.62773186,-0.11816638,-0.0025714596,0.0020303854,-0.003586652,2.0831475,0.8762542,0.12374582,0.30211818,0.0
294912,5736.050259935538,9.0,315.7684,500.0,221.76457,-1.0,-0.18073593,1.0,0.62834996,-0.12027382,-0.0013898817,0.0025224255,-0.0026510945,2.0803368,0.8766234,0.12337662,0.30411255,0.0
303104,5749.706215218698,9.0,316.04123,500.0,221.5356,-1.0,-0.17970401,1.0,0.6283055,-0.1202806,-0.0035885237,0.0017786189,-0.0044778334,2.076363,0.8763214,0.12367865,0.30338266,0.0
311296,5732.729373571082,9.0,314.87167,500.0,221.7579,-1.0,-0.18480493,1.0,0.62849444,-0.12433519,-0.0021612544,0.0022630233,-0.0032927664,2.0702775,0.8778234,0.122176595,0.30698153,0.0
319488,5760.477386936358,9.0,312.6515,500.0,222.21184,-1.0,-0.18217821,1.0,0.6328305,-0.12179374,0.0001297692,0.0035304828,-0.0016354724,2.0711546,0.87425745,0.12574257,0.30792078,0.0
327680,5733.4334246696035,9.0,311.8672,500.0,222.32048,-1.0,-0.17516842,1.0,0.635885,-0.117266186,-0.0015719564,0.0020355817,-0.0025897475,2.0679893,0.87006736,0.12993263,0.30510107,0.0
335872,5741.057035563579,9.0,311.33145,500.0,222.20567,-1.0,-0.17464788,1.0,0.63801,-0.114516914,-0.003634408,0.0026547457,-0.0049617807,2.0584223,0.8685446,0.13145539,0.3061033,0.0
344064,5735.5561900994135,9.0,311.22162,500.0,222.00728,-1.0,-0.17857143,1.0,0.637775,-0.11687904,-0.0038791168,0.0020637866,-0.00491101,2.0563762,0.86996335,0.13003664,0.30860806,0.0
352256,5737.079845531789,9.0,308.5314,500.0,222.14227,-1.0,-0.1821397,1.0,0.6422215,-0.11980867,-0.0016785034,0.003853954,-0.0036054803,2.0563803,0.8682582,0.13174182,0.31388152,0.0
360448,5739.16505002265,9.0,307.8569,500.0,221.79604,-1.0,-0.18189655,1.0,0.6450206,-0.11842888,-0.0024709774,0.0028491968,-0.0038955752,2.0538564,0.8663793,0.1336207,0.31551725,0.0
368640,5733.206693686583,9.0,308.5,500.0,221.66608,-1.0,-0.18296796,1.0,0.64361954,-0.119940184,-0.0035185409,0.0018092275,-0.0044231545,2.0461292,0.86762226,0.13237774,0.3153457,0.0
376832,5737.4582512408015,9.0,306.17667,500.0,221.29892,-1.0,-0.18488085,1.0,0.64950633,-0.11832513,-0.0011988909,0.0030308515,-0.0027143168,2.0411553,0.8644207,0.13557929,0.32046014,0.0
385024,5739.323227080992,9.0,302.42743,500.0,221.61282,-1.0,-0.19032514,1.0,0.6545891,-0.122977585,-0.0018032414,0.0044437055,-0.004025094,2.0399084,0.8628073,0.13719271,0.32751784,0.0
393216,5732.312381371845,9.0,302.9798,500.0,221.44904,-1.0,-0.1903652,1.0,0.65393466,-0.12289601,-0.003917078,0.0015559775,-0.0046950667,2.0422103,0.8632479,0.13675214,0.32711732,0.0
401408,5734.997112951094,9.0,300.7413,500.0,221.52763,-1.0,-0.19288956,1.0,0.657675,-0.1231412,-0.0016842883,0.0033353302,-0.0033519533,2.0419815,0.8615734,0.13842663,0.33131617,0.0
409600,5729.558505140801,9.0,300.38892,500.0,221.47055,-1.0,-0.19483395,1.0,0.6579426,-0.12287226,-0.004267648,0.0029976817,-0.0057664886,2.0324059,0.8619926,0.13800739,0.33284134,0.0
417792,5738.774917220548,9.0,297.83212,500.0,221.57236,-1.0,-0.19512194,1.0,0.6630907,-0.12364057,-0.0033961087,0.004130089,-0.005461153,2.0196505,0.85868007,0.14131995,0.3364419,0.0
425984,5730.235975115644,9.0,296.58994,500.0,221.731,-1.0,-0.19664101,1.0,0.6648971,-0.12542368,-0.003051368,0.0033051274,-0.0047039315,2.0075855,0.85794264,0.14205739,0.3386984,0.0
434176,5735.944927831882,9.0,293.39267,500.0,222.00128,-1.0,-0.19972827,1.0,0.6692386,-0.12649675,-0.003224137,0.0039783986,-0.0052133366,1.9993775,0.85597825,0.14402173,0.34375,0.0
442368,5728.772305743371,9.0,292.41266,500.0,222.06006,-1.0,-0.202,1.0,0.67022085,-0.12880683,-0.0062585683,0.002611057,-0.0075640976,2.0024056,0.856,0.144,0.346,0.0
450560,5751.6918100876,9.0,289.07697,500.0,222.3482,-1.0,-0.1992238,1.0,0.67607373,-0.12769866,-0.002218912,0.0046399226,-0.004538873,1.9995251,0.85122895,0.14877102,0.34799483,0.0
458752,5731.663103755903,9.0,284.79712,500.0,222.32222,-1.0,-0.20224719,1.0,0.68261445,-0.12936676,-0.0023869139,0.005529769,-0.005151798,1.9906754,0.8476904,0.15230961,0.3545568,0.0
466944,5739.850546918708,9.0,284.56006,500.0,222.35315,-1.0,-0.20220588,1.0,0.682983,-0.1294566,-0.0028070242,0.0031070504,-0.004360549,1.980113,0.8474265,0.15257353,0.35477942,0.0
475136,5734.018990160809,9.0,282.98502,500.0,222.17773,-1.0,-0.20383693,1.0,0.685887,-0.13003907,-0.0009286993,0.0039511416,-0.00290427,1.9643872,0.84592324,0.15407674,0.35791367,0.0
483328,5730.755891457055,9.0,282.7169,500.0,222.14885,-1.0,-0.20423779,1.0,0.6862517,-0.13003512,-0.0006599337,0.0029571424,-0.0021385048,1.9606581,0.84579164,0.15420836,0.35844615,0.0
491520,5731.3954032390975,9.0,283.2029,500.0,222.04074,-1.0,-0.20115942,1.0,0.68659955,-0.12795185,-0.0043206075,0.001773662,-0.005207438,1.9625572,0.8446377,0.15536232,0.35652173,0.0
499712,5737.223538023755,9.0,282.60422,500.0,221.89368,-1.0,-0.19817768,1.0,0.68876195,-0.12579264,-0.0036886367,0.0027429224,-0.005060098,1.9469506,0.8422551,0.15774487,0.35592255,0.0
507904,5731.974815152414,9.0,280.6264,500.0,221.67494,-1.0,-0.19821826,1.0,0.6925608,-0.1254441,-0.0023042664,0.0047065993,-0.0046575656,1.9272306,0.83964366,0.16035634,0.3585746,0.0
516096,5730.348743074455,9.0,279.65884,500.0,221.69435,-1.0,-0.19814411,1.0,0.6942817,-0.1256419,-0.0023555185,0.0031033622,-0.0039072,1.914474,0.83842796,0.16157205,0.35971615,0.0
524288,5727.06977277561,9.0,279.44684,500.0,221.74655,-1.0,-0.19387755,1.0,0.6956247,-0.12182502,-0.0054851333,0.002232783,-0.0066015255,1.9088668,0.8361976,0.16380237,0.3576799,0.0
532480,5740.623485243261,9.0,278.51685,500.0,221.84633,-1.0,-0.19157895,1.0,0.6974636,-0.120455936,-0.0014051119,0.003903049,-0.0033566363,1.9044282,0.8342105,0.16578947,0.3573684,0.0
540672,5730.478718431051,9.0,275.7232,500.0,221.85646,-1.0,-0.19118401,1.0,0.7020832,-0.11989659,-0.0007913628,0.0052370797,-0.0034099028,1.8913605,0.83085597,0.16914403,0.36032805,0.0
548864,5732.0847827838625,9.0,274.86795,500.0,221.596,-1.0,-0.19455644,1.0,0.70314,-0.12198712,-0.0011381917,0.0033492125,-0.002812798,1.8886619,0.8311492,0.16885081,0.36340725,0.0
557056,5733.33679872464,9.0,274.70288,500.0,221.47833,-1.0,-0.19543651,1.0,0.70323735,-0.12170055,-0.0018108883,0.002505011,-0.0030633938,1.8897038,0.8313492,0.16865079,0.3640873,0.0
565248,5730.175770310926,9.0,275.35767,500.0,221.49518,-1.0,-0.19402254,1.0,0.7024724,-0.12025231,-0.0038846072,0.0016129124,-0.0046910634,1.886138,0.8314552,0.16854483,0.36256737,0.0
573440,5726.027554467669,9.0,273.83966,500.0,221.34329,-1.0,-0.2006721,1.0,0.7039151,-0.12419538,-0.0012648995,0.0045667193,-0.003548259,1.886964,0.8324532,0.16754681,0.36821893,0.0
581632,5729.572836415281,9.0,272.98257,500.0,221.20134,-1.0,-0.20499529,1.0,0.7047125,-0.12526195,-0.0017061677,0.0037230828,-0.003567709,1.8899552,0.83317626,0.16682374,0.37181905,0.0
589824,5730.686117790847,9.0,271.6892,500.0,221.2628,-1.0,-0.20240852,1.0,0.70744973,-0.124158174,-0.0025597701,0.0036937227,-0.004406632,1.8832762,0.83047706,0.16952293,0.37193146,0.0
598016,5734.587447533383,9.0,269.16953,500.0,221.05664,-1.0,-0.1985494,1.0,0.71286434,-0.12232112,-0.0022361942,0.004583839,-0.0045281136,1.8774067,0.825476,0.17452402,0.37307343,0.0
606208,5735.673954834061,9.0,268.4187,500.0,221.01093,-1.0,-0.2,1.0,0.7135969,-0.1226,-0.0041491482,0.0027960252,-0.005547161,1.8703691,0.82538974,0.17461024,0.37461025,0.0
614400,5740.406734637654,9.0,268.4609,500.0,220.93428,-1.0,-0.20342706,1.0,0.7129277,-0.12380036,-0.0048444546,0.0022723728,-0.005980641,1.8706611,0.8268893,0.17311072,0.3765378,0.0
622592,5737.611543708125,9.0,268.0425,500.0,220.95525,-1.0,-0.20511709,1.0,0.71290284,-0.12440925,-0.0033460052,0.003059305,-0.0048756576,1.8691878,0.82740676,0.17259324,0.3777103,0.0
630784,5731.4432050687965,9.0,268.0827,500.0,221.022,-1.0,-0.20222794,1.0,0.71360517,-0.1231097,-0.0036722799,0.0021443106,-0.0047444347,1.8657668,0.8260497,0.1739503,0.37617823,0.0
638976,5726.032325665069,8.0,267.5492,500.0,220.92256,-1.0,-0.20058873,1.0,0.71547806,-0.1219975,-0.0019563865,0.0041188775,-0.004015825,1.8577715,0.824222,0.17577797,0.3763667,0.0
647168,5728.696849592886,8.0,266.48218,500.0,220.84573,-1.0,-0.19594035,1.0,0.7185321,-0.118186414,-0.0038173213,0.0034825942,-0.005558619,1.8509598,0.82062966,0.17937034,0.3753107,0.0
655360,5731.148758469605,8.0,266.25226,500.0,220.84933,-1.0,-0.19460343,1.0,0.71925074,-0.117504925,-0.0029835342,0.0031430796,-0.004555074,1.8443491,0.81970567,0.18029436,0.37489778,0.0
663552,5732.4653989858,8.0,266.56808,500.0,220.90033,-1.0,-0.19515151,1.0,0.718793,-0.1172388,-0.004393448,0.0025726976,-0.0056797964,1.8377705,0.820202,0.17979798,0.37494949,0.0
671744,5736.033981084966,8.0,266.39163,500.0,221.03993,-1.0,-0.19282869,1.0,0.7193044,-0.11669443,-0.0020473287,0.0029281732,-0.0035114149,1.8349578,0.8191235,0.1808765,0.37370518,0.0
679936,5734.40560547423,8.0,264.84787,500.0,220.91759,-1.0,-0.18928432,1.0,0.72293735,-0.11393862,-0.0026242994,0.00505495,-0.005151774,1.8287952,0.8154087,0.18459132,0.37387565,0.0
688128,5725.024825236288,8.0,264.25925,500.0,220.7893,-1.0,-0.1871142,1.0,0.72495466,-0.1125758,-0.004489895,0.0036021722,-0.006290981,1.8245583,0.8132716,0.18672839,0.3738426,0.0
696320,5727.5031876565035,8.0,262.5161,500.0,220.65593,-1.0,-0.18771331,1.0,0.72761285,-0.11204381,-0.0029189652,0.0046127248,-0.0052253273,1.8177005,0.81152827,0.18847175,0.37618506,0.0
704512,5734.136691778461,8.0,261.71545,500.0,220.44162,-1.0,-0.18894698,1.0,0.7287935,-0.111989394,-0.0030806733,0.004305634,-0.0052334904,1.8067207,0.81105304,0.18894698,0.37789395,0.0
712704,5728.65959982107,8.0,261.14938,500.0,220.4289,-1.0,-0.1855404,1.0,0.7307529,-0.1098401,-0.0038085831,0.0030686634,-0.0053429147,1.7967974,0.80855775,0.19144227,0.37698266,0.0
720896,5725.633481013365,8.0,259.93323,500.0,220.2759,-1.0,-0.18650217,1.0,0.73284394,-0.108929396,-0.004978499,0.0041070245,-0.007032011,1.7876863,0.8073295,0.19267054,0.3791727,0.0
729088,5735.078478703769,8.0,259.6558,500.0,220.34433,-1.0,-0.18409742,1.0,0.73379683,-0.106655896,-0.0044333674,0.0030334287,-0.005950081,1.7824258,0.80587393,0.19412607,0.3782235,0.0
737280,5734.560649031701,8.0,258.83105,500.0,220.3348,-1.0,-0.18306878,1.0,0.7351078,-0.10581482,-0.0033412897,0.0038903367,-0.005286458,1.7756432,0.8045855,0.19541447,0.37848324,0.0
745472,5730.561867523611,8.0,258.70825,500.0,220.28769,-1.0,-0.1829906,1.0,0.73524284,-0.105458125,-0.0038950462,0.0026706296,-0.0052303616,1.7681134,0.8044615,0.19553852,0.3785291,0.0
753664,5735.505447436263,8.0,257.57016,500.0,220.10866,-1.0,-0.17975986,1.0,0.7380392,-0.10276012,-0.0022675907,0.0046694665,-0.004602324,1.755637,0.80137223,0.19862778,0.37838766,0.0
761856,5740.039446867144,8.0,256.95862,500.0,219.83954,-1.0,-0.17768735,1.0,0.7400045,-0.10154741,-0.002187654,0.0035402684,-0.0039577885,1.7535522,0.799254,0.20074601,0.37843338,0.0
770048,5729.635894874722,8.0,256.96375,500.0,219.7682,-1.0,-0.17919463,1.0,0.7396512,-0.102149434,-0.0025692354,0.002442184,-0.0037903273,1.7521966,0.8,0.2,0.37919462,0.0
778240,5737.66423988562,8.0,256.44666,500.0,219.71445,-1.0,-0.17925778,1.0,0.7403055,-0.10143774,5.0412084e-05,0.003281573,-0.0015903742,1.7440333,0.7995361,0.20046388,0.37972167,0.0
786432,5724.37052153311,8.0,256.48297,500.0,219.52882,-1.0,-0.17779961,1.0,0.7409031,-0.100855656,-0.0035745879,0.0030508686,-0.005100022,1.737044,0.79862475,0.20137525,0.37917486,0.0
794624,5733.721408436978,8.0,255.56557,500.0,219.47855,-1.0,-0.17861757,1.0,0.7423652,-0.10173617,-0.0029362272,0.0043823193,-0.005127386,1.7297146,0.79780364,0.20219639,0.38081396,0.0
802816,5733.538664552561,8.0,254.44908,500.0,219.37633,-1.0,-0.17695735,1.0,0.74451345,-0.100107096,-0.0039887484,0.003910451,-0.005943974,1.7173607,0.7956715,0.20432845,0.38128582,0.0
811008,5727.26165100742,8.0,253.48271,500.0,219.3172,-1.0,-0.17861634,1.0,0.7453305,-0.10107122,-0.004786754,0.0037644967,-0.006669002,1.7063193,0.7955975,0.20440252,0.38301888,0.0
819200,5730.398438838121,8.0,253.19975,500.0,219.23413,-1.0,-0.17862691,1.0,0.74618,-0.100519605,-0.0032765488,0.003403858,-0.004978478,1.7081265,0.79496735,0.20503262,0.3836595,0.0
827392,5726.78532025074,8.0,252.93425,500.0,219.22453,-1.0,-0.17603686,1.0,0.74737245,-0.0990316,-0.0025080787,0.0032046502,-0.0041104043,1.706599,0.79324114,0.20675883,0.3827957,0.0
835584,5734.88894793696,8.0,252.41286,500.0,219.28978,-1.0,-0.17247652,1.0,0.7486192,-0.0967383,-0.004240294,0.003424143,-0.005952365,1.7026088,0.79114884,0.20885117,0.3813277,0.0
843776,5727.331341309208,8.0,251.67395,500.0,219.17314,-1.0,-0.17170206,1.0,0.7502005,-0.09542822,-0.004566595,0.0044106683,-0.0067719277,1.6980993,0.78970987,0.21029016,0.38199222,0.0
851968,5733.303315246148,8.0,250.97017,500.0,218.89067,-1.0,-0.16952156,1.0,0.7523726,-0.09345712,-0.0020814654,0.0040914626,-0.004127197,1.6959038,0.7873597,0.21264029,0.38216186,0.0
860160,5727.13373075766,8.0,250.22688,500.0,218.84357,-1.0,-0.1688539,1.0,0.75357294,-0.09269753,-0.003493833,0.004265001,-0.0056263334,1.6949992,0.78623503,0.21376495,0.38261884,0.0
868352,5731.482403164149,8.0,248.86752,500.0,218.61217,-1.0,-0.16839081,1.0,0.75569165,-0.09238205,-0.0019177608,0.004450498,-0.00414301,1.6862266,0.7844828,0.21551724,0.38390803,0.0
876544,5728.177306775905,8.0,247.92877,500.0,218.59798,-1.0,-0.16742338,1.0,0.75696164,-0.091870256,-0.004006163,0.0034391452,-0.005725736,1.6787975,0.7832009,0.2167991,0.38422248,0.0
884736,5723.452268776431,8.0,246.7086,500.0,218.46286,-1.0,-0.16643317,1.0,0.75883496,-0.09133116,-0.0032430636,0.0029107768,-0.004698452,1.6755216,0.7814514,0.21854861,0.38498178,0.0
892928,5734.093629650496,8.0,245.4905,500.0,218.37177,-1.0,-0.16404742,1.0,0.7611667,-0.090240955,-0.0045097326,0.00411716,-0.0065683126,1.6712877,0.7788806,0.22111939,0.3851668,0.0
901120,5723.090960362297,8.0,244.9858,500.0,218.24945,-1.0,-0.16111414,1.0,0.7628281,-0.08827451,-0.004010887,0.0032823489,-0.0056520607,1.664264,0.7766248,0.2233752,0.38448936,0.0
909312,5729.478251328579,8.0,244.53268,500.0,218.10872,-1.0,-0.15991355,1.0,0.7637328,-0.087676466,-0.0054636374,0.0037941237,-0.0073606996,1.6520693,0.77552676,0.22447325,0.3843868,0.0
917504,5731.521601795668,8.0,244.1426,500.0,218.13979,-1.0,-0.15594125,1.0,0.76487136,-0.08554937,-0.004336463,0.0027641023,-0.005718514,1.6409869,0.7732977,0.22670227,0.38264352,0.0
925696,5729.362651574561,8.0,243.25125,500.0,218.07478,-1.0,-0.15518607,1.0,0.7662639,-0.084280446,-0.0033900165,0.0032529898,-0.005016511,1.6331514,0.7719715,0.2280285,0.38321456,0.0
933888,5721.301297576371,8.0,242.13248,500.0,217.82532,-1.0,-0.15590838,1.0,0.76791644,-0.08417255,-0.002666644,0.0050356267,-0.005184457,1.6335868,0.77095264,0.22904737,0.38495576,0.0
942080,5729.722841390526,8.0,242.19127,500.0,217.80142,-1.0,-0.15384616,1.0,0.76855934,-0.08266396,-0.0009370859,0.0024644744,-0.0021693232,1.6291671,0.769747,0.23025297,0.38409913,0.0
950272,5728.885016100524,8.0,241.52731,500.0,217.83589,-1.0,-0.15390505,1.0,0.76920617,-0.08275487,-0.0028666635,0.0031425045,-0.004437916,1.6232917,0.76927006,0.23072997,0.38463503,0.0
958464,5736.057920603072,8.0,240.71735,500.0,217.83984,-1.0,-0.15204236,1.0,0.7706346,-0.08143341,-0.0036593643,0.00416322,-0.005740974,1.6152581,0.76752394,0.23247604,0.3845184,0.0
966656,5729.760104990816,8.0,240.81854,500.0,217.8335,-1.0,-0.15146214,1.0,0.77065223,-0.08105618,-0.002246472,0.0028483453,-0.003670645,1.6053916,0.7673082,0.23269182,0.38415396,0.0
974848,5739.925338304854,8.0,239.60622,500.0,217.62761,-1.0,-0.14927214,1.0,0.7728253,-0.07970966,-0.0034705738,0.0051336,-0.0060373736,1.5961888,0.7648655,0.23513447,0.38440663,0.0
983040,5734.721443798885,8.0,239.01926,500.0,217.57701,-1.0,-0.15069495,1.0,0.77337915,-0.07994661,-0.00121916,0.004517351,-0.0034778353,1.5872583,0.7649354,0.23506463,0.38575956,0.0
991232,5734.699429696823,8.0,238.38586,500.0,217.55605,-1.0,-0.14720078,1.0,0.77487814,-0.077539735,-0.0040186355,0.0035831605,-0.0058102165,1.5791276,0.76254827,0.23745173,0.3846525,0.0
999424,5726.635469043516,8.0,237.98662,500.0,217.42546,-1.0,-0.14726274,1.0,0.775751,-0.077284016,-0.0026849718,0.0039213626,-0.004645653,1.5674716,0.7618934,0.23810662,0.38536936,0.0
1007616,5727.961495002665,8.0,237.62541,500.0,217.398,-1.0,-0.14529106,1.0,0.77660894,-0.07569798,-0.0028697944,0.00333117,-0.00453538,1.5607953,0.76053005,0.23946995,0.384761,0.0
1015808,5725.0610738370215,8.0,236.87851,500.0,217.37766,-1.0,-0.144897,1.0,0.7776292,-0.07481858,-0.0041078203,0.003260063,-0.0057378523,1.5570177,0.75959736,0.24040262,0.38529962,0.0
1024000,5725.988430948903,8.0,236.2522,500.0,217.24663,-1.0,-0.1443776,1.0,0.77857536,-0.074353114,-0.0061083753,0.0038799017,-0.008048327,1.5491606,0.7586765,0.24132346,0.38570106,0.0
1032192,5722.574339987792,8.0,236.11702,500.0,217.25847,-1.0,-0.1441028,1.0,0.77883655,-0.07404942,-0.004296529,0.003190352,-0.0058917054,1.5410832,0.7583754,0.2416246,0.3857274,0.0
1040384,5731.578966613131,8.0,235.48364,500.0,217.10168,-1.0,-0.14220808,1.0,0.7801166,-0.07224861,-0.001810824,0.0035982765,-0.0036099623,1.5289323,0.7567015,0.2432985,0.3855066,0.0
1048576,5727.03922618377,8.0,235.39447,500.0,217.14317,-1.0,-0.14108911,1.0,0.78040487,-0.07154018,-0.0032016723,0.0032889578,-0.004846151,1.5139346,0.7560756,0.2439244,0.3850135,0.0
1056768,5739.2340716668095,8.0,235.19566,500.0,217.14363,-1.0,-0.13982578,1.0,0.78095335,-0.07091332,-0.004300529,0.002273534,-0.005437296,1.5026844,0.75519323,0.2448068,0.38463256,0.0
1064960,5726.206956961128,8.0,234.98804,500.0,217.17714,-1.0,-0.13782406,1.0,0.7814991,-0.06986287,-0.004201936,0.002352848,-0.00537836,1.4942174,0.7540439,0.24595612,0.38378018,0.0
1073152,5727.7399706276055,8.0,234.5237,500.0,217.08476,-1.0,-0.1390961,1.0,0.78206825,-0.07061389,-0.005985519,0.004134281,-0.008052659,1.4861662,0.7540588,0.2459412,0.3850373,0.0
1081344,5823.651896184309,8.0,234.49794,500.0,217.15733,-1.0,-0.13775843,1.0,0.7822569,-0.07011093,-0.0053639114,0.00220897,-0.0064683966,1.4807858,0.7534276,0.24657236,0.3843308,0.0
1089536,5741.104998692535,8.0,233.37045,500.0,217.04205,-1.0,-0.13803484,1.0,0.7835359,-0.0698849,-0.0045550494,0.004353621,-0.00673186,1.4708489,0.75252634,0.24747366,0.3855085,0.0
1097728,5737.106667583898,8.0,232.27663,500.0,216.97285,-1.0,-0.13682647,1.0,0.7849814,-0.06883615,-0.005258317,0.004552585,-0.007534609,1.4644287,0.7509546,0.2490454,0.38587186,0.0
1105920,5733.274615433005,8.0,232.09763,500.0,217.00227,-1.0,-0.13717651,1.0,0.7849522,-0.06901988,-0.0027605034,0.0025606349,-0.004040821,1.4641358,0.7511046,0.24889544,0.38607195,0.0
1114112,5730.336319268219,8.0,231.00125,500.0,216.86021,-1.0,-0.13487116,1.0,0.78687656,-0.06750298,-0.0025708943,0.0050720056,-0.005106897,1.4575931,0.74875313,0.25124687,0.38611802,0.0
1122304,5730.729128754086,8.0,230.3295,500.0,216.64914,-1.0,-0.13471822,1.0,0.7879647,-0.067138895,-0.003090047,0.0040008,-0.0050904467,1.4425645,0.7478404,0.2521596,0.38687783,0.0
1130496,5722.768776562319,8.0,229.76544,500.0,216.62373,-1.0,-0.13205625,1.0,0.78896344,-0.06508228,-0.0036369157,0.0028761022,-0.0050749667,1.4295093,0.74607706,0.25392297,0.3859792,0.0
1138688,5731.596176282287,8.0,229.87987,500.0,216.641,-1.0,-0.1310778,1.0,0.78892666,-0.06451942,-0.0063868756,0.0018568735,-0.0073153125,1.4178768,0.74574554,0.25425446,0.38533226,0.0
1146880,5735.7898094137445,8.0,229.26363,500.0,216.54135,-1.0,-0.13051324,1.0,0.7898763,-0.0642044,-0.0030552133,0.0042531574,-0.005181792,1.4100608,0.7447875,0.25521252,0.38572574,0.0
1155072,5739.811234279296,8.0,229.60355,500.0,216.63124,-1.0,-0.1305561,1.0,0.7895427,-0.06401452,-0.005215043,0.0019980744,-0.00621408,1.4016246,0.74506676,0.25493324,0.38548934,0.0
1163264,5771.907523795861,8.0,229.25923,500.0,216.63133,-1.0,-0.12803794,1.0,0.7903077,-0.062629506,-0.0045735994,0.0038290997,-0.0064881495,1.4012508,0.74352896,0.25647107,0.384509,0.0
1171456,5728.268028968985,8.0,229.07782,500.0,216.64552,-1.0,-0.12838103,1.0,0.79058933,-0.06284178,-0.0054193074,0.0033056512,-0.0070721335,1.3950545,0.74343395,0.25656605,0.3849471,0.0
1179648,5730.408951513967,8.0,228.95021,500.0,216.59784,-1.0,-0.126021,1.0,0.7911336,-0.06166196,-0.004348565,0.0033295318,-0.006013331,1.3849224,0.74212366,0.2578763,0.3838973,0.0
1187840,5737.299218963288,8.0,228.81764,500.0,216.61975,-1.0,-0.12311849,1.0,0.79163057,-0.059815966,-0.004787421,0.002738277,-0.006156559,1.3782446,0.7406407,0.25935933,0.38247782,0.0
1196032,5868.864780735766,8.0,227.82365,500.0,216.49498,-1.0,-0.1196026,1.0,0.7934496,-0.057458885,-0.0038370374,0.003515813,-0.0055949437,1.3706067,0.7378678,0.2621322,0.38173482,0.0
1204224,5733.902250240013,8.0,227.47754,500.0,216.38303,-1.0,-0.11867299,1.0,0.7942579,-0.056551058,-0.003921082,0.0038418667,-0.0058420147,1.3641868,0.736872,0.26312795,0.38180095,0.0
1212416,5735.381945461043,8.0,227.03516,500.0,216.35155,-1.0,-0.11672933,1.0,0.79525274,-0.05484976,-0.004503684,0.003079868,-0.006043618,1.3602467,0.73533833,0.26466164,0.381391,0.0
1220608,5730.034341778139,8.0,227.03526,500.0,216.4262,-1.0,-0.116044775,1.0,0.7952542,-0.054213036,-0.005432378,0.0027648718,-0.0068148137,1.3541422,0.73507464,0.26492536,0.38097015,0.0
1228800,5747.964294765749,8.0,227.282,500.0,216.49849,-1.0,-0.11372913,1.0,0.79531145,-0.052689567,-0.0064553,0.0015404198,-0.0072255097,1.3524433,0.7341373,0.2658627,0.37959182,0.0
1236992,5810.868057959622,8.0,226.7272,500.0,216.46774,-1.0,-0.112867646,1.0,0.79598016,-0.05210394,-0.0029376945,0.0042213546,-0.005048372,1.3568398,0.7332721,0.26672795,0.37959558,0.0
1245184,5733.037374649337,8.0,226.87099,500.0,216.49745,-1.0,-0.1122076,1.0,0.7959952,-0.051609185,-0.0064486004,0.0024965706,-0.007696886,1.3572611,0.7330044,0.2669956,0.37920323,0.0
1253376,5735.614593143852,8.0,226.8586,500.0,216.58925,-1.0,-0.11109094,1.0,0.795934,-0.05115422,-0.0045846417,0.0018478972,-0.0055085905,1.3515667,0.73261935,0.26738065,0.37847158,0.0
1261568,5725.256633416824,8.0,226.76949,500.0,216.56503,-1.0,-0.11129148,1.0,0.79617745,-0.0513201,-0.00605838,0.002594014,-0.0073553883,1.3461168,0.7325036,0.2674964,0.37878788,0.0
1269760,5725.64206799235,8.0,226.90953,500.0,216.62175,-1.0,-0.11232533,1.0,0.79574424,-0.05238541,-0.006234846,0.0024405962,-0.0074551436,1.3504066,0.7332497,0.26675028,0.3790756,0.0
1277952,5729.619652411545,8.0,226.60509,500.0,216.57849,-1.0,-0.110064015,1.0,0.79638124,-0.051489443,-0.0031139087,0.0030083954,-0.004618106,1.3484313,0.73186344,0.26813656,0.37820056,0.0
1286144,5739.079733895754,8.0,226.13576,500.0,216.50688,-1.0,-0.10825106,1.0,0.7972907,-0.050435707,-0.003064522,0.0034000867,-0.0047645653,1.340333,0.7304302,0.2695698,0.37782088,0.0
1294336,5730.477762708382,8.0,225.91759,500.0,216.36787,-1.0,-0.10778653,1.0,0.7978102,-0.050479066,-0.0042417925,0.003425018,-0.005954301,1.3291361,0.7298338,0.27016622,0.37795275,0.0
1302528,5724.507855680659,8.0,225.71863,500.0,216.31178,-1.0,-0.1084463,1.0,0.7980174,-0.050613143,-0.0028981199,0.002569463,-0.004182851,1.3228649,0.729927,0.270073,0.3785193,0.0
1310720,5731.901187009705,8.0,225.44087,500.0,216.30592,-1.0,-0.1084067,1.0,0.7983152,-0.050915338,-0.003189814,0.0029855054,-0.004682567,1.3172066,0.72967374,0.27032626,0.37873295,0.0
1318912,5731.270166226449,7.0,225.14017,500.0,216.25179,-1.0,-0.107479036,1.0,0.79882073,-0.050246768,-0.0034007072,0.0040925536,-0.005446984,1.3090808,0.7289064,0.2710936,0.37857264,0.0
1327104,5730.7683170826895,7.0,224.73528,500.0,216.18166,-1.0,-0.10528103,1.0,0.7995505,-0.048369564,-0.006169777,0.0042397603,-0.0082896575,1.3043765,0.727458,0.27254203,0.37782305,0.0
1335296,5733.9443526142295,7.0,224.59248,500.0,216.17294,-1.0,-0.106390156,1.0,0.7995813,-0.049218573,-0.0026977109,0.0036749477,-0.0045351847,1.2881807,0.7278705,0.27212948,0.37851965,0.0
1343488,5730.467249780061,7.0,224.726,500.0,216.16936,-1.0,-0.104575165,1.0,0.7997763,-0.047758773,-0.008656874,0.002262554,-0.009788151,1.2722188,0.7269985,0.27300152,0.37757668,0.0
1351680,5725.668783202799,7.0,224.41145,500.0,216.09418,-1.0,-0.10436085,1.0,0.8002544,-0.04763677,-0.005617412,0.0033263087,-0.007280566,1.271013,0.72653127,0.2734687,0.37782955,0.0
1359872,5733.8802424268315,7.0,224.34563,500.0,216.10907,-1.0,-0.10319167,1.0,0.80036455,-0.04677611,-0.004915616,0.0023084434,-0.0060698376,1.269012,0.7259798,0.27402017,0.37721184,0.0
1368064,5737.6661561284955,7.0,224.05852,500.0,216.04437,-1.0,-0.101594605,1.0,0.8010365,-0.045659736,-0.003988715,0.0030483645,-0.005512897,1.2577848,0.72480685,0.27519315,0.37678778,0.0
1376256,5725.563832024409,7.0,224.06548,500.0,216.04544,-1.0,-0.10140431,1.0,0.801088,-0.04525708,-0.0029260763,0.0032044654,-0.004528309,1.2503117,0.7246897,0.27531025,0.37671456,0.0
1384448,5784.368411182165,7.0,224.3421,500.0,216.06516,-1.0,-0.10103963,1.0,0.80074215,-0.044900157,-0.004119416,0.0020773388,-0.005158085,1.2509341,0.7248213,0.2751787,0.37621832,0.0
1392640,5736.34808345081,7.0,224.01402,500.0,216.0058,-1.0,-0.100790195,1.0,0.8011448,-0.044554494,-0.0043210355,0.0033428685,-0.00599247,1.2463236,0.72439927,0.2756007,0.3763909,0.0
1400832,5731.701348728307,7.0,224.05821,500.0,216.02927,-1.0,-0.10086594,1.0,0.80105317,-0.044613194,-0.0056020715,0.002358012,-0.006781077,1.229672,0.72450286,0.2754971,0.37636304,0.0
1409024,5763.234005352334,7.0,223.78204,500.0,215.97737,-1.0,-0.10014329,1.0,0.8016074,-0.04341773,-0.0055949017,0.00362874,-0.0074092713,1.2135124,0.7237701,0.2762299,0.3763732,0.0
1417216,5726.20313976975,7.0,223.23251,500.0,215.85576,-1.0,-0.098026834,1.0,0.80253404,-0.04208948,-0.005433557,0.00399527,-0.0074311923,1.2036469,0.7221784,0.27782163,0.37584847,0.0
1425408,5728.529706970803,7.0,223.03497,500.0,215.83101,-1.0,-0.09816528,1.0,0.8028634,-0.041923333,-0.0036302023,0.0036420359,-0.0054512206,1.1886213,0.7219696,0.27803043,0.3761957,0.0
1433600,5743.100015277164,7.0,222.56778,500.0,215.71255,-1.0,-0.09494163,1.0,0.80388993,-0.039820537,-0.005400789,0.0040652254,-0.0074334024,1.179646,0.71984434,0.28015563,0.37509727,0.0
1441792,5727.196735539676,7.0,222.45763,500.0,215.68637,-1.0,-0.093721,1.0,0.80414224,-0.039233517,-0.0059173517,0.0029831612,-0.007408932,1.1729922,0.7191463,0.2808537,0.3745747,0.0
1449984,5734.770258280263,7.0,222.26352,500.0,215.66412,-1.0,-0.09111863,1.0,0.8045819,-0.037873007,-0.006406069,0.0026640184,-0.0077380785,1.1702148,0.717732,0.282268,0.3733866,0.0
1458176,5727.416308492059,7.0,222.26169,500.0,215.68488,-1.0,-0.091047965,1.0,0.804598,-0.037729256,-0.0049813553,0.0024930013,-0.0062278565,1.1587117,0.71769017,0.2823098,0.37335777,0.0
1466368,5731.52447000927,7.0,222.28493,500.0,215.728,-1.0,-0.090218715,1.0,0.804605,-0.03695083,-0.004475044,0.002385585,-0.005667837,1.1475694,0.71734506,0.2826549,0.37287363,0.0
1474560,5728.618530121325,7.0,221.7526,500.0,215.59636,-1.0,-0.08934759,1.0,0.80547476,-0.035627842,-0.0021345532,0.0032466603,-0.003757883,1.140794,0.7162875,0.2837125,0.3730601,0.0
1482752,5735.440344956981,7.0,221.41829,500.0,215.59758,-1.0,-0.08829692,1.0,0.8059105,-0.034942605,-0.0033027066,0.0035675797,-0.0050864965,1.1296012,0.71550435,0.28449565,0.37279257,0.0
1490944,5728.065579181691,7.0,221.18982,500.0,215.6003,-1.0,-0.08658137,1.0,0.8062544,-0.03371526,-0.0045768237,0.0030484463,-0.0061010476,1.1137745,0.7145195,0.2854805,0.37206188,0.0
1499136,5737.129658113892,7.0,221.0609,500.0,215.55382,-1.0,-0.08380136,1.0,0.80673754,-0.032031294,-0.0051595913,0.0033075076,-0.0068133455,1.1030449,0.71297663,0.28702337,0.37082472,0.0
1507328,5734.2601401299635,7.0,220.75932,500.0,215.50914,-1.0,-0.08350455,1.0,0.8071705,-0.032313768,-0.003762382,0.0033190555,-0.00542191,1.0978135,0.7125037,0.28749633,0.3710009,0.0
1515520,5736.082817913876,7.0,220.65938,500.0,215.5191,-1.0,-0.082859226,1.0,0.8072372,-0.031395946,-0.0016031351,0.002715618,-0.002960944,1.0963542,0.7121809,0.28781912,0.37067834,0.0
1523712,5724.816881607187,7.0,220.6778,500.0,215.45161,-1.0,-0.08243832,1.0,0.8075456,-0.031068554,-0.0064922236,0.0029740394,-0.007979244,1.0956076,0.71175617,0.28824383,0.37068215,0.0
1531904,5744.693953613417,7.0,220.65498,500.0,215.41753,-1.0,-0.083261184,1.0,0.8075186,-0.03137796,-0.0041982457,0.0035885056,-0.0059924987,1.1046832,0.7121212,0.28787878,0.37113997,0.0
1540096,5728.571730483653,7.0,220.55432,500.0,215.46298,-1.0,-0.08253194,1.0,0.8075594,-0.030914513,-0.003199703,0.001680015,-0.0040397104,1.1065189,0.7117841,0.28821588,0.3707478,0.0
1548288,5728.937552104384,7.0,220.54619,500.0,215.45235,-1.0,-0.08125089,1.0,0.8077138,-0.02975039,-0.0048470614,0.0028626362,-0.00627838,1.0997735,0.7111238,0.2888762,0.37012708,0.0
1556480,5733.38367625158,7.0,220.6437,500.0,215.462,-1.0,-0.08023289,1.0,0.807666,-0.028962981,-0.006190585,0.0027170077,-0.0075490884,1.0895287,0.71073556,0.2892644,0.3694973,0.0
1564672,5739.790139914297,7.0,220.58296,500.0,215.36224,-1.0,-0.07950854,1.0,0.8079394,-0.028093899,-0.005671991,0.0032147628,-0.0072793714,1.0852437,0.71021044,0.2897896,0.36929813,0.0
1572864,5734.865018175287,7.0,220.42558,500.0,215.28447,-1.0,-0.07778714,1.0,0.8084524,-0.026960408,-0.004395604,0.003336842,-0.0060640248,1.0822132,0.7090705,0.29092953,0.36871666,0.0
1581056,5725.022917427912,7.0,220.25114,500.0,215.22556,-1.0,-0.076740615,1.0,0.80892473,-0.026313225,-0.003017555,0.0042755245,-0.0051553175,1.0706692,0.7082461,0.29175386,0.36849448,0.0
1589248,5728.105686021732,7.0,220.24365,500.0,215.20317,-1.0,-0.076357074,1.0,0.8089808,-0.025697585,-0.004779748,0.0024955198,-0.006027508,1.059369,0.70803833,0.29196167,0.36831877,0.0
1597440,5730.388881893551,7.0,220.30016,500.0,215.17493,-1.0,-0.07521084,1.0,0.8091046,-0.024844809,-0.0017460327,0.0026605697,-0.0030763177,1.0575875,0.70745194,0.29254803,0.36775887,0.0
1605632,5723.137670492004,7.0,220.14395,500.0,215.10735,-1.0,-0.07472528,1.0,0.8094013,-0.024454387,-0.004405923,0.0034505664,-0.0061312066,1.0539312,0.7070055,0.2929945,0.36771977,0.0
1613824,5733.6037238671415,7.0,220.0574,500.0,215.09671,-1.0,-0.07434741,1.0,0.8095672,-0.024193222,-0.004883196,0.0030119293,-0.0063891616,1.048077,0.7067104,0.2932896,0.367637,0.0
1622016,5734.442930008889,7.0,219.94455,500.0,215.07399,-1.0,-0.073127635,1.0,0.8098095,-0.023458237,-0.00425437,0.0027247171,-0.005616728,1.0384216,0.7059943,0.29400572,0.36713335,0.0
1630208,5730.641195918538,7.0,219.89099,500.0,215.05962,-1.0,-0.073167436,1.0,0.8098508,-0.023278482,-0.0022303653,0.0031389296,-0.00379983,1.0278773,0.7059778,0.29402217,0.36718962,0.0
1638400,5729.921586193119,7.0,219.67917,500.0,215.00456,-1.0,-0.07137097,1.0,0.81030846,-0.022029106,-0.0030903379,0.0038123806,-0.004996529,1.0190206,0.7048387,0.29516128,0.36653227,0.0
1646592,5726.216499961836,7.0,219.47462,500.0,214.96463,-1.0,-0.0690438,1.0,0.8106944,-0.020510212,-0.00435495,0.0032928959,-0.006001398,1.0064431,0.70352566,0.29647437,0.36551815,0.0
1654784,5728.211685374077,7.0,219.18811,500.0,214.84029,-1.0,-0.068100356,1.0,0.8112825,-0.019707484,-0.0039023985,0.0036712105,-0.005738004,0.9908958,0.7026417,0.2973583,0.36545864,0.0
1662976,5731.734813497837,7.0,219.23326,500.0,214.8346,-1.0,-0.06828688,1.0,0.8111702,-0.019712005,-0.0014687891,0.0027439496,-0.002840764,0.98063964,0.7028134,0.29718664,0.3654735,0.0
1671168,5727.123230095428,7.0,219.77713,500.0,214.98018,-1.0,-0.068098,1.0,0.81038064,-0.019646484,-0.0020676227,0.0009208363,-0.0025280411,0.9767838,0.70337194,0.29662803,0.36472604,0.0
1679360,5735.115811998267,7.0,219.76753,500.0,214.94817,-1.0,-0.06712993,1.0,0.81061125,-0.018839385,-0.0026096855,0.0032004882,-0.0042099296,0.9790167,0.7027665,0.29723352,0.36436343,0.0
1687552,5726.606835947298,7.0,219.83408,500.0,214.99709,-1.0,-0.066318534,1.0,0.8105304,-0.018357974,-0.0034037759,0.0016731668,-0.004240359,0.96865726,0.70248044,0.2975196,0.3638381,0.0
1695744,5732.352547704764,7.0,219.9453,500.0,215.0323,-1.0,-0.06574844,1.0,0.81043184,-0.017911155,-0.004560914,0.002426004,-0.0057739164,0.9657535,0.7023129,0.2976871,0.36343554,0.0
1703936,5726.646922362176,7.0,219.91316,500.0,214.99985,-1.0,-0.0657435,1.0,0.8105524,-0.017725114,-0.0049805464,0.0025415297,-0.0062513114,0.97162145,0.70221305,0.29778698,0.3635305,0.0
1712128,5730.006630248495,7.0,219.76733,500.0,214.99586,-1.0,-0.0642131,1.0,0.81082606,-0.016309617,-0.0040071546,0.002875595,-0.0054449514,0.9723597,0.7013254,0.29867455,0.36288765,0.0
1720320,5731.877282175327,7.0,219.88995,500.0,215.0298,-1.0,-0.06264412,1.0,0.8108576,-0.01536797,-0.0022281008,0.0023287,-0.003392451,0.97341627,0.7006149,0.2993851,0.3620292,0.0
1728512,5728.629991373645,7.0,219.78218,500.0,215.01332,-1.0,-0.06156003,1.0,0.81106186,-0.014808371,-0.0046115704,0.0026238835,-0.005923512,0.96724737,0.69997454,0.3000255,0.36158553,0.0
1736704,5733.989326287838,7.0,219.82591,500.0,215.05748,-1.0,-0.061113223,1.0,0.8109294,-0.014758983,-0.00626446,0.002617325,-0.0075731226,0.95797884,0.6998859,0.30011413,0.36122733,0.0
1744896,5732.232050394645,7.0,219.87541,500.0,215.09048,-1.0,-0.06071699,1.0,0.81079215,-0.014376892,-0.0057148933,0.0020524592,-0.006741123,0.9485357,0.69982326,0.3001767,0.36089373,0.0
1753088,5734.580747884481,7.0,220.03685,500.0,215.07411,-1.0,-0.06100629,1.0,0.8107309,-0.014446127,-0.005553327,0.0025184294,-0.0068125413,0.94689083,0.7,0.3,0.3610063,0.0
1761280,5736.007169061919,7.0,220.10893,500.0,215.05438,-1.0,-0.062100913,1.0,0.8106897,-0.014978327,-0.0029175077,0.0034395084,-0.0046372614,0.9425373,0.70051336,0.29948667,0.36158758,0.0
1769472,5733.733846925829,7.0,220.22383,500.0,215.15964,-1.0,-0.061814558,1.0,0.81036866,-0.014882377,-0.0073233377,0.002055422,-0.008351048,0.9369052,0.70064807,0.29935193,0.3611665,0.0
1777664,5732.785806074864,7.0,220.2648,500.0,215.16527,-1.0,-0.0615461,1.0,0.81030345,-0.014717544,-0.0011189716,0.0023816978,-0.0023098206,0.9301188,0.7005832,0.2994168,0.3609629,0.0
1785856,5740.471949912498,7.0,220.3288,500.0,215.2039,-1.0,-0.060568605,1.0,0.8103411,-0.014054226,-0.0039385185,0.0019417765,-0.0049094064,0.9299552,0.7001236,0.2998764,0.360445,0.0
1794048,5730.027652763683,7.0,220.5899,500.0,215.2883,-1.0,-0.059359606,1.0,0.8099891,-0.013291809,-0.0033693844,0.0011786363,-0.003958703,0.923854,0.69987684,0.30012316,0.35948277,0.0
1802240,5736.476415656626,7.0,220.63654,500.0,215.31776,-1.0,-0.058001228,1.0,0.8099296,-0.0124465255,-0.0031251218,0.002223471,-0.0042368574,0.90927607,0.69932556,0.30067444,0.35867566,0.0
1810432,5737.959356368398,7.0,220.89368,500.0,215.3829,-1.0,-0.057069533,1.0,0.8096591,-0.011990602,-0.0038472936,0.0019009745,-0.0047977804,0.9012754,0.6991323,0.30086765,0.3579372,0.0
1818624,5734.129036241774,7.0,220.80164,500.0,215.4523,-1.0,-0.056152344,1.0,0.80950236,-0.011361932,-0.006151809,0.0023987268,-0.007351172,0.8995809,0.69885254,0.30114746,0.3572998,0.0
1826816,5735.135914742783,7.0,220.49268,500.0,215.4418,-1.0,-0.05456543,1.0,0.8098371,-0.010414515,-0.0038978665,0.0024264818,-0.005111107,0.89278,0.697876,0.30212402,0.35668945,0.0
1835008,5727.084091602707,7.0,219.83752,500.0,215.35478,-1.0,-0.052612305,1.0,0.81071955,-0.009236939,-0.006492311,0.002781466,-0.007883045,0.87987614,0.69628906,0.30371094,0.35632324,0.0
1843200,5735.492043863828,7.0,219.37976,500.0,215.25327,-1.0,-0.05041504,1.0,0.8114611,-0.0077113956,-0.0036756424,0.0024762205,-0.004913752,0.8690879,0.69470215,0.30529785,0.3557129,0.0
1851392,5726.595382788983,7.0,218.4801,500.0,215.03496,-1.0,-0.048950195,1.0,0.8129034,-0.0066575613,-0.003766784,0.0035222357,-0.0055279024,0.8570592,0.6928711,0.3071289,0.3560791,0.0
1859584,5731.1344193104005,7.0,218.26074,500.0,214.9643,-1.0,-0.048217773,1.0,0.8132474,-0.0061893426,-0.0058638873,0.0024051815,-0.007066478,0.84495074,0.69226074,0.30773926,0.35595703,0.0
1867776,5718.660779308277,7.0,217.68628,500.0,214.7218,-1.0,-0.045043945,1.0,0.81447923,-0.003973592,-0.005472648,0.00434886,-0.0076470785,0.83540297,0.68981934,0.31018066,0.3552246,0.0
1875968,5730.573336553331,7.0,216.75867,500.0,214.4425,-1.0,-0.04333496,1.0,0.8160691,-0.0024598315,-0.006592067,0.0030579288,-0.008121031,0.8334026,0.68774414,0.31225586,0.35559082,0.0
1884160,5726.733778186378,7.0,215.54749,500.0,214.00485,-1.0,-0.041503906,1.0,0.8180316,-0.0009596832,-0.0051603448,0.0041218833,-0.0072212867,0.81605947,0.68530273,0.31469727,0.35620117,0.0
1892352,5733.369325906817,7.0,214.91235,500.0,213.79634,-1.0,-0.042236328,1.0,0.81888914,-0.0013587326,-0.0037238614,0.0023238638,-0.0048857937,0.8054198,0.6849365,0.31506348,0.3572998,0.0
1900544,5730.629726617193,7.0,214.39441,500.0,213.62538,-1.0,-0.041259766,1.0,0.8196838,-0.00048602372,-0.0043223826,0.0023060793,-0.0054754214,0.8035699,0.6838379,0.3161621,0.35742188,0.0
1908736,5732.976154408444,7.0,213.33582,500.0,213.26027,-1.0,-0.03942871,1.0,0.82133603,0.0013310686,-0.003823401,0.003192339,-0.00541957,0.7944491,0.6816406,0.31835938,0.3577881,0.0
1916928,5728.196405946166,7.0,213.1134,500.0,213.10567,-1.0,-0.037597656,1.0,0.82194173,0.003123816,-0.0037898081,0.0028181784,-0.005198897,0.7805882,0.68029785,0.31970215,0.3572998,0.0
1925120,5735.417367964212,7.0,212.5133,500.0,212.94215,-1.0,-0.036499023,1.0,0.8228077,0.004142426,-0.004333216,0.0019087327,-0.0052875825,0.7695112,0.67907715,0.32092285,0.35742188,0.0
1933312,5726.356785742796,7.0,212.04968,500.0,212.77081,-1.0,-0.036499023,1.0,0.8235492,0.0045021437,-0.0014200553,0.0020492582,-0.0024446843,0.7671915,0.6784668,0.3215332,0.35803223,0.0
1941504,5736.901676837668,7.0,211.71252,500.0,212.67538,-1.0,-0.03540039,1.0,0.8239676,0.0053918622,-0.0041870577,0.0016499572,-0.0050120363,0.761048,0.6776123,0.3223877,0.3577881,0.0
1949696,5736.743633226283,7.0,211.7041,500.0,212.60097,-1.0,-0.033081055,1.0,0.8242862,0.007540269,-0.004311499,0.0022409721,-0.005431985,0.7509203,0.67626953,0.32373047,0.35681152,0.0
1957888,5740.911232572668,7.0,211.50574,500.0,212.56793,-1.0,-0.03173828,1.0,0.82456094,0.00882088,-0.0033999132,0.0019569818,-0.004378404,0.7352312,0.67541504,0.32458496,0.35632324,0.0
1966080,5730.159524786714,7.0,211.26575,500.0,212.44016,-1.0,-0.03100586,1.0,0.82503283,0.009671157,-0.0059764497,0.0030662427,-0.007509571,0.7159976,0.6746826,0.32531738,0.35632324,0.0
1974272,5735.822364435494,7.0,210.73633,500.0,212.27841,-1.0,-0.030029297,1.0,0.82580847,0.010774888,-0.003529707,0.001872177,-0.004465795,0.69924057,0.673584,0.32641602,0.3564453,0.0
1982464,5726.359648789489,7.0,210.28064,500.0,212.15353,-1.0,-0.028564453,1.0,0.8264515,0.012082322,-0.0046216995,0.002739728,-0.005991563,0.6934084,0.6723633,0.32763672,0.35620117,0.0
1990656,5731.099049691142,7.0,210.0586,500.0,212.02008,-1.0,-0.026855469,1.0,0.8269516,0.014025908,-0.0064850436,0.002430601,-0.0077003436,0.68384904,0.6711426,0.32885742,0.3557129,0.0
1998848,5728.848719060688,7.0,209.35486,500.0,211.89171,-1.0,-0.024414062,1.0,0.82776505,0.015405854,-0.004641492,0.002940207,-0.006111596,0.6770551,0.6693115,0.33068848,0.35510254,0.0
2007040,5740.709806413304,7.0,209.4071,500.0,211.88573,-1.0,-0.023925781,1.0,0.82777923,0.015995547,-0.0054438375,0.0020043396,-0.006446007,0.6770835,0.6690674,0.33093262,0.3548584,0.0010833333944901824
2015232,5733.8859835792,7.0,208.98425,500.0,211.77182,-1.0,-0.022460938,1.0,0.82840997,0.016947852,-0.0046339524,0.0033027988,-0.0062853517,0.6716889,0.6678467,0.33215332,0.35461426,0.0020833334419876337
2023424,5731.94995349011,7.0,208.56128,500.0,211.5945,-1.0,-0.021484375,1.0,0.8291723,0.017672393,-0.0013787565,0.004479016,-0.0036182643,0.66223633,0.66674805,0.33325195,0.35473633,0.003833333496004343
2031616,5724.376243657698,7.0,208.50854,500.0,211.57237,-1.0,-0.021850586,1.0,0.8292364,0.017535273,-0.004272139,0.002603359,-0.005573819,0.65746355,0.6668701,0.33312988,0.35498047,0.005069820210337639
2039808,5740.806681039956,7.0,207.74658,500.0,211.41089,-1.0,-0.019897461,1.0,0.83016825,0.018639795,-0.003987508,0.0027779432,-0.0053764796,0.6580233,0.66516113,0.33483887,0.35473633,0.006375375669449568
2048000,5735.585870186478,7.0,207.24548,500.0,211.34937,-1.0,-0.017822266,1.0,0.8307298,0.020405151,-0.0040864237,0.003333114,-0.005752981,0.65399,0.6636963,0.3363037,0.35412598,0.007755810394883156
2056192,5771.319041651403,7.0,206.49426,500.0,211.234,-1.0,-0.014892578,1.0,0.83152187,0.022791935,-0.006798459,0.0029144583,-0.008255688,0.65409887,0.6616211,0.3383789,0.35327148,0.008705810643732548
2064384,5738.921570258397,7.0,206.26135,500.0,211.24757,-1.0,-0.013061523,1.0,0.83162606,0.023752734,-0.0071463953,0.003159325,-0.008726058,0.64548093,0.66064453,0.33935547,0.352417,0.009919225238263607
2072576,5733.409507053182,7.0,206.16638,500.0,211.2644,-1.0,-0.01159668,1.0,0.8317945,0.025115946,-0.003921611,0.0039608716,-0.005902047,0.64197165,0.65979004,0.34020996,0.35180664,0.011669225059449673
2080768,5733.532924095689,7.0,205.66907,500.0,211.12816,-1.0,-0.009521484,1.0,0.83248097,0.026938621,-0.004841347,0.0029681036,-0.006325399,0.64511275,0.6582031,0.34179688,0.35131836,0.012770576402544975
2088960,5731.428864436163,7.0,205.65576,500.0,211.14148,-1.0,-0.008056641,1.0,0.8324964,0.027887614,-0.003042636,0.0027931347,-0.0044392035,0.64416516,0.6574707,0.3425293,0.35058594,0.01383636612445116
2097152,5732.401321865774,7.0,205.2445,500.0,211.09131,-1.0,-0.0068359375,1.0,0.83280057,0.028817492,-0.0035236902,0.0031868662,-0.0051171225,0.63918734,0.6566162,0.3433838,0.35021973,0.015364143997430801
2105344,5733.634340526073,7.0,204.97034,500.0,211.02429,-1.0,-0.0048828125,1.0,0.8331074,0.03050747,-0.0044643558,0.0026106741,-0.0057696933,0.63465524,0.6553955,0.3446045,0.3494873,0.016542715951800346
2113536,5733.083290688057,7.0,205.20337,500.0,211.11894,-1.0,-0.0026855469,1.0,0.83282435,0.03242171,-0.002982052,0.00301418,-0.004489142,0.6321547,0.654541,0.34545898,0.34814453,0.0177927166223526
2121728,5736.8767724179015,7.0,205.1554,500.0,211.14357,-1.0,-0.00048828125,1.0,0.8328284,0.034392,-0.0028378798,0.0022627078,-0.0039692335,0.6275339,0.6534424,0.34655762,0.3470459,0.018542716279625893
2129920,5730.505478795217,7.0,205.1847,500.0,211.1911,-1.0,0.0008544922,1.0,0.83275497,0.0358423,-0.00359756,0.002445632,-0.0048203757,0.6224934,0.65283203,0.34716797,0.34631348,0.019455507397651672
2138112,5735.84342964649,7.0,205.31824,500.0,211.29955,-1.0,0.0043945312,1.0,0.83252376,0.038510308,-0.0062557547,0.003747409,-0.00812946,0.62163746,0.6512451,0.34875488,0.34436035,0.02013573981821537
2146304,5726.933270218804,7.0,205.15735,500.0,211.30298,-1.0,0.007080078,1.0,0.832652,0.040790707,-0.0038434803,0.0028223076,-0.0052546337,0.6141056,0.6497803,0.35021973,0.34313965,0.021135739982128143
2154496,5734.980840077606,7.0,205.34619,500.0,211.45122,-1.0,0.008911133,1.0,0.8322677,0.042261355,-0.0032719923,0.0018309801,-0.004187482,0.59795356,0.6491699,0.35083008,0.34191895,0.021621033549308777
2162688,5727.116547875875,7.0,204.7395,500.0,211.30518,-1.0,0.010986328,1.0,0.8329028,0.043597944,-0.005280792,0.0034880347,-0.007024809,0.5939563,0.647583,0.352417,0.34143066,0.02288266085088253
2170880,5728.96238764162,7.0,204.66382,500.0,211.27365,-1.0,0.010986328,1.0,0.8330493,0.044028196,-0.0029526302,0.0021414137,-0.004023337,0.5931351,0.64746094,0.35253906,0.34155273,0.02403891086578369
2179072,5729.156303278766,7.0,204.71545,500.0,211.28793,-1.0,0.010375977,1.0,0.83298385,0.04366942,-0.00510965,0.0020316073,-0.0061254534,0.5901224,0.64782715,0.35217285,0.34179688,0.02588568441569805
2187264,5726.590610653207,7.0,205.0957,500.0,211.43697,-1.0,0.010986328,1.0,0.83246297,0.04388421,-0.004041441,0.0019695053,-0.0050261933,0.5856529,0.6479492,0.35205078,0.34106445,0.027014994993805885
2195456,5727.937623017816,7.0,204.73022,500.0,211.45656,-1.0,0.012817383,1.0,0.8326566,0.045578234,-0.004367985,0.001870507,-0.0053032385,0.5751802,0.6468506,0.3531494,0.34033203,0.028041590005159378
2203648,5728.449481976503,7.0,204.68896,500.0,211.42569,-1.0,0.013305664,1.0,0.8327957,0.04590333,-0.005083529,0.0017386645,-0.005952861,0.56668895,0.6464844,0.35351562,0.34020996,0.02879158966243267
2211840,5726.24226622263,7.0,205.00293,500.0,211.57101,-1.0,0.015258789,1.0,0.83232224,0.047251374,-0.0036616442,0.0014305653,-0.004376927,0.5601937,0.645874,0.35412598,0.3388672,0.02911301888525486
2220032,5737.2379076688385,7.0,205.06396,500.0,211.62471,-1.0,0.016235352,1.0,0.83215714,0.048260648,-0.0039171716,0.002812801,-0.005323572,0.55286825,0.6455078,0.3544922,0.33825684,0.030692286789417267
2228224,5727.315111909355,7.0,204.98694,500.0,211.69576,-1.0,0.017333984,1.0,0.8320615,0.049246468,-0.0030821105,0.0026995412,-0.004431881,0.54103374,0.64501953,0.35498047,0.33764648,0.03219904378056526
2236416,5739.756581016796,7.0,205.01929,500.0,211.72508,-1.0,0.018066406,1.0,0.83219266,0.049758926,-0.005316381,0.0021090053,-0.0063708834,0.5274404,0.64453125,0.35546875,0.33740234,0.03366779536008835
2244608,5731.362898450352,7.0,204.6195,500.0,211.60387,-1.0,0.019042969,1.0,0.8327574,0.05050716,-0.0035579854,0.001763036,-0.0044395034,0.5171613,0.6435547,0.3564453,0.33740234,0.03503544256091118
2252800,5729.703732039927,7.0,204.63074,500.0,211.755,-1.0,0.022216797,1.0,0.832239,0.052361235,-0.004126982,0.0024344428,-0.0053442027,0.5044204,0.642334,0.35766602,0.33544922,0.03655627742409706
2260992,5733.2650488924755,7.0,204.63281,500.0,211.80139,-1.0,0.022705078,1.0,0.8322258,0.052671313,-0.0051600304,0.0020952458,-0.0062076533,0.4963377,0.64208984,0.35791016,0.33520508,0.038181278854608536
2269184,5726.473218617446,7.0,204.7981,500.0,211.88373,-1.0,0.02355957,1.0,0.83198196,0.053304013,-0.0041371505,0.0023398956,-0.005307099,0.4904555,0.6418457,0.3581543,0.33459473,0.039097946137189865
2277376,5738.328294666404,7.0,205.05786,500.0,212.03204,-1.0,0.024536133,1.0,0.83151335,0.054159675,-0.005054067,0.0020435015,-0.006075818,0.48140478,0.64172363,0.35827637,0.33374023,0.03984794765710831
2285568,5735.2546195357345,7.0,204.9176,500.0,212.00882,-1.0,0.025390625,1.0,0.83170795,0.054757454,-0.0036518774,0.0033679951,-0.005335875,0.4729026,0.6411133,0.35888672,0.3334961,0.041725605726242065
2293760,5734.761643899634,7.0,204.57141,500.0,212.00697,-1.0,0.028930664,1.0,0.83181256,0.057115454,-0.006771259,0.0016046297,-0.007573574,0.4652523,0.63916016,0.36083984,0.33190918,0.042522117495536804
2301952,5729.063642445015,7.0,204.15771,500.0,211.8996,-1.0,0.029296875,1.0,0.8323132,0.05770505,-0.0032606325,0.0028600623,-0.004690664,0.454002,0.6385498,0.3614502,0.33215332,0.043976664543151855
2310144,5738.27271131609,7.0,204.31543,500.0,211.9649,-1.0,0.030029297,1.0,0.8319937,0.05841921,-0.0048662126,0.0015278044,-0.0056301146,0.44563863,0.63842773,0.36157227,0.33154297,0.04468820244073868
2318336,5738.646482154528,7.0,204.72742,500.0,212.115,-1.0,0.030639648,1.0,0.83131087,0.058865614,-0.0033793142,0.0014802674,-0.004119448,0.4377018,0.6386719,0.36132812,0.33068848,0.045152489095926285
2326528,5731.614342156295,7.0,204.19849,500.0,212.03151,-1.0,0.03137207,1.0,0.8318708,0.058993794,-0.0049586836,0.003906956,-0.006912161,0.43139642,0.6378174,0.36218262,0.33081055,0.046688202768564224
2334720,5740.775028574608,7.0,203.90515,500.0,211.97388,-1.0,0.03137207,1.0,0.8321642,0.05889625,-0.0035445103,0.0018834223,-0.004486222,0.42994514,0.63757324,0.36242676,0.3310547,0.04829534515738487
2342912,5725.898735143338,7.0,203.65125,500.0,211.92044,-1.0,0.032592773,1.0,0.83241063,0.05982314,-0.0038409582,0.0030694099,-0.005375663,0.42600346,0.63671875,0.36328125,0.33068848,0.04967325180768967
2351104,5736.088563477832,7.0,203.6842,500.0,212.0205,-1.0,0.033569336,1.0,0.83207846,0.0604957,-0.00021109555,0.0033222658,-0.0018722282,0.41889134,0.6364746,0.3635254,0.32995605,0.05038069933652878
2359296,5727.233011649074,7.0,203.7898,500.0,212.13214,-1.0,0.03515625,1.0,0.831646,0.061690267,-0.0051897625,0.0019740711,-0.0061767977,0.4115539,0.6359863,0.36401367,0.32885742,0.05130717158317566
2367488,5737.720769588513,7.0,204.12927,500.0,212.31172,-1.0,0.03515625,1.0,0.8310587,0.061279424,-0.004355191,0.0013766383,-0.0050435103,0.40164554,0.6364746,0.3635254,0.32836914,0.05267007648944855
2375680,5726.194551107758,7.0,203.91382,500.0,212.385,-1.0,0.036499023,1.0,0.83107424,0.061749823,-0.0029665553,0.0033157647,-0.0046244375,0.3960753,0.6357422,0.3642578,0.3277588,0.05408674478530884
2383872,5729.862343511531,7.0,203.89111,500.0,212.48587,-1.0,0.037475586,1.0,0.830737,0.062396593,-0.00478222,0.0021340367,-0.005849238,0.39477196,0.63549805,0.36450195,0.32702637,0.05505625531077385
2392064,5724.625167149998,7.0,204.14905,500.0,212.61737,-1.0,0.037353516,1.0,0.830375,0.062181078,-0.003618029,0.0020091245,-0.0046225917,0.3967858,0.63586426,0.36413574,0.32678223,0.057047635316848755
2400256,5728.484818899476,7.0,204.09387,500.0,212.64854,-1.0,0.036987305,1.0,0.8303179,0.061747357,-0.006891325,0.002263111,-0.008022881,0.3984651,0.6361084,0.3638916,0.3269043,0.05854763463139534
2408448,5727.778163262925,7.0,203.78516,500.0,212.60039,-1.0,0.03894043,1.0,0.8306696,0.06302272,-0.0056168535,0.0030873101,-0.0071605076,0.38974327,0.6347656,0.36523438,0.32629395,0.05977911502122879
2416640,5730.097410396504,7.0,203.95422,500.0,212.69545,-1.0,0.0390625,1.0,0.8304434,0.062886916,-0.0032738745,0.0016465621,-0.0040971558,0.38072416,0.6348877,0.3651123,0.3260498,0.061129115521907806
2424832,5726.640241254057,7.0,204.14539,500.0,212.87073,-1.0,0.03930664,1.0,0.82999074,0.062918186,-0.0043624453,0.0026605031,-0.0056926967,0.38008916,0.63513184,0.36486816,0.32556152,0.06241757795214653
2433024,5729.943563628456,7.0,203.82141,500.0,212.92305,-1.0,0.03918457,1.0,0.8300701,0.06295329,-0.0042616157,0.0032914558,-0.0059073432,0.37710106,0.63513184,0.36486816,0.3256836,0.06390227377414703
2441216,5724.068218884971,7.0,203.48547,500.0,212.82298,-1.0,0.040039062,1.0,0.8305439,0.063523166,-0.0044357316,0.0035808904,-0.0062261773,0.37726808,0.63427734,0.36572266,0.3256836,0.06586157530546188
2449408,5731.495788002433,7.0,203.39893,500.0,212.89278,-1.0,0.041381836,1.0,0.8304046,0.06434977,-0.0043372344,0.0022076154,-0.0054410417,0.38051268,0.633667,0.366333,0.32495117,0.06682778894901276
2457600,5734.326172825496,7.0,203.4032,500.0,212.91833,-1.0,0.043823242,1.0,0.83013237,0.06621159,-0.004906701,0.002288335,-0.006050869,0.37234455,0.63256836,0.36743164,0.3236084,0.06764921545982361
2465792,5728.55835929905,7.0,203.28821,500.0,212.91293,-1.0,0.045166016,1.0,0.8301338,0.067725115,-0.0042469604,0.0036881457,-0.0060910336,0.35920137,0.63183594,0.36816406,0.32299805,0.06862370669841766
2473984,5735.673954834061,7.0,203.28271,500.0,212.9612,-1.0,0.047729492,1.0,0.830064,0.06955256,-0.004600866,0.003908217,-0.006554975,0.34287828,0.63049316,0.36950684,0.32177734,0.0702364519238472
2482176,5731.677445560744,7.0,202.9209,500.0,212.84723,-1.0,0.049926758,1.0,0.8302288,0.07080795,-0.005785259,0.0032950398,-0.0074327784,0.32379672,0.6291504,0.3708496,0.32092285,0.07154200971126556
2490368,5733.317665260469,7.0,202.60535,500.0,212.6966,-1.0,0.048095703,1.0,0.83085126,0.06996036,-0.0034350324,0.0046331193,-0.005751592,0.308347,0.6296387,0.37036133,0.32226562,0.0736253410577774
2498560,5740.4920902233125,7.0,202.00732,500.0,212.53517,-1.0,0.050048828,1.0,0.8314703,0.07135351,-0.005166271,0.0053932974,-0.00786292,0.29513693,0.62805176,0.37194824,0.3218994,0.07494250684976578
2506752,5737.1775556431985,7.0,202.00513,500.0,212.62276,-1.0,0.05090332,1.0,0.8311981,0.071535006,-0.0037803894,0.0027500736,-0.005155426,0.28355622,0.6278076,0.37219238,0.32128906,0.07619250565767288
2514944,5738.343628193919,7.0,202.16907,500.0,212.69315,-1.0,0.05114746,1.0,0.83088934,0.07205452,-0.005765953,0.0028107297,-0.0071713175,0.27793023,0.6279297,0.3720703,0.32092285,0.07765303552150726
2523136,5727.089819153594,7.0,202.32617,500.0,212.81424,-1.0,0.053588867,1.0,0.8304415,0.07382956,-0.005642523,0.0026928675,-0.0069889557,0.2636432,0.6269531,0.37304688,0.319458,0.07862525433301926
2531328,5733.919473863825,7.0,202.55786,500.0,212.94629,-1.0,0.05419922,1.0,0.83003426,0.07471345,-0.0045080488,0.003150433,-0.006083266,0.2495769,0.6269531,0.37304688,0.31884766,0.07967960089445114
2539520,5733.1483396686,7.0,202.54187,500.0,212.99986,-1.0,0.056274414,1.0,0.8298227,0.07621964,-0.003645721,0.0026053723,-0.0049484074,0.24563892,0.62597656,0.37402344,0.31774902,0.08058344572782516
2547712,5727.149959129573,7.0,202.70374,500.0,213.06793,-1.0,0.057617188,1.0,0.8295098,0.07731463,-0.0035654467,0.002860719,-0.004995806,0.24021581,0.6254883,0.37451172,0.31689453,0.08141452819108963
2555904,5726.487534461685,7.0,202.86206,500.0,213.13861,-1.0,0.056762695,1.0,0.82934797,0.077508226,-0.0043205363,0.0039006118,-0.0062708426,0.2320385,0.62609863,0.37390137,0.31713867,0.08337382972240448
2564096,5732.870935174184,7.0,203.00928,500.0,213.22147,-1.0,0.055908203,1.0,0.829038,0.07673097,-0.003212839,0.0028114757,-0.0046185767,0.22594127,0.62683105,0.37316895,0.31726074,0.08474545180797577
2572288,5731.685094552672,7.0,203.14197,500.0,213.28607,-1.0,0.057617188,1.0,0.8287737,0.07758392,-0.0037642163,0.002126304,-0.004827368,0.21251133,0.62609863,0.37390137,0.31628418,0.08514061570167542
2580480,5737.42759373026,7.0,203.23865,500.0,213.34784,-1.0,0.056884766,1.0,0.82867694,0.07739067,-0.0022105346,0.0020998789,-0.0032604737,0.19786513,0.6265869,0.3734131,0.31652832,0.08614061772823334
2588672,5737.410349024558,7.0,203.2699,500.0,213.33627,-1.0,0.05834961,1.0,0.8285751,0.07823783,-0.005425903,0.0028538287,-0.006852817,0.18659845,0.6258545,0.3741455,0.3157959,0.08691626042127609
2596864,5728.387404653967,7.0,203.27588,500.0,213.41881,-1.0,0.060302734,1.0,0.82828784,0.07929486,-0.0036182473,0.0045161224,-0.0058763083,0.17572993,0.625,0.375,0.31469727,0.08833292871713638
2605056,5728.506785314571,7.0,203.3883,500.0,213.50261,-1.0,0.060546875,1.0,0.8279753,0.07964091,-0.0040756436,0.003698985,-0.0059251366,0.16939506,0.6251221,0.37487793,0.31433105,0.08974959701299667
2613248,5733.0603325767615,7.0,203.25562,500.0,213.45688,-1.0,0.06262207,1.0,0.8280421,0.08114051,-0.00460596,0.0040334202,-0.0066226707,0.16591015,0.62390137,0.37609863,0.31347656,0.09092816710472107
2621440,5734.961695638792,7.0,203.20508,500.0,213.40384,-1.0,0.06347656,1.0,0.82805073,0.08196647,-0.0026736092,0.0041690515,-0.004758135,0.156818,0.6234131,0.3765869,0.31311035,0.09220878034830093
2629632,5741.5347840900795,7.0,203.02551,500.0,213.34,-1.0,0.064208984,1.0,0.82828903,0.082806766,-0.005452706,0.0025174061,-0.0067114094,0.14584208,0.62280273,0.37719727,0.31298828,0.09353020787239075
2637824,5726.559114756552,7.0,203.26526,500.0,213.42165,-1.0,0.064453125,1.0,0.8279753,0.083222225,-0.006078394,0.0029769114,-0.0075668492,0.13585907,0.6229248,0.3770752,0.31262207,0.09467555582523346
2646016,5730.132767653521,7.0,203.17871,500.0,213.39403,-1.0,0.067871094,1.0,0.8278495,0.085133165,-0.0038737552,0.0030328976,-0.0053902045,0.12879583,0.62109375,0.37890625,0.31103516,0.09544828534126282
2654208,5733.546318512937,7.0,203.26404,500.0,213.47388,-1.0,0.068237305,1.0,0.8275983,0.085367635,-0.004293478,0.0036147223,-0.0061008395,0.12262771,0.62109375,0.37890625,0.31066895,0.09672889858484268
2662400,5735.7764045122,7.0,203.43372,500.0,213.58989,-1.0,0.068237305,1.0,0.82715565,0.08547376,-0.004402261,0.0022538728,-0.0055291974,0.12082225,0.62145996,0.37854004,0.31030273,0.09809180349111557
2670592,5724.215074858509,7.0,203.62732,500.0,213.64915,-1.0,0.0690918,1.0,0.8268633,0.0862974,-0.0049200933,0.00197305,-0.0059066173,0.12312825,0.6212158,0.37878418,0.30969238,0.0990084707736969
2678784,5733.342538788794,7.0,203.85706,500.0,213.66495,-1.0,0.07043457,1.0,0.8265285,0.08739209,-0.0036530076,0.002881825,-0.0050939196,0.11943622,0.62072754,0.37927246,0.3088379,0.09973069280385971
2686976,5729.68080098746,7.0,204.1875,500.0,213.7888,-1.0,0.07104492,1.0,0.82595915,0.08730036,-0.004907113,0.0017275081,-0.0057708668,0.11125695,0.6208496,0.3791504,0.30810547,0.10037355124950409
2695168,5734.110854424069,7.0,204.44934,500.0,213.82262,-1.0,0.07165527,1.0,0.82568467,0.08811614,-0.004912225,0.0028665992,-0.0063455245,0.103255816,0.62072754,0.37927246,0.3076172,0.10137355327606201
2703360,5731.384886943569,7.0,204.53503,500.0,213.90387,-1.0,0.07495117,1.0,0.82517016,0.08999634,-0.0035800207,0.0023776253,-0.004768833,0.092292376,0.6192627,0.3807373,0.30578613,0.10164986550807953
2711552,5734.184539345884,7.0,204.68579,500.0,213.95206,-1.0,0.0748291,1.0,0.8249593,0.08995958,-0.006083926,0.0025608027,-0.007364328,0.079328544,0.61950684,0.38049316,0.30566406,0.10276350378990173
2719744,5730.209217268474,7.0,204.78455,500.0,214.0129,-1.0,0.075805664,1.0,0.8247221,0.09060094,-0.0034406274,0.0023131073,-0.0045971805,0.07480706,0.6191406,0.38085938,0.3050537,0.1037297174334526
2727936,5737.2379076688385,7.0,205.03796,500.0,214.07646,-1.0,0.076660156,1.0,0.82427293,0.091236524,-0.007043547,0.002059144,-0.0080731185,0.07370526,0.61901855,0.38098145,0.3043213,0.10426096618175507
2736128,5731.110520871175,7.0,204.88013,500.0,214.05727,-1.0,0.07678223,1.0,0.8243357,0.09160282,-0.0016292845,0.003398386,-0.003328477,0.073918074,0.6188965,0.38110352,0.3043213,0.10563596338033676
2744320,5739.7287753704295,7.0,205.08276,500.0,214.10197,-1.0,0.07739258,1.0,0.82405645,0.092283756,-0.0023748127,0.001859731,-0.0033046782,0.072368026,0.6187744,0.3812256,0.303833,0.10605262964963913
2752512,5725.848163215245,7.0,204.94019,500.0,214.09723,-1.0,0.07922363,1.0,0.82395643,0.09388409,-0.004248579,0.0047224667,-0.0066098124,0.06663458,0.61779785,0.38220215,0.30297852,0.10770262777805328
2760704,5739.055769147897,7.0,205.00049,500.0,214.14899,-1.0,0.08081055,1.0,0.8235801,0.09486586,-0.007101217,0.0020542003,-0.008128317,0.06255993,0.6171875,0.3828125,0.30200195,0.10796544700860977
2768896,5726.456039698842,7.0,205.40283,500.0,214.26584,-1.0,0.08215332,1.0,0.8229282,0.095871985,-0.004592568,0.002114405,-0.00564977,0.053873695,0.61694336,0.38305664,0.30090332,0.10892757028341293
2777088,5728.554538972056,7.0,205.56042,500.0,214.31934,-1.0,0.083496094,1.0,0.8225704,0.09663616,-0.007538837,0.0027522151,-0.008914944,0.04836265,0.6164551,0.38354492,0.30004883,0.10972408205270767
2785280,5731.868676483762,7.0,205.74841,500.0,214.36475,-1.0,0.08459473,1.0,0.822384,0.09721309,-0.0067988476,0.0034804754,-0.008539085,0.03530349,0.6159668,0.3840332,0.29943848,0.11098571121692657
2793472,5731.162141749599,7.0,205.75159,500.0,214.34102,-1.0,0.08679199,1.0,0.82215506,0.09842862,-0.0040666168,0.0033471324,-0.0057401834,0.026166342,0.61486816,0.38513184,0.29833984,0.11185815930366516
2801664,5734.127122360796,7.0,206.06262,500.0,214.47485,-1.0,0.087890625,1.0,0.82166696,0.099245995,-0.0014965979,0.0034615637,-0.0032273792,0.022805355,0.614624,0.38537598,0.29748535,0.11289021372795105
2809856,5733.6601735863815,7.0,206.14001,500.0,214.54303,-1.0,0.08959961,1.0,0.8213337,0.10035727,-0.0026026142,0.0027356457,-0.003970437,0.011888802,0.6138916,0.3861084,0.2965088,0.11392226815223694
2818048,5726.538117684588,7.0,206.43274,500.0,214.68587,-1.0,0.09033203,1.0,0.8208074,0.10076308,-0.0018051292,0.0028398554,-0.003225057,0.0028467402,0.6138916,0.3861084,0.29577637,0.114783376455307
2826240,5735.646188729236,7.0,206.41663,500.0,214.73033,-1.0,0.08959961,1.0,0.8208877,0.10051124,-0.005473577,0.0022583818,-0.0066027674,-0.003387764,0.6142578,0.3857422,0.29614258,0.1159619465470314
2834432,5735.506404836691,7.0,206.2898,500.0,214.74055,-1.0,0.09094238,1.0,0.8209631,0.10174093,-0.0048550516,0.003308001,-0.006509053,-0.0058685243,0.6134033,0.38659668,0.2956543,0.1173398569226265
2842624,5728.23460466878,7.0,206.12854,500.0,214.66017,-1.0,0.09057617,1.0,0.82122666,0.10133065,-0.0043538436,0.003987517,-0.0063476022,-0.01439219,0.6134033,0.38659668,0.2960205,0.11911366879940033
2850816,5725.615353031199,7.0,206.26062,500.0,214.73495,-1.0,0.092041016,1.0,0.82076627,0.102138676,-0.004540678,0.0024286634,-0.005755009,-0.024484783,0.61291504,0.38708496,0.29504395,0.11953934282064438
2859008,5736.059835773152,7.0,206.4292,500.0,214.76326,-1.0,0.09313965,1.0,0.82041925,0.102721214,-0.0049450938,0.0022726455,-0.006081417,-0.026455775,0.6125488,0.38745117,0.29431152,0.12009579688310623
2867200,5733.302358581081,7.0,206.21582,500.0,214.72469,-1.0,0.09472656,1.0,0.82046074,0.10412343,-0.0039405073,0.003459867,-0.0056704413,-0.027454205,0.61157227,0.38842773,0.29370117,0.12096824496984482
2875392,5727.604390885638,7.0,206.2002,500.0,214.69772,-1.0,0.09399414,1.0,0.8206937,0.1039737,-0.0050407145,0.0037486644,-0.006915047,-0.0330294,0.6118164,0.3881836,0.29418945,0.1221955195069313
2883584,5714.982594285872,7.0,206.3523,500.0,214.75226,-1.0,0.09375,1.0,0.8204241,0.103913836,-0.0062213233,0.0027528037,-0.0075977244,-0.04055348,0.6121826,0.38781738,0.29406738,0.12330915778875351
2891776,5735.774489531381,7.0,206.43909,500.0,214.74364,-1.0,0.09448242,1.0,0.8203401,0.1044967,-0.0024133075,0.0044973134,-0.004661964,-0.054340675,0.6118164,0.3881836,0.29370117,0.12459761649370193
2899968,5727.593888497434,7.0,206.61609,500.0,214.8365,-1.0,0.095214844,1.0,0.8199576,0.10504976,-0.0066520786,0.0021243326,-0.007714245,-0.06707037,0.61169434,0.38830566,0.29309082,0.12538209557533264
2908160,5727.659767751296,7.0,206.57849,500.0,214.84444,-1.0,0.095581055,1.0,0.8198407,0.10537583,-0.0043783234,0.0021626262,-0.0054596364,-0.0762272,0.61157227,0.38842773,0.29284668,0.1262432038784027
2916352,5730.2818462921905,7.0,206.72534,500.0,214.88412,-1.0,0.095458984,1.0,0.81963146,0.105202675,-0.005483726,0.0023569905,-0.006662221,-0.082680985,0.6118164,0.3881836,0.2927246,0.12740345299243927
2924544,5729.6979992596025,7.0,206.40466,500.0,214.7783,-1.0,0.095581055,1.0,0.8199896,0.10551238,0.0025691502,0.0036948328,0.00072173367,-0.08183746,0.6114502,0.3885498,0.29296875,0.12901391088962555
2932736,5732.967545416928,7.0,206.50208,500.0,214.75108,-1.0,0.095947266,1.0,0.81987226,0.105759256,-0.0049194987,0.0026619048,-0.0062504513,-0.08510114,0.6113281,0.38867188,0.2927246,0.12991775572299957
2940928,5733.376022725433,7.0,206.29468,500.0,214.6574,-1.0,0.09729004,1.0,0.8200863,0.10686301,-0.0045736814,0.0032451558,-0.0061962595,-0.08958669,0.61035156,0.38964844,0.2923584,0.1310010850429535
2949120,5725.794729695771,7.0,206.44995,500.0,214.67783,-1.0,0.0982666,1.0,0.81982094,0.10766637,-0.004103726,0.0029938528,-0.005600652,-0.09173139,0.60998535,0.39001465,0.29174805,0.13150866329669952
2957312,5736.266681669667,7.0,206.14807,500.0,214.61163,-1.0,0.10131836,1.0,0.81982166,0.110047854,-0.005510137,0.0021313801,-0.006575827,-0.09724725,0.6081543,0.3918457,0.29052734,0.1318684220314026
2965504,5725.454114451632,7.0,206.60657,500.0,214.7503,-1.0,0.103271484,1.0,0.81898195,0.11183292,-0.003168376,0.0010398382,-0.003688295,-0.105070725,0.607666,0.39233398,0.2890625,0.13213565945625305
2973696,5730.443356904603,7.0,206.76025,500.0,214.84755,-1.0,0.10290527,1.0,0.8188045,0.11174736,-0.005451521,0.0019186175,-0.0064108297,-0.117020294,0.6080322,0.39196777,0.2890625,0.1328231543302536
2981888,5735.963121282488,7.0,206.97107,500.0,214.8932,-1.0,0.103271484,1.0,0.8185347,0.11239199,-0.0034334704,0.0036235808,-0.0052452604,-0.13393608,0.6080322,0.39196777,0.2886963,0.1337926685810089
2990080,5732.767632774396,7.0,207.26074,500.0,215.03279,-1.0,0.10424805,1.0,0.81796336,0.1131585,-0.0058140913,0.0017348918,-0.0066815377,-0.149958,0.60791016,0.39208984,0.2878418,0.13470932841300964
2998272,5731.734813497837,7.0,207.20618,500.0,215.06303,-1.0,0.10644531,1.0,0.8176803,0.11472814,-0.0041328343,0.002915204,-0.005590436,-0.15776564,0.6068115,0.39318848,0.28674316,0.13545933365821838
3006464,5727.090773746522,7.0,207.22363,500.0,215.0556,-1.0,0.109375,1.0,0.8172935,0.11704539,-0.0024567693,0.0024666996,-0.003690119,-0.17006381,0.6053467,0.39465332,0.28527832,0.13602328300476074
3014656,5726.711825366627,7.0,207.21448,500.0,215.05223,-1.0,0.111328125,1.0,0.8170298,0.1180154,-0.005969784,0.0023153,-0.007127434,-0.17918912,0.6043701,0.39562988,0.28430176,0.13643117249011993
3022848,5735.626082407352,7.0,207.51868,500.0,215.15419,-1.0,0.111816406,1.0,0.8165147,0.11836879,-0.004692226,0.0026117591,-0.0059981053,-0.19436264,0.6044922,0.3955078,0.2836914,0.13718117773532867
3031040,5731.222367283078,7.0,207.93176,500.0,215.30675,-1.0,0.11291504,1.0,0.8156904,0.11919255,-0.004722445,0.001158242,-0.005301566,-0.20171925,0.6044922,0.3955078,0.28259277,0.13771243393421173
3039232,5735.594487043484,7.0,208.09985,500.0,215.31885,-1.0,0.11401367,1.0,0.8154627,0.12011962,-0.0047307136,0.001481684,-0.0054715555,-0.21619223,0.6040039,0.3959961,0.28198242,0.1383715271949768
3047424,5725.1326184749905,7.0,207.88074,500.0,215.32617,-1.0,0.11401367,1.0,0.81561244,0.12010972,-0.004814181,0.004153297,-0.0068908297,-0.2301896,0.60388184,0.39611816,0.2821045,0.1395798623561859
3055616,5729.660736467117,7.0,208.11353,500.0,215.40517,-1.0,0.11584473,1.0,0.8151297,0.12143766,-0.0049570953,0.001977167,-0.005945679,-0.2401869,0.6031494,0.3968506,0.28100586,0.14006516337394714
3063808,5733.3626291038445,7.0,208.18604,500.0,215.40225,-1.0,0.11633301,1.0,0.81506026,0.12190986,-0.0054922085,0.0019844642,-0.006484441,-0.24684134,0.6029053,0.39709473,0.28076172,0.14072425663471222
3072000,5728.142928590386,7.0,208.34949,500.0,215.47139,-1.0,0.11657715,1.0,0.8147257,0.12202082,-0.0044539333,0.0026424718,-0.005775169,-0.25169027,0.60302734,0.39697266,0.2803955,0.1416584700345993
3080192,5733.819961021075,7.0,207.95105,500.0,215.37755,-1.0,0.11816406,1.0,0.8148716,0.12324835,-0.0026717887,0.0032288716,-0.0042862245,-0.25561374,0.6019287,0.3980713,0.27990723,0.14276263117790222
3088384,5738.476841662595,7.0,207.7229,500.0,215.38689,-1.0,0.119506836,1.0,0.8149005,0.12391866,-0.0034671966,0.0025207282,-0.004727561,-0.25851732,0.6010742,0.39892578,0.27941895,0.14356526732444763
3096576,5731.037870839837,7.0,207.66272,500.0,215.31352,-1.0,0.12036133,1.0,0.81499946,0.1247798,-0.0052726464,0.004212018,-0.0073786555,-0.2620576,0.60046387,0.39953613,0.2791748,0.14491526782512665
3104768,5731.171701273577,7.0,207.86572,500.0,215.35373,-1.0,0.12133789,1.0,0.8145549,0.12552617,-0.0050952435,0.0014777648,-0.0058341264,-0.2715885,0.6002197,0.39978027,0.27844238,0.14543449878692627
3112960,5728.717862498387,7.0,207.97864,500.0,215.38394,-1.0,0.122924805,1.0,0.8140921,0.12591974,-0.004981894,0.0026359113,-0.0062998496,-0.2773606,0.5996094,0.40039062,0.27746582,0.14608193933963776
3121152,5735.109111114746,7.0,208.42065,500.0,215.49232,-1.0,0.123291016,1.0,0.81351167,0.1260618,-0.0040110582,0.0017571439,-0.00488963,-0.27940112,0.5998535,0.40014648,0.27685547,0.14652159810066223
3129344,5728.682522700244,7.0,208.90417,500.0,215.63972,-1.0,0.12390137,1.0,0.8127433,0.12629534,-0.005612755,0.0018430746,-0.006534293,-0.2766534,0.60009766,0.39990234,0.27600098,0.1470528542995453
3137536,5739.094112840536,7.0,208.92102,500.0,215.75233,-1.0,0.12524414,1.0,0.8121618,0.1274494,-0.004020119,0.002014201,-0.0050272197,-0.27545825,0.59973145,0.40026855,0.2750244,0.14787428081035614
3145728,5732.342027896498,7.0,209.10876,500.0,215.78769,-1.0,0.12390137,1.0,0.8121424,0.12671119,-0.0011883919,0.003543917,-0.0029603504,-0.27387145,0.60058594,0.39941406,0.2755127,0.14929094910621643
3153920,5732.012108050252,7.0,209.07104,500.0,215.75894,-1.0,0.123046875,1.0,0.8123474,0.12636504,-0.0026730162,0.0031594504,-0.004252741,-0.27164668,0.60095215,0.39904785,0.27600098,0.15118379890918732
3162112,5731.413567840454,7.0,209.28345,500.0,215.8724,-1.0,0.12243652,1.0,0.81206393,0.12647566,-0.0020920313,0.0024153676,-0.0032997155,-0.27680665,0.6015625,0.3984375,0.27600098,0.15190941095352173
3170304,5724.620398297329,7.0,209.08362,500.0,215.79279,-1.0,0.122802734,1.0,0.81223404,0.12675993,-0.0028659257,0.0039522434,-0.0048420466,-0.28927237,0.6011963,0.3988037,0.27600098,0.15340359508991241
3178496,5733.067985260097,7.0,208.76526,500.0,215.72778,-1.0,0.123046875,1.0,0.8124977,0.12665445,-0.0050412873,0.0044301287,-0.007256351,-0.2954542,0.6008301,0.39916992,0.27612305,0.15485002100467682
3186688,5730.235975115644,7.0,208.67456,500.0,215.715,-1.0,0.12426758,1.0,0.81246215,0.12732819,-0.005049563,0.0040224483,-0.0070607867,-0.30208802,0.60009766,0.39990234,0.27563477,0.15604232251644135
3194880,5733.736717353997,7.0,208.84314,500.0,215.73633,-1.0,0.12390137,1.0,0.81229264,0.12698303,-0.0051476397,0.0028706028,-0.006582941,-0.30775368,0.60046387,0.39953613,0.27563477,0.15725573897361755
3203072,5729.949296900184,7.0,208.7544,500.0,215.66768,-1.0,0.1237793,1.0,0.81253666,0.12700926,-0.006166232,0.0032540362,-0.0077932496,-0.31792572,0.6003418,0.3996582,0.2758789,0.1583472043275833
3211264,5733.634340526073,7.0,208.87427,500.0,215.67181,-1.0,0.122802734,1.0,0.8126848,0.12650704,-0.002269803,0.0041082837,-0.0043239454,-0.32920933,0.6008301,0.39916992,0.2763672,0.1602083146572113
3219456,5731.915530006039,7.0,208.80774,500.0,215.66438,-1.0,0.122558594,1.0,0.81287175,0.12649253,-0.006187371,0.0036745113,-0.008024626,-0.33575144,0.6008301,0.39916992,0.27661133,0.16188138723373413
3227648,5734.835345548158,7.0,208.86304,500.0,215.63625,-1.0,0.1237793,1.0,0.8126869,0.12692986,-0.0025607129,0.0028571102,-0.0039892676,-0.34015173,0.6002197,0.39978027,0.27600098,0.1624850481748581
3235840,5735.813746893773,7.0,208.16907,500.0,215.51828,-1.0,0.12561035,1.0,0.81308174,0.12804519,-0.002037708,0.0061954996,-0.005135458,-0.34899524,0.5987549,0.40124512,0.27563477,0.16423505544662476
3244032,5726.791047204051,7.0,208.3418,500.0,215.52332,-1.0,0.12512207,1.0,0.8130069,0.12775756,-0.0070255976,0.002717485,-0.0083843395,-0.3609184,0.5991211,0.4008789,0.27575684,0.165500208735466
3252224,5733.796040179598,7.0,207.99341,500.0,215.4259,-1.0,0.12658691,1.0,0.8132306,0.12853089,-0.004254154,0.0034996215,-0.0060039647,-0.37156484,0.59802246,0.40197754,0.27539062,0.16623060405254364
3260416,5731.418348017842,7.0,208.00232,500.0,215.48276,-1.0,0.12805176,1.0,0.8128511,0.12933823,-0.0072317817,0.0018322816,-0.008147922,-0.3811067,0.5974121,0.4025879,0.27453613,0.16638600826263428
3268608,5737.133489886806,7.0,207.85645,500.0,215.49298,-1.0,0.12976074,1.0,0.81273025,0.13034013,-0.005661376,0.0030899015,-0.0072063273,-0.39641985,0.59643555,0.40356445,0.2738037,0.16701100766658783
3276800,5729.616786104073,7.0,207.63513,500.0,215.53154,-1.0,0.13000488,1.0,0.8126911,0.1300576,-0.0044976734,0.0028040705,-0.0058997087,-0.41312796,0.5963135,0.40368652,0.27368164,0.16818958520889282
3284992,5738.593767933242,7.0,207.8811,500.0,215.61525,-1.0,0.12939453,1.0,0.8124129,0.13011123,-0.008769301,0.0018723897,-0.009705497,-0.4191037,0.5969238,0.40307617,0.27368164,0.16936816275119781
3293184,5729.417107075884,7.0,207.56653,500.0,215.58127,-1.0,0.13061523,1.0,0.8126683,0.13054436,-0.0053448603,0.003963905,-0.007326813,-0.42099056,0.59594727,0.40405273,0.2734375,0.17046432197093964
3301376,5738.556389344976,7.0,207.1748,500.0,215.6123,-1.0,0.13220215,1.0,0.8126371,0.13148373,-0.0030422518,0.0034617693,-0.0047731367,-0.42790163,0.5949707,0.4050293,0.27282715,0.17125599086284637
3309568,5725.309102894219,7.0,207.48889,500.0,215.7311,-1.0,0.13330078,1.0,0.8120818,0.13213344,-0.0019078711,0.0014620218,-0.0026388823,-0.4361167,0.59472656,0.40527344,0.27197266,0.17172028124332428
3317760,5737.840539588228,7.0,207.57605,500.0,215.77686,-1.0,0.13330078,1.0,0.8119315,0.13253775,-0.00348638,0.0021775945,-0.004575177,-0.43279412,0.59484863,0.40515137,0.2718506,0.17297028005123138
3325952,5736.908381910702,7.0,207.39734,500.0,215.78572,-1.0,0.13317871,1.0,0.81202674,0.13232626,-0.0038858892,0.0027389785,-0.005255379,-0.42992502,0.59484863,0.40515137,0.27197266,0.17434819042682648
3334144,5737.7255602925,7.0,207.25,500.0,215.78857,-1.0,0.13305664,1.0,0.81212187,0.13198093,-0.005063937,0.0037064152,-0.0069171446,-0.42782366,0.59484863,0.40515137,0.27209473,0.1757981926202774
3342336,5733.9788004712045,7.0,207.40625,500.0,215.85211,-1.0,0.13146973,1.0,0.8121549,0.1308637,-0.0016634583,0.0021744089,-0.0027506626,-0.42694008,0.5958252,0.4041748,0.27270508,0.17738153040409088
3350528,5735.335035251881,7.0,207.48828,500.0,215.86803,-1.0,0.12841797,1.0,0.81256783,0.12879805,-0.005519833,0.005049566,-0.008044615,-0.42503774,0.5974121,0.4025879,0.27416992,0.17973153293132782
3358720,5736.096224247678,7.0,207.703,500.0,215.99115,-1.0,0.12890625,1.0,0.81219006,0.12935717,-0.002355659,0.001979489,-0.0033454034,-0.422762,0.5974121,0.4025879,0.27368164,0.18051093816757202
3366912,5732.304730705584,7.0,207.2677,500.0,215.89175,-1.0,0.12988281,1.0,0.81263554,0.12993346,-0.0036141018,0.0035692418,-0.0053987224,-0.41862276,0.59643555,0.40356445,0.27368164,0.18165628612041473
3375104,5733.680266127559,7.0,207.11255,500.0,215.85443,-1.0,0.12963867,1.0,0.8128248,0.12973356,-0.0028563351,0.0035015193,-0.004607095,-0.41776204,0.59643555,0.40356445,0.27392578,0.18302790820598602
3383296,5727.7371062004895,7.0,207.01062,500.0,215.8322,-1.0,0.13061523,1.0,0.8128185,0.13066787,-0.0047290092,0.0017550985,-0.0056065586,-0.41307268,0.5958252,0.4041748,0.27355957,0.18358871340751648
3391488,5734.158701560301,7.0,206.90881,500.0,215.8495,-1.0,0.13122559,1.0,0.81279534,0.13126273,-0.004086782,0.00285055,-0.0055120573,-0.41439027,0.595459,0.40454102,0.27331543,0.18476729094982147
3399680,5737.0012966790255,7.0,206.35205,500.0,215.70668,-1.0,0.13098145,1.0,0.8134353,0.13088727,-0.0054191607,0.0030186507,-0.006928486,-0.4255452,0.5950928,0.40490723,0.27392578,0.18643218278884888
3407872,5734.563520287758,7.0,206.4314,500.0,215.76178,-1.0,0.13024902,1.0,0.8132527,0.13049975,-0.005888485,0.0025040107,-0.00714049,-0.43266398,0.5957031,0.40429688,0.27404785,0.18746423721313477
3416064,5737.4889090789775,7.0,206.38953,500.0,215.75223,-1.0,0.12963867,1.0,0.81342524,0.13035697,-0.004913629,0.0027908264,-0.0063090418,-0.43818206,0.59594727,0.40405273,0.27441406,0.18856558203697205
3424256,5732.174672503653,7.0,206.58948,500.0,215.84184,-1.0,0.13024902,1.0,0.81295246,0.13083749,-0.00696356,0.0015754031,-0.007751262,-0.44322544,0.59594727,0.40405273,0.2738037,0.18894058465957642
3432448,5736.559738894388,7.0,206.07153,500.0,215.73137,-1.0,0.13232422,1.0,0.81329286,0.1320761,-0.005490862,0.0032939573,-0.0071378406,-0.44988698,0.59436035,0.40563965,0.27331543,0.1898309290409088
3440640,5731.488139515759,7.0,206.35498,500.0,215.86163,-1.0,0.1328125,1.0,0.81276286,0.13193485,0.0007604249,0.0019172762,-0.00019821333,-0.45802763,0.5944824,0.40551758,0.27270508,0.19092708826065063
3448832,5728.489594192774,7.0,206.37183,500.0,215.89383,-1.0,0.13427734,1.0,0.81237185,0.13297182,-0.004746665,0.0017168828,-0.0056051067,-0.46056092,0.5938721,0.40612793,0.2718506,0.1913667470216751
3457024,5729.218397267296,7.0,206.42566,500.0,215.92784,-1.0,0.13586426,1.0,0.81203294,0.13441816,-0.0042838072,0.0015928098,-0.0050802124,-0.46302423,0.59313965,0.40686035,0.2709961,0.19221049547195435
3465216,5729.057910945485,7.0,206.60266,500.0,215.98773,-1.0,0.13549805,1.0,0.81186855,0.13439696,-0.0020281826,0.0018354129,-0.0029458888,-0.46770322,0.59350586,0.40649414,0.2709961,0.1931726187467575
3473408,5733.28418200546,7.0,206.45068,500.0,215.97644,-1.0,0.13623047,1.0,0.81189626,0.13536799,-0.0071387338,0.0025999558,-0.008438712,-0.4761526,0.5930176,0.40698242,0.27075195,0.1942046731710434
3481600,5729.616786104073,7.0,206.32776,500.0,215.90738,-1.0,0.13647461,1.0,0.81215596,0.1353561,-0.0014580174,0.0020238315,-0.0024699334,-0.47908106,0.59265137,0.40734863,0.27087402,0.19476112723350525
3489792,5735.239302512141,7.0,206.39587,500.0,215.90224,-1.0,0.13708496,1.0,0.81212837,0.13570252,-0.0042133136,0.0021630556,-0.0052948417,-0.4827145,0.59228516,0.40771484,0.27062988,0.19539347290992737
3497984,5731.510128969969,7.0,206.28601,500.0,215.8936,-1.0,0.13647461,1.0,0.8123062,0.13551477,-0.0030433484,0.0011446166,-0.0036156564,-0.49187744,0.5925293,0.4074707,0.2709961,0.19581915438175201
3506176,5736.548245890098,7.0,206.19873,500.0,215.91162,-1.0,0.13708496,1.0,0.8122786,0.13599366,-0.0034558014,0.0019046676,-0.0044081355,-0.49640685,0.5921631,0.4078369,0.27075195,0.19689267873764038
3514368,5732.616511896521,7.0,206.1355,500.0,215.91667,-1.0,0.13757324,1.0,0.81219614,0.13642699,-0.004791909,0.001836138,-0.005709978,-0.50305605,0.59191895,0.40808105,0.2705078,0.1975250244140625
3522560,5739.9416392502735,7.0,206.58215,500.0,216.04573,-1.0,0.13793945,1.0,0.8116078,0.13688076,-0.006186253,0.0008160147,-0.0065942607,-0.5155252,0.5921631,0.4078369,0.26989746,0.1978750228881836
3530752,5738.812298655678,7.0,206.42102,500.0,216.00143,-1.0,0.13757324,1.0,0.8118955,0.13665569,-0.0030350182,0.0024752486,-0.004272642,-0.5221092,0.5921631,0.4078369,0.27026367,0.198677659034729
3538944,5733.242089325459,7.0,206.50269,500.0,215.97168,-1.0,0.13696289,1.0,0.81207377,0.13652222,-0.0028175153,0.0034579963,-0.004546514,-0.52469385,0.5924072,0.40759277,0.27062988,0.1999901533126831
3547136,5729.8499218143015,7.0,206.60474,500.0,216.01962,-1.0,0.1381836,1.0,0.8115661,0.13693884,-0.0072530373,0.00161647,-0.008061271,-0.5272674,0.592041,0.40795898,0.2697754,0.20013488829135895
3555328,5732.1536342314275,7.0,206.50269,500.0,216.00687,-1.0,0.13781738,1.0,0.8117036,0.13708758,-0.0055294177,0.002816871,-0.006937853,-0.5343893,0.5921631,0.4078369,0.27001953,0.20159918069839478
3563520,5731.378194775599,7.0,206.8335,500.0,216.17557,-1.0,0.13745117,1.0,0.8112393,0.13680696,-0.0017901212,0.0036226374,-0.00360144,-0.5443872,0.59277344,0.40722656,0.2697754,0.20265352725982666
3571712,5731.3954032390975,7.0,207.08972,500.0,216.20871,-1.0,0.13647461,1.0,0.8111031,0.1361704,-0.0047374023,0.0020871365,-0.005780971,-0.55222,0.59350586,0.40649414,0.27001953,0.2038850039243698
3579904,5728.830570713249,7.0,207.18103,500.0,216.32112,-1.0,0.13671875,1.0,0.810761,0.13625968,-0.0062229447,0.0029572074,-0.0077015483,-0.5580951,0.5936279,0.40637207,0.26965332,0.2053016722202301
3588096,5732.725547678838,7.0,207.55078,500.0,216.46236,-1.0,0.13708496,1.0,0.81017196,0.13662237,-0.004291891,0.0018671269,-0.0052254545,-0.56264526,0.5938721,0.40612793,0.26904297,0.20611228048801422
3596288,5726.948542908855,7.0,207.20728,500.0,216.3635,-1.0,0.13806152,1.0,0.8104581,0.13731056,-0.004641659,0.0027560112,-0.006019665,-0.56697667,0.5930176,0.40698242,0.2689209,0.20701612532138824
3604480,5730.817064288215,7.0,207.24365,500.0,216.47453,-1.0,0.13769531,1.0,0.81029445,0.13664275,-0.0043530837,0.0035886683,-0.0061474177,-0.57413834,0.5933838,0.4066162,0.2689209,0.2082967311143875
3612672,5728.0951817950545,7.0,207.37866,500.0,216.5749,-1.0,0.13916016,1.0,0.8097426,0.1376958,-0.006460625,0.0021165651,-0.007518909,-0.5845037,0.5928955,0.4071045,0.26794434,0.20886068046092987
3620864,5738.422213808626,7.0,207.2312,500.0,216.52225,-1.0,0.13952637,1.0,0.8099058,0.13773385,-0.004235143,0.0026755407,-0.005572913,-0.5897605,0.5925293,0.4074707,0.26794434,0.2100580483675003
3629056,5728.907940783716,7.0,207.24011,500.0,216.54468,-1.0,0.14135742,1.0,0.80951285,0.13909811,-0.0033621695,0.0014706408,-0.00409749,-0.59355974,0.5916748,0.4083252,0.26696777,0.21019266545772552
3637248,5736.223587544353,7.0,207.31873,500.0,216.58917,-1.0,0.14099121,1.0,0.80950135,0.13880885,-0.0014829938,0.0017135965,-0.002339792,-0.5923189,0.59191895,0.40808105,0.26708984,0.21110932528972626
3645440,5730.820887633525,7.0,206.85986,500.0,216.55954,-1.0,0.14233398,1.0,0.80964327,0.13933045,-0.003247023,0.0022609276,-0.004377487,-0.58815914,0.5909424,0.40905762,0.26672363,0.21183493733406067
3653632,5737.256109322611,7.0,206.52637,500.0,216.463,-1.0,0.14367676,1.0,0.80993384,0.14025186,-0.00447776,0.0035007112,-0.006228115,-0.58933413,0.58984375,0.41015625,0.2664795,0.2128349393606186
3661824,5732.211968002135,7.0,206.77344,500.0,216.53232,-1.0,0.1427002,1.0,0.809805,0.13983761,-0.0023936692,0.0022801417,-0.00353374,-0.59626037,0.5905762,0.40942383,0.26672363,0.21376140415668488
3670016,5734.975096732542,7.0,206.58716,500.0,216.45758,-1.0,0.14221191,1.0,0.8101923,0.13934454,-0.004534524,0.0034387738,-0.0062539107,-0.60919595,0.5905762,0.40942383,0.2672119,0.21561667323112488
3678208,5728.94137294225,7.0,206.66809,500.0,216.46297,-1.0,0.14160156,1.0,0.8102238,0.13898775,-0.008255039,0.0018213306,-0.009165703,-0.6207366,0.5909424,0.40905762,0.26745605,0.21686667203903198
3686400,5735.379073385368,7.0,206.6261,500.0,216.5101,-1.0,0.14221191,1.0,0.8100416,0.13918084,-0.0033822865,0.002869794,-0.004817183,-0.62879044,0.59069824,0.40930176,0.26708984,0.21768809854984283
3694592,5738.845846512097,7.0,206.64893,500.0,216.42859,-1.0,0.14135742,1.0,0.8102665,0.139011,-0.0043237237,0.0028120542,-0.00572975,-0.63585114,0.59106445,0.40893555,0.26757812,0.21905972063541412
3702784,5735.997593400147,7.0,206.62073,500.0,216.40526,-1.0,0.14123535,1.0,0.8103631,0.13900599,-0.00421595,0.0021554795,-0.0052936897,-0.63868845,0.59106445,0.40893555,0.2677002,0.22017335891723633
3710976,5736.9821387485335,7.0,206.38562,500.0,216.40547,-1.0,0.140625,1.0,0.8106951,0.13898668,-0.0020002476,0.003528067,-0.0037642806,-0.64157367,0.5911865,0.40881348,0.26818848,0.2217838168144226
3719168,5737.248445454315,7.0,205.96313,500.0,216.32271,-1.0,0.1427002,1.0,0.8108595,0.14034714,-0.004070211,0.0033116313,-0.005726027,-0.6391867,0.5897217,0.41027832,0.26757812,0.22294890880584717
3727360,5737.9325263427545,7.0,206.33154,500.0,216.41542,-1.0,0.14245605,1.0,0.81045073,0.14037654,-0.0052140867,0.0034601637,-0.0069441674,-0.6445602,0.59020996,0.40979004,0.26733398,0.2242465317249298
3735552,5727.806808073668,7.0,206.65747,500.0,216.53897,-1.0,0.1427002,1.0,0.8099557,0.14040405,-0.004630722,0.0013878219,-0.0053246333,-0.6498278,0.5904541,0.4095459,0.2668457,0.2248585969209671
3743744,5737.519567244793,7.0,206.62476,500.0,216.5159,-1.0,0.14233398,1.0,0.8100954,0.14011976,-0.0057657473,0.0031911694,-0.0073613324,-0.6487018,0.5905762,0.40942383,0.26708984,0.22613920271396637
3751936,5733.982628036418,7.0,206.96106,500.0,216.64632,-1.0,0.1427002,1.0,0.80950344,0.14020377,-0.0052749366,0.001121792,-0.005835833,-0.64359933,0.5908203,0.4091797,0.2664795,0.22638919949531555
3760128,5736.367237146834,7.0,207.1615,500.0,216.75021,-1.0,0.14233398,1.0,0.8091908,0.1399239,-0.0042279493,0.0021084498,-0.0052821743,-0.6476697,0.5913086,0.4086914,0.26635742,0.22717368602752686
3768320,5737.3710698040995,7.0,207.44666,500.0,216.89447,-1.0,0.14428711,1.0,0.808392,0.14099577,-0.0049576205,0.002448221,-0.0061817314,-0.65867096,0.59069824,0.40930176,0.26501465,0.22769291698932648
3776512,5740.984133142389,7.0,207.48035,500.0,216.96083,-1.0,0.14453125,1.0,0.80804634,0.14099708,-0.0013692514,0.002931167,-0.002834835,-0.66397536,0.5908203,0.4091797,0.26464844,0.22875870764255524
3784704,5734.179754553209,7.0,207.27954,500.0,216.89134,-1.0,0.14379883,1.0,0.8084791,0.13975272,-0.0034514638,0.0042604078,-0.0055816686,-0.67146844,0.5909424,0.40905762,0.2652588,0.23007120192050934
3792896,5730.054408915205,7.0,207.47571,500.0,216.8918,-1.0,0.14526367,1.0,0.80806607,0.14059399,-0.0032968456,0.0028322039,-0.0047129476,-0.67349017,0.59033203,0.40966797,0.2644043,0.23099766671657562
3801088,5734.9990274128695,7.0,207.5061,500.0,216.85706,-1.0,0.14440918,1.0,0.8082947,0.1400643,-0.004298902,0.0028321887,-0.0057149967,-0.67132884,0.59069824,0.40930176,0.26489258,0.2321365624666214
3809280,5731.625815399208,7.0,207.54333,500.0,216.80698,-1.0,0.14526367,1.0,0.8082171,0.14009807,-0.0049765287,0.0034835208,-0.00671829,-0.67048764,0.59020996,0.40979004,0.26452637,0.2334490567445755
3817472,5727.381939440309,7.0,206.80554,500.0,216.59772,-1.0,0.14550781,1.0,0.8092298,0.1400999,-0.00394391,0.0046008695,-0.006244345,-0.677248,0.5892334,0.4107666,0.2652588,0.23457002639770508
3825664,5734.5204517488,7.0,207.09436,500.0,216.70279,-1.0,0.14526367,1.0,0.808821,0.13958874,-0.0067849946,0.0018118133,-0.0076909014,-0.67886716,0.5897217,0.41027832,0.26501465,0.23544906079769135
3833856,5736.758958286132,7.0,207.42358,500.0,216.78793,-1.0,0.14428711,1.0,0.80854297,0.13888232,-0.003242149,0.0013869376,-0.003935618,-0.6785705,0.5905762,0.40942383,0.26513672,0.2362860143184662
3842048,5733.8582347825895,7.0,207.80347,500.0,216.87253,-1.0,0.14367676,1.0,0.80812323,0.13817704,-0.0035089063,0.001259393,-0.004138603,-0.6724225,0.5913086,0.4086914,0.26501465,0.23677675426006317
3850240,5733.8582347825895,7.0,207.92444,500.0,216.97588,-1.0,0.1439209,1.0,0.8077775,0.13789932,-0.0049699442,0.002340671,-0.0061402796,-0.6735457,0.59143066,0.40856934,0.26464844,0.23747913539409637
3858432,5733.769249074096,7.0,207.8916,500.0,216.96268,-1.0,0.14416504,1.0,0.807734,0.13816276,-0.0066164443,0.00212856,-0.0076807244,-0.68124276,0.5913086,0.4086914,0.26452637,0.23812657594680786
3866624,5735.14357296824,7.0,208.24097,500.0,217.02612,-1.0,0.14428711,1.0,0.80733424,0.13836777,-0.0013842047,0.0017158105,-0.0022421102,-0.67925805,0.59155273,0.40844727,0.26416016,0.2390129417181015
3874816,5735.415453223124,7.0,208.29773,500.0,217.04367,-1.0,0.14440918,1.0,0.80738807,0.1381761,-0.006453938,0.001797911,-0.007352894,-0.6829282,0.59143066,0.40856934,0.26416016,0.2397974282503128
3883008,5737.0166231155445,7.0,207.98657,500.0,217.04384,-1.0,0.14660645,1.0,0.80729455,0.13934807,-0.0040633227,0.00328246,-0.005704553,-0.69428575,0.5900879,0.4099121,0.26330566,0.24069325625896454
3891200,5737.1536067785755,7.0,207.87964,500.0,217.00899,-1.0,0.14733887,1.0,0.8073123,0.14005053,-0.0007033999,0.002951153,-0.0021789768,-0.6978364,0.5895996,0.4104004,0.26306152,0.2417289763689041
3899392,5727.504142387237,7.0,208.18152,500.0,217.04404,-1.0,0.14733887,1.0,0.8070099,0.14006288,-0.004874735,0.0019796353,-0.005864553,-0.69887376,0.58984375,0.41015625,0.26281738,0.24257272481918335
3907584,5733.903207105288,7.0,207.99707,500.0,216.94609,-1.0,0.14758301,1.0,0.807419,0.14052099,-0.0023943991,0.0022034368,-0.003496118,-0.703796,0.58935547,0.41064453,0.26306152,0.24337536096572876
3915776,5728.211685374077,7.0,207.96289,500.0,216.9287,-1.0,0.14758301,1.0,0.807419,0.14049065,-0.005120519,0.0019509697,-0.0060960045,-0.70264304,0.58935547,0.41064453,0.26306152,0.2437136024236679
3923968,5731.730988932971,7.0,208.26038,500.0,217.02399,-1.0,0.14770508,1.0,0.8070186,0.14033028,-0.0042482577,0.001697748,-0.0050971312,-0.70902807,0.5895996,0.4104004,0.2626953,0.2444980889558792
3932160,5727.818266078189,7.0,208.22131,500.0,217.05836,-1.0,0.14929199,1.0,0.8066509,0.14101812,-0.003693939,0.0022334112,-0.0048106443,-0.7203728,0.5888672,0.4111328,0.26184082,0.24512308835983276
3940352,5733.709926802861,7.0,208.20715,500.0,217.07625,-1.0,0.1508789,1.0,0.8062797,0.14178559,-0.006963766,0.002362135,-0.008144834,-0.7299509,0.58813477,0.41186523,0.26098633,0.24570642411708832
3948544,5730.132767653521,7.0,208.30542,500.0,217.04425,-1.0,0.1508789,1.0,0.8061283,0.14164059,-0.0034387882,0.002551182,-0.004714379,-0.746073,0.58825684,0.41174316,0.26086426,0.24666331708431244
3956736,5731.466150230278,7.0,208.4939,500.0,217.06921,-1.0,0.15246582,1.0,0.8056025,0.14293602,-0.00529937,0.002676117,-0.0066374284,-0.75444984,0.5876465,0.41235352,0.2598877,0.24741332232952118
3964928,5725.91591071836,7.0,208.65979,500.0,217.03928,-1.0,0.1538086,1.0,0.8052713,0.14399575,-0.0040700454,0.002487156,-0.0053136237,-0.76660436,0.58703613,0.41296387,0.25915527,0.2484133243560791
3973120,5726.211728457506,7.0,208.57666,500.0,217.08846,-1.0,0.15527344,1.0,0.8048386,0.14508441,-0.00508407,0.0014533608,-0.0058107506,-0.77581584,0.5864258,0.41357422,0.25830078,0.2488577663898468
3981312,5727.342797411541,7.0,208.18457,500.0,217.0055,-1.0,0.15490723,1.0,0.8054398,0.14461136,-0.006211064,0.0021497423,-0.007285936,-0.784186,0.58618164,0.41381836,0.25891113,0.24982398748397827
3989504,5726.252763654617,7.0,208.45105,500.0,217.08572,-1.0,0.15478516,1.0,0.8050842,0.14439604,-0.0058359746,0.003560218,-0.007616084,-0.79525495,0.58654785,0.41345215,0.258667,0.2513597011566162
3997696,5726.267078396626,7.0,208.61658,500.0,217.1243,-1.0,0.15588379,1.0,0.80464476,0.14491242,-0.0046879193,0.0019391801,-0.00565751,-0.8094305,0.58618164,0.41381836,0.25793457,0.25169792771339417
4005888,5726.7242334614575,7.0,208.62366,500.0,217.0439,-1.0,0.15466309,1.0,0.80503196,0.1440086,-0.0054825284,0.0023698572,-0.006667457,-0.8201407,0.5866699,0.41333008,0.258667,0.2534791827201843
4014080,5728.53257219073,7.0,208.62158,500.0,217.06326,-1.0,0.15563965,1.0,0.8048437,0.1442629,-0.0043679457,0.003448534,-0.006092213,-0.8215226,0.58618164,0.41381836,0.2581787,0.25459280610084534
4022272,5726.34437924021,7.0,208.40112,500.0,217.00378,-1.0,0.15588379,1.0,0.8050997,0.14406015,-0.0039105495,0.0027922064,-0.0053066527,-0.8202994,0.5858154,0.41418457,0.25830078,0.2552887499332428
4030464,5729.570925574541,7.0,208.41846,500.0,216.9882,-1.0,0.15637207,1.0,0.8050051,0.14453037,-0.0043612737,0.0019117665,-0.0053171567,-0.82867324,0.5855713,0.4144287,0.25805664,0.25582000613212585
4038656,5729.97987454317,7.0,208.93835,500.0,217.11456,-1.0,0.15625,1.0,0.8043461,0.14450029,-0.0032459209,0.0014553005,-0.003973571,-0.83698654,0.58618164,0.41381836,0.25756836,0.25646287202835083
4046848,5734.619988907865,7.0,208.93335,500.0,217.07852,-1.0,0.15698242,1.0,0.8042035,0.14504084,-0.0048713135,0.003520243,-0.0066314344,-0.84472334,0.5858154,0.41418457,0.25720215,0.25813594460487366
4055040,5728.313868643561,7.0,209.10474,500.0,217.13306,-1.0,0.15600586,1.0,0.8040899,0.1445204,-0.005539644,0.0019688036,-0.006524045,-0.85264647,0.58654785,0.41345215,0.2574463,0.2594010829925537
4063232,5734.5166234655335,7.0,209.25732,500.0,217.08989,-1.0,0.15625,1.0,0.8040425,0.14468932,-0.0033606947,0.004412234,-0.005566812,-0.8621656,0.5864258,0.41357422,0.25732422,0.2602621912956238
4071424,5729.260430885018,7.0,209.19116,500.0,217.04156,-1.0,0.15686035,1.0,0.8041514,0.14501205,-0.0037327798,0.0031580431,-0.005311801,-0.8735554,0.5859375,0.4140625,0.25720215,0.2610836327075958
4079616,5727.671225167539,7.0,208.97705,500.0,216.94437,-1.0,0.15649414,1.0,0.8046021,0.14506146,-0.005351359,0.0021787316,-0.006440725,-0.87944424,0.5858154,0.41418457,0.25769043,0.2625002861022949
4087808,5727.84977582699,7.0,209.49231,500.0,217.06126,-1.0,0.15698242,1.0,0.8038999,0.1457426,-0.004725992,0.0019935574,-0.005722771,-0.8772205,0.5860596,0.41394043,0.256958,0.263361394405365
4096000,5728.69780472161,7.0,209.46582,500.0,216.99033,-1.0,0.15710449,1.0,0.80410385,0.14556515,-0.0054617245,0.0031348176,-0.007029134,-0.8732214,0.5858154,0.41418457,0.25708008,0.2645399570465088
4104192,5728.84298799118,7.0,209.69629,500.0,216.98907,-1.0,0.15771484,1.0,0.8037564,0.14577633,-0.0035349724,0.0025738757,-0.0048219105,-0.8694591,0.58569336,0.41430664,0.2565918,0.2658177316188812
4112384,5732.326726426128,7.0,209.57263,500.0,216.92007,-1.0,0.1583252,1.0,0.8038643,0.14617151,-0.0053974064,0.002166024,-0.006480418,-0.87464297,0.5852051,0.41479492,0.25646973,0.2666967511177063
4120576,5738.833385833926,7.0,209.65637,500.0,216.88885,-1.0,0.16040039,1.0,0.8035287,0.1477378,-0.0061040143,0.00314848,-0.0076782545,-0.8860636,0.58410645,0.41589355,0.25549316,0.26753371953964233
4128768,5731.360030398458,7.0,209.56274,500.0,216.90004,-1.0,0.1595459,1.0,0.8036229,0.14728215,-0.0059909225,0.0038048788,-0.007893361,-0.8980918,0.5845947,0.41540527,0.25585938,0.26913154125213623
4136960,5737.436216121984,7.0,209.45056,500.0,216.87839,-1.0,0.1616211,1.0,0.80328405,0.14875779,-0.005333244,0.0012553633,-0.005960925,-0.9069752,0.5834961,0.4165039,0.2548828,0.2691672444343567
4145152,5728.4771784467575,7.0,209.6792,500.0,216.87354,-1.0,0.16137695,1.0,0.80318123,0.14848012,-0.004258791,0.0029252218,-0.005721402,-0.9081688,0.58374023,0.41625977,0.2548828,0.27040374279022217
4153344,5742.162309570082,7.0,209.97925,500.0,216.92278,-1.0,0.16210938,1.0,0.80288166,0.14914547,-0.007968461,0.0021801954,-0.009058559,-0.91123146,0.5834961,0.4165039,0.25439453,0.27144405245780945
4161536,5730.229285630423,7.0,210.17603,500.0,217.00633,-1.0,0.16223145,1.0,0.8024769,0.1491226,-0.003482338,0.0024860038,-0.0047253403,-0.9193568,0.58374023,0.41625977,0.25402832,0.2726646363735199
4169728,5739.219692020703,7.0,210.06128,500.0,216.90443,-1.0,0.16333008,1.0,0.8026343,0.14996204,-0.0060817534,0.0035399182,-0.007851712,-0.9236744,0.58288574,0.41711426,0.25378418,0.27393636107444763
4177920,5732.392714600579,7.0,210.1145,500.0,216.9742,-1.0,0.16296387,1.0,0.8024805,0.14945276,-0.0037618938,0.0023878575,-0.004955822,-0.92641604,0.58325195,0.41674805,0.25378418,0.27478012442588806
4186112,5734.304161758008,7.0,210.17163,500.0,216.92252,-1.0,0.1619873,1.0,0.8028303,0.14841974,-0.004581899,0.0038228931,-0.006493346,-0.9277663,0.58361816,0.41638184,0.25439453,0.2760518491268158
4194304,5733.541534785308,7.0,210.32751,500.0,216.92291,-1.0,0.16235352,1.0,0.80252814,0.14828607,-0.0030886787,0.0023749107,-0.004276134,-0.92982197,0.58361816,0.41638184,0.25402832,0.2772883474826813
4202496,5737.757179139453,7.0,210.62671,500.0,217.01323,-1.0,0.16271973,1.0,0.80207366,0.14828682,-0.0064507723,0.0023435974,-0.0076225707,-0.93244565,0.58374023,0.41625977,0.25354004,0.27811941504478455
4210688,5731.687962929909,7.0,210.78333,500.0,217.00894,-1.0,0.16296387,1.0,0.802024,0.14894408,-0.00083552074,0.0035230615,-0.0025970514,-0.93889254,0.58361816,0.41638184,0.25341797,0.27933281660079956
4218880,5736.924665724753,7.0,211.06067,500.0,217.11798,-1.0,0.16357422,1.0,0.80151904,0.14963877,-0.005845817,0.002778765,-0.0072351997,-0.9408805,0.58361816,0.41638184,0.25280762,0.2809009850025177
4227072,5736.153680673773,7.0,211.50256,500.0,217.2007,-1.0,0.16455078,1.0,0.80070955,0.14997953,-0.0047566546,0.0021856586,-0.0058494844,-0.94312954,0.58361816,0.41638184,0.25183105,0.28148430585861206
4235264,5737.277185066001,7.0,211.75928,500.0,217.321,-1.0,0.16516113,1.0,0.80020267,0.15004423,-0.0028339375,0.002459752,-0.0040638135,-0.94611377,0.58361816,0.41638184,0.2512207,0.2821553647518158
4243456,5736.199646643405,7.0,211.52734,500.0,217.24062,-1.0,0.16625977,1.0,0.8003565,0.15117358,-0.005577171,0.0032382603,-0.0071963016,-0.9510229,0.5827637,0.41723633,0.25097656,0.28310537338256836
4251648,5735.109111114746,7.0,210.98169,500.0,217.17303,-1.0,0.16638184,1.0,0.8008648,0.15131533,-0.0049472707,0.0035627251,-0.006728634,-0.96011317,0.5822754,0.4177246,0.25134277,0.2844553589820862
4259840,5736.191985597307,7.0,211.50488,500.0,217.28093,-1.0,0.16687012,1.0,0.8001532,0.15116036,-0.0020972418,0.0020894615,-0.0031419727,-0.96294093,0.58251953,0.41748047,0.25061035,0.28503867983818054
4268032,5763.234972032331,7.0,211.7727,500.0,217.24759,-1.0,0.16552734,1.0,0.8002032,0.15018216,-0.0040346165,0.0028834126,-0.005476322,-0.9639821,0.583374,0.41662598,0.25109863,0.28645533323287964
4276224,5730.117477975318,7.0,211.99963,500.0,217.30305,-1.0,0.16503906,1.0,0.799999,0.14954492,-0.005260184,0.0014495037,-0.0059849364,-0.9649251,0.5838623,0.4161377,0.25109863,0.2872767746448517
4284416,5736.765663025562,7.0,211.94153,500.0,217.25012,-1.0,0.16662598,1.0,0.79974633,0.15028086,-0.0055367174,0.0025404235,-0.006806929,-0.9730793,0.5830078,0.4169922,0.2503662,0.2878222167491913
4292608,5729.320616456916,7.0,212.2207,500.0,217.36037,-1.0,0.16748047,1.0,0.7990332,0.15036118,-0.004263801,0.0012464554,-0.0048870286,-0.9809795,0.5830078,0.4169922,0.24951172,0.28835347294807434
4300800,5734.27736590392,7.0,211.96619,500.0,217.2749,-1.0,0.16894531,1.0,0.7991832,0.15197799,-0.0035114577,0.0037495384,-0.0053862273,-0.9871157,0.5819092,0.41809082,0.24914551,0.28943681716918945
4308992,5728.446616839694,7.0,211.89392,500.0,217.27994,-1.0,0.16821289,1.0,0.7993377,0.1518805,-0.0049513606,0.0017956325,-0.005849176,-1.0067204,0.5822754,0.4177246,0.24951172,0.2901545464992523
4317184,5727.7189648952835,7.0,211.52429,500.0,217.17456,-1.0,0.16918945,1.0,0.7997424,0.15270454,-0.0038546948,0.0034982194,-0.005603805,-1.0188053,0.5812988,0.41870117,0.24951172,0.29118362069129944
4325376,5727.722784107882,7.0,211.63452,500.0,217.21272,-1.0,0.16870117,1.0,0.79969287,0.15238434,-0.004166276,0.0033124257,-0.005822489,-1.0256056,0.58166504,0.41833496,0.24963379,0.29189106822013855
4333568,5731.947084850645,7.0,211.71509,500.0,217.22658,-1.0,0.1706543,1.0,0.7991256,0.15368858,-0.008781756,0.0021559922,-0.009859753,-1.0179659,0.58081055,0.41918945,0.24853516,0.2926410734653473
4341760,5726.578203137408,7.0,211.81946,500.0,217.34183,-1.0,0.17102051,1.0,0.79866534,0.1537525,-0.00023648015,0.0027563341,-0.001614647,-1.0124398,0.5809326,0.41906738,0.24804688,0.293641060590744
4349952,5736.554950137004,7.0,212.18774,500.0,217.44728,-1.0,0.17077637,1.0,0.7982589,0.1537066,-0.0046336018,0.003029536,-0.00614837,-1.0152742,0.5814209,0.4185791,0.24780273,0.29455384612083435
4358144,5730.043897540165,7.0,212.53748,500.0,217.49834,-1.0,0.17041016,1.0,0.79795474,0.15362191,-0.0010371171,0.0018683289,-0.0019712814,-1.0168339,0.5819092,0.41809082,0.24768066,0.2954705059528351
4366336,5733.881199284761,7.0,212.8175,500.0,217.62692,-1.0,0.17016602,1.0,0.7975478,0.15368253,-0.0065046707,0.0019198948,-0.0074646184,-1.0164918,0.58239746,0.41760254,0.24743652,0.29633161425590515
4374528,5728.82483968005,7.0,212.55078,500.0,217.599,-1.0,0.17089844,1.0,0.7975443,0.15370458,-0.0037829054,0.0035322227,-0.0055490173,-1.0165023,0.5819092,0.41809082,0.24719238,0.2977120578289032
4382720,5738.005351281826,7.0,212.46362,500.0,217.61029,-1.0,0.16967773,1.0,0.7978049,0.15283838,-0.0042309705,0.003174224,-0.005818082,-1.0139804,0.58251953,0.41748047,0.24780273,0.2991287112236023
4390912,5733.1483396686,7.0,212.10303,500.0,217.54282,-1.0,0.17163086,1.0,0.79784614,0.15427071,-0.0042516836,0.0036490464,-0.0060762065,-1.0125327,0.58117676,0.41882324,0.24719238,0.29977157711982727
4399104,5732.678680913272,7.0,212.177,500.0,217.55531,-1.0,0.17138672,1.0,0.7977455,0.15365192,-0.0060559693,0.0024007224,-0.0072563305,-1.0209619,0.5814209,0.4185791,0.24719238,0.30108407139778137
4407296,5730.290447219554,7.0,212.11609,500.0,217.56895,-1.0,0.17260742,1.0,0.79748243,0.15441597,-0.0039786743,0.0022989376,-0.005128143,-1.0262194,0.58081055,0.41918945,0.24658203,0.3014751076698303
4415488,5738.590892639934,7.0,212.02307,500.0,217.5632,-1.0,0.17260742,1.0,0.7976355,0.15424457,-0.0051938416,0.0019277233,-0.0061577028,-1.0335075,0.5806885,0.41931152,0.2467041,0.3021179735660553
4423680,5729.043582246833,7.0,211.88062,500.0,217.58072,-1.0,0.17285156,1.0,0.79773563,0.15453929,-0.003743703,0.0025531051,-0.0050202557,-1.0353388,0.58044434,0.41955566,0.2467041,0.3031500279903412
4431872,5729.5451293493015,7.0,211.81091,500.0,217.59734,-1.0,0.17358398,1.0,0.79757655,0.1547209,-0.006015511,0.0023131566,-0.00717209,-1.0422366,0.5800781,0.41992188,0.24633789,0.3036317229270935
4440064,5732.516087871665,7.0,211.87988,500.0,217.55988,-1.0,0.17346191,1.0,0.79767966,0.1544537,-0.0032585058,0.002591374,-0.004554193,-1.0492204,0.5800781,0.41992188,0.24645996,0.3041134178638458
4448256,5727.155686812207,7.0,211.71582,500.0,217.52905,-1.0,0.17260742,1.0,0.79809445,0.15387069,-0.0018886616,0.0043512993,-0.0040643113,-1.054945,0.58032227,0.41967773,0.24707031,0.3058634102344513
4456448,5733.006764365454,7.0,211.73572,500.0,217.55453,-1.0,0.17211914,1.0,0.79819983,0.1536637,-0.0058532353,0.003025241,-0.0073658554,-1.0502483,0.5805664,0.4194336,0.24731445,0.30706077814102173
4464640,5731.074195625269,7.0,211.71411,500.0,217.55852,-1.0,0.17346191,1.0,0.7979857,0.15423182,-0.008453803,0.0026354564,-0.009771531,-1.0408003,0.579834,0.42016602,0.2467041,0.30757999420166016
4472832,5729.401821216624,7.0,211.13782,500.0,217.47475,-1.0,0.17419434,1.0,0.7984379,0.15457657,-0.004583382,0.0029634582,-0.0060651116,-1.0423357,0.5789795,0.4210205,0.24682617,0.3082559108734131
4481024,5736.605711372073,7.0,211.32104,500.0,217.53001,-1.0,0.17370605,1.0,0.7982385,0.15398428,-0.00521068,0.0028959066,-0.0066586337,-1.0424182,0.5794678,0.42053223,0.24682617,0.3096235692501068
4489216,5731.222367283078,7.0,211.3009,500.0,217.47087,-1.0,0.17321777,1.0,0.79849744,0.15388566,-0.0045779543,0.0030133175,-0.0060846126,-1.0447227,0.57958984,0.42041016,0.24719238,0.3110402226448059
4497408,5736.939033872743,7.0,211.25562,500.0,217.37663,-1.0,0.17248535,1.0,0.7989616,0.15348707,-0.0020623035,0.0022165587,-0.0031705827,-1.0465322,0.5797119,0.4202881,0.24780273,0.31231799721717834
4505600,5732.864239535441,7.0,211.03162,500.0,217.29811,-1.0,0.17272949,1.0,0.7993672,0.15435915,-0.004537514,0.0029064075,-0.0059907176,-1.0457718,0.57922363,0.42077637,0.24804688,0.31337234377861023
4513792,5732.122077112644,7.0,211.11157,500.0,217.35202,-1.0,0.1730957,1.0,0.7990588,0.15431401,-0.004306669,0.0032218178,-0.005917578,-1.0464232,0.57922363,0.42077637,0.24768066,0.31437233090400696
4521984,5735.291955123503,7.0,211.29468,500.0,217.34683,-1.0,0.17285156,1.0,0.7991116,0.15427004,-0.004055032,0.0031328811,-0.0056214724,-1.047511,0.5793457,0.4206543,0.24780273,0.3153418302536011
4530176,5729.473474386841,7.0,211.37415,500.0,217.37225,-1.0,0.17138672,1.0,0.799427,0.15314448,-0.004647108,0.0035307102,-0.0064124623,-1.0543056,0.5800781,0.41992188,0.24853516,0.31679636240005493
4538368,5727.888924785711,7.0,211.17065,500.0,217.27333,-1.0,0.1697998,1.0,0.79984194,0.15218839,0.0043695024,0.0050263233,0.0018563408,-1.0590433,0.58081055,0.41918945,0.24938965,0.31858718395233154
4546560,5735.695018954981,7.0,211.34863,500.0,217.30115,-1.0,0.16906738,1.0,0.7998445,0.15127188,-0.0017276928,0.0026947488,-0.0030750674,-1.0503176,0.5812988,0.41870117,0.24963379,0.3201553523540497
4554752,5730.082120906987,7.0,211.26599,500.0,217.21278,-1.0,0.17041016,1.0,0.79978836,0.15195443,-0.005144802,0.0027913689,-0.006540487,-1.0450783,0.58044434,0.41955566,0.24914551,0.3207942545413971
4562944,5726.7309147655615,7.0,211.4314,500.0,217.17159,-1.0,0.17089844,1.0,0.7996842,0.15231091,-0.0032839733,0.0022751049,-0.0044215256,-1.0538757,0.5802002,0.4197998,0.24890137,0.3215164840221405
4571136,5733.163645525604,7.0,211.17102,500.0,217.09068,-1.0,0.17150879,1.0,0.7997826,0.15266404,-0.0032498906,0.0034016604,-0.004950721,-1.0619771,0.5797119,0.4202881,0.2487793,0.3227781057357788
4579328,5734.579790793059,7.0,211.04187,500.0,217.09518,-1.0,0.171875,1.0,0.7996276,0.15270191,-0.006048916,0.0025902006,-0.0073440163,-1.0677202,0.57958984,0.42041016,0.24853516,0.32397547364234924
4587520,5737.3566994919665,7.0,210.93188,500.0,217.08635,-1.0,0.17102051,1.0,0.7998872,0.15235043,-0.0065803034,0.0024768373,-0.007818722,-1.0771775,0.57995605,0.42004395,0.24902344,0.32491594552993774
4595712,5734.388378929801,7.0,211.1482,500.0,217.13503,-1.0,0.17163086,1.0,0.79952735,0.15284896,-0.003323243,0.0026356108,-0.004641048,-1.080322,0.579834,0.42016602,0.24853516,0.3255870044231415
4603904,5730.258910612117,7.0,211.35693,500.0,217.17093,-1.0,0.17126465,1.0,0.7993769,0.15270475,-0.006916499,0.0018787087,-0.007855853,-1.0836512,0.5802002,0.4197998,0.24853516,0.32596200704574585
4612096,5739.985748155038,7.0,211.65112,500.0,217.30363,-1.0,0.17114258,1.0,0.7988684,0.15217347,-0.005654766,0.0024306022,-0.0068700667,-1.0862039,0.5806885,0.41931152,0.24816895,0.3273296654224396
4620288,5736.8863510153,7.0,211.66626,500.0,217.27357,-1.0,0.17028809,1.0,0.79912734,0.15186611,-0.0026505983,0.0028030514,-0.0040521235,-1.095459,0.5810547,0.4189453,0.24865723,0.32852703332901
4628480,5728.889792061059,7.0,211.94812,500.0,217.39764,-1.0,0.17077637,1.0,0.7984118,0.1519071,-0.004882587,0.0035962418,-0.0066807074,-1.1022152,0.5812988,0.41870117,0.2479248,0.32936400175094604
4636672,5730.94132562219,7.0,211.58789,500.0,217.29611,-1.0,0.17004395,1.0,0.79902667,0.15105191,-0.0042692656,0.0028410545,-0.0056897923,-1.1044382,0.5812988,0.41870117,0.24865723,0.330899715423584
4644864,5732.320988395799,7.0,211.49426,500.0,217.1855,-1.0,0.16955566,1.0,0.7994358,0.15102574,-0.0034932094,0.003248352,-0.0051173856,-1.1106656,0.5812988,0.41870117,0.24914551,0.3321497142314911
4653056,5728.585101730676,7.0,211.17126,500.0,217.19682,-1.0,0.171875,1.0,0.7991695,0.15256417,-0.0070957546,0.0040265247,-0.0091090165,-1.1207378,0.57995605,0.42004395,0.24816895,0.3331497013568878
4661248,5725.808087982144,7.0,211.16113,500.0,217.23409,-1.0,0.17248535,1.0,0.7989616,0.15308088,-0.0004193649,0.0023059887,-0.0015723591,-1.1319093,0.5797119,0.4202881,0.24780273,0.33375683426856995
4669440,5738.155798128271,7.0,211.4154,500.0,217.27509,-1.0,0.171875,1.0,0.7987111,0.15257195,-0.0039503337,0.0017995129,-0.0048500905,-1.1345129,0.58032227,0.41967773,0.24780273,0.33491307497024536
4677632,5735.854919826795,7.0,211.27368,500.0,217.30437,-1.0,0.16992188,1.0,0.79928166,0.15094772,-0.0064726425,0.002377087,-0.007661186,-1.135121,0.58117676,0.41882324,0.24890137,0.3364923298358917
4685824,5727.8545500615965,7.0,211.4696,500.0,217.30835,-1.0,0.16833496,1.0,0.79938835,0.14989229,-0.0042830496,0.0022130753,-0.0053895875,-1.1367403,0.5821533,0.41784668,0.24951172,0.33774232864379883
4694016,5730.888752861713,7.0,211.36646,500.0,217.3031,-1.0,0.16699219,1.0,0.7997463,0.14870119,-0.0049901763,0.0027739708,-0.0063771615,-1.1362774,0.5827637,0.41723633,0.25024414,0.3389025926589966
4702208,5727.313202574243,7.0,211.02295,500.0,217.17615,-1.0,0.16662598,1.0,0.8003566,0.14877781,-0.004668841,0.0021439225,-0.005740802,-1.1349021,0.58251953,0.41748047,0.2508545,0.33996838331222534
4710400,5730.981472743355,7.0,210.97876,500.0,217.19429,-1.0,0.16711426,1.0,0.80010235,0.1488794,-0.0033324321,0.0034978406,-0.005081353,-1.1399688,0.58239746,0.41760254,0.25048828,0.34073880314826965
4718592,5730.717659100761,7.0,210.88196,500.0,217.16855,-1.0,0.16723633,1.0,0.8001531,0.14881735,-0.0038238969,0.0023284343,-0.0049881134,-1.1492292,0.5822754,0.4177246,0.25048828,0.3415698707103729
4726784,5732.4682681440845,7.0,210.91162,500.0,217.19066,-1.0,0.16577148,1.0,0.80030525,0.1479006,-0.0045134,0.0038358176,-0.0064313086,-1.1447747,0.5831299,0.41687012,0.25109863,0.34276431798934937
4734976,5733.0134603371225,7.0,211.12512,500.0,217.23769,-1.0,0.16540527,1.0,0.80015224,0.14758578,-0.005194768,0.0016396026,-0.006014569,-1.1433861,0.5834961,0.4165039,0.25109863,0.3435143232345581
4743168,5734.5443786350215,7.0,211.38452,500.0,217.29022,-1.0,0.16369629,1.0,0.8001986,0.14641383,-0.004775506,0.001342727,-0.0054468694,-1.1415652,0.5845947,0.41540527,0.25170898,0.3448643088340759
4751360,5726.999134276484,7.0,211.38953,500.0,217.24008,-1.0,0.1628418,1.0,0.8004492,0.14608487,-0.004392937,0.0026238267,-0.00570485,-1.1497724,0.58496094,0.41503906,0.25219727,0.3460032045841217
4759552,5736.976391394336,7.0,210.96667,500.0,217.12032,-1.0,0.16223145,1.0,0.80125904,0.14579251,-0.0044113956,0.0040942575,-0.0064585246,-1.165245,0.5847168,0.4152832,0.25305176,0.3473156988620758
4767744,5732.935979335912,7.0,210.82239,500.0,217.15408,-1.0,0.1628418,1.0,0.80121136,0.14587733,-0.0037189454,0.001654005,-0.004545948,-1.1776198,0.5843506,0.4156494,0.25280762,0.3479480445384979
4775936,5739.29446696732,7.0,211.0105,500.0,217.18228,-1.0,0.16320801,1.0,0.80090827,0.14609423,-0.0030837944,0.00194934,-0.004058464,-1.1874101,0.5843506,0.4156494,0.2524414,0.34845560789108276
4784128,5734.190281107635,7.0,211.2185,500.0,217.21092,-1.0,0.16308594,1.0,0.80055195,0.14603952,-0.001938856,0.0017744898,-0.002826101,-1.2026794,0.5847168,0.4152832,0.25219727,0.34917333722114563
4792320,5738.547763586065,7.0,211.50732,500.0,217.27827,-1.0,0.16186523,1.0,0.80049473,0.14505932,-0.004286254,0.001884881,-0.0052286945,-1.2142121,0.5855713,0.4144287,0.25256348,0.35013023018836975
4800512,5733.095726408448,7.0,211.33105,500.0,217.24442,-1.0,0.16259766,1.0,0.8006512,0.14560877,-0.0050998917,0.0023099834,-0.0062548835,-1.218992,0.58496094,0.41503906,0.2524414,0.3507552444934845
4808704,5736.803976122959,7.0,211.78699,500.0,217.40279,-1.0,0.16210938,1.0,0.80014026,0.14517868,-0.0034584403,0.0013390756,-0.004127978,-1.2261614,0.58569336,0.41430664,0.25219727,0.3519052565097809
4816896,5735.000941875924,7.0,212.07043,500.0,217.46332,-1.0,0.16101074,1.0,0.79998076,0.14414454,-0.0067971917,0.0022965756,-0.00794548,-1.2327919,0.58654785,0.41345215,0.2524414,0.352988600730896
4825088,5739.8869835043815,7.0,212.16626,500.0,217.47026,-1.0,0.15942383,1.0,0.8002222,0.14330247,-0.0055484828,0.0029206567,-0.0070088115,-1.2428429,0.58740234,0.41259766,0.25317383,0.3546830415725708
4833280,5734.377851648045,7.0,212.17297,500.0,217.47636,-1.0,0.15905762,1.0,0.80021876,0.1427517,-0.0056325137,0.0031046926,-0.00718486,-1.2484992,0.5876465,0.41235352,0.2532959,0.3559715151786804
4841472,5733.471693270945,7.0,212.37,500.0,217.58131,-1.0,0.1583252,1.0,0.8000589,0.1420835,-0.005795596,0.002247226,-0.0069192094,-1.2506061,0.58825684,0.41174316,0.25341797,0.3572215139865875
4849664,5733.410463754008,7.0,212.45349,500.0,217.66934,-1.0,0.1583252,1.0,0.7999063,0.14246,-0.0073600924,0.0018154441,-0.008267815,-1.2504787,0.5883789,0.4116211,0.2532959,0.35751205682754517
4857856,5734.438144784985,7.0,211.90186,500.0,217.49352,-1.0,0.15856934,1.0,0.80077314,0.14251629,-0.005821829,0.0035412181,-0.0075924383,-1.2612419,0.5875244,0.4124756,0.25390625,0.358675092458725
4866048,5734.344356008699,7.0,211.89258,500.0,217.4838,-1.0,0.15844727,1.0,0.80087346,0.14292154,-0.0020891242,0.0018526883,-0.0030154684,-1.2693627,0.5875244,0.4124756,0.25402832,0.3593626022338867
4874240,5734.14339038983,7.0,212.04102,500.0,217.48582,-1.0,0.15771484,1.0,0.8008656,0.14198017,-0.0060541686,0.00221147,-0.007159903,-1.2707496,0.5880127,0.4119873,0.25427246,0.3605014979839325
4882432,5735.81087438562,7.0,212.0625,500.0,217.4937,-1.0,0.1574707,1.0,0.80091375,0.14184964,-0.0075953593,0.0028770124,-0.009033865,-1.2669017,0.58813477,0.41186523,0.25439453,0.3621433973312378
4890624,5731.657367054063,7.0,212.40625,500.0,217.64005,-1.0,0.15783691,1.0,0.8003079,0.14190908,-0.005478736,0.001758963,-0.0063582174,-1.2633735,0.5883789,0.4116211,0.25378418,0.36340853571891785
4898816,5736.2494439418415,7.0,212.38062,500.0,217.60756,-1.0,0.15795898,1.0,0.80051255,0.1419467,-0.0042224554,0.0019309738,-0.0051879426,-1.2638605,0.58813477,0.41186523,0.25390625,0.36431238055229187
4907008,5731.142066853047,7.0,212.65112,500.0,217.60515,-1.0,0.15808105,1.0,0.80041236,0.14209978,-0.0033106806,0.0023574783,-0.00448942,-1.270994,0.58813477,0.41186523,0.25378418,0.3650346100330353
4915200,5726.885543587415,7.0,213.01831,500.0,217.73764,-1.0,0.1586914,1.0,0.79975736,0.1425219,-0.0048227953,0.0019659842,-0.005805787,-1.2803781,0.58825684,0.41174316,0.25305176,0.365722119808197
4923392,5736.807807460846,7.0,213.25171,500.0,217.79718,-1.0,0.15942383,1.0,0.7993064,0.14306554,-0.0046264017,0.0024462827,-0.005849543,-1.2917963,0.58813477,0.41186523,0.2524414,0.36635446548461914
4931584,5727.745699490433,7.0,213.49634,500.0,217.92116,-1.0,0.1595459,1.0,0.7989001,0.14290869,-0.005540162,0.0030721994,-0.0070762625,-1.301902,0.5883789,0.4116211,0.2520752,0.36729493737220764
4939776,5733.849623141699,7.0,213.85156,500.0,217.98004,-1.0,0.1586914,1.0,0.79853535,0.14216654,0.0018231727,0.002653114,0.00049661595,-1.3102864,0.5892334,0.4107666,0.2520752,0.3685600757598877
4947968,5731.110520871175,7.0,213.96265,500.0,218.01595,-1.0,0.1586914,1.0,0.79838246,0.14166187,-0.0016385091,0.0020731362,-0.0026750772,-1.3162808,0.58935547,0.41064453,0.25195312,0.3698100745677948
4956160,5735.129213812286,7.0,214.06921,500.0,218.09224,-1.0,0.15930176,1.0,0.7980317,0.14177874,-0.006354955,0.001938029,-0.007323969,-1.3233863,0.5892334,0.4107666,0.25146484,0.37039339542388916
4964352,5730.955663815178,7.0,214.25757,500.0,218.19987,-1.0,0.1595459,1.0,0.79752374,0.14212187,-0.0060389927,0.002024131,-0.0070510576,-1.3257054,0.58947754,0.41052246,0.25097656,0.3710893392562866
4972544,5733.742458218955,7.0,214.29626,500.0,218.28032,-1.0,0.16149902,1.0,0.7969774,0.14378226,-0.0050534457,0.0027758004,-0.006441346,-1.331132,0.58862305,0.41137695,0.24987793,0.3719368875026703
4980736,5730.865812323056,7.0,214.58887,500.0,218.39348,-1.0,0.1616211,1.0,0.7964163,0.14390674,-0.0033623576,0.0018681365,-0.0042964257,-1.3438635,0.58898926,0.41101074,0.24938965,0.37262439727783203
4988928,5734.2610971146905,7.0,214.80432,500.0,218.54262,-1.0,0.16247559,1.0,0.7958591,0.14470264,-0.002410262,0.001860918,-0.0033407211,-1.3454798,0.5888672,0.4111328,0.24865723,0.37277981638908386
4997120,5727.416308492059,7.0,215.16272,500.0,218.59732,-1.0,0.16308594,1.0,0.7953507,0.14505589,-0.0043620747,0.0022154865,-0.005469818,-1.3572775,0.5888672,0.4111328,0.24804688,0.37355923652648926
5005312,5729.615830668886,7.0,215.49316,500.0,218.75507,-1.0,0.16430664,1.0,0.794485,0.14547744,-0.0054200953,0.0022234945,-0.006531842,-1.3687832,0.5887451,0.41125488,0.24694824,0.3741425573825836
5013504,5731.573230079713,7.0,215.68176,500.0,218.79106,-1.0,0.16442871,1.0,0.7943829,0.14537442,-0.0047444403,0.0015305498,-0.005509716,-1.3699797,0.5887451,0.41125488,0.24682617,0.37481847405433655
5021696,5729.195470099408,7.0,215.92651,500.0,218.91615,-1.0,0.16394043,1.0,0.7940228,0.14489849,-0.0025873724,0.0011148552,-0.0031448004,-1.3771633,0.58935547,0.41064453,0.2467041,0.3755684792995453
5029888,5732.02645160171,7.0,216.4093,500.0,219.02554,-1.0,0.16186523,1.0,0.7937566,0.14334583,-0.002142739,0.0018998409,-0.0030926596,-1.3768868,0.5909424,0.40905762,0.24719238,0.3763790726661682
5038080,5731.826604585864,7.0,216.6272,500.0,219.08762,-1.0,0.1616211,1.0,0.7934987,0.14318724,-0.0057988917,0.0013189311,-0.0064583574,-1.3771726,0.5913086,0.4086914,0.24707031,0.3768187165260315
5046272,5733.136860329478,7.0,216.82898,500.0,219.14003,-1.0,0.16101074,1.0,0.7933922,0.14312723,-0.0037803834,0.0021099474,-0.004835357,-1.3775756,0.5917969,0.40820312,0.24719238,0.3774777948856354
5054464,5729.347366005869,7.0,217.24988,500.0,219.2514,-1.0,0.16174316,1.0,0.79262733,0.1438756,-0.0041289,0.0014381575,-0.0048479782,-1.3831894,0.59191895,0.40808105,0.24633789,0.37769654393196106
5062656,5730.360211251104,7.0,217.2135,500.0,219.21852,-1.0,0.16210938,1.0,0.79262954,0.14388254,-0.002544518,0.003117477,-0.0041032573,-1.3953712,0.5916748,0.4083252,0.24621582,0.3785715401172638
5070848,5731.845728099253,7.0,217.36499,500.0,219.22818,-1.0,0.16308594,1.0,0.792121,0.14431472,-0.0043353704,0.0016318324,-0.0051512867,-1.4021318,0.59143066,0.40856934,0.2454834,0.37877607345581055
5079040,5729.359785524219,7.0,217.90308,500.0,219.37764,-1.0,0.16235352,1.0,0.7915007,0.14381227,-0.0020455355,0.002455324,-0.0032731977,-1.4075934,0.5924072,0.40759277,0.24523926,0.379472017288208
5087232,5729.488760628441,7.0,218.31726,500.0,219.45705,-1.0,0.1616211,1.0,0.7910335,0.14322877,-0.004022227,0.002192329,-0.0051183915,-1.4140435,0.5932617,0.40673828,0.24511719,0.3801897466182709
5095424,5729.043582246833,7.0,217.9292,500.0,219.31575,-1.0,0.16174316,1.0,0.79154855,0.14316465,-0.00382326,0.0036690454,-0.005657783,-1.4231749,0.59277344,0.40722656,0.2454834,0.38122546672821045
5103616,5729.7534166166115,7.0,218.2472,500.0,219.38597,-1.0,0.1607666,1.0,0.7912848,0.14219067,-0.004409033,0.002008267,-0.005413167,-1.4250526,0.5936279,0.40637207,0.24560547,0.38258835673332214
5111808,5727.130866936868,7.0,218.53967,500.0,219.36868,-1.0,0.16210938,1.0,0.7907793,0.14279208,-0.0050221886,0.0017265424,-0.00588546,-1.4316914,0.59313965,0.40686035,0.24475098,0.38249459862709045
5120000,5733.057462825778,7.0,218.74414,500.0,219.3927,-1.0,0.16369629,1.0,0.7902206,0.14383402,-0.00033993524,0.0017998188,-0.0012398448,-1.4475487,0.5925293,0.4074707,0.24377441,0.3826991319656372
5128192,5728.273758888186,7.0,219.18237,500.0,219.43834,-1.0,0.16369629,1.0,0.7897571,0.14358887,-0.003119309,0.0025302798,-0.0043844488,-1.4542757,0.5928955,0.4071045,0.2434082,0.3837824761867523
5136384,5730.8820618523,7.0,219.3114,500.0,219.47191,-1.0,0.16442871,1.0,0.7894503,0.14402185,-0.006772707,0.0020431415,-0.0077942773,-1.4559877,0.59265137,0.40734863,0.24291992,0.3848227858543396
5144576,5729.141974087941,7.0,219.48975,500.0,219.51205,-1.0,0.16625977,1.0,0.7888346,0.14511332,-0.0021307752,0.0015548324,-0.0029081916,-1.4535375,0.59191895,0.40808105,0.24182129,0.3854348659515381
5152768,5737.4266356883345,7.0,219.82031,500.0,219.65494,-1.0,0.16784668,1.0,0.7879564,0.14637446,-0.002613132,0.0019092802,-0.0035677722,-1.4625418,0.59155273,0.40844727,0.24060059,0.38596612215042114
5160960,5726.433134634368,7.0,219.83667,500.0,219.66185,-1.0,0.16699219,1.0,0.78806055,0.14539456,-0.0051268246,0.0023339675,-0.0062938086,-1.465915,0.592041,0.40795898,0.2409668,0.38732901215553284
5169152,5740.498803691657,7.0,220.12708,500.0,219.6899,-1.0,0.16748047,1.0,0.78764695,0.14557756,-0.0018050675,0.0019199773,-0.0027650557,-1.4683096,0.592041,0.40795898,0.24047852,0.3877456784248352
5177344,5729.503091554021,7.0,220.27954,500.0,219.81752,-1.0,0.16833496,1.0,0.7870772,0.14608803,-0.0038808421,0.0028017578,-0.0052817212,-1.4735149,0.59191895,0.40808105,0.2397461,0.38859322667121887
5185536,5738.509427193527,7.0,220.49951,500.0,219.79132,-1.0,0.16638184,1.0,0.78733736,0.14435144,-0.0030916585,0.0031133308,-0.004648324,-1.4684638,0.5930176,0.40698242,0.24060059,0.3900575041770935
5193728,5727.953855945865,7.0,220.27332,500.0,219.71379,-1.0,0.16723633,1.0,0.78738886,0.14477786,-0.0042441594,0.0029360242,-0.005712171,-1.4688038,0.5924072,0.40759277,0.24035645,0.3910297155380249
5201920,5734.15965851117,7.0,220.49634,500.0,219.76927,-1.0,0.16833496,1.0,0.7869221,0.14552984,-0.0047070794,0.00204896,-0.0057315594,-1.4736168,0.592041,0.40795898,0.23962402,0.39171722531318665
5210112,5727.117502477714,7.0,220.781,500.0,219.8416,-1.0,0.1694336,1.0,0.78629816,0.14618196,-0.00521023,0.002028295,-0.006224379,-1.4759021,0.5917969,0.40820312,0.23876953,0.39212512969970703
5218304,5728.43897648888,7.0,220.63428,500.0,219.8176,-1.0,0.17077637,1.0,0.78624064,0.14719197,-0.0019308476,0.0022812057,-0.0030714502,-1.4849929,0.5909424,0.40905762,0.23828125,0.3927084505558014
5226496,5728.625215846271,7.0,220.57812,500.0,219.80885,-1.0,0.16967773,1.0,0.786556,0.1465397,-0.004348959,0.003138782,-0.00591835,-1.4945154,0.59143066,0.40856934,0.2388916,0.3940713405609131
5234688,5731.288330033981,7.0,220.67139,500.0,219.79897,-1.0,0.16894531,1.0,0.78671366,0.1459186,-0.0032681443,0.0023515385,-0.0044439137,-1.4991356,0.5917969,0.40820312,0.23925781,0.3948739767074585
5242880,5733.214346760659,7.0,221.11707,500.0,219.88713,-1.0,0.16796875,1.0,0.78630203,0.14540182,-0.005569402,0.0014804401,-0.0063096224,-1.5035954,0.59277344,0.40722656,0.23925781,0.3955855071544647
5251072,5731.267298267363,7.0,221.34961,500.0,219.89194,-1.0,0.16784668,1.0,0.7860952,0.14551137,-0.0074574873,0.0020618995,-0.008488439,-1.5151341,0.5930176,0.40698242,0.23913574,0.3969426453113556
5259264,5736.12974035635,7.0,220.85547,500.0,219.76683,-1.0,0.16821289,1.0,0.78671545,0.145683,-0.0029732338,0.0037293339,-0.0048379004,-1.5112901,0.59228516,0.40771484,0.23950195,0.39803409576416016
5267456,5729.8575659293,7.0,220.67004,500.0,219.71303,-1.0,0.1685791,1.0,0.7868698,0.14533982,-0.0036095618,0.0023294294,-0.004774276,-1.5092037,0.59191895,0.40808105,0.23950195,0.3987596929073334
5275648,5729.4008658531275,7.0,220.44019,500.0,219.61978,-1.0,0.16906738,1.0,0.7870753,0.14535752,-0.0034702765,0.0030719084,-0.005006231,-1.5205607,0.59143066,0.40856934,0.23950195,0.3997596800327301
5283840,5728.074173457276,7.0,220.39001,500.0,219.61055,-1.0,0.16992188,1.0,0.7869688,0.14564708,-0.0020865307,0.0028845512,-0.003528806,-1.5271126,0.5909424,0.40905762,0.23913574,0.40034300088882446
5292032,5726.989588667008,7.0,220.29529,500.0,219.60406,-1.0,0.16955566,1.0,0.78697026,0.14513466,-0.0014361059,0.0027465771,-0.0028093946,-1.5301996,0.5911865,0.40881348,0.23925781,0.4012358486652374
5300224,5731.861983185965,7.0,220.39099,500.0,219.58643,-1.0,0.16955566,1.0,0.78697026,0.14479712,-0.003604109,0.0019773687,-0.0045927935,-1.5328244,0.5911865,0.40881348,0.23925781,0.4012983441352844
5308416,5726.066678521071,7.0,220.21265,500.0,219.53714,-1.0,0.17053223,1.0,0.78706944,0.14576575,-0.0038641922,0.0026224568,-0.0051754205,-1.5421187,0.5904541,0.4095459,0.23901367,0.40196940302848816
5316608,5727.7514283647215,7.0,220.11414,500.0,219.51208,-1.0,0.17004395,1.0,0.7873302,0.14496595,-0.005846558,0.0036249508,-0.0076590334,-1.5519983,0.5905762,0.40942383,0.23937988,0.40308302640914917
5324800,5731.1640536518435,7.0,219.81921,500.0,219.44067,-1.0,0.1697998,1.0,0.7878478,0.14496069,-0.0041796835,0.0018651024,-0.005112235,-1.562265,0.59033203,0.40966797,0.23986816,0.4040399193763733
5332992,5727.743789868217,7.0,220.11914,500.0,219.5388,-1.0,0.16906738,1.0,0.78754044,0.14454313,-0.00026162402,0.0010647303,-0.0007939887,-1.5675383,0.59106445,0.40893555,0.23986816,0.4046594798564911
5341184,5729.558505140801,7.0,220.35742,500.0,219.59596,-1.0,0.1694336,1.0,0.787074,0.14451909,-0.003402756,0.0023750206,-0.0045902664,-1.5676498,0.5911865,0.40881348,0.23937988,0.40540948510169983
5349376,5727.311293240405,7.0,220.81421,500.0,219.69667,-1.0,0.16845703,1.0,0.7866632,0.1436767,-0.0005480801,0.0018142642,-0.0014552121,-1.5666709,0.5921631,0.4078369,0.23937988,0.40653878450393677
5357568,5729.919675119752,7.0,220.86182,500.0,219.7049,-1.0,0.16748047,1.0,0.7868716,0.14279816,-0.003002452,0.0032398556,-0.0046223793,-1.5681622,0.59265137,0.40734863,0.23986816,0.4074251353740692
5365760,5732.134508663413,7.0,220.6847,500.0,219.68805,-1.0,0.16748047,1.0,0.78702676,0.1427096,-0.0038598028,0.002451323,-0.005085464,-1.5824846,0.5925293,0.4074707,0.23999023,0.40888941287994385
5373952,5734.242914459498,7.0,220.51392,500.0,219.62776,-1.0,0.16723633,1.0,0.7872338,0.14262734,-0.0034514654,0.0040325476,-0.005467739,-1.5938148,0.5925293,0.4074707,0.24023438,0.41030606627464294
5382144,5733.243045970414,7.0,220.64038,500.0,219.61288,-1.0,0.1673584,1.0,0.78713036,0.14297515,-0.00012666715,0.0020810994,-0.0011672175,-1.6002909,0.5925293,0.4074707,0.2401123,0.41148462891578674
5390336,5738.118425245241,7.0,221.08215,500.0,219.73196,-1.0,0.16784668,1.0,0.78640574,0.14314479,-0.001928828,0.0016073235,-0.0027324897,-1.6065485,0.59277344,0.40722656,0.23937988,0.4117703437805176
5398528,5735.77736200309,7.0,221.24805,500.0,219.75731,-1.0,0.16760254,1.0,0.78630257,0.14296263,-0.0026565667,0.0024069566,-0.0038600452,-1.6105096,0.5930176,0.40698242,0.23937988,0.41264936327934265
5406720,5726.460811610337,7.0,220.90063,500.0,219.65039,-1.0,0.16796875,1.0,0.7867676,0.14324564,-0.0031887963,0.0026831483,-0.0045303702,-1.615052,0.5924072,0.40759277,0.23962402,0.41362157464027405
5414912,5737.342329251819,7.0,221.11829,500.0,219.67741,-1.0,0.16906738,1.0,0.78629947,0.1442334,-0.0036498455,0.0021353713,-0.004717531,-1.6202562,0.592041,0.40795898,0.2388916,0.41426900029182434
5423104,5732.795371016127,7.0,221.23206,500.0,219.63347,-1.0,0.16906738,1.0,0.78629947,0.14403374,-0.0028243777,0.0029429959,-0.0042958753,-1.6301008,0.592041,0.40795898,0.2388916,0.41499459743499756
5431296,5736.625824562762,7.0,221.44775,500.0,219.65877,-1.0,0.16809082,1.0,0.7861983,0.14322054,-0.0046770023,0.0017471522,-0.005550578,-1.6384202,0.59277344,0.40722656,0.23913574,0.4164753556251526
5439488,5736.067496466265,7.0,221.43091,500.0,219.66368,-1.0,0.16809082,1.0,0.7861983,0.14308923,-0.0049791457,0.0023720036,-0.0061651473,-1.636993,0.59277344,0.40722656,0.23913574,0.4171227812767029
5447680,5728.436111362579,7.0,221.2572,500.0,219.63466,-1.0,0.16796875,1.0,0.78645724,0.14316794,-0.005329517,0.0021016933,-0.006380364,-1.6409159,0.59265137,0.40734863,0.23937988,0.4179977774620056
5455872,5726.872180273175,7.0,221.61694,500.0,219.68011,-1.0,0.16772461,1.0,0.7860436,0.14297591,-0.002261159,0.0017865789,-0.0031544485,-1.6542807,0.59313965,0.40686035,0.23913574,0.4184374213218689
5464064,5733.66974144557,7.0,221.6582,500.0,219.58673,-1.0,0.16601562,1.0,0.78656155,0.14168993,-0.0043762103,0.0031315319,-0.005941976,-1.6649643,0.5938721,0.40612793,0.2401123,0.41963478922843933
5472256,5726.159242434696,7.0,221.96692,500.0,219.62425,-1.0,0.1661377,1.0,0.78614765,0.14147094,-0.0037377484,0.0024637696,-0.004969633,-1.6687824,0.5941162,0.4058838,0.2397461,0.42081335186958313
5480448,5731.505348639483,7.0,221.99585,500.0,219.57716,-1.0,0.1652832,1.0,0.7864054,0.14076562,-0.002686028,0.0022685237,-0.0038202899,-1.6710308,0.5944824,0.40551758,0.24023438,0.42233753204345703
5488640,5735.538956641432,7.0,222.0122,500.0,219.63255,-1.0,0.16687012,1.0,0.7859925,0.14172608,-0.00324875,0.0023730912,-0.0044352952,-1.6781299,0.59375,0.40625,0.23937988,0.4231685996055603
5496832,5732.964675758835,7.0,222.06091,500.0,219.63864,-1.0,0.16845703,1.0,0.78557616,0.14275177,-0.0032072566,0.001612983,-0.004013748,-1.6870666,0.5930176,0.40698242,0.23852539,0.42340245842933655
5505024,5735.975569499402,7.0,222.04236,500.0,219.63385,-1.0,0.1685791,1.0,0.7856278,0.14284812,-0.0007958283,0.0026490064,-0.0021203312,-1.701107,0.5928955,0.4071045,0.23852539,0.4242774546146393
5513216,5738.214254126669,7.0,222.01355,500.0,219.65894,-1.0,0.16882324,1.0,0.7855754,0.14293805,-0.0005062731,0.0028396987,-0.0019261225,-1.7100846,0.59277344,0.40722656,0.23840332,0.4251212179660797
5521408,5730.456736890313,7.0,221.84155,500.0,219.62068,-1.0,0.16967773,1.0,0.78562427,0.14314556,-0.0040209903,0.003938671,-0.0059903255,-1.7166392,0.5921631,0.4078369,0.23815918,0.42612120509147644
5529600,5736.980222962522,7.0,221.8623,500.0,219.60127,-1.0,0.17041016,1.0,0.7854657,0.14406483,-0.0053939265,0.0040266565,-0.0074072545,-1.7161648,0.5917969,0.40820312,0.23779297,0.4277316629886627
5537792,5732.746590149378,7.0,222.03735,500.0,219.65416,-1.0,0.17028809,1.0,0.7852591,0.14405906,-0.0038829301,0.0027959805,-0.0052809203,-1.7148988,0.592041,0.40795898,0.2376709,0.42861801385879517
5545984,5728.34251881273,7.0,221.55383,500.0,219.54793,-1.0,0.17053223,1.0,0.78582776,0.14395419,-0.005940609,0.004173475,-0.008027346,-1.7173321,0.59143066,0.40856934,0.23803711,0.43006613850593567
5554176,5723.299731955644,7.0,221.40881,500.0,219.45294,-1.0,0.1694336,1.0,0.78629816,0.14346418,-0.0029826139,0.0026059274,-0.0042855777,-1.7189323,0.5917969,0.40820312,0.23876953,0.43161100149154663
5562368,5734.987540661388,7.0,221.6062,500.0,219.47675,-1.0,0.1694336,1.0,0.7861429,0.143718,-0.002659579,0.0024310723,-0.003875115,-1.7160157,0.59191895,0.40808105,0.23864746,0.4327712655067444
5570560,5735.79076690911,7.0,221.34338,500.0,219.42679,-1.0,0.16955566,1.0,0.78650475,0.14363912,-0.0026305146,0.0015334254,-0.0033972273,-1.714354,0.59155273,0.40844727,0.2388916,0.4332355558872223
5578752,5736.304030435364,7.0,221.51367,500.0,219.40424,-1.0,0.17028809,1.0,0.7861913,0.14430487,-0.003685101,0.0014998281,-0.004435015,-1.7229952,0.5913086,0.4086914,0.23840332,0.4335916042327881
5586944,5733.4123771566165,7.0,221.5841,500.0,219.45348,-1.0,0.17028809,1.0,0.78603595,0.14455993,-0.0004650288,0.0018031036,-0.0013665801,-1.7304609,0.59143066,0.40856934,0.23828125,0.4342239499092102
5595136,5732.492177908149,7.0,221.98267,500.0,219.52771,-1.0,0.16931152,1.0,0.785781,0.1442383,-0.00021333463,0.0013524016,-0.0008895359,-1.7244351,0.59228516,0.40771484,0.23840332,0.4350084364414215
5603328,5736.199646643405,7.0,221.99036,500.0,219.49234,-1.0,0.16992188,1.0,0.7857269,0.14498569,-0.0046322905,0.0018479093,-0.005556245,-1.7193882,0.59191895,0.40808105,0.23815918,0.43556487560272217
5611520,5734.863103802981,7.0,222.156,500.0,219.54234,-1.0,0.17126465,1.0,0.7852022,0.14579542,-0.0028093474,0.0023198316,-0.0039692633,-1.7184933,0.59143066,0.40856934,0.23730469,0.4359031021595001
5619712,5726.969542990684,7.0,221.85779,500.0,219.5303,-1.0,0.17224121,1.0,0.7852995,0.14621171,-0.0040707923,0.0040108375,-0.006076211,-1.7260257,0.59069824,0.40930176,0.23706055,0.4370681941509247
5627904,5730.780742762207,7.0,221.7904,500.0,219.59694,-1.0,0.17297363,1.0,0.784983,0.14667135,-0.0022125088,0.0036023408,-0.004013679,-1.7367327,0.5904541,0.4095459,0.23657227,0.437875896692276
5636096,5727.9758182890855,7.0,222.15247,500.0,219.65886,-1.0,0.171875,1.0,0.78467995,0.14583361,-0.0056982767,0.003322937,-0.0073597454,-1.737278,0.59143066,0.40856934,0.23669434,0.4392167925834656
5644288,5731.695611949909,7.0,222.01526,500.0,219.56429,-1.0,0.17199707,1.0,0.78504205,0.14579713,-0.0036015725,0.0028500035,-0.0050265742,-1.7367425,0.59106445,0.40893555,0.23693848,0.44037705659866333
5652480,5735.1943092284755,7.0,221.71631,500.0,219.5285,-1.0,0.17321777,1.0,0.7852401,0.14669114,-0.0034992802,0.0018071858,-0.004402872,-1.7405401,0.5900879,0.4099121,0.23669434,0.44084134697914124
5660672,5733.416203965666,7.0,221.72192,500.0,219.48,-1.0,0.1743164,1.0,0.78507465,0.14725396,-0.0038095734,0.0022105847,-0.004914866,-1.7490816,0.58947754,0.41052246,0.23620605,0.44075801968574524
5668864,5734.745372362389,7.0,221.7793,500.0,219.45793,-1.0,0.17407227,1.0,0.78512883,0.14707252,-0.005247752,0.0025578574,-0.0065266816,-1.7563932,0.5895996,0.4104004,0.23632812,0.4416055679321289
5677056,5739.502504954451,7.0,221.6792,500.0,219.4114,-1.0,0.17382812,1.0,0.7853384,0.14691532,-0.0031404914,0.0024235472,-0.0043522655,-1.7656323,0.5895996,0.4104004,0.23657227,0.4426376223564148
5685248,5734.1988937718215,7.0,221.50452,500.0,219.36357,-1.0,0.17419434,1.0,0.78549045,0.1471954,-0.00389085,0.0021984312,-0.0049900655,-1.7720983,0.5892334,0.4107666,0.23657227,0.4434482157230377
5693440,5729.710420298137,7.0,221.38452,500.0,219.34805,-1.0,0.17260742,1.0,0.78591835,0.146322,-0.007277368,0.002238298,-0.008396517,-1.7724602,0.5899658,0.41003418,0.23742676,0.4450732171535492
5701632,5729.537486067913,7.0,221.6643,500.0,219.38795,-1.0,0.17272949,1.0,0.78565854,0.14627603,-0.0014753626,0.0021342847,-0.0025425048,-1.7759677,0.5900879,0.4099121,0.23718262,0.4456852972507477
5709824,5730.470116938504,7.0,221.54114,500.0,219.36444,-1.0,0.17382812,1.0,0.78564924,0.1473194,-0.0031087035,0.0030315006,-0.004624454,-1.7849611,0.58935547,0.41064453,0.2368164,0.4466257691383362
5718016,5728.302408656138,7.0,221.41748,500.0,219.37059,-1.0,0.17407227,1.0,0.7855951,0.1470528,-0.0070466576,0.0021920416,-0.008142678,-1.7924159,0.5892334,0.4107666,0.23669434,0.44697099924087524
5726208,5734.890862326521,7.0,221.49084,500.0,219.40118,-1.0,0.17407227,1.0,0.7854397,0.1470195,-0.0014938838,0.0014642425,-0.0022260048,-1.7975501,0.58935547,0.41064453,0.23657227,0.44732099771499634
5734400,5732.0866953017385,7.0,221.56091,500.0,219.34267,-1.0,0.17382812,1.0,0.78564924,0.14674507,-0.0042641093,0.0038400611,-0.0061841398,-1.7964274,0.58935547,0.41064453,0.2368164,0.44844600558280945
5742592,5736.272427601964,7.0,221.54822,500.0,219.33951,-1.0,0.17407227,1.0,0.7855951,0.1465722,-0.0016958382,0.0010878058,-0.002239741,-1.7997189,0.5892334,0.4107666,0.23669434,0.4489367604255676
5750784,5732.725547678838,7.0,221.95264,500.0,219.37488,-1.0,0.17358398,1.0,0.78523695,0.14601922,-0.0038200142,0.0012100897,-0.004425059,-1.8091645,0.58984375,0.41015625,0.23657227,0.44907137751579285
5758976,5734.197936807856,7.0,222.0188,500.0,219.3867,-1.0,0.17236328,1.0,0.7853503,0.14544392,-0.0029422843,0.0024967017,-0.004190635,-1.8139665,0.5905762,0.40942383,0.23706055,0.45024994015693665
5767168,5734.427617320506,7.0,222.05359,500.0,219.43831,-1.0,0.17346191,1.0,0.7850308,0.1458804,-0.0035807774,0.002477498,-0.0048195263,-1.8167487,0.5900879,0.4099121,0.2364502,0.4505881667137146
5775360,5739.420054915778,7.0,221.93298,500.0,219.43169,-1.0,0.1730957,1.0,0.78518933,0.14520636,-0.007608015,0.0023493974,-0.008782715,-1.8284142,0.59020996,0.40979004,0.23669434,0.4514920115470886
5783552,5736.377771734167,7.0,222.05884,500.0,219.48012,-1.0,0.17333984,1.0,0.7848244,0.14511299,-0.002543009,0.002033072,-0.0035595451,-1.8358991,0.59033203,0.40966797,0.23632812,0.45209914445877075
5791744,5741.491610774703,7.0,222.06433,500.0,219.41714,-1.0,0.17358398,1.0,0.784926,0.1451003,-0.0027886766,0.0014884174,-0.0035328856,-1.8365248,0.5900879,0.4099121,0.23632812,0.452584445476532
5799936,5725.938811645342,7.0,222.35059,500.0,219.45839,-1.0,0.17236328,1.0,0.78472835,0.14438646,-0.0040217172,0.0024790282,-0.0052612307,-1.8398535,0.59106445,0.40893555,0.23657227,0.4538344442844391
5808128,5736.678502635369,7.0,222.41724,500.0,219.48088,-1.0,0.17358398,1.0,0.78430367,0.14561516,-0.0051767994,0.0018900295,-0.0061218133,-1.8446081,0.5905762,0.40942383,0.23583984,0.45452195405960083
5816320,5723.8756010448315,7.0,222.4978,500.0,219.46727,-1.0,0.1739502,1.0,0.7841447,0.14586073,-0.0029021595,0.0025531875,-0.004178753,-1.8511497,0.5904541,0.4095459,0.2355957,0.4550614356994629
5824512,5728.062714428893,7.0,222.4065,500.0,219.43414,-1.0,0.17492676,1.0,0.78408325,0.14630081,-0.0017992703,0.0025148746,-0.0030567073,-1.8620181,0.58984375,0.41015625,0.23522949,0.45575737953186035
5832704,5728.46762790952,7.0,222.56165,500.0,219.41487,-1.0,0.1763916,1.0,0.78359914,0.14714414,-0.0035679871,0.0015112282,-0.0043236013,-1.8637629,0.5892334,0.4107666,0.234375,0.45587775111198425
5840896,5729.878587350713,7.0,222.93066,500.0,219.48915,-1.0,0.17700195,1.0,0.782916,0.14766864,-0.0045375987,0.0010035769,-0.0050393874,-1.8730134,0.58935547,0.41064453,0.23364258,0.4558277428150177
5849088,5736.746506668768,7.0,223.11218,500.0,219.48671,-1.0,0.17590332,1.0,0.7830856,0.14707136,-0.0049778093,0.0022544982,-0.006105058,-1.8784767,0.5899658,0.41003418,0.23413086,0.456868052482605
5857280,5727.455451525621,7.0,223.18823,500.0,219.51074,-1.0,0.17736816,1.0,0.78259915,0.14800894,-0.0064165583,0.0010637939,-0.0069484552,-1.8820502,0.58935547,0.41064453,0.23327637,0.4566180408000946
5865472,5734.555863611329,7.0,223.0166,500.0,219.47227,-1.0,0.17651367,1.0,0.7830262,0.14752409,-0.0054788645,0.0025565377,-0.0067571336,-1.8882549,0.5895996,0.4104004,0.23388672,0.45783862471580505
5873664,5728.970029388706,7.0,223.22522,500.0,219.4652,-1.0,0.17675781,1.0,0.7828152,0.14797392,-0.003759095,0.003888267,-0.0057032285,-1.8877056,0.5895996,0.4104004,0.23364258,0.45925527811050415
5881856,5732.542867267598,7.0,223.10559,500.0,219.36229,-1.0,0.17810059,1.0,0.7829007,0.14860168,-0.0048454264,0.002821728,-0.006256289,-1.8895274,0.58862305,0.41137695,0.23327637,0.4600767195224762
5890048,5731.425996318248,7.0,223.22119,500.0,219.34036,-1.0,0.17749023,1.0,0.7829613,0.14828752,-0.0043281293,0.0016948802,-0.005175569,-1.8954455,0.58898926,0.41101074,0.23352051,0.46093782782554626
5898240,5724.132109843533,7.0,223.03174,500.0,219.38107,-1.0,0.17907715,1.0,0.7826779,0.1495508,-0.0018619631,0.002264666,-0.0029942957,-1.8916066,0.58813477,0.41186523,0.23278809,0.46140211820602417
5906432,5727.847866135376,7.0,223.26062,500.0,219.45946,-1.0,0.1784668,1.0,0.7824274,0.14885035,-0.003978176,0.0024984654,-0.0052274084,-1.8922379,0.5887451,0.41125488,0.23278809,0.46243783831596375
5914624,5726.47989933585,7.0,222.98364,500.0,219.3255,-1.0,0.17907715,1.0,0.7829898,0.14984223,-0.002048848,0.0037413232,-0.0039195092,-1.8959632,0.5878906,0.41210938,0.23303223,0.46368783712387085
5922816,5737.12391046412,7.0,222.93323,500.0,219.34033,-1.0,0.18041992,1.0,0.78260344,0.15141748,-0.004257543,0.0017632494,-0.0051391674,-1.9071126,0.5872803,0.41271973,0.2322998,0.4640628397464752
5931008,5725.406412470683,7.0,222.45264,500.0,219.25562,-1.0,0.18115234,1.0,0.78290206,0.15203607,-0.0050189677,0.0037419435,-0.0068899393,-1.91522,0.58654785,0.41345215,0.2322998,0.46506282687187195
5939200,5730.905958386234,7.0,222.46619,500.0,219.28423,-1.0,0.1809082,1.0,0.7828027,0.15186046,-0.0038096167,0.0025080154,-0.0050636246,-1.9031746,0.586792,0.413208,0.2322998,0.4660628139972687
5947392,5727.062136097101,7.0,222.57568,500.0,219.30322,-1.0,0.18334961,1.0,0.78223443,0.15295434,-0.005393016,0.0017551758,-0.006270605,-1.9024321,0.5855713,0.4144287,0.2310791,0.465923935174942
5955584,5728.586056822138,7.0,222.72571,500.0,219.26045,-1.0,0.18469238,1.0,0.78184044,0.15409508,-0.005104201,0.002025059,-0.00611673,-1.912003,0.58496094,0.41503906,0.23034668,0.46661144495010376
5963776,5729.623474159302,7.0,222.59314,500.0,219.12904,-1.0,0.18383789,1.0,0.7824319,0.15347229,-0.0046365107,0.0030465242,-0.0061597726,-1.9127839,0.585083,0.414917,0.2310791,0.4678088128566742
5971968,5728.27853382961,7.0,222.3518,500.0,219.11664,-1.0,0.18347168,1.0,0.78275186,0.1533215,-0.005389834,0.003267001,-0.0070233345,-1.9078742,0.585083,0.414917,0.23144531,0.4691867232322693
5980160,5727.797259771586,7.0,222.37659,500.0,219.13432,-1.0,0.18408203,1.0,0.7825305,0.1538116,-0.007880098,0.0020888378,-0.008924518,-1.9031322,0.58483887,0.41516113,0.2310791,0.47006574273109436
5988352,5733.824745213321,7.0,222.24487,500.0,219.09308,-1.0,0.1850586,1.0,0.7824561,0.1545128,-0.0058066007,0.0035615354,-0.0075873677,-1.8995347,0.5842285,0.41577148,0.23071289,0.4708384573459625
5996544,5732.247351359576,7.0,222.43933,500.0,219.14407,-1.0,0.1854248,1.0,0.7821354,0.15488121,-0.0032022279,0.0031976947,-0.004801075,-1.9044875,0.5842285,0.41577148,0.23034668,0.47171345353126526
6004736,5732.7523290317895,7.0,222.69177,500.0,219.23012,-1.0,0.18518066,1.0,0.78172493,0.1549585,-0.0035021473,0.0013159366,-0.004160115,-1.9062902,0.5847168,0.4152832,0.23010254,0.47220420837402344
6012928,5735.616508017905,7.0,222.98401,500.0,219.2909,-1.0,0.18554688,1.0,0.7810913,0.15500008,-0.0041128993,0.0019286169,-0.0050772075,-1.9098183,0.58496094,0.41503906,0.22949219,0.4727354645729065
6021120,5728.195450984628,7.0,223.28564,500.0,219.37955,-1.0,0.18603516,1.0,0.780506,0.15537655,0.0006428524,0.0019934191,-0.0003538574,-1.9019771,0.585083,0.414917,0.22888184,0.47324302792549133
6029312,5732.935979335912,7.0,223.12659,500.0,219.35216,-1.0,0.18603516,1.0,0.7806624,0.15542608,-0.0065060277,0.002234498,-0.007623276,-1.8994801,0.58496094,0.41503906,0.2290039,0.4741772413253784
6037504,5726.982906759308,7.0,223.31018,500.0,219.36743,-1.0,0.18566895,1.0,0.7806715,0.15543887,-0.004376569,0.0022387046,-0.0054959212,-1.902337,0.5852051,0.41479492,0.22912598,0.47547897696495056
6045696,5727.589114697345,7.0,223.26611,500.0,219.41519,-1.0,0.18664551,1.0,0.78012574,0.15571384,-0.0008952631,0.0022146697,-0.0020025978,-1.9047025,0.58496094,0.41503906,0.22839355,0.4763539731502533
6053888,5727.906112302489,7.0,223.43091,500.0,219.40607,-1.0,0.18615723,1.0,0.78008586,0.15544705,-0.0037643437,0.002733413,-0.00513105,-1.903648,0.58532715,0.41467285,0.22851562,0.47710397839546204
6062080,5730.348743074455,7.0,223.34265,500.0,219.31052,-1.0,0.18457031,1.0,0.7808538,0.15453795,-0.0034250093,0.0039710193,-0.0054105194,-1.9014353,0.5858154,0.41418457,0.22961426,0.4788539707660675
6070272,5729.1180922625135,7.0,223.3451,500.0,219.33914,-1.0,0.1854248,1.0,0.7805731,0.15526691,-0.006110013,0.0020577996,-0.0071389126,-1.8881903,0.5854492,0.41455078,0.22912598,0.4791039824485779
6078464,5734.18358238671,7.0,223.50745,500.0,219.3138,-1.0,0.18457031,1.0,0.78069746,0.15412115,-0.0030434846,0.0035212724,-0.0048041204,-1.8899113,0.5859375,0.4140625,0.22949219,0.4804844260215759
6086656,5735.447046614549,7.0,223.55396,500.0,219.37106,-1.0,0.18530273,1.0,0.7803675,0.15473476,-0.0039102305,0.0021890355,-0.0050047482,-1.9005597,0.58569336,0.41430664,0.2290039,0.4811435043811798
6094848,5734.702301091855,7.0,223.14001,500.0,219.33159,-1.0,0.1850586,1.0,0.78105074,0.1552754,-0.006060331,0.0035327575,-0.00782671,-1.9076213,0.58532715,0.41467285,0.22961426,0.48291730880737305
6103040,5735.247918327846,7.0,223.04431,500.0,219.34805,-1.0,0.18566895,1.0,0.78098416,0.15572342,-0.003585467,0.0023283155,-0.004749625,-1.91298,0.58496094,0.41503906,0.22937012,0.4836929440498352
6111232,5724.61372191694,7.0,223.00928,500.0,219.31396,-1.0,0.18579102,1.0,0.7811895,0.15594055,-0.00468132,0.0032620225,-0.006312331,-1.920565,0.5847168,0.4152832,0.22949219,0.4844955801963806
6119424,5729.6970437973305,7.0,222.78711,500.0,219.24226,-1.0,0.18554688,1.0,0.78171617,0.15601967,-0.0025687949,0.003251736,-0.004194664,-1.9308113,0.58447266,0.41552734,0.22998047,0.48555511236190796
6127616,5727.70368809582,7.0,222.92627,500.0,219.28967,-1.0,0.18554688,1.0,0.7814038,0.1554676,-0.0065362984,0.0025194401,-0.0077960184,-1.9395572,0.5847168,0.4152832,0.22973633,0.4863051176071167
6135808,5738.151964989658,7.0,222.9469,500.0,219.30481,-1.0,0.1854248,1.0,0.7815109,0.1553521,-0.0049965335,0.0018346289,-0.005913848,-1.9529467,0.5847168,0.4152832,0.2298584,0.4870845377445221
6144000,5729.532709027401,7.0,223.47253,500.0,219.38496,-1.0,0.1854248,1.0,0.7807295,0.15484107,-0.002101337,0.0016794337,-0.0029410538,-1.9681814,0.58532715,0.41467285,0.22924805,0.48747968673706055
6152192,5736.0560054342695,7.0,223.36694,500.0,219.27237,-1.0,0.18518066,1.0,0.7812563,0.1545273,-0.0045193485,0.002719974,-0.005879335,-1.9710863,0.585083,0.414917,0.22973633,0.48838353157043457
6160384,5730.072565017474,7.0,223.25732,500.0,219.20432,-1.0,0.18481445,1.0,0.7815774,0.15455869,-0.0049034916,0.003943463,-0.0068752235,-1.9693424,0.585083,0.414917,0.23010254,0.4898335337638855
6168576,5727.802033918649,7.0,223.2771,500.0,219.13474,-1.0,0.18603516,1.0,0.78144383,0.15517223,-0.0060779625,0.001905619,-0.0070307716,-1.9734308,0.5843506,0.4156494,0.22961426,0.49001210927963257
6176768,5734.18645326519,7.0,223.04773,500.0,219.07216,-1.0,0.18725586,1.0,0.78146476,0.15628207,-0.0028656255,0.0020870026,-0.003909127,-1.9779791,0.5834961,0.4165039,0.22924805,0.49037185311317444
6184960,5727.50509711829,7.0,223.28625,500.0,219.15471,-1.0,0.18786621,1.0,0.78077126,0.15590028,-0.0015380313,0.001768444,-0.0024222534,-1.9878509,0.58361816,0.41638184,0.22851562,0.4909031093120575
6193152,5727.234920930719,7.0,222.86938,500.0,219.0524,-1.0,0.18823242,1.0,0.7813864,0.15620181,-0.0025739567,0.0039007252,-0.0045243194,-1.9847021,0.58288574,0.41711426,0.22888184,0.4919276237487793
6201344,5729.354053432136,7.0,222.8153,500.0,219.03218,-1.0,0.18981934,1.0,0.7812368,0.15745309,-0.0025488192,0.0033103721,-0.004204005,-1.9815713,0.5819092,0.41809082,0.22827148,0.4926350712776184
6209536,5733.31288191438,7.0,223.14355,500.0,219.0772,-1.0,0.19140625,1.0,0.78045857,0.15802824,-0.0038628695,0.0013424293,-0.004534084,-1.9903314,0.5814209,0.4185791,0.22717285,0.4927554428577423
6217728,5729.9693634415835,7.0,223.38257,500.0,219.07346,-1.0,0.19128418,1.0,0.7802539,0.15794773,-0.0054028104,0.002709034,-0.0067573274,-1.9956985,0.58166504,0.41833496,0.22705078,0.49353107810020447
6225920,5737.377775974397,7.0,223.86975,500.0,219.17802,-1.0,0.18896484,1.0,0.7801149,0.1567447,-0.0062046186,0.0026853003,-0.0075472686,-2.001429,0.583374,0.41662598,0.22766113,0.4947810769081116
6234112,5738.092551996015,7.0,223.56201,500.0,219.08817,-1.0,0.19165039,1.0,0.7799292,0.1583355,-0.0005051031,0.0018441818,-0.0014271939,-2.0052018,0.58166504,0.41833496,0.22668457,0.4946560859680176
6242304,5731.923179633434,7.0,223.6189,500.0,219.14003,-1.0,0.1907959,1.0,0.779904,0.15770718,-0.0015884312,0.0022812898,-0.0027290762,-2.004953,0.5822754,0.4177246,0.22692871,0.495458722114563
6250496,5734.890862326521,7.0,223.48145,500.0,219.05162,-1.0,0.19189453,1.0,0.77986914,0.1582793,-0.0035544587,0.0024240552,-0.0047664866,-2.0034757,0.58154297,0.41845703,0.2265625,0.4959031641483307
6258688,5725.152651294059,7.0,223.18591,500.0,219.06026,-1.0,0.19262695,1.0,0.78000176,0.15888548,-0.006125314,0.0026072273,-0.007428928,-2.0042171,0.5809326,0.41906738,0.22644043,0.4965420663356781
6266880,5727.947171787879,7.0,222.90552,500.0,219.08719,-1.0,0.19165039,1.0,0.7803986,0.1587768,-0.004986952,0.0034244573,-0.00669918,-2.0035334,0.5812988,0.41870117,0.22705078,0.49756866693496704
6275072,5733.68313650208,7.0,223.02966,500.0,219.10329,-1.0,0.1932373,1.0,0.77977246,0.15965325,-0.0060636955,0.002312306,-0.007219849,-2.0060625,0.5806885,0.41931152,0.22607422,0.49827104806900024
6283264,5733.8132631653425,7.0,222.98059,500.0,219.0905,-1.0,0.19396973,1.0,0.7795906,0.15991077,-0.0022615718,0.0022573543,-0.003390249,-2.0164385,0.58032227,0.41967773,0.22570801,0.4992331564426422
6291456,5726.430271514192,7.0,223.05786,500.0,219.09253,-1.0,0.19384766,1.0,0.77954257,0.16031179,-0.0030245786,0.0022521438,-0.004150651,-2.0175972,0.58044434,0.41955566,0.22570801,0.4996974468231201
6299648,5736.662220218716,7.0,223.23535,500.0,219.11508,-1.0,0.19396973,1.0,0.7792774,0.16035165,-0.0027593947,0.0019668592,-0.0037428248,-2.0203347,0.5805664,0.4194336,0.22546387,0.500123143196106
6307840,5733.114858391318,7.0,223.68103,500.0,219.24556,-1.0,0.19433594,1.0,0.7784808,0.16059066,-0.0029803347,0.0011149513,-0.0035378104,-2.0270753,0.5809326,0.41906738,0.22473145,0.5000455379486084
6316032,5738.686737302934,7.0,223.5437,500.0,219.22589,-1.0,0.19494629,1.0,0.77856344,0.16114089,-0.0059980797,0.003324896,-0.0076605277,-2.0299788,0.58044434,0.41955566,0.22460938,0.5012429356575012
6324224,5738.518052837189,7.0,223.64294,500.0,219.26382,-1.0,0.1953125,1.0,0.7782364,0.16151068,0.0028974907,0.002785389,0.0015047962,-2.028265,0.58044434,0.41955566,0.22424316,0.5020905137062073
6332416,5727.745699490433,7.0,223.60999,500.0,219.32076,-1.0,0.19641113,1.0,0.7778814,0.16208008,0.0006943586,0.0033233957,-0.0009673395,-2.028071,0.57995605,0.42004395,0.22363281,0.5028209090232849
6340608,5726.61638028089,7.0,223.71704,500.0,219.36676,-1.0,0.19567871,1.0,0.7777521,0.16112185,-0.0023622196,0.0024245605,-0.0035744999,-2.0362048,0.5805664,0.4194336,0.22375488,0.5039345622062683
6348800,5727.732332161662,7.0,223.77197,500.0,219.36922,-1.0,0.19604492,1.0,0.7775814,0.16153553,-0.0008532229,0.0013884332,-0.0015474395,-2.044494,0.58044434,0.41955566,0.22351074,0.5044537782669067
6356992,5723.0356718063895,7.0,223.97314,500.0,219.39313,-1.0,0.19519043,1.0,0.7774039,0.16096473,-0.004772069,0.0025220679,-0.006033102,-2.0509522,0.58117676,0.41882324,0.22363281,0.5057662725448608
6365184,5727.842137068173,7.0,224.03015,500.0,219.45024,-1.0,0.19580078,1.0,0.7770147,0.16174418,-0.004748789,0.002140431,-0.005819004,-2.0476866,0.5810547,0.4189453,0.22314453,0.5067324638366699
6373376,5732.919718157109,7.0,224.4801,500.0,219.4987,-1.0,0.1965332,1.0,0.7763583,0.16201472,-0.0050145863,0.0025069886,-0.00626808,-2.0442796,0.5810547,0.4189453,0.22241211,0.507339596748352
6381568,5731.763497897031,7.0,224.90234,500.0,219.59377,-1.0,0.19702148,1.0,0.7757625,0.16271049,-0.0028658356,0.0015508237,-0.0036412477,-2.0448751,0.58117676,0.41882324,0.22180176,0.5083939433097839
6389760,5735.2182417382855,7.0,224.71777,500.0,219.59694,-1.0,0.19812012,1.0,0.7755614,0.1637809,-0.005668709,0.0022512518,-0.0067943353,-2.0444474,0.5805664,0.4194336,0.22131348,0.5091904401779175
6397952,5731.579922703151,7.0,224.94604,500.0,219.68587,-1.0,0.19689941,1.0,0.7754001,0.16312927,-0.0028174922,0.0028970423,-0.0042660134,-2.0495756,0.58154297,0.41845703,0.22155762,0.5101246237754822
6406144,5723.095726667131,7.0,224.83704,500.0,219.70009,-1.0,0.1965332,1.0,0.7755717,0.16269648,-0.003099814,0.0024634108,-0.00433152,-2.053449,0.58166504,0.41833496,0.22180176,0.5111981630325317
6414336,5732.402278230169,7.0,225.24182,500.0,219.81944,-1.0,0.19628906,1.0,0.77500373,0.16258155,-0.0046333717,0.0023005675,-0.005783655,-2.05355,0.5822754,0.4177246,0.22143555,0.5121246576309204
6422528,5737.459209293285,7.0,225.07788,500.0,219.82936,-1.0,0.19750977,1.0,0.774851,0.1634984,0.0009465233,0.0026416688,-0.00037431088,-2.0547125,0.58154297,0.41845703,0.22094727,0.5127080082893372
6430720,5725.423585092257,7.0,225.05115,500.0,219.83768,-1.0,0.19799805,1.0,0.7747265,0.1638926,-0.0027154358,0.00355975,-0.00449531,-2.0589716,0.5812988,0.41870117,0.22070312,0.5134580135345459
6438912,5723.4255742458545,7.0,224.50171,500.0,219.74286,-1.0,0.19921875,1.0,0.7750437,0.16503233,-0.004531626,0.003508964,-0.006286108,-2.0605724,0.5802002,0.4197998,0.22058105,0.5141008496284485
6447104,5732.629902032346,7.0,224.5238,500.0,219.67212,-1.0,0.19812012,1.0,0.775404,0.16456875,-0.0041322196,0.0028889012,-0.00557667,-2.0544057,0.5806885,0.41931152,0.2211914,0.5153786540031433
6455296,5729.331125178501,7.0,224.55872,500.0,219.70451,-1.0,0.19970703,1.0,0.77491796,0.16533427,-0.004503768,0.0017154685,-0.0053615016,-2.0521636,0.57995605,0.42004395,0.22033691,0.515684187412262
6463488,5734.850660414141,7.0,224.3899,500.0,219.73495,-1.0,0.20031738,1.0,0.7748393,0.16589,-0.00035312498,0.0022482213,-0.0014772359,-2.055573,0.57958984,0.42041016,0.22009277,0.5163552165031433
6471680,5734.570219896406,7.0,224.78735,500.0,219.81357,-1.0,0.20019531,1.0,0.77431923,0.16597399,-0.004130251,0.002423061,-0.005341782,-2.0511487,0.5800781,0.41992188,0.21972656,0.5171346068382263
6479872,5727.556653067783,7.0,225.08276,500.0,219.8674,-1.0,0.2006836,1.0,0.7737196,0.16667792,-0.004755263,0.0017620982,-0.005636312,-2.0514483,0.5802002,0.4197998,0.21911621,0.517956018447876
6488064,5726.790092711038,7.0,225.18176,500.0,219.90677,-1.0,0.19995117,1.0,0.77375156,0.1662158,-0.005152489,0.0024569542,-0.006380965,-2.0508015,0.5806885,0.41931152,0.21936035,0.5192211866378784
6496256,5739.673164885896,7.0,225.62976,500.0,219.90814,-1.0,0.1998291,1.0,0.7735464,0.16605642,-0.0005460359,0.0020959969,-0.001594034,-2.04702,0.5809326,0.41906738,0.21923828,0.5200822949409485
6504448,5729.279537278785,7.0,226.2301,500.0,219.96245,-1.0,0.19921875,1.0,0.7729935,0.16569379,-0.0026548621,0.0018776464,-0.0035936853,-2.0425754,0.5817871,0.4182129,0.21899414,0.5210822820663452
6512640,5731.100005621058,7.0,226.28345,500.0,219.95276,-1.0,0.19921875,1.0,0.7729935,0.165412,-0.005466408,0.0027379673,-0.0068353917,-2.0437114,0.5817871,0.4182129,0.21899414,0.5217846632003784
6520832,5731.981508713729,7.0,225.9342,500.0,219.92175,-1.0,0.20019531,1.0,0.7732149,0.16626325,-0.0021192369,0.002830662,-0.003534568,-2.051168,0.5809326,0.41906738,0.21887207,0.5226060748100281
6529024,5728.215505243791,7.0,225.88757,500.0,219.91013,-1.0,0.2019043,1.0,0.77277046,0.16788714,-0.0066692596,0.0030364527,-0.008187486,-2.056768,0.5800781,0.41992188,0.21801758,0.5233135223388672
6537216,5737.793589152482,7.0,225.8833,500.0,219.94807,-1.0,0.20288086,1.0,0.7723565,0.16846877,-0.0016421714,0.0016180273,-0.0024511847,-2.0625558,0.5797119,0.4202881,0.21740723,0.5237777829170227
6545408,5777.881537392309,7.0,226.151,500.0,219.91391,-1.0,0.20422363,1.0,0.7717654,0.16913351,-0.0031682411,0.0019863246,-0.004161403,-2.060105,0.57922363,0.42077637,0.21655273,0.5241338610649109
6553600,5730.604876621773,7.0,226.33777,500.0,219.97545,-1.0,0.20446777,1.0,0.7713843,0.16896568,-0.003165833,0.0024352407,-0.004383453,-2.0656376,0.5793457,0.4206543,0.21618652,0.5247929692268372
6561792,5738.034098477172,7.0,226.45837,500.0,219.99873,-1.0,0.20446777,1.0,0.77122605,0.1690889,-0.0026657754,0.0017479756,-0.0035397636,-2.06655,0.5794678,0.42053223,0.21606445,0.5254520773887634
6569984,5730.4481354637555,7.0,226.42285,500.0,220.01355,-1.0,0.20324707,1.0,0.7715486,0.16847172,-0.004935603,0.0027196305,-0.0062954184,-2.0663743,0.5800781,0.41992188,0.2166748,0.5265435576438904
6578176,5728.874509015376,7.0,226.75684,500.0,220.05084,-1.0,0.203125,1.0,0.77118516,0.16816497,-0.0013950897,0.0016079865,-0.0021990826,-2.064221,0.58044434,0.41955566,0.21643066,0.5273280143737793
6586368,5732.150765388089,7.0,226.74292,500.0,220.10162,-1.0,0.2043457,1.0,0.77086264,0.16921714,-0.0011357655,0.0024448507,-0.002358191,-2.0665226,0.579834,0.42016602,0.21582031,0.527891993522644
6594560,5730.607743917938,7.0,226.55286,500.0,220.13223,-1.0,0.2052002,1.0,0.7707148,0.16995013,-0.004238399,0.002079858,-0.0052783284,-2.065722,0.5793457,0.4206543,0.2154541,0.5284991264343262
6602752,5725.925452749007,7.0,226.41187,500.0,220.05379,-1.0,0.2055664,1.0,0.771013,0.16997656,-0.0017239553,0.0028277226,-0.0031378171,-2.0664093,0.5788574,0.42114258,0.21557617,0.5294991135597229
6610944,5734.575962430564,7.0,226.81091,500.0,220.13673,-1.0,0.20654297,1.0,0.77011824,0.17011145,0.001068261,0.0010051191,0.0005657019,-2.0745695,0.5788574,0.42114258,0.21459961,0.529703676700592
6619136,5726.151608184259,7.0,227.0166,500.0,220.1878,-1.0,0.20666504,1.0,0.76968914,0.16974948,-0.0061160037,0.0023884238,-0.007310216,-2.0762386,0.57910156,0.42089844,0.2142334,0.5303627848625183
6627328,5737.393104422518,7.0,227.25244,500.0,220.2043,-1.0,0.2064209,1.0,0.76943743,0.1696055,-0.005115454,0.0016514324,-0.0059411703,-2.077123,0.5794678,0.42053223,0.21411133,0.5310502648353577
6635520,5730.192015927253,7.0,226.90784,500.0,220.12094,-1.0,0.20458984,1.0,0.7703225,0.16837996,0.0019759287,0.0042107026,-0.00012942217,-2.074289,0.5800781,0.41992188,0.21533203,0.5325393676757812
6643712,5734.980840077606,7.0,226.61731,500.0,220.04765,-1.0,0.20397949,1.0,0.7708805,0.16860875,-0.003798401,0.002590023,-0.0050934125,-2.0743966,0.5800781,0.41992188,0.21594238,0.5339069962501526
6651904,5731.9078803990615,7.0,226.59119,500.0,220.07463,-1.0,0.2055664,1.0,0.7703795,0.16957697,-0.0047286768,0.001968422,-0.005712888,-2.0838811,0.5793457,0.4206543,0.21508789,0.5340981483459473
6660096,5739.81794615522,7.0,226.63025,500.0,220.0853,-1.0,0.2052002,1.0,0.77039796,0.1695655,-0.0022370876,0.0024723164,-0.0034732462,-2.0936182,0.57958984,0.42041016,0.21520996,0.5347940921783447
6668288,5724.39722487906,7.0,226.41333,500.0,220.05003,-1.0,0.20629883,1.0,0.77034223,0.17043945,-0.0033084815,0.0021005254,-0.0043587442,-2.100275,0.5788574,0.42114258,0.21484375,0.5357602834701538
6676480,5728.312913642858,7.0,226.0387,500.0,219.97638,-1.0,0.20666504,1.0,0.77079856,0.17092621,-0.0038930336,0.0034009197,-0.0055934936,-2.1070437,0.5782471,0.42175293,0.21508789,0.5369967818260193
6684672,5728.666285641879,7.0,226.37244,500.0,220.00903,-1.0,0.20690918,1.0,0.7704162,0.17148706,-0.0052369684,0.0023854536,-0.006429695,-2.1147223,0.57836914,0.42163086,0.21472168,0.5382173657417297
6692864,5728.3014536592555,7.0,226.43628,500.0,220.02608,-1.0,0.20837402,1.0,0.7698628,0.17252547,-0.000684449,0.0018888914,-0.0016288944,-2.12363,0.5777588,0.4222412,0.21386719,0.5383121967315674
6701056,5732.337246178232,7.0,226.23059,500.0,219.98778,-1.0,0.20898438,1.0,0.76993513,0.1729106,-0.0031591272,0.0020370972,-0.0041776756,-2.1276665,0.5772705,0.4227295,0.21374512,0.5388314127922058
6709248,5735.9602486247195,7.0,226.58069,500.0,220.09906,-1.0,0.2088623,1.0,0.7692545,0.17264622,-0.005408872,0.0019358603,-0.006376803,-2.1310978,0.57788086,0.42211914,0.21325684,0.5392224192619324
6717440,5736.114418658073,7.0,226.59326,500.0,220.14534,-1.0,0.20898438,1.0,0.76914203,0.1729617,-0.0036038677,0.002424008,-0.004815872,-2.1379046,0.57788086,0.42211914,0.21313477,0.5403517484664917
6725632,5741.211479703259,7.0,226.65381,500.0,220.15536,-1.0,0.2088623,1.0,0.76909584,0.17292914,-0.0046363613,0.0017552889,-0.005514005,-2.1386673,0.5780029,0.42199707,0.21313477,0.5409945845603943
6733824,5732.795371016127,7.0,226.73901,500.0,220.15973,-1.0,0.20922852,1.0,0.76891685,0.17317775,0.0016373396,0.0024789716,0.00039785425,-2.1476626,0.57788086,0.42211914,0.21289062,0.5419607758522034
6742016,5737.7006487191275,7.0,226.93823,500.0,220.23093,-1.0,0.21044922,1.0,0.7682659,0.17375857,0.0014824953,0.0019410831,0.00051195384,-2.1512523,0.57751465,0.42248535,0.21203613,0.5422990322113037
6750208,5736.049302353535,7.0,227.31104,500.0,220.27565,-1.0,0.21057129,1.0,0.7678352,0.173693,-0.0033913213,0.0015263171,-0.0041544796,-2.1507452,0.5777588,0.4222412,0.21166992,0.5430907011032104
6758400,5732.079045237892,7.0,227.03503,500.0,220.29352,-1.0,0.21179199,1.0,0.76749945,0.1745468,0.0021732973,0.0014978098,0.0014243926,-2.1512444,0.57714844,0.42285156,0.21105957,0.5435760021209717
6766592,5729.686533733369,7.0,226.68823,500.0,220.2854,-1.0,0.21154785,1.0,0.76788473,0.17444092,-0.0032579298,0.0029228684,-0.004719364,-2.151959,0.57702637,0.42297363,0.21142578,0.5445455312728882
6774784,5729.775392761918,7.0,226.6311,500.0,220.26932,-1.0,0.2109375,1.0,0.76813203,0.17361522,0.004597148,0.0026935902,0.0032503535,-2.1567688,0.5772705,0.4227295,0.21179199,0.5453481674194336
6782976,5725.187947554479,7.0,226.52625,500.0,220.24257,-1.0,0.21105957,1.0,0.7683369,0.17398375,-0.0027100714,0.0028127003,-0.0041164216,-2.1570528,0.57702637,0.42297363,0.21191406,0.5465981960296631
6791168,5735.874070229602,7.0,226.31226,500.0,220.21844,-1.0,0.21044922,1.0,0.76874244,0.1737647,-0.005876148,0.0039274236,-0.00783986,-2.159559,0.57714844,0.42285156,0.21240234,0.5480503439903259
6799360,5729.1305107868875,7.0,226.49036,500.0,220.2259,-1.0,0.21057129,1.0,0.7684708,0.1744336,-0.00404298,0.0020282236,-0.0050570914,-2.159347,0.5772705,0.4227295,0.2121582,0.54900723695755
6807552,5730.915517055608,7.0,226.18274,500.0,220.13536,-1.0,0.21130371,1.0,0.7687463,0.17501599,-0.0032258932,0.0030886955,-0.004770241,-2.1586342,0.5765381,0.4234619,0.2121582,0.5496268272399902
6815744,5737.020454737469,7.0,226.31311,500.0,220.11543,-1.0,0.21154785,1.0,0.76852036,0.1749752,0.0010116358,0.0016202108,0.00020152994,-2.173889,0.5765381,0.4234619,0.21191406,0.5497339963912964
6823936,5739.631937118813,7.0,226.44788,500.0,220.1611,-1.0,0.21166992,1.0,0.7682484,0.17546132,-0.003854962,0.0017519968,-0.004730961,-2.1808686,0.57666016,0.42333984,0.21166992,0.5503411293029785
6832128,5724.841681430128,7.0,225.93225,500.0,220.05487,-1.0,0.21264648,1.0,0.7686142,0.17675352,-0.005136953,0.003742097,-0.007008002,-2.1826377,0.5756836,0.4243164,0.21166992,0.5510911345481873
6840320,5732.614599025081,7.0,225.85278,500.0,220.07683,-1.0,0.21142578,1.0,0.7689508,0.1756852,-0.005229086,0.0025909566,-0.0065245638,-2.1890812,0.57629395,0.42370605,0.21228027,0.5519387125968933
6848512,5735.178992527019,7.0,225.50134,500.0,220.03522,-1.0,0.21154785,1.0,0.7693141,0.17583336,-0.0045551145,0.0033065714,-0.0062084,-2.1944942,0.57592773,0.42407227,0.21252441,0.5528345704078674
6856704,5738.708782028285,7.0,225.38599,500.0,219.99144,-1.0,0.21142578,1.0,0.7694269,0.17610699,-0.0027080588,0.0026329784,-0.004024548,-2.1979911,0.57592773,0.42407227,0.21264648,0.5537095665931702
6864896,5731.77879636066,7.0,224.44556,500.0,219.7606,-1.0,0.2121582,1.0,0.77081066,0.17710397,-0.005182529,0.0045620035,-0.0074635306,-2.200512,0.5743408,0.42565918,0.21350098,0.555066704750061
6873088,5731.095225974669,7.0,224.25903,500.0,219.70285,-1.0,0.21118164,1.0,0.77139527,0.17651531,-0.004473131,0.0024864564,-0.0057163583,-2.1988335,0.57458496,0.42541504,0.2142334,0.5565354824066162
6881280,5724.367660475106,7.0,223.65881,500.0,219.64502,-1.0,0.21008301,1.0,0.7724068,0.17582339,-0.0074360035,0.0034360737,-0.00915404,-2.19783,0.57458496,0.42541504,0.21533203,0.557881236076355
6889472,5731.948997276636,7.0,223.54028,500.0,219.59262,-1.0,0.21020508,1.0,0.7726106,0.17610641,-0.006285385,0.002531126,-0.0075509483,-2.193432,0.5743408,0.42565918,0.2154541,0.5589470267295837
6897664,5724.286598353438,7.0,223.52625,500.0,219.5956,-1.0,0.21020508,1.0,0.7726106,0.17617425,-0.000337329,0.0022412916,-0.0014579748,-2.188415,0.5743408,0.42565918,0.2154541,0.5592684745788574
6905856,5736.9830966420195,7.0,223.76343,500.0,219.60214,-1.0,0.20922852,1.0,0.7727176,0.17549479,-0.0056726784,0.002376448,-0.0068609016,-2.1895015,0.5749512,0.42504883,0.21582031,0.5602684617042542
6914048,5729.155347997148,7.0,223.46375,500.0,219.56932,-1.0,0.2084961,1.0,0.7732313,0.1749074,-0.005353003,0.003047332,-0.0068766684,-2.197547,0.57507324,0.42492676,0.21643066,0.561447024345398
6922240,5732.8202400127875,7.0,222.79309,500.0,219.52286,-1.0,0.20776367,1.0,0.77421725,0.1750126,-0.0022588528,0.0043863123,-0.004452009,-2.2038481,0.5748291,0.4251709,0.21740723,0.5631325244903564
6930432,5731.710910051155,7.0,222.30457,500.0,219.46878,-1.0,0.20715332,1.0,0.7749323,0.17482796,-0.001060683,0.0033648708,-0.002743119,-2.2111273,0.57470703,0.42529297,0.21813965,0.5644042491912842
6938624,5732.608860418421,7.0,221.9513,500.0,219.43773,-1.0,0.20703125,1.0,0.7753586,0.17498863,-0.005404034,0.0029546868,-0.006881377,-2.222181,0.5744629,0.4255371,0.21850586,0.5650431513786316
6946816,5725.950262177527,7.0,221.8147,500.0,219.44336,-1.0,0.20703125,1.0,0.7753586,0.17507437,-0.0001441586,0.0030452916,-0.001666804,-2.230931,0.5744629,0.4255371,0.21850586,0.5659598112106323
6955008,5732.8498917908,7.0,221.69617,500.0,219.46907,-1.0,0.2076416,1.0,0.77527416,0.17550942,-0.0035008024,0.0014127622,-0.0042071836,-2.231258,0.5740967,0.42590332,0.21826172,0.5665669441223145
6963200,5744.547005414728,7.0,221.3208,500.0,219.40253,-1.0,0.20825195,1.0,0.77550405,0.17604871,-0.0013437723,0.0023482007,-0.0025178725,-2.2329786,0.5734863,0.42651367,0.21826172,0.5673169493675232
6971392,5733.6716550212395,7.0,221.61841,500.0,219.44418,-1.0,0.2088623,1.0,0.7749462,0.1766638,-0.0050176964,0.0013340651,-0.005684729,-2.2337139,0.5734863,0.42651367,0.21765137,0.5677565932273865
6979584,5734.20463556232,7.0,221.3335,500.0,219.36165,-1.0,0.20983887,1.0,0.7751549,0.1770975,-0.00023158791,0.0025397968,-0.0015014864,-2.232293,0.57263184,0.42736816,0.2175293,0.5682010650634766
6987776,5736.801102622903,7.0,221.05786,500.0,219.2809,-1.0,0.20910645,1.0,0.7756676,0.17675166,0.00010817923,0.0039565885,-0.0018701153,-2.2335114,0.5727539,0.4272461,0.21813965,0.5693052411079407
6995968,5727.938577893389,7.0,221.29736,500.0,219.35567,-1.0,0.21118164,1.0,0.7747113,0.17796764,-0.00023795984,0.0012769498,-0.00087643485,-2.2346241,0.5720215,0.42797852,0.21679688,0.5692219138145447
7004160,5737.156480631773,7.0,220.92505,500.0,219.27974,-1.0,0.2109375,1.0,0.7752504,0.17762804,-0.0062576174,0.00394296,-0.008229098,-2.237917,0.57177734,0.42822266,0.21728516,0.570502519607544
7012352,5726.883634538704,7.0,220.55273,500.0,219.19824,-1.0,0.21179199,1.0,0.7754111,0.17767799,-0.006155171,0.003324185,-0.007817264,-2.245093,0.5710449,0.42895508,0.21716309,0.5710858702659607
7020544,5729.710420298137,7.0,220.60889,500.0,219.2002,-1.0,0.21069336,1.0,0.77563155,0.17671353,-0.007979557,0.002274458,-0.009116786,-2.2533674,0.5716553,0.42834473,0.21765137,0.5721516609191895
7028736,5722.587683252027,7.0,220.84729,500.0,219.23268,-1.0,0.20959473,1.0,0.7756932,0.17575517,0.0030213303,0.00203108,0.0020057906,-2.2501738,0.5723877,0.4276123,0.21801758,0.5731085538864136
7036928,5733.295661934548,7.0,220.72876,500.0,219.22734,-1.0,0.21020508,1.0,0.77560675,0.17640747,-0.0020919219,0.0021561226,-0.0031699827,-2.248949,0.5720215,0.42797852,0.21777344,0.5741406083106995
7045120,5728.540212791214,7.0,220.57654,500.0,219.21277,-1.0,0.21105957,1.0,0.77561074,0.17747125,-0.003926389,0.0019104308,-0.004881604,-2.2462656,0.57141113,0.42858887,0.2175293,0.5746598243713379
7053312,5739.430600718837,7.0,220.48572,500.0,219.17741,-1.0,0.21142578,1.0,0.775747,0.17778546,-0.0046823127,0.002352039,-0.005858333,-2.2522256,0.5710449,0.42895508,0.2175293,0.5758804082870483
7061504,5731.257738424472,7.0,220.52942,500.0,219.17218,-1.0,0.21032715,1.0,0.775967,0.17662148,-0.0014590421,0.0020471197,-0.0024826024,-2.2589893,0.5716553,0.42834473,0.21801758,0.5771929025650024
7069696,5730.5895844240185,7.0,220.3761,500.0,219.1977,-1.0,0.21008301,1.0,0.7760332,0.17688316,0.00040667865,0.002017309,-0.0006019743,-2.2602994,0.57177734,0.42822266,0.21813965,0.5780540108680725
7077888,5729.576658100585,7.0,220.9972,500.0,219.29773,-1.0,0.21008301,1.0,0.7752463,0.17679402,0.00088914536,0.0013175404,0.00023037469,-2.2589319,0.5723877,0.4276123,0.2175293,0.5782585740089417
7086080,5730.71670329839,7.0,221.05078,500.0,219.34038,-1.0,0.21057129,1.0,0.7749563,0.17716137,-0.0053422744,0.0022107032,-0.0064476263,-2.2619126,0.5722656,0.42773438,0.21716309,0.5788419246673584
7094272,5728.890747254121,7.0,221.12073,500.0,219.31047,-1.0,0.21044922,1.0,0.77491057,0.17699191,-0.003335478,0.0026520083,-0.004661482,-2.2634141,0.5723877,0.4276123,0.21716309,0.5797030329704285
7102464,5734.871718488426,7.0,221.23438,500.0,219.38983,-1.0,0.20996094,1.0,0.7748856,0.17687145,-0.0035004886,0.0026874118,-0.0048441947,-2.2626774,0.5727539,0.4272461,0.21728516,0.5806068778038025
7110656,5726.837817751499,7.0,221.11938,500.0,219.40266,-1.0,0.20935059,1.0,0.77512944,0.1766778,-0.00347961,0.0026260721,-0.0047926465,-2.2636285,0.57299805,0.42700195,0.21765137,0.5811463594436646
7118848,5732.303774373738,7.0,221.08923,500.0,219.4393,-1.0,0.20922852,1.0,0.7750836,0.17638224,-0.0029662817,0.0018370734,-0.0038848184,-2.269655,0.5731201,0.42687988,0.21765137,0.5816316604614258
7127040,5731.991070971298,7.0,221.18286,500.0,219.528,-1.0,0.2097168,1.0,0.7746366,0.1768127,-0.0018129604,0.0023425473,-0.0029842334,-2.2729802,0.5731201,0.42687988,0.21716309,0.5824072957038879
7135232,5732.8202400127875,7.0,221.22351,500.0,219.55276,-1.0,0.20935059,1.0,0.77449924,0.17620131,-0.002624441,0.0018747133,-0.0035617976,-2.2756565,0.5734863,0.42651367,0.21716309,0.583268404006958
7143424,5732.974241296984,7.0,221.01404,500.0,219.4538,-1.0,0.21020508,1.0,0.77466184,0.17665118,-0.0025182513,0.0017042373,-0.0033703698,-2.2753139,0.5727539,0.4272461,0.21704102,0.5837591290473938
7151616,5740.253292777033,7.0,220.60815,500.0,219.44048,-1.0,0.2109375,1.0,0.7749354,0.17770469,-0.002990396,0.0027984022,-0.004389597,-2.2767394,0.5720215,0.42797852,0.21704102,0.5843980312347412
7159808,5725.152651294059,7.0,220.26404,500.0,219.34232,-1.0,0.21118164,1.0,0.77534133,0.17804483,-0.0051138704,0.0035833821,-0.0069055613,-2.2798426,0.5715332,0.4284668,0.21728516,0.585669755935669
7168000,5730.018097055839,7.0,220.08313,500.0,219.31967,-1.0,0.2121582,1.0,0.77523226,0.17901039,-0.0027619984,0.003873795,-0.0046988963,-2.283011,0.57092285,0.42907715,0.21691895,0.5866942405700684
7176192,5727.277880104292,7.0,220.31653,500.0,219.3754,-1.0,0.21081543,1.0,0.7753623,0.17780596,-0.0038438644,0.003980097,-0.005833913,-2.2865632,0.57177734,0.42822266,0.21740723,0.5887415409088135
7184384,5733.39037310372,7.0,220.20837,500.0,219.37007,-1.0,0.21191406,1.0,0.775299,0.17828846,-0.0048945392,0.0024092523,-0.0060991654,-2.281569,0.5710449,0.42895508,0.21704102,0.5895521640777588
7192576,5731.9050118017085,7.0,219.55103,500.0,219.24052,-1.0,0.21191406,1.0,0.7762431,0.17852941,-0.0019134597,0.0033061344,-0.0035665268,-2.2800384,0.5703125,0.4296875,0.21777344,0.5908138155937195
7200768,5738.6618173825655,7.0,219.73425,500.0,219.28941,-1.0,0.21289062,1.0,0.7756612,0.17897749,-0.005059655,0.0018575051,-0.0059884074,-2.2849655,0.57006836,0.42993164,0.21704102,0.5911352634429932
7208960,5732.9780675211805,7.0,219.9375,500.0,219.39017,-1.0,0.21252441,1.0,0.7753681,0.17877126,-0.0034682022,0.0016755601,-0.0043059825,-2.2906456,0.57055664,0.42944336,0.21691895,0.5916665196418762
7217152,5736.61624683532,7.0,219.91138,500.0,219.3936,-1.0,0.21142578,1.0,0.775747,0.17815776,-0.0027118423,0.002906832,-0.0041652583,-2.2993147,0.5710449,0.42895508,0.2175293,0.5929549932479858
7225344,5729.3616962241285,7.0,219.979,500.0,219.4745,-1.0,0.21105957,1.0,0.77561074,0.17794213,-0.0009313881,0.0017638098,-0.001813293,-2.3039627,0.57141113,0.42858887,0.2175293,0.5937987565994263
7233536,5734.285978829709,7.0,219.79541,500.0,219.47148,-1.0,0.21203613,1.0,0.7755018,0.17842402,-0.003225794,0.003040664,-0.004746126,-2.3009233,0.5708008,0.42919922,0.21716309,0.5944024324417114
7241728,5726.480853725466,7.0,219.99475,500.0,219.48758,-1.0,0.21240234,1.0,0.77516526,0.17862186,-0.004569373,0.0016656019,-0.005402174,-2.2908504,0.5708008,0.42919922,0.21679688,0.5947774052619934
7249920,5737.7801748833945,7.0,220.28076,500.0,219.58678,-1.0,0.21276855,1.0,0.7745135,0.17855859,0.00043902523,0.0011920709,-0.00015701039,-2.2849102,0.5710449,0.42895508,0.21618652,0.594872236251831
7258112,5728.120964965672,7.0,220.23438,500.0,219.61848,-1.0,0.21325684,1.0,0.7743792,0.17919672,-0.0056731724,0.0011583375,-0.006252341,-2.2839904,0.5708008,0.42919922,0.21594238,0.5952889323234558
7266304,5733.498481595847,7.0,220.40076,500.0,219.64325,-1.0,0.21154785,1.0,0.7746903,0.17840552,-0.002338002,0.0024237912,-0.003549897,-2.287925,0.57177734,0.42822266,0.2166748,0.5964674949645996
7274496,5731.12103615988,7.0,220.40173,500.0,219.69312,-1.0,0.21179199,1.0,0.77446604,0.17818576,-0.0017530327,0.0031817136,-0.0033438895,-2.288878,0.57177734,0.42822266,0.21643066,0.5977175235748291
7282688,5738.101176386498,7.0,220.38782,500.0,219.76004,-1.0,0.21252441,1.0,0.7741076,0.17844112,-0.0045006643,0.0028242231,-0.0059127756,-2.2916684,0.5715332,0.4284668,0.21594238,0.5986837148666382
7290880,5734.339570949307,7.0,220.13293,500.0,219.7043,-1.0,0.2130127,1.0,0.7742888,0.17857179,-0.0028759397,0.0021574104,-0.003954645,-2.2931967,0.5710449,0.42895508,0.21594238,0.5993160605430603
7299072,5741.83317742032,7.0,220.13586,500.0,219.76791,-1.0,0.21264648,1.0,0.7743105,0.17814118,-0.0053285104,0.0019636815,-0.006310351,-2.2917275,0.57128906,0.42871094,0.21606445,0.6000916957855225
7307264,5725.793775534843,7.0,220.27454,500.0,219.78395,-1.0,0.21264648,1.0,0.7741529,0.17777061,-0.004211937,0.002695588,-0.0055597313,-2.2892435,0.57141113,0.42858887,0.21594238,0.6009023189544678
7315456,5735.884603005653,7.0,220.71667,500.0,219.90108,-1.0,0.21228027,1.0,0.7735436,0.1773382,0.0022867094,0.0006875206,0.0019429486,-2.2874033,0.57214355,0.42785645,0.21557617,0.6011523008346558
7323648,5725.167914488401,7.0,220.71631,500.0,219.95003,-1.0,0.21264648,1.0,0.77336407,0.17769068,-0.0017309545,0.0023643924,-0.0029131505,-2.288443,0.5720215,0.42797852,0.21533203,0.6017773151397705
7331840,5730.793168495608,7.0,221.04236,500.0,220.03929,-1.0,0.21142578,1.0,0.7730673,0.17677893,-0.005237886,0.0022083216,-0.0063420464,-2.2935987,0.5731201,0.42687988,0.2154541,0.6027394533157349
7340032,5727.338024029999,7.0,221.12207,500.0,220.05614,-1.0,0.21203613,1.0,0.7728212,0.17672195,-0.0018843741,0.002984846,-0.0033767975,-2.299046,0.572876,0.42712402,0.21508789,0.6039600372314453
7348224,5731.667884349542,7.0,221.36426,500.0,220.07988,-1.0,0.21191406,1.0,0.7726177,0.1766294,-0.0018706342,0.0021444985,-0.0029428839,-2.3053966,0.5731201,0.42687988,0.21496582,0.6049221754074097
7356416,5725.863430118271,7.0,221.78857,500.0,220.17601,-1.0,0.21118164,1.0,0.7721861,0.17592901,-0.0029507633,0.0024449935,-0.00417326,-2.3075943,0.5739746,0.4260254,0.21484375,0.6058563590049744
7364608,5737.30975697399,7.0,222.10889,500.0,220.31186,-1.0,0.21252441,1.0,0.7712639,0.17690967,-0.00072520494,0.0014772622,-0.001463836,-2.3080382,0.57373047,0.42626953,0.21374512,0.6059188842773438
7372800,5730.9862522000085,7.0,222.22913,500.0,220.31653,-1.0,0.21398926,1.0,0.7707005,0.1773074,-0.00096934027,0.001862688,-0.0019006846,-2.3056543,0.5731201,0.42687988,0.21289062,0.6063140630722046
7380992,5736.037811394435,7.0,222.01196,500.0,220.26282,-1.0,0.21447754,1.0,0.7708814,0.17759319,0.00015043921,0.0032455402,-0.0014723312,-2.304965,0.57263184,0.42736816,0.21289062,0.6076116561889648
7389184,5734.199850736106,7.0,221.94421,500.0,220.24232,-1.0,0.21435547,1.0,0.7709945,0.17768171,-0.0027585602,0.0026727312,-0.0040949266,-2.3056238,0.57263184,0.42736816,0.2130127,0.6081950068473816
7397376,5732.460617061708,7.0,221.96106,500.0,220.24133,-1.0,0.21313477,1.0,0.77133286,0.17664012,-0.0034991258,0.0028530643,-0.004925658,-2.298389,0.5732422,0.4267578,0.21362305,0.6094315052032471
7405568,5722.665837906421,7.0,221.21191,500.0,220.09016,-1.0,0.21289062,1.0,0.7723492,0.17627598,-0.00072988064,0.0031841442,-0.002321952,-2.2929184,0.57263184,0.42736816,0.21447754,0.6107814908027649
7413760,5735.677784662721,7.0,221.26636,500.0,220.15112,-1.0,0.21228027,1.0,0.7722801,0.17548908,0.00019445294,0.0021971236,-0.00090410875,-2.2906985,0.5731201,0.42687988,0.21459961,0.6115314960479736
7421952,5728.311958642473,7.0,221.33118,500.0,220.12749,-1.0,0.21203613,1.0,0.7723472,0.17550236,0.0016801108,0.0016289612,0.0008656314,-2.2914681,0.5732422,0.4267578,0.21472168,0.6122815012931824
7430144,5733.2057370537605,7.0,221.41248,500.0,220.12479,-1.0,0.21044922,1.0,0.77270204,0.17435971,-0.0029898277,0.0029607085,-0.0044701817,-2.2940254,0.5740967,0.42590332,0.2154541,0.6137502789497375
7438336,5732.831718084019,7.0,221.71118,500.0,220.22227,-1.0,0.21179199,1.0,0.77178186,0.17538384,-0.0041287453,0.0023648757,-0.005311183,-2.2941117,0.57385254,0.42614746,0.21435547,0.6138752698898315
7446528,5737.852995955251,7.0,222.11365,500.0,220.27437,-1.0,0.21130371,1.0,0.77144104,0.17495555,-0.0038284336,0.0025335893,-0.0050952286,-2.2989197,0.5744629,0.4255371,0.2142334,0.6146509051322937
7454720,5725.036272113246,7.0,222.22632,500.0,220.3055,-1.0,0.21179199,1.0,0.7711489,0.17502615,-0.0019120532,0.002353794,-0.0030889502,-2.3034382,0.5743408,0.42565918,0.21386719,0.6152580380439758
7462912,5735.135914742783,7.0,222.42981,500.0,220.32457,-1.0,0.21252441,1.0,0.7706306,0.17540756,-0.0015708138,0.0027568778,-0.0029492523,-2.3037515,0.57421875,0.42578125,0.21325684,0.6159539818763733
7471104,5729.980830099772,7.0,222.73804,500.0,220.37143,-1.0,0.21154785,1.0,0.77058244,0.1746227,-0.0045378786,0.0018751664,-0.005475462,-2.3028917,0.5749512,0.42504883,0.21350098,0.6173706650733948
7479296,5734.97605395592,7.0,222.82434,500.0,220.36018,-1.0,0.21069336,1.0,0.7707373,0.17443539,-0.002075367,0.0015643268,-0.0028575305,-2.307331,0.57543945,0.42456055,0.21386719,0.6182317733764648
7487488,5730.739642643299,7.0,222.65405,500.0,220.32397,-1.0,0.20935059,1.0,0.7713406,0.17361435,-0.0032699201,0.0021268586,-0.004333349,-2.3100011,0.57592773,0.42407227,0.21472168,0.6191246509552002
7495680,5735.618422893238,7.0,223.06592,500.0,220.40828,-1.0,0.20910645,1.0,0.7707736,0.17341053,-0.0022688648,0.0013302711,-0.002934,-2.3105927,0.5765381,0.4234619,0.21435547,0.6198005676269531
7503872,5734.676458640083,7.0,223.16956,500.0,220.4772,-1.0,0.20922852,1.0,0.7705028,0.17324859,-0.003773153,0.0012384179,-0.004392362,-2.3152535,0.57666016,0.42333984,0.21411133,0.6202172636985779
7512064,5733.5003950572045,7.0,223.28467,500.0,220.58241,-1.0,0.2088623,1.0,0.77020603,0.17305996,0.0007156207,0.0016353175,-0.00010203727,-2.3187664,0.57714844,0.42285156,0.21398926,0.6210278868675232
7520256,5729.051224210528,7.0,223.81396,500.0,220.6809,-1.0,0.20898438,1.0,0.76945937,0.17306346,-0.0007922185,0.0009948951,-0.0012896662,-2.3180513,0.5776367,0.42236328,0.2133789,0.6214028596878052
7528448,5737.5310641414435,7.0,223.81555,500.0,220.69453,-1.0,0.20959473,1.0,0.769214,0.17349619,-0.004589483,0.001368318,-0.0052736425,-2.3214538,0.5773926,0.42260742,0.2130127,0.6221144199371338
7536640,5729.823167572423,7.0,223.59363,500.0,220.62885,-1.0,0.20898438,1.0,0.769618,0.17300504,-0.0016585094,0.0039577237,-0.0036373723,-2.318921,0.57751465,0.42248535,0.21350098,0.6231739521026611
7544832,5739.313640344408,7.0,223.85974,500.0,220.75586,-1.0,0.20910645,1.0,0.7690295,0.17294179,-0.00061603903,0.0015199393,-0.0013760086,-2.3206491,0.57788086,0.42211914,0.2130127,0.623569130897522
7553024,5731.9059680005075,7.0,223.8695,500.0,220.75932,-1.0,0.20800781,1.0,0.769248,0.17195973,-0.0030643358,0.0028980183,-0.0045133447,-2.3270273,0.5784912,0.4215088,0.21350098,0.6245386600494385
7561216,5731.03500311323,7.0,223.62183,500.0,220.71419,-1.0,0.2076416,1.0,0.76958495,0.1718517,-0.00511759,0.001975689,-0.006105435,-2.3192534,0.5784912,0.4215088,0.21386719,0.6252608895301819
7569408,5736.042599288465,7.0,223.57654,500.0,220.75946,-1.0,0.2084961,1.0,0.7692744,0.17268011,-0.0032822592,0.0017207592,-0.004142639,-2.3131714,0.578125,0.421875,0.2133789,0.6256358623504639
7577600,5732.134508663413,7.0,223.34497,500.0,220.75877,-1.0,0.20910645,1.0,0.7693469,0.17337754,-0.004234598,0.0016988234,-0.00508401,-2.3132205,0.5776367,0.42236328,0.21325684,0.6261001229286194
7585792,5726.129659827645,7.0,223.40161,500.0,220.78522,-1.0,0.20922852,1.0,0.7692343,0.1733866,-0.002452505,0.001416861,-0.0031609354,-2.3166022,0.5776367,0.42236328,0.21313477,0.626811683177948
7593984,5736.492697018553,7.0,223.15808,500.0,220.80946,-1.0,0.20922852,1.0,0.76939297,0.17348489,-0.002554772,0.002265129,-0.0036873366,-2.3228447,0.57751465,0.42248535,0.21325684,0.627659261226654
7602176,5727.759066881598,7.0,223.17444,500.0,220.80884,-1.0,0.20898438,1.0,0.76945937,0.1732515,-0.0009591024,0.0016393453,-0.0017787749,-2.32971,0.5776367,0.42236328,0.2133789,0.6283708214759827
7610368,5728.436111362579,7.0,223.53638,500.0,220.9142,-1.0,0.2088623,1.0,0.7689371,0.17349343,-0.0010460718,0.0015477155,-0.0018199292,-2.3248506,0.578125,0.421875,0.2130127,0.628810465335846
7618560,5732.6576389412585,7.0,223.60486,500.0,220.93619,-1.0,0.20898438,1.0,0.7688245,0.17345524,-0.0031596508,0.0018410829,-0.004080192,-2.3263445,0.578125,0.421875,0.21289062,0.629366934299469
7626752,5735.21632713015,7.0,223.8468,500.0,221.01042,-1.0,0.20788574,1.0,0.7687255,0.17298737,-0.005590263,0.0014472967,-0.006313911,-2.3340013,0.5789795,0.4210205,0.21313477,0.6298576593399048
7634944,5731.553152303173,7.0,223.6648,500.0,220.98495,-1.0,0.20922852,1.0,0.7685993,0.173933,-0.002652714,0.0023464644,-0.0038259467,-2.3341994,0.578125,0.421875,0.21264648,0.6304613351821899
7643136,5733.244002615687,7.0,223.60388,500.0,221.02863,-1.0,0.20922852,1.0,0.7685993,0.17380382,-0.001691374,0.0012427067,-0.0023127268,-2.3337948,0.578125,0.421875,0.21264648,0.6312113404273987
7651328,5736.285834822091,7.0,223.8938,500.0,221.15192,-1.0,0.20861816,1.0,0.7682093,0.17322916,-0.0031917538,0.001405367,-0.0038944373,-2.3426778,0.5788574,0.42114258,0.21252441,0.6316280364990234
7659520,5739.243658137578,7.0,223.97046,500.0,221.2056,-1.0,0.2076416,1.0,0.76831496,0.17266744,-0.0009592583,0.002105211,-0.0020118635,-2.3538284,0.5794678,0.42053223,0.21289062,0.6329297423362732
7667712,5731.557932713399,7.0,223.6726,500.0,221.24135,-1.0,0.20617676,1.0,0.76902694,0.17135423,-0.00058654166,0.0033325036,-0.0022527939,-2.359468,0.57995605,0.42004395,0.21386719,0.6340433955192566
7675904,5738.349378287865,7.0,223.14111,500.0,221.18394,-1.0,0.20495605,1.0,0.76998746,0.17045562,-0.0043253815,0.002974814,-0.005812789,-2.3620584,0.5800781,0.41992188,0.21496582,0.6354979276657104
7684096,5732.0991266990395,7.0,223.36816,500.0,221.28194,-1.0,0.20397949,1.0,0.7697712,0.16986158,-0.0019831473,0.001082498,-0.0025243962,-2.3576941,0.5809326,0.41906738,0.21508789,0.6358034610748291
7692288,5733.3348853724765,7.0,223.156,500.0,221.27531,-1.0,0.20507812,1.0,0.7697171,0.17082977,-0.004270035,0.0016681992,-0.005104135,-2.361237,0.5802002,0.4197998,0.21472168,0.6362887620925903
7700480,5735.8022568784245,7.0,223.51746,500.0,221.35655,-1.0,0.2052002,1.0,0.7691293,0.17058796,-0.0034308613,0.00088005216,-0.0038708872,-2.3637836,0.5805664,0.4194336,0.2142334,0.63643878698349
7708672,5733.475520159177,7.0,223.72998,500.0,221.52243,-1.0,0.20617676,1.0,0.7682328,0.17105372,0.000656175,0.0018984912,-0.0002930708,-2.3632305,0.5805664,0.4194336,0.21325684,0.636995255947113
7716864,5731.665972111129,7.0,223.92175,500.0,221.55109,-1.0,0.20507812,1.0,0.7682885,0.1707676,-0.0016584308,0.0023368604,-0.002826861,-2.3586216,0.5812988,0.41870117,0.21362305,0.6379952430725098
7725056,5730.333452243661,7.0,224.07861,500.0,221.63313,-1.0,0.20446777,1.0,0.76821285,0.17044428,-0.0025882418,0.002134432,-0.0036554579,-2.3584905,0.5817871,0.4182129,0.21374512,0.6389217376708984
7733248,5725.500863164153,7.0,224.54114,500.0,221.74075,-1.0,0.20361328,1.0,0.7677245,0.16992,-0.0007077073,0.00096159003,-0.0011885029,-2.3631089,0.5827637,0.41723633,0.21362305,0.639471709728241
7741440,5735.353224833734,7.0,224.39294,500.0,221.691,-1.0,0.20324707,1.0,0.76806,0.1695438,-0.0034089426,0.0026808875,-0.0047493866,-2.3672566,0.5827637,0.41723633,0.21398926,0.6407495141029358
7749632,5726.175465284464,7.0,224.55139,500.0,221.71265,-1.0,0.20288086,1.0,0.7679184,0.1690126,-0.0022800681,0.0012861791,-0.0029231578,-2.3638422,0.5831299,0.41687012,0.21398926,0.6414254307746887
7757824,5731.274946164637,7.0,224.85718,500.0,221.84352,-1.0,0.20300293,1.0,0.7671705,0.16859293,-0.0027431876,0.0011253202,-0.0033058475,-2.364737,0.58361816,0.41638184,0.2133789,0.6419754028320312
7766016,5726.835908734608,7.0,225.15771,500.0,221.9279,-1.0,0.20153809,1.0,0.76707935,0.16729937,-0.0012488139,0.0014436347,-0.001970631,-2.3672736,0.5847168,0.4152832,0.21374512,0.642975389957428
7774208,5726.931361138275,7.0,225.58984,500.0,222.02275,-1.0,0.2010498,1.0,0.76657075,0.16681114,0.0020104034,0.0006476076,0.0016865997,-2.3656893,0.5854492,0.41455078,0.21350098,0.6431601643562317
7782400,5726.93231567838,7.0,226.23523,500.0,222.17639,-1.0,0.1998291,1.0,0.7659342,0.16602117,0.0076836916,0.0009897477,0.0071888184,-2.3642664,0.586792,0.413208,0.2133789,0.6435351371765137
7790592,5737.536812607047,7.0,226.47095,500.0,222.24957,-1.0,0.20007324,1.0,0.76555175,0.16588145,-0.0014076985,0.0016585356,-0.0022369665,-2.364752,0.58691406,0.41308594,0.2130127,0.6444920301437378
7798784,5724.033890003755,7.0,226.56384,500.0,222.26675,-1.0,0.19812012,1.0,0.7659001,0.1642685,-0.0033828847,0.0030061414,-0.004885955,-2.3621533,0.5880127,0.4119873,0.21386719,0.6458636522293091
7806976,5730.4825413249155,7.0,226.65442,500.0,222.36694,-1.0,0.19604492,1.0,0.7660356,0.1627182,0.0005694033,0.001950063,-0.00040562777,-2.3664412,0.58935547,0.41064453,0.21459961,0.6469371914863586
7815168,5727.526101281969,7.0,226.74146,500.0,222.45523,-1.0,0.19592285,1.0,0.7658278,0.16272123,-0.004472059,0.0015307973,-0.0052374583,-2.371767,0.5895996,0.4104004,0.21447754,0.6474447846412659
7823360,5726.667920232042,7.0,227.17676,500.0,222.60748,-1.0,0.19519043,1.0,0.7652176,0.162153,-0.0010882795,0.0010077892,-0.0015921742,-2.3765585,0.5905762,0.40942383,0.2142334,0.6481471657752991
7831552,5734.116596038256,7.0,227.50208,500.0,222.73534,-1.0,0.19470215,1.0,0.7647037,0.16137642,-0.006232695,0.0015647991,-0.007015094,-2.374228,0.5913086,0.4086914,0.21398926,0.649348795413971
7839744,5730.237886400004,7.0,227.55762,500.0,222.7612,-1.0,0.19519043,1.0,0.76441956,0.16173154,-0.0022708636,0.0018141996,-0.0031779641,-2.372416,0.5911865,0.40881348,0.21362305,0.6499811410903931
7847936,5733.283225346778,7.0,227.68994,500.0,222.84286,-1.0,0.19421387,1.0,0.76434886,0.16104329,-0.00093752326,0.0016739275,-0.0017744869,-2.3837848,0.59191895,0.40808105,0.21386719,0.6508978009223938
7856128,5729.854699383785,7.0,228.13269,500.0,222.91072,-1.0,0.19335938,1.0,0.7640065,0.1604447,-0.0015848743,0.0012510688,-0.0022104094,-2.3935232,0.59277344,0.40722656,0.21386719,0.6518977880477905
7864320,5734.106069754363,7.0,228.42285,500.0,223.06435,-1.0,0.19348145,1.0,0.76325625,0.16032466,-0.0029759265,0.0012496439,-0.0036007485,-2.4060297,0.5932617,0.40673828,0.21325684,0.6523144841194153
7872512,5729.729529693349,7.0,228.5824,500.0,223.12152,-1.0,0.19311523,1.0,0.763109,0.16008513,-0.0026446625,0.0009003277,-0.0030948268,-2.4198508,0.5936279,0.40637207,0.21325684,0.6524490714073181
7880704,5734.078318827529,7.0,228.17212,500.0,223.0833,-1.0,0.19238281,1.0,0.7639335,0.15950905,-0.0032098247,0.003041345,-0.004730497,-2.4237294,0.59350586,0.40649414,0.21411133,0.6539490818977356
7888896,5731.420260091029,7.0,228.36719,500.0,223.1472,-1.0,0.19213867,1.0,0.7636753,0.15941152,-0.0033479817,0.0012890731,-0.0039925184,-2.426332,0.5938721,0.40612793,0.21398926,0.6543657779693604
7897088,5734.371152488871,7.0,228.50049,500.0,223.24826,-1.0,0.19067383,1.0,0.7637228,0.15842032,-4.9295777e-06,0.002176894,-0.0010933767,-2.4309578,0.59484863,0.40515137,0.21447754,0.6555220484733582
7905280,5727.102228886483,7.0,228.56384,500.0,223.28275,-1.0,0.19104004,1.0,0.7635513,0.1583948,-0.002695491,0.0016499019,-0.0035204422,-2.4255593,0.59472656,0.40527344,0.2142334,0.6565623879432678
7913472,5734.529065404839,7.0,228.60925,500.0,223.37932,-1.0,0.19067383,1.0,0.7632431,0.15791345,0.0014012557,0.0011215807,0.00084046554,-2.4252965,0.59521484,0.40478516,0.21411133,0.6572801470756531
7921664,5737.653700572684,7.0,228.9054,500.0,223.46667,-1.0,0.19116211,1.0,0.76264083,0.15809731,-0.0025567356,0.00096947607,-0.0030414737,-2.4334965,0.5953369,0.4046631,0.21350098,0.6573749780654907
7929856,5736.576020729299,7.0,229.03589,500.0,223.56041,-1.0,0.19018555,1.0,0.76256496,0.15759295,-0.004753702,0.0017451091,-0.0056262566,-2.437323,0.59606934,0.40393066,0.21374512,0.6582916378974915
7938048,5735.481512529435,7.0,229.17749,500.0,223.67215,-1.0,0.19091797,1.0,0.76190126,0.15784599,-0.0027673114,0.0014134285,-0.003474026,-2.4352663,0.59606934,0.40393066,0.2130127,0.6585589051246643
7946240,5733.968274693216,7.0,229.3097,500.0,223.74171,-1.0,0.18969727,1.0,0.7618858,0.15658954,-0.00091736054,0.0019370939,-0.0018859071,-2.4337435,0.5969238,0.40307617,0.2133789,0.6600194573402405
7954432,5736.2130535233155,7.0,229.16785,500.0,223.82214,-1.0,0.19104004,1.0,0.7614701,0.15761934,-0.0035184273,0.002339681,-0.0046882676,-2.4284768,0.5963135,0.40368652,0.21264648,0.6607269048690796
7962624,5734.529065404839,7.0,229.63611,500.0,223.96925,-1.0,0.18884277,1.0,0.7612166,0.15625748,-0.0026951013,0.0016330928,-0.0035116477,-2.421775,0.59802246,0.40197754,0.21313477,0.6621435880661011
7970816,5734.4936538732745,7.0,229.9436,500.0,224.0245,-1.0,0.18859863,1.0,0.76079595,0.15573485,-0.0001761039,0.0012876751,-0.00081994175,-2.4171448,0.59851074,0.40148926,0.21289062,0.6624108552932739
7979008,5733.844838907938,7.0,230.30933,500.0,224.11214,-1.0,0.18884277,1.0,0.7600933,0.15559728,-0.00030223274,0.0013208047,-0.0009626352,-2.4170516,0.59887695,0.40112305,0.21228027,0.6628751158714294
7987200,5737.296344967087,7.0,230.67725,500.0,224.17886,-1.0,0.18896484,1.0,0.7595005,0.15558478,0.0059115426,0.0012555136,0.005283785,-2.4157794,0.59924316,0.40075684,0.21179199,0.6636251211166382
7995392,5726.805364637441,7.0,231.11841,500.0,224.21608,-1.0,0.18908691,1.0,0.75890744,0.15554546,-0.003713995,0.001173456,-0.004300723,-2.422075,0.5996094,0.40039062,0.21130371,0.6639108061790466
8003584,5736.312649450363,7.0,231.4115,500.0,224.28912,-1.0,0.18896484,1.0,0.7583746,0.15517445,-0.004606958,0.0014820115,-0.005347964,-2.4330144,0.60009766,0.39990234,0.2109375,0.6642377376556396
8011776,5726.164013851556,7.0,231.63892,500.0,224.33757,-1.0,0.18823242,1.0,0.7582349,0.15501957,0.00010382122,0.0012932573,-0.00054280774,-2.442101,0.600708,0.399292,0.21105957,0.6647569537162781
8019968,5730.318161494471,7.0,232.11084,500.0,224.48734,-1.0,0.18859863,1.0,0.7572578,0.1552875,-0.00074729655,0.00074001285,-0.0011173032,-2.4474256,0.6011963,0.3988037,0.21020508,0.6648915410041809
8028160,5731.05412134482,7.0,232.24365,500.0,224.53537,-1.0,0.18823242,1.0,0.7571071,0.1551135,0.0011127306,0.0016181677,0.00030364736,-2.4550414,0.6015625,0.3984375,0.21020508,0.6654748916625977
8036352,5735.943012738531,7.0,232.56848,500.0,224.60634,-1.0,0.18823242,1.0,0.75646186,0.15526284,-0.0030650888,0.0010161466,-0.0035731625,-2.4547985,0.6020508,0.39794922,0.2097168,0.6658248901367188
8044544,5731.044562213081,7.0,232.6167,500.0,224.61226,-1.0,0.18847656,1.0,0.75640106,0.15526584,-0.00038106885,0.0012949848,-0.001028561,-2.458023,0.6019287,0.3980713,0.20959473,0.6660294532775879
8052736,5739.459362196887,7.0,232.72351,500.0,224.70251,-1.0,0.18823242,1.0,0.7561391,0.15535554,0.004076097,0.0013394565,0.0034063696,-2.4673533,0.6022949,0.39770508,0.20947266,0.6665201783180237
8060928,5722.532404419574,7.0,233.12524,500.0,224.81056,-1.0,0.18798828,1.0,0.75539213,0.15525967,-0.0023462493,0.0011729699,-0.0029327343,-2.4683166,0.60302734,0.39697266,0.20898438,0.666959822177887
8069120,5737.716937031083,7.0,233.52966,500.0,224.91702,-1.0,0.18835449,1.0,0.75457346,0.15531884,-5.4476957e-05,0.0012543668,-0.0006816609,-2.476826,0.60339355,0.39660645,0.20825195,0.6670546531677246
8077312,5733.655389668762,7.0,234.0747,500.0,225.05443,-1.0,0.1887207,1.0,0.75359154,0.15554988,0.0026047528,0.0006553674,0.002277068,-2.4877176,0.60388184,0.39611816,0.20739746,0.6670319437980652
8085504,5735.284296501767,7.0,234.26758,500.0,225.14137,-1.0,0.18762207,1.0,0.7534608,0.1549918,-7.787545e-05,0.0010000298,-0.0005778901,-2.492103,0.6047363,0.39526367,0.2076416,0.6674069166183472
8093696,5726.274712954962,7.0,234.71155,500.0,225.21672,-1.0,0.18688965,1.0,0.75299466,0.15449683,0.002004098,0.001215318,0.0013964388,-2.4949577,0.6055908,0.39440918,0.20751953,0.6679902672767639
8101888,5733.667827871178,7.0,235.10132,500.0,225.2687,-1.0,0.18579102,1.0,0.7526991,0.15348385,-0.0032800147,0.0012815685,-0.003920799,-2.4986663,0.6065674,0.39343262,0.2076416,0.6685094833374023
8110080,5725.728893337824,7.0,235.3097,500.0,225.29756,-1.0,0.18530273,1.0,0.75249505,0.15328363,0.0037081838,0.0011317402,0.003142314,-2.503218,0.60705566,0.39294434,0.2076416,0.6688844561576843
8118272,5733.440121637961,7.0,235.43481,500.0,225.32793,-1.0,0.18518066,1.0,0.7522818,0.15315242,0.0023051603,0.0025155921,0.0010473636,-2.5011644,0.6072998,0.3927002,0.20751953,0.6696344614028931
8126464,5732.090520341319,7.0,235.8783,500.0,225.40182,-1.0,0.18444824,1.0,0.7518126,0.1526511,-0.0008620981,0.0013925993,-0.0015583977,-2.505167,0.6081543,0.3918457,0.20739746,0.6703219413757324
8134656,5728.647183338113,7.0,236.00342,500.0,225.46597,-1.0,0.18457031,1.0,0.75137645,0.15288338,-0.0033422539,0.0014259658,-0.0040552365,-2.5077116,0.60839844,0.39160156,0.20703125,0.6706124544143677
8142848,5725.510403811526,7.0,236.37573,500.0,225.56425,-1.0,0.18359375,1.0,0.7509658,0.15240008,0.00241334,0.0008650437,0.0019808176,-2.508574,0.609375,0.390625,0.20703125,0.6710442900657654
8151040,5740.824905345006,7.0,236.53076,500.0,225.58572,-1.0,0.18261719,1.0,0.75104135,0.15149173,-0.0010906726,0.0014718134,-0.0018265791,-2.5035512,0.60998535,0.39001465,0.20739746,0.6717942953109741
8159232,5729.584301486485,7.0,236.83215,500.0,225.66875,-1.0,0.18249512,1.0,0.75050193,0.1512633,-0.001248671,0.0011594992,-0.0018284211,-2.5000176,0.61047363,0.38952637,0.20703125,0.6721212267875671
8167424,5736.255189839606,7.0,237.13647,500.0,225.73578,-1.0,0.18273926,1.0,0.74995446,0.15134698,-0.0045939917,0.00084475084,-0.005016367,-2.4983053,0.6107178,0.38928223,0.20654297,0.6723060011863708
8175616,5728.312913642858,7.0,237.3916,500.0,225.80817,-1.0,0.18273926,1.0,0.749466,0.15140872,-0.0020737029,0.0014506865,-0.0027990462,-2.4971478,0.611084,0.38891602,0.20617676,0.6727226972579956
8183808,5734.357754217481,7.0,237.7218,500.0,225.87952,-1.0,0.18188477,1.0,0.74910355,0.1509679,5.996815e-05,0.00052609644,-0.00020308018,-2.5013404,0.6119385,0.38806152,0.20617676,0.6724727153778076
8192000,5731.521601795668,7.0,238.12463,500.0,225.93245,-1.0,0.18225098,1.0,0.74844396,0.15129098,0.0007813681,0.0006085922,0.00047707168,-2.5049107,0.6121826,0.38781738,0.2055664,0.6724310517311096
8200192,5736.418952765005,7.0,238.81274,500.0,226.01207,-1.0,0.18151855,1.0,0.74764293,0.15068355,-0.00024472066,0.00045175524,-0.00047059823,-2.5073118,0.61328125,0.38671875,0.2052002,0.6721810698509216
8208384,5725.8615217509405,7.0,238.99048,500.0,226.06924,-1.0,0.18078613,1.0,0.74749386,0.15009068,-0.0013316477,0.0016152911,-0.0021392934,-2.5050578,0.6138916,0.3861084,0.20532227,0.6730024814605713
8216576,5731.639200907327,7.0,239.4524,500.0,226.10555,-1.0,0.18005371,1.0,0.74701726,0.14975397,-0.0009050695,0.0010387872,-0.0014244625,-2.5002592,0.6147461,0.3852539,0.2052002,0.673187255859375
8224768,5733.824745213321,7.0,239.85803,500.0,226.14621,-1.0,0.17956543,1.0,0.74648094,0.14915967,0.0024582343,0.0012467531,0.0018348573,-2.4991748,0.6154785,0.38452148,0.20495605,0.6737064719200134
8232960,5728.830570713249,7.0,240.34668,500.0,226.21898,-1.0,0.1796875,1.0,0.7457153,0.14916702,-2.012914e-05,0.0009861176,-0.00051318784,-2.5008068,0.6159668,0.3840332,0.2043457,0.6736350655555725
8241152,5728.6576895894195,7.0,240.81323,500.0,226.25824,-1.0,0.17944336,1.0,0.74511904,0.14908895,-3.812951e-06,0.00093039277,-0.0004690088,-2.5070994,0.61657715,0.38342285,0.20397949,0.6739850640296936
8249344,5738.964704931288,7.0,241.06091,500.0,226.34286,-1.0,0.17919922,1.0,0.7446861,0.14868277,-0.0063095065,0.0012349737,-0.006926994,-2.5079632,0.6170654,0.38293457,0.20373535,0.6744493246078491
8257536,5730.470116938504,7.0,241.3407,500.0,226.40536,-1.0,0.17944336,1.0,0.74413544,0.14872824,0.0019837217,0.0011297452,0.0014188492,-2.502749,0.6173096,0.38269043,0.20324707,0.6747762560844421
8265728,5730.473939820893,7.0,241.4253,500.0,226.37752,-1.0,0.17883301,1.0,0.74420047,0.14840457,-0.0025223764,0.0014344009,-0.0032395767,-2.5033624,0.6176758,0.38232422,0.20349121,0.6749950051307678
8273920,5726.4407696355,7.0,241.74866,500.0,226.45097,-1.0,0.17895508,1.0,0.7435967,0.14828053,-0.0010193016,0.0011104543,-0.0015745288,-2.507034,0.618042,0.381958,0.20300293,0.6753219366073608
8282112,5738.780668178871,7.0,241.84058,500.0,226.48335,-1.0,0.17919922,1.0,0.74337363,0.14846632,-0.0036982638,0.00081105495,-0.0041037914,-2.5099564,0.618042,0.381958,0.20275879,0.6753945350646973
8290304,5735.060290864577,7.0,242.00806,500.0,226.48164,-1.0,0.17822266,1.0,0.74344414,0.14796816,0.0015714659,0.00130885,0.0009170409,-2.5098498,0.61865234,0.38134766,0.203125,0.6758852601051331
8298496,5733.572150780079,7.0,242.4552,500.0,226.51978,-1.0,0.17822266,1.0,0.74278706,0.14783733,-0.0011145202,0.001024405,-0.0016267227,-2.5078845,0.6191406,0.38085938,0.20263672,0.676260232925415
8306688,5726.524755991689,7.0,242.55273,500.0,226.54514,-1.0,0.17810059,1.0,0.7425699,0.1475167,-0.0011182777,0.0017907008,-0.002013628,-2.5112784,0.61938477,0.38061523,0.20251465,0.6767509579658508
8314880,5741.730511263553,7.0,242.94678,500.0,226.59117,-1.0,0.1784668,1.0,0.74190634,0.14725444,-0.0039083995,0.0014907413,-0.0046537705,-2.516255,0.6196289,0.3803711,0.2019043,0.6769848465919495
8323072,5730.830446019119,7.0,243.37073,500.0,226.6296,-1.0,0.17822266,1.0,0.74130654,0.14699166,-0.005679974,0.00083502656,-0.006097487,-2.5226502,0.62023926,0.37976074,0.20153809,0.677105188369751
8331264,5735.036359672974,7.0,243.83081,500.0,226.70686,-1.0,0.17810059,1.0,0.7405946,0.1468697,-0.0012051662,0.0006455361,-0.0015279348,-2.5217915,0.6208496,0.3791504,0.2010498,0.6770824790000916
8339456,5730.362122618342,7.0,243.90356,500.0,226.7147,-1.0,0.17834473,1.0,0.740371,0.14726496,-0.0029315092,0.002132985,-0.003998002,-2.520412,0.6208496,0.3791504,0.20080566,0.6780446171760559
8347648,5737.538728764808,7.0,244.00586,500.0,226.72842,-1.0,0.1784668,1.0,0.7402591,0.14707074,0.0012517371,0.0013606977,0.0005713885,-2.5300255,0.6208496,0.3791504,0.2006836,0.6781792044639587
8355840,5729.333991200169,7.0,244.61047,500.0,226.79753,-1.0,0.17871094,1.0,0.7393752,0.14686011,-0.0003099242,0.0002528985,-0.00043637288,-2.53157,0.6213379,0.3786621,0.19995117,0.6779292225837708
8364032,5736.969686162327,7.0,244.54028,500.0,226.82846,-1.0,0.17895508,1.0,0.73931617,0.14700341,-0.002405873,0.0010320224,-0.0029218844,-2.526494,0.6212158,0.37878418,0.1998291,0.6786792278289795
8372224,5723.210120364889,7.0,245.06433,500.0,226.87897,-1.0,0.17871094,1.0,0.73854923,0.14652787,-0.0017969825,0.0009148826,-0.0022544235,-2.5263627,0.62194824,0.37805176,0.19934082,0.679081380367279
8380416,5732.442445822918,7.0,244.95776,500.0,226.94586,-1.0,0.17871094,1.0,0.73854923,0.14657086,-0.0058041727,0.00181303,-0.0067106877,-2.5240834,0.62194824,0.37805176,0.19934082,0.6796647310256958
8388608,5733.40089676012,7.0,244.85742,500.0,226.98979,-1.0,0.17956543,1.0,0.7382593,0.14674789,-0.00020334264,0.0011383914,-0.0007725385,-2.524421,0.62158203,0.37841797,0.19885254,0.6799504160881042
8396800,5731.208027755538,7.0,245.3689,500.0,227.03777,-1.0,0.1796875,1.0,0.7374851,0.14670627,0.0019159694,0.00049032486,0.0016708067,-2.5255895,0.6220703,0.3779297,0.19824219,0.6797004342079163
8404992,5726.725187932519,7.0,245.82227,500.0,227.07387,-1.0,0.17944336,1.0,0.73688215,0.14638492,-8.332211e-05,0.00034812413,-0.0002573841,-2.5291152,0.62268066,0.37731934,0.19787598,0.6794504523277283
8413184,5728.43897648888,7.0,245.97644,500.0,227.10326,-1.0,0.17907715,1.0,0.7367228,0.14600219,-0.0017867404,0.0008337478,-0.0022036145,-2.5355606,0.6230469,0.37695312,0.19787598,0.6800700426101685
8421376,5725.247093615168,7.0,246.5249,500.0,227.1976,-1.0,0.17919922,1.0,0.73578113,0.14616,0.0033449996,0.0011196592,0.002785169,-2.5340197,0.6236572,0.37634277,0.19714355,0.6803557276725769
8429568,5737.053981647632,7.0,246.75879,500.0,227.22462,-1.0,0.17907715,1.0,0.7353961,0.14606775,0.0004123752,0.001286397,-0.00023082376,-2.5326765,0.62402344,0.37597656,0.19689941,0.6808464527130127
8437760,5733.19712737272,7.0,247.05322,500.0,227.28609,-1.0,0.17932129,1.0,0.73483837,0.14614466,-0.0004947216,0.0008957886,-0.00094261597,-2.527853,0.6242676,0.37573242,0.19641113,0.6811519861221313
8445952,5728.449481976503,7.0,247.2229,500.0,227.30084,-1.0,0.1796875,1.0,0.73449963,0.14642672,0.00088021136,0.0011522144,0.0003041037,-2.5307846,0.6242676,0.37573242,0.19604492,0.6812591552734375
8454144,5723.03948477595,7.0,247.66089,500.0,227.30673,-1.0,0.17907715,1.0,0.7340669,0.1460054,-0.00087513565,0.0009401805,-0.001345226,-2.539906,0.625,0.375,0.19592285,0.6816909909248352
8462336,5737.268563152263,7.0,248.00146,500.0,227.32059,-1.0,0.17871094,1.0,0.7337403,0.14598879,-0.0011992754,0.0012109515,-0.0018047509,-2.5501785,0.6254883,0.37451172,0.19580078,0.6821306347846985
8470528,5724.515485548737,7.0,248.58154,500.0,227.41873,-1.0,0.17810059,1.0,0.73297334,0.14531544,-0.00044453732,0.00097457063,-0.0009318226,-2.5603793,0.62646484,0.37353516,0.19543457,0.6825702786445618
8478720,5732.277953534495,7.0,249.10278,500.0,227.49605,-1.0,0.17785645,1.0,0.7321995,0.14532652,0.0011696517,0.0005883642,0.00087546976,-2.5587862,0.62719727,0.37280273,0.19494629,0.6823202967643738
8486912,5733.184691212426,7.0,249.25842,500.0,227.5764,-1.0,0.17858887,1.0,0.7316876,0.1455445,-0.0025959876,0.0013710139,-0.0032814948,-2.557979,0.6270752,0.3729248,0.19433594,0.6828515529632568
8495104,5735.56672170805,7.0,249.31836,500.0,227.6286,-1.0,0.17785645,1.0,0.73169917,0.14479044,-0.0018286577,0.0014643823,-0.0025608488,-2.5621157,0.6275635,0.37243652,0.19458008,0.6840015649795532
8503296,5731.129639606611,7.0,249.88843,500.0,227.69406,-1.0,0.17602539,1.0,0.7312242,0.14332092,-0.00058339216,0.0009050094,-0.0010358968,-2.5621026,0.6291504,0.3708496,0.19482422,0.68458491563797
8511488,5733.8151768368125,7.0,250.17981,500.0,227.71423,-1.0,0.17614746,1.0,0.7307774,0.14324492,-0.0025985453,0.0006382813,-0.0029176855,-2.5580597,0.62939453,0.37060547,0.19445801,0.6847052574157715
8519680,5720.550696768713,7.0,250.5238,500.0,227.74644,-1.0,0.17504883,1.0,0.73045665,0.14223179,-0.0051119504,0.00091255445,-0.0055682277,-2.5633123,0.6303711,0.3696289,0.19458008,0.6854969263076782
8527872,5730.222596160822,7.0,250.85925,500.0,227.77701,-1.0,0.17504883,1.0,0.7299551,0.14205724,0.0019087363,0.0011545666,0.0013314527,-2.5658083,0.6307373,0.3692627,0.19421387,0.6858469247817993
8536064,5731.086622631259,7.0,250.87085,500.0,227.85852,-1.0,0.17553711,1.0,0.7296705,0.14225036,-0.0010094437,0.0007316883,-0.0013752878,-2.5655544,0.63061523,0.36938477,0.19384766,0.6861141920089722
8544256,5736.777156901048,7.0,251.23181,500.0,227.91995,-1.0,0.17626953,1.0,0.72882426,0.14272156,0.0036184378,0.00045996785,0.0033884533,-2.5637999,0.6307373,0.3692627,0.19299316,0.6858642101287842
8552448,5725.5733728816385,7.0,251.2832,500.0,228.00389,-1.0,0.17614746,1.0,0.72843504,0.14247715,0.003841287,0.0010628608,0.003309857,-2.5592065,0.6311035,0.36889648,0.19274902,0.6863834261894226
8560640,5741.287265891631,7.0,251.3999,500.0,228.06606,-1.0,0.17614746,1.0,0.7280998,0.14237577,-0.0044281185,0.00045822535,-0.0046572313,-2.562427,0.63134766,0.36865234,0.19250488,0.6865500807762146
8568832,5732.821196516968,7.0,251.64526,500.0,228.12643,-1.0,0.17712402,1.0,0.72735953,0.14281657,0.0023933821,0.00071233395,0.002037216,-2.5708375,0.6312256,0.3687744,0.19165039,0.6866572499275208
8577024,5734.048654340704,7.0,252.07129,500.0,228.20813,-1.0,0.17626953,1.0,0.7268116,0.14225858,0.0004482437,0.00060144137,0.0001475233,-2.5721197,0.63220215,0.36779785,0.19152832,0.6869072318077087
8585216,5726.934224759545,7.0,252.72485,500.0,228.28867,-1.0,0.17541504,1.0,0.7259262,0.14162217,-0.0004716689,0.00038538728,-0.00066436257,-2.572854,0.63342285,0.36657715,0.19116211,0.6868746280670166
8593408,5737.841497768387,7.0,253.17224,500.0,228.33687,-1.0,0.17480469,1.0,0.72531646,0.14110714,-0.00606768,0.0009349615,-0.0065351613,-2.5756621,0.63427734,0.36572266,0.19091797,0.6874579787254333
8601600,5737.466873724673,7.0,253.33093,500.0,228.39825,-1.0,0.17553711,1.0,0.72480273,0.14169179,0.0003363348,0.0011999715,-0.0002636507,-2.5835466,0.6341553,0.36584473,0.19030762,0.687649130821228
8609792,5733.216260032371,7.0,253.4364,500.0,228.42531,-1.0,0.1739502,1.0,0.72493273,0.14067438,-0.0043907547,0.0015033924,-0.0051424513,-2.5899715,0.63513184,0.36486816,0.19091797,0.6885657906532288
8617984,5728.387404653967,7.0,253.62415,500.0,228.47144,-1.0,0.1739502,1.0,0.7245959,0.14078736,-0.0012747968,0.00056042336,-0.0015550085,-2.588702,0.635376,0.36462402,0.19067383,0.6885157823562622
8626176,5729.651181983011,7.0,253.6521,500.0,228.58492,-1.0,0.17456055,1.0,0.72419626,0.14161254,0.00021416042,0.0010137653,-0.00029272225,-2.5941107,0.6352539,0.3647461,0.19018555,0.6884324550628662
8634368,5724.095873005402,7.0,254.00818,500.0,228.6393,-1.0,0.17456055,1.0,0.7235217,0.14162588,-0.00058977975,0.0004452431,-0.00081240095,-2.5994773,0.6357422,0.3642578,0.18969727,0.6884205341339111
8642560,5741.607700497014,7.0,254.25806,500.0,228.6705,-1.0,0.17370605,1.0,0.7233056,0.14096521,0.0009940059,0.0011622254,0.00041289325,-2.5971098,0.6364746,0.3635254,0.18981934,0.6892122030258179
8650752,5725.012424504573,7.0,254.22815,500.0,228.66747,-1.0,0.17333984,1.0,0.7234777,0.14075136,0.010079268,0.0025403094,0.008809115,-2.5919452,0.6365967,0.36340332,0.19006348,0.6902779936790466
8658944,5732.01115181604,7.0,254.6029,500.0,228.7365,-1.0,0.17333984,1.0,0.72280246,0.14050555,0.00483528,0.0012874255,0.0041915677,-2.5910242,0.63708496,0.36291504,0.1895752,0.6906049251556396
8667136,5727.697004521681,7.0,254.61584,500.0,228.75806,-1.0,0.17272949,1.0,0.7228643,0.14026658,-0.0023115524,0.0014909587,-0.0030570314,-2.5942345,0.6374512,0.36254883,0.18981934,0.6914486885070801
8675328,5732.027407841026,7.0,254.88159,500.0,228.76784,-1.0,0.17150879,1.0,0.72264826,0.138963,-0.0024476869,0.0019496793,-0.003422527,-2.5908053,0.63842773,0.36157227,0.19006348,0.6924108266830444
8683520,5732.932153167894,7.0,254.97241,500.0,228.79103,-1.0,0.17248535,1.0,0.72224677,0.13971342,0.010189592,0.0009035211,0.009737831,-2.5908754,0.6380615,0.36193848,0.18945312,0.6923332214355469
8691712,5737.965105692252,7.0,255.18616,500.0,228.85416,-1.0,0.17272949,1.0,0.72168124,0.13982111,-0.0005353216,0.0013011368,-0.0011858905,-2.588986,0.63830566,0.36169434,0.18896484,0.6928524374961853
8699904,5727.527056020342,7.0,255.34607,500.0,228.90031,-1.0,0.17224121,1.0,0.72145957,0.13975886,-0.0028451232,0.0011702504,-0.0034302482,-2.5862708,0.63879395,0.36120605,0.18896484,0.6931793689727783
8708096,5732.699723039756,7.0,255.625,500.0,228.9249,-1.0,0.17163086,1.0,0.7211819,0.13952376,0.0030199077,0.0005190775,0.0027603696,-2.5917592,0.6394043,0.3605957,0.18896484,0.6931566596031189
8716288,5730.535106632795,7.0,255.77356,500.0,228.97395,-1.0,0.171875,1.0,0.72078514,0.13991323,-0.00069895585,0.0009826926,-0.0011903027,-2.5982358,0.63952637,0.36047363,0.18859863,0.6936473846435547
8724480,5737.922944251546,7.0,255.97754,500.0,228.96272,-1.0,0.17224121,1.0,0.72044367,0.13993028,0.0005507754,0.0008708029,0.000115374394,-2.6001272,0.63952637,0.36047363,0.18823242,0.6937819719314575
8732672,5728.383584554987,7.0,256.4552,500.0,229.01477,-1.0,0.171875,1.0,0.7197683,0.13985038,-0.0017854004,0.0007608372,-0.0021658195,-2.5918841,0.6402588,0.3597412,0.18786621,0.6941841244697571
8740864,5732.25882713688,7.0,256.9657,500.0,229.0703,-1.0,0.17248535,1.0,0.71885854,0.14033754,-0.00167604,0.00096738,-0.0021597303,-2.5866818,0.6405029,0.35949707,0.18701172,0.6943688988685608
8749056,5723.4703830639955,7.0,257.3319,500.0,229.13708,-1.0,0.17297363,1.0,0.7180615,0.14020696,0.0011385047,0.00030916292,0.0009839234,-2.588304,0.6407471,0.35925293,0.1862793,0.6943820714950562
8757248,5734.842045791961,7.0,257.38318,500.0,229.17072,-1.0,0.17297363,1.0,0.7178915,0.14046344,-0.0027463408,0.0016439445,-0.0035683126,-2.5879097,0.64086914,0.35913086,0.18615723,0.6951320767402649
8765440,5726.067632772954,7.0,257.71558,500.0,229.19351,-1.0,0.171875,1.0,0.7175602,0.13971901,0.0056477357,0.0006711171,0.0053121764,-2.5897396,0.6418457,0.3581543,0.1862793,0.6950820684432983
8773632,5738.125133162758,7.0,258.00183,500.0,229.20592,-1.0,0.17199707,1.0,0.71710545,0.13969645,0.0011230714,0.00067215593,0.00078699377,-2.5900593,0.64208984,0.35791016,0.18591309,0.6952166557312012
8781824,5730.336319268219,7.0,258.2721,500.0,229.23291,-1.0,0.17285156,1.0,0.7164742,0.14035282,-0.0043436824,0.001267501,-0.0049774335,-2.5865335,0.6419678,0.35803223,0.18518066,0.6955023407936096
8790016,5728.182081556531,7.0,258.52295,500.0,229.27611,-1.0,0.17333984,1.0,0.7158447,0.14013465,-0.0031749364,0.0009156891,-0.003632781,-2.5873518,0.64208984,0.35791016,0.18457031,0.6956369280815125
8798208,5722.948928121479,7.0,258.82935,500.0,229.32059,-1.0,0.17370605,1.0,0.7151589,0.14028536,0.0009862923,0.00052908587,0.00072174985,-2.5869384,0.642334,0.35766602,0.18395996,0.6958035826683044
8806400,5739.025094562683,7.0,259.18018,500.0,229.37767,-1.0,0.1739502,1.0,0.7144164,0.14019683,-0.0014723996,0.0009248505,-0.0019348247,-2.5792255,0.6427002,0.3572998,0.18334961,0.6962943077087402
8814592,5734.221861002806,7.0,259.44775,500.0,229.40126,-1.0,0.17333984,1.0,0.71413743,0.13979009,-0.0010288772,0.00037527055,-0.0012165126,-2.5757802,0.64331055,0.35668945,0.18334961,0.6962823867797852
8822784,5731.409743704284,7.0,259.68445,500.0,229.43976,-1.0,0.17297363,1.0,0.7137989,0.13953614,-0.0019263731,0.0005127975,-0.002182772,-2.5776272,0.6437988,0.35620117,0.18322754,0.6965085864067078
8830976,5732.335333493159,7.0,260.09973,500.0,229.47552,-1.0,0.17199707,1.0,0.71335065,0.13870971,-0.0016164563,0.00063427316,-0.0019335928,-2.5762544,0.6447754,0.3552246,0.18322754,0.6969107389450073
8839168,5742.586494690825,7.0,260.31665,500.0,229.5276,-1.0,0.171875,1.0,0.71295214,0.13867736,-0.0034944392,0.0004438221,-0.0037163505,-2.5828712,0.6451416,0.3548584,0.1829834,0.6970179080963135
8847360,5727.614893312359,7.0,260.7162,500.0,229.58159,-1.0,0.17138672,1.0,0.7123845,0.13838185,-0.004562929,0.0006163303,-0.0048710937,-2.588479,0.645874,0.35412598,0.18273926,0.6969762444496155
8855552,5729.074150223937,7.0,261.11914,500.0,229.59737,-1.0,0.17163086,1.0,0.71164,0.1381973,0.014622919,0.0010163542,0.014114743,-2.590203,0.64624023,0.35375977,0.1821289,0.6971428990364075
8863744,5731.563669216198,7.0,261.28198,500.0,229.63898,-1.0,0.17138672,1.0,0.7113556,0.13786857,-0.0010970774,0.0008031985,-0.0014986766,-2.5851986,0.64660645,0.35339355,0.18200684,0.69769287109375
8871936,5737.636454507761,7.0,261.4657,500.0,229.67162,-1.0,0.17138672,1.0,0.71101236,0.1376753,-0.0057529733,0.0011264673,-0.006316207,-2.585692,0.6468506,0.3531494,0.1817627,0.6984044313430786
8880128,5727.139458407833,7.0,261.36792,500.0,229.71977,-1.0,0.1706543,1.0,0.7111886,0.13746421,-0.0014983311,0.0013926991,-0.0021946807,-2.5944197,0.6472168,0.3527832,0.1821289,0.6989877820014954
8888320,5732.234919319347,7.0,261.45874,500.0,229.74686,-1.0,0.17126465,1.0,0.7107843,0.13799332,-0.0026798353,0.0013135861,-0.003336628,-2.601915,0.6470947,0.35290527,0.18164062,0.6995190382003784
8896512,5724.699562280407,7.0,261.51648,500.0,229.73625,-1.0,0.17041016,1.0,0.7109037,0.13755131,0.00092951476,0.0010752633,0.0003918836,-2.600827,0.647583,0.352417,0.18200684,0.7001023888587952
8904704,5729.619652411545,7.0,261.8523,500.0,229.74672,-1.0,0.17041016,1.0,0.71038836,0.13754307,4.620987e-05,0.00038187503,-0.00014472783,-2.6017156,0.6479492,0.35205078,0.18164062,0.7000607252120972
8912896,5733.793169692033,7.0,262.2351,500.0,229.76416,-1.0,0.17102051,1.0,0.70964,0.13793339,-0.0043476056,0.0001494947,-0.0044223536,-2.6051881,0.6480713,0.3519287,0.1809082,0.6998107433319092
8921088,5729.054089952169,7.0,262.75842,500.0,229.80325,-1.0,0.17126465,1.0,0.70872045,0.13803056,-0.0049912366,0.00039377742,-0.005188125,-2.6092207,0.6485596,0.35144043,0.18017578,0.6995607614517212
8929280,5723.40841360769,7.0,262.91943,500.0,229.85358,-1.0,0.17102051,1.0,0.7084349,0.13801256,-0.0037592798,0.0011957496,-0.0043571545,-2.609302,0.6489258,0.35107422,0.18005371,0.7000250220298767
8937472,5737.023328457271,7.0,263.437,500.0,229.86197,-1.0,0.17077637,1.0,0.7076317,0.13781756,-0.0011498167,0.001079065,-0.0016893499,-2.6073737,0.6496582,0.3503418,0.17956543,0.70046466588974
8945664,5737.097088250784,7.0,263.78674,500.0,229.8577,-1.0,0.17150879,1.0,0.7069367,0.13841406,0.0007110912,0.00090097147,0.00026060513,-2.6087651,0.6496582,0.3503418,0.17883301,0.7005992531776428
8953856,5733.342538788794,7.0,264.34314,500.0,229.8748,-1.0,0.17126465,1.0,0.7061321,0.13802797,0.0046236487,0.0009350283,0.0041561346,-2.6074648,0.6503906,0.34960938,0.17834473,0.7010310888290405
8962048,5723.878461610991,7.0,264.49512,500.0,229.9454,-1.0,0.17248535,1.0,0.7054889,0.1387843,0.0055644233,0.0010442804,0.0050422833,-2.6043584,0.6500244,0.3499756,0.17749023,0.7011144161224365
8970240,5739.418137501203,7.0,264.7705,500.0,230.00015,-1.0,0.17248535,1.0,0.70496964,0.13898262,0.0013199057,0.00055142096,0.0010441947,-2.60811,0.6503906,0.34960938,0.17712402,0.7010818123817444
8978432,5732.626076272871,7.0,265.21643,500.0,229.99884,-1.0,0.17248535,1.0,0.7042767,0.13876057,0.0019828689,0.0009613872,0.0015021757,-2.6131222,0.6508789,0.3491211,0.17663574,0.701176643371582
8986624,5733.206693686583,7.0,265.38867,500.0,230.04178,-1.0,0.17175293,1.0,0.704109,0.13827567,-0.0074120588,0.0013208992,-0.008072508,-2.6086164,0.65148926,0.34851074,0.17675781,0.7015718221664429
8994816,5731.094270046347,7.0,265.62415,500.0,230.07515,-1.0,0.17163086,1.0,0.7037052,0.13785909,-0.0030148374,0.0004814204,-0.0032555475,-2.601792,0.65185547,0.34814453,0.17651367,0.7017980217933655
9003008,5731.46232602394,7.0,265.99036,500.0,230.05118,-1.0,0.17138672,1.0,0.70341766,0.13739556,0.0012368809,0.0011432369,0.0006652628,-2.606291,0.6522217,0.34777832,0.1763916,0.7021729946136475
9011200,5729.0894343348145,7.0,266.302,500.0,230.04652,-1.0,0.17016602,1.0,0.7031934,0.13631198,-0.0025499735,0.0012307174,-0.0031653317,-2.6186166,0.65319824,0.34680176,0.17663574,0.7027563452720642
9019392,5733.229652970106,7.0,266.7787,500.0,230.0498,-1.0,0.17126465,1.0,0.7021448,0.13683935,0.0056989077,0.00086632,0.0052657477,-2.624825,0.65319824,0.34680176,0.17553711,0.7026730179786682
9027584,5722.61913547821,7.0,267.1455,500.0,230.05911,-1.0,0.17175293,1.0,0.70150363,0.13715494,-0.00026726665,0.0008906229,-0.0007125777,-2.6199608,0.6533203,0.3466797,0.17492676,0.7026230096817017
9035776,5731.829473104737,7.0,267.48474,500.0,230.09015,-1.0,0.17138672,1.0,0.70098394,0.1370402,0.0018654735,0.0011256931,0.0013026266,-2.6115437,0.65393066,0.34606934,0.17468262,0.702685534954071
9043968,5735.2335586493855,7.0,267.99243,500.0,230.09625,-1.0,0.17150879,1.0,0.70017,0.13711822,-0.0038997773,0.0008142423,-0.0043068985,-2.607349,0.65441895,0.34558105,0.17407227,0.7030876874923706
9052160,5739.212981543847,7.0,268.34314,500.0,230.1089,-1.0,0.17114258,1.0,0.6996492,0.13684887,-0.0020310185,0.00074075034,-0.0024013938,-2.606682,0.6550293,0.3449707,0.17382812,0.7032724618911743
9060352,5725.309102894219,7.0,268.73462,500.0,230.14226,-1.0,0.17114258,1.0,0.69895095,0.13671008,-0.0033001422,0.00077537243,-0.0036878285,-2.6055388,0.6555176,0.34448242,0.17333984,0.703422486782074
9068544,5734.573091162048,7.0,269.34412,500.0,230.13307,-1.0,0.17004395,1.0,0.6982582,0.13574266,7.356831e-05,0.0010954805,-0.0004741717,-2.604887,0.6567383,0.34326172,0.17321777,0.70425945520401
9076736,5725.39019397823,7.0,269.6676,500.0,230.1924,-1.0,0.17114258,1.0,0.6972023,0.13616136,-0.0057835756,0.0010090003,-0.0062880754,-2.6093664,0.6567383,0.34326172,0.17211914,0.7046990990638733
9084928,5734.532893704717,7.0,269.7998,500.0,230.22963,-1.0,0.17199707,1.0,0.69672924,0.13684756,-0.0030185126,0.0008861874,-0.0034616063,-2.6166878,0.65649414,0.34350586,0.17150879,0.7051387429237366
9093120,5730.440489772937,7.0,270.35596,500.0,230.2094,-1.0,0.17248535,1.0,0.69590724,0.13734242,0.0027468936,0.0014638223,0.0020149825,-2.6145408,0.6567383,0.34326172,0.17077637,0.7055783867835999
9101312,5729.320616456916,7.0,270.7433,500.0,230.22003,-1.0,0.17321777,1.0,0.6950231,0.13767974,-0.00012775348,0.00059189496,-0.00042370113,-2.6157448,0.65686035,0.34313965,0.16992188,0.705513596534729
9109504,5725.151697347115,7.0,271.2423,500.0,230.25308,-1.0,0.17272949,1.0,0.6942661,0.13710392,-0.001886935,0.00019800854,-0.0019859392,-2.617125,0.65771484,0.34228516,0.16955566,0.7055267691612244
9117696,5738.456715490127,7.0,271.47693,500.0,230.2916,-1.0,0.17260742,1.0,0.6938567,0.13686535,-0.0040020617,0.0014347289,-0.004719426,-2.6215172,0.65808105,0.34191895,0.16931152,0.7059910297393799
9125888,5734.190281107635,7.0,271.7688,500.0,230.30417,-1.0,0.17236328,1.0,0.6933894,0.13665706,0.0010549207,0.0003156718,0.0008970853,-2.6278067,0.65856934,0.34143066,0.16906738,0.7057410478591919
9134080,5731.435556722461,7.0,271.96057,500.0,230.33192,-1.0,0.17199707,1.0,0.6930402,0.13656187,-0.00031334697,0.00088784983,-0.0007572723,-2.6294646,0.6590576,0.34094238,0.16894531,0.7061432003974915
9142272,5724.8292814917995,7.0,272.44788,500.0,230.33223,-1.0,0.17272949,1.0,0.692153,0.13702157,-0.0046043936,0.00069468055,-0.004951734,-2.6297932,0.6591797,0.3408203,0.16809082,0.7063279747962952
9150464,5737.209168450653,7.0,272.776,500.0,230.33568,-1.0,0.17321777,1.0,0.6915015,0.13743402,0.0026055423,0.0008009747,0.0022050547,-2.631861,0.65930176,0.34069824,0.16748047,0.706595242023468
9158656,5734.377851648045,7.0,273.39465,500.0,230.32541,-1.0,0.1730957,1.0,0.6905605,0.13718072,-0.0022954247,0.0007321916,-0.0026615206,-2.6279511,0.6600342,0.33996582,0.16687012,0.7068625092506409
9166848,5735.255576852425,7.0,273.79785,500.0,230.34286,-1.0,0.17480469,1.0,0.689422,0.13830893,0.0034971645,0.00094645366,0.0030239364,-2.622924,0.65966797,0.34033203,0.16552734,0.7071894407272339
9175040,5732.320988395799,7.0,274.18567,500.0,230.3369,-1.0,0.1751709,1.0,0.68870896,0.13853404,0.0031856177,0.00053737476,0.0029169307,-2.6206522,0.6599121,0.3400879,0.16491699,0.7071775197982788
9183232,5728.329148698121,7.0,274.85754,500.0,230.32724,-1.0,0.17492676,1.0,0.6877069,0.1381748,-0.0038955424,0.00072178215,-0.004256434,-2.6209168,0.6607666,0.3392334,0.16430664,0.7071449160575867
9191424,5731.908836598817,7.0,275.25,500.0,230.35287,-1.0,0.17492676,1.0,0.6869965,0.13819253,-0.0028284988,0.0002458615,-0.00295143,-2.6305304,0.6612549,0.33874512,0.16381836,0.7068949341773987
9199616,5739.058644907072,7.0,275.87317,500.0,230.33063,-1.0,0.17456055,1.0,0.6861117,0.13785625,-0.0042388095,0.00029345322,-0.0043855365,-2.6454139,0.6621094,0.33789062,0.16333008,0.7066449522972107
9207808,5724.50690194858,7.0,275.99182,500.0,230.37057,-1.0,0.17492676,1.0,0.68575156,0.13822849,-0.005204124,0.0008643553,-0.0056363014,-2.6483343,0.6621094,0.33789062,0.16296387,0.7069122195243835
9216000,5731.829473104737,7.0,276.15698,500.0,230.36777,-1.0,0.17529297,1.0,0.68539083,0.13859843,-0.004439531,0.0005678518,-0.0047234567,-2.6516957,0.6621094,0.33789062,0.16259766,0.7069955468177795
9224192,5735.358011584977,7.0,276.5116,500.0,230.39159,-1.0,0.17541504,1.0,0.68473595,0.1385592,-0.0020749252,0.00032534785,-0.0022375996,-2.6530628,0.6624756,0.3375244,0.16210938,0.7069538831710815
9232384,5738.029307257944,7.0,276.90076,500.0,230.37389,-1.0,0.17480469,1.0,0.68426794,0.13799968,0.0014180653,0.0010611942,0.0008874679,-2.6439404,0.663208,0.336792,0.1619873,0.7076562643051147
9240576,5728.508695445584,7.0,276.94165,500.0,230.42404,-1.0,0.17456055,1.0,0.6841518,0.13773575,0.0005712409,0.00067117583,0.00023565337,-2.6344469,0.66345215,0.33654785,0.1619873,0.7081205248832703
9248768,5733.12155461549,7.0,277.32153,500.0,230.44678,-1.0,0.1739502,1.0,0.6835041,0.1374541,-0.0015653665,0.0005490099,-0.0018398714,-2.626484,0.66430664,0.33569336,0.16174316,0.7083250880241394
9256960,5732.396540048586,7.0,277.80273,500.0,230.44106,-1.0,0.17333984,1.0,0.6828551,0.13707426,6.689457e-06,0.000371421,-0.00017902092,-2.6190474,0.66516113,0.33483887,0.16149902,0.70830237865448
9265152,5738.879394760744,7.0,278.37598,500.0,230.44243,-1.0,0.17297363,1.0,0.6819642,0.13685596,-0.0028433583,0.00049944187,-0.0030930794,-2.6248035,0.6660156,0.33398438,0.16101074,0.7082697749137878
9273344,5728.648138450276,7.0,278.48938,500.0,230.4542,-1.0,0.17346191,1.0,0.6816611,0.1372758,-0.003341572,0.000989864,-0.0038365042,-2.6324227,0.66589355,0.33410645,0.16064453,0.7085753083229065
9281536,5728.102821228817,7.0,278.89783,500.0,230.46184,-1.0,0.1730957,1.0,0.68112725,0.13720918,0.00057239464,0.000792338,0.00017622596,-2.6336129,0.6665039,0.3334961,0.16040039,0.7083253264427185
9289728,5725.474149520663,7.0,279.58765,500.0,230.44974,-1.0,0.17260742,1.0,0.6801752,0.13660094,-0.00041599036,0.00096684805,-0.0008994142,-2.633872,0.66748047,0.33251953,0.15991211,0.708875298500061
9297920,5734.251527281794,7.0,279.97913,500.0,230.47119,-1.0,0.17297363,1.0,0.6794537,0.13701291,0.0026713386,0.00066971435,0.0023364811,-2.639884,0.6677246,0.3322754,0.15930176,0.7090600728988647
9306112,5730.963310880774,7.0,280.6665,500.0,230.46527,-1.0,0.17260742,1.0,0.67837816,0.13697433,-0.0011352679,0.00046113547,-0.0013658352,-2.6481156,0.6687012,0.33129883,0.1586914,0.7090373635292053
9314304,5733.293748609841,7.0,281.02332,500.0,230.46352,-1.0,0.17175293,1.0,0.6779651,0.1364801,-0.0027960467,0.000628623,-0.003110358,-2.653287,0.66955566,0.33044434,0.1586914,0.7089956998825073
9322496,5724.273247165372,7.0,281.51685,500.0,230.44878,-1.0,0.17211914,1.0,0.6770613,0.13671914,0.0063739847,0.00041965628,0.0061641564,-2.6512237,0.6699219,0.33007812,0.15795898,0.7087457180023193
9330688,5738.473008095049,7.0,281.81494,500.0,230.4565,-1.0,0.17236328,1.0,0.67645806,0.13683902,0.003132936,0.0005035464,0.0028811614,-2.6479547,0.670166,0.32983398,0.1574707,0.7087588906288147
9338880,5731.103829343909,7.0,282.00903,500.0,230.49431,-1.0,0.17260742,1.0,0.6758542,0.13710132,0.0026214293,0.00080307864,0.0022198898,-2.64425,0.67041016,0.32958984,0.15698242,0.7088934779167175
9347072,5733.970188468157,7.0,282.43604,500.0,230.51637,-1.0,0.17321777,1.0,0.6748846,0.13746046,0.0015552682,0.00042658532,0.0013419761,-2.6412723,0.6706543,0.3293457,0.15612793,0.7088518142700195
9355264,5733.797953839571,7.0,282.60645,500.0,230.54428,-1.0,0.17346191,1.0,0.67446,0.13752633,-0.0016227805,0.00066500634,-0.001955284,-2.6480088,0.67077637,0.32922363,0.15576172,0.7087870240211487
9363456,5741.6508755582945,7.0,282.96045,500.0,230.53102,-1.0,0.17333984,1.0,0.6738576,0.1373937,0.0051493905,0.0005559292,0.0048714257,-2.6519456,0.67126465,0.32873535,0.15539551,0.7087293267250061
9371648,5723.57525750871,7.0,283.3601,500.0,230.54457,-1.0,0.17333984,1.0,0.6731326,0.13763244,0.002149643,0.0009834449,0.001657921,-2.6517932,0.6717529,0.32824707,0.15490723,0.7091314792633057
9379840,5728.669150998431,7.0,283.72327,500.0,230.54129,-1.0,0.17382812,1.0,0.67228085,0.13774954,0.004567075,0.00082695327,0.0041535986,-2.6567163,0.6719971,0.32800293,0.1541748,0.7093360424041748
9388032,5735.665337738278,7.0,284.04138,500.0,230.53589,-1.0,0.17382812,1.0,0.6717359,0.13791257,-0.0037657681,0.00075945654,-0.0041454965,-2.6613307,0.6723633,0.32763672,0.1538086,0.7095026969909668
9396224,5738.93978259675,7.0,284.45605,500.0,230.5258,-1.0,0.17358398,1.0,0.67107177,0.13760108,-0.0008601393,0.0006830338,-0.0012016564,-2.6553082,0.67297363,0.32702637,0.15344238,0.7094799876213074
9404416,5724.549820206782,7.0,284.4735,500.0,230.57498,-1.0,0.17419434,1.0,0.6708226,0.13831332,0.00020382821,0.0010390566,-0.0003157002,-2.6491156,0.6727295,0.3272705,0.15307617,0.709785521030426
9412608,5732.396540048586,7.0,284.45264,500.0,230.63237,-1.0,0.17456055,1.0,0.6706364,0.13853303,-0.0017700943,0.0005814411,-0.0020608148,-2.6491961,0.6726074,0.32739258,0.15283203,0.7097207307815552
9420800,5731.406875605506,7.0,284.93115,500.0,230.62125,-1.0,0.17419434,1.0,0.66991216,0.13834839,-0.00025021407,0.00072501635,-0.0006127223,-2.6523569,0.67333984,0.32666016,0.15246582,0.7100957036018372
9428992,5738.877477707398,7.0,285.26306,500.0,230.63373,-1.0,0.17358398,1.0,0.66943264,0.13800645,0.00084167183,0.0007393167,0.00047201396,-2.6505718,0.67407227,0.32592773,0.15234375,0.7102804780006409
9437184,5731.301713965834,7.0,285.38416,500.0,230.635,-1.0,0.17370605,1.0,0.6691274,0.13832493,-0.000484325,0.0012499016,-0.0011092756,-2.6526585,0.67419434,0.32580566,0.15209961,0.7105860114097595
9445376,5732.695897187087,7.0,285.57654,500.0,230.65282,-1.0,0.17333984,1.0,0.66876614,0.13809572,0.003278406,0.0017597969,0.0023985072,-2.6527994,0.6746826,0.32531738,0.15197754,0.7113704681396484
9453568,5726.912270402989,7.0,286.07202,500.0,230.61842,-1.0,0.17297363,1.0,0.6680392,0.13790584,0.0051745777,0.00053376984,0.0049076932,-2.6521354,0.67541504,0.32458496,0.15161133,0.7113982439041138
9461760,5737.73609986943,7.0,286.557,500.0,230.57697,-1.0,0.17248535,1.0,0.6674343,0.13754766,0.000854225,0.0005678252,0.00057031243,-2.6556752,0.67614746,0.32385254,0.15136719,0.7113863229751587
9469952,5731.643981461093,7.0,286.82764,500.0,230.54906,-1.0,0.171875,1.0,0.66713446,0.13725813,0.0003358639,0.0010177883,-0.00017303019,-2.6620696,0.6767578,0.3232422,0.15136719,0.7117132544517517
9478144,5730.840004436598,7.0,287.28674,500.0,230.49644,-1.0,0.17138672,1.0,0.6665278,0.13668123,-0.00040736247,0.0012537314,-0.0010342285,-2.6750412,0.67749023,0.32250977,0.15112305,0.7122632265090942
9486336,5725.659242027592,7.0,287.6969,500.0,230.46025,-1.0,0.17102051,1.0,0.66598076,0.13675368,5.1234732e-05,0.0009721668,-0.0004348479,-2.666858,0.6781006,0.3218994,0.1508789,0.7126653790473938
9494528,5738.4107133403195,7.0,287.98218,500.0,230.42998,-1.0,0.17126465,1.0,0.66555125,0.13667327,-0.0005856396,0.0010773292,-0.0011243047,-2.6567438,0.67822266,0.32177734,0.1505127,0.7128501534461975
9502720,5735.427899063045,7.0,287.99023,500.0,230.49255,-1.0,0.17126465,1.0,0.66536784,0.13665105,-0.0060286075,0.0013045975,-0.0066809068,-2.65522,0.6783447,0.32165527,0.15039062,0.713314414024353
9510912,5735.336949939275,7.0,288.35388,500.0,230.47163,-1.0,0.17138672,1.0,0.66469383,0.13655606,-0.004550187,0.00067923305,-0.004889804,-2.6556623,0.67871094,0.32128906,0.14990234,0.7134092450141907
9519104,5730.419464228385,7.0,288.75073,500.0,230.4466,-1.0,0.17053223,1.0,0.6642708,0.1359134,-0.004013053,0.000926273,-0.0044761896,-2.6677713,0.6795654,0.32043457,0.14990234,0.7135438323020935
9527296,5734.258226161467,7.0,289.07275,500.0,230.48141,-1.0,0.17138672,1.0,0.6634071,0.13650969,-0.004080065,0.001908245,-0.0050341873,-2.6787329,0.6795654,0.32043457,0.14904785,0.7140750885009766
9535488,5733.471693270945,7.0,289.40686,500.0,230.47972,-1.0,0.17163086,1.0,0.66279167,0.1367927,-0.002223704,0.00095623534,-0.002701822,-2.6755083,0.6798096,0.32019043,0.14855957,0.7143806219100952
9543680,5736.142189296471,7.0,289.94214,500.0,230.424,-1.0,0.17175293,1.0,0.66193074,0.13675529,-0.001447964,0.0006612231,-0.0017785756,-2.6777828,0.68029785,0.31970215,0.14794922,0.7143480181694031
9551872,5725.745113749225,7.0,290.38477,500.0,230.45267,-1.0,0.17260742,1.0,0.660693,0.137277,-0.0030557052,0.00040849927,-0.0032599554,-2.6872396,0.680542,0.319458,0.14685059,0.7140980362892151
9560064,5734.447715240779,7.0,290.74512,500.0,230.40036,-1.0,0.17333984,1.0,0.6599465,0.13796534,-0.0013347425,0.0013874673,-0.0020284757,-2.6849675,0.680542,0.319458,0.14611816,0.7145887613296509
9568256,5734.582662068284,7.0,290.8706,500.0,230.44894,-1.0,0.17382812,1.0,0.6592629,0.13809273,-0.0015485999,0.0011467753,-0.0021219873,-2.6777987,0.68066406,0.31933594,0.14550781,0.71479332447052
9576448,5738.575557790952,7.0,291.22913,500.0,230.40643,-1.0,0.17370605,1.0,0.6586467,0.1378291,-0.003206912,0.0016235281,-0.0040186755,-2.6800046,0.68115234,0.31884766,0.1451416,0.7154361605644226
9584640,5728.533527264676,7.0,291.42163,500.0,230.41945,-1.0,0.17358398,1.0,0.65821534,0.13788,-0.0046598082,0.0009626611,-0.0051411386,-2.6873856,0.68151855,0.31848145,0.14489746,0.7157034277915955
9592832,5733.80178116335,7.0,291.7246,500.0,230.3576,-1.0,0.17260742,1.0,0.65810126,0.13728167,-0.001249164,0.0012003217,-0.0018493244,-2.6862137,0.682251,0.31774902,0.1451416,0.7164950966835022
9601024,5724.371475219747,7.0,291.526,500.0,230.39883,-1.0,0.1739502,1.0,0.6580259,0.13812353,-0.0008538831,0.0014091083,-0.0015584374,-2.6839232,0.6813965,0.31860352,0.14465332,0.7166617512702942
9609216,5742.2371612142015,7.0,292.03552,500.0,230.35185,-1.0,0.17468262,1.0,0.65690345,0.13843258,-0.0018010924,0.0009499817,-0.0022760835,-2.6903493,0.6816406,0.31835938,0.14367676,0.716796338558197
9617408,5731.433644639067,7.0,292.3109,500.0,230.3291,-1.0,0.17504883,1.0,0.6563411,0.13884738,0.0032359464,0.0002778694,0.003097012,-2.701386,0.6817627,0.3182373,0.14318848,0.7167637348175049
9625600,5734.333828888579,7.0,292.67078,500.0,230.30014,-1.0,0.1743164,1.0,0.65597796,0.13845111,-0.0055392496,0.0015134674,-0.006295983,-2.7048686,0.6824951,0.31750488,0.14318848,0.7173137068748474
9633792,5732.352547704764,7.0,293.0288,500.0,230.29195,-1.0,0.17419434,1.0,0.65535885,0.13841134,-0.00051420747,0.0014365765,-0.001232496,-2.7064252,0.6829834,0.3170166,0.14282227,0.7175993919372559
9641984,5732.319075721575,7.0,292.95068,500.0,230.3283,-1.0,0.17333984,1.0,0.6556784,0.13781844,-0.004205277,0.0015194818,-0.0049650175,-2.7086983,0.6833496,0.3166504,0.14331055,0.7183171510696411
9650176,5731.404007509597,7.0,292.93762,500.0,230.29295,-1.0,0.17272949,1.0,0.6559326,0.1373764,-0.0037894608,0.0016146614,-0.004596791,-2.704867,0.68359375,0.31640625,0.14367676,0.7188247442245483
9658368,5735.227814798135,7.0,292.7992,500.0,230.31596,-1.0,0.17321777,1.0,0.65598994,0.13736525,-0.0063648536,0.0017245888,-0.007227148,-2.7029097,0.68322754,0.31677246,0.14355469,0.7193560004234314
9666560,5728.67201635785,7.0,292.8329,500.0,230.37024,-1.0,0.1743164,1.0,0.6554194,0.13831845,-0.0021615182,0.0007572528,-0.0025401444,-2.7022657,0.6828613,0.31713867,0.14282227,0.7196416854858398
9674752,5728.819108658319,7.0,293.2024,500.0,230.31206,-1.0,0.17480469,1.0,0.6547304,0.13869323,0.00069706293,0.0009044888,0.0002448185,-2.7008898,0.6829834,0.3170166,0.14221191,0.7196090817451477
9682944,5724.819743114253,7.0,293.0974,500.0,230.36089,-1.0,0.17541504,1.0,0.65466034,0.13936132,0.0029179347,0.0010756475,0.0023801103,-2.6948977,0.6826172,0.3173828,0.14196777,0.7201924324035645
9691136,5728.965253294388,7.0,293.64075,500.0,230.29326,-1.0,0.17541504,1.0,0.65372735,0.13951936,-0.0030912878,0.0013839877,-0.0037832817,-2.6833398,0.68322754,0.31677246,0.14135742,0.7205193638801575
9699328,5728.120964965672,7.0,293.55115,500.0,230.28653,-1.0,0.17590332,1.0,0.65378284,0.13984081,-0.0005684842,0.001804401,-0.001470685,-2.6823592,0.6828613,0.31713867,0.14123535,0.7210801839828491
9707520,5728.905075188283,7.0,293.8645,500.0,230.24101,-1.0,0.17541504,1.0,0.65335375,0.13931066,-0.0006383928,0.0011924703,-0.0012346278,-2.6840088,0.6834717,0.31652832,0.14111328,0.7214301824569702
9715712,5727.419172598325,7.0,294.412,500.0,230.19026,-1.0,0.17443848,1.0,0.65268075,0.138681,-0.0043382403,0.0010150282,-0.0048457542,-2.687586,0.6845703,0.3154297,0.14099121,0.7219801545143127
9723904,5730.023830476721,7.0,294.0597,500.0,230.21178,-1.0,0.17504883,1.0,0.65317166,0.138985,-0.0010478983,0.0018393681,-0.0019675824,-2.6922958,0.6838379,0.3161621,0.14111328,0.7226229906082153
9732096,5726.235586058677,7.0,293.94934,500.0,230.15533,-1.0,0.17541504,1.0,0.65335375,0.13915375,0.0045664534,0.0026977693,0.003217569,-2.691177,0.6834717,0.31652832,0.14111328,0.7232820987701416
9740288,5735.902796073581,7.0,294.1725,500.0,230.13321,-1.0,0.17602539,1.0,0.65290916,0.13945656,0.0028955704,0.0012561178,0.0022675109,-2.699243,0.6833496,0.3166504,0.140625,0.7236570715904236
9748480,5726.511394361143,7.0,294.26074,500.0,230.13736,-1.0,0.17590332,1.0,0.6526616,0.13928673,-0.0022025262,0.0021633762,-0.003284214,-2.7011497,0.68359375,0.31640625,0.14050293,0.7243748307228088
9756672,5738.053263434094,7.0,294.52966,500.0,230.06427,-1.0,0.17687988,1.0,0.6520233,0.13999653,-0.0010538449,0.0012542568,-0.0016809735,-2.6980133,0.6833496,0.3166504,0.13977051,0.7247017621994019
9764864,5732.116339492013,7.0,294.47473,500.0,230.12776,-1.0,0.17700195,1.0,0.65189654,0.14009479,-0.0061148256,0.00137935,-0.0068045007,-2.6948085,0.6833496,0.3166504,0.13964844,0.7253608703613281
9773056,5741.700767548917,7.0,294.72034,500.0,230.08836,-1.0,0.1772461,1.0,0.6514555,0.14036447,-0.004381437,0.0008402511,-0.004801562,-2.6955771,0.6834717,0.31652832,0.13928223,0.7254812121391296
9781248,5731.740550354708,7.0,295.2412,500.0,229.99644,-1.0,0.17626953,1.0,0.6509708,0.13945676,-0.0008439823,0.00078383775,-0.0012359014,-2.6955245,0.68444824,0.31555176,0.13928223,0.7254812121391296
9789440,5734.117552975072,7.0,295.10632,500.0,230.05415,-1.0,0.17456055,1.0,0.6516185,0.13858035,-0.004588621,0.0026565033,-0.0059168725,-2.6874049,0.68518066,0.31481934,0.14025879,0.7268978953361511
9797632,5732.795371016127,7.0,295.52588,500.0,230.00206,-1.0,0.17553711,1.0,0.65060604,0.13877562,0.00064667244,0.0009397793,0.00017678295,-2.6802552,0.68518066,0.31481934,0.13928223,0.7270645499229431
9805824,5736.0014236610195,7.0,295.65686,500.0,229.9629,-1.0,0.1751709,1.0,0.650611,0.13853164,-0.0025857142,0.0019178195,-0.0035446242,-2.681391,0.6854248,0.3145752,0.1394043,0.7277867794036865
9814016,5729.281447925171,7.0,295.94153,500.0,229.89417,-1.0,0.17419434,1.0,0.6504979,0.13769591,-0.0013425854,0.0014759428,-0.0020805572,-2.6841865,0.6861572,0.31384277,0.13964844,0.7287367582321167
9822208,5740.820109464038,7.0,296.25647,500.0,229.86517,-1.0,0.17468262,1.0,0.64980364,0.13801832,-0.0048188795,0.001273301,-0.00545553,-2.6830804,0.6862793,0.3137207,0.13903809,0.7291534543037415
9830400,5725.7412971735685,7.0,296.5183,500.0,229.79524,-1.0,0.17602539,1.0,0.64915913,0.13876611,-7.798651e-05,0.0023591714,-0.0012575721,-2.6730895,0.685791,0.31420898,0.1381836,0.7298125624656677
9838592,5729.730485166455,7.0,296.94495,500.0,229.7072,-1.0,0.17626953,1.0,0.64852846,0.13914108,-0.0065588914,0.0018288939,-0.0074733384,-2.6699045,0.68603516,0.31396484,0.13769531,0.730252206325531
9846784,5728.419875701012,7.0,296.96606,500.0,229.6915,-1.0,0.17675781,1.0,0.6483956,0.13949089,0.0004220074,0.0011842317,-0.00017010898,-2.6747136,0.685791,0.31420898,0.13745117,0.730502188205719
9854976,5732.059920167612,7.0,296.9276,500.0,229.73514,-1.0,0.17578125,1.0,0.648661,0.139139,-0.0067362553,0.002411844,-0.007942177,-2.673524,0.6862793,0.3137207,0.13793945,0.7319188714027405
9863168,5737.216832214017,7.0,297.17273,500.0,229.7776,-1.0,0.17590332,1.0,0.6479689,0.13929322,-0.003767623,0.0011495793,-0.0043424126,-2.6694117,0.6866455,0.3133545,0.13745117,0.7326688766479492
9871360,5739.834246490673,7.0,297.1488,500.0,229.80722,-1.0,0.17468262,1.0,0.64829904,0.13847399,-0.0023122542,0.00204634,-0.0033354235,-2.6668427,0.68725586,0.31274414,0.13806152,0.7337521910667419
9879552,5733.714710811489,7.0,297.47424,500.0,229.7956,-1.0,0.17382812,1.0,0.6478695,0.137769,-0.0007125217,0.0013545811,-0.0013898126,-2.668502,0.68811035,0.31188965,0.13806152,0.7341918349266052
9887744,5729.535575250752,7.0,297.67322,500.0,229.77364,-1.0,0.17346191,1.0,0.64768505,0.13720489,-0.0018056817,0.001928916,-0.0027701398,-2.6738462,0.68847656,0.31152344,0.13806152,0.7350355982780457
9895936,5725.595316973937,7.0,297.8501,500.0,229.77495,-1.0,0.17333984,1.0,0.64743495,0.13715658,-0.002870772,0.0017574625,-0.0037495033,-2.6807845,0.6887207,0.3112793,0.13793945,0.7353411316871643
9904128,5734.921492733319,7.0,298.23755,500.0,229.76003,-1.0,0.1730957,1.0,0.6467457,0.13717633,-0.0043685464,0.00057097676,-0.004654035,-2.6843731,0.68933105,0.31066895,0.13757324,0.735525906085968
9912320,5730.274201045099,7.0,298.11768,500.0,229.76546,-1.0,0.17382812,1.0,0.64673805,0.13728935,0.00075678143,0.0023307852,-0.00040861114,-2.6922796,0.6888428,0.31115723,0.1373291,0.7359655499458313
9920512,5731.120080222949,7.0,298.5819,500.0,229.74843,-1.0,0.17407227,1.0,0.6457278,0.13729595,5.231524e-05,0.00037915842,-0.00013726414,-2.7045417,0.68933105,0.31066895,0.13659668,0.7359655499458313
9928704,5735.553317849224,7.0,298.40894,500.0,229.77673,-1.0,0.17468262,1.0,0.6458466,0.13774839,-0.0027253255,0.0019224263,-0.0036865387,-2.7150497,0.6888428,0.31115723,0.13647461,0.7361701130867004
9936896,5730.691852548643,7.0,298.52344,500.0,229.76453,-1.0,0.17590332,1.0,0.645326,0.13847558,-0.002299296,0.0005761829,-0.0025873873,-2.7204359,0.6883545,0.3116455,0.13574219,0.7361053228378296
9945088,5728.229829800593,7.0,298.30005,500.0,229.83107,-1.0,0.17626953,1.0,0.6455098,0.13881153,-0.0027320655,0.0015446474,-0.0035043892,-2.721014,0.6879883,0.31201172,0.13574219,0.7366129159927368
9953280,5737.868326942753,7.0,298.37012,500.0,229.80486,-1.0,0.17700195,1.0,0.6453093,0.13933496,-0.0006512462,0.0011956043,-0.001249048,-2.724067,0.6876221,0.31237793,0.13537598,0.7369184494018555
9961472,5734.7300580587425,7.0,298.39587,500.0,229.82495,-1.0,0.1776123,1.0,0.64504707,0.13979924,-0.001930255,0.0006988388,-0.0022796744,-2.7264369,0.6873779,0.31262207,0.13500977,0.7369910478591919
9969664,5734.7147438368875,7.0,298.6051,500.0,229.78064,-1.0,0.17773438,1.0,0.6447295,0.1395937,-0.0018051736,0.001037854,-0.0023241004,-2.7342227,0.6875,0.3125,0.13476562,0.7373179793357849
9977856,5725.362527350228,7.0,298.255,500.0,229.82082,-1.0,0.1772461,1.0,0.6454315,0.13937248,-0.0022967593,0.0028653704,-0.0037294445,-2.7398179,0.6873779,0.31262207,0.13537598,0.7386394143104553
9986048,5728.373079309063,7.0,298.45618,500.0,229.76207,-1.0,0.17810059,1.0,0.64510167,0.14040017,-0.0029495885,0.0020827218,-0.0039909496,-2.7359817,0.6870117,0.31298828,0.1348877,0.7391958832740784
9994240,5728.041706329268,7.0,298.61426,500.0,229.77199,-1.0,0.17785645,1.0,0.6447905,0.140222,-0.0020184957,0.0013243454,-0.0026806686,-2.7372198,0.6873779,0.31262207,0.13476562,0.7395519614219666
