timestep,fps,ep_len_min,ep_len_mean,ep_len_max,ep_len_std,return_min,return_mean,return_max,return_std,disc_return_mean,total_loss,value_loss,actor_loss,entropy,prob_fail,prob_success
8192,280.125632639535,10.0,161.67647,500.0,142.8104,0.0,0.23529412,1.0,0.42418247,0.08468056,0.0014074282,0.01488119,-0.006033167,2.1722574,0.7647059,0.23529412
16384,6691.864253058786,4.0,178.71951,500.0,144.58716,0.0,0.29268292,1.0,0.45499414,0.0894809,-0.0016349521,0.009342816,-0.00630636,2.1746576,0.70731705,0.29268292
24576,6705.998355885905,4.0,164.53435,500.0,143.9269,0.0,0.29007635,1.0,0.45379734,0.10142913,6.0991908e-05,0.0070289643,-0.0034534908,2.1791663,0.7099237,0.29007635
32768,6709.078093795032,4.0,164.24158,500.0,150.29276,0.0,0.2752809,1.0,0.44665572,0.10113371,-0.0016888643,0.0045708446,-0.003974287,2.1700659,0.7247191,0.2752809
40960,6701.116120344069,4.0,155.632,500.0,155.10205,0.0,0.272,1.0,0.4449899,0.11575175,-0.0008543125,0.0077286144,-0.00471862,2.162693,0.728,0.272
49152,6701.463775445423,4.0,149.97394,500.0,157.53166,0.0,0.26384366,1.0,0.4407155,0.11604211,0.00077944313,0.0056654764,-0.002053295,2.151463,0.73615634,0.26384366
57344,6709.733164612332,4.0,141.92651,500.0,157.0991,0.0,0.24934383,1.0,0.4326332,0.116532095,-0.0022981449,0.004807029,-0.004701659,2.1391234,0.7506562,0.24934383
65536,6701.3200039240855,4.0,138.35982,500.0,155.10527,0.0,0.25165564,1.0,0.43396434,0.117187425,0.0008701305,0.0071414714,-0.0027006054,2.1257627,0.74834436,0.25165564
73728,6734.182462456059,3.0,136.25665,500.0,156.72021,0.0,0.24144487,1.0,0.4279594,0.11568391,-0.00093338673,0.0044282307,-0.0031475024,2.1200945,0.7585551,0.24144487
81920,6699.650092315876,3.0,132.86812,500.0,156.19092,0.0,0.25375625,1.0,0.4351597,0.13068868,-3.8683036e-05,0.006867212,-0.0034722888,2.1162584,0.7462437,0.25375625
90112,6734.03068475775,3.0,131.4441,500.0,156.47995,0.0,0.25633383,1.0,0.43660828,0.13281272,-0.0014268758,0.0060497257,-0.0044517387,2.113041,0.7436662,0.25633383
98304,6732.128104987514,3.0,127.747314,500.0,154.38387,0.0,0.27284947,1.0,0.44542414,0.1456672,-0.0014601215,0.0055163465,-0.0042182948,2.1155927,0.72715056,0.27284947
106496,6699.144579013268,3.0,126.23804,500.0,155.3224,0.0,0.28343558,1.0,0.45066598,0.1563887,-0.0014543931,0.005413353,-0.004161069,2.1133912,0.7165644,0.28343558
114688,6703.864363948465,3.0,126.73439,500.0,157.07582,0.0,0.2905789,1.0,0.45402953,0.16432774,-0.0008553144,0.005829905,-0.0037702676,2.1007242,0.7094211,0.2905789
122880,6707.459307510069,3.0,125.45052,500.0,157.12674,0.0,0.2968421,1.0,0.45686635,0.17085135,8.0951286e-05,0.0057221036,-0.0027801008,2.0908403,0.7031579,0.2968421
131072,6696.569866063685,3.0,126.86535,500.0,159.87743,0.0,0.3,1.0,0.45825756,0.17517228,-0.0011522294,0.0051688226,-0.0037366403,2.0868144,0.7,0.3
139264,6729.658466840511,3.0,125.83134,500.0,159.6542,0.0,0.3078341,1.0,0.46159753,0.1828382,0.00064350653,0.006204864,-0.0024589256,2.093236,0.6921659,0.3078341
147456,6707.03378547596,3.0,123.14176,500.0,158.40814,0.0,0.3116994,1.0,0.46318775,0.18623818,-0.00041103762,0.006554758,-0.0036884167,2.093401,0.6883006,0.3116994
155648,6705.884491235932,3.0,123.01047,500.0,159.36417,0.0,0.3148148,1.0,0.46444207,0.19117299,-0.0021498543,0.0046326406,-0.004466174,2.0900946,0.6851852,0.3148148
163840,6728.484277531333,3.0,122.17763,500.0,159.67822,0.0,0.32048374,1.0,0.46666253,0.19722104,-0.00036351703,0.0071222107,-0.003924622,2.0885415,0.67951626,0.32048374
172032,6708.893386945011,3.0,122.58303,500.0,160.4902,0.0,0.32052213,1.0,0.46667728,0.1982974,-0.0020558853,0.0040933457,-0.0041025584,2.0828493,0.6794779,0.32052213
180224,6700.241914115349,3.0,119.98038,500.0,159.10152,0.0,0.32341,1.0,0.46777767,0.20333154,0.00015768675,0.007909056,-0.0037968413,2.0687907,0.67658997,0.32341
188416,6790.2755967770845,3.0,120.76391,500.0,160.7141,0.0,0.32535577,1.0,0.46850765,0.20651644,-0.0007104951,0.005750528,-0.0035857593,2.0643566,0.67464423,0.32535577
196608,6712.94879618289,3.0,118.57518,500.0,159.73877,0.0,0.33251834,1.0,0.4711156,0.21483599,-0.0017579857,0.0070942864,-0.0053051286,2.064083,0.66748166,0.33251834
204800,6694.370133685797,3.0,117.419075,500.0,159.47997,0.0,0.33930635,1.0,0.4734739,0.22084762,-0.0014449131,0.0071980497,-0.005043938,2.0614765,0.66069365,0.33930635
212992,6712.388821404166,3.0,114.89727,500.0,157.57208,0.0,0.34371585,1.0,0.4749477,0.22519156,-8.145248e-05,0.0072326595,-0.003697782,2.0552886,0.65628415,0.34371585
221184,6770.693309298109,3.0,114.67386,500.0,157.55884,0.0,0.34613362,1.0,0.4757364,0.22847177,-0.0024590362,0.0052532204,-0.005085647,2.0513864,0.6538664,0.34613362
229376,6726.69413120834,3.0,114.31407,500.0,157.6961,0.0,0.35427135,1.0,0.47829193,0.23493558,-0.0021360896,0.0068261223,-0.0055491505,2.0490162,0.64572865,0.35427135
237568,6700.865203737301,3.0,113.04179,500.0,156.10307,0.0,0.36647454,1.0,0.48184124,0.24230015,-0.0017824518,0.00766805,-0.0056164777,2.0415297,0.63352543,0.36647454
245760,6734.400242408895,3.0,110.04157,500.0,154.1953,0.0,0.38047898,1.0,0.48550463,0.2539432,-0.0015420095,0.010257821,-0.0066709192,2.0361772,0.619521,0.38047898
253952,6720.683896993586,3.0,107.1276,500.0,151.8609,0.0,0.3917482,1.0,0.4881409,0.2623554,0.00039755367,0.012734024,-0.0059694573,2.035716,0.6082518,0.3917482
262144,6716.695291943892,3.0,103.39429,500.0,148.8075,0.0,0.40460134,1.0,0.49081475,0.27245367,0.0005071152,0.012879692,-0.0059327306,2.0283332,0.59539866,0.40460134
270336,6715.765823606214,3.0,99.85353,500.0,145.97499,0.0,0.4118959,1.0,0.49217647,0.2787579,0.0005698052,0.013035104,-0.0059477463,2.0115836,0.58810407,0.4118959
278528,6697.299515221756,3.0,95.87206,500.0,142.66519,0.0,0.42876902,1.0,0.49490017,0.29375306,0.0012604903,0.013439903,-0.005459462,2.0045638,0.571231,0.42876902
286720,6725.223473087647,3.0,91.82787,500.0,139.00627,0.0,0.4479769,1.0,0.49728623,0.30962053,0.0006017792,0.015684346,-0.007240395,2.004949,0.5520231,0.4479769
294912,6699.966240180799,3.0,88.67853,500.0,135.99626,0.0,0.45958987,1.0,0.4983644,0.31918257,0.001906178,0.0149285905,-0.0055581173,1.997693,0.54041016,0.45958987
303104,6714.256642103556,3.0,85.49363,500.0,133.02042,0.0,0.47267064,1.0,0.49925253,0.3311163,0.0022617118,0.016877903,-0.00617724,1.9913863,0.5273294,0.47267064
311296,6714.020483780515,3.0,81.9847,500.0,129.755,0.0,0.48984438,1.0,0.49989685,0.34685016,0.0012725437,0.017953593,-0.0077042524,1.9892794,0.5101556,0.48984438
319488,6703.368676769139,3.0,78.79286,500.0,126.73305,0.0,0.5007433,1.0,0.49999943,0.35763818,0.0015576073,0.018383065,-0.0076339254,1.9817144,0.4992567,0.5007433
327680,6703.469377729524,3.0,75.77821,500.0,123.7658,0.0,0.5154114,1.0,0.4997624,0.37116262,0.00491118,0.018514665,-0.0043461514,1.9786572,0.48458865,0.5154114
335872,6716.946082413021,3.0,73.00196,500.0,120.93505,0.0,0.52639616,1.0,0.49930272,0.38190666,0.0045546307,0.018206377,-0.004548557,1.9757209,0.47360384,0.52639616
344064,6717.223155437649,3.0,70.915344,500.0,118.764175,0.0,0.53768325,1.0,0.49857795,0.3929995,0.0013140101,0.016857214,-0.0071145967,1.9735442,0.46231675,0.53768325
352256,6702.737076113514,3.0,68.42177,500.0,116.14009,0.0,0.545967,1.0,0.49788254,0.40198767,0.0041012736,0.019252362,-0.0055249073,1.969206,0.45403305,0.545967
360448,6718.346126118551,3.0,65.76133,500.0,113.19462,0.0,0.55847955,1.0,0.49656838,0.41455302,0.0025747619,0.017578257,-0.006214368,1.9658242,0.44152048,0.55847955
368640,6749.451871582646,3.0,64.232895,500.0,111.497665,0.0,0.56675416,1.0,0.49552384,0.42293423,0.00480694,0.014074336,-0.0022302265,1.9663765,0.43324584,0.56675416
376832,6713.200618572613,3.0,62.693386,500.0,109.72612,0.0,0.5767372,1.0,0.4940763,0.4321808,0.0028472622,0.016272552,-0.005289013,1.9636219,0.42326277,0.5767372
385024,6699.156334270169,3.0,60.84051,500.0,107.56032,0.0,0.5850491,1.0,0.49271357,0.44093072,0.0046163774,0.018023862,-0.004395553,1.9523314,0.4149509,0.5850491
393216,6706.969634529835,3.0,59.050694,500.0,105.36073,0.0,0.5940132,1.0,0.49108195,0.45001635,0.0028318418,0.018794592,-0.0065654553,1.9479022,0.40598676,0.5940132
401408,6722.6234177209,3.0,57.36656,500.0,103.29352,0.0,0.6026888,1.0,0.48934144,0.4590684,0.0032148815,0.016585153,-0.005077695,1.9463618,0.3973112,0.6026888
409600,6701.802316391454,3.0,56.02164,500.0,101.493744,0.0,0.6101904,1.0,0.48770696,0.4667925,0.0017079609,0.016011337,-0.006297708,1.9405136,0.3898096,0.6101904
417792,6697.977095706946,3.0,54.45252,500.0,99.52694,0.0,0.61727107,1.0,0.48605302,0.47445646,0.0058035157,0.020787893,-0.004590431,1.9376996,0.38272893,0.61727107
425984,6695.297602593649,3.0,53.315315,500.0,97.95048,0.0,0.62285215,1.0,0.4846724,0.47993022,0.0024384677,0.0157963,-0.005459682,1.9332399,0.37714788,0.62285215
434176,6699.72716693757,3.0,50.474854,500.0,94.4501,0.0,0.63513184,1.0,0.48139316,0.49294445,0.0038760074,0.016233707,-0.0042408463,1.9168497,0.36486816,0.63513184
442368,6720.2698392736265,3.0,45.651,500.0,86.92178,0.0,0.6608887,1.0,0.47340766,0.5175289,0.0008745012,0.017246544,-0.0077487715,1.9127922,0.33911133,0.6608887
450560,6717.156183085735,3.0,42.207397,500.0,80.71779,0.0,0.6783447,1.0,0.46711153,0.5345322,0.006613831,0.018464431,-0.0026183857,1.907052,0.32165527,0.6783447
458752,6723.616622566242,3.0,38.382324,500.0,72.342354,0.0,0.6948242,1.0,0.46048185,0.55047864,0.0022275974,0.015523997,-0.005534402,1.9005466,0.30517578,0.6948242
466944,6723.287714291752,3.0,35.228027,500.0,64.27011,0.0,0.7102051,1.0,0.45366704,0.5646557,0.0034821185,0.014280468,-0.0036581147,1.897761,0.28979492,0.7102051
475136,6711.136756859484,3.0,32.571533,500.0,56.628605,0.0,0.7248535,1.0,0.44658804,0.57779026,0.00078001514,0.016054265,-0.0072471173,1.8914566,0.27514648,0.7248535
483328,6728.94547025523,3.0,29.659668,500.0,47.975708,0.0,0.7364502,1.0,0.44055793,0.5905942,0.00468486,0.018605711,-0.004617995,1.8825951,0.2635498,0.7364502
491520,6700.098195015682,3.0,28.270142,500.0,44.64091,0.0,0.7453613,1.0,0.4356579,0.60118055,0.0047412114,0.014375479,-0.0024465285,1.8747499,0.25463867,0.7453613
499712,6716.6847880396745,3.0,27.177246,500.0,42.29922,0.0,0.7557373,1.0,0.42964917,0.6126349,0.002457365,0.015942428,-0.0055138497,1.8718349,0.2442627,0.7557373
507904,6692.512055865372,3.0,26.550781,500.0,41.98842,0.0,0.7624512,1.0,0.4255812,0.6212701,0.00017542613,0.013646133,-0.00664764,1.8726639,0.23754883,0.7624512
516096,6703.0208240018355,3.0,25.955444,500.0,41.426643,0.0,0.7684326,1.0,0.421834,0.6286331,0.0064688763,0.016692994,-0.0018776195,1.8719149,0.23156738,0.7684326
524288,6717.498938017111,3.0,25.504517,500.0,41.065155,0.0,0.7750244,1.0,0.41756627,0.63611543,0.0004144056,0.013172883,-0.006172036,1.8634976,0.22497559,0.7750244
532480,6712.054454788909,3.0,25.100342,500.0,40.222466,0.0,0.7788086,1.0,0.4150491,0.64090735,0.001866223,0.014033748,-0.0051506516,1.8524716,0.2211914,0.7788086
540672,6705.730060303239,3.0,25.15857,500.0,41.548737,0.0,0.7844238,1.0,0.4112214,0.6467799,0.0023106292,0.012394922,-0.0038868315,1.839304,0.21557617,0.7844238
548864,6701.772251525903,3.0,24.665283,500.0,40.658573,0.0,0.79052734,1.0,0.40693226,0.6535094,0.0025012346,0.0154843405,-0.005240936,1.8348287,0.20947266,0.79052734
557056,6710.131510205102,3.0,24.65564,500.0,41.857864,0.0,0.7956543,1.0,0.40322265,0.6588486,0.0019558398,0.014650637,-0.005369479,1.8358024,0.2043457,0.7956543
565248,6698.645671698358,3.0,24.591919,500.0,42.327328,0.0,0.7988281,1.0,0.40087622,0.6623431,0.004622359,0.013860704,-0.002307993,1.8387777,0.20117188,0.7988281
573440,6708.323610745582,3.0,24.087524,500.0,41.774033,0.0,0.80285645,1.0,0.39784163,0.6680887,0.0027420903,0.0141985845,-0.0043572024,1.8443998,0.19714355,0.80285645
581632,6729.1365543346665,3.0,23.700562,500.0,41.47761,0.0,0.80493164,1.0,0.3962533,0.67165816,0.0006039016,0.01953089,-0.009161544,1.8382947,0.19506836,0.80493164
589824,6702.284698290534,3.0,23.363892,500.0,41.047134,0.0,0.8083496,1.0,0.3935994,0.67599225,0.0009965446,0.018035073,-0.008020992,1.828657,0.19165039,0.8083496
598016,6709.371549704793,3.0,23.026978,500.0,40.710434,0.0,0.8132324,1.0,0.3897248,0.6812578,-0.00083523797,0.016002811,-0.008836645,1.8194346,0.18676758,0.8132324
606208,6712.054454788909,3.0,22.865234,500.0,40.60794,0.0,0.81848145,1.0,0.3854472,0.6868429,0.0041182963,0.014376046,-0.0030697258,1.8129557,0.18151855,0.81848145
614400,6705.792878807484,3.0,22.53479,500.0,40.14648,0.0,0.82092285,1.0,0.38341692,0.6904521,0.0023144248,0.015663702,-0.0055174264,1.8019927,0.17907715,0.82092285
622592,6714.839237003971,3.0,22.5271,500.0,41.342358,0.0,0.8223877,1.0,0.38218603,0.6930175,0.0051335758,0.016123729,-0.002928287,1.7964149,0.1776123,0.8223877
630784,6709.464570105749,3.0,22.445923,500.0,41.41362,0.0,0.82507324,1.0,0.37990442,0.69595355,0.0036001692,0.015400413,-0.004100037,1.7942513,0.17492676,0.82507324
638976,6713.9876853273045,3.0,22.219849,500.0,40.83918,0.0,0.82836914,1.0,0.37705925,0.69974643,0.001429742,0.014725569,-0.0059330426,1.7926071,0.17163086,0.82836914
647168,6699.059681160545,3.0,21.881836,500.0,39.990467,0.0,0.83032227,1.0,0.3753494,0.70293885,0.0031531765,0.01803028,-0.005861962,1.7920145,0.16967773,0.83032227
655360,6698.402775140548,3.0,21.568237,500.0,39.54008,0.0,0.83410645,1.0,0.37198505,0.70782745,0.006370639,0.017358394,-0.0023085582,1.7848823,0.16589355,0.83410645
663552,6691.948968631543,3.0,21.327515,500.0,39.123055,0.0,0.8380127,1.0,0.36843914,0.7128099,0.0040043164,0.013168855,-0.0025801118,1.779073,0.1619873,0.8380127
671744,6697.934008473068,3.0,21.122925,500.0,38.66336,0.0,0.8411865,1.0,0.3655021,0.716432,0.0017075308,0.014951521,-0.00576823,1.7777581,0.15881348,0.8411865
679936,6719.503638455097,3.0,20.653442,500.0,36.96142,0.0,0.84436035,1.0,0.3625134,0.7201994,0.0045867166,0.015728358,-0.0032774624,1.7689921,0.15563965,0.84436035
688128,6697.889616145234,3.0,20.51709,500.0,36.883358,0.0,0.8449707,1.0,0.36193258,0.72185355,0.0020105294,0.0150328055,-0.005505874,1.7620039,0.1550293,0.8449707
696320,6703.231362153416,3.0,20.296997,500.0,36.15556,0.0,0.8477783,1.0,0.3592356,0.72507685,0.005244938,0.014902185,-0.0022061544,1.7621231,0.15222168,0.8477783
704512,6699.315687378225,3.0,19.9646,500.0,35.180355,0.0,0.8483887,1.0,0.3586437,0.72693956,0.002637462,0.013990433,-0.004357755,1.7589246,0.15161133,0.8483887
712704,6706.532393422707,3.0,19.80127,500.0,34.865044,0.0,0.8482666,1.0,0.3587623,0.7279419,0.0010649575,0.017269015,-0.007569551,1.7471595,0.1517334,0.8482666
720896,6692.12231641125,3.0,19.383057,500.0,32.893684,0.0,0.8498535,1.0,0.3572149,0.7301945,0.0014398502,0.014700106,-0.0059102033,1.7351843,0.15014648,0.8498535
729088,6701.6258525572575,3.0,19.272339,500.0,31.906275,0.0,0.8491211,1.0,0.3579308,0.7294153,0.0002847084,0.014434049,-0.0069323163,1.7252687,0.1508789,0.8491211
737280,6705.8255972445795,3.0,19.305176,500.0,32.330772,0.0,0.8515625,1.0,0.35553312,0.7316681,0.001195643,0.015710585,-0.00665965,1.7242564,0.1484375,0.8515625
745472,6701.3552927262435,3.0,19.346802,500.0,33.149166,0.0,0.85375977,1.0,0.35334685,0.7341702,0.0007693117,0.012770262,-0.0056158183,1.7272253,0.14624023,0.85375977
753664,6711.211474305786,3.0,19.296753,500.0,33.53792,0.0,0.85424805,1.0,0.35285732,0.7353274,0.0013174685,0.018766178,-0.0080656195,1.7282401,0.14575195,0.85424805
761856,6711.200987546291,3.0,19.109985,500.0,33.1872,0.0,0.8547363,1.0,0.35236645,0.7362753,0.0032706687,0.018547958,-0.0060033104,1.7295682,0.14526367,0.8547363
770048,6705.841302207792,3.0,18.984863,500.0,32.90836,0.0,0.8555908,1.0,0.35150412,0.7375925,0.004899416,0.015364211,-0.002782689,1.7294505,0.14440918,0.8555908
778240,6711.494629200772,3.0,18.812866,500.0,31.929224,0.0,0.8555908,1.0,0.35150412,0.73754895,0.0006106392,0.017342508,-0.008060614,1.7304995,0.14440918,0.8555908
786432,6712.569786641806,3.0,18.477783,500.0,31.047363,0.0,0.8581543,1.0,0.3488918,0.740968,0.009250782,0.016251586,0.0011249871,1.7307075,0.1418457,0.8581543
794624,6725.103689518623,3.0,18.321411,500.0,30.209341,0.0,0.85876465,1.0,0.3482642,0.7419405,0.0040329257,0.015064893,-0.0034995198,1.7284405,0.14123535,0.85876465
802816,6724.261376143485,3.0,18.328613,500.0,31.597845,0.0,0.8590088,1.0,0.34801248,0.7431758,0.002416039,0.01419113,-0.004679526,1.7291267,0.14099121,0.8590088
811008,6711.051554784356,3.0,18.232544,500.0,31.900297,0.0,0.8601074,1.0,0.34687552,0.74440145,0.0024918143,0.015758887,-0.005387629,1.7254698,0.13989258,0.8601074
819200,6704.836332840288,3.0,18.18872,500.0,31.839085,0.0,0.85876465,1.0,0.34826416,0.74359155,0.0047122794,0.015102063,-0.0028387527,1.7205521,0.14123535,0.85876465
827392,6719.829548152561,3.0,18.169556,500.0,31.631079,0.0,0.85913086,1.0,0.3478865,0.74412596,0.00541223,0.016912086,-0.0030438113,1.7150764,0.14086914,0.85913086
835584,6716.222648776411,3.0,18.072998,500.0,31.677767,0.0,0.85876465,1.0,0.34826416,0.7443975,0.0048689973,0.01638286,-0.0033224332,1.7090834,0.14123535,0.85876465
843776,6706.2876156604325,3.0,17.911255,500.0,31.246677,0.0,0.8585205,1.0,0.34851548,0.7446602,0.006968131,0.018113889,-0.002088812,1.702107,0.14147949,0.8585205
851968,6718.465669082934,3.0,17.90686,500.0,31.284203,0.0,0.8598633,1.0,0.3471288,0.7456692,0.0006487046,0.012952445,-0.005827518,1.6944659,0.14013672,0.8598633
860160,6697.356954106187,3.0,17.781128,500.0,30.923857,0.0,0.8597412,1.0,0.34725532,0.74598414,0.0077830353,0.019970762,-0.0022023458,1.6889647,0.14025879,0.8597412
868352,6709.864194126676,3.0,17.685913,500.0,30.818422,0.0,0.86035156,1.0,0.3466219,0.74690026,0.003873346,0.014243699,-0.003248504,1.6781229,0.13964844,0.86035156
876544,6705.836067211881,3.0,17.636963,500.0,30.387005,0.0,0.8613281,1.0,0.3456038,0.7476129,0.0038552051,0.014915166,-0.0036023776,1.6690631,0.13867188,0.8613281
884736,6705.955165391075,3.0,17.573975,500.0,30.480236,0.0,0.86450195,1.0,0.34225473,0.7507664,0.0052709705,0.012112667,-0.0007853632,1.6670249,0.13549805,0.86450195
892928,6718.875562974099,3.0,17.477295,500.0,29.790028,0.0,0.8642578,1.0,0.3425146,0.7505977,0.00083933864,0.014306536,-0.006313931,1.66056,0.13574219,0.8642578
901120,6708.3406371371175,3.0,17.50354,500.0,30.187796,0.0,0.86816406,1.0,0.33831233,0.75399315,0.0023709661,0.012921038,-0.004089553,1.6534947,0.13183594,0.86816406
909312,6712.399311876154,3.0,17.606934,500.0,31.256426,0.0,0.8696289,1.0,0.33671126,0.75535303,0.00076705066,0.014312112,-0.0063890037,1.6393323,0.1303711,0.8696289
917504,6694.137980560356,3.0,17.598999,500.0,31.093267,0.0,0.8704834,1.0,0.33577085,0.7560184,0.0016471241,0.01598157,-0.006343661,1.6311183,0.1295166,0.8704834
925696,6713.621676331411,3.0,17.634277,500.0,31.24873,0.0,0.87231445,1.0,0.3337393,0.7578181,0.0031899146,0.01375943,-0.0036898009,1.6290818,0.12768555,0.87231445
933888,6709.101674124969,3.0,17.554565,500.0,30.772242,0.0,0.87390137,1.0,0.33196047,0.7591752,0.0005493928,0.016149314,-0.0075252643,1.6193674,0.12609863,0.87390137
942080,6701.902970295871,3.0,17.494019,500.0,29.823078,0.0,0.87475586,1.0,0.33099553,0.7593921,0.0014003809,0.012517654,-0.0048584454,1.6106428,0.12524414,0.87475586
950272,6709.7672317937595,3.0,17.435669,500.0,28.743647,0.0,0.87475586,1.0,0.33099553,0.7592125,0.0016602358,0.014700072,-0.0056898003,1.6076897,0.12524414,0.87475586
958464,6720.978369082325,3.0,17.254028,500.0,27.628773,0.0,0.87719727,1.0,0.32821062,0.7616993,0.001596141,0.013437189,-0.0051224534,1.6044691,0.122802734,0.87719727
966656,6713.326536852555,3.0,17.285522,500.0,28.625006,0.0,0.87805176,1.0,0.32722598,0.76321936,0.00030669302,0.014891595,-0.007139105,1.612819,0.12194824,0.87805176
974848,6714.87860517073,3.0,17.235962,500.0,28.551054,0.0,0.8787842,1.0,0.3263779,0.76393425,0.0013826778,0.016860235,-0.007047439,1.6202409,0.12121582,0.8787842
983040,6699.450229101105,3.0,17.240723,500.0,28.571575,0.0,0.8811035,1.0,0.32366663,0.7656634,0.0022325972,0.012455193,-0.0039949995,1.6210923,0.118896484,0.8811035
991232,6697.602385892824,3.0,17.208374,500.0,29.209667,0.0,0.8800049,1.0,0.3249558,0.7652935,-0.0017862254,0.014144495,-0.008858474,1.6190706,0.11999512,0.8800049
999424,6695.811669314026,3.0,17.15393,500.0,28.917946,0.0,0.88256836,1.0,0.3219339,0.76768166,0.002219565,0.013763644,-0.0046622576,1.6157317,0.11743164,0.88256836
1007616,6719.042425131287,3.0,17.049072,500.0,28.743383,0.0,0.8814697,1.0,0.32323498,0.76725113,0.002824162,0.017247912,-0.0057997936,1.611124,0.11853027,0.8814697
1015808,6707.875716719332,3.0,16.87793,500.0,28.219316,0.0,0.88098145,1.0,0.3238103,0.76778567,0.0018505021,0.014059842,-0.00517942,1.609194,0.119018555,0.88098145
1024000,6719.465530111394,3.0,16.940308,500.0,28.773935,0.0,0.8807373,1.0,0.32409734,0.7676643,0.00063179433,0.010432857,-0.0045846337,1.6060247,0.119262695,0.8807373
1032192,6702.88352363672,3.0,17.164673,500.0,30.63017,0.0,0.8814697,1.0,0.32323498,0.7683753,0.0034894438,0.01026028,-0.0016406965,1.6054845,0.11853027,0.8814697
1040384,6701.819309695652,3.0,17.509155,500.0,33.067665,0.0,0.88220215,1.0,0.3223686,0.7691311,0.00024125096,0.0096221045,-0.0045698015,1.6126199,0.11779785,0.88220215
1048576,6711.221961098055,3.0,17.415161,500.0,32.35177,0.0,0.88183594,1.0,0.32280228,0.76891655,0.0023016795,0.013834459,-0.0046155495,1.6130592,0.11816406,0.88183594
1056768,6713.953575275893,3.0,17.478882,500.0,32.913807,0.0,0.8824463,1.0,0.3220789,0.769801,0.0133225685,0.015484622,0.005580257,1.612292,0.11755371,0.8824463
1064960,6738.902862172697,3.0,17.385742,500.0,32.662674,0.0,0.88378906,1.0,0.3204777,0.7712858,0.001249254,0.012692041,-0.005096766,1.6148385,0.11621094,0.88378906
1073152,6714.088705589658,3.0,17.353271,500.0,32.569984,0.0,0.88586426,1.0,0.31797603,0.7733872,0.005481285,0.010474018,0.00024427637,1.6155624,0.11413574,0.88586426
1081344,6708.593423732123,3.0,17.499268,500.0,33.32929,0.0,0.88793945,1.0,0.3154409,0.77510095,0.004653997,0.011933713,-0.0013128598,1.6128604,0.11206055,0.88793945
1089536,6722.524771009811,3.0,17.451782,500.0,33.005177,0.0,0.88916016,1.0,0.3139337,0.77623194,0.0034380825,0.014472712,-0.0037982734,1.6076041,0.110839844,0.88916016
1097728,6711.596885451546,3.0,17.373413,500.0,32.927406,0.0,0.88830566,1.0,0.31499,0.7758846,0.00068503525,0.015541965,-0.0070859464,1.6012595,0.111694336,0.88830566
1105920,6719.64424884229,3.0,17.271729,500.0,32.029366,0.0,0.8880615,1.0,0.31529075,0.7752744,0.0033267858,0.01697232,-0.0051593734,1.5962228,0.11193848,0.8880615
1114112,6698.5346683975895,3.0,17.202026,500.0,31.575142,0.0,0.8905029,1.0,0.31226182,0.7773523,0.0040977513,0.01522462,-0.00351456,1.5908984,0.10949707,0.8905029
1122304,6714.374727495144,3.0,17.10669,500.0,31.192379,0.0,0.8919678,1.0,0.3104211,0.77883875,-4.073989e-05,0.0131962355,-0.006638858,1.5964353,0.10803223,0.8919678
1130496,6700.903101395031,3.0,17.100342,500.0,31.372766,0.0,0.8922119,1.0,0.3101126,0.7793839,0.00021836569,0.01411771,-0.006840489,1.600604,0.107788086,0.8922119
1138688,6697.901366998276,3.0,17.007812,500.0,30.871113,0.0,0.89294434,1.0,0.309184,0.78013456,0.0022778874,0.014520837,-0.004982532,1.5957197,0.107055664,0.89294434
1146880,6706.766716147991,3.0,17.056396,500.0,30.828074,0.0,0.89501953,1.0,0.30652824,0.78139126,0.0015260283,0.013933056,-0.0054404996,1.586159,0.10498047,0.89501953
1155072,6705.180448590916,3.0,16.979614,500.0,30.245665,0.0,0.8956299,1.0,0.30574006,0.7814929,0.0016379124,0.016428063,-0.0065761185,1.5831871,0.10437012,0.8956299
1163264,6712.917319712546,3.0,16.765259,500.0,28.653399,0.0,0.89624023,1.0,0.30494863,0.7820038,0.0008434387,0.0134305265,-0.005871825,1.5815258,0.103759766,0.89624023
1171456,6706.078194325904,3.0,16.195679,500.0,23.669016,0.0,0.8959961,1.0,0.3052656,0.78197354,0.0019890266,0.016742015,-0.0063819815,1.5790702,0.104003906,0.8959961
1179648,6706.707806659522,3.0,15.986572,500.0,22.290318,0.0,0.8964844,1.0,0.30463114,0.78261536,0.0030719782,0.015663952,-0.0047599976,1.5755666,0.103515625,0.8964844
1187840,6723.125903231254,3.0,15.796753,500.0,21.411488,0.0,0.89624023,1.0,0.30494863,0.7830941,0.0016427529,0.015221277,-0.005967885,1.5697867,0.103759766,0.89624023
1196032,6708.543650771957,3.0,15.774536,500.0,21.139866,0.0,0.895874,1.0,0.3054239,0.7826773,0.0020387908,0.014454682,-0.005188551,1.5687417,0.10412598,0.895874
1204224,6708.028936892312,3.0,15.506592,500.0,19.623941,0.0,0.8934326,1.0,0.3085624,0.78126156,0.002681722,0.016860647,-0.0057486026,1.5728402,0.10656738,0.8934326
1212416,6699.333974285359,3.0,15.457886,500.0,19.768131,0.0,0.8931885,1.0,0.30887347,0.7813363,-9.194197e-05,0.012270094,-0.0062269876,1.570167,0.10681152,0.8931885
1220608,6706.930359046031,3.0,15.361938,500.0,19.2437,0.0,0.8939209,1.0,0.30793884,0.7823242,0.00017726631,0.014153021,-0.006899245,1.566788,0.1060791,0.8939209
1228800,6712.898958574495,3.0,15.295166,500.0,19.221996,0.0,0.8955078,1.0,0.30589798,0.7841767,0.000588914,0.013209406,-0.0060157897,1.568667,0.10449219,0.8955078
1236992,6704.985488942739,3.0,15.404663,500.0,20.868319,0.0,0.89624023,1.0,0.30494863,0.7852075,0.0026141843,0.013881089,-0.0043263603,1.5657649,0.103759766,0.89624023
1245184,6716.306669366762,3.0,15.453247,500.0,21.278938,0.0,0.8977051,1.0,0.30303574,0.78653675,-0.0011392385,0.012449823,-0.007364151,1.5591962,0.10229492,0.8977051
1253376,6744.909991867178,3.0,15.544189,500.0,21.830713,0.0,0.89746094,1.0,0.3033559,0.7859645,0.0008038841,0.015906986,-0.0071496093,1.5525384,0.10253906,0.89746094
1261568,6710.845767926015,3.0,15.324707,500.0,19.808138,0.0,0.8984375,1.0,0.3020721,0.78721946,0.0020050826,0.013879951,-0.004934893,1.547816,0.1015625,0.8984375
1269760,6694.285356801697,3.0,15.21582,500.0,19.82551,0.0,0.8996582,1.0,0.30045515,0.7891619,0.00020974805,0.013034872,-0.0063076867,1.5439799,0.1003418,0.8996582
1277952,6713.137661203962,3.0,15.38855,500.0,20.94952,0.0,0.9025879,1.0,0.2965181,0.7916328,0.0016668652,0.011163955,-0.003915112,1.5406449,0.09741211,0.9025879
1286144,6709.864194126676,3.0,15.39563,500.0,21.548174,0.0,0.9005127,1.0,0.29931515,0.79029083,0.004054665,0.014221547,-0.003056109,1.5357933,0.099487305,0.9005127
1294336,6727.18142030755,3.0,15.2647705,500.0,21.126001,0.0,0.9029541,1.0,0.29602027,0.7931683,-0.0013511982,0.011464692,-0.0070835445,1.5236881,0.0970459,0.9029541
1302528,6724.73120304909,3.0,15.262573,500.0,21.67584,0.0,0.9042969,1.0,0.29418367,0.79481196,0.0068365284,0.011492378,0.0010903399,1.5104591,0.095703125,0.9042969
1310720,6719.4944398498,3.0,15.396606,500.0,21.953342,0.0,0.9053955,1.0,0.29266784,0.7950468,0.0005630708,0.014217699,-0.0065457784,1.504402,0.09460449,0.9053955
1318912,6705.283821057327,3.0,15.392944,500.0,21.667786,0.0,0.90515137,1.0,0.29300573,0.7947873,0.0015268219,0.0139759695,-0.005461163,1.4972389,0.09484863,0.90515137
1327104,6718.480119619578,3.0,15.4157715,500.0,21.698153,0.0,0.9061279,1.0,0.29165062,0.79554725,0.0032517046,0.013600804,-0.0035486978,1.4888169,0.09387207,0.9061279
1335296,6718.114934213395,3.0,15.355591,500.0,21.410187,0.0,0.90686035,1.0,0.29062805,0.7963847,-0.000103215454,0.012344602,-0.0062755165,1.4807911,0.09313965,0.90686035
1343488,6722.849658444939,3.0,15.448242,500.0,22.109547,0.0,0.90625,1.0,0.2914806,0.7958466,0.004554774,0.014146177,-0.0025183146,1.4720633,0.09375,0.90625
1351680,6697.145479441107,3.0,15.447266,500.0,22.034079,0.0,0.9058838,1.0,0.2919903,0.7955,0.0011541245,0.011977627,-0.004834689,1.4636381,0.09411621,0.9058838
1359872,6725.767159841149,3.0,15.471924,500.0,21.859222,0.0,0.90625,1.0,0.2914806,0.79555106,-2.7229893e-05,0.013156215,-0.0066053374,1.4672351,0.09375,0.90625
1368064,6726.576928957527,3.0,15.388794,500.0,21.304907,0.0,0.9058838,1.0,0.2919903,0.79531074,0.0019419517,0.013198395,-0.0046572452,1.4663829,0.09411621,0.9058838
1376256,6699.290869592513,3.0,15.530029,500.0,22.709751,0.0,0.90515137,1.0,0.29300573,0.7947954,0.011825376,0.014541661,0.0045545446,1.4753206,0.09484863,0.90515137
1384448,6698.098526348622,3.0,15.509888,500.0,23.138311,0.0,0.9049072,1.0,0.29334304,0.7949628,0.002935042,0.013740826,-0.003935372,1.484682,0.09509277,0.9049072
1392640,6704.122045607889,3.0,15.59668,500.0,23.731138,0.0,0.9041748,1.0,0.29435134,0.79399824,0.00043010374,0.013585105,-0.0063624494,1.4826615,0.095825195,0.9041748
1400832,6701.125268700397,3.0,15.47229,500.0,22.934233,0.0,0.90234375,1.0,0.2968493,0.7923832,0.00038354774,0.014278264,-0.0067555835,1.4864687,0.09765625,0.90234375
1409024,6704.412451726302,3.0,15.362427,500.0,21.98399,0.0,0.9029541,1.0,0.29602027,0.79288816,0.0028714775,0.013064093,-0.0036605692,1.4816887,0.0970459,0.9029541
1417216,6703.049592410123,3.0,15.452148,500.0,22.862373,0.0,0.90441895,1.0,0.29401582,0.79408073,0.00044746348,0.011215787,-0.0051604314,1.4710579,0.095581055,0.90441895
1425408,6708.017150476651,3.0,15.453735,500.0,22.802925,0.0,0.90185547,1.0,0.29750997,0.7916781,0.0021070146,0.015233884,-0.0055099274,1.4656297,0.09814453,0.90185547
1433600,6713.502305683563,3.0,15.436035,500.0,23.37699,0.0,0.90197754,1.0,0.297345,0.7922636,0.0023499485,0.012522573,-0.003911338,1.4614553,0.09802246,0.90197754
1441792,6696.199228644984,3.0,15.40979,500.0,23.651556,0.0,0.9036865,1.0,0.29502067,0.7940542,0.0022448832,0.012331249,-0.003920742,1.4644876,0.09631348,0.9036865
1449984,6720.983627746998,3.0,15.323608,500.0,24.024288,0.0,0.90356445,1.0,0.2951876,0.79473287,0.003945281,0.014409005,-0.0032592209,1.4666668,0.09643555,0.90356445
1458176,6687.853797264226,3.0,15.557739,500.0,26.040197,0.0,0.90234375,1.0,0.2968493,0.7934272,0.004143232,0.012227287,-0.0019704113,1.4719008,0.09765625,0.90234375
1466368,6699.2164173386245,3.0,15.6521,500.0,26.45558,0.0,0.90270996,1.0,0.2963523,0.7933509,0.0038796305,0.012229588,-0.002235164,1.4714742,0.09729004,0.90270996
1474560,6688.62711924126,3.0,15.501587,500.0,25.761507,0.0,0.904541,1.0,0.29384783,0.7953559,-0.0004281745,0.011314225,-0.0060852873,1.4660053,0.095458984,0.904541
1482752,6678.587862098939,3.0,15.390015,500.0,25.387627,0.0,0.9058838,1.0,0.2919903,0.79715437,0.0015807408,0.012884176,-0.0048613474,1.4591372,0.09411621,0.9058838
1490944,6686.124234427108,3.0,15.315674,500.0,24.726337,0.0,0.90563965,1.0,0.2923294,0.79684395,0.00034455524,0.013079213,-0.0061950516,1.4558154,0.09436035,0.90563965
1499136,6684.169305306037,3.0,15.126709,500.0,23.175898,0.0,0.90686035,1.0,0.29062805,0.7980686,0.0012675326,0.0120289745,-0.004746955,1.4582385,0.09313965,0.90686035
1507328,6696.220108535719,3.0,15.113403,500.0,23.230549,0.0,0.9066162,1.0,0.29096952,0.7980418,0.0021888048,0.014366001,-0.004994197,1.4575039,0.09338379,0.9066162
1515520,6701.1135065325625,3.0,15.001221,500.0,22.710716,0.0,0.9078369,1.0,0.28925604,0.79959106,0.0009158049,0.011443576,-0.0048059826,1.4536055,0.092163086,0.9078369
1523712,6701.466389530186,3.0,15.048706,500.0,23.456232,0.0,0.9082031,1.0,0.288739,0.80021816,0.00402883,0.015774172,-0.0038582545,1.4480909,0.091796875,0.9082031
1531904,6706.567737142704,3.0,14.980225,500.0,23.469227,0.0,0.9090576,1.0,0.28752714,0.80145097,-0.0002166034,0.012570366,-0.0065017864,1.4431417,0.09094238,0.9090576
1540096,6707.6269125471845,3.0,14.801147,500.0,22.06201,0.0,0.9090576,1.0,0.28752714,0.8016839,0.0018265808,0.0103568155,-0.0033518265,1.4374216,0.09094238,0.9090576
1548288,6685.843216171925,3.0,14.912476,500.0,22.286936,0.0,0.91052246,1.0,0.2854318,0.8024323,0.0017309661,0.012529408,-0.004533737,1.4308162,0.08947754,0.91052246
1556480,6700.95929526278,3.0,14.923462,500.0,22.403414,0.0,0.9104004,1.0,0.28560725,0.8024431,0.00061683974,0.011930534,-0.005348427,1.4262129,0.08959961,0.9104004
1564672,6715.054455284941,3.0,14.955444,500.0,22.692274,0.0,0.9095459,1.0,0.28683123,0.8016866,0.00019933097,0.011162156,-0.005381747,1.423969,0.0904541,0.9095459
1572864,6735.9039683323845,3.0,14.95813,500.0,22.679678,0.0,0.9121094,1.0,0.28313577,0.80396044,-0.0010367532,0.011727375,-0.0069004404,1.4237027,0.087890625,0.9121094
1581056,6704.760448949182,3.0,14.577515,500.0,19.99496,0.0,0.9141846,1.0,0.2800913,0.80687714,0.0030935095,0.010198362,-0.0020056716,1.419246,0.08581543,0.9141846
1589248,6700.4784107810665,3.0,14.609985,500.0,20.423513,0.0,0.9154053,1.0,0.27827767,0.8078785,-0.00023933983,0.01086718,-0.0056729303,1.4128274,0.08459473,0.9154053
1597440,6721.9868685495285,3.0,14.689087,500.0,20.459454,0.0,0.91503906,1.0,0.27882355,0.8069699,0.0007171319,0.013123817,-0.0058447756,1.4013867,0.08496094,0.91503906
1605632,6710.1367519097475,3.0,14.712158,500.0,20.410082,0.0,0.9161377,1.0,0.27718118,0.80746984,0.0006262552,0.01133034,-0.0050389147,1.3987044,0.083862305,0.9161377
1613824,6701.17101085672,3.0,14.788452,500.0,21.145937,0.0,0.914917,1.0,0.27900514,0.80629206,0.002161078,0.013695836,-0.00468684,1.4014227,0.08508301,0.914917
1622016,6702.1435061567145,3.0,14.789429,500.0,20.9994,0.0,0.9141846,1.0,0.2800913,0.8054472,0.0014452857,0.014159582,-0.0056345053,1.4009058,0.08581543,0.9141846
1630208,6720.2869263606635,3.0,14.758301,500.0,20.487627,0.0,0.91625977,1.0,0.27699783,0.8073098,0.0030204812,0.012048801,-0.003003919,1.3980503,0.083740234,0.91625977
1638400,6709.760680385849,3.0,14.869141,500.0,21.483557,0.0,0.91467285,1.0,0.2793679,0.8055732,0.0013403815,0.012597728,-0.0049584825,1.3930012,0.08532715,0.91467285
1646592,6708.370760964638,3.0,14.885254,500.0,21.520588,0.0,0.9172363,1.0,0.27552465,0.80776787,0.0031845565,0.012624164,-0.0031275263,1.3813999,0.08276367,0.9172363
1654784,6711.9128507347905,3.0,14.994995,500.0,22.906088,0.0,0.91748047,1.0,0.27515462,0.8081938,0.0018488166,0.010525856,-0.0034141107,1.3696798,0.08251953,0.91748047
1662976,6713.622988120353,3.0,15.089111,500.0,23.110783,0.0,0.91833496,1.0,0.27385372,0.80862164,-0.0027632653,0.009296823,-0.007411677,1.3603731,0.08166504,0.91833496
1671168,6712.446519405878,3.0,14.9626465,500.0,22.52399,0.0,0.91845703,1.0,0.27366716,0.8092027,0.003590803,0.012762143,-0.002790268,1.3461816,0.08154297,0.91845703
1679360,6713.966694485419,3.0,14.987427,500.0,22.388842,0.0,0.9185791,1.0,0.27348042,0.8090147,0.0020996563,0.013306113,-0.004553401,1.3373687,0.0814209,0.9185791
1687552,6730.773733014265,3.0,14.840698,500.0,20.734577,0.0,0.91955566,1.0,0.27197987,0.8097702,-0.00023568957,0.011981097,-0.006226238,1.3355147,0.080444336,0.91955566
1695744,6722.580012811347,3.0,14.866211,500.0,20.808064,0.0,0.91967773,1.0,0.27179146,0.8096165,0.0010276048,0.011476137,-0.0047104633,1.3353046,0.080322266,0.91967773
1703936,6707.751312326094,3.0,14.900879,500.0,20.997011,0.0,0.91918945,1.0,0.2725439,0.8092011,-0.00027615135,0.010931807,-0.0057420544,1.332295,0.08081055,0.91918945
1712128,6710.292696368856,3.0,14.81311,500.0,20.32766,0.0,0.91833496,1.0,0.27385372,0.8086058,0.00025279704,0.0129230665,-0.0062087355,1.3299785,0.08166504,0.91833496
1720320,6703.283671819871,3.0,14.830688,500.0,21.676798,0.0,0.9177246,1.0,0.27478382,0.80896986,-0.0015313367,0.012574743,-0.007818708,1.3239019,0.08227539,0.9177246
1728512,6701.92780743865,3.0,15.036499,500.0,23.26285,0.0,0.916626,1.0,0.27644673,0.8075317,0.00068837847,0.013630028,-0.0061266352,1.3220792,0.08337402,0.916626
1736704,6698.144227192801,3.0,15.055054,500.0,23.533926,0.0,0.91918945,1.0,0.27254394,0.8097512,0.0013392684,0.010722828,-0.0040221447,1.3213443,0.08081055,0.91918945
1744896,6704.600836715579,3.0,15.0842285,500.0,23.810644,0.0,0.9211426,1.0,0.26951608,0.81138897,-0.0010497153,0.009511979,-0.005805704,1.3192673,0.07885742,0.9211426
1753088,6722.89701308177,3.0,15.112061,500.0,24.42792,0.0,0.9219971,1.0,0.26817617,0.81224066,-8.2499115e-05,0.01162334,-0.005894169,1.3142372,0.07800293,0.9219971
1761280,6723.178523859737,3.0,15.035767,500.0,23.874044,0.0,0.9234619,1.0,0.26585713,0.81370294,-0.0010536761,0.010069926,-0.0060886396,1.3069409,0.076538086,0.9234619
1769472,6710.671448805156,3.0,14.9852295,500.0,23.273619,0.0,0.92419434,1.0,0.2646869,0.8142735,0.0021698393,0.011190597,-0.0034254584,1.299332,0.075805664,0.92419434
1777664,6701.743494080829,3.0,14.933228,500.0,22.284264,0.0,0.9234619,1.0,0.26585713,0.8131524,0.00076868373,0.0140025895,-0.0062326114,1.2893884,0.076538086,0.9234619
1785856,6727.63321353643,3.0,14.902344,500.0,22.724804,0.0,0.9213867,1.0,0.26913422,0.8116514,0.0003241388,0.01283102,-0.0060913702,1.2786043,0.07861328,0.9213867
1794048,6717.873250597545,3.0,14.856812,500.0,22.610409,0.0,0.9232178,1.0,0.2662456,0.81364733,0.00010712538,0.010870375,-0.005328062,1.2676456,0.07678223,0.9232178
1802240,6716.695291943892,3.0,14.711304,500.0,21.888178,0.0,0.9238281,1.0,0.26527292,0.81471086,0.0003610921,0.011036577,-0.0051571964,1.2594666,0.076171875,0.9238281
1810432,6705.69472541181,3.0,14.832275,500.0,23.078049,0.0,0.9232178,1.0,0.2662456,0.8138833,0.0010295857,0.013339133,-0.0056399805,1.2506266,0.07678223,0.9232178
1818624,6702.608939780033,3.0,14.765869,500.0,22.582193,0.0,0.9223633,1.0,0.26759908,0.81333065,-0.0019598291,0.012755122,-0.00833739,1.2469852,0.07763672,0.9223633
1826816,6707.949051997153,3.0,14.899902,500.0,22.900232,0.0,0.9223633,1.0,0.26759908,0.812539,0.0014911976,0.010471577,-0.0037445906,1.2483389,0.07763672,0.9223633
1835008,6708.082631087787,3.0,15.0460205,500.0,23.900488,0.0,0.9230957,1.0,0.26643953,0.8129349,-0.00014089979,0.011470581,-0.00587619,1.2525691,0.0769043,0.9230957
1843200,6716.038861063722,3.0,15.020874,500.0,23.335066,0.0,0.9238281,1.0,0.26527292,0.8134186,0.00066923327,0.012329527,-0.0054955306,1.2484086,0.076171875,0.9238281
1851392,6715.6240629131335,3.0,14.783447,500.0,21.588617,0.0,0.9243164,1.0,0.2644912,0.81450737,0.0002339133,0.014115489,-0.0068238312,1.2428603,0.075683594,0.9243164
1859584,6704.245007289654,3.0,14.677856,500.0,20.783636,0.0,0.9246826,1.0,0.26390275,0.8150468,-0.002871661,0.0119822975,-0.008862809,1.2380542,0.07531738,0.9246826
1867776,6697.048884346192,3.0,14.584961,500.0,19.812294,0.0,0.92297363,1.0,0.26663324,0.8137113,-0.0024257675,0.012324166,-0.008587849,1.2386194,0.07702637,0.92297363
1875968,6700.209250142205,3.0,14.6328125,500.0,19.8343,0.0,0.92285156,1.0,0.26682684,0.81312215,0.001674646,0.011822595,-0.004236652,1.2424036,0.07714844,0.92285156
1884160,6711.345183362144,3.0,14.55603,500.0,19.587051,0.0,0.92419434,1.0,0.2646869,0.8146813,-0.0015897518,0.009902745,-0.0065411236,1.2367916,0.075805664,0.92419434
1892352,6703.469377729524,3.0,14.51355,500.0,19.166227,0.0,0.9232178,1.0,0.2662456,0.8139986,0.0036633331,0.013730787,-0.0032020602,1.225291,0.07678223,0.9232178
1900544,6723.324550418274,3.0,14.503662,500.0,19.146593,0.0,0.9238281,1.0,0.26527292,0.81464726,0.003766851,0.014857369,-0.0036618342,1.2177112,0.076171875,0.9238281
1908736,6707.887502637981,3.0,14.448853,500.0,18.304773,0.0,0.92297363,1.0,0.26663324,0.813772,0.00654578,0.0115997875,0.0007458873,1.2128543,0.07702637,0.92297363
1916928,6709.158005584109,3.0,14.507446,500.0,19.08747,0.0,0.9239502,1.0,0.26507777,0.81457627,-0.0028631731,0.009212536,-0.0074694417,1.2065725,0.076049805,0.9239502
1925120,6719.720470016344,3.0,14.443848,500.0,18.351921,0.0,0.9243164,1.0,0.2644912,0.81517315,-0.0022045663,0.011555949,-0.007982541,1.1920694,0.075683594,0.9243164
1933312,6706.58475462223,3.0,14.387329,500.0,17.451706,0.0,0.9260254,1.0,0.26172957,0.816623,0.0006798288,0.012991236,-0.005815789,1.1796446,0.07397461,0.9260254
1941504,6713.1717629654,3.0,14.25061,500.0,16.942257,0.0,0.92492676,1.0,0.26350945,0.8163793,-0.00085151417,0.014929637,-0.0083163325,1.1738576,0.07507324,0.92492676
1949696,6726.546641399508,3.0,14.098511,500.0,15.588463,0.0,0.9255371,1.0,0.2625227,0.8173856,-0.0024731553,0.010607594,-0.007776952,1.1648593,0.07446289,0.9255371
1957888,6706.819081006538,3.0,14.030029,500.0,14.572082,0.0,0.92663574,1.0,0.26073346,0.8183381,-0.00044879882,0.011183151,-0.006040375,1.1576942,0.07336426,0.92663574
1966080,6697.58802502687,3.0,14.043457,500.0,14.684227,0.0,0.9276123,1.0,0.25912875,0.819107,-0.00066157937,0.012091995,-0.006707577,1.155365,0.072387695,0.9276123
1974272,6725.963329909643,3.0,14.117676,500.0,15.437644,0.0,0.92822266,1.0,0.25811887,0.81938267,-0.00017921382,0.010004437,-0.0051814336,1.1532875,0.071777344,0.92822266
1982464,6702.845603574774,3.0,14.0772705,500.0,15.913931,0.0,0.92871094,1.0,0.25730708,0.82041466,0.008490039,0.0112709105,0.0028545845,1.1515609,0.07128906,0.92871094
1990656,6695.943460550732,3.0,14.100464,500.0,16.779215,0.0,0.9281006,1.0,0.2583213,0.8203048,0.006621635,0.013162385,4.0443556e-05,1.1470499,0.071899414,0.9281006
1998848,6707.7775023412005,3.0,14.166016,500.0,17.145332,0.0,0.92736816,1.0,0.25953123,0.81932396,0.0060551185,0.010514088,0.0007980745,1.1425016,0.072631836,0.92736816
2007040,6723.052235735173,3.0,14.155151,500.0,17.332659,0.0,0.92749023,1.0,0.2593301,0.81973886,0.0027027573,0.013063362,-0.0038289232,1.1334585,0.072509766,0.92749023
2015232,6712.526511458171,3.0,14.166626,500.0,17.252327,0.0,0.92993164,1.0,0.2552622,0.8217555,0.0016786583,0.009884327,-0.0032635047,1.1241859,0.07006836,0.92993164
2023424,6714.479695774692,3.0,14.104614,500.0,16.533426,0.0,0.9301758,1.0,0.25485054,0.8221423,0.0027890285,0.012601435,-0.0035116891,1.1099248,0.06982422,0.9301758
2031616,6709.315214659692,3.0,14.021362,500.0,15.530115,0.0,0.9295654,1.0,0.25587794,0.82166594,0.0024033403,0.01096555,-0.003079434,1.0991433,0.07043457,0.9295654
2039808,6709.076783781562,3.0,14.055054,500.0,16.451248,0.0,0.92944336,1.0,0.2560828,0.82163596,0.003064305,0.010422514,-0.0021469514,1.0977885,0.07055664,0.92944336
2048000,6714.99933709397,3.0,14.083618,500.0,16.454905,0.0,0.93115234,1.0,0.2531949,0.82289207,0.00063311704,0.009521787,-0.0041277763,1.0960231,0.068847656,0.93115234
2056192,6701.289943385761,3.0,14.195923,500.0,17.184135,0.0,0.93322754,1.0,0.24962752,0.82428885,0.00027679617,0.010659251,-0.00505283,1.0905797,0.06677246,0.93322754
2064384,6704.250239801696,3.0,14.243774,500.0,17.25504,0.0,0.93395996,1.0,0.24835208,0.82460016,0.0011904179,0.009635716,-0.0036274397,1.0833704,0.06604004,0.93395996
2072576,6716.682162068754,3.0,14.239746,500.0,17.502125,0.0,0.9329834,1.0,0.25005075,0.8239235,0.003999151,0.011326259,-0.0016639779,1.0740198,0.0670166,0.9329834
2080768,6722.059197611656,3.0,14.262573,500.0,17.452446,0.0,0.93408203,1.0,0.24813865,0.8247654,0.0010115462,0.010453785,-0.0042153457,1.0656974,0.06591797,0.93408203
2088960,6727.194591263038,3.0,14.250488,500.0,17.340132,0.0,0.93444824,1.0,0.2474969,0.82533133,-4.6736444e-05,0.009726294,-0.0049098833,1.0569441,0.06555176,0.93444824
2097152,6737.026589497453,3.0,14.245361,500.0,17.21676,0.0,0.9350586,1.0,0.24642244,0.8258725,-0.0031386116,0.011530327,-0.008903774,1.0519454,0.064941406,0.9350586
2105344,6723.967932142984,3.0,14.223755,500.0,15.734222,0.0,0.9376221,1.0,0.24184069,0.82745284,-0.0015827031,0.009651385,-0.0064083957,1.0548891,0.06237793,0.9376221
2113536,6705.129417788945,3.0,14.088501,500.0,14.507485,0.0,0.9370117,1.0,0.24294189,0.8274302,0.0014160405,0.013542155,-0.0053550377,1.0596718,0.06298828,0.9370117
2121728,6717.798384744303,3.0,14.071899,500.0,14.338612,0.0,0.93688965,1.0,0.24316134,0.8273196,0.0005048539,0.012775678,-0.0058829854,1.0615886,0.06311035,0.93688965
2129920,6704.853341534287,3.0,14.081055,500.0,14.410749,0.0,0.9367676,1.0,0.24338052,0.8270739,-7.933704e-05,0.010416614,-0.005287644,1.0606036,0.06323242,0.9367676
2138112,6707.214462082575,3.0,14.174194,500.0,14.759102,0.0,0.9367676,1.0,0.24338052,0.82663536,-0.0017148879,0.010841631,-0.0071357037,1.053389,0.06323242,0.9367676
2146304,6702.909675653563,3.0,14.16394,500.0,14.927539,0.0,0.9382324,1.0,0.24073292,0.8281899,2.745993e-05,0.0109481625,-0.005446621,1.0572236,0.061767578,0.9382324
2154496,6705.138577106461,3.0,14.191406,471.0,14.016757,0.0,0.9378662,1.0,0.24139838,0.82740086,0.0036778743,0.009828631,-0.0012364415,1.0581603,0.06213379,0.9378662
2162688,6720.162061188754,3.0,14.332031,500.0,16.18938,0.0,0.93774414,1.0,0.24161966,0.82750404,-0.00048604351,0.009778745,-0.005375415,1.0543381,0.06225586,0.93774414
2170880,6720.7009861862725,3.0,14.331665,500.0,16.424707,0.0,0.9387207,1.0,0.23984191,0.8283893,-0.0015479613,0.009142098,-0.006119011,1.0499793,0.061279297,0.9387207
2179072,6708.882907428621,3.0,14.262939,500.0,15.665002,0.0,0.9379883,1.0,0.24117683,0.82804334,0.00030314573,0.012381537,-0.005887623,1.0455723,0.06201172,0.9379883
2187264,6711.927273096649,3.0,14.176514,500.0,15.096574,0.0,0.9379883,1.0,0.24117683,0.8282541,-0.000748823,0.0105464235,-0.006022035,1.0408515,0.06201172,0.9379883
2195456,6702.896599619633,3.0,14.191284,500.0,15.982929,0.0,0.9395752,1.0,0.2382722,0.829759,0.0036674975,0.007305186,1.4904654e-05,1.0371401,0.060424805,0.9395752
2203648,6717.417514137769,3.0,14.098022,500.0,15.532202,0.0,0.9395752,1.0,0.2382722,0.83011335,-0.0006807195,0.0090305125,-0.0051959753,1.0346994,0.060424805,0.9395752
2211840,6714.74475528712,3.0,14.014404,500.0,14.644511,0.0,0.94018555,1.0,0.23714274,0.8309306,0.0016987395,0.010815042,-0.0037087817,1.0353072,0.059814453,0.94018555
2220032,6713.716126445483,3.0,13.935181,500.0,14.365259,0.0,0.9387207,1.0,0.23984192,0.8301151,0.001022491,0.012398504,-0.0051767617,1.0339755,0.061279297,0.9387207
2228224,6703.236593083323,3.0,13.979858,500.0,15.148515,0.0,0.94018555,1.0,0.23714274,0.8314241,-0.001966634,0.008703731,-0.0063185003,1.0324742,0.059814453,0.94018555
2236416,6718.671923539523,3.0,14.032837,500.0,16.082354,0.0,0.9428711,1.0,0.23208876,0.83398056,-0.0017773476,0.008350746,-0.00595272,1.0329002,0.057128906,0.9428711
2244608,6735.316392328503,3.0,13.951294,500.0,16.01021,0.0,0.94299316,1.0,0.23185568,0.8348098,0.0011156857,0.011546317,-0.0046574734,1.0297616,0.057006836,0.94299316
2252800,6724.693035388282,3.0,13.832153,500.0,15.666422,0.0,0.94433594,1.0,0.22927183,0.83664787,-0.0008721824,0.009625001,-0.005684683,1.0279841,0.055664062,0.94433594
2260992,6721.122985359342,3.0,13.818481,500.0,16.354052,0.0,0.9437256,1.0,0.23045087,0.83653957,0.00012838887,0.012704158,-0.0062236898,1.0231714,0.056274414,0.9437256
2269184,6718.635138377367,3.0,13.644043,500.0,15.063853,0.0,0.9425049,1.0,0.23278621,0.83595645,-0.003484595,0.0122556565,-0.009612423,1.01983,0.057495117,0.9425049
2277376,6723.686355254818,3.0,13.572876,500.0,14.066156,0.0,0.9439697,1.0,0.22998016,0.83739185,0.000106857275,0.008934712,-0.004360498,1.0203137,0.056030273,0.9439697
2285568,6719.783550916341,3.0,13.518066,500.0,13.785772,0.0,0.9428711,1.0,0.23208876,0.83665466,-0.0010711927,0.012875755,-0.0075090704,1.0131352,0.057128906,0.9428711
2293760,6718.594412417684,3.0,13.571777,500.0,14.734945,0.0,0.94311523,1.0,0.2316223,0.83694947,0.004547149,0.01091153,-0.00090861565,1.0094216,0.056884766,0.94311523
2301952,6709.975573237617,3.0,13.484131,500.0,13.767292,0.0,0.9415283,1.0,0.23463319,0.83581233,0.00078350515,0.011031176,-0.0047320817,1.009711,0.05847168,0.9415283
2310144,6720.351332315885,3.0,13.484741,500.0,13.81615,0.0,0.94226074,1.0,0.23324971,0.836656,0.0021226597,0.0096816495,-0.0027181653,1.0071205,0.057739258,0.94226074
2318336,6710.144614482071,3.0,13.543945,500.0,14.865667,0.0,0.9412842,1.0,0.23509203,0.83587813,0.0016571335,0.009949687,-0.0033177095,1.0093161,0.05871582,0.9412842
2326528,6715.448182964912,3.0,13.562378,500.0,15.35129,0.0,0.9416504,1.0,0.23440334,0.8363032,0.0007434017,0.009643981,-0.0040785894,1.0014918,0.05834961,0.9416504
2334720,6710.086956046252,3.0,13.535156,500.0,15.083338,0.0,0.9420166,1.0,0.23371203,0.83665997,0.003395487,0.011206046,-0.0022075353,0.9977145,0.0579834,0.9420166
2342912,6731.128428204896,3.0,13.488892,500.0,13.896138,0.0,0.9415283,1.0,0.23463319,0.8358598,-0.0017042628,0.010176859,-0.006792692,0.99993384,0.05847168,0.9415283
2351104,6711.953495731548,3.0,13.512085,500.0,14.616446,0.0,0.93981934,1.0,0.23782125,0.8343743,0.00052617013,0.010679428,-0.0048135435,1.0030794,0.060180664,0.93981934
2359296,6716.027046483431,3.0,13.526489,500.0,14.598159,0.0,0.9411621,1.0,0.23532103,0.8354122,-0.0020312476,0.0070703616,-0.0055664284,1.0083385,0.05883789,0.9411621
2367488,6693.343825625767,3.0,13.645996,500.0,16.3943,0.0,0.94104004,1.0,0.23554975,0.83520335,-0.0016893063,0.010594977,-0.0069867945,1.0075719,0.05895996,0.94104004
2375680,6714.0860816482855,3.0,13.6727295,500.0,16.576445,0.0,0.9412842,1.0,0.23509203,0.83531463,0.00014916237,0.011249029,-0.0054753525,1.009262,0.05871582,0.9412842
2383872,6713.237344249656,3.0,13.727783,500.0,17.688953,0.0,0.9412842,1.0,0.23509203,0.835509,0.006371158,0.010986146,0.0008780856,1.0054312,0.05871582,0.9412842
2392064,6699.473741801564,3.0,13.800415,500.0,17.790909,0.0,0.93981934,1.0,0.23782127,0.833666,0.00068191113,0.01248936,-0.0055627692,0.9987011,0.060180664,0.93981934
2400256,6706.002282322113,3.0,13.771118,500.0,17.694904,0.0,0.9407959,1.0,0.23600629,0.8346361,0.0007168958,0.010690951,-0.004628579,0.9928274,0.0592041,0.9407959
2408448,6725.523608901169,3.0,13.710815,500.0,16.881536,0.0,0.9415283,1.0,0.23463319,0.835212,-0.0022455137,0.008209467,-0.006350247,0.99113333,0.05847168,0.9415283
2416640,6705.215778062693,3.0,13.72583,500.0,16.956415,0.0,0.94091797,1.0,0.23577817,0.8346062,0.0038853856,0.011287805,-0.0017585179,0.9833554,0.05908203,0.94091797
2424832,6710.451269175514,3.0,13.664185,500.0,16.192179,0.0,0.94091797,1.0,0.23577817,0.8347232,-0.0015188744,0.010389247,-0.006713498,0.97984827,0.05908203,0.94091797
2433024,6720.042457848819,3.0,13.698242,500.0,15.692441,0.0,0.9415283,1.0,0.23463319,0.834578,0.0051060664,0.009221183,0.00049547316,0.9798721,0.05847168,0.9415283
2441216,6716.314546404888,3.0,13.88562,500.0,17.816034,0.0,0.9411621,1.0,0.23532103,0.83392954,0.0017792872,0.010844505,-0.003642965,0.974227,0.05883789,0.9411621
2449408,6730.00249889481,3.0,13.929443,500.0,18.313784,0.0,0.94189453,1.0,0.23394278,0.83456945,0.00014427735,0.010098651,-0.0049050474,0.9618525,0.05810547,0.94189453
2457600,6747.38288861667,3.0,14.039307,500.0,19.878,0.0,0.9415283,1.0,0.23463319,0.83449966,-0.0007200887,0.008302798,-0.0048714876,0.956384,0.05847168,0.9415283
2465792,6715.765823606214,3.0,14.125366,500.0,20.805197,0.0,0.9423828,1.0,0.23301813,0.8352982,-0.0053390423,0.008547336,-0.00961271,0.9543352,0.057617188,0.9423828
2473984,6706.186830010532,3.0,14.227051,500.0,21.152122,0.0,0.9412842,1.0,0.23509203,0.8337431,0.002404415,0.00972715,-0.0024591605,0.95143116,0.05871582,0.9412842
2482176,6711.554933792233,3.0,14.169312,500.0,20.113314,0.0,0.9423828,1.0,0.23301813,0.83447903,0.0018111209,0.0069562066,-0.0016669823,0.95044076,0.057617188,0.9423828
2490368,6715.31824772638,3.0,14.198242,500.0,20.201893,0.0,0.9436035,1.0,0.23068576,0.8352678,-0.0015450229,0.00917103,-0.006130538,0.94329923,0.056396484,0.9436035
2498560,6701.4141082224205,3.0,14.19165,500.0,20.475319,0.0,0.9445801,1.0,0.22879805,0.83628976,0.0004138284,0.008657081,-0.003914712,0.941679,0.055419922,0.9445801
2506752,6711.646703728156,3.0,14.23999,500.0,21.775898,0.0,0.946167,1.0,0.22568786,0.8382044,-0.00028600488,0.010293614,-0.0054328125,0.94659704,0.053833008,0.946167
2514944,6717.543590659962,3.0,14.422607,500.0,23.1679,0.0,0.9445801,1.0,0.22879806,0.8364683,0.0023672937,0.011596412,-0.0034309113,0.95232254,0.055419922,0.9445801
2523136,6696.623376967611,3.0,14.450073,500.0,23.577282,0.0,0.94348145,1.0,0.23092033,0.8357492,0.0011813423,0.0120434575,-0.0048403866,0.9485949,0.056518555,0.94348145
2531328,6726.691497405036,3.0,14.566528,500.0,24.592733,0.0,0.94384766,1.0,0.23021568,0.8359062,0.0032741101,0.010405984,-0.001928882,0.94968307,0.056152344,0.94384766
2539520,6711.526092330675,3.0,14.598755,500.0,25.178862,0.0,0.944458,1.0,0.2290351,0.8367067,0.0017095937,0.008437831,-0.002509321,0.94967926,0.055541992,0.944458
2547712,6740.429756281389,3.0,14.647461,500.0,25.762001,0.0,0.9445801,1.0,0.22879806,0.8369019,-0.0033177729,0.0107835615,-0.008709554,0.94351053,0.055419922,0.9445801
2555904,6718.790164288967,3.0,14.46582,500.0,24.573818,0.0,0.9451904,1.0,0.22760816,0.8377986,-0.0028471944,0.010270477,-0.007982433,0.93853366,0.05480957,0.9451904
2564096,6720.406538402937,3.0,14.371582,500.0,23.875223,0.0,0.9449463,1.0,0.22808507,0.8378089,-0.002590321,0.010619648,-0.007900144,0.92611724,0.05505371,0.9449463
2572288,6729.5095290071295,3.0,14.283936,500.0,23.304956,0.0,0.944458,1.0,0.2290351,0.8376021,-0.0006092213,0.012431879,-0.0068251602,0.9210572,0.055541992,0.944458
2580480,6710.904750130177,3.0,14.031982,500.0,21.301117,0.0,0.9437256,1.0,0.23045087,0.8373505,0.0037531257,0.011841459,-0.0021676049,0.9181064,0.056274414,0.9437256
2588672,6732.220438400987,3.0,13.979126,500.0,21.19622,0.0,0.9445801,1.0,0.22879806,0.83849615,-0.0014193857,0.008182037,-0.005510404,0.91654015,0.055419922,0.9445801
2596864,6715.601749275126,3.0,13.751587,500.0,19.94583,0.0,0.9440918,1.0,0.22974436,0.838985,-0.0011745522,0.008535009,-0.005442057,0.9085559,0.055908203,0.9440918
2605056,6717.579050534527,3.0,13.704102,500.0,19.217157,0.0,0.9439697,1.0,0.22998017,0.83884335,-0.00016230543,0.010554508,-0.005439559,0.89673597,0.056030273,0.9439697
2613248,6715.819641732922,3.0,13.514038,500.0,16.950924,0.0,0.9437256,1.0,0.23045087,0.8388364,0.0010300006,0.01047045,-0.0042052236,0.89651555,0.056274414,0.9437256
2621440,6728.356472450147,3.0,13.4921875,500.0,16.667135,0.0,0.94433594,1.0,0.22927183,0.8392474,-0.0031870175,0.009430021,-0.007902028,0.892229,0.055664062,0.94433594
2629632,6718.853227723733,3.0,13.321167,500.0,14.471955,0.0,0.94641113,1.0,0.22520456,0.84133273,-0.00031642604,0.008992966,-0.004812909,0.8832523,0.053588867,0.94641113
2637824,6712.943550084,3.0,13.203857,500.0,12.405952,0.0,0.9472656,1.0,0.22350271,0.8420815,0.001998342,0.00974517,-0.0028742426,0.8774525,0.052734375,0.9472656
2646016,6707.171255921525,3.0,13.149048,500.0,11.192905,0.0,0.94677734,1.0,0.22447719,0.8416621,-0.0021664684,0.00949534,-0.006914139,0.8703021,0.053222656,0.94677734
2654208,6719.416909748705,3.0,13.022461,294.0,9.453756,0.0,0.94628906,1.0,0.22544639,0.8415854,-0.0016090656,0.0104670385,-0.006842585,0.87074053,0.053710938,0.94628906
2662400,6726.245097545979,3.0,12.987427,294.0,9.418478,0.0,0.94750977,1.0,0.22301346,0.8431252,0.001290957,0.007950589,-0.0026843366,0.8671604,0.052490234,0.94750977
2670592,6704.258088585075,3.0,13.092773,324.0,10.008721,0.0,0.94750977,1.0,0.22301348,0.84245586,0.0036446468,0.010030933,-0.0013708199,0.860356,0.052490234,0.94750977
2678784,6728.157527810158,3.0,13.123291,324.0,9.836366,0.0,0.94836426,1.0,0.2212905,0.84283704,-0.0030947933,0.0084318565,-0.007310721,0.8500874,0.051635742,0.94836426
2686976,6715.177818324523,3.0,13.188232,324.0,10.0549135,0.0,0.9499512,1.0,0.21804574,0.8437891,-0.0013936217,0.008959339,-0.0058732913,0.8498827,0.050048828,0.9499512
2695168,6713.699072756067,3.0,13.154053,324.0,9.545965,0.0,0.9484863,1.0,0.221043,0.84255075,-0.0010853319,0.0117360605,-0.006953361,0.86149454,0.051513672,0.9484863
2703360,6719.062133807348,3.0,13.155884,324.0,9.510581,0.0,0.94750977,1.0,0.22301346,0.84165347,-0.0025220874,0.010686526,-0.007865351,0.8633168,0.052490234,0.94750977
2711552,6717.5304574680895,3.0,13.137207,324.0,9.472641,0.0,0.9481201,1.0,0.22178447,0.84230345,0.0009890315,0.010200975,-0.0041114576,0.8602922,0.051879883,0.9481201
2719744,6707.179111545766,3.0,13.160767,324.0,9.531297,0.0,0.9484863,1.0,0.22104299,0.8424721,0.0025751349,0.009621296,-0.0022355127,0.8560802,0.051513672,0.9484863
2727936,6708.272532089547,3.0,13.126953,324.0,9.375,0.0,0.9484863,1.0,0.221043,0.84262383,0.0044895946,0.009725838,-0.00037332386,0.8559508,0.051513672,0.9484863
2736128,6712.666829991236,3.0,13.125244,324.0,9.2962675,0.0,0.9472656,1.0,0.22350271,0.84160364,0.005381651,0.0123031605,-0.00076992996,0.85458654,0.052734375,0.9472656
2744320,6721.413551419694,3.0,13.110596,324.0,9.413151,0.0,0.94750977,1.0,0.22301348,0.84211636,-0.001320743,0.008149508,-0.005395497,0.8535067,0.052490234,0.94750977
2752512,6716.909316146568,3.0,13.122559,324.0,9.38141,0.0,0.94750977,1.0,0.22301348,0.84195125,-0.0018476474,0.010035041,-0.006865168,0.858556,0.052490234,0.94750977
2760704,6721.016494587643,3.0,13.104736,324.0,9.529343,0.0,0.9481201,1.0,0.22178447,0.8428249,-0.00055927224,0.009244414,-0.0051814797,0.8558024,0.051879883,0.9481201
2768896,6736.2354328289675,3.0,13.100464,324.0,9.544997,0.0,0.9468994,1.0,0.22423404,0.8417177,0.00067991077,0.0104402555,-0.0045402176,0.8515732,0.053100586,0.9468994
2777088,6705.91590178764,3.0,13.00354,404.0,9.58939,0.0,0.9456787,1.0,0.22665057,0.8414005,2.7492759e-05,0.012107405,-0.00602621,0.8461417,0.05432129,0.9456787
2785280,6711.68603446895,3.0,12.937622,404.0,9.531078,0.0,0.94470215,1.0,0.2285607,0.84113455,0.00815618,0.009570174,0.0033710925,0.84057033,0.05529785,0.94470215
2793472,6727.116883371149,3.0,13.050781,500.0,11.464145,0.0,0.944458,1.0,0.2290351,0.8408802,0.014453763,0.009632483,0.009637522,0.8375037,0.055541992,0.944458
2801664,6709.844539373281,3.0,13.029907,500.0,11.546885,0.0,0.9451904,1.0,0.22760816,0.841805,0.0016436605,0.008940717,-0.0028266977,0.82632756,0.05480957,0.9451904
2809856,6725.731613469496,3.0,13.126709,500.0,13.446112,0.0,0.94592285,1.0,0.22616985,0.84243655,0.00069594476,0.010058534,-0.004333324,0.8217173,0.05407715,0.94592285
2818048,6721.293903528745,3.0,13.155151,500.0,13.486067,0.0,0.94433594,1.0,0.22927183,0.8407237,-0.0019696404,0.0116242245,-0.0077817533,0.8158783,0.055664062,0.94433594
2826240,6715.631938350186,3.0,13.133545,500.0,13.592968,0.0,0.9439697,1.0,0.22998016,0.84061867,0.0071840705,0.008277321,0.00304541,0.8161135,0.056030273,0.9439697
2834432,6712.71666415296,3.0,13.299927,500.0,15.413039,0.0,0.94421387,1.0,0.22950824,0.84041536,0.0027018948,0.010131392,-0.0023638015,0.81675816,0.055786133,0.94421387
2842624,6702.584097588495,3.0,13.306641,500.0,15.453013,0.0,0.9440918,1.0,0.22974436,0.84031177,0.0025083658,0.00926733,-0.0021253,0.81876785,0.055908203,0.9440918
2850816,6722.10654111335,3.0,13.352905,500.0,16.423521,0.0,0.9449463,1.0,0.22808506,0.84108603,0.0011597298,0.010027761,-0.0038541511,0.8216021,0.05505371,0.9449463
2859008,6709.345347240555,3.0,13.317261,500.0,16.969831,0.0,0.94311523,1.0,0.2316223,0.83996594,-0.00052002183,0.012010333,-0.0065251887,0.8154423,0.056884766,0.94311523
2867200,6723.973195486919,3.0,13.37854,500.0,17.79696,0.0,0.9415283,1.0,0.23463319,0.8385202,-0.002186264,0.012626151,-0.00849934,0.8117453,0.05847168,0.9415283
2875392,6719.219807378291,3.0,13.326416,500.0,17.692652,0.0,0.9423828,1.0,0.23301813,0.8395136,-0.00304349,0.008195275,-0.0071411277,0.80858773,0.057617188,0.9423828
2883584,6726.418909916395,3.0,13.316895,500.0,17.151537,0.0,0.9436035,1.0,0.23068576,0.840359,0.0015237979,0.010573716,-0.0037630606,0.8081872,0.056396484,0.9436035
2891776,6706.7824255196965,3.0,13.3688965,500.0,17.233212,0.0,0.9436035,1.0,0.23068576,0.8400415,0.0028224585,0.011184639,-0.0027698614,0.79767877,0.056396484,0.9436035
2899968,6700.809011447627,3.0,13.266968,500.0,15.961284,0.0,0.9412842,1.0,0.23509203,0.8380157,0.0021441327,0.014605877,-0.0051588058,0.7902794,0.05871582,0.9412842
2908160,6720.716760902813,3.0,13.247803,500.0,15.884113,0.0,0.9407959,1.0,0.23600629,0.837623,0.0006604651,0.010567168,-0.0046231193,0.7846875,0.0592041,0.9407959
2916352,6709.768542076877,3.0,13.262329,500.0,15.023749,0.0,0.94104004,1.0,0.23554973,0.8372319,0.00060523883,0.0075366828,-0.003163103,0.779328,0.05895996,0.94104004
2924544,6724.997072568477,3.0,13.394775,500.0,16.950508,0.0,0.9420166,1.0,0.23371203,0.8382,9.002141e-05,0.009592627,-0.0047062924,0.7789171,0.0579834,0.9420166
2932736,6715.979788577939,3.0,13.368164,500.0,16.805723,0.0,0.94262695,1.0,0.23255403,0.83899474,0.004716886,0.009903898,-0.00023506349,0.77024275,0.057373047,0.94262695
2940928,6731.125790927996,3.0,13.276489,500.0,15.825205,0.0,0.94311523,1.0,0.23162228,0.83964145,0.002205384,0.0081760725,-0.0018826525,0.76242465,0.056884766,0.94311523
2949120,6706.642352886064,3.0,13.350464,500.0,17.029705,0.0,0.94189453,1.0,0.23394278,0.8385806,0.0016602298,0.012158735,-0.0044191377,0.7593175,0.05810547,0.94189453
2957312,6714.941595197725,3.0,13.2717285,500.0,16.263527,0.0,0.9415283,1.0,0.23463319,0.8386946,0.0012105351,0.011888636,-0.004733783,0.76565576,0.05847168,0.9415283
2965504,6660.753820076084,3.0,13.325562,500.0,15.980154,0.0,0.9420166,1.0,0.23371205,0.83863664,0.0044863108,0.011105051,-0.001066216,0.7743904,0.0579834,0.9420166
2973696,6717.883758219255,3.0,13.406494,500.0,16.049685,0.0,0.9432373,1.0,0.2313886,0.83906704,-0.0047429493,0.00864277,-0.009064335,0.76748794,0.056762695,0.9432373
2981888,6724.040303844396,3.0,13.447876,500.0,16.047764,0.0,0.9440918,1.0,0.22974437,0.8394782,-0.0022557527,0.008121283,-0.0063163945,0.761044,0.055908203,0.9440918
2990080,6733.5133721813245,3.0,13.436401,500.0,16.05681,0.0,0.9436035,1.0,0.23068576,0.8390544,-0.0034933249,0.010712453,-0.008849551,0.763362,0.056396484,0.9436035
2998272,6711.295369561582,3.0,13.486572,500.0,16.295692,0.0,0.9440918,1.0,0.22974437,0.83934593,-0.00173071,0.008726687,-0.0060940543,0.76774526,0.055908203,0.9440918
3006464,6706.014061658327,3.0,13.5720215,500.0,17.31429,0.0,0.9458008,1.0,0.22641039,0.8407355,0.00039698847,0.00847177,-0.0038388974,0.76939535,0.05419922,0.9458008
3014656,6726.890355355192,3.0,13.567383,500.0,17.356361,0.0,0.9466553,1.0,0.22471996,0.8416083,0.0073105255,0.010252882,0.0021840844,0.76653016,0.053344727,0.9466553
3022848,6713.916841761975,3.0,13.764648,500.0,19.93303,0.0,0.946167,1.0,0.22568786,0.8412057,0.0022283294,0.010314323,-0.0029288316,0.76331806,0.053833008,0.946167
3031040,6730.632656471261,3.0,13.772339,500.0,20.615423,0.0,0.9460449,1.0,0.22592904,0.84149086,-0.00069261895,0.008065972,-0.0047256043,0.7584686,0.053955078,0.9460449
3039232,6741.426907248757,3.0,14.051636,500.0,22.640078,0.0,0.9453125,1.0,0.22736925,0.8400178,-0.000649785,0.008281859,-0.0047907145,0.754669,0.0546875,0.9453125
3047424,6729.637377897086,3.0,14.1171875,500.0,23.266947,0.0,0.94384766,1.0,0.23021568,0.8385424,0.00085167633,0.013043892,-0.00567027,0.7477147,0.056152344,0.94384766
3055616,6716.632269011381,3.0,14.232788,500.0,23.699022,0.0,0.94384766,1.0,0.23021568,0.83786297,-0.00014792243,0.008800959,-0.004548402,0.74405754,0.056152344,0.94384766
3063808,6732.446006390778,3.0,14.137207,500.0,22.907534,0.0,0.942749,1.0,0.23232153,0.83712745,0.00080148096,0.012300072,-0.005348555,0.74666476,0.057250977,0.942749
3072000,6720.347389058659,3.0,14.399658,500.0,24.26095,0.0,0.94384766,1.0,0.23021568,0.8370887,0.0024187332,0.009437183,-0.0022998583,0.74392575,0.056152344,0.94384766
3080192,6729.622879325152,3.0,14.535034,500.0,25.373331,0.0,0.9433594,1.0,0.23115464,0.8363354,0.00048905576,0.008764477,-0.0038931824,0.7416467,0.056640625,0.9433594
3088384,6719.3722321979285,3.0,14.490356,500.0,25.142239,0.0,0.94311523,1.0,0.2316223,0.83642685,0.00618874,0.0101449285,0.0011162758,0.7448745,0.056884766,0.94311523
3096576,6727.580523153646,3.0,14.549561,500.0,25.273035,0.0,0.94262695,1.0,0.23255403,0.83582556,0.004899534,0.009471942,0.00016356376,0.74161595,0.057373047,0.94262695
3104768,6725.842203415212,3.0,14.635254,500.0,25.88109,0.0,0.94091797,1.0,0.23577817,0.8342995,0.00030916114,0.010205876,-0.004793777,0.74305624,0.05908203,0.94091797
3112960,6717.295382019759,3.0,14.882324,500.0,27.256737,0.0,0.94055176,1.0,0.23646171,0.83358395,-0.0020958902,0.0072759795,-0.00573388,0.7428488,0.059448242,0.94055176
3121152,6725.6987004974235,3.0,15.033813,500.0,28.102543,0.0,0.9399414,1.0,0.23759536,0.8327058,0.017363627,0.009788958,0.012469147,0.7350983,0.060058594,0.9399414
3129344,6740.719349307678,3.0,15.052368,500.0,28.548365,0.0,0.9404297,1.0,0.23668902,0.8333287,0.0056184577,0.0065012095,0.0023678527,0.7351682,0.059570312,0.9404297
3137536,6733.316761461619,3.0,15.406006,500.0,30.968124,0.0,0.93933105,1.0,0.23872206,0.8319746,9.645475e-06,0.009303898,-0.004642304,0.7373066,0.060668945,0.93933105
3145728,6718.65090339754,3.0,15.664307,500.0,32.23173,0.0,0.9390869,1.0,0.2391708,0.83099747,0.0003894471,0.00877817,-0.003999638,0.7418949,0.060913086,0.9390869
3153920,6728.961283698184,3.0,15.795288,500.0,32.713917,0.0,0.93859863,1.0,0.24006505,0.830104,0.0030346885,0.009521668,-0.0017261461,0.7395804,0.061401367,0.93859863
3162112,6750.353555013541,3.0,15.613403,500.0,31.339834,0.0,0.93811035,1.0,0.240955,0.82962096,0.005415358,0.009877957,0.00047637906,0.7312031,0.06188965,0.93811035
3170304,6714.284194990082,3.0,15.76062,500.0,32.315628,0.0,0.9383545,1.0,0.24051057,0.82969666,0.0002623003,0.0072128507,-0.0033441244,0.7298791,0.061645508,0.9383545
3178496,6731.095462392166,3.0,15.870117,500.0,32.939606,0.0,0.9373779,1.0,0.24228194,0.82903874,-0.0003032512,0.011081424,-0.0058439616,0.72492856,0.06262207,0.9373779
3186688,6711.91809522284,3.0,15.733032,500.0,32.329792,0.0,0.93774414,1.0,0.24161968,0.8298803,-0.0004698243,0.008541855,-0.0047407513,0.7154134,0.06225586,0.93774414
3194880,6740.4641358869085,3.0,15.872681,500.0,32.770813,0.0,0.9399414,1.0,0.23759536,0.831272,0.0024388994,0.0070769265,-0.0010995644,0.7156248,0.060058594,0.9399414
3203072,6734.789641673534,3.0,16.026123,500.0,33.995144,0.0,0.9403076,1.0,0.236916,0.83170843,-0.0009411627,0.007598144,-0.0047402354,0.7164604,0.059692383,0.9403076
3211264,6749.6892031259395,3.0,16.018677,500.0,34.07193,0.0,0.9403076,1.0,0.236916,0.83197,0.0055791656,0.01032666,0.00041583506,0.7132155,0.059692383,0.9403076
3219456,6712.434717461196,3.0,16.053467,500.0,34.2464,0.0,0.9404297,1.0,0.23668902,0.83198595,0.00800352,0.009426887,0.003290075,0.7154508,0.059570312,0.9404297
3227648,6740.126966441131,3.0,16.12268,500.0,34.98763,0.0,0.93969727,1.0,0.23804685,0.83149266,-0.0014718908,0.009800767,-0.0063722744,0.71115613,0.060302734,0.93969727
3235840,6711.336007080162,3.0,16.210327,500.0,35.39157,0.0,0.9400635,1.0,0.2373692,0.8317513,0.0029469703,0.00929989,-0.0017029757,0.7040925,0.059936523,0.9400635
3244032,6722.728644070483,3.0,16.157349,500.0,35.33591,0.0,0.94018555,1.0,0.23714276,0.8320024,-0.00034038234,0.0099681,-0.0053244317,0.69717073,0.059814453,0.94018555
3252224,6733.472465649426,3.0,16.08191,500.0,35.7408,0.0,0.94091797,1.0,0.23577817,0.8335363,-0.0026916605,0.007838373,-0.006610847,0.6942651,0.05908203,0.94091797
3260416,6743.579589957407,3.0,16.139038,500.0,36.017513,0.0,0.94091797,1.0,0.23577817,0.8334869,-0.00012336031,0.00812119,-0.0041839555,0.6933105,0.05908203,0.94091797
3268608,6738.472019831184,3.0,15.852295,500.0,34.335682,0.0,0.9423828,1.0,0.23301813,0.8350483,-0.00312623,0.00802591,-0.007139185,0.6882814,0.057617188,0.9423828
3276800,6714.475759404979,3.0,15.6936035,500.0,33.949837,0.0,0.9425049,1.0,0.23278621,0.83599246,-0.0030147675,0.008362828,-0.0071961815,0.6811185,0.057495117,0.9425049
3284992,6711.309789269909,3.0,15.599121,500.0,33.39125,0.0,0.9437256,1.0,0.23045087,0.837221,-0.0025587848,0.008671016,-0.006894293,0.6713897,0.056274414,0.9437256
3293184,6736.450704136989,3.0,15.624023,500.0,33.751682,0.0,0.9439697,1.0,0.22998017,0.83746606,0.003580482,0.008095584,-0.00046731008,0.66099626,0.056030273,0.9439697
3301376,6720.916580388818,3.0,15.374756,500.0,32.210903,0.0,0.9454346,1.0,0.22713,0.8388713,0.0016117122,0.007941026,-0.002358801,0.659903,0.05456543,0.9454346
3309568,6718.389476372246,3.0,15.390137,500.0,32.218178,0.0,0.946167,1.0,0.22568786,0.8394718,0.00020189094,0.00895864,-0.004277428,0.6606113,0.053833008,0.946167
3317760,6768.940642479011,3.0,15.61377,500.0,34.063892,0.0,0.9453125,1.0,0.22736925,0.8389654,-0.00026395125,0.007981912,-0.004254908,0.6593337,0.0546875,0.9453125
3325952,6723.992933100066,3.0,15.409058,500.0,33.215225,0.0,0.9448242,1.0,0.22832304,0.8393158,-0.0026863022,0.007312887,-0.0063427454,0.65820384,0.05517578,0.9448242
3334144,6718.083409277321,3.0,15.355835,500.0,33.04383,0.0,0.94470215,1.0,0.2285607,0.8393426,-0.00022044603,0.010137358,-0.005289125,0.65188605,0.05529785,0.94470215
3342336,6708.3406371371175,3.0,15.504272,500.0,33.73102,0.0,0.9456787,1.0,0.22665057,0.8398192,-0.00014313753,0.0078037167,-0.0040449966,0.65585303,0.05432129,0.9456787
3350528,6718.6903162716535,3.0,15.498047,500.0,33.343735,0.0,0.9473877,1.0,0.22325824,0.8408884,0.0026967516,0.009440948,-0.0020237232,0.6601541,0.052612305,0.9473877
3358720,6740.7934044875665,3.0,15.564819,500.0,33.484264,0.0,0.9482422,1.0,0.22153768,0.84127885,0.0021049522,0.0080553135,-0.0019227036,0.6561246,0.051757812,0.9482422
3366912,6714.528244713979,3.0,15.479248,500.0,33.11876,0.0,0.9494629,1.0,0.21905047,0.8424208,-0.0015608382,0.009819883,-0.00647078,0.6530678,0.05053711,0.9494629
3375104,6729.497666985256,3.0,15.411255,500.0,32.356262,0.0,0.9494629,1.0,0.21905047,0.8420893,0.0009979488,0.0110884365,-0.00454627,0.6504634,0.05053711,0.9494629
3383296,6722.561598776625,3.0,15.16272,500.0,30.448534,0.0,0.94873047,1.0,0.22054698,0.841266,-0.002397167,0.012129115,-0.008461725,0.6464936,0.05126953,0.94873047
3391488,6725.11948490986,3.0,14.920654,500.0,28.590626,0.0,0.9498291,1.0,0.21829745,0.8423819,-1.8276856e-05,0.010995028,-0.0055157905,0.6451371,0.0501709,0.9498291
3399680,6720.439399599665,3.0,14.860962,500.0,27.817772,0.0,0.9494629,1.0,0.21905047,0.841837,-7.470441e-05,0.010221332,-0.0051853703,0.6441315,0.05053711,0.9494629
3407872,6729.506892998655,3.0,14.7948,500.0,27.332512,0.0,0.94921875,1.0,0.21955071,0.84172237,-0.0004236675,0.011181413,-0.006014373,0.64410317,0.05078125,0.94921875
3416064,6706.697333969915,3.0,14.518555,500.0,25.162512,0.0,0.94836426,1.0,0.2212905,0.84141326,-0.0032896246,0.01231767,-0.00944846,0.6399975,0.051635742,0.94836426
3424256,6725.5604695322545,3.0,14.386475,500.0,24.64021,0.0,0.9482422,1.0,0.22153768,0.8417282,-0.0028184468,0.010169929,-0.007903411,0.63634455,0.051757812,0.9482422
3432448,6729.736233461734,3.0,14.091553,500.0,22.049353,0.0,0.94873047,1.0,0.22054698,0.84235895,0.0013927193,0.009590169,-0.003402365,0.632513,0.05126953,0.94873047
3440640,6717.916594748958,3.0,14.009399,500.0,20.624094,0.0,0.94763184,1.0,0.22276834,0.8407849,0.0003207724,0.011367182,-0.00536282,0.6248752,0.052368164,0.94763184
3448832,6739.6761376575605,3.0,13.770874,500.0,18.582787,0.0,0.9484863,1.0,0.22104299,0.8422444,-0.0006046301,0.009834326,-0.005521793,0.6220404,0.051513672,0.9484863
3457024,6713.658406615544,3.0,13.557373,500.0,16.484713,0.0,0.94799805,1.0,0.22203095,0.8421593,-0.00047658355,0.008242566,-0.004597867,0.61575925,0.052001953,0.94799805
3465216,6709.792127260495,3.0,13.316772,500.0,13.853917,0.0,0.94799805,1.0,0.22203097,0.842791,0.0040852614,0.0082862945,-5.788647e-05,0.60400933,0.052001953,0.94799805
3473408,6701.07168582578,3.0,13.245117,500.0,13.521331,0.0,0.9472656,1.0,0.22350271,0.84261394,-0.00060528377,0.00928957,-0.005250069,0.6028709,0.052734375,0.9472656
3481600,6727.911168965844,3.0,13.213745,500.0,13.245277,0.0,0.9477539,1.0,0.2225229,0.8430153,-0.003970741,0.009387337,-0.008664409,0.5991466,0.052246094,0.9477539
3489792,6718.723160686644,3.0,13.087158,500.0,12.221506,0.0,0.94799805,1.0,0.22203097,0.8437698,-0.0013533343,0.010474632,-0.0065906504,0.58972186,0.052001953,0.94799805
3497984,6715.77501200581,3.0,13.093506,500.0,12.012802,0.0,0.9494629,1.0,0.21905047,0.8448467,-0.0019507944,0.004694602,-0.0042980947,0.57928157,0.05053711,0.9494629
3506176,6723.489002335041,3.0,13.035645,500.0,11.738262,0.0,0.94885254,1.0,0.22029841,0.8445815,6.2520616e-05,0.011298318,-0.005586638,0.577595,0.05114746,0.94885254
3514368,6727.623992659864,3.0,13.02417,500.0,11.65257,0.0,0.94921875,1.0,0.21955071,0.84498715,-0.00067920284,0.009497333,-0.005427869,0.57980746,0.05078125,0.94921875
3522560,6718.654844664143,3.0,13.015625,500.0,11.589496,0.0,0.9506836,1.0,0.21652782,0.84627974,0.0005361282,0.008884948,-0.0039063464,0.5779773,0.049316406,0.9506836
3530752,6708.864568353717,3.0,13.02124,500.0,11.508745,0.0,0.9505615,1.0,0.2167817,0.8460538,-0.0030290927,0.009678402,-0.007868294,0.5754235,0.049438477,0.9505615
3538944,6727.9585949346465,3.0,13.057495,500.0,11.363028,0.0,0.9506836,1.0,0.21652782,0.8458967,-0.000389221,0.010137022,-0.005457732,0.57676613,0.049316406,0.9506836
3547136,6720.139717384289,3.0,13.029297,500.0,11.494558,0.0,0.95202637,1.0,0.21371044,0.8474847,-0.0037646282,0.008331107,-0.007930182,0.57462406,0.047973633,0.95202637
3555328,6712.847810219549,3.0,13.006348,500.0,10.06975,0.0,0.9526367,1.0,0.2124147,0.84755266,-0.0035765204,0.00865743,-0.0079052355,0.5612299,0.04736328,0.9526367
3563520,6732.240224461965,3.0,12.941162,500.0,9.951221,0.0,0.9511719,1.0,0.21550857,0.8467289,0.0006869506,0.01232951,-0.0054778056,0.55405885,0.048828125,0.9511719
3571712,6731.037443346017,3.0,12.91333,500.0,9.76979,0.0,0.9499512,1.0,0.21804574,0.84575903,0.00024028239,0.010158466,-0.0048389514,0.5567677,0.050048828,0.9499512
3579904,6715.789450970259,3.0,12.830078,207.0,7.950972,0.0,0.951416,1.0,0.2149967,0.8472136,-0.0021985718,0.0075308774,-0.0059640105,0.55180377,0.048583984,0.951416
3588096,6706.074267800801,3.0,12.829346,207.0,8.069412,0.0,0.9530029,1.0,0.21163255,0.8486845,-0.003945698,0.0077388664,-0.007815131,0.54364717,0.04699707,0.9530029
3596288,6717.7261473449435,3.0,12.828613,207.0,8.080114,0.0,0.95202637,1.0,0.21371044,0.84784913,-0.0009275154,0.011512312,-0.006683671,0.53688467,0.047973633,0.95202637
3604480,6719.041111223661,3.0,12.750977,207.0,8.014757,0.0,0.951416,1.0,0.2149967,0.8479413,-0.0040664542,0.008009876,-0.008071393,0.52938265,0.048583984,0.951416
3612672,6723.440323729464,3.0,12.707031,207.0,7.9676228,0.0,0.9511719,1.0,0.21550857,0.8481544,0.0020349668,0.011141042,-0.0035355533,0.52115685,0.048828125,0.9511719
3620864,6727.696443085232,3.0,12.722412,207.0,7.977911,0.0,0.9517822,1.0,0.2142261,0.8485784,0.0035917878,0.00942515,-0.0011207861,0.5175509,0.048217773,0.9517822
3629056,6717.430646888023,3.0,12.708862,207.0,8.200956,0.0,0.9515381,1.0,0.2147402,0.8485872,0.0015437515,0.010913806,-0.003913152,0.5176976,0.048461914,0.9515381
3637248,6710.925721830401,3.0,12.634155,207.0,8.25036,0.0,0.9532471,1.0,0.21110918,0.8508272,0.0012426508,0.007990392,-0.002752545,0.51539826,0.04675293,0.9532471
3645440,6726.279332605496,3.0,12.618286,241.0,8.534993,0.0,0.9522705,1.0,0.2131933,0.85010016,-0.0013719255,0.010781551,-0.0067627,0.51716596,0.047729492,0.9522705
3653632,6720.159432498164,3.0,12.619141,241.0,8.367255,0.0,0.9510498,1.0,0.21576391,0.8488513,-0.0054569934,0.011405768,-0.011159877,0.51577324,0.048950195,0.9510498
3661824,6707.882264446802,3.0,12.646851,241.0,8.377123,0.0,0.9505615,1.0,0.2167817,0.84820616,-0.0029750655,0.010788677,-0.008369405,0.51406217,0.049438477,0.9505615
3670016,6700.618226054371,3.0,12.71521,500.0,9.996366,0.0,0.9511719,1.0,0.21550857,0.8487323,0.006552644,0.010282669,0.0014113096,0.510776,0.048828125,0.9511719
3678208,6719.426108141734,3.0,12.65686,500.0,10.00475,0.0,0.9498291,1.0,0.21829745,0.8480664,0.0006908962,0.0127582,-0.0056882044,0.5078233,0.0501709,0.9498291
3686400,6718.199002156058,3.0,12.591187,500.0,9.870536,0.0,0.94873047,1.0,0.22054698,0.84766984,0.0015390785,0.0107855685,-0.0038537062,0.50468767,0.05126953,0.94873047
3694592,6722.990408904156,3.0,12.579712,500.0,9.864734,0.0,0.94836426,1.0,0.2212905,0.8473474,-0.002258595,0.0102075515,-0.007362371,0.49594197,0.051635742,0.94836426
3702784,6705.631908746505,3.0,12.623657,500.0,9.9442215,0.0,0.94628906,1.0,0.22544639,0.845163,0.0020289905,0.0116526885,-0.003797353,0.4877808,0.053710938,0.94628906
3710976,6711.203609233093,3.0,12.613037,500.0,9.91872,0.0,0.9453125,1.0,0.22736925,0.84430814,-0.0020449231,0.011203377,-0.0076466124,0.48751256,0.0546875,0.9453125
3719168,6709.446227850702,3.0,12.602051,500.0,9.935883,0.0,0.9460449,1.0,0.22592902,0.84503603,0.00046436372,0.009856934,-0.004464103,0.48772997,0.053955078,0.9460449
3727360,6707.316587948797,3.0,12.60437,500.0,9.715903,0.0,0.94384766,1.0,0.23021568,0.84288013,-0.00018948363,0.012737259,-0.0065581133,0.49512264,0.056152344,0.94384766
3735552,6721.088802768578,3.0,12.609253,500.0,10.218943,0.0,0.9449463,1.0,0.22808507,0.8440383,0.0016896215,0.008403001,-0.0025118804,0.49533045,0.05505371,0.9449463
3743744,6722.161776041532,3.0,12.716431,500.0,11.757313,0.0,0.94506836,1.0,0.22784677,0.8438004,0.003559377,0.007213645,-4.744646e-05,0.4867553,0.05493164,0.94506836
3751936,6722.615525877473,3.0,12.74585,500.0,11.729437,0.0,0.9451904,1.0,0.22760816,0.8435994,-0.0050655976,0.011332905,-0.010732051,0.4755012,0.05480957,0.9451904
3760128,6722.2025452612515,3.0,12.727539,500.0,11.706806,0.0,0.94628906,1.0,0.22544639,0.84472823,-0.002300255,0.006590147,-0.0055953283,0.4699243,0.053710938,0.94628906
3768320,6729.682192059855,3.0,12.67688,500.0,11.689713,0.0,0.9470215,1.0,0.2239906,0.8457023,-0.0028527048,0.009314365,-0.0075098877,0.47255892,0.052978516,0.9470215
3776512,6718.375026225522,3.0,12.630981,500.0,10.353938,0.0,0.94750977,1.0,0.22301348,0.8460188,-0.0016066754,0.010075029,-0.0066441903,0.4797178,0.052490234,0.94750977
3784704,6708.32884962608,3.0,12.645752,500.0,10.330074,0.0,0.94921875,1.0,0.21955071,0.84733677,-0.003230618,0.007908846,-0.007185041,0.48268992,0.05078125,0.94921875
3792896,6710.949315149829,3.0,12.64502,500.0,10.3321295,0.0,0.95007324,1.0,0.21779364,0.8480887,0.0015379583,0.0099862665,-0.0034551749,0.48691207,0.049926758,0.95007324
3801088,6706.201227775048,3.0,12.665283,500.0,10.553183,0.0,0.94958496,1.0,0.21879983,0.8477298,-0.0014247212,0.012344784,-0.007597114,0.49249715,0.05041504,0.94958496
3809280,6723.339021864128,3.0,12.621094,500.0,10.503439,0.0,0.9515381,1.0,0.21474019,0.8498546,0.004502276,0.008291541,0.00035650528,0.50040984,0.048461914,0.9515381
3817472,6724.619333545224,3.0,12.658325,500.0,10.538843,0.0,0.9526367,1.0,0.2124147,0.85053897,-0.0008091704,0.008146821,-0.0048825806,0.49807224,0.04736328,0.9526367
3825664,6701.5618050197345,3.0,12.649658,500.0,10.552478,0.0,0.9522705,1.0,0.2131933,0.85030216,0.00040538143,0.008786031,-0.0039876346,0.4879017,0.047729492,0.9522705
3833856,6712.62486495526,3.0,12.745117,500.0,12.559399,0.0,0.9532471,1.0,0.21110918,0.8512386,0.0033848085,0.0115596,-0.002394992,0.49053365,0.04675293,0.9532471
3842048,6711.045000868185,3.0,12.663452,500.0,10.293776,0.0,0.9527588,1.0,0.21215437,0.85052544,-0.0027659568,0.010496658,-0.008014287,0.49443704,0.04724121,0.9527588
3850240,6710.465685256842,3.0,12.667114,500.0,10.267381,0.0,0.95251465,1.0,0.2126746,0.8502618,0.000341077,0.009136799,-0.0042273216,0.4961776,0.04748535,0.95251465
3858432,6717.8929524152145,3.0,12.636719,500.0,10.313002,0.0,0.9536133,1.0,0.21032116,0.85164785,-0.0015080788,0.007887124,-0.005451641,0.48621508,0.04638672,0.9536133
3866624,6709.380720615627,3.0,12.694458,500.0,10.29658,0.0,0.953125,1.0,0.21137108,0.8507087,-0.0037849592,0.006848561,-0.00720924,0.4724741,0.046875,0.953125
3874816,6730.474446822676,3.0,12.678345,500.0,10.285449,0.0,0.95288086,1.0,0.21189366,0.85063374,-0.0011509751,0.007915569,-0.0051087597,0.4693188,0.04711914,0.95288086
3883008,6712.483236832512,3.0,12.663086,500.0,10.316796,0.0,0.9534912,1.0,0.21058424,0.85125065,0.0035997706,0.009077501,-0.000938979,0.46757433,0.04650879,0.9534912
3891200,6707.7670263106165,3.0,12.686401,500.0,10.3388,0.0,0.9523926,1.0,0.21293415,0.85011095,-0.0031309063,0.010481259,-0.008371537,0.4622704,0.047607422,0.9523926
3899392,6708.424460632514,3.0,12.714844,500.0,10.127085,0.0,0.9532471,1.0,0.21110918,0.8504983,-0.0006753023,0.007707121,-0.0045288634,0.45821285,0.04675293,0.9532471
3907584,6714.277634758493,3.0,12.756592,500.0,11.482666,0.0,0.9544678,1.0,0.20846832,0.85176545,-0.0004697661,0.009547714,-0.0052436236,0.4582277,0.045532227,0.9544678
3915776,6712.719287024074,3.0,12.793457,500.0,11.694394,0.0,0.9543457,1.0,0.20873424,0.85143137,0.01693267,0.007746732,0.013059304,0.4601016,0.045654297,0.9543457
3923968,6713.104871375463,3.0,12.796875,500.0,11.705669,0.0,0.9550781,1.0,0.20713256,0.85203284,-0.0035482156,0.008234827,-0.0076656276,0.46297756,0.044921875,0.9550781
3932160,6726.586146964106,3.0,12.730225,500.0,10.8967085,0.0,0.95458984,1.0,0.208202,0.85166943,-0.004319668,0.009651512,-0.009145425,0.46158734,0.045410156,0.95458984
3940352,6735.266222049461,3.0,12.683228,500.0,9.485745,0.0,0.9559326,1.0,0.20524484,0.85275805,-0.0041572275,0.007763003,-0.008038729,0.46257207,0.044067383,0.9559326
3948544,6732.604308742812,3.0,12.641846,500.0,9.506109,0.0,0.95654297,1.0,0.20388359,0.8536458,-0.006113773,0.008891095,-0.01055932,0.4598187,0.04345703,0.95654297
3956736,6710.174754513339,3.0,12.730469,500.0,10.091952,0.0,0.95751953,1.0,0.20168261,0.8540232,-0.006314202,0.0062717646,-0.0094500845,0.45180154,0.04248047,0.95751953
3964928,6721.080914527778,3.0,12.725464,500.0,10.046447,0.0,0.9577637,1.0,0.20112787,0.85415167,-0.0015600956,0.006330261,-0.0047252267,0.44555095,0.042236328,0.9577637
3973120,6705.833449716991,3.0,12.751587,500.0,10.394897,0.0,0.9577637,1.0,0.20112787,0.8541031,-0.00052034424,0.0072031813,-0.004121934,0.44774038,0.042236328,0.9577637
3981312,6699.637028996429,3.0,12.783325,500.0,10.975204,0.0,0.9588623,1.0,0.1986086,0.8549874,-0.0026856817,0.0065541863,-0.005962776,0.448828,0.041137695,0.9588623
3989504,6717.631584370165,3.0,12.812622,500.0,10.939014,0.0,0.9588623,1.0,0.1986086,0.8547543,-0.0051021785,0.009301697,-0.009753028,0.44411105,0.041137695,0.9588623
3997696,6735.942263360488,3.0,12.786743,500.0,11.073852,0.0,0.95788574,1.0,0.20084979,0.85414076,-0.00076079264,0.011287833,-0.0064047086,0.43766543,0.042114258,0.95788574
4005888,6708.922205783892,3.0,12.782959,500.0,11.046478,0.0,0.95739746,1.0,0.20195931,0.85363483,-0.002415318,0.008535563,-0.0066830995,0.4341019,0.04260254,0.95739746
4014080,6724.346913968998,3.0,12.74585,327.0,9.735107,0.0,0.9584961,1.0,0.19945258,0.8545583,-0.0011172303,0.008138297,-0.005186379,0.43337896,0.041503906,0.9584961
4022272,6712.283918487717,3.0,12.762573,327.0,9.495021,0.0,0.95788574,1.0,0.20084979,0.8537939,-0.0032813896,0.008466158,-0.007514469,0.4351298,0.042114258,0.95788574
4030464,6711.506427839916,3.0,12.778687,327.0,9.468774,0.0,0.95947266,1.0,0.19719249,0.85512316,-0.0014083304,0.005950486,-0.004383573,0.42828646,0.040527344,0.95947266
4038656,6732.815390126122,3.0,12.689819,327.0,9.401141,0.0,0.9597168,1.0,0.19662265,0.8561438,-4.666194e-05,0.007641094,-0.0038672092,0.4239271,0.040283203,0.9597168
4046848,6719.737554309818,3.0,12.728394,500.0,10.809704,0.0,0.9593506,1.0,0.19747667,0.855982,0.0010107299,0.007993437,-0.0029859887,0.42278868,0.040649414,0.9593506
4055040,6707.008910473633,3.0,12.681641,500.0,10.80387,0.0,0.9604492,1.0,0.1949013,0.85741836,-0.0028768168,0.0071893875,-0.006471511,0.428727,0.03955078,0.9604492
4063232,6714.931096777825,3.0,12.637085,500.0,10.451876,0.0,0.95910645,1.0,0.19804358,0.8564286,0.00036684552,0.009499175,-0.004382742,0.4362033,0.040893555,0.95910645
4071424,6708.50566664135,3.0,12.572754,500.0,10.170535,0.0,0.95825195,1.0,0.20001286,0.85616827,0.0019860722,0.008614028,-0.0023209425,0.4374512,0.041748047,0.95825195
4079616,6721.393828946658,3.0,12.533081,500.0,9.575251,0.0,0.9580078,1.0,0.2005713,0.85607636,-0.0033714017,0.0076446906,-0.0071937465,0.43602267,0.041992188,0.9580078
4087808,6733.010652189931,3.0,12.576416,500.0,10.954106,0.0,0.95751953,1.0,0.20168261,0.85578847,-0.0025397467,0.009301771,-0.007190633,0.43314233,0.04248047,0.95751953
4096000,6713.954887194538,3.0,12.575317,500.0,10.983383,0.0,0.9589844,1.0,0.19832635,0.8570821,-0.0028067557,0.007590251,-0.0066018803,0.4229573,0.041015625,0.9589844
4104192,6728.240529772691,3.0,12.540161,500.0,10.848537,0.0,0.95947266,1.0,0.19719249,0.8577894,0.014385706,0.008696661,0.010037374,0.40731305,0.040527344,0.95947266
4112384,6713.297680162856,3.0,12.540894,500.0,10.78021,0.0,0.95874023,1.0,0.19889042,0.8570193,0.0010573405,0.008855092,-0.0033702047,0.40334052,0.041259766,0.95874023
4120576,6713.558711065069,3.0,12.5373535,500.0,10.77977,0.0,0.9589844,1.0,0.19832635,0.8572249,-0.0008813896,0.009339985,-0.005551382,0.39783722,0.041015625,0.9589844
4128768,6734.381763562993,3.0,12.502197,500.0,10.721585,0.0,0.95874023,1.0,0.19889042,0.85722256,-0.0038960564,0.008265912,-0.008029012,0.3956233,0.041259766,0.95874023
4136960,6716.020482845675,3.0,12.493774,500.0,10.7322235,0.0,0.9577637,1.0,0.20112787,0.85645777,4.185806e-05,0.010173199,-0.0050447406,0.38699815,0.042236328,0.9577637
4145152,6711.98627431331,3.0,12.516846,500.0,9.307542,0.0,0.95654297,1.0,0.20388359,0.85462946,0.0028723553,0.009981107,-0.0021181987,0.3759931,0.04345703,0.95654297
4153344,6724.307434702192,3.0,12.534424,500.0,9.442778,0.0,0.95581055,1.0,0.2055158,0.85388196,-0.0025491526,0.0077028465,-0.0064005763,0.3752688,0.044189453,0.95581055
4161536,6718.109680036837,3.0,12.537476,500.0,9.449525,0.0,0.95495605,1.0,0.20740053,0.8530545,-0.0015194509,0.010448435,-0.0067436686,0.37325078,0.045043945,0.95495605
4169728,6716.012606497303,3.0,12.525269,500.0,9.174076,0.0,0.95458984,1.0,0.208202,0.85270166,0.0021887948,0.009469706,-0.002546058,0.37326106,0.045410156,0.95458984
4177920,6720.519582268412,3.0,12.54187,500.0,9.181477,0.0,0.9543457,1.0,0.20873424,0.85237265,0.00078582496,0.008612026,-0.0035201875,0.3709882,0.045654297,0.9543457
4186112,6707.028548618031,3.0,12.504395,469.0,9.0032,0.0,0.9543457,1.0,0.20873424,0.85255706,0.004631561,0.008041968,0.00061057834,0.36838183,0.045654297,0.9543457
4194304,6711.811895937213,3.0,12.518677,469.0,9.02804,0.0,0.9552002,1.0,0.20686415,0.85327363,0.0012101599,0.006795229,-0.0021874546,0.36162007,0.044799805,0.9552002
4202496,6715.513808733831,3.0,12.472534,469.0,8.941568,0.0,0.95532227,1.0,0.20659535,0.8536994,0.00012329558,0.0084875375,-0.004120473,0.35796282,0.044677734,0.95532227
4210688,6737.6567420122565,3.0,12.43689,469.0,9.076144,0.0,0.9560547,1.0,0.20497346,0.85472524,-0.002315856,0.007921852,-0.006276783,0.35955042,0.043945312,0.9560547
4218880,6696.508525347823,3.0,12.493652,500.0,10.587109,0.0,0.95422363,1.0,0.20899972,0.85311604,0.00052760704,0.010790755,-0.0048677702,0.3508994,0.045776367,0.95422363
4227072,6727.432994472538,3.0,12.487427,500.0,10.651809,0.0,0.9547119,1.0,0.20793524,0.8536689,0.023271022,0.007880815,0.019330615,0.34835428,0.045288086,0.9547119
4235264,6735.859071267735,3.0,12.570557,500.0,13.090036,0.0,0.9550781,1.0,0.20713256,0.8543025,0.004390156,0.008174878,0.00030271884,0.35402167,0.044921875,0.9550781
4243456,6710.271728624858,3.0,12.640747,500.0,14.628136,0.0,0.9556885,1.0,0.2057863,0.8549268,-0.0044930344,0.008593042,-0.008789555,0.35615787,0.044311523,0.9556885
4251648,6706.184212241807,3.0,12.703735,500.0,15.599041,0.0,0.9555664,1.0,0.20605642,0.8548115,-0.0010482249,0.008963528,-0.00552999,0.35572773,0.044433594,0.9555664
4259840,6720.938929359577,3.0,12.708008,500.0,15.7995,0.0,0.95544434,1.0,0.20632608,0.8548504,-0.0011866484,0.009487158,-0.005930227,0.35445243,0.044555664,0.95544434
4268032,6715.9850394234845,3.0,12.74646,500.0,15.788729,0.0,0.95654297,1.0,0.20388359,0.85547054,-0.004859226,0.0070132664,-0.008365859,0.3517807,0.04345703,0.95654297
4276224,6725.827721191569,3.0,12.872925,500.0,17.618774,0.0,0.9564209,1.0,0.2041567,0.85535574,0.0070633744,0.008133289,0.0029967302,0.3495062,0.0435791,0.9564209
4284416,6746.61711674564,3.0,12.8342285,500.0,17.584412,0.0,0.9572754,1.0,0.20223555,0.85638803,0.001531308,0.008407874,-0.002672629,0.3450016,0.04272461,0.9572754
4292608,6716.462900740439,3.0,12.843994,500.0,17.284115,0.0,0.9559326,1.0,0.20524484,0.85511583,-0.000105301035,0.010206935,-0.005208769,0.34501418,0.044067383,0.9559326
4300800,6727.502806345517,3.0,12.874512,500.0,17.403448,0.0,0.9550781,1.0,0.20713256,0.8542079,0.001096787,0.009747849,-0.003777138,0.33413148,0.044921875,0.9550781
4308992,6719.3630339524025,3.0,12.877075,500.0,17.342255,0.0,0.953125,1.0,0.21137108,0.85234237,0.001020385,0.011701731,-0.0048304796,0.32779843,0.046875,0.953125
4317184,6729.160275874171,3.0,12.975464,500.0,18.143929,0.0,0.9536133,1.0,0.21032116,0.8524273,-0.0019522752,0.007038389,-0.0054714703,0.32254636,0.04638672,0.9536133
4325376,6727.209079373644,3.0,12.948364,500.0,17.404284,0.0,0.9543457,1.0,0.20873424,0.85282457,-0.0011790576,0.008769004,-0.005563559,0.31158572,0.045654297,0.9543457
4333568,6717.617137483455,3.0,12.895142,500.0,17.339573,0.0,0.9526367,1.0,0.2124147,0.85167885,-0.0042615253,0.011242791,-0.009882921,0.30380794,0.04736328,0.9526367
4341760,6720.793006410035,3.0,12.701172,500.0,14.284192,0.0,0.9534912,1.0,0.21058422,0.8524032,-0.002052986,0.0076040416,-0.005855007,0.30619082,0.04650879,0.9534912
4349952,6717.840414491564,3.0,12.680298,500.0,14.2809925,0.0,0.95373535,1.0,0.21005766,0.8528681,-0.0027097443,0.009556251,-0.0074878694,0.3067147,0.04626465,0.95373535
4358144,6721.570020473949,3.0,12.603394,500.0,13.531568,0.0,0.954834,1.0,0.20766811,0.85424817,-0.00052163313,0.008662308,-0.0048527867,0.30790147,0.045166016,0.954834
4366336,6700.735832204185,3.0,12.546997,500.0,13.347718,0.0,0.95288086,1.0,0.21189366,0.85285246,-0.0006846365,0.009658638,-0.005513956,0.31318957,0.04711914,0.95288086
4374528,6702.969826066753,3.0,12.60144,500.0,13.925749,0.0,0.9532471,1.0,0.21110918,0.8530339,-0.0013384882,0.00826142,-0.0054691983,0.3109871,0.04675293,0.9532471
4382720,6741.686161916678,3.0,12.489746,500.0,12.711095,0.0,0.9530029,1.0,0.21163255,0.8532427,0.0018313234,0.008870026,-0.0026036897,0.30654684,0.04699707,0.9530029
4390912,6713.775159116315,3.0,12.529297,500.0,12.720204,0.0,0.9539795,1.0,0.2095295,0.8538979,-0.001024638,0.0084874425,-0.0052683586,0.30856544,0.046020508,0.9539795
4399104,6723.857403823744,3.0,12.4696045,500.0,12.462485,0.0,0.9543457,1.0,0.20873424,0.85457623,-0.0011487444,0.009416876,-0.005857182,0.3074522,0.045654297,0.9543457
4407296,6730.117184063055,3.0,12.478638,500.0,12.50949,0.0,0.9552002,1.0,0.20686415,0.85527503,-0.0016217567,0.008080176,-0.0056618447,0.305278,0.044799805,0.9552002
4415488,6715.986352136153,3.0,12.456787,500.0,11.297938,0.0,0.95666504,1.0,0.20361,0.85627794,-0.0049534272,0.0065787304,-0.008242792,0.29705477,0.04333496,0.95666504
4423680,6715.214565638009,3.0,12.533813,500.0,12.271807,0.0,0.95666504,1.0,0.20361,0.8561225,0.00012854417,0.0076195914,-0.0036812518,0.29161167,0.04333496,0.95666504
4431872,6716.4694652429835,3.0,12.580566,500.0,12.369183,0.0,0.95654297,1.0,0.20388359,0.8557001,0.0009647609,0.0090550035,-0.0035627403,0.29091233,0.04345703,0.95654297
4440064,6731.251063863133,3.0,12.658569,500.0,12.822214,0.0,0.9584961,1.0,0.19945258,0.8571049,0.002247518,0.007629122,-0.0015670437,0.2935408,0.041503906,0.9584961
4448256,6698.744924823757,3.0,12.746338,500.0,13.468336,0.0,0.958374,1.0,0.19973294,0.8565346,0.00682595,0.00821511,0.0027183946,0.2938873,0.041625977,0.958374
4456448,6711.397619740566,3.0,12.82666,500.0,13.971004,0.0,0.9580078,1.0,0.2005713,0.8558203,-0.00095416047,0.008754381,-0.005331351,0.2932547,0.041992188,0.9580078
4464640,6707.880954900285,3.0,12.91272,500.0,14.263771,0.0,0.95703125,1.0,0.20278668,0.8545217,-0.000470647,0.009611954,-0.005276624,0.2879396,0.04296875,0.95703125
4472832,6732.001480424637,3.0,12.947754,500.0,14.045996,0.0,0.9581299,1.0,0.2002923,0.8551272,-0.0040785726,0.0066116233,-0.007384384,0.27950856,0.041870117,0.9581299
4481024,6707.261596711309,3.0,12.923706,500.0,13.849591,0.0,0.9584961,1.0,0.19945258,0.8556168,-0.0009814237,0.007221968,-0.0045924075,0.27255338,0.041503906,0.9584961
4489216,6716.616513463048,3.0,12.894897,414.0,12.832723,0.0,0.95983887,1.0,0.19633698,0.8565501,-0.004899607,0.0062426035,-0.0080209095,0.25825986,0.040161133,0.95983887
4497408,6724.448246209054,3.0,12.864136,500.0,13.436236,0.0,0.95947266,1.0,0.19719249,0.8565934,-0.0031573714,0.008455534,-0.007385139,0.24548301,0.040527344,0.95947266
4505600,6713.844687815569,3.0,12.871948,500.0,13.437394,0.0,0.9604492,1.0,0.1949013,0.8574351,0.0009969482,0.007927805,-0.0029669544,0.24797174,0.03955078,0.9604492
4513792,6725.807972805292,3.0,12.849731,500.0,13.468197,0.0,0.95996094,1.0,0.19605085,0.8572794,0.0026458867,0.008799686,-0.0017539569,0.24848798,0.040039062,0.95996094
4521984,6726.952253937725,3.0,12.746948,500.0,12.769012,0.0,0.9593506,1.0,0.19747667,0.8572214,-0.0027726972,0.008415262,-0.006980328,0.2469587,0.040649414,0.9593506
4530176,6715.469183071416,3.0,12.771973,500.0,13.570571,0.0,0.9595947,1.0,0.19690782,0.8576251,0.0019201895,0.0073064356,-0.0017330283,0.2436766,0.040405273,0.9595947
4538368,6705.626674077521,3.0,12.775879,500.0,14.114896,0.0,0.9589844,1.0,0.19832635,0.85722315,-0.0013746286,0.0081193885,-0.0054343226,0.24725384,0.041015625,0.9589844
4546560,6718.516903084264,3.0,12.794678,500.0,14.751303,0.0,0.9595947,1.0,0.1969078,0.8579221,-0.0011570241,0.006355759,-0.004334904,0.2512117,0.040405273,0.9595947
4554752,6727.267032440123,3.0,12.725464,500.0,13.626745,0.0,0.96032715,1.0,0.19518943,0.8585092,0.004079722,0.00750672,0.00032636186,0.25026694,0.03967285,0.96032715
4562944,6717.894265873834,3.0,12.753174,500.0,14.103382,0.0,0.96118164,1.0,0.19316183,0.85929775,-0.002106225,0.0058417763,-0.005027113,0.25310236,0.03881836,0.96118164
4571136,6708.335398238209,3.0,12.739502,500.0,14.405564,0.0,0.96240234,1.0,0.19022112,0.860361,-0.0029560577,0.0061706766,-0.0060413964,0.25546485,0.037597656,0.96240234
4579328,6717.84698168708,3.0,12.81604,500.0,14.990523,0.0,0.96240234,1.0,0.19022112,0.860193,0.0022713316,0.006920964,-0.001189149,0.2492637,0.037597656,0.96240234
4587520,6714.684393359994,3.0,12.9453125,500.0,16.209923,0.0,0.9609375,1.0,0.1937437,0.85856986,0.0003926179,0.009721486,-0.0044681253,0.24140266,0.0390625,0.9609375
4595712,6702.778917610008,3.0,12.990967,500.0,16.882736,0.0,0.960083,1.0,0.19576418,0.8577461,0.0003607208,0.007950928,-0.0036147435,0.2370874,0.039916992,0.960083
4603904,6727.169566491705,3.0,12.991089,500.0,16.087667,0.0,0.96118164,1.0,0.19316183,0.8583477,0.006729592,0.0047650584,0.004347062,0.2362842,0.03881836,0.96118164
4612096,6713.85911848078,3.0,13.175415,500.0,17.810064,0.0,0.9621582,1.0,0.19081351,0.85889405,0.0049157897,0.0062789065,0.0017763362,0.23876396,0.037841797,0.9621582
4620288,6723.362702546268,3.0,13.21936,500.0,17.80626,0.0,0.9622803,1.0,0.19051756,0.85856277,0.00015979458,0.007777777,-0.0037290936,0.2347143,0.037719727,0.9622803
4628480,6717.11022244048,3.0,13.301392,500.0,18.654795,0.0,0.96191406,1.0,0.19140376,0.85816413,-0.0014445672,0.008596073,-0.005742603,0.23200393,0.038085938,0.96191406
4636672,6699.135436064201,3.0,13.307739,500.0,18.125294,0.0,0.96203613,1.0,0.19110888,0.85798895,-0.005906118,0.006595939,-0.009204088,0.23065841,0.037963867,0.96203613
4644864,6726.134494350767,3.0,13.253052,500.0,17.715631,0.0,0.9621582,1.0,0.19081351,0.8584484,-0.0029162436,0.008467833,-0.007150159,0.22602786,0.037841797,0.9621582
4653056,6714.155616787627,3.0,13.262573,500.0,17.061735,0.0,0.96191406,1.0,0.19140376,0.8577332,0.00061827246,0.0068524475,-0.0028079515,0.22680056,0.038085938,0.96191406
4661248,6726.120010868365,3.0,13.274536,500.0,17.56208,0.0,0.96191406,1.0,0.19140376,0.85805404,-0.002829284,0.00579763,-0.0057281,0.22670881,0.038085938,0.96191406
4669440,6720.042457848819,3.0,13.207397,500.0,17.144266,0.0,0.9622803,1.0,0.19051756,0.8586551,-0.0022136995,0.0070474027,-0.0057374006,0.21814172,0.037719727,0.9622803
4677632,6711.102675769825,3.0,13.244629,500.0,16.469082,0.0,0.96154785,1.0,0.19228514,0.8574301,0.00047295284,0.007199266,-0.0031266797,0.20925465,0.03845215,0.96154785
4685824,6725.294555464628,3.0,13.22229,500.0,16.51008,0.0,0.9621582,1.0,0.19081351,0.8580909,-0.002047537,0.0063638305,-0.005229451,0.20990396,0.037841797,0.9621582
4694016,6722.9825161990675,3.0,13.106934,500.0,15.511062,0.0,0.9633789,1.0,0.18782969,0.8595072,0.004126852,0.0075181923,0.00036775635,0.21270803,0.036621094,0.9633789
4702208,6713.729244727064,3.0,13.081543,500.0,14.807371,0.0,0.9638672,1.0,0.18662056,0.85985035,-0.0034596634,0.0062560365,-0.0065876814,0.21161866,0.036132812,0.9638672
4710400,6696.900081139137,3.0,13.095703,500.0,14.7139845,0.0,0.9633789,1.0,0.18782969,0.85915303,0.003971776,0.006721747,0.0006109029,0.20960478,0.036621094,0.9633789
4718592,6704.57728801296,3.0,12.90332,500.0,12.609275,0.0,0.96276855,1.0,0.18932843,0.8590845,-0.0013598099,0.0061343354,-0.004426978,0.21430363,0.037231445,0.96276855
4726784,6722.103910901316,3.0,12.8845215,500.0,12.789149,0.0,0.963501,1.0,0.18752824,0.8599686,-0.004009268,0.0058303173,-0.006924426,0.20963645,0.036499023,0.963501
4734976,6712.672075657626,3.0,12.8046875,396.0,11.401976,0.0,0.9626465,1.0,0.18962656,0.8592783,-0.0011173564,0.010982191,-0.006608451,0.20480837,0.037353516,0.9626465
4743168,6720.541928598979,3.0,12.790527,396.0,11.232911,0.0,0.961792,1.0,0.19169806,0.85849154,-0.0008923464,0.009865588,-0.0058251396,0.19800311,0.038208008,0.961792
4751360,6721.998704107728,3.0,12.8446045,396.0,11.709816,0.0,0.96203613,1.0,0.19110888,0.8582612,-0.0041824933,0.007314358,-0.007839672,0.19247353,0.037963867,0.96203613
4759552,6728.309040871852,3.0,12.796631,396.0,11.699449,0.0,0.96191406,1.0,0.19140376,0.8585266,0.0035771846,0.008057782,-0.00045170705,0.19015653,0.038085938,0.96191406
4767744,6727.08922506318,3.0,12.809692,368.0,11.105068,0.0,0.9609375,1.0,0.1937437,0.8572185,-0.004123418,0.007858211,-0.008052524,0.19458658,0.0390625,0.9609375
4775936,6706.278453203444,3.0,12.741455,368.0,11.097537,0.0,0.9605713,1.0,0.19461267,0.857486,0.0011235774,0.009204764,-0.0034788044,0.1930963,0.03942871,0.9605713
4784128,6714.358982536281,3.0,12.69519,368.0,11.113714,0.0,0.95825195,1.0,0.20001286,0.8557163,-0.00082152616,0.009174134,-0.0054085925,0.19347194,0.041748047,0.95825195
4792320,6712.0951015007,3.0,12.67334,367.0,10.350143,0.0,0.9576416,1.0,0.20140545,0.8551147,0.00041764078,0.0073044533,-0.0032345862,0.19117203,0.0423584,0.9576416
4800512,6707.901907705907,3.0,12.730225,500.0,11.686276,0.0,0.9569092,1.0,0.20306155,0.85446596,-0.0029532025,0.007896481,-0.006901443,0.19138178,0.04309082,0.9569092
4808704,6731.550419128406,3.0,12.706543,500.0,11.65135,0.0,0.9560547,1.0,0.20497346,0.8539782,0.00022767228,0.007778459,-0.003661558,0.18622869,0.043945312,0.9560547
4816896,6736.223547083934,3.0,12.681274,500.0,11.651824,0.0,0.9550781,1.0,0.20713256,0.8533288,-0.0039234706,0.008749703,-0.008298322,0.18884301,0.044921875,0.9550781
4825088,6724.9417910363045,3.0,12.66272,500.0,11.286167,0.0,0.9539795,1.0,0.2095295,0.85226333,-0.00056525005,0.009457124,-0.0052938117,0.19033132,0.046020508,0.9539795
4833280,6717.697252820193,3.0,12.702759,500.0,11.424895,0.0,0.95336914,1.0,0.21084692,0.851542,0.0023694625,0.008882172,-0.0020716246,0.18391126,0.04663086,0.95336914
4841472,6709.032243627982,3.0,12.693115,500.0,11.43872,0.0,0.95336914,1.0,0.21084692,0.85148746,-0.0011589729,0.008471915,-0.005394931,0.17609693,0.04663086,0.95336914
4849664,6717.497624713072,3.0,12.668213,500.0,10.838887,0.0,0.9534912,1.0,0.21058422,0.85167813,-0.0027519818,0.007444506,-0.006474234,0.17401598,0.04650879,0.9534912
4857856,6718.172730697962,3.0,12.707275,500.0,10.863995,0.0,0.9519043,1.0,0.21396847,0.8499501,-0.00081995694,0.010907039,-0.006273478,0.1724954,0.048095703,0.9519043
4866048,6711.937762126021,3.0,12.708984,500.0,10.673112,0.0,0.951416,1.0,0.2149967,0.84944475,-0.002459726,0.009337286,-0.007128369,0.17160478,0.048583984,0.951416
4874240,6711.375334179619,3.0,12.740601,500.0,10.740933,0.0,0.95080566,1.0,0.21627355,0.8487309,0.0018363786,0.0101431245,-0.0032351832,0.16814892,0.049194336,0.95080566
4882432,6710.020125917337,3.0,12.748779,500.0,10.545434,0.0,0.95129395,1.0,0.2152528,0.84903914,0.00075578096,0.007432881,-0.002960659,0.17110674,0.048706055,0.95129395
4890624,6721.9579373605,3.0,12.723022,500.0,10.465791,0.0,0.951416,1.0,0.2149967,0.8492397,-0.0011413372,0.008230806,-0.0052567404,0.17087257,0.048583984,0.951416
4898816,6720.118688056991,3.0,12.595459,178.0,8.623708,0.0,0.9527588,1.0,0.21215436,0.8507794,-0.0018960553,0.006707629,-0.00524987,0.16482891,0.04724121,0.9527588
4907008,6728.509312084972,3.0,12.569214,178.0,8.57823,0.0,0.9527588,1.0,0.21215436,0.8509487,-0.0034206938,0.008056242,-0.0074488143,0.1614475,0.04724121,0.9527588
4915200,6707.6295314423505,3.0,12.570557,178.0,8.5439415,0.0,0.9536133,1.0,0.21032116,0.8515937,0.00019875285,0.0064876773,-0.0030450856,0.15912235,0.04638672,0.9536133
4923392,6715.211940816565,3.0,12.566406,178.0,8.774531,0.0,0.95336914,1.0,0.21084692,0.85163003,0.0045640846,0.0076386095,0.00074477924,0.1560916,0.04663086,0.95336914
4931584,6710.881157124096,3.0,12.600586,178.0,8.96948,0.0,0.9552002,1.0,0.20686415,0.8531486,-0.0025583387,0.007180148,-0.006148413,0.1562177,0.044799805,0.9552002
4939776,6709.691236248544,3.0,12.666016,215.0,9.397474,0.0,0.95544434,1.0,0.20632608,0.85307145,0.0004279135,0.008234616,-0.0036893948,0.15493977,0.044555664,0.95544434
4947968,6714.17267279649,3.0,12.706299,500.0,10.6292925,0.0,0.9559326,1.0,0.20524484,0.8535259,-0.0010436643,0.0068211397,-0.0044542346,0.15358664,0.044067383,0.9559326
4956160,6708.856708780879,3.0,12.661865,500.0,10.444032,0.0,0.9562988,1.0,0.2044294,0.85409045,-0.004686639,0.007430428,-0.008401853,0.1502929,0.043701172,0.9562988
4964352,6710.497138740194,3.0,12.645142,500.0,10.407573,0.0,0.9588623,1.0,0.1986086,0.8565062,-0.0029118392,0.006999517,-0.0064115976,0.1509847,0.041137695,0.9588623
4972544,6706.630571342521,3.0,12.647705,500.0,10.403136,0.0,0.95996094,1.0,0.19605085,0.8573729,-0.0011028844,0.0055604735,-0.0038831206,0.14264306,0.040039062,0.95996094
4980736,6701.053389430705,3.0,12.706421,500.0,10.589179,0.0,0.9604492,1.0,0.1949013,0.8573731,-0.00021173002,0.008314952,-0.0043692067,0.13481858,0.03955078,0.9604492
4988928,6701.913428017761,3.0,12.766357,500.0,11.847155,0.0,0.96032715,1.0,0.19518943,0.8572304,-0.0028850224,0.009463016,-0.0076165306,0.13830543,0.03967285,0.96032715
4997120,6700.337294739668,3.0,12.782471,500.0,12.876319,0.0,0.9604492,1.0,0.1949013,0.85763896,0.0024491737,0.006559724,-0.0008306885,0.13798651,0.03955078,0.9604492
5005312,6706.384477451367,3.0,12.786987,500.0,12.872351,0.0,0.9595947,1.0,0.19690779,0.8568692,-0.0016589684,0.009382049,-0.006349993,0.1295566,0.040405273,0.9595947
5013504,6716.218710362818,3.0,12.815918,500.0,12.975968,0.0,0.96032715,1.0,0.19518942,0.85731375,-0.004770432,0.0068793185,-0.008210091,0.12592837,0.03967285,0.96032715
5021696,6703.143745291084,3.0,12.911255,500.0,14.1055,0.0,0.95983887,1.0,0.19633698,0.8567283,0.007827999,0.0075079175,0.0040740413,0.12084566,0.040161133,0.95983887
5029888,6737.327779766922,3.0,12.954468,500.0,14.312961,0.0,0.9609375,1.0,0.1937437,0.8573234,-0.0022139153,0.005759157,-0.0050934935,0.12079036,0.0390625,0.9609375
5038080,6710.871982110976,3.0,13.004028,500.0,15.211083,0.0,0.9610596,1.0,0.193453,0.8573282,-0.0031705727,0.0055421204,-0.005941633,0.121561885,0.03894043,0.9610596
5046272,6708.4938785503455,3.0,12.952148,500.0,15.162914,0.0,0.96069336,1.0,0.19432351,0.8572648,0.002198195,0.0088284025,-0.0022160055,0.118346035,0.03930664,0.96069336
5054464,6718.777026222398,3.0,12.860474,500.0,14.118307,0.0,0.9609375,1.0,0.1937437,0.8577069,-0.0025845899,0.007960484,-0.0065648314,0.109459765,0.0390625,0.9609375
5062656,6703.702178544205,3.0,12.829346,500.0,14.107122,0.0,0.9604492,1.0,0.1949013,0.8574703,-0.0037539043,0.007063112,-0.007285461,0.10241518,0.03955078,0.9604492
5070848,6697.804750097466,3.0,12.861694,500.0,14.287209,0.0,0.96032715,1.0,0.19518943,0.8574041,-0.0065393285,0.008060661,-0.010569658,0.09349477,0.03967285,0.96032715
5079040,6700.543744294695,3.0,12.839355,500.0,15.236436,0.0,0.9595947,1.0,0.19690779,0.8574824,0.00073239184,0.009423891,-0.003979554,0.088941574,0.040405273,0.9595947
5087232,6715.408808119218,3.0,12.7323,500.0,14.125631,0.0,0.9608154,1.0,0.19403385,0.85890335,0.00020679965,0.006081702,-0.0028340507,0.08634488,0.03918457,0.9608154
5095424,6720.072686862373,3.0,12.842407,500.0,16.036806,0.0,0.96191406,1.0,0.19140376,0.8599716,-0.002440535,0.0065455027,-0.005713286,0.083219446,0.038085938,0.96191406
5103616,6707.573225646941,3.0,12.837036,500.0,15.136285,0.0,0.96203613,1.0,0.19110888,0.8596835,-0.003537552,0.0082268305,-0.0076509668,0.07647739,0.037963867,0.96203613
5111808,6718.539236098619,3.0,12.801514,500.0,15.103343,0.0,0.96191406,1.0,0.19140376,0.8598405,0.001128773,0.0080548255,-0.0028986393,0.068910055,0.038085938,0.96191406
5120000,6727.432994472538,3.0,12.756592,500.0,15.104481,0.0,0.9626465,1.0,0.18962656,0.86096185,0.0011748585,0.007320995,-0.0024856394,0.06237372,0.037353516,0.9626465
5128192,6718.396044641305,3.0,12.703247,500.0,13.946211,0.0,0.96154785,1.0,0.19228515,0.8598323,0.0026193378,0.00788065,-0.0013209877,0.052939862,0.03845215,0.96154785
5136384,6724.3232263532855,3.0,12.651855,500.0,13.840024,0.0,0.9602051,1.0,0.19547707,0.85903096,-0.0012951547,0.01050706,-0.0065486846,0.04918351,0.039794922,0.9602051
5144576,6714.471823039881,3.0,12.574585,500.0,12.688213,0.0,0.9602051,1.0,0.19547707,0.85917056,0.0017805193,0.006037825,-0.0012383929,0.045559123,0.039794922,0.9602051
5152768,6699.081885006537,3.0,12.658325,500.0,13.8416195,0.0,0.9605713,1.0,0.19461264,0.8595283,0.0071173264,0.007250306,0.0034921735,0.042225316,0.03942871,0.9605713
5160960,6711.186568305497,3.0,12.704834,500.0,13.945802,0.0,0.9602051,1.0,0.19547707,0.85891247,-0.0011757128,0.009274454,-0.00581294,0.03861487,0.039794922,0.9602051
5169152,6700.166134185303,3.0,12.77356,500.0,14.737518,0.0,0.96069336,1.0,0.19432351,0.8592812,-0.0010004231,0.006672451,-0.004336648,0.033674,0.03930664,0.96069336
5177344,6716.449771773846,3.0,12.786499,500.0,14.802663,0.0,0.9610596,1.0,0.193453,0.85946465,-0.0002028977,0.006226109,-0.0033159521,0.032796025,0.03894043,0.9610596
5185536,6707.190895016633,3.0,12.77771,500.0,13.872247,0.0,0.9610596,1.0,0.193453,0.85917723,-0.002726357,0.009489326,-0.0074710194,0.031087331,0.03894043,0.9610596
5193728,6714.522996146155,3.0,12.808472,500.0,14.7947235,0.0,0.95947266,1.0,0.19719249,0.857848,-0.0014242651,0.008095091,-0.0054718102,0.028389692,0.040527344,0.95947266
5201920,6725.0181324388495,3.0,12.708496,500.0,12.786444,0.0,0.9595947,1.0,0.19690779,0.8578892,0.0042887246,0.006867752,0.0008548503,0.024650924,0.040405273,0.9595947
5210112,6709.037483615355,3.0,12.68811,500.0,12.903887,0.0,0.95861816,1.0,0.19917172,0.8571731,0.0052333614,0.008884938,0.0007908932,0.01879625,0.041381836,0.95861816
5218304,6697.527971163765,3.0,12.796387,500.0,14.129831,0.0,0.9593506,1.0,0.19747667,0.8574683,0.00037497142,0.0067163897,-0.0029832236,0.02084589,0.040649414,0.9593506
5226496,6715.563685176043,3.0,12.856812,500.0,14.407534,0.0,0.9588623,1.0,0.1986086,0.856661,-0.004762021,0.0076548075,-0.008589425,0.021740317,0.041137695,0.9588623
5234688,6740.333230802066,3.0,12.822998,500.0,14.68182,0.0,0.9597168,1.0,0.19662265,0.8577961,0.0041774586,0.0060555534,0.0011496814,0.022301853,0.040283203,0.9597168
5242880,6721.6094676037865,3.0,12.834595,500.0,14.847782,0.0,0.9613037,1.0,0.19287013,0.8592417,-0.0037842733,0.0069881864,-0.007278366,0.021431245,0.03869629,0.9613037
5251072,6704.005628597992,3.0,12.938477,500.0,15.782027,0.0,0.9608154,1.0,0.19403385,0.85844916,-0.0011508937,0.0070300363,-0.004665911,0.014144786,0.03918457,0.9608154
5259264,6728.402587125742,3.0,12.869141,500.0,14.637488,0.0,0.9610596,1.0,0.193453,0.8583906,-0.003843486,0.008347916,-0.008017443,0.010084212,0.03894043,0.9610596
5267456,6738.141656583563,3.0,12.836182,500.0,14.614447,0.0,0.9613037,1.0,0.19287013,0.8589659,0.004580412,0.0074065067,0.00087715965,0.003839381,0.03869629,0.9613037
5275648,6718.699512675483,3.0,12.7751465,500.0,13.8692875,0.0,0.96240234,1.0,0.19022112,0.8600229,-0.0042031105,0.0049539586,-0.006680089,-0.0010069758,0.037597656,0.96240234
5283840,6724.307434702192,3.0,12.74707,500.0,14.510107,0.0,0.96276855,1.0,0.18932843,0.86070424,0.003982979,0.006150361,0.00090780004,0.00019723922,0.037231445,0.96276855
5292032,6723.883719760639,3.0,12.766235,500.0,14.735839,0.0,0.9642334,1.0,0.1857077,0.862046,0.0009651531,0.005982439,-0.0020260664,0.0023668483,0.0357666,0.9642334
5300224,6719.409025431866,3.0,12.685303,500.0,13.689626,0.0,0.96520996,1.0,0.18324761,0.8630597,-0.0030429666,0.005737933,-0.0059119323,0.0025461838,0.03479004,0.96520996
5308416,6714.507250491915,3.0,12.674561,500.0,13.468298,0.0,0.9655762,1.0,0.18231519,0.86326647,-0.0021881335,0.006409568,-0.0053929174,0.00080085546,0.034423828,0.9655762
5316608,6720.307956740915,3.0,12.648804,500.0,12.464778,0.0,0.96728516,1.0,0.17788924,0.86464787,-0.00037485262,0.004918861,-0.0028342833,-0.0026725456,0.032714844,0.96728516
5324800,6721.910595951994,3.0,12.659668,500.0,11.990787,0.0,0.967041,1.0,0.17852925,0.8640636,-0.00013802387,0.0071350336,-0.0037055411,-0.0067618117,0.032958984,0.967041
5332992,6718.107052951639,3.0,12.652466,500.0,12.081236,0.0,0.9667969,1.0,0.17916662,0.8639921,-0.004235994,0.0073335143,-0.007902752,-0.014769055,0.033203125,0.9667969
5341184,6720.76408549675,3.0,12.600586,500.0,11.372635,0.0,0.9661865,1.0,0.18074879,0.8635284,6.3842395e-05,0.0073893936,-0.0036308547,-0.022207081,0.033813477,0.9661865
5349376,6706.247039255265,3.0,12.624023,500.0,11.398981,0.0,0.9654541,1.0,0.1826266,0.86275434,-0.0013077427,0.008208422,-0.005411954,-0.028013632,0.0345459,0.9654541
5357568,6702.912290866471,3.0,12.579468,500.0,10.485459,0.0,0.9674072,1.0,0.17756824,0.8644904,0.0060124854,0.0047829635,0.0036210045,-0.03214351,0.032592773,0.9674072
5365760,6707.422645024718,3.0,12.651001,500.0,10.626443,0.0,0.9671631,1.0,0.17820954,0.863841,6.9914735e-05,0.00877739,-0.0043187803,-0.036193945,0.032836914,0.9671631
5373952,6720.277725610692,3.0,12.719482,500.0,12.086568,0.0,0.9655762,1.0,0.18231519,0.8624027,1.7053331e-05,0.008295345,-0.0041306186,-0.036275394,0.034423828,0.9655762
5382144,6736.145630460785,3.0,12.735962,500.0,12.12505,0.0,0.9654541,1.0,0.18262659,0.8622273,-0.00020732684,0.006148931,-0.0032817924,-0.043158002,0.0345459,0.9654541
5390336,6717.450346109685,3.0,12.6727295,500.0,10.608038,0.0,0.96533203,1.0,0.18293743,0.86198014,-0.004379018,0.006279472,-0.007518754,-0.053762615,0.03466797,0.96533203
5398528,6725.6987004974235,3.0,12.6521,500.0,10.605028,0.0,0.9650879,1.0,0.18355723,0.8620027,-0.003137838,0.007950359,-0.007113018,-0.052784346,0.03491211,0.9650879
5406720,6729.858818395453,3.0,12.636719,500.0,10.640045,0.0,0.9650879,1.0,0.18355723,0.8622285,-0.004576372,0.0065538175,-0.00785328,-0.05681011,0.03491211,0.9650879
5414912,6722.398507443998,3.0,12.5859375,500.0,10.495253,0.0,0.96447754,1.0,0.18509622,0.86205554,-0.0064717513,0.0068100947,-0.009876798,-0.06576497,0.03552246,0.96447754
5423104,6715.015085056202,3.0,12.535034,500.0,10.336017,0.0,0.96447754,1.0,0.18509623,0.8623476,-0.0036164187,0.005074148,-0.0061534927,-0.07404622,0.03552246,0.96447754
5431296,6707.348011917931,3.0,12.504395,500.0,10.27626,0.0,0.9658203,1.0,0.1816905,0.86375815,-0.0044183913,0.006589005,-0.007712894,-0.08455821,0.034179688,0.9658203
5439488,6707.7617883075945,3.0,12.517456,500.0,10.479061,0.0,0.9666748,1.0,0.17948432,0.8644724,0.0014236944,0.005509389,-0.0013310018,-0.08946211,0.033325195,0.9666748
5447680,6701.81669533555,3.0,12.567749,500.0,11.410564,0.0,0.96691895,1.0,0.17884824,0.8645999,-0.0019186037,0.0065452987,-0.0051912526,-0.090469144,0.033081055,0.96691895
5455872,6728.854544400595,3.0,12.559814,500.0,10.927231,0.0,0.9659424,1.0,0.1813772,0.8636903,-0.00025757105,0.009298556,-0.004906849,-0.08355593,0.034057617,0.9659424
5464064,6722.405083554301,3.0,12.531738,500.0,10.848644,0.0,0.9649658,1.0,0.1838662,0.8628977,-0.0026136264,0.008285703,-0.0067564775,-0.07747648,0.03503418,0.9649658
5472256,6729.899681032448,3.0,12.395874,421.0,9.34654,0.0,0.9650879,1.0,0.18355723,0.86362946,-0.00019066222,0.009339465,-0.004860395,-0.08322095,0.03491211,0.9650879
5480448,6709.507805818023,3.0,12.33667,421.0,9.089006,0.0,0.9650879,1.0,0.18355723,0.863978,-0.0007823161,0.0069172573,-0.004240945,-0.08993289,0.03491211,0.9650879
5488640,6723.378489760369,3.0,12.323853,421.0,8.994491,0.0,0.96484375,1.0,0.18417461,0.8637072,-0.005467031,0.007994051,-0.009464057,-0.093614876,0.03515625,0.96484375
5496832,6720.374991956417,3.0,12.265869,421.0,8.922237,0.0,0.9661865,1.0,0.18074878,0.86536217,-0.006433225,0.004168371,-0.008517411,-0.09491435,0.033813477,0.9661865
5505024,6728.291912966258,3.0,12.296509,421.0,8.978427,0.0,0.96655273,1.0,0.1798014,0.86540073,-0.002096762,0.005561987,-0.0048777554,-0.096134216,0.033447266,0.96655273
5513216,6716.24102810092,3.0,12.34436,421.0,9.025177,0.0,0.9658203,1.0,0.1816905,0.8643302,-7.760234e-05,0.0070790304,-0.0036171174,-0.09781776,0.034179688,0.9658203
5521408,6715.004586406507,3.0,12.342529,421.0,9.044763,0.0,0.96484375,1.0,0.18417461,0.8634834,0.0071823136,0.008008676,0.003177976,-0.100626856,0.03515625,0.96484375
5529600,6707.200059967042,3.0,12.348633,421.0,9.336145,0.0,0.9649658,1.0,0.1838662,0.8636687,-0.0055868323,0.005476212,-0.008324939,-0.10294537,0.03503418,0.9649658
5537792,6718.991183114632,3.0,12.340454,421.0,9.075916,0.0,0.9645996,1.0,0.18478961,0.86331594,-0.006544104,0.0076890714,-0.010388639,-0.10906872,0.03540039,0.9645996
5545984,6710.44733752772,3.0,12.260132,223.0,7.85273,0.0,0.96398926,1.0,0.18631683,0.86315656,0.00069071795,0.008255826,-0.003437194,-0.11435217,0.036010742,0.96398926
5554176,6711.164284146141,3.0,12.163696,223.0,7.7281814,0.0,0.9649658,1.0,0.1838662,0.8646804,-0.0034901912,0.0067589497,-0.0068696663,-0.117560536,0.03503418,0.9649658
5562368,6710.328079733991,3.0,12.161865,223.0,7.8710723,0.0,0.9650879,1.0,0.18355723,0.8649158,-0.00061860797,0.008391128,-0.004814173,-0.12286224,0.03491211,0.9650879
5570560,6729.522709080479,3.0,12.144165,223.0,7.7766113,0.0,0.9663086,1.0,0.18043363,0.8660791,-0.0032089627,0.0075832377,-0.007000581,-0.1230512,0.033691406,0.9663086
5578752,6724.457458382317,3.0,12.131226,223.0,7.671524,0.0,0.9663086,1.0,0.18043363,0.86617553,-0.00045285252,0.006935113,-0.0039204084,-0.13028185,0.033691406,0.9663086
5586944,6726.522938283486,3.0,12.184082,223.0,8.060337,0.0,0.96691895,1.0,0.17884825,0.8664926,-0.00016180484,0.0061796512,-0.0032516303,-0.12843794,0.033081055,0.96691895
5595136,6709.093813996573,3.0,12.2677,223.0,8.162892,0.0,0.9655762,1.0,0.18231519,0.86465955,-0.0029746157,0.008130601,-0.0070399167,-0.13008188,0.034423828,0.9655762
5603328,6733.40121029693,3.0,12.241333,223.0,8.084967,0.0,0.96569824,1.0,0.18200313,0.8649819,-0.005823805,0.0051899347,-0.008418771,-0.135412,0.034301758,0.96569824
5611520,6722.802304475217,3.0,12.223389,313.0,8.726232,0.0,0.9658203,1.0,0.1816905,0.86545783,0.0006679734,0.006693123,-0.0026785885,-0.13636315,0.034179688,0.9658203
5619712,6702.933212643202,3.0,12.223145,500.0,10.2218685,0.0,0.9655762,1.0,0.18231519,0.8657316,0.011450088,0.0068102507,0.008044962,-0.1352574,0.034423828,0.9655762
5627904,6714.833987949947,3.0,12.2404785,500.0,9.999379,0.0,0.9649658,1.0,0.1838662,0.86491954,-0.0018255071,0.00783206,-0.0057415357,-0.14109787,0.03503418,0.9649658
5636096,6718.8269511487115,3.0,12.268555,500.0,11.381937,0.0,0.9647217,1.0,0.1844824,0.8650485,-0.0044076256,0.008221407,-0.008518329,-0.1473904,0.03527832,0.9647217
5644288,6729.197176379163,3.0,12.283081,500.0,11.403438,0.0,0.96606445,1.0,0.18106332,0.8660993,-0.0010169521,0.0066021187,-0.004318011,-0.14864556,0.033935547,0.96606445
5652480,6718.616745947339,3.0,12.33313,500.0,11.438523,0.0,0.9661865,1.0,0.18074878,0.8657638,-0.0015441475,0.005574758,-0.0043315254,-0.15338436,0.033813477,0.9661865
5660672,6727.226201766634,3.0,12.395996,500.0,11.4923725,0.0,0.96691895,1.0,0.17884824,0.86591166,-0.0036417735,0.006269308,-0.006776427,-0.15488628,0.033081055,0.96691895
5668864,6724.541685136791,3.0,12.381836,500.0,11.406076,0.0,0.9674072,1.0,0.17756824,0.8664497,-0.0034675337,0.0065209866,-0.0067280266,-0.15322764,0.032592773,0.9674072
5677056,6730.88317029362,3.0,12.430542,500.0,11.466262,0.0,0.96765137,1.0,0.17692426,0.8662956,-0.0035827388,0.006514019,-0.0068397475,-0.16189712,0.032348633,0.96765137
5685248,6712.714041283896,3.0,12.430054,500.0,11.398337,0.0,0.9666748,1.0,0.17948431,0.8654269,0.0006561378,0.008098508,-0.0033931169,-0.17330225,0.033325195,0.9666748
5693440,6712.565852511146,3.0,12.417114,500.0,11.957514,0.0,0.9658203,1.0,0.1816905,0.86486197,0.003195784,0.009087468,-0.0013479502,-0.17874357,0.034179688,0.9658203
5701632,6743.289751122435,3.0,12.42041,500.0,13.061548,0.0,0.9663086,1.0,0.18043363,0.8657219,0.0016050407,0.0055589154,-0.0011744164,-0.18113396,0.033691406,0.9663086
5709824,6691.049789695744,3.0,12.481812,500.0,14.104483,0.0,0.9655762,1.0,0.18231519,0.86502254,-0.00068763935,0.007471363,-0.004423321,-0.1784446,0.034423828,0.9655762
5718016,6706.808607969412,3.0,12.504395,500.0,14.729752,0.0,0.96569824,1.0,0.18200313,0.8652712,0.00078195625,0.0069501754,-0.0026931316,-0.17543213,0.034301758,0.96569824
5726208,6706.638425700284,3.0,12.478394,500.0,14.08468,0.0,0.96655273,1.0,0.1798014,0.865906,4.9071037e-05,0.00684235,-0.003372103,-0.18175682,0.033447266,0.96655273
5734400,6700.811625021598,3.0,12.376343,500.0,12.956361,0.0,0.9661865,1.0,0.18074878,0.8658365,0.002688951,0.0059987227,-0.0003104105,-0.18451697,0.033813477,0.9661865
5742592,6713.3606405329465,3.0,12.479614,500.0,14.134679,0.0,0.9659424,1.0,0.1813772,0.865323,0.006055364,0.0071520526,0.002479339,-0.18187879,0.034057617,0.9659424
5750784,6716.025733754854,3.0,12.472412,500.0,14.142601,0.0,0.967041,1.0,0.17852925,0.8664322,0.0018637973,0.0058003766,-0.0010363914,-0.1839597,0.032958984,0.967041
5758976,6717.361043896803,3.0,12.502563,500.0,15.126057,0.0,0.9663086,1.0,0.18043363,0.8661193,0.0066125,0.008172539,0.0025262295,-0.17686588,0.033691406,0.9663086
5767168,6720.557702568853,3.0,12.5217285,500.0,15.390094,0.0,0.9658203,1.0,0.1816905,0.8656889,-0.0012022913,0.0065927915,-0.004498687,-0.17577763,0.034179688,0.9658203
5775360,6695.739903990621,3.0,12.687012,500.0,16.695244,0.0,0.9659424,1.0,0.1813772,0.8651494,0.003873448,0.005826774,0.0009600603,-0.18158138,0.034057617,0.9659424
5783552,6723.971879650163,3.0,12.851196,500.0,18.56,0.0,0.9658203,1.0,0.1816905,0.86485064,0.006288727,0.005857504,0.003359975,-0.17748696,0.034179688,0.9658203
5791744,6729.331603069821,3.0,12.763428,500.0,18.051878,0.0,0.9658203,1.0,0.1816905,0.8652355,0.004726251,0.008345958,0.00055327325,-0.16931441,0.034179688,0.9658203
5799936,6715.495433389244,3.0,12.789307,500.0,18.07319,0.0,0.967041,1.0,0.17852925,0.86613655,-0.004006977,0.005810231,-0.006912092,-0.16754913,0.032958984,0.967041
5808128,6719.750696133141,3.0,12.770996,500.0,17.277649,0.0,0.96569824,1.0,0.18200313,0.8646075,-0.0023541052,0.0081452895,-0.0064267498,-0.16897953,0.034301758,0.96569824
5816320,6722.835189105637,3.0,12.716187,500.0,16.146444,0.0,0.9667969,1.0,0.17916662,0.86544466,0.008332305,0.004857902,0.005903353,-0.16635612,0.033203125,0.9667969
5824512,6706.901557316923,3.0,12.854736,500.0,17.612131,0.0,0.96643066,1.0,0.18011783,0.86480534,0.004501585,0.007917221,0.0005429756,-0.16205072,0.033569336,0.96643066
5832704,6722.891751422511,3.0,12.890259,500.0,17.654964,0.0,0.9667969,1.0,0.17916662,0.8649292,0.002117233,0.006055123,-0.0009103286,-0.15896183,0.033203125,0.9667969
5840896,6742.319832500349,3.0,13.0,500.0,18.517431,0.0,0.967041,1.0,0.17852925,0.86484957,0.0028058272,0.005775159,-8.17526e-05,-0.15889767,0.032958984,0.967041
5849088,6711.345183362144,3.0,13.031372,500.0,18.86396,0.0,0.9671631,1.0,0.17820954,0.8647911,-0.0007158509,0.0071667056,-0.0042992034,-0.15825626,0.032836914,0.9671631
5857280,6734.629916527978,3.0,13.067261,500.0,18.925022,0.0,0.96691895,1.0,0.17884824,0.8643813,0.00036027143,0.0067344927,-0.0030069756,-0.16144988,0.033081055,0.96691895
5865472,6723.465320763201,3.0,13.006836,500.0,18.128925,0.0,0.96728516,1.0,0.17788924,0.8646162,-0.001487718,0.006791195,-0.004883315,-0.16647547,0.032714844,0.96728516
5873664,6722.440594772264,3.0,13.065674,500.0,19.151777,0.0,0.9678955,1.0,0.1762776,0.8652365,0.0009325461,0.005585777,-0.0018603425,-0.16574594,0.032104492,0.9678955
5881856,6719.114690842105,3.0,12.899902,500.0,17.959393,0.0,0.96813965,1.0,0.17562822,0.86604494,0.001509788,0.005788358,-0.0013843911,-0.17061439,0.03186035,0.96813965
5890048,6736.594666246835,3.0,12.745605,500.0,16.025234,0.0,0.96850586,1.0,0.17464896,0.86648357,0.0012973531,0.0066600107,-0.0020326525,-0.17011693,0.03149414,0.96850586
5898240,6701.85591095124,3.0,12.808472,500.0,16.94254,0.0,0.9680176,1.0,0.17595325,0.86606824,-0.00046875502,0.0091071315,-0.005022321,-0.1657908,0.031982422,0.9680176
5906432,6707.797144986743,3.0,12.833618,500.0,17.509604,0.0,0.9671631,1.0,0.17820956,0.86548734,0.0045879185,0.009166609,4.614063e-06,-0.16885602,0.032836914,0.9671631
5914624,6721.589743980991,3.0,12.807251,500.0,17.023874,0.0,0.9671631,1.0,0.17820954,0.8654841,0.00013439264,0.00805337,-0.0038922925,-0.17194723,0.032836914,0.9671631
5922816,6730.659025469156,3.0,12.907349,500.0,18.14159,0.0,0.9655762,1.0,0.18231519,0.8638704,-0.0009927036,0.007889259,-0.004937332,-0.17132783,0.034423828,0.9655762
5931008,6726.048911041257,3.0,12.86084,500.0,17.397339,0.0,0.96655273,1.0,0.1798014,0.8647534,-0.0012026031,0.0060794284,-0.004242317,-0.16155574,0.033447266,0.96655273
5939200,6702.718770623063,3.0,12.8359375,500.0,17.446877,0.0,0.9655762,1.0,0.18231519,0.86425257,-0.003280227,0.007966451,-0.007263454,-0.1604256,0.034423828,0.9655762
5947392,6712.55798426366,3.0,12.794189,500.0,17.297216,0.0,0.9654541,1.0,0.1826266,0.8644185,-0.0023216968,0.005819426,-0.0052314093,-0.16380964,0.0345459,0.9654541
5955584,6710.932275513602,3.0,12.720337,500.0,17.085714,0.0,0.96533203,1.0,0.18293743,0.86478657,-0.0005637711,0.00804427,-0.004585906,-0.17135972,0.03466797,0.96533203
5963776,6722.824665988901,3.0,12.805176,500.0,17.94383,0.0,0.9642334,1.0,0.18570769,0.8635838,0.0024771546,0.007673753,-0.0013597208,-0.16825965,0.0357666,0.9642334
5971968,6742.236482801966,3.0,12.908569,500.0,19.496834,0.0,0.96447754,1.0,0.18509622,0.8639779,-0.005028109,0.0052120225,-0.007634121,-0.16650939,0.03552246,0.96447754
5980160,6711.537891080443,3.0,12.875488,500.0,18.490862,0.0,0.96484375,1.0,0.18417461,0.8640168,-0.0013716423,0.005480612,-0.004111948,-0.17064333,0.03515625,0.96484375
5988352,6719.121260529262,3.0,12.885742,500.0,18.533163,0.0,0.9638672,1.0,0.18662056,0.8630514,-0.0018760473,0.008548757,-0.0061504263,-0.17112051,0.036132812,0.9638672
5996544,6715.362871382818,3.0,12.851929,500.0,17.79207,0.0,0.963501,1.0,0.18752824,0.8626447,-0.0032860143,0.0074076382,-0.006989834,-0.1720738,0.036499023,0.963501
6004736,6725.6987004974235,3.0,12.9678955,500.0,19.30458,0.0,0.96398926,1.0,0.18631683,0.8630383,-0.0018899301,0.0062765665,-0.0050282134,-0.17492315,0.036010742,0.96398926
6012928,6730.200234383554,3.0,12.97168,500.0,19.590614,0.0,0.96484375,1.0,0.18417461,0.86392534,-0.0008042072,0.0070115267,-0.004309971,-0.17496067,0.03515625,0.96484375
6021120,6725.84351998409,3.0,12.99707,500.0,20.295948,0.0,0.9658203,1.0,0.1816905,0.8650601,0.0036296633,0.006350955,0.00045418553,-0.18212852,0.034179688,0.9658203
6029312,6722.718121287289,3.0,12.807007,500.0,18.489248,0.0,0.9674072,1.0,0.17756824,0.8668344,0.0012477187,0.005748572,-0.0016265683,-0.18612197,0.032592773,0.9674072
6037504,6712.736335736274,3.0,12.772217,500.0,18.420023,0.0,0.96606445,1.0,0.18106332,0.86580765,0.0064742654,0.010257307,0.0013456127,-0.1930013,0.033935547,0.96606445
6045696,6715.88921278468,3.0,12.742798,500.0,17.746826,0.0,0.96520996,1.0,0.18324761,0.8648356,-0.0031197267,0.00874063,-0.0074900417,-0.20186812,0.03479004,0.96520996
6053888,6724.399553712529,3.0,12.61792,500.0,16.44543,0.0,0.9661865,1.0,0.18074878,0.86594,-0.0025661383,0.0054636314,-0.0052979537,-0.20867614,0.033813477,0.9661865
6062080,6702.357911368639,3.0,12.566284,500.0,16.412111,0.0,0.9666748,1.0,0.17948431,0.866853,0.0015171999,0.008295343,-0.0026304724,-0.20376879,0.033325195,0.9666748
6070272,6721.523999407656,3.0,12.494507,500.0,14.779622,0.0,0.9649658,1.0,0.1838662,0.86512136,0.0013475935,0.010114016,-0.003709415,-0.20804855,0.03503418,0.9649658
6078464,6728.747808489293,3.0,12.457275,500.0,13.744686,0.0,0.9649658,1.0,0.1838662,0.86494917,-0.0047324956,0.006206814,-0.007835903,-0.21524161,0.03503418,0.9649658
6086656,6721.659434632929,3.0,12.437134,500.0,13.550288,0.0,0.96447754,1.0,0.18509622,0.8646082,-0.0010705913,0.008235004,-0.0051880926,-0.22196229,0.03552246,0.96447754
6094848,6728.322216243187,3.0,12.474121,500.0,13.614471,0.0,0.96520996,1.0,0.18324761,0.86495894,-0.0027769364,0.0068142605,-0.0061840666,-0.22811304,0.03479004,0.96520996
6103040,6715.597811589693,3.0,12.359497,500.0,11.304653,0.0,0.9645996,1.0,0.18478961,0.86437666,-0.0015000878,0.007992064,-0.0054961196,-0.23316744,0.03540039,0.9645996
6111232,6719.862403706827,3.0,12.387085,500.0,10.29054,0.0,0.9666748,1.0,0.17948431,0.8657896,0.0067415372,0.0049962844,0.004243394,-0.23602448,0.033325195,0.9666748
6119424,6716.137317516019,3.0,12.324829,209.0,8.8019705,0.0,0.96606445,1.0,0.18106332,0.8652753,-0.002906939,0.0071199914,-0.006466934,-0.23746778,0.033935547,0.96606445
6127616,6723.762668156499,3.0,12.405273,282.0,9.628782,0.0,0.96533203,1.0,0.18293743,0.8644299,-0.00016047666,0.0068665524,-0.003593754,-0.24155569,0.03466797,0.96533203
6135808,6726.262215032175,3.0,12.41626,282.0,9.639159,0.0,0.9661865,1.0,0.18074878,0.8650217,0.00247142,0.006683184,-0.00087017217,-0.24455002,0.033813477,0.9661865
6144000,6742.342324041872,3.0,12.411011,282.0,9.626808,0.0,0.96728516,1.0,0.17788924,0.866011,-0.0018544737,0.005960087,-0.0048345174,-0.24163198,0.032714844,0.96728516
6152192,6716.946082413021,3.0,12.401978,282.0,9.569539,0.0,0.96728516,1.0,0.17788924,0.8660402,-0.0027626501,0.007982329,-0.006753815,-0.24301606,0.032714844,0.96728516
6160384,6715.427182989748,3.0,12.467773,282.0,9.625466,0.0,0.9661865,1.0,0.18074878,0.8645498,0.0038198854,0.0075140875,6.2842155e-05,-0.2509271,0.033813477,0.9661865
6168576,6705.2105440433825,3.0,12.480103,282.0,9.461106,0.0,0.9667969,1.0,0.17916662,0.8647954,-0.0037431242,0.00808542,-0.007785835,-0.24929395,0.033203125,0.9667969
6176768,6705.406825359902,3.0,12.463257,282.0,9.459933,0.0,0.9663086,1.0,0.18043363,0.8646413,-0.002453116,0.0075307805,-0.0062185056,-0.25233877,0.033691406,0.9663086
6184960,6703.003824603918,3.0,12.47229,282.0,9.61882,0.0,0.967041,1.0,0.17852925,0.8652432,-0.0021538956,0.006895337,-0.0056015644,-0.25751418,0.032958984,0.967041
6193152,6732.161080915863,3.0,12.439819,282.0,9.687162,0.0,0.9661865,1.0,0.18074878,0.8647826,0.00089495745,0.0076582446,-0.0029341648,-0.26041043,0.033813477,0.9661865
6201344,6717.326899560536,3.0,12.417725,282.0,9.618368,0.0,0.9671631,1.0,0.17820956,0.8657614,-0.0008227388,0.0065246033,-0.0040850407,-0.26187193,0.032836914,0.9671631
6209536,6718.858483063401,3.0,12.347656,282.0,9.301022,0.0,0.9661865,1.0,0.18074878,0.865277,-0.0006335699,0.007953345,-0.0046102414,-0.25937873,0.033813477,0.9661865
6217728,6723.611359780522,3.0,12.390137,412.0,10.067928,0.0,0.96520996,1.0,0.18324761,0.8641282,-0.002631746,0.007982219,-0.0066228556,-0.2629127,0.03479004,0.96520996
6225920,6727.062884028938,3.0,12.423706,412.0,9.674805,0.0,0.9655762,1.0,0.18231519,0.8639554,-0.0019101244,0.0054423097,-0.004631279,-0.26141453,0.034423828,0.9655762
6234112,6723.892930387217,3.0,12.467407,500.0,10.856919,0.0,0.9649658,1.0,0.1838662,0.86333895,-0.0019383966,0.006518068,-0.005197431,-0.26514414,0.03503418,0.9649658
6242304,6715.39568327326,3.0,12.444214,500.0,10.862648,0.0,0.9654541,1.0,0.1826266,0.8640007,-0.0007734019,0.006040858,-0.0037938308,-0.2676362,0.0345459,0.9654541
6250496,6721.7317566487645,3.0,12.491333,500.0,10.876747,0.0,0.9654541,1.0,0.1826266,0.86361504,-0.003474522,0.0059442436,-0.0064466437,-0.26931304,0.0345459,0.9654541
6258688,6707.621674762986,3.0,12.558228,500.0,11.291969,0.0,0.96569824,1.0,0.18200313,0.8634981,-0.0002610674,0.0069842055,-0.0037531706,-0.2729733,0.034301758,0.96569824
6266880,6736.776939029156,3.0,12.517212,500.0,11.293371,0.0,0.9671631,1.0,0.17820954,0.8651941,-0.0026059283,0.005437532,-0.0053246943,-0.27160633,0.032836914,0.9671631
6275072,6712.0518324373115,3.0,12.424683,500.0,11.026753,0.0,0.9675293,1.0,0.1772466,0.8660952,0.0015233634,0.0077811386,-0.0023672057,-0.2747147,0.032470703,0.9675293
6283264,6742.37540011083,3.0,12.378052,500.0,10.880478,0.0,0.9671631,1.0,0.17820957,0.8660561,-0.0007617349,0.0075870715,-0.00455527,-0.27838874,0.032836914,0.9671631
6291456,6733.67964255569,3.0,12.327881,500.0,10.612271,0.0,0.96875,1.0,0.17399263,0.86773515,0.00034807983,0.0054763537,-0.0023900964,-0.27939087,0.03125,0.96875
6299648,6722.581328103402,3.0,12.267578,500.0,10.579956,0.0,0.9683838,1.0,0.17497607,0.8679253,0.0055789873,0.006937027,0.0021104729,-0.28585076,0.03161621,0.9683838
6307840,6733.190092180347,3.0,12.2404785,500.0,10.594258,0.0,0.96777344,1.0,0.17660128,0.8676182,-0.0036614994,0.008298751,-0.007810876,-0.28815305,0.032226562,0.96777344
6316032,6743.097862406001,3.0,12.137939,500.0,9.5666485,0.0,0.96765137,1.0,0.17692426,0.8680794,-0.0020510089,0.009026258,-0.0065641375,-0.28883854,0.032348633,0.96765137
6324224,6717.447719540121,3.0,11.97168,243.0,7.778123,0.0,0.9661865,1.0,0.18074878,0.86766267,0.0015696384,0.009168345,-0.0030145347,-0.2949458,0.033813477,0.9661865
6332416,6724.360073827616,3.0,11.902466,243.0,7.5715103,0.0,0.9661865,1.0,0.18074878,0.86818516,-0.005045553,0.007203349,-0.008647229,-0.30511928,0.033813477,0.9661865
6340608,6705.083621576718,3.0,11.882935,243.0,7.58927,0.0,0.9647217,1.0,0.1844824,0.8670304,-0.0006627358,0.009818153,-0.0055718133,-0.31284305,0.03527832,0.9647217
6348800,6701.475538842914,3.0,11.86438,429.0,8.43403,0.0,0.96313477,1.0,0.18843086,0.86603826,-0.001139788,0.008609999,-0.0054447865,-0.312776,0.036865234,0.96313477
6356992,6716.335551930219,3.0,11.948608,500.0,10.767016,0.0,0.963501,1.0,0.18752824,0.8663122,-0.001391496,0.005188906,-0.0039859493,-0.308623,0.036499023,0.963501
6365184,6721.280755668629,3.0,12.028931,500.0,12.153871,0.0,0.9633789,1.0,0.18782969,0.8661386,-0.0011503127,0.005883242,-0.0040919343,-0.30763125,0.036621094,0.9633789
6373376,6739.439509735386,3.0,12.023071,500.0,12.128647,0.0,0.963501,1.0,0.18752824,0.86627805,0.0007482213,0.0075683873,-0.0030359724,-0.30721775,0.036499023,0.963501
6381568,6713.385562672354,3.0,12.109863,500.0,13.326216,0.0,0.9647217,1.0,0.1844824,0.86714125,2.5217887e-05,0.0033829974,-0.0016662807,-0.31023014,0.03527832,0.9647217
6389760,6731.315680147228,3.0,12.133301,500.0,13.345032,0.0,0.9655762,1.0,0.18231519,0.8676884,-0.0026011881,0.003992871,-0.004597624,-0.3102888,0.034423828,0.9655762
6397952,6717.128606623108,3.0,12.196533,500.0,13.351138,0.0,0.96569824,1.0,0.18200313,0.8672435,0.0007685503,0.0064160703,-0.0024394842,-0.31250185,0.034301758,0.96569824
6406144,6733.745625138777,3.0,12.204346,500.0,13.334223,0.0,0.96655273,1.0,0.1798014,0.8679227,-0.0020850848,0.0071562184,-0.005663194,-0.31333953,0.033447266,0.96655273
6414336,6720.502493998249,3.0,12.244263,500.0,13.357311,0.0,0.9682617,1.0,0.17530249,0.86909723,-0.005800642,0.0035225456,-0.007561915,-0.3143188,0.03173828,0.9682617
6422528,6731.877498488941,3.0,12.325806,500.0,13.6365595,0.0,0.9699707,1.0,0.17066792,0.8700595,0.0011407617,0.005878568,-0.0017985217,-0.3126108,0.030029297,0.9699707
6430720,6717.7208937765,3.0,12.355103,500.0,13.654024,0.0,0.9696045,1.0,0.17167298,0.86949265,0.00046273845,0.007838039,-0.0034562813,-0.312803,0.030395508,0.9696045
6438912,6725.189248775374,3.0,12.409912,500.0,13.683199,0.0,0.97094727,1.0,0.16795437,0.8701913,-0.0021421956,0.00524817,-0.00476628,-0.31558353,0.029052734,0.97094727
6447104,6716.237089665771,3.0,12.410278,500.0,12.961078,0.0,0.97351074,1.0,0.16058509,0.87205887,-6.517925e-05,0.004212245,-0.002171302,-0.32176945,0.026489258,0.97351074
6455296,6725.735563047791,3.0,12.37207,500.0,11.153809,0.0,0.9736328,1.0,0.16022472,0.8718605,-0.004818481,0.0057400055,-0.007688484,-0.32249266,0.026367188,0.9736328
6463488,6710.544319518087,3.0,12.286621,500.0,9.979771,0.0,0.97387695,1.0,0.1595012,0.87234086,-0.00075988984,0.0056742006,-0.00359699,-0.32380375,0.026123047,0.97387695
6471680,6710.415884511222,3.0,12.288818,500.0,9.634017,0.0,0.9749756,1.0,0.1561992,0.8730628,-0.0048295516,0.003423928,-0.006541516,-0.32861322,0.025024414,0.9749756
6479872,6727.962547128895,3.0,12.26062,500.0,9.538858,0.0,0.97424316,1.0,0.15840901,0.87260914,-0.0016530498,0.0062004146,-0.004753257,-0.32379,0.025756836,0.97424316
6488064,6713.180944268061,3.0,12.161255,261.0,7.840123,0.0,0.97216797,1.0,0.16449137,0.8710991,-0.0009850987,0.008328387,-0.0051492923,-0.31673712,0.027832031,0.97216797
6496256,6726.584830104476,3.0,12.185181,261.0,7.9210896,0.0,0.9720459,1.0,0.16484134,0.87088895,-0.0034343246,0.006123352,-0.0064960006,-0.32500067,0.027954102,0.9720459
6504448,6716.491784647617,3.0,12.181152,261.0,7.9245496,0.0,0.97265625,1.0,0.16308302,0.8715096,-0.0044545196,0.0060132407,-0.00746114,-0.33646926,0.02734375,0.97265625
6512640,6714.037539102825,3.0,12.220337,261.0,8.18484,0.0,0.97180176,1.0,0.1655388,0.8705325,0.0015730078,0.0066167396,-0.0017353622,-0.34374344,0.028198242,0.97180176
6520832,6729.819274380503,3.0,12.134033,177.0,7.690142,0.0,0.9707031,1.0,0.16863738,0.87011844,-0.0036418168,0.006669132,-0.0069763833,-0.34388506,0.029296875,0.9707031
6529024,6709.120014496183,3.0,12.112183,177.0,7.652693,0.0,0.970459,1.0,0.16931729,0.8700907,0.0031157816,0.009223997,-0.0014962159,-0.35243386,0.029541016,0.970459
6537216,6721.3201994032925,3.0,12.108154,177.0,7.737075,0.0,0.9700928,1.0,0.17033139,0.869846,0.0018752519,0.0060934015,-0.0011714495,-0.3604099,0.029907227,0.9700928
6545408,6717.501564626728,3.0,12.086182,177.0,7.7172093,0.0,0.96936035,1.0,0.17233936,0.86937827,0.0019153184,0.0066999868,-0.001434674,-0.36940712,0.030639648,0.96936035
6553600,6716.367060464574,3.0,12.104492,177.0,7.609652,0.0,0.96936035,1.0,0.17233936,0.8691677,-0.00061472435,0.0047005108,-0.0029649802,-0.37466344,0.030639648,0.96936035
6561792,6713.806643631908,3.0,12.104858,177.0,7.5865526,0.0,0.9700928,1.0,0.17033139,0.86975455,-0.0007692814,0.0042887237,-0.0029136431,-0.37506878,0.029907227,0.9700928
6569984,6743.874748255873,3.0,12.094482,177.0,7.498363,0.0,0.96936035,1.0,0.17233936,0.8691522,0.0014579362,0.0048064375,-0.0009452825,-0.3702578,0.030639648,0.96936035
6578176,6719.631107435321,3.0,12.284668,500.0,10.831609,0.0,0.9692383,1.0,0.17267147,0.86849964,0.0039365734,0.004903587,0.0014847792,-0.37138152,0.030761719,0.9692383
6586368,6720.150232097293,3.0,12.300659,500.0,10.868793,0.0,0.97094727,1.0,0.16795437,0.8699043,-0.0062310332,0.0050758156,-0.008768942,-0.37638545,0.029052734,0.97094727
6594560,6728.203639758738,3.0,12.268799,500.0,10.819814,0.0,0.9713135,1.0,0.16692394,0.87045723,-0.0023097303,0.0056127403,-0.0051161004,-0.37861642,0.028686523,0.9713135
6602752,6708.154661236586,3.0,12.247437,500.0,10.89571,0.0,0.9719238,1.0,0.1651905,0.87125456,-0.0010209719,0.004521171,-0.0032815575,-0.3761706,0.028076172,0.9719238
6610944,6710.138062337189,3.0,12.226074,500.0,10.731926,0.0,0.97106934,1.0,0.16761169,0.8706151,0.0017675087,0.00788776,-0.002176371,-0.37852293,0.028930664,0.97106934
6619136,6716.406446548257,3.0,12.267334,500.0,12.046523,0.0,0.9711914,1.0,0.16726822,0.87091166,0.0004791835,0.005883019,-0.0024623263,-0.3808743,0.028808594,0.9711914
6627328,6724.972064143726,3.0,12.312134,500.0,12.49002,0.0,0.9719238,1.0,0.1651905,0.87136024,-0.0015865352,0.0061938865,-0.0046834787,-0.38691837,0.028076172,0.9719238
6635520,6712.6602729197775,3.0,12.317383,500.0,12.407375,0.0,0.9727783,1.0,0.16272879,0.8720306,-0.0018249047,0.0062622954,-0.0049560526,-0.38535705,0.02722168,0.9727783
6643712,6729.541161269903,3.0,12.281128,500.0,12.317048,0.0,0.9724121,1.0,0.16378888,0.8719312,-0.0008291319,0.007577592,-0.0046179276,-0.38129967,0.02758789,0.9724121
6651904,6719.353835732059,3.0,12.190552,500.0,12.267224,0.0,0.9729004,1.0,0.1623737,0.8731319,-0.0047184257,0.0044627246,-0.006949788,-0.38133568,0.02709961,0.9729004
6660096,6716.61126163003,3.0,12.19873,500.0,12.394636,0.0,0.97216797,1.0,0.16449137,0.8726394,0.0016153473,0.0065424405,-0.0016558733,-0.3801503,0.027832031,0.97216797
6668288,6723.167999668144,3.0,12.160522,500.0,12.383647,0.0,0.9716797,1.0,0.16588633,0.87255603,-0.0018360985,0.006539699,-0.0051059485,-0.3739944,0.028320312,0.9716797
6676480,6696.203143614578,3.0,12.008301,500.0,11.040992,0.0,0.9720459,1.0,0.16484134,0.8736552,0.0035205837,0.0045122085,0.0012644795,-0.3691648,0.027954102,0.9720459
6684672,6724.3245423275575,3.0,12.0251465,500.0,11.207443,0.0,0.97094727,1.0,0.16795437,0.8727006,0.0008152765,0.0075105047,-0.0029399763,-0.37011993,0.029052734,0.97094727
6692864,6703.502073497163,3.0,12.0546875,500.0,11.495783,0.0,0.97106934,1.0,0.16761169,0.87271523,-0.0037749738,0.005511752,-0.0065308497,-0.37522256,0.028930664,0.97106934
6701056,6727.655607199038,3.0,12.091431,500.0,12.292667,0.0,0.9691162,1.0,0.17300282,0.87094104,-0.0006995987,0.010121689,-0.005760443,-0.38315797,0.030883789,0.9691162
6709248,6723.945563023184,3.0,12.122559,500.0,12.22241,0.0,0.9696045,1.0,0.17167298,0.8710252,-0.005169739,0.0066482225,-0.00849385,-0.38659552,0.030395508,0.9696045
6717440,6720.373677527572,3.0,12.056274,500.0,10.934805,0.0,0.96899414,1.0,0.17333348,0.87052155,0.017827122,0.008099094,0.0137775745,-0.3857447,0.03100586,0.96899414
6725632,6717.954685525571,3.0,12.075317,500.0,11.742927,0.0,0.9682617,1.0,0.17530249,0.870054,-0.0022350715,0.0076369843,-0.006053564,-0.38431782,0.03173828,0.9682617
6733824,6722.268303109307,3.0,12.082642,500.0,12.904164,0.0,0.9667969,1.0,0.17916662,0.86920846,-0.005309737,0.011192421,-0.010905947,-0.38840008,0.033203125,0.9667969
6742016,6736.285617548197,3.0,12.110352,500.0,12.912378,0.0,0.9663086,1.0,0.18043363,0.86857915,-0.003984479,0.008592964,-0.008280961,-0.39488804,0.033691406,0.9663086
6750208,6728.368330449212,3.0,12.112671,500.0,12.912023,0.0,0.9655762,1.0,0.18231519,0.8678678,-0.0051466944,0.005689807,-0.007991598,-0.40171802,0.034423828,0.9655762
6758400,6746.038266192137,3.0,12.081543,500.0,12.785068,0.0,0.9650879,1.0,0.18355723,0.8674973,-0.0028743902,0.0074677803,-0.0066082804,-0.41188052,0.03491211,0.9650879
6766592,6730.113229337014,3.0,12.090088,500.0,12.77436,0.0,0.96435547,1.0,0.18540226,0.86673033,0.0003262814,0.0076396815,-0.0034935586,-0.41434842,0.03564453,0.96435547
6774784,6721.702827655675,3.0,12.103638,500.0,11.684455,0.0,0.963501,1.0,0.18752824,0.86544716,-0.001610915,0.0072416235,-0.005231727,-0.4185315,0.036499023,0.963501
6782976,6708.0512002349005,3.0,12.082275,500.0,11.513253,0.0,0.96276855,1.0,0.18932843,0.8647737,-0.0016112484,0.0085480325,-0.005885266,-0.42012328,0.037231445,0.96276855
6791168,6732.436772316699,3.0,12.107178,500.0,12.452771,0.0,0.96276855,1.0,0.18932843,0.8648929,-0.00033048424,0.005502847,-0.003081908,-0.4158604,0.037231445,0.96276855
6799360,6731.2537012382,3.0,12.12854,500.0,12.846257,0.0,0.9633789,1.0,0.18782969,0.86549425,-0.0024836322,0.006358919,-0.0056630922,-0.41587353,0.036621094,0.9633789
6807552,6717.737967903983,3.0,12.187378,500.0,13.894514,0.0,0.9625244,1.0,0.18992409,0.86468494,-7.911539e-05,0.008002451,-0.0040803403,-0.41724768,0.037475586,0.9625244
6815744,6728.1562103352,3.0,12.156738,500.0,13.879147,0.0,0.96398926,1.0,0.18631683,0.8663188,-0.0035868122,0.004566729,-0.0058701765,-0.41250306,0.036010742,0.96398926
6823936,6733.399890767588,3.0,12.113037,500.0,12.806302,0.0,0.96447754,1.0,0.18509622,0.8666329,0.00019540725,0.006706639,-0.0031579114,-0.41271785,0.03552246,0.96447754
6832128,6716.294853844219,3.0,12.147949,500.0,12.817676,0.0,0.9645996,1.0,0.18478961,0.86641157,-0.001072057,0.010060085,-0.006102099,-0.41181764,0.03540039,0.9645996
6840320,6724.9918076214935,3.0,12.177124,500.0,12.856099,0.0,0.9650879,1.0,0.18355723,0.86664754,-0.0029305976,0.00744171,-0.0066514527,-0.41113326,0.03491211,0.9650879
6848512,6747.109946525408,3.0,12.252808,500.0,14.789133,0.0,0.96520996,1.0,0.18324761,0.8669852,0.00035622192,0.0060718614,-0.0026797089,-0.4094014,0.03479004,0.96520996
6856704,6715.0085233962955,3.0,12.293457,500.0,15.758068,0.0,0.96520996,1.0,0.18324761,0.86719716,-0.005829729,0.007046843,-0.00935315,-0.41137397,0.03479004,0.96520996
6864896,6728.071893011093,3.0,12.377075,500.0,16.630793,0.0,0.9654541,1.0,0.1826266,0.86720437,-0.002302059,0.006273831,-0.0054389737,-0.41390556,0.0345459,0.9654541
6873088,6733.356346589419,3.0,12.498535,500.0,18.261301,0.0,0.96533203,1.0,0.18293743,0.8670233,-0.003153606,0.008949582,-0.007628397,-0.41288736,0.03466797,0.96533203
6881280,6710.41981612216,3.0,12.531006,500.0,19.228466,0.0,0.9649658,1.0,0.1838662,0.8669899,0.0007442173,0.007646609,-0.003079088,-0.41059345,0.03503418,0.9649658
6889472,6715.205378771932,3.0,12.596069,500.0,19.232199,0.0,0.9645996,1.0,0.18478961,0.8661257,-0.00093752623,0.0067287795,-0.004301916,-0.41224468,0.03540039,0.9645996
6897664,6708.036794525763,3.0,12.65271,500.0,19.974493,0.0,0.9628906,1.0,0.18902981,0.8646215,0.0005795623,0.009767644,-0.0043042595,-0.40884265,0.037109375,0.9628906
6905856,6709.6597903195825,3.0,12.546265,500.0,18.47483,0.0,0.9622803,1.0,0.19051756,0.8639936,4.928501e-05,0.008738918,-0.0043201735,-0.4058629,0.037719727,0.9622803
6914048,6718.853227723733,3.0,12.5946045,500.0,19.003588,0.0,0.9625244,1.0,0.18992409,0.86416256,0.0014519875,0.0075634085,-0.0023297165,-0.40495533,0.037475586,0.9625244
6922240,6719.771723157378,3.0,12.685913,500.0,19.769382,0.0,0.9614258,1.0,0.1925779,0.8628739,-0.0016879296,0.007179606,-0.005277733,-0.4047484,0.03857422,0.9614258
6930432,6722.203860405605,3.0,12.715576,500.0,20.542988,0.0,0.96154785,1.0,0.19228514,0.86332935,-0.0020477807,0.0066608293,-0.005378195,-0.40661332,0.03845215,0.96154785
6938624,6710.400158113543,3.0,12.793701,500.0,21.253998,0.0,0.9622803,1.0,0.19051757,0.8638636,-0.00060050446,0.006202698,-0.003701854,-0.4016439,0.037719727,0.9622803
6946816,6710.033229759263,3.0,12.944336,500.0,22.596992,0.0,0.9621582,1.0,0.19081351,0.86354005,-0.0013199938,0.006925044,-0.0047825156,-0.3930165,0.037841797,0.9621582
6955008,6706.807298842072,3.0,12.960693,500.0,22.385061,0.0,0.9616699,1.0,0.19199188,0.86296856,0.0026176868,0.00635742,-0.000561023,-0.38852993,0.038330078,0.9616699
6963200,6722.81808905767,3.0,13.078369,500.0,23.037472,0.0,0.9610596,1.0,0.193453,0.8619824,0.003991704,0.007884456,4.9475348e-05,-0.3838492,0.03894043,0.9610596
6971392,6708.297416465833,3.0,13.029419,500.0,22.433538,0.0,0.961792,1.0,0.19169806,0.8626085,0.00050012325,0.005780251,-0.0023900017,-0.37615877,0.038208008,0.961792
6979584,6712.407179751663,3.0,13.100952,500.0,22.698198,0.0,0.96240234,1.0,0.19022112,0.8629694,0.0070468476,0.007833643,0.0031300236,-0.37233636,0.037597656,0.96240234
6987776,6721.8343250853295,3.0,13.015503,500.0,21.856642,0.0,0.96240234,1.0,0.19022112,0.8630741,0.0022450031,0.008757951,-0.002133972,-0.37355646,0.037597656,0.96240234
6995968,6715.708068527326,3.0,13.102051,500.0,23.163345,0.0,0.961792,1.0,0.19169806,0.8627397,0.00034605514,0.008923065,-0.0041154767,-0.37392607,0.038208008,0.961792
7004160,6729.82454688898,3.0,13.008423,500.0,21.972929,0.0,0.9630127,1.0,0.1887306,0.8638153,0.0071367878,0.008429436,0.0029220688,-0.36939722,0.036987305,0.9630127
7012352,6700.883499104754,3.0,13.019897,500.0,22.098278,0.0,0.96447754,1.0,0.18509622,0.86527854,-0.0027409778,0.0049786665,-0.005230312,-0.36812973,0.03552246,0.96447754
7020544,6711.6008184464945,3.0,13.047363,500.0,22.337591,0.0,0.9655762,1.0,0.18231519,0.8662398,-0.0018431875,0.004192121,-0.0039392486,-0.37338126,0.034423828,0.9655762
7028736,6717.09446464975,3.0,12.985107,500.0,21.727219,0.0,0.9666748,1.0,0.17948431,0.8673431,0.00048514688,0.0051612435,-0.0020954758,-0.37595204,0.033325195,0.9666748
7036928,6723.054866689377,3.0,12.990356,500.0,21.254625,0.0,0.9671631,1.0,0.17820957,0.8674267,0.0013658083,0.006441806,-0.0018550956,-0.3787545,0.032836914,0.9671631
7045120,6714.85367194485,3.0,12.9852295,500.0,21.34786,0.0,0.967041,1.0,0.17852925,0.86741936,0.0026422394,0.0067268005,-0.0007211611,-0.37152392,0.032958984,0.967041
7053312,6728.446067255991,3.0,12.989502,500.0,21.374866,0.0,0.96765137,1.0,0.17692426,0.8679451,0.0062785703,0.005935276,0.00331093,-0.3716207,0.032348633,0.96765137
7061504,6711.385821483981,3.0,12.950439,500.0,21.042286,0.0,0.9683838,1.0,0.17497607,0.86863077,0.00096085574,0.0055000684,-0.0017891789,-0.38033307,0.03161621,0.9683838
7069696,6713.243902448555,3.0,12.862183,500.0,19.757753,0.0,0.9700928,1.0,0.17033139,0.87005997,-0.0015140525,0.0051272092,-0.004077657,-0.38375616,0.029907227,0.9700928
7077888,6729.22089834608,3.0,12.871338,500.0,19.803225,0.0,0.9699707,1.0,0.17066792,0.869884,0.003674732,0.004570524,0.0013894704,-0.38620466,0.030029297,0.9699707
7086080,6720.317157573665,3.0,12.810669,500.0,18.980566,0.0,0.96984863,1.0,0.17100368,0.8696611,-0.0013312326,0.00788426,-0.0052733626,-0.38356593,0.030151367,0.96984863
7094272,6729.023220398731,3.0,12.746216,500.0,18.231901,0.0,0.9715576,1.0,0.166233,0.871314,0.0003079779,0.0052524246,-0.0023182349,-0.3813612,0.028442383,0.9715576
7102464,6733.658528402204,3.0,12.710571,500.0,17.362232,0.0,0.97229004,1.0,0.16414054,0.87167263,-0.0021827975,0.0061207637,-0.0052431794,-0.3762111,0.027709961,0.97229004
7110656,6725.357741061186,3.0,12.658936,500.0,17.209322,0.0,0.97351074,1.0,0.16058509,0.87284034,-0.00035954727,0.0059707733,-0.0033449344,-0.38044843,0.026489258,0.97351074
7118848,6744.083889505313,3.0,12.727661,500.0,17.75974,0.0,0.9725342,1.0,0.16343637,0.87164843,-0.005631026,0.0065871044,-0.008924578,-0.38301152,0.02746582,0.9725342
7127040,6711.855161907158,3.0,12.638062,500.0,16.819244,0.0,0.97229004,1.0,0.16414054,0.8715793,-0.006504326,0.00496145,-0.008985052,-0.38072824,0.027709961,0.97229004
7135232,6717.194265239702,3.0,12.638672,500.0,16.95065,0.0,0.97265625,1.0,0.16308302,0.87199646,0.0011494338,0.0055765538,-0.0016388437,-0.38003263,0.02734375,0.97265625
7143424,6716.041486531654,3.0,12.512939,500.0,15.610128,0.0,0.9727783,1.0,0.16272879,0.8722717,0.0055546667,0.0063038357,0.0024027487,-0.38365316,0.02722168,0.9727783
7151616,6712.7953511779915,3.0,12.44458,500.0,14.456759,0.0,0.9727783,1.0,0.16272879,0.87226284,0.0014784317,0.00545556,-0.001249348,-0.37486023,0.02722168,0.9727783
7159808,6714.416714413125,3.0,12.535889,500.0,15.532002,0.0,0.9727783,1.0,0.16272879,0.87210953,0.0037687581,0.0049363854,0.0013005668,-0.3711065,0.02722168,0.9727783
7168000,6722.937791220277,3.0,12.518677,500.0,15.496593,0.0,0.9724121,1.0,0.16378888,0.87176526,0.00230382,0.0063694776,-0.0008809197,-0.373187,0.02758789,0.9724121
7176192,6729.261753236719,3.0,12.461792,500.0,16.17589,0.0,0.97180176,1.0,0.1655388,0.87202364,-0.0002599504,0.0064146384,-0.0034672697,-0.3709368,0.028198242,0.97180176
7184384,6710.5115550186065,3.0,12.372314,500.0,14.964583,0.0,0.97143555,1.0,0.16657889,0.87162995,-0.006276576,0.0067539206,-0.009653536,-0.3695793,0.028564453,0.97143555
7192576,6708.451965673395,3.0,12.497559,500.0,16.774054,0.0,0.97143555,1.0,0.16657889,0.8715879,0.00727377,0.0054458836,0.004550829,-0.37582338,0.028564453,0.97143555
7200768,6721.825120097784,3.0,12.497437,500.0,16.782902,0.0,0.97143555,1.0,0.16657889,0.8716183,-0.003579093,0.005169451,-0.006163818,-0.37561923,0.028564453,0.97143555
7208960,6714.908787744534,3.0,12.45166,500.0,16.659967,0.0,0.970459,1.0,0.16931729,0.871056,-0.0063308,0.0063144136,-0.009488007,-0.38224477,0.029541016,0.970459
7217152,6735.218693000867,3.0,12.551514,500.0,17.530298,0.0,0.9713135,1.0,0.16692394,0.87147623,0.004864262,0.0047105555,0.0025089844,-0.39452627,0.028686523,0.9713135
7225344,6716.0795560473425,3.0,12.632935,500.0,18.610718,0.0,0.97094727,1.0,0.16795437,0.871176,0.000608483,0.005778313,-0.0022806735,-0.3951066,0.029052734,0.97094727
7233536,6716.682162068754,3.0,12.792114,500.0,20.109713,0.0,0.9692383,1.0,0.17267147,0.8692302,0.0028169204,0.0067600813,-0.0005631201,-0.39936602,0.030761719,0.9692383
7241728,6717.8719371471425,3.0,12.800781,500.0,20.677105,0.0,0.9691162,1.0,0.17300282,0.8693532,-0.0003054361,0.0060647307,-0.003337802,-0.40431026,0.030883789,0.9691162
7249920,6697.232939565783,3.0,12.908447,500.0,22.041985,0.0,0.96899414,1.0,0.17333348,0.86935186,-0.004775365,0.006475698,-0.008013215,-0.40181753,0.03100586,0.96899414
7258112,6709.9415039405585,3.0,12.883545,500.0,21.82147,0.0,0.9691162,1.0,0.17300282,0.869575,-0.0036675641,0.0058711604,-0.006603144,-0.4002106,0.030883789,0.9691162
7266304,6738.782590822751,3.0,12.899658,500.0,21.745947,0.0,0.96875,1.0,0.17399263,0.8689662,-0.00032171817,0.0065540774,-0.003598757,-0.4036906,0.03125,0.96875
7274496,6734.831884301137,3.0,13.0095215,500.0,22.98092,0.0,0.9688721,1.0,0.17366341,0.8690822,-0.0030747806,0.0052917916,-0.005720676,-0.40305355,0.03112793,0.9688721
7282688,6729.885181330264,3.0,13.091309,500.0,23.622784,0.0,0.9683838,1.0,0.17497607,0.86848736,-0.0013036882,0.006018524,-0.0043129497,-0.40678048,0.03161621,0.9683838
7290880,6712.110835843882,3.0,13.073242,500.0,23.647182,0.0,0.96875,1.0,0.17399263,0.8690586,-0.004289502,0.007624401,-0.008101702,-0.41419676,0.03125,0.96875
7299072,6704.107656769707,3.0,12.990112,500.0,23.105202,0.0,0.9686279,1.0,0.17432114,0.8692755,0.0013335377,0.006756004,-0.0020444635,-0.4164334,0.03137207,0.9686279
7307264,6732.655758610115,3.0,13.040405,500.0,23.742535,0.0,0.9678955,1.0,0.1762776,0.8687787,-0.0034318375,0.006259395,-0.006561534,-0.41755962,0.032104492,0.9678955
7315456,6723.890298777049,3.0,13.160645,500.0,24.371956,0.0,0.96643066,1.0,0.18011782,0.86698985,-0.0011161771,0.008946612,-0.0055894824,-0.41694003,0.033569336,0.96643066
7323648,6720.84821975385,3.0,13.207886,500.0,25.516851,0.0,0.967041,1.0,0.17852925,0.8681339,-0.0034715272,0.0052377842,-0.0060904194,-0.41972548,0.032958984,0.967041
7331840,6734.483398470422,3.0,13.255981,500.0,25.5461,0.0,0.96728516,1.0,0.17788924,0.8679743,-0.0035646558,0.0066288114,-0.006879061,-0.4284279,0.032714844,0.96728516
7340032,6712.745515847944,3.0,13.115723,500.0,24.391577,0.0,0.96691895,1.0,0.17884824,0.8679002,0.00053038215,0.008825805,-0.00388252,-0.4302717,0.033081055,0.96691895
7348224,6722.727328720782,3.0,13.078735,500.0,23.862051,0.0,0.9663086,1.0,0.18043363,0.86735487,-0.0027854964,0.0071373926,-0.0063541923,-0.43007794,0.033691406,0.9663086
7356416,6720.794321002916,3.0,12.821411,500.0,21.64103,0.0,0.9667969,1.0,0.17916662,0.8681494,-0.00488283,0.0061940784,-0.00797987,-0.4430148,0.033203125,0.9667969
7364608,6721.080914527778,3.0,12.795776,500.0,21.589802,0.0,0.96777344,1.0,0.17660128,0.8691545,0.003179271,0.003944081,0.0012072304,-0.456496,0.032226562,0.96777344
7372800,6703.7008706292945,3.0,12.63208,500.0,20.178999,0.0,0.9680176,1.0,0.17595325,0.8697486,-0.0060487743,0.005503541,-0.008800546,-0.4627478,0.031982422,0.9680176
7380992,6715.38912086952,3.0,12.484741,500.0,18.086206,0.0,0.9691162,1.0,0.17300282,0.87066936,-0.004478713,0.0053979987,-0.0071777124,-0.46605396,0.030883789,0.9691162
7389184,6717.178507054655,3.0,12.498657,500.0,17.375998,0.0,0.9683838,1.0,0.17497607,0.8695148,-0.003808297,0.006463674,-0.0070401337,-0.46874806,0.03161621,0.9683838
7397376,6725.580216465113,3.0,12.453491,500.0,17.338873,0.0,0.9692383,1.0,0.17267147,0.8706425,-0.0015046552,0.0054461425,-0.004227726,-0.46942183,0.030761719,0.9692383
7405568,6710.654410579947,3.0,12.423706,500.0,16.412477,0.0,0.96984863,1.0,0.17100367,0.870859,-0.004238914,0.005235913,-0.006856871,-0.4717708,0.030151367,0.96984863
7413760,6726.396524485954,3.0,12.258545,500.0,14.605266,0.0,0.9708252,1.0,0.16829626,0.8722079,0.006467261,0.0075395484,0.002697486,-0.47804406,0.029174805,0.9708252
7421952,6708.188712390857,3.0,12.135498,500.0,12.4508095,0.0,0.97094727,1.0,0.16795437,0.8722813,-0.0056400825,0.005523839,-0.008402003,-0.48481447,0.029052734,0.97094727
7430144,6719.847947223368,3.0,11.994019,500.0,9.7650795,0.0,0.97058105,1.0,0.16897771,0.87209064,0.0028711886,0.00725124,-0.0007544317,-0.4905761,0.029418945,0.97058105
7438336,6701.329152837106,3.0,11.943848,500.0,9.731592,0.0,0.97229004,1.0,0.16414054,0.8740146,-0.0009953271,0.0047793402,-0.0033849974,-0.49151516,0.027709961,0.97229004
7446528,6708.856708780879,3.0,11.979614,500.0,10.184418,0.0,0.97229004,1.0,0.16414054,0.8738802,0.00015501038,0.0074609257,-0.0035754524,-0.499151,0.027709961,0.97229004
7454720,6712.753384535074,3.0,12.0407715,500.0,11.516464,0.0,0.97180176,1.0,0.1655388,0.8734131,0.004576921,0.006018247,0.0015677995,-0.5022479,0.028198242,0.97180176
7462912,6732.026541157957,3.0,12.052246,500.0,11.616111,0.0,0.9716797,1.0,0.16588633,0.87328357,-0.00022052415,0.005385909,-0.0029134788,-0.50338304,0.028320312,0.9716797
7471104,6712.261627040384,3.0,12.101318,500.0,12.86114,0.0,0.9716797,1.0,0.16588633,0.8734001,-0.0051621674,0.0059946,-0.008159468,-0.5055625,0.028320312,0.9716797
7479296,6741.20735001239,3.0,12.066284,500.0,12.564428,0.0,0.9715576,1.0,0.166233,0.8733755,-0.0038517881,0.0057356837,-0.00671963,-0.5049207,0.028442383,0.9715576
7487488,6702.458581962758,3.0,12.139282,500.0,14.609334,0.0,0.97180176,1.0,0.1655388,0.8738518,0.0115634585,0.006000302,0.008563307,-0.504531,0.028198242,0.97180176
7495680,6724.804907344361,3.0,12.209839,500.0,15.552953,0.0,0.97216797,1.0,0.16449137,0.87409604,-0.0025480292,0.0055441353,-0.0053200973,-0.5032311,0.027832031,0.97216797
7503872,6727.265715313887,3.0,12.213379,500.0,15.544342,0.0,0.97143555,1.0,0.16657889,0.8734224,-0.0005879482,0.006062587,-0.0036192418,-0.504346,0.028564453,0.97143555
7512064,6728.125908553577,3.0,12.197876,500.0,15.494392,0.0,0.97180176,1.0,0.1655388,0.8738627,-0.003157197,0.0063594887,-0.006336941,-0.4984219,0.028198242,0.97180176
7520256,6731.781217795548,3.0,12.198364,500.0,14.652071,0.0,0.9724121,1.0,0.16378888,0.8740494,3.5705743e-05,0.0050861035,-0.0025073467,-0.5066205,0.02758789,0.9724121
7528448,6720.083201365619,3.0,12.211914,500.0,14.675179,0.0,0.9724121,1.0,0.16378888,0.87393284,-0.0032638079,0.007025062,-0.0067763394,-0.51126504,0.02758789,0.9724121
7536640,6718.421004180861,3.0,12.228394,500.0,14.668879,0.0,0.9715576,1.0,0.166233,0.873057,-0.004335067,0.008383118,-0.008526627,-0.51082754,0.028442383,0.9715576
7544832,6716.947395501409,3.0,12.185181,500.0,14.2604475,0.0,0.97094727,1.0,0.16795437,0.87260777,-0.0046437485,0.007726838,-0.008507168,-0.51309574,0.029052734,0.97094727
7553024,6718.959649954399,3.0,12.169434,500.0,13.243156,0.0,0.97058105,1.0,0.16897771,0.87190557,0.0012865057,0.00791722,-0.002672105,-0.5114895,0.029418945,0.97058105
7561216,6709.900883307764,3.0,12.170776,500.0,13.100526,0.0,0.9691162,1.0,0.17300282,0.87045217,-0.00476567,0.008709669,-0.009120504,-0.50814056,0.030883789,0.9691162
7569408,6709.9415039405585,3.0,12.178223,500.0,13.134668,0.0,0.96777344,1.0,0.17660128,0.8692179,-0.0033186763,0.009796416,-0.008216884,-0.50826627,0.032226562,0.96777344
7577600,6730.280650139092,3.0,12.152954,500.0,13.114259,0.0,0.9675293,1.0,0.1772466,0.86921966,-0.0048367335,0.0059468765,-0.0078101726,-0.5071965,0.032470703,0.9675293
7585792,6718.015106264127,3.0,11.984375,500.0,9.131071,0.0,0.96813965,1.0,0.1756282,0.8696252,-0.0035908134,0.005331237,-0.0062564323,-0.51352584,0.03186035,0.96813965
7593984,6728.041591988948,3.0,12.033936,500.0,10.653275,0.0,0.96655273,1.0,0.1798014,0.8683512,-0.0017966721,0.008190971,-0.0058921576,-0.51878643,0.033447266,0.96655273
7602176,6711.720121483841,3.0,12.0251465,500.0,10.644954,0.0,0.9650879,1.0,0.18355723,0.86702204,-0.0019433792,0.009199172,-0.006542965,-0.51822054,0.03491211,0.9650879
7610368,6727.228835988677,3.0,12.036987,500.0,10.900853,0.0,0.96484375,1.0,0.18417461,0.8667946,-0.0038489066,0.0064103412,-0.007054077,-0.5211036,0.03515625,0.96484375
7618560,6719.8794887220165,3.0,11.970825,500.0,10.665067,0.0,0.9647217,1.0,0.1844824,0.867032,-0.001928064,0.005351012,-0.0046035703,-0.51647437,0.03527832,0.9647217
7626752,6712.749450189203,3.0,11.942871,500.0,10.600853,0.0,0.9645996,1.0,0.18478961,0.8671423,-0.00053462316,0.007538039,-0.0043036425,-0.5190472,0.03540039,0.9645996
7634944,6716.890933164276,3.0,11.967041,500.0,10.636971,0.0,0.96520996,1.0,0.18324761,0.8674655,-0.004225271,0.0061942963,-0.0073224185,-0.5275254,0.03479004,0.96520996
7643136,6705.9918118357755,3.0,11.978516,500.0,10.681675,0.0,0.96484375,1.0,0.18417461,0.8671,0.0008216002,0.008367911,-0.0033623553,-0.5345235,0.03515625,0.96484375
7651328,6730.858118072218,3.0,11.921997,500.0,10.622627,0.0,0.9661865,1.0,0.18074879,0.8687506,0.001100614,0.0047538276,-0.0012763,-0.5388871,0.033813477,0.9661865
7659520,6717.367610155111,3.0,11.955322,500.0,11.102811,0.0,0.96813965,1.0,0.1756282,0.8704988,0.00019400578,0.004510508,-0.0020612478,-0.548728,0.03186035,0.96813965
7667712,6699.5782446893345,3.0,11.967285,500.0,11.016562,0.0,0.96875,1.0,0.17399263,0.87089396,-0.0015582717,0.0076003727,-0.0053584585,-0.55397266,0.03125,0.96875
7675904,6710.531213679901,3.0,11.99231,500.0,9.765478,0.0,0.96765137,1.0,0.17692426,0.8692391,-0.00015954912,0.008533008,-0.004426052,-0.55079734,0.032348633,0.96765137
7684096,6715.815703791963,3.0,12.007202,500.0,11.146237,0.0,0.9667969,1.0,0.17916662,0.8688539,0.0064594736,0.0072381753,0.0028403844,-0.55166376,0.033203125,0.9667969
7692288,6727.116883371149,3.0,11.923462,500.0,9.777037,0.0,0.9682617,1.0,0.17530249,0.87038827,-0.0014877409,0.005371482,-0.004173482,-0.5531535,0.03173828,0.9682617
7700480,6709.695167010388,3.0,11.952881,500.0,9.517778,0.0,0.9699707,1.0,0.17066792,0.8715936,0.0010692194,0.0057552243,-0.0018083926,-0.55296516,0.030029297,0.9699707
7708672,6725.2182077861635,3.0,11.991699,500.0,9.547562,0.0,0.96972656,1.0,0.17133872,0.8710803,-0.0024120896,0.007339393,-0.0060817855,-0.5531617,0.030273438,0.96972656
7716864,6724.554845757773,3.0,11.980469,500.0,9.398765,0.0,0.9683838,1.0,0.17497607,0.8698636,-0.0009487687,0.008387363,-0.0051424513,-0.5549929,0.03161621,0.9683838
7725056,6691.84731020162,3.0,11.97583,500.0,9.42744,0.0,0.9692383,1.0,0.17267147,0.8707293,0.0057805143,0.0063391663,0.0026109302,-0.5558713,0.030761719,0.9692383
7733248,6699.191600288403,3.0,12.050049,500.0,11.0487175,0.0,0.9688721,1.0,0.1736634,0.870384,0.0019560955,0.007092724,-0.0015902667,-0.55275494,0.03112793,0.9688721
7741440,6720.562960575266,3.0,12.116821,500.0,11.09456,0.0,0.96984863,1.0,0.17100368,0.8706728,-0.0009092947,0.0050690416,-0.003443815,-0.55120796,0.030151367,0.96984863
7749632,6731.280075102537,3.0,12.106201,500.0,11.181005,0.0,0.9688721,1.0,0.17366341,0.8699579,-0.0055507943,0.008684983,-0.009893286,-0.55547357,0.03112793,0.9688721
7757824,6699.362711055417,3.0,12.167725,500.0,11.943233,0.0,0.96728516,1.0,0.17788924,0.8681922,-0.0008643195,0.0085136425,-0.0051211407,-0.5568247,0.032714844,0.96728516
7766016,6724.460090436457,3.0,12.1779785,500.0,11.97586,0.0,0.9678955,1.0,0.1762776,0.8686425,-0.0019338022,0.0053535793,-0.0046105916,-0.5596002,0.032104492,0.9678955
7774208,6727.597647437521,3.0,12.144775,500.0,11.878383,0.0,0.97021484,1.0,0.16999412,0.8709272,-0.0009469344,0.0037874077,-0.002840639,-0.56086004,0.029785156,0.97021484
7782400,6718.3789671684635,3.0,12.068481,500.0,10.568881,0.0,0.9699707,1.0,0.17066792,0.87083304,-0.00355292,0.00801723,-0.0075615356,-0.56354153,0.030029297,0.9699707
7790592,6723.844245932542,3.0,12.055786,500.0,10.483569,0.0,0.97021484,1.0,0.16999412,0.8710985,-0.006092418,0.0060211103,-0.009102973,-0.56350654,0.029785156,0.97021484
7798784,6719.888688381564,3.0,12.029053,500.0,10.466343,0.0,0.9699707,1.0,0.17066792,0.87109774,-0.0038872035,0.005949927,-0.0068621663,-0.5677446,0.030029297,0.9699707
7806976,6723.091700264445,3.0,12.019775,500.0,10.480991,0.0,0.96936035,1.0,0.17233936,0.87064105,-0.0033473764,0.008357532,-0.0075261425,-0.562477,0.030639648,0.96936035
7815168,6714.009988240623,3.0,12.01001,500.0,10.519462,0.0,0.96972656,1.0,0.17133872,0.87108624,0.0004875795,0.0072167614,-0.0031208007,-0.56103456,0.030273438,0.96972656
7823360,6709.230058829226,3.0,12.016846,500.0,10.477013,0.0,0.96875,1.0,0.17399263,0.87010443,-0.002139318,0.008406352,-0.006342494,-0.5591051,0.03125,0.96875
7831552,6709.354518079759,3.0,11.90918,487.0,8.698807,0.0,0.96850586,1.0,0.17464896,0.8701364,-0.00086549483,0.007292908,-0.004511949,-0.55715513,0.03149414,0.96850586
7839744,6714.96915370615,3.0,11.858643,487.0,8.65195,0.0,0.9686279,1.0,0.17432113,0.8707224,-0.0013994935,0.0061521297,-0.004475558,-0.5507575,0.03137207,0.9686279
7847936,6710.723874656161,3.0,11.792969,97.0,6.703005,0.0,0.96875,1.0,0.17399263,0.87091184,-0.003179155,0.007923002,-0.007140656,-0.55114263,0.03125,0.96875
7856128,6704.080187341055,3.0,11.750488,88.0,6.6243,0.0,0.96813965,1.0,0.17562822,0.8707262,-0.00057964085,0.008519684,-0.0048394827,-0.5551822,0.03186035,0.96813965
7864320,6711.750275670247,3.0,11.756348,88.0,6.649605,0.0,0.96813965,1.0,0.1756282,0.8706801,-0.0041534724,0.0046312604,-0.0064691026,-0.5539452,0.03186035,0.96813965
7872512,6734.008248634961,3.0,11.751343,88.0,6.652769,0.0,0.9688721,1.0,0.17366341,0.8714018,-0.0007645559,0.004439306,-0.0029842095,-0.5631918,0.03112793,0.9688721
7880704,6731.07963891675,3.0,11.784302,88.0,6.710641,0.0,0.9691162,1.0,0.17300282,0.87140834,-0.005479631,0.0055794134,-0.008269337,-0.5764857,0.030883789,0.9691162
7888896,6706.338664093411,3.0,11.752441,88.0,6.6796823,0.0,0.96972656,1.0,0.17133872,0.87218183,-0.0045755007,0.004909021,-0.007030011,-0.58029044,0.030273438,0.96972656
7897088,6703.0443617720675,3.0,11.772339,88.0,6.63822,0.0,0.9703369,1.0,0.16965607,0.87252426,-0.0017777318,0.004048431,-0.003801947,-0.5765844,0.029663086,0.9703369
7905280,6726.447879518143,3.0,11.790161,88.0,6.6275263,0.0,0.9713135,1.0,0.16692394,0.8732178,-0.00052476313,0.0069095287,-0.0039795283,-0.5805199,0.028686523,0.9713135
7913472,6717.659164962801,3.0,11.772339,88.0,6.5423274,0.0,0.9719238,1.0,0.1651905,0.87390286,-0.0002523716,0.0056851986,-0.003094972,-0.5902436,0.028076172,0.9719238
7921664,6694.139284746422,3.0,11.755615,88.0,6.5527525,0.0,0.97351074,1.0,0.16058509,0.87550145,-0.0024561132,0.0057683717,-0.005340299,-0.5922636,0.026489258,0.97351074
7929856,6698.643059813723,3.0,11.736694,93.0,6.6267967,0.0,0.9737549,1.0,0.1598634,0.8759212,-0.0025398044,0.0055526197,-0.0053161145,-0.5876502,0.026245117,0.9737549
7938048,6706.497050075234,3.0,11.721436,93.0,6.5922904,0.0,0.9732666,1.0,0.16130319,0.8755404,-0.0036136743,0.007972841,-0.007600095,-0.58246964,0.026733398,0.9732666
7946240,6711.922028594256,3.0,11.74231,93.0,6.6090703,0.0,0.9732666,1.0,0.16130319,0.8753982,-0.0042023864,0.0067861173,-0.007595445,-0.58734334,0.026733398,0.9732666
7954432,6711.789607624933,3.0,11.700806,93.0,6.582296,0.0,0.97424316,1.0,0.15840901,0.8766067,-0.00015003758,0.007377474,-0.0038387745,-0.6036862,0.025756836,0.97424316
7962624,6720.769343826107,3.0,11.677368,93.0,6.531925,0.0,0.97302246,1.0,0.16201773,0.87567985,0.0075807767,0.005086894,0.005037331,-0.6042603,0.026977539,0.97302246
7970816,6703.363445633085,3.0,11.705566,271.0,7.214503,0.0,0.9725342,1.0,0.16343637,0.8752179,-0.00026439782,0.006702323,-0.0036155595,-0.6055678,0.02746582,0.9725342
7979008,6715.491495828487,3.0,11.728882,271.0,7.2280855,0.0,0.9719238,1.0,0.1651905,0.874462,-0.0038753557,0.0058442336,-0.006797473,-0.60507494,0.028076172,0.9719238
7987200,6714.639778720058,3.0,11.753052,271.0,7.271666,0.0,0.9719238,1.0,0.1651905,0.8743186,-0.0022490232,0.0055152173,-0.005006633,-0.6051804,0.028076172,0.9719238
7995392,6711.713566261779,3.0,11.704346,271.0,7.230965,0.0,0.97180176,1.0,0.1655388,0.8746229,-0.005129569,0.0061526923,-0.008205916,-0.60001034,0.028198242,0.97180176
8003584,6711.342561564731,3.0,11.639893,271.0,7.216853,0.0,0.97143555,1.0,0.16657889,0.87489,-0.00083404104,0.007675257,-0.0046716696,-0.6009785,0.028564453,0.97143555
8011776,6728.588369793187,3.0,11.657593,271.0,7.2096515,0.0,0.97058105,1.0,0.16897771,0.87397224,-0.002243167,0.008217507,-0.0063519203,-0.6013257,0.029418945,0.97058105
8019968,6707.083536034159,3.0,11.66748,271.0,7.269339,0.0,0.970459,1.0,0.16931729,0.8737782,-0.0032280865,0.0054891193,-0.005972646,-0.6046974,0.029541016,0.970459
8028160,6706.571664245698,3.0,11.669189,271.0,7.1734195,0.0,0.9707031,1.0,0.16863738,0.87389904,0.0006923437,0.005276396,-0.001945854,-0.60709214,0.029296875,0.9707031
8036352,6705.34532264451,3.0,11.654053,271.0,7.115722,0.0,0.970459,1.0,0.16931729,0.8737974,-0.0026742797,0.0074905143,-0.006419536,-0.60383844,0.029541016,0.970459
8044544,6714.214657187488,3.0,11.621338,271.0,7.1021543,0.0,0.9703369,1.0,0.16965607,0.87393403,-0.002561734,0.0068338383,-0.005978653,-0.59861326,0.029663086,0.9703369
8052736,6704.853341534287,3.0,11.64502,271.0,7.1429644,0.0,0.9708252,1.0,0.16829626,0.8741689,-0.0041677626,0.005332174,-0.0068338495,-0.6007197,0.029174805,0.9708252
8060928,6715.608312094441,3.0,11.599121,107.0,6.497741,0.0,0.9707031,1.0,0.16863738,0.8742454,-0.0017543051,0.0063240924,-0.0049163513,-0.6098063,0.029296875,0.9707031
8069120,6696.59857912532,3.0,11.597168,107.0,6.4660006,0.0,0.97058105,1.0,0.16897771,0.87414384,0.0008704349,0.006527491,-0.00239331,-0.61293304,0.029418945,0.97058105
8077312,6723.187732554408,3.0,11.571655,107.0,6.400168,0.0,0.9703369,1.0,0.16965607,0.8740554,-0.0021185528,0.0065632653,-0.0054001855,-0.60774475,0.029663086,0.9703369
8085504,6719.893945341187,3.0,11.585327,107.0,6.374678,0.0,0.9688721,1.0,0.17366341,0.87257975,-0.0041127396,0.008315681,-0.00827058,-0.6153945,0.03112793,0.9688721
8093696,6712.025609034034,3.0,11.664429,107.0,6.46379,0.0,0.96875,1.0,0.17399263,0.8718072,0.0014743966,0.0060235094,-0.0015373582,-0.62031806,0.03125,0.96875
8101888,6695.974778043115,3.0,11.716187,144.0,6.8156095,0.0,0.9688721,1.0,0.17366341,0.87157136,0.0019372511,0.006352282,-0.0012388907,-0.6170348,0.03112793,0.9688721
8110080,6714.075585903304,3.0,11.715454,144.0,6.80825,0.0,0.9688721,1.0,0.17366341,0.87154186,-0.003978546,0.006953228,-0.007455159,-0.61957455,0.03112793,0.9688721
8118272,6714.099201375659,3.0,11.746826,385.0,7.9858036,0.0,0.96936035,1.0,0.17233936,0.87213725,-0.00027919898,0.0047749733,-0.0026666853,-0.62399787,0.030639648,0.96936035
8126464,6716.799019762123,3.0,11.78125,385.0,8.001251,0.0,0.96875,1.0,0.17399263,0.8712911,0.0023679177,0.00788615,-0.0015751572,-0.6242125,0.03125,0.96875
8134656,6720.987571750903,3.0,11.77063,385.0,8.002655,0.0,0.97021484,1.0,0.16999412,0.87267756,0.002779751,0.004044155,0.0007576742,-0.6215919,0.029785156,0.97021484
8142848,6701.651994761125,3.0,11.804932,385.0,7.97033,0.0,0.97058105,1.0,0.16897771,0.87274414,-0.0005309287,0.005729881,-0.0033958685,-0.62184846,0.029418945,0.97058105
8151040,6729.183997580923,3.0,11.846558,385.0,8.131578,0.0,0.970459,1.0,0.16931729,0.8723419,-0.0014240468,0.0053429822,-0.0040955376,-0.6192269,0.029541016,0.970459
8159232,6722.770735532677,3.0,11.841309,385.0,8.131981,0.0,0.9700928,1.0,0.17033137,0.8721862,-0.0036348742,0.0065878863,-0.0069288174,-0.61438525,0.029907227,0.9700928
8167424,6725.086577928513,3.0,11.893799,411.0,9.271878,0.0,0.96984863,1.0,0.17100367,0.8719813,0.0018211997,0.0064896285,-0.0014236147,-0.61087406,0.030151367,0.96984863
8175616,6716.8738633422445,3.0,11.945679,500.0,10.771184,0.0,0.9694824,1.0,0.17200656,0.8717775,-0.00061594986,0.007621536,-0.004426718,-0.6059129,0.030517578,0.9694824
8183808,6707.126741065067,3.0,11.912231,500.0,10.773717,0.0,0.96984863,1.0,0.17100368,0.8724263,-0.005097678,0.006910006,-0.008552682,-0.6043072,0.030151367,0.96984863
8192000,6716.859419714446,3.0,11.910278,500.0,10.77599,0.0,0.9711914,1.0,0.16726822,0.87366116,-0.0017331995,0.0034885867,-0.0034774924,-0.60853904,0.028808594,0.9711914
8200192,6728.438161735966,3.0,11.862915,500.0,10.594919,0.0,0.9708252,1.0,0.16829626,0.873687,-0.0042491546,0.008108541,-0.008303425,-0.61026525,0.029174805,0.9708252
8208384,6717.3873090070565,3.0,11.837402,500.0,10.72444,0.0,0.97058105,1.0,0.16897771,0.873783,0.010594204,0.00756945,0.0068094796,-0.6028591,0.029418945,0.97058105
8216576,6724.8325468716175,3.0,11.838745,500.0,10.754121,0.0,0.9700928,1.0,0.17033139,0.8733495,-0.006696748,0.0063853054,-0.009889401,-0.5989573,0.029907227,0.9700928
8224768,6724.922047852217,3.0,11.840088,500.0,10.773154,0.0,0.970459,1.0,0.16931729,0.87370586,-4.368578e-05,0.0062667015,-0.003177037,-0.6040119,0.029541016,0.970459
8232960,6737.354201250773,3.0,11.872437,500.0,10.803022,0.0,0.9699707,1.0,0.17066792,0.8730365,-0.0013996745,0.0059675905,-0.0043834695,-0.60795116,0.030029297,0.9699707
8241152,6698.763208615033,3.0,11.923218,500.0,12.074753,0.0,0.9692383,1.0,0.17267147,0.8724268,-0.0033388757,0.0078103254,-0.0072440393,-0.60411716,0.030761719,0.9692383
8249344,6731.81682814203,3.0,12.027588,500.0,13.670088,0.0,0.96813965,1.0,0.1756282,0.87127185,0.0063831415,0.008035568,0.002365361,-0.6037635,0.03186035,0.96813965
8257536,6718.921547780676,3.0,12.032959,500.0,13.642777,0.0,0.96850586,1.0,0.17464896,0.87138283,-0.004639337,0.005532773,-0.0074057234,-0.6039168,0.03149414,0.96850586
8265728,6719.769094772152,3.0,12.00769,500.0,12.906243,0.0,0.96765137,1.0,0.17692426,0.8703821,-0.00047817256,0.0078102443,-0.004383295,-0.6087064,0.032348633,0.96765137
8273920,6721.00466248798,3.0,11.928345,500.0,11.693676,0.0,0.9688721,1.0,0.17366341,0.8716236,-0.0030188204,0.0054472424,-0.005742441,-0.613938,0.03112793,0.9688721
8282112,6721.266293081914,3.0,11.980713,500.0,11.711836,0.0,0.9688721,1.0,0.1736634,0.87119216,-0.0012180442,0.007169238,-0.0048026633,-0.61230475,0.03112793,0.9688721
8290304,6730.4533527648255,3.0,11.958618,500.0,11.691014,0.0,0.96728516,1.0,0.17788924,0.8699161,0.00077413686,0.006069611,-0.002260668,-0.6159998,0.032714844,0.96728516
8298496,6709.476361608381,3.0,11.99585,500.0,11.932621,0.0,0.9680176,1.0,0.17595325,0.8703867,-0.0013139816,0.0054686395,-0.0040483014,-0.6238439,0.031982422,0.9680176
8306688,6704.734282488451,3.0,12.01709,500.0,12.954547,0.0,0.96875,1.0,0.17399263,0.87123656,-0.0005379253,0.005448154,-0.003262003,-0.62927836,0.03125,0.96875
8314880,6734.9731369356305,3.0,11.982666,500.0,12.347851,0.0,0.96875,1.0,0.17399263,0.8712059,-0.0021205938,0.0064849164,-0.0053630527,-0.6345006,0.03125,0.96875
8323072,6714.82348986652,3.0,11.962769,500.0,12.328748,0.0,0.96899414,1.0,0.17333348,0.87158936,0.010285404,0.005804437,0.0073831873,-0.6346854,0.03100586,0.96899414
8331264,6720.817983762724,3.0,11.971558,500.0,12.331958,0.0,0.9692383,1.0,0.17267147,0.8717187,-0.00094515434,0.005299369,-0.0035948385,-0.63391423,0.030761719,0.9692383
8339456,6710.729117286313,3.0,11.961792,500.0,11.167564,0.0,0.9691162,1.0,0.17300282,0.8712185,0.0024149278,0.006709424,-0.00093978416,-0.64439386,0.030883789,0.9691162
8347648,6720.2869263606635,3.0,11.831665,500.0,9.082836,0.0,0.96984863,1.0,0.17100368,0.8722976,-0.0013397826,0.007178788,-0.0049291775,-0.6555611,0.030151367,0.96984863
8355840,6719.076586909942,3.0,11.833984,500.0,9.107139,0.0,0.9703369,1.0,0.16965607,0.8727533,-0.000907636,0.0043756813,-0.0030954771,-0.65816647,0.029663086,0.9703369
8364032,6733.325997949808,3.0,11.850098,500.0,9.133384,0.0,0.9716797,1.0,0.16588633,0.87385523,3.43906e-05,0.0060283663,-0.0029797931,-0.6623689,0.028320312,0.9716797
8372224,6725.852735980669,3.0,11.853394,500.0,9.134793,0.0,0.97058105,1.0,0.16897771,0.87286305,-0.0010318832,0.0069308686,-0.0044973167,-0.66205794,0.029418945,0.97058105
8380416,6715.2618127748865,3.0,11.806152,500.0,9.117413,0.0,0.97180176,1.0,0.1655388,0.87432814,-0.0063539166,0.005823731,-0.009265782,-0.6545451,0.028198242,0.97180176
8388608,6734.72759877496,3.0,11.791382,500.0,9.124308,0.0,0.97216797,1.0,0.16449137,0.8748357,-0.002479392,0.007017823,-0.0059883036,-0.6558705,0.027832031,0.97216797
8396800,6719.792750313208,3.0,11.826416,500.0,8.825463,0.0,0.9720459,1.0,0.16484134,0.87430906,-7.1326736e-05,0.004407145,-0.0022748983,-0.6571711,0.027954102,0.9720459
8404992,6726.130544303926,3.0,11.843506,159.0,7.030498,0.0,0.97314453,1.0,0.16166092,0.87466,-0.003987131,0.0043292316,-0.006151747,-0.6530525,0.026855469,0.97314453
8413184,6738.084837369907,3.0,11.855347,109.0,6.86124,0.0,0.9724121,1.0,0.16378888,0.8738461,-0.0018669179,0.007113962,-0.005423899,-0.6519809,0.02758789,0.9724121
8421376,6727.791289636949,3.0,11.804199,109.0,6.7911425,0.0,0.9727783,1.0,0.16272879,0.87459767,-0.0014920635,0.0056084944,-0.0042963107,-0.65840745,0.02722168,0.9727783
8429568,6736.566929948974,3.0,11.834473,331.0,7.6008,0.0,0.97229004,1.0,0.16414054,0.87419367,-0.0023469878,0.0062590586,-0.005476517,-0.6584149,0.027709961,0.97229004
8437760,6733.299608050783,3.0,11.772827,331.0,7.4650574,0.0,0.9729004,1.0,0.1623737,0.87521315,-0.005633727,0.0064063016,-0.008836878,-0.65718466,0.02709961,0.9729004
8445952,6730.036772213746,3.0,11.842163,500.0,9.303628,0.0,0.97351074,1.0,0.16058509,0.87572986,-0.0015303964,0.0038373866,-0.0034490898,-0.65479636,0.026489258,0.97351074
8454144,6715.089888885523,3.0,11.820435,500.0,9.273584,0.0,0.9732666,1.0,0.16130319,0.8757122,-0.00014082086,0.0058173435,-0.0030494926,-0.65608156,0.026733398,0.9732666
8462336,6734.746079518826,3.0,11.81897,500.0,9.387013,0.0,0.9725342,1.0,0.16343637,0.8750633,0.004007509,0.00821941,-0.00010219705,-0.6603403,0.02746582,0.9725342
8470528,6709.782955224941,3.0,11.928711,500.0,12.104617,0.0,0.9733887,1.0,0.1609446,0.8759578,-0.00080722955,0.005260336,-0.003437398,-0.6577387,0.026611328,0.9733887
8478720,6705.684255885863,3.0,12.044189,500.0,14.277582,0.0,0.9720459,1.0,0.16484134,0.874817,0.0017061643,0.008113567,-0.0023506193,-0.65158904,0.027954102,0.9720459
8486912,6716.305356528871,3.0,12.047363,500.0,14.256832,0.0,0.97216797,1.0,0.16449137,0.87484825,-0.003980332,0.00659317,-0.007276917,-0.6399408,0.027832031,0.97216797
8495104,6748.025582203302,3.0,12.087524,500.0,14.676094,0.0,0.9725342,1.0,0.16343637,0.8751056,0.0012213256,0.0041952645,-0.00087630714,-0.6293343,0.02746582,0.9725342
8503296,6731.216778175332,3.0,12.12793,500.0,15.683173,0.0,0.9711914,1.0,0.16726822,0.8741174,0.0019110081,0.006842496,-0.0015102393,-0.6317957,0.028808594,0.9711914
8511488,6715.714631554444,3.0,12.143799,500.0,15.6998,0.0,0.9711914,1.0,0.16726822,0.8740095,-0.00042401068,0.006567723,-0.0037078722,-0.63623637,0.028808594,0.9711914
8519680,6725.223473087647,3.0,12.216187,500.0,15.993461,0.0,0.9707031,1.0,0.16863738,0.8731784,-0.0056139743,0.0070156343,-0.009121791,-0.6359416,0.029296875,0.9707031
8527872,6717.535710738676,3.0,12.243164,500.0,15.925867,0.0,0.9713135,1.0,0.16692394,0.8733665,-0.003134001,0.0050878986,-0.0056779506,-0.6390356,0.028686523,0.9713135
8536064,6711.237691347907,3.0,12.264404,500.0,15.977803,0.0,0.9716797,1.0,0.16588633,0.8735852,0.003593236,0.006558436,0.000314018,-0.64257187,0.028320312,0.9716797
8544256,6713.398679662155,3.0,12.317627,500.0,15.980982,0.0,0.9715576,1.0,0.166233,0.87297064,0.0028388905,0.004598763,0.0005395097,-0.642142,0.028442383,0.9715576
8552448,6726.8798195396985,3.0,12.251709,500.0,15.072558,0.0,0.9720459,1.0,0.16484134,0.87345755,0.00096884905,0.0048309,-0.0014466015,-0.6444187,0.027954102,0.9720459
8560640,6708.961504599559,3.0,12.287964,500.0,15.018095,0.0,0.97314453,1.0,0.16166092,0.87415487,-0.0008668796,0.0055015003,-0.00361763,-0.6488227,0.026855469,0.97314453
8568832,6729.209037341715,3.0,12.2734375,500.0,14.101307,0.0,0.9733887,1.0,0.1609446,0.874025,-0.0017574045,0.0043115155,-0.003913163,-0.6567111,0.026611328,0.9733887
8577024,6715.99029027724,3.0,12.196045,500.0,11.922321,0.0,0.9741211,1.0,0.15877402,0.8743126,-0.0046724784,0.004798673,-0.0070718145,-0.6700256,0.025878906,0.9741211
8585216,6708.07346372527,3.0,12.20459,500.0,11.975597,0.0,0.9749756,1.0,0.1561992,0.87505686,-0.00052103796,0.0060934005,-0.0035677382,-0.6785133,0.025024414,0.9749756
8593408,6710.119716399591,3.0,12.130249,500.0,11.468463,0.0,0.97387695,1.0,0.1595012,0.8744574,0.005722622,0.0063536433,0.0025458005,-0.6797596,0.026123047,0.97387695
8601600,6706.973562103515,3.0,12.097046,500.0,10.129556,0.0,0.9737549,1.0,0.1598634,0.8741346,0.0035178761,0.0062990775,0.00036833878,-0.6864905,0.026245117,0.9737549
8609792,6718.44202288433,3.0,12.103027,500.0,10.126525,0.0,0.9752197,1.0,0.15545484,0.87535644,0.00024336856,0.004172489,-0.0018428756,-0.69188243,0.024780273,0.9752197
8617984,6714.335365236439,3.0,12.067627,500.0,9.712408,0.0,0.97546387,1.0,0.15470652,0.8757328,-0.001351882,0.006424807,-0.0045642857,-0.68957067,0.024536133,0.97546387
8626176,6723.945563023184,3.0,12.031006,500.0,9.253894,0.0,0.97546387,1.0,0.15470652,0.8759142,-0.003613715,0.0057739317,-0.006500682,-0.6849523,0.024536133,0.97546387
8634368,6707.976553139742,3.0,12.008179,500.0,9.180419,0.0,0.97436523,1.0,0.15804312,0.87512046,-0.0020201628,0.00887884,-0.0064595817,-0.6789726,0.025634766,0.97436523
8642560,6734.801522358986,3.0,11.967041,500.0,9.08273,0.0,0.97424316,1.0,0.15840901,0.87531376,0.0007815403,0.005061819,-0.0017493698,-0.66977227,0.025756836,0.97424316
8650752,6713.331783550063,3.0,11.967163,500.0,9.041666,0.0,0.97436523,1.0,0.15804312,0.87539375,-0.003623667,0.00471772,-0.0059825266,-0.6721909,0.025634766,0.97436523
8658944,6721.9579373605,3.0,12.014282,500.0,9.384886,0.0,0.9744873,1.0,0.15767623,0.8752007,-0.0029556542,0.004774297,-0.0053428025,-0.67570394,0.025512695,0.9744873
8667136,6719.453703471927,3.0,11.995117,500.0,9.559627,0.0,0.97265625,1.0,0.16308302,0.87379175,-0.003737679,0.008654898,-0.008065129,-0.681512,0.02734375,0.97265625
8675328,6724.861502810528,3.0,11.945679,500.0,9.525926,0.0,0.97229004,1.0,0.16414054,0.8738586,0.0015533189,0.005775539,-0.0013344501,-0.6875165,0.027709961,0.97229004
8683520,6724.9299451119405,3.0,11.891602,224.0,7.818808,0.0,0.9716797,1.0,0.16588633,0.8732327,0.0034580838,0.0072878203,-0.00018582505,-0.6888144,0.028320312,0.9716797
8691712,6726.418909916395,3.0,11.88208,224.0,8.025428,0.0,0.97302246,1.0,0.16201773,0.8746011,0.0016819669,0.004295676,-0.00046587025,-0.69375026,0.026977539,0.97302246
8699904,6739.328472192801,3.0,11.822754,224.0,7.901838,0.0,0.9724121,1.0,0.16378888,0.8746083,0.0026816786,0.0074829403,-0.0010597918,-0.69522524,0.02758789,0.9724121
8708096,6706.671152388987,3.0,11.785889,224.0,7.8556185,0.0,0.9715576,1.0,0.166233,0.8741157,-0.0012781376,0.005838399,-0.0041973377,-0.69221544,0.028442383,0.9715576
8716288,6729.882545027488,3.0,11.734253,224.0,7.7167606,0.0,0.97143555,1.0,0.16657889,0.874364,0.0027653784,0.005938575,-0.00020390947,-0.7019406,0.028564453,0.97143555
8724480,6709.64144699714,3.0,11.79187,270.0,8.258594,0.0,0.97094727,1.0,0.16795437,0.87354064,-0.0029740096,0.0075460467,-0.006747033,-0.70736414,0.029052734,0.97094727
8732672,6716.827906560315,3.0,11.763184,270.0,8.237773,0.0,0.97106934,1.0,0.16761169,0.8738556,-0.0042577796,0.006278945,-0.0073972517,-0.7046933,0.028930664,0.97106934
8740864,6727.84925273507,3.0,11.783936,270.0,8.216058,0.0,0.9703369,1.0,0.16965608,0.8729944,-0.0018359357,0.007347184,-0.0055095274,-0.700667,0.029663086,0.9703369
8749056,6711.60737344832,3.0,11.715942,270.0,7.7650275,0.0,0.9692383,1.0,0.17267147,0.87241745,-0.000294241,0.007199805,-0.0038941428,-0.70044297,0.030761719,0.9692383
8757248,6729.3553259845185,3.0,11.681763,270.0,7.7388825,0.0,0.96850586,1.0,0.17464896,0.8720465,-0.004801796,0.0074164895,-0.00851004,-0.7016827,0.03149414,0.96850586
8765440,6725.804023141953,3.0,11.638916,270.0,7.3304725,0.0,0.96777344,1.0,0.17660128,0.87156653,-0.0033640685,0.008732964,-0.0077305497,-0.7046983,0.032226562,0.96777344
8773632,6720.589250730743,3.0,11.658813,270.0,7.3104076,0.0,0.9683838,1.0,0.17497605,0.8719435,-0.0003969071,0.0059073265,-0.0033505703,-0.7083932,0.03161621,0.9683838
8781824,6733.058150080146,3.0,11.631836,270.0,7.0580363,0.0,0.9675293,1.0,0.1772466,0.87126654,-0.003222737,0.008877915,-0.0076616947,-0.71204996,0.032470703,0.9675293
8790016,6733.785215309326,3.0,11.598999,270.0,7.0486393,0.0,0.967041,1.0,0.17852925,0.8710125,-0.0027365324,0.006571313,-0.0060221883,-0.7113605,0.032958984,0.967041
8798208,6736.323916915948,3.0,11.595337,270.0,7.0709085,0.0,0.9666748,1.0,0.17948431,0.8706726,-0.0067506265,0.006733049,-0.010117151,-0.7048375,0.033325195,0.9666748
8806400,6740.137543793573,3.0,11.583618,270.0,7.069313,0.0,0.9671631,1.0,0.17820956,0.8712563,-0.013681553,0.0050716526,-0.016217379,-0.7103476,0.032836914,0.9671631
8814592,6735.289986825312,3.0,11.600342,500.0,8.462647,0.0,0.96765137,1.0,0.17692426,0.87194586,0.00049743627,0.007646964,-0.0033260453,-0.70935625,0.032348633,0.96765137
8822784,6710.748777222342,3.0,11.554199,500.0,8.415146,0.0,0.9663086,1.0,0.18043363,0.87111986,-0.0008027225,0.009258489,-0.005431968,-0.70497096,0.033691406,0.9663086
8830976,6699.182457210986,3.0,11.557251,500.0,8.511389,0.0,0.9659424,1.0,0.1813772,0.87085533,0.0048059113,0.008367905,0.0006219584,-0.7062316,0.034057617,0.9659424
8839168,6728.714865990631,3.0,11.574829,500.0,8.659381,0.0,0.967041,1.0,0.17852925,0.87183595,-0.004375365,0.005690092,-0.007220411,-0.7094855,0.032958984,0.967041
8847360,6712.824203549384,3.0,11.578735,500.0,8.669912,0.0,0.96691895,1.0,0.17884824,0.87171894,-0.0033613713,0.0063688336,-0.006545789,-0.7079566,0.033081055,0.96691895
8855552,6716.271222923848,3.0,11.561157,500.0,8.665491,0.0,0.96643066,1.0,0.18011782,0.8714263,-0.0046523456,0.008892902,-0.009098797,-0.70462465,0.033569336,0.96643066
8863744,6709.600829997221,3.0,11.603882,500.0,8.974081,0.0,0.96777344,1.0,0.17660128,0.8725521,0.0017694761,0.0054934397,-0.0009772433,-0.7125728,0.032226562,0.96777344
8871936,6732.103043498024,3.0,11.628052,500.0,8.98482,0.0,0.96765137,1.0,0.17692426,0.8722327,0.006788641,0.006820066,0.0033786092,-0.7135575,0.032348633,0.96765137
8880128,6722.044731674708,3.0,11.634644,500.0,8.950203,0.0,0.9680176,1.0,0.17595325,0.87251675,0.000180481,0.0058652936,-0.0027521653,-0.7092132,0.031982422,0.9680176
8888320,6721.523999407656,3.0,11.653564,500.0,9.202626,0.0,0.96850586,1.0,0.17464896,0.87295187,0.00016613188,0.0062339394,-0.0029508374,-0.7130849,0.03149414,0.96850586
8896512,6734.620676462126,3.0,11.582153,500.0,9.166768,0.0,0.9686279,1.0,0.17432114,0.87366104,-0.0023577793,0.0062725605,-0.00549406,-0.71162516,0.03137207,0.9686279
8904704,6728.600228609655,3.0,11.536133,201.0,7.391924,0.0,0.96850586,1.0,0.17464896,0.87342495,-0.0046538366,0.0051752017,-0.007241438,-0.7189119,0.03149414,0.96850586
8912896,6719.235575142394,3.0,11.551758,201.0,7.39487,0.0,0.96972656,1.0,0.17133872,0.8743601,-0.002756558,0.007177061,-0.006345088,-0.7243521,0.030273438,0.96972656
8921088,6725.031294924814,3.0,11.494629,201.0,7.2351155,0.0,0.9694824,1.0,0.17200656,0.87454915,-0.0011271196,0.007800826,-0.005027532,-0.7255682,0.030517578,0.9694824
8929280,6717.601377314276,3.0,11.443115,201.0,7.1174874,0.0,0.9700928,1.0,0.17033139,0.8754494,-0.0011499256,0.0055878493,-0.0039438503,-0.724298,0.029907227,0.9700928
8937472,6706.245730347145,3.0,11.428101,201.0,7.0275135,0.0,0.96899414,1.0,0.17333348,0.8745763,-0.0045876266,0.008211997,-0.008693626,-0.7222239,0.03100586,0.96899414
8945664,6723.9508263320995,3.0,11.380249,201.0,6.9825096,0.0,0.9696045,1.0,0.171673,0.87550354,-0.00399372,0.0070138937,-0.0075006667,-0.71900916,0.030395508,0.9696045
8953856,6730.798784607509,3.0,11.346558,177.0,6.6168804,0.0,0.9688721,1.0,0.1736634,0.8748744,-0.00086207094,0.007474388,-0.0045992653,-0.7251218,0.03112793,0.9688721
8962048,6700.858669701708,3.0,11.359619,177.0,6.779509,0.0,0.9692383,1.0,0.17267147,0.8751755,0.0039365483,0.0051737945,0.0013496513,-0.7266575,0.030761719,0.9692383
8970240,6712.984207564864,3.0,11.393799,199.0,7.159862,0.0,0.97021484,1.0,0.16999412,0.8759054,-0.0048382636,0.0051279054,-0.007402216,-0.73515713,0.029785156,0.97021484
8978432,6708.10489478679,3.0,11.351318,199.0,6.876517,0.0,0.97094727,1.0,0.16795437,0.8768271,-0.0005446146,0.005690165,-0.0033896973,-0.7489444,0.029052734,0.97094727
8986624,6735.139479410525,3.0,11.425415,500.0,8.851356,0.0,0.9688721,1.0,0.1736634,0.87493235,-0.0023598364,0.007944098,-0.0063318852,-0.7562809,0.03112793,0.9688721
8994816,6705.54161185196,3.0,11.488892,500.0,8.998243,0.0,0.9691162,1.0,0.17300282,0.87465,0.0030059079,0.0074356273,-0.0007119059,-0.7580496,0.030883789,0.9691162
9003008,6720.913951107913,3.0,11.609497,500.0,11.784306,0.0,0.96875,1.0,0.17399263,0.8743253,0.0088588735,0.0061833933,0.005767178,-0.75973296,0.03125,0.96875
9011200,6718.685061195055,3.0,11.72998,500.0,12.581233,0.0,0.96936035,1.0,0.17233936,0.8743321,0.008436613,0.0062773493,0.0052979384,-0.76031727,0.030639648,0.96936035
9019392,6715.494120868479,3.0,11.81897,500.0,12.689273,0.0,0.9703369,1.0,0.16965607,0.8745389,-0.002032271,0.0045203622,-0.004292452,-0.760185,0.029663086,0.9703369
9027584,6720.952075882396,3.0,11.820068,500.0,12.699687,0.0,0.96936035,1.0,0.17233936,0.8736281,-0.0002695301,0.0066301846,-0.0035846229,-0.77054965,0.030639648,0.96936035
9035776,6732.045007080848,3.0,11.84314,500.0,12.702853,0.0,0.9707031,1.0,0.16863738,0.8746016,0.00012879376,0.006447838,-0.0030951244,-0.7761813,0.029296875,0.9707031
9043968,6720.781175097242,3.0,11.912109,500.0,12.809082,0.0,0.970459,1.0,0.16931729,0.8739302,-0.0011386538,0.0068854354,-0.0045813723,-0.77336633,0.029541016,0.970459
9052160,6709.071543732799,3.0,11.985107,500.0,13.261576,0.0,0.96972656,1.0,0.17133872,0.87295663,0.0138575565,0.008275101,0.009720004,-0.77052665,0.030273438,0.96972656
9060352,6716.028359212522,3.0,12.035889,500.0,13.247398,0.0,0.9692383,1.0,0.17267147,0.8720447,0.0026504039,0.005941522,-0.00032035727,-0.7701316,0.030761719,0.9692383
9068544,6703.676020342963,3.0,12.226196,500.0,16.924953,0.0,0.96728516,1.0,0.17788924,0.87051487,0.0026233546,0.008251388,-0.0015023393,-0.7690345,0.032714844,0.96728516
9076736,6707.362414668855,3.0,12.384888,500.0,18.557144,0.0,0.96643066,1.0,0.18011783,0.8693815,0.0004890602,0.0052826125,-0.0021522464,-0.7649078,0.033569336,0.96643066
9084928,6706.609626478427,3.0,12.651855,500.0,21.090963,0.0,0.9661865,1.0,0.18074878,0.8686193,0.0123358,0.006257383,0.009207108,-0.76416993,0.033813477,0.9661865
9093120,6731.771985544997,3.0,12.713013,500.0,21.112192,0.0,0.96691895,1.0,0.17884824,0.8687813,0.004520013,0.00585532,0.0015923523,-0.75965905,0.033081055,0.96691895
9101312,6709.233989050744,3.0,12.7109375,500.0,21.063452,0.0,0.9663086,1.0,0.18043363,0.86822134,-0.0030604391,0.008270518,-0.007195698,-0.7528493,0.033691406,0.9663086
9109504,6727.80446298064,3.0,12.560303,500.0,19.438982,0.0,0.9658203,1.0,0.1816905,0.86777306,0.0016667238,0.006442944,-0.0015547485,-0.7488182,0.034179688,0.9658203
9117696,6708.026317685252,3.0,12.607422,500.0,20.622217,0.0,0.9645996,1.0,0.18478961,0.86698985,-0.0021306323,0.0071401037,-0.005700684,-0.74126846,0.03540039,0.9645996
9125888,6724.465354550918,3.0,12.719849,500.0,21.94875,0.0,0.96362305,1.0,0.18722625,0.86612433,-0.0013789972,0.008312309,-0.005535152,-0.7396059,0.036376953,0.96362305
9134080,6725.464369447682,3.0,12.7907715,500.0,22.606663,0.0,0.963501,1.0,0.18752824,0.86590904,-0.004108714,0.0064597297,-0.0073385793,-0.7411564,0.036499023,0.963501
9142272,6725.323515382337,3.0,12.788818,500.0,22.573217,0.0,0.96313477,1.0,0.18843086,0.8656068,-0.0018818184,0.006795133,-0.005279384,-0.73854744,0.036865234,0.96313477
9150464,6697.586719496656,3.0,12.829224,500.0,23.184473,0.0,0.9628906,1.0,0.18902981,0.86542875,-0.0050179735,0.0070279744,-0.008531962,-0.7298668,0.037109375,0.9628906
9158656,6731.820784870451,3.0,12.9279785,500.0,24.233543,0.0,0.963501,1.0,0.18752825,0.86594856,-0.002181475,0.005727452,-0.0050451998,-0.7252815,0.036499023,0.963501
9166848,6722.89701308177,3.0,12.842773,500.0,23.597174,0.0,0.96398926,1.0,0.18631683,0.866591,-0.00041279662,0.006229591,-0.0035275922,-0.72291595,0.036010742,0.96398926
9175040,6699.1615588420345,3.0,12.822266,500.0,23.060217,0.0,0.96435547,1.0,0.18540226,0.866818,-0.0052316207,0.006560289,-0.008511765,-0.716616,0.03564453,0.96435547
9183232,6713.284563567728,3.0,12.506714,500.0,19.832403,0.0,0.9650879,1.0,0.18355723,0.8677565,-0.002049672,0.0061440156,-0.005121679,-0.7095761,0.03491211,0.9650879
9191424,6705.750999673883,3.0,12.479126,500.0,19.292137,0.0,0.9638672,1.0,0.18662056,0.8664935,-0.0040609404,0.008005119,-0.0080635,-0.71810734,0.036132812,0.9638672
9199616,6701.485995230909,3.0,12.546265,500.0,20.678425,0.0,0.9641113,1.0,0.18601257,0.86707044,-0.0037548519,0.005900694,-0.0067051984,-0.7253536,0.035888672,0.9641113
9207808,6720.933670764851,3.0,12.657959,500.0,22.06641,0.0,0.96484375,1.0,0.18417461,0.86781704,-0.00020305242,0.0056801415,-0.003043123,-0.73444796,0.03515625,0.96484375
9216000,6708.592113907919,3.0,12.820557,500.0,23.55618,0.0,0.9642334,1.0,0.18570769,0.86711395,0.00037135207,0.0059900703,-0.0026236828,-0.7408193,0.0357666,0.9642334
9224192,6724.141626843698,3.0,12.575439,500.0,20.93211,0.0,0.9650879,1.0,0.18355723,0.86792004,-0.00094204734,0.007518244,-0.0047011683,-0.7493919,0.03491211,0.9650879
9232384,6723.091700264445,3.0,12.488892,500.0,20.21946,0.0,0.96520996,1.0,0.18324763,0.8682645,0.00071332254,0.0072521293,-0.002912743,-0.75324845,0.03479004,0.96520996
9240576,6724.360073827616,3.0,12.559692,500.0,20.951712,0.0,0.96484375,1.0,0.18417461,0.8679017,-0.0027125627,0.0070925746,-0.006258849,-0.75695807,0.03515625,0.96484375
9248768,6720.021429130224,3.0,12.545288,500.0,20.954142,0.0,0.9655762,1.0,0.18231519,0.8686476,0.0045103016,0.0063127335,0.0013539356,-0.7586458,0.034423828,0.9655762
9256960,6715.311685473982,3.0,12.459473,500.0,19.630445,0.0,0.9658203,1.0,0.1816905,0.8686787,-0.000986118,0.006418558,-0.004195397,-0.75482273,0.034179688,0.9658203
9265152,6710.084335231804,3.0,12.358643,500.0,18.786911,0.0,0.9649658,1.0,0.1838662,0.8681711,-0.00312716,0.008336729,-0.007295525,-0.74961925,0.03503418,0.9649658
9273344,6745.644916442498,3.0,12.345337,500.0,18.689173,0.0,0.9658203,1.0,0.1816905,0.86886024,-0.0030967905,0.005722385,-0.0059579834,-0.7455071,0.034179688,0.9658203
9281536,6727.169566491705,3.0,12.21106,500.0,17.08703,0.0,0.9659424,1.0,0.1813772,0.86913884,-0.004593107,0.0064882655,-0.00783724,-0.74900347,0.034057617,0.9659424
9289728,6721.0874880604915,3.0,12.160645,500.0,17.093424,0.0,0.96728516,1.0,0.17788924,0.8708575,-0.0014503341,0.006786347,-0.004843508,-0.75571346,0.032714844,0.96728516
9297920,6721.328088205779,3.0,12.064819,500.0,15.337331,0.0,0.96728516,1.0,0.17788924,0.8706944,-0.0025390284,0.0071058897,-0.0060919737,-0.75749105,0.032714844,0.96728516
9306112,6705.247182350156,3.0,11.85437,500.0,12.119528,0.0,0.9686279,1.0,0.17432113,0.8721858,-0.0013045771,0.0050465064,-0.0038278303,-0.7589807,0.03137207,0.9686279
9314304,6724.331122206647,3.0,11.755493,500.0,10.360796,0.0,0.9691162,1.0,0.17300282,0.87282705,-0.0031760423,0.006540686,-0.0064463858,-0.7609468,0.030883789,0.9691162
9322496,6716.398569294565,3.0,11.79541,500.0,10.403723,0.0,0.9694824,1.0,0.17200656,0.8727943,-0.0029030703,0.005513242,-0.005659691,-0.7663347,0.030517578,0.9694824
9330688,6724.543001196571,3.0,11.715942,500.0,9.469047,0.0,0.9699707,1.0,0.17066792,0.87360775,-0.00038336474,0.0074336575,-0.004100192,-0.76795024,0.030029297,0.9699707
9338880,6717.112848746123,3.0,11.708252,500.0,9.832973,0.0,0.970459,1.0,0.16931729,0.87429845,-0.0016370579,0.0054010698,-0.004337593,-0.7690098,0.029541016,0.970459
9347072,6704.144283024747,3.0,11.69873,324.0,8.255373,0.0,0.9713135,1.0,0.16692394,0.8746807,-0.004095586,0.0057434062,-0.0069672894,-0.772349,0.028686523,0.9713135
9355264,6718.318539884747,3.0,11.681519,324.0,7.9949794,0.0,0.9725342,1.0,0.16343637,0.8758203,-0.0050181765,0.004160504,-0.0070984284,-0.77552116,0.02746582,0.9725342
9363456,6715.2814992781405,3.0,11.652222,324.0,7.9792223,0.0,0.97180176,1.0,0.1655388,0.8753585,-0.0006659302,0.008235302,-0.004783582,-0.7802841,0.028198242,0.97180176
9371648,6707.433119979635,3.0,11.651611,324.0,7.9697585,0.0,0.9720459,1.0,0.16484134,0.87558365,-0.003003048,0.005317066,-0.0056615816,-0.7840724,0.027954102,0.9720459
9379840,6717.967820376283,3.0,11.65979,324.0,8.020807,0.0,0.9720459,1.0,0.16484134,0.875539,0.015606018,0.0057579414,0.012727045,-0.7821607,0.027954102,0.9720459
9388032,6709.565454301184,3.0,11.689087,324.0,7.977868,0.0,0.9725342,1.0,0.16343637,0.875684,-0.00068175374,0.0065270895,-0.0039452985,-0.77010816,0.02746582,0.9725342
9396224,6709.894331638858,3.0,11.784424,324.0,8.420405,0.0,0.97302246,1.0,0.16201773,0.87546015,-0.003297971,0.005056423,-0.0058261827,-0.76891816,0.026977539,0.97302246
9404416,6726.183211976612,3.0,11.7948,324.0,8.465767,0.0,0.9715576,1.0,0.166233,0.87405545,-0.0030944063,0.007379225,-0.006784019,-0.7694251,0.028442383,0.9715576
9412608,6714.715886403965,3.0,11.805176,324.0,8.457349,0.0,0.97094727,1.0,0.16795437,0.8733481,-0.0035133099,0.0073922053,-0.0072094128,-0.769102,0.029052734,0.97094727
9420800,6722.437964298809,3.0,11.815186,324.0,8.451076,0.0,0.97058105,1.0,0.16897771,0.87295413,-0.0024730903,0.006734087,-0.005840134,-0.7710313,0.029418945,0.97058105
9428992,6724.454826330238,3.0,11.810913,242.0,7.7531033,0.0,0.97058105,1.0,0.16897771,0.8727759,-0.0013901152,0.0064296657,-0.0046049473,-0.7719784,0.029418945,0.97058105
9437184,6724.225845686453,3.0,11.776123,242.0,7.277606,0.0,0.9696045,1.0,0.17167298,0.8719646,-0.000596064,0.0070512374,-0.0041216826,-0.76848215,0.030395508,0.9696045
9445376,6730.3979814920485,3.0,11.708374,242.0,7.2346478,0.0,0.9686279,1.0,0.17432113,0.8717166,-0.003727365,0.007566561,-0.0075106453,-0.7574872,0.03137207,0.9686279
9453568,6713.47344748279,3.0,11.6875,242.0,7.2678256,0.0,0.96850586,1.0,0.17464896,0.87181854,-0.0014998391,0.0065668277,-0.0047832537,-0.75797653,0.03149414,0.96850586
9461760,6735.800970072506,3.0,11.702637,242.0,7.224798,0.0,0.96765137,1.0,0.17692426,0.8709066,-0.003661891,0.009088053,-0.008205917,-0.7522347,0.032348633,0.96765137
9469952,6705.282512525177,3.0,11.715332,242.0,7.228198,0.0,0.9680176,1.0,0.17595325,0.87109387,-0.004983348,0.0051665786,-0.007566637,-0.7544749,0.031982422,0.9680176
9478144,6759.995389947087,3.0,11.741211,242.0,7.163831,0.0,0.9678955,1.0,0.17627758,0.8707432,-0.00071406877,0.00523349,-0.0033308137,-0.75994945,0.032104492,0.9678955
9486336,6722.822035214864,3.0,11.7717285,500.0,9.422362,0.0,0.967041,1.0,0.17852925,0.8703122,-0.003981226,0.007475598,-0.0077190246,-0.75799596,0.032958984,0.967041
9494528,6705.697342798405,3.0,11.8272705,500.0,10.913045,0.0,0.96643066,1.0,0.18011783,0.8698809,0.016725775,0.007830432,0.012810559,-0.7579256,0.033569336,0.96643066
9502720,6722.841766070326,3.0,11.822266,500.0,10.959104,0.0,0.9674072,1.0,0.17756824,0.87085086,-0.0044480036,0.005374427,-0.0071352175,-0.75809395,0.032592773,0.9674072
9510912,6711.940384388486,3.0,11.838379,500.0,10.981397,0.0,0.967041,1.0,0.17852925,0.8703914,-0.0002908291,0.007577637,-0.0040796483,-0.76326776,0.032958984,0.967041
9519104,6714.323556648824,3.0,11.841797,500.0,10.97275,0.0,0.9666748,1.0,0.17948431,0.86998194,-0.0010839208,0.006926003,-0.004546922,-0.7670919,0.033325195,0.9666748
9527296,6707.966076487404,3.0,11.940552,500.0,13.351725,0.0,0.96520996,1.0,0.18324763,0.8688383,0.002601854,0.009652453,-0.0022243713,-0.76382875,0.03479004,0.96520996
9535488,6719.186958107428,3.0,12.001343,500.0,14.40678,0.0,0.96313477,1.0,0.18843086,0.86697996,-0.00050738873,0.010367015,-0.0056908955,-0.758562,0.036865234,0.96313477
9543680,6720.931041470572,3.0,12.037598,500.0,14.395622,0.0,0.9628906,1.0,0.18902981,0.866467,0.0015857967,0.0076390477,-0.0022337271,-0.7611532,0.037109375,0.9628906
9551872,6713.163893297394,3.0,12.070068,500.0,14.4648,0.0,0.9613037,1.0,0.19287013,0.86477166,0.0013473427,0.008407168,-0.0028562406,-0.76557165,0.03869629,0.9613037
9560064,6745.222480764878,3.0,12.056274,500.0,14.472163,0.0,0.9622803,1.0,0.19051757,0.86580276,-0.005388233,0.0064231367,-0.008599802,-0.76940376,0.037719727,0.9622803
9568256,6740.621493172813,3.0,11.992676,500.0,14.450987,0.0,0.96203613,1.0,0.19110888,0.8661332,-0.0026770572,0.0068851137,-0.0061196145,-0.7792605,0.037963867,0.96203613
9576448,6721.456941267791,3.0,11.859375,500.0,12.798839,0.0,0.96118164,1.0,0.19316183,0.8657437,-0.002694104,0.008238702,-0.0068134554,-0.7736443,0.03881836,0.96118164
9584640,6720.034572063923,3.0,11.862183,500.0,12.802642,0.0,0.9604492,1.0,0.1949013,0.8650511,-0.001002059,0.008188998,-0.0050965585,-0.7678812,0.03955078,0.9604492
9592832,6728.895394842877,3.0,11.7734375,500.0,11.666212,0.0,0.96069336,1.0,0.19432351,0.8655143,-0.00056673493,0.0070850025,-0.0041092364,-0.7647769,0.03930664,0.96069336
9601024,6716.585002588134,3.0,11.785767,500.0,11.639089,0.0,0.9610596,1.0,0.193453,0.86568403,0.002285986,0.0055328193,-0.0004804238,-0.76283514,0.03894043,0.9610596
9609216,6714.996712440779,3.0,11.815186,500.0,12.8113,0.0,0.96118164,1.0,0.19316183,0.8660815,-0.0005784496,0.006681507,-0.003919204,-0.7592023,0.03881836,0.96118164
9617408,6730.575963825425,3.0,11.780884,500.0,12.602034,0.0,0.9610596,1.0,0.193453,0.8661361,-0.00438493,0.006384175,-0.0075770165,-0.7447722,0.03894043,0.9610596
9625600,6711.543134982544,3.0,11.673706,500.0,10.053317,0.0,0.9633789,1.0,0.18782969,0.86816406,-0.003501958,0.005587497,-0.0062957066,-0.7372297,0.036621094,0.9633789
9633792,6713.1284800196945,3.0,11.701172,500.0,10.07499,0.0,0.96606445,1.0,0.18106332,0.87037575,0.010305035,0.0058506224,0.0073797274,-0.73851264,0.033935547,0.96606445
9641984,6737.3013584903,3.0,11.78894,500.0,12.618589,0.0,0.9671631,1.0,0.17820957,0.8715786,0.0044205263,0.0058719674,0.0014845424,-0.73441476,0.032836914,0.9671631
9650176,6725.044457462302,3.0,11.7578125,500.0,12.607513,0.0,0.9674072,1.0,0.17756824,0.87211406,-0.0015974985,0.008178923,-0.0056869597,-0.7342055,0.032592773,0.9674072
9658368,6733.439476872831,3.0,11.808838,500.0,12.90209,0.0,0.9667969,1.0,0.17916662,0.87130415,-0.004616229,0.0066551855,-0.007943821,-0.7371712,0.033203125,0.9667969
9666560,6723.63504238114,3.0,11.82666,500.0,13.041484,0.0,0.9678955,1.0,0.1762776,0.8723259,-0.0040706387,0.0053627263,-0.006752001,-0.74100924,0.032104492,0.9678955
9674752,6737.794149408782,3.0,11.829956,500.0,13.071171,0.0,0.96875,1.0,0.17399263,0.8730328,-0.0037851864,0.006520445,-0.0070454087,-0.7429157,0.03125,0.96875
9682944,6714.120193046104,3.0,11.844116,500.0,13.077667,0.0,0.96875,1.0,0.17399263,0.87290525,-0.001580616,0.0075817057,-0.005371469,-0.74609315,0.03125,0.96875
9691136,6724.9510045618845,3.0,11.815552,500.0,12.9588175,0.0,0.96972656,1.0,0.17133872,0.8739345,-0.0034158565,0.004765731,-0.0057987217,-0.74992645,0.030273438,0.96972656
9699328,6722.473475864161,3.0,11.739868,500.0,11.731496,0.0,0.9696045,1.0,0.171673,0.8739352,0.00645378,0.006336338,0.0032856115,-0.7576356,0.030395508,0.9696045
9707520,6722.745743663431,3.0,11.724487,500.0,11.704508,0.0,0.96972656,1.0,0.17133872,0.87417686,-0.0022877743,0.0071568955,-0.005866222,-0.7532351,0.030273438,0.96972656
9715712,6729.891772096238,3.0,11.747803,500.0,10.8747015,0.0,0.9696045,1.0,0.17167298,0.87373906,-0.0034797827,0.0064616585,-0.006710612,-0.7527574,0.030395508,0.9696045
9723904,6709.674203000434,3.0,11.773926,500.0,10.8852625,0.0,0.9707031,1.0,0.16863738,0.87448674,-0.0017655746,0.004044006,-0.0037875776,-0.76048446,0.029296875,0.9707031
9732096,6735.160602852429,3.0,11.742554,500.0,9.673289,0.0,0.9711914,1.0,0.16726822,0.87479454,-0.0030263183,0.0058397255,-0.005946181,-0.7643644,0.028808594,0.9711914
9740288,6713.428848933219,3.0,11.7323,500.0,9.598495,0.0,0.9715576,1.0,0.166233,0.8751259,-0.0013362131,0.0055468497,-0.004109638,-0.76063967,0.028442383,0.9715576
9748480,6727.811049671831,3.0,11.72168,500.0,9.393974,0.0,0.9711914,1.0,0.16726822,0.8747578,-0.0029305494,0.00727559,-0.006568345,-0.75813556,0.028808594,0.9711914
9756672,6727.388210260285,3.0,11.722656,500.0,9.324354,0.0,0.9700928,1.0,0.17033139,0.87366307,-0.0026149773,0.0068130987,-0.0060215276,-0.7513751,0.029907227,0.9700928
9764864,6741.192801544129,3.0,11.821777,500.0,11.500498,0.0,0.9692383,1.0,0.17267147,0.87281686,0.002092861,0.007569191,-0.0016917345,-0.7502055,0.030761719,0.9692383
9773056,6730.272740307432,3.0,11.797363,500.0,11.525064,0.0,0.9682617,1.0,0.17530249,0.87217313,0.00097525585,0.009151812,-0.003600651,-0.74633986,0.03173828,0.9682617
9781248,6721.737016492443,3.0,11.906982,500.0,13.825844,0.0,0.9671631,1.0,0.17820954,0.8712699,0.0021034006,0.0079830615,-0.0018881304,-0.75356126,0.032836914,0.9671631
9789440,6720.255381037078,3.0,11.917114,500.0,13.867136,0.0,0.9654541,1.0,0.18262659,0.8697609,-0.0029830644,0.007366478,-0.0066663036,-0.76116085,0.0345459,0.9654541
9797632,6734.182462456059,3.0,11.946899,500.0,14.912299,0.0,0.96520996,1.0,0.18324761,0.86986995,0.0029749726,0.006898154,-0.00047410442,-0.7603892,0.03479004,0.96520996
9805824,6712.89502405798,3.0,12.002808,500.0,15.85114,0.0,0.9647217,1.0,0.1844824,0.8694414,-0.004107898,0.007960545,-0.0080881715,-0.7595352,0.03527832,0.9647217
9814016,6732.230990952369,3.0,12.047485,500.0,17.428413,0.0,0.9642334,1.0,0.18570769,0.86938876,-0.0036462506,0.006526843,-0.0069096726,-0.7569555,0.0357666,0.9642334
9822208,6724.9904913860355,3.0,12.036987,500.0,17.500837,0.0,0.9628906,1.0,0.18902981,0.86834186,0.00066665525,0.0067528663,-0.0027097773,-0.7484386,0.037109375,0.9628906
9830400,6708.559368469062,3.0,11.936401,500.0,17.34444,0.0,0.9621582,1.0,0.19081351,0.86842155,-0.00020191795,0.007174393,-0.0037891145,-0.74605095,0.037841797,0.9621582
9838592,6716.271222923848,3.0,11.87793,500.0,16.49166,0.0,0.9621582,1.0,0.19081351,0.8684211,-0.0025368347,0.005057647,-0.0050656586,-0.7464035,0.037841797,0.9621582
9846784,6725.176085671097,3.0,11.911743,500.0,17.29016,0.0,0.9628906,1.0,0.18902981,0.86926913,-0.00341196,0.005468122,-0.006146021,-0.75037307,0.037109375,0.9628906
9854976,6717.1968916110645,3.0,11.941528,500.0,17.302593,0.0,0.9633789,1.0,0.18782969,0.8694705,-0.0035774687,0.0059046354,-0.006529786,-0.76161987,0.036621094,0.9633789
9863168,6733.943580646937,3.0,11.820068,500.0,15.825914,0.0,0.9647217,1.0,0.1844824,0.8708159,0.0010817493,0.006429496,-0.0021329985,-0.767605,0.03527832,0.9647217
9871360,6723.132480764768,3.0,11.817139,500.0,15.774094,0.0,0.9663086,1.0,0.18043363,0.87221754,-0.0062788487,0.004822266,-0.008689982,-0.7698583,0.033691406,0.9663086
9879552,6729.657148777675,3.0,11.810181,500.0,15.483625,0.0,0.96728516,1.0,0.17788924,0.87309754,-0.0023207664,0.0072767525,-0.005959142,-0.77444655,0.032714844,0.96728516
9887744,6720.7285919888145,3.0,11.865234,500.0,15.858972,0.0,0.96728516,1.0,0.17788924,0.87283844,-0.0038227837,0.006144916,-0.0068952423,-0.7757913,0.032714844,0.96728516
9895936,6701.79578052817,3.0,11.742798,500.0,13.859803,0.0,0.9675293,1.0,0.1772466,0.8729966,0.00020781526,0.0074163163,-0.0035003435,-0.7854558,0.032470703,0.9675293
9904128,6715.141071413215,3.0,11.755127,500.0,13.863922,0.0,0.96777344,1.0,0.17660128,0.8731479,0.00046578632,0.007038532,-0.0030534787,-0.78895,0.032226562,0.96777344
9912320,6723.0680214912845,3.0,11.832275,500.0,14.917455,0.0,0.9678955,1.0,0.1762776,0.8731783,-0.0015761675,0.004999671,-0.004076003,-0.7886106,0.032104492,0.9678955
9920512,6711.865650711149,3.0,11.887573,500.0,15.78687,0.0,0.9683838,1.0,0.17497607,0.87361467,0.0076091317,0.004924679,0.005146791,-0.7862889,0.03161621,0.9683838
9928704,6729.709871693853,3.0,11.94104,500.0,15.965533,0.0,0.96936035,1.0,0.17233936,0.87416637,-0.00039645447,0.005112994,-0.002952952,-0.78648144,0.030639648,0.96936035
9936896,6716.184577638493,3.0,12.073364,500.0,17.712841,0.0,0.96813965,1.0,0.17562822,0.8729804,0.00264033,0.006704834,-0.0007120876,-0.7941802,0.03186035,0.96813965
9945088,6722.273563792729,3.0,12.040283,500.0,16.906065,0.0,0.9688721,1.0,0.17366341,0.87350386,-0.0033249978,0.005988817,-0.0063194064,-0.7989351,0.03112793,0.9688721
9953280,6732.200652456312,3.0,12.13147,500.0,17.980375,0.0,0.9688721,1.0,0.17366341,0.8734536,-0.001632886,0.00630096,-0.0047833663,-0.799719,0.03112793,0.9688721
9961472,6735.77059939209,3.0,12.2052,500.0,18.778402,0.0,0.9682617,1.0,0.17530249,0.8727561,-0.0041578244,0.007099036,-0.0077073425,-0.80043465,0.03173828,0.9682617
9969664,6719.834805019653,3.0,12.237671,500.0,18.771252,0.0,0.9682617,1.0,0.17530249,0.8724315,0.00072247395,0.0041967025,-0.0013758768,-0.80544853,0.03173828,0.9682617
9977856,6727.189322874654,3.0,12.307251,500.0,19.748861,0.0,0.96813965,1.0,0.17562822,0.8722916,-0.0026563834,0.0052102986,-0.005261533,-0.8084687,0.03186035,0.96813965
9986048,6720.438085145626,3.0,12.356445,500.0,20.164803,0.0,0.9692383,1.0,0.17267147,0.8730769,-0.00035861204,0.0056279516,-0.0031725871,-0.8181675,0.030761719,0.9692383
9994240,6735.785124465946,3.0,12.32312,500.0,20.162588,0.0,0.96765137,1.0,0.17692426,0.8719672,-0.0010482216,0.00789636,-0.0049964017,-0.8281155,0.032348633,0.96765137
