timestep,fps,ep_len_min,ep_len_mean,ep_len_max,ep_len_std,return_min,return_mean,return_max,return_std,disc_return_mean,total_loss,value_loss,actor_loss,entropy,prob_fail,prob_success,prob_reject,lambda
8192,276.67188730201804,58.0,376.3158,500.0,175.98448,-1.0,-0.31578946,1.0,0.5668594,-0.1109607,0.00065435667,0.013659904,-0.006175594,2.1843624,0.94736844,0.05263158,0.36842105,0.5015920996665955
16384,2308.3206502150765,37.0,325.25,500.0,188.70563,-1.0,-0.4318182,1.0,0.5798796,-0.15650475,0.0023541416,0.015324968,-0.005308343,2.1934447,0.95454544,0.045454547,0.47727272,0.5041421055793762
24576,2308.6524037984746,33.0,366.29507,500.0,182.78702,-1.0,-0.32786885,1.0,0.53473794,-0.1247736,-0.0016392465,0.0049459,-0.0041121966,2.190772,0.9672131,0.032786883,0.36065573,0.50418621301651
32768,2310.488930885057,33.0,378.55698,500.0,178.46873,-1.0,-0.30379745,1.0,0.5119936,-0.114205986,-0.0003682556,0.0056650587,-0.0032007848,2.1864703,0.9746835,0.025316456,0.32911393,0.5050473213195801
40960,2309.884557194918,33.0,378.42426,500.0,180.39995,-1.0,-0.3131313,1.0,0.50545436,-0.11937451,-0.0002991532,0.0062119816,-0.0034051437,2.1774845,0.97979796,0.02020202,0.33333334,0.5065473318099976
49152,2317.309249499694,33.0,387.839,500.0,175.29306,-1.0,-0.29661018,1.0,0.4924743,-0.1089435,-0.0033677146,0.0030604638,-0.004897947,2.1644251,0.9830508,0.016949153,0.31355932,0.507349967956543
57344,2375.5069245240534,23.0,386.32858,500.0,176.67021,-1.0,-0.30714285,1.0,0.49130186,-0.11229982,-0.003237659,0.0028046786,-0.004639998,2.1552253,0.98571426,0.014285714,0.32142857,0.5089181661605835
65536,2345.9626445618314,21.0,388.21738,500.0,176.11803,-1.0,-0.3043478,1.0,0.48637944,-0.11219153,-0.003320279,0.0021491125,-0.0043948353,2.1565185,0.9875776,0.0124223605,0.3167702,0.5100967288017273
73728,2311.025692129216,21.0,380.9508,500.0,181.13515,-1.0,-0.3169399,1.0,0.49927536,-0.11810517,-0.004668212,0.0032123881,-0.0062744054,2.160452,0.9836066,0.016393442,0.33333334,0.512119472026825
81920,2310.979993997863,15.0,378.4272,500.0,184.00493,-1.0,-0.32038835,1.0,0.496856,-0.1269003,-0.004256811,0.0026072874,-0.005560455,2.1577475,0.9854369,0.014563107,0.33495146,0.5136085748672485
90112,2309.346152856087,15.0,379.16888,500.0,184.48329,-1.0,-0.29777777,1.0,0.50353813,-0.117950074,-0.00288661,0.0015643932,-0.0036688065,2.153485,0.9777778,0.022222223,0.32,0.5141480565071106
98304,2321.4602642160794,15.0,378.30365,500.0,185.56209,-1.0,-0.29959515,1.0,0.5003236,-0.12172271,-0.0036289394,0.0014792947,-0.0043685865,2.1511796,0.9797571,0.020242915,0.31983805,0.5154889822006226
106496,2311.33909943731,15.0,385.8566,500.0,181.67152,-1.0,-0.28301886,1.0,0.49056605,-0.11362213,-0.0039670956,0.0006123562,-0.004273274,2.1555958,0.9811321,0.018867925,0.3018868,0.5155167579650879
114688,2314.602895592965,15.0,388.80283,500.0,179.74039,-1.0,-0.278169,1.0,0.48580068,-0.11036513,-0.0060428656,0.0010143964,-0.0065500643,2.1547742,0.98239434,0.017605634,0.29577464,0.5163193941116333
122880,2331.1965023644593,15.0,393.7143,500.0,176.83224,-1.0,-0.269103,1.0,0.47948843,-0.10490913,-0.0042204508,0.00085929054,-0.0046500964,2.1587095,0.9833887,0.016611295,0.2857143,0.5166576504707336
131072,2335.366193644928,15.0,393.78882,500.0,177.40714,-1.0,-0.26397514,1.0,0.48120615,-0.106915824,-0.004700344,0.0011425967,-0.0052716425,2.1565688,0.98136646,0.01863354,0.2826087,0.5175981521606445
139264,2347.8755608277625,15.0,397.37463,500.0,174.94827,-1.0,-0.24483776,1.0,0.48175707,-0.10069302,-0.0034218067,0.0009115472,-0.0038775806,2.1472552,0.97640115,0.02359882,0.26843658,0.5173481702804565
147456,2308.2905660131455,15.0,397.05832,500.0,176.08557,-1.0,-0.24444444,1.0,0.47868133,-0.10375356,-0.0022938177,0.0009176718,-0.0027526536,2.1335015,0.9777778,0.022222223,0.26666668,0.5182886719703674
155648,2306.1488509606397,15.0,400.55704,500.0,174.1578,-1.0,-0.23607427,1.0,0.4719995,-0.10041424,-0.0029560223,0.0003409009,-0.0031264727,2.1267383,0.97877985,0.021220159,0.25729442,0.5183327794075012
163840,2307.374613985241,15.0,400.2211,500.0,174.54193,-1.0,-0.22361809,1.0,0.4784239,-0.09762871,-0.0031108602,0.0012625561,-0.003742138,2.1241407,0.9723618,0.027638191,0.2512563,0.5187970399856567
172032,2308.1829516282187,15.0,403.1759,500.0,172.98067,-1.0,-0.21686748,1.0,0.4720678,-0.09542988,-0.00403082,0.00030294992,-0.0041822945,2.1132684,0.973494,0.026506023,0.2433735,0.5188411474227905
180224,2336.4911815146506,15.0,404.13824,500.0,172.68741,-1.0,-0.21198156,1.0,0.47153467,-0.092865765,-0.0024848757,0.0008769029,-0.002923327,2.1047761,0.97235024,0.02764977,0.23963134,0.5193806290626526
188416,2358.6427629170485,15.0,405.95364,500.0,171.3709,-1.0,-0.20971303,1.0,0.4676683,-0.091255695,-0.0035635952,0.0008439844,-0.0039855875,2.0954466,0.9735099,0.026490066,0.23620309,0.5199201107025146
196608,2316.7908108741926,15.0,407.3284,500.0,170.62402,-1.0,-0.20762712,1.0,0.4640749,-0.090942,-0.0051185414,0.0005914611,-0.0054142717,2.0859818,0.9745763,0.025423728,0.23305085,0.5204595923423767
204800,2308.8627654204447,15.0,409.2053,500.0,169.71777,-1.0,-0.20325203,1.0,0.45904374,-0.09016224,-0.0043436894,0.0005028435,-0.004595112,2.0859141,0.9756098,0.024390243,0.22764228,0.5207095742225647
212992,2306.496856904208,15.0,408.6082,500.0,170.55641,-1.0,-0.19688109,1.0,0.4611939,-0.08733771,-0.0020532426,0.0011431597,-0.0026248225,2.093255,0.97270954,0.027290449,0.22417153,0.5211738348007202
221184,2307.6349562345235,15.0,408.93796,500.0,170.3203,-1.0,-0.19360903,1.0,0.4609941,-0.08606714,-0.00334391,0.00075175945,-0.00371979,2.0948045,0.9718045,0.02819549,0.22180451,0.5217133164405823
229376,2308.18806851152,15.0,410.3309,500.0,169.50763,-1.0,-0.19090909,1.0,0.45717424,-0.085190915,-0.00291629,0.00054624665,-0.0031894133,2.0896125,0.9727273,0.027272727,0.21818182,0.5220188498497009
237568,2307.8990776796654,15.0,410.35965,500.0,169.80888,-1.0,-0.19122808,1.0,0.4552927,-0.08631688,-0.005833379,0.00068925455,-0.0061780065,2.0829172,0.9736842,0.02631579,0.21754386,0.5227688550949097
245760,2338.6205687192823,15.0,411.2976,500.0,169.18643,-1.0,-0.1904762,1.0,0.4530071,-0.086022906,-0.0039771963,0.00065736944,-0.004305881,2.0762186,0.9744898,0.025510205,0.2159864,0.5233522057533264
253952,2332.2305632454363,15.0,413.64734,500.0,167.53716,-1.0,-0.18543047,1.0,0.44801217,-0.08374415,-0.003284335,0.00019993859,-0.0033843042,2.0711317,0.97516555,0.024834437,0.2102649,0.5231022238731384
262144,2306.3271754063103,15.0,415.8758,500.0,165.92712,-1.0,-0.18064517,1.0,0.44316992,-0.081583016,-0.0032855584,0.00017991755,-0.0033755172,2.0648036,0.9758065,0.024193548,0.20483871,0.5228522419929504
270336,2308.7394292895124,15.0,416.482,500.0,165.52911,-1.0,-0.17683882,1.0,0.44231787,-0.07967075,-0.0028177733,0.0008049672,-0.003220257,2.0635862,0.97496086,0.025039123,0.20187794,0.5231285691261292
278528,2337.469836171097,15.0,418.52213,500.0,164.00247,-1.0,-0.17251909,1.0,0.4377342,-0.0777246,-0.0035482682,0.00018958999,-0.003643063,2.0618904,0.9755725,0.024427481,0.19694656,0.5228785872459412
286720,2311.155335439577,15.0,418.7552,500.0,164.15527,-1.0,-0.17210683,1.0,0.43584839,-0.07867795,-0.0044578547,0.0006483953,-0.0047820522,2.0541847,0.97626114,0.023738872,0.1958457,0.5234180688858032
294912,2311.001599351731,15.0,419.7013,500.0,163.55899,-1.0,-0.17027417,1.0,0.43296298,-0.07825735,-0.004207286,0.00059322617,-0.0045038997,2.0492055,0.97691196,0.023088023,0.19336219,0.5236943960189819
303104,2312.250266523193,15.0,420.4332,500.0,163.1017,-1.0,-0.1673699,1.0,0.43263978,-0.076296575,-0.0037484905,0.0005941857,-0.0040455833,2.0505102,0.97609,0.023909986,0.19127989,0.5239999294281006
311296,2307.300706089084,15.0,422.2912,500.0,161.63336,-1.0,-0.16346154,1.0,0.42830497,-0.07451492,-0.0051980107,0.00019477673,-0.0052953996,2.0518951,0.97664833,0.023351649,0.18681319,0.5237499475479126
319488,2311.4003605973467,15.0,422.90082,500.0,161.37198,-1.0,-0.1621984,1.0,0.42598882,-0.07476079,-0.0047138,0.0004789404,-0.00495327,2.0558183,0.9772118,0.022788204,0.18498659,0.5240554809570312
327680,2345.2307171048,15.0,423.83224,500.0,160.60141,-1.0,-0.16120577,1.0,0.42400408,-0.07421757,-0.0033595518,0.0005743643,-0.0036467342,2.0575597,0.97771955,0.022280471,0.18348624,0.5243937373161316
335872,2310.0362810230286,15.0,424.87308,500.0,159.87741,-1.0,-0.15897436,1.0,0.42105967,-0.07369163,-0.0039452817,0.00028400638,-0.004087285,2.0567608,0.97820514,0.021794872,0.18076923,0.5244378447532654
344064,2313.8620428042145,15.0,426.56766,500.0,158.45712,-1.0,-0.15538847,1.0,0.41695255,-0.07202941,-0.003818775,0.00021012803,-0.003923839,2.0547464,0.97869676,0.021303259,0.17669173,0.5241878628730774
352256,2356.642278251202,15.0,426.5398,500.0,158.79448,-1.0,-0.15299878,1.0,0.4167179,-0.07138285,-0.0033811198,0.00051526254,-0.003638751,2.0536346,0.97796816,0.022031823,0.1750306,0.5244641900062561
360448,2309.065251414834,15.0,426.93045,500.0,158.61809,-1.0,-0.15227818,1.0,0.4150361,-0.071573064,-0.0034381305,0.000519188,-0.003697725,2.0609918,0.9784173,0.021582734,0.17386091,0.5248024463653564
368640,2322.7794585232664,15.0,427.07367,500.0,158.7748,-1.0,-0.14736842,1.0,0.41525245,-0.06914414,-0.003713965,0.0006255219,-0.0040267254,2.0595975,0.9766082,0.023391813,0.17076023,0.5247905254364014
376832,2307.6146536258134,15.0,427.97134,500.0,158.06299,-1.0,-0.1456422,1.0,0.41267675,-0.068548046,-0.0041442467,0.00025173224,-0.004270112,2.0548718,0.9770642,0.02293578,0.16857798,0.5248346328735352
385024,2308.0187582361496,15.0,427.69327,500.0,158.29118,-1.0,-0.14719102,1.0,0.41287965,-0.069304205,-0.003929007,0.00086166256,-0.0043598386,2.061901,0.9775281,0.02247191,0.16966292,0.5256957411766052
393216,2310.104617608886,15.0,428.63657,500.0,157.50989,-1.0,-0.14537445,1.0,0.410236,-0.06857039,-0.0042314115,0.0002755879,-0.004369206,2.0636642,0.9779736,0.02202643,0.16740088,0.5257235169410706
401408,2310.464538570964,15.0,428.98163,500.0,157.4169,-1.0,-0.14254859,1.0,0.40937135,-0.067191504,-0.00396146,0.0005825552,-0.004252738,2.0594413,0.9773218,0.022678185,0.16522679,0.5257512927055359
409600,2331.0868997956754,15.0,428.55392,500.0,158.02318,-1.0,-0.14164905,1.0,0.40999538,-0.06768199,-0.004797437,0.00088378857,-0.005239331,2.0580409,0.9767442,0.023255814,0.16490486,0.5262513160705566
417792,2311.1568900039683,15.0,428.0942,500.0,158.71663,-1.0,-0.14078675,1.0,0.4105909,-0.06796212,-0.0037182374,0.0006585488,-0.004047512,2.0580473,0.97619045,0.023809524,0.16459627,0.5267513394355774
425984,2360.2145014441653,15.0,428.4573,500.0,158.53642,-1.0,-0.1402439,1.0,0.40905198,-0.068215,-0.002905073,0.00043517703,-0.003122662,2.0653467,0.97662604,0.023373984,0.16361788,0.527056872844696
434176,2316.9653165992677,15.0,429.602,500.0,157.519,-1.0,-0.138,1.0,0.40614772,-0.06712355,-0.004635603,0.00014430845,-0.004707758,2.0719357,0.977,0.023,0.161,0.5268068909645081
442368,2308.5245921553105,15.0,430.71063,500.0,156.51936,-1.0,-0.13582677,1.0,0.40330315,-0.06606649,-0.0043009208,0.00015199622,-0.0043769185,2.0666564,0.9773622,0.022637796,0.15846457,0.5265569090843201
450560,2307.8725698054486,15.0,429.9595,500.0,157.42316,-1.0,-0.1340405,1.0,0.40532658,-0.06491133,-0.002183558,0.00077855913,-0.0025728375,2.0578136,0.975892,0.024108004,0.15814851,0.5270211696624756
458752,2352.1605757497655,15.0,430.6926,500.0,156.69685,-1.0,-0.1337761,1.0,0.4041267,-0.0642059,-0.0019863653,0.00051940046,-0.0022460655,2.0435965,0.9762808,0.023719165,0.15749526,0.5273594260215759
466944,2315.872940645194,15.0,430.97855,500.0,156.56804,-1.0,-0.13152985,1.0,0.403407,-0.06307852,-0.0035934185,0.000295049,-0.0037409433,2.0364404,0.9757463,0.024253732,0.15578358,0.5273872017860413
475136,2311.7595967011825,15.0,431.087,500.0,156.46153,-1.0,-0.13003664,1.0,0.40320918,-0.06262441,-0.003532833,0.0005009419,-0.003783304,2.0384326,0.97527474,0.024725275,0.15476191,0.5276371836662292
483328,2306.296678732977,15.0,431.80072,500.0,155.75693,-1.0,-0.128945,1.0,0.4012614,-0.061937116,-0.0029047155,0.0003174665,-0.0030634485,2.0379708,0.97565377,0.024346258,0.15329126,0.527681291103363
491520,2308.3440668118865,15.0,431.14072,500.0,156.44475,-1.0,-0.13097346,1.0,0.40200377,-0.06319953,-0.0042493073,0.0008461013,-0.004672358,2.0373273,0.97610617,0.023893805,0.15486726,0.5286217927932739
499712,2307.7611193828157,14.0,430.6887,500.0,157.12083,-1.0,-0.13043478,1.0,0.40263784,-0.06329657,-0.0027897179,0.0005267058,-0.003053071,2.0374548,0.97565216,0.024347827,0.15478261,0.5291218161582947
507904,2306.6927338357073,14.0,430.9726,500.0,156.94278,-1.0,-0.12842466,1.0,0.4019817,-0.06222983,-0.0044329455,0.0005228034,-0.0046943463,2.0347185,0.9751712,0.024828767,0.15325342,0.52914959192276
516096,2308.134419893422,14.0,431.5882,500.0,156.39786,-1.0,-0.12742616,1.0,0.40016735,-0.06182261,-0.0053642755,0.00020240524,-0.0054654786,2.0313613,0.9755274,0.024472574,0.15189873,0.5291936993598938
524288,2305.0686583613347,14.0,431.4118,500.0,156.67958,-1.0,-0.1264559,1.0,0.40047672,-0.061636597,-0.0049811266,0.00043768235,-0.005199968,2.0275147,0.97504157,0.024958402,0.1514143,0.5295319557189941
532480,2308.810481703109,14.0,432.42377,500.0,155.73917,-1.0,-0.124590166,1.0,0.39780372,-0.060727205,-0.0036244476,0.00015191219,-0.0037004035,2.0190418,0.97540987,0.024590164,0.14918032,0.5292819738388062
540672,2356.6694333737523,14.0,432.78146,500.0,155.47134,-1.0,-0.12258065,1.0,0.39693156,-0.059987042,-0.0036213184,0.00040585018,-0.0038242433,2.0218987,0.975,0.025,0.14758064,0.5292819738388062
548864,2308.467825988574,14.0,433.1057,500.0,155.11737,-1.0,-0.12241653,1.0,0.39587283,-0.05974966,-0.003068421,0.00043653452,-0.0032866886,2.018399,0.9753577,0.024642289,0.14705883,0.5295875072479248
557056,2306.172068727941,14.0,433.33856,500.0,154.96025,-1.0,-0.122257054,1.0,0.39484122,-0.059911016,-0.0068090083,0.00029908234,-0.006958549,2.0123258,0.9757053,0.02429467,0.14655173,0.5298930406570435
565248,2307.425748005163,14.0,433.26428,500.0,155.07365,-1.0,-0.122874804,1.0,0.39457577,-0.060451444,-0.0038505725,0.00045924372,-0.0040801945,2.001297,0.9760433,0.023956724,0.14683153,0.5304763913154602
573440,2312.5106207704744,14.0,433.83154,500.0,154.56837,-1.0,-0.12195122,1.0,0.3928552,-0.06012182,-0.0056203483,0.00025259412,-0.005746646,1.9882474,0.97637194,0.023628049,0.14557926,0.5305041670799255
581632,2311.7241346644732,14.0,434.07895,500.0,154.35257,-1.0,-0.12180451,1.0,0.39189884,-0.060169306,-0.0053742887,0.00036205203,-0.0055553145,1.9843359,0.9766917,0.023308272,0.14511278,0.5308097004890442
589824,2311.7833942042557,14.0,434.77078,500.0,153.58107,-1.0,-0.12091988,1.0,0.3902465,-0.05942909,-0.005757565,0.00026740262,-0.0058912653,1.9799728,0.977003,0.022997033,0.14391692,0.5308374762535095
598016,2309.5102247017307,14.0,435.29868,500.0,153.09828,-1.0,-0.11859444,1.0,0.3890783,-0.058184914,-0.00433341,0.00022182116,-0.004444321,1.9788603,0.97657394,0.023426061,0.1420205,0.5305874943733215
606208,2307.6016353471387,14.0,436.094,500.0,152.32137,-1.0,-0.11713666,1.0,0.38690034,-0.057469692,-0.0029217629,0.00011643686,-0.0029799808,1.975602,0.9768619,0.023138106,0.14027476,0.5303375124931335
614400,2305.3940638871427,14.0,436.19357,500.0,152.32689,-1.0,-0.117142856,1.0,0.3861796,-0.057877574,-0.004492019,0.0004135952,-0.0046988167,1.9639356,0.9771429,0.022857143,0.14,0.5306757688522339
622592,2308.896277891088,14.0,436.6876,500.0,151.86044,-1.0,-0.116361074,1.0,0.3846494,-0.05756528,-0.004099037,0.00024033932,-0.004219207,1.9610592,0.977433,0.022566997,0.13892807,0.5307035446166992
630784,2305.391124928057,14.0,437.43762,500.0,151.11359,-1.0,-0.114982575,1.0,0.3825714,-0.05688332,-0.003834941,9.4659685e-05,-0.0038822708,1.9601423,0.97770035,0.022299651,0.13728224,0.5304535627365112
638976,2327.968105239052,14.0,437.55472,500.0,151.10617,-1.0,-0.114934616,1.0,0.38180026,-0.0572932,-0.004960873,0.00034068033,-0.0051312135,1.9635972,0.9779766,0.0220234,0.13695802,0.5307590961456299
647168,2307.9804653087945,14.0,437.983,500.0,150.67906,-1.0,-0.114285715,1.0,0.38047588,-0.056977555,-0.0038374532,0.00026189533,-0.003968401,1.9613812,0.9782313,0.021768708,0.13605443,0.5308032035827637
655360,2309.0560961090764,14.0,437.29462,500.0,151.49954,-1.0,-0.11610738,1.0,0.38154876,-0.058360398,-0.007085298,0.00059071963,-0.007380658,1.9581639,0.9785235,0.02147651,0.1375839,0.5318031907081604
663552,2309.3916311741746,11.0,437.6775,500.0,151.17996,-1.0,-0.11413404,1.0,0.38066134,-0.05710193,-0.004662214,0.00018936326,-0.004756896,1.9609562,0.9781022,0.02189781,0.13603185,0.5315532088279724
671744,2359.77911090593,11.0,437.55075,500.0,151.46619,-1.0,-0.11329404,1.0,0.38077584,-0.05690628,-0.005075365,0.00031062058,-0.005230675,1.954919,0.97773415,0.022265881,0.13555992,0.5318031907081604
679936,2307.5227539190914,11.0,437.41916,500.0,151.69792,-1.0,-0.113842174,1.0,0.38061345,-0.05756308,-0.00606546,0.00035780756,-0.0062443637,1.9606682,0.97800773,0.021992238,0.13583441,0.5323426723480225
688128,2308.308089190049,11.0,437.2575,500.0,152.01349,-1.0,-0.111821085,1.0,0.38121322,-0.056209445,-0.005521076,0.0004503496,-0.0057462505,1.959453,0.9769968,0.023003194,0.13482428,0.5323558449745178
696320,2326.4520812899423,11.0,437.8925,500.0,151.37263,-1.0,-0.11068944,1.0,0.37944442,-0.055640597,-0.0034772055,9.76242e-05,-0.0035260175,1.9500734,0.9772296,0.0227704,0.13345984,0.5321058630943298
704512,2306.009089879201,11.0,438.5147,500.0,150.7394,-1.0,-0.109580465,1.0,0.37769976,-0.055083144,-0.004249629,0.00013924074,-0.0043192497,1.9436147,0.97745776,0.022542266,0.13212273,0.5318558812141418
712704,2324.1246768454544,11.0,439.16232,500.0,150.07475,-1.0,-0.10842627,1.0,0.3758719,-0.054502957,-0.0051053087,9.272684e-05,-0.0051516723,1.9289942,0.97769517,0.022304833,0.1307311,0.5316058993339539
720896,2336.9582330828885,11.0,439.47116,500.0,149.79329,-1.0,-0.10797546,1.0,0.374818,-0.05442635,-0.005152101,0.0002133372,-0.00525877,1.9181868,0.9779141,0.02208589,0.13006134,0.5316684246063232
729088,2307.4933103674666,11.0,439.85135,500.0,149.42857,-1.0,-0.10618932,1.0,0.37391984,-0.05340931,-0.003248003,0.00020968888,-0.0033528474,1.9111309,0.97754854,0.022451457,0.12864077,0.5314184427261353
737280,2337.2664717660004,11.0,440.21487,500.0,149.09303,-1.0,-0.10564226,1.0,0.37269256,-0.05331343,-0.003756447,0.00027533996,-0.0038941172,1.9062805,0.97779113,0.022208884,0.12785114,0.5314462184906006
745472,2326.1788145104024,11.0,440.54843,500.0,148.7645,-1.0,-0.10516934,1.0,0.37158826,-0.053156734,-0.00437539,0.00022310209,-0.004486941,1.898959,0.9780154,0.021984551,0.12715389,0.5314903259277344
753664,2306.0617111108186,11.0,440.8983,500.0,148.43652,-1.0,-0.10464433,1.0,0.3704021,-0.05305612,-0.00506328,0.0001761162,-0.005151338,1.8940067,0.97824806,0.02175191,0.12639624,0.5315181016921997
761856,2325.75525977686,11.0,441.20197,500.0,148.16345,-1.0,-0.10302678,1.0,0.3696617,-0.052035507,-0.0022678224,0.00018386345,-0.002359754,1.8808156,0.97788125,0.022118744,0.12514552,0.5312681198120117
770048,2307.985891354834,11.0,441.27017,500.0,148.16048,-1.0,-0.1031106,1.0,0.36913088,-0.05235955,-0.0034848843,0.00030689055,-0.00363833,1.8692012,0.9781106,0.021889402,0.125,0.5315736532211304
778240,2306.910172960497,11.0,441.59976,500.0,147.8522,-1.0,-0.102622576,1.0,0.36799556,-0.05228853,-0.0053806216,0.00012471485,-0.0054429797,1.8678973,0.97833526,0.021664767,0.124287345,0.5316014289855957
786432,2308.5874104298555,11.0,441.05182,500.0,148.48499,-1.0,-0.10309859,1.0,0.36934122,-0.052637167,-0.00399904,0.00072757644,-0.004362829,1.8656739,0.9780282,0.021971831,0.12507042,0.5323038101196289
794624,2308.1190700251445,11.0,441.52512,500.0,147.90024,-1.0,-0.102678575,1.0,0.36832383,-0.05215523,-0.0059994753,0.00024709222,-0.006123021,1.8715196,0.9782366,0.021763394,0.12444197,0.5323479175567627
802816,2307.3118616945376,11.0,441.78674,500.0,147.52357,-1.0,-0.10165746,1.0,0.3681333,-0.05185244,-0.0037218048,0.00040581007,-0.00392471,1.8780563,0.97790056,0.022099448,0.12375691,0.532375693321228
811008,2312.872537404738,11.0,441.83206,500.0,147.56532,-1.0,-0.10065646,1.0,0.36794364,-0.051327877,-0.0025435293,0.00023391997,-0.0026604896,1.8697451,0.9775711,0.022428883,0.12308534,0.5324034690856934
819200,2308.3070036757854,11.0,442.11166,500.0,147.30045,-1.0,-0.100271,1.0,0.3669621,-0.05127231,-0.0030030992,0.00026419273,-0.0031351955,1.8620625,0.9777778,0.022222223,0.12249322,0.5324475765228271
827392,2307.2652257833347,11.0,442.60934,500.0,146.7632,-1.0,-0.09940892,1.0,0.36549845,-0.050831497,-0.004066182,7.6795026e-05,-0.0041045793,1.8665301,0.9779688,0.022031166,0.12144008,0.5321975946426392
835584,2318.219812766566,11.0,443.09857,500.0,146.23155,-1.0,-0.09856153,1.0,0.36405206,-0.050398193,-0.0060496656,4.5600686e-05,-0.0060724653,1.864873,0.9781566,0.021843366,0.1204049,0.5319476127624512
843776,2368.8818639408964,11.0,442.92828,500.0,146.50896,-1.0,-0.098101266,1.0,0.36439157,-0.050225914,-0.0032153863,0.0005283228,-0.0034795473,1.8553375,0.9778481,0.022151899,0.12025317,0.5322239398956299
851968,2367.885709914563,11.0,443.40585,500.0,145.98724,-1.0,-0.09728034,1.0,0.36297375,-0.049805615,-0.0048426343,3.763007e-05,-0.0048614494,1.850814,0.9780335,0.021966526,0.11924686,0.5319739580154419
860160,2317.6037284295453,11.0,443.4754,500.0,145.97339,-1.0,-0.09735888,1.0,0.36246505,-0.05009412,-0.003889447,0.00035028186,-0.004064588,1.8538126,0.9782496,0.021750389,0.11910927,0.5322502851486206
868352,2308.129303247978,11.0,443.9399,500.0,145.4619,-1.0,-0.09655881,1.0,0.3610796,-0.049682457,-0.0034769485,6.740715e-05,-0.003510652,1.8574793,0.97842836,0.02157165,0.11813046,0.5320003032684326
876544,2306.922563888679,11.0,443.999,500.0,145.41978,-1.0,-0.096692115,1.0,0.36068106,-0.049852654,-0.005803747,0.0003025608,-0.0059550283,1.8556302,0.97862595,0.021374045,0.118066154,0.5323058366775513
884736,2306.5464036566154,11.0,444.03128,500.0,145.44719,-1.0,-0.09480585,1.0,0.36082533,-0.04862811,-0.0040930025,0.0003387982,-0.0042624017,1.8505883,0.9778114,0.022188604,0.116994455,0.5320558547973633
892928,2305.3400810444587,11.0,444.47925,500.0,144.94975,-1.0,-0.094047025,1.0,0.35947764,-0.04823889,-0.0050478773,4.3140222e-05,-0.0050694477,1.8445501,0.977989,0.022011006,0.11605803,0.5318058729171753
901120,2332.492586540818,11.0,444.30722,500.0,145.22124,-1.0,-0.093657084,1.0,0.35983893,-0.0480822,-0.0043002632,0.0004257694,-0.004513148,1.8458381,0.9777007,0.022299306,0.115956396,0.532082200050354
909312,2321.4767331330695,11.0,444.3826,500.0,145.12462,-1.0,-0.09184676,1.0,0.35997206,-0.04718262,-0.00327504,0.00036946492,-0.0034597726,1.8371123,0.97691554,0.023084478,0.11493124,0.531832218170166
917504,2316.7348871173117,11.0,444.61908,500.0,144.88084,-1.0,-0.091573305,1.0,0.35912994,-0.047121067,-0.0052158926,0.00019493837,-0.0053133615,1.8304267,0.9771067,0.022893326,0.11446664,0.5318763256072998
925696,2308.9780461959062,11.0,444.70544,500.0,144.75838,-1.0,-0.09174312,1.0,0.35876873,-0.047154848,-0.0038107305,0.0003620839,-0.0039917724,1.835858,0.97730565,0.022694351,0.11443747,0.5321818590164185
933888,2306.5594100318513,11.0,444.5447,500.0,145.04826,-1.0,-0.09134386,1.0,0.35904205,-0.047130864,-0.0021383853,0.0005102849,-0.0023935277,1.8361695,0.97704446,0.022955524,0.11429938,0.5324318408966064
942080,2315.4392432472355,11.0,444.97153,500.0,144.54259,-1.0,-0.090132825,1.0,0.35846683,-0.046745922,-0.0017048576,0.00025135916,-0.001830537,1.8322017,0.9767552,0.023244781,0.11337761,0.5321818590164185
950272,2305.1699510892345,11.0,445.18542,500.0,144.33836,-1.0,-0.08988235,1.0,0.35766068,-0.04676467,-0.005615756,0.00010331568,-0.0056674127,1.8309954,0.97694117,0.023058824,0.112941176,0.5322259664535522
958464,2305.6767030128904,11.0,444.8914,500.0,144.69014,-1.0,-0.08997669,1.0,0.35847026,-0.046710376,-0.0037757172,0.0008508375,-0.004201136,1.8338298,0.97669,0.023310022,0.11328671,0.532725989818573
966656,2306.331200408216,11.0,444.7462,500.0,144.86296,-1.0,-0.090614885,1.0,0.35865852,-0.047123622,-0.005456983,0.00050790026,-0.0057109343,1.836997,0.97688395,0.023116043,0.11373093,0.5333093404769897
974848,2317.4456946036557,11.0,444.6033,500.0,145.10687,-1.0,-0.09024279,1.0,0.35892022,-0.046969417,-0.0043143835,0.0005952932,-0.00461203,1.8324027,0.97663766,0.023362346,0.113605134,0.5335593223571777
983040,2318.5134280467228,11.0,444.8191,500.0,144.88815,-1.0,-0.089090906,1.0,0.35836637,-0.046276934,-0.0048620664,0.00020999847,-0.0049670655,1.8305037,0.97636366,0.023636363,0.11272727,0.5333093404769897
991232,2306.4253275353635,11.0,445.2175,500.0,144.43973,-1.0,-0.08844765,1.0,0.35714996,-0.045942806,-0.003576688,6.8640074e-05,-0.0036110082,1.8245434,0.9765343,0.023465704,0.11191336,0.5330593585968018
999424,2324.689340588999,11.0,445.44495,500.0,144.21407,-1.0,-0.088182636,1.0,0.3563141,-0.045935087,-0.0035464575,0.00014113636,-0.0036170254,1.8154999,0.9767234,0.023276635,0.11145926,0.5330871343612671
1007616,2308.4532471504226,11.0,445.8329,500.0,143.77348,-1.0,-0.08755556,1.0,0.35512227,-0.04560844,-0.005367225,6.901073e-05,-0.0054017305,1.820206,0.9768889,0.02311111,0.11066667,0.5328371524810791
1015808,2306.5107917131727,11.0,446.23907,500.0,143.30962,-1.0,-0.08689898,1.0,0.35386887,-0.045266423,-0.0063865306,5.748085e-05,-0.0064152707,1.8284293,0.9770622,0.022937803,0.10983679,0.5325871706008911
1024000,2307.6943162923317,11.0,446.4295,500.0,143.1229,-1.0,-0.086690016,1.0,0.35314164,-0.045287605,-0.0036029175,0.000100869715,-0.0036533526,1.8320144,0.97723293,0.022767074,0.10945709,0.5326312780380249
1032192,2307.6160484500974,11.0,445.94794,500.0,143.73534,-1.0,-0.08720174,1.0,0.35437912,-0.04615783,-0.003805237,0.00069419993,-0.004152337,1.8347378,0.9770065,0.022993492,0.11019523,0.5333336591720581
1040384,2347.73149864509,11.0,446.32056,500.0,143.30885,-1.0,-0.0866006,1.0,0.35322925,-0.045839638,-0.0037654734,7.0934475e-05,-0.0038009405,1.8355638,0.97716504,0.022834985,0.10943559,0.5330836772918701
1048576,2357.3231231283976,11.0,446.22992,500.0,143.40527,-1.0,-0.08717949,1.0,0.35338134,-0.046200648,-0.0035351743,0.00045126915,-0.003760809,1.8403919,0.9773504,0.022649573,0.10982906,0.5336231589317322
1056768,2306.3748571006645,11.0,446.24387,500.0,143.43259,-1.0,-0.08736217,1.0,0.35310534,-0.04646661,-0.00411031,0.00022637568,-0.0042234976,1.8427722,0.9775233,0.022476675,0.10983884,0.5339286923408508
1064960,2307.0683221731297,11.0,446.67352,500.0,142.93837,-1.0,-0.086663865,1.0,0.3517773,-0.04609519,-0.0034540966,7.54795e-05,-0.0034918364,1.8335196,0.977703,0.022297014,0.108960874,0.5336787104606628
1073152,2306.5809328083024,11.0,446.87347,500.0,142.7387,-1.0,-0.086430065,1.0,0.3510253,-0.046097197,-0.0041970536,0.00020915373,-0.0043016304,1.825013,0.9778706,0.022129437,0.1085595,0.5337064862251282
1081344,2304.3952494489963,11.0,446.89148,500.0,142.78291,-1.0,-0.08574979,1.0,0.3509071,-0.045706008,-0.004635079,0.0003277016,-0.0047989297,1.8198445,0.9776305,0.022369511,0.1081193,0.5337196588516235
1089536,2307.6188381037246,11.0,447.06253,500.0,142.61967,-1.0,-0.0855615,1.0,0.35023835,-0.045751005,-0.0067514814,0.00019801327,-0.006850488,1.8149799,0.9777869,0.02221308,0.10777458,0.5337637662887573
1097728,2322.5835090718665,11.0,447.40866,500.0,142.21666,-1.0,-0.08500204,1.0,0.34915954,-0.045451853,-0.00596986,4.322779e-05,-0.005991474,1.8113201,0.97793216,0.022067837,0.10706988,0.5335137844085693
1105920,2353.5695529622253,11.0,447.0596,500.0,142.73479,-1.0,-0.08512363,1.0,0.34995165,-0.045756947,-0.0032181367,0.0005935204,-0.0035148966,1.808911,0.9777057,0.022294285,0.10741792,0.5340138077735901
1114112,2306.931702283497,11.0,447.05835,500.0,142.79059,-1.0,-0.085311875,1.0,0.34971327,-0.046079308,-0.0039176475,0.00025817563,-0.0040467354,1.8130374,0.9778672,0.022132797,0.10744467,0.5343193411827087
1122304,2316.8656404590934,11.0,447.05234,500.0,142.85985,-1.0,-0.0854974,1.0,0.349478,-0.046436023,-0.004951968,0.0002184809,-0.0050612083,1.8222184,0.9780264,0.021973632,0.107471034,0.5346248745918274
1130496,2306.8833780334558,11.0,447.0674,500.0,142.90358,-1.0,-0.08485329,1.0,0.3493743,-0.046106756,-0.00221344,0.00038249962,-0.0024046898,1.8198924,0.9777954,0.0222046,0.10705789,0.5346380472183228
1138688,2306.4860188358643,9.0,447.05826,500.0,142.98047,-1.0,-0.08425197,1.0,0.34933573,-0.045801274,-0.002986704,0.00039064835,-0.0031820284,1.8041377,0.97755903,0.022440946,0.10669291,0.5346658229827881
1146880,2308.4637935255564,9.0,447.05005,500.0,143.05383,-1.0,-0.083659105,1.0,0.3492967,-0.045472015,-0.00377795,0.00023556243,-0.0038957316,1.7946911,0.97732604,0.022673965,0.10633307,0.5346935987472534
1155072,2307.761739383208,9.0,447.0431,500.0,143.12265,-1.0,-0.08307453,1.0,0.34925723,-0.045130428,-0.004104832,0.00026270578,-0.0042361845,1.7921462,0.97709626,0.022903727,0.10597826,0.5347213745117188
1163264,2332.596462219864,9.0,447.22977,500.0,142.92313,-1.0,-0.082883574,1.0,0.3485735,-0.04510242,-0.0032449933,0.00016446499,-0.003327226,1.7897836,0.9772552,0.022744795,0.10562837,0.5347491502761841
1171456,2346.598067169764,9.0,447.2259,500.0,142.97943,-1.0,-0.082312405,1.0,0.34853822,-0.044842526,-0.004226139,0.00029837454,-0.004375326,1.7906237,0.9770291,0.022970904,0.105283305,0.5347769260406494
1179648,2314.1575165263826,9.0,447.54718,500.0,142.60263,-1.0,-0.081811264,1.0,0.34753457,-0.04456951,-0.0052112136,6.425618e-05,-0.0052433405,1.7899529,0.977169,0.02283105,0.10464232,0.5345269441604614
1187840,2332.2011189899295,9.0,447.70132,500.0,142.44942,-1.0,-0.080907375,1.0,0.34711114,-0.04395789,-0.0036446173,0.0001226715,-0.0037059532,1.7871684,0.9769376,0.023062382,0.10396975,0.5342769622802734
1196032,2318.110801412628,9.0,447.71057,500.0,142.49504,-1.0,-0.08108108,1.0,0.34684685,-0.044294704,-0.0030083484,0.00032255452,-0.0031696255,1.787039,0.9771021,0.022897897,0.10397898,0.5345532894134521
1204224,2307.4184651427067,9.0,447.38675,500.0,142.97147,-1.0,-0.08196721,1.0,0.34742358,-0.0451834,-0.007749176,0.0005591931,-0.008028773,1.7844672,0.97727275,0.022727273,0.104694486,0.5353032946586609
1212416,2305.848300467475,9.0,447.53906,500.0,142.81856,-1.0,-0.081821546,1.0,0.34683606,-0.045214254,-0.00447885,0.00023521246,-0.0045964564,1.7755928,0.9774158,0.022584228,0.104405776,0.5353474020957947
1220608,2307.132145625732,9.0,447.68912,500.0,142.66835,-1.0,-0.081677705,1.0,0.34625483,-0.04524789,-0.004436138,0.00030689203,-0.0045895837,1.7719274,0.977557,0.022442972,0.10412068,0.5353915095329285
1228800,2306.6794162472297,9.0,447.8369,500.0,142.52081,-1.0,-0.080804385,1.0,0.34585148,-0.044649,-0.003835851,0.00015719062,-0.003914446,1.766881,0.9773309,0.022669105,0.10347349,0.5351415276527405
1236992,2306.928914290963,9.0,447.67102,500.0,142.79268,-1.0,-0.07988381,1.0,0.34638163,-0.04403358,-0.004411593,0.00034876255,-0.004585975,1.7636275,0.9767611,0.023238925,0.10312273,0.5351547002792358
1245184,2305.4432538935685,9.0,447.9733,500.0,142.43489,-1.0,-0.079422385,1.0,0.34543285,-0.043779235,-0.005074764,4.6663707e-05,-0.0050980956,1.7515028,0.97689533,0.023104694,0.102527075,0.5349047183990479
1253376,2305.6514838986664,9.0,448.29065,500.0,142.05759,-1.0,-0.078937925,1.0,0.34443325,-0.04351219,-0.0042343363,4.9266055e-05,-0.0042589693,1.7413657,0.97703624,0.02296376,0.10190169,0.5346547365188599
1261568,2309.936734277201,9.0,447.948,500.0,142.49352,-1.0,-0.078731745,1.0,0.3457721,-0.04306771,-0.004141777,0.00070447987,-0.0044940165,1.7393751,0.97648734,0.023512647,0.10224439,0.5351547598838806
1269760,2306.479361215811,9.0,448.09454,500.0,142.33643,-1.0,-0.078611895,1.0,0.34521624,-0.043075703,-0.0021426412,0.00021542757,-0.0022503547,1.7371078,0.9766289,0.023371104,0.101983,0.5351988673210144
1277952,2306.9691859485706,9.0,448.38696,500.0,141.98807,-1.0,-0.07816901,1.0,0.34429276,-0.042833023,-0.0039247093,7.0321126e-05,-0.00395987,1.7380676,0.97676057,0.023239437,0.10140845,0.5349488854408264
1286144,2308.500861696835,9.0,448.3744,500.0,142.05096,-1.0,-0.07837649,1.0,0.34412172,-0.043156177,-0.005445716,0.0003230048,-0.005607218,1.7463534,0.97690696,0.023093073,0.10146956,0.5352544188499451
1294336,2318.51139422747,9.0,448.3616,500.0,142.1141,-1.0,-0.07719054,1.0,0.34426743,-0.042293932,-0.0034998674,0.00028709113,-0.0036434133,1.7418603,0.976356,0.02364395,0.10083449,0.5350044369697571
1302528,2305.9457928148304,9.0,448.3521,500.0,142.16704,-1.0,-0.07740152,1.0,0.34409925,-0.04259329,-0.0056654504,0.0004306775,-0.0058807884,1.7301748,0.97650313,0.02349689,0.10089841,0.5353099703788757
1310720,2307.4232687276763,9.0,448.05594,500.0,142.59389,-1.0,-0.076870285,1.0,0.34497127,-0.04244423,-0.0040198155,0.0004595884,-0.004249609,1.7286704,0.975978,0.024021963,0.100892246,0.5355599522590637
1318912,2307.7453094853754,9.0,448.26862,500.0,142.28163,-1.0,-0.07679181,1.0,0.34449437,-0.04223077,-0.00294744,0.00017330651,-0.0030340932,1.7264127,0.9761092,0.023890786,0.100682594,0.5356224775314331
1327104,2310.015780835651,9.0,448.10986,500.0,142.54106,-1.0,-0.07527976,1.0,0.34513912,-0.04108521,-0.0033503058,0.00019661813,-0.0034486149,1.7243296,0.97524583,0.024754154,0.10003391,0.5353724956512451
1335296,2306.1390996377804,9.0,448.3899,500.0,142.20676,-1.0,-0.07487352,1.0,0.34425083,-0.040863506,-0.0037816453,3.2337357e-05,-0.0037978138,1.7115726,0.9753794,0.024620574,0.0994941,0.5351225137710571
1343488,2308.2561407235444,9.0,448.41507,500.0,142.21638,-1.0,-0.07437186,1.0,0.34412485,-0.040647358,-0.0036167365,0.00037629777,-0.0038048855,1.7046813,0.97520936,0.02479062,0.09916248,0.5351225137710571
1351680,2377.624471284188,9.0,448.70718,500.0,141.86597,-1.0,-0.0739507,1.0,0.34319448,-0.040417176,-0.0046182377,6.440629e-05,-0.0046504405,1.6991682,0.9753498,0.024650233,0.09860093,0.5348725318908691
1359872,2306.928914290963,9.0,449.0129,500.0,141.49765,-1.0,-0.07350993,1.0,0.34221756,-0.04017628,-0.0033767058,6.177213e-05,-0.003407592,1.7006966,0.9754967,0.024503311,0.098013245,0.5346225500106812
1368064,2308.429673248563,9.0,449.02896,500.0,141.49721,-1.0,-0.07370846,1.0,0.34201717,-0.040383913,-0.0067163557,0.00030703042,-0.0068698707,1.702168,0.9756499,0.024350116,0.098058574,0.5348988771438599
1376256,2306.431210735915,9.0,449.1587,500.0,141.35461,-1.0,-0.073625654,1.0,0.34151754,-0.040403757,-0.0040524835,0.00022678348,-0.0041658757,1.7077777,0.9757853,0.024214659,0.09784032,0.5349429845809937
1384448,2307.334018286366,9.0,449.01495,500.0,141.5699,-1.0,-0.07349593,1.0,0.34186953,-0.04044609,-0.0052134674,0.0005041622,-0.0054655485,1.7030472,0.9756098,0.024390243,0.09788618,0.5352193117141724
1392640,2307.465572129902,9.0,448.99872,500.0,141.63365,-1.0,-0.07306822,1.0,0.34186617,-0.040227484,-0.0050916853,0.00030869117,-0.0052460306,1.6914709,0.9754284,0.024571612,0.09763983,0.5352470874786377
1400832,2313.4297212269025,9.0,449.00162,500.0,141.66919,-1.0,-0.072622105,1.0,0.3418099,-0.039933786,-0.0032039862,0.00035384743,-0.00338091,1.6840475,0.9752571,0.024742931,0.09736504,0.5352602601051331
1409024,2308.190239317351,9.0,449.12207,500.0,141.54855,-1.0,-0.07254714,1.0,0.3413225,-0.040008776,-0.0022220323,0.00023984283,-0.0023419536,1.6840152,0.9753915,0.0246085,0.09715564,0.5353043675422668
1417216,2305.6661820883537,9.0,449.38092,500.0,141.23444,-1.0,-0.07217806,1.0,0.3404923,-0.039805233,-0.0030063312,5.6610035e-05,-0.0030346364,1.6721182,0.9755167,0.024483306,0.09666137,0.5350543856620789
1425408,2307.900782885402,9.0,449.63715,500.0,140.92233,-1.0,-0.07181272,1.0,0.33966807,-0.03960375,-0.002065208,4.1664778e-05,-0.0020860406,1.6613872,0.9756406,0.02435938,0.096172094,0.5348044037818909
1433600,2305.419122684725,9.0,449.6475,500.0,140.92844,-1.0,-0.07138365,1.0,0.33962423,-0.03945487,-0.003952385,0.0003642335,-0.0041345023,1.6525825,0.9754717,0.024528302,0.09591195,0.5348175764083862
1441792,2343.342562736041,9.0,449.35657,500.0,141.36803,-1.0,-0.0709375,1.0,0.34044877,-0.03918168,-0.0042206333,0.0004894145,-0.0044653406,1.6525304,0.975,0.025,0.0959375,0.5350675582885742
1449984,2311.782927581839,9.0,449.47372,500.0,141.24599,-1.0,-0.070873484,1.0,0.3399797,-0.039241973,-0.0041103433,0.00014407531,-0.004182381,1.6518921,0.9751321,0.024867889,0.09574138,0.535111665725708
1458176,2309.2218338990165,9.0,449.73932,500.0,140.92163,-1.0,-0.070500925,1.0,0.3391237,-0.039035697,-0.0023469485,5.37089e-05,-0.002373803,1.6456704,0.9752628,0.024737168,0.0952381,0.53486168384552
1466368,2309.3924072702325,9.0,449.71832,500.0,140.991,-1.0,-0.0701107,1.0,0.33913228,-0.038800545,-0.004180504,0.00032561205,-0.00434331,1.6417751,0.97509223,0.02490775,0.095018454,0.5348894596099854
1474560,2307.400025760343,9.0,449.99512,500.0,140.65163,-1.0,-0.06972477,1.0,0.33823738,-0.038586963,-0.0040866393,2.7460817e-05,-0.0041003698,1.641983,0.9752294,0.024770642,0.094495416,0.5346394777297974
1482752,2305.9349599246793,9.0,450.10556,500.0,140.53761,-1.0,-0.06905993,1.0,0.33791152,-0.038117733,-0.004200482,0.00015844242,-0.0042797034,1.641241,0.97505325,0.02494676,0.094006695,0.5343894958496094
1490944,2306.58077796675,9.0,450.0986,500.0,140.58772,-1.0,-0.06866304,1.0,0.33787596,-0.037885394,-0.0036835426,0.00036783304,-0.003867459,1.6434851,0.9748941,0.025105868,0.0937689,0.5344026684761047
1499136,2304.7983817991985,9.0,449.95126,500.0,140.82034,-1.0,-0.067969926,1.0,0.33834574,-0.03736649,-0.0034515993,0.00035295976,-0.003628079,1.6418147,0.9744361,0.02556391,0.09353384,0.5344158411026001
1507328,2336.004464277216,9.0,450.06165,500.0,140.70293,-1.0,-0.0679234,1.0,0.3379017,-0.037428644,-0.0048763067,0.00025142703,-0.00500202,1.646403,0.9745661,0.025433872,0.09335727,0.5344599485397339
1515520,2307.656809059892,9.0,450.1682,500.0,140.5948,-1.0,-0.06728193,1.0,0.33758077,-0.036964506,-0.0032325657,0.00014489671,-0.0033050138,1.6523988,0.9743971,0.025602859,0.09288479,0.5342099666595459
1523712,2307.077151906341,9.0,450.40445,500.0,140.3029,-1.0,-0.066962965,1.0,0.33681136,-0.036789265,-0.0055329823,6.724564e-05,-0.0055666054,1.6468843,0.97451854,0.025481481,0.09244444,0.5339599847793579
1531904,2324.3353519216635,9.0,450.3808,500.0,140.37303,-1.0,-0.06660772,1.0,0.3368281,-0.036601935,-0.0028993855,0.0003109189,-0.003054845,1.6421748,0.974359,0.025641026,0.092248745,0.5339877605438232
1540096,2326.832556644346,9.0,450.61368,500.0,140.0843,-1.0,-0.0662951,1.0,0.3360676,-0.036430147,-0.003963802,3.5207177e-05,-0.003981406,1.6441436,0.9744793,0.02552068,0.091815785,0.5337377786636353
1548288,2307.6964861695324,9.0,450.85873,500.0,139.77939,-1.0,-0.065966144,1.0,0.33526513,-0.036249377,-0.0040465393,4.2259868e-05,-0.0040676687,1.6494665,0.974606,0.025394045,0.09136019,0.5334877967834473
1556480,2307.654484271563,9.0,450.97357,500.0,139.65761,-1.0,-0.06591173,1.0,0.3347985,-0.036322515,-0.0032564676,0.00016191922,-0.0033374268,1.6633773,0.97473866,0.025261324,0.09117305,0.5335155725479126
1564672,2308.148529548389,9.0,451.2003,500.0,139.37402,-1.0,-0.06560694,1.0,0.3340534,-0.03615455,-0.0052180695,2.3572493e-05,-0.005229856,1.666956,0.9748555,0.025144508,0.09075145,0.5332655906677246
1572864,2341.0077343778103,9.0,451.42493,500.0,139.09212,-1.0,-0.06530495,1.0,0.3333133,-0.035988133,-0.0052821273,4.6290897e-05,-0.0053052725,1.6663682,0.97497123,0.025028769,0.090333715,0.5330156087875366
1581056,2309.32271592399,9.0,451.39984,500.0,139.15752,-1.0,-0.065540925,1.0,0.3332341,-0.0362816,-0.00610792,0.00030152305,-0.006258681,1.669796,0.97510016,0.02489983,0.09044076,0.5333211421966553
1589248,2326.7033543720113,9.0,451.53873,500.0,138.88539,-1.0,-0.065774485,1.0,0.3331555,-0.03612418,-0.0047464874,0.00038063832,-0.004936806,1.6764787,0.9752278,0.02477221,0.0905467,0.5336266756057739
1597440,2311.2926115363575,9.0,451.7722,500.0,138.5911,-1.0,-0.065457635,1.0,0.33238333,-0.03595016,-0.005702772,7.7490375e-05,-0.005741517,1.6810608,0.9753471,0.024652876,0.09011051,0.5333766937255859
1605632,2310.140185295362,9.0,451.98984,500.0,138.31575,-1.0,-0.0651622,1.0,0.33166143,-0.035787906,-0.0046474105,3.3763426e-05,-0.0046642916,1.6921911,0.9754584,0.024541607,0.089703806,0.533126711845398
1613824,2308.3049877234325,9.0,451.7285,500.0,138.69739,-1.0,-0.065918654,1.0,0.3322367,-0.03645562,-0.0042144926,0.0006238526,-0.0045264186,1.6998819,0.9755961,0.024403928,0.090322584,0.5338767170906067
1622016,2307.2515917202613,9.0,451.94415,500.0,138.42465,-1.0,-0.065624125,1.0,0.33152282,-0.036292735,-0.0055093174,3.8336493e-05,-0.005528485,1.704947,0.9757051,0.02429489,0.089919016,0.5336267352104187
1630208,2334.149048643602,9.0,452.05585,500.0,138.29059,-1.0,-0.06557377,1.0,0.33109003,-0.036304723,-0.0028961054,0.00020814805,-0.0030001795,1.7039655,0.9758266,0.02417338,0.08974715,0.533654510974884
1638400,2320.459706288075,9.0,452.02515,500.0,138.3686,-1.0,-0.06580038,1.0,0.33102393,-0.036614273,-0.0034814603,0.00030209858,-0.0036325096,1.7079635,0.9759469,0.024053082,0.08985347,0.5339600443840027
1646592,2349.8182753242036,9.0,451.99368,500.0,138.44931,-1.0,-0.065474555,1.0,0.33106765,-0.036442965,-0.0031537693,0.00024244715,-0.0032749928,1.7022572,0.9757909,0.024209078,0.08968363,0.533987820148468
1654784,2319.234407062892,9.0,451.8618,500.0,138.64256,-1.0,-0.064313084,1.0,0.33164036,-0.035651296,-0.0034735529,0.00046313828,-0.0037051218,1.6897588,0.9750958,0.024904214,0.0892173,0.53373783826828
1662976,2356.9683427107457,9.0,451.95233,500.0,138.54628,-1.0,-0.06428766,1.0,0.331259,-0.03572524,-0.0036226157,0.0002168941,-0.0037310626,1.6934774,0.97521114,0.024788886,0.08907655,0.5337819457054138
1671168,2308.4763562452254,9.0,452.16083,500.0,138.2814,-1.0,-0.064008676,1.0,0.3305665,-0.035570208,-0.0045519825,3.332859e-05,-0.004568647,1.7011777,0.9753187,0.024681313,0.08868999,0.5335319638252258
1679360,2307.210225719533,9.0,452.24945,500.0,138.18631,-1.0,-0.06398488,1.0,0.3301922,-0.0356415,-0.0053238845,8.39751e-05,-0.005365872,1.6900645,0.975432,0.024568034,0.088552915,0.5335760712623596
1687552,2308.0848048941443,9.0,452.33807,500.0,138.08945,-1.0,-0.0639613,1.0,0.3298209,-0.035705198,-0.003447661,0.00016376648,-0.003529544,1.6860938,0.9755442,0.024455791,0.08841709,0.5336201786994934
1695744,2309.2840693067396,9.0,452.54214,500.0,137.82864,-1.0,-0.06368745,1.0,0.32914057,-0.035552327,-0.0037984103,2.5783369e-05,-0.0038113021,1.6896927,0.97564894,0.024351085,0.088038534,0.5333701968193054
1703936,2308.1691516621095,9.0,452.51077,500.0,137.9047,-1.0,-0.06284954,1.0,0.32929233,-0.034914516,-0.0024552452,0.00020098888,-0.0025557396,1.6882455,0.975233,0.024766978,0.08761651,0.5331202149391174
1712128,2305.3442572773047,9.0,452.58856,500.0,137.81245,-1.0,-0.0630965,1.0,0.32928106,-0.03499446,-0.0034755059,0.00033782396,-0.0036444184,1.6908089,0.97534466,0.024655355,0.08775186,0.5334584712982178
1720320,2307.8319565828756,9.0,452.57504,500.0,137.8555,-1.0,-0.06278027,1.0,0.32928717,-0.03486545,-0.0037702778,0.000272293,-0.003906424,1.703533,0.9752044,0.024795568,0.08757584,0.5334716439247131
1728512,2306.8400118404365,9.0,452.67917,500.0,137.72581,-1.0,-0.062221054,1.0,0.32898548,-0.034528557,-0.0032969313,0.00014483057,-0.0033693463,1.7134191,0.9750591,0.02494093,0.08716199,0.5332216620445251
1736704,2326.8361808174054,9.0,452.63828,500.0,137.80779,-1.0,-0.06194459,1.0,0.32907507,-0.034377318,-0.0039980602,0.00023830416,-0.0041172127,1.7171544,0.97490853,0.025091479,0.087036066,0.5332657694816589
1744896,2306.9924202367747,9.0,452.86005,500.0,137.52277,-1.0,-0.061654527,1.0,0.32833096,-0.03421634,-0.003827597,4.0225656e-05,-0.0038477099,1.7171012,0.975026,0.024973985,0.08662851,0.533015787601471
1753088,2306.022244961964,9.0,452.95908,500.0,137.40292,-1.0,-0.0616261,1.0,0.32793826,-0.03424271,-0.004456042,0.0001667052,-0.0045393943,1.7200112,0.9751424,0.024857586,0.08648369,0.5330435633659363
1761280,2308.286068957548,9.0,453.04538,500.0,137.29886,-1.0,-0.06109822,1.0,0.327686,-0.03390946,-0.0047434834,0.00018763792,-0.0048373025,1.7197695,0.9749935,0.025006445,0.08610467,0.5327935814857483
1769472,2306.8133734159755,9.0,453.23825,500.0,137.04947,-1.0,-0.06084724,1.0,0.32703564,-0.033770163,-0.0045965766,3.879181e-05,-0.0046159727,1.7135513,0.9750963,0.024903722,0.08575096,0.5325435996055603
1777664,2322.1843329626777,9.0,453.318,500.0,136.96175,-1.0,-0.0603272,1.0,0.32678753,-0.033405755,-0.00088745425,0.000129904,-0.0009524062,1.7102419,0.9749489,0.025051124,0.08537833,0.5322936177253723
1785856,2306.4920571756616,9.0,453.39935,500.0,136.86746,-1.0,-0.059811655,1.0,0.32654056,-0.03306325,-0.0027099724,0.00018242176,-0.0028011831,1.7073756,0.97480273,0.02519725,0.08500891,0.5320436358451843
1794048,2306.4426675810164,9.0,453.6001,500.0,136.60641,-1.0,-0.059553977,1.0,0.32585993,-0.032920808,-0.00611997,2.2272498e-05,-0.006131107,1.7094154,0.97491133,0.025088698,0.08464268,0.5317936539649963
1802240,2313.77463070906,9.0,453.67752,500.0,136.52043,-1.0,-0.059046175,1.0,0.32561716,-0.032566883,-0.0037768919,0.00018514095,-0.003869462,1.7121651,0.9747666,0.025233408,0.08427959,0.5315436720848083
1810432,2309.256598401493,9.0,453.87537,500.0,136.26204,-1.0,-0.05879397,1.0,0.32494384,-0.03242778,-0.005385962,3.900262e-05,-0.0054054633,1.7029991,0.9748744,0.025125628,0.0839196,0.5312936902046204
1818624,2311.009682033989,9.0,453.8707,500.0,136.24934,-1.0,-0.059029516,1.0,0.32491544,-0.0325184,-0.004990723,0.0003583755,-0.005169911,1.7113893,0.9749875,0.025012506,0.08404202,0.531599223613739
1826816,2308.899070640888,9.0,453.51904,500.0,136.76855,-1.0,-0.058969893,1.0,0.32596216,-0.032553207,-0.0033777102,0.00060710515,-0.003681263,1.7154884,0.9746206,0.025379447,0.08434934,0.5320634841918945
1835008,2342.4611865337997,9.0,453.58835,500.0,136.68465,-1.0,-0.058983892,1.0,0.32567224,-0.032598462,-0.004709413,0.000165212,-0.0047920193,1.7175578,0.9747212,0.02527881,0.0842627,0.5321260094642639
1843200,2353.244428141155,9.0,453.45215,500.0,136.89969,-1.0,-0.05895412,1.0,0.32602537,-0.032619204,-0.0034919695,0.00052087824,-0.0037524085,1.7188752,0.974593,0.025407005,0.08436113,0.5324023365974426
1851392,2307.7981649909593,9.0,453.55438,500.0,136.77452,-1.0,-0.058924627,1.0,0.3256217,-0.03264683,-0.003687351,0.0002661913,-0.0038204468,1.7162722,0.97471154,0.025288485,0.08421311,0.532415509223938
1859584,2306.413251586158,9.0,453.75873,500.0,136.50792,-1.0,-0.05866536,1.0,0.32492796,-0.03250319,-0.0039175986,2.8339982e-05,-0.0039317682,1.7167451,0.97482276,0.025177218,0.08384258,0.53216552734375
1867776,2318.293326928066,9.0,453.83228,500.0,136.4268,-1.0,-0.058666017,1.0,0.32460806,-0.032578047,-0.0036569065,0.00017051821,-0.0037421656,1.7183164,0.97492695,0.02507303,0.08373904,0.5322096347808838
1875968,2307.3055091837637,9.0,453.9091,500.0,136.33401,-1.0,-0.05818182,1.0,0.32437775,-0.032266255,-0.0061620097,0.00022900954,-0.0062765153,1.7189734,0.9747879,0.025212122,0.08339394,0.5319596529006958
1884160,2308.1607787293974,9.0,453.8762,500.0,136.40588,-1.0,-0.057929035,1.0,0.3244398,-0.032138463,-0.0064607915,0.00031167554,-0.006616629,1.7140768,0.97465605,0.025343955,0.08327299,0.5319874286651611
1892352,2307.2866067976297,7.0,453.74435,500.0,136.6111,-1.0,-0.05838539,1.0,0.3247046,-0.03256678,-0.0058926493,0.0003398138,-0.006062556,1.709424,0.97477174,0.025228256,0.08361365,0.5325269103050232
1900544,2306.4466929860464,7.0,453.81528,500.0,136.53564,-1.0,-0.05790859,1.0,0.32447654,-0.032215703,-0.004950398,0.000100937694,-0.005000867,1.7098728,0.97463506,0.02536492,0.08327351,0.5322769284248352
1908736,2307.601945304448,7.0,454.00238,500.0,136.29036,-1.0,-0.057673976,1.0,0.32383946,-0.032085184,-0.006070474,4.796851e-05,-0.006094458,1.7047192,0.9747378,0.025262155,0.08293613,0.5320269465446472
1916928,2308.6519384391527,7.0,454.17712,500.0,136.06068,-1.0,-0.05745489,1.0,0.3232433,-0.0319633,-0.0049309605,2.5545698e-05,-0.0049437336,1.7127597,0.9748338,0.025166191,0.08262108,0.5317769646644592
1925120,2365.4947396944603,7.0,454.2582,500.0,135.94861,-1.0,-0.057460394,1.0,0.3229377,-0.031960353,-0.004077715,0.0001639045,-0.0041596675,1.7128781,0.974935,0.025065027,0.08252542,0.531821072101593
1933312,2317.6651657939155,7.0,454.32785,500.0,135.87027,-1.0,-0.05699482,1.0,0.32271782,-0.03163386,-0.0052796146,6.8094e-05,-0.005313661,1.7122759,0.9747998,0.025200188,0.08219501,0.531571090221405
1941504,2306.653400936605,7.0,454.39597,500.0,135.7955,-1.0,-0.057002112,1.0,0.32241628,-0.031713564,-0.004865587,8.15096e-05,-0.004906342,1.7139587,0.9749003,0.025099695,0.08210181,0.5316151976585388
1949696,2305.4749655450987,7.0,454.47327,500.0,135.71024,-1.0,-0.056528848,1.0,0.32216275,-0.031366833,-0.0037317318,0.000119243094,-0.0037913534,1.7149135,0.9747723,0.02522775,0.0817566,0.5313652157783508
1957888,2306.9439385526434,7.0,454.16486,500.0,136.12228,-1.0,-0.057428505,1.0,0.3230346,-0.031983342,-0.006246037,0.00071559654,-0.006603835,1.7141733,0.9748896,0.02511044,0.08253895,0.5323652029037476
1966080,2306.750961377337,7.0,454.35587,500.0,135.87042,-1.0,-0.057189163,1.0,0.32238197,-0.031850047,-0.006797623,5.9897433e-05,-0.0068275714,1.724412,0.9749942,0.025005788,0.082194954,0.5321152210235596
1974272,2306.1979183921894,7.0,454.52432,500.0,135.64769,-1.0,-0.056978084,1.0,0.32180518,-0.03173249,-0.0055463994,6.625299e-05,-0.0055795256,1.7244045,0.9750865,0.024913495,0.08189158,0.5318652391433716
1982464,2309.610821429157,7.0,454.6014,500.0,135.55905,-1.0,-0.056972202,1.0,0.32147676,-0.031796876,-0.0047472436,0.00011246468,-0.0048034764,1.7228147,0.9751895,0.024810476,0.08178268,0.5318930149078369
1990656,2308.689943401726,7.0,454.77805,500.0,135.32465,-1.0,-0.056750573,1.0,0.32087046,-0.03167318,-0.0048456965,2.6911735e-05,-0.0048591522,1.7146274,0.97528607,0.02471396,0.08146453,0.5316430330276489
1998848,2313.662297946084,7.0,454.943,500.0,135.1051,-1.0,-0.056543548,1.0,0.32030296,-0.03155764,-0.0043090307,1.2040862e-05,-0.0043150517,1.7132018,0.9753762,0.024623804,0.08116735,0.5313930511474609
2007040,2306.1225380561777,7.0,455.0084,500.0,135.02908,-1.0,-0.05655235,1.0,0.3200182,-0.031619698,-0.005354793,0.00011754671,-0.005413566,1.7192321,0.97547126,0.02452873,0.08108108,0.5314371585845947
2015232,2308.2068306110596,7.0,454.98666,500.0,135.0783,-1.0,-0.056761645,1.0,0.3199788,-0.031841993,-0.0041518263,0.00028075246,-0.004292202,1.7295947,0.97557664,0.024423338,0.08118498,0.5317134857177734
2023424,2314.1928973942636,7.0,455.14893,500.0,134.86156,-1.0,-0.056557007,1.0,0.3194196,-0.031727195,-0.00454102,2.3967339e-05,-0.0045530032,1.7314014,0.97566473,0.024335286,0.080892295,0.5314635038375854
2031616,2320.1950523692135,7.0,455.01886,500.0,135.06795,-1.0,-0.056989007,1.0,0.31969413,-0.032138932,-0.0059021455,0.0005334584,-0.0061688754,1.7309719,0.97576845,0.024231546,0.08122055,0.5320029854774475
2039808,2306.718750033567,7.0,454.98526,500.0,135.1362,-1.0,-0.056759775,1.0,0.31977054,-0.031991098,-0.003965115,0.0003906935,-0.0041604624,1.7324431,0.97564244,0.024357542,0.08111732,0.5320307612419128
2048000,2308.9107071711105,7.0,454.8658,500.0,135.31252,-1.0,-0.05674232,1.0,0.32011995,-0.031967357,-0.005901285,0.0003945811,-0.006098576,1.725774,0.97552294,0.024477081,0.081219405,0.5323070883750916
2056192,2349.9110034873465,7.0,455.02594,500.0,135.09894,-1.0,-0.05654102,1.0,0.3195694,-0.031853948,-0.0067494465,3.944922e-05,-0.006769171,1.7205431,0.9756098,0.024390243,0.08093126,0.5320571064949036
2064384,2309.4085501864984,7.0,454.99756,500.0,135.15079,-1.0,-0.05675795,1.0,0.319567,-0.032054186,-0.00481524,0.00027014472,-0.004950312,1.7159581,0.9757067,0.024293287,0.08105124,0.5323626399040222
2072576,2308.347013304739,7.0,455.15604,500.0,134.93898,-1.0,-0.0565581,1.0,0.3190216,-0.03194132,-0.005576899,7.180846e-05,-0.0056128027,1.7171937,0.9757922,0.024207747,0.08076584,0.5321126580238342
2080768,2306.248071489402,7.0,455.22577,500.0,134.86073,-1.0,-0.056554142,1.0,0.31871656,-0.032013535,-0.005091443,7.7247896e-05,-0.005130067,1.7149843,0.9758878,0.024112232,0.08066637,0.5321404337882996
2088960,2326.752197446607,7.0,455.38226,500.0,134.65079,-1.0,-0.056356486,1.0,0.31817657,-0.03190165,-0.003496795,6.85098e-05,-0.0035310495,1.711103,0.97597206,0.02402796,0.08038445,0.5318904519081116
2097152,2310.8091860341324,7.0,455.53766,500.0,134.44179,-1.0,-0.056160208,1.0,0.3176394,-0.03179054,-0.0031067568,6.660933e-05,-0.0031400612,1.7031151,0.97605574,0.023944275,0.080104485,0.5316404700279236
2105344,2306.821271954412,7.0,455.5155,500.0,134.48882,-1.0,-0.056362454,1.0,0.31761146,-0.031995185,-0.0062297117,0.00039964716,-0.0064295363,1.6860232,0.9761543,0.023845654,0.08020811,0.5319167971611023
2113536,2365.691318858855,7.0,455.4783,500.0,134.56656,-1.0,-0.05614338,1.0,0.3176934,-0.03186125,-0.0027164372,0.00028853287,-0.0028607035,1.6780698,0.9760311,0.023968905,0.080112286,0.5319445729255676
2121728,2307.2136340979764,7.0,455.6316,500.0,134.36,-1.0,-0.055950075,1.0,0.3171631,-0.03175155,-0.0037293988,2.692872e-05,-0.0037428634,1.6739068,0.9761136,0.023886379,0.07983645,0.5316945910453796
2129920,2341.0115623414217,7.0,455.78384,500.0,134.15437,-1.0,-0.055758096,1.0,0.3166354,-0.0316426,-0.006447791,1.7977505e-05,-0.006456781,1.6721131,0.9761956,0.023804417,0.079562515,0.5314446091651917
2138112,2322.9053986192803,7.0,455.78497,500.0,134.1449,-1.0,-0.055947043,1.0,0.3165793,-0.03174448,-0.0050120344,0.00033265955,-0.005178364,1.6672953,0.97629726,0.023702756,0.0796498,0.5316945910453796
2146304,2306.880280394168,7.0,455.93552,500.0,133.9411,-1.0,-0.055756543,1.0,0.3160567,-0.03163639,-0.0052832346,2.915358e-05,-0.0052978117,1.6682916,0.97637796,0.023622047,0.07937859,0.5314446091651917
2154496,2306.8716070484193,7.0,456.08505,500.0,133.7382,-1.0,-0.05556734,1.0,0.31553668,-0.031529035,-0.005239483,3.75401e-05,-0.005258253,1.6597307,0.97645813,0.023541888,0.07910923,0.5311946272850037
2162688,2318.7989803955393,7.0,455.8786,500.0,134.0541,-1.0,-0.05616554,1.0,0.31604743,-0.032055337,-0.0060297344,0.0005874759,-0.006323472,1.6542563,0.9765625,0.0234375,0.07960304,0.5318970084190369
2170880,2306.8765632380037,7.0,456.02716,500.0,133.85262,-1.0,-0.05597643,1.0,0.31553167,-0.031947404,-0.005227191,5.2078318e-05,-0.00525323,1.6521622,0.9766414,0.023358585,0.07933502,0.5316470265388489
2179072,2307.746859465743,7.0,456.1747,500.0,133.65204,-1.0,-0.05578859,1.0,0.31501845,-0.031840198,-0.005353733,5.370596e-05,-0.005380586,1.6383348,0.9767198,0.023280201,0.079068795,0.5313970446586609
2187264,2313.623505947391,7.0,456.3304,500.0,133.43988,-1.0,-0.055590387,1.0,0.31447586,-0.03172708,-0.0051225396,4.7200676e-05,-0.00514614,1.6327565,0.9768025,0.023197493,0.07878788,0.5311470627784729
2195456,2357.0173329212867,7.0,456.33813,500.0,133.4005,-1.0,-0.055382054,1.0,0.314567,-0.031464424,-0.0035333156,0.00041391683,-0.0037402739,1.6217679,0.97668123,0.023318758,0.07870081,0.5311748385429382
2203648,2308.0423237461073,7.0,456.40393,500.0,133.30199,-1.0,-0.05539419,1.0,0.3143226,-0.031452067,-0.005920187,0.00017978242,-0.006010078,1.6131984,0.9767635,0.023236515,0.07863071,0.531218945980072
2211840,2306.647826303531,7.0,456.5482,500.0,133.10483,-1.0,-0.05521092,1.0,0.31381834,-0.03134801,-0.005423448,2.2161508e-05,-0.005434529,1.6117357,0.9768404,0.023159636,0.078370556,0.530968964099884
2220032,2307.066153477066,7.0,456.69147,500.0,132.90854,-1.0,-0.055028856,1.0,0.31331646,-0.031244636,-0.00416747,1.529446e-05,-0.0041751172,1.6131843,0.97691673,0.023083264,0.07811212,0.530718982219696
2228224,2310.9683366006166,7.0,456.8338,500.0,132.71307,-1.0,-0.054847986,1.0,0.312817,-0.03114194,-0.0030246852,2.042487e-05,-0.0030348971,1.611695,0.9769926,0.023007395,0.07785538,0.5304690003395081
2236416,2352.181830790445,7.0,456.98404,500.0,132.50635,-1.0,-0.054657113,1.0,0.3122889,-0.031033566,-0.0049985005,1.7826142e-05,-0.0050074137,1.60609,0.97707266,0.022927329,0.077584445,0.5302190184593201
2244608,2311.0403034776846,7.0,457.12445,500.0,132.31262,-1.0,-0.05447868,1.0,0.31179434,-0.030932253,-0.004638592,1.506084e-05,-0.0046461215,1.6031005,0.9771475,0.022852479,0.077331156,0.5299690365791321
2252800,2307.133075119576,7.0,457.0321,500.0,132.44469,-1.0,-0.05485575,1.0,0.31202012,-0.031210436,-0.0037933618,0.00056058896,-0.004073656,1.5972189,0.97724503,0.022754978,0.07761072,0.5304332971572876
2260992,2313.9019335841786,7.0,456.8992,500.0,132.65582,-1.0,-0.0548583,1.0,0.31240654,-0.031302936,-0.0056469496,0.00046887522,-0.0058813873,1.5981097,0.9771255,0.022874493,0.077732794,0.5307388305664062
2269184,2327.7397399144284,7.0,457.03833,500.0,132.46408,-1.0,-0.054681193,1.0,0.31191736,-0.031201877,-0.003767381,4.100129e-05,-0.0037878815,1.5981554,0.9771994,0.022800645,0.07748184,0.5304888486862183
2277376,2307.3313842636517,7.0,457.1852,500.0,132.26125,-1.0,-0.05449427,1.0,0.31140015,-0.031095216,-0.0042280722,4.470538e-05,-0.004250426,1.5895405,0.9772773,0.022722702,0.07721697,0.5302388668060303
2285568,2308.171942653179,7.0,457.3225,500.0,132.07118,-1.0,-0.054319505,1.0,0.31091565,-0.030995492,-0.006205608,3.0047584e-05,-0.0062206313,1.5812757,0.9773502,0.02264983,0.07696933,0.5299888849258423
2293760,2308.0058904305492,7.0,457.45895,500.0,131.88191,-1.0,-0.054145854,1.0,0.31043345,-0.030896405,-0.0044020517,1.9289937e-05,-0.0044116974,1.5747817,0.9774226,0.022577422,0.07672328,0.5297389030456543
2301952,2331.118213763675,7.0,457.42755,500.0,131.94853,-1.0,-0.053941082,1.0,0.31050542,-0.03077956,-0.0048308,0.00031060228,-0.0049861013,1.5658014,0.9773089,0.022691082,0.076632164,0.5297520756721497
2310144,2308.465964850046,7.0,457.5711,500.0,131.749,-1.0,-0.053759176,1.0,0.30999717,-0.03067576,-0.0055364,2.2273693e-05,-0.005547537,1.5608616,0.97738546,0.022614561,0.07637373,0.5295020937919617
2318336,2308.1365905983425,7.0,457.6264,500.0,131.68379,-1.0,-0.05337023,1.0,0.30981508,-0.030396609,-0.0040077423,0.0001844538,-0.0040999693,1.5636591,0.9772682,0.022731764,0.076101996,0.5292521119117737
2326528,2306.419908824567,7.0,457.76,500.0,131.49751,-1.0,-0.05320197,1.0,0.30934078,-0.030300777,-0.0063330745,2.1210375e-05,-0.0063436804,1.569595,0.9773399,0.022660099,0.07586207,0.5290021300315857
2334720,2332.764804801567,7.0,457.89276,500.0,131.312,-1.0,-0.053034768,1.0,0.30886865,-0.030205548,-0.006563361,1.6490834e-05,-0.006571606,1.567268,0.9774111,0.022588883,0.07562365,0.5287521481513977
2342912,2343.211041109005,7.0,457.93814,500.0,131.2602,-1.0,-0.053054035,1.0,0.30865306,-0.030273397,-0.006703774,0.00018443105,-0.0067959893,1.5671599,0.9774863,0.022513704,0.07556774,0.5287962555885315
2351104,2313.6827071101843,7.0,458.0695,500.0,131.0761,-1.0,-0.052888367,1.0,0.30818498,-0.030178862,-0.0042696903,1.1949495e-05,-0.004275665,1.5590166,0.9775566,0.022443404,0.07533177,0.5285462737083435
2359296,2321.5805711145204,7.0,458.12836,500.0,130.99356,-1.0,-0.052897707,1.0,0.30794352,-0.030194482,-0.0046394933,0.00020342557,-0.0047412063,1.5574112,0.97763515,0.022364838,0.07526255,0.5285740494728088
2367488,2308.5680217087674,7.0,458.25824,500.0,130.81096,-1.0,-0.05273362,1.0,0.30747962,-0.030100819,-0.0044545047,3.851784e-05,-0.004473764,1.5606253,0.9777045,0.022295464,0.07502908,0.5283240675926208
2375680,2307.3129462730435,7.0,458.30145,500.0,130.76245,-1.0,-0.05236715,1.0,0.3073365,-0.029832369,-0.0034708958,0.00017982176,-0.0035608066,1.5545442,0.97758454,0.02241546,0.07478261,0.5280740857124329
2383872,2305.2577968759897,7.0,458.3465,500.0,130.7071,-1.0,-0.052388288,1.0,0.30712846,-0.029886013,-0.0046436684,0.00014492984,-0.004716134,1.5461419,0.9776579,0.022342065,0.07473035,0.5281181931495667
2392064,2305.645295243282,7.0,458.47446,500.0,130.52654,-1.0,-0.052227344,1.0,0.30667004,-0.029794198,-0.004215398,1.9755727e-05,-0.004225276,1.5419527,0.9777266,0.022273425,0.07450077,0.5278682112693787
2400256,2308.048680314754,7.0,458.60165,500.0,130.3467,-1.0,-0.05206738,1.0,0.30621362,-0.029702945,-0.006048606,1.5158999e-05,-0.006056186,1.5283868,0.97779477,0.022205207,0.07427259,0.5276182293891907
2408448,2326.9642947094276,7.0,458.643,500.0,130.30067,-1.0,-0.052089296,1.0,0.3060104,-0.029775724,-0.004863049,0.00018944748,-0.0049577733,1.5173526,0.9778668,0.02213318,0.074222475,0.5276623368263245
2416640,2314.2402813965186,7.0,458.5988,500.0,130.38939,-1.0,-0.051530708,1.0,0.30618742,-0.02933156,-0.003960472,0.00032086688,-0.004120906,1.5141698,0.97756225,0.022437725,0.07396843,0.5274123549461365
2424832,2370.9177514365,7.0,458.74,500.0,130.1892,-1.0,-0.051354937,1.0,0.30567956,-0.02923151,-0.0041738986,1.2262401e-05,-0.004180029,1.5075269,0.9776388,0.022361191,0.07371613,0.5271623730659485
2433024,2305.508843834203,7.0,458.8725,500.0,130.00096,-1.0,-0.051190026,1.0,0.3052022,-0.029137641,-0.005012458,1.2122911e-05,-0.00501852,1.5073004,0.9777106,0.022289384,0.073479414,0.5269123911857605
2441216,2338.634894386281,7.0,458.91357,500.0,129.9526,-1.0,-0.05121446,1.0,0.3050043,-0.029201504,-0.002814149,0.00018165386,-0.0029049758,1.5035989,0.97778195,0.022218037,0.0734325,0.5269564986228943
2449408,2330.283620463627,7.0,458.9561,500.0,129.89886,-1.0,-0.051238738,1.0,0.30480754,-0.029251413,-0.0041125263,0.00018808222,-0.0042065675,1.5031047,0.9778529,0.022147147,0.07338589,0.5270006060600281
2457600,2307.134779193568,7.0,459.0866,500.0,129.71272,-1.0,-0.05107577,1.0,0.3043361,-0.029158378,-0.006373942,2.5463294e-05,-0.006386673,1.4999268,0.9779233,0.022076707,0.07315248,0.5267506241798401
2465792,2307.0683221731297,7.0,459.20874,500.0,129.53822,-1.0,-0.050923336,1.0,0.30389434,-0.029071355,-0.0049029626,1.7343875e-05,-0.004911635,1.500243,0.9779892,0.022010818,0.07293415,0.5265006422996521
2473984,2317.600601933215,7.0,459.25433,500.0,129.48592,-1.0,-0.05056702,1.0,0.30373695,-0.02880594,-0.00509042,0.00018713814,-0.0051839896,1.5065655,0.9778769,0.02212307,0.07269009,0.5262506604194641
2482176,2319.755349554551,7.0,459.37515,500.0,129.31276,-1.0,-0.050417054,1.0,0.30329868,-0.02872051,-0.0048276233,2.390866e-05,-0.0048395777,1.5065676,0.9779425,0.02205746,0.07247452,0.5260006785392761
2490368,2312.477937103217,7.0,459.42053,500.0,129.24532,-1.0,-0.05044346,1.0,0.30310932,-0.028737677,-0.0033605392,0.00018465736,-0.003452868,1.5018517,0.97801185,0.021988174,0.07243163,0.5260447859764099
2498560,2309.7272637684255,7.0,459.4581,500.0,129.20311,-1.0,-0.050101306,1.0,0.30298218,-0.028486054,-0.0033141696,0.00012601579,-0.0033771775,1.4966288,0.9778965,0.022103518,0.07220483,0.5257948040962219
2506752,2306.6208826235206,7.0,459.57724,500.0,129.0318,-1.0,-0.049954087,1.0,0.30254886,-0.028402349,-0.0040539275,1.40997e-05,-0.0040609776,1.4955548,0.9779614,0.022038568,0.07199265,0.5255448222160339
2514944,2308.248077290623,7.0,459.69565,500.0,128.86116,-1.0,-0.049807727,1.0,0.30211738,-0.028319133,-0.0048604878,1.360761e-05,-0.004867292,1.5041595,0.978026,0.021973997,0.071781725,0.525294840335846
2523136,2306.9055263967457,7.0,459.7375,500.0,128.80199,-1.0,-0.049835708,1.0,0.30193332,-0.028349744,-0.0058798958,0.00020826462,-0.005984028,1.5107259,0.9780942,0.021905806,0.071741514,0.5253389477729797
2531328,2306.215874188657,7.0,459.86935,500.0,128.61148,-1.0,-0.049672488,1.0,0.3014519,-0.028256895,-0.00460111,1.5444672e-05,-0.004608832,1.5222361,0.9781659,0.02183406,0.07150655,0.5250889658927917
2539520,2306.6620726416113,7.0,459.98584,500.0,128.44284,-1.0,-0.0495283,1.0,0.30102593,-0.02817487,-0.006201811,1.4557003e-05,-0.0062090894,1.5283409,0.97822934,0.021770682,0.07129899,0.5248389840126038
2547712,2308.8120331146374,7.0,460.10165,500.0,128.27483,-1.0,-0.049384948,1.0,0.30060175,-0.028093325,-0.004270948,1.1162658e-05,-0.0042765294,1.526107,0.97829235,0.02170767,0.07109262,0.5245890021324158
2555904,2338.462679661794,7.0,460.1365,500.0,128.23535,-1.0,-0.049413886,1.0,0.30042368,-0.028163867,-0.004471529,0.00013467968,-0.0045388686,1.5225621,0.97835886,0.021641118,0.071055,0.5246331095695496
2564096,2322.7496243417363,7.0,460.1082,500.0,128.28091,-1.0,-0.04924515,1.0,0.3005228,-0.02813647,-0.0036407444,0.000314254,-0.0037978713,1.5228136,0.97825307,0.021746945,0.07099209,0.5246462821960449
2572288,2306.0680567745394,7.0,460.2226,500.0,128.11462,-1.0,-0.04910394,1.0,0.3001032,-0.02805579,-0.005480564,1.45691865e-05,-0.0054878485,1.5178488,0.9783154,0.021684587,0.07078853,0.5243963003158569
2580480,2306.6809647961286,7.0,460.34338,500.0,127.938644,-1.0,-0.048954796,1.0,0.29965928,-0.027970577,-0.0060907183,1.3546296e-05,-0.006097491,1.5063432,0.9783813,0.021618724,0.07057352,0.524146318435669
2588672,2338.044185833195,7.0,460.23236,500.0,128.10811,-1.0,-0.04932336,1.0,0.29996958,-0.028245086,-0.0055436105,0.0004778769,-0.0057825493,1.4993497,0.9784544,0.021545583,0.07086895,0.524685800075531
2596864,2311.985459411696,7.0,460.18744,500.0,128.195,-1.0,-0.049165778,1.0,0.30009496,-0.028168729,-0.0038442193,0.00033028002,-0.004009359,1.4963319,0.97834575,0.021654243,0.07082002,0.5247135758399963
2605056,2308.3733769965884,7.0,460.2302,500.0,128.14014,-1.0,-0.04918613,1.0,0.29989567,-0.028218029,-0.0054553077,0.00016784499,-0.0055392305,1.4858617,0.9784147,0.02158528,0.07077141,0.5247413516044617
2613248,2307.4757995588766,7.0,460.34946,500.0,127.96635,-1.0,-0.04903863,1.0,0.29945776,-0.02813341,-0.0049737683,2.2587934e-05,-0.0049850624,1.477317,0.97847944,0.02152055,0.07055918,0.5244913697242737
2621440,2306.845432525399,7.0,460.38306,500.0,127.92739,-1.0,-0.049067885,1.0,0.2992869,-0.028199041,-0.00551463,0.00018553426,-0.005607397,1.4745517,0.9785438,0.021456208,0.0705241,0.5245354771614075
2629632,2324.818476574637,7.0,460.42032,500.0,127.87561,-1.0,-0.049096968,1.0,0.29911697,-0.028234668,-0.004964069,0.0002100035,-0.005069071,1.4766586,0.9786078,0.02139225,0.07048921,0.5245795845985413
2637824,2399.494116864913,7.0,460.46442,500.0,127.81342,-1.0,-0.049117286,1.0,0.29892254,-0.028263945,-0.0047167335,0.00022862462,-0.0048310454,1.4760005,0.97867507,0.021324944,0.07044223,0.5246073603630066
2646016,2319.2406688832816,7.0,460.5169,500.0,127.715996,-1.0,-0.048797492,1.0,0.29881158,-0.028132064,-0.004247278,0.00025689462,-0.004375725,1.4710023,0.97856396,0.021436041,0.07023353,0.5243573784828186
2654208,2372.108211208987,7.0,460.55743,500.0,127.65234,-1.0,-0.048827108,1.0,0.29864436,-0.028143087,-0.0069286297,0.00015353714,-0.007005397,1.4645948,0.97862726,0.021372719,0.070199825,0.5244014859199524
2662400,2308.1055809155027,7.0,460.6118,500.0,127.579994,-1.0,-0.04883117,1.0,0.29840255,-0.02818167,-0.007028816,0.0001513719,-0.007104503,1.4675577,0.9787013,0.021298701,0.07012987,0.5244014859199524
2670592,2307.9406234093326,7.0,460.7206,500.0,127.420395,-1.0,-0.048696253,1.0,0.29800105,-0.028103806,-0.00508353,4.1662017e-05,-0.005104361,1.4672314,0.9787601,0.021239854,0.069936104,0.5241515040397644
2678784,2310.1077239134006,7.0,460.67584,500.0,127.50623,-1.0,-0.04854536,1.0,0.29812932,-0.028003393,-0.003493717,0.00033156291,-0.0036594982,1.4625161,0.9786538,0.021346187,0.06989155,0.5241792798042297
2686976,2308.3922971936627,7.0,460.78387,500.0,127.34763,-1.0,-0.048412018,1.0,0.29773042,-0.027926477,-0.0046894485,3.8183698e-05,-0.00470854,1.4607048,0.97871244,0.021287553,0.06969957,0.5239292979240417
2695168,2308.4178864781848,7.0,460.8913,500.0,127.18961,-1.0,-0.048279405,1.0,0.29733315,-0.027849978,-0.0042754607,1.2923281e-05,-0.0042819222,1.4572393,0.97877073,0.021229241,0.06950865,0.5236793160438538
2703360,2309.7109611341116,7.0,460.9493,500.0,127.041,-1.0,-0.048480712,1.0,0.29743165,-0.027780848,-0.0037255562,0.0004370291,-0.0039440705,1.4521849,0.97883236,0.021167634,0.06964835,0.5240175724029541
2711552,2308.0530214061455,7.0,461.05566,500.0,126.884186,-1.0,-0.048348654,1.0,0.29703707,-0.027705176,-0.005982405,2.059585e-05,-0.0059927036,1.4430718,0.97889,0.021109976,0.06945863,0.5237675905227661
2719744,2306.808107753734,7.0,461.11084,500.0,126.7767,-1.0,-0.048378885,1.0,0.2968779,-0.027658548,-0.0032532427,0.00019680051,-0.0033516432,1.4302372,0.9789509,0.021049058,0.06942794,0.5238116979598999
2727936,2306.387087463348,7.0,461.17657,500.0,126.64549,-1.0,-0.048417132,1.0,0.296744,-0.02759543,-0.002812765,0.00023949459,-0.0029325122,1.4264853,0.97900796,0.020992042,0.06940918,0.5238742232322693
2736128,2337.1432619190964,7.0,461.20847,500.0,126.60431,-1.0,-0.048109386,1.0,0.29664135,-0.027388845,-0.0017163102,0.000155045,-0.0017938326,1.4212625,0.9788994,0.021100607,0.06920999,0.5236242413520813
2744320,2308.1759740966404,7.0,461.16342,500.0,126.69082,-1.0,-0.048300236,1.0,0.2967165,-0.027592523,-0.003517486,0.00038640024,-0.0037106862,1.413349,0.9789633,0.021036688,0.06933692,0.5239297747612
2752512,2305.6180655542666,7.0,461.19333,500.0,126.65615,-1.0,-0.04833026,1.0,0.2965599,-0.027655263,-0.0041442197,0.00011655663,-0.004202498,1.410521,0.97902334,0.020976674,0.06930693,0.5239738821983337
2760704,2307.9781398683017,7.0,461.29724,500.0,126.50235,-1.0,-0.04820084,1.0,0.29617313,-0.027581207,-0.0044903494,2.0449748e-05,-0.004500575,1.4097031,0.9790795,0.020920502,0.06912134,0.5237239003181458
2768896,2315.9164910281816,7.0,461.25513,500.0,126.57867,-1.0,-0.04838979,1.0,0.29624915,-0.027759278,-0.0029017057,0.00036947447,-0.003086443,1.4131596,0.9791423,0.020857668,0.069247454,0.5240294337272644
2777088,2305.8496931572517,7.0,461.3583,500.0,126.425804,-1.0,-0.048260942,1.0,0.29586497,-0.027685365,-0.0046098554,1.4399525e-05,-0.004617055,1.4124882,0.97919786,0.02080213,0.069063075,0.5237794518470764
2785280,2358.64988699194,7.0,461.39804,500.0,126.36796,-1.0,-0.047950886,1.0,0.2957422,-0.027494984,-0.0043321946,0.00016044866,-0.0044124187,1.4032605,0.9790941,0.020905923,0.06885681,0.5235294699668884
2793472,2334.648793919811,7.0,461.50024,500.0,126.21614,-1.0,-0.04782393,1.0,0.2953607,-0.027422186,-0.0045029153,3.103835e-05,-0.0045184344,1.3966752,0.9791494,0.02085057,0.0686745,0.5232794880867004
2801664,2307.6225576523857,7.0,461.60193,500.0,126.06486,-1.0,-0.04769764,1.0,0.29498065,-0.027349772,-0.0027908585,2.1234144e-05,-0.0028014756,1.3947375,0.9792045,0.020795511,0.06849315,0.5230295062065125
2809856,2309.000700299171,7.0,461.70935,500.0,125.904724,-1.0,-0.047564186,1.0,0.2945785,-0.027273249,-0.0045059565,1.4285004e-05,-0.0045130993,1.4037228,0.97926265,0.020737328,0.068301514,0.5227795243263245
2818048,2308.5830673280266,7.0,461.67734,500.0,125.970146,-1.0,-0.04773622,1.0,0.29461172,-0.027456356,-0.0038672937,0.00032499892,-0.0040297927,1.4052325,0.9793307,0.02066929,0.06840551,0.5230295062065125
2826240,2351.095256622359,7.0,461.70456,500.0,125.9398,-1.0,-0.04743988,1.0,0.29451677,-0.02723789,-0.0040220553,0.00011960449,-0.004081857,1.4053681,0.9792246,0.020775396,0.06821528,0.5227795243263245
2834432,2337.910235810934,7.0,461.80453,500.0,125.79048,-1.0,-0.047316037,1.0,0.29414207,-0.027166782,-0.0040149055,1.7424594e-05,-0.004023618,1.4034567,0.97927886,0.020721162,0.0680372,0.5225295424461365
2842624,2308.258776858065,7.0,461.83026,500.0,125.75216,-1.0,-0.047030106,1.0,0.2940717,-0.026993556,-0.002614737,0.00018653226,-0.0027080034,1.4082552,0.9791701,0.020829944,0.06786005,0.5222795605659485
2850816,2308.779919321101,7.0,461.93558,500.0,125.594536,-1.0,-0.046900358,1.0,0.29367614,-0.026919084,-0.0049962685,1.36728195e-05,-0.005003105,1.4096324,0.97922754,0.020772476,0.067672834,0.5220295786857605
2859008,2308.958340590883,7.0,461.96844,500.0,125.54286,-1.0,-0.04693316,1.0,0.29353213,-0.026938137,-0.0043836934,0.00017767938,-0.0044725332,1.413221,0.97928464,0.020715326,0.067648485,0.5220736861228943
2867200,2307.20418361886,7.0,461.99677,500.0,125.506,-1.0,-0.046965785,1.0,0.2933888,-0.026986035,-0.0034571993,0.00018760326,-0.0035510012,1.4227097,0.9793415,0.02065849,0.06762427,0.5221177935600281
2875392,2307.7887097227017,7.0,462.10077,500.0,125.34989,-1.0,-0.046837278,1.0,0.2929974,-0.026912194,-0.005582995,1.5899e-05,-0.0055909446,1.4199812,0.979398,0.020601964,0.06743924,0.5218678116798401
2883584,2307.2137890245085,7.0,462.20416,500.0,125.19437,-1.0,-0.04670947,1.0,0.29260758,-0.026838757,-0.005743104,1.8449044e-05,-0.005752328,1.4171476,0.9794543,0.020545747,0.067255214,0.5216178297996521
2891776,2307.493155403393,7.0,462.15878,500.0,125.28085,-1.0,-0.046574906,1.0,0.29274377,-0.026756013,-0.005220259,0.0002503896,-0.005345454,1.4163331,0.97935337,0.020646608,0.06722151,0.5216456055641174
2899968,2311.1251773042013,7.0,462.182,500.0,125.24808,-1.0,-0.046296295,1.0,0.29267725,-0.026579797,-0.0038063861,0.00013120373,-0.003871988,1.409475,0.9792465,0.020753512,0.06704981,0.5213956236839294
2908160,2307.21580307132,7.0,462.2165,500.0,125.1995,-1.0,-0.046322826,1.0,0.29251516,-0.026615612,-0.002906952,0.00018703566,-0.0030004699,1.4047399,0.979306,0.020694047,0.06701688,0.5214233994483948
2916352,2308.146513872832,7.0,462.2481,500.0,125.16055,-1.0,-0.046031747,1.0,0.29240406,-0.026407108,-0.004913148,0.00018300576,-0.005004651,1.4093328,0.9792063,0.02079365,0.0668254,0.5211734175682068
2924544,2306.2400220799327,7.0,462.34372,500.0,125.01633,-1.0,-0.045915138,1.0,0.2920426,-0.02634021,-0.0031425338,2.6719943e-05,-0.0031558936,1.4143641,0.979259,0.020740975,0.06665611,0.5209234356880188
2932736,2310.2989330385417,7.0,462.30798,500.0,125.08143,-1.0,-0.045777425,1.0,0.29215592,-0.026225155,-0.003815514,0.00023841082,-0.003934719,1.4252615,0.97916335,0.020836622,0.06661405,0.5209366083145142
2940928,2305.2154197275077,7.0,462.33563,500.0,125.04326,-1.0,-0.04549748,1.0,0.29206854,-0.026043104,-0.0029636761,0.000113692695,-0.0030205224,1.4279795,0.9790617,0.020938287,0.06643577,0.5206866264343262
2949120,2305.2545489372164,7.0,462.36877,500.0,124.99742,-1.0,-0.0455259,1.0,0.29191014,-0.026083326,-0.005438948,0.00011718117,-0.005497539,1.4254162,0.97912085,0.020879121,0.06640502,0.5207144021987915
2957312,2309.17729340989,7.0,462.39456,500.0,124.96506,-1.0,-0.045561295,1.0,0.29177487,-0.026136912,-0.0026007416,0.00024510545,-0.0027232943,1.425127,0.97917646,0.020823548,0.066384844,0.5207585096359253
2965504,2307.8209509557446,7.0,462.4944,500.0,124.81409,-1.0,-0.04544035,1.0,0.29139674,-0.02606753,-0.0030981647,5.032401e-05,-0.0031233267,1.4242685,0.9792317,0.02076827,0.066208616,0.5205085277557373
2973696,2339.4493583316794,7.0,462.58786,500.0,124.67248,-1.0,-0.045327105,1.0,0.29104224,-0.026002564,-0.0010796792,1.810794e-05,-0.0010887332,1.4297662,0.9792835,0.02071651,0.066043615,0.5202585458755493
2981888,2315.213797269954,7.0,462.68085,500.0,124.53135,-1.0,-0.04521442,1.0,0.290689,-0.025937922,-0.0049200593,1.0856281e-05,-0.0049254876,1.4361705,0.979335,0.020665009,0.06587943,0.5200085639953613
2990080,2310.5686367507615,7.0,462.7082,500.0,124.49128,-1.0,-0.04525027,1.0,0.29055777,-0.025972221,-0.0027623598,0.00016475742,-0.0028447383,1.4395039,0.9793894,0.020610569,0.06586084,0.5200526714324951
2998272,2308.9443761925327,7.0,462.80045,500.0,124.351036,-1.0,-0.04513835,1.0,0.29020697,-0.025907986,-0.00390869,1.568889e-05,-0.0039165346,1.448944,0.9794404,0.020559592,0.065697946,0.5198026895523071
3006464,2306.536184464689,7.0,462.70142,500.0,124.496315,-1.0,-0.045475565,1.0,0.29053852,-0.02612976,-0.0054794378,0.00053962454,-0.00574925,1.460279,0.97949743,0.020502543,0.06597811,0.5203860402107239
3014656,2332.0243107919796,7.0,462.7989,500.0,124.3481,-1.0,-0.045356702,1.0,0.29016787,-0.026061462,-0.007814857,1.2638538e-05,-0.007821177,1.4699261,0.979551,0.020448955,0.06580566,0.5201360583305359
3022848,2315.1318987042573,7.0,462.90155,500.0,124.19171,-1.0,-0.045231525,1.0,0.28977692,-0.025989536,-0.0050781164,1.2519362e-05,-0.005084377,1.4716192,0.97960746,0.020392518,0.06562404,0.5198860764503479
3031040,2308.1835718552893,7.0,462.99802,500.0,124.04455,-1.0,-0.045113932,1.0,0.2894092,-0.025921969,-0.0047431537,1.4245747e-05,-0.004750277,1.474201,0.9796605,0.020339502,0.06545343,0.5196360945701599
3039232,2306.807952881679,7.0,463.08832,500.0,123.906525,-1.0,-0.045003813,1.0,0.28906432,-0.025858697,-0.0048842523,1.8547997e-05,-0.0048935255,1.4687262,0.97971016,0.020289855,0.06529367,0.5193861126899719
3047424,2309.102959625874,7.0,463.1293,500.0,123.82978,-1.0,-0.044728436,1.0,0.2889648,-0.025734387,-0.0042913314,0.00019539056,-0.0043890267,1.4599434,0.97961354,0.02038643,0.06511486,0.5191361308097839
3055616,2321.168097422788,7.0,463.21884,500.0,123.69266,-1.0,-0.04461982,1.0,0.28862214,-0.025671897,-0.0032453733,3.3348617e-05,-0.003262048,1.4571033,0.9796631,0.020336926,0.06495675,0.518886148929596
3063808,2306.1931199077194,7.0,463.31906,500.0,123.53892,-1.0,-0.04449826,1.0,0.28823808,-0.025601963,-0.0051900735,9.727524e-06,-0.005194937,1.4601386,0.9797185,0.02028152,0.06477978,0.518636167049408
3072000,2307.4582890160523,7.0,463.2862,500.0,123.58386,-1.0,-0.04407547,1.0,0.28842574,-0.025354369,-0.002764111,0.00032376125,-0.0029259915,1.4557048,0.9794717,0.020528302,0.064603776,0.51838618516922
3080192,2312.549531102783,7.0,463.2473,500.0,123.64753,-1.0,-0.04425711,1.0,0.28851998,-0.025490243,-0.00405048,0.00037360156,-0.00423728,1.4488248,0.9795273,0.020472677,0.06472979,0.5186917185783386
3088384,2306.8192585963407,7.0,463.33563,500.0,123.512,-1.0,-0.044150773,1.0,0.2881813,-0.025428995,-0.006111623,1.0598907e-05,-0.006116922,1.4499589,0.9795765,0.020423487,0.064574264,0.5184417366981506
3096576,2307.009459012234,7.0,463.42352,500.0,123.376915,-1.0,-0.044044945,1.0,0.28784382,-0.025368044,-0.0048799785,1.433112e-05,-0.004887144,1.446845,0.97962546,0.02037453,0.06441948,0.5181917548179626
3104768,2307.133384951024,7.0,463.3182,500.0,123.551,-1.0,-0.044368092,1.0,0.2881544,-0.025623722,-0.006975403,0.0004987568,-0.0072247814,1.4422092,0.9796833,0.020316701,0.06468479,0.5187312364578247
3112960,2339.2413493876224,7.0,463.3381,500.0,123.53142,-1.0,-0.044404708,1.0,0.28803366,-0.025694935,-0.00471175,0.00019140929,-0.0048074545,1.4408529,0.9797348,0.020265236,0.064669944,0.5187753438949585
3121152,2358.7917298045286,7.0,463.4253,500.0,123.39735,-1.0,-0.044299092,1.0,0.28769907,-0.025633818,-0.0061115073,1.4013065e-05,-0.0061185136,1.4271162,0.97978294,0.020217035,0.06451613,0.5185253620147705
3129344,2306.519926845975,7.0,463.44678,500.0,123.37122,-1.0,-0.044039145,1.0,0.28762546,-0.025450336,-0.0018658205,0.0002119326,-0.0019717868,1.4182115,0.97968566,0.020314353,0.064353496,0.5182753801345825
3137536,2307.0388902172144,7.0,463.5333,500.0,123.23793,-1.0,-0.04393491,1.0,0.28729284,-0.025390096,-0.0055006756,1.6277927e-05,-0.005508815,1.4216771,0.9797337,0.020266272,0.06420118,0.5180253982543945
3145728,2306.1788793616965,7.0,463.49084,500.0,123.31423,-1.0,-0.04411331,1.0,0.28738862,-0.025548995,-0.005697089,0.0003450149,-0.0058695963,1.4208105,0.9797875,0.020212453,0.06432576,0.5183309316635132
3153920,2306.2454399455087,7.0,463.57684,500.0,123.181656,-1.0,-0.04400942,1.0,0.287058,-0.025488826,-0.0042764656,1.6552012e-05,-0.0042847414,1.4212688,0.97983515,0.020164851,0.06417427,0.5180809497833252
3162112,2308.024649568525,7.0,463.6076,500.0,123.13229,-1.0,-0.04374633,1.0,0.28696573,-0.025335297,-0.0048319683,0.0002739083,-0.0049689226,1.4178702,0.97974163,0.020258367,0.0640047,0.5178309679031372
3170304,2305.7112061303396,7.0,463.63568,500.0,123.082344,-1.0,-0.043490995,1.0,0.2868942,-0.025201209,-0.003548,0.00028385196,-0.003689926,1.4057854,0.9796456,0.020354372,0.063845366,0.5175809860229492
3178496,2333.334150595049,7.0,463.6951,500.0,122.96159,-1.0,-0.043535426,1.0,0.286799,-0.025147932,-0.0027056835,0.00023824463,-0.002824806,1.4017508,0.97969323,0.020306794,0.06384222,0.5176435112953186
3186688,2308.891157867334,7.0,463.71497,500.0,122.93897,-1.0,-0.0435733,1.0,0.28668386,-0.025207244,-0.005964223,0.00010217026,-0.006015308,1.4040694,0.97974354,0.020256486,0.06382979,0.5176876187324524
3194880,2307.8206409395993,7.0,463.66803,500.0,123.03179,-1.0,-0.043459304,1.0,0.28682446,-0.025141295,-0.002786152,0.00030391617,-0.0029381101,1.4053558,0.97965115,0.020348838,0.06380814,0.5177153944969177
3203072,2307.653554357543,7.0,463.69354,500.0,122.999405,-1.0,-0.04320093,1.0,0.2867334,-0.024958301,-0.002667994,0.00023369135,-0.0027848398,1.3937532,0.9795593,0.020440707,0.06364164,0.5174654126167297
3211264,2305.5280265033066,7.0,463.77756,500.0,122.86939,-1.0,-0.043100953,1.0,0.2864089,-0.024900543,-0.0048259776,2.0046622e-05,-0.004836001,1.3875966,0.97960657,0.020393405,0.06349436,0.5172154307365417
3219456,2312.5173132543923,7.0,463.79684,500.0,122.8477,-1.0,-0.043139517,1.0,0.28629577,-0.02496109,-0.005767463,0.00013289925,-0.0058339126,1.3919349,0.97965664,0.020343386,0.0634829,0.5172595381736755
3227648,2337.129590401317,7.0,463.7539,500.0,122.926414,-1.0,-0.043315586,1.0,0.28639263,-0.025122743,-0.0053984122,0.0002744429,-0.0055356333,1.4024162,0.9797093,0.02029069,0.06360628,0.5175650715827942
3235840,2316.7394171535498,7.0,463.77377,500.0,122.90263,-1.0,-0.043066323,1.0,0.28632337,-0.024945194,-0.0032761823,0.00020563163,-0.0033789978,1.4046412,0.9796153,0.020384725,0.063451044,0.5173150897026062
3244032,2305.7562319307794,7.0,463.86194,500.0,122.765915,-1.0,-0.04296148,1.0,0.2859825,-0.024884464,-0.0045745303,3.5501645e-05,-0.0045922818,1.3942481,0.9796649,0.020335099,0.06329658,0.5170651078224182
3252224,2305.490899045636,7.0,463.9497,500.0,122.62966,-1.0,-0.042857144,1.0,0.28564286,-0.024824029,-0.006875941,1.4682015e-05,-0.006883282,1.3898287,0.9797143,0.020285714,0.06314286,0.5168151259422302
3260416,2308.460846734568,7.0,463.91324,500.0,122.69613,-1.0,-0.04274113,1.0,0.28576368,-0.02479466,-0.0035741036,0.00032773387,-0.0037379705,1.3860606,0.9796267,0.020373272,0.063114405,0.5168282985687256
3268608,2307.4567394232927,7.0,463.94144,500.0,122.63602,-1.0,-0.04278607,1.0,0.2856734,-0.024780825,-0.003730876,0.00020658587,-0.003834169,1.3819596,0.9796731,0.020326937,0.063113004,0.516890823841095
3276800,2329.5271693683558,7.0,464.02325,500.0,122.50881,-1.0,-0.04268898,1.0,0.28535637,-0.024724592,-0.004264605,1.4311276e-05,-0.0042717606,1.3916132,0.97971916,0.020280812,0.06296979,0.516640841960907
3284992,2306.6064819492235,7.0,464.1098,500.0,122.374084,-1.0,-0.042586304,1.0,0.28502068,-0.024665125,-0.0047483677,1.0422462e-05,-0.0047535785,1.3995754,0.979768,0.020232031,0.06281833,0.516390860080719
3293184,2329.153864560705,7.0,464.129,500.0,122.34984,-1.0,-0.04234298,1.0,0.2849549,-0.024496159,-0.0050395406,0.00018407099,-0.005131576,1.3954204,0.97967535,0.020324629,0.06266761,0.516140878200531
3301376,2349.2329872290593,7.0,464.1522,500.0,122.32139,-1.0,-0.042376462,1.0,0.28482792,-0.02455157,-0.0041055945,0.00022152443,-0.0042163567,1.3955394,0.97972685,0.020273125,0.062649585,0.5161686539649963
3309568,2331.263091353031,7.0,464.16534,500.0,122.30827,-1.0,-0.042421687,1.0,0.2847406,-0.024612442,-0.005284223,0.0001454935,-0.005356969,1.4002192,0.97977245,0.02022756,0.06264925,0.5162311792373657
3317760,2320.5504452404343,7.0,464.2507,500.0,122.17499,-1.0,-0.042320628,1.0,0.28440875,-0.024553806,-0.0032824574,1.833285e-05,-0.0032916241,1.3993946,0.9798206,0.020179372,0.0625,0.5159811973571777
3325952,2324.2405434110356,7.0,464.2723,500.0,122.15123,-1.0,-0.042353928,1.0,0.2842838,-0.024618443,-0.0037521995,7.285831e-05,-0.0037886288,1.3990707,0.9798714,0.0201286,0.06248253,0.5160089731216431
3334144,2307.726244897156,7.0,464.22867,500.0,122.232864,-1.0,-0.041968767,1.0,0.28446668,-0.024330676,-0.0045614857,0.000340745,-0.004731858,1.3941215,0.97964305,0.020356944,0.062325712,0.5157589912414551
3342336,2312.123923249283,7.0,464.2519,500.0,122.202995,-1.0,-0.042002782,1.0,0.28434223,-0.024381256,-0.0075339586,0.00017387814,-0.0076208976,1.3835588,0.979694,0.02030598,0.062308762,0.5157867670059204
3350528,2308.0782930838404,7.0,464.34116,500.0,122.06335,-1.0,-0.041897893,1.0,0.28399473,-0.02432037,-0.00267701,4.6093337e-05,-0.0027000566,1.3878057,0.97974473,0.020255271,0.062153164,0.5155367851257324
3358720,2306.3835267114605,7.0,464.30054,500.0,122.1445,-1.0,-0.04206448,1.0,0.28407586,-0.02449806,-0.0031907794,0.000157251,-0.0032694049,1.3959353,0.97979796,0.02020202,0.0622665,0.5158131122589111
3366912,2305.8733691408574,7.0,464.3794,500.0,122.02102,-1.0,-0.04197156,1.0,0.2837688,-0.024443943,-0.0041850638,1.5201778e-05,-0.0041926648,1.4013913,0.9798426,0.020157393,0.062128954,0.5155631303787231
3375104,2312.0190625942882,7.0,464.33438,500.0,122.108116,-1.0,-0.042142954,1.0,0.2838693,-0.024620257,-0.0055317744,0.0003418886,-0.0057027186,1.4020866,0.97989255,0.020107424,0.06225038,0.5158686637878418
3383296,2308.4565041089295,7.0,464.3516,500.0,122.08854,-1.0,-0.041907117,1.0,0.28380737,-0.024448086,-0.004824468,8.465867e-05,-0.0048667975,1.3999794,0.97980213,0.020197857,0.062104974,0.5156186819076538
3391488,2307.8986126239924,7.0,464.4347,500.0,121.958305,-1.0,-0.04180946,1.0,0.2834837,-0.024391113,-0.004133128,3.342388e-05,-0.0041498397,1.3891144,0.9798492,0.020150788,0.061960246,0.5153687000274658
3399680,2327.838461414429,7.0,464.51736,500.0,121.8285,-1.0,-0.041712254,1.0,0.2831611,-0.024334405,-0.0023980455,2.8827128e-05,-0.002412459,1.391321,0.97989607,0.020103939,0.061816193,0.5151187181472778
3407872,2312.9457128120803,7.0,464.4803,500.0,121.896935,-1.0,-0.04187696,1.0,0.2832436,-0.024481678,-0.006315902,0.00035083704,-0.0064913207,1.3961831,0.97994816,0.020051835,0.061928794,0.5153950452804565
3416064,2306.5741197996463,7.0,464.55765,500.0,121.77539,-1.0,-0.04178576,1.0,0.28294176,-0.024428364,-0.005190025,1.7828814e-05,-0.005198939,1.401809,0.97999185,0.020008167,0.06179393,0.5151450634002686
3424256,2308.3525961539303,7.0,464.57346,500.0,121.759224,-1.0,-0.041553505,1.0,0.28288224,-0.024252808,-0.00482942,0.0001372263,-0.0048980326,1.3979514,0.9799022,0.020097774,0.06165128,0.5148950815200806
3432448,2307.768094406434,7.0,464.65506,500.0,121.630775,-1.0,-0.0414578,1.0,0.2825633,-0.024196947,-0.004619141,1.2199195e-05,-0.0046252413,1.3864305,0.9799485,0.020051483,0.06150928,0.5146450996398926
3440640,2319.8024917542075,7.0,464.73627,500.0,121.50273,-1.0,-0.04136253,1.0,0.28224543,-0.024141347,-0.004710732,9.814255e-06,-0.0047156396,1.3786268,0.9799946,0.020005407,0.061367936,0.5143951177597046
3448832,2308.3057630893054,7.0,464.75266,500.0,121.48328,-1.0,-0.041402563,1.0,0.28214797,-0.0241952,-0.004773437,0.00015584263,-0.0048513585,1.3773086,0.98004043,0.019959541,0.061362103,0.5144392251968384
3457024,2307.8907067062332,7.0,464.76923,500.0,121.46291,-1.0,-0.041173305,1.0,0.2820903,-0.024033073,-0.002132099,0.00014800025,-0.0022060988,1.383751,0.97995156,0.02004844,0.061221745,0.5141892433166504
3465216,2307.311706754834,7.0,464.81808,500.0,121.35729,-1.0,-0.041213587,1.0,0.28199363,-0.023987677,-0.0049949763,0.00016244146,-0.005076197,1.3865272,0.97999734,0.020002685,0.061216272,0.5142333507537842
3473408,2306.30828904653,7.0,464.856,500.0,121.27052,-1.0,-0.04099129,1.0,0.28195488,-0.023921436,-0.0048843464,0.00016765246,-0.0049681724,1.3858848,0.9799062,0.02009377,0.061085064,0.5139833688735962
3481600,2308.2731981711295,7.0,464.8149,500.0,121.34392,-1.0,-0.04089269,1.0,0.28209683,-0.023857871,-0.0039528636,0.0003581994,-0.004131964,1.378085,0.9798209,0.020179072,0.06107176,0.5140111446380615
3489792,2306.404117298324,7.0,464.7786,500.0,121.40998,-1.0,-0.04105572,1.0,0.28218094,-0.02399767,-0.0042032846,0.00037359525,-0.004390082,1.3796998,0.97987205,0.020127965,0.061183684,0.5142874717712402
3497984,2308.3744625732793,7.0,464.73337,500.0,121.499054,-1.0,-0.040957447,1.0,0.28232157,-0.023942597,-0.003841966,0.00031045807,-0.003997195,1.3826383,0.97978723,0.020212766,0.061170213,0.5143152475357056
3506176,2307.208211682459,7.0,464.69342,500.0,121.569496,-1.0,-0.040859643,1.0,0.2824614,-0.023857994,-0.0052068937,0.0002138402,-0.0053138137,1.3749015,0.97970283,0.02029716,0.061156806,0.5143430233001709
3514368,2307.3050443672755,7.0,464.71106,500.0,121.54504,-1.0,-0.040900066,1.0,0.28236544,-0.02390027,-0.005130706,0.00016959825,-0.005215505,1.3707838,0.9797485,0.020251488,0.061151557,0.5143871307373047
3522560,2309.2404576094555,7.0,464.78564,500.0,121.427345,-1.0,-0.040813632,1.0,0.28207314,-0.023849761,-0.0026329984,2.6080226e-05,-0.0026460388,1.3698562,0.9797913,0.02020869,0.061022323,0.5141371488571167
3530752,2307.4891263447894,7.0,464.801,500.0,121.41041,-1.0,-0.04085398,1.0,0.28197828,-0.023907417,-0.005918867,0.00011666121,-0.0059771976,1.364012,0.9798366,0.020163415,0.061017394,0.5141812562942505
3538944,2308.0179830630764,7.0,464.87506,500.0,121.29333,-1.0,-0.040768016,1.0,0.28168768,-0.023857113,-0.0033221836,4.6203415e-05,-0.003345285,1.3601415,0.979879,0.02012099,0.060889006,0.5139312744140625
3547136,2307.163284077216,7.0,464.90698,500.0,121.2237,-1.0,-0.040808294,1.0,0.281594,-0.023834452,-0.00411367,0.00023697646,-0.0042321584,1.3581811,0.9799239,0.020076105,0.060884397,0.5139753818511963
3555328,2305.2027378180915,7.0,464.766,500.0,121.44141,-1.0,-0.04070148,1.0,0.28216213,-0.02368666,-0.00536791,0.0005802298,-0.005658025,1.3505692,0.9797147,0.020285303,0.060986783,0.5142253637313843
3563520,2309.0160618960795,7.0,464.781,500.0,121.42556,-1.0,-0.040480543,1.0,0.2821056,-0.02352177,-0.003982904,0.000101683574,-0.0040337457,1.3421675,0.97962916,0.020370854,0.0608514,0.5139753818511963
3571712,2313.5817553701295,7.0,464.74155,500.0,121.495636,-1.0,-0.04038562,1.0,0.28224343,-0.023504436,-0.0034042243,0.00038743828,-0.0035979433,1.3360081,0.97954667,0.020453362,0.06083898,0.5140031576156616
3579904,2358.8067894610235,7.0,464.64435,500.0,121.67242,-1.0,-0.040670477,1.0,0.28251868,-0.023779744,-0.0042615533,0.00040700505,-0.0044650557,1.3366868,0.9795998,0.020400207,0.061070684,0.5145031809806824
3588096,2337.979595188951,7.0,464.54672,500.0,121.842,-1.0,-0.040959172,1.0,0.2828099,-0.024027068,-0.004923866,0.0006409154,-0.0052443235,1.3496596,0.97965,0.020349968,0.061309136,0.5150426626205444
3596288,2352.5184201335483,7.0,464.6201,500.0,121.72651,-1.0,-0.040874403,1.0,0.28252324,-0.023977343,-0.007014204,3.3023858e-05,-0.0070307152,1.3548815,0.97969216,0.020307852,0.061182253,0.5147926807403564
3604480,2307.636971016705,7.0,464.69772,500.0,121.604164,-1.0,-0.04078472,1.0,0.28221962,-0.023924734,-0.0061707683,3.0295418e-05,-0.0061859153,1.3482212,0.9797367,0.020263294,0.061048012,0.5145426988601685
3612672,2314.340199418703,7.0,464.77502,500.0,121.48219,-1.0,-0.04069543,1.0,0.28191698,-0.023872355,-0.0017943366,3.0189087e-05,-0.001809431,1.3435328,0.9797811,0.020218931,0.06091436,0.5142927169799805
3620864,2307.7659243945677,7.0,464.79916,500.0,121.43466,-1.0,-0.040478025,1.0,0.28186178,-0.02376714,-0.004741315,0.00017919258,-0.0048309104,1.3430252,0.97969675,0.020303264,0.06078129,0.5140427350997925
3629056,2307.564596048205,7.0,464.77078,500.0,121.4684,-1.0,-0.040641025,1.0,0.28196126,-0.02384281,-0.0060945787,0.00045422962,-0.0063216942,1.3367091,0.9797436,0.02025641,0.060897436,0.5143482685089111
3637248,2307.967442902392,7.0,464.8429,500.0,121.354454,-1.0,-0.04055783,1.0,0.2816785,-0.023794001,-0.0042151697,4.5526765e-05,-0.0042379336,1.3337382,0.9797851,0.020214943,0.060772773,0.5140982866287231
3645440,2308.4014472362996,7.0,464.89673,500.0,121.24229,-1.0,-0.04059229,1.0,0.28156978,-0.023746392,-0.0048132227,0.00019925597,-0.0049128504,1.3279213,0.9798315,0.020168496,0.060760785,0.5141260623931885
3653632,2305.808686884969,7.0,464.91098,500.0,121.22771,-1.0,-0.040631767,1.0,0.2814791,-0.02380563,-0.0066083996,0.00010295973,-0.0066598803,1.3268857,0.97987515,0.020124825,0.06075659,0.5141701698303223
3661824,2306.626921669482,7.0,464.98233,500.0,121.114685,-1.0,-0.04054913,1.0,0.28119865,-0.023757214,-0.0063799946,1.9113291e-05,-0.006389551,1.3256233,0.9799161,0.020083895,0.060633022,0.5139201879501343
3670016,2307.768249407438,7.0,465.0534,500.0,121.00197,-1.0,-0.040466826,1.0,0.28091905,-0.023708992,-0.0048686517,1.5124149e-05,-0.004876213,1.3187344,0.97995687,0.020043131,0.060509957,0.5136702060699463
3678208,2307.697881092745,7.0,465.07227,500.0,120.978584,-1.0,-0.040501203,1.0,0.2808127,-0.023759544,-0.0016485271,0.00016138425,-0.0017292192,1.3164755,0.9800025,0.019997468,0.06049867,0.5136979818344116
3686400,2305.7809891338907,7.0,465.05872,500.0,120.97789,-1.0,-0.040666834,1.0,0.2809308,-0.023814075,-0.0049894946,0.0004122559,-0.0051956223,1.3183174,0.98004544,0.019954534,0.06062137,0.514036238193512
3694592,2307.518259854726,7.0,465.07776,500.0,120.937935,-1.0,-0.040710866,1.0,0.28085953,-0.023816552,-0.004467887,0.00016819948,-0.004551986,1.3157616,0.98008573,0.019914294,0.06062516,0.5140987634658813
3702784,2308.070540976625,7.0,465.09982,500.0,120.91159,-1.0,-0.040739343,1.0,0.28073668,-0.023872232,-0.0034626613,0.00012370224,-0.0035245123,1.3097627,0.9801333,0.019866716,0.060606062,0.5141119360923767
3710976,2361.7453161339777,7.0,465.06586,500.0,120.96468,-1.0,-0.040898256,1.0,0.2808368,-0.02397962,-0.0047717346,0.00035152776,-0.004947498,1.3026524,0.9801781,0.019821854,0.060720112,0.5144174695014954
3719168,2307.026652940783,7.0,465.13583,500.0,120.85355,-1.0,-0.040816326,1.0,0.2805613,-0.023931582,-0.00462328,3.7740076e-05,-0.0046421504,1.2997369,0.9802179,0.019782146,0.060598474,0.5141674876213074
3727360,2308.9116380985956,7.0,465.06732,500.0,120.95306,-1.0,-0.040844366,1.0,0.28088486,-0.023885831,-0.005106269,0.0004923012,-0.00535242,1.2899928,0.9801399,0.019860106,0.060704473,0.5144438147544861
3735552,2308.067595189537,7.0,465.03027,500.0,121.00886,-1.0,-0.04050854,1.0,0.2810733,-0.0236836,-0.00474153,0.00029068367,-0.004886872,1.2716912,0.97993267,0.020067306,0.060575843,0.5141938328742981
3743744,2309.0413546676223,7.0,465.10422,500.0,120.89155,-1.0,-0.040422887,1.0,0.2807822,-0.023633525,-0.0043181013,2.4786012e-05,-0.0043304935,1.2580681,0.9799751,0.020024875,0.06044776,0.5139438509941101
3751936,2308.7822463775665,7.0,465.11853,500.0,120.87479,-1.0,-0.04021348,1.0,0.2807309,-0.023483157,-0.005101323,0.00019030651,-0.0051964754,1.2463905,0.97989327,0.02010674,0.060320217,0.5136938691139221
3760128,2307.06739273146,7.0,465.03592,500.0,120.999985,-1.0,-0.04049034,1.0,0.28101555,-0.023648826,-0.0039465376,0.0004960975,-0.0041945865,1.2412688,0.9799406,0.020059435,0.060549777,0.5142333507537842
3768320,2306.1502440134946,7.0,465.05435,500.0,120.977165,-1.0,-0.040523846,1.0,0.2809116,-0.023698306,-0.004807934,0.00018000467,-0.0048979362,1.2535965,0.9799852,0.020014826,0.060538672,0.5142611265182495
3776512,2308.0421687082853,7.0,465.0789,500.0,120.94091,-1.0,-0.0405522,1.0,0.28079107,-0.02373039,-0.005257967,0.00021815294,-0.0053670434,1.254238,0.980032,0.019967953,0.060520153,0.5142742991447449
3784704,2325.2028235864796,7.0,465.09705,500.0,120.91032,-1.0,-0.040590405,1.0,0.28070486,-0.023752976,-0.004720068,0.00018876858,-0.0048144525,1.247039,0.9800738,0.0199262,0.060516607,0.5143184065818787
3792896,2307.574359430009,7.0,465.1656,500.0,120.8014,-1.0,-0.04051068,1.0,0.28043482,-0.023706319,-0.004517121,2.9084102e-05,-0.004531663,1.239879,0.9801129,0.019887062,0.06039774,0.5140684247016907
3801088,2337.647471096565,7.0,465.2339,500.0,120.69277,-1.0,-0.04043127,1.0,0.28016555,-0.023659848,-0.0043433965,2.509794e-05,-0.0043559456,1.234087,0.98015195,0.019848077,0.060279343,0.5138184428215027
3809280,2307.465572129902,7.0,465.24673,500.0,120.680275,-1.0,-0.040224966,1.0,0.2801162,-0.023503382,-0.0028030444,0.0001570188,-0.002881554,1.21928,0.9800709,0.019929087,0.060154054,0.5135684609413147
3817472,2307.2379578183195,7.0,465.44177,500.0,120.41246,-1.0,-0.03955078,1.0,0.27933058,-0.023162708,-0.0038045389,0.00023744014,-0.003923259,1.2040129,0.97998047,0.020019531,0.059570312,0.5133184790611267
3825664,2341.8830688062208,7.0,465.55884,500.0,120.30945,-1.0,-0.03942871,1.0,0.27825326,-0.023116477,-0.0044265995,3.077659e-05,-0.0044419873,1.1974958,0.9802246,0.01977539,0.0592041,0.5130684971809387
3833856,2320.427581071569,7.0,466.1819,500.0,119.48082,-1.0,-0.037719727,1.0,0.27540466,-0.022524633,-0.0026780383,1.9850815e-05,-0.0026879637,1.199625,0.9802246,0.01977539,0.057495117,0.5128185153007507
3842048,2347.7228362265682,7.0,466.18274,500.0,119.47774,-1.0,-0.037719727,1.0,0.27540466,-0.02251862,-0.0032141549,0.00016595218,-0.0032971308,1.2057755,0.9802246,0.01977539,0.057495117,0.5128462910652161
3850240,2307.4136615777375,7.0,466.3025,500.0,119.335785,-1.0,-0.037353516,1.0,0.274789,-0.022426404,-0.0025707164,2.1076243e-05,-0.0025812546,1.1979463,0.9802246,0.01977539,0.057128906,0.5125963091850281
3858432,2307.6375909503918,7.0,466.54016,500.0,118.94395,-1.0,-0.036865234,1.0,0.27396524,-0.022103537,-0.004581238,0.00025000214,-0.0047062393,1.1926775,0.9802246,0.01977539,0.056640625,0.5126588344573975
3866624,2308.3967946631824,7.0,466.58276,500.0,118.93519,-1.0,-0.036499023,1.0,0.27334526,-0.022121515,-0.005130456,0.00019606354,-0.0052284887,1.1874795,0.9802246,0.01977539,0.056274414,0.5127029418945312
3874816,2328.692925612876,7.0,466.7738,500.0,118.662025,-1.0,-0.036010742,1.0,0.27251557,-0.021905096,-0.004559262,1.7234386e-05,-0.0045678797,1.1795169,0.9802246,0.01977539,0.055786133,0.5124529600143433
3883008,2325.8786887982433,7.0,467.042,500.0,118.3009,-1.0,-0.03527832,1.0,0.27126467,-0.021648198,-0.004888589,1.3566927e-05,-0.0048953723,1.1704859,0.9802246,0.01977539,0.05505371,0.5122029781341553
3891200,2307.6932313552616,7.0,467.2777,500.0,117.95286,-1.0,-0.0345459,1.0,0.27000603,-0.021365711,-0.0036853862,1.9287929e-05,-0.0036950307,1.1627572,0.9802246,0.01977539,0.05432129,0.5119529962539673
3899392,2306.378108197075,7.0,467.47876,500.0,117.69915,-1.0,-0.033691406,1.0,0.2689818,-0.021021143,-0.004081846,0.00022747833,-0.0041955854,1.1534915,0.98010254,0.019897461,0.053588867,0.5117030143737793
3907584,2326.629936059849,7.0,467.64172,500.0,117.45774,-1.0,-0.033081055,1.0,0.26792088,-0.020765968,-0.0043506175,0.000625668,-0.004663451,1.1351169,0.98010254,0.019897461,0.052978516,0.5119529962539673
3915776,2308.86167938443,7.0,467.9204,500.0,117.040565,-1.0,-0.032348633,1.0,0.2666404,-0.02042145,-0.006117085,0.00023133964,-0.006232755,1.1360174,0.98010254,0.019897461,0.052246094,0.5119971036911011
3923968,2330.554216795556,7.0,468.13013,500.0,116.71008,-1.0,-0.032348633,1.0,0.2657232,-0.020430975,-0.004956529,1.889931e-05,-0.0049659787,1.1438448,0.9803467,0.01965332,0.052001953,0.5117471218109131
3932160,2322.431231449473,7.0,468.38196,500.0,116.312065,-1.0,-0.03173828,1.0,0.26464617,-0.02010064,-0.0032677867,2.4278503e-05,-0.0032799258,1.141796,0.9803467,0.01965332,0.0513916,0.5114971399307251
3940352,2322.8534191939325,7.0,468.42224,500.0,116.27043,-1.0,-0.03161621,1.0,0.26443008,-0.020100307,-0.0024302672,0.00020286947,-0.002531702,1.1432706,0.9803467,0.01965332,0.05126953,0.5115249156951904
3948544,2307.6203879142095,7.0,468.52502,500.0,116.159904,-1.0,-0.03125,1.0,0.26378036,-0.020034842,-0.004233646,1.1277321e-05,-0.004239285,1.1425619,0.9803467,0.01965332,0.05090332,0.5112749338150024
3956736,2306.693043548897,7.0,468.6156,500.0,116.04563,-1.0,-0.030883789,1.0,0.26312852,-0.019942751,-0.0041511026,1.4722337e-05,-0.0041584633,1.1407073,0.9803467,0.01965332,0.05053711,0.5110249519348145
3964928,2309.1163052137367,7.0,468.66125,500.0,115.99997,-1.0,-0.030883789,1.0,0.2626642,-0.019929383,-0.005369514,0.00020875018,-0.0054738894,1.1364322,0.98046875,0.01953125,0.05041504,0.5110690593719482
3973120,2307.672927721132,7.0,468.85437,500.0,115.71635,-1.0,-0.030639648,1.0,0.26176175,-0.01978309,-0.005257521,0.00021373385,-0.005364388,1.1294804,0.9805908,0.01940918,0.050048828,0.5110968351364136
3981312,2306.9970671505757,7.0,468.7113,500.0,115.998955,-1.0,-0.03112793,1.0,0.26217014,-0.020075403,-0.0056490195,0.0004832279,-0.005890634,1.1316345,0.9807129,0.01928711,0.05041504,0.5116363167762756
3989504,2308.8362354044457,7.0,468.81177,500.0,115.850266,-1.0,-0.030883789,1.0,0.26173306,-0.019992627,-0.007921487,0.00033953605,-0.008091256,1.1356068,0.9807129,0.01928711,0.0501709,0.5121757984161377
3997696,2306.171140008273,7.0,468.818,500.0,115.87004,-1.0,-0.03125,1.0,0.26145625,-0.020189814,-0.004132385,0.00038462642,-0.004324698,1.1384826,0.98095703,0.019042969,0.05029297,0.5124813318252563
4005888,2305.855263933183,7.0,468.96313,500.0,115.65647,-1.0,-0.030883789,1.0,0.2607986,-0.019888237,-0.0031607174,0.00025994243,-0.0032906886,1.1293175,0.98095703,0.019042969,0.049926758,0.5122313499450684
4014080,2319.7445431408596,7.0,469.0205,500.0,115.555244,-1.0,-0.030761719,1.0,0.26057893,-0.019797027,-0.0065612523,2.8156217e-05,-0.0065753306,1.1103654,0.98095703,0.019042969,0.049804688,0.5119813680648804
4022272,2308.5359147028453,7.0,469.09778,500.0,115.4178,-1.0,-0.030761719,1.0,0.26011005,-0.019823462,-0.0039933794,0.0004259185,-0.004206339,1.1004533,0.9810791,0.018920898,0.049682617,0.512286901473999
4030464,2307.9023330746213,7.0,469.11816,500.0,115.408516,-1.0,-0.030639648,1.0,0.2598897,-0.019819122,-0.0072525125,2.0360085e-05,-0.007262693,1.0972857,0.9810791,0.018920898,0.049560547,0.512036919593811
4038656,2308.7544771430894,7.0,469.3004,500.0,115.13488,-1.0,-0.029907227,1.0,0.25903422,-0.019405674,-0.004973856,0.00021139959,-0.005079556,1.0836438,0.98095703,0.019042969,0.048950195,0.511786937713623
4046848,2308.216754489519,7.0,469.35547,500.0,115.04168,-1.0,-0.029785156,1.0,0.25881255,-0.01933032,-0.0056422865,3.395012e-05,-0.0056592613,1.0710323,0.98095703,0.019042969,0.048828125,0.5115369558334351
4055040,2339.624108062586,7.0,469.52173,500.0,114.756676,-1.0,-0.029418945,1.0,0.25814608,-0.019091833,-0.00412496,3.6478854e-05,-0.004143199,1.0629907,0.98095703,0.019042969,0.048461914,0.5112869739532471
4063232,2306.9042873162402,7.0,469.59644,500.0,114.67917,-1.0,-0.029663086,1.0,0.2576448,-0.019378139,-0.0048522353,0.00038233784,-0.0050434046,1.0545815,0.9812012,0.018798828,0.048461914,0.5115925073623657
4071424,2325.5732888411767,7.0,469.69653,500.0,114.52783,-1.0,-0.029418945,1.0,0.25719857,-0.019157885,-0.0024633664,0.00019744398,-0.0025620882,1.0510268,0.9812012,0.018798828,0.048217773,0.5113425254821777
4079616,2314.563760216644,7.0,469.8031,500.0,114.352776,-1.0,-0.029174805,1.0,0.2567514,-0.019027602,-0.005035405,1.5185784e-05,-0.0050429977,1.0379056,0.9812012,0.018798828,0.047973633,0.5110925436019897
4087808,2308.7923303431244,7.0,470.02002,500.0,113.987175,-1.0,-0.028686523,1.0,0.25585398,-0.018741269,-0.0052201925,1.4944764e-05,-0.005227665,1.0363995,0.9812012,0.018798828,0.04748535,0.5108425617218018
4096000,2306.5445456149846,7.0,469.97607,500.0,114.100266,-1.0,-0.028686523,1.0,0.25585398,-0.018858152,-0.005277642,0.00059281447,-0.0055740494,1.0508645,0.9812012,0.018798828,0.04748535,0.5113820433616638
4104192,2308.9544615743976,7.0,469.97607,500.0,114.100266,-1.0,-0.028686523,1.0,0.25585398,-0.01885815,-0.0049862,2.0970974e-05,-0.0049966853,1.0541904,0.9812012,0.018798828,0.04748535,0.5111320614814758
4112384,2338.8951745624836,7.0,469.80115,500.0,114.42004,-1.0,-0.029052734,1.0,0.25652742,-0.019155752,-0.00450487,0.0004598033,-0.0047347723,1.0455829,0.9812012,0.018798828,0.047851562,0.5116320848464966
4120576,2319.719485177683,7.0,469.83093,500.0,114.40614,-1.0,-0.029174805,1.0,0.2562755,-0.019324621,-0.0035149758,0.00032244777,-0.0036761994,1.0555315,0.98132324,0.018676758,0.047851562,0.5119376182556152
4128768,2306.136623124471,7.0,469.7776,500.0,114.49433,-1.0,-0.029296875,1.0,0.25649968,-0.019393386,-0.0036080084,0.00038428803,-0.0038001526,1.0648526,0.98132324,0.018676758,0.047973633,0.5121876001358032
4136960,2309.0857347347,7.0,469.7135,500.0,114.622604,-1.0,-0.029418945,1.0,0.25672352,-0.019534972,-0.006089084,0.0005182005,-0.0063481843,1.0661064,0.98132324,0.018676758,0.048095703,0.51277095079422
4145152,2309.2044520402947,7.0,469.8219,500.0,114.440155,-1.0,-0.029174805,1.0,0.2562755,-0.01938807,-0.0062113507,3.8057948e-05,-0.00623038,1.0636357,0.98132324,0.018676758,0.047851562,0.512520968914032
4153344,2316.024203311266,7.0,469.9348,500.0,114.25202,-1.0,-0.029052734,1.0,0.25557393,-0.019386299,-0.0037246556,3.812244e-05,-0.0037437167,1.0608212,0.9814453,0.018554688,0.047607422,0.512270987033844
4161536,2307.7149302904936,7.0,469.9348,500.0,114.25203,-1.0,-0.029052734,1.0,0.25557393,-0.019386299,-0.0031681953,2.3195124e-05,-0.0031797928,1.0474535,0.9814453,0.018554688,0.047607422,0.512021005153656
4169728,2309.1651886261593,7.0,470.05005,500.0,114.04407,-1.0,-0.028808594,1.0,0.25512356,-0.01920018,-0.0055215275,1.6202965e-05,-0.0055296295,1.0353678,0.9814453,0.018554688,0.04736328,0.511771023273468
4177920,2318.35214161434,7.0,470.0089,500.0,114.13716,-1.0,-0.028564453,1.0,0.25515097,-0.01906019,-0.005754849,0.00034788,-0.0059287893,1.0274673,0.98132324,0.018676758,0.04724121,0.5117987990379333
4186112,2307.48788663728,7.0,470.00964,500.0,114.13427,-1.0,-0.028564453,1.0,0.25515097,-0.019054107,-0.0057885093,0.00012139936,-0.0058492087,1.0310193,0.98132324,0.018676758,0.04724121,0.5118429064750671
4194304,2306.177950636543,7.0,469.963,500.0,114.20003,-1.0,-0.028442383,1.0,0.2554037,-0.019016445,-0.004186831,0.00017011771,-0.00427189,1.0370657,0.9812012,0.018798828,0.04724121,0.5115929245948792
4202496,2306.168044281448,7.0,470.1361,500.0,113.88675,-1.0,-0.028320312,1.0,0.2546994,-0.018913865,-0.0053658187,2.1479653e-05,-0.005376558,1.0343127,0.98132324,0.018676758,0.04699707,0.5113429427146912
4210688,2308.0809288121563,7.0,470.1892,500.0,113.799965,-1.0,-0.028198242,1.0,0.25447318,-0.018855661,-0.0041371505,0.00011657975,-0.00419544,1.0313339,0.98132324,0.018676758,0.046875,0.511387050151825
4218880,2311.8082810060696,7.0,470.24597,500.0,113.69855,-1.0,-0.028320312,1.0,0.25421968,-0.018919045,-0.0064932425,0.00022178939,-0.0066041374,1.0310736,0.9814453,0.018554688,0.046875,0.5114311575889587
4227072,2306.8180196085054,7.0,470.3004,500.0,113.60633,-1.0,-0.028198242,1.0,0.25399303,-0.018827569,-0.0026142998,0.00016341552,-0.0026960075,1.0270588,0.9814453,0.018554688,0.04675293,0.5111811757087708
4235264,2308.2308651511316,7.0,470.464,500.0,113.32549,-1.0,-0.027832031,1.0,0.25331163,-0.018601093,-0.0031048236,2.4270506e-05,-0.0031169583,1.018181,0.9814453,0.018554688,0.04638672,0.5109311938285828
4243456,2329.759518845396,7.0,470.5432,500.0,113.216995,-1.0,-0.02758789,1.0,0.25285602,-0.018523857,-0.004338977,1.5040112e-05,-0.0043464964,1.0085745,0.9814453,0.018554688,0.046142578,0.5106812119483948
4251648,2308.1908595483383,7.0,470.48413,500.0,113.32788,-1.0,-0.027709961,1.0,0.25308397,-0.018618234,-0.0036166345,0.00033024815,-0.0037817582,1.0029083,0.9814453,0.018554688,0.04626465,0.5107089877128601
4259840,2308.4504554790174,7.0,470.5337,500.0,113.25277,-1.0,-0.027832031,1.0,0.25282928,-0.018681902,-0.0050512617,9.383657e-05,-0.00509818,0.9930696,0.9815674,0.018432617,0.04626465,0.5107221603393555
4268032,2306.6662536655363,7.0,470.7057,500.0,112.94021,-1.0,-0.02746582,1.0,0.25214413,-0.018408215,-0.0038952378,1.8087932e-05,-0.0039042816,0.9917257,0.9815674,0.018432617,0.045898438,0.5104721784591675
4276224,2307.373374400773,7.0,470.81702,500.0,112.744255,-1.0,-0.02746582,1.0,0.25165954,-0.01841266,-0.0057229917,0.00044406235,-0.005945023,0.99461734,0.98168945,0.018310547,0.045776367,0.5107485055923462
4284416,2308.9600473622654,7.0,470.9314,500.0,112.53596,-1.0,-0.02722168,1.0,0.2512006,-0.018232957,-0.0049398737,1.6565169e-05,-0.004948156,0.9978365,0.98168945,0.018310547,0.045532227,0.5104985237121582
4292608,2333.6813756273514,7.0,470.9314,500.0,112.53596,-1.0,-0.02722168,1.0,0.2512006,-0.018232957,-0.00484912,1.6366199e-05,-0.0048573026,0.9968069,0.98168945,0.018310547,0.045532227,0.5102485418319702
4300800,2309.1748103669834,7.0,470.87268,500.0,112.64622,-1.0,-0.02734375,1.0,0.25143024,-0.018334825,-0.003972307,0.00017933213,-0.0040619727,1.0025195,0.98168945,0.018310547,0.045654297,0.5102763175964355
4308992,2323.7964771626416,7.0,471.08643,500.0,112.27546,-1.0,-0.02734375,1.0,0.25045735,-0.018415632,-0.004390725,0.00013442137,-0.004457936,1.0089182,0.9819336,0.018066406,0.045410156,0.5103204250335693
4317184,2310.9467318686825,7.0,471.02124,500.0,112.41983,-1.0,-0.02709961,1.0,0.25048384,-0.01838338,-0.004888531,0.00028023543,-0.0050286483,1.0085678,0.9818115,0.018188477,0.045288086,0.5103335976600647
4325376,2307.752749410128,7.0,471.0786,500.0,112.31461,-1.0,-0.02722168,1.0,0.25022683,-0.018481959,-0.0046901167,0.00024400449,-0.004812119,1.0115027,0.9819336,0.018066406,0.045288086,0.5103777050971985
4333568,2306.7504967842538,7.0,471.06348,500.0,112.36961,-1.0,-0.02722168,1.0,0.25022683,-0.018467639,-0.0043607675,0.0005760815,-0.0046488084,1.009245,0.9819336,0.018066406,0.045288086,0.5106540322303772
4341760,2307.9072936941193,7.0,471.05493,500.0,112.39895,-1.0,-0.02722168,1.0,0.25022683,-0.018505324,-0.005365547,0.0001695061,-0.0054502995,1.0070806,0.9819336,0.018066406,0.045288086,0.510698139667511
4349952,2310.7762396322796,7.0,471.21082,500.0,112.14215,-1.0,-0.026855469,1.0,0.2495337,-0.018322363,-0.005739366,1.7965389e-05,-0.005748349,1.011461,0.9819336,0.018066406,0.044921875,0.510448157787323
4358144,2309.2665313087446,7.0,471.3844,500.0,111.81932,-1.0,-0.026733398,1.0,0.24881198,-0.018251844,-0.006750755,0.0003351826,-0.0069183474,1.0144665,0.98205566,0.017944336,0.044677734,0.5107536911964417
4366336,2309.0809242254136,7.0,471.4994,500.0,111.60628,-1.0,-0.026733398,1.0,0.24832088,-0.018242579,-0.0028748855,2.1364986e-05,-0.002885568,1.0222185,0.98217773,0.017822266,0.044555664,0.5105037093162537
4374528,2308.456193922009,7.0,471.5559,500.0,111.50367,-1.0,-0.026611328,1.0,0.24808806,-0.018159378,-0.0075137434,0.00020797545,-0.007617731,1.0214412,0.98217773,0.017822266,0.044433594,0.5105478167533875
4382720,2306.8728460938187,7.0,471.54822,500.0,111.53404,-1.0,-0.026855469,1.0,0.24806178,-0.018360045,-0.0066473815,0.0003206631,-0.006807713,1.0110254,0.9822998,0.017700195,0.044555664,0.5108533501625061
4390912,2304.7059333147445,7.0,471.60522,500.0,111.42918,-1.0,-0.026733398,1.0,0.2478288,-0.018271545,-0.005095181,1.8473578e-05,-0.0051044184,1.0107832,0.9822998,0.017700195,0.044433594,0.5106033682823181
4399104,2309.275688283314,7.0,471.60632,500.0,111.42525,-1.0,-0.026977539,1.0,0.24780235,-0.018389478,-0.004158939,0.00023413826,-0.0042760074,1.0155396,0.9824219,0.017578125,0.044555664,0.5106474757194519
4407296,2304.885426197758,7.0,471.66455,500.0,111.315384,-1.0,-0.026855469,1.0,0.24756919,-0.018291624,-0.0037944186,2.9738067e-05,-0.0038092874,1.0131153,0.9824219,0.017578125,0.044433594,0.5103974938392639
4415488,2308.029765749988,7.0,471.7113,500.0,111.24629,-1.0,-0.026489258,1.0,0.247362,-0.018146506,-0.0017576675,0.00038888858,-0.0019521117,1.0071969,0.9822998,0.017700195,0.044189453,0.5104252696037292
4423680,2309.4726584181926,7.0,471.7506,500.0,111.20347,-1.0,-0.026367188,1.0,0.2471282,-0.018145569,-0.006569462,0.00032022205,-0.006729573,1.0005974,0.9822998,0.017700195,0.044067383,0.5107308030128479
4431872,2317.8471520619146,7.0,471.8092,500.0,111.09182,-1.0,-0.026245117,1.0,0.24689409,-0.018044718,-0.003967141,3.146464e-05,-0.003982873,0.9906022,0.9822998,0.017700195,0.043945312,0.5104808211326599
4440064,2313.4213100851125,7.0,471.74866,500.0,111.2112,-1.0,-0.026123047,1.0,0.2471541,-0.017981336,-0.0032998638,0.00033839376,-0.0034690602,0.9831309,0.98217773,0.017822266,0.043945312,0.5104939937591553
4448256,2308.638908454312,7.0,471.67468,500.0,111.379745,-1.0,-0.026000977,1.0,0.24741381,-0.017950807,-0.004286284,0.0005258476,-0.0045492076,0.96798086,0.98205566,0.017944336,0.043945312,0.510770320892334
4456448,2319.459227599345,7.0,471.651,500.0,111.44833,-1.0,-0.026000977,1.0,0.24741381,-0.018013516,-0.006527017,0.00014110815,-0.006597571,0.96330744,0.98205566,0.017944336,0.043945312,0.5108144283294678
4464640,2321.3707087673015,7.0,471.64746,500.0,111.46227,-1.0,-0.026245117,1.0,0.24738802,-0.018193297,-0.0034530214,0.00019392837,-0.0035499856,0.97133535,0.98217773,0.017822266,0.044067383,0.5108585357666016
4472832,2325.0229843399443,7.0,471.64746,500.0,111.462364,-1.0,-0.026245117,1.0,0.24738802,-0.018194139,-0.0053014173,0.0003624517,-0.005482643,0.9790059,0.98217773,0.017822266,0.044067383,0.5111640691757202
4481024,2334.4990540654667,7.0,471.6427,500.0,111.481125,-1.0,-0.026000977,1.0,0.24741381,-0.018012822,-0.0036523486,0.00020923396,-0.003756965,0.9788596,0.98205566,0.017944336,0.043945312,0.5109140872955322
4489216,2307.500438737344,7.0,471.58838,500.0,111.57567,-1.0,-0.025878906,1.0,0.24767317,-0.01794188,-0.002575092,0.00023188537,-0.0026910347,0.97422326,0.9819336,0.018066406,0.043945312,0.5106641054153442
4497408,2308.3445320471,7.0,471.58765,500.0,111.57864,-1.0,-0.025634766,1.0,0.24769855,-0.017738048,-0.0030209431,0.00012833114,-0.0030851087,0.9636907,0.9818115,0.018188477,0.043823242,0.5104141235351562
4505600,2321.0707248334843,7.0,471.55603,500.0,111.60373,-1.0,-0.025756836,1.0,0.2479322,-0.017736215,-0.005257318,0.00033250588,-0.005423571,0.9529071,0.9818115,0.018188477,0.043945312,0.5107523798942566
4513792,2307.193338902154,7.0,471.65625,500.0,111.4473,-1.0,-0.025512695,1.0,0.24746463,-0.017653141,-0.004022936,0.0003002194,-0.004173046,0.9532442,0.9818115,0.018188477,0.043701172,0.5110287070274353
4521984,2308.8812281890205,7.0,471.713,500.0,111.34337,-1.0,-0.025390625,1.0,0.24723044,-0.01756719,-0.0037095232,0.00021079843,-0.0038149229,0.95890033,0.9818115,0.018188477,0.0435791,0.5110728144645691
4530176,2319.7528437105257,7.0,471.71448,500.0,111.33739,-1.0,-0.025390625,1.0,0.24723044,-0.017579732,-0.0034259395,0.00012635454,-0.003489117,0.9568244,0.9818115,0.018188477,0.0435791,0.5108228325843811
4538368,2306.9694957360016,7.0,471.83093,500.0,111.117256,-1.0,-0.025390625,1.0,0.2467362,-0.017583912,-0.0029377388,8.1936945e-05,-0.0029787077,0.9412787,0.9819336,0.018066406,0.04345703,0.5108506083488464
4546560,2307.847147620928,7.0,471.8905,500.0,111.00228,-1.0,-0.025268555,1.0,0.24650122,-0.017480887,-0.0074148206,0.00035503696,-0.007592339,0.93501073,0.9819336,0.018066406,0.04333496,0.5111561417579651
4554752,2305.720180204544,7.0,471.9475,500.0,110.896774,-1.0,-0.025390625,1.0,0.24624096,-0.017600512,-0.0051438073,0.00030640652,-0.0052970108,0.94473726,0.98205566,0.017944336,0.04333496,0.5111839175224304
4562944,2308.6274297800023,7.0,471.89185,500.0,110.99707,-1.0,-0.025268555,1.0,0.24650122,-0.017521275,-0.0023310478,0.00019792828,-0.002430012,0.94385225,0.9819336,0.018066406,0.04333496,0.5109339356422424
4571136,2315.2827525552366,7.0,471.89185,500.0,110.99707,-1.0,-0.025268555,1.0,0.24650122,-0.017521277,-0.0038167327,5.429325e-05,-0.00384388,0.9348558,0.9819336,0.018066406,0.04333496,0.5106839537620544
4579328,2307.6155835084824,7.0,471.8894,500.0,111.00702,-1.0,-0.025268555,1.0,0.24650122,-0.017541582,-0.0060228123,0.00011609444,-0.0060808593,0.9307601,0.9819336,0.018066406,0.04333496,0.5107280611991882
4587520,2375.677083011394,7.0,471.7705,500.0,111.23741,-1.0,-0.025512695,1.0,0.24697085,-0.017757995,-0.0043108203,0.00028880316,-0.004455222,0.93301165,0.9819336,0.018066406,0.0435791,0.5110043883323669
4595712,2371.837867218314,7.0,471.7677,500.0,111.24868,-1.0,-0.025756836,1.0,0.24694553,-0.017950125,-0.0042668544,0.00017424978,-0.0043539787,0.93703485,0.98205566,0.017944336,0.043701172,0.5110484957695007
4603904,2309.453565279696,7.0,471.76672,500.0,111.25266,-1.0,-0.025756836,1.0,0.24694553,-0.017958317,-0.0047889305,0.00021054002,-0.0048942007,0.92638224,0.98205566,0.017944336,0.043701172,0.5110926032066345
4612096,2307.620077951946,7.0,471.76343,500.0,111.26569,-1.0,-0.025512695,1.0,0.24697085,-0.017776977,-0.0027851444,0.00016322943,-0.0028667594,0.91556334,0.9819336,0.018066406,0.0435791,0.5108426213264465
4620288,2350.65614783359,7.0,471.8214,500.0,111.15657,-1.0,-0.025390625,1.0,0.2467362,-0.01768107,-0.0055499803,1.5767977e-05,-0.0055578644,0.90739214,0.9819336,0.018066406,0.04345703,0.5105926394462585
4628480,2308.238928463799,7.0,471.8203,500.0,111.16111,-1.0,-0.025390625,1.0,0.2467362,-0.01767123,-0.0052265986,0.000151497,-0.0053023472,0.9001302,0.9819336,0.018066406,0.04345703,0.5103426575660706
4636672,2352.5507957652667,7.0,471.93506,500.0,110.94729,-1.0,-0.025146484,1.0,0.24626599,-0.017488223,-0.0039778603,1.7837456e-05,-0.0039867787,0.8943911,0.9819336,0.018066406,0.04321289,0.5100926756858826
4644864,2311.969747147579,7.0,471.93408,500.0,110.951294,-1.0,-0.025146484,1.0,0.24626599,-0.017496582,-0.0061273845,0.00012676885,-0.0061907684,0.89478695,0.9819336,0.018066406,0.04321289,0.5101367831230164
4653056,2307.28970552823,7.0,472.09204,500.0,110.67942,-1.0,-0.025024414,1.0,0.24553384,-0.017448232,-0.0044904104,0.00019660304,-0.0045887125,0.899469,0.98205566,0.017944336,0.04296875,0.5101808905601501
4661248,2309.231611309541,7.0,472.08362,500.0,110.711876,-1.0,-0.025024414,1.0,0.24553384,-0.017503448,-0.004944583,0.000100013895,-0.0049945908,0.90234196,0.98205566,0.017944336,0.04296875,0.5102086663246155
4669440,2307.432721001659,7.0,472.1731,500.0,110.61179,-1.0,-0.024902344,1.0,0.2447994,-0.017451942,-0.0034757387,2.4505836e-05,-0.0034879916,0.8988186,0.98217773,0.017822266,0.04272461,0.5099586844444275
4677632,2306.145755293655,7.0,472.23315,500.0,110.49335,-1.0,-0.025024414,1.0,0.24453749,-0.01754906,-0.005059981,0.00014250436,-0.005131233,0.89881855,0.9822998,0.017700195,0.04272461,0.5099586844444275
4685824,2307.2731274163684,7.0,472.11438,500.0,110.72467,-1.0,-0.025024414,1.0,0.24503617,-0.017545812,-0.0026488097,0.0003386583,-0.0028181388,0.9007785,0.98217773,0.017822266,0.04284668,0.5099864602088928
4694016,2307.273902089187,7.0,472.17212,500.0,110.615814,-1.0,-0.024902344,1.0,0.2447994,-0.017451813,-0.0026213236,1.1977249e-05,-0.0026273122,0.8950415,0.98217773,0.017822266,0.04272461,0.5097364783287048
4702208,2360.311781150445,7.0,471.99487,500.0,110.95838,-1.0,-0.025024414,1.0,0.24553384,-0.017539779,-0.0038019016,0.00045248223,-0.0040281424,0.8923309,0.98205566,0.017944336,0.04296875,0.5100128054618835
4710400,2307.407773364092,7.0,472.16626,500.0,110.63879,-1.0,-0.024902344,1.0,0.2447994,-0.01746276,-0.0042866254,5.1574527e-05,-0.0043124123,0.8799287,0.98217773,0.017822266,0.04272461,0.5097628235816956
4718592,2309.3567073914564,7.0,472.10645,500.0,110.75611,-1.0,-0.025024414,1.0,0.24503617,-0.017574275,-0.0032637115,0.0001085779,-0.0033180004,0.86792755,0.98217773,0.017822266,0.04284668,0.5098069310188293
4726784,2333.1882233125307,7.0,472.1648,500.0,110.64486,-1.0,-0.024902344,1.0,0.2447994,-0.017475765,-0.005234776,0.00011772624,-0.0052936384,0.86037457,0.98217773,0.017822266,0.04272461,0.5098510384559631
4734976,2325.1106190627092,7.0,472.10596,500.0,110.75814,-1.0,-0.025024414,1.0,0.24503617,-0.017578661,-0.0058059418,0.00014616344,-0.0058790236,0.85809135,0.98217773,0.017822266,0.04284668,0.5098951458930969
4743168,2307.084897341998,7.0,472.03577,500.0,110.91557,-1.0,-0.024902344,1.0,0.24529755,-0.017535748,-0.003827278,0.00034000803,-0.003997282,0.85604995,0.98205566,0.017944336,0.04284668,0.5101451277732849
4751360,2306.2472975052806,7.0,472.151,500.0,110.699066,-1.0,-0.025146484,1.0,0.24477442,-0.017722629,-0.0059489617,3.960001e-05,-0.0059687616,0.856311,0.9822998,0.017700195,0.04284668,0.5098951458930969
4759552,2308.313981999582,7.0,472.151,500.0,110.699066,-1.0,-0.025146484,1.0,0.24477442,-0.017722627,-0.003611073,8.422137e-05,-0.0036531836,0.84983647,0.9822998,0.017700195,0.04284668,0.5096451640129089
4767744,2329.5826068078704,7.0,472.26404,500.0,110.490845,-1.0,-0.024902344,1.0,0.24430025,-0.017552467,-0.0045761596,2.4521945e-05,-0.0045884205,0.8445648,0.9822998,0.017700195,0.04260254,0.509395182132721
4775936,2317.8585662424534,7.0,472.3662,500.0,110.323166,-1.0,-0.025146484,1.0,0.24377497,-0.017657977,-0.004040014,0.00016622664,-0.0041231276,0.8335445,0.98254395,0.017456055,0.04260254,0.509145200252533
4784128,2357.57868293509,7.0,472.30725,500.0,110.43738,-1.0,-0.025268555,1.0,0.24401261,-0.017761916,-0.0061698183,0.00011742571,-0.0062285312,0.82422566,0.98254395,0.017456055,0.04272461,0.5091893076896667
4792320,2351.0399166647167,7.0,472.245,500.0,110.56477,-1.0,-0.025390625,1.0,0.24424997,-0.017891793,-0.008162251,0.00020684334,-0.008265672,0.8200345,0.98254395,0.017456055,0.04284668,0.5094948410987854
4800512,2371.9423296075056,7.0,472.40393,500.0,110.28733,-1.0,-0.025024414,1.0,0.24353707,-0.017674726,-0.004587312,1.9737612e-05,-0.0045971815,0.8057954,0.98254395,0.017456055,0.04248047,0.5092448592185974
4808704,2317.4763305356137,7.0,472.4668,500.0,110.17872,-1.0,-0.025024414,1.0,0.24303532,-0.017564842,-0.0034600564,0.00022894822,-0.0035745304,0.78922075,0.982666,0.017333984,0.0423584,0.5089948773384094
4816896,2308.2714924150264,7.0,472.5255,500.0,110.065155,-1.0,-0.024902344,1.0,0.2427966,-0.017462973,-0.0014160383,1.8155159e-05,-0.0014251156,0.7757224,0.982666,0.017333984,0.042236328,0.5087448954582214
4825088,2308.873160388278,7.0,472.641,500.0,109.84554,-1.0,-0.024902344,1.0,0.2422933,-0.017470531,-0.004627617,3.111885e-05,-0.004643176,0.7650786,0.9827881,0.017211914,0.042114258,0.5084949135780334
4833280,2307.890861723708,7.0,472.73633,500.0,109.69319,-1.0,-0.024658203,1.0,0.24181397,-0.017363016,-0.004612765,8.916804e-06,-0.0046172226,0.7610687,0.9827881,0.017211914,0.041870117,0.5082449316978455
4841472,2307.991472457378,7.0,472.89575,500.0,109.41272,-1.0,-0.024291992,1.0,0.24109274,-0.017151268,-0.0026161135,1.2403063e-05,-0.0026223152,0.7550179,0.9827881,0.017211914,0.041503906,0.5079949498176575
4849664,2342.1319389680484,7.0,473.0094,500.0,109.19881,-1.0,-0.024291992,1.0,0.2405859,-0.017184433,-0.0048775636,0.00018741377,-0.004971271,0.7441889,0.98291016,0.017089844,0.041381836,0.5080390572547913
4857856,2327.7178204618117,7.0,472.9491,500.0,109.320045,-1.0,-0.024414062,1.0,0.24082713,-0.017286185,-0.0028645413,0.00038033107,-0.0030547066,0.73761684,0.98291016,0.017089844,0.041503906,0.5080668330192566
4866048,2350.0334737322596,7.0,472.8341,500.0,109.53922,-1.0,-0.024414062,1.0,0.24133347,-0.017310327,-0.0043685287,0.00037412732,-0.0045555923,0.73189014,0.9827881,0.017211914,0.041625977,0.508080005645752
4874240,2335.323813395332,7.0,472.89246,500.0,109.4263,-1.0,-0.024291992,1.0,0.24109274,-0.017211482,-0.0062538767,2.027853e-05,-0.006264016,0.7177138,0.9827881,0.017211914,0.041503906,0.507830023765564
4882432,2310.2970689462845,7.0,472.89246,500.0,109.4263,-1.0,-0.024291992,1.0,0.24109274,-0.017211484,-0.002052316,2.085091e-05,-0.0020627412,0.70637834,0.9827881,0.017211914,0.041503906,0.507580041885376
4890624,2306.7480189576386,7.0,472.89246,500.0,109.4263,-1.0,-0.024291992,1.0,0.24109274,-0.017211484,-0.0024617855,2.9811254e-05,-0.0024766913,0.6975814,0.9827881,0.017211914,0.041503906,0.507330060005188
4898816,2308.826151055362,7.0,472.8911,500.0,109.43192,-1.0,-0.024291992,1.0,0.24109274,-0.017223155,-0.0043015797,0.00018143395,-0.0043922965,0.6873987,0.9827881,0.017211914,0.041503906,0.5073578357696533
4907008,2341.267107222537,7.0,472.98706,500.0,109.27997,-1.0,-0.024047852,1.0,0.24061044,-0.01695416,-0.003469945,0.00032609247,-0.003632991,0.6804203,0.9827881,0.017211914,0.041259766,0.5073856115341187
4915200,2310.8424442039277,7.0,473.04468,500.0,109.169716,-1.0,-0.023925781,1.0,0.24036881,-0.0168611,-0.0052098734,1.8357081e-05,-0.005219052,0.67050725,0.9827881,0.017211914,0.041137695,0.5071356296539307
4923392,2310.9610313582853,7.0,473.136,500.0,109.02541,-1.0,-0.02368164,1.0,0.23988464,-0.01675665,-0.005075686,2.3482473e-05,-0.0050874273,0.6619385,0.9827881,0.017211914,0.040893555,0.5068856477737427
4931584,2305.680416303298,7.0,473.3092,500.0,108.69158,-1.0,-0.02331543,1.0,0.2391561,-0.016473591,-0.005152429,1.7126767e-05,-0.005160993,0.66696733,0.9827881,0.017211914,0.040527344,0.5066356658935547
4939776,2385.8066454247714,7.0,473.2505,500.0,108.80699,-1.0,-0.0234375,1.0,0.23939927,-0.01657546,-0.0031508913,0.00022503854,-0.0032634106,0.6661846,0.9827881,0.017211914,0.040649414,0.5066797733306885
4947968,2314.2047432129166,7.0,473.19055,500.0,108.927414,-1.0,-0.02355957,1.0,0.2396421,-0.0166881,-0.0041828183,0.0001618727,-0.004263754,0.65864754,0.9827881,0.017211914,0.040771484,0.5067238807678223
4956160,2307.1536790920863,7.0,473.30786,500.0,108.69723,-1.0,-0.02355957,1.0,0.23913218,-0.01670171,-0.005233054,0.00016246858,-0.0053142887,0.6513872,0.98291016,0.017089844,0.040649414,0.506767988204956
4964352,2306.1199067987563,7.0,473.3673,500.0,108.578575,-1.0,-0.0234375,1.0,0.23888883,-0.016593507,-0.004528829,2.4881117e-05,-0.0045412695,0.64727736,0.98291016,0.017089844,0.040527344,0.5065180063247681
4972544,2345.7284933768165,7.0,473.3673,500.0,108.578575,-1.0,-0.0234375,1.0,0.23888883,-0.016593508,-0.003244413,1.136471e-05,-0.0032500955,0.645307,0.98291016,0.017089844,0.040527344,0.5062680244445801
4980736,2320.52521314416,7.0,473.30847,500.0,108.69467,-1.0,-0.02355957,1.0,0.23913218,-0.01669649,-0.006616992,0.0003246542,-0.0067793173,0.6452434,0.98291016,0.017089844,0.040649414,0.5065735578536987
4988928,2316.2646407780553,7.0,473.42383,500.0,108.47201,-1.0,-0.02355957,1.0,0.23862116,-0.016703384,-0.0057167755,0.0003116658,-0.0058726086,0.64443964,0.9830322,0.016967773,0.040527344,0.5068498849868774
4997120,2307.8102554468533,7.0,473.4823,500.0,108.35715,-1.0,-0.0234375,1.0,0.23837729,-0.016603542,-0.0038346024,0.00016409904,-0.0039166515,0.64436454,0.9830322,0.016967773,0.040405273,0.5068776607513428
5005312,2316.16237068978,7.0,473.42322,500.0,108.474594,-1.0,-0.02355957,1.0,0.23862116,-0.016716884,-0.0043251626,0.00044592083,-0.0045481226,0.64555323,0.9830322,0.016967773,0.040527344,0.5073776841163635
5013504,2306.823130441905,7.0,473.48242,500.0,108.356674,-1.0,-0.02368164,1.0,0.23835313,-0.016822932,-0.0061199735,2.7696942e-05,-0.0061338223,0.6405506,0.9831543,0.016845703,0.040527344,0.5071277022361755
5021696,2310.969424619383,7.0,473.54236,500.0,108.23544,-1.0,-0.02355957,1.0,0.23810904,-0.016710293,-0.0037825718,3.0008645e-05,-0.0037975763,0.63507235,0.9831543,0.016845703,0.040405273,0.5068777203559875
5029888,2306.243891981318,7.0,473.7262,500.0,107.854904,-1.0,-0.02368164,1.0,0.23732664,-0.016786758,-0.003535815,0.00022656974,-0.0036490997,0.637713,0.98339844,0.016601562,0.040283203,0.5069218277931213
5038080,2306.8980919336773,7.0,473.7262,500.0,107.854904,-1.0,-0.02368164,1.0,0.23732665,-0.016786758,-0.003907034,2.119731e-05,-0.0039176326,0.6385822,0.98339844,0.016601562,0.040283203,0.5066718459129333
5046272,2308.6499218842596,7.0,473.78345,500.0,107.74431,-1.0,-0.02355957,1.0,0.2370815,-0.016696462,-0.0043133493,3.3118293e-05,-0.0043299086,0.6312508,0.98339844,0.016601562,0.040161133,0.5064218640327454
5054464,2366.6523721428016,7.0,473.90063,500.0,107.5114,-1.0,-0.02355957,1.0,0.23656605,-0.016680228,-0.0021588271,5.5606957e-05,-0.0021866306,0.62378937,0.9835205,0.016479492,0.040039062,0.5061718821525574
5062656,2307.9999991939403,7.0,473.78198,500.0,107.75045,-1.0,-0.02355957,1.0,0.2370815,-0.016684536,-0.005351155,0.00030924455,-0.0055057774,0.6134155,0.98339844,0.016601562,0.040161133,0.5061850547790527
5070848,2308.9280846079405,7.0,473.84106,500.0,107.63206,-1.0,-0.02368164,1.0,0.23681173,-0.016789522,-0.004892466,1.5755963e-05,-0.004900344,0.6002923,0.9835205,0.016479492,0.040161133,0.5059350728988647
5079040,2306.2900222059293,7.0,473.95935,500.0,107.39419,-1.0,-0.0234375,1.0,0.23632005,-0.01657804,-0.0043934165,1.31375355e-05,-0.004399985,0.5958662,0.9835205,0.016479492,0.039916992,0.5056850910186768
5087232,2307.164833275855,7.0,474.1333,500.0,107.050995,-1.0,-0.023071289,1.0,0.23558012,-0.01629024,-0.0029872595,8.2351675e-05,-0.0030284352,0.6002325,0.9835205,0.016479492,0.03955078,0.5057291984558105
5095424,2307.02092160279,7.0,474.19226,500.0,106.93215,-1.0,-0.022949219,1.0,0.23533282,-0.016186304,-0.0038087603,1.4626132e-05,-0.003816073,0.60739744,0.9835205,0.016479492,0.03942871,0.5054792165756226
5103616,2308.7129021078117,7.0,474.19128,500.0,106.93636,-1.0,-0.022705078,1.0,0.23535648,-0.015967539,-0.003470162,0.0001527822,-0.0035465532,0.612073,0.98339844,0.016601562,0.03930664,0.5052292346954346
5111808,2307.2959030144016,7.0,474.13257,500.0,107.054214,-1.0,-0.023071289,1.0,0.23558012,-0.016281977,-0.0045601865,0.0003495014,-0.004734937,0.615098,0.9835205,0.016479492,0.03955078,0.5055347681045532
5120000,2319.145023263173,7.0,474.19128,500.0,106.936424,-1.0,-0.022949219,1.0,0.23533282,-0.016175797,-0.0029124299,0.00013906449,-0.0029819622,0.614197,0.9835205,0.016479492,0.03942871,0.5052847862243652
5128192,2332.4167441372974,7.0,474.2494,500.0,106.82105,-1.0,-0.023071289,1.0,0.23506138,-0.016272673,-0.002191233,2.6108642e-05,-0.0022042873,0.61212945,0.9836426,0.016357422,0.03942871,0.5050348043441772
5136384,2309.389302889131,7.0,474.0703,500.0,107.18699,-1.0,-0.022705078,1.0,0.23587458,-0.015941445,-0.0030444644,0.00037305633,-0.0032309927,0.6086175,0.98327637,0.016723633,0.03942871,0.5047848224639893
5144576,2320.757808031612,7.0,474.1996,500.0,106.952866,-1.0,-0.022583008,1.0,0.23510876,-0.01595575,-0.0057579256,5.2507145e-05,-0.0057841795,0.60109735,0.98339844,0.016601562,0.03918457,0.5045348405838013
5152768,2306.700786405668,7.0,474.25232,500.0,106.85988,-1.0,-0.022460938,1.0,0.23486075,-0.015899781,-0.0048220283,0.00017212663,-0.0049080923,0.59953773,0.98339844,0.016601562,0.0390625,0.5045789480209351
5160960,2320.4260140105903,7.0,474.25232,500.0,106.85988,-1.0,-0.022460938,1.0,0.23486075,-0.015899781,-0.0019311355,2.3032719e-05,-0.0019426517,0.5934056,0.98339844,0.016601562,0.0390625,0.5043289661407471
5169152,2306.8985565862154,7.0,474.25183,500.0,106.861984,-1.0,-0.022460938,1.0,0.23486075,-0.01590409,-0.0047089276,0.00014548951,-0.0047816723,0.5923576,0.98339844,0.016601562,0.0390625,0.5043730735778809
5177344,2307.452400574638,7.0,474.19153,500.0,106.98672,-1.0,-0.022827148,1.0,0.2350852,-0.01622354,-0.004440515,0.0006187406,-0.0047498853,0.6011945,0.9835205,0.016479492,0.03930664,0.5048730969429016
5185536,2309.137720549197,7.0,474.24915,500.0,106.8735,-1.0,-0.022705078,1.0,0.23483725,-0.016130902,-0.0024540883,0.00014973847,-0.0025289576,0.59809023,0.9835205,0.016479492,0.03918457,0.5049172043800354
5193728,2307.6371260000956,7.0,474.36145,500.0,106.65762,-1.0,-0.022705078,1.0,0.23431687,-0.016082136,-0.002536884,2.7924192e-05,-0.002550846,0.5963941,0.9836426,0.016357422,0.0390625,0.5046672224998474
5201920,2305.800950016015,7.0,474.38647,500.0,106.64056,-1.0,-0.022827148,1.0,0.23404439,-0.016295299,-0.0056822263,0.00023093846,-0.0057976954,0.59608,0.98376465,0.016235352,0.0390625,0.5049727559089661
5210112,2308.790623819684,7.0,474.44678,500.0,106.51532,-1.0,-0.02319336,1.0,0.23374738,-0.016614728,-0.0058063865,0.00012599249,-0.005869383,0.5938196,0.9840088,0.015991211,0.03918457,0.5050005316734314
5218304,2305.6247182030056,7.0,474.4447,500.0,106.52426,-1.0,-0.0234375,1.0,0.23372304,-0.016826533,-0.0033436026,0.000116478994,-0.003401842,0.58702415,0.98413086,0.01586914,0.03930664,0.5050446391105652
5226496,2307.4471319946365,7.0,474.5044,500.0,106.40149,-1.0,-0.02331543,1.0,0.23347397,-0.016716134,-0.0042505576,2.5665144e-05,-0.00426339,0.5775447,0.98413086,0.01586914,0.03918457,0.5047946572303772
5234688,2304.9047531106894,7.0,474.4419,500.0,106.536224,-1.0,-0.02368164,1.0,0.23369843,-0.017028552,-0.005023574,0.0002673616,-0.0051572537,0.5632372,0.9842529,0.01574707,0.03942871,0.5051001906394958
5242880,2306.764744390595,7.0,474.4419,500.0,106.536224,-1.0,-0.02368164,1.0,0.23369843,-0.017028552,-0.004542354,1.5137366e-05,-0.0045499224,0.5496683,0.9842529,0.01574707,0.03942871,0.5048502087593079
5251072,2304.5289414418494,7.0,474.4995,500.0,106.42179,-1.0,-0.02355957,1.0,0.23344946,-0.01693146,-0.006024291,0.00019188419,-0.006120233,0.53672594,0.9842529,0.01574707,0.03930664,0.5048943161964417
5259264,2307.3521467234646,7.0,474.32983,500.0,106.74988,-1.0,-0.0234375,1.0,0.23424475,-0.016840331,-0.004924726,0.00037572611,-0.0051125893,0.52541995,0.9840088,0.015991211,0.03942871,0.504907488822937
5267456,2305.196860882994,7.0,474.44434,500.0,106.52559,-1.0,-0.02319336,1.0,0.2337474,-0.016659731,-0.002869144,1.3880488e-05,-0.0028760845,0.5244138,0.9840088,0.015991211,0.03918457,0.504657506942749
5275648,2326.9286798378425,7.0,474.55908,500.0,106.29954,-1.0,-0.02319336,1.0,0.23322457,-0.016639523,-0.004179027,1.4932743e-05,-0.004186494,0.5229953,0.98413086,0.01586914,0.0390625,0.504407525062561
5283840,2306.485554349497,7.0,474.55847,500.0,106.30222,-1.0,-0.02368164,1.0,0.2331755,-0.017069848,-0.0032069741,0.00041369526,-0.0034138218,0.52323365,0.984375,0.015625,0.03930664,0.5049075484275818
5292032,2307.0350176473407,7.0,474.61597,500.0,106.18853,-1.0,-0.02355957,1.0,0.23292598,-0.01697772,-0.0030348492,5.095585e-05,-0.0030603274,0.52705294,0.984375,0.015625,0.03918457,0.5046575665473938
5300224,2379.7032736752326,7.0,474.67578,500.0,106.064735,-1.0,-0.0234375,1.0,0.23267613,-0.016866207,-0.0056786686,3.422031e-05,-0.005695779,0.5223776,0.984375,0.015625,0.0390625,0.5044075846672058
5308416,2287.187794525099,7.0,474.67578,500.0,106.064735,-1.0,-0.0234375,1.0,0.23267613,-0.016866207,-0.0049197185,2.7570037e-05,-0.004933504,0.5085368,0.984375,0.015625,0.0390625,0.5041576027870178
5316608,2282.4731015538205,7.0,474.73462,500.0,105.94502,-1.0,-0.02331543,1.0,0.23242593,-0.016763309,-0.005134691,1.6697122e-05,-0.00514304,0.50364536,0.984375,0.015625,0.03894043,0.5039076209068298
5324800,2271.425544437282,7.0,474.73096,500.0,105.95992,-1.0,-0.023071289,1.0,0.2324503,-0.016522834,-0.0053539593,0.0005627996,-0.005635359,0.5010196,0.9842529,0.01574707,0.03881836,0.5036576390266418
5332992,2275.117000769083,7.0,474.84888,500.0,105.7189,-1.0,-0.023071289,1.0,0.23192456,-0.016535377,-0.0032385564,2.5039846e-05,-0.0032510767,0.48973587,0.984375,0.015625,0.03869629,0.5034076571464539
5341184,2270.0932276776157,7.0,474.72925,500.0,105.967316,-1.0,-0.022827148,1.0,0.23247442,-0.016316712,-0.003821301,0.00045008486,-0.0040463437,0.485124,0.98413086,0.01586914,0.03869629,0.5034208297729492
5349376,2351.4897901724225,7.0,474.67004,500.0,106.08859,-1.0,-0.022949219,1.0,0.2327248,-0.01642276,-0.005345279,0.00018180646,-0.005436183,0.47467777,0.98413086,0.01586914,0.03881836,0.503464937210083
5357568,2308.114263542708,7.0,474.72888,500.0,105.968895,-1.0,-0.022827148,1.0,0.23247442,-0.016317697,-0.0012840988,0.00015942228,-0.0013638098,0.4715915,0.98413086,0.01586914,0.03869629,0.503214955329895
5365760,2307.7316697479196,7.0,474.72888,500.0,105.968895,-1.0,-0.022827148,1.0,0.23247442,-0.016317697,-0.0036625895,1.2327215e-05,-0.003668753,0.4616837,0.98413086,0.01586914,0.03869629,0.502964973449707
5373952,2310.4628295746334,7.0,474.62085,500.0,106.17023,-1.0,-0.022827148,1.0,0.23299891,-0.016378323,-0.0044361902,0.0003772557,-0.0046248185,0.45850527,0.9840088,0.015991211,0.03881836,0.5029781460762024
5382144,2311.1017042486997,7.0,474.62158,500.0,106.16708,-1.0,-0.02331543,1.0,0.23295054,-0.01679856,-0.006177883,0.0004590458,-0.0064074057,0.4581555,0.9842529,0.01574707,0.0390625,0.5034781694412231
5390336,2309.792321334086,7.0,474.73816,500.0,105.932365,-1.0,-0.02331543,1.0,0.23242593,-0.016817369,-0.0015297073,6.2554434e-05,-0.0015609845,0.46084625,0.984375,0.015625,0.03894043,0.5032281875610352
5398528,2336.4806952592608,7.0,474.79858,500.0,105.805565,-1.0,-0.0234375,1.0,0.23215091,-0.016925953,-0.0027532594,0.00017087001,-0.0028386945,0.45839188,0.9844971,0.01550293,0.03894043,0.503272294998169
5406720,2312.6192616940443,7.0,474.68274,500.0,106.03745,-1.0,-0.0234375,1.0,0.23267613,-0.016936507,-0.0045153107,0.00034327246,-0.0046869465,0.4508553,0.984375,0.015625,0.0390625,0.5033000707626343
5414912,2307.1010080147526,7.0,474.62317,500.0,106.16022,-1.0,-0.02355957,1.0,0.23292598,-0.017045803,-0.0052299155,9.608945e-05,-0.00527796,0.44287848,0.984375,0.015625,0.03918457,0.5033441781997681
5423104,2307.6702929245725,7.0,474.56287,500.0,106.285995,-1.0,-0.023925781,1.0,0.23315059,-0.017373785,-0.0064288313,0.00040259922,-0.006630131,0.4356506,0.9844971,0.01550293,0.03942871,0.5038836598396301
5431296,2307.87179473057,7.0,474.4441,500.0,106.52906,-1.0,-0.023925781,1.0,0.23367357,-0.017374866,-0.0048359353,0.00034083927,-0.005006355,0.43336108,0.984375,0.015625,0.03955078,0.5038968324661255
5439488,2307.6985010591584,7.0,474.50378,500.0,106.406296,-1.0,-0.023803711,1.0,0.23342471,-0.017264467,-0.0036877254,5.8592173e-05,-0.0037170218,0.42334998,0.984375,0.015625,0.03942871,0.5036468505859375
5447680,2308.588341096659,7.0,474.38538,500.0,106.647446,-1.0,-0.024047852,1.0,0.23392211,-0.017476734,-0.005965289,0.00038178288,-0.006156181,0.41310263,0.984375,0.015625,0.03967285,0.5039523839950562
5455872,2308.094882768241,7.0,474.14648,500.0,107.13665,-1.0,-0.024047852,1.0,0.23496348,-0.017477907,-0.0036033397,0.00035428826,-0.0037804837,0.41226873,0.98413086,0.01586914,0.039916992,0.5042023658752441
5464064,2330.5915235550933,7.0,474.14722,500.0,107.13351,-1.0,-0.024047852,1.0,0.23496348,-0.01747151,-0.0047509186,0.00017028958,-0.004836064,0.4172241,0.98413086,0.01586914,0.039916992,0.5042301416397095
5472256,2370.983356825983,7.0,474.16394,500.0,107.13338,-1.0,-0.023925781,1.0,0.23471604,-0.017485393,-0.005022414,0.00013860784,-0.0050917175,0.41579008,0.98413086,0.01586914,0.039794922,0.5042742490768433
5480448,2323.0385770671887,7.0,474.19238,500.0,107.1093,-1.0,-0.023803711,1.0,0.23446828,-0.017476968,-0.0022433596,1.9825551e-05,-0.002253272,0.40448624,0.98413086,0.01586914,0.03967285,0.5040242671966553
5488640,2308.526763594175,7.0,474.1322,500.0,107.233215,-1.0,-0.02368164,1.0,0.23474078,-0.01736204,-0.0028421544,0.000112503956,-0.0028984062,0.39492446,0.9840088,0.015991211,0.03967285,0.5037742853164673
5496832,2313.288453310502,7.0,474.18542,500.0,107.13861,-1.0,-0.02355957,1.0,0.23449293,-0.017303329,-0.0052717486,0.00035308982,-0.005448293,0.3921574,0.9840088,0.015991211,0.03955078,0.5040798187255859
5505024,2335.146214023625,7.0,474.24463,500.0,107.01879,-1.0,-0.0234375,1.0,0.23424475,-0.017197281,-0.0024555738,1.4866917e-05,-0.002463007,0.39392182,0.9840088,0.015991211,0.03942871,0.503829836845398
5513216,2337.653037533156,7.0,474.24207,500.0,107.02951,-1.0,-0.0234375,1.0,0.23424475,-0.017217258,-0.0018117777,0.00021512774,-0.0019193417,0.38764867,0.9840088,0.015991211,0.03942871,0.5038739442825317
5521408,2308.4321546892434,7.0,474.30127,500.0,106.90953,-1.0,-0.02331543,1.0,0.23399623,-0.01711121,-0.0043556457,2.4192199e-05,-0.0043677427,0.39006504,0.9840088,0.015991211,0.03930664,0.5036239624023438
5529600,2307.372754609039,7.0,474.30347,500.0,106.9002,-1.0,-0.02331543,1.0,0.23399623,-0.017092941,-0.0041322014,0.00018716304,-0.004225783,0.39692718,0.9840088,0.015991211,0.03930664,0.5036680698394775
5537792,2307.387164852988,7.0,474.47485,500.0,106.56406,-1.0,-0.0234375,1.0,0.23320018,-0.017147113,-0.0035267049,0.00012117994,-0.0035872948,0.40182635,0.9842529,0.01574707,0.03918457,0.5034180879592896
5545984,2316.3730100849284,7.0,474.53394,500.0,106.44395,-1.0,-0.02355957,1.0,0.23292598,-0.017254243,-0.0019315961,0.00014660863,-0.0020049005,0.39211935,0.984375,0.015625,0.03918457,0.5034621953964233
5554176,2308.5477026785607,7.0,474.41858,500.0,106.67226,-1.0,-0.02331543,1.0,0.23347397,-0.017065708,-0.0007726144,0.00024078159,-0.0008930052,0.38496745,0.98413086,0.01586914,0.03918457,0.5032122135162354
5562368,2309.566265933255,7.0,474.41858,500.0,106.67226,-1.0,-0.02331543,1.0,0.23347397,-0.017065708,-0.002636589,2.0001293e-05,-0.0026465897,0.38788545,0.98413086,0.01586914,0.03918457,0.5029622316360474
5570560,2308.398035347513,7.0,474.47778,500.0,106.55179,-1.0,-0.02319336,1.0,0.23322457,-0.01695966,-0.0011864781,4.1157058e-05,-0.0012070567,0.40846634,0.98413086,0.01586914,0.0390625,0.5027122497558594
5578752,2308.8416654750554,7.0,474.47693,500.0,106.555466,-1.0,-0.02319336,1.0,0.23322457,-0.01696716,-0.005240842,0.00012468222,-0.005303183,0.41842908,0.98413086,0.01586914,0.0390625,0.5027563571929932
5586944,2306.0400432540164,7.0,474.42004,500.0,106.666374,-1.0,-0.02331543,1.0,0.23347396,-0.017041015,-0.005132816,0.000309327,-0.0052874796,0.4192779,0.98413086,0.01586914,0.03918457,0.5027841329574585
5595136,2328.121583077815,7.0,474.41943,500.0,106.669014,-1.0,-0.02331543,1.0,0.23347397,-0.017035494,-0.0031710512,3.5827794e-05,-0.0031889651,0.42626923,0.98413086,0.01586914,0.03918457,0.5025341510772705
5603328,2332.135901028177,7.0,474.5984,500.0,106.31564,-1.0,-0.023071289,1.0,0.2324503,-0.016904768,-0.0022867045,2.7357864e-05,-0.0023003835,0.4214885,0.9842529,0.01574707,0.03881836,0.5022841691970825
5611520,2348.149777012915,7.0,474.5984,500.0,106.31565,-1.0,-0.023071289,1.0,0.2324503,-0.016904768,0.0033058699,3.492674e-05,0.0032884069,0.42605886,0.9842529,0.01574707,0.03881836,0.5020341873168945
5619712,2322.543632383156,7.0,474.65344,500.0,106.21218,-1.0,-0.02319336,1.0,0.23217541,-0.016991135,-0.0007112603,0.000246772,-0.0008346463,0.43868628,0.984375,0.015625,0.03881836,0.5020619630813599
5627904,2357.6267278958976,7.0,474.71204,500.0,106.09368,-1.0,-0.02331543,1.0,0.23190014,-0.017091986,-0.0025672414,1.3291621e-05,-0.0025738871,0.44413343,0.9844971,0.01550293,0.03881836,0.5018119812011719
5636096,2310.3349727467826,7.0,474.71204,500.0,106.09368,-1.0,-0.02331543,1.0,0.23190014,-0.017091984,-0.0029243778,2.272735e-05,-0.0029357416,0.4477699,0.9844971,0.01550293,0.03881836,0.5015619993209839
5644288,2318.284254715528,7.0,474.76624,500.0,105.99367,-1.0,-0.0234375,1.0,0.23162448,-0.017199311,-0.003046804,0.000218912,-0.0031562604,0.45449132,0.98461914,0.015380859,0.03881836,0.5016061067581177
5652480,2308.2586217911617,7.0,474.64868,500.0,106.232445,-1.0,-0.0234375,1.0,0.23215091,-0.017218892,-0.007079638,0.00033727818,-0.007248277,0.45102394,0.9844971,0.01550293,0.03894043,0.501633882522583
5660672,2308.6334793373717,7.0,474.64868,500.0,106.232445,-1.0,-0.0234375,1.0,0.23215091,-0.017218892,-0.0014328528,2.8480956e-05,-0.0014470933,0.4370284,0.9844971,0.01550293,0.03894043,0.501383900642395
5668864,2308.8263061985267,7.0,474.64795,500.0,106.23561,-1.0,-0.02368164,1.0,0.23212612,-0.017433226,-0.001105374,0.00012310402,-0.001166926,0.42876393,0.98461914,0.015380859,0.0390625,0.5014280080795288
5677056,2308.487213026686,7.0,474.646,500.0,106.24402,-1.0,-0.023925781,1.0,0.2321011,-0.01763969,-0.003473741,0.00016545645,-0.0035564692,0.42816257,0.9847412,0.015258789,0.03918457,0.5014411807060242
5685248,2307.418310188686,7.0,474.64514,500.0,106.24773,-1.0,-0.024169922,1.0,0.23207578,-0.017852984,-0.0031065415,8.906625e-05,-0.0031510748,0.43112034,0.9848633,0.015136719,0.03930664,0.5014689564704895
5693440,2310.023235407144,7.0,474.58508,500.0,106.37235,-1.0,-0.024047852,1.0,0.2323513,-0.017739207,-0.0018054403,6.427452e-05,-0.0018375777,0.42985556,0.9847412,0.015258789,0.03930664,0.5012189745903015
5701632,2307.1708751704286,7.0,474.58508,500.0,106.37235,-1.0,-0.024047852,1.0,0.2323513,-0.017739208,-0.0041023903,3.1451847e-05,-0.004118116,0.4177368,0.9847412,0.015258789,0.03930664,0.5009689927101135
5709824,2308.0124018323177,7.0,474.80664,500.0,105.94963,-1.0,-0.023803711,1.0,0.23132344,-0.017606996,-0.00072642695,3.875242e-05,-0.0007458031,0.4119051,0.9848633,0.015136719,0.03894043,0.5007190108299255
5718016,2309.1175466716127,7.0,474.85706,500.0,105.86576,-1.0,-0.02368164,1.0,0.23107196,-0.017545622,-0.003665481,0.00029557614,-0.003813269,0.4153854,0.9848633,0.015136719,0.03881836,0.5009953379631042
5726208,2312.68635022738,7.0,474.61914,500.0,106.3554,-1.0,-0.02368164,1.0,0.23212612,-0.017536076,-0.003753204,0.0004069519,-0.0039566797,0.41952983,0.98461914,0.015380859,0.0390625,0.5012215375900269
5734400,2308.494812834469,7.0,474.7942,500.0,106.0029,-1.0,-0.02355957,1.0,0.23134841,-0.017450206,-0.0010330472,2.3982706e-05,-0.0010450387,0.41877878,0.9847412,0.015258789,0.03881836,0.5009715557098389
5742592,2306.2141714718196,7.0,474.79297,500.0,106.008064,-1.0,-0.02355957,1.0,0.23134841,-0.017459657,-0.004158687,0.00019288326,-0.0042551276,0.4197221,0.9847412,0.015258789,0.03881836,0.5010156631469727
5750784,2307.2830432677288,7.0,474.7334,500.0,106.13093,-1.0,-0.02368164,1.0,0.23159963,-0.017568951,-0.0024825195,0.00011286849,-0.002538954,0.42079255,0.9847412,0.015258789,0.03894043,0.5010597705841064
5758976,2307.7192701265076,7.0,474.73303,500.0,106.132515,-1.0,-0.0234375,1.0,0.23162448,-0.017355762,-0.003735684,1.6208562e-05,-0.0037437882,0.4111754,0.98461914,0.015380859,0.03881836,0.5008097887039185
5767168,2306.972593614888,7.0,474.8495,500.0,105.89813,-1.0,-0.0234375,1.0,0.23109686,-0.017338036,-0.0007527326,1.9785906e-05,-0.0007626255,0.40503913,0.9847412,0.015258789,0.03869629,0.5005598068237305
5775360,2306.812289307078,7.0,474.90808,500.0,105.77917,-1.0,-0.02355957,1.0,0.23082016,-0.017438887,-0.001140219,2.1320528e-05,-0.0011508793,0.40352023,0.9848633,0.015136719,0.03869629,0.5003098249435425
5783552,2310.8910898866807,7.0,475.08203,500.0,105.4286,-1.0,-0.02319336,1.0,0.23006272,-0.017146736,0.0009970459,4.327357e-05,0.00097540906,0.40230155,0.9848633,0.015136719,0.038330078,0.5000598430633545
5791744,2308.6511628407,7.0,475.0221,500.0,105.55391,-1.0,-0.02331543,1.0,0.23031555,-0.017257124,-0.0030808304,0.0002373159,-0.0031994884,0.40890697,0.9848633,0.015136719,0.03845215,0.5000876188278198
5799936,2307.1897756603457,7.0,474.90283,500.0,105.80132,-1.0,-0.02331543,1.0,0.23084494,-0.017251603,-0.004496654,0.0002782507,-0.004635779,0.41235894,0.9847412,0.015258789,0.03857422,0.5001153945922852
5808128,2307.8748950332083,7.0,474.90283,500.0,105.80132,-1.0,-0.02331543,1.0,0.23084494,-0.017251603,-0.00437537,2.2477177e-05,-0.004386609,0.41796064,0.9847412,0.015258789,0.03857422,0.4998653829097748
5816320,2308.21861522623,7.0,474.78027,500.0,106.06104,-1.0,-0.02355957,1.0,0.23134841,-0.017490387,-0.00303142,0.00037824837,-0.0032205442,0.42799336,0.9847412,0.015258789,0.03881836,0.5004048347473145
5824512,2307.031764698694,7.0,474.8391,500.0,105.94125,-1.0,-0.02368164,1.0,0.23107196,-0.017593287,-0.0015584957,1.2207483e-05,-0.0015645993,0.43569887,0.9848633,0.015136719,0.03881836,0.5001548528671265
5832704,2322.9196894430133,7.0,474.77893,500.0,106.0669,-1.0,-0.02355957,1.0,0.23134841,-0.017489512,-0.005391207,0.00022170806,-0.0055020615,0.43475053,0.9847412,0.015258789,0.03881836,0.5001429319381714
5840896,2308.1593832465182,7.0,474.93994,500.0,105.764366,-1.0,-0.0234375,1.0,0.23056804,-0.017476007,0.00071951223,5.7203062e-05,0.00069091073,0.42610267,0.9848633,0.015136719,0.03857422,0.499892920255661
5849088,2306.9812677200307,7.0,474.99536,500.0,105.65844,-1.0,-0.02331543,1.0,0.23031555,-0.017397897,-0.006596827,0.000382912,-0.006788283,0.42291296,0.9848633,0.015136719,0.03845215,0.500198483467102
5857280,2311.6474595063355,7.0,474.87634,500.0,105.90451,-1.0,-0.02331543,1.0,0.23084494,-0.017407738,-0.005484026,0.00016274597,-0.005565399,0.4177543,0.9847412,0.015258789,0.03857422,0.5002262592315674
5865472,2309.866233659807,7.0,474.75684,500.0,106.15199,-1.0,-0.02331543,1.0,0.23137315,-0.017406622,-0.0020072553,0.00026063027,-0.0021375706,0.4126039,0.98461914,0.015380859,0.03869629,0.5002540349960327
5873664,2308.780539869033,7.0,474.6969,500.0,106.27625,-1.0,-0.0234375,1.0,0.23162448,-0.017519131,-0.004906447,0.00026613325,-0.0050395145,0.41022334,0.98461914,0.015380859,0.03881836,0.5005595684051514
5881856,2309.3795241432144,7.0,474.6969,500.0,106.27626,-1.0,-0.0234375,1.0,0.23162448,-0.017519131,-0.004184806,2.7275546e-05,-0.004198444,0.42087343,0.98461914,0.015380859,0.03881836,0.5003095865249634
5890048,2307.9666677637874,7.0,474.5775,500.0,106.52214,-1.0,-0.02319336,1.0,0.23217541,-0.01729829,-0.0037493287,0.00017384392,-0.0038362509,0.42742404,0.984375,0.015625,0.03881836,0.5000596046447754
5898240,2312.847160632026,7.0,474.57642,500.0,106.526855,-1.0,-0.02319336,1.0,0.23217541,-0.017307648,-0.0020995338,0.00011818501,-0.0021586262,0.42927146,0.984375,0.015625,0.03881836,0.5001037120819092
5906432,2308.7153841574423,7.0,474.6925,500.0,106.29509,-1.0,-0.022949219,1.0,0.23167337,-0.017114319,-6.513513e-05,5.0285624e-05,-9.027793e-05,0.4361788,0.984375,0.015625,0.03857422,0.4998537003993988
5914624,2310.144534257936,7.0,474.7517,500.0,106.17402,-1.0,-0.022827148,1.0,0.23142184,-0.01700827,-0.00483641,9.721672e-05,-0.004885019,0.44284874,0.984375,0.015625,0.03845215,0.4998978078365326
5922816,2308.8101714210534,7.0,474.8075,500.0,106.06716,-1.0,-0.022705078,1.0,0.23116995,-0.016928233,-0.0021758317,2.3582288e-05,-0.002187623,0.43948442,0.984375,0.015625,0.038330078,0.4996477961540222
5931008,2335.502392276851,7.0,474.80713,500.0,106.06874,-1.0,-0.022949219,1.0,0.23114587,-0.017143264,-0.005999782,0.0003188486,-0.006159207,0.43595326,0.9844971,0.01550293,0.03845215,0.49995335936546326
5939200,2323.887791616829,7.0,474.92517,500.0,105.827385,-1.0,-0.022949219,1.0,0.23061715,-0.017140117,-0.0026529473,3.422782e-05,-0.0026700613,0.43521127,0.98461914,0.015380859,0.038330078,0.4997033476829529
5947392,2322.1177907949227,7.0,474.85828,500.0,105.98024,-1.0,-0.023071289,1.0,0.23086949,-0.017297411,-0.005921332,0.00026080498,-0.006051735,0.430884,0.98461914,0.015380859,0.03845215,0.49995335936546326
5955584,2378.9488267317233,7.0,474.97278,500.0,105.75373,-1.0,-0.022827148,1.0,0.23036447,-0.017116738,3.4807716e-05,2.4201361e-05,2.27071e-05,0.42173532,0.98461914,0.015380859,0.038208008,0.4997033476829529
5963776,2372.7008583566217,7.0,474.85303,500.0,106.00275,-1.0,-0.022583008,1.0,0.23091775,-0.016892562,-0.003923407,0.00018557814,-0.0040161954,0.4170464,0.984375,0.015625,0.038208008,0.4994533360004425
5971968,2352.7141371670177,7.0,474.85327,500.0,106.00168,-1.0,-0.022583008,1.0,0.23091775,-0.016890366,-0.0040001553,0.00018850081,-0.0040944056,0.40805537,0.984375,0.015625,0.038208008,0.4994974434375763
5980160,2308.0582927533605,7.0,474.85327,500.0,106.00168,-1.0,-0.022583008,1.0,0.23091775,-0.016890366,-0.0013072004,2.0810445e-05,-0.0013176058,0.40834686,0.984375,0.015625,0.038208008,0.4992474317550659
5988352,2309.1554117780993,7.0,474.85327,500.0,106.00168,-1.0,-0.022583008,1.0,0.23091775,-0.016890366,-0.0010047331,2.1053667e-05,-0.0010152601,0.4015467,0.984375,0.015625,0.038208008,0.49899742007255554
5996544,2309.514881764171,7.0,474.96887,500.0,105.7706,-1.0,-0.022338867,1.0,0.23041232,-0.016701397,-0.0028403015,1.9347004e-05,-0.002849975,0.39428765,0.984375,0.015625,0.037963867,0.49874740839004517
6004736,2307.2931141415047,7.0,475.08765,500.0,105.52519,-1.0,-0.022338867,1.0,0.22988191,-0.01670681,-0.004903787,1.533789e-05,-0.0049114553,0.38585347,0.9844971,0.01550293,0.037841797,0.4984973967075348
6012928,2308.901553090827,7.0,475.0277,500.0,105.65038,-1.0,-0.022460938,1.0,0.2301354,-0.016819447,-0.004158465,0.0001676759,-0.0042423033,0.3749763,0.9844971,0.01550293,0.037963867,0.4985415041446686
6021120,2310.788050498501,7.0,474.969,500.0,105.77008,-1.0,-0.022583008,1.0,0.2303885,-0.016921317,-0.0055024815,0.00025438474,-0.005629674,0.37380457,0.9844971,0.01550293,0.038085938,0.49858561158180237
6029312,2316.929538439981,7.0,475.0763,500.0,105.57209,-1.0,-0.022338867,1.0,0.22988191,-0.016785825,-0.000617656,3.0161991e-05,-0.0006327369,0.36913133,0.9844971,0.01550293,0.037841797,0.498335599899292
6037504,2306.4285787740637,7.0,474.95715,500.0,105.818985,-1.0,-0.022338867,1.0,0.23041232,-0.016779233,-0.0039658425,0.00025442187,-0.0040930538,0.35310557,0.984375,0.015625,0.037963867,0.498335599899292
6045696,2309.741082372004,7.0,474.89734,500.0,105.94322,-1.0,-0.022460938,1.0,0.23066522,-0.016890746,-0.002544266,0.0001320485,-0.0026102904,0.3371431,0.984375,0.015625,0.038085938,0.4983797073364258
6053888,2338.8865772278523,7.0,475.01294,500.0,105.71191,-1.0,-0.021972656,1.0,0.23018253,-0.016524276,-0.004521161,0.00035783002,-0.0047000754,0.3308141,0.9842529,0.01574707,0.037719727,0.4984074831008911
6062080,2309.1215814189295,7.0,475.01294,500.0,105.711914,-1.0,-0.021972656,1.0,0.23018253,-0.016524274,-0.0015891469,2.0229485e-05,-0.0015992614,0.32015622,0.9842529,0.01574707,0.037719727,0.49815747141838074
6070272,2307.329989783473,7.0,475.01294,500.0,105.711914,-1.0,-0.021972656,1.0,0.23018253,-0.016524276,-0.0046888012,1.1559003e-05,-0.0046945806,0.32130334,0.9842529,0.01574707,0.037719727,0.49790745973587036
6078464,2306.8435740019704,7.0,475.01294,500.0,105.711914,-1.0,-0.021972656,1.0,0.23018253,-0.016524274,-0.0053931302,1.2629732e-05,-0.005399445,0.3209811,0.9842529,0.01574707,0.037719727,0.49765744805336
6086656,2306.292034640287,7.0,474.98743,500.0,105.797005,-1.0,-0.022216797,1.0,0.23015909,-0.016808888,-0.00402765,0.00033687413,-0.004196087,0.3193883,0.984375,0.015625,0.037841797,0.497963011264801
6094848,2310.604840256369,7.0,474.9204,500.0,105.950485,-1.0,-0.022094727,1.0,0.23043586,-0.016755212,-0.0027634504,0.0003068038,-0.0029168525,0.31563586,0.9842529,0.01574707,0.037841797,0.49799078702926636
6103040,2328.5964987970297,7.0,474.9204,500.0,105.950485,-1.0,-0.022094727,1.0,0.23043586,-0.016755214,-0.002189816,1.7284887e-05,-0.0021984584,0.3093882,0.9842529,0.01574707,0.037841797,0.497740775346756
6111232,2313.4367305584497,7.0,474.9204,500.0,105.950485,-1.0,-0.022094727,1.0,0.23043586,-0.016755212,-0.0027190195,3.8262533e-05,-0.0027381508,0.3095573,0.9842529,0.01574707,0.037841797,0.4974907636642456
6119424,2366.2146033878034,7.0,474.86255,500.0,106.06614,-1.0,-0.022216797,1.0,0.23068884,-0.016850162,-0.0045921756,0.0001599014,-0.004672127,0.3116389,0.9842529,0.01574707,0.037963867,0.4975348711013794
6127616,2306.164174634605,7.0,474.86255,500.0,106.06614,-1.0,-0.022216797,1.0,0.23068884,-0.01685016,-0.0048074187,9.268409e-06,-0.0048120525,0.31987834,0.9842529,0.01574707,0.037963867,0.497284859418869
6135808,2307.083193341691,7.0,474.74316,500.0,106.31269,-1.0,-0.022460938,1.0,0.23119383,-0.017071003,-0.0038888638,0.00018727794,-0.003982503,0.32793787,0.9842529,0.01574707,0.038208008,0.49759042263031006
6144000,2307.650454649555,7.0,474.9651,500.0,105.88684,-1.0,-0.022216797,1.0,0.23015909,-0.01690958,-0.0039410223,1.9475094e-05,-0.00395076,0.33241838,0.984375,0.015625,0.037841797,0.4973404109477997
6152192,2306.4934506431814,7.0,475.08313,500.0,105.644844,-1.0,-0.021972656,1.0,0.2296516,-0.016700212,-0.0031899929,5.031339e-05,-0.0032151495,0.3221741,0.984375,0.015625,0.037597656,0.4970903992652893
6160384,2328.045551444405,7.0,474.8457,500.0,106.13389,-1.0,-0.022460938,1.0,0.23066522,-0.017130118,-0.0057801707,0.00049515965,-0.0060277507,0.3182459,0.984375,0.015625,0.038085938,0.49784040451049805
6168576,2332.9314292864833,7.0,474.8457,500.0,106.13389,-1.0,-0.022460938,1.0,0.23066522,-0.017130118,-0.0045149047,1.3294204e-05,-0.0045215525,0.3242952,0.984375,0.015625,0.038085938,0.49759039282798767
6176768,2309.46660446205,7.0,474.8457,500.0,106.13389,-1.0,-0.022460938,1.0,0.23066522,-0.017130118,-0.0041278857,1.3735843e-05,-0.004134754,0.3292096,0.984375,0.015625,0.038085938,0.4973403811454773
6184960,2307.8463725631245,7.0,474.8457,500.0,106.13389,-1.0,-0.022460938,1.0,0.23066522,-0.017130118,-0.00620873,8.983097e-06,-0.0062132212,0.32733107,0.984375,0.015625,0.038085938,0.4970903694629669
6193152,2309.982546456483,7.0,474.96362,500.0,105.893166,-1.0,-0.022460938,1.0,0.2301354,-0.017130118,-0.0028020171,9.5710475e-06,-0.002806803,0.323446,0.9844971,0.01550293,0.037963867,0.49684035778045654
6201344,2307.387164852988,7.0,474.96362,500.0,105.893166,-1.0,-0.022460938,1.0,0.2301354,-0.017130118,-0.0028843263,1.0323349e-05,-0.002889488,0.3173736,0.9844971,0.01550293,0.037963867,0.49659034609794617
6209536,2309.0186997666165,7.0,474.90527,500.0,106.01101,-1.0,-0.022583008,1.0,0.2303885,-0.017228961,-0.0013718855,0.00038215335,-0.0015629622,0.3132165,0.9844971,0.01550293,0.038085938,0.49659034609794617
6217728,2311.0695267289066,7.0,474.90527,500.0,106.011,-1.0,-0.022583008,1.0,0.2303885,-0.017228963,-0.002674972,8.829347e-06,-0.0026793866,0.3122747,0.9844971,0.01550293,0.038085938,0.4963403344154358
6225920,2335.904890148069,7.0,474.78564,500.0,106.2588,-1.0,-0.022583008,1.0,0.23091775,-0.01722448,-0.0042680576,0.0002731625,-0.004404639,0.3064646,0.984375,0.015625,0.038208008,0.4963681101799011
6234112,2307.8065352930853,7.0,474.84473,500.0,106.13817,-1.0,-0.022460938,1.0,0.23066522,-0.017119491,-0.0022030296,3.1549607e-05,-0.0022188043,0.30058262,0.984375,0.015625,0.038085938,0.49611809849739075
6242304,2307.7529044090707,7.0,474.84473,500.0,106.13817,-1.0,-0.022460938,1.0,0.23066522,-0.017119491,-0.0027904985,1.6981225e-05,-0.0027989892,0.29802656,0.984375,0.015625,0.038085938,0.49586808681488037
6250496,2308.563833787782,7.0,474.8412,500.0,106.1529,-1.0,-0.022460938,1.0,0.23066522,-0.017145246,-0.0034229024,5.291541e-05,-0.0034493601,0.30294302,0.984375,0.015625,0.038085938,0.49591219425201416
6258688,2308.2358271830294,7.0,474.7832,500.0,106.26881,-1.0,-0.022583008,1.0,0.23091775,-0.017241156,-0.0026965372,0.00013693173,-0.0027650031,0.31409454,0.984375,0.015625,0.038208008,0.49595630168914795
6266880,2308.674431020973,7.0,474.78308,500.0,106.26933,-1.0,-0.022827148,1.0,0.23089376,-0.017456476,-0.0024145872,0.00013281581,-0.0024809954,0.32218105,0.9844971,0.01550293,0.038330078,0.49600040912628174
6275072,2309.0463201847733,7.0,474.84106,500.0,106.15343,-1.0,-0.022705078,1.0,0.2306413,-0.017360568,-0.0037436262,2.7842114e-05,-0.0037575471,0.3234773,0.9844971,0.01550293,0.038208008,0.49575039744377136
6283264,2309.6909324984326,7.0,474.66223,500.0,106.5216,-1.0,-0.022583008,1.0,0.23144577,-0.017250104,-0.005101826,0.00039312593,-0.005298388,0.3176862,0.9842529,0.01574707,0.038330078,0.4957635700702667
6291456,2339.28419047147,7.0,474.60632,500.0,106.62843,-1.0,-0.022460938,1.0,0.23172122,-0.01716926,-0.0033226784,0.00026717078,-0.0034562636,0.3117002,0.98413086,0.01586914,0.038330078,0.49551355838775635
6299648,2330.967028844444,7.0,474.66553,500.0,106.507805,-1.0,-0.022583008,1.0,0.23144577,-0.017286347,-0.005395441,6.397763e-05,-0.00542743,0.2950849,0.9842529,0.01574707,0.038330078,0.49555766582489014
6307840,2313.0244983202842,7.0,474.72498,500.0,106.38594,-1.0,-0.022705078,1.0,0.23116995,-0.017394548,-0.0011600221,3.0219535e-05,-0.0011751319,0.27753398,0.984375,0.015625,0.038330078,0.49530765414237976
6316032,2310.299243720877,7.0,474.72498,500.0,106.38595,-1.0,-0.022705078,1.0,0.23116995,-0.01739455,-0.00020755285,2.8480583e-05,-0.00022179318,0.2677727,0.984375,0.015625,0.038330078,0.4950576424598694
6324224,2307.1295120639084,7.0,474.66528,500.0,106.508865,-1.0,-0.022827148,1.0,0.23142184,-0.017504947,-0.0045483937,0.0003321016,-0.0047144443,0.26488656,0.984375,0.015625,0.03845215,0.4953339695930481
6332416,2308.361125559006,7.0,474.66528,500.0,106.508865,-1.0,-0.022827148,1.0,0.23142184,-0.017504947,-0.0013028496,2.841021e-05,-0.0013170547,0.2651738,0.984375,0.015625,0.03845215,0.4950839579105377
6340608,2306.2616936949707,7.0,474.7229,500.0,106.39484,-1.0,-0.022705078,1.0,0.23116995,-0.017411888,-0.0034552256,6.7856636e-06,-0.0034586184,0.2626427,0.984375,0.015625,0.038330078,0.49483394622802734
6348800,2306.971974038445,7.0,474.66406,500.0,106.51404,-1.0,-0.022827148,1.0,0.23142184,-0.017514784,-0.0057660267,0.00013139995,-0.005831727,0.27016276,0.984375,0.015625,0.03845215,0.49489644169807434
6356992,2310.0605089863116,7.0,474.485,500.0,106.88174,-1.0,-0.02319336,1.0,0.23217541,-0.017846014,-0.0030444565,0.00065239205,-0.0033706524,0.2744771,0.984375,0.015625,0.03881836,0.49536073207855225
6365184,2309.3950460007304,7.0,474.485,500.0,106.88174,-1.0,-0.02319336,1.0,0.2321754,-0.017846014,-0.002985434,1.8812862e-05,-0.002994841,0.26844332,0.984375,0.015625,0.03881836,0.49511072039604187
6373376,2307.3643874532145,7.0,474.42786,500.0,106.9931,-1.0,-0.02331543,1.0,0.23242593,-0.017935406,-0.00527875,0.00019700681,-0.0053772526,0.26433277,0.984375,0.015625,0.03894043,0.49512389302253723
6381568,2308.795277980463,7.0,474.5415,500.0,106.77227,-1.0,-0.02331543,1.0,0.23190014,-0.017971583,-0.003988831,4.8169226e-05,-0.004012916,0.26799923,0.9844971,0.01550293,0.03881836,0.49487388134002686
6389760,2307.7622043837205,7.0,474.5415,500.0,106.77226,-1.0,-0.02331543,1.0,0.23190014,-0.017971583,-0.0016884801,1.5655669e-05,-0.0016963079,0.2650408,0.9844971,0.01550293,0.03881836,0.4946238696575165
6397952,2308.035192027841,7.0,474.42346,500.0,107.01106,-1.0,-0.02355957,1.0,0.23240131,-0.018180635,-0.0067742616,0.00027216948,-0.0069103464,0.2685147,0.9844971,0.01550293,0.0390625,0.4949294328689575
6406144,2305.931091060006,7.0,474.47913,500.0,106.9057,-1.0,-0.0234375,1.0,0.23215091,-0.018101398,-0.003731787,2.1093756e-05,-0.0037423335,0.27864635,0.9844971,0.01550293,0.03894043,0.49467942118644714
6414336,2307.5122161405934,7.0,474.47913,500.0,106.9057,-1.0,-0.0234375,1.0,0.23215091,-0.0181014,-0.0027419124,2.5505566e-05,-0.0027546647,0.28335053,0.9844971,0.01550293,0.03894043,0.49442940950393677
6422528,2307.1164992584404,7.0,474.47913,500.0,106.90571,-1.0,-0.0234375,1.0,0.23215091,-0.018101398,-0.0035235528,5.4420984e-06,-0.0035262736,0.28182924,0.9844971,0.01550293,0.03894043,0.4941793978214264
6430720,2307.6172882953215,7.0,474.47913,500.0,106.90571,-1.0,-0.0234375,1.0,0.23215091,-0.018101398,-0.0053690183,1.3200192e-05,-0.0053756186,0.27513093,0.9844971,0.01550293,0.03894043,0.493929386138916
6438912,2307.676492455466,7.0,474.36316,500.0,107.13549,-1.0,-0.0234375,1.0,0.23267613,-0.018122712,-0.004362652,0.00054894725,-0.0046371263,0.2710313,0.984375,0.015625,0.0390625,0.4942057132720947
6447104,2307.173044063379,7.0,474.30383,500.0,107.25577,-1.0,-0.02331543,1.0,0.23295054,-0.018015593,-0.0012590082,0.00021971171,-0.001368864,0.2686032,0.9842529,0.01574707,0.0390625,0.49395570158958435
6455296,2313.527544182585,7.0,474.2395,500.0,107.39562,-1.0,-0.02368164,1.0,0.2331755,-0.018274207,-0.006693766,0.00024030606,-0.00681392,0.27030596,0.984375,0.015625,0.03930664,0.4944951832294464
6463488,2309.771204395536,7.0,474.2395,500.0,107.39562,-1.0,-0.02368164,1.0,0.2331755,-0.018274207,-0.006234748,1.515015e-05,-0.006242323,0.27457872,0.984375,0.015625,0.03930664,0.49424517154693604
6471680,2306.845432525399,7.0,474.23608,500.0,107.41008,-1.0,-0.0234375,1.0,0.23320018,-0.018077461,-0.0055175307,0.00025738782,-0.005646225,0.27100515,0.9842529,0.01574707,0.03918457,0.4942583441734314
6479872,2309.6825485215163,7.0,474.3462,500.0,107.20428,-1.0,-0.02319336,1.0,0.23270059,-0.01789783,-0.005018554,0.00011920399,-0.0050781565,0.26349685,0.9842529,0.01574707,0.03894043,0.494008332490921
6488064,2316.398620451421,7.0,474.3446,500.0,107.21101,-1.0,-0.02319336,1.0,0.23270059,-0.017911214,-0.0023040066,9.5977455e-05,-0.0023519953,0.256458,0.9842529,0.01574707,0.03894043,0.4940524399280548
6496256,2308.815446227339,7.0,474.2262,500.0,107.45018,-1.0,-0.0234375,1.0,0.23320018,-0.018123407,-0.002364335,0.0003243798,-0.002526525,0.26291007,0.9842529,0.01574707,0.03918457,0.49435800313949585
6504448,2308.7416011325554,7.0,474.28516,500.0,107.331726,-1.0,-0.02331543,1.0,0.23295054,-0.018019471,-0.0044995435,2.8793274e-05,-0.004513941,0.26678893,0.9842529,0.01574707,0.0390625,0.4941079914569855
6512640,2314.236228741497,7.0,474.2826,500.0,107.342384,-1.0,-0.023071289,1.0,0.23297486,-0.017833252,-0.004486776,0.00024307707,-0.004608314,0.25080818,0.98413086,0.01586914,0.03894043,0.4938579797744751
6520832,2339.2295643832567,7.0,474.10718,500.0,107.69137,-1.0,-0.022949219,1.0,0.2337715,-0.017694118,-0.0042491145,0.00048653746,-0.004492384,0.23732936,0.9838867,0.016113281,0.0390625,0.4938579797744751
6529024,2309.8045879683273,7.0,474.1548,500.0,107.61506,-1.0,-0.023071289,1.0,0.23349823,-0.017713502,-0.004037584,0.00025943466,-0.0041673016,0.23326203,0.9840088,0.015991211,0.0390625,0.49388575553894043
6537216,2308.8644720505326,7.0,474.20825,500.0,107.51905,-1.0,-0.022949219,1.0,0.23324874,-0.017647378,-0.0024783486,2.092188e-05,-0.0024888096,0.23535654,0.9840088,0.015991211,0.03894043,0.49363574385643005
6545408,2337.6659199595056,7.0,474.2069,500.0,107.52472,-1.0,-0.022949219,1.0,0.23324874,-0.017658588,-0.004756815,9.925508e-05,-0.0048064427,0.23337272,0.9840088,0.015991211,0.03894043,0.49367985129356384
6553600,2308.487988514983,7.0,474.2069,500.0,107.52472,-1.0,-0.022949219,1.0,0.23324874,-0.01765859,-0.0053558014,1.9575611e-05,-0.0053655896,0.22644693,0.9840088,0.015991211,0.03894043,0.49342983961105347
6561792,2307.9995340975943,7.0,474.26648,500.0,107.403755,-1.0,-0.023071289,1.0,0.23297486,-0.017767884,-0.0017462067,1.6958036e-05,-0.0017546858,0.21839106,0.98413086,0.01586914,0.03894043,0.4931798279285431
6569984,2307.7054757042633,7.0,474.32495,500.0,107.28729,-1.0,-0.022949219,1.0,0.2327248,-0.017668042,-0.0048703,1.1257548e-05,-0.0048759286,0.2116519,0.98413086,0.01586914,0.03881836,0.4929298162460327
6578176,2342.2652555160903,7.0,474.20728,500.0,107.52314,-1.0,-0.022705078,1.0,0.23327261,-0.017462242,-0.00494447,0.00040292274,-0.005145931,0.20037268,0.9838867,0.016113281,0.03881836,0.49267980456352234
6586368,2308.4006718061446,7.0,474.10693,500.0,107.75416,-1.0,-0.022583008,1.0,0.23354594,-0.017454278,-0.00247447,0.00016256484,-0.0025557522,0.17494175,0.98376465,0.016235352,0.03881836,0.49270758032798767
6594560,2310.630634003946,7.0,474.1283,500.0,107.74194,-1.0,-0.022460938,1.0,0.23329626,-0.017449576,-0.0034654113,1.6682297e-05,-0.0034737522,0.1530171,0.98376465,0.016235352,0.03869629,0.4924575686454773
6602752,2360.062274797276,7.0,474.16943,500.0,107.68746,-1.0,-0.022338867,1.0,0.23304622,-0.017425613,-0.003518656,3.073056e-05,-0.0035340213,0.14942928,0.98376465,0.016235352,0.03857422,0.4922075569629669
6610944,2309.763440912259,7.0,474.198,500.0,107.663284,-1.0,-0.022216797,1.0,0.23279583,-0.017417103,-0.002271504,2.6453614e-05,-0.0022847308,0.15272997,0.98376465,0.016235352,0.03845215,0.49195754528045654
6619136,2310.351750235895,7.0,474.1963,500.0,107.67045,-1.0,-0.022460938,1.0,0.23277244,-0.017615281,-0.0024119169,0.00024970534,-0.0025367695,0.15460108,0.9838867,0.016113281,0.03857422,0.49200165271759033
6627328,2308.3476336199824,7.0,474.25513,500.0,107.55277,-1.0,-0.022338867,1.0,0.23252182,-0.017512351,-0.003873192,0.00014672568,-0.003946555,0.1576466,0.9838867,0.016113281,0.03845215,0.4920457601547241
6635520,2308.934601214189,7.0,474.25513,500.0,107.55277,-1.0,-0.022338867,1.0,0.23252182,-0.017512351,0.00091412663,2.0518803e-05,0.00090386724,0.16355571,0.9838867,0.016113281,0.03845215,0.49179574847221375
6643712,2334.2846295901636,7.0,474.25537,500.0,107.551735,-1.0,-0.022338867,1.0,0.23252182,-0.017510304,-0.005188671,0.00013525679,-0.0052562994,0.17366326,0.9838867,0.016113281,0.03845215,0.49183985590934753
6651904,2383.071571549876,7.0,474.19202,500.0,107.688576,-1.0,-0.022460938,1.0,0.23277244,-0.017651781,-0.004260025,0.0003945871,-0.004457318,0.17919654,0.9838867,0.016113281,0.03857422,0.4923793375492096
6660096,2370.0820504373305,7.0,474.13306,500.0,107.80659,-1.0,-0.022338867,1.0,0.23304622,-0.017547844,-0.003421782,0.00014964842,-0.003496606,0.18447752,0.98376465,0.016235352,0.03857422,0.4921293258666992
6668288,2321.825929168228,7.0,474.12866,500.0,107.82485,-1.0,-0.022338867,1.0,0.23304622,-0.017513303,-0.0024544292,9.7456505e-05,-0.0025031574,0.18396601,0.98376465,0.016235352,0.03857422,0.49187931418418884
6676480,2308.034106770229,7.0,474.01135,500.0,108.05778,-1.0,-0.022583008,1.0,0.23354594,-0.017716022,-0.006348666,0.00035877893,-0.0065280553,0.19184753,0.98376465,0.016235352,0.03881836,0.4921848773956299
6684672,2307.284902499347,7.0,474.01135,500.0,108.05778,-1.0,-0.022583008,1.0,0.23354594,-0.017716022,-0.0031273405,9.759064e-06,-0.00313222,0.18371844,0.98376465,0.016235352,0.03881836,0.4919348657131195
6692864,2308.5202492898356,7.0,473.95166,500.0,108.17841,-1.0,-0.022705078,1.0,0.23379533,-0.01782642,-0.0023371447,8.202505e-05,-0.0023781569,0.17258693,0.98376465,0.016235352,0.03894043,0.49196264147758484
6701056,2311.6356398533057,7.0,474.00916,500.0,108.06711,-1.0,-0.022583008,1.0,0.23354594,-0.01773509,-0.005572087,0.00017813208,-0.0056611532,0.16828826,0.98376465,0.016235352,0.03881836,0.49199041724205017
6709248,2331.875540421022,7.0,474.00854,500.0,108.06972,-1.0,-0.022583008,1.0,0.23354594,-0.017729625,-0.0024670074,8.847883e-05,-0.0025112466,0.15744147,0.98376465,0.016235352,0.03881836,0.4917404055595398
6717440,2312.3352292473064,7.0,473.94885,500.0,108.1904,-1.0,-0.022949219,1.0,0.2337715,-0.017994503,-0.007847011,0.0003087278,-0.008001374,0.15255126,0.9838867,0.016113281,0.0390625,0.49204596877098083
6725632,2336.5115187630918,7.0,473.82935,500.0,108.43165,-1.0,-0.022949219,1.0,0.2342931,-0.017993387,-0.0049422486,0.00013641478,-0.005010456,0.15262339,0.98376465,0.016235352,0.03918457,0.49207374453544617
6733824,2306.15333969253,7.0,473.70984,500.0,108.67222,-1.0,-0.02319336,1.0,0.23478954,-0.018215299,-0.005606139,0.00015975311,-0.005686016,0.1514245,0.98376465,0.016235352,0.03942871,0.4923500716686249
6742016,2308.2781603850367,7.0,473.76404,500.0,108.57455,-1.0,-0.023071289,1.0,0.23454149,-0.018145064,-0.004062137,6.911139e-05,-0.0040966934,0.15159154,0.98376465,0.016235352,0.03930664,0.4921000599861145
6750208,2308.507065691165,7.0,473.76282,500.0,108.5796,-1.0,-0.022827148,1.0,0.23456538,-0.017951066,-0.0044472627,0.00024972914,-0.0045721275,0.1502265,0.9836426,0.016357422,0.03918457,0.4918500483036041
6758400,2319.0118213135142,7.0,473.76282,500.0,108.5796,-1.0,-0.022827148,1.0,0.23456538,-0.017951064,-0.00056026905,2.9538809e-05,-0.00057503855,0.14414291,0.9836426,0.016357422,0.03918457,0.49160003662109375
6766592,2331.1645536538977,7.0,473.64392,500.0,108.81721,-1.0,-0.022583008,1.0,0.23510876,-0.01773046,-0.0025300474,0.00034972475,-0.0027049095,0.13669024,0.98339844,0.016601562,0.03918457,0.4916132092475891
6774784,2307.7518194169106,7.0,473.75916,500.0,108.59474,-1.0,-0.022827148,1.0,0.23456538,-0.017917933,-0.003854068,2.672579e-05,-0.0038674306,0.12118326,0.9836426,0.016357422,0.03918457,0.49136319756507874
6782976,2323.7344000049775,7.0,473.7561,500.0,108.6074,-1.0,-0.022827148,1.0,0.23456538,-0.017942462,-0.0028678698,0.00012529787,-0.0029305192,0.105628826,0.9836426,0.016357422,0.03918457,0.49139097332954407
6791168,2328.0576972434123,7.0,473.75513,500.0,108.61153,-1.0,-0.023071289,1.0,0.23454149,-0.01815473,-0.0038293034,2.9637118e-05,-0.003844122,0.09391989,0.98376465,0.016235352,0.03930664,0.49143508076667786
6799360,2306.7933950013635,7.0,473.57666,500.0,108.96805,-1.0,-0.0234375,1.0,0.23528469,-0.018480446,-0.0028731981,0.00024056887,-0.0029934826,0.08868067,0.98376465,0.016235352,0.03967285,0.4919350743293762
6807552,2307.064604410945,7.0,473.69165,500.0,108.74689,-1.0,-0.0234375,1.0,0.2347653,-0.01850833,-0.0032849635,9.487983e-06,-0.0032897075,0.086739995,0.9838867,0.016113281,0.03955078,0.49168506264686584
6815744,2307.2055779469756,7.0,473.7484,500.0,108.63919,-1.0,-0.02355957,1.0,0.23449293,-0.01859507,-0.0025264118,1.3936114e-05,-0.00253338,0.0857611,0.9840088,0.015991211,0.03955078,0.49143505096435547
6823936,2308.56026631152,7.0,473.7484,500.0,108.63919,-1.0,-0.02355957,1.0,0.23449293,-0.01859507,-0.004195868,2.5753703e-05,-0.0042087454,0.082219854,0.9840088,0.015991211,0.03955078,0.4911850392818451
6832128,2309.321939874773,7.0,473.68604,500.0,108.77019,-1.0,-0.02368164,1.0,0.23474078,-0.018727377,-0.004713614,0.00026797148,-0.0048476,0.07438078,0.9840088,0.015991211,0.03967285,0.49149060249328613
6840320,2308.42796726119,7.0,473.68738,500.0,108.76472,-1.0,-0.02368164,1.0,0.23474078,-0.01871734,-0.004774835,0.0001469811,-0.0048483256,0.078109354,0.9840088,0.015991211,0.03967285,0.4915347099304199
6848512,2309.2632720641336,7.0,473.57068,500.0,108.99267,-1.0,-0.02368164,1.0,0.23526023,-0.018731259,-0.0028863212,0.00033860886,-0.0030556256,0.07968086,0.9838867,0.016113281,0.039794922,0.49156248569488525
6856704,2393.994287116931,7.0,473.51306,500.0,109.10339,-1.0,-0.023803711,1.0,0.23550723,-0.018824318,-0.003739743,0.00010775686,-0.0037936214,0.08401199,0.9838867,0.016113281,0.039916992,0.49160659313201904
6864896,2309.14982504495,7.0,473.51306,500.0,109.10339,-1.0,-0.023803711,1.0,0.23550723,-0.018824318,-0.002971393,1.6241127e-05,-0.0029795137,0.09022249,0.9838867,0.016113281,0.039916992,0.49135658144950867
6873088,2348.5226147840626,7.0,473.56897,500.0,108.99954,-1.0,-0.02368164,1.0,0.23526022,-0.018743474,-0.0042038863,2.0323356e-05,-0.0042140484,0.0770418,0.9838867,0.016113281,0.039794922,0.4911065697669983
6881280,2305.4598057199187,7.0,473.68652,500.0,108.76803,-1.0,-0.0234375,1.0,0.2347653,-0.018537961,-0.0014622237,3.5992158e-05,-0.0014802197,0.07113502,0.9838867,0.016113281,0.03955078,0.4908565580844879
6889472,2308.2749039297537,7.0,473.72913,500.0,108.709946,-1.0,-0.02331543,1.0,0.23451732,-0.018510928,-0.002631527,1.692825e-05,-0.0026399912,0.07422996,0.9838867,0.016113281,0.03942871,0.49060654640197754
6897664,2306.4575306848114,7.0,473.72913,500.0,108.70995,-1.0,-0.02331543,1.0,0.23451732,-0.018510927,-0.003672493,1.1508694e-05,-0.003678247,0.064348,0.9838867,0.016113281,0.03942871,0.49035653471946716
6905856,2307.3651621873155,7.0,473.72913,500.0,108.70995,-1.0,-0.02331543,1.0,0.23451732,-0.018510927,-0.0010593152,1.1387867e-05,-0.0010650089,0.061714143,0.9838867,0.016113281,0.03942871,0.4901065230369568
6914048,2308.5269186971072,7.0,473.72913,500.0,108.70995,-1.0,-0.02331543,1.0,0.23451732,-0.018510928,-0.002630991,1.5106918e-05,-0.0026385444,0.06144046,0.9838867,0.016113281,0.03942871,0.4898565113544464
6922240,2308.6196739836,7.0,473.66968,500.0,108.82866,-1.0,-0.0234375,1.0,0.2347653,-0.01861913,-0.0053158375,0.00010560147,-0.005368638,0.06797532,0.9838867,0.016113281,0.03955078,0.4899006187915802
6930432,2308.8965881962877,7.0,473.7179,500.0,108.752785,-1.0,-0.02355957,1.0,0.23449293,-0.01866205,0.0032085762,2.8391842e-05,0.0031943796,0.0673411,0.9840088,0.015991211,0.03955078,0.4896506071090698
6938624,2340.0587857753853,7.0,473.6582,500.0,108.872475,-1.0,-0.0234375,1.0,0.2347653,-0.018551651,-0.002562298,0.00013667917,-0.002630638,0.06187035,0.9838867,0.016113281,0.03955078,0.48940059542655945
6946816,2358.3427812815344,7.0,473.70703,500.0,108.79455,-1.0,-0.02355957,1.0,0.23449293,-0.018596783,-0.0060958914,2.4799921e-05,-0.0061082914,0.04952936,0.9840088,0.015991211,0.03955078,0.4891505837440491
6955008,2308.227143641209,7.0,473.76538,500.0,108.68039,-1.0,-0.02368164,1.0,0.23422018,-0.018695628,-0.004883089,1.3727749e-05,-0.0048899534,0.0363272,0.98413086,0.01586914,0.03955078,0.4889005720615387
6963200,2308.238618335347,7.0,473.87756,500.0,108.46982,-1.0,-0.0234375,1.0,0.23372304,-0.018529736,-0.0046726107,1.5341633e-05,-0.0046802815,0.0213321,0.98413086,0.01586914,0.03930664,0.4886505603790283
6971392,2305.518125731006,7.0,473.70068,500.0,108.82035,-1.0,-0.02331543,1.0,0.23451732,-0.018415414,-0.005968195,0.0004187865,-0.0061775884,0.014878899,0.9838867,0.016113281,0.03942871,0.4886637330055237
6979584,2307.5461543302113,7.0,473.64124,500.0,108.93893,-1.0,-0.02319336,1.0,0.23478954,-0.01830721,-0.003908215,0.0001567768,-0.003986603,0.0031316727,0.98376465,0.016235352,0.03942871,0.4884137213230133
6987776,2307.581643276592,7.0,473.81213,500.0,108.613205,-1.0,-0.022827148,1.0,0.23404439,-0.01803945,-0.0018804738,1.5454405e-05,-0.0018882013,-0.0066455454,0.98376465,0.016235352,0.0390625,0.48816370964050293
6995968,2351.006617422419,7.0,473.87195,500.0,108.49262,-1.0,-0.022705078,1.0,0.23379533,-0.017927937,-0.0004975938,1.845258e-05,-0.00050682004,-0.00042112172,0.98376465,0.016235352,0.03894043,0.48791369795799255
7004160,2371.639774165164,7.0,473.87195,500.0,108.49262,-1.0,-0.022705078,1.0,0.23379533,-0.017927937,-0.0070849936,8.789818e-06,-0.0070893886,0.00033024698,0.98376465,0.016235352,0.03894043,0.4876636862754822
7012352,2391.128592618037,7.0,473.93018,500.0,108.37857,-1.0,-0.022827148,1.0,0.23352224,-0.018025793,-0.0034298738,7.974234e-06,-0.0034338608,0.0008581951,0.9838867,0.016113281,0.03894043,0.4874136745929718
7020544,2306.2720652548405,7.0,473.87085,500.0,108.49723,-1.0,-0.022949219,1.0,0.2337715,-0.01813291,-0.004827034,0.00014701845,-0.004900543,0.0053776503,0.9838867,0.016113281,0.0390625,0.4874577820301056
7028736,2308.887899682223,7.0,473.9275,500.0,108.38963,-1.0,-0.022827148,1.0,0.23352224,-0.018046504,-0.0040897713,0.0002118264,-0.004195685,0.0054742172,0.9838867,0.016113281,0.03894043,0.4875018894672394
7036928,2309.284379716183,7.0,473.87292,500.0,108.48895,-1.0,-0.022949219,1.0,0.2337715,-0.018118888,-0.003301102,0.00020201207,-0.003402108,0.008711457,0.9838867,0.016113281,0.0390625,0.48754599690437317
7045120,2306.7102327613215,7.0,473.86755,500.0,108.510826,-1.0,-0.02319336,1.0,0.2337474,-0.01830206,-0.0046701687,7.428859e-05,-0.004707313,0.0049503148,0.9840088,0.015991211,0.03918457,0.48759010434150696
7053312,2310.700093524886,7.0,473.86047,500.0,108.53888,-1.0,-0.02319336,1.0,0.2337474,-0.018255215,-0.001044598,0.00019785813,-0.001143527,-0.007430002,0.9840088,0.015991211,0.03918457,0.4873400926589966
7061504,2328.401775697711,7.0,473.8225,500.0,108.64527,-1.0,-0.02319336,1.0,0.23374738,-0.018357633,-0.004316949,0.00012276058,-0.004378329,-0.01365222,0.9840088,0.015991211,0.03918457,0.48738420009613037
7069696,2307.420479546872,7.0,473.8811,500.0,108.529884,-1.0,-0.02331543,1.0,0.23347397,-0.018475454,-0.001291205,0.00014780567,-0.0013651077,-0.015700728,0.98413086,0.01586914,0.03918457,0.48742830753326416
7077888,2306.6945921160927,7.0,473.94067,500.0,108.41022,-1.0,-0.02319336,1.0,0.23322457,-0.018366162,-0.0021665292,9.079068e-06,-0.0021710685,-0.018362455,0.98413086,0.01586914,0.0390625,0.4871782958507538
7086080,2308.162949483897,7.0,473.8827,500.0,108.52331,-1.0,-0.02331543,1.0,0.23347397,-0.01848166,-0.0017575313,0.0003345165,-0.0019247897,-0.018759198,0.98413086,0.01586914,0.03918457,0.4872060716152191
7094272,2342.7518699372804,7.0,473.82275,500.0,108.64439,-1.0,-0.0234375,1.0,0.23372304,-0.018594299,-0.0023781045,7.3833675e-05,-0.0024150212,-0.025868215,0.98413086,0.01586914,0.03930664,0.48723384737968445
7102464,2373.203152986018,7.0,473.8816,500.0,108.52797,-1.0,-0.02331543,1.0,0.23347397,-0.018491402,0.0013218679,4.8515936e-05,0.0012976099,-0.03044086,0.98413086,0.01586914,0.03918457,0.4869838356971741
7110656,2360.8665908517646,7.0,473.99756,500.0,108.30178,-1.0,-0.023071289,1.0,0.23297486,-0.01829943,-0.004558305,2.4650819e-05,-0.0045706304,-0.035058655,0.98413086,0.01586914,0.03894043,0.4867338240146637
7118848,2308.0903864750785,7.0,473.9961,500.0,108.307976,-1.0,-0.023071289,1.0,0.23297486,-0.01828676,-0.0027437664,8.035244e-05,-0.0027839425,-0.038470484,0.98413086,0.01586914,0.03894043,0.4864838123321533
7127040,2310.519849271727,7.0,473.9961,500.0,108.307976,-1.0,-0.023071289,1.0,0.23297486,-0.01828676,-0.0004959012,1.9388557e-05,-0.0005055955,-0.03961747,0.98413086,0.01586914,0.03894043,0.48623380064964294
7135232,2308.0806187261596,7.0,473.9961,500.0,108.307976,-1.0,-0.023071289,1.0,0.23297486,-0.01828676,-0.004827125,6.4762567e-06,-0.004830363,-0.033874422,0.98413086,0.01586914,0.03894043,0.48598378896713257
7143424,2308.5354493904842,7.0,474.11096,500.0,108.085434,-1.0,-0.023071289,1.0,0.2324503,-0.01825435,0.00010631379,2.31341e-05,9.4746705e-05,-0.030154444,0.9842529,0.01574707,0.03881836,0.4857337772846222
7151616,2357.289483939025,7.0,474.09827,500.0,108.132996,-1.0,-0.023071289,1.0,0.2324503,-0.018321741,-0.0007982012,0.00020288194,-0.00089964236,-0.027379766,0.9842529,0.01574707,0.03881836,0.485777884721756
7159808,2348.180427739767,7.0,473.92102,500.0,108.4865,-1.0,-0.02319336,1.0,0.23322457,-0.01842044,-0.005257831,0.0004959334,-0.0055057975,-0.023750521,0.98413086,0.01586914,0.0390625,0.4860542118549347
7168000,2314.4444912366353,7.0,473.86182,500.0,108.60453,-1.0,-0.023071289,1.0,0.23349823,-0.018314391,-0.00096532115,0.0001837962,-0.0010572195,-0.023319945,0.9840088,0.015991211,0.0390625,0.4858042001724243
7176192,2321.411172545199,7.0,473.8606,500.0,108.60962,-1.0,-0.02331543,1.0,0.23347397,-0.018514328,-0.005276506,0.00020177706,-0.005377395,-0.02004774,0.98413086,0.01586914,0.03918457,0.4858483076095581
7184384,2312.3408314045732,7.0,473.9779,500.0,108.37805,-1.0,-0.023071289,1.0,0.23297486,-0.018311609,0.00024620732,1.1290121e-05,0.00024056219,-0.017961517,0.98413086,0.01586914,0.03894043,0.48559829592704773
7192576,2318.773003958883,7.0,473.9181,500.0,108.49882,-1.0,-0.02319336,1.0,0.23322457,-0.01842312,-0.0014624782,0.0001619204,-0.0015434384,-0.019729093,0.98413086,0.01586914,0.0390625,0.4856424033641815
7200768,2308.4597610766264,7.0,473.9181,500.0,108.49882,-1.0,-0.02319336,1.0,0.23322457,-0.018423121,-0.0033942196,9.552682e-06,-0.003398996,-0.017179891,0.98413086,0.01586914,0.0390625,0.48539239168167114
7208960,2308.599664269539,7.0,473.9176,500.0,108.500885,-1.0,-0.02319336,1.0,0.23322457,-0.018421087,-0.002218285,0.00026619836,-0.0023513844,-0.009492122,0.98413086,0.01586914,0.0390625,0.4854201674461365
7217152,2307.549253758006,7.0,473.9148,500.0,108.51266,-1.0,-0.02319336,1.0,0.23322457,-0.01842253,-0.0018750264,0.00019507176,-0.0019725622,-0.01412005,0.98413086,0.01586914,0.0390625,0.4854479432106018
7225344,2308.3902810923255,7.0,473.79614,500.0,108.74955,-1.0,-0.0234375,1.0,0.23372304,-0.01863704,-0.0042897733,0.0003444343,-0.00446199,-0.016412623,0.98413086,0.01586914,0.03930664,0.48575350642204285
7233536,2308.9850285776033,7.0,473.85547,500.0,108.631195,-1.0,-0.02331543,1.0,0.23347397,-0.01852992,-0.0031097298,1.4593083e-05,-0.0031170263,-0.011074677,0.98413086,0.01586914,0.03918457,0.48550349473953247
7241728,2309.5931232214957,7.0,473.85486,500.0,108.63378,-1.0,-0.023071289,1.0,0.23349823,-0.018312357,-0.0026154914,5.8054135e-05,-0.0026445184,-0.011285104,0.9840088,0.015991211,0.0390625,0.4852534830570221
7249920,2310.1759094016875,7.0,473.85486,500.0,108.63378,-1.0,-0.023071289,1.0,0.23349823,-0.018312357,-0.0023917013,9.516523e-06,-0.0023964597,-0.014283277,0.9840088,0.015991211,0.0390625,0.4850034713745117
7258112,2307.661458650603,7.0,473.91382,500.0,108.51683,-1.0,-0.022949219,1.0,0.23324874,-0.018208422,-0.005240889,1.0796594e-05,-0.005246287,-0.018548451,0.9840088,0.015991211,0.03894043,0.48475345969200134
7266304,2342.61035241214,7.0,473.91467,500.0,108.513336,-1.0,-0.02319336,1.0,0.23322457,-0.018405847,-0.003003724,0.0002796973,-0.0031435722,-0.015408196,0.98413086,0.01586914,0.0390625,0.48502978682518005
7274496,2307.960311646872,7.0,473.85547,500.0,108.63133,-1.0,-0.023071289,1.0,0.23349823,-0.0182998,-0.004131643,0.00014576975,-0.004204528,-0.01790969,0.9840088,0.015991211,0.0390625,0.4847797751426697
7282688,2308.5639888956957,7.0,473.85547,500.0,108.63133,-1.0,-0.023071289,1.0,0.23349823,-0.0182998,-0.004695003,2.2967757e-05,-0.004706487,-0.030374557,0.9840088,0.015991211,0.0390625,0.4845297634601593
7290880,2309.173258467879,7.0,473.91162,500.0,108.52606,-1.0,-0.022705078,1.0,0.23327261,-0.018004443,-0.0031204526,5.758984e-05,-0.0031492475,-0.043843873,0.9838867,0.016113281,0.03881836,0.4842797517776489
7299072,2307.794134867146,7.0,473.85303,500.0,108.64148,-1.0,-0.022583008,1.0,0.23354594,-0.017903594,-0.003695577,0.00042970767,-0.0039104307,-0.062072523,0.98376465,0.016235352,0.03881836,0.48402974009513855
7307264,2308.4417703222693,7.0,473.85303,500.0,108.64148,-1.0,-0.022583008,1.0,0.23354594,-0.017903594,-0.0044057136,0.0002034367,-0.0045074318,-0.06789379,0.98376465,0.016235352,0.03881836,0.4837797284126282
7315456,2307.5628913392193,7.0,473.85303,500.0,108.64148,-1.0,-0.022583008,1.0,0.23354594,-0.017903592,-0.00449233,1.0072628e-05,-0.0044973665,-0.08148624,0.98376465,0.016235352,0.03881836,0.4835297167301178
7323648,2309.8909239150016,7.0,473.79517,500.0,108.75369,-1.0,-0.022705078,1.0,0.23379533,-0.017998543,-0.004338665,0.00017920186,-0.0044282656,-0.08375821,0.98376465,0.016235352,0.03894043,0.4835738241672516
7331840,2306.514352858032,7.0,473.7937,500.0,108.759865,-1.0,-0.022705078,1.0,0.23379533,-0.018011212,-0.004476032,5.170079e-05,-0.0045018825,-0.077081524,0.98376465,0.016235352,0.03894043,0.4836015999317169
7340032,2307.3524566137544,7.0,473.79236,500.0,108.76549,-1.0,-0.022949219,1.0,0.2337715,-0.01821629,-0.0020661317,0.00018279601,-0.0021575298,-0.067754745,0.9838867,0.016113281,0.0390625,0.4836457073688507
7348224,2310.2534189792127,7.0,473.7954,500.0,108.82596,-1.0,-0.023071289,1.0,0.23349823,-0.01833272,-0.005294549,0.00017391209,-0.0053815045,-0.06525226,0.9840088,0.015991211,0.0390625,0.4836898148059845
7356416,2308.2111722973855,7.0,473.73547,500.0,108.94665,-1.0,-0.022949219,1.0,0.2337715,-0.01822008,-0.004937893,5.1006766e-05,-0.004963396,-0.06959771,0.9838867,0.016113281,0.0390625,0.4834398031234741
7364608,2306.769854987931,7.0,473.67578,500.0,109.06677,-1.0,-0.023071289,1.0,0.23402044,-0.018385686,-0.004162497,0.0005763997,-0.004450697,-0.07005752,0.9838867,0.016113281,0.03918457,0.4839397966861725
7372800,2308.1093020334492,7.0,473.67358,500.0,109.07592,-1.0,-0.023071289,1.0,0.23402044,-0.018404141,-0.00493159,4.2303465e-05,-0.004952742,-0.06704609,0.9838867,0.016113281,0.03918457,0.4839839041233063
7380992,2307.9798451908714,7.0,473.73376,500.0,108.95441,-1.0,-0.022949219,1.0,0.2337715,-0.018300096,-0.003909032,0.00026521645,-0.00404164,-0.068091355,0.9838867,0.016113281,0.0390625,0.4837338924407959
7389184,2309.2176436055656,7.0,473.72876,500.0,108.97494,-1.0,-0.02319336,1.0,0.2337474,-0.01854505,-0.0015404809,0.00013819041,-0.0016095759,-0.06926056,0.9840088,0.015991211,0.03918457,0.48403945565223694
7397376,2306.7413598249873,7.0,473.66626,500.0,109.10604,-1.0,-0.02331543,1.0,0.23399623,-0.018678462,-0.0047078505,3.202001e-05,-0.0047238604,-0.06705913,0.9840088,0.015991211,0.03930664,0.484345018863678
7405568,2307.4396940403,7.0,473.66626,500.0,109.10603,-1.0,-0.02331543,1.0,0.23399623,-0.018678462,0.000466121,5.1221432e-05,0.0004405101,-0.07078983,0.9840088,0.015991211,0.03930664,0.4840950071811676
7413760,2307.8748950332083,7.0,473.66614,500.0,109.106544,-1.0,-0.02331543,1.0,0.23399623,-0.018679501,-0.003425014,0.00031162705,-0.0035808273,-0.075893655,0.9840088,0.015991211,0.03930664,0.4841391146183014
7421952,2306.617166303262,7.0,473.66614,500.0,109.106544,-1.0,-0.02331543,1.0,0.23399623,-0.018679501,-0.00080075243,3.7206686e-05,-0.00081935595,-0.080555916,0.9840088,0.015991211,0.03930664,0.483889102935791
7430144,2307.7029958256185,7.0,473.70898,500.0,109.04839,-1.0,-0.0234375,1.0,0.23372304,-0.01887079,0.00090846367,9.55272e-05,0.00086070003,-0.08691398,0.98413086,0.01586914,0.03930664,0.4839022755622864
7438336,2321.6254345057114,7.0,473.74756,500.0,109.01039,-1.0,-0.02331543,1.0,0.23347397,-0.018837856,-0.0016715223,0.00030311034,-0.0018230774,-0.09417034,0.98413086,0.01586914,0.03918457,0.4839300513267517
7446528,2308.9446865106606,7.0,473.80664,500.0,108.89339,-1.0,-0.0234375,1.0,0.23320018,-0.018942844,-0.004438333,1.1494178e-05,-0.0044440804,-0.09925819,0.9842529,0.01574707,0.03918457,0.48368003964424133
7454720,2308.2486975526936,7.0,473.86133,500.0,108.79404,-1.0,-0.02355957,1.0,0.23292598,-0.0190178,-0.0015694618,5.3301836e-05,-0.0015961127,-0.10445233,0.984375,0.015625,0.03918457,0.4837241470813751
7462912,2307.8824908098763,7.0,473.9796,500.0,108.558754,-1.0,-0.02331543,1.0,0.23242593,-0.018806767,0.00057338516,4.6080877e-05,0.00055034476,-0.10206959,0.984375,0.015625,0.03894043,0.48347413539886475
7471104,2306.909553417582,7.0,474.15552,500.0,108.211044,-1.0,-0.022949219,1.0,0.23167337,-0.018503092,-0.00057569466,3.7692307e-06,-0.0005775794,-0.10413973,0.984375,0.015625,0.03857422,0.48322412371635437
7479296,2307.0218510070167,7.0,474.1527,500.0,108.22281,-1.0,-0.022705078,1.0,0.23169741,-0.01830106,-0.0041291937,0.00018236216,-0.0042203753,-0.1140941,0.9842529,0.01574707,0.03845215,0.482974112033844
7487488,2307.6546392573055,7.0,474.03442,500.0,108.45906,-1.0,-0.022460938,1.0,0.23224743,-0.018089704,-0.003751985,0.00024501284,-0.0038744912,-0.1309363,0.9840088,0.015991211,0.03845215,0.4827241003513336
7495680,2396.860839543873,7.0,474.03442,500.0,108.45906,-1.0,-0.022460938,1.0,0.23224743,-0.018089704,-0.00480756,7.370818e-06,-0.0048112455,-0.1502628,0.9840088,0.015991211,0.03845215,0.48247408866882324
7503872,2307.2013949676843,7.0,474.0254,500.0,108.4942,-1.0,-0.022705078,1.0,0.23222366,-0.01824616,-0.0027703778,0.00022423935,-0.0028824976,-0.15462157,0.98413086,0.01586914,0.03857422,0.4825018644332886
7512064,2306.3033352984494,7.0,474.12976,500.0,108.31237,-1.0,-0.022460938,1.0,0.23172122,-0.01812189,-0.0011075883,1.972028e-05,-0.0011174483,-0.15191159,0.98413086,0.01586914,0.038330078,0.4822518527507782
7520256,2326.293468488673,7.0,474.07043,500.0,108.43122,-1.0,-0.022583008,1.0,0.2319726,-0.01822901,-0.0024050984,0.00021776857,-0.0025139826,-0.13752854,0.98413086,0.01586914,0.03845215,0.482295960187912
7528448,2307.6478199043127,7.0,474.0962,500.0,108.41231,-1.0,-0.022460938,1.0,0.23172122,-0.018222256,-0.0025470764,1.3505844e-05,-0.0025538292,-0.13480017,0.98413086,0.01586914,0.038330078,0.4820459485054016
7536640,2360.8787570964323,7.0,474.03564,500.0,108.53623,-1.0,-0.022583008,1.0,0.2319726,-0.01834036,-0.002765113,0.00014432354,-0.0028372747,-0.13756844,0.98413086,0.01586914,0.03845215,0.48235151171684265
7544832,2434.757315913301,7.0,473.97644,500.0,108.65426,-1.0,-0.022705078,1.0,0.23222366,-0.018446408,-0.00421282,5.5695662e-05,-0.0042406674,-0.14155671,0.98413086,0.01586914,0.03857422,0.48239561915397644
7553024,2317.3959910902327,7.0,473.917,500.0,108.77318,-1.0,-0.022583008,1.0,0.23249824,-0.018338207,-0.0015979006,0.00015227779,-0.0016740395,-0.14710848,0.9840088,0.015991211,0.03857422,0.48214560747146606
7561216,2321.7674087594546,7.0,473.9756,500.0,108.65786,-1.0,-0.022460938,1.0,0.23224743,-0.018237356,-0.005444197,5.7853254e-06,-0.0054470897,-0.1552535,0.9840088,0.015991211,0.03845215,0.4818955957889557
7569408,2341.350705797231,7.0,473.9917,500.0,108.68144,-1.0,-0.022338867,1.0,0.23199624,-0.018306147,-0.0032842788,0.00029827253,-0.003433415,-0.16024235,0.9840088,0.015991211,0.038330078,0.48220115900039673
7577600,2310.54890398722,7.0,473.9917,500.0,108.68144,-1.0,-0.022338867,1.0,0.23199624,-0.018306147,-0.0057312585,2.1465896e-05,-0.005741991,-0.15999894,0.9840088,0.015991211,0.038330078,0.48195114731788635
7585792,2326.0674786752957,7.0,473.87244,500.0,108.92061,-1.0,-0.022338867,1.0,0.23252182,-0.018307317,-0.00295883,0.00039570252,-0.0031566808,-0.16521811,0.9838867,0.016113281,0.03845215,0.48222747445106506
7593984,2306.549964911442,7.0,473.92212,500.0,108.84043,-1.0,-0.021972656,1.0,0.23229413,-0.018036596,-0.00038218632,7.802224e-05,-0.00042119742,-0.1756556,0.98376465,0.016235352,0.038208008,0.4819774627685547
7602176,2307.338821519738,7.0,473.8623,500.0,108.96065,-1.0,-0.021850586,1.0,0.23256823,-0.017925084,0.00030620434,0.000136365,0.00023802175,-0.18393332,0.9836426,0.016357422,0.038208008,0.4817274510860443
7610368,2326.072517690742,7.0,474.01013,500.0,108.69796,-1.0,-0.021728516,1.0,0.23179103,-0.01791429,-0.0027772293,3.4450764e-05,-0.0027944546,-0.19681582,0.98376465,0.016235352,0.037963867,0.48147743940353394
7618560,2307.974264144561,7.0,474.05933,500.0,108.619606,-1.0,-0.022094727,1.0,0.23149292,-0.018172076,-0.0060192267,0.00011029488,-0.0060743736,-0.1987237,0.9840088,0.015991211,0.038085938,0.48150521516799927
7626752,2350.110466155758,7.0,473.94067,500.0,108.85645,-1.0,-0.022338867,1.0,0.23199624,-0.018368065,-0.0040427875,0.00037043254,-0.0042280033,-0.18803814,0.9840088,0.015991211,0.038330078,0.481781542301178
7634944,2307.362373146986,7.0,473.88086,500.0,108.97666,-1.0,-0.022216797,1.0,0.23227088,-0.01825655,0.00074574805,0.00014200929,0.00067474355,-0.17102514,0.9838867,0.016113281,0.038330078,0.4815315306186676
7643136,2307.635266200784,7.0,473.92627,500.0,108.91305,-1.0,-0.021850586,1.0,0.23204276,-0.018032743,-0.0035581107,0.0004551449,-0.003785683,-0.16444388,0.98376465,0.016235352,0.038085938,0.48155930638313293
7651328,2305.3263150507355,7.0,473.92908,500.0,108.90163,-1.0,-0.021850586,1.0,0.23204276,-0.018011928,-0.0042596115,0.00021315456,-0.004366189,-0.16952945,0.98376465,0.016235352,0.038085938,0.4816034138202667
7659520,2307.1939585975056,7.0,473.92627,500.0,108.91325,-1.0,-0.021850586,1.0,0.23204276,-0.018034484,-0.0037282323,9.970748e-05,-0.003778086,-0.17440166,0.98376465,0.016235352,0.038085938,0.48163118958473206
7667712,2306.5188430128765,7.0,473.9807,500.0,108.81475,-1.0,-0.021728516,1.0,0.23179103,-0.017962825,-0.0016061885,3.7151567e-05,-0.0016247642,-0.18260925,0.98376465,0.016235352,0.037963867,0.4813811779022217
7675904,2308.2901007996848,7.0,473.86182,500.0,109.052055,-1.0,-0.021972656,1.0,0.23229413,-0.018179238,-0.0013679123,0.00019455401,-0.0014651894,-0.18769942,0.98376465,0.016235352,0.038208008,0.48171940445899963
7684096,2323.898636667315,7.0,473.86182,500.0,109.052055,-1.0,-0.021972656,1.0,0.23229413,-0.01817924,-0.0014469174,2.5109735e-05,-0.0014594723,-0.1942941,0.98376465,0.016235352,0.038208008,0.48146939277648926
7692288,2322.7175927052594,7.0,473.92114,500.0,108.934006,-1.0,-0.022094727,1.0,0.23201963,-0.018286359,-0.0036076056,9.416332e-06,-0.003612314,-0.19442174,0.9838867,0.016113281,0.038208008,0.4812193810939789
7700480,2333.154952546146,7.0,473.97974,500.0,108.818855,-1.0,-0.022216797,1.0,0.23174474,-0.018387208,-0.001889265,1.3314391e-05,-0.0018959222,-0.19374609,0.9840088,0.015991211,0.038208008,0.4809693694114685
7708672,2309.2967961623444,7.0,473.86023,500.0,109.05875,-1.0,-0.022216797,1.0,0.23227088,-0.018381631,-0.0039812345,0.00016206158,-0.004062265,-0.19156617,0.9838867,0.016113281,0.038330078,0.48099714517593384
7716864,2309.917322884934,7.0,473.91638,500.0,108.95373,-1.0,-0.022094727,1.0,0.23201963,-0.018299146,-0.004181585,4.0385698e-05,-0.004201778,-0.19404534,0.9838867,0.016113281,0.038208008,0.48074713349342346
7725056,2372.9686131073813,7.0,473.91638,500.0,108.95373,-1.0,-0.022094727,1.0,0.23201963,-0.018299146,-0.0019235123,2.0636364e-05,-0.0019338308,-0.1985493,0.9838867,0.016113281,0.038208008,0.4804971218109131
7733248,2315.6843973105774,7.0,473.85657,500.0,109.07383,-1.0,-0.022216797,1.0,0.23227088,-0.018410658,-0.0034388253,0.00011321527,-0.003495433,-0.2013322,0.9838867,0.016113281,0.038330078,0.4805412292480469
7741440,2307.865749164383,7.0,473.76453,500.0,109.28926,-1.0,-0.022094727,1.0,0.23254517,-0.018399106,-0.0033603224,0.00031383144,-0.0035172382,-0.19930807,0.98376465,0.016235352,0.038330078,0.4805690050125122
7749632,2319.173356086064,7.0,473.7069,500.0,109.39976,-1.0,-0.022216797,1.0,0.23279585,-0.01849199,-0.005801869,0.00025164188,-0.0059276894,-0.197817,0.98376465,0.016235352,0.03845215,0.48087456822395325
7757824,2373.023515212191,7.0,473.64722,500.0,109.51874,-1.0,-0.022338867,1.0,0.23304622,-0.01860239,-0.0034064467,0.00014624647,-0.00347957,-0.20693746,0.98376465,0.016235352,0.03857422,0.48091867566108704
7766016,2354.3057275637784,7.0,473.64722,500.0,109.51874,-1.0,-0.022338867,1.0,0.23304622,-0.01860239,-0.0032894004,1.9365738e-05,-0.0032990833,-0.21826676,0.98376465,0.016235352,0.03857422,0.48066866397857666
7774208,2308.330575072272,7.0,473.64722,500.0,109.51874,-1.0,-0.022338867,1.0,0.23304622,-0.01860239,-0.0018239716,3.598357e-05,-0.0018419634,-0.22822142,0.98376465,0.016235352,0.03857422,0.4804186522960663
7782400,2306.717201433935,7.0,473.64404,500.0,109.53177,-1.0,-0.022583008,1.0,0.23302269,-0.0187978,-0.0021068861,0.00021589763,-0.002214835,-0.23159604,0.9838867,0.016113281,0.03869629,0.4804627597332001
7790592,2310.35532325116,7.0,473.8181,500.0,109.19526,-1.0,-0.022460938,1.0,0.23224743,-0.018710565,-0.0050204387,1.7713573e-05,-0.0050292956,-0.23391339,0.9840088,0.015991211,0.03845215,0.4802127480506897
7798784,2309.082476000413,7.0,473.87683,500.0,109.07994,-1.0,-0.022338867,1.0,0.23199624,-0.018608695,-0.0003108131,3.097166e-05,-0.00032629922,-0.23743549,0.9840088,0.015991211,0.038330078,0.4799627363681793
7806976,2309.1721721397466,7.0,473.87683,500.0,109.07994,-1.0,-0.022338867,1.0,0.23199624,-0.018608695,0.00071102474,1.9139141e-05,0.0007014552,-0.23800817,0.9840088,0.015991211,0.038330078,0.47971272468566895
7815168,2332.275522575221,7.0,473.75757,500.0,109.31811,-1.0,-0.022583008,1.0,0.23249824,-0.018828388,-0.0067189354,0.0001404638,-0.0067891674,-0.23731929,0.9840088,0.015991211,0.03857422,0.48001828789711
7823360,2309.24014721182,7.0,473.81604,500.0,109.20396,-1.0,-0.022460938,1.0,0.23224743,-0.018728547,-0.0045052823,1.4594991e-05,-0.00451258,-0.23779961,0.9840088,0.015991211,0.03845215,0.4797682762145996
7831552,2329.5121653868605,7.0,473.7588,500.0,109.3131,-1.0,-0.022583008,1.0,0.23249824,-0.018818842,-0.0039868397,0.00025213105,-0.004112905,-0.23925054,0.9840088,0.015991211,0.03857422,0.47979605197906494
7839744,2306.9032031218894,7.0,473.6997,500.0,109.42965,-1.0,-0.022705078,1.0,0.23274872,-0.01892383,-0.0021788557,0.00015963332,-0.0022586726,-0.23965701,0.9840088,0.015991211,0.03869629,0.47984015941619873
7847936,2331.1134691689917,7.0,473.8153,500.0,109.20704,-1.0,-0.022460938,1.0,0.23224743,-0.01873488,-0.0013940007,8.318642e-06,-0.0013981601,-0.23913914,0.9840088,0.015991211,0.03845215,0.47959014773368835
7856128,2307.3631478797347,7.0,473.87476,500.0,109.08867,-1.0,-0.022338867,1.0,0.23199624,-0.018626679,-0.0028598928,1.023125e-05,-0.0028650083,-0.23791718,0.9840088,0.015991211,0.038330078,0.479340136051178
7864320,2308.30080075672,7.0,473.92834,500.0,108.99407,-1.0,-0.021972656,1.0,0.23176803,-0.018340461,-0.0049338345,0.00010332239,-0.0049854955,-0.23375608,0.9838867,0.016113281,0.038085938,0.4790901243686676
7872512,2308.9968211403575,7.0,474.04712,500.0,108.75702,-1.0,-0.021728516,1.0,0.23126379,-0.018124618,-0.0048483624,0.0002027514,-0.004949738,-0.23401377,0.9838867,0.016113281,0.037841797,0.47911790013313293
7880704,2314.979348825577,7.0,474.04382,500.0,108.770645,-1.0,-0.021728516,1.0,0.23126379,-0.018150855,-0.0021364319,0.00012825806,-0.002200561,-0.22905225,0.9838867,0.016113281,0.037841797,0.4791620075702667
7888896,2322.6447397239085,7.0,474.1007,500.0,108.66239,-1.0,-0.021850586,1.0,0.23098822,-0.018261747,-0.0006830145,0.0001668868,-0.0007664579,-0.22091492,0.9840088,0.015991211,0.037841797,0.47918978333473206
7897088,2309.254425589422,7.0,474.1007,500.0,108.66239,-1.0,-0.021850586,1.0,0.23098822,-0.018261746,-0.00054386875,1.5878863e-05,-0.0005518083,-0.2228045,0.9840088,0.015991211,0.037841797,0.4789397716522217
7905280,2356.8359338179516,7.0,474.19702,500.0,108.50379,-1.0,-0.021606445,1.0,0.23048215,-0.018149823,-0.0036940232,1.1690376e-05,-0.0036998685,-0.23279488,0.9840088,0.015991211,0.037597656,0.4786897599697113
7913472,2308.129613347056,7.0,474.19702,500.0,108.50379,-1.0,-0.021606445,1.0,0.23048215,-0.018149823,-0.0052776104,1.0651399e-05,-0.005282936,-0.24549499,0.9840088,0.015991211,0.037597656,0.4784397482872009
7921664,2333.4767681806966,7.0,474.19678,500.0,108.504814,-1.0,-0.021850586,1.0,0.23045915,-0.018347519,-0.0035380276,8.9014015e-05,-0.0035825344,-0.24644597,0.98413086,0.01586914,0.037719727,0.4784838557243347
7929856,2307.252211446905,7.0,474.19678,500.0,108.504814,-1.0,-0.021850586,1.0,0.23045915,-0.01834752,-0.0054145567,7.838394e-06,-0.0054184757,-0.24015445,0.98413086,0.01586914,0.037719727,0.47823384404182434
7938048,2315.653652674917,7.0,474.1388,500.0,108.61785,-1.0,-0.021972656,1.0,0.23071225,-0.018443426,-0.0051498255,0.00021768332,-0.0052586673,-0.2433953,0.98413086,0.01586914,0.037841797,0.47827795147895813
7946240,2384.2370454831375,7.0,474.0786,500.0,108.74,-1.0,-0.022094727,1.0,0.230965,-0.018558132,-0.00485148,0.0002938343,-0.004998397,-0.24438418,0.98413086,0.01586914,0.037963867,0.47858351469039917
7954432,2324.7442334266666,7.0,474.19763,500.0,108.50124,-1.0,-0.022094727,1.0,0.23043586,-0.018561412,0.00079590006,3.6947837e-05,0.0007774263,-0.24557865,0.9842529,0.01574707,0.037841797,0.4783335030078888
7962624,2307.8566033680454,7.0,474.13953,500.0,108.61481,-1.0,-0.022216797,1.0,0.23068884,-0.018658288,-0.0017847458,0.00028208536,-0.0019257884,-0.2515941,0.9842529,0.01574707,0.037963867,0.4783776104450226
7970816,2323.576000414947,7.0,474.13953,500.0,108.61481,-1.0,-0.022216797,1.0,0.23068884,-0.018658288,-0.0044848886,7.4062955e-06,-0.0044885916,-0.25808164,0.9842529,0.01574707,0.037963867,0.4781275987625122
7979008,2319.0523594175165,7.0,474.3131,500.0,108.276634,-1.0,-0.021850586,1.0,0.22992885,-0.018372849,-0.0020067568,1.1519614e-05,-0.0020125166,-0.26979333,0.9842529,0.01574707,0.037597656,0.47787758708000183
7987200,2308.0324013674726,7.0,474.19385,500.0,108.51705,-1.0,-0.021850586,1.0,0.23045915,-0.018365119,-0.0015287255,0.00020950797,-0.0016334793,-0.28223056,0.98413086,0.01586914,0.037719727,0.47790536284446716
7995392,2308.245131050339,7.0,474.3097,500.0,108.29083,-1.0,-0.021606445,1.0,0.2299519,-0.018172503,-0.0037107903,1.567214e-05,-0.0037186262,-0.2920654,0.98413086,0.01586914,0.037475586,0.4776553511619568
8003584,2312.4788709094605,7.0,474.42944,500.0,108.04787,-1.0,-0.021362305,1.0,0.22944331,-0.017949797,-0.0049792053,0.00017844376,-0.005068427,-0.30149513,0.98413086,0.01586914,0.037231445,0.47766852378845215
8011776,2307.1793958447624,7.0,474.36353,500.0,108.19341,-1.0,-0.021240234,1.0,0.22972047,-0.017879846,-0.0042769196,0.00028370082,-0.004418771,-0.31280515,0.9840088,0.015991211,0.037231445,0.4776962995529175
8019968,2307.9677529579794,7.0,474.41992,500.0,108.08646,-1.0,-0.020874023,1.0,0.22948825,-0.017569557,-0.0035079052,9.720935e-05,-0.00355651,-0.32030797,0.9838867,0.016113281,0.036987305,0.4777240753173828
8028160,2309.6145474021746,7.0,474.41943,500.0,108.088524,-1.0,-0.020874023,1.0,0.22948825,-0.017573819,-0.004629643,9.111375e-05,-0.0046752,-0.33728528,0.9838867,0.016113281,0.036987305,0.47775185108184814
8036352,2306.5022759765757,7.0,474.41943,500.0,108.08853,-1.0,-0.020874023,1.0,0.22948825,-0.01757382,-0.0005873305,2.9330571e-05,-0.00060199574,-0.35104436,0.9838867,0.016113281,0.036987305,0.47750183939933777
8044544,2306.004911237262,7.0,474.36108,500.0,108.20367,-1.0,-0.020996094,1.0,0.22974294,-0.017672664,-0.0062116426,8.166876e-05,-0.0062524765,-0.35448295,0.9838867,0.016113281,0.037109375,0.47754594683647156
8052736,2308.1322491925844,7.0,474.36108,500.0,108.20367,-1.0,-0.020996094,1.0,0.22974294,-0.017672664,-0.0023364099,1.2832941e-05,-0.0023428262,-0.35910642,0.9838867,0.016113281,0.037109375,0.4772959351539612
8060928,2308.855318336859,7.0,474.47546,500.0,107.98242,-1.0,-0.020996094,1.0,0.22921099,-0.017708104,-0.0025249426,1.3746356e-05,-0.002531816,-0.36924082,0.9840088,0.015991211,0.036987305,0.4770459234714508
8069120,2307.0303705806537,7.0,474.5337,500.0,107.8675,-1.0,-0.020874023,1.0,0.22895572,-0.017610248,-0.0012956534,1.1603281e-05,-0.0013014551,-0.37714237,0.9840088,0.015991211,0.036865234,0.47679591178894043
8077312,2306.6111273083825,7.0,474.52112,500.0,107.91506,-1.0,-0.021118164,1.0,0.22893333,-0.017753962,-0.0050135236,0.00011081759,-0.0050689327,-0.3866577,0.98413086,0.01586914,0.036987305,0.47682368755340576
8085504,2307.923260832914,7.0,474.52112,500.0,107.91506,-1.0,-0.021118164,1.0,0.22893333,-0.017753962,-0.0028652155,1.251321e-05,-0.0028714717,-0.39880893,0.98413086,0.01586914,0.036987305,0.4765736758708954
8093696,2307.119442618259,7.0,474.52112,500.0,107.91506,-1.0,-0.021118164,1.0,0.22893333,-0.017753962,-0.0030809292,8.850638e-06,-0.0030853546,-0.3995666,0.98413086,0.01586914,0.036987305,0.476323664188385
8101888,2308.658763728007,7.0,474.57837,500.0,107.80412,-1.0,-0.020996094,1.0,0.22867781,-0.017663857,-0.0034883823,0.00017818836,-0.0035774764,-0.3868025,0.98413086,0.01586914,0.036865234,0.4763677716255188
8110080,2309.6626756341775,7.0,474.57837,500.0,107.80412,-1.0,-0.020996094,1.0,0.22867781,-0.017663859,0.0018688722,2.1807859e-05,0.0018579683,-0.388012,0.98413086,0.01586914,0.036865234,0.4761177599430084
8118272,2322.6351624089316,7.0,474.63794,500.0,107.68325,-1.0,-0.021118164,1.0,0.22839949,-0.017773151,-0.00014612015,2.0275107e-05,-0.00015625771,-0.39790365,0.9842529,0.01574707,0.036865234,0.47586774826049805
8126464,2340.5535715648098,7.0,474.63794,500.0,107.68325,-1.0,-0.021118164,1.0,0.22839949,-0.017773151,-0.0056244703,1.4858445e-05,-0.0056319,-0.40416136,0.9842529,0.01574707,0.036865234,0.47561773657798767
8134656,2326.950269253764,7.0,474.5791,500.0,107.800995,-1.0,-0.021240234,1.0,0.22865523,-0.017876051,-0.0011702725,0.00022270305,-0.001281624,-0.4060029,0.9842529,0.01574707,0.036987305,0.47566184401512146
8142848,2319.927482673838,7.0,474.63757,500.0,107.6848,-1.0,-0.021362305,1.0,0.22837678,-0.017999236,-0.0012240475,2.8945253e-05,-0.0012385203,-0.41350305,0.984375,0.015625,0.036987305,0.47570595145225525
8151040,2310.044978182145,7.0,474.6377,500.0,107.68428,-1.0,-0.021362305,1.0,0.22837678,-0.017998118,-0.0011756497,9.1532966e-05,-0.0012214162,-0.42210543,0.984375,0.015625,0.036987305,0.47575005888938904
8159232,2312.116921870646,7.0,474.6963,500.0,107.56741,-1.0,-0.021240234,1.0,0.22812076,-0.01789727,-0.0013814518,7.618229e-06,-0.001385261,-0.42811054,0.984375,0.015625,0.036865234,0.47550004720687866
8167424,2309.3886820139123,7.0,474.755,500.0,107.44986,-1.0,-0.021118164,1.0,0.2278644,-0.017795399,-0.00060946005,1.4726979e-05,-0.00061682344,-0.43357158,0.984375,0.015625,0.036743164,0.4752500355243683
8175616,2309.6406295499123,7.0,474.755,500.0,107.44986,-1.0,-0.021118164,1.0,0.2278644,-0.017795399,-0.00014914072,8.934634e-06,-0.00015360804,-0.4339239,0.984375,0.015625,0.036743164,0.4750000238418579
8183808,2308.0665099014523,7.0,474.7556,500.0,107.44729,-1.0,-0.021118164,1.0,0.2278644,-0.017790407,-0.005006442,0.00020546233,-0.0051091732,-0.4296173,0.984375,0.015625,0.036743164,0.47502779960632324
8192000,2308.732138132039,7.0,474.7556,500.0,107.44729,-1.0,-0.021118164,1.0,0.2278644,-0.017790407,-0.0038709033,5.3677827e-06,-0.0038735874,-0.43071234,0.984375,0.015625,0.036743164,0.47477778792381287
8200192,2309.1420657382,7.0,474.75476,500.0,107.45096,-1.0,-0.021118164,1.0,0.2278644,-0.017797982,-0.0041176197,9.409919e-05,-0.0041646697,-0.43319327,0.984375,0.015625,0.036743164,0.4748055636882782
8208384,2347.1087695099777,7.0,474.87097,500.0,107.220505,-1.0,-0.021118164,1.0,0.22732806,-0.017786292,-0.0006039577,5.393483e-06,-0.0006066543,-0.43102705,0.9844971,0.01550293,0.036621094,0.4745555520057678
8216576,2352.67434678725,7.0,474.92847,500.0,107.10762,-1.0,-0.020996094,1.0,0.22707073,-0.017694164,-0.0020634013,7.727625e-06,-0.002067265,-0.4222131,0.9844971,0.01550293,0.036499023,0.47430554032325745
8224768,2306.36432980375,7.0,475.09766,500.0,106.7812,-1.0,-0.020874023,1.0,0.2262742,-0.01761502,0.0022240586,2.885292e-05,0.0022096317,-0.41591397,0.98461914,0.015380859,0.036254883,0.47405552864074707
8232960,2310.7697126264284,7.0,475.1526,500.0,106.6782,-1.0,-0.020751953,1.0,0.22601554,-0.017540421,-0.00075382006,3.80949e-05,-0.0007728676,-0.42573214,0.98461914,0.015380859,0.036132812,0.4738055169582367
8241152,2309.4096367370453,7.0,475.0929,500.0,106.80102,-1.0,-0.020874023,1.0,0.2262742,-0.017650818,-0.0033875282,5.6667162e-05,-0.0034158619,-0.42957124,0.98461914,0.015380859,0.036254883,0.4738496243953705
8249344,2307.9260512293627,7.0,475.14368,500.0,106.71506,-1.0,-0.020751953,1.0,0.22601554,-0.01760533,-0.0023465864,0.00017246342,-0.0024328185,-0.42897692,0.98461914,0.015380859,0.036132812,0.47386279702186584
8257536,2309.282517260775,7.0,475.14368,500.0,106.71505,-1.0,-0.020751953,1.0,0.22601554,-0.01760533,-0.0037134641,6.0449624e-06,-0.0037164867,-0.43710092,0.98461914,0.015380859,0.036132812,0.47361278533935547
8265728,2309.6204468840388,7.0,475.1963,500.0,106.620995,-1.0,-0.020629883,1.0,0.22575653,-0.0175437,-0.00023107431,1.5441852e-05,-0.00023879521,-0.44889292,0.98461914,0.015380859,0.036010742,0.4733627736568451
8273920,2314.635015655567,7.0,475.2555,500.0,106.50004,-1.0,-0.020507812,1.0,0.22549714,-0.017437652,-0.00022185688,7.3661545e-06,-0.00022554002,-0.4564576,0.98461914,0.015380859,0.035888672,0.4731127619743347
8282112,2307.668898034712,7.0,475.255,500.0,106.50215,-1.0,-0.020507812,1.0,0.22549714,-0.017442048,-0.002209338,2.7158781e-05,-0.002222917,-0.45963165,0.98461914,0.015380859,0.035888672,0.4731568694114685
8290304,2307.851642966453,7.0,475.19543,500.0,106.62471,-1.0,-0.020629883,1.0,0.22575651,-0.01755134,-0.0031610748,7.138646e-05,-0.0031967678,-0.4589756,0.98461914,0.015380859,0.036010742,0.4732009768486023
8298496,2316.317106496119,7.0,475.24695,500.0,106.534706,-1.0,-0.020507812,1.0,0.22549714,-0.01749504,-0.0037921495,3.7992722e-06,-0.0037940494,-0.4655519,0.98461914,0.015380859,0.035888672,0.4729509651660919
8306688,2317.3698897844824,7.0,475.2976,500.0,106.44775,-1.0,-0.020629883,1.0,0.22521515,-0.017547514,-0.0016552487,4.684358e-06,-0.0016575909,-0.4761948,0.9847412,0.015258789,0.035888672,0.47270095348358154
8314880,2317.946599932323,7.0,475.41138,500.0,106.22416,-1.0,-0.020385742,1.0,0.22469476,-0.017367166,-0.0009248392,1.3107066e-05,-0.0009313927,-0.483105,0.9847412,0.015258789,0.03564453,0.47245094180107117
8323072,2310.5599356481293,7.0,475.46912,500.0,106.1089,-1.0,-0.020263672,1.0,0.224434,-0.017273165,-0.0012173655,4.6168916e-06,-0.001219674,-0.48788732,0.9847412,0.015258789,0.03552246,0.4722009301185608
8331264,2306.6609886749197,7.0,475.52832,500.0,105.987206,-1.0,-0.020141602,1.0,0.22417292,-0.01716712,-0.0015009893,7.1228837e-06,-0.0015045507,-0.4884764,0.9847412,0.015258789,0.03540039,0.4719509184360504
8339456,2309.3172835904215,7.0,475.64563,500.0,105.74788,-1.0,-0.020141602,1.0,0.22362772,-0.017150506,-0.0037047467,0.00022019738,-0.0038148453,-0.49387157,0.9848633,0.015136719,0.03527832,0.47170090675354004
8347648,2306.6978441139718,7.0,475.70532,500.0,105.62351,-1.0,-0.020019531,1.0,0.22336559,-0.01704011,-0.0025321487,4.4756734e-06,-0.0025343867,-0.50733083,0.9848633,0.015136719,0.03515625,0.47145089507102966
8355840,2309.3554656764054,7.0,475.76,500.0,105.52005,-1.0,-0.019897461,1.0,0.22310309,-0.016966995,-0.003908463,3.664268e-06,-0.003910295,-0.5136741,0.9848633,0.015136719,0.03503418,0.4712008833885193
8364032,2309.4653626288155,7.0,475.75598,500.0,105.53741,-1.0,-0.01965332,1.0,0.22312471,-0.016783802,-0.0034114355,0.00025644564,-0.0035396586,-0.51640904,0.9847412,0.015258789,0.03491211,0.4712286591529846
8372224,2337.5830614012775,7.0,475.81494,500.0,105.415955,-1.0,-0.01953125,1.0,0.22286175,-0.016679864,-0.0034494102,1.4023718e-05,-0.003456422,-0.522937,0.9847412,0.015258789,0.03479004,0.47097864747047424
8380416,2364.4077112207688,7.0,475.755,500.0,105.54168,-1.0,-0.01965332,1.0,0.22312471,-0.016790286,-0.003097314,0.00038437799,-0.0032895026,-0.530017,0.9847412,0.015258789,0.03491211,0.4710064232349396
8388608,2316.6353869963486,7.0,475.80933,500.0,105.43958,-1.0,-0.01977539,1.0,0.2228402,-0.016861226,-0.0016919149,7.4991667e-06,-0.0016956647,-0.5211637,0.9848633,0.015136719,0.03491211,0.4707564115524292
8396800,2331.2613514498235,7.0,475.8423,500.0,105.40617,-1.0,-0.019897461,1.0,0.22255526,-0.017063763,-0.001983066,0.00016472365,-0.0020654278,-0.51081115,0.98498535,0.015014648,0.03491211,0.470800518989563
8404992,2308.5585601311186,7.0,475.89868,500.0,105.29543,-1.0,-0.01977539,1.0,0.22229174,-0.016979603,0.0014555536,2.8668203e-05,0.0014412194,-0.5146417,0.98498535,0.015014648,0.03479004,0.4705505073070526
8413184,2356.5609782628226,7.0,476.01794,500.0,105.045715,-1.0,-0.01953125,1.0,0.22176357,-0.01675991,-0.003002605,4.581563e-06,-0.0030048953,-0.5183463,0.98498535,0.015014648,0.0345459,0.47030049562454224
8421376,2375.840858938008,7.0,476.12927,500.0,104.828705,-1.0,-0.01953125,1.0,0.22121242,-0.016793607,-0.00095314416,1.0422479e-05,-0.0009583553,-0.52329934,0.9851074,0.014892578,0.034423828,0.47005048394203186
8429568,2370.624943717927,7.0,476.12927,500.0,104.828705,-1.0,-0.01953125,1.0,0.22121242,-0.016793605,-0.004066808,6.0867183e-06,-0.004069851,-0.5285009,0.9851074,0.014892578,0.034423828,0.4698004722595215
8437760,2330.6332579557206,7.0,476.12854,500.0,104.83195,-1.0,-0.01953125,1.0,0.22121242,-0.016800264,-0.0020885756,0.00016072711,-0.002168939,-0.5314722,0.9851074,0.014892578,0.034423828,0.4698445796966553
8445952,2307.7009809281435,7.0,476.18567,500.0,104.71736,-1.0,-0.01940918,1.0,0.22094709,-0.01671087,-0.0014009217,1.0561603e-05,-0.0014062026,-0.531991,0.9851074,0.014892578,0.034301758,0.4695945680141449
8454144,2311.0269356410417,7.0,476.23877,500.0,104.619026,-1.0,-0.01953125,1.0,0.22065991,-0.016869266,-0.0035109054,7.4304466e-05,-0.0035480575,-0.53355765,0.9852295,0.014770508,0.034301758,0.4696386754512787
8462336,2308.4268816341746,7.0,476.35364,500.0,104.38625,-1.0,-0.01953125,1.0,0.220106,-0.016842453,0.0011322462,9.175027e-06,0.0011276586,-0.54004276,0.98535156,0.0146484375,0.034179688,0.4693886637687683
8470528,2308.3918319391955,7.0,476.35364,500.0,104.38625,-1.0,-0.01953125,1.0,0.220106,-0.016842453,-0.0032281394,3.6979843e-06,-0.0032299883,-0.5405878,0.98535156,0.0146484375,0.034179688,0.46913865208625793
8478720,2308.314912445943,7.0,476.41345,500.0,104.259315,-1.0,-0.01940918,1.0,0.21983933,-0.016730938,-0.0028952004,3.0217554e-06,-0.0028967112,-0.5423871,0.98535156,0.0146484375,0.034057617,0.46888864040374756
8486912,2314.239502038681,7.0,476.41296,500.0,104.26149,-1.0,-0.01940918,1.0,0.21983933,-0.016735334,-0.0028515167,0.00016951606,-0.0029362747,-0.54282874,0.98535156,0.0146484375,0.034057617,0.4689164161682129
8495104,2322.210699782166,7.0,476.35413,500.0,104.38409,-1.0,-0.01953125,1.0,0.220106,-0.016838178,-0.0033200476,0.00023575724,-0.0034379263,-0.54361093,0.98535156,0.0146484375,0.034179688,0.46922197937965393
8503296,2329.3333959736256,7.0,476.47266,500.0,104.134926,-1.0,-0.01928711,1.0,0.21957228,-0.01662501,-0.0016945244,2.2028433e-05,-0.0017055387,-0.54135096,0.98535156,0.0146484375,0.033935547,0.46897196769714355
8511488,2314.3419141558516,7.0,476.47156,500.0,104.13982,-1.0,-0.01928711,1.0,0.21957228,-0.01661527,-0.0017628004,0.0002536873,-0.0018896441,-0.5596966,0.98535156,0.0146484375,0.033935547,0.4687219560146332
8519680,2309.6468396719147,7.0,476.47156,500.0,104.139824,-1.0,-0.01928711,1.0,0.21957228,-0.01661527,-0.0024524904,5.9240983e-06,-0.0024554525,-0.5797939,0.98535156,0.0146484375,0.033935547,0.4684719443321228
8527872,2308.0452694686883,7.0,476.53162,500.0,104.01141,-1.0,-0.01940918,1.0,0.21928336,-0.016729048,0.00020290553,1.337007e-05,0.00019622063,-0.59373945,0.98547363,0.014526367,0.033935547,0.4682219326496124
8536064,2308.377254060887,7.0,476.53162,500.0,104.01141,-1.0,-0.01940918,1.0,0.21928336,-0.016729048,0.0028085797,2.0003932e-05,0.0027985775,-0.6103602,0.98547363,0.014526367,0.033935547,0.46797192096710205
8544256,2308.7274842258153,7.0,476.53162,500.0,104.011406,-1.0,-0.01940918,1.0,0.21928336,-0.016729046,-0.003042363,7.68903e-07,-0.0030427473,-0.6158629,0.98547363,0.014526367,0.033935547,0.4677219092845917
8552448,2306.4784322486266,7.0,476.47156,500.0,104.13982,-1.0,-0.01953125,1.0,0.21955071,-0.016842756,-0.0012798649,0.00023793854,-0.0013988342,-0.60837674,0.98547363,0.014526367,0.034057617,0.4679982364177704
8560640,2316.743322371422,7.0,476.53076,500.0,104.015236,-1.0,-0.01940918,1.0,0.21928336,-0.01673671,-0.002807477,3.9227793e-06,-0.0028094382,-0.6070555,0.98547363,0.014526367,0.033935547,0.46774822473526
8568832,2333.0980775763733,7.0,476.47083,500.0,104.143074,-1.0,-0.01953125,1.0,0.21955071,-0.016849337,-0.0030787806,0.00029280013,-0.0032251806,-0.61356425,0.98547363,0.014526367,0.034057617,0.4680245518684387
8577024,2307.5504935314557,7.0,476.41077,500.0,104.27127,-1.0,-0.01940918,1.0,0.21983933,-0.01673556,-0.0021544285,0.00016327648,-0.0022360669,-0.61933625,0.98535156,0.0146484375,0.034057617,0.46777454018592834
8585216,2309.31961173025,7.0,476.52808,500.0,104.027115,-1.0,-0.01940918,1.0,0.21928336,-0.016750855,-0.0012961985,3.6042533e-05,-0.0013142197,-0.62700653,0.98547363,0.014526367,0.033935547,0.46752452850341797
8593408,2308.123566430062,7.0,476.58728,500.0,103.90235,-1.0,-0.01928711,1.0,0.21901563,-0.016644808,-0.0020268601,1.6480764e-05,-0.0020351007,-0.6224629,0.98547363,0.014526367,0.033813477,0.4672745168209076
8601600,2311.554616275648,7.0,476.52734,500.0,104.03035,-1.0,-0.01940918,1.0,0.21928336,-0.016757252,-0.0052142297,0.00013319614,-0.005280828,-0.6176281,0.98547363,0.014526367,0.033935547,0.46758008003234863
8609792,2326.5495908566177,7.0,476.64575,500.0,103.78063,-1.0,-0.01940918,1.0,0.21872596,-0.016772185,-0.0029817657,7.2887556e-06,-0.00298541,-0.6206614,0.9855957,0.014404297,0.033813477,0.46733006834983826
8617984,2308.0844948071062,7.0,476.64575,500.0,103.78063,-1.0,-0.01940918,1.0,0.21872596,-0.016772185,-0.002983478,8.849355e-06,-0.002987903,-0.6209273,0.9855957,0.014404297,0.033813477,0.4670800566673279
8626176,2322.90178668068,7.0,476.64587,500.0,103.78008,-1.0,-0.01940918,1.0,0.21872596,-0.01677107,-0.002852708,3.084783e-05,-0.002868132,-0.62070745,0.9855957,0.014404297,0.033813477,0.46712416410446167
8634368,2308.2628086048608,7.0,476.703,500.0,103.663956,-1.0,-0.01928711,1.0,0.21845755,-0.016681015,-0.0022441633,0.00024121071,-0.0023647686,-0.6237526,0.9855957,0.014404297,0.033691406,0.46716827154159546
8642560,2334.9994252840365,7.0,476.703,500.0,103.66396,-1.0,-0.01928711,1.0,0.21845755,-0.016681015,-0.0042229346,3.7550258e-06,-0.0042248117,-0.625703,0.9855957,0.014404297,0.033691406,0.4669182598590851
8650752,2314.0708613493953,7.0,476.823,500.0,103.40608,-1.0,-0.019042969,1.0,0.21791954,-0.016467892,-0.0036899685,0.00010787569,-0.0037439065,-0.62872815,0.9855957,0.014404297,0.033447266,0.4666682481765747
8658944,2308.0415485572044,7.0,476.823,500.0,103.40609,-1.0,-0.019042969,1.0,0.21791954,-0.016467892,-0.0036444794,6.6185103e-06,-0.0036477887,-0.6348888,0.9855957,0.014404297,0.033447266,0.46641823649406433
8667136,2307.198916172298,7.0,476.76306,500.0,103.53485,-1.0,-0.018920898,1.0,0.21821007,-0.016355252,-0.0011668121,0.00017030854,-0.0012519665,-0.6336547,0.98547363,0.014526367,0.033447266,0.46616822481155396
8675328,2308.588341096659,7.0,476.76306,500.0,103.53485,-1.0,-0.018920898,1.0,0.21821007,-0.016355254,-0.0024868888,7.88266e-06,-0.0024908301,-0.6277729,0.98547363,0.014526367,0.033447266,0.4659182131290436
8683520,2311.416998072078,7.0,476.8816,500.0,103.28316,-1.0,-0.018920898,1.0,0.21764994,-0.01636061,-0.002770211,8.407469e-06,-0.0027744146,-0.62202877,0.9855957,0.014404297,0.033325195,0.4656682014465332
8691712,2313.8458375677283,7.0,476.8816,500.0,103.28316,-1.0,-0.018920898,1.0,0.21764994,-0.016360609,-0.0026524586,4.966946e-06,-0.002654942,-0.62111574,0.9855957,0.014404297,0.033325195,0.4654181897640228
8699904,2314.903237385837,7.0,477.0,500.0,103.03125,-1.0,-0.018676758,1.0,0.21710947,-0.016148245,-0.0017638532,7.005574e-06,-0.001767356,-0.62878704,0.9855957,0.014404297,0.033081055,0.46516817808151245
8708096,2331.4730060054208,7.0,477.0,500.0,103.03125,-1.0,-0.018676758,1.0,0.21710947,-0.016148243,0.00048320298,4.6108944e-06,0.00048089772,-0.62377805,0.9855957,0.014404297,0.033081055,0.4649181663990021
8716288,2308.33197076216,7.0,476.9995,500.0,103.03345,-1.0,-0.018676758,1.0,0.21710947,-0.016143851,-0.0034976231,0.00018037586,-0.003587811,-0.62039924,0.9855957,0.014404297,0.033081055,0.4646681547164917
8724480,2307.2914098336087,7.0,476.9995,500.0,103.03345,-1.0,-0.018676758,1.0,0.21710947,-0.016143851,0.00063498016,1.0635863e-05,0.0006296621,-0.62159795,0.9855957,0.014404297,0.033081055,0.4644181430339813
8732672,2317.5021216165037,7.0,476.9995,500.0,103.03345,-1.0,-0.018676758,1.0,0.21710947,-0.016143851,0.0012831653,7.234003e-06,0.0012795483,-0.6217626,0.9855957,0.014404297,0.033081055,0.46416813135147095
8740864,2309.106373598783,7.0,476.9995,500.0,103.03345,-1.0,-0.018676758,1.0,0.21710949,-0.016143851,-0.0049238307,4.6438063e-06,-0.004926153,-0.6163993,0.9855957,0.014404297,0.033081055,0.46391811966896057
8749056,2320.69448243256,7.0,476.9995,500.0,103.033455,-1.0,-0.018676758,1.0,0.21710947,-0.016143851,-0.0002649417,3.9156084e-06,-0.00026689953,-0.61674535,0.9855957,0.014404297,0.033081055,0.4636681079864502
8757248,2307.964342351099,7.0,477.05884,500.0,102.906685,-1.0,-0.018554688,1.0,0.21683866,-0.016036732,0.001300655,1.1939391e-05,0.0012946851,-0.62088037,0.9855957,0.014404297,0.032958984,0.4634180963039398
8765440,2347.8954549905493,7.0,477.11768,500.0,102.78186,-1.0,-0.018676758,1.0,0.21654649,-0.01612332,-0.001083934,0.00021985048,-0.0011938594,-0.62361836,0.9857178,0.014282227,0.032958984,0.4634622037410736
8773632,2329.981486677843,7.0,477.23267,500.0,102.54344,-1.0,-0.018676758,1.0,0.21598203,-0.01609918,-0.00049896684,5.0889753e-06,-0.00050151127,-0.6225171,0.98583984,0.014160156,0.032836914,0.46321219205856323
8781824,2306.5925459840114,7.0,477.23267,500.0,102.54344,-1.0,-0.018676758,1.0,0.21598203,-0.01609918,-0.0036840262,7.707466e-06,-0.0036878795,-0.61981255,0.98583984,0.014160156,0.032836914,0.46296218037605286
8790016,2308.1046506378907,7.0,477.11316,500.0,102.801765,-1.0,-0.018676758,1.0,0.21654649,-0.016100295,-0.0034594943,0.0002619636,-0.0035904762,-0.6290908,0.9857178,0.014282227,0.032958984,0.4629899561405182
8798208,2310.0956093730356,7.0,477.11316,500.0,102.80177,-1.0,-0.018676758,1.0,0.21654649,-0.016100295,-0.002173066,1.6227921e-05,-0.0021811798,-0.63894546,0.9857178,0.014282227,0.032958984,0.4627399444580078
8806400,2309.48274841563,7.0,477.17297,500.0,102.67243,-1.0,-0.018554688,1.0,0.21627498,-0.01598878,-0.0027903507,4.4969056e-06,-0.0027925991,-0.64472103,0.9857178,0.014282227,0.032836914,0.46248993277549744
8814592,2306.7068258700347,7.0,477.23267,500.0,102.54344,-1.0,-0.018676758,1.0,0.21598203,-0.016099177,-0.0010960116,4.0854593e-06,-0.0010980545,-0.6452385,0.98583984,0.014160156,0.032836914,0.46223992109298706
8822784,2309.24014721182,7.0,477.29224,500.0,102.41484,-1.0,-0.018554688,1.0,0.21570982,-0.015989885,-0.0019616352,4.554508e-06,-0.0019639123,-0.64300144,0.98583984,0.014160156,0.032714844,0.4619899094104767
8830976,2307.8893115498986,7.0,477.29224,500.0,102.41484,-1.0,-0.018554688,1.0,0.21570982,-0.015989885,-0.00139587,3.0290716e-06,-0.0013973846,-0.6499829,0.98583984,0.014160156,0.032714844,0.4617398977279663
8839168,2310.0325536891687,7.0,477.29224,500.0,102.41484,-1.0,-0.018554688,1.0,0.21570982,-0.015989885,0.0015115376,4.483629e-06,0.0015092955,-0.6643703,0.98583984,0.014160156,0.032714844,0.46148988604545593
8847360,2307.7453094853754,7.0,477.2312,500.0,102.55008,-1.0,-0.018432617,1.0,0.21600302,-0.01588689,-0.0032560753,0.00018045312,-0.003346302,-0.6707288,0.9857178,0.014282227,0.032714844,0.46151766180992126
8855552,2307.2862969250273,7.0,477.23145,500.0,102.548965,-1.0,-0.018432617,1.0,0.21600302,-0.015884645,-0.0012519491,0.00016938442,-0.0013366414,-0.6670432,0.9857178,0.014282227,0.032714844,0.46156176924705505
8863744,2339.700101276556,7.0,477.23145,500.0,102.548965,-1.0,-0.018432617,1.0,0.21600302,-0.015884645,-0.0015357074,1.2693852e-05,-0.0015420541,-0.66355264,0.9857178,0.014282227,0.032714844,0.4613117575645447
8871936,2314.6571571886484,7.0,477.17212,500.0,102.67628,-1.0,-0.018554688,1.0,0.21627498,-0.01599181,-0.0054903673,1.968524e-05,-0.00550021,-0.6604138,0.9857178,0.014282227,0.032836914,0.4616173207759857
8880128,2310.15276626764,7.0,477.11255,500.0,102.8045,-1.0,-0.018676758,1.0,0.21654649,-0.016101103,-0.0035852934,0.0001989717,-0.0036847796,-0.6576791,0.9857178,0.014282227,0.032958984,0.4616614282131195
8888320,2352.727025027975,7.0,477.17188,500.0,102.67738,-1.0,-0.018554688,1.0,0.21627498,-0.015993986,-0.0013827296,8.398895e-06,-0.0013869291,-0.6591873,0.9857178,0.014282227,0.032836914,0.46141141653060913
8896512,2306.506301589676,7.0,477.34692,500.0,102.30799,-1.0,-0.018188477,1.0,0.2154579,-0.015697176,-0.004532513,4.628909e-06,-0.0045348275,-0.6516363,0.9857178,0.014282227,0.032470703,0.46116140484809875
8904704,2311.716824643035,7.0,477.34692,500.0,102.30799,-1.0,-0.018188477,1.0,0.2154579,-0.015697177,-0.0012310626,3.7270745e-06,-0.0012329263,-0.65249395,0.9857178,0.014282227,0.032470703,0.4609113931655884
8912896,2307.860168669861,7.0,477.52393,500.0,101.928185,-1.0,-0.017822266,1.0,0.21463709,-0.015358882,-0.0016575828,0.00020930723,-0.0017622364,-0.65702516,0.9857178,0.014282227,0.032104492,0.460661381483078
8921088,2309.793408245783,7.0,477.5835,500.0,101.79862,-1.0,-0.017700195,1.0,0.21436265,-0.015249588,-0.003121533,8.447617e-06,-0.0031257565,-0.66983926,0.9857178,0.014282227,0.031982422,0.4604113698005676
8929280,2318.468684847396,7.0,477.5238,500.0,101.92874,-1.0,-0.017822266,1.0,0.21463709,-0.015359985,-0.0033797626,0.00017478755,-0.003467156,-0.68312526,0.9857178,0.014282227,0.032104492,0.4604554772377014
8937472,2312.88172299961,7.0,477.5774,500.0,101.82509,-1.0,-0.017700195,1.0,0.21436265,-0.015293194,-0.0020493013,9.566851e-06,-0.0020540848,-0.690874,0.9857178,0.014282227,0.031982422,0.46020546555519104
8945664,2367.5960977088716,7.0,477.5774,500.0,101.82508,-1.0,-0.017700195,1.0,0.21436265,-0.015293194,-0.001727115,2.5305499e-06,-0.0017283803,-0.6890216,0.9857178,0.014282227,0.031982422,0.45995545387268066
8953856,2331.9073503623135,7.0,477.5774,500.0,101.825096,-1.0,-0.017700195,1.0,0.21436265,-0.015293194,-0.0006660887,5.2977484e-06,-0.0006687376,-0.6929071,0.9857178,0.014282227,0.031982422,0.4597054421901703
8962048,2307.1087536105924,7.0,477.5774,500.0,101.82508,-1.0,-0.017700195,1.0,0.21436265,-0.015293194,-0.0035030365,5.9227054e-06,-0.0035059978,-0.68660426,0.9857178,0.014282227,0.031982422,0.4594554305076599
8970240,2308.8427514922423,7.0,477.63647,500.0,101.697586,-1.0,-0.017822266,1.0,0.2140676,-0.015398181,0.0014557694,4.051012e-06,0.0014537438,-0.6780219,0.98583984,0.014160156,0.031982422,0.45920541882514954
8978432,2393.1455754712692,7.0,477.69604,500.0,101.567665,-1.0,-0.017700195,1.0,0.21379243,-0.015288888,-0.0027736695,3.482446e-06,-0.0027754111,-0.6738606,0.98583984,0.014160156,0.03186035,0.45895540714263916
8986624,2309.2060039813273,7.0,477.69604,500.0,101.567665,-1.0,-0.017700195,1.0,0.21379243,-0.015288888,-8.443504e-05,5.015831e-06,-8.694257e-05,-0.6832898,0.98583984,0.014160156,0.03186035,0.4587053954601288
8994816,2308.0649594916736,7.0,477.75586,500.0,101.43641,-1.0,-0.017578125,1.0,0.21351686,-0.015177375,-0.004486206,1.121758e-06,-0.0044867666,-0.693122,0.98583984,0.014160156,0.03173828,0.4584553837776184
9003008,2306.8426447413794,7.0,477.69592,500.0,101.56822,-1.0,-0.017700195,1.0,0.21379243,-0.015290014,-0.0029788653,0.00014500097,-0.0030513657,-0.6935415,0.98583984,0.014160156,0.03186035,0.4584994912147522
9011200,2344.496686633251,7.0,477.69592,500.0,101.56822,-1.0,-0.017700195,1.0,0.21379243,-0.015290014,-0.0026964466,3.3545373e-06,-0.002698124,-0.6971817,0.98583984,0.014160156,0.03186035,0.4582494795322418
9019392,2307.855828303891,7.0,477.75598,500.0,101.43585,-1.0,-0.017822266,1.0,0.2134966,-0.01540379,0.00022702714,4.3349332e-06,0.0002248596,-0.70018446,0.9859619,0.014038086,0.03186035,0.45799946784973145
9027584,2331.366541174954,7.0,477.8739,500.0,101.18051,-1.0,-0.017578125,1.0,0.21294437,-0.0151954,-0.0018787626,1.9326028e-06,-0.001879729,-0.6979198,0.9859619,0.014038086,0.03161621,0.45774945616722107
9035776,2312.835640072377,7.0,477.81506,500.0,101.30769,-1.0,-0.017700195,1.0,0.21322069,-0.0152982995,-0.0023668036,0.0002289886,-0.0024812976,-0.6988889,0.9859619,0.014038086,0.03173828,0.45776262879371643
9043968,2317.1742268648186,7.0,477.87463,500.0,101.17716,-1.0,-0.017822266,1.0,0.21292406,-0.015407593,-0.0051081874,5.7656603e-06,-0.0051110703,-0.7072595,0.986084,0.013916016,0.03173828,0.45751261711120605
9052160,2310.7979965847544,7.0,477.99414,500.0,100.913795,-1.0,-0.018066406,1.0,0.21232937,-0.015629526,-0.0016566992,1.311294e-06,-0.0016573548,-0.7126548,0.9863281,0.013671875,0.03173828,0.4572626054286957
9060352,2309.71111639621,7.0,478.05347,500.0,100.783775,-1.0,-0.018188477,1.0,0.21203129,-0.015736647,-0.0021030903,1.3585975e-06,-0.0021037695,-0.71624625,0.9864502,0.013549805,0.03173828,0.4570125937461853
9068544,2309.590949776097,7.0,478.11328,500.0,100.65129,-1.0,-0.018066406,1.0,0.21175368,-0.015625134,-0.0045689857,2.323567e-06,-0.0045701475,-0.7249134,0.9864502,0.013549805,0.03161621,0.4567625820636749
9076736,2332.0665713697554,7.0,478.11328,500.0,100.65129,-1.0,-0.018066406,1.0,0.21175368,-0.015625134,-0.00055529486,3.6807073e-06,-0.0005571352,-0.74110544,0.9864502,0.013549805,0.03161621,0.45651257038116455
9084928,2365.5851262220704,7.0,478.17285,500.0,100.51972,-1.0,-0.017944336,1.0,0.21147564,-0.015515839,0.0007934242,2.77781e-06,0.0007920354,-0.751732,0.9864502,0.013549805,0.03149414,0.4562625586986542
9093120,2308.892554235197,7.0,478.3506,500.0,100.128296,-1.0,-0.017578125,1.0,0.2106389,-0.015196357,-0.0036686962,2.149622e-06,-0.003669771,-0.7533756,0.9864502,0.013549805,0.03112793,0.4560125470161438
9101312,2309.4822827215,7.0,478.469,500.0,99.86671,-1.0,-0.017578125,1.0,0.21005857,-0.015196356,-0.0036212243,1.8783271e-06,-0.0036221636,-0.7616925,0.98657227,0.013427734,0.03100586,0.4557625353336334
9109504,2334.703364913449,7.0,478.469,500.0,99.86671,-1.0,-0.017578125,1.0,0.21005857,-0.015196356,-0.004949832,2.9507084e-06,-0.0049513076,-0.7651736,0.98657227,0.013427734,0.03100586,0.45551252365112305
9117696,2334.0458273959966,7.0,478.5885,500.0,99.59916,-1.0,-0.017333984,1.0,0.20949696,-0.014974445,-0.0016061459,2.6168393e-06,-0.0016074541,-0.76819676,0.98657227,0.013427734,0.030761719,0.45526251196861267
9125888,2306.007387467694,7.0,478.64722,500.0,99.4699,-1.0,-0.017211914,1.0,0.20921552,-0.014872574,-0.0046444153,3.3544575e-06,-0.0046460927,-0.7776756,0.98657227,0.013427734,0.030639648,0.4550125002861023
9134080,2348.1927845418304,7.0,478.7074,500.0,99.33357,-1.0,-0.017089844,1.0,0.2089336,-0.014757648,-0.0007989339,3.4472869e-06,-0.0008006575,-0.78140754,0.98657227,0.013427734,0.030517578,0.4547624886035919
9142272,2328.696555583516,7.0,478.7074,500.0,99.33358,-1.0,-0.017089844,1.0,0.2089336,-0.014757648,-0.0007814169,2.637578e-06,-0.0007827357,-0.7868272,0.98657227,0.013427734,0.030517578,0.45451247692108154
9150464,2308.16512024248,7.0,478.7672,500.0,99.19876,-1.0,-0.016967773,1.0,0.20865123,-0.014646135,0.0043233884,1.8046501e-06,0.004322486,-0.7867719,0.98657227,0.013427734,0.030395508,0.45426246523857117
9158656,2307.477969025163,7.0,478.82703,500.0,99.06372,-1.0,-0.016845703,1.0,0.20836839,-0.014534622,-0.0018645823,1.4050188e-06,-0.0018652846,-0.7859029,0.98657227,0.013427734,0.030273438,0.4540124535560608
9166848,2309.3163523358044,7.0,478.7672,500.0,99.19876,-1.0,-0.016967773,1.0,0.20865123,-0.014646135,-0.003383893,0.0001723094,-0.0034700474,-0.7808477,0.98657227,0.013427734,0.030395508,0.4540565609931946
9175040,2305.524159004006,7.0,478.87817,500.0,98.967926,-1.0,-0.016967773,1.0,0.20806536,-0.014656339,-0.0023628322,4.5828215e-06,-0.0023651237,-0.7759377,0.98669434,0.013305664,0.030273438,0.4538065493106842
9183232,2308.7346202230297,7.0,478.99158,500.0,98.725624,-1.0,-0.016967773,1.0,0.20747784,-0.01466415,-0.0008316971,4.739329e-06,-0.0008340667,-0.7734153,0.9868164,0.013183594,0.030151367,0.45355653762817383
9191424,2314.216900889741,7.0,478.99158,500.0,98.725624,-1.0,-0.016967773,1.0,0.20747784,-0.014664148,-0.002098917,1.7537498e-06,-0.002099794,-0.77622485,0.9868164,0.013183594,0.030151367,0.45330652594566345
9199616,2307.705320711692,7.0,478.99158,500.0,98.725624,-1.0,-0.016967773,1.0,0.20747784,-0.014664148,-0.0026920685,2.4302515e-06,-0.0026932834,-0.78988814,0.9868164,0.013183594,0.030151367,0.4530565142631531
9207808,2319.2813715400275,7.0,479.17004,500.0,98.32207,-1.0,-0.016601562,1.0,0.20662318,-0.01433789,-0.0011546729,2.3466448e-05,-0.0011664061,-0.80525935,0.9868164,0.013183594,0.029785156,0.4528065025806427
9216000,2309.532423534637,7.0,479.17004,500.0,98.32207,-1.0,-0.016601562,1.0,0.20662318,-0.01433789,-0.00046882997,4.916603e-05,-0.0004934129,-0.816613,0.9868164,0.013183594,0.029785156,0.4525564908981323
9224192,2307.177846626566,7.0,479.17004,500.0,98.322075,-1.0,-0.016601562,1.0,0.20662318,-0.01433789,-0.0011850452,5.120529e-06,-0.0011876056,-0.8321739,0.9868164,0.013183594,0.029785156,0.45230647921562195
9232384,2309.5673526322144,7.0,479.17004,500.0,98.322075,-1.0,-0.016601562,1.0,0.20662318,-0.014337889,-0.001861761,4.859559e-06,-0.0018641908,-0.84128314,0.9868164,0.013183594,0.029785156,0.4520564675331116
9240576,2307.135708689534,7.0,479.17004,500.0,98.32207,-1.0,-0.016601562,1.0,0.20662318,-0.01433789,-0.0015145998,1.1547043e-05,-0.0015203732,-0.84637934,0.9868164,0.013183594,0.029785156,0.4518064558506012
9248768,2334.479544884448,7.0,479.3463,500.0,97.92694,-1.0,-0.016967773,1.0,0.20570521,-0.014645047,0.0016928165,1.4113306e-05,0.0016857599,-0.85406435,0.9871826,0.012817383,0.029785156,0.4515564441680908
9256960,2346.465859378836,7.0,479.3463,500.0,97.92694,-1.0,-0.016967773,1.0,0.20570521,-0.014645046,-0.002626236,2.269597e-06,-0.0026273706,-0.854458,0.9871826,0.012817383,0.029785156,0.45130643248558044
9265152,2308.795277980463,7.0,479.40564,500.0,97.79212,-1.0,-0.016845703,1.0,0.20541832,-0.014537927,0.00032821123,2.9595262e-06,0.00032673124,-0.853157,0.9871826,0.012817383,0.029663086,0.45105642080307007
9273344,2307.954885721106,7.0,479.52502,500.0,97.518326,-1.0,-0.017089844,1.0,0.20480299,-0.014758724,-0.004536923,1.3671981e-06,-0.004537607,-0.8551241,0.98742676,0.012573242,0.029663086,0.4508064091205597
9281536,2314.678363561134,7.0,479.64417,500.0,97.244774,-1.0,-0.017089844,1.0,0.20420608,-0.014765315,-0.00047967467,1.5685259e-06,-0.00048045896,-0.8582232,0.9875488,0.012451172,0.029541016,0.4505563974380493
9289728,2309.3349775708502,7.0,479.64417,500.0,97.244774,-1.0,-0.017089844,1.0,0.20420608,-0.014765315,-0.00472269,1.3316317e-06,-0.0047233556,-0.86083686,0.9875488,0.012451172,0.029541016,0.45030638575553894
9297920,2312.8133776944546,7.0,479.64417,500.0,97.244774,-1.0,-0.017089844,1.0,0.20420608,-0.014765315,-0.004876042,8.8274277e-07,-0.004876483,-0.8603688,0.9875488,0.012451172,0.029541016,0.45005637407302856
9306112,2322.193906560045,7.0,479.81165,500.0,96.8824,-1.0,-0.017211914,1.0,0.20329714,-0.01481289,-0.003039619,2.596656e-06,-0.003040917,-0.85897803,0.98779297,0.012207031,0.029418945,0.4498063623905182
9314304,2335.375400044832,7.0,479.9884,500.0,96.47791,-1.0,-0.016845703,1.0,0.20242524,-0.014501948,-0.0012031216,1.160604e-06,-0.0012037018,-0.8645996,0.98779297,0.012207031,0.029052734,0.4495563507080078
9322496,2320.492615968785,7.0,479.9884,500.0,96.47791,-1.0,-0.016845703,1.0,0.20242524,-0.014501948,-0.0005376739,1.384997e-06,-0.0005383664,-0.8759552,0.98779297,0.012207031,0.029052734,0.44930633902549744
9330688,2317.799620244933,7.0,479.98706,500.0,96.48437,-1.0,-0.016845703,1.0,0.20242524,-0.014513503,-0.0040029064,0.00024040796,-0.0041231103,-0.87121964,0.98779297,0.012207031,0.029052734,0.4493504464626312
9338880,2307.325806353051,7.0,480.04358,500.0,96.36051,-1.0,-0.016967773,1.0,0.20211332,-0.014610067,-0.0021198578,0.00020659053,-0.0022231531,-0.8669115,0.98791504,0.012084961,0.029052734,0.449394553899765
9347072,2322.8413276369656,7.0,480.10315,500.0,96.22189,-1.0,-0.016845703,1.0,0.20182131,-0.014500773,-0.0049067456,4.129854e-06,-0.0049088104,-0.8703697,0.98791504,0.012084961,0.028930664,0.44914454221725464
9355264,2308.321580666813,7.0,480.22266,500.0,95.94214,-1.0,-0.016601562,1.0,0.20123586,-0.014278839,-0.0014106152,1.9032308e-06,-0.0014115667,-0.8697599,0.98791504,0.012084961,0.028686523,0.44889453053474426
9363456,2314.795629341538,7.0,480.401,500.0,95.5252,-1.0,-0.016479492,1.0,0.20033395,-0.014168462,-0.0023999014,2.2664258e-06,-0.0024010348,-0.8686602,0.9880371,0.011962891,0.028442383,0.4486445188522339
9371648,2307.113710819224,7.0,480.3412,500.0,95.66621,-1.0,-0.016601562,1.0,0.20062834,-0.0142799765,-0.004234747,0.00015111557,-0.004310305,-0.86975193,0.9880371,0.011962891,0.028564453,0.4486722946166992
9379840,2309.020096288753,7.0,480.40088,500.0,95.52579,-1.0,-0.016479492,1.0,0.20033395,-0.0141695775,0.00110235,3.971354e-06,0.001100364,-0.86787635,0.9880371,0.011962891,0.028442383,0.44842228293418884
9388032,2371.8169103549926,7.0,480.57947,500.0,95.10544,-1.0,-0.016357422,1.0,0.1994279,-0.014065444,-0.0024628043,2.4369585e-06,-0.0024640227,-0.87267214,0.9881592,0.01184082,0.028198242,0.44817227125167847
9396224,2308.8067583239467,7.0,480.6985,500.0,94.82422,-1.0,-0.016357422,1.0,0.19881487,-0.014066537,-0.0034746754,3.1641362e-06,-0.0034762574,-0.8803468,0.98828125,0.01171875,0.028076172,0.4479222595691681
9404416,2308.9294810204688,7.0,480.63892,500.0,94.96524,-1.0,-0.016235352,1.0,0.19913162,-0.013959375,-0.004044577,0.0003192595,-0.0042042066,-0.8850132,0.9881592,0.01184082,0.028076172,0.4479500353336334
9412608,2308.2316404672097,7.0,480.69885,500.0,94.822395,-1.0,-0.016113281,1.0,0.19883482,-0.0138467355,-0.0022075947,6.483885e-06,-0.0022108366,-0.8886518,0.9881592,0.01184082,0.027954102,0.44770002365112305
9420800,2308.2181500417714,7.0,480.69885,500.0,94.82239,-1.0,-0.016113281,1.0,0.19883482,-0.0138467355,-0.0018780101,2.91643e-06,-0.0018794682,-0.88748175,0.9881592,0.01184082,0.027954102,0.44745001196861267
9428992,2307.792739827567,7.0,480.75903,500.0,94.67807,-1.0,-0.016235352,1.0,0.19851767,-0.013961663,-0.001739738,3.5924459e-06,-0.0017415342,-0.8891414,0.98828125,0.01171875,0.027954102,0.4472000002861023
9437184,2320.74479778736,7.0,480.87756,500.0,94.39776,-1.0,-0.015991211,1.0,0.19792168,-0.013748473,-0.0032333974,3.3573028e-06,-0.0032350754,-0.8923977,0.98828125,0.01171875,0.027709961,0.4469499886035919
9445376,2307.9579862469914,7.0,480.87756,500.0,94.39776,-1.0,-0.015991211,1.0,0.19792168,-0.013748473,0.00067705533,2.1245655e-06,0.00067599316,-0.8973434,0.98828125,0.01171875,0.027709961,0.44669997692108154
9453568,2308.698165048046,7.0,480.93665,500.0,94.25814,-1.0,-0.01586914,1.0,0.19762288,-0.0136434855,-0.0017259016,2.102746e-06,-0.0017269528,-0.89196485,0.98828125,0.01171875,0.02758789,0.44644996523857117
9461760,2306.1550423195426,7.0,480.93665,500.0,94.25814,-1.0,-0.01586914,1.0,0.19762288,-0.0136434855,-0.0036016647,2.7554995e-06,-0.0036030423,-0.88159,0.98828125,0.01171875,0.02758789,0.4461999535560608
9469952,2307.4071535538774,7.0,480.99414,500.0,94.126015,-1.0,-0.01574707,1.0,0.19732358,-0.013551356,-0.0050931564,3.7926086e-06,-0.0050950525,-0.8775227,0.98828125,0.01171875,0.02746582,0.4459499418735504
9478144,2321.1174501128207,7.0,481.0531,500.0,93.98653,-1.0,-0.01586914,1.0,0.19700421,-0.013655294,-0.0024598038,3.9557726e-06,-0.002461782,-0.8781658,0.9884033,0.01159668,0.02746582,0.44569993019104004
9486336,2308.3629865284897,7.0,481.11255,500.0,93.84436,-1.0,-0.01574707,1.0,0.19670397,-0.013547093,-0.0034213762,4.2789497e-06,-0.0034235157,-0.88998115,0.9884033,0.01159668,0.02734375,0.44544991850852966
9494528,2308.571744317954,7.0,481.2279,500.0,93.576515,-1.0,-0.015991211,1.0,0.19606267,-0.013735628,-0.0023396905,2.6852938e-06,-0.002341033,-0.89954466,0.98864746,0.011352539,0.02734375,0.4451999068260193
9502720,2310.1633281773356,7.0,481.2279,500.0,93.576515,-1.0,-0.015991211,1.0,0.19606267,-0.013735628,-0.0026824868,1.824949e-06,-0.0026833997,-0.90011644,0.98864746,0.011352539,0.02734375,0.4449498951435089
9510912,2309.1135119383957,7.0,481.1703,500.0,93.71016,-1.0,-0.016113281,1.0,0.19636375,-0.013828687,-0.0039043743,0.00016569832,-0.003987224,-0.9046607,0.98864746,0.011352539,0.02746582,0.4449940025806427
9519104,2308.5174574563734,7.0,481.22998,500.0,93.56628,-1.0,-0.015991211,1.0,0.19606267,-0.013718288,-0.0022440073,2.5915945e-06,-0.002245303,-0.91330355,0.98864746,0.011352539,0.02734375,0.4447439908981323
9527296,2309.1279439337313,7.0,481.2262,500.0,93.58471,-1.0,-0.015991211,1.0,0.19606267,-0.01374814,-0.002069997,0.0001919384,-0.002165966,-0.91593695,0.98864746,0.011352539,0.02734375,0.4447880983352661
9535488,2308.4503003863592,8.0,481.3463,500.0,93.29252,-1.0,-0.016235352,1.0,0.19541894,-0.013975708,-0.0012878025,1.6394002e-05,-0.0012959994,-0.9240955,0.9888916,0.011108398,0.02734375,0.44453808665275574
9543680,2309.6070954681613,8.0,481.3463,500.0,93.29252,-1.0,-0.016235352,1.0,0.19541894,-0.013975708,-0.0021482017,1.5116703e-05,-0.0021557598,-0.9325667,0.9888916,0.011108398,0.02734375,0.44428807497024536
9551872,2367.0638855153534,8.0,481.3463,500.0,93.29252,-1.0,-0.016235352,1.0,0.19541894,-0.013975708,-2.947345e-07,1.2771083e-05,-6.6800276e-06,-0.9405266,0.9888916,0.011108398,0.02734375,0.444038063287735
9560064,2396.0065858605667,8.0,481.40576,500.0,93.149124,-1.0,-0.016113281,1.0,0.19511648,-0.013867507,-0.0015664708,5.2243236e-06,-0.001569083,-0.9498302,0.9888916,0.011108398,0.02722168,0.4437880516052246
9568256,2307.4847873743356,8.0,481.3462,500.0,93.293144,-1.0,-0.015991211,1.0,0.19543907,-0.013758211,-0.0014884522,0.00020742147,-0.0015921629,-0.96188635,0.98876953,0.011230469,0.02722168,0.44353803992271423
9576448,2308.763319787724,8.0,481.3462,500.0,93.293144,-1.0,-0.015991211,1.0,0.19543907,-0.01375821,-0.0019697924,7.675373e-06,-0.0019736304,-0.97827363,0.98876953,0.011230469,0.02722168,0.44328802824020386
9584640,2316.028262230859,8.0,481.34583,500.0,93.29498,-1.0,-0.01574707,1.0,0.19545887,-0.013538497,-0.002800201,0.00012755519,-0.0028639787,-0.98558676,0.98864746,0.011352539,0.02709961,0.4430380165576935
9592832,2309.1842769966934,8.0,481.40576,500.0,93.14912,-1.0,-0.015625,1.0,0.19515619,-0.013425857,-0.0038641412,1.0728616e-05,-0.0038695051,-0.9944008,0.98864746,0.011352539,0.026977539,0.4427880048751831
9601024,2308.6801705775556,8.0,481.46338,500.0,93.01452,-1.0,-0.01574707,1.0,0.19483334,-0.013518916,-0.0004780044,6.1156165e-06,-0.00048106228,-1.0058017,0.98876953,0.011230469,0.026977539,0.44253799319267273
9609216,2309.3920968317466,8.0,481.46338,500.0,93.01452,-1.0,-0.01574707,1.0,0.19483334,-0.013518916,-0.0038587376,3.4852665e-06,-0.0038604806,-1.01631,0.98876953,0.011230469,0.026977539,0.44228798151016235
9617408,2308.5275391090454,8.0,481.46326,500.0,93.015144,-1.0,-0.01574707,1.0,0.19483334,-0.013520032,-0.004249242,0.00013993731,-0.0043192105,-1.0176604,0.98876953,0.011230469,0.026977539,0.44233208894729614
9625600,2308.9383250057035,8.0,481.58276,500.0,92.72396,-1.0,-0.01550293,1.0,0.19422543,-0.01329812,0.0008422499,1.0769613e-05,0.00083686516,-1.0166879,0.98876953,0.011230469,0.026733398,0.44208207726478577
9633792,2308.066664942545,8.0,481.64282,500.0,92.57642,-1.0,-0.015625,1.0,0.19390115,-0.013411898,0.0038889009,8.524251e-06,0.003884639,-1.0157057,0.9888916,0.011108398,0.026733398,0.4418320655822754
9641984,2319.757542172514,8.0,481.64282,500.0,92.57642,-1.0,-0.015625,1.0,0.19390115,-0.013411898,-0.0012854638,8.9163095e-06,-0.001289922,-1.015295,0.9888916,0.011108398,0.026733398,0.441582053899765
9650176,2340.1362416444717,8.0,481.64282,500.0,92.57642,-1.0,-0.015625,1.0,0.19390115,-0.013411897,-0.00019183161,5.4915445e-06,-0.00019457762,-1.0250347,0.9888916,0.011108398,0.026733398,0.44133204221725464
9658368,2307.4595286917584,8.0,481.70227,500.0,92.431725,-1.0,-0.01550293,1.0,0.19359592,-0.013303696,-0.00064899505,6.2710433e-06,-0.00065213046,-1.0310631,0.9888916,0.011108398,0.026611328,0.44108203053474426
9666560,2307.5365461569586,8.0,481.8219,500.0,92.13775,-1.0,-0.01550293,1.0,0.19296435,-0.013303696,0.00014210306,2.918056e-06,0.00014064403,-1.0369713,0.9890137,0.010986328,0.026489258,0.4408320188522339
9674752,2306.261848493686,8.0,482.00122,500.0,91.6954,-1.0,-0.015625,1.0,0.19200322,-0.013414094,-0.0005819539,1.954808e-06,-0.00058293133,-1.03603,0.9892578,0.0107421875,0.026367188,0.4405820071697235
9682944,2308.189929201982,8.0,482.0598,500.0,91.5534,-1.0,-0.01550293,1.0,0.19169496,-0.013313244,0.0010568791,4.983925e-06,0.0010543872,-1.0264904,0.9892578,0.0107421875,0.026245117,0.44033199548721313
9691136,2307.24818322967,8.0,482.11816,500.0,91.4124,-1.0,-0.015380859,1.0,0.19138615,-0.013214401,-0.0017663621,2.8540753e-06,-0.0017677892,-1.0212826,0.9892578,0.0107421875,0.026123047,0.44008198380470276
9699328,2349.005248726752,8.0,482.17773,500.0,91.264915,-1.0,-0.015258789,1.0,0.19107677,-0.013105106,-0.0016193171,2.5342151e-06,-0.001620584,-1.0092785,0.9892578,0.0107421875,0.026000977,0.4398319721221924
9707520,2306.857358121989,8.0,482.12024,500.0,91.40192,-1.0,-0.015380859,1.0,0.19138615,-0.013197234,-0.004137587,0.00018890192,-0.0042320373,-1.0022486,0.9892578,0.0107421875,0.026123047,0.43987607955932617
9715712,2307.6021002831335,8.0,482.1797,500.0,91.255035,-1.0,-0.01550293,1.0,0.19105712,-0.013305435,0.0010658967,1.1015169e-05,0.0010603891,-0.9937115,0.9893799,0.010620117,0.026123047,0.4396260678768158
9723904,2309.0117171812744,8.0,482.1797,500.0,91.255035,-1.0,-0.01550293,1.0,0.1910571,-0.013305435,-0.0029350528,3.724378e-06,-0.0029369148,-0.9881268,0.9893799,0.010620117,0.026123047,0.4393760561943054
9732096,2308.387799741668,8.0,482.1797,500.0,91.255035,-1.0,-0.01550293,1.0,0.1910571,-0.013305436,-0.0045059524,4.164248e-06,-0.004508035,-0.98876107,0.9893799,0.010620117,0.026123047,0.43912604451179504
9740288,2402.938038484087,8.0,482.24,500.0,91.10346,-1.0,-0.015625,1.0,0.19072743,-0.013414764,-0.0031324257,6.291485e-05,-0.0031638835,-0.9929294,0.98950195,0.010498047,0.026123047,0.4391538202762604
9748480,2329.4886332156966,8.0,482.35925,500.0,90.806404,-1.0,-0.015625,1.0,0.19008633,-0.013420285,-0.0003813755,3.941484e-06,-0.0003833461,-0.9977579,0.989624,0.010375977,0.026000977,0.43890380859375
9756672,2309.110097944379,8.0,482.35925,500.0,90.8064,-1.0,-0.015625,1.0,0.19008633,-0.013420284,-0.0022208567,1.481232e-06,-0.0022215974,-1.0113407,0.989624,0.010375977,0.026000977,0.4386537969112396
9764864,2308.640459635271,8.0,482.47534,500.0,90.52443,-1.0,-0.015380859,1.0,0.18946302,-0.01322709,-0.0014557764,2.2882537e-06,-0.0014569206,-1.0189321,0.989624,0.010375977,0.025756836,0.43840378522872925
9773056,2305.3148692934888,8.0,482.53503,500.0,90.374626,-1.0,-0.015258789,1.0,0.1891505,-0.013116693,-0.0013520205,2.475588e-06,-0.0013532584,-1.0268042,0.989624,0.010375977,0.025634766,0.43815377354621887
9781248,2307.92186563722,8.0,482.53503,500.0,90.37462,-1.0,-0.015258789,1.0,0.1891505,-0.013116692,-0.004340666,3.7373527e-06,-0.0043425346,-1.0345055,0.989624,0.010375977,0.025634766,0.4379037618637085
9789440,2328.3785815187407,8.0,482.65454,500.0,90.07348,-1.0,-0.015258789,1.0,0.18850404,-0.013113347,-0.0016167013,2.019127e-06,-0.0016177108,-1.0375893,0.9897461,0.010253906,0.025512695,0.4376537501811981
9797632,2307.961241808136,8.0,482.65454,500.0,90.07348,-1.0,-0.015258789,1.0,0.18850404,-0.013113347,-0.0026165894,1.2191967e-06,-0.0026171987,-1.0415053,0.9897461,0.010253906,0.025512695,0.43740373849868774
9805824,2310.23540025671,8.0,482.77075,500.0,89.78809,-1.0,-0.015258789,1.0,0.18785535,-0.013126196,-0.002420546,0.000102389386,-0.0024717408,-1.0332325,0.98986816,0.010131836,0.025390625,0.4374315142631531
9814016,2308.5245921553105,8.0,482.8308,500.0,89.634926,-1.0,-0.015136719,1.0,0.18754005,-0.0130124185,0.00095522293,3.414056e-06,0.00095351547,-1.0294348,0.98986816,0.010131836,0.025268555,0.4371815025806427
9822208,2307.487421747308,8.0,482.95032,500.0,89.3309,-1.0,-0.015136719,1.0,0.18688801,-0.013013534,0.0016204091,4.09207e-06,0.0016183632,-1.0351285,0.98999023,0.010009766,0.025146484,0.4369314908981323
9830400,2308.7028188360678,8.0,483.01,500.0,89.178764,-1.0,-0.015014648,1.0,0.186571,-0.012903137,-0.0038751566,4.9464547e-06,-0.0038776295,-1.0446566,0.98999023,0.010009766,0.025024414,0.43668147921562195
9838592,2309.43012616736,8.0,483.0692,500.0,89.028915,-1.0,-0.014892578,1.0,0.18625335,-0.012797089,-8.846965e-05,8.103365e-06,-9.252131e-05,-1.0536783,0.98999023,0.010009766,0.024902344,0.4364314675331116
9846784,2309.815301970652,8.0,483.12915,500.0,88.87488,-1.0,-0.015014648,1.0,0.18591557,-0.012909728,-0.0041464292,2.173309e-06,-0.004147516,-1.0679426,0.9901123,0.009887695,0.024902344,0.4361814558506012
9854976,2308.690253651467,8.0,483.1886,500.0,88.72314,-1.0,-0.015136719,1.0,0.18557706,-0.01301793,-0.0023413664,2.8888128e-06,-0.0023428109,-1.082792,0.9902344,0.009765625,0.024902344,0.4359314441680908
9863168,2314.4656937124864,8.0,483.24805,500.0,88.5711,-1.0,-0.015014648,1.0,0.1852578,-0.012909728,-0.0012467444,3.1515406e-06,-0.00124832,-1.0924814,0.9902344,0.009765625,0.024780273,0.43568143248558044
9871360,2308.5577845954062,8.0,483.30786,500.0,88.4168,-1.0,-0.014892578,1.0,0.18493792,-0.012798214,-0.00278647,2.5720979e-06,-0.0027877567,-1.0927807,0.9902344,0.009765625,0.024658203,0.43543142080307007
9879552,2307.299621522085,8.0,483.30786,500.0,88.4168,-1.0,-0.014892578,1.0,0.18493791,-0.012798214,0.0019552219,1.4338898e-05,0.0019480523,-1.1004107,0.9902344,0.009765625,0.024658203,0.4351814091205597
9887744,2308.5256778742323,8.0,483.3662,500.0,88.26996,-1.0,-0.014770508,1.0,0.1846174,-0.012699371,0.0014508119,3.0450085e-05,0.001435587,-1.1087261,0.9902344,0.009765625,0.024536133,0.4349313974380493
9895936,2308.0229441797446,8.0,483.4254,500.0,88.11831,-1.0,-0.0146484375,1.0,0.18429627,-0.012593323,-0.003342952,1.084099e-06,-0.0033434941,-1.114821,0.9902344,0.009765625,0.024414062,0.43468138575553894
9904128,2406.026032475577,8.0,483.4254,500.0,88.11831,-1.0,-0.0146484375,1.0,0.18429627,-0.012593323,-0.0011511041,1.3730951e-06,-0.0011517906,-1.1185359,0.9902344,0.009765625,0.024414062,0.43443137407302856
9912320,2339.677796676774,8.0,483.5442,500.0,87.812164,-1.0,-0.014404297,1.0,0.18365201,-0.0123780025,-0.0020489255,1.2066139e-06,-0.0020495285,-1.1225423,0.9902344,0.009765625,0.024169922,0.4341813623905182
9920512,2308.6477502136995,8.0,483.60388,500.0,87.65698,-1.0,-0.014526367,1.0,0.18330972,-0.012488401,-0.0034065198,1.2192412e-06,-0.003407129,-1.1358616,0.99035645,0.009643555,0.024169922,0.4339313507080078
9928704,2306.701870409764,8.0,483.66394,500.0,87.499504,-1.0,-0.0146484375,1.0,0.18296674,-0.012602178,-0.003131239,8.9320673e-07,-0.0031316853,-1.141733,0.9904785,0.009521484,0.024169922,0.43368133902549744
9936896,2307.0588728843854,8.0,483.7234,500.0,87.34501,-1.0,-0.014526367,1.0,0.18264258,-0.012493976,-0.001962845,6.59666e-07,-0.001963175,-1.1519116,0.9904785,0.009521484,0.024047852,0.43343132734298706
9945088,2307.3891792025024,8.0,483.7234,500.0,87.34501,-1.0,-0.014526367,1.0,0.18264258,-0.012493975,-0.0013364526,5.888e-07,-0.0013367468,-1.1524822,0.9904785,0.009521484,0.024047852,0.4331813156604767
9953280,2308.816221936179,8.0,483.7234,500.0,87.34501,-1.0,-0.014526367,1.0,0.18264258,-0.012493977,-0.005009049,1.9880817e-06,-0.0050100433,-1.1433836,0.9904785,0.009521484,0.024047852,0.4329313039779663
9961472,2308.1303885951156,8.0,483.7234,500.0,87.34501,-1.0,-0.014526367,1.0,0.18264258,-0.012493977,0.0056752,1.4831129e-06,0.005674458,-1.1419027,0.9904785,0.009521484,0.024047852,0.43268129229545593
9969664,2308.8646271988473,8.0,483.7234,500.0,87.34501,-1.0,-0.014526367,1.0,0.1826426,-0.012493976,0.00068396865,3.0161264e-06,0.0006824605,-1.1463317,0.9904785,0.009521484,0.024047852,0.43243128061294556
9977856,2307.2106904978186,8.0,483.84204,500.0,87.03636,-1.0,-0.014282227,1.0,0.18199234,-0.012279467,-0.0020003323,2.5688314e-06,-0.0020016169,-1.1504236,0.9904785,0.009521484,0.023803711,0.4321812689304352
9986048,2306.680809941145,8.0,483.84204,500.0,87.03637,-1.0,-0.014282227,1.0,0.18199234,-0.012279467,1.1820986e-05,7.9527877e-07,1.1423399e-05,-1.1508843,0.9904785,0.009521484,0.023803711,0.4319312572479248
9994240,2307.3922782086224,8.0,483.84204,500.0,87.03637,-1.0,-0.014282227,1.0,0.18199234,-0.012279468,-0.0035295452,1.8158901e-06,-0.0035304525,-1.1509149,0.9904785,0.009521484,0.023803711,0.43168124556541443
