timestep,fps,ep_len_min,ep_len_mean,ep_len_max,ep_len_std,return_min,return_mean,return_max,return_std,disc_return_mean,total_loss,value_loss,actor_loss,entropy,prob_fail,prob_success
8192,356.47231160639836,12.0,163.05556,500.0,132.3073,0.0,0.33333334,1.0,0.4714045,0.121359415,0.006459458,0.018626235,-0.0028536606,2.172951,0.6666667,0.33333334
16384,7211.749441431481,8.0,181.82895,500.0,150.50462,0.0,0.27631578,1.0,0.44717488,0.08295765,0.003672071,0.015277954,-0.0039669056,2.1678114,0.7236842,0.27631578
24576,7215.0840855577735,8.0,185.11208,500.0,154.8999,0.0,0.2413793,1.0,0.4279198,0.068664424,0.0011345282,0.009458951,-0.0035949473,2.160625,0.7586207,0.2413793
32768,7216.848059197088,8.0,195.78378,500.0,163.56541,0.0,0.2837838,1.0,0.4508332,0.08897366,-0.0022400871,0.0056422157,-0.0050611948,2.142018,0.7162162,0.2837838
40960,7215.218929384392,8.0,204.60527,500.0,174.28958,0.0,0.26842105,1.0,0.4431379,0.09756289,-7.286813e-05,0.0054893172,-0.002817527,2.128772,0.73157895,0.26842105
49152,7222.91336789399,8.0,210.41441,500.0,179.94704,0.0,0.26126125,1.0,0.439322,0.09960214,-0.00042302534,0.0033494674,-0.0020977594,2.125595,0.7387387,0.26126125
57344,7220.609231564557,8.0,213.18823,500.0,182.09792,0.0,0.2627451,1.0,0.4401251,0.10478593,-0.0021349122,0.0026390553,-0.0034544403,2.1173806,0.7372549,0.2627451
65536,7223.004470687012,8.0,213.97952,500.0,185.21469,0.0,0.25255972,1.0,0.4344805,0.10633781,-0.0035110614,0.0032316179,-0.0051268702,2.1111758,0.7474403,0.25255972
73728,7207.50760517409,6.0,220.54347,500.0,189.59094,0.0,0.26086956,1.0,0.4391089,0.11676796,-0.003667038,0.0031697766,-0.0052519264,2.1048372,0.73913044,0.26086956
81920,7271.106710228743,6.0,222.95157,500.0,190.88747,0.0,0.25925925,1.0,0.43822813,0.11740105,-0.004259833,0.0026340021,-0.005576834,2.0929055,0.7407407,0.25925925
90112,7213.348232075921,6.0,226.22751,500.0,192.9503,0.0,0.26455027,1.0,0.44109342,0.11888718,-0.0037827063,0.0022632305,-0.0049143215,2.0900307,0.73544973,0.26455027
98304,7215.547727032659,3.0,229.74039,500.0,195.96506,0.0,0.26682693,1.0,0.44230115,0.12491839,-0.0019775387,0.002811844,-0.0033834605,2.095356,0.7331731,0.26682693
106496,7249.853539183478,3.0,227.07048,500.0,195.6796,0.0,0.26872247,1.0,0.44329527,0.12749124,-0.003483525,0.0024687748,-0.0047179116,2.094631,0.7312775,0.26872247
114688,7226.428564548209,3.0,230.98132,500.0,196.63113,0.0,0.26970956,1.0,0.44380885,0.12714274,-0.0024019622,0.0025767293,-0.003690327,2.0794048,0.7302905,0.26970956
122880,7224.921198765698,3.0,229.50858,500.0,198.32176,0.0,0.2704762,1.0,0.4442058,0.13146687,-0.0032702931,0.0036421125,-0.005091349,2.0694463,0.72952384,0.2704762
131072,7227.8803023616165,3.0,227.87679,500.0,199.27718,0.0,0.27321428,1.0,0.44560996,0.1362621,-0.0018074213,0.002290511,-0.0029526767,2.064949,0.7267857,0.27321428
139264,7201.226642310296,3.0,227.77538,500.0,200.10457,0.0,0.2778702,1.0,0.44794908,0.1415388,-0.0018254656,0.0034921658,-0.0035715483,2.0527294,0.72212976,0.2778702
147456,7220.915757793174,3.0,224.71562,500.0,199.56694,0.0,0.284375,1.0,0.45111623,0.1471915,-0.0028984593,0.00452518,-0.0051610493,2.0509386,0.715625,0.284375
155648,7213.8479995381085,3.0,218.93965,500.0,199.35013,0.0,0.29454023,1.0,0.45583576,0.15810584,-0.0024190298,0.0053497804,-0.0050939205,2.053306,0.7054598,0.29454023
163840,7221.208651225156,3.0,215.83018,500.0,200.00487,0.0,0.3032345,1.0,0.45965567,0.16598453,-0.0016049062,0.0031758256,-0.0031928192,2.0538163,0.6967655,0.3032345
172032,7222.681066173379,3.0,214.30995,500.0,200.59413,0.0,0.3010204,1.0,0.45870158,0.16828702,-0.0027575807,0.0021786427,-0.003846902,2.0498743,0.6989796,0.3010204
180224,7224.92727559081,3.0,210.27725,500.0,200.92334,0.0,0.30805686,1.0,0.4616902,0.17689559,-0.0029147672,0.004424427,-0.005126981,2.042727,0.6919431,0.30805686
188416,7203.092566943046,3.0,209.39342,500.0,201.16519,0.0,0.31292516,1.0,0.46368417,0.18090104,-0.004390276,0.0026204612,-0.0057005063,2.0335197,0.68707484,0.31292516
196608,7222.186146328995,3.0,206.53098,500.0,201.16324,0.0,0.32478634,1.0,0.46829498,0.19057438,-0.001918358,0.0048487238,-0.004342721,2.035058,0.6752137,0.32478634
204800,7209.877516761624,3.0,207.06462,500.0,201.45049,0.0,0.32615384,1.0,0.46880436,0.19116661,-0.005494911,0.0030289134,-0.007009369,2.034908,0.6738461,0.32615384
212992,7274.271634295276,3.0,206.68762,500.0,201.7776,0.0,0.327112,1.0,0.46915856,0.19304185,-0.002103209,0.0045262584,-0.0043663383,2.0322177,0.67288804,0.327112
221184,7221.864333008669,3.0,204.53427,500.0,201.2345,0.0,0.3370892,1.0,0.47271562,0.20067291,-0.0017355632,0.004620121,-0.0040456234,2.032365,0.6629108,0.3370892
229376,7218.932902491139,3.0,202.93088,500.0,200.84445,0.0,0.33752245,1.0,0.47286472,0.20238625,-0.0036519996,0.003974064,-0.0056390315,2.0186334,0.66247755,0.33752245
237568,7204.290226915903,3.0,203.91959,500.0,201.12361,0.0,0.33653846,1.0,0.47252548,0.2020318,-0.00436444,0.0021772792,-0.00545308,2.006483,0.66346157,0.33653846
245760,7220.765526340233,3.0,202.49834,500.0,201.62762,0.0,0.34390652,1.0,0.47501034,0.20970811,-0.0027007954,0.0035062176,-0.004453905,2.0067935,0.6560935,0.34390652
253952,7205.001762051537,3.0,202.37439,500.0,201.48499,0.0,0.34683955,1.0,0.47596416,0.21074614,-0.0050446414,0.0033530872,-0.0067211855,2.003656,0.65316045,0.34683955
262144,7217.710659186182,3.0,201.85971,500.0,201.66913,0.0,0.34684333,1.0,0.47596535,0.21088174,-0.0027090276,0.0038636837,-0.00464087,2.0019598,0.65315664,0.34684333
270336,7220.80649793472,3.0,199.6166,500.0,201.62338,0.0,0.35052317,1.0,0.4771338,0.21512906,-0.0028557302,0.0042713704,-0.004991415,2.000282,0.6494768,0.35052317
278528,7212.91667044529,3.0,195.7845,500.0,200.71152,0.0,0.35704124,1.0,0.4791271,0.22041638,-0.002462057,0.0061499733,-0.0055370433,1.9936519,0.64295876,0.35704124
286720,7223.747044148868,3.0,194.08247,500.0,200.31714,0.0,0.36264485,1.0,0.48076352,0.22370502,-0.002444714,0.0049926084,-0.0049410183,1.9834864,0.63735515,0.36264485
294912,7220.082734877215,3.0,193.77092,500.0,199.91112,0.0,0.36586985,1.0,0.48167324,0.22561914,-0.0031111464,0.0035000262,-0.0048611593,1.980902,0.6341301,0.36586985
303104,7221.534959452118,3.0,191.65028,500.0,199.26126,0.0,0.37013403,1.0,0.48284036,0.228567,-0.002679672,0.0051476485,-0.005253496,1.9830954,0.629866,0.37013403
311296,7217.126979342602,3.0,189.75618,500.0,199.13754,0.0,0.37160495,1.0,0.4832336,0.2312995,-0.0032974558,0.0038953172,-0.0052451147,1.9732587,0.6283951,0.37160495
319488,7215.444690444356,3.0,188.37515,500.0,199.1602,0.0,0.37514862,1.0,0.48416126,0.23534024,-0.004541356,0.005283033,-0.0071828733,1.955698,0.62485135,0.37514862
327680,7227.066953311656,3.0,187.58102,500.0,199.16232,0.0,0.3784722,1.0,0.48500615,0.23813155,-0.0016238627,0.0047136606,-0.0039806925,1.9492445,0.6215278,0.3784722
335872,7220.886925009383,3.0,185.29471,500.0,199.01193,0.0,0.3844011,1.0,0.48645338,0.24451384,-0.0035252175,0.0047299108,-0.005890173,1.9527943,0.61559886,0.3844011
344064,7281.007797476252,3.0,182.75456,500.0,198.32018,0.0,0.39067525,1.0,0.48790175,0.24953738,-0.0019068223,0.0054059154,-0.00460978,1.9499096,0.60932475,0.39067525
352256,7204.214700651697,3.0,180.78612,500.0,197.66467,0.0,0.39357847,1.0,0.48854315,0.2532231,-0.0049536442,0.004444929,-0.0071761087,1.9501648,0.60642153,0.39357847
360448,7226.469600433759,3.0,176.99406,500.0,196.47813,0.0,0.40365613,1.0,0.4906301,0.26052567,-0.0006217395,0.008955788,-0.0050996337,1.9548459,0.5963439,0.40365613
368640,7226.262905896768,3.0,174.25285,500.0,195.50284,0.0,0.40874526,1.0,0.49160206,0.265579,-0.0017675587,0.005443571,-0.0044893445,1.9515284,0.5912548,0.40874526
376832,7227.658323523893,3.0,171.57887,500.0,194.97386,0.0,0.4160951,1.0,0.49290967,0.27290472,-0.0017645052,0.0069815577,-0.005255284,1.9437939,0.5839049,0.4160951
385024,7213.537529785461,3.0,168.3494,500.0,193.91707,0.0,0.4219372,1.0,0.49386856,0.27894387,-0.001985022,0.0055839317,-0.004776988,1.9366293,0.57806283,0.4219372
393216,7221.442375981922,3.0,166.82663,500.0,193.44783,0.0,0.42551368,1.0,0.49442065,0.2816013,-0.0035870136,0.006078677,-0.006626352,1.9269269,0.5744863,0.42551368
401408,7220.691171671138,3.0,165.07922,500.0,192.98828,0.0,0.42637908,1.0,0.4945503,0.28306344,-0.0027061508,0.006682519,-0.00604741,1.916309,0.5736209,0.42637908
409600,7215.823515909479,3.0,164.2117,500.0,192.64447,0.0,0.43185484,1.0,0.49533448,0.28636265,-0.0030513292,0.006399424,-0.0062510413,1.9135805,0.56814516,0.43185484
417792,7220.635027323461,3.0,161.40942,500.0,191.6923,0.0,0.43669653,1.0,0.4959765,0.29141915,-0.0016954306,0.006551931,-0.0049713957,1.9116668,0.5633035,0.43669653
425984,7209.286027244007,3.0,161.2157,500.0,191.77026,0.0,0.4390244,1.0,0.49626803,0.293289,-0.0035817851,0.004750639,-0.005957105,1.9083781,0.5609756,0.4390244
434176,7225.376989017806,3.0,159.06583,500.0,191.09126,0.0,0.44267753,1.0,0.49670327,0.29742715,-0.0028398198,0.0058865543,-0.0057830974,1.8984284,0.5573225,0.44267753
442368,7225.003236767219,3.0,157.94363,500.0,190.77434,0.0,0.44667864,1.0,0.4971487,0.30084655,-0.0025089595,0.005431226,-0.0052245725,1.8882006,0.55332136,0.44667864
450560,7221.440858239893,3.0,155.8184,500.0,189.59715,0.0,0.4506797,1.0,0.49756154,0.30338797,-5.3123396e-05,0.006895614,-0.00350093,1.87501,0.54932034,0.4506797
458752,7223.463056309173,3.0,154.44344,500.0,189.22629,0.0,0.45630082,1.0,0.49808672,0.3085625,-0.0028817044,0.0052020275,-0.0054827183,1.8711224,0.5436992,0.45630082
466944,7208.732444683153,3.0,153.15497,500.0,188.44164,0.0,0.45763272,1.0,0.49820176,0.3093243,-0.0035167024,0.006821376,-0.00692739,1.8663622,0.5423673,0.45763272
475136,7225.138451613283,3.0,152.86386,500.0,188.18382,0.0,0.46061587,1.0,0.4984465,0.31140733,-0.004488455,0.0030449282,-0.0060109193,1.8623956,0.5393841,0.46061587
483328,7222.5277248591165,3.0,153.34503,500.0,188.57619,0.0,0.4609001,1.0,0.49846885,0.3122325,-0.00417073,0.0026773526,-0.0055094063,1.860907,0.53909993,0.4609001
491520,7221.929604146546,3.0,153.54794,500.0,188.66176,0.0,0.460547,1.0,0.49844107,0.3117412,-0.0021049161,0.003162334,-0.0036860828,1.8586932,0.539453,0.460547
499712,7226.807024274348,3.0,152.87988,500.0,188.53651,0.0,0.4642089,1.0,0.49871734,0.31467438,-0.0021912907,0.005007757,-0.0046951687,1.8603014,0.5357911,0.4642089
507904,7228.120541397924,3.0,151.07617,500.0,187.89594,0.0,0.46804062,1.0,0.49897757,0.31869215,-0.0015192543,0.007978027,-0.005508268,1.8536267,0.53195935,0.46804062
516096,7225.857150277733,3.0,150.71869,500.0,187.82549,0.0,0.46884185,1.0,0.49902824,0.319486,-0.0017777059,0.0046387888,-0.0040971003,1.8441496,0.53115815,0.46884185
524288,7227.906150098837,3.0,149.8398,500.0,187.32738,0.0,0.47028422,1.0,0.49911618,0.320828,-0.005360892,0.0046265526,-0.007674168,1.8390677,0.5297158,0.47028422
532480,7208.794453801682,3.0,149.3124,500.0,187.18385,0.0,0.4735211,1.0,0.49929833,0.32370996,-0.0020467285,0.004723463,-0.00440846,1.8326471,0.5264789,0.4735211
540672,7225.240245903966,3.0,149.09459,500.0,187.1756,0.0,0.47461858,1.0,0.4993554,0.32487878,-0.0044289706,0.003399585,-0.006128763,1.8266269,0.5253814,0.47461858
548864,7225.352678752612,3.0,149.00246,500.0,187.22208,0.0,0.47375616,1.0,0.49931073,0.32453907,-0.0044820146,0.003098351,-0.00603119,1.820983,0.52624387,0.47375616
557056,7221.966035062113,3.0,148.61423,500.0,187.24042,0.0,0.47624162,1.0,0.49943528,0.32724908,-0.0049045235,0.0036074494,-0.0067082485,1.8123097,0.5237584,0.47624162
565248,7225.538048656673,3.0,147.77013,500.0,186.94016,0.0,0.47816938,1.0,0.4995232,0.32921615,-0.0028871833,0.0060147652,-0.0058945655,1.7961527,0.5218306,0.47816938
573440,7231.137051925473,3.0,147.04051,500.0,186.70128,0.0,0.48232257,1.0,0.49968737,0.3329499,-0.0016277356,0.0050286106,-0.004142041,1.7886163,0.5176774,0.48232257
581632,7218.371771665785,3.0,147.25941,500.0,186.98248,0.0,0.4826884,1.0,0.49970022,0.3335893,-0.0028121902,0.0028945077,-0.004259444,1.7857895,0.51731163,0.4826884
589824,7222.1178345,3.0,146.5,500.0,186.63985,0.0,0.48527208,1.0,0.499783,0.33586502,-0.00209321,0.0058745136,-0.0050304667,1.7792263,0.5147279,0.48527208
598016,7210.762663158913,3.0,145.68748,500.0,186.16983,0.0,0.48640704,1.0,0.4998152,0.33644462,-0.0029994897,0.0069272495,-0.006463114,1.7756413,0.51359296,0.48640704
606208,7220.528810675704,3.0,144.19632,500.0,185.44731,0.0,0.49128255,1.0,0.49992394,0.34076285,-0.0027808365,0.00616838,-0.005865027,1.7673726,0.5087175,0.49128255
614400,7210.783848812468,3.0,143.85341,500.0,185.4411,0.0,0.4930474,1.0,0.49995166,0.34256032,-0.0023606396,0.003445902,-0.0040835906,1.7601827,0.50695264,0.4930474
622592,7221.345241778196,3.0,143.40718,500.0,185.32697,0.0,0.49467593,1.0,0.49997163,0.34438136,-0.0039945156,0.0053808223,-0.0066849263,1.763301,0.50532407,0.49467593
630784,7214.394794174017,3.0,143.35625,500.0,185.2716,0.0,0.49509022,1.0,0.49997586,0.34481114,-0.0028954945,0.0044066925,-0.00509884,1.7576177,0.5049098,0.49509022
638976,7208.038317854254,3.0,142.16913,500.0,184.74626,0.0,0.49888143,1.0,0.49999875,0.34774265,-0.0027672735,0.006610942,-0.0060727443,1.7516499,0.50111854,0.49888143
647168,7221.495497354866,3.0,142.21002,500.0,184.99916,0.0,0.49944848,1.0,0.49999967,0.348704,-0.0020761935,0.003872689,-0.004012538,1.7519727,0.5005515,0.49944848
655360,7226.331296162592,3.0,140.66551,500.0,184.15726,0.0,0.50506794,1.0,0.4999743,0.35323775,-0.002844554,0.008200196,-0.0069446517,1.7465775,0.49493206,0.50506794
663552,7207.6603093611775,3.0,139.92961,500.0,183.808,0.0,0.50710195,1.0,0.49994954,0.35520956,-0.0030913958,0.0054213568,-0.005802075,1.7420663,0.49289802,0.50710195
671744,7223.220089786402,3.0,139.74106,500.0,183.86627,0.0,0.508471,1.0,0.49992824,0.35687262,-0.004816971,0.0038420844,-0.006738013,1.7461765,0.49152896,0.508471
679936,7230.312319464398,3.0,139.10007,500.0,183.6423,0.0,0.5101705,1.0,0.49989656,0.35834745,-0.0015543206,0.0056731924,-0.004390917,1.7466935,0.48982945,0.5101705
688128,7211.333206007699,3.0,137.6571,500.0,182.97066,0.0,0.5147383,1.0,0.49978274,0.36273682,-0.002645608,0.0078109615,-0.0065510883,1.7404485,0.48526168,0.5147383
696320,7224.628004099313,3.0,137.18195,500.0,182.68874,0.0,0.5171869,1.0,0.49970454,0.36447164,-0.0025384626,0.005994769,-0.0055358466,1.7317896,0.48281312,0.5171869
704512,7219.384903722592,3.0,136.43544,500.0,182.44742,0.0,0.5190587,1.0,0.49963665,0.36668655,-0.0031965484,0.0045158137,-0.0054544546,1.7254639,0.48094127,0.5190587
712704,7219.770211203,3.0,136.05502,500.0,182.3514,0.0,0.5207055,1.0,0.49957106,0.368243,-0.0028090612,0.0042885477,-0.004953335,1.7270219,0.47929448,0.5207055
720896,7224.035610814102,3.0,134.85312,500.0,181.65405,0.0,0.52372915,1.0,0.49943662,0.37096703,-0.001670605,0.0071390085,-0.005240109,1.721925,0.47627085,0.52372915
729088,7211.228776295948,3.0,133.4397,500.0,180.85217,0.0,0.5279971,1.0,0.4992155,0.3746649,-0.002392503,0.007083322,-0.005934164,1.7096742,0.47200292,0.5279971
737280,7217.230063983038,3.0,132.48125,500.0,180.43428,0.0,0.5312049,1.0,0.4990253,0.37835526,-0.0039330367,0.0036987183,-0.005782396,1.6987841,0.4687951,0.5312049
745472,7218.594696981634,3.0,132.0512,500.0,180.245,0.0,0.5330608,1.0,0.49890578,0.38008404,-0.0017096974,0.005657328,-0.004538361,1.6862823,0.4669392,0.5330608
753664,7221.747455081797,3.0,131.60133,500.0,180.0438,0.0,0.5345945,1.0,0.49880177,0.38140976,-7.7711535e-05,0.0055200397,-0.002837731,1.6792278,0.4654055,0.5345945
761856,7225.231129880406,3.0,131.36436,500.0,179.90622,0.0,0.5346021,1.0,0.4988013,0.38143826,-0.004620495,0.0056210216,-0.007431005,1.6751657,0.46539792,0.5346021
770048,7220.311834950316,3.0,130.63002,500.0,179.5058,0.0,0.53624916,1.0,0.49868423,0.38339692,-0.0020416593,0.0047164923,-0.004399905,1.6703383,0.46375084,0.53624916
778240,7222.623372637652,3.0,129.69994,500.0,179.0857,0.0,0.5390154,1.0,0.4984755,0.38648817,-0.0019693465,0.0049711643,-0.0044549285,1.6628273,0.4609846,0.5390154
786432,7212.615365044872,3.0,129.07552,500.0,178.84785,0.0,0.541461,1.0,0.49827802,0.3889227,-0.0025088289,0.0061263423,-0.005572,1.6572566,0.45853898,0.541461
794624,7215.078025279424,3.0,127.59913,500.0,178.01692,0.0,0.54637843,1.0,0.4978444,0.39355326,-0.0027961866,0.006444168,-0.0060182703,1.6553086,0.45362157,0.54637843
802816,7205.450509334443,3.0,126.882774,500.0,177.59746,0.0,0.54885787,1.0,0.49760717,0.39565867,-0.0027580587,0.0066816704,-0.0060988944,1.6484824,0.45114213,0.54885787
811008,7212.656244201073,3.0,125.47953,500.0,176.88919,0.0,0.55272955,1.0,0.49721184,0.39965087,-0.00072100887,0.00804922,-0.0047456194,1.6392034,0.44727048,0.55272955
819200,7224.889295601573,3.0,124.32887,500.0,176.17287,0.0,0.55557245,1.0,0.49690214,0.4024335,-0.0014929866,0.007951817,-0.0054688947,1.6262798,0.44442755,0.55557245
827392,7205.896290088608,3.0,123.377914,500.0,175.55246,0.0,0.55745065,1.0,0.49668846,0.40418503,-0.0021867154,0.0069152196,-0.0056443247,1.6151017,0.44254938,0.55745065
835584,7220.19652448697,3.0,122.799675,500.0,175.1887,0.0,0.55902267,1.0,0.49650413,0.405681,-0.0014565287,0.007273591,-0.005093324,1.6041901,0.44097733,0.55902267
843776,7217.59391566484,3.0,121.61496,500.0,174.39859,0.0,0.5621473,1.0,0.4961227,0.40868813,-0.0012119338,0.0075296964,-0.0049767816,1.597359,0.4378527,0.5621473
851968,7208.407292379086,3.0,121.13589,500.0,174.2187,0.0,0.5646589,1.0,0.49580157,0.41102245,-0.0019413407,0.0064444053,-0.0051635434,1.5954474,0.43534115,0.5646589
860160,7217.774339062363,3.0,120.90619,500.0,174.13348,0.0,0.565383,1.0,0.49570665,0.4118175,-0.00039266338,0.006610903,-0.0036981152,1.5928738,0.434617,0.565383
868352,7218.189802023461,3.0,120.331245,500.0,173.76555,0.0,0.5677518,1.0,0.49538842,0.41383997,-0.0015976662,0.006334346,-0.0047648386,1.5855857,0.4322482,0.5677518
876544,7221.434787278156,3.0,119.26354,500.0,173.10196,0.0,0.5703178,1.0,0.4950307,0.41671544,0.0008047821,0.008340459,-0.0033654477,1.5780858,0.42968217,0.5703178
884736,7208.726395070167,3.0,118.574135,500.0,172.7201,0.0,0.57279205,1.0,0.4946729,0.4191396,-0.0031512654,0.006185048,-0.006243789,1.5731947,0.42720795,0.57279205
892928,7222.949808735421,3.0,118.039764,500.0,172.49763,0.0,0.5741551,1.0,0.49447042,0.4206133,-0.001453537,0.0067139254,-0.0048105,1.5687511,0.42584494,0.5741551
901120,7215.178021174062,3.0,117.70368,500.0,172.383,0.0,0.57493114,1.0,0.49435347,0.4216773,-0.0010207837,0.0045494246,-0.0032954959,1.5632608,0.42506883,0.57493114
909312,7213.714721443728,3.0,116.58356,500.0,171.52657,0.0,0.5780347,1.0,0.49387306,0.42420158,-0.0006319303,0.010323333,-0.005793597,1.5620022,0.42196533,0.5780347
917504,7222.362245003058,3.0,115.654495,500.0,170.92236,0.0,0.58160686,1.0,0.4932954,0.4274161,-0.0018855976,0.0058182585,-0.004794727,1.5640708,0.41839314,0.58160686
925696,7221.844600106227,3.0,115.188576,500.0,170.60869,0.0,0.58356196,1.0,0.49296793,0.42888322,-0.003943526,0.0056007467,-0.0067438995,1.5587924,0.416438,0.58356196
933888,7204.240379403851,3.0,114.21371,500.0,169.98927,0.0,0.58705246,1.0,0.49236357,0.4321676,-0.0019659935,0.007969086,-0.0059505356,1.5515263,0.41294754,0.58705246
942080,7219.968948854032,3.0,112.953125,500.0,169.60474,0.0,0.59265137,1.0,0.49134073,0.43766224,-0.002209183,0.0068044043,-0.0056113848,1.545246,0.40734863,0.59265137
950272,7217.525690680037,3.0,111.58862,500.0,168.91055,0.0,0.5966797,1.0,0.490564,0.4416509,-0.0016920541,0.0066134743,-0.004998792,1.5359446,0.4033203,0.5966797
958464,7226.6991060151795,3.0,108.539185,500.0,166.79668,0.0,0.60510254,1.0,0.48882866,0.44920373,-0.0022483137,0.008130119,-0.0063133733,1.5247517,0.39489746,0.60510254
966656,7206.688253616952,3.0,105.4137,500.0,164.31552,0.0,0.6121826,1.0,0.48725253,0.45578516,-0.0015789135,0.0076715657,-0.005414697,1.5123684,0.38781738,0.6121826
974848,7218.521903527796,3.0,103.609375,500.0,162.8388,0.0,0.6171875,1.0,0.48607314,0.4604482,-0.0008102856,0.0045499755,-0.0030852738,1.504615,0.3828125,0.6171875
983040,7221.862815089268,3.0,101.60693,500.0,161.2023,0.0,0.6236572,1.0,0.4844677,0.46608105,-0.001625763,0.008038616,-0.00564507,1.5063194,0.37634277,0.6236572
991232,7217.3695361250375,3.0,99.64368,500.0,159.52866,0.0,0.63049316,1.0,0.48267126,0.47201404,-0.0007377198,0.008231712,-0.0048535746,1.5026113,0.36950684,0.63049316
999424,7207.69206054927,3.0,98.061646,500.0,158.11731,0.0,0.6343994,1.0,0.48159817,0.4756673,-0.0038919416,0.006974835,-0.0073793577,1.4964622,0.3656006,0.6343994
1007616,7219.761108977198,3.0,96.24744,500.0,156.57787,0.0,0.6374512,1.0,0.48073605,0.4786691,-5.811022e-05,0.0083833,-0.00424976,1.5018358,0.36254883,0.6374512
1015808,7217.434726039972,3.0,94.65027,500.0,155.17216,0.0,0.64172363,1.0,0.4794939,0.4824005,-0.00064117677,0.007885043,-0.004583698,1.501453,0.35827637,0.64172363
1024000,7206.880225185259,3.0,92.345215,500.0,152.90884,0.0,0.6485596,1.0,0.47742018,0.4883382,-0.0015342438,0.009034947,-0.0060517164,1.4911832,0.35144043,0.6485596
1032192,7220.182869544423,3.0,91.27429,500.0,151.942,0.0,0.6529541,1.0,0.47603056,0.49229944,-0.0016467231,0.008991077,-0.006142262,1.4824772,0.3470459,0.6529541
1040384,7225.273671520492,3.0,89.81409,500.0,150.90671,0.0,0.65563965,1.0,0.4751593,0.4959185,5.9655693e-05,0.0076797325,-0.0037802104,1.4790105,0.34436035,0.65563965
1048576,7220.947625874727,3.0,88.1521,500.0,149.20326,0.0,0.66064453,1.0,0.4734906,0.50042295,-0.00014740782,0.008825488,-0.0045601516,1.4767821,0.33935547,0.66064453
1056768,7220.4332183645,3.0,87.20398,500.0,148.21303,0.0,0.6647949,1.0,0.47206208,0.5040287,-0.00094793196,0.0066221375,-0.0042590005,1.4658966,0.33520508,0.6647949
1064960,7217.090597231397,3.0,86.30237,500.0,147.61896,0.0,0.6680908,1.0,0.47089857,0.5080102,0.0001981674,0.007777174,-0.0036904193,1.4610882,0.33190918,0.6680908
1073152,7222.293929842742,3.0,85.569824,500.0,146.94597,0.0,0.6711426,1.0,0.46979803,0.5107853,-0.0014316412,0.00850423,-0.0056837555,1.4527993,0.32885742,0.6711426
1081344,7222.981694773304,3.0,84.752075,500.0,145.98833,0.0,0.67419434,1.0,0.4686751,0.5132576,-0.0003702115,0.008377311,-0.004558867,1.4391673,0.32580566,0.67419434
1089536,7213.867688765008,3.0,84.1012,500.0,145.36876,0.0,0.6784668,1.0,0.46706486,0.51711345,-0.0013249414,0.0064900853,-0.004569984,1.4352008,0.3215332,0.6784668
1097728,7213.870717886379,3.0,83.407104,500.0,144.79874,0.0,0.68200684,1.0,0.4656968,0.52086306,-0.0012046299,0.00704537,-0.0047273147,1.4335306,0.31799316,0.68200684
1105920,7211.7176544864105,3.0,82.62549,500.0,143.87863,0.0,0.68395996,1.0,0.46492875,0.5225837,-0.0009480512,0.009156221,-0.0055261613,1.4244967,0.31604004,0.68395996
1114112,7216.788943022219,3.0,81.36853,500.0,142.63568,0.0,0.6870117,1.0,0.46370962,0.5260923,0.0021472636,0.0123336455,-0.0040195594,1.4209564,0.31298828,0.6870117
1122304,7217.222484129761,3.0,80.53369,500.0,141.68906,0.0,0.6899414,1.0,0.46251732,0.5287744,-0.0013460352,0.006836454,-0.004764262,1.4145982,0.3100586,0.6899414
1130496,7223.979414445335,3.0,78.74597,500.0,140.00905,0.0,0.69506836,1.0,0.46037844,0.5338508,-0.0021218332,0.009438585,-0.006841126,1.4095311,0.30493164,0.69506836
1138688,7209.636976067222,3.0,77.09387,500.0,137.97345,0.0,0.69921875,1.0,0.45859775,0.5376718,-0.0016133187,0.01048687,-0.0068567544,1.403435,0.30078125,0.69921875
1146880,7226.902785428551,3.0,75.96997,500.0,136.72734,0.0,0.7034912,1.0,0.456718,0.54151756,-0.0015535346,0.008385851,-0.00574646,1.4018761,0.2965088,0.7034912
1155072,7203.326630582673,3.0,74.177124,500.0,134.45418,0.0,0.7076416,1.0,0.4548461,0.54526484,-0.0008987694,0.009620061,-0.0057087997,1.4021183,0.2923584,0.7076416
1163264,7221.979696750211,3.0,73.319336,500.0,133.2293,0.0,0.71032715,1.0,0.45361054,0.54719293,-0.0022753435,0.008098809,-0.0063247476,1.3996521,0.28967285,0.71032715
1171456,7220.4332183645,3.0,71.80676,500.0,131.314,0.0,0.7138672,1.0,0.45195225,0.5505291,-0.000142592,0.007498081,-0.0038916324,1.3876783,0.2861328,0.7138672
1179648,7205.772372615088,3.0,71.13611,500.0,130.7056,0.0,0.7171631,1.0,0.45037785,0.55426,0.0011059962,0.0073501384,-0.0025690729,1.3746241,0.2828369,0.7171631
1187840,7220.556123229521,3.0,69.7832,500.0,129.00597,0.0,0.71972656,1.0,0.44913277,0.5571536,0.00014718331,0.010864028,-0.0052848314,1.3691226,0.28027344,0.71972656
1196032,7215.71744076966,3.0,68.53064,500.0,127.47289,0.0,0.7233887,1.0,0.44732255,0.5607002,-0.0012224262,0.009249554,-0.0058472026,1.3598708,0.27661133,0.7233887
1204224,7221.755044442716,3.0,67.35974,500.0,125.836716,0.0,0.72717285,1.0,0.44541276,0.56439066,-0.0015527138,0.0070061143,-0.0050557707,1.3514816,0.27282715,0.72717285
1212416,7221.205615938222,3.0,66.67981,500.0,125.05149,0.0,0.7285156,1.0,0.4447253,0.5662173,-0.0012120235,0.008995365,-0.005709706,1.3448174,0.27148438,0.7285156
1220608,7219.351532569062,3.0,65.98926,500.0,123.94841,0.0,0.73083496,1.0,0.4435259,0.568328,-0.00074059697,0.0068797404,-0.0041804668,1.3373055,0.26916504,0.73083496
1228800,7205.430866027666,3.0,65.53491,500.0,123.37484,0.0,0.7315674,1.0,0.4431439,0.5692389,-0.00023783157,0.008507615,-0.0044916393,1.3299643,0.26843262,0.7315674
1236992,7212.716806765731,3.0,64.887085,500.0,122.20962,0.0,0.7330322,1.0,0.4423754,0.5705434,-1.3864541e-05,0.0072968635,-0.0036622973,1.3254023,0.26696777,0.7330322
1245184,7186.778896729008,3.0,64.23303,500.0,121.157776,0.0,0.7359619,1.0,0.44081968,0.57288736,-0.0020561665,0.008031639,-0.006071986,1.3228467,0.2640381,0.7359619
1253376,7193.096410416587,3.0,63.927612,500.0,120.78028,0.0,0.7355957,1.0,0.44101545,0.57317424,0.001329551,0.010110185,-0.0037255415,1.3202753,0.2644043,0.7355957
1261568,7217.333151568301,3.0,62.89099,500.0,119.17039,0.0,0.73828125,1.0,0.4395703,0.57535756,0.0006539175,0.00897843,-0.003835298,1.3130238,0.26171875,0.73828125
1269760,7201.037990165772,3.0,61.605957,500.0,117.378525,0.0,0.7423096,1.0,0.4373626,0.57925826,-0.0010485079,0.009537442,-0.005817228,1.3090311,0.25769043,0.7423096
1277952,7193.518073328384,3.0,60.70276,500.0,115.982414,0.0,0.74523926,1.0,0.4357266,0.581939,-0.000418342,0.009480966,-0.005158826,1.3041675,0.25476074,0.74523926
1286144,7196.345997756047,3.0,60.525757,500.0,115.7678,0.0,0.7459717,1.0,0.43531358,0.58253646,-0.0017160949,0.007411964,-0.005422077,1.3064648,0.25402832,0.7459717
1294336,7201.599448012901,3.0,59.825684,500.0,114.708405,0.0,0.7474365,1.0,0.43448266,0.5843328,-0.002130421,0.008896429,-0.006578636,1.3000097,0.25256348,0.7474365
1302528,7201.923986425234,3.0,59.755493,500.0,114.66559,0.0,0.7492676,1.0,0.4334347,0.5858884,-0.0011930485,0.008058937,-0.005222518,1.2877251,0.25073242,0.7492676
1310720,7201.671900564191,3.0,59.404663,500.0,114.395065,0.0,0.7520752,1.0,0.43180794,0.5889449,-0.0022654475,0.008034657,-0.0062827757,1.2741048,0.2479248,0.7520752
1318912,7191.473469623537,3.0,58.757202,500.0,113.60977,0.0,0.7537842,1.0,0.43080574,0.591064,5.079736e-05,0.011178841,-0.005538623,1.2668228,0.24621582,0.7537842
1327104,7198.135502790242,3.0,58.286255,500.0,113.06295,0.0,0.7557373,1.0,0.42964917,0.59337103,-0.00047282083,0.008114903,-0.004530272,1.2623525,0.2442627,0.7557373
1335296,7206.741158146385,3.0,57.224976,500.0,111.37473,0.0,0.7583008,1.0,0.42811295,0.59613025,-0.0025078743,0.007345899,-0.006180824,1.2548943,0.24169922,0.7583008
1343488,7191.634526555145,3.0,56.93982,500.0,111.17694,0.0,0.7595215,1.0,0.42737404,0.5973692,0.00025245204,0.009214269,-0.004354683,1.2496681,0.24047852,0.7595215
1351680,7205.482241056253,3.0,56.760254,500.0,110.93599,0.0,0.7602539,1.0,0.42692846,0.5982876,-0.0008595358,0.0060461364,-0.0038826042,1.2402778,0.2397461,0.7602539
1359872,7199.841411179662,3.0,55.891724,500.0,109.4782,0.0,0.76208496,1.0,0.42580688,0.60060453,-0.00036250186,0.009685839,-0.0052054217,1.2382119,0.23791504,0.76208496
1368064,7202.099098368301,3.0,55.839478,500.0,109.764725,0.0,0.7614746,1.0,0.42618188,0.60130954,0.0008499953,0.008654901,-0.0034774551,1.2385283,0.23852539,0.7614746
1376256,7202.49011180295,3.0,55.439453,500.0,109.21639,0.0,0.7631836,1.0,0.42512867,0.60332286,0.000190933,0.008513211,-0.004065673,1.2318101,0.2368164,0.7631836
1384448,7203.368914668778,3.0,54.855713,500.0,108.370476,0.0,0.7626953,1.0,0.42543057,0.60400885,0.00051792216,0.011426879,-0.0051955176,1.229286,0.23730469,0.7626953
1392640,7203.713246421283,3.0,53.86499,500.0,106.819954,0.0,0.7659912,1.0,0.42337772,0.6076772,-0.00037264894,0.008798336,-0.0047718165,1.2250898,0.23400879,0.7659912
1400832,7207.7011323686775,3.0,53.57605,500.0,106.50385,0.0,0.76782227,1.0,0.42222175,0.60954964,0.0016695096,0.0107370075,-0.0036989944,1.2145919,0.23217773,0.76782227
1409024,7193.6521122511385,3.0,53.340088,500.0,106.18891,0.0,0.76831055,1.0,0.42191163,0.6100864,-0.0012520615,0.0077441623,-0.0051241424,1.204689,0.23168945,0.76831055
1417216,7203.778189871318,3.0,53.111572,500.0,105.85483,0.0,0.7689209,1.0,0.42152292,0.61086935,0.00083777035,0.008349531,-0.0033369956,1.2057331,0.2310791,0.7689209
1425408,7210.6688424752765,3.0,53.052002,500.0,106.01991,0.0,0.77001953,1.0,0.42081997,0.6121392,0.0002505628,0.009406355,-0.004452615,1.206865,0.22998047,0.77001953
1433600,7194.894845685501,3.0,52.499023,500.0,105.39416,0.0,0.7738037,1.0,0.4183677,0.6159549,0.0014051419,0.0087457495,-0.0029677327,1.1999522,0.22619629,0.7738037
1441792,7203.285857112639,3.0,52.277466,500.0,105.188896,0.0,0.7755127,1.0,0.41724423,0.6177949,0.0001227195,0.007999644,-0.0038771029,1.1868019,0.2244873,0.7755127
1449984,7205.15436007425,3.0,51.559326,500.0,104.34269,0.0,0.7767334,1.0,0.41643563,0.62020385,0.0030554596,0.012922237,-0.0034056595,1.1818092,0.2232666,0.7767334
1458176,7189.458609975805,3.0,50.64917,500.0,103.001526,0.0,0.7817383,1.0,0.41306603,0.62527406,0.0020335708,0.011637418,-0.003785138,1.1806537,0.21826172,0.7817383
1466368,7203.713246421283,3.0,49.639282,500.0,101.408615,0.0,0.78308105,1.0,0.41214696,0.627079,0.0029653003,0.013273306,-0.0036713516,1.1753078,0.21691895,0.78308105
1474560,7198.0932801223435,3.0,49.21997,500.0,100.88839,0.0,0.7854004,1.0,0.41054425,0.62933296,0.00014400214,0.01040788,-0.005059938,1.1792042,0.21459961,0.7854004
1482752,7212.669870689447,3.0,48.852783,500.0,100.40212,0.0,0.7861328,1.0,0.41003415,0.6306827,0.0017937564,0.010943031,-0.0036777589,1.1795373,0.21386719,0.7861328
1490944,7221.59718902023,3.0,48.499146,500.0,99.822586,0.0,0.7852783,1.0,0.41062912,0.6303558,0.0027452568,0.0072868792,-0.000898183,1.1732823,0.21472168,0.7852783
1499136,7223.371941947697,3.0,48.098145,500.0,99.48485,0.0,0.7871094,1.0,0.40935096,0.6328256,-8.567702e-06,0.011229307,-0.0056232214,1.1653064,0.21289062,0.7871094
1507328,7210.562918831233,3.0,47.71826,500.0,99.13555,0.0,0.78808594,1.0,0.4086643,0.63426864,0.00023204583,0.009581468,-0.0045586876,1.1561785,0.21191406,0.78808594
1515520,7223.012062690168,3.0,47.20642,500.0,98.51991,0.0,0.7891846,1.0,0.40788758,0.6363565,0.0027371747,0.0122592,-0.0033924254,1.152096,0.21081543,0.7891846
1523712,7222.753943535964,3.0,47.141724,500.0,98.86066,0.0,0.79089355,1.0,0.40667054,0.6387373,-0.00013500109,0.010137938,-0.0052039702,1.1464049,0.20910645,0.79089355
1531904,7218.145827403072,3.0,46.50952,500.0,98.150665,0.0,0.7939453,1.0,0.4044702,0.6426606,0.002857821,0.011722176,-0.0030032676,1.1346883,0.20605469,0.7939453
1540096,7213.031748497554,3.0,46.47986,500.0,98.23066,0.0,0.7944336,1.0,0.4041149,0.64341146,-0.0037830847,0.0068865377,-0.0072263535,1.1238587,0.2055664,0.7944336
1548288,7226.264425666389,3.0,45.53125,500.0,96.64769,0.0,0.79589844,1.0,0.40304357,0.6458027,0.0003637013,0.013241617,-0.0062571075,1.1173353,0.20410156,0.79589844
1556480,7220.006877129928,3.0,45.38147,500.0,96.39693,0.0,0.79663086,1.0,0.4025048,0.6464978,0.002294985,0.011343016,-0.0033765216,1.1044729,0.20336914,0.79663086
1564672,7214.390249832709,3.0,44.993042,500.0,95.741005,0.0,0.7967529,1.0,0.40241483,0.64722615,0.0022550998,0.011352904,-0.0034213522,1.0945394,0.20324707,0.7967529
1572864,7221.987286599265,3.0,44.804077,500.0,95.50443,0.0,0.7969971,1.0,0.40223467,0.6477875,-0.0006770462,0.009458838,-0.0054064654,1.0900189,0.20300293,0.7969971
1581056,7227.000069199684,3.0,44.316895,500.0,94.998955,0.0,0.79833984,1.0,0.40123975,0.6502021,0.002020852,0.009425194,-0.0026917453,1.0860188,0.20166016,0.79833984
1589248,7215.255292627448,3.0,43.634033,500.0,94.192696,0.0,0.80114746,1.0,0.39913684,0.6537449,0.003394143,0.011198742,-0.0022052296,1.0788873,0.19885254,0.80114746
1597440,7224.792068648663,3.0,43.40442,500.0,94.058846,0.0,0.8018799,1.0,0.39858314,0.6550344,3.8796163e-05,0.007865062,-0.0038937342,1.0725892,0.19812012,0.8018799
1605632,7222.881482459364,3.0,42.72119,500.0,93.14447,0.0,0.8043213,1.0,0.3967223,0.6580512,0.0014613979,0.013392575,-0.00523489,1.0669068,0.19567871,0.8043213
1613824,7224.872584532809,3.0,42.640137,500.0,93.31094,0.0,0.8045654,1.0,0.39653486,0.6590431,-0.00040310333,0.009026876,-0.004916541,1.0573729,0.19543457,0.8045654
1622016,7222.227134046691,3.0,42.1969,500.0,92.34831,0.0,0.8067627,1.0,0.39483747,0.6608976,0.0008779366,0.009731015,-0.003987571,1.0556319,0.1932373,0.8067627
1630208,7212.135448125544,3.0,42.05078,500.0,92.2006,0.0,0.80822754,1.0,0.39369506,0.6627505,0.0021715532,0.008384021,-0.0020204573,1.0568998,0.19177246,0.80822754
1638400,7216.232692093229,3.0,42.186035,500.0,92.746506,0.0,0.80981445,1.0,0.3924474,0.66428673,-0.00075011415,0.0063019455,-0.0039010867,1.0513718,0.19018555,0.80981445
1646592,7210.473642748109,3.0,41.8031,500.0,92.02914,0.0,0.8104248,1.0,0.39196482,0.66525185,-0.0013155845,0.0102844825,-0.0064578266,1.0464592,0.1895752,0.8104248
1654784,7219.315128026158,3.0,41.481934,500.0,91.54235,0.0,0.81066895,1.0,0.39177135,0.66613114,-0.0005277098,0.00860214,-0.00482878,1.0498158,0.18933105,0.81066895
1662976,7216.194803460104,3.0,40.88147,500.0,90.36001,0.0,0.8111572,1.0,0.3913837,0.66685784,0.001826487,0.014038335,-0.0051926803,1.0517966,0.18884277,0.8111572
1671168,7214.928036634307,3.0,40.4104,500.0,89.44231,0.0,0.8112793,1.0,0.39128655,0.66761416,0.00029369793,0.011136939,-0.0052747712,1.0474745,0.1887207,0.8112793
1679360,7218.465792909127,3.0,39.82715,500.0,88.39163,0.0,0.8132324,1.0,0.3897248,0.6695798,-0.0009457917,0.011210994,-0.006551288,1.0382082,0.18676758,0.8132324
1687552,7220.463564855744,3.0,39.56372,500.0,87.833466,0.0,0.8149414,1.0,0.3883451,0.67116594,3.6584155e-05,0.010727543,-0.0053271875,1.0265939,0.1850586,0.8149414
1695744,7217.70156215274,3.0,38.918945,500.0,86.71776,0.0,0.8175049,1.0,0.38625205,0.67429,0.0006226968,0.010295268,-0.004524937,1.0197868,0.18249512,0.8175049
1703936,7217.477175919994,3.0,39.02185,500.0,86.79151,0.0,0.81933594,1.0,0.3847396,0.675416,0.0010581268,0.008966644,-0.0034251956,1.0188478,0.18066406,0.81933594
1712128,7198.752311799695,3.0,38.507202,500.0,86.07698,0.0,0.8183594,1.0,0.38554806,0.6761899,-0.0012844049,0.010574752,-0.0065717804,1.0143697,0.18164062,0.8183594
1720320,7228.207213830972,3.0,38.304443,500.0,85.82244,0.0,0.81921387,1.0,0.38484088,0.67770326,0.0009827064,0.007960102,-0.0029973446,1.010967,0.18078613,0.81921387
1728512,7212.485160450678,3.0,37.60608,500.0,84.53941,0.0,0.82055664,1.0,0.38372308,0.67986023,-0.000947469,0.010765176,-0.006330056,1.0075929,0.17944336,0.82055664
1736704,7217.1891329644895,3.0,37.58899,500.0,84.51683,0.0,0.82055664,1.0,0.38372308,0.6798884,0.0006282848,0.009493686,-0.004118558,1.0042375,0.17944336,0.82055664
1744896,7221.978178782314,3.0,36.819946,500.0,82.88019,0.0,0.8223877,1.0,0.38218603,0.6825764,0.0015510004,0.008341069,-0.0026195347,1.0080684,0.1776123,0.8223877
1753088,7215.808362127134,3.0,36.840332,500.0,83.04116,0.0,0.8220215,1.0,0.38249463,0.6822107,0.0025968193,0.014110473,-0.004458417,1.0054991,0.17797852,0.8220215
1761280,7217.089081318057,3.0,36.70288,500.0,82.60556,0.0,0.82128906,1.0,0.38311008,0.68149227,0.0012374638,0.012046188,-0.004785631,1.0017668,0.17871094,0.82128906
1769472,7218.547684374793,3.0,36.914673,500.0,83.31282,0.0,0.8223877,1.0,0.38218603,0.68303424,0.0012798611,0.008410453,-0.002925365,1.0019858,0.1776123,0.8223877
1777664,7219.192265404405,3.0,36.864014,500.0,83.20581,0.0,0.82250977,1.0,0.382083,0.6832078,0.00075975433,0.010346915,-0.0044137035,0.9967459,0.17749023,0.82250977
1785856,7206.488734951674,3.0,36.114624,500.0,81.87957,0.0,0.8243408,1.0,0.3805299,0.68592215,0.002100139,0.013439513,-0.004619618,0.99334705,0.17565918,0.8243408
1794048,7218.279269284412,3.0,35.819702,500.0,81.25672,0.0,0.8249512,1.0,0.38000882,0.68670535,0.0027041938,0.012444597,-0.0035181043,0.9862062,0.17504883,0.8249512
1802240,7218.341442754923,3.0,35.33008,500.0,80.149414,0.0,0.82666016,1.0,0.3785408,0.6887497,0.002522855,0.0127630485,-0.0038586701,0.9821956,0.17333984,0.82666016
1810432,7203.651324687348,3.0,35.155396,500.0,79.95178,0.0,0.8265381,1.0,0.37864614,0.6893233,0.0007190495,0.010723277,-0.004642589,0.9796239,0.17346191,0.8265381
1818624,7217.440790277974,3.0,35.204834,500.0,80.341705,0.0,0.82543945,1.0,0.37959075,0.6887649,0.00073205156,0.0105470065,-0.004541452,0.9784175,0.17456055,0.82543945
1826816,7215.153779490538,3.0,34.567505,500.0,79.15107,0.0,0.82666016,1.0,0.3785408,0.69075394,0.00048611726,0.011412986,-0.0052203755,0.974151,0.17333984,0.82666016
1835008,7218.700856733538,3.0,34.458496,500.0,79.34414,0.0,0.8260498,1.0,0.37906662,0.691194,-0.0008424401,0.011551174,-0.0066180276,0.97532743,0.1739502,0.8260498
1843200,7223.920181381486,3.0,34.08362,500.0,78.81865,0.0,0.8261719,1.0,0.37896162,0.69205296,0.003878525,0.015756467,-0.003999709,0.9735799,0.17382812,0.8261719
1851392,7228.900668131393,3.0,33.737915,500.0,77.91988,0.0,0.8265381,1.0,0.37864614,0.69236815,0.0028555251,0.011279111,-0.0027840303,0.9666122,0.17346191,0.8265381
1859584,7226.536474727331,3.0,33.526367,500.0,77.17415,0.0,0.82666016,1.0,0.3785408,0.69244,0.00141161,0.010292908,-0.0037348438,0.9570423,0.17333984,0.82666016
1867776,7224.1996484588535,3.0,33.779175,500.0,77.6804,0.0,0.82592773,1.0,0.37917158,0.6912954,0.001312917,0.011783472,-0.0045788195,0.94540507,0.17407227,0.82592773
1875968,7221.229898305141,3.0,33.310425,500.0,76.73773,0.0,0.8280029,1.0,0.37737787,0.6940774,0.0009105165,0.009124355,-0.0036516613,0.9357646,0.17199707,0.8280029
1884160,7221.113040912456,3.0,33.464966,500.0,77.04616,0.0,0.82788086,1.0,0.37748393,0.6937243,0.00062896445,0.009551473,-0.0041467715,0.93336236,0.17211914,0.82788086
1892352,7226.475679863848,3.0,33.409058,500.0,76.94128,0.0,0.8269043,1.0,0.37832996,0.6929574,0.001412737,0.009753214,-0.0034638708,0.9250638,0.1730957,0.8269043
1900544,7204.421646390622,3.0,33.38318,500.0,76.851295,0.0,0.82702637,1.0,0.37822446,0.6931231,-0.0009969686,0.008906681,-0.0054503093,0.91955584,0.17297363,0.82702637
1908736,7221.395326275676,3.0,32.975098,500.0,75.774536,0.0,0.8251953,1.0,0.37979996,0.6922227,0.0006803655,0.012381882,-0.005510576,0.91818076,0.17480469,0.8251953
1916928,7218.605312816316,3.0,32.72107,500.0,75.10459,0.0,0.8251953,1.0,0.37979996,0.6925885,0.00012307276,0.011663366,-0.0057086106,0.9154699,0.17480469,0.8251953
1925120,7216.335751188258,3.0,32.578857,500.0,74.71244,0.0,0.82580566,1.0,0.3792765,0.6930373,-0.0005417225,0.007263048,-0.004173247,0.9085189,0.17419434,0.82580566
1933312,7223.221608276412,3.0,32.85791,500.0,75.23037,0.0,0.8267822,1.0,0.37843546,0.69349194,0.0018709381,0.010994237,-0.0036261803,0.8981122,0.17321777,0.8267822
1941504,7210.488774132028,3.0,32.885742,500.0,75.47252,0.0,0.8288574,1.0,0.37663347,0.69545805,0.001743549,0.008942912,-0.0027279065,0.8894404,0.17114258,0.8288574
1949696,7219.136144363652,3.0,32.750854,500.0,74.8458,0.0,0.8300781,1.0,0.37556416,0.6968337,0.00085900334,0.009150156,-0.0037160737,0.88398063,0.16992188,0.8300781
1957888,7216.5403625268,3.0,32.370728,500.0,73.87124,0.0,0.8309326,1.0,0.3748114,0.697564,0.00087597215,0.011851079,-0.0050495677,0.8801257,0.16906738,0.8309326
1966080,7229.649018066896,3.0,32.39917,500.0,74.29573,0.0,0.8300781,1.0,0.37556416,0.69722486,0.0011269827,0.010116879,-0.0039314567,0.8717735,0.16992188,0.8300781
1974272,7220.7442819928065,3.0,32.570435,500.0,74.445206,0.0,0.8309326,1.0,0.3748114,0.69705904,-0.0005598105,0.00964438,-0.0053820005,0.86406344,0.16906738,0.8309326
1982464,7225.890581602398,3.0,32.48828,500.0,74.1151,0.0,0.8312988,1.0,0.37448773,0.69709533,-0.0022562635,0.008087163,-0.006299845,0.86115164,0.16870117,0.8312988
1990656,7210.217931965326,3.0,32.91626,500.0,75.09488,0.0,0.83081055,1.0,0.37491912,0.6965575,0.0006162028,0.007371585,-0.0030695896,0.8659916,0.16918945,0.83081055
1998848,7225.442323666111,3.0,33.075073,500.0,75.50896,0.0,0.82995605,1.0,0.3756714,0.69617814,-0.00083596224,0.00819387,-0.0049328976,0.853255,0.17004395,0.82995605
2007040,7207.99749102717,3.0,33.15381,500.0,75.77466,0.0,0.82995605,1.0,0.3756714,0.69626546,0.00024271349,0.008431237,-0.0039729048,0.8405207,0.17004395,0.82995605
2015232,7215.518937101448,3.0,33.36792,500.0,76.08021,0.0,0.8300781,1.0,0.37556416,0.69560313,-0.0009122206,0.008933766,-0.0053791036,0.83687115,0.16992188,0.8300781
2023424,7222.0130922053795,3.0,33.438477,500.0,75.95997,0.0,0.82995605,1.0,0.3756714,0.69509906,0.0001857577,0.011215852,-0.0054221693,0.82944113,0.17004395,0.82995605
2031616,7208.156264619389,3.0,33.490356,500.0,75.925186,0.0,0.8314209,1.0,0.37437975,0.69632703,0.002068188,0.008995506,-0.002429565,0.8249273,0.1685791,0.8314209
2039808,7222.699285376151,3.0,33.809326,500.0,77.089935,0.0,0.8305664,1.0,0.37513444,0.6961431,-9.664317e-05,0.007927566,-0.004060426,0.82200724,0.1694336,0.8305664
2048000,7222.167929714908,3.0,33.58313,500.0,76.28267,0.0,0.83044434,1.0,0.375242,0.6955253,0.0010851909,0.011115875,-0.0044727465,0.8186278,0.16955566,0.83044434
2056192,7218.003292661381,3.0,33.70337,500.0,76.47936,0.0,0.8309326,1.0,0.3748114,0.69582474,0.0016441841,0.00860912,-0.0026603765,0.81142855,0.16906738,0.8309326
2064384,7228.663418792522,3.0,33.70935,500.0,76.514046,0.0,0.8312988,1.0,0.37448773,0.6962358,0.0018147929,0.012129476,-0.0042499444,0.7982608,0.16870117,0.8312988
2072576,7203.70569493332,3.0,33.986572,500.0,77.06849,0.0,0.8309326,1.0,0.3748114,0.6958995,0.0016744026,0.009580953,-0.003116074,0.7869947,0.16906738,0.8309326
2080768,7219.043622390719,3.0,34.18518,500.0,77.41131,0.0,0.8319092,1.0,0.3739469,0.6961929,-0.0017258686,0.008834643,-0.0061431904,0.7816751,0.16809082,0.8319092
2088960,7227.273693848589,3.0,34.41931,500.0,77.6609,0.0,0.8317871,1.0,0.37405518,0.69543535,0.0035629503,0.01109343,-0.0019837655,0.78132045,0.16821289,0.8317871
2097152,7207.209775030981,3.0,34.463623,500.0,77.40434,0.0,0.8338623,1.0,0.37220418,0.69633484,0.0010023883,0.01127657,-0.004635896,0.77958333,0.1661377,0.8338623
2105344,7221.761115942937,3.0,34.20813,500.0,76.63843,0.0,0.835083,1.0,0.37110558,0.6974032,0.003268672,0.012417273,-0.0029399642,0.77570593,0.16491699,0.835083
2113536,7205.527572572231,3.0,34.50891,500.0,77.24402,0.0,0.8345947,1.0,0.37154594,0.69663715,0.0002220635,0.009210849,-0.004383361,0.77445936,0.16540527,0.8345947
2121728,7222.737242343808,3.0,34.28894,500.0,76.57841,0.0,0.83776855,1.0,0.36866298,0.6994369,0.0020589926,0.014439383,-0.0051606977,0.776438,0.16223145,0.83776855
2129920,7223.876136912417,3.0,34.303467,500.0,76.90737,0.0,0.8391113,1.0,0.36742818,0.7009016,0.00023104495,0.009799279,-0.004668595,0.7817201,0.16088867,0.8391113
2138112,7220.800428039532,3.0,34.15747,500.0,76.90944,0.0,0.8405762,1.0,0.3660708,0.70308745,0.0012176489,0.010100865,-0.0038327836,0.78926975,0.15942383,0.8405762
2146304,7205.996031638674,3.0,33.779053,500.0,76.2036,0.0,0.8430176,1.0,0.36378416,0.7055883,0.0011985976,0.010776669,-0.004189736,0.7947037,0.15698242,0.8430176
2154496,7217.530238972229,3.0,33.877563,500.0,76.62911,0.0,0.84228516,1.0,0.3644734,0.7053088,-0.001011714,0.009338611,-0.00568102,0.797882,0.15771484,0.84228516
2162688,7198.147566500622,3.0,33.489258,500.0,76.16425,0.0,0.8444824,1.0,0.36239734,0.7083633,-3.8645463e-05,0.010080265,-0.0050787786,0.796615,0.15551758,0.8444824
2170880,7217.090597231397,3.0,32.891113,500.0,74.73209,0.0,0.8461914,1.0,0.36076516,0.7104349,-0.00040611695,0.010964958,-0.005888596,0.79459596,0.1538086,0.8461914
2179072,7224.0826949313505,3.0,32.98633,500.0,75.009636,0.0,0.8479004,1.0,0.3591174,0.7119795,-0.00013757241,0.008203664,-0.0042394036,0.791948,0.15209961,0.8479004
2187264,7208.461734441269,3.0,32.997314,500.0,75.09014,0.0,0.8486328,1.0,0.35840642,0.71240103,0.0013942535,0.012121148,-0.004666321,0.79247636,0.15136719,0.8486328
2195456,7217.969934279421,3.0,32.805786,500.0,74.39501,0.0,0.84936523,1.0,0.35769248,0.71290624,-0.00076144666,0.008239392,-0.0048811426,0.78251266,0.15063477,0.84936523
2203648,7214.052469823993,3.0,32.590332,500.0,74.202835,0.0,0.85009766,1.0,0.35697567,0.7139554,0.0014806453,0.010814834,-0.0039267717,0.77134967,0.14990234,0.85009766
2211840,7217.812244284052,3.0,32.62378,500.0,74.264755,0.0,0.8494873,1.0,0.3575732,0.7133311,0.0014113764,0.010860525,-0.004018885,0.76447743,0.1505127,0.8494873
2220032,7224.906006747643,3.0,32.56372,500.0,74.301506,0.0,0.8499756,1.0,0.35709536,0.71398616,-0.0004608801,0.009999147,-0.005460453,0.7619208,0.15002441,0.8499756
2228224,7216.185710247356,3.0,32.67737,500.0,74.8781,0.0,0.8491211,1.0,0.3579308,0.7138572,-0.0003575952,0.011017494,-0.0058663413,0.75853133,0.1508789,0.8491211
2236416,7220.5106024212855,3.0,32.183716,500.0,73.79286,0.0,0.8510742,1.0,0.3560153,0.7162286,0.000586113,0.010871268,-0.004849521,0.7518321,0.14892578,0.8510742
2244608,7218.98295353196,3.0,31.626343,500.0,72.225914,0.0,0.8544922,1.0,0.3526121,0.71926856,-5.249557e-05,0.009024584,-0.0045647873,0.73932517,0.14550781,0.8544922
2252800,7220.078183367427,3.0,31.148193,500.0,70.99078,0.0,0.8565674,1.0,0.35051346,0.720753,0.0021616789,0.011747354,-0.0037119985,0.7357611,0.14343262,0.8565674
2260992,7221.205615938222,3.0,30.51001,500.0,69.89547,0.0,0.85668945,1.0,0.35038924,0.7225267,0.001919318,0.011274935,-0.0037181494,0.7365067,0.14331055,0.85668945
2269184,7204.932264104297,3.0,30.337646,500.0,69.83451,0.0,0.85546875,1.0,0.3516276,0.722264,0.0011821077,0.012313904,-0.004974845,0.7344334,0.14453125,0.85546875
2277376,7215.020453142852,3.0,30.445068,500.0,70.65298,0.0,0.8552246,1.0,0.3518742,0.7228273,0.0011114276,0.010711242,-0.0042441944,0.7283248,0.14477539,0.8552246
2285568,7221.683705079829,3.0,30.11792,500.0,69.80723,0.0,0.85705566,1.0,0.3500161,0.7244531,-0.00041825583,0.007947843,-0.0043921773,0.72322047,0.14294434,0.85705566
2293760,7211.15159106163,3.0,30.17163,500.0,70.31468,0.0,0.8580322,1.0,0.34901708,0.7257394,0.00072935683,0.008247182,-0.0033942335,0.71631676,0.14196777,0.8580322
2301952,7225.9939167435505,3.0,30.074463,500.0,70.23415,0.0,0.85876465,1.0,0.34826416,0.7267654,0.0005429614,0.009726773,-0.0043204245,0.70792687,0.14123535,0.85876465
2310144,7230.348835002225,3.0,30.139893,500.0,70.4146,0.0,0.8598633,1.0,0.3471288,0.72754204,0.0017666928,0.012073421,-0.0042700185,0.6985112,0.14013672,0.8598633
2318336,7222.479142830657,3.0,29.720337,500.0,69.29021,0.0,0.8609619,1.0,0.34598628,0.72882545,0.0010156584,0.010530891,-0.0042497884,0.6944991,0.13903809,0.8609619
2326528,7218.3960349779745,3.0,29.674805,500.0,69.492645,0.0,0.86120605,1.0,0.34573135,0.7296932,0.0010168678,0.00782587,-0.0028960675,0.6944971,0.13879395,0.86120605
2334720,7229.9760895547515,3.0,29.679321,500.0,69.87344,0.0,0.8619385,1.0,0.34496453,0.73079664,0.003115262,0.008432509,-0.001100993,0.69749564,0.13806152,0.8619385
2342912,7224.2634428881465,3.0,29.896729,500.0,70.898094,0.0,0.86157227,1.0,0.34534833,0.7308736,1.5111698e-05,0.007725617,-0.0038476973,0.69601494,0.13842773,0.86157227
2351104,7222.596044442426,3.0,30.202026,500.0,72.01677,0.0,0.86047363,1.0,0.34649494,0.73017913,-0.0003300064,0.010868473,-0.005764243,0.69416606,0.13952637,0.86047363
2359296,7221.333100186462,3.0,30.35559,500.0,72.36877,0.0,0.8609619,1.0,0.34598628,0.7303738,0.00037480379,0.008318847,-0.0037846197,0.6984736,0.13903809,0.8609619
2367488,7213.3770046874715,3.0,30.515137,500.0,73.01471,0.0,0.8597412,1.0,0.34725532,0.72961664,0.002290546,0.011261948,-0.0033404278,0.69896793,0.14025879,0.8597412
2375680,7217.149718348378,3.0,30.684082,500.0,73.56564,0.0,0.8614502,1.0,0.34547612,0.73112214,0.0011448637,0.008270311,-0.0029902924,0.69830936,0.1385498,0.8614502
2383872,7227.9046296385895,3.0,30.836182,500.0,73.79561,0.0,0.8607178,1.0,0.34624082,0.7303957,-0.0006933582,0.00811591,-0.0047513135,0.6968766,0.13928223,0.8607178
2392064,7205.296387803915,3.0,31.032349,500.0,74.21615,0.0,0.8607178,1.0,0.34624082,0.72981846,0.0026907625,0.009392601,-0.002005538,0.69391704,0.13928223,0.8607178
2400256,7214.702307903413,3.0,31.144165,500.0,74.48383,0.0,0.86047363,1.0,0.34649494,0.7295979,0.00015193329,0.008966374,-0.0043312535,0.6866067,0.13952637,0.86047363
2408448,7220.92638045577,3.0,31.249634,500.0,74.73392,0.0,0.86291504,1.0,0.343937,0.731043,0.00053519313,0.006821311,-0.002875463,0.685441,0.13708496,0.86291504
2416640,7199.45521081301,3.0,31.251587,500.0,74.84778,0.0,0.8623047,1.0,0.3445799,0.7309215,0.00091742596,0.010518855,-0.004342002,0.68599576,0.13769531,0.8623047
2424832,7229.037549834137,3.0,31.375488,500.0,75.098274,0.0,0.86376953,1.0,0.34303313,0.731835,-0.00094738643,0.007132078,-0.0045134253,0.6835751,0.13623047,0.86376953
2433024,7210.036373189791,3.0,31.757446,500.0,76.2485,0.0,0.8623047,1.0,0.3445799,0.7306057,0.000746632,0.010630265,-0.0045684995,0.6828332,0.13769531,0.8623047
2441216,7222.559607170484,3.0,31.691772,500.0,76.3318,0.0,0.861084,1.0,0.34585884,0.72992754,-0.00093041663,0.007932786,-0.0048968093,0.67819864,0.13891602,0.861084
2449408,7210.535681825765,3.0,31.7677,500.0,76.77952,0.0,0.8619385,1.0,0.34496456,0.7310507,0.0037940606,0.009016465,-0.00071417226,0.6702848,0.13806152,0.8619385
2457600,7216.7328593413185,3.0,31.630249,500.0,76.49048,0.0,0.8621826,1.0,0.3447082,0.7316842,-0.00039896142,0.008594301,-0.004696112,0.6564831,0.13781738,0.8621826
2465792,7214.172128182286,3.0,31.939575,500.0,77.41492,0.0,0.861084,1.0,0.34585884,0.73077005,0.0023533488,0.0104030315,-0.0028481665,0.6493321,0.13891602,0.861084
2473984,7221.134287429813,3.0,32.004272,500.0,77.57304,0.0,0.8614502,1.0,0.34547612,0.73083925,0.0017584475,0.009129894,-0.0028064996,0.6465154,0.1385498,0.8614502
2482176,7197.331849169085,3.0,32.027954,500.0,77.65698,0.0,0.8623047,1.0,0.3445799,0.731506,0.00014469028,0.0086217085,-0.0041661635,0.64598036,0.13769531,0.8623047
2490368,7213.902523814353,3.0,32.020996,500.0,77.54334,0.0,0.8635254,1.0,0.34329182,0.7325442,0.002564155,0.010570725,-0.0027212081,0.64361185,0.13647461,0.8635254
2498560,7217.237643852236,3.0,32.348633,500.0,78.42307,0.0,0.86328125,1.0,0.3435502,0.73225147,-0.001524278,0.0063140015,-0.004681279,0.6403992,0.13671875,0.86328125
2506752,7209.552261153961,3.0,32.536133,500.0,78.97616,0.0,0.86364746,1.0,0.34316254,0.7322737,-0.00010771345,0.008973919,-0.0045946734,0.63980556,0.13635254,0.86364746
2514944,7214.193333875031,3.0,32.72473,500.0,79.375275,0.0,0.86206055,1.0,0.34483638,0.73087776,-0.00015379966,0.006012459,-0.003160029,0.6431921,0.13793945,0.86206055
2523136,7219.236252776044,3.0,32.98938,500.0,80.24517,0.0,0.86120605,1.0,0.34573135,0.7301005,-0.00039136072,0.010580797,-0.0056817587,0.63727784,0.13879395,0.86120605
2531328,7210.47212961321,3.0,33.010986,500.0,80.04383,0.0,0.8626709,1.0,0.34419444,0.73075056,5.473016e-05,0.0099052815,-0.004897911,0.6341641,0.1373291,0.8626709
2539520,7223.598213512352,3.0,32.943237,500.0,79.81034,0.0,0.86572266,1.0,0.34095004,0.7330724,0.0007613858,0.009349738,-0.0039134827,0.6309666,0.13427734,0.86572266
2547712,7217.851666136948,3.0,32.793457,500.0,79.434715,0.0,0.86486816,1.0,0.34186435,0.73216677,0.0033703404,0.013672525,-0.0034659225,0.6226735,0.13513184,0.86486816
2555904,7217.086049493288,3.0,32.320923,500.0,78.40582,0.0,0.8651123,1.0,0.34160355,0.7330506,0.00052239397,0.011755034,-0.005355123,0.61737573,0.1348877,0.8651123
2564096,7217.375600253492,3.0,32.480713,500.0,78.861404,0.0,0.864624,1.0,0.34212473,0.73262465,-0.000964432,0.007991824,-0.0049603437,0.6138183,0.13537598,0.864624
2572288,7216.138729013236,3.0,32.17859,500.0,78.523254,0.0,0.8656006,1.0,0.34108093,0.7343495,0.00036014966,0.009721427,-0.004500564,0.6066338,0.13439941,0.8656006
2580480,7234.210912961842,3.0,31.994629,500.0,78.44782,0.0,0.866333,1.0,0.34029415,0.73560023,-0.00041813252,0.010563154,-0.005699709,0.5948392,0.13366699,0.866333
2588672,7212.177835692072,3.0,31.48413,500.0,77.40327,0.0,0.866333,1.0,0.34029415,0.7365304,0.0017449299,0.010358508,-0.0034343232,0.5898825,0.13366699,0.866333
2596864,7212.565402261018,3.0,30.974121,500.0,75.8883,0.0,0.8666992,1.0,0.3398995,0.73721236,0.0017975948,0.010927941,-0.0036663753,0.58622205,0.13330078,0.8666992
2605056,7218.399067903468,3.0,30.796509,500.0,75.535324,0.0,0.868042,1.0,0.3384451,0.7386062,0.0007237464,0.009164777,-0.003858642,0.5791071,0.13195801,0.868042
2613248,7215.743201588316,3.0,30.496826,500.0,74.830956,0.0,0.8691406,1.0,0.3372465,0.7398155,0.0033500213,0.012106445,-0.0027032013,0.5778351,0.13085938,0.8691406
2621440,7205.420288906839,3.0,30.341309,500.0,74.58215,0.0,0.86865234,1.0,0.33778018,0.73962355,0.00103803,0.012673677,-0.0052988087,0.5818283,0.13134766,0.86865234
2629632,7214.064586945467,3.0,30.146729,500.0,74.069855,0.0,0.8688965,1.0,0.3375135,0.7396364,-0.0010172115,0.010231244,-0.006132833,0.5833082,0.13110352,0.8688965
2637824,7223.807793109915,3.0,30.052002,500.0,73.71332,0.0,0.8679199,1.0,0.33857778,0.7388295,0.0005200433,0.009442031,-0.0042009726,0.579289,0.13208008,0.8679199
2646016,7207.070695273669,3.0,29.829224,500.0,73.10391,0.0,0.8668213,1.0,0.33976778,0.73796606,0.0038255332,0.012218832,-0.0022838842,0.5753795,0.13317871,0.8668213
2654208,7214.884101747439,3.0,29.641235,500.0,72.62083,0.0,0.86535645,1.0,0.34134242,0.73727083,-0.000101725105,0.0100703975,-0.005136924,0.57980514,0.13464355,0.86535645
2662400,7212.457908921245,3.0,29.40503,500.0,72.0115,0.0,0.8659668,1.0,0.34068796,0.7378211,0.0034816507,0.01183773,-0.0024372148,0.5796732,0.1340332,0.8659668
2670592,7221.545583936605,3.0,29.026733,500.0,70.92816,0.0,0.86657715,1.0,0.34003118,0.7383791,0.003552909,0.012438403,-0.0026662925,0.5754206,0.13342285,0.86657715
2678784,7215.588639435382,3.0,28.894531,500.0,70.35599,0.0,0.8671875,1.0,0.33937198,0.7390333,0.002570661,0.010529789,-0.0026942324,0.57003874,0.1328125,0.8671875
2686976,7216.153884183209,3.0,28.58667,500.0,69.25762,0.0,0.8671875,1.0,0.33937198,0.7386558,0.004882827,0.012107379,-0.0011708617,0.5707395,0.1328125,0.8671875
2695168,7219.450130049845,3.0,28.702148,500.0,69.42517,0.0,0.86779785,1.0,0.3387104,0.73896086,0.0018389225,0.008680241,-0.0025011979,0.5714152,0.13220215,0.86779785
2703360,7202.461425976642,3.0,28.568115,500.0,69.244064,0.0,0.8659668,1.0,0.34068796,0.7381676,0.0037617222,0.01294566,-0.002711108,0.5698592,0.1340332,0.8659668
2711552,7225.87234629605,3.0,28.138184,500.0,68.0035,0.0,0.86608887,1.0,0.3405568,0.7384591,0.0016383289,0.012199125,-0.0044612335,0.5708197,0.13391113,0.86608887
2719744,7225.635295688665,3.0,27.825073,500.0,67.018265,0.0,0.86608887,1.0,0.3405568,0.73835117,0.0035951228,0.012021248,-0.002415501,0.56548166,0.13391113,0.86608887
2727936,7213.711692453363,3.0,27.151978,500.0,65.07299,0.0,0.8659668,1.0,0.34068796,0.7390225,0.0029797945,0.0122604715,-0.0031504417,0.5675195,0.1340332,0.8659668
2736128,7221.248110187502,3.0,26.225098,500.0,62.264317,0.0,0.8670654,1.0,0.33950397,0.7409755,0.002709676,0.01371396,-0.004147304,0.5721881,0.13293457,0.8670654
2744320,7222.0707759917705,3.0,26.227295,500.0,62.173923,0.0,0.86608887,1.0,0.3405568,0.7403975,0.002739436,0.010972776,-0.0027469515,0.56678706,0.13391113,0.86608887
2752512,7208.58271974596,3.0,26.253418,500.0,62.3829,0.0,0.86486816,1.0,0.34186435,0.7400477,0.0032527777,0.0117472485,-0.002620846,0.56041616,0.13513184,0.86486816
2760704,7225.990877432508,3.0,26.13733,500.0,61.961708,0.0,0.86608887,1.0,0.3405568,0.7410269,0.0009299988,0.010129212,-0.0041346084,0.5555316,0.13391113,0.86608887
2768896,7218.844935676997,3.0,25.991455,500.0,61.489647,0.0,0.8676758,1.0,0.3388429,0.7425089,0.00013565895,0.009963365,-0.0048460243,0.5458435,0.13232422,0.8676758
2777088,7216.869280624302,3.0,25.548706,500.0,59.9691,0.0,0.8673096,1.0,0.33923984,0.7426093,0.0025421046,0.012583844,-0.0037498174,0.5366911,0.13269043,0.8673096
2785280,7218.452144512159,3.0,25.60559,500.0,59.931103,0.0,0.8675537,1.0,0.3389753,0.7424711,0.0035950488,0.011534725,-0.0021723134,0.52418387,0.13244629,0.8675537
2793472,7211.004792332604,3.0,25.744751,500.0,60.2465,0.0,0.8658447,1.0,0.34081906,0.74093914,0.0014094734,0.012038375,-0.0046097143,0.51479375,0.13415527,0.8658447
2801664,7214.562938827137,3.0,25.718994,500.0,59.72439,0.0,0.8659668,1.0,0.34068796,0.7403008,0.0017314871,0.012696233,-0.0046166293,0.5081237,0.1340332,0.8659668
2809856,7216.453969657478,3.0,25.963745,500.0,60.46282,0.0,0.8652344,1.0,0.34147307,0.73934346,0.0016928329,0.008317422,-0.0024658781,0.50902385,0.13476562,0.8652344
2818048,7219.228668708209,3.0,25.943237,500.0,60.09556,0.0,0.8652344,1.0,0.34147307,0.7390757,0.002081528,0.009692585,-0.0027647647,0.5064893,0.13476562,0.8652344
2826240,7209.39645142244,3.0,25.884766,500.0,59.960537,0.0,0.866333,1.0,0.34029415,0.74018955,0.000507923,0.009194085,-0.0040891203,0.4972542,0.13366699,0.866333
2834432,7217.8410525188065,3.0,25.993652,500.0,60.182533,0.0,0.8668213,1.0,0.33976778,0.7402847,0.004328165,0.010172173,-0.00075792056,0.4915057,0.13317871,0.8668213
2842624,7216.544909577222,3.0,25.824585,500.0,59.83844,0.0,0.8673096,1.0,0.33923984,0.7411734,0.004659577,0.009683476,-0.00018216105,0.48456395,0.13269043,0.8673096
2850816,7213.581448273965,3.0,25.88977,500.0,60.222214,0.0,0.86828613,1.0,0.3381794,0.7421472,-0.00094305415,0.008049315,-0.004967712,0.47632664,0.13171387,0.86828613
2859008,7222.627927356963,3.0,25.73352,500.0,60.05975,0.0,0.8687744,1.0,0.3376469,0.74311405,0.0025827216,0.01128317,-0.0030588629,0.48115647,0.13122559,0.8687744
2867200,7223.405350280014,3.0,25.798462,500.0,60.390335,0.0,0.86950684,1.0,0.33684522,0.7437247,-0.00016780611,0.0062551014,-0.0032953569,0.4891548,0.13049316,0.86950684
2875392,7221.273910511426,3.0,26.20996,500.0,61.949673,0.0,0.868042,1.0,0.3384451,0.74256885,0.0031601924,0.010078565,-0.0018790904,0.4872227,0.13195801,0.868042
2883584,7218.740288293808,3.0,26.474243,500.0,63.01829,0.0,0.8670654,1.0,0.33950397,0.74196315,0.0015265958,0.0100885425,-0.003517675,0.48737538,0.13293457,0.8670654
2891776,7224.079657227846,3.0,26.579346,500.0,63.28948,0.0,0.866333,1.0,0.34029415,0.74123955,0.0023925211,0.010355393,-0.002785176,0.48424286,0.13366699,0.866333
2899968,7206.943714096101,3.0,26.657593,500.0,63.69612,0.0,0.86657715,1.0,0.34003118,0.7415831,0.0025286577,0.007461433,-0.0012020587,0.47799373,0.13342285,0.86657715
2908160,7224.532303219882,3.0,26.651123,500.0,63.79256,0.0,0.86657715,1.0,0.34003118,0.7418208,0.0014797049,0.0110640405,-0.004052316,0.47037774,0.13342285,0.86657715
2916352,7215.090145846304,3.0,26.542114,500.0,63.64442,0.0,0.8656006,1.0,0.34108093,0.7414478,0.0015384217,0.009375743,-0.0031494496,0.46942437,0.13439941,0.8656006
2924544,7218.629577698551,3.0,26.879883,500.0,64.868774,0.0,0.8654785,1.0,0.34121174,0.74129283,0.001561508,0.008091848,-0.0024844161,0.4715318,0.13452148,0.8654785
2932736,7217.478691996373,3.0,26.967163,500.0,65.30315,0.0,0.86413574,1.0,0.34264433,0.7406473,0.0033051034,0.011489343,-0.0024395683,0.4662429,0.13586426,0.86413574
2940928,7222.937661747422,3.0,27.028198,500.0,65.773766,0.0,0.8635254,1.0,0.34329182,0.74068457,0.0015643795,0.012576114,-0.0047236774,0.46116585,0.13647461,0.8635254
2949120,7211.189426754346,3.0,27.088135,500.0,66.03237,0.0,0.8634033,1.0,0.34342104,0.74078274,0.0026874705,0.010286068,-0.0024555628,0.45834565,0.13659668,0.8634033
2957312,7225.297981254036,3.0,27.47351,500.0,67.356995,0.0,0.86291504,1.0,0.343937,0.74060166,0.0012925302,0.008352292,-0.002883616,0.4550012,0.13708496,0.86291504
2965504,7207.1493049117225,3.0,27.407959,500.0,67.540855,0.0,0.8643799,1.0,0.3423847,0.74244076,0.0072244005,0.014698,-0.00012460002,0.44850022,0.13562012,0.8643799
2973696,7225.724947615198,3.0,27.138672,500.0,67.15146,0.0,0.86657715,1.0,0.34003118,0.7447521,0.0019466872,0.009893709,-0.0030001672,0.44215184,0.13342285,0.86657715
2981888,7204.619539932474,3.0,27.124756,500.0,67.29815,0.0,0.866333,1.0,0.34029415,0.74495745,0.0026790977,0.009973922,-0.0023078634,0.44205165,0.13366699,0.866333
2990080,7215.290141079316,3.0,27.448975,500.0,68.52577,0.0,0.8656006,1.0,0.34108093,0.74457264,0.0001476949,0.008089377,-0.0038969936,0.43825603,0.13439941,0.8656006
2998272,7211.095594965039,3.0,27.593872,500.0,69.39955,0.0,0.8642578,1.0,0.3425146,0.7440101,0.0014115388,0.011999918,-0.0045884205,0.43501064,0.13574219,0.8642578
3006464,7218.147343760373,3.0,27.660156,500.0,69.70768,0.0,0.86328125,1.0,0.3435502,0.7433557,0.003982012,0.0125975795,-0.0023167771,0.42959598,0.13671875,0.86328125
3014656,7215.365899744709,3.0,27.532837,500.0,69.57206,0.0,0.86364746,1.0,0.34316254,0.74413645,0.0045308606,0.0139532015,-0.002445741,0.42777932,0.13635254,0.86364746
3022848,7216.608568884796,3.0,27.457031,500.0,69.317726,0.0,0.8651123,1.0,0.34160355,0.7454897,0.002644104,0.0082603935,-0.0014860928,0.42974645,0.1348877,0.8651123
3031040,7214.396308955725,3.0,27.745605,500.0,70.3284,0.0,0.86499023,1.0,0.341734,0.7456277,0.0030678462,0.008310096,-0.0010872027,0.4335773,0.13500977,0.86499023
3039232,7220.542466926785,3.0,27.5177,500.0,69.9884,0.0,0.86657715,1.0,0.34003118,0.74766684,0.0046052868,0.0116196945,-0.0012045593,0.43573636,0.13342285,0.86657715
3047424,7216.153884183209,3.0,27.170288,500.0,69.01508,0.0,0.8666992,1.0,0.3398995,0.7483257,0.0011491321,0.01030471,-0.004003223,0.43841636,0.13330078,0.8666992
3055616,7225.080718812689,3.0,27.071045,500.0,68.897316,0.0,0.866333,1.0,0.34029415,0.74829507,0.0033238998,0.010973461,-0.002162831,0.43970037,0.13366699,0.866333
3063808,7220.880854978978,3.0,27.1344,500.0,69.27468,0.0,0.8652344,1.0,0.34147307,0.74772537,0.0014069108,0.011781206,-0.0044836923,0.43558753,0.13476562,0.8652344
3072000,7218.527969592875,3.0,26.913818,500.0,68.52765,0.0,0.8664551,1.0,0.3401627,0.7485533,0.0018469276,0.008450545,-0.002378344,0.4312702,0.13354492,0.8664551
3080192,7201.786620085257,3.0,26.962524,500.0,68.69777,0.0,0.8656006,1.0,0.34108093,0.7479191,0.0035259326,0.013202334,-0.0030752344,0.42434198,0.13439941,0.8656006
3088384,7221.113040912456,3.0,26.674927,500.0,67.83738,0.0,0.86621094,1.0,0.34042555,0.74871445,0.0010356661,0.009924176,-0.0039264224,0.41854048,0.13378906,0.86621094
3096576,7220.621370722259,3.0,26.224365,500.0,66.43117,0.0,0.8673096,1.0,0.33923984,0.7499329,0.0019872147,0.009225961,-0.0026257653,0.41198596,0.13269043,0.8673096
3104768,7219.1740638901765,3.0,26.514526,500.0,67.414795,0.0,0.8664551,1.0,0.3401627,0.7492343,0.0005850412,0.010066058,-0.004447987,0.4085958,0.13354492,0.8664551
3112960,7221.613884940488,3.0,26.509277,500.0,67.32542,0.0,0.86828613,1.0,0.3381794,0.7503154,0.00022683013,0.008296359,-0.003921349,0.40667742,0.13171387,0.86828613
3121152,7210.124125456276,3.0,26.512207,500.0,67.420616,0.0,0.86950684,1.0,0.33684522,0.7512548,-0.0007450263,0.0065029906,-0.0039965217,0.4065318,0.13049316,0.86950684
3129344,7213.054461704918,3.0,26.683594,500.0,68.151665,0.0,0.87158203,1.0,0.3345546,0.75308704,0.0007429356,0.0076532625,-0.0030836952,0.40680736,0.12841797,0.87158203
3137536,7215.791693040068,3.0,26.406616,500.0,67.44831,0.0,0.87231445,1.0,0.3337393,0.75412667,0.0012957274,0.008655958,-0.0030322515,0.39943826,0.12768555,0.87231445
3145728,7211.1409971388175,3.0,26.614136,500.0,68.27494,0.0,0.8717041,1.0,0.33441898,0.7539246,0.0007418819,0.0062885904,-0.0024024127,0.3946141,0.1282959,0.8717041
3153920,7220.615301138307,3.0,26.78064,500.0,68.91558,0.0,0.87280273,1.0,0.3331938,0.7546141,0.0037246912,0.009469597,-0.0010101068,0.3929512,0.12719727,0.87280273
3162112,7218.245908351528,3.0,26.783447,500.0,69.14746,0.0,0.8748779,1.0,0.33085725,0.7568364,0.00279089,0.008472739,-0.0014454795,0.3913896,0.12512207,0.8748779
3170304,7209.143842188206,3.0,26.824951,500.0,69.27517,0.0,0.8745117,1.0,0.33127174,0.7564697,0.0035005086,0.01120654,-0.0021027622,0.39139172,0.12548828,0.8745117
3178496,7219.864268880215,3.0,26.98645,500.0,69.77951,0.0,0.87402344,1.0,0.33182296,0.7556398,-0.0007021758,0.00794854,-0.004676446,0.38694477,0.12597656,0.87402344
3186688,7210.8776724889285,3.0,27.037964,500.0,69.94576,0.0,0.8746338,1.0,0.3311337,0.7561031,-0.0006594786,0.007078043,-0.0041985004,0.38496658,0.12536621,0.8746338
3194880,7214.675039616973,3.0,27.452026,500.0,71.1057,0.0,0.873291,1.0,0.33264667,0.754519,-0.00016515708,0.009247568,-0.004788941,0.38569942,0.12670898,0.873291
3203072,7224.369769440767,3.0,27.69983,500.0,72.00025,0.0,0.87390137,1.0,0.33196047,0.75503683,0.00048219739,0.007439785,-0.003237695,0.3869995,0.12609863,0.87390137
3211264,7224.05231801126,3.0,27.46936,500.0,71.41615,0.0,0.8754883,1.0,0.33016443,0.7567162,0.0020113713,0.007073746,-0.0015255015,0.38955787,0.12451172,0.8754883
3219456,7199.087152150597,3.0,27.761719,500.0,71.82522,0.0,0.87402344,1.0,0.33182296,0.7544557,0.0022122988,0.010221671,-0.0028985369,0.38825288,0.12597656,0.87402344
3227648,7218.581048097209,3.0,27.732056,500.0,71.451546,0.0,0.8758545,1.0,0.32974747,0.7554416,0.0017580373,0.010643322,-0.0035636239,0.38819975,0.12414551,0.8758545
3235840,7222.38501701036,3.0,27.839111,500.0,71.758385,0.0,0.87683105,1.0,0.328631,0.75620514,-0.00048094796,0.009561919,-0.0052619074,0.38300085,0.123168945,0.87683105
3244032,7207.696596456119,3.0,27.980225,500.0,72.300804,0.0,0.8781738,1.0,0.3270849,0.7572231,0.0009525528,0.008948088,-0.0035214908,0.379889,0.12182617,0.8781738
3252224,7219.677672976789,3.0,28.309204,500.0,73.58428,0.0,0.8779297,1.0,0.327367,0.7575625,0.002665915,0.0070646824,-0.0008664268,0.3827027,0.12207031,0.8779297
3260416,7215.953841065097,3.0,28.319702,500.0,73.7466,0.0,0.8774414,1.0,0.32792985,0.7572695,5.691964e-05,0.0077765654,-0.0038313633,0.38308197,0.122558594,0.8774414
3268608,7222.706876737767,3.0,28.432495,500.0,74.31303,0.0,0.8769531,1.0,0.328491,0.7570894,0.0020428007,0.009512657,-0.002713528,0.38079318,0.123046875,0.8769531
3276800,7212.563888248071,3.0,28.788818,500.0,75.25019,0.0,0.87646484,1.0,0.32905048,0.756485,0.0006961367,0.005875805,-0.0022417656,0.3804251,0.123535156,0.87646484
3284992,7223.590620276958,3.0,29.258911,500.0,76.46868,0.0,0.8754883,1.0,0.33016443,0.75503623,0.0012840214,0.009661061,-0.0035465083,0.38587704,0.12451172,0.8754883
3293184,7212.7879690788195,3.0,29.461304,500.0,77.18137,0.0,0.8753662,1.0,0.3303032,0.75518066,0.0008754789,0.00630959,-0.002279316,0.3946664,0.12463379,0.8753662
3301376,7223.766787449135,3.0,29.828003,500.0,77.994446,0.0,0.87609863,1.0,0.32946897,0.7552502,0.0016452959,0.008402363,-0.0025558854,0.38919032,0.12390137,0.87609863
3309568,7220.349766828838,3.0,30.172974,500.0,78.96713,0.0,0.8757324,1.0,0.32988656,0.7549584,0.0022261082,0.008767724,-0.002157754,0.38266447,0.12426758,0.8757324
3317760,7227.70241412568,3.0,30.05896,500.0,78.51128,0.0,0.8757324,1.0,0.32988656,0.7548634,0.001927609,0.008804305,-0.0024745432,0.36975783,0.12426758,0.8757324
3325952,7212.439741349362,3.0,30.316772,500.0,79.28554,0.0,0.8751221,1.0,0.3305804,0.75426275,8.219539e-05,0.00711965,-0.0034776288,0.35752556,0.12487793,0.8751221
3334144,7226.159563062182,3.0,30.694214,500.0,80.2692,0.0,0.8753662,1.0,0.3303032,0.7543789,0.0045839143,0.008727463,0.00022018189,0.3549745,0.12463379,0.8753662
3342336,7224.618889620608,3.0,31.169434,500.0,81.48352,0.0,0.8741455,1.0,0.33168527,0.75315166,0.0004925516,0.0059960163,-0.0025054568,0.3530631,0.12585449,0.8741455
3350528,7229.50602866702,3.0,31.420654,500.0,82.11197,0.0,0.8741455,1.0,0.33168527,0.7529614,0.0011022005,0.006377645,-0.0020866217,0.34661424,0.12585449,0.8741455
3358720,7213.3149167072015,3.0,31.728394,500.0,83.11633,0.0,0.8736572,1.0,0.33223528,0.7527847,0.0010766085,0.008154761,-0.0030007716,0.3404367,0.12634277,0.8736572
3366912,7224.468504042137,3.0,31.743042,500.0,83.413055,0.0,0.8742676,1.0,0.33154753,0.75377375,-0.00047209288,0.008946091,-0.004945138,0.33329454,0.12573242,0.8742676
3375104,7224.035610814102,3.0,31.829468,500.0,83.85925,0.0,0.8734131,1.0,0.33250964,0.7536346,-0.0009252076,0.00767351,-0.004761962,0.3277109,0.12658691,0.8734131
3383296,7206.9028996678635,3.0,31.579224,500.0,83.104195,0.0,0.8737793,1.0,0.33209792,0.7540712,0.0036659474,0.008494632,-0.0005813696,0.3273397,0.1262207,0.8737793
3391488,7217.258867570693,3.0,31.72998,500.0,83.324265,0.0,0.87280273,1.0,0.3331938,0.75280774,0.001286695,0.007218194,-0.002322402,0.32782358,0.12719727,0.87280273
3399680,7218.25652316036,3.0,31.857666,500.0,83.58085,0.0,0.8742676,1.0,0.33154753,0.7538484,0.004400255,0.007781206,0.00050965184,0.32430914,0.12573242,0.8742676
3407872,7216.704059952029,3.0,31.803467,500.0,83.46694,0.0,0.87597656,1.0,0.3296083,0.75535506,0.0007676893,0.0051569305,-0.0018107761,0.31831583,0.12402344,0.87597656
3416064,7217.979031989377,3.0,32.008545,500.0,83.6978,0.0,0.87597656,1.0,0.3296083,0.75477755,0.0022133142,0.008586929,-0.0020801502,0.31473374,0.12402344,0.87597656
3424256,7221.987286599265,3.0,32.20935,500.0,84.04074,0.0,0.875,1.0,0.3307189,0.7533809,0.004109665,0.00940512,-0.000592896,0.31010926,0.125,0.875
3432448,7218.120049426432,3.0,32.216675,500.0,83.94535,0.0,0.87438965,1.0,0.3314097,0.75261414,0.0015422819,0.01052289,-0.0037191634,0.30523202,0.12561035,0.87438965
3440640,7224.737379637608,3.0,32.060425,500.0,83.54204,0.0,0.8757324,1.0,0.32988656,0.7538779,0.0019481777,0.008917155,-0.002510399,0.29958615,0.12426758,0.8757324
3448832,7221.29819333765,3.0,32.27771,500.0,84.03302,0.0,0.8736572,1.0,0.33223528,0.75210357,6.2675914e-05,0.008012423,-0.0039435364,0.2997067,0.12634277,0.8736572
3457024,7216.405469304105,3.0,32.18152,500.0,83.870636,0.0,0.87316895,1.0,0.3327836,0.7518933,0.002011114,0.0076560597,-0.0018169159,0.29367936,0.12683105,0.87316895
3465216,7221.656383994956,3.0,32.00708,500.0,83.27762,0.0,0.87353516,1.0,0.33237252,0.7520569,0.0017318055,0.010513883,-0.003525135,0.29089582,0.12646484,0.87353516
3473408,7213.810135942306,3.0,32.38672,500.0,84.38072,0.0,0.8721924,1.0,0.33387545,0.7511139,0.0002626815,0.006365814,-0.0029202253,0.29242748,0.12780762,0.8721924
3481600,7219.993222904699,3.0,32.31006,500.0,84.22464,0.0,0.87390137,1.0,0.33196047,0.7526494,0.00030246668,0.007762909,-0.003578988,0.29573038,0.12609863,0.87390137
3489792,7218.441529127977,3.0,32.3208,500.0,84.397766,0.0,0.8745117,1.0,0.33127174,0.7536569,0.0014753214,0.008016426,-0.0025328915,0.29253647,0.12548828,0.8745117
3497984,7209.225522279425,3.0,32.454712,500.0,84.826706,0.0,0.8745117,1.0,0.33127174,0.7538868,0.0017200836,0.008951175,-0.0027555046,0.29284096,0.12548828,0.8745117
3506176,7207.840236459237,3.0,32.554565,500.0,85.15257,0.0,0.8753662,1.0,0.3303032,0.7547256,0.0002358096,0.0080784345,-0.0038034078,0.28744984,0.12463379,0.8753662
3514368,7218.914702284733,3.0,32.360107,500.0,84.58246,0.0,0.8748779,1.0,0.33085725,0.75436294,0.0031583426,0.009564769,-0.0016240426,0.28591073,0.12512207,0.8748779
3522560,7227.158160914028,3.0,32.14331,500.0,83.87217,0.0,0.8745117,1.0,0.33127174,0.7535112,0.0045449845,0.010828799,-0.0008694157,0.2862949,0.12548828,0.8745117
3530752,7202.841909203671,3.0,31.329712,500.0,81.96375,0.0,0.87597656,1.0,0.3296083,0.75542045,0.003428363,0.011250344,-0.002196809,0.28521705,0.12402344,0.87597656
3538944,7219.636714191401,3.0,30.730713,500.0,80.494125,0.0,0.8782959,1.0,0.32694376,0.757635,0.0026208812,0.009120043,-0.0019391397,0.28370684,0.1217041,0.8782959
3547136,7213.581448273965,3.0,30.489746,500.0,79.754524,0.0,0.87927246,1.0,0.32581037,0.75850904,-0.00020223937,0.0064988756,-0.0034516766,0.28136835,0.12072754,0.87927246
3555328,7219.15131212646,3.0,30.49231,500.0,79.960075,0.0,0.87854004,1.0,0.32666105,0.7584696,0.0010568186,0.0076054195,-0.002745891,0.27897012,0.12145996,0.87854004
3563520,7225.645932241599,3.0,30.224731,500.0,79.43858,0.0,0.87890625,1.0,0.3262362,0.7590826,0.0017918687,0.012072466,-0.004244364,0.2719388,0.12109375,0.87890625
3571712,7218.966269774572,3.0,30.036133,500.0,78.948006,0.0,0.8803711,1.0,0.32452708,0.76052177,0.0010851242,0.0066525415,-0.002241146,0.27149293,0.119628906,0.8803711
3579904,7209.56890142623,3.0,29.417236,500.0,77.15046,0.0,0.88134766,1.0,0.32337898,0.7615267,0.0045609744,0.0111279525,-0.001003001,0.28002548,0.118652344,0.88134766
3588096,7223.665034672174,3.0,28.935669,500.0,75.76275,0.0,0.8820801,1.0,0.32251325,0.76205647,0.0028622926,0.009846159,-0.002060787,0.28439346,0.11791992,0.8820801
3596288,7224.445718894593,3.0,28.714478,500.0,74.79133,0.0,0.8833008,1.0,0.32106155,0.76248753,0.0027830685,0.0100677665,-0.0022508148,0.2838424,0.11669922,0.8833008
3604480,7222.120870553848,3.0,28.423096,500.0,73.85677,0.0,0.8841553,1.0,0.32003865,0.7633677,0.0021135025,0.00872639,-0.0022496923,0.27668226,0.11584473,0.8841553
3612672,7212.371613769941,3.0,28.13562,500.0,73.27304,0.0,0.8848877,1.0,0.3191574,0.7646949,0.0021973702,0.008675104,-0.0021401811,0.26967165,0.115112305,0.8848877
3620864,7218.564366197449,3.0,27.950317,500.0,72.75725,0.0,0.8848877,1.0,0.3191574,0.7650646,-0.00010282162,0.007033549,-0.003619596,0.26356047,0.115112305,0.8848877
3629056,7195.67083031679,3.0,27.66626,500.0,71.98934,0.0,0.8840332,1.0,0.32018507,0.76457024,0.0040807114,0.011051989,-0.0014452825,0.263192,0.1159668,0.8840332
3637248,7217.692465142229,3.0,27.210815,500.0,70.34582,0.0,0.88464355,1.0,0.3194516,0.7645674,0.0023965766,0.008885907,-0.002046377,0.2576498,0.115356445,0.88464355
3645440,7206.4630401689965,3.0,27.101685,500.0,70.31628,0.0,0.88500977,1.0,0.31901014,0.7655034,0.0006502002,0.009785416,-0.0042425077,0.24874544,0.114990234,0.88500977
3653632,7216.557035073029,3.0,26.869629,500.0,69.75243,0.0,0.88549805,1.0,0.3184199,0.76616687,0.00066608033,0.00945862,-0.004063229,0.24325357,0.11450195,0.88549805
3661824,7221.566832999365,3.0,27.024048,500.0,70.30326,0.0,0.8848877,1.0,0.3191574,0.76586556,0.0015721208,0.008564154,-0.002709956,0.24087149,0.115112305,0.8848877
3670016,7202.351214137845,3.0,26.390137,500.0,68.21372,0.0,0.8869629,1.0,0.31663814,0.7677058,0.0026745955,0.011534522,-0.003092666,0.24118799,0.11303711,0.8869629
3678208,7215.2128688795165,3.0,26.106201,500.0,67.138824,0.0,0.88879395,1.0,0.3143871,0.7690997,0.0031232631,0.010856369,-0.0023049205,0.24746415,0.111206055,0.88879395
3686400,7226.788784342231,3.0,25.707153,500.0,65.3068,0.0,0.88842773,1.0,0.31483945,0.76835847,0.0012760471,0.008680517,-0.0030642117,0.25602213,0.111572266,0.88842773
3694592,7211.434611665697,3.0,25.71936,500.0,65.37251,0.0,0.8874512,1.0,0.31604046,0.7675117,9.255833e-05,0.008475514,-0.004145199,0.2590899,0.11254883,0.8874512
3702784,7223.056096623195,3.0,25.656128,500.0,65.18118,0.0,0.88586426,1.0,0.31797603,0.7662295,0.0031020045,0.010834768,-0.002315379,0.2586304,0.11413574,0.88586426
3710976,7221.433269539317,3.0,25.708618,500.0,65.229225,0.0,0.88586426,1.0,0.31797603,0.76607054,0.0024518005,0.009511042,-0.00230372,0.25106007,0.11413574,0.88586426
3719168,7227.337542581353,3.0,25.505371,500.0,64.484436,0.0,0.885376,1.0,0.31856766,0.7653108,0.001064863,0.010502135,-0.0041862046,0.24859206,0.11462402,0.885376
3727360,7222.426006985375,3.0,25.279785,500.0,63.845013,0.0,0.8857422,1.0,0.31812415,0.7661967,0.002181306,0.010751286,-0.0031943368,0.2455181,0.11425781,0.8857422
3735552,7222.207399161579,3.0,25.27295,500.0,63.73418,0.0,0.8873291,1.0,0.3161901,0.76714814,0.0011644838,0.009405973,-0.0035385028,0.24563262,0.1126709,0.8873291
3743744,7207.19012213092,3.0,25.424194,500.0,63.934982,0.0,0.8869629,1.0,0.31663814,0.7663326,0.0017335764,0.009884437,-0.0032086417,0.24574652,0.11303711,0.8869629
3751936,7216.826837894679,3.0,25.153076,500.0,63.238335,0.0,0.88793945,1.0,0.3154409,0.7674514,0.00082313584,0.008544516,-0.0034491222,0.2426152,0.11206055,0.88793945
3760128,7224.135855156234,3.0,24.99292,500.0,62.380394,0.0,0.88842773,1.0,0.31483945,0.76724875,-4.271511e-05,0.008267428,-0.0041764285,0.23677042,0.111572266,0.88842773
3768320,7220.501498328513,3.0,24.986206,500.0,62.236977,0.0,0.88916016,1.0,0.3139337,0.7678759,0.003998844,0.011314678,-0.001658495,0.23524785,0.110839844,0.88916016
3776512,7225.823719262414,3.0,24.65332,500.0,61.148293,0.0,0.8892822,1.0,0.31378233,0.76799715,0.002948868,0.010035851,-0.0020690574,0.23677339,0.11071777,0.8892822
3784704,7209.614284377385,3.0,24.779663,500.0,61.363308,0.0,0.8894043,1.0,0.3136308,0.767653,0.0010226045,0.009457498,-0.0037061446,0.24054003,0.1105957,0.8894043
3792896,7221.736830003309,3.0,24.504395,500.0,60.834423,0.0,0.8894043,1.0,0.3136308,0.7685246,0.0011979039,0.008900049,-0.003252121,0.24714124,0.1105957,0.8894043
3801088,7215.653797182724,3.0,24.312256,500.0,60.063927,0.0,0.8914795,1.0,0.31103665,0.77047765,0.0017801418,0.0097064525,-0.003073085,0.25094426,0.10852051,0.8914795
3809280,7218.185252899953,3.0,24.681152,500.0,61.354935,0.0,0.89038086,1.0,0.3124144,0.7692374,0.00030073267,0.008669611,-0.004034073,0.2532483,0.10961914,0.89038086
3817472,7215.628037002425,3.0,24.59143,500.0,61.021088,0.0,0.88842773,1.0,0.31483945,0.76740825,0.0015666729,0.009856694,-0.003361674,0.25396264,0.111572266,0.88842773
3825664,7202.520307656447,3.0,24.47351,500.0,60.75676,0.0,0.89001465,1.0,0.3128715,0.76879245,0.0013824912,0.010803647,-0.004019332,0.24597925,0.10998535,0.89001465
3833856,7219.472883697104,3.0,24.401611,500.0,60.322025,0.0,0.88916016,1.0,0.3139337,0.7678516,0.00066433806,0.010778667,-0.004724996,0.2400704,0.110839844,0.88916016
3842048,7223.894362144823,3.0,24.374878,500.0,60.002304,0.0,0.8905029,1.0,0.31226182,0.7688718,0.0014175153,0.009389883,-0.0032774261,0.2340746,0.10949707,0.8905029
3850240,7214.472048852174,3.0,24.45044,500.0,60.258743,0.0,0.890625,1.0,0.31210914,0.76921916,0.0037681446,0.008647801,-0.0005557565,0.23218769,0.109375,0.890625
3858432,7208.425439641775,3.0,24.271362,500.0,59.584198,0.0,0.8918457,1.0,0.31057516,0.7703045,0.002620391,0.008635839,-0.0016975286,0.22807391,0.1081543,0.8918457
3866624,7218.262588779424,3.0,24.336792,500.0,59.66302,0.0,0.89331055,1.0,0.308718,0.7710186,0.0009157018,0.009120593,-0.003644594,0.22178727,0.10668945,0.89331055
3874816,7221.748972952705,3.0,24.47705,500.0,60.29277,0.0,0.8930664,1.0,0.3090288,0.7707716,0.0017862672,0.0094912015,-0.0029593334,0.22127372,0.106933594,0.8930664
3883008,7210.142281364305,3.0,24.808472,500.0,61.469963,0.0,0.89123535,1.0,0.3113437,0.76901037,0.004140799,0.009238686,-0.0004785441,0.221722,0.10876465,0.89123535
3891200,7219.9977743073705,3.0,24.486328,500.0,60.571445,0.0,0.8935547,1.0,0.3084067,0.7715681,-0.0015005955,0.007496405,-0.005248798,0.22192848,0.10644531,0.8935547
3899392,7213.582962714142,3.0,24.383057,500.0,60.08594,0.0,0.8951416,1.0,0.30637088,0.7728351,0.0009414119,0.008900281,-0.0035087292,0.22448811,0.1048584,0.8951416
3907584,7219.4182751846365,3.0,24.460693,500.0,60.12528,0.0,0.8963623,1.0,0.30478993,0.7735487,0.0010307417,0.009043789,-0.0034911523,0.22706425,0.103637695,0.8963623
3915776,7222.1102443765485,3.0,24.593018,500.0,60.32503,0.0,0.8968506,1.0,0.30415392,0.77345955,-0.0013640677,0.0062084617,-0.0044682985,0.22673629,0.103149414,0.8968506
3923968,7219.010254392211,3.0,24.791748,500.0,61.04334,0.0,0.8967285,1.0,0.30431312,0.77329093,0.0036961504,0.010091685,-0.0013496917,0.22585222,0.103271484,0.8967285
3932160,7225.153644608892,3.0,24.881836,500.0,61.352985,0.0,0.89733887,1.0,0.30351576,0.77355665,0.0012965208,0.009427477,-0.0034172174,0.22561038,0.10266113,0.89733887
3940352,7223.778937226019,3.0,25.093384,500.0,61.71964,0.0,0.89697266,1.0,0.3039946,0.77277386,0.00176149,0.00685422,-0.0016656201,0.22414663,0.103027344,0.89697266
3948544,7215.117417270679,3.0,25.245728,500.0,62.241215,0.0,0.8970947,1.0,0.30383512,0.7728416,0.0013291676,0.0075340606,-0.0024378626,0.22453162,0.10290527,0.8970947
3956736,7223.44483325299,3.0,25.504883,500.0,63.207924,0.0,0.89611816,1.0,0.3051072,0.7720549,0.0025724166,0.009657117,-0.002256142,0.22428754,0.103881836,0.89611816
3964928,7224.649271305729,3.0,25.561523,500.0,63.415276,0.0,0.8963623,1.0,0.30478993,0.77225864,0.0020168223,0.010785957,-0.0033761566,0.21512423,0.103637695,0.8963623
3973120,7214.346321495221,3.0,25.296265,500.0,62.52547,0.0,0.8956299,1.0,0.30574006,0.7722302,0.00266161,0.0122564705,-0.003466625,0.20896482,0.10437012,0.8956299
3981312,7219.636714191401,3.0,25.286499,500.0,62.388527,0.0,0.895874,1.0,0.3054239,0.7721851,-0.0004425717,0.009518106,-0.0052016247,0.20660996,0.10412598,0.895874
3989504,7203.2586750557175,3.0,25.489746,500.0,62.879864,0.0,0.89611816,1.0,0.3051072,0.772025,0.0023858307,0.009995978,-0.0026121582,0.20472182,0.103881836,0.89611816
3997696,7223.535949453364,3.0,25.473267,500.0,62.756767,0.0,0.8964844,1.0,0.30463114,0.7722011,0.0005686869,0.0081003355,-0.0034814808,0.18927744,0.103515625,0.8964844
4005888,7224.895372373017,3.0,25.478638,500.0,62.590088,0.0,0.8972168,1.0,0.30367547,0.7726592,0.0007643078,0.008400368,-0.0034358758,0.18736175,0.1027832,0.8972168
4014080,7225.094392287342,3.0,25.53711,500.0,62.83743,0.0,0.897583,1.0,0.30319586,0.77296335,0.0016976414,0.008104245,-0.0023544817,0.19500467,0.10241699,0.897583
4022272,7220.48480755139,3.0,25.536255,500.0,62.907948,0.0,0.89819336,1.0,0.30239382,0.77351695,0.00012778811,0.008740653,-0.0042425385,0.1959599,0.10180664,0.89819336
4030464,7216.0462838548765,3.0,25.371704,500.0,62.072887,0.0,0.89990234,1.0,0.30013016,0.7743565,0.000600852,0.007846226,-0.0033222612,0.19648743,0.100097656,0.89990234
4038656,7223.912587469192,3.0,25.309204,500.0,61.89864,0.0,0.90270996,1.0,0.2963523,0.776899,0.00027168228,0.0074338424,-0.003445239,0.19363353,0.09729004,0.90270996
4046848,7217.227032039817,3.0,25.29358,500.0,61.948566,0.0,0.9034424,1.0,0.29535443,0.7774177,0.0012710823,0.0072116586,-0.0023347468,0.19167954,0.09655762,0.9034424
4055040,7227.7084956302115,3.0,25.427979,500.0,62.391636,0.0,0.9024658,1.0,0.29668376,0.7767298,0.00075698027,0.009334324,-0.003910182,0.18862768,0.09753418,0.9024658
4063232,7218.170089196338,3.0,25.246948,500.0,61.976074,0.0,0.9029541,1.0,0.29602027,0.77748525,0.0022392322,0.0093428595,-0.0024321964,0.18206546,0.0970459,0.9029541
4071424,7221.014398005337,3.0,25.170044,500.0,61.79212,0.0,0.9033203,1.0,0.2955211,0.77806234,0.004269266,0.010078161,-0.00076981355,0.16723478,0.09667969,0.9033203
4079616,7204.394455761096,3.0,25.235596,500.0,61.907406,0.0,0.9029541,1.0,0.29602027,0.77762425,0.000860455,0.0110182725,-0.0046486817,0.15636827,0.0970459,0.9029541
4087808,7220.040254342353,3.0,25.04773,500.0,61.223885,0.0,0.9049072,1.0,0.29334304,0.77940315,0.00017803756,0.007007075,-0.0033255003,0.15658902,0.09509277,0.9049072
4096000,7219.1482785687995,3.0,25.030396,500.0,61.30404,0.0,0.90600586,1.0,0.29182053,0.7801851,0.00031413313,0.0077510076,-0.0035613705,0.15253845,0.09399414,0.90600586
4104192,7225.492465011506,3.0,24.987549,500.0,60.93816,0.0,0.90722656,1.0,0.29011467,0.7808447,-0.0004142943,0.0071493774,-0.0039889826,0.13936493,0.09277344,0.90722656
4112384,7223.446351837494,3.0,24.9552,500.0,61.045403,0.0,0.9071045,1.0,0.29028592,0.78115493,0.00080466294,0.0072585414,-0.0028246073,0.1359877,0.09289551,0.9071045
4120576,7217.224000099143,3.0,24.58374,500.0,59.499973,0.0,0.9086914,1.0,0.28804746,0.78256303,0.0043128133,0.008288138,0.00016874488,0.13031976,0.091308594,0.9086914
4128768,7218.735738476406,3.0,24.572266,500.0,59.420067,0.0,0.9090576,1.0,0.28752714,0.7827207,0.00052114273,0.0077799344,-0.003368825,0.12194069,0.09094238,0.9090576
4136960,7211.315044101431,3.0,24.845215,500.0,60.338997,0.0,0.90966797,1.0,0.28665686,0.7833636,0.0028449928,0.007585841,-0.00094792846,0.118467405,0.09033203,0.90966797
4145152,7217.220968161017,3.0,24.607422,500.0,59.461014,0.0,0.90979004,1.0,0.28648233,0.7836536,0.002675772,0.008970249,-0.001809353,0.11640448,0.09020996,0.90979004
4153344,7220.0387371896395,3.0,24.164062,500.0,57.56648,0.0,0.9119873,1.0,0.28331333,0.7850959,-4.683301e-05,0.008952511,-0.004523088,0.112516835,0.088012695,0.9119873
4161536,7215.712894761932,3.0,23.97754,500.0,56.6818,0.0,0.9123535,1.0,0.28278008,0.7852367,0.0012853892,0.009868313,-0.0036487668,0.10764951,0.087646484,0.9123535
4169728,7220.48480755139,3.0,23.95642,500.0,56.48117,0.0,0.9156494,1.0,0.27791288,0.787466,0.0008996852,0.006560056,-0.0023803422,0.1024636,0.084350586,0.9156494
4177920,7211.769119204567,3.0,23.906982,500.0,56.213024,0.0,0.91674805,1.0,0.27626264,0.7881783,-0.00072960136,0.008761101,-0.0051101516,0.09157337,0.08325195,0.91674805
4186112,7220.855057463607,3.0,23.789429,500.0,55.68878,0.0,0.9169922,1.0,0.27589402,0.7884274,0.0010690691,0.009461907,-0.003661884,0.08971378,0.08300781,0.9169922
4194304,7213.467867072997,3.0,23.636597,500.0,54.886547,0.0,0.91748047,1.0,0.27515462,0.7888994,0.003122757,0.007458805,-0.0006066455,0.08649654,0.08251953,0.91748047
4202496,7217.213388326845,3.0,23.46643,500.0,54.212456,0.0,0.9185791,1.0,0.27348042,0.7896444,0.00023461675,0.00840761,-0.003969189,0.07979501,0.0814209,0.9185791
4210688,7219.68222398163,3.0,23.422852,500.0,53.87631,0.0,0.9185791,1.0,0.27348042,0.7892775,0.0028467765,0.009168657,-0.0017375516,0.073584504,0.0814209,0.9185791
4218880,7227.3345021399255,3.0,23.241943,500.0,53.303223,0.0,0.91918945,1.0,0.2725439,0.790282,0.001983947,0.008457056,-0.0022445808,0.07199858,0.08081055,0.91918945
4227072,7219.304510103637,3.0,23.033203,500.0,52.496582,0.0,0.91748047,1.0,0.27515462,0.789171,0.0014407755,0.01089502,-0.004006735,0.07025669,0.08251953,0.91748047
4235264,7219.926469658112,3.0,22.764038,500.0,51.51704,0.0,0.9168701,1.0,0.2760784,0.78896606,0.0020732519,0.010079896,-0.002966696,0.07497226,0.08312988,0.9168701
4243456,7224.281670074888,3.0,22.69751,500.0,51.37048,0.0,0.91711426,1.0,0.27570942,0.7890905,0.0017941385,0.009120996,-0.0027663596,0.07358944,0.08288574,0.91711426
4251648,7217.945673831659,3.0,22.795898,500.0,51.45606,0.0,0.9160156,1.0,0.27736437,0.78768367,0.0038359507,0.011455249,-0.001891674,0.0750996,0.083984375,0.9160156
4259840,7207.377584926985,3.0,22.860962,500.0,51.718376,0.0,0.9160156,1.0,0.27736437,0.7877227,0.00016279554,0.010206408,-0.0049404083,0.07859504,0.083984375,0.9160156
4268032,7213.632939596701,3.0,22.870117,500.0,51.655,0.0,0.9168701,1.0,0.2760784,0.78825545,0.00034726248,0.006478331,-0.002891903,0.07800857,0.08312988,0.9168701
4276224,7224.40014903067,3.0,22.601318,500.0,50.547684,0.0,0.9173584,1.0,0.27533972,0.7890074,0.0020222093,0.009800515,-0.0028780485,0.066998854,0.0826416,0.9173584
4284416,7219.27265652347,3.0,22.453735,500.0,49.835037,0.0,0.9182129,1.0,0.2740401,0.78958756,0.00079651375,0.006326914,-0.002366944,0.05512988,0.08178711,0.9182129
4292608,7226.841984401597,3.0,21.949219,500.0,47.54509,0.0,0.91845703,1.0,0.27366716,0.79020727,0.002176415,0.011095014,-0.003371092,0.05126948,0.08154297,0.91845703
4300800,7218.32324553074,3.0,21.815796,500.0,47.28675,0.0,0.9187012,1.0,0.27329347,0.79068345,0.0005435122,0.0077850893,-0.003349032,0.05613961,0.08129883,0.9187012
4308992,7222.263567964099,3.0,21.468872,500.0,46.11252,0.0,0.9194336,1.0,0.27216807,0.79186934,0.0015998292,0.008454068,-0.0026272046,0.059351094,0.080566406,0.9194336
4317184,7204.417114604781,3.0,21.467896,500.0,46.29308,0.0,0.9197998,1.0,0.27160284,0.79237753,0.0016988465,0.008619479,-0.0026108925,0.06452725,0.080200195,0.9197998
4325376,7213.767729186883,3.0,21.617676,500.0,47.219704,0.0,0.91796875,1.0,0.27441233,0.79103696,0.0044589853,0.00900147,-4.1750027e-05,0.07045752,0.08203125,0.91796875
4333568,7223.087983599513,3.0,21.403809,500.0,46.45084,0.0,0.9172363,1.0,0.27552465,0.7910292,0.0015383991,0.010754747,-0.0038389745,0.07452538,0.08276367,0.9172363
4341760,7201.9692731803625,3.0,21.36731,500.0,46.66011,0.0,0.9178467,1.0,0.27459815,0.7921481,-0.0010291154,0.0088857245,-0.005471977,0.07840936,0.08215332,0.9178467
4349952,7224.041686149581,3.0,21.357544,500.0,47.189137,0.0,0.9169922,1.0,0.27589402,0.79230875,0.0026489664,0.007924937,-0.0013135034,0.07262743,0.08300781,0.9169922
4358144,7223.145684558033,3.0,21.417847,500.0,47.30796,0.0,0.9168701,1.0,0.2760784,0.7919663,0.002697712,0.009032786,-0.0018186807,0.06438157,0.08312988,0.9168701
4366336,7222.095064177505,3.0,21.22876,500.0,46.710022,0.0,0.91711426,1.0,0.27570942,0.7923913,0.0040774867,0.010626587,-0.0012358074,0.065416254,0.08288574,0.91711426
4374528,7227.214406749715,3.0,21.213623,500.0,47.031338,0.0,0.9168701,1.0,0.2760784,0.79281634,0.004346149,0.009646499,-0.00047709947,0.06268817,0.08312988,0.9168701
4382720,7217.904734695867,3.0,21.071777,500.0,46.27418,0.0,0.9157715,1.0,0.2777302,0.7920028,0.0022921222,0.011397029,-0.0034063917,0.05744365,0.084228516,0.9157715
4390912,7221.574421980656,3.0,21.089355,500.0,46.388943,0.0,0.9172363,1.0,0.27552468,0.79344946,0.00025231,0.0065094354,-0.0030024077,0.05440022,0.08276367,0.9172363
4399104,7214.026721076015,3.0,21.052124,500.0,46.28817,0.0,0.9182129,1.0,0.2740401,0.7947409,0.002040505,0.009871259,-0.002895125,0.045962505,0.08178711,0.9182129
4407296,7217.339215635615,3.0,20.90503,500.0,45.816025,0.0,0.9205322,1.0,0.27046746,0.7972084,0.0017487815,0.008480258,-0.002491348,0.03957992,0.07946777,0.9205322
4415488,7204.0727155619215,3.0,21.036987,500.0,46.04362,0.0,0.92004395,1.0,0.27122512,0.7963213,0.0006428736,0.008436635,-0.003575444,0.034955695,0.079956055,0.92004395
4423680,7219.036038727608,3.0,20.80188,500.0,45.523506,0.0,0.921875,1.0,0.26836818,0.7987536,0.0014573183,0.010214285,-0.0036498238,0.03163507,0.078125,0.921875
4431872,7214.004001745147,3.0,20.635498,500.0,44.514164,0.0,0.92333984,1.0,0.26605144,0.7995853,0.00273379,0.007196075,-0.000864247,0.0352413,0.076660156,0.92333984
4440064,7211.6162408681375,3.0,20.612183,500.0,44.350018,0.0,0.9232178,1.0,0.2662456,0.79967266,0.003841613,0.007953707,-0.00013523997,0.035097227,0.07678223,0.9232178
4448256,7215.9614182538335,3.0,20.581665,500.0,44.74665,0.0,0.9238281,1.0,0.26527292,0.80073446,-0.00067753263,0.0063225375,-0.003838801,0.028784744,0.076171875,0.9238281
4456448,7219.855166417247,3.0,20.74414,500.0,45.495483,0.0,0.9210205,1.0,0.26970673,0.7982505,0.0012964801,0.010858993,-0.0041330177,0.014221795,0.07897949,0.9210205
4464640,7217.5408516763055,3.0,20.914795,500.0,46.11372,0.0,0.920166,1.0,0.271036,0.7971525,0.0015787752,0.010442145,-0.0036422971,0.011094876,0.079833984,0.920166
4472832,7207.217333867236,3.0,20.840454,500.0,45.78106,0.0,0.9190674,1.0,0.27273157,0.79627687,0.0029297392,0.009303259,-0.00172189,0.01381243,0.08093262,0.9190674
4481024,7219.882473875005,3.0,20.99939,500.0,46.219547,0.0,0.92041016,1.0,0.27065715,0.7970599,0.003022221,0.006675711,-0.00031563547,0.019222386,0.079589844,0.92041016
4489216,7202.635054208836,3.0,20.874023,500.0,45.4669,0.0,0.9211426,1.0,0.26951608,0.79759324,0.0040024077,0.008888184,-0.00044168578,0.020812057,0.07885742,0.9211426
4497408,7213.928271675752,3.0,20.579834,500.0,44.245667,0.0,0.921875,1.0,0.26836818,0.79865456,0.0024768068,0.0096446015,-0.002345493,0.012074418,0.078125,0.921875
4505600,7218.00632525685,3.0,20.833496,500.0,45.425682,0.0,0.9230957,1.0,0.2664395,0.7994823,0.0010737256,0.006054728,-0.0019536389,0.0034452826,0.0769043,0.9230957
4513792,7215.859885246793,3.0,20.818604,500.0,45.329254,0.0,0.92285156,1.0,0.26682684,0.7991611,0.0003825192,0.0072473316,-0.003241147,-0.0029492006,0.07714844,0.92285156
4521984,7214.543245804887,3.0,20.895508,500.0,45.865147,0.0,0.92211914,1.0,0.267984,0.79881763,0.0037798062,0.007986235,-0.00021331129,0.001091063,0.07788086,0.92211914
4530176,7207.382120438035,3.0,20.813843,500.0,46.130478,0.0,0.9202881,1.0,0.2708467,0.79812646,0.0030357358,0.010775297,-0.0023519117,0.0036537275,0.079711914,0.9202881
4538368,7217.45443485074,3.0,21.029907,500.0,46.80149,0.0,0.9210205,1.0,0.26970673,0.79836106,0.0030523634,0.00914577,-0.0015205218,0.0018935204,0.07897949,0.9210205
4546560,7200.817656975248,3.0,20.88269,500.0,46.044353,0.0,0.9217529,1.0,0.26855996,0.79891086,0.0013537317,0.008796364,-0.0030444504,0.002760686,0.07824707,0.9217529
4554752,7213.638997447704,3.0,21.00586,500.0,46.486473,0.0,0.923584,1.0,0.26566258,0.80019456,0.001632436,0.0077465717,-0.0022408501,0.007193312,0.076416016,0.923584
4562944,7220.310317683465,3.0,21.007812,500.0,46.639256,0.0,0.9230957,1.0,0.2664395,0.79990053,0.0048660347,0.00708758,0.0013222445,0.011786535,0.0769043,0.9230957
4571136,7213.189229677588,3.0,21.28772,500.0,47.87262,0.0,0.9217529,1.0,0.26855996,0.79835474,0.003376155,0.007951758,-0.00059972523,0.007992387,0.07824707,0.9217529
4579328,7218.28078569778,3.0,21.346802,500.0,47.735542,0.0,0.92126465,1.0,0.26932526,0.7973614,0.0012613195,0.009489255,-0.0034833075,0.0059072822,0.07873535,0.92126465
4587520,7203.723818531029,3.0,21.347046,500.0,47.88039,0.0,0.9210205,1.0,0.26970673,0.7970701,0.0049812743,0.010223978,-0.0001307149,0.0044941828,0.07897949,0.9210205
4595712,7215.547727032659,3.0,21.390015,500.0,48.17206,0.0,0.92126465,1.0,0.26932526,0.79730535,0.001350513,0.0070150266,-0.0021570008,0.006595418,0.07873535,0.92126465
4603904,7215.487116918451,3.0,21.480713,500.0,48.08927,0.0,0.92089844,1.0,0.26989722,0.79631925,0.0037396504,0.009924331,-0.0012225145,0.011180095,0.07910156,0.92089844
4612096,7213.423949967512,3.0,21.301636,500.0,47.551697,0.0,0.9197998,1.0,0.27160284,0.7958968,0.0010773926,0.007903142,-0.0028741793,0.014833838,0.080200195,0.9197998
4620288,7205.625792813613,3.0,21.66272,500.0,49.198063,0.0,0.91882324,1.0,0.27310634,0.7951975,0.0049890685,0.006989143,0.0014944981,0.013386831,0.08117676,0.91882324
4628480,7220.386181807178,3.0,21.653198,500.0,48.75752,0.0,0.9185791,1.0,0.27348042,0.79492223,0.000167333,0.007689901,-0.0036776173,0.015847743,0.0814209,0.9185791
4636672,7223.443314669125,3.0,21.585815,500.0,48.873524,0.0,0.9197998,1.0,0.27160284,0.79650885,0.00040435253,0.006469303,-0.0028302986,0.01562728,0.080200195,0.9197998
4644864,7222.641591549361,3.0,21.704468,500.0,49.4218,0.0,0.9219971,1.0,0.26817617,0.7983681,0.0008521551,0.008505775,-0.0034007328,0.008980773,0.07800293,0.9219971
4653056,7218.365705863223,3.0,21.737915,500.0,49.397686,0.0,0.9219971,1.0,0.26817617,0.7981139,0.0001481977,0.009675111,-0.0046893577,0.008382395,0.07800293,0.9219971
4661248,7203.480667857472,3.0,21.582153,500.0,48.984623,0.0,0.9213867,1.0,0.26913422,0.7979538,0.00078852836,0.0058294926,-0.002126218,0.009979188,0.07861328,0.9213867
4669440,7215.178021174062,3.0,21.90857,500.0,50.47621,0.0,0.9217529,1.0,0.26855996,0.79831564,0.00295761,0.00741088,-0.0007478304,0.005701132,0.07824707,0.9217529
4677632,7217.089081318057,3.0,22.029419,500.0,50.54819,0.0,0.92077637,1.0,0.27008745,0.79673827,0.0001434458,0.011331843,-0.005522476,-0.0030020177,0.07922363,0.92077637
4685824,7214.88561673463,3.0,21.958984,500.0,50.178085,0.0,0.9199219,1.0,0.2714141,0.7960478,9.003596e-05,0.0077245105,-0.0037722192,-0.008377239,0.080078125,0.9199219
4694016,7218.829769201582,3.0,22.185059,500.0,51.190052,0.0,0.91967773,1.0,0.27179146,0.7958254,0.00039115036,0.007057251,-0.0031374753,-0.0103645325,0.080322266,0.91967773
4702208,7221.289087258679,3.0,22.225586,500.0,51.14381,0.0,0.9210205,1.0,0.26970673,0.79633784,-2.6682392e-07,0.0055191726,-0.0027598534,-0.009312734,0.07897949,0.9210205
4710400,7208.169874109907,3.0,22.164185,500.0,50.83938,0.0,0.92163086,1.0,0.2687516,0.7968227,0.0031110328,0.008571145,-0.0011745397,-0.0055188686,0.07836914,0.92163086
4718592,7223.958151182449,3.0,22.240845,500.0,51.11824,0.0,0.9219971,1.0,0.26817617,0.79720414,-0.00041825796,0.008999689,-0.0049181017,-0.0041986406,0.07800293,0.9219971
4726784,7204.460922106729,3.0,22.221313,500.0,50.6099,0.0,0.9227295,1.0,0.26702017,0.7969132,0.0028956467,0.007780293,-0.0009944995,-0.016959772,0.07727051,0.9227295
4734976,7215.265898642381,3.0,22.233765,500.0,50.81102,0.0,0.92297363,1.0,0.26663324,0.7973684,-0.0011197554,0.0069628893,-0.0046011996,-0.028079666,0.07702637,0.92297363
4743168,7201.619070434928,3.0,22.322388,500.0,51.046043,0.0,0.9227295,1.0,0.26702017,0.79648936,0.004499616,0.008700801,0.0001492154,-0.036185123,0.07727051,0.9227295
4751360,7214.050955186672,3.0,22.043823,500.0,49.863293,0.0,0.92541504,1.0,0.26272047,0.79885674,0.0048710997,0.0066963327,0.0015229326,-0.043643832,0.07458496,0.92541504
4759552,7215.082570487231,3.0,22.241943,500.0,50.869015,0.0,0.92541504,1.0,0.26272047,0.7988653,0.0017667594,0.007967526,-0.0022170034,-0.050679095,0.07458496,0.92541504
4767744,7221.982732687918,3.0,22.156372,500.0,50.72977,0.0,0.9267578,1.0,0.26053363,0.8003185,0.00084343017,0.008206284,-0.003259712,-0.05133211,0.07324219,0.9267578
4775936,7214.263010600386,3.0,22.1698,500.0,50.810795,0.0,0.92749023,1.0,0.2593301,0.8010895,0.001289923,0.0072471686,-0.0023336618,-0.05663597,0.072509766,0.92749023
4784128,7212.341335258878,3.0,22.284668,500.0,51.35612,0.0,0.92822266,1.0,0.25811887,0.8017005,-0.00023213826,0.0076995594,-0.0040819184,-0.065028705,0.071777344,0.92822266
4792320,7211.523911546921,3.0,22.341675,500.0,51.54158,0.0,0.927124,1.0,0.25993282,0.8005636,0.00078066275,0.008016505,-0.0032275901,-0.06904195,0.07287598,0.927124
4800512,7213.672315810092,3.0,22.490234,500.0,52.748856,0.0,0.9276123,1.0,0.25912875,0.80142796,0.0013580879,0.00674002,-0.0020119227,-0.06421903,0.072387695,0.9276123
4808704,7220.223834527012,3.0,22.53772,500.0,52.737194,0.0,0.9268799,1.0,0.26033354,0.8005911,-0.00032777828,0.008723955,-0.004689755,-0.062673666,0.07312012,0.9268799
4816896,7227.515412857082,3.0,22.483887,500.0,53.20919,0.0,0.9272461,1.0,0.25973213,0.80137765,0.0017160678,0.008020362,-0.0022941134,-0.06305627,0.072753906,0.9272461
4825088,7214.482652564583,3.0,22.448608,500.0,53.19115,0.0,0.92614746,1.0,0.26153076,0.80071187,0.00033063174,0.009673338,-0.0045060376,-0.062471665,0.07385254,0.92614746
4833280,7213.0680896979975,3.0,22.915405,500.0,55.05905,0.0,0.9244385,1.0,0.26429525,0.7989749,0.0028665187,0.006298961,-0.00028296135,-0.062046655,0.07556152,0.9244385
4841472,7213.969165715749,3.0,23.19458,500.0,56.19927,0.0,0.92614746,1.0,0.26153076,0.8001071,0.0004871739,0.0053240024,-0.0021748273,-0.0577446,0.07385254,0.92614746
4849664,7223.215534320206,3.0,23.147705,500.0,55.97727,0.0,0.92626953,1.0,0.26133177,0.8001944,0.0007658029,0.0070630307,-0.0027657133,-0.057374522,0.07373047,0.92626953
4857856,7219.360633762156,3.0,23.01062,500.0,55.18636,0.0,0.92700195,1.0,0.26013327,0.800423,0.0047611264,0.0074687633,0.0010267447,-0.06345165,0.07299805,0.92700195
4866048,7219.911298637851,3.0,23.20642,500.0,56.1171,0.0,0.9284668,1.0,0.2577134,0.80146176,0.0014518606,0.008445651,-0.002770965,-0.068779364,0.0715332,0.9284668
4874240,7202.87512790127,3.0,23.119873,500.0,55.92573,0.0,0.928833,1.0,0.25710356,0.8018452,0.00032866315,0.007430938,-0.003386806,-0.07417182,0.07116699,0.928833
4882432,7213.47846783375,3.0,23.028076,500.0,56.2452,0.0,0.9283447,1.0,0.25791624,0.8024077,-0.0011715184,0.009319164,-0.005831101,-0.075677395,0.07165527,0.9283447
4890624,7217.040572427419,3.0,22.761719,500.0,55.473797,0.0,0.9277344,1.0,0.25892723,0.8027144,0.0060396045,0.00909673,0.00149124,-0.08086988,0.072265625,0.9277344
4898816,7202.209302491321,3.0,22.726074,500.0,55.459026,0.0,0.9283447,1.0,0.25791624,0.80322313,-3.133877e-05,0.0067265327,-0.0033946056,-0.08583541,0.07165527,0.9283447
4907008,7220.278455226893,3.0,22.80249,500.0,56.187683,0.0,0.9281006,1.0,0.2583213,0.80356663,0.0014328575,0.0070235366,-0.0020789108,-0.09471699,0.071899414,0.9281006
4915200,7215.929594168073,3.0,22.978516,500.0,57.42522,0.0,0.9267578,1.0,0.26053363,0.80335426,0.0015516079,0.0098551195,-0.0033759517,-0.103181,0.07324219,0.9267578
4923392,7212.843991462078,3.0,23.100464,500.0,58.129715,0.0,0.9263916,1.0,0.26113254,0.8036328,0.0012519956,0.004959498,-0.001227753,-0.09903192,0.0736084,0.9263916
4931584,7217.363472006772,3.0,23.091797,500.0,58.426292,0.0,0.9255371,1.0,0.2625227,0.80370176,-0.0005668685,0.0068474547,-0.003990596,-0.09535425,0.07446289,0.9255371
4939776,7220.025082843905,3.0,23.099121,500.0,58.767246,0.0,0.9246826,1.0,0.26390275,0.8035995,0.0012373404,0.0073918793,-0.0024585994,-0.09228955,0.07531738,0.9246826
4947968,7204.172406635437,3.0,23.03418,500.0,58.42443,0.0,0.9250488,1.0,0.26331255,0.803841,0.0008948763,0.008563196,-0.0033867215,-0.092296064,0.07495117,0.9250488
4956160,7217.052699588944,3.0,23.090942,500.0,58.306755,0.0,0.923584,1.0,0.26566258,0.8020673,0.0037186765,0.0104098255,-0.001486236,-0.10020827,0.076416016,0.923584
4964352,7218.2261952179515,3.0,23.114868,500.0,58.255585,0.0,0.92211914,1.0,0.267984,0.80062294,0.0007623548,0.01101471,-0.004745,-0.10380481,0.07788086,0.92211914
4972544,7219.390971238198,3.0,22.986572,500.0,57.692482,0.0,0.92126465,1.0,0.26932526,0.7999718,0.0028354218,0.009498978,-0.0019140672,-0.103744835,0.07873535,0.92126465
4980736,7207.425964005807,3.0,22.987427,500.0,57.96195,0.0,0.9211426,1.0,0.2695161,0.800264,0.0021933974,0.01004179,-0.0028274977,-0.105011046,0.07885742,0.9211426
4988928,7211.159158168411,3.0,22.603394,500.0,56.366493,0.0,0.92077637,1.0,0.27008745,0.8000287,0.0026662624,0.008206723,-0.0014370992,-0.10515095,0.07922363,0.92077637
4997120,7226.217313105379,3.0,22.64563,500.0,56.327816,0.0,0.92041016,1.0,0.27065715,0.7993996,0.0004647429,0.009233086,-0.0041518006,-0.109789684,0.079589844,0.92041016
5005312,7212.289862373516,3.0,22.552246,500.0,56.105892,0.0,0.92089844,1.0,0.26989722,0.80032516,0.00363714,0.0074671796,-9.6451025e-05,-0.11317137,0.07910156,0.92089844
5013504,7221.6518305009085,3.0,22.388672,500.0,55.374546,0.0,0.92077637,1.0,0.27008745,0.80016834,0.003951542,0.010302974,-0.0011999444,-0.1078434,0.07922363,0.92077637
5021696,7226.711265657906,3.0,21.931274,500.0,53.77803,0.0,0.9222412,1.0,0.26779163,0.802057,0.0033636598,0.0075375224,-0.00040510163,-0.1092655,0.07775879,0.9222412
5029888,7204.430709979408,3.0,21.860718,500.0,53.745796,0.0,0.92126465,1.0,0.26932526,0.8015801,-0.00015110552,0.007018596,-0.0036604037,-0.12065649,0.07873535,0.92126465
5038080,7220.610748957039,3.0,21.593994,500.0,53.24584,0.0,0.9217529,1.0,0.26855996,0.80310214,0.0031476743,0.009766502,-0.0017355767,-0.12598243,0.07824707,0.9217529
5046272,7223.17301691278,3.0,21.48877,500.0,53.160744,0.0,0.92126465,1.0,0.26932526,0.8036369,0.002499823,0.0072483695,-0.0011243621,-0.12743387,0.07873535,0.92126465
5054464,7217.405921048624,3.0,21.463745,500.0,53.13454,0.0,0.9205322,1.0,0.27046746,0.8033334,0.0048420476,0.009643609,2.0243286e-05,-0.12751925,0.07946777,0.9205322
5062656,7228.86416721946,3.0,21.424438,500.0,52.6742,0.0,0.92163086,1.0,0.2687516,0.80371153,0.0030281341,0.009772951,-0.0018583417,-0.12859699,0.07836914,0.92163086
5070848,7227.699373377252,3.0,21.434082,500.0,52.768795,0.0,0.9210205,1.0,0.26970673,0.80337155,0.00027596095,0.006356176,-0.0029021273,-0.13636173,0.07897949,0.9210205
5079040,7210.581076949195,3.0,21.14087,500.0,51.41375,0.0,0.9230957,1.0,0.26643953,0.80505264,0.0007514073,0.007640469,-0.0030688273,-0.1500412,0.0769043,0.9230957
5087232,7212.294404069142,3.0,20.913818,500.0,50.750908,0.0,0.92370605,1.0,0.26546782,0.8060399,0.005374223,0.008964312,0.0008920664,-0.15869984,0.076293945,0.92370605
5095424,7212.451853053781,3.0,20.898071,500.0,50.542465,0.0,0.9238281,1.0,0.26527292,0.8058021,0.0039139786,0.0062848264,0.0007715647,-0.16431165,0.076171875,0.9238281
5103616,7213.634454058498,3.0,20.697998,500.0,49.820866,0.0,0.923584,1.0,0.26566255,0.8057157,0.0026023465,0.009554553,-0.00217493,-0.171651,0.076416016,0.923584
5111808,7222.075330014152,3.0,20.41504,500.0,48.844566,0.0,0.9238281,1.0,0.26527292,0.8065938,4.8577785e-06,0.008245659,-0.0041179713,-0.17596899,0.076171875,0.9238281
5120000,7201.795677045212,3.0,20.423218,500.0,49.550667,0.0,0.92285156,1.0,0.26682684,0.80678713,0.0037284314,0.010335812,-0.0014394743,-0.17339465,0.07714844,0.92285156
5128192,7214.855317111684,3.0,20.225464,500.0,49.071186,0.0,0.92407227,1.0,0.26488245,0.80863744,0.002786034,0.010522354,-0.0024751434,-0.175859,0.075927734,0.92407227
5136384,7216.299377053883,3.0,20.151123,500.0,49.12172,0.0,0.9243164,1.0,0.2644912,0.8092905,0.0039029624,0.009600397,-0.0008972365,-0.18075354,0.075683594,0.9243164
5144576,7204.376328788769,3.0,20.45996,500.0,50.78747,0.0,0.92419434,1.0,0.2646869,0.8092997,0.002979797,0.0057157986,0.00012189784,-0.17826483,0.075805664,0.92419434
5152768,7221.821831506636,3.0,20.546997,500.0,51.27294,0.0,0.92541504,1.0,0.26272047,0.81039745,-0.00022515334,0.0072949547,-0.0038726311,-0.16941753,0.07458496,0.92541504
5160960,7202.053809980454,3.0,20.601074,500.0,51.70412,0.0,0.92626953,1.0,0.26133177,0.81120986,0.0026340662,0.0060604694,-0.00039616798,-0.16555792,0.07373047,0.92626953
5169152,7212.017371103098,3.0,20.645142,500.0,52.42547,0.0,0.9255371,1.0,0.2625227,0.8113844,0.001538972,0.008193871,-0.0025579636,-0.15985727,0.07446289,0.9255371
5177344,7212.291376271422,3.0,20.826904,500.0,53.339317,0.0,0.9263916,1.0,0.26113254,0.8122284,0.0034614676,0.007493538,-0.0002853016,-0.15208447,0.0736084,0.9263916
5185536,7226.659587458916,3.0,20.674316,500.0,52.74852,0.0,0.9263916,1.0,0.26113254,0.8124875,0.0019674688,0.010919745,-0.0034924038,-0.15206152,0.0736084,0.9263916
5193728,7207.79789986329,3.0,20.90747,500.0,53.827282,0.0,0.9256592,1.0,0.2623247,0.8119761,0.00012500095,0.0054278467,-0.0025889224,-0.14958969,0.07434082,0.9256592
5201920,7220.478738197023,3.0,20.906128,500.0,53.83916,0.0,0.9256592,1.0,0.2623247,0.81195736,0.0030019255,0.008533912,-0.0012650307,-0.14645392,0.07434082,0.9256592
5210112,7220.862644948993,3.0,20.932495,500.0,54.030636,0.0,0.92614746,1.0,0.26153076,0.8125198,0.0021341406,0.00730959,-0.0015206536,-0.14422698,0.07385254,0.92614746
5218304,7200.681841862937,3.0,21.036865,500.0,54.25601,0.0,0.9239502,1.0,0.26507777,0.81018376,0.004844811,0.012565326,-0.0014378534,-0.15028167,0.076049805,0.9239502
5226496,7217.274027446015,3.0,20.932861,500.0,53.69128,0.0,0.92456055,1.0,0.2640991,0.81032133,-0.0006551824,0.009683698,-0.0054970314,-0.15674052,0.07543945,0.92456055
5234688,7220.462047525124,3.0,20.942993,500.0,53.91084,0.0,0.92285156,1.0,0.26682684,0.8092333,0.003460316,0.011585037,-0.0023322029,-0.16466862,0.07714844,0.92285156
5242880,7221.190439541825,3.0,20.918945,500.0,53.834515,0.0,0.9215088,1.0,0.268943,0.80816984,0.0019785399,0.0071840407,-0.0016134814,-0.17423943,0.07849121,0.9215088
5251072,7200.351379822894,3.0,21.239136,500.0,55.37585,0.0,0.9202881,1.0,0.2708467,0.80738187,0.0013677357,0.006558863,-0.0019116956,-0.17935947,0.079711914,0.9202881
5259264,7215.362869367548,3.0,21.460327,500.0,56.140415,0.0,0.91967773,1.0,0.27179146,0.80658144,0.0031251821,0.0082676755,-0.0010086561,-0.18477902,0.080322266,0.91967773
5267456,7210.664302826703,3.0,21.2583,500.0,55.617954,0.0,0.9194336,1.0,0.27216807,0.80696464,0.0028294318,0.008612312,-0.0014767249,-0.19117,0.080566406,0.9194336
5275648,7219.286308023407,3.0,21.45288,500.0,56.364326,0.0,0.9210205,1.0,0.26970673,0.8082299,0.005224531,0.0060332348,0.0022079134,-0.18885797,0.07897949,0.9210205
5283840,7220.2192828393245,3.0,21.669067,500.0,57.04598,0.0,0.91955566,1.0,0.27197987,0.806638,0.0010905229,0.010968665,-0.00439381,-0.18342078,0.080444336,0.91955566
5292032,7219.211983815059,3.0,21.729492,500.0,57.083897,0.0,0.9187012,1.0,0.27329347,0.8054317,0.0063220514,0.010642823,0.0010006393,-0.18234782,0.08129883,0.9187012
5300224,7206.286204575775,3.0,21.965454,500.0,57.926247,0.0,0.9189453,1.0,0.2729191,0.8053473,0.0016118265,0.006722794,-0.0017495705,-0.18525857,0.08105469,0.9189453
5308416,7214.312996906388,3.0,22.097412,500.0,58.416687,0.0,0.9177246,1.0,0.27478382,0.80388844,0.0045688893,0.011885069,-0.0013736455,-0.19109362,0.08227539,0.9177246
5316608,7217.722788599776,3.0,22.06836,500.0,58.42766,0.0,0.916626,1.0,0.27644673,0.8034607,0.0016752386,0.009815706,-0.0032326141,-0.19367814,0.08337402,0.916626
5324800,7220.343697701493,3.0,21.921753,500.0,57.589867,0.0,0.91625977,1.0,0.27699783,0.8028252,0.0033753717,0.009486815,-0.0013680364,-0.19495714,0.083740234,0.91625977
5332992,7207.362466598047,3.0,21.753174,500.0,56.86775,0.0,0.9161377,1.0,0.27718118,0.80259925,0.0045064106,0.007842397,0.0005852103,-0.19490416,0.083862305,0.9161377
5341184,7211.584455097261,3.0,21.456543,500.0,55.625008,0.0,0.91516113,1.0,0.27864173,0.80170023,0.0032148324,0.011645392,-0.002607863,-0.19476229,0.08483887,0.91516113
5349376,7216.802585130459,3.0,21.295044,500.0,54.523613,0.0,0.914917,1.0,0.27900514,0.8009056,0.00089110655,0.009879069,-0.0040484285,-0.19934915,0.08508301,0.914917
5357568,7220.62592291692,3.0,21.350586,500.0,54.634747,0.0,0.91503906,1.0,0.27882355,0.800543,0.002218842,0.008794986,-0.0021786513,-0.20965123,0.08496094,0.91503906
5365760,7211.466396115685,3.0,21.536499,500.0,55.26565,0.0,0.91381836,1.0,0.28063205,0.7991369,0.0016578007,0.010293772,-0.0034890855,-0.21524462,0.08618164,0.91381836
5373952,7218.31263052567,3.0,21.104736,500.0,53.47255,0.0,0.91381836,1.0,0.28063205,0.79946375,0.0027187732,0.009907226,-0.0022348394,-0.21444184,0.08618164,0.91381836
5382144,7220.284524244559,3.0,21.001709,500.0,52.593807,0.0,0.91174316,1.0,0.28366807,0.7969376,0.0034002052,0.009582244,-0.0013909163,-0.2114138,0.088256836,0.91174316
5390336,7218.488540352099,3.0,21.214478,500.0,53.70363,0.0,0.91381836,1.0,0.28063205,0.7988737,0.0021071003,0.006048039,-0.00091691955,-0.20726031,0.08618164,0.91381836
5398528,7213.999457896146,3.0,21.47754,500.0,54.851013,0.0,0.9152832,1.0,0.2784598,0.8000283,0.00065830175,0.0071014506,-0.0028924234,-0.20193677,0.0847168,0.9152832
5406720,7212.276237320959,3.0,21.380127,500.0,54.4109,0.0,0.91625977,1.0,0.27699783,0.80078137,0.005067071,0.00848734,0.0008234008,-0.19937497,0.083740234,0.91625977
5414912,7220.779183486734,3.0,21.172607,500.0,53.53645,0.0,0.9177246,1.0,0.2747838,0.8019487,0.0027537262,0.011316825,-0.0029046864,-0.20170766,0.08227539,0.9177246
5423104,7223.7561564278885,3.0,20.798828,500.0,51.70541,0.0,0.9178467,1.0,0.27459815,0.8019355,0.0025565964,0.008620428,-0.0017536174,-0.20309553,0.08215332,0.9178467
5431296,7210.568971527059,3.0,20.891724,500.0,51.794643,0.0,0.9172363,1.0,0.27552465,0.80091727,0.00428226,0.008910597,-0.00017303857,-0.19979362,0.08276367,0.9172363
5439488,7230.558806502586,3.0,20.82666,500.0,51.231194,0.0,0.91796875,1.0,0.27441233,0.80103135,0.004935629,0.00801216,0.0009295498,-0.1957061,0.08203125,0.91796875
5447680,7218.238326364333,3.0,20.516357,500.0,49.79107,0.0,0.9173584,1.0,0.27533972,0.8004818,0.0020768947,0.009896343,-0.0028712759,-0.19136955,0.0826416,0.9173584
5455872,7215.803816004842,3.0,20.72998,500.0,50.91593,0.0,0.9180908,1.0,0.27422628,0.80132556,0.0018020498,0.007286231,-0.0018410655,-0.18672958,0.08190918,0.9180908
5464064,7213.116545201561,3.0,20.760132,500.0,50.717438,0.0,0.91711426,1.0,0.27570942,0.7999769,0.004795946,0.0087034255,0.00044423388,-0.18312946,0.08288574,0.91711426
5472256,7222.180074114089,3.0,20.522583,500.0,49.55682,0.0,0.9190674,1.0,0.27273157,0.8018782,0.002203096,0.010187768,-0.002890788,-0.18297407,0.08093262,0.9190674
5480448,7223.309681789343,3.0,20.656006,500.0,50.008553,0.0,0.91882324,1.0,0.27310634,0.80128056,0.0028536567,0.009296286,-0.0017944851,-0.18764748,0.08117676,0.91882324
5488640,7217.55298051918,3.0,20.33545,500.0,48.858128,0.0,0.92077637,1.0,0.27008748,0.803388,0.0031100118,0.010459646,-0.0021198115,-0.19128387,0.07922363,0.92077637
5496832,7206.4630401689965,3.0,20.435913,500.0,49.035698,0.0,0.9215088,1.0,0.268943,0.8035655,0.00023532106,0.006598204,-0.0030637807,-0.19028322,0.07849121,0.9215088
5505024,7217.681851992283,3.0,20.225342,500.0,47.9905,0.0,0.9232178,1.0,0.2662456,0.80521286,0.0011431617,0.010180044,-0.00394686,-0.18745595,0.07678223,0.9232178
5513216,7212.152100324402,3.0,20.126587,500.0,47.897556,0.0,0.9234619,1.0,0.26585713,0.806059,0.00232742,0.009869145,-0.0026071528,-0.19397844,0.076538086,0.9234619
5521408,7217.54994830464,3.0,20.035156,500.0,48.00406,0.0,0.9232178,1.0,0.2662456,0.80665296,0.0019994613,0.009120678,-0.0025608768,-0.19735005,0.07678223,0.9232178
5529600,7206.171341660482,3.0,20.030518,500.0,47.650757,0.0,0.923584,1.0,0.26566258,0.80659664,0.0045085694,0.009458391,-0.0002206259,-0.1981637,0.076416016,0.923584
5537792,7213.130173429237,3.0,20.194702,500.0,48.491825,0.0,0.92370605,1.0,0.26546782,0.8067711,0.003793746,0.0077757817,-9.41453e-05,-0.19818312,0.076293945,0.92370605
5545984,7216.0841709284105,3.0,20.361938,500.0,49.342228,0.0,0.92333984,1.0,0.26605144,0.80648565,0.0015489717,0.011277324,-0.00408969,-0.19680572,0.076660156,0.92333984
5554176,7207.054066531516,3.0,20.263794,500.0,48.71162,0.0,0.92211914,1.0,0.26798397,0.80512154,0.00045932492,0.009203296,-0.0041423235,-0.19273576,0.07788086,0.92211914
5562368,7218.285334941704,3.0,19.949707,500.0,47.296913,0.0,0.9217529,1.0,0.26855996,0.8050666,0.005465727,0.010059818,0.0004358178,-0.1920551,0.07824707,0.9217529
5570560,7219.415241402611,3.0,20.282959,500.0,48.52225,0.0,0.92077637,1.0,0.27008745,0.80373585,0.0030679114,0.0089700585,-0.0014171185,-0.19091146,0.07922363,0.92077637
5578752,7205.131696592865,3.0,20.178345,500.0,48.156776,0.0,0.92126465,1.0,0.26932526,0.8045067,0.003781027,0.0110577755,-0.0017478601,-0.19088072,0.07873535,0.92126465
5586944,7218.56133313305,3.0,20.32727,500.0,48.83968,0.0,0.92163086,1.0,0.26875156,0.80486906,0.003956927,0.0076508466,0.00013150286,-0.1937731,0.07836914,0.92163086
5595136,7225.718869448183,3.0,20.060059,500.0,47.98449,0.0,0.92211914,1.0,0.267984,0.8058578,0.0016388916,0.008728428,-0.0027253223,-0.19505313,0.07788086,0.92211914
5603328,7208.086705803771,3.0,20.23999,500.0,48.516064,0.0,0.92089844,1.0,0.26989722,0.8043793,0.0036301294,0.01095131,-0.0018455248,-0.19583544,0.07910156,0.92089844
5611520,7231.555576695693,3.0,20.26062,500.0,48.570026,0.0,0.92126465,1.0,0.26932526,0.8048239,0.003936783,0.009182941,-0.00065468793,-0.19513653,0.07873535,0.92126465
5619712,7210.381342681439,3.0,19.998413,500.0,47.364403,0.0,0.92211914,1.0,0.267984,0.8053941,0.004536862,0.0074972976,0.0007882123,-0.19974247,0.07788086,0.92211914
5627904,7228.342548628645,3.0,20.199585,500.0,48.461628,0.0,0.9227295,1.0,0.26702017,0.8060272,0.0018971241,0.008331809,-0.0022687803,-0.20567676,0.07727051,0.9227295
5636096,7227.620314816167,3.0,20.11267,500.0,48.070377,0.0,0.9234619,1.0,0.26585713,0.8063804,0.0041584685,0.008621927,-0.00015249482,-0.20322645,0.076538086,0.9234619
5644288,7213.0347769169375,3.0,20.00354,500.0,47.397465,0.0,0.9243164,1.0,0.2644912,0.8068813,0.0017404121,0.009752154,-0.003135665,-0.1989325,0.075683594,0.9243164
5652480,7223.665034672174,3.0,20.08899,500.0,47.9098,0.0,0.92297363,1.0,0.26663324,0.8061446,-0.00045940332,0.010136837,-0.0055278214,-0.19952282,0.07702637,0.92297363
5660672,7224.504960577157,3.0,20.055786,500.0,48.026714,0.0,0.9219971,1.0,0.26817617,0.80583304,0.0017760624,0.008921253,-0.0026845639,-0.19152926,0.07800293,0.9219971
5668864,7219.623061366213,3.0,20.017944,500.0,47.495876,0.0,0.92163086,1.0,0.2687516,0.8048065,0.0032391204,0.009412032,-0.0014668955,-0.19014105,0.07836914,0.92163086
5677056,7224.778396318278,3.0,20.281616,500.0,48.485905,0.0,0.9222412,1.0,0.26779163,0.80479634,0.0010394793,0.007639399,-0.002780221,-0.1907251,0.07775879,0.9222412
5685248,7217.983580852955,3.0,20.207397,500.0,47.630707,0.0,0.92456055,1.0,0.2640991,0.8060935,0.0010257771,0.008009683,-0.0029790648,-0.18982461,0.07543945,0.92456055
5693440,7210.348054712605,3.0,19.932495,500.0,46.767105,0.0,0.9248047,1.0,0.26370624,0.8070597,0.00308965,0.008286906,-0.0010538033,-0.19000573,0.07519531,0.9248047
5701632,7220.89906510081,3.0,19.744629,500.0,45.94948,0.0,0.9256592,1.0,0.2623247,0.80792356,0.0035713192,0.008642821,-0.0007500902,-0.18845922,0.07434082,0.9256592
5709824,7202.032675594377,3.0,19.72107,500.0,45.652054,0.0,0.9255371,1.0,0.2625227,0.8077757,0.0037618612,0.010782838,-0.0016295576,-0.18494812,0.07446289,0.9255371
5718016,7220.707863402333,3.0,19.679932,500.0,45.321075,0.0,0.92785645,1.0,0.25872543,0.8095772,0.0033344268,0.0059026894,0.00038308225,-0.18758085,0.072143555,0.92785645
5726208,7211.37104360625,3.0,19.648682,500.0,45.121567,0.0,0.92907715,1.0,0.25669593,0.81043416,0.0022175405,0.007912746,-0.0017388314,-0.1888984,0.07092285,0.92907715
5734400,7217.451402719,3.0,19.578003,500.0,44.758625,0.0,0.92749023,1.0,0.2593301,0.8091174,0.0015200542,0.009731032,-0.0033454613,-0.1859821,0.072509766,0.92749023
5742592,7220.185903971636,3.0,19.553955,500.0,44.507294,0.0,0.92858887,1.0,0.25751033,0.8097179,0.002901054,0.007695144,-0.0009465179,-0.18232033,0.07141113,0.92858887
5750784,7207.7011323686775,3.0,19.65503,500.0,44.578,0.0,0.9301758,1.0,0.25485054,0.8106885,0.0013780565,0.008110769,-0.002677328,-0.18148217,0.06982422,0.9301758
5758976,7214.0448966437425,3.0,19.58606,500.0,43.98631,0.0,0.9312744,1.0,0.2529869,0.8114234,0.0038163015,0.0064719245,0.0005803382,-0.18641038,0.068725586,0.9312744
5767168,7227.317779757803,3.0,19.541992,500.0,43.871403,0.0,0.93237305,1.0,0.25110465,0.8122742,0.0003369738,0.010428429,-0.0048772404,-0.18862236,0.06762695,0.93237305
5775360,7221.135805042981,3.0,19.587646,500.0,43.95653,0.0,0.93188477,1.0,0.25194356,0.81151664,0.0035824096,0.009456533,-0.0011458565,-0.19321397,0.068115234,0.93188477
5783552,7229.541014912409,3.0,19.342407,500.0,42.30743,0.0,0.9328613,1.0,0.250262,0.8121711,0.0020721322,0.007856401,-0.0018560679,-0.20125371,0.06713867,0.9328613
5791744,7215.834123594991,3.0,19.236206,500.0,41.380924,0.0,0.9334717,1.0,0.24920332,0.81259,0.0026394501,0.008660695,-0.0016908972,-0.20804448,0.06652832,0.9334717
5799936,7228.900668131393,3.0,19.30127,500.0,41.696205,0.0,0.9333496,1.0,0.24941555,0.81251705,0.0015483404,0.007691478,-0.0022973982,-0.21415405,0.06665039,0.9333496
5808128,7219.654918038643,3.0,19.564575,500.0,42.975365,0.0,0.93481445,1.0,0.24685298,0.813606,0.00472058,0.007120093,0.0011605334,-0.21682277,0.06518555,0.93481445
5816320,7225.030583181742,3.0,19.427856,500.0,41.763157,0.0,0.9362793,1.0,0.24425472,0.81417286,0.00013816013,0.0100938,-0.00490874,-0.216027,0.0637207,0.9362793
5824512,7200.986678492359,3.0,19.492798,500.0,42.082516,0.0,0.93603516,1.0,0.2446903,0.81408197,0.00097594084,0.0091054095,-0.0035767644,-0.21312746,0.063964844,0.93603516
5832704,7220.86112745064,3.0,19.279907,500.0,41.40621,0.0,0.935791,1.0,0.24512485,0.81474066,0.0040022302,0.008827052,-0.00041129498,-0.21780004,0.064208984,0.935791
5840896,7213.716235939864,3.0,19.322021,500.0,41.54646,0.0,0.9345703,1.0,0.24728252,0.8135853,0.001177063,0.009893276,-0.0037695747,-0.21330082,0.06542969,0.9345703
5849088,7220.95673109255,3.0,19.463501,500.0,42.050583,0.0,0.93310547,1.0,0.24983926,0.8116192,0.0069121933,0.010240156,0.0017921148,-0.20458221,0.06689453,0.93310547
5857280,7222.937661747422,3.0,19.374268,500.0,41.32885,0.0,0.9338379,1.0,0.24856524,0.8120807,0.005007898,0.008300596,0.0008576014,-0.20419307,0.06616211,0.9338379
5865472,7225.136932317237,3.0,19.320679,500.0,40.7921,0.0,0.93322754,1.0,0.24962752,0.8114157,0.0035548175,0.009941323,-0.001415845,-0.21300745,0.06677246,0.93322754
5873664,7219.700428058373,3.0,19.35498,500.0,41.00414,0.0,0.93200684,1.0,0.25173417,0.8103496,0.0027912897,0.0100580435,-0.0022377325,-0.22082388,0.067993164,0.93200684
5881856,7224.2102807854935,3.0,19.238892,500.0,40.03594,0.0,0.9317627,1.0,0.25215265,0.8096756,0.0028062966,0.009275706,-0.0018315568,-0.22610557,0.068237305,0.9317627
5890048,7213.271001464079,3.0,19.105713,500.0,39.583275,0.0,0.9324951,1.0,0.2508943,0.8107451,0.005463104,0.009480294,0.00072295783,-0.22556338,0.06750488,0.9324951
5898240,7226.241629189191,3.0,18.930542,500.0,38.60572,0.0,0.9326172,1.0,0.2506838,0.8108917,0.0002063855,0.00806818,-0.003827704,-0.2308979,0.06738281,0.9326172
5906432,7207.74497981774,3.0,19.033447,500.0,39.425575,0.0,0.932251,1.0,0.25131473,0.81071687,0.0008593528,0.007136115,-0.0027087044,-0.23798954,0.06774902,0.932251
5914624,7221.075101013858,3.0,19.048096,500.0,39.91597,0.0,0.9301758,1.0,0.25485054,0.80919415,0.0034965072,0.010932309,-0.0019696471,-0.24198708,0.06982422,0.9301758
5922816,7207.639142057859,3.0,18.884033,500.0,39.118153,0.0,0.9310303,1.0,0.25340265,0.8102857,0.0019507763,0.008911863,-0.0025051555,-0.24260753,0.06896973,0.9310303
5931008,7221.37863136599,3.0,18.868164,500.0,39.350304,0.0,0.92993164,1.0,0.2552622,0.80970585,0.0032623769,0.009807312,-0.0016412799,-0.23900759,0.07006836,0.92993164
5939200,7212.818251340081,3.0,18.942993,500.0,40.123325,0.0,0.9284668,1.0,0.2577134,0.80864847,0.0024010623,0.008184245,-0.0016910604,-0.23702832,0.0715332,0.9284668
5947392,7218.493089857898,3.0,18.928345,500.0,40.167274,0.0,0.92907715,1.0,0.25669593,0.8090501,0.0014829792,0.0072555747,-0.0021448084,-0.23375334,0.07092285,0.92907715
5955584,7212.276237320959,3.0,18.977783,500.0,40.33044,0.0,0.92944336,1.0,0.2560828,0.8090437,0.004739221,0.008818671,0.00032988493,-0.2438522,0.07055664,0.92944336
5963776,7214.264525326755,3.0,18.832397,500.0,39.222248,0.0,0.92907715,1.0,0.25669593,0.8083077,0.0020486107,0.0067509105,-0.0013268458,-0.25276098,0.07092285,0.92907715
5971968,7203.757045363678,3.0,18.90625,500.0,39.46667,0.0,0.92858887,1.0,0.25751033,0.80755424,0.0041134446,0.009827372,-0.00080024084,-0.26199174,0.07141113,0.92858887
5980160,7227.7905969430585,3.0,18.70044,500.0,38.740368,0.0,0.9293213,1.0,0.2562874,0.8086271,-0.00077028584,0.008167913,-0.004854243,-0.2674228,0.07067871,0.9293213
5988352,7206.5915159147125,3.0,18.914185,500.0,39.688915,0.0,0.92871094,1.0,0.25730708,0.8078514,0.0053475536,0.007508699,0.0015932036,-0.27174693,0.07128906,0.92871094
5996544,7218.0957879695525,3.0,19.105103,500.0,40.9541,0.0,0.9281006,1.0,0.2583213,0.8073641,0.0020896522,0.0071295956,-0.0014751458,-0.26873028,0.071899414,0.9281006
6004736,7220.584953371604,3.0,19.401978,500.0,42.49754,0.0,0.92822266,1.0,0.25811887,0.8075757,0.0026445768,0.006378548,-0.0005446971,-0.26597428,0.071777344,0.92822266
6012928,7214.765934706711,3.0,19.717163,500.0,43.28713,0.0,0.9284668,1.0,0.2577134,0.8070235,0.0015404546,0.007667662,-0.0022933753,-0.269215,0.0715332,0.9284668
6021120,7223.2413487046315,3.0,19.6875,500.0,43.39385,0.0,0.92858887,1.0,0.25751033,0.8072289,0.0043164906,0.009081874,-0.00022444653,-0.27534112,0.07141113,0.92858887
6029312,7215.202263020484,3.0,19.89624,500.0,44.33708,0.0,0.9298096,1.0,0.25546765,0.8082143,-0.00026492143,0.006790099,-0.0036599708,-0.27678365,0.07019043,0.9298096
6037504,7222.257495619003,3.0,19.841187,500.0,44.170124,0.0,0.9310303,1.0,0.25340265,0.80966866,0.003150058,0.008330962,-0.0010154231,-0.27589256,0.06896973,0.9310303
6045696,7210.068145315456,3.0,19.76831,500.0,43.98821,0.0,0.9312744,1.0,0.2529869,0.81020755,0.0036905713,0.010354524,-0.001486691,-0.29179,0.068725586,0.9312744
6053888,7219.045139125254,3.0,19.79895,500.0,44.10694,0.0,0.9329834,1.0,0.25005075,0.8116444,0.0020544992,0.005718719,-0.00080486096,-0.30213955,0.0670166,0.9329834
6062080,7221.905317073693,3.0,19.963135,500.0,44.736378,0.0,0.93237305,1.0,0.25110465,0.8106505,0.0019490658,0.006800524,-0.0014511957,-0.29952252,0.06762695,0.93237305
6070272,7217.907767208518,3.0,20.01648,500.0,44.605026,0.0,0.93200684,1.0,0.25173417,0.8101401,0.0010376208,0.0061673815,-0.0020460698,-0.30123413,0.067993164,0.93200684
6078464,7212.968152277917,3.0,20.337646,500.0,45.546436,0.0,0.9324951,1.0,0.25089434,0.8098624,0.0013471451,0.006891486,-0.0020985976,-0.3008988,0.06750488,0.9324951
6086656,7220.243558573306,3.0,20.475342,500.0,45.828915,0.0,0.9329834,1.0,0.25005075,0.8096516,0.00317956,0.007692251,-0.0006665659,-0.29939446,0.0670166,0.9329834
6094848,7215.635613506949,3.0,20.66272,500.0,46.733566,0.0,0.9333496,1.0,0.24941555,0.8098914,0.0041190386,0.0068039037,0.00071708614,-0.3035605,0.06665039,0.9333496
6103040,7217.945673831659,3.0,20.993286,500.0,48.229424,0.0,0.93322754,1.0,0.24962752,0.8097185,0.0021681595,0.007592495,-0.0016280885,-0.30597916,0.06677246,0.93322754
6111232,7224.196610656991,3.0,20.980957,500.0,47.987473,0.0,0.9343262,1.0,0.24771106,0.8107152,-0.00027421594,0.006438703,-0.003493567,-0.3023558,0.06567383,0.9343262
6119424,7210.711212804273,3.0,21.389648,500.0,49.953045,0.0,0.93395996,1.0,0.24835208,0.8103901,0.0019309889,0.0060631004,-0.0011005617,-0.30318865,0.06604004,0.93395996
6127616,7217.381664392138,3.0,21.046143,500.0,48.839287,0.0,0.9338379,1.0,0.24856524,0.81114924,0.001372692,0.009372919,-0.0033137677,-0.30268073,0.06616211,0.9338379
6135808,7219.821790916067,3.0,20.987183,500.0,48.917965,0.0,0.9333496,1.0,0.24941555,0.8112353,0.00018700521,0.007056335,-0.0033411623,-0.3022812,0.06665039,0.9333496
6144000,7210.950311850792,3.0,21.188354,500.0,50.003788,0.0,0.93200684,1.0,0.25173417,0.8101846,0.0019644478,0.009137999,-0.0026045511,-0.30073518,0.067993164,0.93200684
6152192,7219.943157854038,3.0,21.432617,500.0,50.866425,0.0,0.9309082,1.0,0.25361016,0.80912924,0.0035933892,0.010827405,-0.0018203144,-0.30457598,0.0690918,0.9309082
6160384,7207.418404731929,3.0,21.565308,500.0,51.38059,0.0,0.9304199,1.0,0.25443798,0.80858445,0.0025352759,0.008094628,-0.001512038,-0.31284136,0.06958008,0.9304199
6168576,7216.990548316922,3.0,21.345825,500.0,50.576954,0.0,0.9309082,1.0,0.25361016,0.8090936,0.0012770555,0.009910926,-0.0036784078,-0.32141107,0.0690918,0.9309082
6176768,7220.853539968443,3.0,21.095581,500.0,49.767456,0.0,0.9301758,1.0,0.25485054,0.8092041,0.0017519153,0.010024173,-0.0032601715,-0.32245004,0.06982422,0.9301758
6184960,7219.29085853486,3.0,20.95996,500.0,49.54988,0.0,0.928833,1.0,0.25710356,0.8084401,0.0041782553,0.01180057,-0.0017220306,-0.32820237,0.07116699,0.928833
6193152,7204.0832887268025,3.0,20.79004,500.0,48.693573,0.0,0.93029785,1.0,0.25464436,0.80972016,0.0025352777,0.008266683,-0.0015980634,-0.3380042,0.06970215,0.93029785
6201344,7217.643948140119,3.0,20.8125,500.0,49.133663,0.0,0.9301758,1.0,0.25485054,0.80971444,0.0033239261,0.0067734327,-6.279064e-05,-0.34632587,0.06982422,0.9301758
6209536,7217.957804035155,3.0,20.994263,500.0,49.841957,0.0,0.9298096,1.0,0.25546765,0.80912524,0.0044408874,0.007463796,0.0007089879,-0.3480648,0.07019043,0.9298096
6217728,7213.545101900498,3.0,21.187012,500.0,50.61759,0.0,0.9298096,1.0,0.25546765,0.8091425,0.00031384185,0.006403136,-0.0028877258,-0.35257477,0.07019043,0.9298096
6225920,7216.738922399933,3.0,21.15564,500.0,50.4882,0.0,0.92871094,1.0,0.25730708,0.8084704,0.0031489334,0.009112716,-0.0014074232,-0.3559305,0.07128906,0.92871094
6234112,7207.45922499925,3.0,21.153442,500.0,50.539494,0.0,0.9291992,1.0,0.25649178,0.80905616,0.0024787327,0.006809578,-0.0009260564,-0.35105133,0.07080078,0.9291992
6242304,7214.8022933838965,3.0,21.190796,500.0,51.046635,0.0,0.9295654,1.0,0.25587797,0.80951536,0.0016342704,0.007884603,-0.0023080315,-0.35243046,0.07043457,0.9295654
6250496,7221.363454242352,3.0,20.689941,500.0,49.818794,0.0,0.9301758,1.0,0.25485054,0.8114449,0.0012773748,0.008307756,-0.002876503,-0.35676393,0.06982422,0.9301758
6258688,7208.63413973024,3.0,20.719727,500.0,50.224094,0.0,0.92858887,1.0,0.25751036,0.8107791,0.0033736192,0.009864479,-0.0015586204,-0.3579382,0.07141113,0.92858887
6266880,7223.41598026874,3.0,20.199219,500.0,48.162415,0.0,0.92907715,1.0,0.25669593,0.8117426,0.0018890996,0.011070704,-0.0036462527,-0.36570996,0.07092285,0.92907715
6275072,7220.158594218534,3.0,20.334717,500.0,49.02488,0.0,0.9281006,1.0,0.2583213,0.8111677,0.0034115855,0.0070064696,-9.1649505e-05,-0.36835188,0.071899414,0.9281006
6283264,7218.120049426432,3.0,20.120361,500.0,48.350525,0.0,0.9272461,1.0,0.25973213,0.8110496,0.0022677123,0.008486709,-0.0019756425,-0.3636186,0.072753906,0.9272461
6291456,7224.3819212460685,3.0,20.299927,500.0,48.861855,0.0,0.9277344,1.0,0.25892723,0.81091344,0.00118076,0.006377229,-0.0020078544,-0.3629782,0.072265625,0.9277344
6299648,7214.761389897829,3.0,20.404663,500.0,49.34531,0.0,0.9281006,1.0,0.2583213,0.81120247,0.0016015457,0.0073525943,-0.002074751,-0.3656626,0.071899414,0.9281006
6307840,7216.440328867199,3.0,20.46875,500.0,49.88427,0.0,0.927124,1.0,0.25993282,0.8109561,0.0029967502,0.010463852,-0.0022351758,-0.37054408,0.07287598,0.927124
6316032,7226.065341289076,3.0,20.069336,500.0,48.716564,0.0,0.9296875,1.0,0.25567293,0.8140824,0.0048516295,0.008533837,0.00058471074,-0.37803945,0.0703125,0.9296875
6324224,7206.612677065158,3.0,20.094727,500.0,49.01707,0.0,0.9301758,1.0,0.25485054,0.81481487,0.0014040729,0.0067471596,-0.0019695074,-0.37411743,0.06982422,0.9301758
6332416,7215.28711076579,3.0,20.195068,500.0,49.668884,0.0,0.93029785,1.0,0.25464436,0.81524926,0.0053842147,0.008993684,0.00088737276,-0.37769884,0.06970215,0.93029785
6340608,7221.718615655779,3.0,20.064697,500.0,48.76557,0.0,0.9310303,1.0,0.25340265,0.81522155,0.0046722884,0.008663924,0.00034032622,-0.37974548,0.06896973,0.9310303
6348800,7214.288761035154,3.0,20.429077,500.0,50.50943,0.0,0.9309082,1.0,0.25361016,0.8151499,-0.0015958601,0.0070015816,-0.0050966507,-0.3846746,0.0690918,0.9309082
6356992,7224.459389965873,3.0,20.73291,500.0,52.003643,0.0,0.9298096,1.0,0.25546765,0.8143811,0.0020346022,0.009612349,-0.0027715727,-0.3909731,0.07019043,0.9298096
6365184,7217.019349992816,3.0,20.828857,500.0,52.583374,0.0,0.92858887,1.0,0.25751033,0.81366575,0.00015774195,0.008504714,-0.0040946146,-0.3891505,0.07141113,0.92858887
6373376,7219.956811889905,3.0,20.566528,500.0,51.913635,0.0,0.92736816,1.0,0.25953123,0.81341213,0.002985715,0.01006192,-0.002045244,-0.38926616,0.072631836,0.92736816
6381568,7224.983486707695,3.0,20.477661,500.0,51.79604,0.0,0.9268799,1.0,0.26033354,0.81350166,0.0053986446,0.009076261,0.0008605147,-0.38612363,0.07312012,0.9268799
6389760,7210.9170186282745,3.0,20.27893,500.0,51.36427,0.0,0.9263916,1.0,0.26113254,0.8136085,0.0026347733,0.00790799,-0.0013192218,-0.38537425,0.0736084,0.9263916
6397952,7223.226163750271,3.0,20.694214,500.0,53.651268,0.0,0.9255371,1.0,0.2625227,0.813042,0.007372878,0.008405961,0.0031698977,-0.39302906,0.07446289,0.9255371
6406144,7208.057975380392,3.0,20.363281,500.0,52.5731,0.0,0.9246826,1.0,0.26390275,0.8133093,0.0039224713,0.01042941,-0.0012922332,-0.39497992,0.07531738,0.9246826
6414336,7215.576517193615,3.0,20.652466,500.0,53.76718,0.0,0.923584,1.0,0.26566258,0.81235427,0.0038973824,0.008261672,-0.00023345358,-0.3908626,0.076416016,0.923584
6422528,7205.873621939578,3.0,20.69519,500.0,53.784565,0.0,0.92285156,1.0,0.26682684,0.81150615,0.005032644,0.012029518,-0.000982115,-0.387329,0.07714844,0.92285156
6430720,7222.227134046691,3.0,20.55188,500.0,53.60753,0.0,0.92248535,1.0,0.26740628,0.8119056,0.003109815,0.0089525,-0.0013664352,-0.38056242,0.07751465,0.92248535
6438912,7223.224645258346,3.0,21.031616,500.0,55.50459,0.0,0.9215088,1.0,0.268943,0.8107594,0.0032517556,0.008366026,-0.0009312569,-0.37854582,0.07849121,0.9215088
6447104,7213.1316876799365,3.0,21.204712,500.0,56.382988,0.0,0.9197998,1.0,0.27160284,0.8093321,0.0046572476,0.009043489,0.0001355022,-0.37450343,0.080200195,0.9197998
6455296,7224.641675860493,3.0,21.486694,500.0,57.46402,0.0,0.9194336,1.0,0.27216807,0.8087195,0.0033304095,0.0073306393,-0.00033491006,-0.3731765,0.080566406,0.9194336
6463488,7209.119641035142,3.0,21.548096,500.0,57.878384,0.0,0.9177246,1.0,0.27478382,0.8074808,0.00086368155,0.00953784,-0.0039052386,-0.38502353,0.08227539,0.9177246
6471680,7225.436245974564,3.0,21.487427,500.0,57.864033,0.0,0.91625977,1.0,0.27699783,0.80657625,0.0004660904,0.008672654,-0.003870237,-0.39313614,0.083740234,0.91625977
6479872,7222.693212298347,3.0,21.406006,500.0,57.638416,0.0,0.9160156,1.0,0.27736437,0.8066685,0.0046842285,0.009885397,-0.00025846926,-0.3941434,0.083984375,0.9160156
6488064,7208.86100135954,3.0,21.439209,500.0,57.61018,0.0,0.91503906,1.0,0.27882355,0.8055247,0.0040979804,0.009564023,-0.00068403204,-0.39528057,0.08496094,0.91503906
6496256,7228.920439612598,3.0,21.526367,500.0,57.84122,0.0,0.91467285,1.0,0.2793679,0.8048415,0.004118636,0.00927499,-0.0005188591,-0.39905876,0.08532715,0.91467285
6504448,7216.672229315497,3.0,21.507446,500.0,57.810215,0.0,0.91345215,1.0,0.28117135,0.8036902,0.0019635628,0.0110564595,-0.0035646674,-0.4015827,0.08654785,0.91345215
6512640,7225.980239863992,3.0,21.398438,500.0,57.70907,0.0,0.9135742,1.0,0.28099176,0.8041935,0.0050776917,0.009000944,0.0005772192,-0.3986226,0.08642578,0.9135742
6520832,7218.1534091959475,3.0,21.299438,500.0,57.700016,0.0,0.91345215,1.0,0.28117135,0.8048323,0.0046058535,0.008229929,0.0004908884,-0.39931428,0.08654785,0.91345215
6529024,7211.803933989243,3.0,20.954956,500.0,56.31743,0.0,0.9140625,1.0,0.28027174,0.8054558,0.0034701542,0.011366586,-0.0022131382,-0.40148255,0.0859375,0.9140625
6537216,7225.802445141,3.0,21.054565,500.0,56.63882,0.0,0.913208,1.0,0.28152996,0.80494326,0.004301098,0.009472966,-0.00043538527,-0.4063064,0.08679199,0.913208
6545408,7227.4029126907935,3.0,21.101929,500.0,56.404938,0.0,0.9144287,1.0,0.27972996,0.8052497,0.0010643555,0.008547684,-0.0032094864,-0.4087912,0.08557129,0.9144287
6553600,7221.226863000346,3.0,21.338745,500.0,57.256245,0.0,0.91345215,1.0,0.28117135,0.80411947,0.00026793702,0.006976832,-0.003220479,-0.40762305,0.08654785,0.91345215
6561792,7201.090811769891,3.0,21.406494,500.0,57.471413,0.0,0.9136963,1.0,0.280812,0.8041775,0.0017299494,0.009184627,-0.0028623645,-0.40856057,0.08630371,0.9136963
6569984,7220.8216727173385,3.0,20.905884,500.0,55.309654,0.0,0.9144287,1.0,0.27972996,0.80511945,0.004755314,0.010613405,-0.0005513889,-0.41374266,0.08557129,0.9144287
6578176,7218.5977300740715,3.0,20.930298,500.0,55.360336,0.0,0.91430664,1.0,0.2799107,0.804602,0.0043255757,0.010342643,-0.0008457453,-0.41601655,0.08569336,0.91430664
6586368,7209.951648890307,3.0,20.693481,500.0,54.307087,0.0,0.914917,1.0,0.27900514,0.8050152,0.003651032,0.009819485,-0.0012587099,-0.40899935,0.08508301,0.914917
6594560,7228.290847096502,3.0,20.90271,500.0,55.20135,0.0,0.9141846,1.0,0.2800913,0.80420953,0.0017526355,0.008548424,-0.0025215768,-0.40508696,0.08581543,0.9141846
6602752,7220.061494547299,3.0,21.079346,500.0,55.774426,0.0,0.91381836,1.0,0.28063205,0.80340374,0.0036666137,0.010500383,-0.0015835778,-0.40398535,0.08618164,0.91381836
6610944,7225.55020439252,3.0,20.582886,500.0,53.586037,0.0,0.9157715,1.0,0.2777302,0.8051842,0.0032637315,0.01004594,-0.001759239,-0.40551803,0.084228516,0.9157715
6619136,7215.958387376429,3.0,20.15747,500.0,51.86413,0.0,0.91638184,1.0,0.2768143,0.8063262,0.007391874,0.009722139,0.0025308048,-0.4097465,0.083618164,0.91638184
6627328,7218.749387945815,3.0,20.226196,500.0,52.133633,0.0,0.91674805,1.0,0.27626267,0.8066888,0.004259592,0.0071377335,0.00069072633,-0.40892538,0.08325195,0.91674805
6635520,7206.166807673158,3.0,20.441406,500.0,53.003025,0.0,0.91711426,1.0,0.27570942,0.8068365,0.0004651756,0.009421,-0.004245324,-0.40381834,0.08288574,0.91711426
6643712,7219.011771112724,3.0,20.269897,500.0,52.2164,0.0,0.9180908,1.0,0.27422628,0.8075414,0.0045862542,0.0077662556,0.0007031264,-0.4044419,0.08190918,0.9180908
6651904,7218.359640070857,3.0,20.690186,500.0,54.070187,0.0,0.9178467,1.0,0.27459815,0.8071663,0.0033305634,0.00942255,-0.0013807117,-0.40854087,0.08215332,0.9178467
6660096,7203.8476655561,3.0,20.414307,500.0,53.086765,0.0,0.91796875,1.0,0.27441233,0.8077904,0.004947668,0.011006303,-0.000555484,-0.4080568,0.08203125,0.91796875
6668288,7215.658343115987,3.0,20.409668,500.0,53.350536,0.0,0.9182129,1.0,0.2740401,0.8084333,0.0028375573,0.009455708,-0.0018902968,-0.4051019,0.08178711,0.9182129
6676480,7217.290703382427,3.0,20.471558,500.0,53.441456,0.0,0.9187012,1.0,0.27329347,0.8088313,0.0048159296,0.007810191,0.0009108335,-0.40345806,0.08129883,0.9187012
6684672,7222.354654365869,3.0,20.332153,500.0,52.76311,0.0,0.9197998,1.0,0.27160284,0.80980027,0.004677153,0.008678589,0.0003378584,-0.40195844,0.080200195,0.9197998
6692864,7211.154617902436,3.0,20.256836,500.0,52.398056,0.0,0.92077637,1.0,0.27008745,0.81045264,0.0021853594,0.00857836,-0.0021038207,-0.39783457,0.07922363,0.92077637
6701056,7211.4315845898345,3.0,20.574951,500.0,53.922478,0.0,0.9197998,1.0,0.27160284,0.80981517,-0.000984394,0.0075743645,-0.0047715763,-0.4012169,0.080200195,0.9197998
6709248,7221.204098295711,3.0,20.562744,500.0,53.72481,0.0,0.9202881,1.0,0.2708467,0.8095405,0.003566774,0.011022779,-0.001944616,-0.41680184,0.079711914,0.9202881
6717440,7203.248104311207,3.0,20.412476,500.0,53.34474,0.0,0.92077637,1.0,0.27008745,0.81041837,0.0062400145,0.007548969,0.0024655303,-0.42251837,0.07922363,0.92077637
6725632,7214.988637356287,3.0,20.523071,500.0,53.529648,0.0,0.920166,1.0,0.271036,0.8095345,0.0013390661,0.008929547,-0.0031257072,-0.42429554,0.079833984,0.920166
6733824,7224.348503879858,3.0,20.441162,500.0,53.282413,0.0,0.92041016,1.0,0.27065715,0.8100665,0.0008874512,0.00927814,-0.0037516183,-0.43144214,0.079589844,0.92041016
6742016,7222.136050861377,3.0,20.66333,500.0,53.969482,0.0,0.91882324,1.0,0.27310634,0.8081417,0.0014177624,0.009647115,-0.0034057961,-0.43618417,0.08117676,0.91882324
6750208,7219.905230247598,3.0,20.732544,500.0,54.224503,0.0,0.9199219,1.0,0.2714141,0.8089771,-0.0021738587,0.007042661,-0.0056951893,-0.44441503,0.080078125,0.9199219
6758400,7213.89495094892,3.0,20.861816,500.0,54.747757,0.0,0.9206543,1.0,0.27027756,0.80969894,-0.0027267523,0.0062405416,-0.0058470233,-0.45281574,0.0793457,0.9206543
6766592,7222.368317524298,3.0,20.69751,500.0,53.99456,0.0,0.9219971,1.0,0.26817617,0.8109312,0.0027599896,0.010313936,-0.002396977,-0.45651186,0.07800293,0.9219971
6774784,7220.982529334414,3.0,20.677002,500.0,53.78657,0.0,0.9219971,1.0,0.26817617,0.8108015,0.00015799294,0.009589651,-0.004636833,-0.46067306,0.07800293,0.9219971
6782976,7220.826225164561,3.0,20.737915,500.0,53.91752,0.0,0.9211426,1.0,0.2695161,0.8097836,0.0059804684,0.009282349,0.001339294,-0.4665169,0.07885742,0.9211426
6791168,7225.568438072979,3.0,21.189453,500.0,55.67204,0.0,0.9199219,1.0,0.2714141,0.80821574,0.0027451084,0.0101937,-0.0023517422,-0.47107595,0.080078125,0.9199219
6799360,7221.3862199517325,3.0,21.199463,500.0,55.661396,0.0,0.92089844,1.0,0.26989722,0.8089142,0.0025379632,0.004765322,0.00015530249,-0.4800326,0.07910156,0.92089844
6807552,7226.357132822129,3.0,21.009888,500.0,54.818592,0.0,0.9226074,1.0,0.2672133,0.8102728,0.0029836423,0.008813495,-0.0014231051,-0.4865196,0.07739258,0.9226074
6815744,7214.918946613813,3.0,20.97754,500.0,54.557755,0.0,0.92407227,1.0,0.26488242,0.8114331,0.0030730634,0.006321423,-8.764828e-05,-0.48692548,0.075927734,0.92407227
6823936,7215.620460513813,3.0,20.823608,500.0,53.747135,0.0,0.9243164,1.0,0.2644912,0.81169665,0.006022021,0.0092773335,0.0013833551,-0.48721215,0.075683594,0.9243164
6832128,7222.066221975132,3.0,20.946777,500.0,53.878983,0.0,0.9251709,1.0,0.26311538,0.8115736,0.005382663,0.008604485,0.0010804211,-0.48899695,0.0748291,0.9251709
6840320,7221.327029405905,3.0,21.030396,500.0,54.05573,0.0,0.92614746,1.0,0.26153076,0.81219614,0.004502329,0.0072189015,0.000892878,-0.4886179,0.07385254,0.92614746
6848512,7203.9382880284775,3.0,20.974731,500.0,53.897953,0.0,0.9267578,1.0,0.26053363,0.8127046,0.00087885954,0.008189196,-0.0032157379,-0.48712292,0.07324219,0.9267578
6856704,7222.866299018011,3.0,20.82373,500.0,53.254772,0.0,0.9259033,1.0,0.26192814,0.81189936,0.0018812456,0.010340424,-0.0032889661,-0.49093664,0.07409668,0.9259033
6864896,7206.089730761576,3.0,20.843018,500.0,53.25648,0.0,0.9260254,1.0,0.26172954,0.81189275,0.0015978884,0.0071403594,-0.0019722916,-0.4900424,0.07397461,0.9260254
6873088,7214.43569350341,3.0,20.529541,500.0,51.64761,0.0,0.9281006,1.0,0.2583213,0.81326747,0.0044808183,0.007904733,0.00052845257,-0.49078473,0.071899414,0.9281006
6881280,7207.182563351743,3.0,20.453613,500.0,51.641903,0.0,0.92858887,1.0,0.25751033,0.8143697,0.0035224631,0.008336499,-0.0006457875,-0.49385202,0.07141113,0.92858887
6889472,7214.875011837651,3.0,20.60083,500.0,52.21404,0.0,0.9300537,1.0,0.25505647,0.8153614,0.0022882076,0.006751401,-0.0010874933,-0.49471286,0.06994629,0.9300537
6897664,7207.3156001814,3.0,20.461548,500.0,51.984116,0.0,0.93029785,1.0,0.25464436,0.81599724,0.0009966108,0.008295857,-0.0031513185,-0.49400386,0.06970215,0.93029785
6905856,7210.638578259423,3.0,20.47168,500.0,51.741528,0.0,0.932251,1.0,0.25131473,0.8173303,0.0011283276,0.0065779267,-0.002160636,-0.50252616,0.06774902,0.932251
6914048,7219.525976098481,3.0,20.512085,500.0,51.692104,0.0,0.93188477,1.0,0.25194356,0.8165698,0.0011366246,0.009445522,-0.0035861367,-0.5098288,0.068115234,0.93188477
6922240,7204.051569325267,3.0,20.737183,500.0,52.82035,0.0,0.9309082,1.0,0.25361016,0.8158798,0.0020291386,0.0068292655,-0.0013854934,-0.5068102,0.0690918,0.9309082
6930432,7216.156915224842,3.0,20.680908,500.0,52.446358,0.0,0.9312744,1.0,0.2529869,0.8159512,0.0015418747,0.008536776,-0.0027265127,-0.507323,0.068725586,0.9312744
6938624,7208.44056243048,3.0,20.64746,500.0,52.403374,0.0,0.9313965,1.0,0.2527787,0.8159938,0.0064165723,0.009492234,0.0016704551,-0.50957644,0.068603516,0.9313965
6946816,7222.561125382808,3.0,20.732544,500.0,52.973553,0.0,0.9317627,1.0,0.25215268,0.81667763,0.001886962,0.008359753,-0.0022929143,-0.50513935,0.068237305,0.9317627
6955008,7214.782599054932,3.0,20.152222,500.0,50.701523,0.0,0.9354248,1.0,0.24577475,0.820292,0.0025711695,0.008304981,-0.0015813208,-0.50398266,0.064575195,0.9354248
6963200,7211.746414091305,3.0,19.813477,500.0,49.11092,0.0,0.93481445,1.0,0.24685298,0.81974787,0.0017348398,0.009640453,-0.0030853865,-0.5008956,0.06518555,0.93481445
6971392,7220.52425860349,3.0,20.052734,500.0,49.90074,0.0,0.93359375,1.0,0.24899088,0.8185337,0.004866251,0.007500068,0.0011162169,-0.50517964,0.06640625,0.93359375
6979584,7209.927442313322,3.0,19.98706,500.0,49.980183,0.0,0.9328613,1.0,0.250262,0.81849605,0.004014455,0.007931328,4.8789254e-05,-0.50034535,0.06713867,0.9328613
6987776,7220.982529334414,3.0,20.043701,500.0,50.004738,0.0,0.93322754,1.0,0.24962752,0.8184033,0.0011970003,0.006140872,-0.0018734357,-0.50042146,0.06677246,0.93322754
6995968,7224.790549498288,3.0,20.247925,500.0,51.318375,0.0,0.9338379,1.0,0.24856524,0.81928444,0.003686765,0.0063789403,0.000497294,-0.50913674,0.06616211,0.9338379
7004160,7219.257488250758,3.0,20.02417,500.0,50.31823,0.0,0.9328613,1.0,0.250262,0.81832266,0.004283689,0.011067194,-0.0012499074,-0.51273346,0.06713867,0.9328613
7012352,7209.320818058521,3.0,20.01123,500.0,50.15939,0.0,0.93322754,1.0,0.24962752,0.8185319,-0.00042367342,0.0069520813,-0.0038997142,-0.51247543,0.06677246,0.93322754
7020544,7222.916404616732,3.0,20.067505,500.0,50.149864,0.0,0.9334717,1.0,0.24920332,0.8182411,0.0021329573,0.008482543,-0.0021083138,-0.5106952,0.06652832,0.9334717
7028736,7203.7525144139045,3.0,20.101562,500.0,49.982716,0.0,0.9328613,1.0,0.250262,0.8172177,0.002590319,0.01033133,-0.0025753458,-0.51810277,0.06713867,0.9328613
7036928,7228.379044273107,3.0,20.077026,500.0,50.127777,0.0,0.9328613,1.0,0.250262,0.8176043,0.002003812,0.007700975,-0.0018466751,-0.5302278,0.06713867,0.9328613
7045120,7216.387281839664,3.0,20.447266,500.0,51.62644,0.0,0.932251,1.0,0.25131473,0.8169718,0.0020883763,0.0076606562,-0.0017419516,-0.53295815,0.06774902,0.932251
7053312,7221.36041882528,3.0,20.427124,500.0,51.053104,0.0,0.9329834,1.0,0.25005075,0.8169023,0.0030470486,0.0073300195,-0.0006179607,-0.53300405,0.0670166,0.9329834
7061504,7220.8322951031205,3.0,20.306274,500.0,50.59547,0.0,0.9337158,1.0,0.24877816,0.81762385,0.0048584887,0.006310344,0.0017033165,-0.5315349,0.06628418,0.9337158
7069696,7219.489569796249,3.0,20.110718,500.0,49.711723,0.0,0.93359375,1.0,0.24899088,0.8175998,0.0014985448,0.009018776,-0.003010843,-0.5366178,0.06640625,0.93359375
7077888,7224.665981341464,3.0,20.026245,500.0,49.407112,0.0,0.93481445,1.0,0.24685298,0.8187233,-0.00011609617,0.0067713913,-0.003501792,-0.54291624,0.06518555,0.93481445
7086080,7219.519908355944,3.0,20.143066,500.0,49.685425,0.0,0.9346924,1.0,0.24706785,0.81818306,0.0017030467,0.007945941,-0.0022699242,-0.5456104,0.06530762,0.9346924
7094272,7215.658343115987,3.0,20.10437,500.0,49.549454,0.0,0.9354248,1.0,0.24577475,0.81884253,0.0006950736,0.007167916,-0.0028888844,-0.541943,0.064575195,0.9354248
7102464,7202.696958472447,3.0,20.097046,500.0,49.563023,0.0,0.93640137,1.0,0.24403656,0.8199189,0.0034180083,0.007379005,-0.00027149392,-0.5364275,0.06359863,0.93640137
7110656,7228.293888342625,3.0,20.055176,500.0,48.787422,0.0,0.93640137,1.0,0.24403656,0.8191036,0.0022310496,0.008273188,-0.0019055441,-0.5336101,0.06359863,0.93640137
7118848,7224.702439869559,3.0,20.324097,500.0,49.588734,0.0,0.9362793,1.0,0.24425474,0.8182121,-0.00018260034,0.007030918,-0.0036980594,-0.54276586,0.0637207,0.9362793
7127040,7210.880699099787,3.0,20.358765,500.0,49.7819,0.0,0.9383545,1.0,0.24051057,0.8199333,0.004170522,0.0052581783,0.0015414332,-0.54706985,0.061645508,0.9383545
7135232,7218.179187410862,3.0,20.3479,500.0,50.114998,0.0,0.9390869,1.0,0.23917082,0.8209345,0.0039847777,0.008259205,-0.00014482462,-0.54564154,0.060913086,0.9390869
7143424,7209.286027244007,3.0,20.201172,500.0,49.211277,0.0,0.9395752,1.0,0.2382722,0.8209478,0.00083845726,0.008390736,-0.003356911,-0.54284656,0.060424805,0.9395752
7151616,7217.522658488426,3.0,20.067017,500.0,48.7773,0.0,0.93933105,1.0,0.23872206,0.8211272,0.0038324823,0.008995437,-0.00066523656,-0.5507896,0.060668945,0.93933105
7159808,7219.970465977416,3.0,19.932251,500.0,47.53443,0.0,0.93896484,1.0,0.23939478,0.8201395,0.0016869407,0.008244663,-0.0024353908,-0.5577619,0.061035156,0.93896484
7168000,7218.303531974744,3.0,20.04663,500.0,47.91693,0.0,0.93859863,1.0,0.24006505,0.8197086,0.0014871326,0.00976046,-0.0033930978,-0.56420255,0.061401367,0.93859863
7176192,7208.7853792298965,3.0,19.903564,500.0,47.3717,0.0,0.9394531,1.0,0.23849727,0.82059604,0.0027809292,0.0075060683,-0.00097210566,-0.55752003,0.060546875,0.9394531
7184384,7214.462959980632,3.0,19.922241,500.0,47.708786,0.0,0.9395752,1.0,0.2382722,0.8209977,0.0038704234,0.007452499,0.00014417444,-0.55396456,0.060424805,0.9395752
7192576,7220.545501656262,3.0,19.89563,500.0,48.150978,0.0,0.93969727,1.0,0.23804687,0.82206285,0.0019763974,0.008405119,-0.0022261622,-0.5501752,0.060302734,0.93969727
7200768,7208.985025086871,3.0,19.651611,500.0,46.944855,0.0,0.93969727,1.0,0.23804685,0.82192165,0.0033582137,0.007510817,-0.00039719528,-0.54512775,0.060302734,0.93969727
7208960,7215.688649484125,3.0,19.777832,500.0,47.80984,0.0,0.93933105,1.0,0.23872204,0.8219607,0.000895287,0.007795437,-0.0030024317,-0.54764783,0.060668945,0.93933105
7217152,7205.63788164377,3.0,19.779175,500.0,48.094963,0.0,0.939209,1.0,0.23894656,0.8222079,0.00037719228,0.006638822,-0.0029422184,-0.5512715,0.060791016,0.939209
7225344,7228.675585046458,3.0,19.997314,500.0,49.13151,0.0,0.9378662,1.0,0.2413984,0.8209976,0.0040583205,0.0063154316,0.0009006051,-0.56095296,0.06213379,0.9378662
7233536,7220.293627790189,3.0,20.259277,500.0,50.3258,0.0,0.93774414,1.0,0.24161966,0.8208302,0.0005879092,0.0069655,-0.0028948404,-0.5637364,0.06225586,0.93774414
7241728,7219.90826444145,3.0,20.602295,500.0,51.875496,0.0,0.9362793,1.0,0.24425472,0.81944287,0.0018248945,0.006458679,-0.0014044459,-0.5594604,0.0637207,0.9362793
7249920,7213.954019720951,3.0,20.670532,500.0,52.20518,0.0,0.9371338,1.0,0.24272217,0.82026315,0.0019882335,0.006011788,-0.001017661,-0.5566376,0.06286621,0.9371338
7258112,7215.75077833469,3.0,20.535156,500.0,51.331722,0.0,0.9371338,1.0,0.24272217,0.8199822,0.0019429644,0.0066938982,-0.0014039852,-0.5696517,0.06286621,0.9371338
7266304,7219.161929598348,3.0,20.671509,500.0,52.138126,0.0,0.9376221,1.0,0.24184069,0.8207035,0.002887071,0.0064004506,-0.00031315384,-0.57813025,0.06237793,0.9376221
7274496,7219.5411454994455,3.0,20.688232,500.0,52.346397,0.0,0.9394531,1.0,0.23849727,0.8222295,0.00505903,0.005219274,0.0024493923,-0.5818306,0.060546875,0.9394531
7282688,7222.813157475974,3.0,20.81018,500.0,53.190052,0.0,0.93774414,1.0,0.24161966,0.82134545,0.002747931,0.008834538,-0.0016693374,-0.587811,0.06225586,0.93774414
7290880,7212.41854596451,3.0,20.919678,500.0,53.720318,0.0,0.93774414,1.0,0.24161968,0.8214309,-0.00053513644,0.005531522,-0.003300897,-0.59082764,0.06225586,0.93774414
7299072,7226.816144274934,3.0,21.128174,500.0,54.559277,0.0,0.9367676,1.0,0.24338053,0.82059795,0.0016408808,0.0053308005,-0.0010245194,-0.5952432,0.06323242,0.9367676
7307264,7216.538846844599,3.0,21.095459,500.0,53.93712,0.0,0.93774414,1.0,0.24161966,0.82064164,0.0021387306,0.005879165,-0.0008008519,-0.6038027,0.06225586,0.93774414
7315456,7212.426115730514,3.0,21.104858,500.0,53.845215,0.0,0.9378662,1.0,0.2413984,0.8207011,0.0020276895,0.0064657587,-0.0012051907,-0.6097919,0.06213379,0.9378662
7323648,7221.7899557084,3.0,21.147705,500.0,54.130085,0.0,0.9400635,1.0,0.23736918,0.8225816,0.004341102,0.005232496,0.0017248542,-0.61203194,0.059936523,0.9400635
7331840,7218.559816601805,3.0,21.095459,500.0,54.215225,0.0,0.94055176,1.0,0.23646171,0.8234284,0.0031869991,0.0066652247,-0.00014561316,-0.6140738,0.059448242,0.94055176
7340032,7221.4469292118365,3.0,21.105469,500.0,54.39424,0.0,0.9421387,1.0,0.23348102,0.82500887,0.0033276195,0.0060675596,0.0002938383,-0.61968815,0.057861328,0.9421387
7348224,7212.7319475658105,3.0,21.155273,500.0,54.792324,0.0,0.9412842,1.0,0.23509203,0.82438624,0.003517229,0.0076335566,-0.00029954858,-0.62025917,0.05871582,0.9412842
7356416,7223.526837729886,3.0,21.117798,500.0,54.51688,0.0,0.9399414,1.0,0.23759536,0.82337266,0.0033495177,0.0077200457,-0.0005105055,-0.61204404,0.060058594,0.9399414
7364608,7209.786744802661,3.0,21.30957,500.0,55.4305,0.0,0.9416504,1.0,0.23440334,0.82483876,0.0010671334,0.0066364766,-0.0022511056,-0.6095342,0.05834961,0.9416504
7372800,7217.921413546982,3.0,21.278564,500.0,55.567574,0.0,0.9428711,1.0,0.23208876,0.82629126,0.00043970958,0.0050373496,-0.0020789653,-0.60491806,0.057128906,0.9428711
7380992,7222.392607711371,3.0,21.16211,500.0,55.074245,0.0,0.94140625,1.0,0.23486277,0.82493836,0.0017207536,0.008566206,-0.0025623492,-0.6027737,0.05859375,0.94140625
7389184,7221.325511712361,3.0,21.18457,500.0,55.057777,0.0,0.94140625,1.0,0.23486277,0.82464254,0.0030682087,0.007164882,-0.0005142328,-0.6032037,0.05859375,0.94140625
7397376,7219.346981981121,3.0,20.73523,500.0,52.997875,0.0,0.9428711,1.0,0.23208876,0.8256583,0.0010673706,0.008454499,-0.0031598783,-0.60491914,0.057128906,0.9428711
7405568,7224.662943147399,3.0,20.571167,500.0,52.210995,0.0,0.9428711,1.0,0.23208876,0.82549417,0.0039043047,0.00743815,0.0001852297,-0.60450083,0.057128906,0.9428711
7413760,7226.534954843277,3.0,20.435791,500.0,51.932964,0.0,0.9421387,1.0,0.23348103,0.82533425,0.0036599545,0.00960808,-0.0011440848,-0.6083987,0.057861328,0.9421387
7421952,7221.990322543354,3.0,20.082764,500.0,50.894386,0.0,0.9425049,1.0,0.23278621,0.8264102,-0.00035493745,0.007427203,-0.0040685385,-0.6085521,0.057495117,0.9425049
7430144,7207.601343611166,3.0,19.791626,500.0,49.547554,0.0,0.94177246,1.0,0.23417321,0.8260938,0.0030192283,0.007986886,-0.0009742155,-0.6059545,0.05822754,0.94177246
7438336,7218.56133313305,3.0,19.825317,500.0,49.59333,0.0,0.94140625,1.0,0.23486277,0.8256177,0.0021007545,0.0078069465,-0.0018027198,-0.60213387,0.05859375,0.94140625
7446528,7212.851562121157,3.0,19.495605,500.0,47.91028,0.0,0.9436035,1.0,0.23068576,0.8273497,0.0023241676,0.005828037,-0.0005898499,-0.60149634,0.056396484,0.9436035
7454720,7221.465142188915,3.0,19.148682,500.0,46.10527,0.0,0.944458,1.0,0.2290351,0.8279965,0.00087850424,0.006793889,-0.0025184401,-0.59786934,0.055541992,0.944458
7462912,7215.337111264454,3.0,18.753174,500.0,44.744915,0.0,0.94433594,1.0,0.22927183,0.8288417,-0.00017494499,0.006256094,-0.0033029914,-0.59043026,0.055664062,0.94433594
7471104,7217.30434738772,3.0,18.767578,500.0,44.703526,0.0,0.94299316,1.0,0.23185568,0.8274805,0.0057234103,0.009402412,0.0010222044,-0.59236944,0.057006836,0.94299316
7479296,7217.765241868398,3.0,18.86792,500.0,45.05128,0.0,0.9415283,1.0,0.23463319,0.82590044,0.003573988,0.0076126377,-0.00023233175,-0.5996634,0.05847168,0.9415283
7487488,7221.709508516469,3.0,18.97876,500.0,45.522865,0.0,0.94177246,1.0,0.23417321,0.8259301,0.0027124034,0.00677619,-0.0006756931,-0.60612094,0.05822754,0.94177246
7495680,7217.827406484204,3.0,18.933838,500.0,45.37258,0.0,0.9421387,1.0,0.23348102,0.82643116,-0.00041534065,0.006071752,-0.0034512165,-0.610113,0.057861328,0.9421387
7503872,7221.956927298764,3.0,18.853516,500.0,44.697857,0.0,0.94262695,1.0,0.23255403,0.8265145,0.0020654236,0.0080199195,-0.0019445361,-0.6200804,0.057373047,0.94262695
7512064,7206.9558073488015,3.0,19.08667,500.0,45.49372,0.0,0.9428711,1.0,0.23208876,0.8259553,0.004102843,0.007291573,0.00045705674,-0.6285124,0.057128906,0.9428711
7520256,7219.3818699686135,3.0,18.913696,500.0,44.35783,0.0,0.94262695,1.0,0.23255403,0.82566893,0.0053004804,0.00730856,0.0016462003,-0.6323899,0.057373047,0.94262695
7528448,7198.980060181921,3.0,18.948975,500.0,44.32782,0.0,0.94091797,1.0,0.23577817,0.8239868,-0.00022938044,0.0081056915,-0.0042822263,-0.6353869,0.05908203,0.94091797
7536640,7216.029613668557,3.0,18.82251,500.0,43.61289,0.0,0.9423828,1.0,0.23301813,0.8253213,0.005759809,0.009452193,0.0010337133,-0.634261,0.057617188,0.9423828
7544832,7226.954467105854,3.0,18.744629,500.0,43.144222,0.0,0.9423828,1.0,0.23301813,0.82561785,0.0013937297,0.005910235,-0.0015613884,-0.6369037,0.057617188,0.9423828
7553024,7217.079985851391,3.0,18.771973,500.0,43.384483,0.0,0.94311523,1.0,0.2316223,0.82645416,0.0027597542,0.0068097454,-0.00064511836,-0.63799185,0.056884766,0.94311523
7561216,7218.6174452370415,3.0,18.92981,500.0,44.117233,0.0,0.94421387,1.0,0.22950824,0.82737935,0.0024228247,0.0051861643,-0.00017025793,-0.63165784,0.055786133,0.94421387
7569408,7222.597562670069,3.0,18.881104,500.0,43.606167,0.0,0.9449463,1.0,0.22808506,0.8278847,0.0028611042,0.00860837,-0.0014430811,-0.62471014,0.05505371,0.9449463
7577600,7210.447919541197,3.0,18.942871,500.0,43.605595,0.0,0.9439697,1.0,0.22998016,0.8266424,0.00047496264,0.006902871,-0.0029764725,-0.62531614,0.056030273,0.9439697
7585792,7224.00675311012,3.0,18.99353,500.0,43.764294,0.0,0.944458,1.0,0.2290351,0.8266379,0.0034221841,0.007163475,-0.00015955343,-0.6226333,0.055541992,0.944458
7593984,7220.568262208653,3.0,18.952148,500.0,43.356834,0.0,0.94433594,1.0,0.22927183,0.82644564,0.0037540274,0.009357497,-0.0009247214,-0.6170255,0.055664062,0.94433594
7602176,7227.272173654415,3.0,19.205566,500.0,44.84384,0.0,0.94311523,1.0,0.2316223,0.8257312,0.0021845736,0.005010484,-0.00032066857,-0.6195045,0.056884766,0.94311523
7610368,7212.0537020828215,3.0,19.519287,500.0,46.57226,0.0,0.94177246,1.0,0.2341732,0.82490283,0.0028402614,0.007327268,-0.0008233719,-0.6199522,0.05822754,0.94177246
7618560,7225.10806581375,3.0,19.737549,500.0,47.820843,0.0,0.94091797,1.0,0.23577817,0.82442486,0.00071072875,0.0061432924,-0.0023609167,-0.62276405,0.05908203,0.94091797
7626752,7214.650801313177,3.0,19.747437,500.0,48.200443,0.0,0.9411621,1.0,0.23532104,0.82513076,0.0031706323,0.0075916327,-0.0006251835,-0.62845355,0.05883789,0.9411621
7634944,7227.3512245994325,3.0,19.73462,500.0,48.28169,0.0,0.9416504,1.0,0.23440334,0.825971,0.00405778,0.0080891065,1.32261775e-05,-0.63253474,0.05834961,0.9416504
7643136,7212.009802195062,3.0,19.628296,500.0,47.9284,0.0,0.9428711,1.0,0.23208876,0.8274648,0.0012000469,0.0050304276,-0.0013151669,-0.6399904,0.057128906,0.9428711
7651328,7219.736836487265,3.0,19.730835,500.0,48.33895,0.0,0.94311523,1.0,0.2316223,0.8276229,-0.00088666356,0.0051125092,-0.0034429177,-0.63894266,0.056884766,0.94311523
7659520,7224.021941346635,3.0,19.6792,500.0,48.1387,0.0,0.94299316,1.0,0.23185566,0.8274554,0.002638133,0.006628737,-0.00067623536,-0.6329407,0.057006836,0.94299316
7667712,7214.306937923314,3.0,19.724365,500.0,48.411446,0.0,0.942749,1.0,0.23232155,0.82740295,0.0019474608,0.0086885765,-0.002396827,-0.6291339,0.057250977,0.942749
7675904,7223.166943038294,3.0,19.620728,500.0,48.306763,0.0,0.9432373,1.0,0.2313886,0.8283602,0.004516774,0.0066636037,0.0011849713,-0.6271614,0.056762695,0.9432373
7684096,7226.366251687252,3.0,19.637085,500.0,48.324776,0.0,0.9436035,1.0,0.23068576,0.82853925,0.0055118646,0.008996999,0.0010133658,-0.6257397,0.056396484,0.9436035
7692288,7215.476510253153,3.0,19.490234,500.0,47.59821,0.0,0.94506836,1.0,0.22784679,0.8296982,-0.0008194467,0.006445068,-0.004041981,-0.6165515,0.05493164,0.94506836
7700480,7228.039953105736,3.0,19.64392,500.0,48.725075,0.0,0.94348145,1.0,0.23092033,0.8288794,0.0027024583,0.00819693,-0.0013960056,-0.60948986,0.056518555,0.94348145
7708672,7211.531479435121,3.0,19.656128,500.0,48.668682,0.0,0.94299316,1.0,0.23185566,0.8283073,0.0025239526,0.0067402176,-0.0008461564,-0.60947436,0.057006836,0.94299316
7716864,7229.451268267075,3.0,19.779785,500.0,49.352154,0.0,0.94226074,1.0,0.23324971,0.827706,0.0028101383,0.0075305416,-0.00095513253,-0.61497945,0.057739258,0.94226074
7725056,7211.487585904667,3.0,19.610596,500.0,48.612476,0.0,0.94140625,1.0,0.23486277,0.827199,0.0019296033,0.0072100307,-0.0016754114,-0.61953086,0.05859375,0.94140625
7733248,7225.928572119565,3.0,19.78125,500.0,49.343655,0.0,0.94262695,1.0,0.23255402,0.82822406,0.0016698354,0.005414065,-0.0010371971,-0.6221607,0.057373047,0.94262695
7741440,7227.275214043401,3.0,19.821411,500.0,49.599297,0.0,0.94140625,1.0,0.23486277,0.8274444,0.0014835289,0.009506292,-0.0032696163,-0.62408066,0.05859375,0.94140625
7749632,7219.366701236967,3.0,19.632812,500.0,49.006527,0.0,0.9416504,1.0,0.23440334,0.8280239,0.0014724389,0.008751559,-0.00290334,-0.62688214,0.05834961,0.9416504
7757824,7215.420446968881,3.0,19.340088,500.0,47.96465,0.0,0.94262695,1.0,0.23255403,0.8294411,-0.0008615111,0.00743867,-0.0045808456,-0.6268658,0.057373047,0.94262695
7766016,7221.544066151192,3.0,18.786377,500.0,45.324516,0.0,0.9428711,1.0,0.23208876,0.82979816,0.0015460101,0.009561698,-0.0032348381,-0.6302147,0.057128906,0.9428711
7774208,7225.111104382202,3.0,18.618042,500.0,44.303146,0.0,0.9423828,1.0,0.23301813,0.8291577,0.0034598904,0.008848819,-0.0009645194,-0.6350045,0.057617188,0.9423828
7782400,7222.233206340732,3.0,18.727905,500.0,45.02773,0.0,0.942749,1.0,0.23232155,0.8295095,0.00078246125,0.0059075113,-0.0021712948,-0.64217347,0.057250977,0.942749
7790592,7216.573707696295,3.0,18.73059,500.0,45.32071,0.0,0.94311523,1.0,0.2316223,0.83005065,0.004306484,0.0072340053,0.0006894808,-0.6407719,0.056884766,0.94311523
7798784,7230.461426899078,3.0,18.803589,500.0,45.725567,0.0,0.9400635,1.0,0.23736918,0.8273192,0.00317008,0.0098912725,-0.0017755576,-0.6319545,0.059936523,0.9400635
7806976,7226.355613013512,3.0,19.020264,500.0,46.619026,0.0,0.9390869,1.0,0.23917082,0.82636225,0.004192086,0.006772229,0.0008059717,-0.6374727,0.060913086,0.9390869
7815168,7215.864431439735,3.0,18.664429,500.0,45.264877,0.0,0.9399414,1.0,0.23759536,0.827767,0.0019129106,0.0070822523,-0.001628216,-0.641546,0.060058594,0.9399414
7823360,7216.782879879557,3.0,18.597412,500.0,45.10976,0.0,0.9394531,1.0,0.23849727,0.82757616,0.002414623,0.009409619,-0.0022901858,-0.6372485,0.060546875,0.9394531
7831552,7215.884131675348,3.0,18.283325,500.0,43.711,0.0,0.9404297,1.0,0.23668902,0.8286549,0.0039683366,0.008355406,-0.00020936673,-0.63578784,0.059570312,0.9404297
7839744,7220.164663034703,3.0,18.330688,500.0,44.18363,0.0,0.9407959,1.0,0.2360063,0.8292171,0.004794775,0.008480979,0.0005542852,-0.64328396,0.0592041,0.9407959
7847936,7219.19833259621,3.0,18.116943,500.0,42.873817,0.0,0.9411621,1.0,0.23532103,0.8293078,0.0032070538,0.008776805,-0.0011813481,-0.64918417,0.05883789,0.9411621
7856128,7219.988671507766,3.0,17.953003,500.0,42.42428,0.0,0.9415283,1.0,0.23463319,0.83004916,0.001771603,0.008288112,-0.0023724525,-0.6435708,0.05847168,0.9415283
7864320,7211.116782574989,3.0,17.75476,500.0,41.3425,0.0,0.94226074,1.0,0.23324971,0.8307606,0.0038365843,0.008417001,-0.00037191616,-0.6412621,0.057739258,0.94226074
7872512,7207.568081306014,3.0,17.601807,500.0,40.846565,0.0,0.9420166,1.0,0.23371205,0.8308846,0.0042841136,0.009074243,-0.00025300795,-0.6395234,0.0579834,0.9420166
7880704,7222.146677114617,3.0,17.262573,500.0,39.033253,0.0,0.94262695,1.0,0.23255402,0.8315643,0.005504879,0.009488273,0.0007607412,-0.6334857,0.057373047,0.94262695
7888896,7227.481966495865,3.0,17.281982,500.0,38.565285,0.0,0.9428711,1.0,0.23208876,0.83099675,0.0019722225,0.00865974,-0.002357647,-0.6307236,0.057128906,0.9428711
7897088,7209.599156663517,3.0,17.508057,500.0,39.781456,0.0,0.9428711,1.0,0.23208876,0.83059204,0.0044178287,0.006234919,0.0013003689,-0.6399442,0.057128906,0.9428711
7905280,7221.9629991384445,3.0,17.479858,500.0,39.295967,0.0,0.9439697,1.0,0.22998016,0.83098584,0.0038853555,0.0064932294,0.0006387409,-0.64880174,0.056030273,0.9439697
7913472,7215.394688454692,3.0,17.387573,500.0,38.742966,0.0,0.94506836,1.0,0.22784677,0.8320068,0.0030457187,0.008878591,-0.0013935771,-0.64626217,0.05493164,0.94506836
7921664,7223.466093494143,3.0,17.26001,500.0,36.98411,0.0,0.9458008,1.0,0.22641039,0.83167875,0.0010189136,0.008742044,-0.0033521089,-0.63401866,0.05419922,0.9458008
7929856,7209.151405081861,3.0,17.123413,500.0,36.097046,0.0,0.94641113,1.0,0.22520456,0.83243513,0.0023252,0.0068050204,-0.0010773102,-0.6283807,0.053588867,0.94641113
7938048,7226.428564548209,3.0,17.022705,500.0,35.724377,0.0,0.947876,1.0,0.22227709,0.8339226,0.005306951,0.0076416265,0.0014861375,-0.62621593,0.052124023,0.947876
7946240,7231.001612466712,3.0,16.714355,500.0,33.81743,0.0,0.94799805,1.0,0.22203095,0.8340724,0.0014751668,0.008537205,-0.0027934355,-0.62482417,0.052001953,0.94799805
7954432,7215.362869367548,3.0,16.830078,500.0,33.741253,0.0,0.94799805,1.0,0.22203095,0.8333155,0.0023774602,0.007061972,-0.0011535254,-0.62837934,0.052001953,0.94799805
7962624,7229.9091515860055,3.0,16.943604,500.0,33.95577,0.0,0.9482422,1.0,0.22153768,0.8330116,0.0039345943,0.007902749,-1.6780454e-05,-0.6218094,0.051757812,0.9482422
7970816,7226.306979475323,3.0,17.153564,500.0,35.12261,0.0,0.9473877,1.0,0.22325824,0.8322352,0.0035720253,0.009018313,-0.0009371309,-0.6139547,0.052612305,0.9473877
7979008,7229.353918493253,3.0,16.978394,500.0,33.5147,0.0,0.9468994,1.0,0.22423406,0.8316337,0.004225279,0.010224041,-0.0008867406,-0.60734046,0.053100586,0.9468994
7987200,7200.165791156721,3.0,17.164185,500.0,34.121983,0.0,0.9468994,1.0,0.22423406,0.8311175,0.0017715853,0.007606442,-0.0020316357,-0.6149565,0.053100586,0.9468994
7995392,7215.371960506667,3.0,17.01294,500.0,33.064182,0.0,0.947876,1.0,0.2222771,0.8318732,0.0019163485,0.0066598784,-0.0014135904,-0.6264018,0.052124023,0.947876
8003584,7216.302408217743,3.0,16.945679,500.0,32.351765,0.0,0.9477539,1.0,0.2225229,0.8314246,0.0030962722,0.007833488,-0.00082047173,-0.62601626,0.052246094,0.9477539
8011776,7220.587988136795,3.0,17.280884,500.0,34.14949,0.0,0.94750977,1.0,0.22301348,0.8306701,0.0014562664,0.007409663,-0.0022485652,-0.6315526,0.052490234,0.94750977
8019968,7223.883730748077,3.0,17.558716,500.0,35.848015,0.0,0.947876,1.0,0.2222771,0.8307346,0.0020370479,0.008899247,-0.0024125753,-0.6303179,0.052124023,0.947876
8028160,7225.123258681569,3.0,17.64624,500.0,36.564686,0.0,0.94714355,1.0,0.2237468,0.83026356,0.011166369,0.007993656,0.00716954,-0.6301362,0.052856445,0.94714355
8036352,7205.557793899765,3.0,17.560791,500.0,36.41246,0.0,0.9468994,1.0,0.22423406,0.83068204,0.0029597008,0.010006578,-0.0020435886,-0.6358309,0.053100586,0.9468994
8044544,7221.970588952403,3.0,17.254395,500.0,34.413242,0.0,0.9468994,1.0,0.22423406,0.8307431,0.0019103553,0.00801279,-0.00209604,-0.6422473,0.053100586,0.9468994
8052736,7208.227336969781,3.0,17.50415,500.0,35.559006,0.0,0.9449463,1.0,0.22808507,0.828505,0.0029431197,0.0091091655,-0.0016114634,-0.64729047,0.05505371,0.9449463
8060928,7221.352830293764,3.0,17.54773,500.0,35.694225,0.0,0.9458008,1.0,0.22641039,0.82882935,0.0022596354,0.008872185,-0.0021764562,-0.64855033,0.05419922,0.9458008
8069120,7206.101821148476,3.0,17.538452,500.0,35.83616,0.0,0.9453125,1.0,0.22736925,0.8285218,0.003650201,0.008197749,-0.00044867338,-0.65101916,0.0546875,0.9453125
8077312,7222.995360304293,3.0,17.575073,500.0,35.638252,0.0,0.94506836,1.0,0.22784677,0.82775044,0.0031565581,0.007908277,-0.00079758046,-0.65008426,0.05493164,0.94506836
8085504,7220.08880356586,3.0,17.536499,500.0,35.322002,0.0,0.94470215,1.0,0.22856072,0.8274428,0.0021226394,0.008233571,-0.0019941465,-0.6450886,0.05529785,0.94470215
8093696,7217.493852795194,3.0,17.489624,500.0,35.31108,0.0,0.9465332,1.0,0.22496244,0.82943827,0.003547039,0.004452733,0.0013206721,-0.64289784,0.053466797,0.9465332
8101888,7212.326196098681,3.0,17.379639,500.0,35.409554,0.0,0.9460449,1.0,0.22592902,0.8297535,0.00019897806,0.008469796,-0.00403592,-0.6465092,0.053955078,0.9460449
8110080,7218.600763169057,3.0,17.40332,500.0,35.642513,0.0,0.9448242,1.0,0.22832304,0.8286723,0.002364649,0.009579676,-0.0024251894,-0.64401865,0.05517578,0.9448242
8118272,7225.156683215681,3.0,17.638062,500.0,37.04927,0.0,0.94433594,1.0,0.22927183,0.82795286,0.0026603518,0.00873424,-0.0017067691,-0.6411115,0.055664062,0.94433594
8126464,7210.422196517818,3.0,17.644653,500.0,37.036865,0.0,0.9456787,1.0,0.22665057,0.82879436,0.0018878119,0.0067330427,-0.0014787097,-0.64008045,0.05432129,0.9456787
8134656,7212.66684257647,3.0,17.914429,500.0,38.15167,0.0,0.94470215,1.0,0.2285607,0.8271878,0.00534997,0.008687924,0.0010060077,-0.63690627,0.05529785,0.94470215
8142848,7212.8985005621735,3.0,17.833496,500.0,37.465145,0.0,0.9451904,1.0,0.22760816,0.8275175,0.0015344953,0.008221616,-0.0025763125,-0.64360684,0.05480957,0.9451904
8151040,7227.459162336153,3.0,17.752686,500.0,36.884884,0.0,0.9449463,1.0,0.22808507,0.8271019,0.001060247,0.008304428,-0.0030919667,-0.65428674,0.05505371,0.9449463
8159232,7210.001575468686,3.0,17.639893,500.0,36.039074,0.0,0.94555664,1.0,0.22689044,0.8272473,0.0024481723,0.009188589,-0.002146121,-0.6579134,0.05444336,0.94555664
8167424,7223.221608276412,3.0,17.49353,500.0,34.975098,0.0,0.94555664,1.0,0.22689044,0.827114,0.00085664826,0.009643068,-0.0039648856,-0.6586125,0.05444336,0.94555664
8175616,7218.33992631607,3.0,17.579468,500.0,35.05424,0.0,0.94555664,1.0,0.22689046,0.8265115,0.00049978786,0.006903576,-0.002952001,-0.6607017,0.05444336,0.94555664
8183808,7217.095144975237,3.0,17.519165,500.0,34.809544,0.0,0.9451904,1.0,0.22760816,0.8263461,0.0066007106,0.008366671,0.002417375,-0.66712123,0.05480957,0.9451904
8192000,7217.684884317654,3.0,17.689209,500.0,35.32484,0.0,0.9454346,1.0,0.22713,0.82607126,0.0033323257,0.007182914,-0.0002591312,-0.6763031,0.05456543,0.9454346
8200192,7227.792117355331,3.0,17.379028,500.0,33.784218,0.0,0.9466553,1.0,0.22471996,0.8278104,0.0041708536,0.009390278,-0.00052428583,-0.6802999,0.053344727,0.9466553
8208384,7218.244391952815,3.0,17.31128,500.0,33.31572,0.0,0.946167,1.0,0.22568786,0.8273269,0.0028523742,0.008716775,-0.0015060123,-0.6859525,0.053833008,0.946167
8216576,7235.185837458081,3.0,17.212769,500.0,32.963936,0.0,0.94628906,1.0,0.22544639,0.827859,0.007045813,0.008346311,0.002872658,-0.68857956,0.053710938,0.94628906
8224768,7212.203571243407,3.0,17.055176,500.0,31.884483,0.0,0.9473877,1.0,0.22325824,0.8289308,0.002086767,0.008170493,-0.0019984797,-0.6899067,0.052612305,0.9473877
8232960,7223.450907594835,3.0,16.923462,500.0,30.898222,0.0,0.94592285,1.0,0.22616987,0.82752633,0.0033123647,0.008740578,-0.0010579242,-0.6932476,0.05407715,0.94592285
8241152,7224.470023057084,3.0,16.850098,500.0,30.349112,0.0,0.9460449,1.0,0.22592902,0.8274347,0.0044965893,0.011000751,-0.0010037867,-0.6992831,0.053955078,0.9460449
8249344,7211.47093677427,3.0,16.625122,500.0,28.641676,0.0,0.94677734,1.0,0.22447719,0.8283516,0.004380258,0.010592114,-0.0009157986,-0.70085245,0.053222656,0.94677734
8257536,7219.959846127112,3.0,16.489014,500.0,27.6019,0.0,0.9468994,1.0,0.22423404,0.8285215,0.004178601,0.007002743,0.00067722943,-0.6999579,0.053100586,0.9468994
8265728,7219.750489742771,3.0,16.343872,500.0,27.698862,0.0,0.9465332,1.0,0.22496243,0.8293611,0.004700633,0.009764583,-0.00018165656,-0.70369714,0.053466797,0.9465332
8273920,7213.952505124968,3.0,16.041626,500.0,26.043053,0.0,0.9473877,1.0,0.22325824,0.8310567,0.0024689075,0.00788361,-0.0014728983,-0.71215713,0.052612305,0.9473877
8282112,7222.002466345233,3.0,15.972168,500.0,25.514582,0.0,0.9472656,1.0,0.22350271,0.83110416,0.0032803505,0.010071456,-0.0017553794,-0.7126231,0.052734375,0.9472656
8290304,7202.061358005542,3.0,15.848145,500.0,24.568918,0.0,0.94750977,1.0,0.22301348,0.8318193,0.004060573,0.009536726,-0.0007077912,-0.7049849,0.052490234,0.94750977
8298496,7218.999637366465,3.0,15.716919,500.0,23.91991,0.0,0.9481201,1.0,0.22178447,0.83279103,0.00048094976,0.007941277,-0.0034896892,-0.7028437,0.051879883,0.9481201
8306688,7223.642254592441,3.0,15.642456,500.0,23.94994,0.0,0.94836426,1.0,0.2212905,0.8337476,0.0049180817,0.007364115,0.0012360233,-0.7028528,0.051635742,0.94836426
8314880,7216.8359327232865,3.0,15.802612,500.0,25.915766,0.0,0.9468994,1.0,0.22423406,0.8329741,0.0023255628,0.0085965535,-0.0019727135,-0.7044211,0.053100586,0.9468994
8323072,7220.780700950645,3.0,15.906128,500.0,26.750895,0.0,0.94628906,1.0,0.22544639,0.83244526,0.0028267014,0.0072865426,-0.00081657,-0.70693827,0.053710938,0.94628906
8331264,7204.867299844284,3.0,16.093628,500.0,27.798199,0.0,0.94555664,1.0,0.22689044,0.83128345,0.0038149087,0.008740122,-0.0005551518,-0.7040607,0.05444336,0.94555664
8339456,7220.172249069261,3.0,16.241455,500.0,28.600512,0.0,0.9454346,1.0,0.22713,0.83096033,0.0042496338,0.009085022,-0.00029287802,-0.70618755,0.05456543,0.9454346
8347648,7214.70382281426,3.0,16.29419,500.0,28.915068,0.0,0.944458,1.0,0.2290351,0.83007455,0.0019814528,0.010264859,-0.0031509763,-0.70281386,0.055541992,0.944458
8355840,7223.5663220309725,3.0,16.442505,500.0,29.813766,0.0,0.944458,1.0,0.2290351,0.8296956,0.0011844654,0.0072821127,-0.0024565912,-0.700159,0.055541992,0.944458
8364032,7208.443586995835,3.0,16.490845,500.0,29.999254,0.0,0.9439697,1.0,0.22998017,0.82922715,-0.00024734245,0.008876739,-0.0046857116,-0.7032063,0.056030273,0.9439697
8372224,7217.45443485074,3.0,16.254028,500.0,28.436693,0.0,0.94506836,1.0,0.22784677,0.8305315,0.0018003763,0.009051703,-0.0027254752,-0.7048725,0.05493164,0.94506836
8380416,7216.593411804933,3.0,16.292603,500.0,28.690542,0.0,0.946167,1.0,0.22568786,0.83132374,0.000782955,0.0076556867,-0.0030448888,-0.71076787,0.053833008,0.946167
8388608,7230.242332381148,3.0,16.355103,500.0,29.124367,0.0,0.94592285,1.0,0.22616987,0.831069,0.00028383487,0.0096803,-0.004556315,-0.7135668,0.05407715,0.94592285
8396800,7216.5964432158125,3.0,16.255249,500.0,27.811949,0.0,0.9465332,1.0,0.22496243,0.83125186,0.0037691027,0.007077773,0.00023021549,-0.71499944,0.053466797,0.9465332
8404992,7221.114558516692,3.0,16.363281,500.0,28.473822,0.0,0.946167,1.0,0.22568786,0.8307816,0.00302031,0.009288605,-0.001623993,-0.7198761,0.053833008,0.946167
8413184,7211.714627172923,3.0,16.457031,500.0,29.381487,0.0,0.9454346,1.0,0.22713,0.83014715,0.000626446,0.008518085,-0.0036325962,-0.73123187,0.05456543,0.9454346
8421376,7221.4165744541915,3.0,16.363647,500.0,29.146557,0.0,0.94555664,1.0,0.22689044,0.8307247,0.00048083125,0.010155762,-0.00459705,-0.7368316,0.05444336,0.94555664
8429568,7218.685690863524,3.0,16.265747,500.0,28.67354,0.0,0.9453125,1.0,0.22736925,0.8306948,0.0037830889,0.011017535,-0.0017256793,-0.7408752,0.0546875,0.9453125
8437760,7217.778887667944,3.0,16.298218,500.0,28.278385,0.0,0.94555664,1.0,0.22689044,0.8302886,0.0022223005,0.008231234,-0.0018933159,-0.73875415,0.05444336,0.94555664
8445952,7224.284707948287,3.0,16.019287,500.0,26.457659,0.0,0.94641113,1.0,0.22520456,0.831396,0.0023930934,0.010328841,-0.0027713277,-0.73248684,0.053588867,0.94641113
8454144,7205.03348982103,3.0,15.756226,500.0,24.973604,0.0,0.94628906,1.0,0.22544639,0.8319361,0.0011356861,0.00998763,-0.0038581288,-0.7308713,0.053710938,0.94628906
8462336,7224.436604875817,3.0,15.679565,500.0,24.5703,0.0,0.9453125,1.0,0.22736925,0.83131033,0.004856142,0.009113981,0.000299151,-0.72676927,0.0546875,0.9453125
8470528,7227.383149509739,3.0,15.688843,500.0,24.55665,0.0,0.9477539,1.0,0.2225229,0.83310515,0.0016931819,0.008463019,-0.0025383271,-0.7266038,0.052246094,0.9477539
8478720,7208.351338894324,3.0,15.596313,500.0,23.732544,0.0,0.9484863,1.0,0.221043,0.8339928,0.0007789647,0.0072579896,-0.0028500305,-0.7248868,0.051513672,0.9484863
8486912,7229.394987609362,3.0,15.4938965,500.0,23.106985,0.0,0.94763184,1.0,0.22276834,0.83353496,0.0016673768,0.011079961,-0.0038726046,-0.71456957,0.052368164,0.94763184
8495104,7209.664206283576,3.0,15.518433,500.0,22.688332,0.0,0.9477539,1.0,0.2225229,0.8333354,0.0019983337,0.007331452,-0.0016673914,-0.7079284,0.052246094,0.9477539
8503296,7219.58058624029,3.0,15.513062,500.0,23.066399,0.0,0.94799805,1.0,0.22203095,0.8337894,0.0031704782,0.008508044,-0.0010835446,-0.7076793,0.052001953,0.94799805
8511488,7227.685690040989,3.0,15.324219,500.0,22.204727,0.0,0.9472656,1.0,0.22350271,0.83393025,0.003015337,0.010013405,-0.0019913653,-0.7073679,0.052734375,0.9472656
8519680,7215.049239096289,3.0,15.320557,500.0,22.72984,0.0,0.94714355,1.0,0.2237468,0.8340919,0.00303494,0.009014213,-0.0014721667,-0.702133,0.052856445,0.94714355
8527872,7205.843397962719,3.0,15.213501,500.0,21.951555,0.0,0.9465332,1.0,0.22496243,0.8337883,0.0013380686,0.009578774,-0.0034513185,-0.7036671,0.053466797,0.9465332
8536064,7204.136155016746,3.0,15.09082,500.0,20.742199,0.0,0.94677734,1.0,0.22447719,0.83422995,0.0054312637,0.008599638,0.0011314444,-0.70549387,0.053222656,0.94677734
8544256,7223.314237374293,3.0,15.121094,500.0,20.908188,0.0,0.9460449,1.0,0.22592902,0.83347213,0.0021936723,0.0105859805,-0.0030993174,-0.7034975,0.053955078,0.9460449
8552448,7217.296767378411,3.0,15.13147,500.0,20.796133,0.0,0.94750977,1.0,0.22301348,0.83475405,0.004648783,0.0072420524,0.0010277575,-0.70429397,0.052490234,0.94750977
8560640,7218.787303409454,3.0,15.138428,500.0,21.383244,0.0,0.9481201,1.0,0.22178447,0.83549285,5.5084354e-05,0.0062790355,-0.0030844337,-0.7006822,0.051879883,0.9481201
8568832,7201.466622121749,3.0,15.169556,500.0,21.464403,0.0,0.94921875,1.0,0.21955071,0.8363965,0.0029072454,0.0073080184,-0.0007467639,-0.6972127,0.05078125,0.94921875
8577024,7224.453313927805,3.0,15.272095,500.0,22.089546,0.0,0.9490967,1.0,0.21980028,0.8360162,0.0017624331,0.0076012523,-0.002038193,-0.7030699,0.05090332,0.9490967
8585216,7220.695723953811,3.0,15.400635,500.0,23.384401,0.0,0.9472656,1.0,0.22350271,0.8343974,0.0037999274,0.011451448,-0.001925796,-0.7113806,0.052734375,0.9472656
8593408,7224.549012714546,3.0,15.175781,500.0,22.080244,0.0,0.9472656,1.0,0.22350271,0.8352977,0.00639898,0.010451717,0.0011731221,-0.7105556,0.052734375,0.9472656
8601600,7217.9759994168435,3.0,15.29187,500.0,24.30937,0.0,0.94592285,1.0,0.22616987,0.83472455,9.667827e-05,0.0062079104,-0.0030072771,-0.71298856,0.05407715,0.94592285
8609792,7218.851002285007,3.0,15.651855,500.0,27.938257,0.0,0.946167,1.0,0.22568786,0.83513004,0.001091169,0.005068966,-0.0014433138,-0.71033835,0.053833008,0.946167
8617984,7214.396308955725,3.0,15.827637,500.0,29.351439,0.0,0.946167,1.0,0.22568786,0.8348836,0.0047708373,0.008873648,0.00033401255,-0.7076806,0.053833008,0.946167
8626176,7231.931529335746,3.0,15.982788,500.0,30.813286,0.0,0.94592285,1.0,0.22616985,0.8348441,0.0021341692,0.0079474095,-0.0018395357,-0.7065122,0.05407715,0.94592285
8634368,7211.136456895712,3.0,15.988647,500.0,30.849504,0.0,0.9460449,1.0,0.22592904,0.8350274,0.001471714,0.008915007,-0.002985789,-0.70171976,0.053955078,0.9460449
8642560,7220.903617645618,3.0,16.145752,500.0,31.75055,0.0,0.9460449,1.0,0.22592904,0.83453125,0.0035619973,0.00769426,-0.0002851332,-0.69331336,0.053955078,0.9460449
8650752,7222.776718013377,3.0,16.136963,500.0,31.761503,0.0,0.9473877,1.0,0.22325824,0.8358299,0.0011943391,0.0077925865,-0.002701954,-0.6902313,0.052612305,0.9473877
8658944,7220.716968015511,3.0,16.194336,500.0,32.35982,0.0,0.9481201,1.0,0.22178447,0.8366084,-0.00027955876,0.008753857,-0.0046564867,-0.6899589,0.051879883,0.9481201
8667136,7222.673474866019,3.0,16.203735,500.0,31.943972,0.0,0.94885254,1.0,0.22029842,0.83670175,0.0037937195,0.0057647247,0.00091135665,-0.69607514,0.05114746,0.94885254
8675328,7205.849442737807,3.0,16.346313,500.0,33.148655,0.0,0.9493408,1.0,0.21930075,0.83732706,-0.00022435875,0.008553064,-0.004500891,-0.70227253,0.05065918,0.9493408
8683520,7219.454680767823,3.0,16.553589,500.0,34.23312,0.0,0.94885254,1.0,0.22029841,0.83625466,0.0012715029,0.008352651,-0.002904823,-0.7018556,0.05114746,0.94885254
8691712,7216.87989138471,3.0,16.632202,500.0,34.98207,0.0,0.9468994,1.0,0.22423404,0.8347239,0.0030618848,0.0083024185,-0.0010893246,-0.6983699,0.053100586,0.9468994
8699904,7216.120542893295,3.0,16.730957,500.0,35.25153,0.0,0.9458008,1.0,0.22641039,0.83336097,0.005619713,0.010146184,0.000546621,-0.6977691,0.05419922,0.9458008
8708096,7222.515579290729,3.0,16.69226,500.0,35.227573,0.0,0.9453125,1.0,0.22736925,0.8329164,0.0045294915,0.010275566,-0.00060829055,-0.7066376,0.0546875,0.9453125
8716288,7211.707058900324,3.0,16.45105,500.0,34.070667,0.0,0.94677734,1.0,0.22447719,0.8347608,0.000106158084,0.0086537935,-0.0042207385,-0.71962905,0.053222656,0.94677734
8724480,7231.410989934246,3.0,16.405884,500.0,33.649384,0.0,0.9468994,1.0,0.22423404,0.8346742,0.000566103,0.009186827,-0.00402731,-0.72970617,0.053100586,0.9468994
8732672,7221.691294306758,3.0,16.233765,500.0,32.191956,0.0,0.9490967,1.0,0.21980028,0.8363452,0.00060833467,0.008567317,-0.0036753241,-0.7420444,0.05090332,0.9490967
8740864,7230.558806502586,3.0,15.698608,500.0,27.815718,0.0,0.9481201,1.0,0.22178447,0.8353413,0.0030180714,0.011530708,-0.0027472815,-0.75279665,0.051879883,0.9481201
8749056,7220.198041705997,3.0,15.659302,500.0,27.255295,0.0,0.94970703,1.0,0.21854882,0.8365266,0.00079681654,0.007296893,-0.0028516296,-0.75785655,0.05029297,0.94970703
8757248,7223.7561564278885,3.0,15.535889,500.0,26.536839,0.0,0.9486084,1.0,0.22079515,0.8358238,0.0016779125,0.010624841,-0.0036345082,-0.7602514,0.0513916,0.9486084
8765440,7217.433209982063,3.0,15.494263,500.0,26.190277,0.0,0.94873047,1.0,0.22054698,0.83616215,0.0070289746,0.0085449265,0.0027565109,-0.76379657,0.05126953,0.94873047
8773632,7216.011428098598,3.0,15.310181,500.0,24.590641,0.0,0.9477539,1.0,0.2225229,0.83564544,0.005568976,0.010280207,0.00042887207,-0.7654157,0.052246094,0.9477539
8781824,7226.799424291444,3.0,15.378906,500.0,25.069887,0.0,0.94750977,1.0,0.22301348,0.83535206,0.005427453,0.008310838,0.0012720354,-0.75916994,0.052490234,0.94750977
8790016,7220.334594029604,3.0,15.405029,500.0,25.259827,0.0,0.9470215,1.0,0.2239906,0.83505744,0.0029093744,0.008210598,-0.0011959228,-0.75780296,0.052978516,0.9470215
8798208,7221.293640295294,3.0,15.182617,500.0,23.723564,0.0,0.9470215,1.0,0.2239906,0.8355439,0.002873298,0.009207534,-0.0017304698,-0.76149374,0.052978516,0.9470215
8806400,7224.562684176763,3.0,14.946045,500.0,22.032692,0.0,0.9466553,1.0,0.22471996,0.83581465,0.002954518,0.009887156,-0.001989061,-0.7611118,0.053344727,0.9466553
8814592,7206.05950497182,3.0,14.914551,500.0,22.095448,0.0,0.9465332,1.0,0.22496244,0.83612186,0.0048630084,0.009027987,0.0003490159,-0.75276995,0.053466797,0.9465332
8822784,7211.773660244376,3.0,14.924316,500.0,22.935331,0.0,0.9468994,1.0,0.22423404,0.8369936,-0.00019625388,0.008789791,-0.0045911483,-0.7497362,0.053100586,0.9468994
8830976,7216.026582733866,3.0,14.977051,500.0,22.87986,0.0,0.94628906,1.0,0.22544639,0.8361232,0.00086555746,0.011322724,-0.004795804,-0.74919945,0.053710938,0.94628906
8839168,7226.4847990281605,3.0,14.943726,500.0,22.24772,0.0,0.94641113,1.0,0.22520456,0.8360212,0.004383655,0.008612504,7.740309e-05,-0.7462765,0.053588867,0.94641113
8847360,7203.6286706604205,3.0,14.991455,500.0,23.35813,0.0,0.9477539,1.0,0.2225229,0.8377373,0.0016897356,0.0072975485,-0.0019590391,-0.7436514,0.052246094,0.9477539
8855552,7219.932538084068,3.0,14.882446,500.0,23.021097,0.0,0.9472656,1.0,0.22350271,0.83795816,0.0014822258,0.010136172,-0.0035858606,-0.73928666,0.052734375,0.9472656
8863744,7218.292917027654,3.0,14.925781,500.0,23.903542,0.0,0.94836426,1.0,0.2212905,0.8394009,0.002807571,0.008648533,-0.0015166953,-0.73897314,0.051635742,0.94836426
8871936,7220.528810675704,3.0,14.844238,500.0,23.84277,0.0,0.9470215,1.0,0.2239906,0.8389119,0.0022942913,0.009088457,-0.002249937,-0.7466703,0.052978516,0.9470215
8880128,7227.554940773985,3.0,14.901489,500.0,24.451601,0.0,0.9477539,1.0,0.2225229,0.839564,0.0056061954,0.00920095,0.0010057208,-0.7502873,0.052246094,0.9477539
8888320,7202.3602725179235,3.0,14.888306,500.0,24.235445,0.0,0.94592285,1.0,0.22616985,0.8380008,0.0044991006,0.010693883,-0.0008478407,-0.75739354,0.05407715,0.94592285
8896512,7220.267834470527,3.0,14.958862,500.0,24.658401,0.0,0.9465332,1.0,0.22496244,0.83816487,0.00245815,0.008752738,-0.0019182183,-0.76050615,0.053466797,0.9465332
8904704,7215.679557546952,3.0,15.019653,500.0,25.349943,0.0,0.94470215,1.0,0.2285607,0.8366993,0.007606357,0.011080929,0.0020658916,-0.7553273,0.05529785,0.94470215
8912896,7219.691326008527,3.0,15.05542,500.0,26.118937,0.0,0.9453125,1.0,0.22736925,0.8374886,0.0037682024,0.0076276488,-4.5620953e-05,-0.7533017,0.0546875,0.9453125
8921088,7210.517523936435,3.0,15.15271,500.0,26.730341,0.0,0.9458008,1.0,0.22641039,0.837473,0.0014891895,0.008596519,-0.0028090703,-0.76269597,0.05419922,0.9458008
8929280,7219.362150629902,3.0,15.207642,500.0,27.544226,0.0,0.94592285,1.0,0.22616985,0.8379433,0.0020290834,0.009082037,-0.002511935,-0.76588994,0.05407715,0.94592285
8937472,7220.411975972404,3.0,15.214111,500.0,27.675762,0.0,0.9451904,1.0,0.22760816,0.8374616,0.0018627985,0.012160706,-0.0042175557,-0.7666408,0.05480957,0.9451904
8945664,7214.858347062526,3.0,15.110474,500.0,26.325865,0.0,0.9440918,1.0,0.22974437,0.8361319,0.0034039388,0.011104738,-0.0021484306,-0.7806844,0.055908203,0.9440918
8953856,7219.3940049998255,3.0,15.174316,500.0,27.514057,0.0,0.94384766,1.0,0.23021568,0.8362843,0.0035007105,0.008964164,-0.0009813709,-0.78756803,0.056152344,0.94384766
8962048,7208.614479061396,3.0,15.407715,500.0,29.228647,0.0,0.9432373,1.0,0.2313886,0.83550864,0.003547458,0.00973362,-0.0013193517,-0.78615797,0.056762695,0.9432373
8970240,7221.589599991088,3.0,15.40625,500.0,29.000916,0.0,0.9411621,1.0,0.23532104,0.83352304,0.0023376795,0.011437427,-0.0033810346,-0.79203284,0.05883789,0.9411621
8978432,7211.93562773703,3.0,15.481445,500.0,29.069592,0.0,0.939209,1.0,0.23894657,0.8311218,0.0011602099,0.010652921,-0.0041662506,-0.79919785,0.060791016,0.939209
8986624,7215.1931723089865,3.0,15.543701,500.0,29.294193,0.0,0.939209,1.0,0.23894657,0.8306707,0.005771932,0.009470919,0.0010364723,-0.8057353,0.060791016,0.939209
8994816,7219.529009973574,3.0,15.595947,500.0,29.205835,0.0,0.9387207,1.0,0.23984192,0.82990015,0.0025638973,0.009450407,-0.0021613063,-0.80636495,0.061279297,0.9387207
9003008,7201.868133544947,3.0,15.679077,500.0,29.610092,0.0,0.93859863,1.0,0.24006505,0.8294547,0.002971103,0.008386884,-0.0012223389,-0.8047276,0.061401367,0.93859863
9011200,7215.279534993112,3.0,15.835571,500.0,30.454004,0.0,0.9379883,1.0,0.24117683,0.82878196,0.0039570415,0.00882423,-0.00045507326,-0.8085674,0.06201172,0.9379883
9019392,7204.551560009067,3.0,16.009277,500.0,32.14174,0.0,0.93896484,1.0,0.23939478,0.8297136,0.00064764125,0.0084480345,-0.003576376,-0.81675595,0.061035156,0.93896484
9027584,7226.021270657987,3.0,16.057373,500.0,32.662678,0.0,0.9383545,1.0,0.24051057,0.8295226,0.0049460987,0.009832101,3.0049589e-05,-0.8187604,0.061645508,0.9383545
9035776,7205.293365879027,3.0,16.001831,500.0,32.178337,0.0,0.9382324,1.0,0.24073294,0.82926,0.004530956,0.0115535185,-0.0012458029,-0.8157283,0.061767578,0.9382324
9043968,7223.34308954575,3.0,16.164795,500.0,33.18708,0.0,0.9376221,1.0,0.24184068,0.82852805,0.0015873542,0.006580756,-0.0017030239,-0.8148577,0.06237793,0.9376221
9052160,7221.752008696434,3.0,16.407593,500.0,34.788048,0.0,0.9354248,1.0,0.24577476,0.82649505,0.0043026945,0.010222785,-0.0008086981,-0.8163409,0.064575195,0.9354248
9060352,7214.388735053546,3.0,16.481812,500.0,34.701107,0.0,0.93530273,1.0,0.24599092,0.82578075,0.0027110227,0.009786967,-0.0021824604,-0.80731004,0.064697266,0.93530273
9068544,7227.627916525731,3.0,16.38379,500.0,34.1666,0.0,0.93640137,1.0,0.24403654,0.8269104,0.0020956285,0.0071713165,-0.00149003,-0.805771,0.06359863,0.93640137
9076736,7232.872343251664,3.0,16.644165,500.0,35.81565,0.0,0.9376221,1.0,0.24184069,0.8277966,0.004198502,0.007316119,0.0005404423,-0.8059901,0.06237793,0.9376221
9084928,7223.953594785258,3.0,16.890259,500.0,37.15811,0.0,0.9379883,1.0,0.24117683,0.8278357,0.0048155906,0.0083723385,0.0006294209,-0.80599105,0.06201172,0.9379883
9093120,7229.360002777307,3.0,16.823364,500.0,36.449448,0.0,0.9378662,1.0,0.2413984,0.8275491,0.0038085245,0.010097562,-0.0012402579,-0.80327773,0.06213379,0.9378662
9101312,7208.898813019337,3.0,16.621094,500.0,35.956104,0.0,0.939209,1.0,0.23894657,0.82959235,0.0041331463,0.011024315,-0.0013790117,-0.80436766,0.060791016,0.939209
9109504,7221.902281201073,3.0,16.60498,500.0,36.02009,0.0,0.9412842,1.0,0.23509203,0.83167624,0.0034953477,0.0069542755,1.8209452e-05,-0.81590086,0.05871582,0.9412842
9117696,7218.907118892482,3.0,16.623657,500.0,35.9391,0.0,0.94262695,1.0,0.23255403,0.8327931,0.001421306,0.0067230314,-0.0019402093,-0.8150413,0.057373047,0.94262695
9125888,7207.601343611166,3.0,16.709717,500.0,36.33153,0.0,0.942749,1.0,0.23232153,0.8328169,0.0050208257,0.008336408,0.00085262186,-0.8097006,0.057250977,0.942749
9134080,7219.369734978197,3.0,16.691406,500.0,36.147213,0.0,0.9449463,1.0,0.22808506,0.83462703,0.008626359,0.007908332,0.004672192,-0.80888706,0.05505371,0.9449463
9142272,7206.122979423174,3.0,16.48108,500.0,35.213284,0.0,0.9458008,1.0,0.22641039,0.83581525,0.00084756315,0.007582161,-0.0029435176,-0.80840474,0.05419922,0.9458008
9150464,7206.571866386288,3.0,16.216064,500.0,33.094227,0.0,0.9468994,1.0,0.22423404,0.8364621,0.00051218085,0.007622775,-0.0032992065,-0.81045765,0.053100586,0.9468994
9158656,7223.857911771972,3.0,16.112915,500.0,32.2431,0.0,0.94921875,1.0,0.21955071,0.83817655,-0.0004919699,0.0071272017,-0.004055571,-0.81333387,0.05078125,0.94921875
9166848,7219.242320041786,3.0,15.973999,500.0,31.243986,0.0,0.9519043,1.0,0.21396847,0.8405663,0.0023812044,0.0068320804,-0.0010348362,-0.8340548,0.048095703,0.9519043
9175040,7219.86275180146,3.0,15.902832,500.0,30.566608,0.0,0.9527588,1.0,0.21215436,0.8412029,0.0033623392,0.0056572794,0.00053369906,-0.84708786,0.04724121,0.9527588
9183232,7218.28078569778,3.0,15.913696,500.0,30.598911,0.0,0.95458984,1.0,0.208202,0.8427942,0.0035005817,0.007434716,-0.0002167765,-0.84258235,0.045410156,0.95458984
9191424,7226.083577569528,3.0,15.794678,500.0,30.023136,0.0,0.9556885,1.0,0.20578633,0.8438536,0.0016780598,0.0068686735,-0.0017562768,-0.8453098,0.044311523,0.9556885
9199616,7206.127513355346,3.0,15.721313,500.0,29.075798,0.0,0.9550781,1.0,0.20713256,0.842892,0.0065043103,0.010205986,0.001401318,-0.8521862,0.044921875,0.9550781
9207808,7225.424090622144,3.0,15.427124,500.0,26.583485,0.0,0.954834,1.0,0.20766811,0.8428259,0.0016368413,0.0098894425,-0.00330788,-0.8596469,0.045166016,0.954834
9216000,7225.4605568021,3.0,15.161011,500.0,25.255226,0.0,0.9572754,1.0,0.20223555,0.8456284,0.0013885014,0.0074134986,-0.0023182482,-0.8656354,0.04272461,0.9572754
9224192,7206.163785018112,3.0,15.155884,500.0,25.136131,0.0,0.95788574,1.0,0.20084979,0.84617054,0.0027916005,0.008879348,-0.001648074,-0.8596394,0.042114258,0.95788574
9232384,7223.911068688648,3.0,15.123413,500.0,24.647797,0.0,0.95751953,1.0,0.20168261,0.84573126,0.0015185875,0.0073559396,-0.0021593827,-0.8605343,0.04248047,0.95751953
9240576,7220.9309330350225,3.0,15.081299,500.0,24.190327,0.0,0.9562988,1.0,0.2044294,0.844702,0.00030605646,0.009080824,-0.0042343554,-0.8629696,0.043701172,0.9562988
9248768,7212.43822738917,3.0,14.840332,500.0,22.24316,0.0,0.9571533,1.0,0.20251133,0.8456389,0.0016151698,0.009320711,-0.003045186,-0.8598455,0.04284668,0.9571533
9256960,7210.948798515826,3.0,14.759766,500.0,22.056349,0.0,0.9569092,1.0,0.20306155,0.84603566,0.005451251,0.0096608205,0.00062084233,-0.8666206,0.04309082,0.9569092
9265152,7211.483045225116,3.0,14.782959,500.0,22.069239,0.0,0.9560547,1.0,0.20497346,0.84523773,0.003645287,0.010025492,-0.0013674591,-0.8685703,0.043945312,0.9560547
9273344,7223.61491868641,3.0,14.889526,500.0,22.819138,0.0,0.95458984,1.0,0.208202,0.8437293,0.0052666906,0.009737475,0.0003979531,-0.87049156,0.045410156,0.95458984
9281536,7218.649293035484,3.0,15.00061,500.0,23.466501,0.0,0.95373535,1.0,0.21005766,0.84256744,0.0028927564,0.0084078,-0.0013111443,-0.8764303,0.04626465,0.95373535
9289728,7215.346202338664,3.0,14.987793,500.0,23.337372,0.0,0.9538574,1.0,0.2097938,0.84269404,0.0025243592,0.006655269,-0.0008032758,-0.8782383,0.046142578,0.9538574
9297920,7226.3647318748,3.0,14.68103,500.0,20.283775,0.0,0.9539795,1.0,0.2095295,0.84293294,-0.00072651997,0.0089792665,-0.0052161543,-0.8744153,0.046020508,0.9539795
9306112,7220.327007653899,3.0,14.51709,500.0,18.965834,0.0,0.9522705,1.0,0.2131933,0.8419465,0.0029166185,0.010199419,-0.0021830904,-0.87522125,0.047729492,0.9522705
9314304,7226.232510638584,3.0,14.460693,500.0,18.170763,0.0,0.9523926,1.0,0.21293415,0.8420608,0.003697401,0.008159552,-0.00038237547,-0.87458,0.047607422,0.9523926
9322496,7208.833777210093,3.0,14.453613,500.0,18.190367,0.0,0.9534912,1.0,0.21058422,0.8431874,0.0032058046,0.006884805,-0.00023659709,-0.874996,0.04650879,0.9534912
9330688,7217.48930454886,3.0,14.609863,500.0,19.255629,0.0,0.953125,1.0,0.21137108,0.84251976,-4.405994e-05,0.008578369,-0.0043332446,-0.8700307,0.046875,0.953125
9338880,7223.933850463851,3.0,14.498413,500.0,17.770235,0.0,0.9527588,1.0,0.21215437,0.8421398,0.0023201832,0.007373318,-0.0013664762,-0.8679808,0.04724121,0.9527588
9347072,7205.776906106083,3.0,14.64502,500.0,18.655745,0.0,0.9536133,1.0,0.21032116,0.8423488,0.0024415436,0.006369792,-0.00074335246,-0.8688865,0.04638672,0.9536133
9355264,7233.278887127571,3.0,14.690308,500.0,18.756384,0.0,0.9538574,1.0,0.2097938,0.842205,0.0018138266,0.007879724,-0.0021260348,-0.87280154,0.046142578,0.9538574
9363456,7216.937493199938,3.0,14.697144,500.0,19.956116,0.0,0.95410156,1.0,0.20926483,0.8430904,0.0032824413,0.0087312525,-0.001083184,-0.8754724,0.045898438,0.95410156
9371648,7213.461809509414,3.0,14.71228,500.0,19.95495,0.0,0.95410156,1.0,0.20926483,0.842949,0.0031076816,0.008507666,-0.0011461521,-0.8826183,0.045898438,0.95410156
9379840,7220.12825029072,3.0,14.713867,500.0,20.494572,0.0,0.95410156,1.0,0.20926483,0.8429256,0.0045521073,0.008941868,8.1173144e-05,-0.88861483,0.045898438,0.95410156
9388032,7212.111226882656,3.0,14.607788,500.0,19.873571,0.0,0.95495605,1.0,0.20740053,0.8440516,0.0030178116,0.008231639,-0.0010980079,-0.88723963,0.045043945,0.95495605
9396224,7220.67903227874,3.0,14.627441,500.0,20.423527,0.0,0.95532227,1.0,0.20659535,0.8445696,0.00023983885,0.0076557295,-0.003588027,-0.8843408,0.044677734,0.95532227
9404416,7214.811383110451,3.0,14.482788,500.0,19.685583,0.0,0.9544678,1.0,0.2084683,0.8445606,0.0014002429,0.009757372,-0.0034784428,-0.8909515,0.045532227,0.9544678
9412608,7216.770753624795,3.0,14.456665,500.0,20.090454,0.0,0.9544678,1.0,0.2084683,0.84500235,0.004071266,0.008393584,-0.00012552529,-0.8906145,0.045532227,0.9544678
9420800,7219.632163243934,3.0,14.457397,500.0,20.326916,0.0,0.95410156,1.0,0.20926483,0.84488237,0.0028190655,0.009393032,-0.0018774511,-0.8876148,0.045898438,0.95410156
9428992,7218.356607178496,3.0,14.518188,500.0,21.57453,0.0,0.95336914,1.0,0.21084692,0.84457177,0.0024643054,0.0097897565,-0.002430573,-0.8940116,0.04663086,0.95336914
9437184,7216.701028450737,3.0,14.491699,500.0,21.52694,0.0,0.95251465,1.0,0.2126746,0.8438904,0.002936474,0.010525943,-0.0023264978,-0.90257496,0.04748535,0.95251465
9445376,7221.120628940017,3.0,14.49585,500.0,21.769337,0.0,0.9515381,1.0,0.2147402,0.8430588,0.0038377617,0.010314491,-0.0013194839,-0.90844095,0.048461914,0.9515381
9453568,7227.64920139758,3.0,14.388672,500.0,21.342722,0.0,0.9519043,1.0,0.21396847,0.8439343,0.001958249,0.009126669,-0.0026050857,-0.91860205,0.048095703,0.9519043
9461760,7219.970465977416,3.0,14.305054,500.0,21.400303,0.0,0.9505615,1.0,0.21678172,0.8434667,0.0019407218,0.009464556,-0.0027915568,-0.9259705,0.049438477,0.9505615
9469952,7216.594927510054,3.0,14.447632,500.0,23.038128,0.0,0.94836426,1.0,0.2212905,0.841542,0.0044926745,0.012755272,-0.0018849625,-0.9277568,0.051635742,0.94836426
9478144,7206.862085701905,3.0,14.4522705,500.0,23.131592,0.0,0.9470215,1.0,0.2239906,0.8405063,0.0053651007,0.010311715,0.0002092438,-0.93394494,0.052978516,0.9470215
9486336,7210.401012989313,3.0,14.53479,500.0,23.715065,0.0,0.9470215,1.0,0.2239906,0.8402054,0.0067989626,0.007496195,0.0030508651,-0.9318923,0.052978516,0.9470215
9494528,7219.437994829952,3.0,14.561279,500.0,23.801037,0.0,0.9477539,1.0,0.2225229,0.84071255,0.0060175858,0.007678924,0.0021781232,-0.93684876,0.052246094,0.9477539
9502720,7220.3558359663875,3.0,14.581665,500.0,23.859474,0.0,0.94750977,1.0,0.22301346,0.84050626,0.004903839,0.009510573,0.00014855288,-0.9455465,0.052490234,0.94750977
9510912,7220.619853325314,3.0,14.545288,500.0,23.475462,0.0,0.9472656,1.0,0.22350271,0.8403005,0.00041497464,0.009527362,-0.0043487065,-0.94377345,0.052734375,0.9472656
9519104,7221.536477233702,3.0,14.537109,500.0,22.882877,0.0,0.9458008,1.0,0.22641039,0.8386055,0.0051853806,0.010307105,3.1829055e-05,-0.94423175,0.05419922,0.9458008
9527296,7199.391853771611,3.0,14.82959,500.0,25.505232,0.0,0.9454346,1.0,0.22713,0.83810073,0.0043361112,0.007666771,0.0005027256,-0.9427709,0.05456543,0.9454346
9535488,7226.010632999986,3.0,14.8116455,500.0,24.78681,0.0,0.9460449,1.0,0.22592904,0.83823466,0.0009845602,0.008219842,-0.0031253607,-0.9508777,0.053955078,0.9460449
9543680,7221.512192804915,3.0,14.747803,500.0,24.474325,0.0,0.94763184,1.0,0.22276834,0.8398662,0.0014551193,0.008370463,-0.0027301125,-0.9632054,0.052368164,0.94763184
9551872,7222.410825458897,3.0,14.689819,500.0,23.918633,0.0,0.9481201,1.0,0.22178447,0.84032726,0.00523181,0.008885052,0.0007892834,-0.9605213,0.051879883,0.9481201
9560064,7214.246348652316,3.0,14.885254,500.0,25.24651,0.0,0.94641113,1.0,0.22520456,0.8385358,0.005588256,0.012697404,-0.0007604483,-0.9617009,0.053588867,0.94641113
9568256,7216.876859735696,3.0,14.92688,500.0,25.354982,0.0,0.9468994,1.0,0.22423404,0.8387402,0.0010933911,0.0077844495,-0.002798834,-0.962462,0.053100586,0.9468994
9576448,7216.578254788738,3.0,14.959351,500.0,25.794521,0.0,0.9470215,1.0,0.2239906,0.8389072,0.0053400774,0.0075023808,0.0015888872,-0.96223825,0.052978516,0.9470215
9584640,7222.251423284119,3.0,15.073364,500.0,26.290396,0.0,0.94750977,1.0,0.22301348,0.8388704,0.0044826325,0.009243512,-0.00013912376,-0.9613584,0.052490234,0.94750977
9592832,7219.512323692115,3.0,14.943726,500.0,25.310768,0.0,0.95043945,1.0,0.21703523,0.8416449,-0.000627653,0.0066928486,-0.0039740773,-0.9605992,0.049560547,0.95043945
9601024,7230.724662177803,3.0,14.991943,500.0,24.808327,0.0,0.9519043,1.0,0.21396847,0.8420329,0.0015377514,0.007502653,-0.0022135759,-0.9635686,0.048095703,0.9519043
9609216,7197.453968831184,3.0,14.925537,500.0,24.157337,0.0,0.9519043,1.0,0.21396847,0.84218305,0.006932505,0.007843276,0.0030108676,-0.9652891,0.048095703,0.9519043
9617408,7219.346981981121,3.0,15.007568,500.0,24.79534,0.0,0.95092773,1.0,0.21601893,0.84151024,0.0002781793,0.009467864,-0.0044557536,-0.9715928,0.049072266,0.95092773
9625600,7217.3483117556925,3.0,14.825684,500.0,23.619293,0.0,0.95251465,1.0,0.2126746,0.8432803,0.0012114182,0.006551209,-0.0020641866,-0.9771707,0.04748535,0.95251465
9633792,7211.3438004952695,3.0,14.901123,500.0,23.53486,0.0,0.9523926,1.0,0.21293415,0.8425966,0.005470997,0.009014716,0.0009636397,-0.9748372,0.047607422,0.9523926
9641984,7211.242397391173,3.0,14.89978,500.0,23.528206,0.0,0.95336914,1.0,0.21084692,0.8435206,0.003237947,0.009038322,-0.0012812146,-0.9673641,0.04663086,0.95336914
9650176,7220.258730989939,3.0,14.69519,500.0,21.406689,0.0,0.9534912,1.0,0.21058422,0.84355634,0.001244141,0.008551773,-0.0030317456,-0.9600569,0.04650879,0.9534912
9658368,7216.578254788738,3.0,14.69751,500.0,21.416132,0.0,0.9532471,1.0,0.21110918,0.8433206,0.0035480582,0.007246291,-7.5086544e-05,-0.9545456,0.04675293,0.9532471
9666560,7225.048814239763,3.0,14.8125,500.0,22.29377,0.0,0.95410156,1.0,0.20926483,0.843832,0.0019063628,0.006604415,-0.0013958453,-0.9551958,0.045898438,0.95410156
9674752,7225.217455888198,3.0,14.854126,500.0,22.841097,0.0,0.954834,1.0,0.20766811,0.84445715,0.0060326383,0.007357993,0.0023536426,-0.95362705,0.045166016,0.954834
9682944,7212.653216099537,3.0,14.723145,500.0,22.039637,0.0,0.95666504,1.0,0.20361002,0.8463832,0.0015386413,0.0073676356,-0.0021451763,-0.9607031,0.04333496,0.95666504
9691136,7221.849153843373,3.0,14.817871,500.0,22.75931,0.0,0.9571533,1.0,0.20251133,0.84663105,0.00041654654,0.006684534,-0.0029257198,-0.9741003,0.04284668,0.9571533
9699328,7214.650801313177,3.0,15.015991,500.0,23.819859,0.0,0.9567871,1.0,0.20333602,0.8456481,0.0025196047,0.0062906733,-0.0006257316,-0.9722572,0.04321289,0.9567871
9707520,7206.983017315769,3.0,15.076416,500.0,24.680943,0.0,0.9567871,1.0,0.20333602,0.8458035,0.0026642585,0.008851907,-0.0017616953,-0.96587765,0.04321289,0.9567871
9715712,7229.224629878133,3.0,15.002441,500.0,24.141443,0.0,0.9555664,1.0,0.20605642,0.84485644,0.0049017714,0.008441471,0.00068103627,-0.96511817,0.044433594,0.9555664
9723904,7215.718956106843,3.0,15.087524,500.0,25.370401,0.0,0.9559326,1.0,0.20524484,0.84573054,-0.0004889653,0.0057651214,-0.003371526,-0.9670261,0.044067383,0.9559326
9732096,7226.857184562424,3.0,15.1698,500.0,26.06551,0.0,0.95617676,1.0,0.20470163,0.8459225,-0.00025886903,0.0060733533,-0.0032955457,-0.97148234,0.043823242,0.95617676
9740288,7225.4818289103905,3.0,15.130127,500.0,25.780418,0.0,0.95617676,1.0,0.20470163,0.84546936,-0.0007706596,0.008507002,-0.0050241603,-0.9705423,0.043823242,0.95617676
9748480,7237.790478694172,3.0,15.199707,500.0,26.052544,0.0,0.9559326,1.0,0.20524484,0.844907,0.004719402,0.0074261082,0.0010063482,-0.9703737,0.044067383,0.9559326
9756672,7227.7084956302115,3.0,15.12146,500.0,26.432144,0.0,0.95703125,1.0,0.20278668,0.8466414,0.005770098,0.007246607,0.002146794,-0.976379,0.04296875,0.95703125
9764864,7230.700315914143,3.0,15.071777,500.0,26.379868,0.0,0.95947266,1.0,0.19719249,0.8490787,0.00040299573,0.0055377185,-0.002365864,-0.9783946,0.040527344,0.95947266
9773056,7221.295157975441,3.0,15.01062,500.0,25.868923,0.0,0.9593506,1.0,0.19747666,0.8490131,0.0004399515,0.006755607,-0.0029378517,-0.9727751,0.040649414,0.9593506
9781248,7211.361962546386,3.0,15.116089,500.0,27.046682,0.0,0.95996094,1.0,0.19605085,0.8499557,0.0012130777,0.006431681,-0.0020027624,-0.96700716,0.040039062,0.95996094
9789440,7224.67205773726,3.0,14.97583,500.0,26.841953,0.0,0.95910645,1.0,0.19804358,0.8500878,0.001382726,0.007927295,-0.0025809226,-0.9696515,0.040893555,0.95910645
9797632,7236.769126140837,3.0,14.857544,500.0,25.772665,0.0,0.9602051,1.0,0.19547707,0.85105133,0.002557639,0.006642821,-0.00076377153,-0.9653004,0.039794922,0.9602051
9805824,7205.699837534978,3.0,15.042847,500.0,26.9459,0.0,0.95947266,1.0,0.19719249,0.8498344,0.0046846713,0.007126195,0.001121574,-0.96270406,0.040527344,0.95947266
9814016,7219.45619767509,3.0,14.90271,500.0,25.89769,0.0,0.9609375,1.0,0.1937437,0.85131365,0.0016129466,0.0048979246,-0.0008360158,-0.9719083,0.0390625,0.9609375
9822208,7229.802661917461,3.0,14.769165,500.0,24.910776,0.0,0.9613037,1.0,0.19287011,0.8516354,0.002951845,0.007791482,-0.00094389555,-0.97655267,0.03869629,0.9613037
9830400,7208.457197571344,3.0,14.646118,500.0,23.460482,0.0,0.9622803,1.0,0.19051757,0.8524469,0.0028115031,0.0064348625,-0.00040592777,-0.9738957,0.037719727,0.9622803
9838592,7229.294597260421,3.0,14.439331,500.0,21.941605,0.0,0.9628906,1.0,0.18902981,0.85328996,0.00022189168,0.006664731,-0.0031104742,-0.9774714,0.037109375,0.9628906
9846784,7204.850681268273,3.0,14.338623,500.0,20.822851,0.0,0.96154785,1.0,0.19228514,0.85212684,0.0036315755,0.0083147725,-0.00052580994,-0.98236895,0.03845215,0.96154785
9854976,7221.1464283530095,3.0,14.368774,500.0,20.829979,0.0,0.9622803,1.0,0.19051756,0.8524876,0.0028208042,0.007004345,-0.00068136817,-0.98135537,0.037719727,0.9622803
9863168,7233.085506626134,3.0,14.481567,500.0,22.222412,0.0,0.96325684,1.0,0.18813053,0.85346735,0.0010001571,0.006102523,-0.0020511043,-0.97991085,0.036743164,0.96325684
9871360,7214.684129022884,3.0,14.456421,500.0,21.803059,0.0,0.961792,1.0,0.19169806,0.8520131,0.0039503644,0.0073471754,0.00027677638,-0.98130226,0.038208008,0.961792
9879552,7224.840681798015,3.0,14.575562,500.0,22.561605,0.0,0.960083,1.0,0.19576418,0.85018915,0.0052569997,0.009613986,0.0004500058,-0.9771253,0.039916992,0.960083
9887744,7222.319737640301,3.0,14.602661,500.0,22.477678,0.0,0.9605713,1.0,0.19461267,0.8503475,0.0027345584,0.005840342,-0.00018561253,-0.9801114,0.03942871,0.9605713
9895936,7219.242320041786,3.0,14.692993,500.0,23.630875,0.0,0.96032715,1.0,0.19518943,0.850147,0.009566106,0.0070287082,0.006051754,-0.980595,0.03967285,0.96032715
9904128,7210.331410843447,3.0,14.766846,500.0,23.650885,0.0,0.9593506,1.0,0.19747666,0.8486284,0.0028676477,0.008064923,-0.0011648133,-0.97624373,0.040649414,0.9593506
9912320,7225.135413021829,3.0,14.879272,500.0,24.422329,0.0,0.9593506,1.0,0.19747667,0.8482977,0.0025096284,0.0070507694,-0.0010157559,-0.97509205,0.040649414,0.9593506
9920512,7214.273613698322,3.0,15.048218,500.0,25.419512,0.0,0.9581299,1.0,0.20029229,0.8467696,0.0028738922,0.009225779,-0.0017389972,-0.97640383,0.041870117,0.9581299
9928704,7219.882473875005,3.0,14.792358,500.0,23.5868,0.0,0.95996094,1.0,0.19605085,0.8489046,0.0018001026,0.0051859524,-0.00079287414,-0.97085655,0.040039062,0.95996094
9936896,7220.103975332104,3.0,14.6657715,500.0,23.388922,0.0,0.960083,1.0,0.19576418,0.84972465,0.004933191,0.0058361073,0.0020151366,-0.9672113,0.039916992,0.960083
9945088,7236.238746309985,3.0,14.747192,500.0,24.572317,0.0,0.96032715,1.0,0.19518943,0.850128,0.0054347534,0.005280661,0.0027944224,-0.9662457,0.03967285,0.96032715
9953280,7219.444062434799,3.0,14.807739,500.0,25.14681,0.0,0.960083,1.0,0.19576418,0.84989667,0.0020476351,0.007093449,-0.0014990892,-0.96282756,0.039916992,0.960083
9961472,7221.284534227804,3.0,14.930176,500.0,25.805244,0.0,0.95788574,1.0,0.20084979,0.8474879,0.005982777,0.009358347,0.0013036029,-0.9609361,0.042114258,0.95788574
9969664,7227.203765578518,3.0,14.987671,500.0,26.753714,0.0,0.9589844,1.0,0.19832635,0.8487952,0.0012949328,0.0064778305,-0.0019439821,-0.962621,0.041015625,0.9589844
9977856,7214.066101588513,3.0,15.085205,500.0,27.823639,0.0,0.95874023,1.0,0.19889042,0.84872025,0.004259972,0.007121159,0.0006993915,-0.96946335,0.041259766,0.95874023
9986048,7215.65076656373,3.0,15.006348,500.0,27.261806,0.0,0.95861816,1.0,0.19917174,0.84881604,0.001895527,0.0066576744,-0.0014333104,-0.9850164,0.041381836,0.95861816
9994240,7221.674598028569,3.0,15.065308,500.0,27.837814,0.0,0.958374,1.0,0.19973296,0.8487971,0.00060994225,0.008908427,-0.003844271,-0.9924787,0.041625977,0.958374
