timestep,fps,ep_len_min,ep_len_mean,ep_len_max,ep_len_std,return_min,return_mean,return_max,return_std,disc_return_mean,total_loss,value_loss,actor_loss,entropy,prob_fail,prob_success,prob_reject,lambda
8192,210.63718250049746,56.0,435.0625,500.0,144.12862,-1.0,-0.1875,1.0,0.52663434,0.00078679837,-0.0029494017,0.0058147917,-0.005856797,2.1744897,0.9375,0.0625,0.25,0.5009999871253967
16384,1309.8819861301656,33.0,340.39474,500.0,190.59927,-1.0,-0.13157895,1.0,0.73165464,-0.040025346,0.0005359453,0.007777591,-0.0033528502,2.1716094,0.7894737,0.21052632,0.34210527,0.5027954578399658
24576,1261.357382418277,33.0,360.85715,500.0,181.1242,-1.0,-0.16071428,1.0,0.67551005,-0.046801213,-0.0016439902,0.0040807645,-0.0036843722,2.1680555,0.83928573,0.16071428,0.32142857,0.5039343237876892
32768,1268.4635904984414,26.0,358.51282,500.0,183.5667,-1.0,-0.102564104,1.0,0.6715796,-0.035054054,-0.0031310986,0.003872182,-0.0050671897,2.1634493,0.82051283,0.17948718,0.2820513,0.5045934319496155
40960,1321.840302240548,26.0,368.9703,500.0,181.21747,-1.0,-0.01980198,1.0,0.6445537,-0.0049443836,-0.0030619816,0.002686975,-0.0044054687,2.162152,0.8019802,0.1980198,0.21782178,0.5043434500694275
49152,1306.2900232290244,26.0,367.55646,500.0,183.41373,-1.0,0.0,1.0,0.63500065,0.007031755,-0.003698102,0.002356472,-0.004876338,2.1570387,0.7983871,0.2016129,0.2016129,0.504745602607727
57344,1309.5736534642774,26.0,372.14584,500.0,183.20374,-1.0,0.0069444445,1.0,0.6179775,0.002827366,-0.005058108,0.0016169022,-0.0058665583,2.1543188,0.8055556,0.19444445,0.1875,0.504995584487915
65536,1292.4547290586509,22.0,372.37952,500.0,184.32611,-1.0,0.018072288,1.0,0.61578524,0.0066932426,-0.0034280603,0.0014540856,-0.004155103,2.1538088,0.8012048,0.19879518,0.18072289,0.5054274201393127
73728,1252.831046644028,22.0,369.85184,500.0,185.89485,-1.0,0.02116402,1.0,0.61685044,0.0112623945,-0.0043736915,0.0021233358,-0.005435359,2.1452308,0.7989418,0.2010582,0.17989418,0.5060470104217529
81920,1305.3286179560866,22.0,378.81067,500.0,181.42706,-1.0,0.029126214,1.0,0.59864426,0.01080546,-0.0028626518,0.0009213811,-0.0033233422,2.143079,0.80582523,0.19417475,0.16504854,0.5057970285415649
90112,1305.4959048302956,22.0,383.4777,500.0,179.3178,-1.0,0.03125,1.0,0.5854686,0.009121947,-0.004048309,0.00074577774,-0.004421198,2.1418536,0.8125,0.1875,0.15625,0.5058248043060303
98304,1336.313369893735,22.0,380.5121,500.0,181.4919,-1.0,0.048387095,1.0,0.586884,0.01731547,-0.004027724,0.001943197,-0.004999322,2.1370573,0.80241936,0.19758065,0.14919356,0.5059914588928223
106496,1278.7880081969595,22.0,381.50372,500.0,180.8043,-1.0,0.052238807,1.0,0.58357066,0.01786115,-0.0036166892,0.0011269641,-0.004180171,2.1219926,0.8022388,0.1977612,0.14552239,0.5062414407730103
114688,1305.3730020821542,18.0,371.60202,500.0,187.5339,-1.0,0.073578596,1.0,0.5964815,0.027749,-0.0026497259,0.0024319943,-0.003865723,2.1086721,0.7826087,0.2173913,0.14381272,0.5066366195678711
122880,1310.0638286563774,15.0,369.8421,500.0,189.43204,-1.0,0.083591335,1.0,0.5960215,0.03305619,-0.004819449,0.0012420362,-0.005440467,2.0998812,0.7770898,0.22291021,0.13931888,0.5068032741546631
131072,1324.4248139585263,15.0,363.28693,500.0,194.6023,-1.0,0.09659091,1.0,0.5999903,0.043994796,-0.0029931194,0.0013998217,-0.0036930302,2.0911694,0.76704544,0.23295455,0.13636364,0.5070705413818359
139264,1293.3593796916866,15.0,356.70105,500.0,198.68579,-1.0,0.1005291,1.0,0.6089715,0.04889786,-0.0035279102,0.0015348142,-0.004295317,2.084187,0.7592593,0.24074075,0.14021164,0.5077821016311646
147456,1308.6768398656775,15.0,358.0375,500.0,198.59508,-1.0,0.1,1.0,0.6041523,0.047234964,-0.0026278617,0.0011260905,-0.0031909072,2.0862584,0.7625,0.2375,0.1375,0.5079866647720337
155648,1298.4238944163228,14.0,356.92236,500.0,199.82103,-1.0,0.09647059,1.0,0.60399586,0.046132885,-0.0048342887,0.0014959702,-0.005582275,2.0850024,0.7647059,0.23529412,0.13882352,0.5085366368293762
163840,1315.669671121049,14.0,355.56,500.0,201.12392,-1.0,0.1,1.0,0.60461193,0.048050452,-0.0022550898,0.0011946136,-0.0028523966,2.0803728,0.76222223,0.23777778,0.13777778,0.5088866353034973
172032,1326.5181478021173,14.0,352.03967,500.0,203.22046,-1.0,0.12108559,1.0,0.60439765,0.06321251,-0.00401055,0.0017945427,-0.004907821,2.070349,0.7494781,0.25052193,0.12943633,0.5086366534233093
180224,1295.2624197895288,11.0,347.7436,500.0,205.43121,-1.0,0.13412228,1.0,0.60712355,0.07378661,-0.0034880168,0.001535761,-0.004255897,2.0593386,0.73964494,0.26035503,0.12623274,0.5087438225746155
188416,1287.6873318446865,11.0,345.76822,500.0,206.69661,-1.0,0.13084112,1.0,0.6127022,0.07630272,-0.0040335357,0.0016680215,-0.0048675463,2.0540793,0.7383177,0.26168224,0.13084112,0.5095652341842651
196608,1307.1657641092613,10.0,345.4,500.0,207.22374,-1.0,0.13928571,1.0,0.611111,0.081483,-0.0022785978,0.001503531,-0.003030363,2.0509448,0.73392856,0.26607144,0.12678571,0.5095152258872986
204800,1286.0087384884312,10.0,342.60068,500.0,208.95143,-1.0,0.13993174,1.0,0.61345214,0.08329293,-0.0027941014,0.0010985269,-0.0033433647,2.0464869,0.7320819,0.26791808,0.12798634,0.510034441947937
212992,1304.9295443957235,10.0,343.62335,500.0,209.04364,-1.0,0.14309211,1.0,0.61042345,0.085397765,-0.003196679,0.0007321344,-0.0035627463,2.0467405,0.7319079,0.2680921,0.125,0.5100117325782776
221184,1300.788871159175,10.0,345.6688,500.0,208.61006,-1.0,0.14171974,1.0,0.60568815,0.08496231,-0.0022353427,0.0008933078,-0.0026819967,2.0450578,0.7356688,0.26433122,0.12261146,0.5100117325782776
229376,1313.68981375667,10.0,344.26828,500.0,209.16904,-1.0,0.14481707,1.0,0.60642195,0.08809234,-0.004286619,0.0016790486,-0.0051261433,2.0403244,0.7332317,0.2667683,0.12195122,0.510297417640686
237568,1259.1883101872043,10.0,345.6071,500.0,209.0685,-1.0,0.14475627,1.0,0.6025719,0.08922194,-0.002871295,0.000716954,-0.0032297722,2.0351667,0.7355982,0.26440176,0.11964549,0.510285496711731
245760,1281.1838216721724,10.0,349.60574,500.0,207.79549,-1.0,0.1410072,1.0,0.59516186,0.08691116,-0.0032648372,0.00052747,-0.0035285724,2.0325217,0.74244606,0.25755396,0.116546765,0.510035514831543
253952,1253.0627376018874,10.0,348.95416,500.0,208.47461,-1.0,0.14027777,1.0,0.5949229,0.08714528,-0.002981808,0.0011414551,-0.0035525358,2.034593,0.7430556,0.25694445,0.11666667,0.5103855133056641
262144,1318.0173526207743,10.0,349.98114,500.0,207.99774,-1.0,0.14555256,1.0,0.5922686,0.08902678,-0.0027920404,0.0011713916,-0.0033777363,2.0382273,0.7412399,0.2587601,0.11320755,0.5101355314254761
270336,1326.0063221190267,10.0,349.7588,500.0,208.20802,-1.0,0.14993481,1.0,0.5908444,0.092861824,-0.0032727416,0.0009100944,-0.0037277886,2.0498128,0.7392438,0.2607562,0.11082138,0.5100855231285095
278528,1333.1932758899588,9.0,350.51016,500.0,207.97319,-1.0,0.14847715,1.0,0.58927405,0.0927648,-0.005549196,0.0010757956,-0.0060870936,2.0543308,0.74111676,0.25888324,0.11040609,0.5103117227554321
286720,1302.0795372019386,9.0,349.1872,500.0,208.80626,-1.0,0.14162561,1.0,0.59214175,0.08941265,-0.0035667615,0.0014083128,-0.0042709173,2.0538666,0.74384236,0.25615764,0.114532016,0.5113117098808289
294912,1272.5608919282768,9.0,348.48984,500.0,209.11583,-1.0,0.13978495,1.0,0.5933172,0.08972761,-0.0037851795,0.0014335192,-0.0045019393,2.0464375,0.744325,0.25567502,0.115890086,0.5118616819381714
303104,1297.184241885175,9.0,348.57443,500.0,209.21707,-1.0,0.14302325,1.0,0.59200895,0.091822684,-0.003942401,0.0013315474,-0.0046081743,2.0334487,0.7430233,0.25697675,0.113953486,0.5118290781974792
311296,1284.7760457889294,9.0,348.24466,500.0,209.42041,-1.0,0.14543405,1.0,0.59140694,0.094307885,-0.004423597,0.0011333653,-0.0049902797,2.0265658,0.74182636,0.2581736,0.11273957,0.5119494199752808
319488,1276.947366734978,9.0,346.68817,500.0,210.23672,-1.0,0.15426695,1.0,0.5910051,0.100876674,-0.004462909,0.00073080935,-0.0048283134,2.022088,0.73632383,0.26367614,0.10940919,0.5116994380950928
327680,1270.5153505380763,9.0,347.1754,500.0,210.223,-1.0,0.15508021,1.0,0.5891291,0.10212989,-0.004220968,0.00094344554,-0.0046926904,2.0140986,0.7368984,0.2631016,0.10802139,0.5116875171661377
335872,1271.8730560340232,9.0,347.40607,500.0,210.16168,-1.0,0.15553236,1.0,0.588535,0.10297302,-0.0036493614,0.00096501625,-0.0041318694,2.0128963,0.736952,0.26304802,0.107515655,0.5118722915649414
344064,1309.3905997157503,9.0,346.18192,500.0,210.92906,-1.0,0.1605691,1.0,0.5883611,0.10725242,-0.003273191,0.00092195556,-0.003734169,2.0078807,0.73373985,0.26626018,0.10569106,0.5118145942687988
352256,1313.2698006073574,9.0,346.07953,500.0,211.07205,-1.0,0.15904573,1.0,0.58862036,0.1060083,-0.0037771668,0.0010344414,-0.004294388,1.9956188,0.73459244,0.26540756,0.10636183,0.5122464299201965
360448,1298.0219697557823,9.0,345.27176,500.0,211.6396,-1.0,0.16344294,1.0,0.58790034,0.10961664,-0.0041296408,0.0008074672,-0.0045333747,1.9809424,0.7321083,0.26789168,0.10444874,0.5121750235557556
368640,1278.7611660500022,9.0,344.34433,500.0,212.1134,-1.0,0.16603774,1.0,0.58823156,0.11278763,-0.0044691493,0.0012453033,-0.0050918004,1.9769564,0.73018867,0.26981133,0.10377359,0.5123096108436584
376832,1269.2080782384824,9.0,343.94934,500.0,211.99895,-1.0,0.16482505,1.0,0.5895783,0.111360416,-0.0038714365,0.0013764878,-0.004559681,1.9737115,0.73020256,0.2697974,0.10497238,0.5128288269042969
385024,1291.3744089737224,9.0,343.18378,500.0,212.42146,-1.0,0.16666667,1.0,0.58982867,0.1127875,-0.0060215257,0.0008826272,-0.006462839,1.9745584,0.72882885,0.27117118,0.1045045,0.5129954814910889
393216,1319.4799062148322,9.0,342.75528,500.0,212.36824,-1.0,0.16813381,1.0,0.5910769,0.11299041,-0.00384768,0.0018033314,-0.004749345,1.9726286,0.72711265,0.27288732,0.104753524,0.5133224129676819
401408,1316.052355535247,9.0,341.1854,500.0,212.92029,-1.0,0.17253219,1.0,0.59347016,0.115945004,-0.00393839,0.001998036,-0.0049374085,1.9645193,0.7227468,0.2772532,0.10472103,0.5135896801948547
409600,1293.5102698194123,9.0,341.56433,500.0,212.88611,-1.0,0.17409588,1.0,0.592185,0.11700704,-0.0037876957,0.0009557919,-0.0042655915,1.9599746,0.72245586,0.27754414,0.10344828,0.5135480165481567
417792,1287.405999837237,9.0,339.76974,500.0,213.64873,-1.0,0.17845395,1.0,0.5934646,0.12020912,-0.0044823466,0.0015418096,-0.005253251,1.9611971,0.71875,0.28125,0.102796055,0.5136683583259583
425984,1260.1092213485251,9.0,339.22125,500.0,213.93587,-1.0,0.18181819,1.0,0.5928707,0.122610986,-0.003808229,0.0012371325,-0.004426795,1.9665188,0.71681416,0.28318584,0.10136766,0.5136035680770874
434176,1265.2553402301567,9.0,339.8916,500.0,213.7668,-1.0,0.18354431,1.0,0.59095085,0.123644814,-0.002928149,0.0008534297,-0.0033548637,1.9679394,0.71677214,0.28322786,0.099683546,0.5133535861968994
442368,1293.1256401180608,9.0,340.58694,500.0,213.57219,-1.0,0.18400621,1.0,0.5893665,0.12360328,-0.004176964,0.0009675308,-0.0046607293,1.9710352,0.7173913,0.2826087,0.09860248,0.5133119225502014
450560,1289.52061248342,9.0,338.92776,500.0,214.07262,-1.0,0.19163498,1.0,0.5899719,0.12828943,-0.0051448066,0.001852111,-0.0060708616,1.9618633,0.71178705,0.28821293,0.09657795,0.5130619406700134
458752,1281.263510254698,9.0,337.76114,500.0,214.61893,-1.0,0.19510385,1.0,0.5902821,0.13115482,-0.0042911656,0.0015179559,-0.0050501437,1.9431742,0.70919883,0.2908012,0.09569733,0.5131149888038635
466944,1244.4470606523344,8.0,337.46906,500.0,214.77983,-1.0,0.193008,1.0,0.5911787,0.1291392,-0.0051503363,0.0015178951,-0.005909284,1.9332376,0.71012384,0.2898762,0.09686817,0.513664960861206
475136,1255.962058837226,8.0,336.62286,500.0,214.93108,-1.0,0.19142857,1.0,0.593234,0.12844938,-0.0040563727,0.0016819946,-0.00489737,1.9382256,0.71,0.29,0.09857143,0.514340877532959
483328,1299.906503928937,8.0,335.0342,500.0,215.4764,-1.0,0.19413407,1.0,0.5956258,0.13003309,-0.0033554453,0.0020186887,-0.0043647895,1.933842,0.7067039,0.2932961,0.09916201,0.514715850353241
491520,1284.7034611131958,8.0,333.77002,500.0,215.86563,-1.0,0.19917865,1.0,0.5960393,0.13402243,-0.004254015,0.0013327582,-0.0049203937,1.9293416,0.7029432,0.29705682,0.097878166,0.5146382451057434
499712,1266.663222319189,8.0,334.23923,500.0,215.75555,-1.0,0.19946092,1.0,0.5947658,0.13384175,-0.004621082,0.0013026018,-0.005272383,1.9284927,0.703504,0.29649594,0.09703504,0.5146056413650513
507904,1290.8809002272208,8.0,332.7599,500.0,216.22801,-1.0,0.20514512,1.0,0.59527594,0.13772255,-0.0051475354,0.0021324095,-0.00621374,1.9307703,0.69920844,0.30079156,0.09564644,0.5145118832588196
516096,1245.897982659695,8.0,332.859,500.0,216.29408,-1.0,0.20337881,1.0,0.5952718,0.13647161,-0.0036953553,0.0011471236,-0.004268917,1.9243089,0.70045483,0.29954517,0.09616634,0.5149140357971191
524288,1283.290584093634,8.0,332.79605,500.0,216.28192,-1.0,0.20268542,1.0,0.59556586,0.1358214,-0.0050044507,0.0015251127,-0.005767008,1.9126337,0.7007673,0.29923275,0.09654731,0.5152640342712402
532480,1287.7140191749422,8.0,333.3426,500.0,216.09242,-1.0,0.20315458,1.0,0.5947107,0.13585581,-0.003798572,0.0008189445,-0.0042080446,1.9056463,0.7009464,0.29905364,0.09589905,0.5152521133422852
540672,1289.5534255994066,8.0,332.7404,500.0,216.29715,-1.0,0.20384139,1.0,0.595281,0.13647348,-0.004738053,0.0015651989,-0.0055206525,1.8952944,0.7001239,0.2998761,0.0960347,0.515519380569458
548864,1301.9560928257808,8.0,331.67682,500.0,216.62134,-1.0,0.20572124,1.0,0.596432,0.13845795,-0.004508155,0.0015937809,-0.005305045,1.8916626,0.6981132,0.3018868,0.09616555,0.5157866477966309
557056,1300.3781975175227,8.0,329.96902,500.0,217.26662,-1.0,0.2067938,1.0,0.59858924,0.13963912,-0.00447346,0.0016916681,-0.005319294,1.8842893,0.69606674,0.30393326,0.097139455,0.5162509083747864
565248,1278.2616509172547,8.0,329.93878,500.0,217.21184,-1.0,0.2071807,1.0,0.5987393,0.1404606,-0.0053966856,0.0010988872,-0.0059461296,1.8797262,0.6957033,0.30429664,0.09711595,0.516477108001709
573440,1307.1771024654324,8.0,330.62448,500.0,216.96324,-1.0,0.2089379,1.0,0.59733516,0.14090636,-0.0048184227,0.0009806316,-0.0053087384,1.8772764,0.6952989,0.3047011,0.09576321,0.516227126121521
581632,1286.7694402813656,8.0,331.18808,500.0,216.866,-1.0,0.20986238,1.0,0.5958526,0.14162469,-0.0063340254,0.00060701766,-0.006637534,1.8773619,0.6955275,0.30447248,0.094610095,0.515977144241333
589824,1312.7117721075278,8.0,330.11493,500.0,217.18869,-1.0,0.21070422,1.0,0.59726924,0.14316301,-0.0051797214,0.0016538026,-0.006006622,1.8742085,0.6940845,0.3059155,0.09521127,0.5163723230361938
598016,1326.688707576817,8.0,328.12543,500.0,217.734,-1.0,0.21491712,1.0,0.5999066,0.14519042,-0.0030911812,0.0022187144,-0.004200538,1.8696365,0.6895028,0.31049722,0.09558011,0.5166937708854675
606208,1315.3229076483165,8.0,326.9691,500.0,218.10512,-1.0,0.21866521,1.0,0.6006318,0.14876823,-0.0028645443,0.0024038346,-0.004066461,1.8684795,0.6863809,0.3136191,0.09495388,0.5167468190193176
614400,1304.9722658239632,8.0,327.5335,500.0,217.88385,-1.0,0.21769437,1.0,0.6000965,0.14764969,-0.004429806,0.0010132468,-0.0049364297,1.8710654,0.68739945,0.31260052,0.094906166,0.5169513821601868
622592,1278.4893814062395,8.0,326.59525,500.0,218.25296,-1.0,0.21899736,1.0,0.600842,0.14917307,-0.00386627,0.0016071466,-0.0046698432,1.8676583,0.68601584,0.31398416,0.094986804,0.5172013640403748
630784,1285.686380013546,8.0,324.9741,500.0,218.57736,-1.0,0.22020726,1.0,0.60370696,0.14980026,-0.0059127044,0.0023720053,-0.007098707,1.8609805,0.6834197,0.31658033,0.09637306,0.5178084969520569
638976,1281.6270120690199,8.0,323.2345,500.0,219.24777,-1.0,0.22380468,1.0,0.6049667,0.15298195,-0.0034436383,0.0020904695,-0.0044888733,1.8538197,0.68006104,0.31993896,0.09613428,0.5179751515388489
647168,1297.3217716264355,8.0,323.0432,500.0,219.38333,-1.0,0.22613065,1.0,0.604107,0.15487067,-0.0039683343,0.00093122746,-0.004433948,1.8496845,0.67889446,0.32110554,0.094974875,0.5177251696586609
655360,1285.5158105244514,8.0,322.63397,500.0,219.59097,-1.0,0.22337791,1.0,0.60551226,0.15343334,-0.004995673,0.001704253,-0.0058477996,1.8446391,0.68003964,0.3199604,0.096582465,0.5185096263885498
663552,1258.8501989463755,8.0,321.7461,500.0,219.95415,-1.0,0.22319688,1.0,0.606887,0.15339147,-0.0051771402,0.0022050373,-0.006279659,1.8320357,0.6793372,0.32066277,0.09746589,0.519017219543457
671744,1285.8534819426027,8.0,319.4691,500.0,220.61542,-1.0,0.22807859,1.0,0.60876626,0.156788,-0.0035696262,0.0016633027,-0.0044012773,1.8157035,0.67465264,0.3253474,0.097268805,0.5191957950592041
679936,1282.9843895905112,8.0,319.3034,500.0,220.62996,-1.0,0.22637051,1.0,0.609692,0.15521233,-0.004258979,0.0016164114,-0.0050671846,1.8143003,0.6753308,0.32466918,0.09829868,0.5198078751564026
688128,1296.91533992274,8.0,318.98926,500.0,220.62703,-1.0,0.22807837,1.0,0.6098804,0.15586215,-0.0043357224,0.0012736395,-0.0049725417,1.809567,0.67397386,0.3260261,0.09794776,0.5199150443077087
696320,1281.322518680098,7.0,318.30252,500.0,220.84413,-1.0,0.22850575,1.0,0.6107966,0.15607615,-0.005070331,0.0017815193,-0.0059610903,1.8003516,0.67310345,0.32689655,0.0983908,0.5203102231025696
704512,1278.9943115215372,7.0,316.6959,500.0,221.12914,-1.0,0.23361953,1.0,0.61176103,0.15948255,-0.0047042686,0.002706665,-0.006057601,1.7976154,0.66877544,0.3312246,0.097605065,0.5203233957290649
712704,1269.5916036346216,7.0,315.86853,500.0,221.25601,-1.0,0.23395722,1.0,0.6133441,0.15954436,-0.0046058735,0.0018678028,-0.0055397744,1.7882214,0.66755795,0.33244208,0.09848485,0.520879864692688
720896,1290.0289676032814,7.0,315.5,500.0,221.37303,-1.0,0.23371479,1.0,0.61412996,0.16000275,-0.004385993,0.0017858633,-0.0052789245,1.780294,0.6672535,0.33274648,0.09903169,0.5213441252708435
729088,1303.076138984823,7.0,315.90234,500.0,221.35162,-1.0,0.23365301,1.0,0.6132659,0.16002925,-0.005406293,0.000739236,-0.0057759113,1.7759424,0.6678291,0.33217087,0.09851787,0.5213214159011841
737280,1275.006169800351,7.0,315.0262,500.0,221.64879,-1.0,0.23688737,1.0,0.61315304,0.16274266,-0.0033861357,0.0014847887,-0.00412853,1.7740258,0.6655202,0.33447978,0.097592436,0.5212276577949524
745472,1303.5219476678237,7.0,314.97495,500.0,221.6768,-1.0,0.23704334,1.0,0.6134051,0.16290529,-0.0043085255,0.0015193452,-0.005068198,1.7672787,0.66525066,0.33474937,0.097706035,0.5215133428573608
753664,1281.1785667783245,7.0,314.8371,500.0,221.68503,-1.0,0.23803526,1.0,0.613326,0.1632203,-0.0039642896,0.0015476445,-0.004738112,1.7582345,0.6645676,0.3354324,0.09739715,0.521620512008667
761856,1265.0237297947644,7.0,314.4052,500.0,221.78784,-1.0,0.23890501,1.0,0.6138153,0.16417418,-0.0057625356,0.0014897704,-0.006507421,1.7477146,0.66362506,0.33637494,0.097469926,0.5218877792358398
770048,1292.4881778561535,7.0,313.8275,500.0,221.8781,-1.0,0.24006554,1.0,0.6143583,0.16461347,-0.004947591,0.0020160358,-0.005955609,1.7390958,0.66243345,0.33756658,0.097501025,0.5221377611160278
778240,1287.2803544498747,7.0,313.87598,500.0,221.89436,-1.0,0.24118362,1.0,0.61381733,0.16576906,-0.004260896,0.0013101143,-0.0049159527,1.734432,0.6619376,0.33806244,0.0968788,0.5220800638198853
786432,1301.5906827520155,7.0,313.88013,500.0,221.93117,-1.0,0.24218124,1.0,0.61318135,0.1664481,-0.004562939,0.0009913758,-0.0050586266,1.7292335,0.66158783,0.3384122,0.096230954,0.5220152735710144
794624,1241.8287827455324,7.0,313.4251,500.0,222.19307,-1.0,0.24405706,1.0,0.61274785,0.16847067,-0.005746395,0.0012532265,-0.0063730087,1.7150667,0.6604596,0.33954042,0.09548336,0.5219319462776184
802816,1312.0020026893192,7.0,312.31146,500.0,222.54474,-1.0,0.24618992,1.0,0.6134166,0.17045811,-0.005535768,0.0014650854,-0.0062683104,1.706812,0.6584603,0.34153965,0.095349744,0.5221105217933655
811008,1306.5346572934639,7.0,311.9471,500.0,222.55893,-1.0,0.24710424,1.0,0.6138219,0.17102735,-0.0053290674,0.0016807369,-0.0061694356,1.7048604,0.65752894,0.34247103,0.0953668,0.5223444104194641
819200,1254.7535516350904,7.0,311.85977,500.0,222.65582,-1.0,0.248376,1.0,0.613364,0.17199895,-0.004686014,0.00097164704,-0.0051718373,1.7027045,0.656859,0.343141,0.094765,0.5222796201705933
827392,1303.7218646825052,7.0,311.57678,500.0,222.80081,-1.0,0.25075644,1.0,0.61275786,0.1739567,-0.004889145,0.0011040729,-0.005441181,1.6894581,0.6554463,0.3445537,0.093797274,0.5220296382904053
835584,1302.893513732625,7.0,310.73868,500.0,222.95517,-1.0,0.25233644,1.0,0.61345446,0.17522104,-0.0043553347,0.0017945339,-0.0052526016,1.6840944,0.6538318,0.34616822,0.09383178,0.5222635269165039
843776,1295.0754857606573,7.0,310.56345,500.0,223.05186,-1.0,0.25305218,1.0,0.61336464,0.17627761,-0.0051619895,0.0015305468,-0.0059272638,1.6829698,0.65334815,0.34665188,0.09359971,0.5223706960678101
851968,1308.710585286797,7.0,309.12766,500.0,223.33046,-1.0,0.2574763,1.0,0.6141481,0.17982319,-0.0058076414,0.0022331136,-0.006924198,1.6773711,0.6495259,0.35047412,0.09299781,0.5223771333694458
860160,1322.799914748823,7.0,308.46722,500.0,223.45407,-1.0,0.25900576,1.0,0.614655,0.18094052,-0.0055352757,0.0018003427,-0.0064354464,1.6741732,0.6480548,0.35194525,0.09293948,0.5225682854652405
868352,1298.3681084506875,7.0,308.2953,500.0,223.51814,-1.0,0.2585592,1.0,0.61529034,0.18046176,-0.0043803263,0.0017526563,-0.005256654,1.6789175,0.64800286,0.35199714,0.09343795,0.523032546043396
876544,1308.2674975066195,7.0,307.15582,500.0,223.83249,-1.0,0.25958493,1.0,0.616466,0.18150061,-0.0054184925,0.0028584257,-0.0068477048,1.6846508,0.6465002,0.35349983,0.09391488,0.5234235525131226
884736,1300.0258216757347,7.0,306.14142,500.0,224.1152,-1.0,0.26164004,1.0,0.6171019,0.18361937,-0.0044615325,0.0018907075,-0.0054068854,1.6762336,0.64454484,0.3554552,0.09381515,0.5236021280288696
892928,1300.3674197198663,7.0,306.31268,500.0,224.1076,-1.0,0.26136363,1.0,0.61674994,0.1838293,-0.0073078307,0.00090736925,-0.0077615147,1.6671776,0.64497244,0.35502756,0.09366391,0.5237367153167725
901120,1294.3573976271716,7.0,305.21674,500.0,224.44707,-1.0,0.2626744,1.0,0.61765325,0.18577683,-0.005702172,0.0021589396,-0.0067816423,1.6647785,0.6434161,0.35658386,0.093909495,0.5240581631660461
909312,1261.8765807732027,7.0,305.19122,500.0,224.47879,-1.0,0.26273188,1.0,0.6179802,0.1858527,-0.005156878,0.0012943416,-0.005804048,1.6574818,0.6431703,0.35682967,0.09409781,0.5243850946426392
917504,1282.4709913565052,7.0,304.13687,500.0,224.73514,-1.0,0.26373628,1.0,0.6191314,0.18759294,-0.0052611213,0.0020305193,-0.0062763807,1.6476835,0.6416916,0.35830835,0.0945721,0.5247929692268372
925696,1305.469318577821,7.0,304.30573,500.0,224.64687,-1.0,0.26378343,1.0,0.61890465,0.18706515,-0.004356588,0.001603924,-0.0051585496,1.6377242,0.641796,0.35820404,0.094420604,0.52492755651474
933888,1280.7802280320568,7.0,303.24487,500.0,224.82332,-1.0,0.26475382,1.0,0.62054276,0.18833286,-0.004847437,0.0023713598,-0.006033118,1.6279893,0.64003915,0.35996088,0.09520704,0.525467038154602
942080,1287.8063957989907,7.0,302.362,500.0,225.06831,-1.0,0.2673108,1.0,0.6206671,0.19050002,-0.0034979715,0.0023206563,-0.0046582995,1.6169565,0.63800323,0.36199677,0.09468599,0.5254802107810974
950272,1299.8124324601195,7.0,301.99872,500.0,225.1,-1.0,0.26817602,1.0,0.62102413,0.19120812,-0.0063562924,0.0017938628,-0.0072532226,1.6105148,0.6371173,0.36288264,0.09470663,0.525714099407196
958464,1304.896885700872,7.0,302.42545,500.0,225.07454,-1.0,0.26780626,1.0,0.6202849,0.19095293,-0.0051291995,0.0006319564,-0.005445178,1.6162183,0.63786006,0.3621399,0.09433365,0.5256814956665039
966656,1282.8981160930825,7.0,301.57388,500.0,225.29381,-1.0,0.26956794,1.0,0.6207894,0.19256262,-0.0035654034,0.001957023,-0.004543916,1.613646,0.63619286,0.36380714,0.0942392,0.525860071182251
974848,1314.9446730902484,7.0,301.27722,500.0,225.4308,-1.0,0.2703876,1.0,0.6206329,0.19355431,-0.0052036094,0.0012637158,-0.005835467,1.6084096,0.6356589,0.36434108,0.09395349,0.5259326696395874
983040,1257.4502341067382,7.0,301.40308,500.0,225.4782,-1.0,0.27138463,1.0,0.6198359,0.19453193,-0.003434739,0.000732905,-0.0038011917,1.6031299,0.6353846,0.36461538,0.09323077,0.5256826877593994
991232,1281.2337930894585,7.0,301.55246,500.0,225.43694,-1.0,0.27028677,1.0,0.62011385,0.194096,-0.005736377,0.0012862785,-0.0063795163,1.6021318,0.63605857,0.36394143,0.09365467,0.5261469483375549
999424,1284.5620622417678,7.0,300.9879,500.0,225.48595,-1.0,0.2725899,1.0,0.6200352,0.19546697,-0.005322521,0.0015805397,-0.0061127916,1.6071845,0.63433063,0.3656694,0.09307948,0.5260582566261292
1007616,1276.351780236404,7.0,301.1981,500.0,225.50899,-1.0,0.27280912,1.0,0.6195631,0.19556908,-0.0061849826,0.0013056822,-0.0068378244,1.6019816,0.6344538,0.36554623,0.09273709,0.526025652885437
1015808,1289.4469100530002,7.0,301.22656,500.0,225.5932,-1.0,0.27270022,1.0,0.619281,0.19575772,-0.0054434836,0.001354699,-0.0061208326,1.5937275,0.6347127,0.36528727,0.092587076,0.5261459946632385
1024000,1289.2026827776706,7.0,300.6296,500.0,225.6801,-1.0,0.27572986,1.0,0.6189746,0.19783783,-0.0046107364,0.001664743,-0.005443108,1.5902339,0.6325568,0.36744323,0.09171336,0.5258960127830505
1032192,1301.1242188130439,7.0,300.12955,500.0,225.75021,-1.0,0.2780858,1.0,0.61873865,0.19945188,-0.007756247,0.0016214831,-0.008566989,1.5823832,0.6308725,0.3691275,0.09104173,0.5257849097251892
1040384,1286.268754426028,7.0,300.2684,500.0,225.72083,-1.0,0.27768117,1.0,0.6190178,0.1989937,-0.0053602257,0.0013885836,-0.006054518,1.572612,0.63101447,0.3689855,0.09130435,0.5261870622634888
1048576,1275.216507988962,7.0,300.09393,500.0,225.76631,-1.0,0.27721918,1.0,0.61939436,0.1987355,-0.0064531825,0.0019286241,-0.0074174944,1.5721161,0.6311405,0.36885953,0.09164033,0.5265822410583496
1056768,1248.8966523971746,7.0,299.04773,500.0,225.98622,-1.0,0.2784091,1.0,0.6204743,0.1996369,-0.0050205993,0.0020543798,-0.0060477895,1.5672835,0.62954545,0.37045455,0.092045456,0.5269732475280762
1064960,1267.2220370262528,7.0,299.25522,500.0,225.96864,-1.0,0.27805978,1.0,0.6201707,0.19940698,-0.0056537893,0.0010039422,-0.0061557605,1.56131,0.63000566,0.36999437,0.09193458,0.527107834815979
1073152,1299.6027016207486,7.0,299.14105,500.0,226.00726,-1.0,0.27903724,1.0,0.6198507,0.1999859,-0.00624126,0.0013752833,-0.006928901,1.5562937,0.62944305,0.37055695,0.09151973,0.5270430445671082
1081344,1279.3414263588936,7.0,298.50998,500.0,226.13728,-1.0,0.28171745,1.0,0.619734,0.20185423,-0.0051155183,0.002500951,-0.0063659935,1.5521525,0.6274238,0.37257618,0.09085873,0.526928186416626
1089536,1292.150026078238,7.0,298.23236,500.0,226.29572,-1.0,0.28234002,1.0,0.619591,0.20267947,-0.004921095,0.0014596077,-0.0056508984,1.550538,0.62702554,0.37297446,0.09063444,0.5270007848739624
1097728,1325.4073052023134,7.0,297.50366,500.0,226.4938,-1.0,0.28528693,1.0,0.6191869,0.2052483,-0.0050595216,0.0014877821,-0.005803412,1.544323,0.624966,0.375034,0.08974708,0.5267508029937744
1105920,1291.5625578125243,7.0,296.94153,500.0,226.51314,-1.0,0.2856373,1.0,0.6201556,0.20534715,-0.004500014,0.002560219,-0.005780123,1.5339054,0.62409055,0.37590945,0.090272166,0.5272361040115356
1114112,1281.6893050307622,7.0,296.607,500.0,226.53513,-1.0,0.28586695,1.0,0.6207134,0.20504665,-0.0054706233,0.002037518,-0.006489382,1.5291089,0.623564,0.37643602,0.090569064,0.5276110768318176
1122304,1329.8252295233513,7.0,295.02768,500.0,226.71625,-1.0,0.28959158,1.0,0.62168515,0.20726712,-0.006082111,0.002813036,-0.007488628,1.5239187,0.62002635,0.37997365,0.090382084,0.5277456641197205
1130496,1331.9767832663056,7.0,294.9281,500.0,226.78746,-1.0,0.29027197,1.0,0.6216538,0.20779192,-0.005572685,0.0015191517,-0.0063322606,1.5219617,0.6195084,0.38049164,0.09021966,0.5278404951095581
1138688,1309.534972358159,7.0,294.64618,500.0,226.8112,-1.0,0.29079118,1.0,0.6219135,0.20799458,-0.005676182,0.0021646428,-0.006758504,1.5247867,0.6189364,0.38106355,0.090272374,0.5280743837356567
1146880,1262.0172473820564,7.0,294.77805,500.0,226.79102,-1.0,0.2905388,1.0,0.6217595,0.20755924,-0.005405884,0.0014011739,-0.0061064707,1.5243566,0.61923176,0.38076824,0.090229444,0.5282410383224487
1155072,1296.3362477352143,7.0,294.41217,500.0,226.89844,-1.0,0.29225263,1.0,0.6215583,0.20880051,-0.0045385566,0.001475875,-0.0052764937,1.5249301,0.6180005,0.3819995,0.08974687,0.528147280216217
1163264,1294.0404902176047,7.0,293.04373,500.0,227.10576,-1.0,0.2946677,1.0,0.62271416,0.21090867,-0.0050237165,0.0026504607,-0.006348947,1.5199279,0.61536515,0.38463482,0.08996715,0.5284407734870911
1171456,1302.6252028353772,7.0,292.20752,500.0,227.26721,-1.0,0.2953692,1.0,0.62358016,0.21174765,-0.0056730458,0.0020960416,-0.006721067,1.5115557,0.6142678,0.38573217,0.09036295,0.5288486480712891
1179648,1306.7290390376104,7.0,291.51105,500.0,227.25269,-1.0,0.29580957,1.0,0.62474376,0.2120079,-0.007322303,0.0024369203,-0.0085407635,1.5067527,0.6131912,0.3868088,0.09099925,0.5293881297111511
1187840,1278.1159611897654,7.0,291.571,500.0,227.27298,-1.0,0.296825,1.0,0.6239989,0.21273816,-0.004540361,0.00083815225,-0.004959437,1.4996994,0.6128476,0.38715234,0.090327345,0.5291381478309631
1196032,1289.9850880192512,7.0,291.37158,500.0,227.30742,-1.0,0.2980957,1.0,0.62402755,0.21337491,-0.006843349,0.0020036954,-0.007845195,1.4986486,0.6118164,0.3881836,0.09008789,0.5291911959648132
1204224,1306.1984518313225,7.0,290.77255,500.0,227.41724,-1.0,0.29881442,1.0,0.62451804,0.21430504,-0.0044649076,0.0016680941,-0.0052989544,1.4997106,0.61093634,0.38906363,0.09024921,0.5294817090034485
1212416,1270.4550784776357,7.0,290.6379,500.0,227.4567,-1.0,0.30007213,1.0,0.6240184,0.21527019,-0.0049013807,0.0009570484,-0.005379905,1.4866066,0.61024284,0.38975716,0.08968502,0.5292317271232605
1220608,1321.3208497557537,7.0,290.05527,500.0,227.5969,-1.0,0.30069098,1.0,0.62444216,0.21599147,-0.0048300643,0.0019078023,-0.005783965,1.4762464,0.60948294,0.39051703,0.08982607,0.5295080542564392
1228800,1325.9219942883044,7.0,289.42474,500.0,227.65941,-1.0,0.30309474,1.0,0.6243597,0.2177317,-0.0066660447,0.0012055594,-0.0072688246,1.4700072,0.6076069,0.3923931,0.08929837,0.5293969511985779
1236992,1299.5564480219416,7.0,289.01007,500.0,227.72572,-1.0,0.30498946,1.0,0.62412345,0.21899599,-0.0057187476,0.001841419,-0.0066394573,1.4621402,0.606231,0.39376903,0.088779576,0.5292858481407166
1245184,1302.9294319173046,7.0,288.62454,500.0,227.82524,-1.0,0.30483273,1.0,0.6247787,0.21910448,-0.008219471,0.0019632499,-0.009201096,1.4568379,0.605948,0.39405206,0.08921933,0.5297501087188721
1253376,1243.258711841735,7.0,288.09656,500.0,227.89331,-1.0,0.30652225,1.0,0.62489,0.22059642,-0.0054829745,0.0015940643,-0.006280007,1.4565465,0.60451716,0.39548284,0.08896059,0.5297858119010925
1261568,1301.65369876087,7.0,287.8041,500.0,227.84634,-1.0,0.30686498,1.0,0.62545073,0.22069572,-0.0061649075,0.0019306708,-0.007130243,1.455298,0.6038902,0.39610985,0.08924485,0.5301809906959534
1269760,1285.81440901484,7.0,287.87988,500.0,227.81918,-1.0,0.30732483,1.0,0.62511224,0.2207611,-0.0048012366,0.0011496502,-0.005376062,1.459501,0.6037307,0.39626932,0.088944495,0.5301232933998108
1277952,1307.078793523611,7.0,287.85422,500.0,227.83887,-1.0,0.30764014,1.0,0.62503195,0.22114858,-0.005399815,0.0014694832,-0.0061345566,1.4608581,0.60352623,0.39647377,0.08883364,0.5302304625511169
1286144,1309.7545117117188,7.0,287.95236,500.0,227.89597,-1.0,0.30734667,1.0,0.62479824,0.22123598,-0.0044715432,0.0010965567,-0.0050198217,1.4553286,0.60390925,0.39609078,0.088744104,0.5303508043289185
1294336,1299.0575019554065,7.0,287.79718,500.0,227.91302,-1.0,0.3085676,1.0,0.6245482,0.22193606,-0.006770077,0.001042546,-0.00729135,1.4446334,0.60307896,0.396921,0.08835341,0.5302621126174927
1302528,1284.4634280646032,7.0,287.1158,500.0,227.95197,-1.0,0.30990273,1.0,0.6250582,0.22260477,-0.0057151746,0.0023479522,-0.00688915,1.4385881,0.6016799,0.39832008,0.08841733,0.5304883122444153
1310720,1292.3881769353068,7.0,286.33728,500.0,228.05885,-1.0,0.31208935,1.0,0.6251189,0.22432588,-0.0044511743,0.002011488,-0.0054569184,1.4392565,0.5998686,0.4001314,0.08804205,0.5304763913154602
1318912,1253.464779159056,7.0,285.70273,500.0,228.1349,-1.0,0.31335506,1.0,0.62569463,0.22503814,-0.005913481,0.0018517213,-0.006839342,1.4325767,0.5984799,0.40152007,0.08816504,0.5307391881942749
1327104,1272.3828556584344,7.0,285.58188,500.0,228.19037,-1.0,0.3132686,1.0,0.62579125,0.2251713,-0.0062410478,0.0016396353,-0.007060866,1.4325182,0.59848976,0.40151024,0.08824164,0.5309891700744629
1335296,1262.403534991954,7.0,284.84332,500.0,228.28625,-1.0,0.3150919,1.0,0.6260612,0.22652842,-0.006380457,0.0023340315,-0.0075474726,1.4305668,0.59683627,0.40316373,0.08807182,0.5310879945755005
1343488,1313.4564009048086,7.0,284.84027,500.0,228.31001,-1.0,0.31520817,1.0,0.6258776,0.22680415,-0.006333733,0.0019958084,-0.007331638,1.422034,0.5968564,0.40314358,0.087935425,0.5311713218688965
1351680,1308.4970763855074,7.0,283.95474,500.0,228.43095,-1.0,0.3167754,1.0,0.62641174,0.22836453,-0.00575161,0.0021481395,-0.006825679,1.4163852,0.5952431,0.4047569,0.08798148,0.5313864350318909
1359872,1285.1854308534676,7.0,283.19742,500.0,228.52121,-1.0,0.31803006,1.0,0.6269082,0.22917771,-0.0048073446,0.0021696081,-0.005892149,1.4116616,0.5939065,0.40609348,0.08806344,0.5316242575645447
1368064,1289.4592012715154,7.0,282.68988,500.0,228.51813,-1.0,0.3180029,1.0,0.6281936,0.22931719,-0.0078340825,0.0025114457,-0.009089804,1.4053316,0.593122,0.40687796,0.08887508,0.5323742628097534
1376256,1276.9983371021053,7.0,282.74664,500.0,228.5249,-1.0,0.3184346,1.0,0.6278304,0.22964293,-0.0063354415,0.0013979231,-0.007034403,1.4045248,0.5929969,0.40700307,0.088568486,0.5323028564453125
1384448,1300.0052616562382,7.0,282.19327,500.0,228.5814,-1.0,0.31869254,1.0,0.6287039,0.23019089,-0.006339933,0.0021162264,-0.0073980456,1.3988495,0.592237,0.40776303,0.08907048,0.5328028798103333
1392640,1300.9714979434007,7.0,281.71188,500.0,228.62141,-1.0,0.31893754,1.0,0.62932384,0.23025407,-0.004988108,0.0023486512,-0.006162434,1.3944768,0.5916464,0.4083536,0.08941606,0.5332285761833191
1400832,1324.8597075477169,7.0,280.83762,500.0,228.671,-1.0,0.32114148,1.0,0.62965566,0.23217124,-0.005997978,0.002310313,-0.007153135,1.384889,0.58963025,0.41036978,0.089228295,0.5333194732666016
1409024,1283.1116893373242,7.0,280.20782,500.0,228.75601,-1.0,0.32217574,1.0,0.6300001,0.23303227,-0.0046476154,0.00217869,-0.0057369606,1.383899,0.58856344,0.41143653,0.08926081,0.533534586429596
1417216,1311.4231770392023,7.0,279.99762,500.0,228.78595,-1.0,0.32304037,1.0,0.6299465,0.23375197,-0.0066945935,0.0015062388,-0.007447713,1.3800722,0.587886,0.41211402,0.089073636,0.533587634563446
1425408,1272.406791993271,7.0,279.9817,500.0,228.77654,-1.0,0.323292,1.0,0.6298905,0.23405236,-0.0066102147,0.0019231031,-0.007571767,1.3763251,0.58771414,0.4122859,0.0889939,0.5337079763412476
1433600,1286.2155006094783,7.0,279.2215,500.0,228.69614,-1.0,0.32338017,1.0,0.63146096,0.23344164,-0.007289868,0.002649023,-0.00861438,1.3654673,0.586651,0.41334894,0.08996877,0.5344579815864563
1441792,1324.1400613263413,7.0,278.6487,500.0,228.66823,-1.0,0.3253292,1.0,0.6315128,0.23465434,-0.006567047,0.0024609196,-0.0077975066,1.3505042,0.5850116,0.41498837,0.08965918,0.5344579815864563
1449984,1306.0992970691875,7.0,277.88766,500.0,228.78563,-1.0,0.3266129,1.0,0.63188326,0.23576978,-0.005637694,0.0018745543,-0.006574971,1.3402386,0.58371735,0.41628265,0.08966974,0.5346625447273254
1458176,1292.461438126323,7.0,277.6745,500.0,228.80458,-1.0,0.3268423,1.0,0.6320397,0.23602672,-0.0054120347,0.0014440864,-0.006134078,1.3354948,0.5834288,0.4165712,0.08972891,0.5349125266075134
1466368,1273.7185405343068,7.0,276.85645,500.0,228.87965,-1.0,0.33011365,1.0,0.63179815,0.238441,-0.005187411,0.0016437675,-0.0060092947,1.3376544,0.5808712,0.41912878,0.08901515,0.5346625447273254
1474560,1282.0292740703949,7.0,276.19287,500.0,228.94354,-1.0,0.3307042,1.0,0.63254905,0.2393077,-0.0051619485,0.0021759656,-0.0062499316,1.3340895,0.5799061,0.4200939,0.089389674,0.5350792407989502
1482752,1289.8026274635756,7.0,275.50522,500.0,228.98222,-1.0,0.33246464,1.0,0.6326642,0.24042463,-0.0051312614,0.0022674662,-0.0062649944,1.326859,0.5783693,0.42163068,0.089166045,0.5351483821868896
1490944,1306.6419277967598,7.0,275.71393,500.0,228.98938,-1.0,0.33203632,1.0,0.6324835,0.24001531,-0.0051269922,0.0012275021,-0.0057407427,1.3190491,0.5788401,0.4211599,0.089123584,0.5352984070777893
1499136,1293.4427812092501,7.0,275.5494,500.0,228.8823,-1.0,0.33333334,1.0,0.63241667,0.24012871,-0.0069436687,0.0015452243,-0.0077162813,1.3218476,0.57780236,0.42219764,0.088864304,0.5352336168289185
1507328,1286.120945024611,7.0,274.436,500.0,228.92944,-1.0,0.33540258,1.0,0.63333046,0.24138287,-0.0053522037,0.0029946007,-0.006849504,1.3229797,0.5754975,0.42450246,0.08909987,0.5355496406555176
1515520,1311.3738760350668,7.0,273.9018,500.0,228.97058,-1.0,0.336474,1.0,0.63368165,0.24198516,-0.0055038636,0.0021151917,-0.0065614595,1.3197151,0.57437944,0.4256206,0.089146584,0.5357758402824402
1523712,1330.976746737252,7.0,273.43988,500.0,229.00343,-1.0,0.33711302,1.0,0.63404536,0.2425647,-0.006217637,0.0016876583,-0.007061466,1.3163339,0.5736141,0.42638588,0.08927286,0.5360663533210754
1531904,1319.7441047396228,7.0,273.3365,500.0,228.94324,-1.0,0.33828264,1.0,0.63377047,0.24285227,-0.0061073503,0.0020928816,-0.0071537914,1.3113291,0.57280856,0.4271914,0.08890877,0.5359634160995483
1540096,1321.4602927387589,7.0,273.236,500.0,228.92421,-1.0,0.33896497,1.0,0.63368213,0.24328496,-0.0044676303,0.002011281,-0.005473271,1.3154678,0.5722924,0.42770764,0.088742666,0.5360164642333984
1548288,1322.8163640098041,7.0,272.5336,500.0,228.91666,-1.0,0.34027165,1.0,0.6342681,0.24419041,-0.0062598474,0.0029161398,-0.0077179177,1.3178964,0.5708238,0.4291762,0.08890457,0.5363099575042725
1556480,1281.084654763326,7.0,272.61554,500.0,228.92133,-1.0,0.34093702,1.0,0.6336972,0.24463494,-0.005561778,0.0010429895,-0.0060832733,1.3128614,0.57062644,0.42937356,0.08843657,0.5360599756240845
1564672,1280.7231313069153,7.0,272.09988,500.0,228.92702,-1.0,0.3425135,1.0,0.63371664,0.24610656,-0.005034753,0.0018842552,-0.0059768804,1.308401,0.56928706,0.4307129,0.08819941,0.5360731482505798
1572864,1293.1436470353347,7.0,271.90973,500.0,228.86705,-1.0,0.34430775,1.0,0.6333399,0.24693336,-0.005481872,0.0017497902,-0.0063567664,1.3062474,0.5680125,0.43198752,0.08767978,0.5358231663703918
1581056,1277.1634254928742,7.0,270.99655,500.0,228.8072,-1.0,0.34684762,1.0,0.6338548,0.24839558,-0.0066734655,0.002342453,-0.007844692,1.2974217,0.5655386,0.43446144,0.08761381,0.5359731912612915
1589248,1283.4645906755213,7.0,270.51093,500.0,228.80931,-1.0,0.34846416,1.0,0.6338619,0.2492739,-0.007183698,0.001501639,-0.007934517,1.2857234,0.5641638,0.43583617,0.08737201,0.5359796285629272
1597440,1291.9471810670993,7.0,269.70212,500.0,228.80519,-1.0,0.3504736,1.0,0.6341941,0.25076982,-0.005164818,0.002821612,-0.006575624,1.2778442,0.56224626,0.4377537,0.08728011,0.5361142158508301
1605632,1323.1165457368984,7.0,268.8921,500.0,228.8418,-1.0,0.35056219,1.0,0.6355095,0.25117478,-0.006729969,0.002615482,-0.00803771,1.2720159,0.5613358,0.4386642,0.08810203,0.5368216633796692
1613824,1320.414121606071,7.0,268.0962,500.0,228.934,-1.0,0.35203063,1.0,0.6357701,0.252728,-0.0067113275,0.0022263343,-0.007824495,1.2619201,0.55992013,0.4400799,0.08804927,0.5369798541069031
1622016,1318.1117517155724,7.0,268.18286,500.0,228.89719,-1.0,0.35216168,1.0,0.6356564,0.25271884,-0.007025929,0.0018810747,-0.007966466,1.2529428,0.55988073,0.44011927,0.0879576,0.5370746850967407
1630208,1308.4803833648225,7.0,267.81805,500.0,228.91139,-1.0,0.35287338,1.0,0.63577837,0.25334245,-0.00611487,0.0024971322,-0.007363436,1.2456204,0.5591965,0.44080356,0.08793018,0.5372413396835327
1638400,1298.7560599659441,7.0,267.6103,500.0,228.98058,-1.0,0.35385624,1.0,0.63549256,0.25432897,-0.0047420394,0.0009988031,-0.005241441,1.2410014,0.5585394,0.4414606,0.08760439,0.5371384024620056
1646592,1291.2939430562094,7.0,267.61557,500.0,229.0062,-1.0,0.35396644,1.0,0.63531196,0.25462452,-0.0070872363,0.001046333,-0.0076104035,1.2355082,0.55856,0.44144,0.08747353,0.537200927734375
1654784,1301.0442083117896,7.0,267.68143,500.0,229.01538,-1.0,0.35262647,1.0,0.6358861,0.25392917,-0.0038811916,0.0016634858,-0.0047129346,1.2293129,0.5593385,0.4406615,0.08803502,0.5379853844642639
1662976,1296.2023497430305,7.0,266.97183,500.0,228.99403,-1.0,0.35361338,1.0,0.6366295,0.25475696,-0.006688864,0.0027182624,-0.008047995,1.2249197,0.5580235,0.4419765,0.08836311,0.5384020805358887
1671168,1287.2449080759272,7.0,266.2807,500.0,229.0506,-1.0,0.35357085,1.0,0.6376067,0.25495952,-0.005684989,0.0031030402,-0.007236509,1.222214,0.5574373,0.4425627,0.08899185,0.5390216708183289
1679360,1294.7771573192226,7.0,266.2981,500.0,229.09596,-1.0,0.3529412,1.0,0.6377712,0.25451195,-0.0048783226,0.0018173468,-0.0057869954,1.2196796,0.5578696,0.44213036,0.08918919,0.5394168496131897
1687552,1272.1134926397344,7.0,265.86795,500.0,229.10544,-1.0,0.35365662,1.0,0.6380207,0.25488478,-0.005981817,0.0021758724,-0.007069753,1.2125847,0.5571,0.4429,0.089243405,0.5396546721458435
1695744,1271.6707378081803,7.0,265.31915,500.0,229.09314,-1.0,0.3544542,1.0,0.6384449,0.25574943,-0.004493218,0.0022726287,-0.0056295325,1.206684,0.55614805,0.44385195,0.08939774,0.5399602055549622
1703936,1273.7903614263091,7.0,264.438,500.0,229.02588,-1.0,0.35623252,1.0,0.6390459,0.25680444,-0.006804043,0.003366883,-0.008487484,1.2100478,0.5542431,0.4457569,0.0895244,0.540227472782135
1712128,1322.2436308624788,7.0,264.08002,500.0,228.98662,-1.0,0.35480383,1.0,0.6405145,0.25577995,-0.0060610953,0.0032653334,-0.007693762,1.204404,0.5545258,0.4454742,0.09067038,0.5413524508476257
1720320,1291.7784916867442,7.0,263.82568,500.0,228.92076,-1.0,0.3550914,1.0,0.6409739,0.2559082,-0.005613845,0.0018003138,-0.006514002,1.1997631,0.55398554,0.44601443,0.090923056,0.5417781472206116
1728512,1289.2459770228802,7.0,263.12292,500.0,228.90067,-1.0,0.35702303,1.0,0.6411264,0.25710326,-0.00629468,0.0024890928,-0.0075392267,1.1918886,0.55223423,0.44776574,0.090742715,0.5418542623519897
1736704,1281.2128199071262,7.0,262.61493,500.0,228.96246,-1.0,0.35687226,1.0,0.64184606,0.25736254,-0.0062091276,0.0024280522,-0.007423153,1.1884629,0.5519018,0.44809818,0.091225944,0.5424376130104065
1744896,1295.8420189100846,7.0,262.42532,500.0,228.99014,-1.0,0.3571967,1.0,0.6418516,0.25770777,-0.004273863,0.0015620027,-0.0050548646,1.1816143,0.5516202,0.4483798,0.09118312,0.5426042675971985
1753088,1269.490048614893,7.0,262.06485,500.0,228.97012,-1.0,0.357849,1.0,0.64205736,0.25807688,-0.005639001,0.0022424562,-0.0067602294,1.1678991,0.5509287,0.4490713,0.091222286,0.5428420901298523
1761280,1292.539083636229,7.0,261.36185,500.0,228.97443,-1.0,0.35960737,1.0,0.64212495,0.25954473,-0.0064371843,0.0021376018,-0.007505985,1.1595217,0.54937536,0.45062461,0.09101725,0.5429046154022217
1769472,1274.4786186594067,7.0,260.83487,500.0,228.9673,-1.0,0.36065573,1.0,0.6425193,0.26024345,-0.007120459,0.0023504882,-0.008295703,1.1513802,0.54822034,0.45177963,0.09112391,0.5431865453720093
1777664,1278.700965687086,7.0,260.3279,500.0,228.95103,-1.0,0.3604873,1.0,0.6434353,0.26043853,-0.0058574774,0.0026599267,-0.0071874405,1.1458775,0.5477763,0.4522237,0.091736384,0.5438889265060425
1785856,1311.1073144166123,7.0,259.8807,500.0,228.98233,-1.0,0.3613825,1.0,0.6436205,0.26116836,-0.0070309965,0.002548303,-0.008305148,1.1493416,0.5468864,0.45311362,0.09173108,0.5440934896469116
1794048,1289.8422336753945,7.0,259.676,500.0,228.96483,-1.0,0.36186883,1.0,0.64367753,0.26146165,-0.005770414,0.0024409054,-0.0069908667,1.1508641,0.54643065,0.45356935,0.091700524,0.5442720651626587
1802240,1245.4645269355503,7.0,259.51788,500.0,228.95747,-1.0,0.36244226,1.0,0.6437328,0.2617722,-0.0065428084,0.001977232,-0.007531424,1.1489358,0.5459007,0.4540993,0.09165704,0.5444387197494507
1810432,1303.8169976455604,7.0,259.1341,500.0,228.98293,-1.0,0.36230636,1.0,0.6443646,0.26162967,-0.006175096,0.0023122071,-0.0073311995,1.1395288,0.545611,0.45438898,0.09208262,0.5449841618537903
1818624,1313.0501350510626,7.0,258.96518,500.0,229.0158,-1.0,0.3625339,1.0,0.6445444,0.26189104,-0.004857175,0.0021696459,-0.005941998,1.1323526,0.5452989,0.4547011,0.09216721,0.5452746748924255
1826816,1316.6724600951513,7.0,258.78717,500.0,229.05042,-1.0,0.36333948,1.0,0.6442456,0.26262808,-0.007597273,0.0016075908,-0.008401069,1.1338258,0.5447962,0.45520374,0.091864266,0.5451717376708984
1835008,1327.7086784043292,7.0,258.3787,500.0,229.06897,-1.0,0.36344388,1.0,0.64473677,0.26255295,-0.00560823,0.0027397755,-0.006978118,1.1325266,0.54438955,0.45561045,0.09216655,0.545635998249054
1843200,1306.8938516832302,7.0,258.03183,500.0,229.05443,-1.0,0.364427,1.0,0.64471465,0.26319897,-0.0073015112,0.0023311744,-0.008467099,1.1328754,0.5435545,0.45644552,0.092018515,0.5457268953323364
1851392,1308.7716006284284,7.0,257.9961,500.0,229.05206,-1.0,0.3650705,1.0,0.6443886,0.2636446,-0.005209822,0.0016063136,-0.006012979,1.123257,0.5432082,0.45679185,0.09172135,0.5456239581108093
1859584,1303.9235254413886,7.0,257.9404,500.0,229.07738,-1.0,0.36482355,1.0,0.6445071,0.26365018,-0.0068245144,0.0016661257,-0.0076575773,1.1099051,0.5433454,0.45665464,0.091831066,0.545945405960083
1867776,1323.9912771584527,7.0,256.31323,500.0,229.09604,-1.0,0.36805937,1.0,0.6451427,0.26634315,-0.0059530763,0.003446936,-0.007676543,1.1040169,0.5401319,0.45986807,0.091808684,0.5461441278457642
1875968,1313.3016248332704,7.0,256.16956,500.0,229.08783,-1.0,0.3685218,1.0,0.6451529,0.26646936,-0.005622278,0.001812795,-0.0065286756,1.0958079,0.53972375,0.46027622,0.09175441,0.5462995171546936
1884160,1285.4025554566015,7.0,256.0038,500.0,229.11226,-1.0,0.36969534,1.0,0.6446364,0.26745316,-0.0047572157,0.0012775942,-0.005396012,1.0825782,0.539037,0.460963,0.09126768,0.5460495352745056
1892352,1272.1962961996178,7.0,255.49263,500.0,229.12816,-1.0,0.3698797,1.0,0.64528,0.26796776,-0.0065558422,0.002809738,-0.007960711,1.0718158,0.53846157,0.46153846,0.09165878,0.5465773344039917
1900544,1282.7466266418796,7.0,255.27913,500.0,229.13753,-1.0,0.36951843,1.0,0.6457507,0.26780677,-0.0047029103,0.0027234307,-0.006064626,1.0730987,0.5384719,0.46152812,0.092009686,0.5471381545066833
1908736,1302.118321922026,7.0,255.37965,500.0,229.15211,-1.0,0.36974,1.0,0.6454683,0.26791492,-0.0054459465,0.0012464297,-0.006069161,1.0764606,0.53846157,0.46153846,0.09179845,0.5470667481422424
1916928,1288.1193392422322,7.0,255.54579,500.0,229.18309,-1.0,0.3694259,1.0,0.64528674,0.2676877,-0.0051782033,0.0012203584,-0.005788382,1.0742335,0.5388518,0.4611482,0.091722295,0.5471739172935486
1925120,1277.1370312679053,7.0,255.2933,500.0,229.21002,-1.0,0.36995217,1.0,0.6452931,0.2683047,-0.00821013,0.0011479745,-0.008784118,1.0654409,0.53839004,0.46161,0.09165781,0.5473186373710632
1933312,1248.8324678851163,7.0,254.97821,500.0,229.23593,-1.0,0.3709379,1.0,0.64511234,0.2692311,-0.0060262643,0.0020425813,-0.007047554,1.0604783,0.5376486,0.46235138,0.091413476,0.5473067164421082
1941504,1282.8346039876972,7.0,254.80807,500.0,229.27264,-1.0,0.37176284,1.0,0.64479136,0.270023,-0.004224073,0.0014642893,-0.0049562184,1.0604396,0.53713685,0.46286315,0.091100305,0.547191858291626
1949696,1304.0502632467144,7.0,254.89552,500.0,229.26465,-1.0,0.37156323,1.0,0.6447873,0.2697227,-0.0072032716,0.001607843,-0.008007193,1.0478524,0.53731346,0.46268657,0.09112333,0.5474257469177246
1957888,1341.1162265604391,7.0,254.93896,500.0,229.29906,-1.0,0.3715441,1.0,0.644635,0.26998836,-0.0062034335,0.0013630771,-0.0068849716,1.0332618,0.53742826,0.46257174,0.09102765,0.5475090742111206
1966080,1288.8199333799553,7.0,254.53682,500.0,229.30717,-1.0,0.37201762,1.0,0.6449293,0.2703344,-0.0040011806,0.0024722435,-0.0052373023,1.0308412,0.5368257,0.46317428,0.09115664,0.5478272438049316
1974272,1301.7765925980707,7.0,254.3551,500.0,229.3065,-1.0,0.37304762,1.0,0.6446944,0.27109653,-0.004846931,0.0013775167,-0.005535689,1.0249267,0.53607845,0.46392152,0.09087389,0.5477200746536255
1982464,1299.1944958502784,7.0,253.92952,500.0,229.31482,-1.0,0.37317073,1.0,0.64533406,0.27128774,-0.006820728,0.0020877973,-0.007864628,1.0176445,0.5355584,0.4644416,0.09127086,0.5482840538024902
1990656,1318.7374937464078,7.0,253.44489,500.0,229.34386,-1.0,0.3735647,1.0,0.64573133,0.2717296,-0.002610836,0.0030723684,-0.00414702,1.0113559,0.5349579,0.4650421,0.09147742,0.5486590266227722
1998848,1285.4969092468189,7.0,253.08728,500.0,229.31795,-1.0,0.37358874,1.0,0.6463023,0.27204683,-0.0064043165,0.0028003706,-0.007804501,1.0063231,0.5345681,0.46543193,0.09184321,0.5491868257522583
2007040,1281.7915780578592,7.0,252.58916,500.0,229.33919,-1.0,0.37503153,1.0,0.6461308,0.27330858,-0.007570779,0.0014887671,-0.008315163,1.0009484,0.5334174,0.4665826,0.09155107,0.5491495728492737
2015232,1296.4857297377944,7.0,252.73367,500.0,229.36314,-1.0,0.37487438,1.0,0.6459552,0.27319667,-0.00498209,0.001039428,-0.005501804,0.9961193,0.53366834,0.46633166,0.091457285,0.5492329001426697
2023424,1254.1141212390844,7.0,252.44264,500.0,229.36028,-1.0,0.37540615,1.0,0.6460887,0.27350816,-0.0058770655,0.002279438,-0.0070167836,0.9963335,0.5331167,0.46688327,0.09147713,0.5494590997695923
2031616,1261.5303547405576,7.0,252.23862,500.0,229.36484,-1.0,0.37515542,1.0,0.6464907,0.2734385,-0.0055076145,0.0024055294,-0.006710379,0.99422127,0.53307635,0.46692365,0.09176822,0.549959123134613
2039808,1246.1202919976563,7.0,251.79372,500.0,229.33499,-1.0,0.37595844,1.0,0.64682925,0.27380508,-0.007358485,0.003001058,-0.008859014,0.99353445,0.5321543,0.46784565,0.09188721,0.5502772927284241
2048000,1268.9674263257423,7.0,251.72334,500.0,229.37039,-1.0,0.37601575,1.0,0.6467817,0.27406183,-0.007135983,0.001599555,-0.007935761,0.99118924,0.53213495,0.46786505,0.0918493,0.5504439473152161
2056192,1291.614361763413,7.0,251.3126,500.0,229.38998,-1.0,0.377005,1.0,0.64675593,0.27510852,-0.0064175287,0.001918918,-0.007376987,0.99444795,0.53128445,0.46871555,0.091710545,0.5505272746086121
2064384,1285.5345199700478,7.0,250.64246,500.0,229.4257,-1.0,0.37927246,1.0,0.64618397,0.27668616,-0.006433638,0.002011196,-0.007439236,0.9912515,0.5296631,0.4703369,0.09106445,0.5507028102874756
2072576,1296.6982237212444,7.0,249.84265,500.0,229.5401,-1.0,0.38256836,1.0,0.644901,0.27898803,-0.0075288448,0.0017902139,-0.008423952,0.97656876,0.5275879,0.4724121,0.08984375,0.5505778193473816
2080768,1299.9381755894647,7.0,249.60425,500.0,229.63069,-1.0,0.3824463,1.0,0.645068,0.27936423,-0.0058483863,0.0013495587,-0.0065231654,0.96865034,0.5275879,0.4724121,0.08996582,0.5511611700057983
2088960,1272.8276154130226,7.0,249.17102,500.0,229.67842,-1.0,0.383667,1.0,0.6449109,0.28045338,-0.005691053,0.00096748467,-0.006174796,0.9704802,0.5266113,0.47338867,0.08972168,0.5510778427124023
2097152,1294.4189349465523,7.0,247.75989,500.0,229.65585,-1.0,0.38659668,1.0,0.6452433,0.2830337,-0.0060565695,0.0022789515,-0.0071960455,0.9631527,0.5238037,0.4761963,0.08959961,0.5512199997901917
2105344,1327.1039708906255,7.0,247.03027,500.0,229.6895,-1.0,0.38830566,1.0,0.645163,0.28446263,-0.0052297916,0.0012256192,-0.0058426,0.9557864,0.52233887,0.47766113,0.08935547,0.5512641072273254
2113536,1309.3068751747392,7.0,245.7052,500.0,229.69614,-1.0,0.39086914,1.0,0.6456015,0.28702426,-0.007259081,0.002247348,-0.008382755,0.9537412,0.5197754,0.4802246,0.08935547,0.5514141321182251
2121728,1297.4031865159664,6.0,244.88159,500.0,229.70312,-1.0,0.39135742,1.0,0.6464397,0.28799224,-0.0062722317,0.0031314958,-0.00783798,0.9534694,0.5187988,0.48120117,0.08984375,0.5522355437278748
2129920,1267.5389425531189,6.0,244.29053,500.0,229.69122,-1.0,0.3927002,1.0,0.64647514,0.28935975,-0.0041220766,0.0021002206,-0.005172187,0.9552058,0.5175781,0.48242188,0.08972168,0.5524506568908691
2138112,1302.3303464156875,6.0,243.43262,500.0,229.6819,-1.0,0.3955078,1.0,0.6459907,0.2919627,-0.0072284145,0.0021626768,-0.008309752,0.9549248,0.51538086,0.48461914,0.08911133,0.5523929595947266
2146304,1269.6813514537998,6.0,242.40979,500.0,229.63155,-1.0,0.39746094,1.0,0.64630365,0.29387468,-0.007945032,0.0018087926,-0.008849429,0.9503078,0.51342773,0.48657227,0.08911133,0.5526307821273804
2154496,1306.871383821121,6.0,241.82031,500.0,229.64084,-1.0,0.3980713,1.0,0.64677775,0.2949444,-0.0045885476,0.0022521548,-0.005714625,0.9453684,0.51257324,0.48742676,0.08935547,0.552912712097168
2162688,1292.8483969065771,6.0,241.37964,500.0,229.63805,-1.0,0.39953613,1.0,0.6464406,0.29623255,-0.005182531,0.0015509689,-0.0059580156,0.940037,0.5114746,0.4885254,0.08898926,0.5530198812484741
2170880,1287.3684724657287,6.0,240.83215,500.0,229.5783,-1.0,0.40100098,1.0,0.646289,0.2972942,-0.00683631,0.0019560321,-0.007814325,0.9335502,0.5102539,0.4897461,0.08874512,0.553013801574707
2179072,1264.2286920284548,6.0,239.55933,500.0,229.43468,-1.0,0.40393066,1.0,0.64654213,0.2996845,-0.0050883675,0.0023037163,-0.006240226,0.9255808,0.5074463,0.4925537,0.08862305,0.5530415773391724
2187264,1311.7668354109496,6.0,238.72949,500.0,229.36575,-1.0,0.40612793,1.0,0.6464873,0.30147237,-0.0059288377,0.002764837,-0.0073112557,0.91887075,0.50549316,0.49450684,0.088378906,0.5530188679695129
2195456,1321.189361253143,6.0,237.41895,500.0,229.2195,-1.0,0.40795898,1.0,0.64750504,0.30312246,-0.005753373,0.002099776,-0.006803261,0.9182216,0.5031738,0.49682617,0.08886719,0.5533244013786316
2203648,1285.9786082791004,6.0,236.50269,500.0,229.13129,-1.0,0.4095459,1.0,0.64791715,0.30446273,-0.0073567666,0.0025134615,-0.008613497,0.9203399,0.50146484,0.49853516,0.08898926,0.5536425709724426
2211840,1330.4309261410835,6.0,235.49866,500.0,229.08345,-1.0,0.4107666,1.0,0.6486512,0.30568504,-0.0058792355,0.0024639003,-0.007111185,0.91770774,0.49987793,0.5001221,0.08935547,0.5543016791343689
2220032,1312.2329443554,6.0,234.74927,500.0,229.03474,-1.0,0.41345215,1.0,0.64807385,0.30769008,-0.0061059175,0.0017786727,-0.0069952537,0.9224878,0.49780273,0.50219727,0.08874512,0.5542739033699036
2228224,1312.13973615556,6.0,234.25195,500.0,228.99179,-1.0,0.41418457,1.0,0.64835954,0.30855322,-0.0063373195,0.0019182442,-0.007296441,0.92269623,0.49694824,0.50305176,0.08886719,0.5545644164085388
2236416,1293.3178046689054,6.0,233.62183,500.0,228.91777,-1.0,0.41503906,1.0,0.6488484,0.30929723,-0.0069102077,0.0014612353,-0.0076408256,0.92516595,0.4958496,0.5041504,0.08911133,0.5545708537101746
2244608,1290.229466504453,6.0,232.73572,500.0,228.83202,-1.0,0.41711426,1.0,0.64892876,0.31094125,-0.005445199,0.0016326499,-0.006261524,0.92856556,0.49389648,0.5061035,0.08898926,0.5545481443405151
2252800,1284.5816083973993,6.0,231.90308,500.0,228.71732,-1.0,0.4189453,1.0,0.64915997,0.31247556,-0.0065017026,0.0020823625,-0.007542885,0.93224376,0.49206543,0.5079346,0.08898926,0.5547329187393188
2260992,1272.2556972014308,6.0,231.28955,500.0,228.6404,-1.0,0.41906738,1.0,0.6501147,0.31260484,-0.0044423426,0.0026673903,-0.0057760375,0.92973787,0.491333,0.508667,0.08959961,0.5553718209266663
2269184,1293.7632443431314,6.0,230.66833,500.0,228.64047,-1.0,0.4210205,1.0,0.64979154,0.31433624,-0.0049389075,0.0017431469,-0.0058104806,0.9290389,0.4897461,0.5102539,0.0892334,0.5552468299865723
2277376,1318.947067172574,6.0,230.17786,500.0,228.61948,-1.0,0.42236328,1.0,0.64957756,0.31553847,-0.0055388752,0.001939742,-0.006508746,0.9243674,0.48864746,0.51135254,0.08898926,0.5553814172744751
2285568,1302.2024621137114,6.0,229.32727,500.0,228.55331,-1.0,0.42407227,1.0,0.6495916,0.31712133,-0.0053834426,0.0024402638,-0.0066035744,0.90960675,0.48706055,0.51293945,0.08886719,0.5554505586624146
2293760,1287.243171977147,6.0,228.55225,500.0,228.44603,-1.0,0.42565918,1.0,0.6497752,0.31861657,-0.0062404023,0.0023667233,-0.007423764,0.8954895,0.48547363,0.51452637,0.08886719,0.5553892254829407
2301952,1256.0798279172154,6.0,227.8623,500.0,228.38629,-1.0,0.42700195,1.0,0.6499274,0.3199459,-0.0051470352,0.0013209713,-0.005807521,0.8835674,0.48413086,0.51586914,0.08886719,0.5552781224250793
2310144,1290.419365751799,6.0,226.99585,500.0,228.32727,-1.0,0.4276123,1.0,0.65074646,0.3208445,-0.0046600476,0.0023998818,-0.005859988,0.8787055,0.48303223,0.5169678,0.08935547,0.5555382966995239
2318336,1284.061124914126,6.0,226.46057,500.0,228.25383,-1.0,0.42895508,1.0,0.6507068,0.32191265,-0.006352643,0.0017463394,-0.0072258133,0.8715162,0.48181152,0.5181885,0.0892334,0.5554102659225464
2326528,1315.5819179010136,6.0,225.52332,500.0,228.14162,-1.0,0.43200684,1.0,0.6500946,0.3244487,-0.005441622,0.0025398831,-0.006711563,0.8590913,0.47937012,0.5206299,0.08862305,0.5555988550186157
2334720,1275.8463284123263,6.0,225.13025,500.0,228.09358,-1.0,0.4326172,1.0,0.6503459,0.32479858,-0.0069816876,0.0019009482,-0.007932162,0.85278165,0.4786377,0.5213623,0.08874512,0.5559302568435669
2342912,1270.5308540191827,6.0,224.80151,500.0,228.04553,-1.0,0.43310547,1.0,0.6505839,0.32521188,-0.00655265,0.0013116212,-0.0072084605,0.84891546,0.47802734,0.52197266,0.08886719,0.5559927821159363
2351104,1293.083593485594,6.0,224.3164,500.0,227.97937,-1.0,0.43395996,1.0,0.6508588,0.3261047,-0.00431205,0.0024849982,-0.005554549,0.8492882,0.47705078,0.5229492,0.08898926,0.5561973452568054
2359296,1303.3753379707193,6.0,223.50696,500.0,227.88336,-1.0,0.43554688,1.0,0.6510179,0.3275316,-0.0059736194,0.0025116121,-0.007229426,0.8497616,0.47546387,0.52453613,0.08898926,0.5565028786659241
2367488,1291.058669331468,6.0,222.8064,500.0,227.82549,-1.0,0.43676758,1.0,0.6511376,0.3290322,-0.0059617097,0.002265299,-0.007094359,0.8543192,0.47424316,0.52575684,0.08898926,0.5566876530647278
2375680,1290.8772628985862,6.0,222.33215,500.0,227.73927,-1.0,0.43798828,1.0,0.6510675,0.32964477,-0.0059926785,0.002398307,-0.0071918317,0.85860175,0.47314453,0.52685547,0.08886719,0.5570328831672668
2383872,1288.0612483035493,6.0,221.68188,500.0,227.67804,-1.0,0.43933105,1.0,0.6510065,0.3309396,-0.007847714,0.0016238013,-0.008659614,0.8501811,0.47192383,0.5280762,0.08874512,0.5570268034934998
2392064,1273.863182196744,6.0,221.09155,500.0,227.58977,-1.0,0.43969727,1.0,0.6516028,0.33132845,-0.006712736,0.0014803696,-0.0074529205,0.8402642,0.4711914,0.5288086,0.08911133,0.5571821928024292
2400256,1299.492750261574,6.0,220.6471,500.0,227.48605,-1.0,0.4399414,1.0,0.65218705,0.33137238,-0.0035818135,0.0037147151,-0.0054391706,0.8411072,0.47058105,0.52941895,0.08947754,0.5579848289489746
2408448,1280.6386413140526,6.0,220.59741,500.0,227.5286,-1.0,0.4404297,1.0,0.6516702,0.33212855,-0.0052984636,0.001964123,-0.0062805256,0.84298885,0.47045898,0.529541,0.08911133,0.5578776597976685
2416640,1288.258044700345,6.0,219.67725,500.0,227.32758,-1.0,0.44274902,1.0,0.6516908,0.33358952,-0.0057238014,0.002503316,-0.006975459,0.84239477,0.46826172,0.5317383,0.08898926,0.5578863024711609
2424832,1276.4488405736693,6.0,219.41467,500.0,227.30653,-1.0,0.44384766,1.0,0.6514116,0.33436984,-0.0076851943,0.0019797927,-0.00867509,0.8408333,0.46740723,0.5325928,0.08874512,0.5580021739006042
2433024,1248.2735608705837,6.0,219.35583,500.0,227.32997,-1.0,0.4437256,1.0,0.6514011,0.33426437,-0.006844954,0.001972496,-0.007831202,0.8397336,0.4675293,0.5324707,0.08874512,0.5582926869392395
2441216,1294.3055196787357,6.0,218.69434,500.0,227.23369,-1.0,0.44506836,1.0,0.65151566,0.335596,-0.0058797793,0.0019542617,-0.0068569104,0.8447438,0.46618652,0.5338135,0.08874512,0.5582649111747742
2449408,1277.0711928753456,6.0,218.35815,500.0,227.1496,-1.0,0.44750977,1.0,0.65040445,0.33729517,-0.00715131,0.0018424145,-0.008072518,0.83681387,0.4645996,0.5354004,0.087890625,0.558150053024292
2457600,1293.2992087440339,6.0,218.37439,500.0,227.1376,-1.0,0.44702148,1.0,0.65074015,0.33742347,-0.0059338934,0.0029442578,-0.007406023,0.8342473,0.46484375,0.53515625,0.088134766,0.5585977435112
2465792,1264.4431667108881,6.0,218.03735,500.0,227.12741,-1.0,0.4482422,1.0,0.6502755,0.33870763,-0.0068430677,0.0022635455,-0.007974841,0.83677524,0.46398926,0.53601074,0.087768555,0.5588239431381226
2473984,1270.2005707813198,6.0,217.53052,500.0,227.05756,-1.0,0.44970703,1.0,0.65001494,0.34005404,-0.0065686274,0.0018620844,-0.007499669,0.83944124,0.46276855,0.53723145,0.087524414,0.5588303804397583
2482176,1254.7499317660622,6.0,217.24268,500.0,227.09853,-1.0,0.45031738,1.0,0.6498741,0.34098613,-0.0057191104,0.0024507707,-0.006944496,0.836231,0.46228027,0.5377197,0.087402344,0.5588634014129639
2490368,1316.3746401636088,6.0,216.89441,500.0,227.08649,-1.0,0.45129395,1.0,0.64957225,0.3420428,-0.0075521185,0.0014853192,-0.008294779,0.8309789,0.46154785,0.53845215,0.0871582,0.5589792728424072
2498560,1272.6833030902067,6.0,215.969,500.0,226.94849,-1.0,0.45300293,1.0,0.64969814,0.3433112,-0.0073441463,0.0028028241,-0.008745558,0.82886434,0.45983887,0.54016113,0.0871582,0.5593292713165283
2506752,1298.2920176461748,6.0,214.8147,500.0,226.72522,-1.0,0.45483398,1.0,0.6502035,0.34465113,-0.0073160892,0.0028005345,-0.008716356,0.82099354,0.45776367,0.5422363,0.087402344,0.5595965385437012
2514944,1271.7029782577847,6.0,214.0083,500.0,226.59698,-1.0,0.45617676,1.0,0.6504832,0.3459075,-0.006041114,0.0022840574,-0.007183143,0.8076921,0.45629883,0.5437012,0.087524414,0.5598567128181458
2523136,1288.3703542524252,6.0,213.47278,500.0,226.51949,-1.0,0.45666504,1.0,0.65089107,0.34660298,-0.0074704182,0.002038106,-0.008489472,0.79201156,0.4555664,0.5444336,0.087768555,0.56021648645401
2531328,1275.1074263178239,6.0,212.88,500.0,226.38126,-1.0,0.4567871,1.0,0.65183616,0.3467331,-0.00593355,0.0025388354,-0.007202967,0.78188336,0.45483398,0.545166,0.088378906,0.5607357025146484
2539520,1303.4456966200212,6.0,212.42993,500.0,226.24089,-1.0,0.45812988,1.0,0.65173656,0.34759486,-0.0072007705,0.002534056,-0.008467799,0.78008914,0.45361328,0.5463867,0.088256836,0.5606817603111267
2547712,1269.325155999624,6.0,212.04724,500.0,226.19974,-1.0,0.45910645,1.0,0.65161127,0.34834883,-0.0060209013,0.002176259,-0.007109031,0.7779699,0.4527588,0.5472412,0.088134766,0.5608572959899902
2555904,1285.1936029487563,6.0,211.83765,500.0,226.17717,-1.0,0.45861816,1.0,0.6521422,0.34834397,-0.0061899545,0.0019021467,-0.007141027,0.7828499,0.45288086,0.54711914,0.08850098,0.5611628293991089
2564096,1270.7905230851804,6.0,211.54236,500.0,226.1132,-1.0,0.4588623,1.0,0.6525319,0.34857693,-0.0069280453,0.0017361819,-0.0077961357,0.78703344,0.45239258,0.5476074,0.08874512,0.5614683628082275
2572288,1282.0443422814317,6.0,211.31396,500.0,226.06462,-1.0,0.45983887,1.0,0.6522185,0.34926105,-0.0054364554,0.0018549031,-0.0063639064,0.7847041,0.45166016,0.54833984,0.08850098,0.5613465905189514
2580480,1267.716748303918,6.0,211.23889,500.0,226.1144,-1.0,0.4597168,1.0,0.65221095,0.34930772,-0.0038754987,0.0015863462,-0.004668671,0.78324175,0.45178223,0.5482178,0.08850098,0.5613743662834167
2588672,1295.756206515848,6.0,210.81934,500.0,226.08307,-1.0,0.46020508,1.0,0.6524281,0.349854,-0.008650948,0.0019382488,-0.009620073,0.77686113,0.45117188,0.5488281,0.08862305,0.5615499019622803
2596864,1313.913059745183,6.0,210.37915,500.0,226.00616,-1.0,0.4621582,1.0,0.6516083,0.3514067,-0.005776168,0.001599676,-0.0065760063,0.7649959,0.4498291,0.5501709,0.088012695,0.5615438222885132
2605056,1310.67360164252,6.0,210.35791,500.0,225.93176,-1.0,0.46264648,1.0,0.6514491,0.3512837,-0.0077174148,0.0021411176,-0.008787974,0.75238734,0.4494629,0.5505371,0.087890625,0.5616885423660278
2613248,1286.7916077928185,6.0,209.72559,500.0,225.7908,-1.0,0.46484375,1.0,0.65100914,0.3526977,-0.0056289057,0.0024317838,-0.006844797,0.7433265,0.44763184,0.55236816,0.087524414,0.5616139769554138
2621440,1280.871707979008,6.0,208.7727,500.0,225.5995,-1.0,0.4663086,1.0,0.65127397,0.35394102,-0.0058034984,0.0031511828,-0.0073790895,0.74217343,0.44604492,0.5539551,0.087646484,0.5619779825210571
2629632,1281.9800058846165,6.0,208.42822,500.0,225.49915,-1.0,0.46740723,1.0,0.65114254,0.354447,-0.0074466,0.0023340236,-0.008613612,0.74748576,0.44506836,0.55493164,0.087524414,0.5621825456619263
2637824,1310.2689552668637,6.0,207.79175,500.0,225.3784,-1.0,0.46826172,1.0,0.6513721,0.35521483,-0.006453975,0.0032140035,-0.008060977,0.74649525,0.4440918,0.5559082,0.087646484,0.5627017617225647
2646016,1300.1456532935426,6.0,207.77222,500.0,225.3439,-1.0,0.46862793,1.0,0.65120244,0.35538158,-0.005480538,0.0018859891,-0.0064235325,0.74431103,0.44384766,0.55615234,0.087524414,0.5626898407936096
2654208,1305.129595987524,6.0,206.91418,500.0,225.16068,-1.0,0.47045898,1.0,0.65128803,0.356933,-0.007166967,0.002635426,-0.00848468,0.73735255,0.4420166,0.5579834,0.087524414,0.5627659559249878
2662400,1250.155210643661,6.0,205.84595,500.0,224.90666,-1.0,0.47314453,1.0,0.6510294,0.35915774,-0.00505669,0.003036799,-0.006575089,0.7240323,0.4395752,0.5604248,0.08728027,0.5627398490905762
2670592,1289.5060455438538,6.0,204.90381,500.0,224.6282,-1.0,0.47521973,1.0,0.6511118,0.3605125,-0.003956037,0.0018749096,-0.0048934915,0.71198046,0.4375,0.5625,0.08728027,0.5626009702682495
2678784,1320.9138182131182,6.0,205.10815,500.0,224.7129,-1.0,0.47509766,1.0,0.6509195,0.36043304,-0.007909093,0.0016684441,-0.008743315,0.7133364,0.43774414,0.56225586,0.0871582,0.5627921223640442
2686976,1301.0811577514223,6.0,204.23853,500.0,224.41061,-1.0,0.47680664,1.0,0.65117013,0.36164603,-0.004854774,0.0024520261,-0.0060807876,0.7200537,0.4359131,0.5640869,0.08728027,0.5628682374954224
2695168,1307.784389624669,6.0,203.74487,500.0,224.35378,-1.0,0.4769287,1.0,0.6517367,0.3622143,-0.005149573,0.0026413517,-0.006470249,0.71706885,0.4354248,0.5645752,0.087646484,0.5630028247833252
2703360,1249.1892884474923,6.0,203.61572,500.0,224.34978,-1.0,0.477417,1.0,0.6513791,0.36267227,-0.00414446,0.0016832887,-0.0049861046,0.7160252,0.43518066,0.56481934,0.087402344,0.5630230903625488
2711552,1278.062762286625,6.0,202.96631,500.0,224.26541,-1.0,0.47875977,1.0,0.6512368,0.36409092,-0.0061125513,0.0018707972,-0.0070479503,0.71982306,0.43395996,0.56604004,0.08728027,0.5631219148635864
2719744,1293.2793963967667,6.0,202.92407,500.0,224.20927,-1.0,0.4790039,1.0,0.6512447,0.36421514,-0.0057174717,0.0024921666,-0.006963555,0.72435737,0.43371582,0.5662842,0.08728027,0.5634816884994507
2727936,1298.3732599880373,6.0,202.05005,500.0,224.01408,-1.0,0.48046875,1.0,0.6514777,0.36568832,-0.0061327238,0.0024873135,-0.0073763803,0.7193491,0.4321289,0.5678711,0.087402344,0.56362384557724
2736128,1312.6371500612026,6.0,201.87598,500.0,223.98547,-1.0,0.4802246,1.0,0.651845,0.36565563,-0.0059840865,0.0019850063,-0.0069765896,0.71076626,0.4321289,0.5678711,0.087646484,0.5638616681098938
2744320,1298.8891603623188,6.0,201.84668,500.0,223.93587,-1.0,0.47973633,1.0,0.65239155,0.36506316,-0.004919894,0.0017570341,-0.0057984106,0.700896,0.43225098,0.567749,0.088012695,0.564217746257782
2752512,1274.6188464811923,6.0,201.46228,500.0,223.86626,-1.0,0.4794922,1.0,0.65313196,0.36503935,-0.009312252,0.0027070711,-0.0106657855,0.6920008,0.43200684,0.56799316,0.08850098,0.5646820068359375
2760704,1293.9458039703125,6.0,201.1383,500.0,223.83789,-1.0,0.47998047,1.0,0.6531471,0.3655045,-0.007350607,0.0028027648,-0.00875199,0.6813731,0.43151855,0.56848145,0.08850098,0.5651138424873352
2768896,1281.1631845186582,6.0,200.81824,500.0,223.81564,-1.0,0.48046875,1.0,0.6531619,0.36634582,-0.006447461,0.002177932,-0.007536426,0.6786369,0.43103027,0.5689697,0.08850098,0.5652341842651367
2777088,1281.87158138083,6.0,200.54138,500.0,223.71272,-1.0,0.48010254,1.0,0.653898,0.36601865,-0.005957054,0.0021483053,-0.0070312065,0.67652285,0.4309082,0.5690918,0.08898926,0.5657950043678284
2785280,1294.8913384563837,6.0,199.34595,500.0,223.43993,-1.0,0.48242188,1.0,0.65396446,0.3683164,-0.0062418096,0.003204277,-0.007843947,0.6732114,0.42858887,0.57141113,0.08898926,0.5659735798835754
2793472,1282.8681793624664,6.0,199.4353,500.0,223.46585,-1.0,0.48217773,1.0,0.65395784,0.36813736,-0.0076920106,0.00253177,-0.008957895,0.6658941,0.428833,0.571167,0.08898926,0.5661680102348328
2801664,1277.886415116009,6.0,199.19165,500.0,223.40898,-1.0,0.48339844,1.0,0.6534298,0.36897635,-0.005965472,0.0022006673,-0.0070658056,0.65860534,0.42797852,0.5720215,0.08862305,0.5662668347358704
2809856,1275.9396161063573,6.0,198.96082,500.0,223.37753,-1.0,0.4840088,1.0,0.65325814,0.36933976,-0.006954805,0.0027339414,-0.008321776,0.6564611,0.42749023,0.57250977,0.08850098,0.5666266083717346
2818048,1319.5263727556744,6.0,198.30322,500.0,223.23254,-1.0,0.48449707,1.0,0.6538303,0.37001872,-0.0060948245,0.0021621431,-0.0071758963,0.6579502,0.42663574,0.57336426,0.08886719,0.5668765902519226
2826240,1297.8728686827465,6.0,197.43176,500.0,223.02798,-1.0,0.48510742,1.0,0.6545908,0.37084556,-0.005011555,0.0033031334,-0.0066631217,0.65560806,0.4255371,0.5744629,0.08935547,0.5672615170478821
2834432,1297.5560507319578,6.0,196.86658,500.0,222.87947,-1.0,0.48657227,1.0,0.654436,0.3721397,-0.006463176,0.002070825,-0.0074985884,0.6494465,0.42419434,0.57580566,0.0892334,0.5672892928123474
2842624,1293.938299837236,6.0,196.7091,500.0,222.849,-1.0,0.48632812,1.0,0.65480393,0.37188637,-0.004426703,0.0022869294,-0.0055701677,0.64427286,0.42419434,0.57580566,0.08947754,0.5673454403877258
2850816,1283.9072977495243,6.0,196.31055,500.0,222.74327,-1.0,0.48754883,1.0,0.6544553,0.37309045,-0.005749695,0.001975554,-0.0067374725,0.64068615,0.42321777,0.5767822,0.0892334,0.5673335194587708
2859008,1272.99469272764,6.0,195.92273,500.0,222.66179,-1.0,0.48840332,1.0,0.6542845,0.37376362,-0.005847345,0.0022647404,-0.006979715,0.6366304,0.42248535,0.57751465,0.08911133,0.5673719644546509
2867200,1270.55143195121,6.0,195.77295,500.0,222.70055,-1.0,0.48913574,1.0,0.6537371,0.3746346,-0.00647486,0.0017547177,-0.007352219,0.62672555,0.42211914,0.57788086,0.08874512,0.5673997402191162
2875392,1287.7301382791343,6.0,194.672,500.0,222.3818,-1.0,0.49145508,1.0,0.6537715,0.3763054,-0.0057968157,0.0023729913,-0.0069833114,0.6144574,0.4197998,0.5802002,0.08874512,0.5674723386764526
2883584,1321.9650031339197,6.0,194.00024,500.0,222.2177,-1.0,0.49169922,1.0,0.65452105,0.37688094,-0.006086049,0.0022704462,-0.007221272,0.6004532,0.41906738,0.5809326,0.0892334,0.5678175687789917
2891776,1299.6415847169458,6.0,193.47974,500.0,222.10457,-1.0,0.49267578,1.0,0.65453273,0.37777352,-0.0054408982,0.0028757185,-0.006878757,0.5892737,0.41809082,0.5819092,0.0892334,0.5678954124450684
2899968,1269.7781506989063,6.0,193.51465,500.0,222.12251,-1.0,0.49267578,1.0,0.6543462,0.3780986,-0.0073822504,0.0019708346,-0.008367668,0.581189,0.4182129,0.5817871,0.08911133,0.5680299997329712
2908160,1288.5336123827374,6.0,192.70044,500.0,221.93977,-1.0,0.49414062,1.0,0.654361,0.37961954,-0.006478991,0.0028983513,-0.007928167,0.5770848,0.41674805,0.58325195,0.08911133,0.5681706070899963
2916352,1282.2591147448532,6.0,192.28613,500.0,221.77023,-1.0,0.49609375,1.0,0.65362895,0.38096452,-0.0072837975,0.002094116,-0.0083308555,0.5765902,0.4152832,0.5847168,0.08862305,0.5680115222930908
2924544,1289.6905037518418,6.0,191.92603,500.0,221.63628,-1.0,0.49719238,1.0,0.6534478,0.38161415,-0.007400117,0.0018350163,-0.008317625,0.57219434,0.41430664,0.58569336,0.08850098,0.5680556297302246
2932736,1271.838029379312,6.0,191.09094,500.0,221.44376,-1.0,0.49804688,1.0,0.65382445,0.38259533,-0.0068407087,0.003779894,-0.008730656,0.56922656,0.413208,0.586792,0.08874512,0.568530261516571
2940928,1292.580365479505,6.0,190.56763,500.0,221.31624,-1.0,0.49902344,1.0,0.65382665,0.38363826,-0.007677891,0.002583838,-0.00896981,0.56293315,0.41223145,0.58776855,0.08874512,0.5687610507011414
2949120,1282.4551472453356,6.0,190.12036,500.0,221.19798,-1.0,0.5012207,1.0,0.652705,0.38528606,-0.0065967315,0.0017759871,-0.007484725,0.55834305,0.4107666,0.5892334,0.088012695,0.5688171982765198
2957312,1310.3715426626625,6.0,189.6554,500.0,221.09256,-1.0,0.5020752,1.0,0.65270287,0.38597912,-0.005400734,0.003035691,-0.00691858,0.55582005,0.4099121,0.5900879,0.088012695,0.5689578056335449
2965504,1294.2414093507318,6.0,189.09753,500.0,220.90002,-1.0,0.5029297,1.0,0.6528866,0.38669142,-0.007735973,0.0031399087,-0.009305927,0.55876744,0.40893555,0.59106445,0.088134766,0.5691996216773987
2973696,1291.3433958914297,6.0,188.74365,500.0,220.84694,-1.0,0.50439453,1.0,0.65213007,0.38788137,-0.005927307,0.0017691181,-0.0068118656,0.55496186,0.40795898,0.592041,0.087646484,0.5689496397972107
2981888,1287.9867952609072,6.0,188.15308,500.0,220.77994,-1.0,0.50671387,1.0,0.6509862,0.3902173,-0.008407864,0.0028865424,-0.009851135,0.539695,0.40637207,0.5936279,0.08691406,0.5689303874969482
2990080,1302.8558190606147,6.0,188.08765,500.0,220.76802,-1.0,0.5070801,1.0,0.65079474,0.39062202,-0.0059119174,0.0017068461,-0.0067653405,0.5249226,0.40612793,0.5938721,0.08679199,0.5689865350723267
2998272,1284.6208946076804,6.0,187.64062,500.0,220.60721,-1.0,0.5083008,1.0,0.65059274,0.39158192,-0.0057080435,0.002641795,-0.0070289406,0.5164454,0.4050293,0.5949707,0.08666992,0.5689183473587036
3006464,1303.703710359147,6.0,187.44946,500.0,220.56068,-1.0,0.5078125,1.0,0.65116143,0.39146417,-0.009380321,0.0023495653,-0.010555104,0.51183367,0.40515137,0.59484863,0.08703613,0.5692118406295776
3014656,1285.8663303329681,6.0,187.20459,500.0,220.48837,-1.0,0.5091553,1.0,0.65058136,0.3924787,-0.005255988,0.0032694077,-0.006890692,0.50453025,0.4041748,0.5958252,0.08666992,0.5693392157554626
3022848,1272.2969184445171,6.0,186.62634,500.0,220.33485,-1.0,0.51000977,1.0,0.6507563,0.3936661,-0.007062492,0.0029076894,-0.008516337,0.5003485,0.40319824,0.59680176,0.08679199,0.569366991519928
3031040,1314.977484398301,6.0,186.2472,500.0,220.25644,-1.0,0.51086426,1.0,0.6503674,0.39474672,-0.006532848,0.002810763,-0.007938229,0.504437,0.4025879,0.5974121,0.08654785,0.5694741606712341
3039232,1285.9145501777896,6.0,186.14294,500.0,220.22649,-1.0,0.5097656,1.0,0.65132254,0.3940587,-0.00863586,0.0030523203,-0.010162022,0.50225466,0.40307617,0.5969238,0.0871582,0.5701500773429871
3047424,1283.6116462418565,6.0,185.31921,500.0,219.98024,-1.0,0.51086426,1.0,0.65167993,0.39531547,-0.0052461824,0.0027978315,-0.0066450983,0.49378592,0.4017334,0.5982666,0.087402344,0.5705140829086304
3055616,1276.1554761414677,6.0,184.61353,500.0,219.76555,-1.0,0.51123047,1.0,0.6524225,0.3957209,-0.0076522287,0.0030558729,-0.009180166,0.49597368,0.4008789,0.5991211,0.087890625,0.5710017681121826
3063808,1291.9495613936963,6.0,184.2373,500.0,219.66365,-1.0,0.5114746,1.0,0.65279233,0.3961194,-0.005724166,0.0028565356,-0.007152434,0.49936867,0.40039062,0.5996094,0.088134766,0.5711517930030823
3072000,1307.5205290277477,6.0,183.90503,500.0,219.58446,-1.0,0.51171875,1.0,0.652975,0.39637095,-0.0049569653,0.0025735032,-0.006243717,0.49635932,0.4000244,0.5999756,0.088256836,0.5712018013000488
3080192,1285.0597378929415,6.0,183.2594,500.0,219.5367,-1.0,0.5109863,1.0,0.65410835,0.3967846,-0.009161024,0.0030479073,-0.010684978,0.49181452,0.4000244,0.5999756,0.08898926,0.5716184973716736
3088384,1278.529437638861,6.0,183.047,500.0,219.5254,-1.0,0.5109863,1.0,0.6541084,0.397384,-0.0074829618,0.0020861938,-0.008526059,0.48308963,0.4000244,0.5999756,0.08898926,0.571641206741333
3096576,1252.0539021325853,6.0,182.70996,500.0,219.49974,-1.0,0.5123291,1.0,0.6533376,0.39876294,-0.0059574703,0.0028925189,-0.0074037295,0.47388715,0.39916992,0.6008301,0.08850098,0.5717336535453796
3104768,1267.4883972099844,6.0,182.37048,500.0,219.41495,-1.0,0.51293945,1.0,0.65332574,0.39941278,-0.0062353425,0.0024680372,-0.007469361,0.4732919,0.39855957,0.6014404,0.08850098,0.5720605850219727
3112960,1305.2890963083514,6.0,181.80933,500.0,219.23541,-1.0,0.5148926,1.0,0.65272325,0.40067905,-0.0055012098,0.0034717892,-0.0072371047,0.46936023,0.39697266,0.60302734,0.088134766,0.5720486640930176
3121152,1286.1443419043878,6.0,180.7406,500.0,218.78815,-1.0,0.51672363,1.0,0.6530529,0.4019649,-0.0054430137,0.0035244352,-0.007205232,0.46239972,0.39489746,0.60510254,0.088378906,0.5721319913864136
3129344,1259.4570279593524,6.0,179.84912,500.0,218.5275,-1.0,0.52038574,1.0,0.6514516,0.40458357,-0.005237456,0.0028517097,-0.00666331,0.45456952,0.3922119,0.6077881,0.087402344,0.5721850395202637
3137536,1276.817206692119,6.0,179.78088,500.0,218.47752,-1.0,0.5202637,1.0,0.6516427,0.40441012,-0.005011648,0.0026866808,-0.0063549876,0.44682208,0.3922119,0.6077881,0.087524414,0.5724252462387085
3145728,1308.4462013739171,6.0,178.80457,500.0,218.08745,-1.0,0.5227051,1.0,0.65137476,0.4060951,-0.006665585,0.0040655048,-0.008698337,0.44236293,0.38989258,0.6101074,0.087402344,0.5729010701179504
3153920,1279.61385935149,6.0,178.91846,500.0,218.16438,-1.0,0.5234375,1.0,0.6505988,0.40682572,-0.006623046,0.0015061038,-0.0073760976,0.43339327,0.38964844,0.61035156,0.08691406,0.5727862119674683
3162112,1282.193225676794,6.0,178.13647,500.0,217.95734,-1.0,0.52563477,1.0,0.6499527,0.40862274,-0.0068665454,0.0034416984,-0.008587394,0.42344168,0.38781738,0.6121826,0.08654785,0.5728695392608643
3170304,1271.663583944629,6.0,178.39087,500.0,218.16472,-1.0,0.5255127,1.0,0.64939386,0.4089769,-0.005784671,0.0023025677,-0.006935954,0.41629106,0.38830566,0.61169434,0.08618164,0.5729854106903076
3178496,1273.2214466521896,6.0,177.9436,500.0,218.06047,-1.0,0.5270996,1.0,0.6485771,0.41033608,-0.005523734,0.003338931,-0.0071931994,0.4105278,0.38720703,0.61279297,0.08569336,0.5733014345169067
3186688,1298.4926399168596,6.0,178.01453,500.0,218.17896,-1.0,0.5272217,1.0,0.6481955,0.41087675,-0.0067516733,0.0021583082,-0.0078308275,0.40621802,0.3873291,0.6126709,0.08544922,0.5733344554901123
3194880,1279.0229250598532,6.0,177.2279,500.0,217.82127,-1.0,0.5292969,1.0,0.6479167,0.4121554,-0.0062327096,0.004053128,-0.008259274,0.40010253,0.38537598,0.614624,0.08532715,0.5737009048461914
3203072,1288.3064923980153,6.0,176.49597,500.0,217.63939,-1.0,0.5299072,1.0,0.6484538,0.41313833,-0.0066559636,0.0033378876,-0.008324908,0.3915141,0.3843994,0.6156006,0.08569336,0.5739656090736389
3211264,1323.012105960985,6.0,176.08838,500.0,217.48106,-1.0,0.53125,1.0,0.6480138,0.41412804,-0.007076042,0.0044063833,-0.0092792325,0.38065726,0.38330078,0.6166992,0.08544922,0.5741586685180664
3219456,1269.3642179831193,6.0,175.771,500.0,217.38438,-1.0,0.53271484,1.0,0.6471874,0.4153397,-0.006276532,0.0028513642,-0.0077022137,0.37153006,0.38232422,0.6176758,0.08496094,0.5742658376693726
3227648,1280.6666602061337,6.0,175.24426,500.0,217.122,-1.0,0.5345459,1.0,0.6467149,0.4163974,-0.008536305,0.0030190686,-0.0100458395,0.36771467,0.3807373,0.6192627,0.0847168,0.5744004249572754
3235840,1265.6294872404533,6.0,174.88477,500.0,217.02046,-1.0,0.53552246,1.0,0.64628434,0.41741547,-0.0063730013,0.0017098236,-0.0072279135,0.36438796,0.38000488,0.6199951,0.084472656,0.5743678212165833
3244032,1287.9608208031395,6.0,174.3335,500.0,216.75713,-1.0,0.5377197,1.0,0.64540374,0.4190055,-0.006019708,0.0030020159,-0.0075207157,0.3565384,0.3782959,0.6217041,0.083984375,0.5744163393974304
3252224,1267.5697580196072,6.0,173.92761,500.0,216.61899,-1.0,0.53808594,1.0,0.6457604,0.41956973,-0.008338748,0.002503434,-0.009590466,0.34883577,0.37768555,0.62231445,0.084228516,0.5747432708740234
3260416,1293.0456857292506,6.0,173.74194,500.0,216.4922,-1.0,0.53967285,1.0,0.6449082,0.42077065,-0.007054273,0.0026982964,-0.008403422,0.3518755,0.3765869,0.6234131,0.083740234,0.5746750831604004
3268608,1302.3818329844812,6.0,173.1864,500.0,216.3201,-1.0,0.54052734,1.0,0.64504427,0.42179832,-0.008685421,0.0022577385,-0.00981429,0.35620615,0.37561035,0.62438965,0.083862305,0.5748024582862854
3276800,1309.1410543550285,6.0,172.24402,500.0,215.94298,-1.0,0.54138184,1.0,0.64593565,0.4225322,-0.006140161,0.004456503,-0.008368412,0.35567814,0.3741455,0.6258545,0.084472656,0.5753119587898254
3284992,1312.6824839488388,6.0,172.01868,500.0,215.85442,-1.0,0.54296875,1.0,0.64488626,0.42391473,-0.007196051,0.0028937703,-0.008642937,0.3570748,0.37316895,0.62683105,0.083862305,0.5752028226852417
3293184,1324.899350377931,6.0,171.51086,500.0,215.66174,-1.0,0.54333496,1.0,0.6454294,0.42438602,-0.0067802817,0.0025586654,-0.008059614,0.3651561,0.37243652,0.6275635,0.084228516,0.5753496289253235
3301376,1289.07813733844,6.0,170.59741,500.0,215.29266,-1.0,0.5461426,1.0,0.64447755,0.42660463,-0.004838133,0.0036236711,-0.006649969,0.36343706,0.3701172,0.6298828,0.083740234,0.5756124258041382
3309568,1291.1765138164078,6.0,169.76794,500.0,214.91794,-1.0,0.5477295,1.0,0.64455146,0.4279526,-0.005090355,0.002698502,-0.0064396057,0.35479707,0.3684082,0.6315918,0.083862305,0.5757624506950378
3317760,1303.208989509998,6.0,169.21558,500.0,214.6905,-1.0,0.5482178,1.0,0.645083,0.4283809,-0.0042403787,0.0037998082,-0.0061402824,0.35808593,0.3675537,0.6324463,0.084228516,0.5760957598686218
3325952,1316.4470649960842,6.0,168.672,500.0,214.37553,-1.0,0.548584,1.0,0.645812,0.4285305,-0.006028513,0.0038478645,-0.007952444,0.36235213,0.36669922,0.6333008,0.0847168,0.576300323009491
3334144,1323.82401143768,6.0,167.88696,500.0,214.05507,-1.0,0.55041504,1.0,0.6454826,0.43012023,-0.006740595,0.002459215,-0.007970203,0.35868204,0.36499023,0.63500977,0.08459473,0.5764074921607971
3342336,1292.1472076753225,6.0,167.37634,500.0,213.85417,-1.0,0.55029297,1.0,0.6462481,0.43047184,-0.0057176463,0.0036191326,-0.0075272126,0.34924918,0.36462402,0.635376,0.08508301,0.576903760433197
3350528,1255.4099177700243,6.0,167.0039,500.0,213.67274,-1.0,0.5517578,1.0,0.64556545,0.43139935,-0.008834703,0.0024955235,-0.010082465,0.3471962,0.3635254,0.6364746,0.0847168,0.5770174264907837
3358720,1290.7788203221073,6.0,167.10437,500.0,213.67114,-1.0,0.552124,1.0,0.6453469,0.43150038,-0.005888192,0.0021765404,-0.006976462,0.33520618,0.36328125,0.63671875,0.08459473,0.5773355960845947
3366912,1304.5204623717395,6.0,166.75024,500.0,213.53123,-1.0,0.55358887,1.0,0.64465904,0.43247688,-0.0062990664,0.0030749303,-0.007836531,0.32212007,0.36218262,0.6378174,0.084228516,0.5774824023246765
3375104,1292.9019095019719,6.0,165.62695,500.0,212.96675,-1.0,0.55444336,1.0,0.64591163,0.433559,-0.006296826,0.0049336012,-0.008763627,0.31576067,0.36047363,0.63952637,0.08508301,0.5779375433921814
3383296,1280.5242395841826,6.0,165.07825,500.0,212.70839,-1.0,0.55578613,1.0,0.64560807,0.43439895,-0.005894162,0.0043826164,-0.008085471,0.31055188,0.35925293,0.6407471,0.08496094,0.5782520771026611
3391488,1255.9820298162024,6.0,164.8208,500.0,212.52948,-1.0,0.5563965,1.0,0.645555,0.43507728,-0.0081911795,0.0034581553,-0.009920257,0.3041617,0.35864258,0.6413574,0.08496094,0.5786917209625244
3399680,1297.4855915318105,6.0,164.1156,500.0,212.13658,-1.0,0.5566406,1.0,0.64666724,0.43505865,-0.008642083,0.0036573163,-0.0104707405,0.30133104,0.35766602,0.642334,0.08569336,0.5792229771614075
3407872,1314.3729021371919,6.0,163.23047,500.0,211.70743,-1.0,0.55700684,1.0,0.64776677,0.4353069,-0.0065324185,0.0040858565,-0.008575347,0.30162057,0.35656738,0.6434326,0.08642578,0.5796356201171875
3416064,1285.4772390417374,6.0,162.45325,500.0,211.36377,-1.0,0.5588379,1.0,0.64741445,0.43694234,-0.00691141,0.0029507608,-0.00838679,0.29950365,0.3548584,0.6451416,0.08630371,0.5798401832580566
3424256,1286.303232123534,6.0,162.17065,500.0,211.17838,-1.0,0.5604248,1.0,0.6467023,0.43782383,-0.0068072863,0.0024147546,-0.008014663,0.2991281,0.3536377,0.6463623,0.0859375,0.5795902013778687
3432448,1298.9933128933137,6.0,161.04993,500.0,210.63971,-1.0,0.5620117,1.0,0.64711815,0.4388943,-0.00590029,0.005260711,-0.008530647,0.29711527,0.35168457,0.6483154,0.08630371,0.5798515677452087
3440640,1280.5171766512983,6.0,161.1482,500.0,210.62679,-1.0,0.56347656,1.0,0.6458431,0.4396816,-0.006978365,0.0028499956,-0.008403363,0.2984958,0.35095215,0.64904785,0.08557129,0.5799789428710938
3448832,1272.9968150755387,6.0,160.53186,500.0,210.30229,-1.0,0.56396484,1.0,0.64655054,0.4395787,-0.006485258,0.0041228277,-0.008546673,0.29784012,0.3499756,0.6500244,0.08605957,0.5803699493408203
3457024,1278.943943378234,6.0,160.33142,500.0,210.12994,-1.0,0.5644531,1.0,0.64669085,0.43938866,-0.007742623,0.0035026358,-0.0094939405,0.29873848,0.34936523,0.65063477,0.08618164,0.58051997423172
3465216,1278.9313281601978,6.0,160.32166,500.0,210.06108,-1.0,0.5650635,1.0,0.646441,0.4392929,-0.0062728156,0.0035129269,-0.008029279,0.29181144,0.34887695,0.65112305,0.08605957,0.5807601809501648
3473408,1302.59912843475,6.0,159.82202,500.0,209.74846,-1.0,0.56640625,1.0,0.64630437,0.43984693,-0.0054835207,0.002610193,-0.0067886175,0.2793555,0.34753418,0.6524658,0.08605957,0.5807879567146301
3481600,1305.2055483813865,6.0,159.48596,500.0,209.57697,-1.0,0.5666504,1.0,0.6466569,0.43982655,-0.0073874216,0.0029805354,-0.008877689,0.2712526,0.3470459,0.6529541,0.08630371,0.5809285640716553
3489792,1279.9044298962026,6.0,158.9917,500.0,209.30132,-1.0,0.56689453,1.0,0.6473863,0.43968207,-0.008691178,0.0042597414,-0.010821049,0.26966068,0.34631348,0.6536865,0.08679199,0.5812419652938843
3497984,1285.731170424665,6.0,159.17126,500.0,209.37929,-1.0,0.5662842,1.0,0.64763767,0.4392112,-0.004053295,0.002136417,-0.005121503,0.26798302,0.34680176,0.65319824,0.08691406,0.5816864371299744
3506176,1280.198852909248,6.0,158.81787,500.0,209.2022,-1.0,0.56762695,1.0,0.6471216,0.4402923,-0.0079442635,0.0024391043,-0.0091638155,0.26330316,0.34570312,0.6542969,0.08666992,0.581882894039154
3514368,1312.9157722964867,6.0,158.79309,500.0,209.10503,-1.0,0.56884766,1.0,0.64623773,0.44084334,-0.0064511932,0.0024774834,-0.0076899347,0.2645841,0.3449707,0.6550293,0.08618164,0.5819007754325867
3522560,1288.9299717063461,6.0,158.01233,500.0,208.68639,-1.0,0.5701904,1.0,0.6464711,0.4414143,-0.008177793,0.0036730263,-0.010014305,0.26198435,0.3433838,0.6566162,0.08642578,0.5822568535804749
3530752,1246.191474861069,6.0,157.1864,500.0,208.18065,-1.0,0.57141113,1.0,0.64690375,0.4419946,-0.005926271,0.0039542634,-0.007903403,0.25455976,0.34179688,0.6582031,0.08679199,0.5824389457702637
3538944,1311.4875992674088,6.0,156.84106,500.0,207.95288,-1.0,0.5715332,1.0,0.6474561,0.44193158,-0.0064115636,0.0034031016,-0.008113114,0.24988739,0.3413086,0.6586914,0.0871582,0.5829648375511169
3547136,1287.8555818638417,6.0,156.38794,500.0,207.7259,-1.0,0.5722656,1.0,0.64737475,0.44254354,-0.006298908,0.0036820194,-0.008139918,0.24744466,0.34057617,0.6594238,0.0871582,0.583318293094635
3555328,1297.3624777939203,6.0,156.1101,500.0,207.52116,-1.0,0.57263184,1.0,0.6477108,0.44271022,-0.0052086897,0.002852486,-0.006634933,0.2432188,0.33996582,0.6600342,0.087402344,0.58344566822052
3563520,1279.4424674541206,6.0,155.16565,500.0,207.04704,-1.0,0.5740967,1.0,0.6479218,0.444048,-0.006946359,0.0035517698,-0.008722244,0.23020843,0.33825684,0.66174316,0.087646484,0.5835933685302734
3571712,1257.9453111067787,6.0,155.39734,500.0,207.0294,-1.0,0.57373047,1.0,0.64834017,0.44324493,-0.007872307,0.0023891109,-0.009066862,0.21647632,0.3383789,0.6616211,0.087890625,0.5837092399597168
3579904,1268.930591294767,6.0,154.96082,500.0,206.76636,-1.0,0.5740967,1.0,0.64886314,0.4433188,-0.008367283,0.003875902,-0.010305233,0.2169341,0.33764648,0.6623535,0.088256836,0.5841735005378723
3588096,1306.7041418273095,6.0,154.48706,500.0,206.52565,-1.0,0.5744629,1.0,0.64938533,0.4436287,-0.0053249374,0.0034372061,-0.007043541,0.21430132,0.33691406,0.66308594,0.08862305,0.5843901634216309
3596288,1313.1714263187316,6.0,154.03906,500.0,206.3422,-1.0,0.5751953,1.0,0.649301,0.44450867,-0.007116127,0.0039415285,-0.009086891,0.20697457,0.33618164,0.66381836,0.08862305,0.5847046971321106
3604480,1307.030415240182,6.0,153.02002,500.0,205.84401,-1.0,0.57592773,1.0,0.6501551,0.44527507,-0.006515413,0.0043217144,-0.00867627,0.20368758,0.33483887,0.66516113,0.0892334,0.5852293372154236
3612672,1293.3074843513684,6.0,152.40771,500.0,205.50067,-1.0,0.57702637,1.0,0.6502137,0.44600323,-0.008860113,0.0025417907,-0.010131009,0.19326425,0.33361816,0.66638184,0.08935547,0.5855438709259033
3620864,1290.796858921854,6.0,152.7085,500.0,205.65535,-1.0,0.5776367,1.0,0.6492016,0.4463711,-0.0073000332,0.0017571526,-0.008178609,0.1847794,0.33361816,0.66638184,0.08874512,0.5852938890457153
3629056,1292.7790317169347,6.0,152.19519,500.0,205.38503,-1.0,0.57873535,1.0,0.64906937,0.4472565,-0.0061980807,0.0030131233,-0.0077046426,0.17520407,0.33251953,0.66748047,0.08874512,0.5853613615036011
3637248,1262.779384918117,6.0,152.06067,500.0,205.2792,-1.0,0.57922363,1.0,0.6490099,0.44789895,-0.0035402437,0.0024322956,-0.004756392,0.16463047,0.33203125,0.66796875,0.08874512,0.5855280160903931
3645440,1297.50166221953,6.0,151.58167,500.0,205.05632,-1.0,0.5809326,1.0,0.6482343,0.4489652,-0.0041433573,0.003209567,-0.0057481416,0.15216672,0.33068848,0.6693115,0.088378906,0.5858335494995117
3653632,1282.1259559532648,6.0,151.33948,500.0,204.98866,-1.0,0.58044434,1.0,0.64885974,0.44910246,-0.0066265715,0.0029793107,-0.008116227,0.13678336,0.33081055,0.66918945,0.08874512,0.5861008167266846
3661824,1297.9814183252195,6.0,150.62573,500.0,204.65662,-1.0,0.5802002,1.0,0.6500177,0.44942552,-0.005672081,0.0037203552,-0.0075322585,0.12766464,0.33032227,0.66967773,0.08947754,0.5865550637245178
3670016,1295.901840194625,6.0,150.07056,500.0,204.21536,-1.0,0.5810547,1.0,0.6504749,0.45002148,-0.005484686,0.0038503327,-0.007409853,0.12434237,0.32910156,0.67089844,0.08984375,0.5868847966194153
3678208,1263.7787643533404,6.0,149.42603,500.0,203.88959,-1.0,0.58166504,1.0,0.6509614,0.45035884,-0.0068937154,0.0029119805,-0.0083497055,0.12518822,0.328125,0.671875,0.09020996,0.5871816873550415
3686400,1286.5116785709217,6.0,148.47998,500.0,203.42825,-1.0,0.5827637,1.0,0.65138507,0.45117587,-0.0057248496,0.0035387496,-0.0074942247,0.12338137,0.32666016,0.67333984,0.09057617,0.5875810384750366
3694592,1312.7922711249983,6.0,148.03552,500.0,203.13629,-1.0,0.583374,1.0,0.651682,0.45131046,-0.005859595,0.0031824121,-0.007450801,0.11290459,0.32580566,0.67419434,0.09082031,0.5877856016159058
3702784,1266.1079327645875,6.0,147.23181,500.0,202.58124,-1.0,0.5855713,1.0,0.65120965,0.45269588,-0.005512717,0.0036784203,-0.007351928,0.1043427,0.32373047,0.67626953,0.09069824,0.588015079498291
3710976,1319.1619237520138,6.0,146.9928,500.0,202.4569,-1.0,0.58703613,1.0,0.65026504,0.45421773,-0.005949183,0.0031915668,-0.0075449664,0.1042312,0.3227539,0.6772461,0.09020996,0.5880119800567627
3719168,1296.3704357679023,6.0,146.6372,500.0,202.20456,-1.0,0.58654785,1.0,0.6512681,0.45392382,-0.004868179,0.004321366,-0.0070288624,0.100791,0.32263184,0.67736816,0.09082031,0.5885311961174011
3727360,1309.7925567078548,6.0,146.24915,500.0,202.08348,-1.0,0.58825684,1.0,0.65010047,0.45538342,-0.007270631,0.0030285537,-0.008784908,0.09246293,0.3215332,0.6784668,0.09020996,0.5887289643287659
3735552,1310.1313644710258,6.0,145.28491,500.0,201.53087,-1.0,0.5888672,1.0,0.65114313,0.45599306,-0.0071620992,0.003960263,-0.009142231,0.089567006,0.32019043,0.6798096,0.09094238,0.5890414714813232
3743744,1296.8965914497403,6.0,144.95056,500.0,201.24869,-1.0,0.5908203,1.0,0.65012294,0.45672566,-0.0058092624,0.0029456983,-0.007282111,0.08254604,0.3187256,0.6812744,0.0904541,0.5891486406326294
3751936,1292.7118625651722,6.0,144.22119,500.0,200.85245,-1.0,0.59143066,1.0,0.65060055,0.4574926,-0.007491703,0.003379288,-0.009181346,0.069193006,0.31774902,0.682251,0.09082031,0.58940589427948
3760128,1313.6839874695922,6.0,143.02856,500.0,200.06863,-1.0,0.59106445,1.0,0.6530863,0.4572584,-0.004414468,0.0057897894,-0.0073093623,0.061057612,0.31652832,0.6834717,0.09240723,0.590253472328186
3768320,1295.1884989702683,6.0,142.13782,500.0,199.63919,-1.0,0.59191895,1.0,0.6535272,0.45863807,-0.0054662228,0.0037202255,-0.0073263356,0.05607862,0.31530762,0.6846924,0.09277344,0.590545654296875
3776512,1291.0681775986768,6.0,141.63733,500.0,199.29138,-1.0,0.59350586,1.0,0.6529282,0.45960096,-0.005217265,0.0032395506,-0.00683704,0.050818913,0.31396484,0.68603516,0.0925293,0.5904238820075989
3784704,1299.7357789533576,6.0,141.14429,500.0,198.99431,-1.0,0.5949707,1.0,0.6523426,0.46118966,-0.008040266,0.0035616993,-0.009821115,0.04586616,0.31274414,0.68725586,0.092285156,0.5906086564064026
3792896,1301.3292660045593,6.0,140.69482,500.0,198.75298,-1.0,0.59643555,1.0,0.6517531,0.46242398,-0.006393943,0.0037618408,-0.0082748635,0.04018163,0.31152344,0.68847656,0.092041016,0.5908714532852173
3801088,1277.238674010969,6.0,139.87268,500.0,198.19833,-1.0,0.59594727,1.0,0.6535085,0.46178567,-0.0061513055,0.0054130284,-0.00885782,0.035009637,0.3109131,0.6890869,0.09313965,0.5912915468215942
3809280,1258.1202510679366,6.0,139.6549,500.0,198.04272,-1.0,0.5961914,1.0,0.6536594,0.4617509,-0.007013136,0.0028635035,-0.0084448885,0.03460253,0.31054688,0.6894531,0.09326172,0.5913445949554443
3817472,1244.1270894913296,6.0,138.67065,500.0,197.5389,-1.0,0.59802246,1.0,0.6532005,0.46363974,-0.0045216484,0.0032433905,-0.0061433436,0.026130624,0.3088379,0.6911621,0.09313965,0.591441810131073
3825664,1301.4275992246676,6.0,138.25793,500.0,197.2412,-1.0,0.5974121,1.0,0.6545984,0.4631642,-0.007893633,0.0032044218,-0.009495844,0.026295848,0.30859375,0.69140625,0.09399414,0.591973066329956
3833856,1301.56105057232,6.0,137.6842,500.0,196.82124,-1.0,0.5982666,1.0,0.6548437,0.4640907,-0.008192344,0.003910104,-0.010147395,0.034885556,0.30749512,0.6925049,0.09423828,0.5922293663024902
3842048,1315.6332485874257,6.0,136.79822,500.0,196.27731,-1.0,0.60009766,1.0,0.65475273,0.46535137,-0.005815344,0.003925617,-0.007778152,0.034896173,0.305542,0.694458,0.09436035,0.5924654603004456
3850240,1289.7627332007125,6.0,136.48572,500.0,196.08952,-1.0,0.6011963,1.0,0.65421075,0.46631652,-0.0060085393,0.002967972,-0.0074925255,0.027272806,0.3046875,0.6953125,0.09411621,0.5925544500350952
3858432,1263.7495738306807,6.0,135.30457,500.0,195.39136,-1.0,0.60461426,1.0,0.6527386,0.46967986,-0.007895161,0.0035749066,-0.009682615,0.017508894,0.30187988,0.6981201,0.09350586,0.5927641987800598
3866624,1284.8220699710603,6.0,134.76526,500.0,195.0119,-1.0,0.60583496,1.0,0.65272874,0.47052503,-0.0072277654,0.0036833235,-0.009069427,0.019521698,0.3005371,0.6994629,0.09362793,0.5929808616638184
3874816,1291.3072401096613,6.0,134.63062,500.0,194.9621,-1.0,0.60583496,1.0,0.6529157,0.4708363,-0.0073895827,0.003225377,-0.009002271,0.02412197,0.30041504,0.69958496,0.09375,0.5933141708374023
3883008,1284.0329093114956,6.0,134.41833,500.0,194.84311,-1.0,0.60705566,1.0,0.6519682,0.47207546,-0.0056742327,0.0018803714,-0.0066144182,0.024876185,0.29968262,0.7003174,0.09326172,0.5932725071907043
3891200,1289.1254859535466,6.0,134.10547,500.0,194.661,-1.0,0.60913086,1.0,0.65049905,0.47370848,-0.0060045,0.002567784,-0.0072883926,0.02135574,0.29833984,0.70166016,0.0925293,0.5930882692337036
3899392,1286.3409863592533,6.0,133.86438,500.0,194.49329,-1.0,0.6102295,1.0,0.64993834,0.47451267,-0.0059836796,0.003365683,-0.0076665212,0.015857764,0.29748535,0.70251465,0.092285156,0.5932860374450684
3907584,1267.4686664493952,6.0,133.50427,500.0,194.26411,-1.0,0.6109619,1.0,0.64981365,0.4751439,-0.006198137,0.0031972101,-0.0077967425,0.012487695,0.29675293,0.7032471,0.092285156,0.5933190584182739
3915776,1281.1703023506634,6.0,133.2279,500.0,194.04031,-1.0,0.6126709,1.0,0.64876735,0.47619033,-0.0044209734,0.0040872125,-0.00646458,0.004448369,0.29553223,0.7044678,0.091796875,0.593490719795227
3923968,1293.3651244600508,6.0,133.15686,500.0,193.98454,-1.0,0.61279297,1.0,0.6487461,0.47616053,-0.006163507,0.0019278972,-0.0071274554,-0.009436674,0.29541016,0.70458984,0.091796875,0.5935532450675964
3932160,1299.5292675810895,6.0,132.59973,500.0,193.65405,-1.0,0.61364746,1.0,0.6487851,0.47705016,-0.0055723526,0.0032407918,-0.007192748,-0.0137766525,0.2944336,0.7055664,0.091918945,0.5937258005142212
3940352,1297.2790598385473,6.0,131.87744,500.0,193.16606,-1.0,0.61486816,1.0,0.6487583,0.47799474,-0.0051140054,0.0032169078,-0.0067224596,-0.01545614,0.29309082,0.7069092,0.092041016,0.5937197208404541
3948544,1271.821222919459,6.0,131.55737,500.0,192.96324,-1.0,0.6159668,1.0,0.64818627,0.47891656,-0.006440902,0.0020077587,-0.0074447817,-0.014922887,0.29223633,0.7077637,0.091796875,0.5935590267181396
3956736,1278.6749361392647,6.0,130.70837,500.0,192.42168,-1.0,0.61828613,1.0,0.6472015,0.48130637,-0.00828862,0.0033447114,-0.009960976,-0.011995524,0.2902832,0.7097168,0.091430664,0.5935947299003601
3964928,1302.88027341583,6.0,130.60474,500.0,192.29848,-1.0,0.61901855,1.0,0.6468785,0.48169348,-0.006852163,0.0023626022,-0.008033464,-0.016549326,0.28967285,0.71032715,0.091308594,0.5936638712882996
3973120,1295.2427913780355,6.0,130.30151,500.0,192.06993,-1.0,0.61950684,1.0,0.6469771,0.48224488,-0.0058553126,0.0036380955,-0.0076743597,-0.011058904,0.2890625,0.7109375,0.091430664,0.5939266681671143
3981312,1283.205515405698,6.0,129.42957,500.0,191.54651,-1.0,0.6212158,1.0,0.64665914,0.48382598,-0.003976791,0.0035421774,-0.00574788,-0.0086704865,0.28735352,0.7126465,0.091430664,0.5938766598701477
3989504,1286.4113962241292,6.0,129.13806,500.0,191.33023,-1.0,0.62353516,1.0,0.64508563,0.4851774,-0.005734523,0.003373652,-0.0074213487,-0.0114896,0.2857666,0.7142334,0.09069824,0.5938440561294556
3997696,1274.8764997769135,6.0,128.86633,500.0,191.0888,-1.0,0.6245117,1.0,0.6447086,0.4856751,-0.006106605,0.0026474055,-0.007430308,-0.013676412,0.2849121,0.7150879,0.09057617,0.5940107107162476
4005888,1239.2398687131497,6.0,128.078,500.0,190.58858,-1.0,0.6265869,1.0,0.6439253,0.4875859,-0.0072123054,0.00403003,-0.009227321,-0.01758781,0.28308105,0.71691895,0.09033203,0.5940011143684387
4014080,1297.0081112319,6.0,127.708374,500.0,190.3389,-1.0,0.6274414,1.0,0.6437567,0.4880017,-0.0062398696,0.0031761485,-0.007827945,-0.023815505,0.28222656,0.71777344,0.09033203,0.5941922664642334
4022272,1280.7518222523602,6.0,127.29114,500.0,190.09044,-1.0,0.62646484,1.0,0.6452749,0.48778668,-0.005713491,0.0039304984,-0.00767874,-0.026743285,0.28234863,0.71765137,0.09118652,0.594497799873352
4030464,1258.0870833566298,6.0,127.278076,500.0,190.0884,-1.0,0.62683105,1.0,0.6450138,0.48809898,-0.0059044166,0.0022792625,-0.007044048,-0.027261585,0.2821045,0.7178955,0.09106445,0.5944364666938782
4038656,1280.2834756995055,6.0,127.4259,500.0,190.21799,-1.0,0.6258545,1.0,0.6457724,0.48724127,-0.0061524343,0.0024951738,-0.007400022,-0.036357142,0.28271484,0.71728516,0.091430664,0.5947073101997375
4046848,1280.539558780698,6.0,126.156494,500.0,189.32684,-1.0,0.62841797,1.0,0.6452675,0.48939604,-0.007724763,0.005016798,-0.010233162,-0.049466193,0.28015137,0.71984863,0.091430664,0.5948920845985413
4055040,1307.4040103972134,6.0,125.61743,500.0,188.95554,-1.0,0.6291504,1.0,0.6454996,0.49012,-0.006614358,0.0045101694,-0.008869442,-0.06633798,0.2791748,0.7208252,0.091674805,0.5949992537498474
4063232,1314.9429621160364,6.0,125.39307,500.0,188.72147,-1.0,0.6311035,1.0,0.6441589,0.49146485,-0.005238793,0.0033219159,-0.006899751,-0.07726019,0.27783203,0.72216797,0.09106445,0.5950825810432434
4071424,1277.8340907235643,6.0,125.33948,500.0,188.76085,-1.0,0.6328125,1.0,0.64248013,0.49304217,-0.0059264624,0.0019508707,-0.0069018975,-0.08694362,0.27697754,0.72302246,0.09020996,0.5949040055274963
4079616,1292.784965895012,6.0,124.83362,500.0,188.40514,-1.0,0.6348877,1.0,0.64128673,0.49476555,-0.0051274593,0.003625512,-0.0069402154,-0.09564157,0.27539062,0.7246094,0.08972168,0.5951603055000305
4087808,1276.8025457763767,6.0,124.26868,500.0,188.09196,-1.0,0.6352539,1.0,0.6415902,0.4954338,-0.006851481,0.0037154676,-0.008709215,-0.10068286,0.27478027,0.7252197,0.08996582,0.5953319668769836
4096000,1297.3764879683085,6.0,123.98657,500.0,187.8621,-1.0,0.6361084,1.0,0.6412192,0.49621215,-0.005557578,0.003960699,-0.0075379284,-0.103294685,0.27404785,0.72595215,0.08984375,0.5956819653511047
4104192,1284.8785718054585,6.0,123.04614,500.0,187.23442,-1.0,0.63757324,1.0,0.6412873,0.4974199,-0.005026619,0.003990557,-0.007021898,-0.11367823,0.27233887,0.72766113,0.09008789,0.5957444906234741
4112384,1278.7688759130324,6.0,122.908936,500.0,187.08026,-1.0,0.6401367,1.0,0.63901496,0.499213,-0.007372507,0.0025546853,-0.008649849,-0.12783644,0.27087402,0.729126,0.08898926,0.5955620408058167
4120576,1309.0814509365796,6.0,122.436035,500.0,186.84918,-1.0,0.64001465,1.0,0.63961464,0.49998134,-0.0064369347,0.0039719497,-0.008422909,-0.13568306,0.27062988,0.7293701,0.08935547,0.5957489609718323
4128768,1313.3030303551513,6.0,122.20337,500.0,186.71747,-1.0,0.6386719,1.0,0.641241,0.4988419,-0.0060492973,0.003862027,-0.007980311,-0.12549207,0.27111816,0.72888184,0.09020996,0.5961399674415588
4136960,1292.1422512034671,6.0,121.89685,500.0,186.55348,-1.0,0.63916016,1.0,0.64113516,0.4995736,-0.005521967,0.0036631417,-0.0073535377,-0.12634793,0.27062988,0.7293701,0.09020996,0.5963972210884094
4145152,1304.2851966564644,6.0,120.746216,500.0,185.76326,-1.0,0.6418457,1.0,0.64016515,0.50241303,-0.0072725257,0.0041960627,-0.009370556,-0.13608158,0.26818848,0.7318115,0.08996582,0.5965454578399658
4153344,1286.5368720306178,6.0,120.865234,500.0,185.85974,-1.0,0.64172363,1.0,0.64000154,0.5024028,-0.00700915,0.0036148562,-0.008816579,-0.14323775,0.26843262,0.7315674,0.08984375,0.5966686010360718
4161536,1283.8840301620883,6.0,120.16052,500.0,185.29645,-1.0,0.6425781,1.0,0.6403838,0.5030329,-0.006435967,0.004198248,-0.008535092,-0.14077164,0.2672119,0.7327881,0.09020996,0.5970515012741089
4169728,1280.6822214832277,6.0,119.93335,500.0,185.11989,-1.0,0.6419678,1.0,0.6412813,0.5030331,-0.0053849206,0.0033671614,-0.007068502,-0.13695177,0.26733398,0.732666,0.09069824,0.5973348617553711
4177920,1244.9582473115345,6.0,119.61096,500.0,184.88272,-1.0,0.6425781,1.0,0.6411458,0.50372577,-0.0045865364,0.004214433,-0.006693753,-0.13957293,0.26672363,0.73327637,0.09069824,0.5976731181144714
4186112,1286.841969434499,6.0,119.29712,500.0,184.73865,-1.0,0.64294434,1.0,0.64125466,0.5043191,-0.004339099,0.0031984826,-0.0059383404,-0.14477679,0.26623535,0.73376465,0.09082031,0.597899317741394
4194304,1285.3804838626472,6.0,118.77295,500.0,184.46323,-1.0,0.64331055,1.0,0.6415536,0.5051389,-0.009074376,0.004130947,-0.011139848,-0.15868899,0.265625,0.734375,0.09106445,0.5982471704483032
4202496,1283.5605781326383,6.0,118.72803,500.0,184.49919,-1.0,0.6435547,1.0,0.64130867,0.5057539,-0.0071810503,0.0024740656,-0.008418083,-0.17810698,0.26550293,0.7344971,0.09094238,0.5982210636138916
4210688,1277.5181443721756,6.0,118.18335,500.0,184.15178,-1.0,0.6435547,1.0,0.6420696,0.50637,-0.005877653,0.0031535684,-0.007454438,-0.18682483,0.26501465,0.73498535,0.091430664,0.5984655618667603
4218880,1278.57601449044,6.0,117.45239,500.0,183.59486,-1.0,0.6456299,1.0,0.6410311,0.5080726,-0.0030681323,0.0032728903,-0.004704578,-0.18723254,0.26330566,0.73669434,0.09106445,0.5984822511672974
4227072,1276.0757581789799,6.0,117.07068,500.0,183.38759,-1.0,0.6463623,1.0,0.64067376,0.5090225,-0.0047966037,0.003445325,-0.0065192664,-0.18740255,0.2626953,0.7373047,0.09094238,0.5985371470451355
4235264,1304.38972120925,6.0,116.82849,500.0,183.24829,-1.0,0.647583,1.0,0.63963073,0.51021224,-0.005156185,0.004195532,-0.0072539505,-0.18343404,0.2619629,0.7380371,0.0904541,0.5986911654472351
4243456,1306.0532749117115,6.0,116.727295,500.0,183.14737,-1.0,0.6468506,1.0,0.640562,0.5098922,-0.007052259,0.0033077071,-0.008706113,-0.18681845,0.26220703,0.73779297,0.09094238,0.5988307595252991
4251648,1310.900374818877,6.0,116.54956,500.0,183.06897,-1.0,0.6470947,1.0,0.640506,0.5104868,-0.004657766,0.0031665275,-0.0062410296,-0.19239882,0.2619629,0.7380371,0.09094238,0.5990870594978333
4259840,1289.8344865477422,6.0,116.34961,500.0,182.91318,-1.0,0.64782715,1.0,0.64014673,0.5106735,-0.007453962,0.0031913815,-0.009049653,-0.1949349,0.26135254,0.73864746,0.09082031,0.5992120504379272
4268032,1295.3605707712782,6.0,115.81799,500.0,182.56442,-1.0,0.6496582,1.0,0.6389573,0.5126629,-0.007170665,0.0031102335,-0.008725781,-0.21028101,0.26000977,0.73999023,0.09033203,0.5992953777313232
4276224,1264.5108274012014,6.0,115.17932,500.0,182.07082,-1.0,0.6512451,1.0,0.6383924,0.5136323,-0.0045223157,0.0028808564,-0.005962744,-0.2216452,0.25854492,0.7414551,0.09020996,0.5994068384170532
4284416,1289.0985466316192,6.0,114.8551,500.0,181.84665,-1.0,0.6533203,1.0,0.63674796,0.5155891,-0.0046043117,0.0038557858,-0.0065322043,-0.22589627,0.25720215,0.74279785,0.08947754,0.5995140075683594
4292608,1257.8813444232746,6.0,113.69824,500.0,180.91476,-1.0,0.6542969,1.0,0.6374702,0.5164118,-0.004911421,0.006094667,-0.007958755,-0.23114017,0.25561523,0.74438477,0.09008789,0.5998737812042236
4300800,1248.186587152168,6.0,113.5813,500.0,180.90068,-1.0,0.6550293,1.0,0.63671756,0.5167078,-0.005974245,0.0032832636,-0.007615877,-0.2322008,0.25524902,0.744751,0.08972168,0.6001167297363281
4308992,1260.6100484813917,6.0,113.36096,500.0,180.7846,-1.0,0.6561279,1.0,0.63587344,0.5178757,-0.0056501515,0.0027254873,-0.0070128953,-0.23638383,0.2545166,0.7454834,0.08935547,0.6001299023628235
4317184,1296.2805921059457,6.0,113.108765,500.0,180.69582,-1.0,0.6574707,1.0,0.6347735,0.51922023,-0.006294916,0.0030516577,-0.007820745,-0.24122724,0.2536621,0.7463379,0.08886719,0.600346565246582
4325376,1282.4889421065302,6.0,112.8103,500.0,180.55887,-1.0,0.65808105,1.0,0.63442934,0.5198966,-0.0060142893,0.0037781438,-0.007903362,-0.25121284,0.25317383,0.7468262,0.08874512,0.6007459163665771
4333568,1274.429267320362,6.0,112.9314,500.0,180.59691,-1.0,0.6586914,1.0,0.6336993,0.52012867,-0.007152713,0.0035249288,-0.008915177,-0.26413673,0.2529297,0.7470703,0.088378906,0.6009721159934998
4341760,1273.4554553305043,6.0,112.21948,500.0,180.01178,-1.0,0.6595459,1.0,0.63387007,0.52108335,-0.00510855,0.0037472434,-0.0069821714,-0.2694204,0.25183105,0.74816895,0.08862305,0.6010721325874329
4349952,1280.4887825384424,6.0,112.403564,500.0,180.11649,-1.0,0.6595459,1.0,0.6336774,0.52082884,-0.007813121,0.00293207,-0.009279157,-0.27279258,0.25195312,0.7480469,0.08850098,0.601388156414032
4358144,1275.2938939383885,6.0,112.298706,500.0,180.0905,-1.0,0.6591797,1.0,0.6341546,0.5208519,-0.004869446,0.003962552,-0.0068507222,-0.2800029,0.2520752,0.7479248,0.08874512,0.6016509532928467
4366336,1287.1366519859796,6.0,112.306274,500.0,180.07619,-1.0,0.66015625,1.0,0.63313794,0.52183205,-0.0046183188,0.003512015,-0.0063743265,-0.28556976,0.2515869,0.7484131,0.088256836,0.6017956733703613
4374528,1268.9504613257259,6.0,111.28027,500.0,179.34212,-1.0,0.6611328,1.0,0.63346845,0.5233431,-0.005243205,0.004700318,-0.007593364,-0.2886262,0.25024414,0.74975586,0.08862305,0.6020358800888062
4382720,1261.285984385043,6.0,110.73096,500.0,178.95769,-1.0,0.66052246,1.0,0.63477826,0.52333724,-0.0047418224,0.005315134,-0.007399389,-0.28318644,0.25012207,0.7498779,0.08935547,0.6024848222732544
4390912,1276.8242763154985,6.0,110.44006,500.0,178.78874,-1.0,0.6607666,1.0,0.63490885,0.5238254,-0.008012002,0.0031748475,-0.009599426,-0.2773659,0.24975586,0.75024414,0.08947754,0.6027495265007019
4399104,1286.9904748869951,6.0,110.15271,500.0,178.61136,-1.0,0.6607666,1.0,0.63529325,0.5240215,-0.007947924,0.0036073832,-0.009751614,-0.2803431,0.24951172,0.7504883,0.08972168,0.6032571196556091
4407296,1277.2355404572643,6.0,110.17615,500.0,178.60883,-1.0,0.6621094,1.0,0.63379735,0.5248859,-0.005083964,0.0026422716,-0.0064051,-0.2825957,0.24890137,0.75109863,0.08898926,0.6030840277671814
4415488,1268.675850778067,6.0,109.70532,500.0,178.29701,-1.0,0.6621094,1.0,0.63437486,0.5255699,-0.0055113262,0.0038503243,-0.007436488,-0.28964597,0.24853516,0.75146484,0.08935547,0.6033819913864136
4423680,1299.8339206652659,6.0,109.93921,500.0,178.5188,-1.0,0.6616211,1.0,0.63449943,0.5254488,-0.005199846,0.0024249651,-0.006412328,-0.29742783,0.24902344,0.75097656,0.08935547,0.6037272214889526
4431872,1300.1015747278611,6.0,110.398315,500.0,178.91527,-1.0,0.66101074,1.0,0.6344623,0.52502745,-0.0049658874,0.0032689832,-0.006600379,-0.30002764,0.24975586,0.75024414,0.0892334,0.6038618087768555
4440064,1297.767572288206,6.0,110.16858,500.0,178.85204,-1.0,0.6628418,1.0,0.63264555,0.5267503,-0.0062840753,0.003247901,-0.007908026,-0.3048221,0.2487793,0.7512207,0.088378906,0.6038527488708496
4448256,1282.1665274594882,6.0,109.94934,500.0,178.6327,-1.0,0.66381836,1.0,0.6320071,0.5272823,-0.0040354272,0.0039964574,-0.006033656,-0.31361112,0.24804688,0.7519531,0.088134766,0.6040866374969482
4456448,1284.9624208457496,6.0,109.505615,500.0,178.31323,-1.0,0.66516113,1.0,0.631271,0.5288644,-0.0064377193,0.0035190145,-0.0081972275,-0.32070956,0.24694824,0.75305176,0.087890625,0.6041175127029419
4464640,1246.2254195216242,6.0,109.387695,500.0,178.24287,-1.0,0.6641846,1.0,0.63229835,0.5281408,-0.0038778498,0.0042253355,-0.005990518,-0.32489616,0.24743652,0.7525635,0.088378906,0.6044519543647766
4472832,1276.644570862283,6.0,108.96985,500.0,177.96881,-1.0,0.6656494,1.0,0.63114303,0.5295029,-0.0033567192,0.0030911902,-0.0049023144,-0.32629728,0.24645996,0.75354004,0.087890625,0.6046305298805237
4481024,1293.673079772232,6.0,108.75403,500.0,177.79713,-1.0,0.6661377,1.0,0.63101465,0.5297035,-0.0056777988,0.004844148,-0.008099874,-0.329674,0.24597168,0.7540283,0.087890625,0.6048153042793274
4489216,1294.0490677314808,6.0,108.43652,500.0,177.53339,-1.0,0.66748047,1.0,0.6300786,0.5311891,-0.006031,0.003491084,-0.0077765416,-0.33143836,0.24499512,0.7550049,0.087524414,0.6049356460571289
4497408,1275.8022714206086,6.0,108.68933,500.0,177.74069,-1.0,0.66845703,1.0,0.62865424,0.53189135,-0.0038054334,0.0027704618,-0.0051906644,-0.3381534,0.24475098,0.755249,0.08679199,0.6050082445144653
4505600,1318.2901710743909,6.0,107.9823,500.0,177.1273,-1.0,0.66918945,1.0,0.62904,0.5324234,-0.0053551393,0.0033428466,-0.0070265625,-0.34913906,0.24365234,0.75634766,0.0871582,0.605228841304779
4513792,1288.7640028219496,6.0,107.85376,500.0,177.07812,-1.0,0.6694336,1.0,0.62897426,0.53274554,-0.006908145,0.0026683104,-0.008242302,-0.35908812,0.2434082,0.7565918,0.0871582,0.6053756475448608
4521984,1257.6459349085676,6.0,106.71814,500.0,176.25584,-1.0,0.6711426,1.0,0.6287056,0.53461075,-0.0071625644,0.00430466,-0.009314894,-0.3684873,0.24157715,0.75842285,0.08728027,0.6056661605834961
4530176,1268.1812801435256,6.0,106.6189,500.0,176.1977,-1.0,0.67077637,1.0,0.62919337,0.53437525,-0.0063522514,0.0038461443,-0.008275324,-0.37709257,0.24169922,0.7583008,0.087524414,0.6061192750930786
4538368,1283.7373438450154,6.0,105.86682,500.0,175.69109,-1.0,0.67297363,1.0,0.6278156,0.53653806,-0.00306522,0.006047556,-0.006088998,-0.38072225,0.23999023,0.76000977,0.08703613,0.6062989830970764
4546560,1280.1495345264846,6.0,105.484375,500.0,175.32143,-1.0,0.6748047,1.0,0.62652934,0.53815126,-0.007629115,0.0035440817,-0.009401156,-0.3800841,0.23864746,0.76135254,0.08654785,0.6064335703849792
4554752,1267.7031375264348,6.0,105.47119,500.0,175.2418,-1.0,0.67492676,1.0,0.6264953,0.53829515,-0.004047016,0.0041631265,-0.0061285794,-0.37760144,0.23852539,0.7614746,0.08654785,0.6066949367523193
4562944,1247.713341559734,6.0,105.075806,500.0,175.01532,-1.0,0.6744385,1.0,0.6274102,0.5382368,-0.006463726,0.0045115775,-0.008719515,-0.37662715,0.23852539,0.7614746,0.08703613,0.6071671843528748
4571136,1279.427126854341,6.0,105.24646,500.0,175.17175,-1.0,0.6739502,1.0,0.62774014,0.53755546,-0.005038375,0.0032245603,-0.0066506555,-0.38484165,0.2388916,0.7611084,0.0871582,0.6072903275489807
4579328,1286.748767355699,6.0,104.763306,500.0,174.75934,-1.0,0.67626953,1.0,0.6261188,0.5390115,-0.0039696097,0.00428846,-0.00611384,-0.38826054,0.23718262,0.7628174,0.08654785,0.6073938608169556
4587520,1290.7232044799105,6.0,104.30029,500.0,174.39003,-1.0,0.67736816,1.0,0.6256134,0.540207,-0.004685089,0.004805813,-0.0070879953,-0.3937266,0.23620605,0.76379395,0.08642578,0.6076438426971436
4595712,1275.9718364579346,6.0,104.21655,500.0,174.44312,-1.0,0.6768799,1.0,0.62594664,0.54062796,-0.007601111,0.0032613492,-0.009231786,-0.39520875,0.23657227,0.76342773,0.08654785,0.6079010963439941
4603904,1277.531776725603,6.0,104.13818,500.0,174.32948,-1.0,0.677124,1.0,0.6258776,0.5404501,-0.006220289,0.0031762917,-0.0078084352,-0.39608935,0.23632812,0.7636719,0.08654785,0.6081510782241821
4612096,1258.4058421240206,6.0,104.11072,500.0,174.3592,-1.0,0.6791992,1.0,0.62352705,0.5423928,-0.0068614203,0.004256238,-0.008989539,-0.39620042,0.23535156,0.76464844,0.08544922,0.608364999294281
4620288,1292.33023501445,6.0,104.137085,500.0,174.34329,-1.0,0.6804199,1.0,0.6221948,0.5430696,-0.0044696927,0.003771737,-0.0063555613,-0.39890742,0.23474121,0.7652588,0.08483887,0.6084275245666504
4628480,1300.759620176813,6.0,104.10205,500.0,174.38686,-1.0,0.67785645,1.0,0.62488896,0.5417369,-0.0044977376,0.004233335,-0.006614405,-0.40249738,0.23608398,0.763916,0.08605957,0.6088024973869324
4636672,1267.355810824533,6.0,103.815674,500.0,174.12039,-1.0,0.678833,1.0,0.62421924,0.5420692,-0.004508667,0.0034824023,-0.0062498683,-0.4046709,0.23535156,0.76464844,0.08581543,0.6088024973869324
4644864,1285.5744416875307,6.0,103.65198,500.0,173.97194,-1.0,0.6804199,1.0,0.6227831,0.5432254,-0.0042491993,0.0038851823,-0.00619179,-0.4112078,0.234375,0.765625,0.08520508,0.6090191602706909
4653056,1293.8380256845371,6.0,103.739136,500.0,174.07552,-1.0,0.6789551,1.0,0.6241842,0.5422366,-0.006333835,0.004805127,-0.008736398,-0.41260213,0.23522949,0.7647705,0.08581543,0.6094622015953064
4661248,1300.204445764336,6.0,103.47449,500.0,173.88776,-1.0,0.67944336,1.0,0.624044,0.54320526,-0.002423632,0.0039785365,-0.0044128997,-0.4070946,0.23474121,0.7652588,0.08581543,0.6096245646476746
4669440,1257.2887301759167,6.0,103.0448,500.0,173.5274,-1.0,0.6812744,1.0,0.622731,0.54466796,-0.0061382637,0.0030553723,-0.0076659494,-0.40681303,0.23339844,0.76660156,0.08532715,0.609687089920044
4677632,1281.9092193926733,6.0,102.92114,500.0,173.41734,-1.0,0.6833496,1.0,0.6207481,0.54561734,-0.00500307,0.0027289977,-0.0063675684,-0.41080183,0.23217773,0.76782227,0.084472656,0.6096425652503967
4685824,1268.8215983736213,6.0,102.944214,500.0,173.4192,-1.0,0.68359375,1.0,0.6202825,0.54585874,-0.004136599,0.0028428652,-0.0055580316,-0.41345376,0.23217773,0.76782227,0.084228516,0.6096956133842468
4694016,1276.3910388197082,6.0,102.82324,500.0,173.34308,-1.0,0.68359375,1.0,0.6204792,0.54601395,-0.0052059325,0.0030187313,-0.0067152986,-0.42090794,0.23205566,0.76794434,0.084350586,0.6098253726959229
4702208,1244.2554457050371,6.0,102.932495,500.0,173.40784,-1.0,0.6838379,1.0,0.6202101,0.5461362,-0.0059953816,0.0036098233,-0.007800293,-0.42610928,0.2319336,0.7680664,0.084228516,0.6099557876586914
4710400,1244.7059156294522,6.0,102.21484,500.0,172.71075,-1.0,0.68566895,1.0,0.6192704,0.5471635,-0.0055535343,0.004179666,-0.007643368,-0.43186963,0.23034668,0.7696533,0.083984375,0.6101557612419128
4718592,1305.4018657814788,6.0,101.487915,500.0,171.96938,-1.0,0.6870117,1.0,0.6190634,0.54782224,-0.005837749,0.0033382021,-0.00750685,-0.4351864,0.22888184,0.77111816,0.084106445,0.6102150678634644
4726784,1306.6532073769881,6.0,101.30188,500.0,171.82513,-1.0,0.6861572,1.0,0.62030566,0.5471153,-0.0066094943,0.0037296384,-0.008474314,-0.4358153,0.22912598,0.770874,0.0847168,0.6103936433792114
4734976,1300.8047283021867,6.0,100.187256,500.0,170.92358,-1.0,0.6867676,1.0,0.62130207,0.5480972,-0.0052648876,0.005050182,-0.007789979,-0.43482685,0.2277832,0.7722168,0.08544922,0.6108306646347046
4743168,1293.624519838011,6.0,99.952515,500.0,170.63898,-1.0,0.68688965,1.0,0.62165827,0.5482186,-0.0045565106,0.0025863065,-0.0058496646,-0.4359882,0.22741699,0.772583,0.08569336,0.6110154390335083
4751360,1278.9904552190987,6.0,99.9491,500.0,170.51382,-1.0,0.6871338,1.0,0.6215848,0.5481279,-0.005478177,0.0033139973,-0.007135175,-0.43514198,0.22717285,0.77282715,0.08569336,0.6111708283424377
4759552,1252.1814350370905,6.0,99.44653,500.0,169.97702,-1.0,0.6854248,1.0,0.624447,0.54686224,-0.0070784395,0.005013801,-0.00958534,-0.4372254,0.22741699,0.772583,0.0871582,0.6116615533828735
4767744,1272.567018996837,6.0,99.32617,500.0,169.78636,-1.0,0.6846924,1.0,0.6256404,0.546009,-0.004738686,0.0037018976,-0.006589635,-0.44452792,0.22753906,0.77246094,0.087768555,0.6118766665458679
4775936,1288.4318067337574,6.0,99.56848,500.0,170.00511,-1.0,0.68359375,1.0,0.62654835,0.5447631,-0.0065057063,0.0041338555,-0.008572634,-0.4511808,0.22827148,0.7717285,0.088134766,0.6121900677680969
4784128,1282.857162997279,6.0,98.90881,500.0,169.53001,-1.0,0.68359375,1.0,0.6273272,0.54503524,-0.005233267,0.0048911776,-0.007678856,-0.44804543,0.2277832,0.7722168,0.08862305,0.612626314163208
4792320,1284.924122820385,6.0,99.18152,500.0,169.74449,-1.0,0.6824951,1.0,0.6282309,0.5439647,-0.006892629,0.0026692154,-0.008227237,-0.44294888,0.22851562,0.7714844,0.08898926,0.6127731204032898
4800512,1298.0890053064136,6.0,99.286255,500.0,169.79039,-1.0,0.6826172,1.0,0.6280011,0.5440549,-0.0061720894,0.0032282167,-0.0077861985,-0.4498422,0.22851562,0.7714844,0.08886719,0.6127862930297852
4808704,1287.133517893802,6.0,99.21265,500.0,169.75128,-1.0,0.68237305,1.0,0.62826633,0.54383975,-0.004377442,0.0037895273,-0.006272205,-0.45319444,0.2286377,0.7713623,0.08898926,0.6128554344177246
4816896,1305.7096262085126,6.0,99.65369,500.0,170.20009,-1.0,0.68078613,1.0,0.629113,0.5428004,-0.0064709736,0.0024875132,-0.0077147298,-0.45321536,0.22998047,0.77001953,0.0892334,0.613044023513794
4825088,1235.2697941088686,6.0,99.83557,500.0,170.36382,-1.0,0.67993164,1.0,0.62974566,0.54216397,-0.0051816166,0.0027089806,-0.0065361066,-0.45175767,0.23059082,0.7694092,0.08947754,0.6131563186645508
4833280,1303.16984323688,6.0,99.6355,500.0,170.16182,-1.0,0.6810303,1.0,0.62884873,0.5432809,-0.005275883,0.004170562,-0.0073611634,-0.4557378,0.2298584,0.7701416,0.08911133,0.613385021686554
4841472,1301.1718159342881,6.0,99.42102,500.0,169.93405,-1.0,0.6817627,1.0,0.6284432,0.54363936,-0.003808817,0.0025100708,-0.0050638528,-0.46754068,0.22924805,0.77075195,0.08898926,0.6133350133895874
4849664,1297.9756815075853,6.0,98.892334,500.0,169.45538,-1.0,0.6828613,1.0,0.62793005,0.5449054,-0.0041936366,0.0034788866,-0.00593308,-0.47224548,0.22827148,0.7717285,0.08886719,0.6135060787200928
4857856,1314.0026004906056,6.0,99.44336,500.0,169.97205,-1.0,0.68188477,1.0,0.6280192,0.544091,-0.004113584,0.0026017583,-0.0054144626,-0.4784167,0.22937012,0.7706299,0.08874512,0.6135950684547424
4866048,1299.901979531987,6.0,99.47522,500.0,169.969,-1.0,0.6817627,1.0,0.62805456,0.5438139,-0.005390584,0.003391441,-0.007086305,-0.48426098,0.22949219,0.7705078,0.08874512,0.613642692565918
4874240,1266.2006416325298,6.0,99.24951,500.0,169.90573,-1.0,0.6816406,1.0,0.6282842,0.5440222,-0.0054411236,0.0034920266,-0.0071871374,-0.4834826,0.22949219,0.7705078,0.08886719,0.6138989925384521
4882432,1297.0693622560361,6.0,99.022095,500.0,169.61339,-1.0,0.6821289,1.0,0.6283371,0.5440092,-0.005742275,0.0035810377,-0.007532795,-0.48356086,0.22888184,0.77111816,0.08898926,0.6137680411338806
4890624,1300.419391020619,6.0,98.65222,500.0,169.29288,-1.0,0.68359375,1.0,0.6273272,0.54516566,-0.0032677075,0.0040491465,-0.0052922806,-0.4897042,0.2277832,0.7722168,0.08862305,0.6138333678245544
4898816,1299.3921539411742,6.0,98.8822,500.0,169.4826,-1.0,0.6834717,1.0,0.6271683,0.54482603,-0.0075290394,0.002528294,-0.008793186,-0.50193065,0.22802734,0.77197266,0.08850098,0.6139565110206604
4907008,1290.5119855335358,6.0,98.65723,500.0,169.31078,-1.0,0.6838379,1.0,0.627061,0.54506254,-0.005443006,0.0054844823,-0.008185247,-0.5077929,0.22766113,0.77233887,0.08850098,0.6142107248306274
4915200,1300.8601820968247,6.0,98.42993,500.0,169.11281,-1.0,0.68322754,1.0,0.62801766,0.5448493,-0.0013719236,0.003017693,-0.0028807702,-0.50724876,0.2277832,0.7722168,0.08898926,0.6143496036529541
4923392,1309.6920068842448,6.0,98.16724,500.0,168.83626,-1.0,0.6833496,1.0,0.62837064,0.5446639,-0.006329205,0.0041769273,-0.008417669,-0.50553966,0.22741699,0.772583,0.0892334,0.6145201921463013
4931584,1268.8919308716002,6.0,98.357544,500.0,169.02992,-1.0,0.68444824,1.0,0.62688184,0.5457011,-0.0030863855,0.0025323005,-0.004352535,-0.50872844,0.22705078,0.7729492,0.08850098,0.6145558953285217
4939776,1295.966115131323,6.0,98.517456,500.0,169.1189,-1.0,0.6854248,1.0,0.6258139,0.5460272,-0.0072287335,0.0033435742,-0.00890052,-0.5184134,0.2265625,0.7734375,0.088012695,0.6145932674407959
4947968,1285.4120767703619,6.0,98.50696,500.0,169.02936,-1.0,0.6837158,1.0,0.627875,0.5447413,-0.005121373,0.0034985747,-0.00687066,-0.52093244,0.22729492,0.7727051,0.08898926,0.6149861216545105
4956160,1264.1565034724833,6.0,98.9209,500.0,169.38486,-1.0,0.68359375,1.0,0.6273272,0.54443693,-0.007752727,0.0033565923,-0.009431023,-0.5255111,0.2277832,0.7722168,0.08862305,0.6152222156524658
4964352,1276.2693355905199,6.0,98.67883,500.0,169.12338,-1.0,0.6834717,1.0,0.6279464,0.5440467,-0.0055846768,0.0037966764,-0.007483016,-0.5380071,0.22753906,0.77246094,0.08898926,0.6154660582542419
4972544,1267.1180569902117,6.0,98.9209,500.0,169.33578,-1.0,0.6850586,1.0,0.62592226,0.5451926,-0.004066115,0.0030399275,-0.0055860784,-0.5412432,0.22692871,0.7730713,0.088012695,0.6155681610107422
4980736,1247.824810454295,6.0,98.49951,500.0,168.9603,-1.0,0.6854248,1.0,0.6262039,0.54532766,-0.0045139855,0.004205611,-0.006616791,-0.5459896,0.22631836,0.77368164,0.088256836,0.6158295273780823
4988928,1277.0616997954455,6.0,98.76074,500.0,169.12906,-1.0,0.68566895,1.0,0.6257415,0.54543567,-0.006706899,0.0036175917,-0.008515696,-0.55574167,0.22631836,0.77368164,0.088012695,0.6160461902618408
4997120,1268.959506144972,6.0,98.91199,500.0,169.12013,-1.0,0.6867676,1.0,0.6244378,0.54573774,-0.005193215,0.0031485094,-0.0067674695,-0.55376583,0.22583008,0.7741699,0.087402344,0.6159196496009827
5005312,1273.3718742994502,6.0,98.82971,500.0,168.9765,-1.0,0.6867676,1.0,0.62463325,0.5454497,-0.005662606,0.0040162355,-0.0076707243,-0.5529187,0.22570801,0.774292,0.087524414,0.6163079738616943
5013504,1293.3587467965979,6.0,98.86719,500.0,169.05338,-1.0,0.6870117,1.0,0.6241691,0.54544926,-0.004302412,0.0028015927,-0.005703208,-0.55350363,0.22570801,0.774292,0.08728027,0.6162852644920349
5021696,1308.4609502354924,6.0,99.285645,500.0,169.44159,-1.0,0.68566895,1.0,0.62496066,0.5441967,-0.0041680597,0.0026863278,-0.0055112233,-0.5597999,0.22680664,0.77319336,0.087524414,0.6164451241493225
5029888,1285.6186470601594,6.0,99.08118,500.0,169.26868,-1.0,0.68603516,1.0,0.62485176,0.54446346,-0.004266155,0.003775864,-0.006154087,-0.569591,0.22644043,0.7735596,0.087524414,0.6166161894798279
5038080,1307.486347413564,6.0,99.27649,500.0,169.4294,-1.0,0.6855469,1.0,0.6251922,0.5439612,-0.0067440146,0.0026022682,-0.008045148,-0.57762647,0.22680664,0.77319336,0.087646484,0.6166204214096069
5046272,1269.8466182130505,6.0,99.53943,500.0,169.66481,-1.0,0.68359375,1.0,0.6269379,0.5425636,-0.007004579,0.0032839496,-0.008646553,-0.5759418,0.22802734,0.77197266,0.088378906,0.6171913146972656
5054464,1265.616107717569,6.0,99.84277,500.0,169.91888,-1.0,0.6837158,1.0,0.6263177,0.542423,-0.007387691,0.0027285458,-0.008751964,-0.58034676,0.22827148,0.7717285,0.088012695,0.6172443628311157
5062656,1277.282830266183,6.0,99.847534,500.0,169.91574,-1.0,0.68359375,1.0,0.62654835,0.54220283,-0.0012433694,0.0037859746,-0.0031363564,-0.5824765,0.22827148,0.7717285,0.088134766,0.617314875125885
5070848,1313.0850598214925,6.0,99.86658,500.0,169.77275,-1.0,0.68530273,1.0,0.6250693,0.5428132,-0.0069620972,0.003981471,-0.008952834,-0.5863387,0.22717285,0.77282715,0.087524414,0.617439866065979
5079040,1300.053072081719,6.0,100.03894,500.0,169.85599,-1.0,0.6845703,1.0,0.62567633,0.54203403,-0.0064258995,0.0031286443,-0.0079902215,-0.5941626,0.22766113,0.77233887,0.087768555,0.6176706552505493
5087232,1306.0812750612904,6.0,99.58899,500.0,169.4233,-1.0,0.68603516,1.0,0.62485176,0.5427401,-0.0050285477,0.004835294,-0.0074461955,-0.6008686,0.22644043,0.7735596,0.087524414,0.6177169680595398
5095424,1304.6830339564192,6.0,99.34387,500.0,169.23006,-1.0,0.68530273,1.0,0.62604505,0.54247427,-0.0065410202,0.0045739156,-0.008827978,-0.6132102,0.2265625,0.7734375,0.088134766,0.6179824471473694
5103616,1277.4453800757974,6.0,99.39807,500.0,169.17686,-1.0,0.6861572,1.0,0.62520605,0.5428661,-0.007147214,0.004012663,-0.009153544,-0.6235955,0.22607422,0.7739258,0.087768555,0.6181672215461731
5111808,1315.37255638784,6.0,99.71289,500.0,169.51985,-1.0,0.68640137,1.0,0.62435174,0.5435256,-0.0066911327,0.0032033732,-0.008292818,-0.6302917,0.22631836,0.77368164,0.08728027,0.6181703805923462
5120000,1282.9248447867544,6.0,99.77063,500.0,169.57333,-1.0,0.6876221,1.0,0.62300706,0.5443026,-0.0034211641,0.002253057,-0.0045476924,-0.6332522,0.22570801,0.774292,0.08666992,0.6179907917976379
5128192,1253.3093260274134,6.0,99.86951,500.0,169.58562,-1.0,0.68688965,1.0,0.6238145,0.5434761,-0.005719619,0.0031004199,-0.007269829,-0.6345907,0.22607422,0.7739258,0.08703613,0.6182407736778259
5136384,1286.035163747845,6.0,99.561035,500.0,169.24368,-1.0,0.6879883,1.0,0.62309253,0.5439853,-0.0047169696,0.0033942063,-0.0064140726,-0.64013845,0.22521973,0.7747803,0.08679199,0.6184669733047485
5144576,1270.0950685226312,6.0,99.122925,500.0,168.96556,-1.0,0.6899414,1.0,0.6215187,0.5460324,-0.0074198274,0.003520692,-0.009180172,-0.6421413,0.22387695,0.77612305,0.08618164,0.6184848546981812
5152768,1292.3933297402318,6.0,99.16931,500.0,169.1632,-1.0,0.68981934,1.0,0.6213596,0.54619694,-0.007292635,0.0033395188,-0.008962395,-0.6424697,0.2241211,0.7758789,0.08605957,0.6185836791992188
5160960,1284.0177463366258,6.0,99.27307,500.0,169.25322,-1.0,0.6888428,1.0,0.62224597,0.54580283,-0.0045501417,0.003784423,-0.006442353,-0.6383726,0.22473145,0.77526855,0.08642578,0.6189397573471069
5169152,1305.1428820607923,6.0,99.384766,500.0,169.35373,-1.0,0.6888428,1.0,0.62204975,0.5455969,-0.0056511164,0.0040708873,-0.00768656,-0.63517904,0.22485352,0.7751465,0.08630371,0.619042694568634
5177344,1271.4682016370018,6.0,98.79468,500.0,168.85796,-1.0,0.68859863,1.0,0.6231041,0.54541534,-0.004183862,0.0058785556,-0.0071231397,-0.6386117,0.2244873,0.7755127,0.08691406,0.6194823384284973
5185536,1255.9788619633628,6.0,99.0564,500.0,169.10997,-1.0,0.6890869,1.0,0.62217176,0.54556054,-0.0033898256,0.0022679428,-0.004523796,-0.63390523,0.2244873,0.7755127,0.08642578,0.6194782257080078
5193728,1263.0140740023812,6.0,99.34631,500.0,169.30823,-1.0,0.6895752,1.0,0.62123764,0.54585326,-0.0048803445,0.004870411,-0.007315549,-0.6348131,0.2244873,0.7755127,0.0859375,0.6198011636734009
5201920,1282.5243185221923,6.0,99.14404,500.0,169.12886,-1.0,0.6904297,1.0,0.620583,0.54704344,-0.0038139145,0.0021899983,-0.0049089137,-0.63866293,0.22387695,0.77612305,0.08569336,0.619849681854248
5210112,1275.9150728716072,6.0,99.39368,500.0,169.3351,-1.0,0.6906738,1.0,0.6199176,0.54716897,-0.006713694,0.0034068816,-0.008417135,-0.6461252,0.22399902,0.776001,0.08532715,0.620099663734436
5218304,1288.6347091826349,6.0,98.75012,500.0,168.76024,-1.0,0.69104004,1.0,0.6205921,0.54787534,-0.007080389,0.004105511,-0.009133144,-0.6533458,0.22314453,0.77685547,0.08581543,0.6202456951141357
5226496,1341.575981452688,6.0,98.33496,500.0,168.44351,-1.0,0.6923828,1.0,0.6195864,0.549096,-0.006035973,0.0041796826,-0.008125815,-0.66168505,0.22216797,0.77783203,0.08544922,0.6204608082771301
5234688,1300.7603588217928,6.0,97.75415,500.0,167.89146,-1.0,0.6937256,1.0,0.61897063,0.5501562,-0.0051823407,0.0025882737,-0.0064764777,-0.66454643,0.22094727,0.77905273,0.08532715,0.6205233335494995
5242880,1294.6363616462338,6.0,97.53479,500.0,167.70834,-1.0,0.69311523,1.0,0.61994946,0.54997396,-0.0045963004,0.004915736,-0.0070541687,-0.67282414,0.22106934,0.77893066,0.08581543,0.6207587718963623
5251072,1265.2530572517376,6.0,97.42139,500.0,167.55043,-1.0,0.6937256,1.0,0.61956203,0.54985976,-0.006921449,0.0039961664,-0.0089195315,-0.6877283,0.22058105,0.77941895,0.08569336,0.6208695769309998
5259264,1263.326927231668,6.0,97.21362,500.0,167.36272,-1.0,0.6928711,1.0,0.6208125,0.54945815,-0.0042033577,0.004452722,-0.0064297183,-0.69499487,0.2208252,0.7791748,0.08630371,0.621309220790863
5267456,1277.2797439770652,6.0,96.927246,500.0,167.14726,-1.0,0.69262695,1.0,0.62147784,0.54997444,-0.004926915,0.0042448305,-0.0070493305,-0.6923201,0.22070312,0.7792969,0.08666992,0.6216975450515747
5275648,1272.5779536042544,6.0,96.953125,500.0,167.16205,-1.0,0.6933594,1.0,0.6206606,0.5504777,-0.0077154916,0.0030676494,-0.0092493165,-0.69201696,0.22033691,0.7796631,0.08630371,0.6217316389083862
5283840,1241.6347875471176,6.0,96.73767,500.0,166.99875,-1.0,0.6920166,1.0,0.62245166,0.54913735,-0.0029792376,0.0053873826,-0.005672929,-0.6906099,0.2208252,0.7791748,0.0871582,0.6221188902854919
5292032,1292.6634720279753,6.0,96.243774,500.0,166.478,-1.0,0.69311523,1.0,0.6223078,0.55029154,-0.0058891075,0.004854931,-0.008316574,-0.6922721,0.21960449,0.7803955,0.08728027,0.6224349141120911
5300224,1285.7901099310268,6.0,95.96057,500.0,166.19504,-1.0,0.69262695,1.0,0.6232431,0.550136,-0.0019846791,0.004911425,-0.0044403914,-0.6994337,0.21960449,0.7803955,0.087768555,0.6227596402168274
5308416,1241.6433125488995,6.0,96.18616,500.0,166.35843,-1.0,0.692749,1.0,0.6228135,0.5499961,-0.0070036706,0.003881012,-0.008944178,-0.7047881,0.21972656,0.78027344,0.087524414,0.6229397654533386
5316608,1300.5039024687317,6.0,96.01672,500.0,166.20949,-1.0,0.6953125,1.0,0.6202456,0.5518236,-0.0051975427,0.003847975,-0.0071215304,-0.7113978,0.21826172,0.7817383,0.08642578,0.6231166124343872
5324800,1291.2899151707013,6.0,96.282715,500.0,166.32361,-1.0,0.6940918,1.0,0.6214149,0.55059636,-0.0050014756,0.003412597,-0.006707774,-0.71655774,0.21899414,0.78100586,0.08691406,0.6232720017433167
5332992,1280.1437634747242,6.0,96.6228,500.0,166.5963,-1.0,0.6928711,1.0,0.62238353,0.54969215,-0.00724041,0.0043057436,-0.009393281,-0.71767783,0.21984863,0.78015137,0.08728027,0.6236886978149414
5341184,1303.5680883343312,6.0,96.55652,500.0,166.5472,-1.0,0.6920166,1.0,0.62343144,0.54877114,-0.0038180538,0.0035482876,-0.005592197,-0.7178965,0.22021484,0.77978516,0.087768555,0.624081552028656
5349376,1281.2281078081865,6.0,96.72119,500.0,166.7192,-1.0,0.6923828,1.0,0.62273073,0.54918236,-0.005152423,0.0026435335,-0.0064741895,-0.71874917,0.22021484,0.77978516,0.087402344,0.6241055130958557
5357568,1285.1758167567705,6.0,97.052246,500.0,167.01146,-1.0,0.692749,1.0,0.62202907,0.54961056,-0.0062906044,0.003554817,-0.008068012,-0.7210337,0.22021484,0.77978516,0.08703613,0.624341607093811
5365760,1289.987557982773,6.0,96.87952,500.0,166.77934,-1.0,0.6932373,1.0,0.6218775,0.54993165,-0.007734413,0.004054484,-0.009761655,-0.7272306,0.21972656,0.78027344,0.08703613,0.6245360374450684
5373952,1272.0503374439086,6.0,96.56787,500.0,166.5915,-1.0,0.69140625,1.0,0.62420607,0.54907095,-0.005778912,0.00570102,-0.008629423,-0.73488784,0.22045898,0.779541,0.088134766,0.6250002980232239
5382144,1312.6421145709962,6.0,96.844604,500.0,166.77405,-1.0,0.69140625,1.0,0.62401044,0.54837894,-0.0069309957,0.004099095,-0.008980543,-0.73489,0.22058105,0.77941895,0.088012695,0.6252502799034119
5390336,1274.2103522962568,6.0,96.54175,500.0,166.51814,-1.0,0.69262695,1.0,0.6232431,0.549392,-0.0049342597,0.0032056966,-0.0065371078,-0.73251396,0.21960449,0.7803955,0.087768555,0.6252843737602234
5398528,1291.194417969204,6.0,96.31494,500.0,166.27234,-1.0,0.6932373,1.0,0.62305415,0.54990065,-0.005470503,0.0044549666,-0.0076979864,-0.7296082,0.21899414,0.78100586,0.087768555,0.6255235075950623
5406720,1281.4565142662889,6.0,96.20203,500.0,166.15327,-1.0,0.6923828,1.0,0.62429696,0.54896235,-0.0046296017,0.0055167302,-0.0073879673,-0.7313474,0.21923828,0.7807617,0.088378906,0.6260311007499695
5414912,1280.6419825144822,6.0,96.09802,500.0,166.03607,-1.0,0.6933594,1.0,0.623408,0.5493319,-0.004523841,0.00438956,-0.0067186216,-0.7318606,0.21862793,0.7813721,0.088012695,0.6261144280433655
5423104,1242.8934014735416,6.0,95.92175,500.0,165.77434,-1.0,0.6932373,1.0,0.624033,0.5492518,-0.0072691073,0.0042471183,-0.009392668,-0.7349129,0.21838379,0.7816162,0.088378906,0.6263746023178101
5431296,1262.9981034667246,6.0,95.696655,500.0,165.6562,-1.0,0.69470215,1.0,0.622598,0.55041844,-0.005412857,0.003809601,-0.007317657,-0.7373043,0.2175293,0.7824707,0.087768555,0.6264746189117432
5439488,1272.588040003569,6.0,95.878174,500.0,165.86925,-1.0,0.6945801,1.0,0.62244,0.5507327,-0.0044085816,0.0036802688,-0.0062487163,-0.7337295,0.21777344,0.78222656,0.087646484,0.6266246438026428
5447680,1255.3145629252588,6.0,96.01282,500.0,165.91327,-1.0,0.69470215,1.0,0.62220573,0.55005443,-0.007887429,0.0023331153,-0.0090539865,-0.73352736,0.21777344,0.78222656,0.087524414,0.6267912983894348
5455872,1287.7023885749497,6.0,96.31958,500.0,166.201,-1.0,0.69311523,1.0,0.62348366,0.5488943,-0.004357393,0.0043048435,-0.0065098144,-0.734559,0.21887207,0.7811279,0.088012695,0.6272464394569397
5464064,1283.5126785010475,6.0,96.16406,500.0,166.0272,-1.0,0.6932373,1.0,0.6236416,0.5489298,-0.004972569,0.00276396,-0.006354549,-0.7385366,0.21862793,0.7813721,0.088134766,0.6272596120834351
5472256,1295.437050950538,6.0,96.109375,500.0,166.06305,-1.0,0.6928711,1.0,0.6239506,0.54922307,-0.003579014,0.0033914559,-0.005274742,-0.742679,0.21887207,0.7811279,0.088256836,0.6273145079612732
5480448,1278.4958035548705,6.0,96.10437,500.0,165.98505,-1.0,0.6928711,1.0,0.6241462,0.54872584,-0.007367091,0.0030339232,-0.008884052,-0.7511949,0.21875,0.78125,0.088378906,0.6275506019592285
5488640,1247.3819525328345,6.0,95.77014,500.0,165.57861,-1.0,0.6936035,1.0,0.6239194,0.5489858,-0.0061074635,0.0050195362,-0.008617233,-0.757668,0.21801758,0.7819824,0.088378906,0.627709686756134
5496832,1276.3398798626654,6.0,95.65369,500.0,165.4059,-1.0,0.69384766,1.0,0.6238436,0.54924095,-0.005991623,0.005013076,-0.008498162,-0.7629235,0.21777344,0.78222656,0.088378906,0.6278927326202393
5505024,1263.1213284696664,6.0,95.765015,500.0,165.49033,-1.0,0.692749,1.0,0.6249658,0.5484718,-0.00493565,0.004101502,-0.0069864006,-0.7683963,0.21838379,0.7816162,0.08886719,0.6280643939971924
5513216,1291.014040560919,6.0,95.99292,500.0,165.68561,-1.0,0.69299316,1.0,0.62430406,0.5487771,-0.0044528693,0.0029202118,-0.0059129754,-0.7749592,0.21850586,0.78149414,0.08850098,0.6281477212905884
5521408,1290.6814108983174,6.0,96.35974,500.0,165.99063,-1.0,0.6928711,1.0,0.6239506,0.5485152,-0.004628055,0.0036611087,-0.0064586094,-0.7701821,0.21887207,0.7811279,0.088256836,0.6283683180809021
5529600,1248.3076644058417,6.0,96.77258,500.0,166.46759,-1.0,0.6923828,1.0,0.62371004,0.5485034,-0.0079216305,0.0023595095,-0.009101385,-0.767499,0.21960449,0.7803955,0.088012695,0.6285468935966492
5537792,1272.2652602918656,6.0,96.63904,500.0,166.37074,-1.0,0.69311523,1.0,0.62309194,0.5493367,-0.0059147933,0.0031809416,-0.007505263,-0.77184325,0.21911621,0.7808838,0.087768555,0.6287514567375183
5545984,1298.498086873736,6.0,96.216064,500.0,166.12953,-1.0,0.6940918,1.0,0.62239635,0.550555,-0.004325249,0.0051975623,-0.0069240304,-0.7766158,0.21838379,0.7816162,0.087524414,0.6289492249488831
5554176,1275.3893732159586,6.0,96.37793,500.0,166.36098,-1.0,0.69506836,1.0,0.62091243,0.55166394,-0.004420394,0.0034664143,-0.006153601,-0.7761127,0.21813965,0.78186035,0.08679199,0.629032552242279
5562368,1270.7065865854079,6.0,96.09387,500.0,166.17169,-1.0,0.6966553,1.0,0.6194272,0.55335027,-0.004826025,0.0031640166,-0.006408034,-0.7766082,0.21716309,0.7828369,0.08618164,0.6290150880813599
5570560,1269.9042980859151,6.0,96.57507,500.0,166.5231,-1.0,0.6956787,1.0,0.6201301,0.5523585,-0.005224889,0.004724022,-0.0075869,-0.7831624,0.21789551,0.7821045,0.08642578,0.6295886039733887
5578752,1283.0517015146436,6.0,96.338135,500.0,166.24916,-1.0,0.6954346,1.0,0.62079734,0.5520864,-0.005670275,0.0052618575,-0.008301204,-0.790515,0.21777344,0.78222656,0.08679199,0.629949688911438
5586944,1255.2018895096835,6.0,95.85474,500.0,165.85922,-1.0,0.69506836,1.0,0.62189466,0.5520896,-0.006297783,0.0038628164,-0.008229191,-0.7958339,0.2175293,0.7824707,0.087402344,0.6301941871643066
5595136,1280.359187755708,6.0,96.11914,500.0,166.06323,-1.0,0.6951904,1.0,0.62146366,0.5519752,-0.006655114,0.0028355964,-0.008072912,-0.79383165,0.21765137,0.78234863,0.0871582,0.6302382946014404
5603328,1259.494561570307,6.0,95.85034,500.0,165.72545,-1.0,0.6951904,1.0,0.6222489,0.55160415,-0.0068300264,0.0035361769,-0.008598114,-0.785874,0.21716309,0.7828369,0.087646484,0.630631148815155
5611520,1275.774322863513,6.0,95.516235,500.0,165.38441,-1.0,0.6953125,1.0,0.62279886,0.5517287,-0.002810218,0.004642539,-0.005131488,-0.7867171,0.2166748,0.7833252,0.088012695,0.6308966279029846
5619712,1245.827917439559,6.0,95.72302,500.0,165.54631,-1.0,0.69433594,1.0,0.62369174,0.55042696,-0.00426141,0.0046465443,-0.006584682,-0.79172075,0.21728516,0.78271484,0.088378906,0.6311621069908142
5627904,1279.3020813390626,6.0,95.15491,500.0,165.01881,-1.0,0.6951904,1.0,0.62362057,0.5512816,-0.005334232,0.0056445356,-0.0081565,-0.79875845,0.2163086,0.7836914,0.08850098,0.631407618522644
5636096,1292.7770860966373,6.0,94.96985,500.0,164.8278,-1.0,0.6951904,1.0,0.62401193,0.55142343,-0.007940733,0.0034239623,-0.009652714,-0.8028841,0.21606445,0.78393555,0.08874512,0.6315792798995972
5644288,1287.1216566985154,6.0,94.80005,500.0,164.6723,-1.0,0.6956787,1.0,0.623859,0.5517434,-0.0071909293,0.0044420282,-0.009411943,-0.8069068,0.21557617,0.7844238,0.08874512,0.6316503882408142
5652480,1268.420603796431,6.0,94.51013,500.0,164.41888,-1.0,0.6948242,1.0,0.62510353,0.5515539,-0.00499168,0.0047896355,-0.0073864977,-0.8249626,0.21582031,0.7841797,0.08935547,0.6319793462753296
5660672,1271.9643038787322,6.0,94.49707,500.0,164.49007,-1.0,0.6937256,1.0,0.62603015,0.55087173,-0.0075499685,0.00411299,-0.009606463,-0.83217573,0.21655273,0.78344727,0.08972168,0.6320977807044983
5668864,1274.1411299300107,6.0,94.25879,500.0,164.19458,-1.0,0.6949463,1.0,0.6252608,0.5518888,-0.00402827,0.004705657,-0.006381099,-0.8316462,0.21557617,0.7844238,0.08947754,0.6321896314620972
5677056,1266.4597572160467,6.0,94.58191,500.0,164.46368,-1.0,0.69506836,1.0,0.62463665,0.5519004,-0.003636641,0.00336344,-0.0053183613,-0.83236176,0.21582031,0.7841797,0.08911133,0.6322917342185974
5685248,1273.2388091331939,6.0,94.41785,500.0,164.28728,-1.0,0.6945801,1.0,0.62537485,0.55141985,-0.004359887,0.0042160265,-0.0064679007,-0.8318018,0.21594238,0.7840576,0.08947754,0.6325319409370422
5693440,1292.8004825689209,6.0,94.50293,500.0,164.25337,-1.0,0.6949463,1.0,0.6250655,0.55124974,-0.0046992805,0.0033267862,-0.006362674,-0.83158076,0.21569824,0.78430176,0.08935547,0.6325795650482178
5701632,1303.0611159278894,6.0,94.75952,500.0,164.5092,-1.0,0.69470215,1.0,0.62494636,0.5510479,-0.005440077,0.0036273757,-0.007253764,-0.83034134,0.21606445,0.78393555,0.0892334,0.6327643394470215
5709824,1296.1338954231526,6.0,94.697266,500.0,164.4251,-1.0,0.6945801,1.0,0.6251796,0.5511829,-0.00462809,0.0029721798,-0.00611418,-0.837855,0.21606445,0.78393555,0.08935547,0.6328229904174805
5718016,1261.09618456775,6.0,94.80505,500.0,164.5686,-1.0,0.69384766,1.0,0.6256022,0.550743,-0.0043405276,0.003597851,-0.006139453,-0.846778,0.2166748,0.7833252,0.08947754,0.633039653301239
5726208,1255.974454542517,6.0,94.71277,500.0,164.58755,-1.0,0.6945801,1.0,0.62478894,0.55134076,-0.006276264,0.0027930525,-0.0076727904,-0.8470782,0.2163086,0.7836914,0.08911133,0.6331785321235657
5734400,1297.620391859417,6.0,94.43689,500.0,164.36581,-1.0,0.69506836,1.0,0.62463665,0.5517049,-0.006890265,0.0033832765,-0.008581904,-0.8376768,0.21582031,0.7841797,0.08911133,0.6334047317504883
5742592,1296.2517391352735,6.0,94.24426,500.0,164.21645,-1.0,0.6954346,1.0,0.6245222,0.55238295,-0.0064701024,0.0034080455,-0.008174125,-0.8339956,0.2154541,0.7845459,0.08911133,0.6336547136306763
5750784,1280.3999815167863,6.0,94.11157,500.0,164.14691,-1.0,0.6953125,1.0,0.6247558,0.55322385,-0.005516681,0.0042005815,-0.0076169716,-0.8371734,0.2154541,0.7845459,0.0892334,0.6338551640510559
5758976,1295.100771668829,6.0,93.687744,500.0,163.59818,-1.0,0.6960449,1.0,0.6247218,0.55314654,-0.004568229,0.0041206363,-0.006628547,-0.8397803,0.21459961,0.7854004,0.08935547,0.6340306997299194
5767168,1245.570446897839,6.0,93.647705,500.0,163.61162,-1.0,0.69433594,1.0,0.62642586,0.55202806,-0.0021869687,0.0041302447,-0.004252091,-0.8470866,0.21557617,0.7844238,0.09008789,0.6343576312065125
5775360,1262.5780006307793,6.0,93.9115,500.0,163.93176,-1.0,0.69506836,1.0,0.6252226,0.5530201,-0.0075642094,0.0028739187,-0.009001169,-0.8506705,0.2154541,0.7845459,0.08947754,0.6345424056053162
5783552,1278.3614275982995,6.0,93.56726,500.0,163.53421,-1.0,0.69506836,1.0,0.62600315,0.5527784,-0.0043083294,0.0042247376,-0.0064206985,-0.8591339,0.21496582,0.7850342,0.08996582,0.6347611546516418
5791744,1257.6573971681557,6.0,92.98303,500.0,163.01231,-1.0,0.6968994,1.0,0.62484384,0.5547043,-0.0051796953,0.0043322206,-0.007345806,-0.8645641,0.21350098,0.786499,0.08959961,0.6348302960395813
5799936,1261.642545818701,6.0,92.78711,500.0,162.75504,-1.0,0.6966553,1.0,0.6255065,0.55437255,-0.005651223,0.0030184712,-0.0071604582,-0.86420083,0.2133789,0.7866211,0.08996582,0.6351358294487
5808128,1301.657939493887,6.0,92.046875,500.0,161.94762,-1.0,0.6986084,1.0,0.62469375,0.5555016,-0.008101441,0.0041487184,-0.0101758,-0.86071104,0.21154785,0.78845215,0.08984375,0.6353908777236938
5816320,1279.5806447132006,6.0,91.964355,500.0,161.94337,-1.0,0.6977539,1.0,0.6255504,0.55516726,-0.0039861947,0.003439322,-0.0057058553,-0.85910666,0.21203613,0.78796387,0.09020996,0.6357291340827942
5824512,1277.998729802417,6.0,92.11536,500.0,162.16501,-1.0,0.6960449,1.0,0.6270622,0.55402386,-0.00814069,0.003970488,-0.010125933,-0.86091715,0.21313477,0.78686523,0.09082031,0.6361041069030762
5832704,1285.5723733930738,6.0,91.75781,500.0,161.87177,-1.0,0.696167,1.0,0.62741333,0.5547031,-0.0069135074,0.0052675847,-0.0095473,-0.86296725,0.21276855,0.78723145,0.09106445,0.6362639665603638
5840896,1247.1401351916008,6.0,91.81494,500.0,161.88907,-1.0,0.69592285,1.0,0.6276841,0.5541879,-0.00693566,0.0045652566,-0.009218288,-0.86260337,0.21289062,0.7871094,0.09118652,0.6364345550537109
5849088,1275.4754919749857,6.0,91.60986,500.0,161.69545,-1.0,0.6966553,1.0,0.62726045,0.5548394,-0.003869132,0.0035319526,-0.005635108,-0.86994433,0.21228027,0.7877197,0.09106445,0.6365973949432373
5857280,1297.6165694359497,6.0,91.70862,500.0,161.85442,-1.0,0.69628906,1.0,0.6275696,0.55496335,-0.004328819,0.0038786922,-0.006268164,-0.8828172,0.21252441,0.7874756,0.09118652,0.6368879079818726
5865472,1296.7495595603382,6.0,91.59265,500.0,161.76659,-1.0,0.6954346,1.0,0.6286135,0.5547044,-0.0047206446,0.003971603,-0.0067064464,-0.8867086,0.21289062,0.7871094,0.091674805,0.6370311379432678
5873664,1249.6704721168062,6.0,91.4458,500.0,161.64215,-1.0,0.6954346,1.0,0.62880766,0.5544534,-0.006498655,0.00373705,-0.00836718,-0.88085246,0.21276855,0.78723145,0.091796875,0.637229859828949
5881856,1273.0658659876042,6.0,91.531006,500.0,161.69334,-1.0,0.6949463,1.0,0.62934726,0.554029,-0.007603202,0.004520891,-0.009863648,-0.88361114,0.2130127,0.7869873,0.092041016,0.6376181840896606
5890048,1258.8644966036961,6.0,91.37988,500.0,161.45557,-1.0,0.6937256,1.0,0.63107955,0.55303633,-0.0035398349,0.004277667,-0.0056786686,-0.89222515,0.2133789,0.7866211,0.09289551,0.6379846334457397
5898240,1241.0468898246816,6.0,91.53906,500.0,161.44835,-1.0,0.6932373,1.0,0.6316159,0.55223274,-0.006709493,0.0046024555,-0.009010721,-0.89406794,0.21362305,0.78637695,0.09313965,0.6381160020828247
5906432,1278.1715418965575,6.0,91.43823,500.0,161.27765,-1.0,0.6936035,1.0,0.6315037,0.55257505,-0.0064465706,0.004023017,-0.008458079,-0.8975835,0.21325684,0.78674316,0.09313965,0.6384148001670837
5914624,1273.8920861335569,6.0,91.33655,500.0,161.146,-1.0,0.69433594,1.0,0.63089186,0.5530276,-0.004745542,0.0036885322,-0.0065898076,-0.90353847,0.21276855,0.78723145,0.09289551,0.6385371685028076
5922816,1301.0941644535717,6.0,91.19238,500.0,160.95792,-1.0,0.69433594,1.0,0.63127875,0.55306125,-0.006469435,0.0054921084,-0.009215489,-0.9206946,0.21252441,0.7874756,0.09313965,0.6390714645385742
5931008,1281.2054627347777,6.0,90.87219,500.0,160.62045,-1.0,0.6939697,1.0,0.63216424,0.5528905,-0.001934932,0.004531045,-0.004200455,-0.92535436,0.21240234,0.78759766,0.09362793,0.6393214464187622
5939200,1265.4010951695302,6.0,90.81238,500.0,160.61104,-1.0,0.69592285,1.0,0.6300135,0.55429083,-0.0057413606,0.0028215148,-0.007152118,-0.9260881,0.21142578,0.7885742,0.09265137,0.6392310261726379
5947392,1300.2579785965916,6.0,90.226074,500.0,159.94167,-1.0,0.6972656,1.0,0.6295943,0.55517924,-0.005344134,0.0040358324,-0.007362049,-0.9367427,0.21008301,0.789917,0.09265137,0.6393494606018066
5955584,1314.0219473165735,6.0,90.52283,500.0,160.27475,-1.0,0.69836426,1.0,0.62788963,0.5559315,-0.0051059797,0.0020529972,-0.006132479,-0.94472575,0.20983887,0.79016113,0.091796875,0.6390994787216187
5963776,1288.4543697685203,6.0,90.31091,500.0,160.0311,-1.0,0.6998291,1.0,0.6266463,0.5567664,-0.004949594,0.0026959646,-0.0062975762,-0.9455361,0.2088623,0.7911377,0.091308594,0.6390668749809265
5971968,1276.4168806303378,6.0,90.49353,500.0,160.21068,-1.0,0.6994629,1.0,0.62676287,0.5564265,-0.0063793994,0.003478536,-0.008118667,-0.95051426,0.20922852,0.7907715,0.091308594,0.6391617059707642
5980160,1279.130915802167,6.0,90.086426,500.0,159.73068,-1.0,0.7010498,1.0,0.6256706,0.5573685,-0.0053799455,0.0047615427,-0.0077607166,-0.95815635,0.20800781,0.7919922,0.09094238,0.6393161416053772
5988352,1286.6871862131393,6.0,89.92334,500.0,159.64098,-1.0,0.70202637,1.0,0.6247701,0.5586196,-0.0073184716,0.003317049,-0.008976996,-0.9679175,0.20739746,0.79260254,0.09057617,0.6393136382102966
5996544,1294.6606547634096,6.0,90.07678,500.0,159.79617,-1.0,0.7036133,1.0,0.6228844,0.5591954,-0.005840515,0.0024750312,-0.0070780306,-0.9788343,0.20666504,0.79333496,0.08972168,0.63926100730896
6004736,1280.573205031543,6.0,89.692505,500.0,159.34209,-1.0,0.7039795,1.0,0.62315655,0.5595174,-0.0062398333,0.0054157632,-0.008947715,-0.9842899,0.20605469,0.7939453,0.08996582,0.6396806240081787
6012928,1283.18390256691,6.0,89.875244,500.0,159.53392,-1.0,0.7036133,1.0,0.6232762,0.5592121,-0.0029362806,0.0035552073,-0.0047138846,-0.98197514,0.2064209,0.7935791,0.08996582,0.6396870613098145
6021120,1311.4983118911014,6.0,90.20654,500.0,159.84616,-1.0,0.7044678,1.0,0.62181973,0.55969346,-0.005072986,0.003997631,-0.0070718015,-0.9753394,0.20629883,0.7937012,0.0892334,0.6397779583930969
6029312,1309.6621045279169,6.0,89.61023,500.0,159.35242,-1.0,0.7076416,1.0,0.61879754,0.5625498,-0.003860728,0.0052135447,-0.0064675002,-0.97271156,0.2043457,0.7956543,0.088012695,0.6398635506629944
6037504,1281.6720937836005,6.0,89.12683,500.0,158.76604,-1.0,0.7071533,1.0,0.6203401,0.56217664,-0.0015408241,0.006376186,-0.004728918,-0.9693748,0.20397949,0.7960205,0.08886719,0.6401904821395874
6045696,1253.0946812144432,6.0,89.15161,500.0,158.79814,-1.0,0.7064209,1.0,0.6211741,0.56155264,-0.0026247702,0.0037065134,-0.004478026,-0.96447015,0.2043457,0.7956543,0.0892334,0.6406905055046082
6053888,1291.992020121237,6.0,88.75891,500.0,158.47571,-1.0,0.70703125,1.0,0.6209709,0.56226355,-0.0060089235,0.0043724105,-0.008195129,-0.97120655,0.20373535,0.79626465,0.0892334,0.640825092792511
6062080,1282.183512755808,6.0,88.72302,500.0,158.40022,-1.0,0.7081299,1.0,0.6198163,0.5625797,-0.0017718654,0.0039880415,-0.0037658857,-0.9760871,0.203125,0.796875,0.08874512,0.6411135792732239
6070272,1270.2321732222447,6.0,88.60986,500.0,158.31671,-1.0,0.7084961,1.0,0.6194961,0.5633116,-0.0072784247,0.0040097935,-0.009283321,-0.97855794,0.20288086,0.79711914,0.08862305,0.6412802338600159
6078464,1270.9082220472594,6.0,88.33899,500.0,158.16368,-1.0,0.7092285,1.0,0.61865747,0.5643237,-0.003017753,0.0037278396,-0.0048816726,-0.9823276,0.20251465,0.79748535,0.088256836,0.6412596106529236
6086656,1280.3531285532772,6.0,88.36572,500.0,158.33374,-1.0,0.70910645,1.0,0.6185014,0.56450605,-0.005515946,0.0030199564,-0.0070259245,-0.98326653,0.20275879,0.7972412,0.088134766,0.6415730118751526
6094848,1261.7509111409195,6.0,88.45361,500.0,158.46687,-1.0,0.7105713,1.0,0.61662,0.5657749,-0.005891506,0.0035440866,-0.00766355,-0.9866282,0.20214844,0.79785156,0.08728027,0.641477644443512
6103040,1274.9334548314093,6.0,88.583496,500.0,158.54387,-1.0,0.7104492,1.0,0.61646366,0.5658193,-0.0037378976,0.005534118,-0.0065049566,-0.9963682,0.20239258,0.7976074,0.0871582,0.6418132185935974
6111232,1297.5873629436514,6.0,88.3739,500.0,158.27318,-1.0,0.7102051,1.0,0.6171407,0.56559795,-0.004181251,0.004107621,-0.006235061,-1.000478,0.20227051,0.7977295,0.087524414,0.6420971751213074
6119424,1302.210358525573,6.0,87.70215,500.0,157.56497,-1.0,0.71154785,1.0,0.61648375,0.5667986,-0.0059887893,0.0061944607,-0.00908602,-0.9980399,0.2010498,0.7989502,0.087402344,0.6423366665840149
6127616,1256.9704910394807,6.0,87.88513,500.0,157.62575,-1.0,0.71240234,1.0,0.61539686,0.5670444,-0.006960977,0.0035007028,-0.008711329,-0.9992996,0.2006836,0.7993164,0.08691406,0.6424314975738525
6135808,1275.1797825312028,6.0,87.72534,500.0,157.58064,-1.0,0.71325684,1.0,0.61450565,0.5683749,-0.0046719434,0.00427094,-0.0068074134,-0.9926218,0.20019531,0.7998047,0.08654785,0.64254230260849
6144000,1270.502384280793,6.0,87.63867,500.0,157.50604,-1.0,0.71362305,1.0,0.61437845,0.56890893,-0.004112755,0.0052714255,-0.0067484677,-0.9868727,0.1998291,0.8001709,0.08654785,0.6426802277565002
6152192,1277.4593433385137,6.0,87.41858,500.0,157.09198,-1.0,0.713501,1.0,0.6152151,0.5684011,-0.004033618,0.006056571,-0.0070619043,-0.98035467,0.19946289,0.8005371,0.08703613,0.642954409122467
6160384,1260.0994242152613,6.0,86.933716,500.0,156.56664,-1.0,0.7145996,1.0,0.6148327,0.5692712,-0.005448431,0.003475234,-0.0071860477,-0.97242373,0.19836426,0.80163574,0.08703613,0.6431299448013306
6168576,1297.2593702595966,6.0,86.31372,500.0,155.97565,-1.0,0.71691895,1.0,0.61282426,0.571687,-0.0047477847,0.0046579177,-0.007076744,-0.97636104,0.19677734,0.80322266,0.08630371,0.6432234644889832
6176768,1291.4299838724123,6.0,85.90723,500.0,155.56226,-1.0,0.7161865,1.0,0.61447525,0.57133156,-0.003650304,0.005676939,-0.006488774,-0.98025393,0.19665527,0.8033447,0.0871582,0.6435666680335999
6184960,1320.0062792208723,6.0,85.35962,500.0,155.04283,-1.0,0.717041,1.0,0.6141739,0.57255983,-0.0054455064,0.0047426233,-0.007816818,-0.9736023,0.19580078,0.8041992,0.0871582,0.64372318983078
6193152,1282.4908090133813,6.0,85.69592,500.0,155.47292,-1.0,0.7158203,1.0,0.6151995,0.5720786,-0.0060993633,0.0043618316,-0.008280279,-0.9711269,0.19665527,0.8033447,0.087524414,0.6439468860626221
6201344,1251.4884619242664,6.0,85.62549,500.0,155.53247,-1.0,0.71643066,1.0,0.6143893,0.57304263,-0.005388583,0.0042811777,-0.007529172,-0.9714067,0.19641113,0.80358887,0.0871582,0.6440572738647461
6209536,1297.554090706368,6.0,85.1543,500.0,155.03197,-1.0,0.7174072,1.0,0.6140444,0.5740299,-0.0064336737,0.0045383996,-0.008702873,-0.96528715,0.19543457,0.8045654,0.0871582,0.6442458629608154
6217728,1304.6971531450827,6.0,84.36975,500.0,154.01562,-1.0,0.71875,1.0,0.6139651,0.57482755,-0.0065640183,0.006114639,-0.009621339,-0.9594426,0.19384766,0.80615234,0.087402344,0.6444888114929199
6225920,1249.1631295133905,6.0,83.98462,500.0,153.55304,-1.0,0.71984863,1.0,0.6133736,0.5756432,-0.00626957,0.003377295,-0.0079582175,-0.96218336,0.1928711,0.8071289,0.08728027,0.6446033716201782
6234112,1256.357372771457,6.0,84.15674,500.0,153.74591,-1.0,0.7215576,1.0,0.61116254,0.57705593,-0.0058593433,0.0032618162,-0.0074902517,-0.9738579,0.19213867,0.8078613,0.08630371,0.6445288062095642
6242304,1254.3309470807396,6.0,83.292114,500.0,152.80235,-1.0,0.72143555,1.0,0.61260325,0.57759887,-0.0045724795,0.006305361,-0.0077251596,-0.98372936,0.19140625,0.80859375,0.0871582,0.6447787880897522
6250496,1267.7197885518792,6.0,83.38489,500.0,152.92606,-1.0,0.7213135,1.0,0.6124481,0.5775041,-0.0060746963,0.003071161,-0.0076102763,-0.9850388,0.19165039,0.8083496,0.08703613,0.644822895526886
6258688,1290.1986537297857,6.0,83.24548,500.0,152.81483,-1.0,0.7233887,1.0,0.6100956,0.57908595,-0.0068056434,0.0042841975,-0.008947743,-0.9924076,0.19055176,0.80944824,0.08605957,0.6450515985488892
6266880,1303.8569744527467,6.0,83.14624,500.0,152.59142,-1.0,0.7224121,1.0,0.61145127,0.57835674,-0.0054119113,0.0058473675,-0.008335595,-1.0003359,0.19091797,0.80908203,0.08666992,0.6455280780792236
6275072,1282.56759625032,6.0,82.573364,500.0,152.03014,-1.0,0.7229004,1.0,0.6114731,0.5796742,-0.006219764,0.004263651,-0.0083515905,-1.005029,0.19030762,0.8096924,0.08679199,0.6458336114883423
6283264,1265.3663308718776,6.0,82.51819,500.0,152.00783,-1.0,0.7224121,1.0,0.6120499,0.5793568,-0.0031846236,0.0046080146,-0.005488631,-1.0087451,0.19055176,0.80944824,0.08703613,0.6461271047592163
6291456,1269.1048032953836,6.0,82.40796,500.0,151.7519,-1.0,0.72314453,1.0,0.61158365,0.5796416,-0.0041506006,0.004193641,-0.0062474217,-1.004929,0.1899414,0.8100586,0.08691406,0.6463721394538879
6299648,1309.7880630892662,6.0,81.845215,500.0,151.2375,-1.0,0.7249756,1.0,0.61031276,0.5818202,-0.0051951073,0.006555657,-0.008472936,-1.0077422,0.18847656,0.81152344,0.08654785,0.6465581655502319
6307840,1291.528622894113,6.0,81.31909,500.0,150.6005,-1.0,0.7258301,1.0,0.6101972,0.58245325,-0.0041138344,0.0042350586,-0.0062313634,-1.0150185,0.1875,0.8125,0.08666992,0.6466624736785889
6316032,1314.8456955217416,6.0,81.66052,500.0,151.10487,-1.0,0.72546387,1.0,0.6099325,0.58242035,-0.0046124505,0.0035196505,-0.0063722758,-1.0201472,0.18811035,0.81188965,0.08642578,0.6467970609664917
6324224,1284.9413734676882,6.0,81.62488,500.0,150.9767,-1.0,0.72509766,1.0,0.61066765,0.5818409,-0.0037332736,0.004647718,-0.0060571325,-1.0194116,0.18811035,0.81188965,0.08679199,0.6472064256668091
6332416,1270.4463411476854,6.0,81.423706,500.0,150.70062,-1.0,0.72351074,1.0,0.6128459,0.58063996,-0.0050247107,0.0054902253,-0.007769823,-1.0130532,0.1887207,0.8112793,0.087768555,0.6475913524627686
6340608,1264.104181225651,6.0,81.31665,500.0,150.6454,-1.0,0.72424316,1.0,0.6121796,0.581282,-0.00527048,0.0037129242,-0.007126943,-1.0096849,0.18823242,0.8117676,0.087524414,0.6476297974586487
6348800,1283.6805107084838,6.0,81.285645,500.0,150.70485,-1.0,0.72436523,1.0,0.6119354,0.5819753,-0.004307177,0.0044093877,-0.006511871,-1.0099051,0.18823242,0.8117676,0.087402344,0.6477964520454407
6356992,1289.3986184791668,6.0,81.25867,500.0,150.59161,-1.0,0.72436523,1.0,0.6121348,0.5816721,-0.006255543,0.0035477993,-0.008029442,-1.007735,0.18811035,0.81188965,0.087524414,0.6478440761566162
6365184,1288.384943854899,6.0,81.197754,500.0,150.5073,-1.0,0.723999,1.0,0.6126676,0.5816183,-0.003692234,0.0033835482,-0.0053840084,-1.010628,0.18823242,0.8117676,0.087768555,0.6482269763946533
6373376,1278.1800054222624,6.0,80.54944,500.0,149.84485,-1.0,0.7248535,1.0,0.612753,0.58263415,-0.005454154,0.005663996,-0.008286152,-1.0136111,0.18713379,0.8128662,0.088012695,0.6484346985816956
6381568,1263.5677676853395,6.0,79.943115,500.0,149.01445,-1.0,0.7260742,1.0,0.612503,0.58325803,-0.0032364617,0.0049051046,-0.005689014,-1.0111743,0.18579102,0.814209,0.088134766,0.6485628485679626
6389760,1295.2489923293233,6.0,79.63147,500.0,148.6439,-1.0,0.7277832,1.0,0.6108712,0.58454204,-0.00613313,0.0046371794,-0.00845172,-1.0149719,0.18469238,0.8153076,0.087524414,0.6487034559249878
6397952,1245.749865662112,6.0,79.19141,500.0,148.07243,-1.0,0.72631836,1.0,0.6134086,0.5830685,-0.0068958183,0.0058000213,-0.00979583,-1.0264121,0.18493652,0.8150635,0.08874512,0.6492642760276794
6406144,1307.617710104198,6.0,79.33276,500.0,148.41795,-1.0,0.7261963,1.0,0.6130556,0.58326626,-0.0038325265,0.0037651928,-0.0057151234,-1.0343181,0.18530273,0.81469727,0.08850098,0.649384617805481
6414336,1270.485378214101,6.0,78.99524,500.0,147.94762,-1.0,0.7279053,1.0,0.6116246,0.584672,-0.006274892,0.0040885643,-0.008319175,-1.0403963,0.18408203,0.81591797,0.088012695,0.6495065093040466
6422528,1280.410430863254,6.0,78.670166,500.0,147.41237,-1.0,0.7290039,1.0,0.61101425,0.5849852,-0.004179434,0.0043516876,-0.006355278,-1.0497129,0.18310547,0.81689453,0.087890625,0.6496688723564148
6430720,1295.826429139421,6.0,78.34985,500.0,147.07562,-1.0,0.7282715,1.0,0.6122859,0.5849365,-0.0035387347,0.0052222977,-0.006149884,-1.0580273,0.18322754,0.81677246,0.08850098,0.6499651074409485
6438912,1263.3139214871628,6.0,78.63782,500.0,147.39566,-1.0,0.72802734,1.0,0.6121775,0.585029,-0.006151095,0.004276351,-0.008289271,-1.0589793,0.18359375,0.81640625,0.088378906,0.6501111388206482
6447104,1269.1539306321572,6.0,78.04932,500.0,146.67696,-1.0,0.7305908,1.0,0.61001706,0.5868827,-0.003972986,0.005201707,-0.0065738396,-1.0653434,0.1817627,0.8182373,0.087646484,0.6501736640930176
6455296,1275.0681520210467,6.0,77.72949,500.0,146.24695,-1.0,0.7322998,1.0,0.6085665,0.58814454,-0.0018526493,0.0041971123,-0.003951206,-1.0733478,0.18054199,0.819458,0.0871582,0.6502771973609924
6463488,1283.8765463338357,6.0,77.54407,500.0,145.98398,-1.0,0.73083496,1.0,0.61052483,0.5869901,-0.0051516755,0.005173378,-0.007738364,-1.0812099,0.18115234,0.81884766,0.088012695,0.650754451751709
6471680,1292.0256878923485,6.0,77.54724,500.0,146.13962,-1.0,0.729126,1.0,0.61236554,0.58580375,-0.0028680381,0.005398933,-0.0055675046,-1.0869517,0.1821289,0.8178711,0.08874512,0.6511044502258301
6479872,1254.1161810980914,6.0,77.84607,500.0,146.46608,-1.0,0.72875977,1.0,0.612303,0.58552295,-0.0028048384,0.0029771854,-0.0042934306,-1.0884707,0.18261719,0.8173828,0.08862305,0.6514514684677124
6488064,1264.1344578378148,6.0,77.71411,500.0,146.40701,-1.0,0.7277832,1.0,0.6134635,0.58478767,-0.0044599073,0.005281104,-0.0071004587,-1.0935733,0.18310547,0.81689453,0.08911133,0.6518363952636719
6496256,1276.9387771575468,6.0,77.15698,500.0,145.66736,-1.0,0.72680664,1.0,0.6154141,0.5832919,-0.0027877637,0.005540637,-0.0055580824,-1.0978396,0.18310547,0.81689453,0.09008789,0.6522774696350098
6504448,1262.9265659949212,6.0,76.44653,500.0,144.9172,-1.0,0.72888184,1.0,0.6138504,0.58565485,-0.002779616,0.004100587,-0.004829909,-1.1013713,0.18151855,0.81848145,0.08959961,0.6524699330329895
6512640,1235.5914010526485,6.0,76.3678,500.0,144.87904,-1.0,0.72888184,1.0,0.6138504,0.5859636,-0.0063721477,0.0050199563,-0.008882126,-1.0993071,0.18151855,0.81848145,0.08959961,0.652805507183075
6520832,1278.4295395970335,6.0,76.5282,500.0,145.01581,-1.0,0.72875977,1.0,0.61389583,0.5856625,-0.006723784,0.003708433,-0.008578001,-1.099849,0.18164062,0.8183594,0.08959961,0.652930498123169
6529024,1301.6873788324776,6.0,76.24609,500.0,144.8651,-1.0,0.73095703,1.0,0.6114776,0.58776116,-0.0047175623,0.0045698783,-0.0070025013,-1.1076796,0.18041992,0.8195801,0.08862305,0.6529627442359924
6537216,1290.314354589872,6.0,75.91907,500.0,144.44023,-1.0,0.73095703,1.0,0.6120762,0.5875813,-0.0060937586,0.004218782,-0.00820315,-1.1120332,0.18005371,0.8199463,0.08898926,0.6531552076339722
6545408,1263.9875995839257,6.0,76.17822,500.0,144.78023,-1.0,0.732666,1.0,0.60962915,0.5892557,-0.0060319644,0.0035726384,-0.0078182835,-1.1193208,0.17944336,0.82055664,0.087890625,0.6532348990440369
6553600,1269.033416053816,6.0,76.08057,500.0,144.69629,-1.0,0.7327881,1.0,0.6095826,0.5899183,-0.0053746444,0.0041817003,-0.007465495,-1.1263635,0.17932129,0.8206787,0.087890625,0.6534631848335266
6561792,1298.2492419485359,6.0,75.84973,500.0,144.47786,-1.0,0.73205566,1.0,0.6106619,0.58986527,-0.0034582168,0.0043664123,-0.005641423,-1.1291904,0.17956543,0.8204346,0.088378906,0.6535977721214294
6569984,1280.8837885103103,6.0,75.40576,500.0,143.94556,-1.0,0.7303467,1.0,0.61330223,0.5883135,-0.0057523367,0.005805765,-0.008655219,-1.1366744,0.18005371,0.8199463,0.08959961,0.6539275050163269
6578176,1305.2743196946576,6.0,74.93286,500.0,143.29791,-1.0,0.72961426,1.0,0.61516637,0.587716,-0.0032819575,0.0063598896,-0.0064619025,-1.1415431,0.17980957,0.8201904,0.09057617,0.6540941596031189
6586368,1292.7005792215537,6.0,74.58984,500.0,142.88832,-1.0,0.72875977,1.0,0.6166734,0.58721846,-0.004558407,0.006362752,-0.0077397833,-1.1489725,0.17993164,0.82006836,0.091308594,0.654422402381897
6594560,1268.6151910441583,6.0,74.9375,500.0,143.28998,-1.0,0.72875977,1.0,0.6162774,0.58694476,-0.0026519825,0.003146302,-0.004225133,-1.1581495,0.18017578,0.8198242,0.09106445,0.6545212268829346
6602752,1272.9687534917991,6.0,74.20776,500.0,142.31885,-1.0,0.7281494,1.0,0.6180857,0.5865083,-0.0038690353,0.004777464,-0.006257768,-1.1670382,0.17980957,0.8201904,0.092041016,0.6546847820281982
6610944,1286.0067169286033,6.0,74.188965,500.0,142.40576,-1.0,0.72961426,1.0,0.61615777,0.5878576,-0.0023413019,0.004662504,-0.004672554,-1.1783453,0.17919922,0.8208008,0.09118652,0.6548748016357422
6619136,1285.0000964131395,6.0,74.093994,500.0,142.31958,-1.0,0.72875977,1.0,0.61726695,0.58744955,-0.005223627,0.003934905,-0.00719108,-1.1786932,0.17956543,0.8204346,0.091674805,0.6550643444061279
6627328,1272.6407841067735,6.0,73.85303,500.0,142.01741,-1.0,0.729126,1.0,0.617329,0.58787453,-0.0055204686,0.004493056,-0.0077669965,-1.1837485,0.17907715,0.82092285,0.091796875,0.6551882028579712
6635520,1264.4711794058323,6.0,74.20764,500.0,142.36705,-1.0,0.7282715,1.0,0.61804056,0.5871037,-0.0058267326,0.003999624,-0.007826544,-1.1920723,0.1796875,0.8203125,0.092041016,0.6553627252578735
6643712,1285.1460139710948,6.0,74.053955,500.0,142.20407,-1.0,0.73132324,1.0,0.6145258,0.5893123,-0.0035948465,0.004020781,-0.0056052366,-1.196161,0.17810059,0.8218994,0.09057617,0.6552761197090149
6651904,1251.1869567937383,6.0,73.70398,500.0,141.71974,-1.0,0.73254395,1.0,0.61366713,0.59050745,-0.004430796,0.0050336025,-0.0069475975,-1.1936742,0.17712402,0.822876,0.09033203,0.6555433869361877
6660096,1241.1509388659515,6.0,73.856445,500.0,141.95975,-1.0,0.7327881,1.0,0.61297745,0.590961,-0.007639992,0.0028898716,-0.009084927,-1.1889466,0.1772461,0.8227539,0.08996582,0.6556422114372253
6668288,1283.685354518039,6.0,73.40149,500.0,141.4944,-1.0,0.73327637,1.0,0.612991,0.59178036,-0.0059244004,0.004421535,-0.008135168,-1.1859759,0.17663574,0.82336426,0.09008789,0.655896782875061
6676480,1277.0192674536524,6.0,73.34094,500.0,141.46503,-1.0,0.7322998,1.0,0.61415726,0.59104145,-0.004520065,0.0033576214,-0.006198876,-1.1884841,0.17712402,0.822876,0.09057617,0.656063437461853
6684672,1275.2182591267688,6.0,73.44885,500.0,141.44463,-1.0,0.73327637,1.0,0.612991,0.5913565,-0.0036895203,0.0045142286,-0.0059466343,-1.197451,0.17663574,0.82336426,0.09008789,0.6560964584350586
6692864,1270.6569630534814,6.0,73.04077,500.0,140.82906,-1.0,0.73376465,1.0,0.6132032,0.591859,-0.00264449,0.005175208,-0.005232094,-1.203219,0.17590332,0.8240967,0.09033203,0.656158983707428
6701056,1260.939156837034,6.0,72.97412,500.0,140.73381,-1.0,0.7335205,1.0,0.6136942,0.59172994,-0.0021657567,0.0046497737,-0.0044906437,-1.2062426,0.17590332,0.8240967,0.09057617,0.6565880179405212
6709248,1270.067745027449,6.0,73.12561,500.0,140.9643,-1.0,0.7338867,1.0,0.6129575,0.5918151,-0.0052180653,0.0048601404,-0.0076481346,-1.210423,0.17590332,0.8240967,0.09020996,0.6568188071250916
6717440,1292.2833797439357,6.0,73.30115,500.0,141.35031,-1.0,0.7342529,1.0,0.6120204,0.59258235,-0.0037762546,0.0040822118,-0.0058173602,-1.2164593,0.17602539,0.8239746,0.08972168,0.6568673253059387
6725632,1252.296716107494,6.0,73.132324,500.0,141.16959,-1.0,0.7338867,1.0,0.6127583,0.592209,-0.000394169,0.00550329,-0.0031458142,-1.2205083,0.17602539,0.8239746,0.09008789,0.6571780443191528
6733824,1274.1546903062974,6.0,73.069214,500.0,141.03873,-1.0,0.7322998,1.0,0.6149518,0.59082854,-0.00491779,0.0057252664,-0.007780424,-1.2225145,0.17663574,0.82336426,0.09106445,0.6576633453369141
6742016,1257.8730094310076,6.0,73.054565,500.0,140.95358,-1.0,0.7324219,1.0,0.6147071,0.59076333,-0.0052409586,0.0037645767,-0.0071232473,-1.2265761,0.17663574,0.82336426,0.09094238,0.6578133702278137
6750208,1243.8515892750506,6.0,73.04407,500.0,141.10849,-1.0,0.7314453,1.0,0.61567056,0.59059066,-0.004866317,0.0057070274,-0.007719831,-1.2306107,0.1772461,0.8227539,0.091308594,0.6581681966781616
6758400,1293.366098154662,6.0,72.7561,500.0,140.92728,-1.0,0.7314453,1.0,0.6158688,0.591686,-0.0060994364,0.0055614654,-0.00888017,-1.2368667,0.17712402,0.822876,0.091430664,0.6582923531532288
6766592,1283.2459635612886,6.0,72.757935,500.0,140.88214,-1.0,0.7310791,1.0,0.6162045,0.59092194,-0.0069809286,0.0051376037,-0.009549731,-1.2390492,0.17736816,0.82263184,0.091552734,0.6585147976875305
6774784,1270.7367573317372,6.0,72.65405,500.0,140.68307,-1.0,0.73205566,1.0,0.6152424,0.5916172,-0.006521098,0.0063026813,-0.009672439,-1.2425342,0.17675781,0.8232422,0.09118652,0.658635139465332
6782976,1242.7657306548804,6.0,72.52722,500.0,140.59991,-1.0,0.7336426,1.0,0.6132497,0.59302235,-0.0003647476,0.0033073986,-0.002018448,-1.2473586,0.17602539,0.8239746,0.09033203,0.6586083769798279
6791168,1263.4866410275474,6.0,72.541016,500.0,140.48843,-1.0,0.7331543,1.0,0.6140322,0.5922318,-0.0030361866,0.004890262,-0.0054813186,-1.2524076,0.17614746,0.82385254,0.09069824,0.6588008403778076
6799360,1254.8100976170076,6.0,72.398926,500.0,140.33742,-1.0,0.7324219,1.0,0.61510414,0.59192145,-0.0056599947,0.005465638,-0.008392814,-1.2605507,0.1763916,0.8236084,0.09118652,0.6591662168502808
6807552,1241.0491759367112,6.0,72.47473,500.0,140.38744,-1.0,0.7324219,1.0,0.61510414,0.59160864,-0.0050834105,0.00382514,-0.0069959806,-1.2642592,0.1763916,0.8236084,0.09118652,0.6593661904335022
6815744,1279.9522989884053,6.0,72.77551,500.0,140.79803,-1.0,0.7310791,1.0,0.6162045,0.5909215,-0.004630753,0.005913088,-0.0075872964,-1.2598076,0.17736816,0.82263184,0.091552734,0.6597067713737488
6823936,1280.8339876285256,6.0,72.47839,500.0,140.38573,-1.0,0.73132324,1.0,0.616509,0.5909529,-0.0042743683,0.004275718,-0.0064122276,-1.258706,0.17687988,0.8231201,0.091796875,0.6598621606826782
6832128,1285.214562444697,6.0,72.39038,500.0,140.25032,-1.0,0.73095703,1.0,0.617042,0.59038514,-0.004926146,0.0056752097,-0.0077637504,-1.2598367,0.17700195,0.82299805,0.092041016,0.66002357006073
6840320,1278.6191689023756,6.0,71.92676,500.0,139.53426,-1.0,0.72998047,1.0,0.61918354,0.5892891,-0.0034996963,0.006810803,-0.006905097,-1.2567805,0.17687988,0.8231201,0.09313965,0.660431444644928
6848512,1293.2333484211706,6.0,71.6781,500.0,139.18552,-1.0,0.7322998,1.0,0.61673576,0.5913495,-0.004948068,0.004693734,-0.007294935,-1.261861,0.17553711,0.8244629,0.092163086,0.6605286598205566
6856704,1249.134837316217,6.0,71.30762,500.0,138.89565,-1.0,0.7340088,1.0,0.6150978,0.59314173,-0.002838702,0.004686606,-0.0051820055,-1.2729121,0.17443848,0.8255615,0.091552734,0.6607896089553833
6864896,1266.8546549741532,6.0,70.8938,500.0,138.29332,-1.0,0.7340088,1.0,0.6156929,0.593503,-0.0070396475,0.0055902125,-0.009834753,-1.2785606,0.17407227,0.82592773,0.091918945,0.6610996127128601
6873088,1299.8143009714938,6.0,70.61743,500.0,138.03897,-1.0,0.73376465,1.0,0.616182,0.5937432,-0.0067924,0.005875821,-0.009730311,-1.2772574,0.17407227,0.82592773,0.092163086,0.6613777875900269
6881280,1314.7341057442266,6.0,71.03845,500.0,138.54518,-1.0,0.7318115,1.0,0.61790806,0.5916611,-0.0035020364,0.004280779,-0.005642426,-1.2753433,0.17541504,0.82458496,0.09277344,0.661727786064148
6889472,1318.526114805818,6.0,71.26367,500.0,139.02731,-1.0,0.7307129,1.0,0.6185164,0.59116614,-0.005933953,0.0034662844,-0.0076670954,-1.2717688,0.1763916,0.8236084,0.09289551,0.6619564890861511
6897664,1298.2591016930774,6.0,71.332275,500.0,139.05017,-1.0,0.73132324,1.0,0.61769587,0.59155434,-0.00650036,0.0039313696,-0.008466044,-1.2708174,0.17614746,0.82385254,0.0925293,0.6619316935539246
6905856,1276.896542794867,6.0,71.199585,500.0,138.90775,-1.0,0.73291016,1.0,0.6159111,0.5929669,-0.0038992097,0.003089898,-0.005444159,-1.2763058,0.17529297,0.82470703,0.091796875,0.6619564294815063
6914048,1273.4707946559035,6.0,71.02283,500.0,138.75021,-1.0,0.73498535,1.0,0.61353284,0.59487385,-0.0016944269,0.0045459527,-0.0039674034,-1.2864166,0.17419434,0.82580566,0.09082031,0.6621536016464233
6922240,1273.130395741665,6.0,71.18884,500.0,139.01982,-1.0,0.7335205,1.0,0.6148865,0.5940603,-0.004059451,0.004360463,-0.0062396815,-1.2907168,0.1751709,0.8248291,0.091308594,0.6623777151107788
6930432,1289.2142921223492,6.0,70.85193,500.0,138.54727,-1.0,0.7327881,1.0,0.6163536,0.5932723,-0.0030746723,0.005413301,-0.0057813227,-1.2948924,0.1751709,0.8248291,0.092041016,0.6627292037010193
6938624,1279.932035240418,6.0,70.928345,500.0,138.66017,-1.0,0.73217773,1.0,0.61717737,0.5930429,-0.0037789168,0.004590142,-0.0060739876,-1.2927861,0.17541504,0.82458496,0.09240723,0.6629946827888489
6946816,1295.0548867738007,6.0,70.69116,500.0,138.20097,-1.0,0.732666,1.0,0.61719126,0.5932536,-0.006494591,0.004122517,-0.00855585,-1.2850395,0.17480469,0.8251953,0.0925293,0.6633329391479492
6955008,1259.3839984881413,6.0,70.79993,500.0,138.39407,-1.0,0.73291016,1.0,0.61650544,0.59333944,-0.0030081314,0.0037338873,-0.0048750746,-1.2849109,0.17492676,0.82507324,0.092163086,0.6633954644203186
6963200,1243.7752706851702,6.0,70.90759,500.0,138.48631,-1.0,0.7327881,1.0,0.6165516,0.5928354,-0.003793812,0.003765799,-0.005676712,-1.2935815,0.17504883,0.8249512,0.092163086,0.6635376214981079
6971392,1251.8207141545822,6.0,71.1228,500.0,138.81316,-1.0,0.7318115,1.0,0.6173151,0.5923307,-0.006585256,0.003625581,-0.008398047,-1.2967682,0.17578125,0.82421875,0.09240723,0.6637821197509766
6979584,1249.1627207887382,6.0,71.35034,500.0,139.00359,-1.0,0.7338867,1.0,0.6147472,0.59387183,-0.003346391,0.0050019138,-0.005847348,-1.2956364,0.17480469,0.8251953,0.091308594,0.6638782620429993
6987776,1256.6869299102032,6.0,71.0437,500.0,138.5974,-1.0,0.7344971,1.0,0.6145147,0.59408593,-0.0044985637,0.004847046,-0.0069220876,-1.2965288,0.17419434,0.82580566,0.091308594,0.6640943884849548
6995968,1267.2720469856122,6.0,70.72046,500.0,138.285,-1.0,0.7348633,1.0,0.6145734,0.5951271,-0.0047018193,0.0047220853,-0.0070628617,-1.2986547,0.17370605,0.82629395,0.091430664,0.664201557636261
7004160,1303.0519737765999,6.0,70.67993,500.0,138.41228,-1.0,0.7368164,1.0,0.61203104,0.5972794,-0.004955915,0.00440691,-0.007159369,-1.3029554,0.17285156,0.82714844,0.09033203,0.6641896367073059
7012352,1311.136432263757,6.0,70.671875,500.0,138.29971,-1.0,0.73535156,1.0,0.6139892,0.5954399,-0.0050051734,0.0056541516,-0.00783225,-1.3041475,0.17346191,0.8265381,0.09118652,0.664490818977356
7020544,1271.0135303305867,6.0,70.44507,500.0,138.10011,-1.0,0.7363281,1.0,0.61301684,0.596379,-0.004645398,0.0038560042,-0.0065734005,-1.3113536,0.17285156,0.82714844,0.09082031,0.6646645665168762
7028736,1291.3882415799887,6.0,70.46387,500.0,138.22662,-1.0,0.7342529,1.0,0.61540174,0.59524775,-0.003610558,0.005357707,-0.006289411,-1.3183881,0.1739502,0.8260498,0.091796875,0.6649104356765747
7036928,1269.9165481069563,6.0,70.48474,500.0,138.25047,-1.0,0.73547363,1.0,0.6139424,0.59609354,-0.0020774235,0.0050580846,-0.004606466,-1.3210144,0.17333984,0.82666016,0.09118652,0.6650806069374084
7045120,1297.2648068746496,6.0,70.28284,500.0,137.86935,-1.0,0.73706055,1.0,0.6125347,0.59696794,-0.0020742423,0.0056528617,-0.0049006734,-1.3274338,0.17224121,0.8277588,0.09069824,0.6653398871421814
7053312,1245.1438067974352,6.0,69.63757,500.0,136.9711,-1.0,0.7390137,1.0,0.61137605,0.5989672,-0.0071557276,0.0060564866,-0.01018397,-1.329614,0.17053223,0.8294678,0.0904541,0.6656060218811035
7061504,1302.716965371275,6.0,69.832886,500.0,137.17947,-1.0,0.7388916,1.0,0.6112241,0.5987017,-0.0044128597,0.004912244,-0.006868982,-1.3289807,0.17077637,0.82922363,0.09033203,0.6659621000289917
7069696,1313.402980713547,6.0,69.92822,500.0,137.26698,-1.0,0.7393799,1.0,0.6104334,0.5991322,-0.0057584373,0.006130998,-0.008823936,-1.3304684,0.1706543,0.8293457,0.08996582,0.6663026809692383
7077888,1268.8537413726244,6.0,69.596436,500.0,136.83032,-1.0,0.7408447,1.0,0.60925615,0.6003051,-0.0069131493,0.0058807414,-0.0098535195,-1.3342068,0.16955566,0.83044434,0.08959961,0.6664572954177856
7086080,1268.45909502064,6.0,68.994385,500.0,136.00735,-1.0,0.741333,1.0,0.6096639,0.6011659,-0.0020454514,0.0051160064,-0.004603454,-1.3391769,0.16870117,0.8312988,0.08996582,0.6667724847793579
7094272,1266.853113567794,6.0,69.28345,500.0,136.41237,-1.0,0.7402344,1.0,0.61049765,0.6001376,-0.0034916238,0.0034237655,-0.0052035064,-1.3382725,0.16955566,0.83044434,0.09020996,0.6668870449066162
7102464,1248.6923198332408,6.0,69.35022,500.0,136.54904,-1.0,0.74035645,1.0,0.6100495,0.6003245,-0.0053562876,0.0048076157,-0.007760096,-1.3355991,0.16967773,0.83032227,0.08996582,0.6670469045639038
7110656,1268.6560361884306,6.0,68.785645,500.0,135.83409,-1.0,0.7385254,1.0,0.6129623,0.59936035,-0.0036744932,0.0071417983,-0.0072453916,-1.3450686,0.17016602,0.829834,0.091308594,0.6675111651420593
7118848,1263.0289306772324,6.0,68.73706,500.0,135.64392,-1.0,0.7390137,1.0,0.6127721,0.5990814,-0.0014597214,0.005462967,-0.004191205,-1.3542833,0.16967773,0.83032227,0.091308594,0.6676867008209229
7127040,1293.6613412794966,6.0,68.35547,500.0,135.13736,-1.0,0.73913574,1.0,0.6133219,0.5991521,-0.0029918323,0.0065989853,-0.006291325,-1.3557326,0.16918945,0.83081055,0.091674805,0.6680616736412048
7135232,1277.1730150318388,6.0,68.39844,500.0,135.03589,-1.0,0.7404785,1.0,0.6117998,0.59961313,-0.0035306253,0.004985855,-0.0060235523,-1.3552104,0.16845703,0.83154297,0.09106445,0.6681604981422424
7143424,1235.8668989989437,6.0,68.551636,500.0,135.28156,-1.0,0.7390137,1.0,0.6131704,0.5991196,-0.0038191804,0.00619209,-0.0069152256,-1.3567495,0.1694336,0.8305664,0.091552734,0.6684902310371399
7151616,1233.333524819752,6.0,68.74866,500.0,135.58136,-1.0,0.7385254,1.0,0.61336046,0.59885246,-0.0024361503,0.00458698,-0.0047296407,-1.3611048,0.16992188,0.8300781,0.091552734,0.6687824130058289
7159808,1247.6935420546372,6.0,68.53845,500.0,135.24933,-1.0,0.7388916,1.0,0.613218,0.59917694,-0.0060584024,0.006121225,-0.009119015,-1.3584528,0.16955566,0.83044434,0.091552734,0.668965756893158
7168000,1251.6833144243685,6.0,68.53967,500.0,135.30232,-1.0,0.7393799,1.0,0.6126292,0.59948575,-0.0050203553,0.0039625666,-0.0070016393,-1.3587842,0.16931152,0.8306885,0.091308594,0.668919026851654
7176192,1299.3726458571082,6.0,68.11304,500.0,134.60951,-1.0,0.7414551,1.0,0.6110156,0.6012068,-0.0031069457,0.005202403,-0.0057081473,-1.3614451,0.16772461,0.8322754,0.09082031,0.6690637469291687
7184384,1307.5314257258462,6.0,67.94153,500.0,134.3876,-1.0,0.7423096,1.0,0.61007726,0.6020905,-0.0038097221,0.0038838563,-0.005751651,-1.3620474,0.16723633,0.8327637,0.0904541,0.6690518260002136
7192576,1274.3618172181834,6.0,67.464966,500.0,133.79489,-1.0,0.7429199,1.0,0.6100346,0.6029377,-0.004658011,0.0054900297,-0.0074030263,-1.3630668,0.1665039,0.8334961,0.09057617,0.6692045331001282
7200768,1277.0513050348354,6.0,67.83472,500.0,134.15602,-1.0,0.741333,1.0,0.61166286,0.60104764,-0.0039332807,0.0042061503,-0.006036356,-1.3621557,0.16748047,0.83251953,0.09118652,0.6693434119224548
7208960,1278.7753008699087,6.0,68.08203,500.0,134.54517,-1.0,0.73986816,1.0,0.6130358,0.599933,-0.0051365113,0.0049496484,-0.0076113353,-1.3627205,0.16845703,0.83154297,0.091674805,0.6697730422019958
7217152,1289.101255022412,6.0,68.05261,500.0,134.39917,-1.0,0.7409668,1.0,0.61200666,0.60045457,-0.0048928484,0.0045103543,-0.0071480256,-1.3637558,0.16772461,0.8322754,0.091308594,0.6698708534240723
7225344,1292.5069449454807,6.0,67.82947,500.0,134.01895,-1.0,0.7404785,1.0,0.61299574,0.5995407,-0.0038437475,0.0060140626,-0.006850779,-1.3642409,0.16772461,0.8322754,0.091796875,0.6701808571815491
7233536,1299.752249598515,6.0,67.38391,500.0,133.23915,-1.0,0.74243164,1.0,0.61162746,0.6007505,-0.004714262,0.0041356524,-0.0067820884,-1.3695288,0.1661377,0.8338623,0.091430664,0.6702461838722229
7241728,1319.659659179551,6.0,67.39209,500.0,133.35034,-1.0,0.73950195,1.0,0.61496806,0.59932494,-0.005401736,0.0054103024,-0.008106887,-1.3758904,0.16772461,0.8322754,0.09277344,0.6705517172813416
7249920,1295.9837613054322,6.0,67.34863,500.0,133.40005,-1.0,0.7421875,1.0,0.61172426,0.6013298,-0.00348482,0.0045251227,-0.0057473807,-1.3747379,0.16638184,0.83361816,0.091430664,0.6705324649810791
7258112,1307.0564187438947,6.0,66.67761,500.0,132.45973,-1.0,0.74401855,1.0,0.6105964,0.6030853,-0.0042132866,0.005836877,-0.007131725,-1.3759956,0.16479492,0.8352051,0.09118652,0.6705969572067261
7266304,1299.5194868326396,6.0,66.420654,500.0,132.10718,-1.0,0.744751,1.0,0.6101032,0.60408485,-0.00288683,0.0058620344,-0.0058178464,-1.3769315,0.16418457,0.8358154,0.09106445,0.6707717776298523
7274496,1267.3233229765624,6.0,66.374146,500.0,132.16245,-1.0,0.7442627,1.0,0.6104988,0.6040557,-0.0047146436,0.0031896082,-0.006309448,-1.3854696,0.16455078,0.8354492,0.09118652,0.6709592938423157
7282688,1276.979448167489,6.0,66.30652,500.0,132.30624,-1.0,0.74523926,1.0,0.609106,0.6054808,-0.0035253572,0.0054765213,-0.0062636184,-1.3941405,0.16418457,0.8358154,0.09057617,0.6712278127670288
7290880,1294.5032535002526,6.0,66.26282,500.0,132.16905,-1.0,0.74487305,1.0,0.60965383,0.6051697,-0.0050068125,0.005545364,-0.0077794944,-1.3963939,0.16430664,0.83569336,0.09082031,0.6715378165245056
7299072,1306.1534653815377,6.0,66.2948,500.0,132.15457,-1.0,0.7453613,1.0,0.6090568,0.6051564,-0.0050254837,0.0050029624,-0.0075269653,-1.3968475,0.1640625,0.8359375,0.09057617,0.6717565655708313
7307264,1265.8462562753996,6.0,66.470215,500.0,132.3627,-1.0,0.74450684,1.0,0.61000097,0.6042469,-0.0058561526,0.0056248023,-0.008668553,-1.3988948,0.16455078,0.8354492,0.09094238,0.672052800655365
7315456,1289.483542446924,6.0,66.2583,500.0,132.00452,-1.0,0.74401855,1.0,0.6109961,0.60389006,-0.0018410621,0.006180866,-0.004931495,-1.3974084,0.16455078,0.8354492,0.091430664,0.6723175048828125
7323648,1240.0519312873187,6.0,66.56079,500.0,132.35503,-1.0,0.7441406,1.0,0.6105476,0.6031625,-0.0042137476,0.003782595,-0.0061050453,-1.3951541,0.16467285,0.83532715,0.09118652,0.6722868084907532
7331840,1275.273540760109,6.0,66.47009,500.0,132.2267,-1.0,0.7429199,1.0,0.6122318,0.6027102,-0.0035601216,0.0050190478,-0.0060696453,-1.4051616,0.16516113,0.83483887,0.091918945,0.6725867986679077
7340032,1276.1199288516868,6.0,66.28223,500.0,132.14394,-1.0,0.7441406,1.0,0.6107475,0.6042417,-0.0016855488,0.0052906037,-0.0043308507,-1.4086848,0.16455078,0.8354492,0.091308594,0.6726871132850647
7348224,1249.2305727442208,6.0,66.364624,500.0,132.30916,-1.0,0.7441406,1.0,0.6105476,0.6043674,-0.0026282035,0.004106965,-0.004681686,-1.4056526,0.16467285,0.83532715,0.09118652,0.6730394959449768
7356416,1291.414305927554,6.0,66.538086,500.0,132.43974,-1.0,0.7462158,1.0,0.60790914,0.60507476,-0.0045228926,0.00393491,-0.006490348,-1.3975992,0.16369629,0.8363037,0.09008789,0.6731106042861938
7364608,1279.6868232407944,6.0,66.55176,500.0,132.52995,-1.0,0.74523926,1.0,0.60890555,0.60462,-0.0040887324,0.005847571,-0.0070125186,-1.3954837,0.16430664,0.83569336,0.0904541,0.6733977794647217
7372800,1270.9092092313838,6.0,66.60742,500.0,132.58788,-1.0,0.7453613,1.0,0.6086558,0.6044736,-0.004032442,0.004668793,-0.0063668382,-1.402832,0.16430664,0.83569336,0.09033203,0.6735825538635254
7380992,1288.4895445552277,6.0,66.97095,500.0,132.94049,-1.0,0.74328613,1.0,0.61088866,0.6022939,-0.0020322073,0.005078289,-0.0045713526,-1.4033955,0.16552734,0.83447266,0.09118652,0.6738013029098511
7389184,1267.1746013200843,6.0,67.343506,500.0,133.60054,-1.0,0.744751,1.0,0.6082998,0.603537,-0.0036403877,0.0035390467,-0.0054099117,-1.403172,0.1652832,0.8347168,0.08996582,0.6739943623542786
7397376,1305.9215810923615,6.0,67.42383,500.0,133.77675,-1.0,0.744751,1.0,0.6080991,0.6039387,-0.0019543893,0.004292461,-0.0041006207,-1.4008081,0.16540527,0.8345947,0.08984375,0.6741182208061218
7405568,1255.4727617337173,6.0,67.592896,500.0,134.01674,-1.0,0.74401855,1.0,0.60879445,0.6030544,-0.0044085225,0.006163873,-0.00749046,-1.4017248,0.16589355,0.83410645,0.09008789,0.6743061542510986
7413760,1250.3375452368364,6.0,67.71277,500.0,134.19109,-1.0,0.74438477,1.0,0.6080455,0.6030151,-0.0027977424,0.0044730627,-0.005034274,-1.4088225,0.16589355,0.83410645,0.08972168,0.6745144724845886
7421952,1264.1556197719124,6.0,67.86731,500.0,134.54024,-1.0,0.7441406,1.0,0.6079429,0.60290074,-0.00019387354,0.0043309485,-0.0023593481,-1.4154861,0.16625977,0.83374023,0.08959961,0.6746975183486938
7430144,1271.02693018062,6.0,68.018555,500.0,134.67554,-1.0,0.744751,1.0,0.6070946,0.60315835,-0.0033286454,0.0035932981,-0.0051252944,-1.4188585,0.16601562,0.8339844,0.0892334,0.67479407787323
7438336,1291.2461923918863,6.0,67.63025,500.0,134.03041,-1.0,0.7458496,1.0,0.6064491,0.60404056,-0.0036440417,0.006845434,-0.0070667593,-1.417072,0.16503906,0.83496094,0.08911133,0.6751400828361511
7446528,1254.8961636005538,6.0,67.26196,500.0,133.47243,-1.0,0.7451172,1.0,0.6079515,0.6037587,-0.0032289617,0.005342719,-0.0059003206,-1.4183582,0.16503906,0.83496094,0.08984375,0.6754652857780457
7454720,1267.4033068486076,6.0,67.11694,500.0,133.19067,-1.0,0.7446289,1.0,0.6089505,0.60320544,-0.00482068,0.0048698275,-0.0072555942,-1.4186797,0.16503906,0.83496094,0.09033203,0.6756197214126587
7462912,1269.4318904703953,6.0,67.042114,500.0,133.1217,-1.0,0.743042,1.0,0.6109858,0.60231185,-0.003796072,0.0053477488,-0.0064699464,-1.4240915,0.16577148,0.8342285,0.09118652,0.6760337948799133
7471104,1258.0136138905677,6.0,67.27197,500.0,133.35683,-1.0,0.7434082,1.0,0.6104402,0.6019504,-0.0026323942,0.004301587,-0.004783188,-1.4212925,0.16564941,0.8343506,0.09094238,0.6761483550071716
7479296,1247.9139092649996,6.0,67.10889,500.0,133.31145,-1.0,0.74658203,1.0,0.60675555,0.6052538,-0.003143508,0.004273635,-0.005280325,-1.4226198,0.16394043,0.8360596,0.08947754,0.6760983467102051
7487488,1302.4792885073107,6.0,66.78027,500.0,133.00476,-1.0,0.7475586,1.0,0.60555196,0.6065886,-0.00056588,0.004295347,-0.0027135536,-1.4289812,0.16345215,0.83654785,0.08898926,0.6762574315071106
7495680,1315.2273972374119,6.0,66.5343,500.0,132.80043,-1.0,0.74816895,1.0,0.60510045,0.60750073,-0.0055200597,0.0052310275,-0.008135573,-1.4301808,0.16296387,0.83703613,0.08886719,0.6765110492706299
7503872,1269.3582623993345,6.0,66.442505,500.0,132.75624,-1.0,0.7458496,1.0,0.6080573,0.60625523,-0.004825917,0.0054358374,-0.0075438363,-1.4321898,0.1640625,0.8359375,0.09008789,0.6768909692764282
7512064,1288.514718898961,6.0,66.179565,500.0,132.37393,-1.0,0.7463379,1.0,0.6080604,0.6071931,-0.006788565,0.004853212,-0.0092151705,-1.4342384,0.16345215,0.83654785,0.09020996,0.6771368384361267
7520256,1285.300859313959,6.0,66.17932,500.0,132.4281,-1.0,0.74560547,1.0,0.60875785,0.60642856,-0.0052424846,0.004734988,-0.0076099783,-1.4352081,0.16394043,0.8360596,0.0904541,0.677453875541687
7528448,1273.7372386849402,6.0,66.57434,500.0,133.158,-1.0,0.74316406,1.0,0.61093724,0.60492975,-0.002513753,0.004995964,-0.005011736,-1.430738,0.16564941,0.8343506,0.09118652,0.677873969078064
7536640,1271.6319573018561,6.0,66.86902,500.0,133.5781,-1.0,0.74279785,1.0,0.61088306,0.6046233,-0.004195246,0.004669608,-0.006530051,-1.4230981,0.1661377,0.8338623,0.09106445,0.6779978275299072
7544832,1273.256643913763,6.0,66.80286,500.0,133.53584,-1.0,0.74243164,1.0,0.61122817,0.60439974,-0.004137655,0.0050152736,-0.0066452916,-1.4231126,0.16638184,0.83361816,0.09118652,0.6781324148178101
7553024,1295.2365416604357,6.0,66.91638,500.0,133.69882,-1.0,0.74121094,1.0,0.6125087,0.6032171,-0.006436799,0.0044098124,-0.008641706,-1.4321856,0.16711426,0.83288574,0.091674805,0.678257405757904
7561216,1293.842897733103,6.0,66.77112,500.0,133.42708,-1.0,0.743042,1.0,0.6105861,0.6042268,-0.0044015376,0.0035222364,-0.0061626565,-1.4413722,0.16601562,0.8339844,0.09094238,0.678350567817688
7569408,1290.4930339887505,6.0,66.538086,500.0,133.22456,-1.0,0.7420654,1.0,0.61197203,0.6037848,-0.0036854455,0.0060201325,-0.0066955118,-1.4482948,0.16638184,0.83361816,0.091552734,0.6785600185394287
7577600,1287.0708392552403,6.0,66.45239,500.0,133.02808,-1.0,0.74316406,1.0,0.61093724,0.60417044,-0.0035425427,0.005764211,-0.006424648,-1.4431523,0.16564941,0.8343506,0.09118652,0.6787939071655273
7585792,1289.8224786837945,6.0,66.517944,500.0,132.9996,-1.0,0.74365234,1.0,0.61034274,0.6045812,-0.000721645,0.0048092236,-0.003126257,-1.4383459,0.16540527,0.8345947,0.09094238,0.6789360642433167
7593984,1303.6348076786344,6.0,66.38281,500.0,132.90158,-1.0,0.7438965,1.0,0.61004514,0.60482943,-0.003658162,0.0051428913,-0.006229607,-1.4339337,0.1652832,0.8347168,0.09082031,0.6791711449623108
7602176,1278.808283331586,6.0,66.615845,500.0,133.13443,-1.0,0.743042,1.0,0.6109858,0.60359114,-0.0036623904,0.0060952627,-0.0067100218,-1.4319816,0.16577148,0.8342285,0.09118652,0.6795117259025574
7610368,1271.7274067818748,6.0,66.216675,500.0,132.63553,-1.0,0.7437744,1.0,0.61069393,0.60529375,-0.003075079,0.0058811773,-0.006015667,-1.4379239,0.16503906,0.83496094,0.09118652,0.6798698306083679
7618560,1292.987149619358,6.0,66.338135,500.0,132.84227,-1.0,0.7438965,1.0,0.6102452,0.6054791,-0.0026973411,0.004290923,-0.0048428024,-1.4370043,0.16516113,0.83483887,0.09094238,0.6799948215484619
7626752,1287.8651878243488,6.0,66.767456,500.0,133.5316,-1.0,0.74279785,1.0,0.61068326,0.6046523,-0.0039024106,0.004734405,-0.0062696133,-1.4422774,0.16625977,0.83374023,0.09094238,0.6801546812057495
7634944,1299.8814234294211,6.0,66.023315,500.0,132.5331,-1.0,0.7429199,1.0,0.61163336,0.6048391,-0.004113522,0.0089712795,-0.008599162,-1.4530952,0.16552734,0.83447266,0.091552734,0.6805263161659241
7643136,1224.7694456621336,6.0,66.0022,500.0,132.47174,-1.0,0.74316406,1.0,0.6115363,0.60515285,-0.003596252,0.0044808737,-0.005836689,-1.4537139,0.1652832,0.8347168,0.091552734,0.6807149052619934
7651328,1288.7993878831455,6.0,65.88806,500.0,132.3211,-1.0,0.74487305,1.0,0.60965383,0.60635173,-0.0029109041,0.0066407947,-0.0062313024,-1.4451578,0.16430664,0.83569336,0.09082031,0.6809167265892029
7659520,1288.9422047194175,6.0,66.04724,500.0,132.70251,-1.0,0.7451172,1.0,0.60895467,0.60675037,-0.004767337,0.004996908,-0.0072657904,-1.4355786,0.16442871,0.8355713,0.0904541,0.681023895740509
7667712,1268.007789524161,6.0,65.86609,500.0,132.35806,-1.0,0.74694824,1.0,0.60700905,0.60822225,-0.0036677914,0.0047766236,-0.006056103,-1.4356061,0.16333008,0.8366699,0.08972168,0.6811044812202454
7675904,1249.6063443826386,6.0,66.15979,500.0,132.83922,-1.0,0.7453613,1.0,0.6084552,0.60704416,-0.0039077364,0.0053104735,-0.0065629734,-1.4414155,0.16442871,0.8355713,0.09020996,0.681399941444397
7684096,1288.4509876787,6.0,66.34277,500.0,133.26965,-1.0,0.74658203,1.0,0.6065543,0.60828066,-0.004127179,0.004013563,-0.00613396,-1.442599,0.1640625,0.8359375,0.08935547,0.681456983089447
7692288,1273.9195271957751,6.0,65.81946,500.0,132.60748,-1.0,0.7474365,1.0,0.6064077,0.60923195,-0.0049906233,0.0071258815,-0.008553565,-1.4376012,0.16308594,0.83691406,0.08947754,0.6817827224731445
7700480,1281.5719430583852,6.0,65.84033,500.0,132.59506,-1.0,0.74694824,1.0,0.60700905,0.608824,-0.0038059095,0.0050416556,-0.0063267373,-1.4417183,0.16333008,0.8366699,0.08972168,0.6819942593574524
7708672,1262.7411912106077,6.0,65.98059,500.0,132.70868,-1.0,0.74609375,1.0,0.6079586,0.6075471,-0.006534557,0.00434467,-0.008706893,-1.4550893,0.16381836,0.83618164,0.09008789,0.6821101307868958
7716864,1286.7603325469406,6.0,66.01526,500.0,132.68716,-1.0,0.7437744,1.0,0.61069393,0.6059739,-0.0020593964,0.006676604,-0.0053976984,-1.4582552,0.16503906,0.83496094,0.09118652,0.6826235055923462
7725056,1271.0743726223589,6.0,66.16333,500.0,132.9021,-1.0,0.74328613,1.0,0.6110884,0.60572755,-0.0025455314,0.003371738,-0.004231401,-1.4522007,0.16540527,0.8345947,0.091308594,0.6825383305549622
7733248,1304.5649896816703,6.0,66.45471,500.0,133.23827,-1.0,0.74108887,1.0,0.6133534,0.6034331,-0.0033910368,0.0045702145,-0.005676144,-1.4482805,0.16674805,0.83325195,0.092163086,0.6829063296318054
7741440,1269.003888551507,6.0,66.96118,500.0,133.93486,-1.0,0.7404785,1.0,0.6131948,0.6025088,-0.004511402,0.0038695252,-0.006446164,-1.4440066,0.16760254,0.83239746,0.091918945,0.6831795573234558
7749632,1256.1914649256314,6.0,66.64038,500.0,133.71675,-1.0,0.7421875,1.0,0.611325,0.6044983,-0.0030928727,0.0048165293,-0.005501138,-1.4419438,0.16662598,0.833374,0.09118652,0.6831998229026794
7757824,1238.122781420046,6.0,66.47266,500.0,133.43288,-1.0,0.74243164,1.0,0.61122817,0.6044011,-0.0055887736,0.0055398652,-0.008358706,-1.4371266,0.16638184,0.83361816,0.09118652,0.6833898425102234
7766016,1269.1838870485706,6.0,66.194824,500.0,133.21448,-1.0,0.7437744,1.0,0.60989386,0.60614425,-0.0016301955,0.006458546,-0.004859469,-1.4326218,0.16552734,0.83447266,0.09069824,0.6835564970970154
7774208,1284.2838701613507,6.0,65.8103,500.0,132.64691,-1.0,0.7437744,1.0,0.610494,0.60625684,-0.003606103,0.005423654,-0.0063179294,-1.4329839,0.16516113,0.83483887,0.09106445,0.6837610602378845
7782400,1277.6099665045,6.0,65.631714,500.0,132.31946,-1.0,0.7438965,1.0,0.610845,0.60598207,-0.005598563,0.005613864,-0.0084054945,-1.4367102,0.16479492,0.8352051,0.091308594,0.6840355396270752
7790592,1286.5865874498738,6.0,65.53992,500.0,132.21577,-1.0,0.7406006,1.0,0.6149362,0.6039357,-0.00067766994,0.006345125,-0.0038502323,-1.4456053,0.16638184,0.83361816,0.09301758,0.6845208406448364
7798784,1281.2918431765897,6.0,65.91882,500.0,132.70122,-1.0,0.73876953,1.0,0.61664003,0.60226417,-0.0033473172,0.006014724,-0.0063546794,-1.4525113,0.16760254,0.83239746,0.09362793,0.6848124861717224
7806976,1252.1944863809692,6.0,66.41199,500.0,133.36115,-1.0,0.7376709,1.0,0.6172622,0.60152256,-0.008711081,0.0034841273,-0.010453145,-1.4637839,0.1685791,0.8314209,0.09375,0.685077965259552
7815168,1276.003110708336,6.0,66.08789,500.0,132.99097,-1.0,0.73791504,1.0,0.61736584,0.6021508,-0.006732338,0.0044835215,-0.0089740995,-1.4681863,0.16821289,0.8317871,0.09387207,0.6853407621383667
7823360,1276.3752023372851,6.0,66.04675,500.0,132.78003,-1.0,0.73864746,1.0,0.6166873,0.602028,-0.0034189704,0.0063788597,-0.0066084005,-1.4640224,0.16772461,0.8322754,0.09362793,0.685535192489624
7831552,1289.3034008037644,6.0,65.85449,500.0,132.4977,-1.0,0.7397461,1.0,0.61566645,0.6028261,-0.004217586,0.006272761,-0.0073539666,-1.4634132,0.16699219,0.8330078,0.09326172,0.6857156753540039
7839744,1246.14496780272,6.0,65.68274,500.0,132.2779,-1.0,0.7390137,1.0,0.61674345,0.6023927,-0.0018312717,0.007469105,-0.005565825,-1.4650049,0.16723633,0.8327637,0.09375,0.686065673828125
7847936,1267.0152620451627,6.0,65.51831,500.0,132.34871,-1.0,0.7381592,1.0,0.6176671,0.6026075,-0.0035040644,0.006863076,-0.006935603,-1.4721953,0.16772461,0.8322754,0.09411621,0.6864608526229858
7856128,1267.63953089454,6.0,65.5271,500.0,132.41096,-1.0,0.7373047,1.0,0.61858815,0.60186136,-0.0034683938,0.004155233,-0.0055460106,-1.4801351,0.16821289,0.8317871,0.09448242,0.6867019534111023
7864320,1320.12561298325,6.0,65.36621,500.0,132.35884,-1.0,0.73876953,1.0,0.6168379,0.60344386,-0.004790526,0.0037261627,-0.006653607,-1.4842706,0.16748047,0.83251953,0.09375,0.6866998672485352
7872512,1291.1932049350412,6.0,65.22412,500.0,132.05162,-1.0,0.7373047,1.0,0.6187855,0.6015873,-0.004183277,0.005396449,-0.0068815015,-1.493178,0.16809082,0.8319092,0.09460449,0.6869722604751587
7880704,1280.1092813323849,6.0,65.09448,500.0,132.09064,-1.0,0.73876953,1.0,0.6170358,0.6034257,-0.003602505,0.004781162,-0.005993086,-1.4949012,0.1673584,0.8326416,0.09387207,0.6870578527450562
7888896,1309.9410631831017,6.0,64.98218,500.0,131.96826,-1.0,0.7376709,1.0,0.61864495,0.6031258,-0.002555738,0.005772945,-0.00544221,-1.4906011,0.16772461,0.8322754,0.09460449,0.6874858140945435
7897088,1276.6916746064167,6.0,64.95679,500.0,131.85585,-1.0,0.7373047,1.0,0.6191799,0.6028744,-0.0007736244,0.0060976096,-0.003822429,-1.4851501,0.16784668,0.8321533,0.09484863,0.6877866387367249
7905280,1288.0197717788521,6.0,64.93713,500.0,131.85474,-1.0,0.73657227,1.0,0.62005097,0.6025175,-0.0036434678,0.0047094673,-0.005998201,-1.4800634,0.16821289,0.8317871,0.095214844,0.6880771517753601
7913472,1271.525887757381,6.0,64.94934,500.0,131.90634,-1.0,0.7368164,1.0,0.6195638,0.6029883,-0.005480194,0.0047469353,-0.007853663,-1.4800707,0.16821289,0.8317871,0.0949707,0.6882184743881226
7921664,1300.245726667876,6.0,64.638916,500.0,131.4235,-1.0,0.73791504,1.0,0.61874837,0.6039409,-0.006249943,0.0044214334,-0.0084606595,-1.492329,0.1673584,0.8326416,0.09472656,0.6883256435394287
7929856,1295.4047191470684,6.0,64.768555,500.0,131.64664,-1.0,0.73864746,1.0,0.61767626,0.60428405,-0.0026925318,0.0043184925,-0.004851778,-1.4950306,0.16711426,0.83288574,0.09423828,0.6884034872055054
7938048,1298.5982503258426,6.0,64.20325,500.0,130.83125,-1.0,0.73828125,1.0,0.619002,0.6044345,-0.003769307,0.007366993,-0.0074528037,-1.5014055,0.16674805,0.83325195,0.0949707,0.6886716485023499
7946240,1305.1140298129665,6.0,63.985474,500.0,130.52687,-1.0,0.73864746,1.0,0.6188609,0.6047814,-0.00065692543,0.0054085776,-0.003361214,-1.510418,0.16638184,0.83361816,0.0949707,0.6889289021492004
7954432,1278.4218813914604,6.0,63.97986,500.0,130.66972,-1.0,0.7390137,1.0,0.61812735,0.60554135,-0.005798213,0.0028405085,-0.007218467,-1.5195236,0.16638184,0.83361816,0.09460449,0.6888712048530579
7962624,1285.57905929917,6.0,64.11133,500.0,130.95985,-1.0,0.7406006,1.0,0.61592793,0.60709274,-0.0021499565,0.005086921,-0.004693417,-1.5321975,0.16577148,0.8342285,0.09362793,0.6889426112174988
7970816,1267.703652017863,6.0,64.04895,500.0,130.83006,-1.0,0.7409668,1.0,0.61558646,0.6072084,-0.00071948965,0.006534795,-0.003986887,-1.5403094,0.16552734,0.83447266,0.09350586,0.6891613602638245
7979008,1283.1645426820523,6.0,64.03223,500.0,130.7898,-1.0,0.73999023,1.0,0.61676,0.60627306,-0.003236789,0.006575128,-0.006524353,-1.5431042,0.16601562,0.8339844,0.09399414,0.6894498467445374
7987200,1286.0312648707854,6.0,63.633667,500.0,130.3145,-1.0,0.7416992,1.0,0.6152992,0.6078242,-0.0042378083,0.0065206653,-0.0074981404,-1.5405881,0.16479492,0.8352051,0.09350586,0.6897396445274353
7995392,1274.0447509030732,6.0,63.350464,500.0,129.95503,-1.0,0.7408447,1.0,0.61642694,0.6074031,-0.0023800544,0.0049551916,-0.00485765,-1.5403149,0.16516113,0.83483887,0.09399414,0.6898769736289978
8003584,1258.3057000070899,6.0,63.54956,500.0,130.10324,-1.0,0.73864746,1.0,0.6190581,0.6052017,-0.0037257317,0.006119908,-0.006785686,-1.5453804,0.16625977,0.83374023,0.09509277,0.6901626586914062
8011776,1303.883099235329,6.0,63.60901,500.0,130.08513,-1.0,0.7388916,1.0,0.6187667,0.6049619,-0.0036737958,0.004132417,-0.005740004,-1.5543149,0.1661377,0.8338623,0.0949707,0.6903412342071533
8019968,1287.171272665822,6.0,63.539062,500.0,129.97272,-1.0,0.7404785,1.0,0.61696565,0.605857,-0.0021734112,0.0051988945,-0.004772858,-1.5621321,0.1652832,0.8347168,0.09423828,0.6905291676521301
8028160,1265.4000233194818,6.0,63.558594,500.0,130.06519,-1.0,0.74121094,1.0,0.6158874,0.60622764,-0.0064809276,0.0039886856,-0.00847527,-1.5738204,0.16503906,0.83496094,0.09375,0.6906395554542542
8036352,1261.6335123549597,6.0,63.613403,500.0,130.16905,-1.0,0.7406006,1.0,0.6163242,0.60561,-0.0025257124,0.005685333,-0.0053683785,-1.5824336,0.16552734,0.83447266,0.09387207,0.6909235119819641
8044544,1292.6409558573296,6.0,63.12439,500.0,129.2038,-1.0,0.74365234,1.0,0.61373335,0.60739857,-0.0020907028,0.0070038717,-0.0055926396,-1.5896326,0.16333008,0.8366699,0.09301758,0.6911165714263916
8052736,1268.9721597354137,6.0,62.62085,500.0,128.35275,-1.0,0.74523926,1.0,0.6129019,0.6086377,-0.00279323,0.005333717,-0.005460089,-1.5971164,0.16186523,0.83813477,0.09289551,0.6911912560462952
8060928,1258.4756699199756,6.0,62.696167,500.0,128.35693,-1.0,0.7453613,1.0,0.61285305,0.6085329,-0.003292339,0.0050131413,-0.00579891,-1.5966396,0.16174316,0.83825684,0.09289551,0.6912860870361328
8069120,1258.2627078451776,6.0,62.521606,500.0,128.05127,-1.0,0.74572754,1.0,0.61290544,0.6090677,-0.0027441992,0.0063003297,-0.005894365,-1.5943501,0.16125488,0.8387451,0.09301758,0.6915360689163208
8077312,1250.612603490255,6.0,62.745117,500.0,128.29684,-1.0,0.7449951,1.0,0.6135966,0.6082102,0.00018826406,0.0037993293,-0.0017114007,-1.5926956,0.16174316,0.83825684,0.09326172,0.6917208433151245
8085504,1275.492584546666,6.0,63.048584,500.0,128.64255,-1.0,0.7454834,1.0,0.6128042,0.60856754,-0.003474065,0.0044283713,-0.00568825,-1.5957589,0.1616211,0.8383789,0.09289551,0.6917554140090942
8093696,1281.741324054092,6.0,62.680542,500.0,128.33519,-1.0,0.7471924,1.0,0.61071926,0.6107262,-0.0036765658,0.0051327758,-0.006242954,-1.5973675,0.1607666,0.8392334,0.092041016,0.6918109655380249
8101888,1259.9318336485692,6.0,62.515625,500.0,127.96853,-1.0,0.7480469,1.0,0.6101726,0.61120963,-0.0048104376,0.005252671,-0.0074367733,-1.5992259,0.16003418,0.8399658,0.091918945,0.6919538378715515
8110080,1262.643466677975,6.0,62.39966,500.0,127.780495,-1.0,0.7479248,1.0,0.61042225,0.6108836,-0.0033682876,0.0062144953,-0.006475536,-1.6006294,0.16003418,0.8399658,0.092041016,0.6922147870063782
8118272,1296.9863736502,6.0,62.099,500.0,127.50271,-1.0,0.7504883,1.0,0.6075692,0.6127614,-0.0048699407,0.006900425,-0.008320153,-1.6018114,0.15856934,0.84143066,0.09094238,0.6923880577087402
8126464,1279.6802461414422,6.0,62.24341,500.0,127.469376,-1.0,0.74938965,1.0,0.60902405,0.61122274,-0.0072168643,0.0054607843,-0.009947255,-1.6026207,0.15905762,0.8409424,0.091552734,0.6927132606506348
8134656,1277.256478585253,6.0,61.816772,500.0,126.82764,-1.0,0.75024414,1.0,0.6086734,0.61169755,-0.0045783157,0.0054070214,-0.0072818263,-1.6014857,0.15820312,0.8417969,0.091552734,0.6929320096969604
8142848,1261.4022997198388,6.0,62.24048,500.0,127.439316,-1.0,0.7503662,1.0,0.6080212,0.6116742,-0.0028661327,0.0047959676,-0.0052641165,-1.6048065,0.15844727,0.84155273,0.09118652,0.693085253238678
8151040,1276.551132633818,6.0,62.22119,500.0,127.35827,-1.0,0.7525635,1.0,0.60529953,0.61352074,-0.0040056384,0.004473732,-0.0062425043,-1.6122987,0.15734863,0.84265137,0.09008789,0.6931024193763733
8159232,1265.7938873257297,6.0,62.37976,500.0,127.7322,-1.0,0.75,1.0,0.60797113,0.61214954,-0.0038025228,0.0056500765,-0.0066275606,-1.6114957,0.15893555,0.84106445,0.09106445,0.6934773921966553
8167424,1281.5929280000012,6.0,61.983154,500.0,127.09824,-1.0,0.7492676,1.0,0.6094747,0.6118884,-0.0027807388,0.008252416,-0.0069069457,-1.6087962,0.15893555,0.84106445,0.091796875,0.6938239932060242
8175616,1275.1359135264227,6.0,61.740967,500.0,126.77528,-1.0,0.7501221,1.0,0.6089241,0.6128026,-0.0015190218,0.005266228,-0.0041521364,-1.6099731,0.15820312,0.8417969,0.091674805,0.6938740015029907
8183808,1283.2724191845011,6.0,61.936646,500.0,127.22586,-1.0,0.7508545,1.0,0.6076191,0.6138511,-0.0030795012,0.0032203337,-0.004689668,-1.6048632,0.15808105,0.84191895,0.09106445,0.6939648985862732
8192000,1273.5130859098974,6.0,61.79944,500.0,127.08088,-1.0,0.7512207,1.0,0.60706574,0.6144875,-0.004734209,0.0039852704,-0.0067268433,-1.5954617,0.15795898,0.842041,0.09082031,0.6940274238586426
8200192,1277.24731510236,6.0,62.06067,500.0,127.47434,-1.0,0.751709,1.0,0.60625964,0.6147753,-0.003761946,0.004816683,-0.0061702877,-1.5946492,0.15783691,0.8421631,0.0904541,0.6942557096481323
8208384,1292.3951769821915,6.0,61.850464,500.0,127.34964,-1.0,0.7520752,1.0,0.60590607,0.6154854,-0.0045174574,0.006171447,-0.0076031815,-1.5952055,0.15759277,0.8424072,0.09033203,0.6944133043289185
8216576,1267.363243530349,6.0,61.4906,500.0,126.95872,-1.0,0.75341797,1.0,0.6045385,0.6171937,-0.0050069313,0.004640109,-0.0073269843,-1.596075,0.15673828,0.8432617,0.08984375,0.6945421099662781
8224768,1289.2371244435103,6.0,61.17505,500.0,126.711586,-1.0,0.7536621,1.0,0.6044361,0.617454,-0.0030189562,0.0060757073,-0.006056809,-1.6015356,0.15649414,0.84350586,0.08984375,0.6947494149208069
8232960,1301.6348130412375,6.0,60.398193,500.0,125.64195,-1.0,0.7545166,1.0,0.60448086,0.618852,-0.0050776415,0.0065995203,-0.008377401,-1.6051121,0.15539551,0.8446045,0.09008789,0.6951006650924683
8241152,1281.4830395397964,6.0,60.43921,500.0,125.48402,-1.0,0.7531738,1.0,0.6064551,0.6172583,-0.0026387593,0.0056866277,-0.005482073,-1.6020087,0.15588379,0.8441162,0.09094238,0.6953891515731812
8249344,1302.7935757531131,6.0,60.101196,500.0,125.065475,-1.0,0.7540283,1.0,0.60589623,0.6183996,-0.0023673135,0.0068799853,-0.0058073057,-1.5958546,0.15515137,0.84484863,0.09082031,0.6955581307411194
8257536,1274.2518893264496,6.0,60.20703,500.0,125.05759,-1.0,0.7536621,1.0,0.6064523,0.6178416,-0.0052268105,0.0053530363,-0.007903328,-1.5938354,0.15527344,0.84472656,0.09106445,0.695784330368042
8265728,1264.499612164417,6.0,60.16626,500.0,125.00369,-1.0,0.75305176,1.0,0.6073106,0.6166972,-0.0049850172,0.005491189,-0.0077306116,-1.5947388,0.15551758,0.8444824,0.091430664,0.6961165070533752
8273920,1269.3813347358207,6.0,60.30652,500.0,125.231834,-1.0,0.7528076,1.0,0.6074123,0.61691296,-0.0049150093,0.005678115,-0.007754067,-1.5913172,0.15576172,0.8442383,0.091430664,0.6963629722595215
8282112,1296.5036346714728,6.0,60.437744,500.0,125.52149,-1.0,0.7520752,1.0,0.60791737,0.6159339,-0.001521387,0.0052878237,-0.0041652992,-1.5983418,0.15637207,0.8436279,0.091552734,0.6967129707336426
8290304,1287.1607126788917,6.0,59.88208,500.0,124.72813,-1.0,0.75634766,1.0,0.603302,0.6199412,-0.0048819105,0.0042870417,-0.007025431,-1.5971051,0.1538086,0.8461914,0.08984375,0.6967024803161621
8298496,1292.600448177632,6.0,59.626587,500.0,124.4235,-1.0,0.75805664,1.0,0.60135627,0.62095684,-0.004617639,0.0046147713,-0.006925025,-1.5975002,0.15283203,0.84716797,0.08911133,0.696807324886322
8306688,1284.6030282092524,6.0,59.548584,500.0,124.11988,-1.0,0.7573242,1.0,0.6026836,0.61993337,-0.001802061,0.0067184675,-0.0051612947,-1.5922544,0.1529541,0.8470459,0.08972168,0.6973360180854797
8314880,1261.7124089736049,6.0,59.675415,500.0,124.31379,-1.0,0.756958,1.0,0.60304236,0.61965346,0.00014407397,0.00429088,-0.0020013663,-1.5910118,0.15319824,0.84680176,0.08984375,0.697353184223175
8323072,1292.9393709546184,6.0,59.67749,500.0,124.32449,-1.0,0.7581787,1.0,0.6015069,0.62087584,-0.004523388,0.0057955133,-0.007421145,-1.5901291,0.15258789,0.8474121,0.0892334,0.6974924206733704
8331264,1276.7101755170306,6.0,59.31079,500.0,123.83975,-1.0,0.76000977,1.0,0.59970075,0.6227338,-0.0028058009,0.0057272534,-0.0056694276,-1.5874875,0.15136719,0.8486328,0.08862305,0.6977519989013672
8339456,1289.6641700940365,6.0,59.596436,500.0,124.25938,-1.0,0.76049805,1.0,0.59846985,0.6233567,-0.0053264266,0.006405642,-0.008529248,-1.582813,0.15148926,0.84851074,0.088012695,0.6979211568832397
8347648,1259.8477548194403,6.0,59.192505,500.0,123.380005,-1.0,0.7602539,1.0,0.5997984,0.62245154,-0.002782253,0.0063484423,-0.0059564738,-1.5846838,0.15100098,0.848999,0.08874512,0.6982014775276184
8355840,1244.3117253480361,6.0,59.31665,500.0,123.66885,-1.0,0.7593994,1.0,0.60057515,0.62218463,-0.00406228,0.0039308853,-0.0060277223,-1.5828431,0.15161133,0.8483887,0.08898926,0.6984960436820984
8364032,1240.9927428098804,6.0,59.34619,500.0,123.56372,-1.0,0.7598877,1.0,0.59995717,0.622418,-0.005581809,0.004797306,-0.007980462,-1.5794064,0.15136719,0.8486328,0.08874512,0.6987111568450928
8372224,1256.124002756621,6.0,59.28076,500.0,123.44904,-1.0,0.7598877,1.0,0.59995717,0.6218855,-0.0046022134,0.0055576316,-0.0073810294,-1.5817904,0.15136719,0.8486328,0.08874512,0.6988484859466553
8380416,1274.4872697188719,6.0,59.413452,500.0,123.746864,-1.0,0.7614746,1.0,0.5976354,0.62314665,-0.0027369102,0.0052532954,-0.0053635584,-1.5893338,0.15075684,0.84924316,0.087768555,0.6989716291427612
8388608,1294.5032047298403,6.0,59.048218,500.0,122.97007,-1.0,0.7623291,1.0,0.5974653,0.6228326,-0.0038343407,0.0062685283,-0.0069686053,-1.5924404,0.14978027,0.8502197,0.087890625,0.6992479562759399
8396800,1287.9126887503644,6.0,58.786743,500.0,122.624954,-1.0,0.7614746,1.0,0.59885967,0.6221472,-0.002162852,0.006234752,-0.005280229,-1.5914621,0.15002441,0.8499756,0.08850098,0.6994685530662537
8404992,1293.7170157727369,6.0,58.253296,500.0,121.7307,-1.0,0.7615967,1.0,0.5996213,0.6222233,-0.0054268474,0.0054626595,-0.008158176,-1.5982678,0.14941406,0.85058594,0.08898926,0.6997819542884827
8413184,1291.5624607143627,6.0,58.37195,500.0,121.95138,-1.0,0.76135254,1.0,0.59972775,0.6222059,-0.0006058366,0.0040677506,-0.0026397123,-1.5990669,0.1496582,0.8503418,0.08898926,0.6998785138130188
8421376,1276.319635513619,6.0,58.905884,500.0,122.696686,-1.0,0.7591553,1.0,0.6016958,0.6201072,-0.0072172107,0.0066828597,-0.010558641,-1.5956733,0.15124512,0.8487549,0.08959961,0.7003203630447388
8429568,1304.5401253362795,6.0,58.715576,500.0,122.25832,-1.0,0.75878906,1.0,0.6026641,0.61992764,-0.0036765616,0.0063720085,-0.006862566,-1.5939587,0.15112305,0.84887695,0.09008789,0.700652539730072
8437760,1309.9780702053704,6.0,58.44629,500.0,121.64737,-1.0,0.7581787,1.0,0.6041393,0.6188741,-0.0026083698,0.00548981,-0.0053532748,-1.5945024,0.15100098,0.848999,0.09082031,0.7007792592048645
8445952,1292.7350134902968,6.0,58.552856,500.0,121.80346,-1.0,0.7583008,1.0,0.60388505,0.6188265,-0.005229142,0.005090217,-0.007774251,-1.6033607,0.15100098,0.848999,0.09069824,0.7010017037391663
8454144,1277.481998669267,6.0,58.246094,500.0,121.51235,-1.0,0.7579346,1.0,0.6046475,0.61913234,-0.0032459078,0.0066970335,-0.0065944246,-1.6208944,0.15100098,0.848999,0.09106445,0.7013323307037354
8462336,1277.249071822054,6.0,58.345703,500.0,121.68269,-1.0,0.7581787,1.0,0.6041393,0.6191783,-0.0033143586,0.005256273,-0.0059424955,-1.6343207,0.15100098,0.848999,0.09082031,0.701558530330658
8470528,1293.4588005954322,6.0,58.31653,500.0,121.45278,-1.0,0.7579346,1.0,0.6046475,0.61891377,-0.004102396,0.006457358,-0.0073310747,-1.6346729,0.15100098,0.848999,0.09106445,0.7018287777900696
8478720,1291.779511559259,6.0,58.102417,500.0,121.114494,-1.0,0.75878906,1.0,0.6038782,0.61938125,-0.001512979,0.0059107346,-0.004468346,-1.6286615,0.15039062,0.8496094,0.09082031,0.7019929885864258
8486912,1252.8527911555796,6.0,57.83252,500.0,120.69126,-1.0,0.7579346,1.0,0.60545456,0.6184253,-0.004334575,0.0051835207,-0.0069263354,-1.6246307,0.1505127,0.8494873,0.091552734,0.7023767828941345
8495104,1270.9790211404334,6.0,57.9386,500.0,120.76212,-1.0,0.7576904,1.0,0.60576004,0.6187601,-0.006533317,0.0043408102,-0.008703721,-1.6278027,0.15063477,0.84936523,0.091674805,0.702622652053833
8503296,1298.4492621796867,6.0,57.870117,500.0,120.423325,-1.0,0.7585449,1.0,0.60539585,0.61901456,-0.0038191588,0.0059190653,-0.0067786914,-1.6348708,0.14978027,0.8502197,0.091674805,0.7027999758720398
8511488,1248.2084881511744,6.0,58.03662,500.0,120.76673,-1.0,0.7570801,1.0,0.6068245,0.61797076,-0.005936605,0.0047901776,-0.008331693,-1.6310376,0.15075684,0.84924316,0.092163086,0.7032722234725952
8519680,1262.3943051034075,6.0,57.981567,500.0,120.755066,-1.0,0.7570801,1.0,0.6068245,0.61841524,-0.004674298,0.005344872,-0.0073467344,-1.6322048,0.15075684,0.84924316,0.092163086,0.7034799456596375
8527872,1277.9110342507313,6.0,58.207153,500.0,121.19794,-1.0,0.7553711,1.0,0.6083488,0.6173292,-0.0047303746,0.0039733914,-0.00671707,-1.6499475,0.15197754,0.84802246,0.09265137,0.7036929130554199
8536064,1286.1294178704102,6.0,58.07849,500.0,121.1682,-1.0,0.7553711,1.0,0.6083488,0.6177235,-0.0052395836,0.0054253656,-0.007952267,-1.6456336,0.15197754,0.84802246,0.09265137,0.7038776874542236
8544256,1274.6741707311437,6.0,58.361206,500.0,121.71831,-1.0,0.7537842,1.0,0.6096136,0.6168261,-0.0024668141,0.0049525797,-0.004943104,-1.6385001,0.15319824,0.84680176,0.09301758,0.7041494250297546
8552448,1268.941322908731,6.0,58.326538,500.0,121.633995,-1.0,0.75354004,1.0,0.6099154,0.6162611,-0.0015129007,0.005198296,-0.0041120485,-1.6398621,0.15332031,0.8466797,0.09313965,0.7044297456741333
8560640,1306.6058543232898,6.0,57.94409,500.0,121.07705,-1.0,0.75305176,1.0,0.6109179,0.6161156,-0.0023707296,0.0044039395,-0.0045727,-1.6409864,0.15332031,0.8466797,0.09362793,0.7046675682067871
8568832,1277.9252453413858,6.0,58.23523,500.0,121.39975,-1.0,0.75097656,1.0,0.61336756,0.61462736,-0.0038872361,0.006387824,-0.0070811477,-1.6462537,0.15441895,0.84558105,0.09460449,0.704957127571106
8577024,1242.9130039641848,6.0,58.430542,500.0,121.77744,-1.0,0.7512207,1.0,0.6126702,0.6148401,-0.00060830044,0.003821481,-0.002519041,-1.6564624,0.15454102,0.845459,0.09423828,0.704901933670044
8585216,1266.1079794188822,6.0,58.644653,500.0,122.189255,-1.0,0.75097656,1.0,0.61257094,0.6145117,-0.004984137,0.0037286533,-0.006848464,-1.6709954,0.15490723,0.8450928,0.09411621,0.7051111459732056
8593408,1255.9652266053038,6.0,58.703247,500.0,122.22557,-1.0,0.75183105,1.0,0.61142206,0.6155884,-0.004966321,0.0053569656,-0.007644804,-1.6809106,0.15454102,0.845459,0.09362793,0.7052558660507202
8601600,1255.6314592744932,6.0,59.136597,500.0,122.787,-1.0,0.75183105,1.0,0.61102265,0.61475605,-0.0023279754,0.004287347,-0.0044716494,-1.684542,0.15478516,0.84521484,0.09338379,0.7053574323654175
8609792,1260.494064168661,6.0,58.69873,500.0,122.308205,-1.0,0.7528076,1.0,0.61021936,0.6160215,-0.0044252165,0.004343307,-0.00659687,-1.6881232,0.15405273,0.84594727,0.09313965,0.7055118680000305
8617984,1235.4611833729966,6.0,59.10498,500.0,122.99255,-1.0,0.751709,1.0,0.6108731,0.6154601,-0.0020128228,0.005910674,-0.00496816,-1.6898263,0.1550293,0.8449707,0.09326172,0.7058725357055664
8626176,1262.2580524025498,6.0,58.968872,500.0,122.81455,-1.0,0.751709,1.0,0.6108731,0.6154441,-0.004948212,0.0042597423,-0.007078083,-1.6851181,0.1550293,0.8449707,0.09326172,0.7059984803199768
8634368,1305.663780352544,6.0,59.107666,500.0,123.14355,-1.0,0.7501221,1.0,0.6125219,0.61396956,-0.00460561,0.0036476133,-0.0064294166,-1.6844585,0.15600586,0.84399414,0.09387207,0.7063155174255371
8642560,1274.8461321352459,6.0,59.52881,500.0,123.615685,-1.0,0.7508545,1.0,0.6112246,0.61387974,-0.0045140204,0.0033255846,-0.0061768126,-1.6898098,0.15588379,0.8441162,0.09326172,0.7063952088356018
8650752,1275.5843051446607,6.0,59.384277,500.0,123.229965,-1.0,0.7525635,1.0,0.6097201,0.61437595,-0.00255414,0.0055201817,-0.0053142314,-1.6941016,0.15466309,0.8453369,0.09277344,0.7065297961235046
8658944,1246.2732434994168,6.0,59.750854,500.0,123.79197,-1.0,0.7528076,1.0,0.6088174,0.6141728,-0.00399104,0.004001531,-0.005991805,-1.6975615,0.15490723,0.8450928,0.092285156,0.7066338062286377
8667136,1238.9623289842154,6.0,60.054443,500.0,124.34933,-1.0,0.75268555,1.0,0.6082663,0.6141956,-0.005219913,0.0033822153,-0.0069110207,-1.7008573,0.15539551,0.8446045,0.091918945,0.7065518498420715
8675328,1267.1804429640727,6.0,59.43225,500.0,123.31152,-1.0,0.7532959,1.0,0.6084138,0.6143048,-0.002448895,0.005503752,-0.0052007707,-1.7005615,0.15454102,0.845459,0.092163086,0.7066965699195862
8683520,1278.928329107242,6.0,59.768555,500.0,123.65816,-1.0,0.7524414,1.0,0.6091697,0.61302996,-0.0048553944,0.0049966527,-0.0073537203,-1.7009428,0.15515137,0.84484863,0.09240723,0.7068667411804199
8691712,1278.8259889045742,6.0,59.80786,500.0,123.70199,-1.0,0.75231934,1.0,0.6092203,0.61222,-0.0020078034,0.0056526535,-0.0048341295,-1.7058477,0.15527344,0.84472656,0.09240723,0.7072523236274719
8699904,1269.8156450165638,6.0,59.95923,500.0,123.85585,-1.0,0.7504883,1.0,0.6113747,0.6105431,-0.005168431,0.0052731647,-0.0078050136,-1.7084779,0.15625,0.84375,0.09326172,0.7075775265693665
8708096,1296.352583422867,6.0,60.287598,500.0,124.314995,-1.0,0.7484131,1.0,0.613615,0.60932857,-0.0039801886,0.0055177896,-0.006739083,-1.7076123,0.1574707,0.8425293,0.09411621,0.7079323530197144
8716288,1290.9803769864238,6.0,60.517334,500.0,124.650734,-1.0,0.74816895,1.0,0.61351484,0.6091067,-0.004489233,0.004481924,-0.0067301947,-1.7031119,0.15783691,0.8421631,0.09399414,0.7081087231636047
8724480,1266.0320774292838,6.0,60.592407,500.0,124.802635,-1.0,0.74768066,1.0,0.6141098,0.6086533,-0.0023575674,0.0048427987,-0.004778967,-1.7065884,0.15808105,0.84191895,0.09423828,0.7083370089530945
8732672,1271.9291780294993,6.0,61.00232,500.0,125.35863,-1.0,0.7491455,1.0,0.6119232,0.60946584,-0.0035964928,0.0039602104,-0.0055765975,-1.7138628,0.15759277,0.8424072,0.09326172,0.7085075974464417
8740864,1297.1460933237277,6.0,60.840576,500.0,125.2061,-1.0,0.74975586,1.0,0.6110753,0.6104617,-0.004364607,0.005526007,-0.00712761,-1.7168456,0.15734863,0.84265137,0.09289551,0.708663821220398
8749056,1265.1563876652795,6.0,60.974487,500.0,125.26161,-1.0,0.74890137,1.0,0.6120225,0.6097615,-0.0023760644,0.005742567,-0.0052473485,-1.7175224,0.15783691,0.8421631,0.09326172,0.7088932991027832
8757248,1268.438772112386,6.0,61.281006,500.0,125.82165,-1.0,0.7471924,1.0,0.6135112,0.60830486,-0.0032089627,0.005104979,-0.005761453,-1.724679,0.15905762,0.8409424,0.09375,0.7092396020889282
8765440,1271.0618651532186,6.0,61.214844,500.0,125.79307,-1.0,0.7486572,1.0,0.6119223,0.6097424,-0.0017127412,0.0054947715,-0.004460127,-1.7245004,0.15820312,0.8417969,0.09313965,0.7094606161117554
8773632,1270.9210555604977,6.0,61.07251,500.0,125.58042,-1.0,0.74780273,1.0,0.6132648,0.60920906,-0.0035381091,0.006277354,-0.0066767866,-1.7218548,0.15844727,0.84155273,0.09375,0.7098627686500549
8781824,1262.1362939054404,6.0,61.112427,500.0,125.46108,-1.0,0.748291,1.0,0.61286813,0.60934573,-0.002931461,0.0050542774,-0.005458601,-1.7164326,0.15808105,0.84191895,0.09362793,0.7102090716362
8790016,1273.1048283461098,6.0,61.442627,500.0,125.804474,-1.0,0.74768066,1.0,0.61331415,0.60831475,-0.0030872468,0.005545631,-0.0058600623,-1.7178011,0.15856934,0.84143066,0.09375,0.7102999687194824
8798208,1266.595891383783,6.0,61.51831,500.0,125.97764,-1.0,0.74731445,1.0,0.6136609,0.60777783,-0.0018369668,0.00476504,-0.0042194864,-1.7186102,0.15881348,0.8411865,0.09387207,0.71039879322052
8806400,1281.0540384100657,6.0,61.775757,500.0,126.25377,-1.0,0.7480469,1.0,0.6125686,0.6078453,-0.0040865396,0.004435747,-0.006304412,-1.7227467,0.15856934,0.84143066,0.09338379,0.7104637622833252
8814592,1257.1854078300635,6.0,61.748047,500.0,126.11661,-1.0,0.7486572,1.0,0.6119223,0.6083888,-0.0016173768,0.0053817066,-0.00430823,-1.7243598,0.15820312,0.8417969,0.09313965,0.7107996940612793
8822784,1272.9779500090046,6.0,61.94458,500.0,126.49124,-1.0,0.74694824,1.0,0.6136095,0.60680413,-0.0023863239,0.0040852334,-0.004428941,-1.7187762,0.15930176,0.84069824,0.09375,0.7109823822975159
8830976,1255.7697731063306,6.0,62.06775,500.0,126.60559,-1.0,0.74658203,1.0,0.6139555,0.60652363,-0.0035222422,0.004530065,-0.005787275,-1.718657,0.1595459,0.8404541,0.09387207,0.7111634016036987
8839168,1284.34133282976,6.0,62.4469,500.0,127.09564,-1.0,0.7468262,1.0,0.6130615,0.60639143,-0.0025669844,0.0034349496,-0.004284459,-1.7220492,0.15979004,0.84020996,0.09338379,0.7111937999725342
8847360,1273.647247067985,6.0,62.74182,500.0,127.59125,-1.0,0.7459717,1.0,0.61360383,0.60548913,-0.004921225,0.004825968,-0.007334209,-1.7205265,0.16052246,0.83947754,0.09350586,0.7114854454994202
8855552,1238.6236050147768,6.0,62.674072,500.0,127.59571,-1.0,0.744751,1.0,0.6150849,0.6046601,-0.0002640531,0.00642037,-0.0034742374,-1.7140121,0.16113281,0.8388672,0.09411621,0.7118917107582092
8863744,1268.968082439826,6.0,62.730713,500.0,127.65545,-1.0,0.7441406,1.0,0.615724,0.6042544,-0.0037485994,0.0064569763,-0.006977088,-1.7090735,0.16149902,0.838501,0.09436035,0.7121453285217285
8871936,1286.2089043767521,6.0,62.421387,500.0,127.15856,-1.0,0.7463379,1.0,0.6136558,0.6055644,-0.005759255,0.004575113,-0.008046811,-1.7050371,0.16003418,0.8399658,0.09362793,0.7121508121490479
8880128,1257.9758460940504,6.0,62.740967,500.0,127.58433,-1.0,0.74645996,1.0,0.6130097,0.60549176,-0.004555948,0.004320341,-0.006716118,-1.7065961,0.16027832,0.8397217,0.09326172,0.712257981300354
8888320,1255.851197020613,6.0,62.56494,500.0,127.38195,-1.0,0.74560547,1.0,0.61434686,0.60505736,-0.004509724,0.005988946,-0.0075041964,-1.7196755,0.16052246,0.83947754,0.09387207,0.7124625444412231
8896512,1294.915250731759,6.0,62.46643,500.0,127.451385,-1.0,0.7451172,1.0,0.6147405,0.6053215,-0.0034414069,0.0051979134,-0.0060403636,-1.7257736,0.16088867,0.8391113,0.09399414,0.7127262353897095
8904704,1268.6134111550145,6.0,62.651245,500.0,127.60714,-1.0,0.7462158,1.0,0.6135059,0.6060155,-0.004951409,0.0046583507,-0.0072805844,-1.7227857,0.16027832,0.8397217,0.09350586,0.7129007577896118
8912896,1283.5786073484464,6.0,62.93103,500.0,127.920135,-1.0,0.7454834,1.0,0.614197,0.60515046,-0.0026594137,0.0054539386,-0.005386383,-1.7165668,0.1607666,0.8392334,0.09375,0.7131835222244263
8921088,1277.2023542185634,6.0,63.264893,500.0,128.48213,-1.0,0.74450684,1.0,0.61478496,0.60458153,-0.006761591,0.0033907248,-0.008456955,-1.7123168,0.1616211,0.8383789,0.09387207,0.7134280204772949
8929280,1284.338644403132,6.0,63.356567,500.0,128.784,-1.0,0.7438965,1.0,0.61522573,0.6050044,-0.005336657,0.005119678,-0.007896496,-1.7036414,0.16210938,0.8378906,0.09399414,0.7137165069580078
8937472,1292.2278285713599,6.0,63.279053,500.0,128.71332,-1.0,0.7438965,1.0,0.61542416,0.6044885,-0.004546893,0.0058503877,-0.0074720858,-1.701124,0.1619873,0.8380127,0.09411621,0.7141748666763306
8945664,1316.2814982125099,6.0,63.507812,500.0,129.16917,-1.0,0.7449951,1.0,0.6135966,0.60536206,-0.0053433804,0.0054291966,-0.008057978,-1.7015773,0.16174316,0.83825684,0.09326172,0.7143915295600891
8953856,1293.988588937255,6.0,63.690674,500.0,129.43929,-1.0,0.7435303,1.0,0.6151725,0.60424054,-0.0032832506,0.0050183604,-0.0057924315,-1.7043881,0.16259766,0.83740234,0.09387207,0.7146970629692078
8962048,1289.0734945562867,6.0,63.87317,500.0,129.81921,-1.0,0.74316406,1.0,0.6153173,0.60415816,-0.0030674662,0.0045576836,-0.0053463085,-1.703819,0.16296387,0.83703613,0.09387207,0.7148637175559998
8970240,1260.7200405634992,6.0,63.836914,500.0,129.71771,-1.0,0.7435303,1.0,0.614974,0.60438466,-0.0046821856,0.0043773595,-0.006870865,-1.7074695,0.16271973,0.8372803,0.09375,0.7150561809539795
8978432,1288.5559856900193,6.0,64.02527,500.0,129.77202,-1.0,0.74560547,1.0,0.6125559,0.6053348,-0.0038179487,0.004185029,-0.0059104636,-1.7128958,0.1616211,0.8383789,0.09277344,0.7150501012802124
8986624,1265.7466983596926,6.0,64.59766,500.0,130.56613,-1.0,0.744751,1.0,0.61269873,0.60461926,-0.00586726,0.0035310832,-0.007632801,-1.71845,0.16259766,0.83740234,0.09265137,0.7152023911476135
8994816,1261.5865404287224,6.0,64.53943,500.0,130.33113,-1.0,0.7434082,1.0,0.6146252,0.60288435,-0.0022010568,0.0072871903,-0.0058446517,-1.7219213,0.16308594,0.83691406,0.09350586,0.7157381176948547
9003008,1309.14015652269,6.0,64.7887,500.0,130.75978,-1.0,0.74609375,1.0,0.610963,0.6049865,-0.0056884144,0.0031944476,-0.0072856382,-1.7256023,0.1619873,0.8380127,0.091918945,0.7155610918998718
9011200,1264.2741862166424,6.0,65.225586,500.0,131.34764,-1.0,0.74768066,1.0,0.608318,0.6060693,-0.0027188421,0.0022014596,-0.003819572,-1.7329205,0.1616211,0.8383789,0.09069824,0.7153111100196838
9019392,1278.8753005575247,6.0,65.4812,500.0,131.58612,-1.0,0.74645996,1.0,0.6096151,0.6049804,-0.005851103,0.005120164,-0.008411185,-1.7354369,0.16235352,0.8376465,0.09118652,0.7156380414962769
9027584,1257.0203389341893,6.0,65.72644,500.0,132.0036,-1.0,0.7467041,1.0,0.6087147,0.60517955,-0.004081687,0.0038773464,-0.0060203597,-1.7387114,0.16259766,0.83740234,0.09069824,0.7157245874404907
9035776,1272.9522000956797,6.0,65.822754,500.0,132.15874,-1.0,0.7479248,1.0,0.6070131,0.6058109,-0.0024735313,0.0037267508,-0.0043369066,-1.7346394,0.16210938,0.8378906,0.08996582,0.7158111333847046
9043968,1255.9201448018237,6.0,65.813965,500.0,132.21608,-1.0,0.7458496,1.0,0.6092606,0.60522175,-0.00043226162,0.0057153087,-0.0032899152,-1.7341367,0.16333008,0.8366699,0.09082031,0.7162448763847351
9052160,1285.8671965258268,6.0,65.74097,500.0,132.16399,-1.0,0.74694824,1.0,0.6080137,0.60609627,-0.0046774484,0.004307463,-0.00683118,-1.7389432,0.16271973,0.8372803,0.09033203,0.7164859771728516
9060352,1260.8288026570665,6.0,65.69006,500.0,132.10562,-1.0,0.7467041,1.0,0.6083135,0.60585296,-0.0045430213,0.0055856365,-0.007335839,-1.7427475,0.1628418,0.8371582,0.0904541,0.7168420553207397
9068544,1248.888072897236,6.0,65.788574,500.0,132.26442,-1.0,0.7441406,1.0,0.61114717,0.6036359,-0.004149717,0.0064783343,-0.007388884,-1.7416056,0.16430664,0.83569336,0.091552734,0.7172666788101196
9076736,1262.215995307871,6.0,65.99768,500.0,132.51189,-1.0,0.74328613,1.0,0.6118869,0.60293925,-0.0036187838,0.0039149635,-0.005576266,-1.7437043,0.16491699,0.835083,0.091796875,0.7175543308258057
9084928,1305.8509052758716,6.0,66.12964,500.0,132.70332,-1.0,0.744751,1.0,0.6099031,0.6039232,-0.0068648923,0.003941197,-0.008835491,-1.753526,0.16430664,0.83569336,0.09094238,0.7176060676574707
9093120,1297.116565233342,6.0,66.36182,500.0,133.12982,-1.0,0.744751,1.0,0.6095027,0.60426486,-0.0023439967,0.0041363374,-0.004412165,-1.7562094,0.16455078,0.8354492,0.09069824,0.7176622152328491
9101312,1274.3935325296804,6.0,66.706055,500.0,133.60495,-1.0,0.7453613,1.0,0.60825455,0.6040981,-0.0045784134,0.003307696,-0.0062322617,-1.7540435,0.16455078,0.8354492,0.09008789,0.7177730202674866
9109504,1288.6648673227655,6.0,66.76526,500.0,133.61288,-1.0,0.7451172,1.0,0.60835296,0.60334504,-0.0046074567,0.0040794034,-0.0066471584,-1.7499361,0.16479492,0.8352051,0.09008789,0.7180069088935852
9117696,1286.117141908536,6.0,66.90527,500.0,133.90607,-1.0,0.74609375,1.0,0.6067527,0.6039029,-0.0041822987,0.003197192,-0.0057808943,-1.7483504,0.16455078,0.8354492,0.08935547,0.7180247902870178
9125888,1269.461531697543,6.0,67.14441,500.0,134.25177,-1.0,0.7438965,1.0,0.60904384,0.6025123,-0.0018751475,0.0052550985,-0.004502697,-1.7533377,0.16589355,0.83410645,0.09020996,0.7182435393333435
9134080,1265.1316053600308,6.0,66.96753,500.0,133.9818,-1.0,0.74365234,1.0,0.6095422,0.6026466,-0.0012253479,0.0056835273,-0.0040671118,-1.758671,0.16589355,0.83410645,0.0904541,0.7184379696846008
9142272,1278.195696524866,6.0,67.02478,500.0,134.08,-1.0,0.7437744,1.0,0.60949343,0.60225487,-0.0036801905,0.0049407417,-0.006150561,-1.76543,0.16577148,0.8342285,0.0904541,0.7186501622200012
9150464,1283.7394542018353,6.0,67.277466,500.0,134.46495,-1.0,0.7438965,1.0,0.6088433,0.60228,-0.0023226254,0.0039297864,-0.0042875186,-1.7724108,0.16601562,0.8339844,0.09008789,0.7186295390129089
9158656,1248.6988999155124,6.0,67.36499,500.0,134.71645,-1.0,0.74450684,1.0,0.6077957,0.6031703,-0.004428585,0.00343848,-0.006147825,-1.7730486,0.16589355,0.83410645,0.08959961,0.7185861468315125
9166848,1274.737870494847,6.0,67.69263,500.0,134.97888,-1.0,0.7437744,1.0,0.6084912,0.60224915,-0.005247773,0.0032905107,-0.0068930285,-1.7749354,0.16638184,0.83361816,0.08984375,0.7187045812606812
9175040,1293.1622384869013,6.0,67.671265,500.0,135.04688,-1.0,0.74316406,1.0,0.6093367,0.6019651,-0.0015017973,0.0064545465,-0.0047290702,-1.7724135,0.16662598,0.833374,0.09020996,0.7193275690078735
9183232,1275.0401883036436,6.0,67.47046,500.0,134.80591,-1.0,0.74243164,1.0,0.6104288,0.6017474,-0.0059917876,0.0057070293,-0.008845301,-1.7751331,0.16687012,0.8331299,0.09069824,0.719482958316803
9191424,1303.2164532709332,6.0,67.14734,500.0,134.49149,-1.0,0.7442627,1.0,0.608496,0.6038053,-0.0037767633,0.0044632507,-0.0060083885,-1.7800056,0.16577148,0.8342285,0.08996582,0.7194961309432983
9199616,1292.382926949906,6.0,67.18591,500.0,134.55855,-1.0,0.7438965,1.0,0.6088433,0.60399747,-0.0045684143,0.005765298,-0.0074510635,-1.7827593,0.16601562,0.8339844,0.09008789,0.7197646498680115
9207808,1299.3689113788485,6.0,67.35669,500.0,134.75072,-1.0,0.7434082,1.0,0.60923916,0.60353744,-0.0060715396,0.0041474057,-0.008145243,-1.7879076,0.16638184,0.83361816,0.09020996,0.7198960185050964
9216000,1284.714269032957,6.0,67.2677,500.0,134.64716,-1.0,0.74279785,1.0,0.6100833,0.60306764,-0.0038751103,0.003554875,-0.005652548,-1.7944856,0.16662598,0.833374,0.09057617,0.7199329137802124
9224192,1296.0377782046805,6.0,67.37146,500.0,134.85948,-1.0,0.74157715,1.0,0.6113668,0.6027142,-0.0045206016,0.0037492318,-0.006395217,-1.797971,0.1673584,0.8326416,0.09106445,0.7202543616294861
9232384,1278.9656040500786,6.0,67.09656,500.0,134.5743,-1.0,0.7416992,1.0,0.61151814,0.60383356,-0.004094771,0.0061656768,-0.007177609,-1.7996267,0.16711426,0.83288574,0.09118652,0.7204534411430359
9240576,1279.2354956449817,6.0,66.96619,500.0,134.47008,-1.0,0.7435303,1.0,0.6093908,0.6059432,-0.006238723,0.004607255,-0.0085423505,-1.8060205,0.1661377,0.8338623,0.09033203,0.7205652594566345
9248768,1278.2246547530212,6.0,66.667114,500.0,134.0821,-1.0,0.7441406,1.0,0.608946,0.6061557,-0.0037978806,0.0068459976,-0.007220879,-1.8087478,0.16564941,0.8343506,0.09020996,0.7208304405212402
9256960,1294.7177813281885,6.0,66.697876,500.0,134.02533,-1.0,0.744751,1.0,0.6082998,0.6059941,-0.0033820225,0.004403482,-0.005583764,-1.8055625,0.1652832,0.8347168,0.08996582,0.7211359739303589
9265152,1281.3809113141538,6.0,66.50354,500.0,133.73428,-1.0,0.74316406,1.0,0.61053747,0.604944,-0.004604019,0.005632522,-0.0074202805,-1.8079746,0.16589355,0.83410645,0.09094238,0.72148597240448
9273344,1291.3364072334782,6.0,65.84082,500.0,132.84648,-1.0,0.7446289,1.0,0.60955155,0.60629624,-0.006696362,0.007328251,-0.010360488,-1.8116031,0.16467285,0.83532715,0.09069824,0.721663773059845
9281536,1271.8641579510363,6.0,65.96155,500.0,132.97067,-1.0,0.74279785,1.0,0.6116819,0.60440403,-0.0025306006,0.005024189,-0.005042695,-1.8059769,0.16564941,0.8343506,0.091552734,0.7220975160598755
9289728,1270.6225202102075,6.0,66.32068,500.0,133.62888,-1.0,0.74194336,1.0,0.61202025,0.6035515,-0.0050938865,0.0044382177,-0.0073129963,-1.8057296,0.1665039,0.8334961,0.091552734,0.7224030494689941
9297920,1251.2056371394453,6.0,66.137085,500.0,133.37827,-1.0,0.74316406,1.0,0.61093724,0.60474867,-0.0036970482,0.0047459644,-0.006070031,-1.8120219,0.16564941,0.8343506,0.09118652,0.7224791646003723
9306112,1273.5249808311905,6.0,65.96838,500.0,133.12083,-1.0,0.7438965,1.0,0.61004514,0.60542476,-0.0040118312,0.00547234,-0.006748001,-1.8095045,0.1652832,0.8347168,0.09082031,0.7226809859275818
9314304,1289.7222604754322,6.0,65.78308,500.0,132.94377,-1.0,0.744751,1.0,0.60910195,0.6063426,-0.004025964,0.007392815,-0.0077223713,-1.8073514,0.16479492,0.8352051,0.0904541,0.7230208516120911
9322496,1286.4467003776176,6.0,65.58667,500.0,132.74585,-1.0,0.7459717,1.0,0.60780716,0.60723025,-0.006510649,0.0051843566,-0.009102827,-1.8176818,0.1640625,0.8359375,0.08996582,0.7230833768844604
9330688,1302.3737370318352,6.0,65.39746,500.0,132.50618,-1.0,0.7451172,1.0,0.60895467,0.6067703,-0.0034203874,0.0064042597,-0.0066225175,-1.8251762,0.16442871,0.8355713,0.0904541,0.7233161330223083
9338880,1289.6537627868024,6.0,65.31726,500.0,132.56665,-1.0,0.74365234,1.0,0.6105427,0.6065429,0.0001594341,0.006058046,-0.0028695886,-1.8205467,0.1652832,0.8347168,0.09106445,0.7235563397407532
9347072,1287.2265346013135,6.0,64.86841,500.0,132.04207,-1.0,0.744751,1.0,0.6099031,0.6078899,-0.0032101618,0.0065466305,-0.0064834766,-1.8153819,0.16430664,0.83569336,0.09094238,0.7238292098045349
9355264,1289.4520878212124,6.0,64.79761,500.0,131.94373,-1.0,0.74365234,1.0,0.6113419,0.60738444,-0.0035171332,0.007938925,-0.007486596,-1.8132358,0.16479492,0.8352051,0.091552734,0.724273681640625
9363456,1289.7850523810248,6.0,64.05383,500.0,130.83575,-1.0,0.74328613,1.0,0.61308277,0.60703236,-0.0022617392,0.0069776075,-0.005750543,-1.8120079,0.16418457,0.8358154,0.0925293,0.7245108485221863
9371648,1269.8063533522516,6.0,64.01636,500.0,130.79666,-1.0,0.74365234,1.0,0.6127381,0.60728115,-0.004165865,0.004618171,-0.0064749504,-1.8046756,0.16394043,0.8360596,0.09240723,0.7247763276100159
9379840,1271.866229451301,6.0,64.283325,500.0,131.13641,-1.0,0.7442627,1.0,0.6116973,0.6075241,-0.002819888,0.0042226883,-0.004931232,-1.805631,0.16381836,0.83618164,0.091918945,0.7249573469161987
9388032,1297.0072789236901,6.0,64.31775,500.0,131.10098,-1.0,0.74438477,1.0,0.6116485,0.6083983,-0.0025329082,0.005946323,-0.0055060694,-1.8104125,0.16369629,0.8363037,0.091918945,0.7252842783927917
9396224,1255.6867995066239,6.0,64.66638,500.0,131.57396,-1.0,0.7437744,1.0,0.6118921,0.6074643,-0.0039312905,0.0056059607,-0.006734271,-1.8134526,0.16430664,0.83569336,0.091918945,0.7255125641822815
9404416,1258.9924059022424,6.0,64.769165,500.0,131.70868,-1.0,0.74072266,1.0,0.61548364,0.6052779,-0.0022008312,0.0068784244,-0.005640044,-1.8148396,0.16589355,0.83410645,0.09338379,0.7259182929992676
9412608,1300.2220107390226,6.0,64.43286,500.0,131.32089,-1.0,0.74121094,1.0,0.6152925,0.60608953,-0.0047725216,0.0051178834,-0.007331463,-1.8062482,0.16540527,0.8345947,0.09338379,0.7259944081306458
9420800,1288.4985318279935,6.0,64.46802,500.0,131.1722,-1.0,0.74243164,1.0,0.6140178,0.606828,-0.005216369,0.0066075893,-0.008520164,-1.8023322,0.16467285,0.83532715,0.09289551,0.7262352108955383
9428992,1277.3964635701116,6.0,64.591064,500.0,131.40681,-1.0,0.74279785,1.0,0.6132763,0.6069721,-0.004322431,0.0040967716,-0.0063708164,-1.799977,0.16467285,0.83532715,0.0925293,0.7263906002044678
9437184,1276.9224999880148,6.0,64.37683,500.0,131.28502,-1.0,0.74279785,1.0,0.6130772,0.6076039,-0.006759985,0.004248506,-0.008884238,-1.8040444,0.16479492,0.8352051,0.09240723,0.7264459729194641
9445376,1289.0895993500778,6.0,64.17798,500.0,131.0153,-1.0,0.7438965,1.0,0.61204284,0.6085081,-0.005088738,0.0061955685,-0.008186523,-1.8114697,0.1640625,0.8359375,0.092041016,0.726641833782196
9453568,1289.9709948789339,6.0,64.12488,500.0,130.77118,-1.0,0.74365234,1.0,0.6125388,0.6077091,-0.0037827159,0.0044201603,-0.0059927963,-1.8141545,0.1640625,0.8359375,0.092285156,0.7270736694335938
9461760,1256.0670168766098,6.0,64.2113,500.0,130.84117,-1.0,0.7468262,1.0,0.6086652,0.6103403,-0.004961213,0.003924197,-0.0069233114,-1.8196009,0.16247559,0.8375244,0.09069824,0.7270791530609131
9469952,1251.6663980566238,6.0,64.21094,500.0,130.82097,-1.0,0.74560547,1.0,0.6101599,0.6092792,-0.0048962133,0.0052385423,-0.0075154845,-1.8216946,0.16308594,0.83691406,0.091308594,0.7273718118667603
9478144,1282.2856254015103,6.0,63.881226,500.0,130.2495,-1.0,0.7479248,1.0,0.6080178,0.6112133,-0.0022044526,0.0052807485,-0.0048448266,-1.8210387,0.16149902,0.838501,0.09057617,0.7274953722953796
9486336,1278.0308165481404,6.0,63.59851,500.0,129.78337,-1.0,0.74890137,1.0,0.60741776,0.6123589,-0.003673077,0.0058045,-0.0065753274,-1.8184776,0.16064453,0.83935547,0.0904541,0.7277387976646423
9494528,1285.776878142899,6.0,62.92798,500.0,129.03358,-1.0,0.74890137,1.0,0.60802037,0.6131693,-0.0036732787,0.0048846193,-0.0061155874,-1.8197272,0.16027832,0.8397217,0.09082031,0.7278131246566772
9502720,1262.7952106914142,6.0,62.6958,500.0,128.76503,-1.0,0.7508545,1.0,0.6060098,0.61481375,-0.006049891,0.0047301026,-0.008414942,-1.8261267,0.15905762,0.8409424,0.09008789,0.7279040217399597
9510912,1311.1743574471684,6.0,62.504272,500.0,128.59862,-1.0,0.7508545,1.0,0.60641253,0.614936,-0.0010978049,0.0063989344,-0.0042972723,-1.831536,0.15881348,0.8411865,0.09033203,0.7281482219696045
9519104,1291.6206736815436,6.0,62.259644,500.0,128.1598,-1.0,0.7492676,1.0,0.60887355,0.61382985,-0.006170768,0.0046325903,-0.0084870625,-1.8390292,0.15930176,0.84069824,0.091430664,0.7282770276069641
9527296,1285.3826957964934,6.0,61.71924,500.0,127.61348,-1.0,0.74975586,1.0,0.6088739,0.6153921,-0.00310054,0.0060953223,-0.0061482014,-1.8487675,0.1586914,0.8413086,0.091552734,0.7284708023071289
9535488,1260.6698988150604,6.0,61.41736,500.0,127.237335,-1.0,0.7501221,1.0,0.6089241,0.6157179,-0.004925251,0.0043370184,-0.0070937597,-1.8471437,0.15820312,0.8417969,0.091674805,0.7286053895950317
9543680,1246.98565843068,6.0,61.381348,500.0,127.36987,-1.0,0.75024414,1.0,0.6086734,0.6159985,-0.0032600535,0.00623034,-0.0063752234,-1.8384383,0.15820312,0.8417969,0.091552734,0.7289360165596008
9551872,1283.3763830951002,6.0,60.874023,500.0,126.445915,-1.0,0.75146484,1.0,0.6081701,0.61679626,-0.0024302355,0.0067860703,-0.005823271,-1.8358189,0.15698242,0.8430176,0.091552734,0.7291762232780457
9560064,1279.9164921885572,6.0,60.940796,500.0,126.649796,-1.0,0.75146484,1.0,0.60796934,0.6169132,-0.003038589,0.005064841,-0.005571009,-1.8339975,0.15710449,0.8428955,0.091430664,0.7294546961784363
9568256,1274.4320089611501,6.0,60.95581,500.0,126.53107,-1.0,0.7525635,1.0,0.60691077,0.6172738,-0.0030072099,0.005535186,-0.005774803,-1.8269835,0.15637207,0.8436279,0.09106445,0.7297374606132507
9576448,1264.7108736296132,6.0,60.940308,500.0,126.513535,-1.0,0.7532959,1.0,0.60600144,0.6176678,-0.0022869774,0.0038947812,-0.004234368,-1.828721,0.15600586,0.84399414,0.09069824,0.7298374772071838
9584640,1246.7346304769794,6.0,60.412354,500.0,125.688354,-1.0,0.75354004,1.0,0.60650337,0.6177731,-0.0054359334,0.005723132,-0.008297499,-1.8303874,0.15539551,0.8446045,0.09106445,0.730072557926178
9592832,1267.7721766533696,6.0,60.52307,500.0,125.78617,-1.0,0.75097656,1.0,0.6095745,0.615775,-0.0026701745,0.0061908336,-0.0057655917,-1.826679,0.15673828,0.8432617,0.092285156,0.7305564880371094
9601024,1259.2406416195101,6.0,60.148315,500.0,125.36104,-1.0,0.7503662,1.0,0.6108255,0.6162411,-0.005777879,0.005934143,-0.00874495,-1.8270206,0.15673828,0.8432617,0.09289551,0.7309586405754089
9609216,1269.2114538266703,6.0,60.13806,500.0,125.25142,-1.0,0.75097656,1.0,0.610375,0.6169687,-0.0028822524,0.0036691865,-0.004716845,-1.8233787,0.15625,0.84375,0.09277344,0.7309039235115051
9617408,1313.2936937304694,6.0,59.983643,500.0,125.066826,-1.0,0.751709,1.0,0.60967296,0.6174311,-0.0069172606,0.0043915417,-0.009113031,-1.8236299,0.15576172,0.8442383,0.0925293,0.7310812473297119
9625600,1263.0481520189276,6.0,59.746216,500.0,124.58443,-1.0,0.7524414,1.0,0.60937005,0.6176429,-0.0046543377,0.0063352445,-0.007821959,-1.8266023,0.1550293,0.8449707,0.0925293,0.7312633395195007
9633792,1267.6168491911096,6.0,59.34973,500.0,124.12543,-1.0,0.7512207,1.0,0.61107415,0.61770403,-0.0017245151,0.0060964883,-0.00477276,-1.8217387,0.15551758,0.8444824,0.09326172,0.7315396666526794
9641984,1281.6981020689325,6.0,58.988525,500.0,123.5289,-1.0,0.75109863,1.0,0.6119228,0.61743987,-0.0049767164,0.0050885617,-0.007520998,-1.812774,0.15515137,0.84484863,0.09375,0.7316577434539795
9650176,1293.3218938968857,6.0,58.39734,500.0,122.582855,-1.0,0.7537842,1.0,0.6094133,0.61989665,-0.0040355604,0.0062444024,-0.007157761,-1.8162682,0.15332031,0.8466797,0.09289551,0.7317856550216675
9658368,1266.284637230091,6.0,58.535767,500.0,122.824745,-1.0,0.7561035,1.0,0.60623133,0.62180156,-0.005669481,0.0035479025,-0.0074434327,-1.8214831,0.15234375,0.84765625,0.091552734,0.7317511439323425
9666560,1271.4686250886352,6.0,58.69763,500.0,123.0503,-1.0,0.75561523,1.0,0.6066386,0.62123555,-0.0037472052,0.0038815185,-0.005687965,-1.8283572,0.15270996,0.84729004,0.091674805,0.7317811250686646
9674752,1275.257684664453,6.0,58.80652,500.0,123.15993,-1.0,0.7558594,1.0,0.6061331,0.62116057,-0.0024006723,0.0039383485,-0.0043698465,-1.8373456,0.15270996,0.84729004,0.091430664,0.7318111062049866
9682944,1291.0924825304764,6.0,58.672363,500.0,123.09545,-1.0,0.756958,1.0,0.60486144,0.6221203,-0.0010950544,0.004282334,-0.0032362207,-1.8427713,0.15209961,0.8479004,0.09094238,0.7319234013557434
9691136,1311.6490079929888,6.0,58.987427,500.0,123.61465,-1.0,0.7565918,1.0,0.60481507,0.6216913,-0.0054758517,0.0043355795,-0.0076436414,-1.8527279,0.15258789,0.8474121,0.09082031,0.7320418357849121
9699328,1286.8426441626784,6.0,58.799927,500.0,123.19908,-1.0,0.7576904,1.0,0.6039437,0.62250286,-0.0018770475,0.0038167203,-0.0037854076,-1.8564233,0.1517334,0.8482666,0.09057617,0.7320001721382141
9707520,1281.2202727133167,6.0,58.80481,500.0,123.05816,-1.0,0.7591553,1.0,0.6023041,0.62268186,-0.0028674537,0.006130946,-0.005932926,-1.8559579,0.1508789,0.8491211,0.08996582,0.7322047352790833
9715712,1251.4109754531464,6.0,58.69983,500.0,122.88016,-1.0,0.7591553,1.0,0.60250676,0.6222874,-0.003210579,0.0052846055,-0.005852882,-1.8551848,0.15075684,0.84924316,0.09008789,0.7322692275047302
9723904,1287.1198727165108,6.0,58.79712,500.0,123.09638,-1.0,0.7585449,1.0,0.6029714,0.6221138,-0.002713245,0.006091555,-0.0057590227,-1.8554493,0.15124512,0.8487549,0.09020996,0.7326192259788513
9732096,1288.0520257021567,6.0,58.653564,500.0,123.01319,-1.0,0.75964355,1.0,0.6016881,0.62410617,-0.004407701,0.006047635,-0.0074315183,-1.8546034,0.15063477,0.84936523,0.08972168,0.7327476143836975
9740288,1309.18789298321,6.0,58.431274,500.0,122.62756,-1.0,0.7609863,1.0,0.60029405,0.62511814,-0.0017596266,0.0052336603,-0.004376456,-1.8606687,0.14978027,0.8502197,0.0892334,0.732864260673523
9748480,1261.5472145534018,6.0,58.5968,500.0,122.759125,-1.0,0.7609863,1.0,0.60029405,0.62451303,-0.0023303065,0.0051702363,-0.0049154256,-1.8759534,0.14978027,0.8502197,0.0892334,0.7331010103225708
9756672,1256.6004342984606,6.0,59.151367,500.0,123.746506,-1.0,0.7595215,1.0,0.60113186,0.62373644,-0.0030489413,0.00450841,-0.0053031463,-1.8838967,0.15112305,0.84887695,0.08935547,0.7333955764770508
9764864,1254.5590705384495,6.0,59.40857,500.0,124.19105,-1.0,0.75927734,1.0,0.6010341,0.62389445,-0.0013831065,0.0044723502,-0.0036192823,-1.8820065,0.15148926,0.84851074,0.0892334,0.733686089515686
9773056,1308.1543818194395,6.0,59.348022,500.0,124.0317,-1.0,0.76208496,1.0,0.5975723,0.6258426,-0.0054382496,0.0047461065,-0.007811303,-1.8847336,0.15002441,0.8499756,0.087890625,0.733715832233429
9781248,1294.524761610282,6.0,59.092896,500.0,123.60837,-1.0,0.76135254,1.0,0.598913,0.62529975,-0.0033701034,0.0053863977,-0.0060633025,-1.8915665,0.15014648,0.8498535,0.08850098,0.733948290348053
9789440,1295.685844924078,6.0,59.544434,500.0,124.288826,-1.0,0.7606201,1.0,0.59923214,0.6244748,-0.005984449,0.004569103,-0.008269001,-1.8947961,0.1508789,0.8491211,0.08850098,0.7340828776359558
9797632,1295.0636729913697,6.0,59.65564,500.0,124.38778,-1.0,0.76086426,1.0,0.5987183,0.62436116,-0.004209317,0.0052700643,-0.00684435,-1.8999798,0.1508789,0.8491211,0.088256836,0.7341737747192383
9805824,1247.2519091611823,6.0,59.954834,500.0,125.06324,-1.0,0.76220703,1.0,0.5962917,0.6258813,-0.0046029645,0.004834674,-0.007020301,-1.9051117,0.15063477,0.84936523,0.0871582,0.73428875207901
9814016,1269.314042765348,6.0,59.928955,500.0,125.120056,-1.0,0.7618408,1.0,0.59686184,0.62623334,-0.0042222403,0.0062520467,-0.007348264,-1.9147233,0.15075684,0.84924316,0.087402344,0.7344852089881897
9822208,1281.1636144525753,6.0,60.07263,500.0,125.31719,-1.0,0.7619629,1.0,0.5966037,0.6266701,-0.0054755844,0.0056201136,-0.008285642,-1.9257851,0.15075684,0.84924316,0.08728027,0.7346320152282715
9830400,1275.748459696512,6.0,59.944946,500.0,125.035675,-1.0,0.76208496,1.0,0.59675467,0.6264577,-0.0045071593,0.0068153273,-0.007914823,-1.9274876,0.1505127,0.8494873,0.087402344,0.734873354434967
9838592,1296.4796636975573,6.0,59.276245,500.0,124.11157,-1.0,0.76416016,1.0,0.59501886,0.62828314,-0.00093148416,0.0072792443,-0.0045711063,-1.9266275,0.14892578,0.8510742,0.08691406,0.7351349592208862
9846784,1283.114755958192,6.0,59.43274,500.0,124.38562,-1.0,0.7657471,1.0,0.5926664,0.6296394,-0.0048196535,0.0038701987,-0.0067547522,-1.9335964,0.14831543,0.8516846,0.0859375,0.7351718544960022
9854976,1266.522358491957,6.0,59.80249,500.0,124.93161,-1.0,0.76538086,1.0,0.5926245,0.62926215,-0.0031602816,0.0062346924,-0.006277628,-1.9374838,0.14880371,0.8511963,0.08581543,0.7353683114051819
9863168,1251.043455667576,6.0,59.346436,500.0,124.240486,-1.0,0.76708984,1.0,0.59103066,0.63120556,-0.0068903677,0.004720893,-0.009250814,-1.9343044,0.14758301,0.852417,0.08532715,0.7354704141616821
9871360,1248.5009378544478,6.0,59.056885,500.0,123.929504,-1.0,0.767334,1.0,0.5911268,0.63141656,-0.0050528897,0.005566477,-0.007836128,-1.9356084,0.1472168,0.8527832,0.08544922,0.7357448935508728
9879552,1269.5789376876232,6.0,58.911377,500.0,123.82039,-1.0,0.7680664,1.0,0.5903817,0.63233614,-0.0044559985,0.005565003,-0.0072385,-1.9397707,0.14672852,0.8532715,0.08520508,0.7359843850135803
9887744,1249.160132205484,6.0,58.748047,500.0,123.53011,-1.0,0.7675781,1.0,0.5912229,0.63248825,-0.0038946215,0.00577701,-0.006783127,-1.9405549,0.14685059,0.8531494,0.08557129,0.7364267110824585
9895936,1272.1896545608531,6.0,58.65808,500.0,123.493744,-1.0,0.76745605,1.0,0.59148455,0.6325034,-0.0038592364,0.0063031022,-0.0070107877,-1.9387798,0.14685059,0.8531494,0.08569336,0.7366368174552917
9904128,1294.5957775887111,6.0,58.877075,500.0,123.81726,-1.0,0.76708984,1.0,0.59164995,0.63232374,-0.0014025215,0.005437049,-0.0041210465,-1.9476765,0.1472168,0.8527832,0.08569336,0.7367764115333557
9912320,1292.3450602630055,6.0,58.366455,500.0,122.96912,-1.0,0.76745605,1.0,0.59210336,0.63282907,-0.0036745085,0.0048862863,-0.006117652,-1.9582691,0.14648438,0.8535156,0.08605957,0.7370336651802063
9920512,1288.2664008228471,6.0,58.142334,500.0,122.58213,-1.0,0.7677002,1.0,0.5921992,0.6331637,-0.0024020409,0.006106693,-0.0054553873,-1.957793,0.14611816,0.85388184,0.08618164,0.7372092008590698
9928704,1282.165092102956,6.0,58.039917,500.0,122.559105,-1.0,0.7684326,1.0,0.5912485,0.6340624,-0.0029520204,0.005603151,-0.0057535963,-1.9560355,0.14575195,0.85424805,0.08581543,0.7374075055122375
9936896,1259.1686524132283,6.0,57.8396,500.0,122.32094,-1.0,0.7669678,1.0,0.5933533,0.63306487,-0.005293493,0.0049674176,-0.007777202,-1.9514409,0.1463623,0.8536377,0.08666992,0.7376652956008911
9945088,1278.443143840646,6.0,57.417236,500.0,121.87596,-1.0,0.7680664,1.0,0.5922396,0.6341897,-0.0032401504,0.007312662,-0.006896482,-1.9514823,0.14562988,0.8543701,0.08630371,0.7378892302513123
9953280,1290.6753505688387,6.0,57.571045,500.0,122.19053,-1.0,0.76586914,1.0,0.5946679,0.6323712,-0.0016547726,0.006211772,-0.004760659,-1.9599706,0.14697266,0.85302734,0.0871582,0.7382066249847412
9961472,1268.3630586224815,6.0,57.722534,500.0,122.45356,-1.0,0.76623535,1.0,0.5936823,0.63262457,-0.004071349,0.005552305,-0.0068475017,-1.9655488,0.14709473,0.8529053,0.08666992,0.7383333444595337
9969664,1293.318388842748,6.0,57.77356,500.0,122.451225,-1.0,0.763916,1.0,0.5967659,0.6308296,-0.005294527,0.006691758,-0.008640406,-1.9636416,0.14819336,0.85180664,0.087890625,0.7386354804039001
9977856,1278.1476734559294,6.0,57.58313,500.0,122.182106,-1.0,0.7636719,1.0,0.5970783,0.63090277,-0.004623429,0.0055070915,-0.007376975,-1.9621775,0.14831543,0.8516846,0.088012695,0.7389152646064758
9986048,1284.0756650710523,6.0,58.105225,500.0,122.95542,-1.0,0.7628174,1.0,0.5972506,0.630155,-0.0035433094,0.004131179,-0.005608899,-1.9610444,0.14929199,0.850708,0.087890625,0.7391147017478943
9994240,1295.456343354345,6.0,57.940186,500.0,122.74827,-1.0,0.76049805,1.0,0.60030276,0.6288561,-0.004516199,0.0074706227,-0.008251511,-1.9604125,0.15039062,0.8496094,0.08911133,0.7394896745681763
